Name,SMILES,outer_fold,max_similarity_to_train,min_euclidean_distance_to_train,max_cosine_similarity_to_train
4851238,OC(=O)c1csc(n1)Cc1ccc(cc1)Cl,1,0.32142857142857145,2.842848747295624,0.9981550396618009
177360703,CN1C(=O)C=C(N(C)C1=O)C(=O)N1CCN(CCc2ccccc2)C(=O)C1,1,0.3333333333333333,1.4221835324596968,0.9989483114476394
207489,Fc1cccc(c1)-c1c[nH]nc1C1CCCN(C1)C(=O)CCc1ccc(cc1)Cl,1,0.6376811594202898,2.0533830621687024,0.9990697617122832
31908762,NC(=O)c1cccc(c1)CN1C=Nc2c(oc3ccccc23)C1=O,1,0.3157894736842105,1.7489442529709185,0.999287664713741
29371307,Nc1ncnc2n(nc(c12)-c1cnc2[nH]ccc2c1)C1CCCC1,1,0.463768115942029,3.85753107570077,0.999428995250418
48597409,CN(C)c1ncn(n1)-c1cccc(c1)N,1,0.29411764705882354,1.6439467752942267,0.9992120939235967
44000683,CCc1c([n+](c2c([n+]1[O-])CCCCC2)[O-])-c1ccccc1,1,0.2222222222222222,1.9846710054818935,0.9987232099870906
37544502,Cn1nc(cc1N)-c1cc(cc(c1)F)F,1,0.3023255813953488,1.4211136478130102,0.9993482717089331
45491581,Cc1cccc(c1C)Oc1ncccc1N,1,0.4772727272727273,0.8518609041388239,0.9991933136891694
LN01297365,CCN(C1CCOCC1)c1cc(cc(c1C)C(=O)NCc1c(cc(nc1O)C)C)-c1ccc(cc1)CN1CCOCC1,1,0.32407407407407407,6.796260442331597,0.9981862371250709
23671374,Cc1ccc(s1)C(=O)Nc1ncccc1C,1,0.41818181818181815,0.9952351480928178,0.9997141384361111
44466308,Cn1ncnc1COc1nn2c(nnc2cc1C1CCC1)-c1c(cccc1F)F,1,0.5068493150684932,0.39168609880740557,0.9999365330215235
36342874,Cc1nc(c2c(c(sc2n1)C)C)N1CCc2c(ncn2C)C1,1,0.3472222222222222,3.007270689512204,0.9987092761102732
53766760,CC1=CC(=CN(Cc2ccc(cc2F)C#N)C1=O)Br,1,0.45614035087719296,0.6573560678961529,0.9992212106723165
49045390,CCc1cc(on1)CNC(=O)NC1CCN(CC1)CC1CCCCC1,1,0.453125,4.711538496075529,0.9982168310659026
31937832,CC(C)c1nc(cs1)CC(=O)N1CCCN(CC1)C(=O)C,1,0.30303030303030304,1.676625479944513,0.9995174443955757
29566339,O=C1CCCN1CCc1nc(cs1)-c1ccc(cc1)C#N,1,0.3380281690140845,1.8903298653938414,0.9980900634885647
49956374,CCc1cc(n(n1)C)NS(=O)(=O)C,1,0.30434782608695654,1.8265360658912144,0.9997887520985996
48750988,CN(C(=O)CSC(C)(C)C)c1ccccc1C#N,1,0.3617021276595745,1.836524162650628,0.999482205062008
32278227,CC(C)c1cc(c(c(c1)C(C)C)CC(=O)NS(=O)(=O)Oc1c(cccc1C(C)C)C(C)C)C(C)C,1,0.28125,6.069411009315683,0.9995391967048722
214735,Cc1cc(nc(n1)C1CCNCC1)NC1CCCC1,1,0.3541666666666667,1.7098637372606205,0.9985104653733183
30455849,COc1cccc(c1)OCCCn1cncc1-c1cc2c(cc1C)N(C)C(=O)N2C,1,0.5454545454545454,2.900674749088442,0.9986269647127451
177361051,COc1ccc(c(c1)CN1C=Nc2cn(nc2C1=O)C)OC,1,0.34285714285714286,1.2105783741670935,0.999458552135312
11835068,O=C(Nc1ccc2c(c1)OCCCO2)c1cnn(c1)Cc1ccccc1,1,0.421875,1.6163393826794596,0.9987545936123008
32423148,Clc1ccc(cn1)Cc1nc(n[nH]1)-c1ccccc1,1,0.4423076923076923,1.1498682533238347,0.9995481762430815
32136137,COc1ccc(c(c1)-c1cc(no1)C(=O)N1CCCN(CC1)C(=O)C)OC,1,0.4166666666666667,1.4888995936593428,0.9995350013684262
31409108,NCc1cccnc1OCc1ccccc1,1,0.3333333333333333,1.1821975300262662,0.999224326733815
49152821,COC(=O)c1ccc(cc1)NC(=O)N(C)Cc1ccccc1CN1CCCC1,1,0.5689655172413793,2.2511170560411715,0.9981680503157693
37153227,CCc1c(cc(c(c1CC(=O)N(CCOC)CCOC)C(=O)c1ccc(c(c1)OC)OCCN1CCOCC1)O)O,1,0.3163265306122449,3.373227089895077,0.9980320489136862
44855101,C/C=C/CC(=O)N1CCC(CC1)c1cc(n[nH]1)Cc1ccccc1,1,0.4264705882352941,2.0776674421092416,0.9990404036628728
344474,CC(C)N(C(C)C)C(=O)CN1C=CC=C2C=C(N=C12)c1ccco1,1,0.6181818181818182,2.3424369788744257,0.9982738028183948
24883078,COc1ccc(cc1)C1(CC1)NCc1ccc(cc1)N1CCCC1=O,1,0.4032258064516129,2.5548514633928123,0.9983188861675306
49953010,Cc1nc(c2c(csc2n1)C)NCCN1C(=O)CCC1=O,1,0.4423076923076923,2.062505030296394,0.9995574048282299
31611971,Cc1nc(c2ccsc2n1)N(CC=C)Cc1cccnc1,1,0.31666666666666665,2.6685393008158416,0.9987065648948902
299989682,CN1[C@@H]2CC[C@H]1C[C@@H](C2)OC(c1ccccc1)c1ccccc1 |r|,1,0.2653061224489796,1.4367699885506222,0.9990779219940362
134995,CCn1c(nc2cc(ccc12)NC(=O)C1=CN(CC(=O)N2CCCCC2)C(=O)C=C1)C,1,0.36,2.064508658252974,0.9986024232877928
31274390,Cc1ccccc1N1C=CNC(=O)C1=O,1,0.5555555555555556,0.7819814575807074,0.9992775712436234
177383138,Cc1nnc2ncc(cn12)-c1cccc(c1)-c1ccnn1C,1,0.5686274509803921,1.3263626954944487,0.9995127038052093
36264533,O=C(NCCc1cn2c(n1)CCCC2)c1ccccn1,1,0.5245901639344263,2.3909776243204153,0.9986214978260206
42942540,Cc1oc(c(c1C)C(=O)NCC#Cc1ccccc1)C,1,0.5208333333333334,2.1380079513413963,0.998814892309302
1933590,CC(C(O)c1ccc(cc1)O)N1CCC(CC1)Cc1ccccc1,1,0.32075471698113206,2.021558309818887,0.998689964629226
49934116,CCc1nc(c2ccsc2n1)N1CC(CO)C1,1,0.39285714285714285,2.068936200079637,0.9986976543599391
36308604,O=C(N1CCC(CC1)c1n[nH]c(n1)C1CC1)c1ccc2c(c1)OCO2,1,0.47368421052631576,2.1253903170946185,0.9989584332022012
53815321,CN(CCSc1ccc2nnc(n2n1)C(F)F)Cc1ccccc1,1,0.6,2.87715519219936,0.997185498274147
151085,COc1ccc(cc1)-c1cccc(n1)C1CCCN(C1)CC(=O)Nc1ccccn1,1,0.5063291139240507,2.479943144509617,0.9978439118871173
177394353,COCCN(C)C(=O)c1ccc(cc1)-c1cccc(c1)-c1noc(n1)C,1,0.375,2.2577364770937796,0.9980518320149487
23832549,CN1CCC(CC1)n1ncc2[nH]c(nc12)-c1ccc2ccccc2c1,1,0.5833333333333334,2.7662702326412814,0.9995393422351324
300449850,Fc1ccccc1CCNC(=O)CC1CCNCC1,1,0.3508771929824561,1.3193297540798745,0.9988670630898464
49008924,CN(CC1CCC1)C(=O)C1CCN(CC1)c1ccc2nncn2n1,1,0.546875,2.344064632214712,0.9979117383204589
44462124,CN(C)CC(=O)N1CCC(CC1)c1ccc(c(c1)C1=CCCCC1)NC(=O)c1nc(c[nH]1)C#N,1,0.25274725274725274,5.653148237929181,0.9963385553507363
602991,CCOc1ccc(cc1)-c1csc(n1)N,1,0.4090909090909091,0.9477235883950672,0.9990252185969398
36944203,Cc1cc(ccc1NC(=O)c1c(oc(c1C)C)C)Oc1ncccn1,1,0.4107142857142857,2.0464554722742103,0.9992858646142266
49644632,O=C(NCCN1CCC(CC1)c1ccccc1)c1ccc2ncsc2c1,1,0.4426229508196721,3.0796923547652546,0.9980024765905001
44554243,CN(C(=O)c1cc2ccc(cc2[nH]1)C(C)(C)C)C1(CCC1)C#N,1,0.5660377358490566,1.4810627940773073,0.9990519030351713
226909,Cc1cc(nc(n1)CC1CCNCC1)-c1nccs1,1,0.38333333333333336,1.9999659997107968,0.9990409893208532
29689751,O=C(NCc1cccnc1)c1sccc1-c1ccccc1,1,0.4909090909090909,1.5549398702200914,0.9995973385697992
49962786,CN(C)C(=O)c1ccnc(c1)NCc1cccc(c1)C#N,1,0.5172413793103449,1.8602505207630058,0.9992795537178606
73014952,CCN(CC)C(=O)CSCc1cncc(c1)F,1,0.288135593220339,2.273707764863493,0.9988365374515709
145071,COc1ccccc1CNC(=O)c1cnc(nc1C)C1CCN(CC1)C(=O)C(C)(C)C,1,0.41333333333333333,2.3196333762045938,0.9992376232255537
36987396,NC(=O)c1cnc(c(c1)Cl)N1CCc2[nH]nc(c2C1)C(F)(F)F,1,0.24691358024691357,3.3013203419240136,0.9991776023637579
45636709,O=C(Nc1ccc2ccccc2n1)c1ccc(cc1)N1CCOC1=O,1,0.5517241379310345,1.3188032453706722,0.9993166306657519
31348551,O=C1Nc2ccccc2N1C1CCN(CC1)CCc1ccccn1,1,0.6296296296296297,2.2422867791609913,0.9989857437325226
24873612,COc1ccc(cc1)-c1ccc(cc1)CN(CCN1CCOCC1)Cc1cccnc1,1,0.6333333333333333,2.717657079176784,0.9987394269002874
46034633,Cc1nc(c(c(n1)NCc1cc(no1)-c1ccc(cc1)F)C)C,1,0.3508771929824561,1.4418484663788744,0.9996566658348341
201873,CCn1ncc(c1C)CN1CCC(CC1)c1nc(ncc1-c1ccc(cc1)OC)N(C)C,1,0.33766233766233766,3.839601541826722,0.9984891265333223
201887,CCn1cc(c(n1)C)CN1CCC(CC1)c1nc(ncc1-c1ccc(cc1)OC)N(C)C,1,0.3170731707317073,3.850158698027866,0.9982835206700955
315806,CN(C)CCCNc1c(c(nc2cc(nn12)-c1nccn1C)C)C,1,0.5967741935483871,5.602430722463144,0.9987606487931661
411164,COCCNc1c(c(nc2cc(nn12)-c1nccn1C)C)C,1,0.6166666666666667,4.998603805063902,0.9994171141558889
53784330,COc1cccc(c1NC(=O)N1CCC(CC1)N1CC=CC1)F,1,0.5263157894736842,2.13838069576071,0.9994170184116444
49944040,COc1cc(ccc1F)CCNC1CCC2(CC1)OCCO2,1,0.3382352941176471,2.17768914218736,0.9988234199855153
30765753,Fc1ccc(cc1)C1=NN(Cc2ccncc2)C(=O)C=C1,1,0.3392857142857143,1.6238494388337146,0.9986397527935482
29773508,Cc1ccc(cc1)C1=NN(Cc2ccncc2)C(=O)C=C1,1,0.3157894736842105,1.800470771770458,0.9988120579481307
68874464,CN(C1CCSCC1)C(=O)C1=CC(=C(C)N(C)C1=O)C,1,0.4,1.4269446380287303,0.9995653157553386
35747521,Cc1noc(c1CS(=O)(=O)Cc1cccc2c1OCCO2)C,1,0.30158730158730157,1.7327835987219646,0.998694808668629
89942016,Nc1ncc(c2ccc(nc12)-c1cccc(c1)F)C(=O)NC1CN(C1)C(=O)C1CC1,1,0.3142857142857143,3.4469190591014516,0.9990921755588364
25616683,CNc1nc(ncc1F)-c1cc(cc(c1)OC)OC,1,0.26229508196721313,1.5472262278027564,0.9994612393150987
19991792,Cc1nn(c(c1CCC(=O)NCC#C)C)C,1,0.5306122448979592,1.10231166191777,0.9994154031664237
31835550,CC(=O)Nc1cccc(c1)OCC(=O)N1CCCCC1,1,0.5192307692307693,1.8672324440196075,0.9987609399073872
538570,COc1ccc(cc1C(=O)NCCc1ccc(cc1)S(=O)(=O)NC(=O)NC1CCCCC1)Cl,1,0.5857142857142857,3.0382567370121754,0.9972019402215924
30000529,CN(Cc1nc(c2ccccc2n1)N)Cc1ccc(cc1F)F,1,0.44,1.3504343745625327,0.9982851079917793
43251079,Cc1cc(n2nccc2n1)C(=O)NCC1CC1,1,0.5490196078431373,1.2069018187074159,0.9995132255815161
177391578,COc1cc(cc(c1)-c1c(ncnc1OC)C)OC,1,0.5853658536585366,1.902064930542646,0.9960517970216411
42960950,Cc1ccc(cn1)CNC/C=C/c1ccccc1,1,0.38461538461538464,2.3487747869900213,0.9990488495998243
17464371,O=C(Nc1ccc(cc1)C(=O)NCCc1ccccc1)N1CCCCc2ccccc21,1,0.3835616438356164,1.833745074976342,0.998495961945226
49095542,CC(C)CCN1CCC(CC1)CNC(=O)C1CC=CC1,1,0.31666666666666665,2.294912852376098,0.9978395244096876
13397114,Cc1ccc(cc1)Cn1nc(c(c1Cl)C(=O)N)C,1,0.3333333333333333,1.6376186979880856,0.9984650016525793
177389272,CCCc1ncncc1C(=O)NCc1noc(n1)C1CC1,1,0.5079365079365079,2.007995766927648,0.9986792932757862
48306804,Cc1ccc(c(n1)CN1CCC(CC1)c1nc2ccccc2o1)O,1,0.4225352112676056,1.7169825275756028,0.999151371585479
11652485,O=C(Cc1csc(n1)-c1ccccn1)NC1CCCCCC1,1,0.39285714285714285,2.135349385932195,0.9993184959673478
177285754,CCC(C)(C)N1CCN(CC1)C(=O)Nc1cnn(c1C(F)F)CC(C)C,1,0.38235294117647056,2.9392504146467537,0.998391144170777
49128370,Fc1cccc(c1CN1CCN(CC1)Cc1ccon1)N1CCCC1,1,0.58,2.155419216765072,0.9984316552976625
2500471,Cc1ccc(cc1NS(=O)(=O)c1ccc(cc1)Cl)-c1nc2ccccc2[nH]1,1,0.3114754098360656,1.6925309450645145,0.9993928032868021
4498619,Clc1ccc(cc1)S(=O)(=O)Nc1cccc(c1)-c1nc2ccccc2[nH]1,1,0.3380281690140845,1.7652297300922297,0.9991963684499398
48224722,C1CN(CCO1)Cc1nc(c2c(csc2n1)-c1cccs1)N1CCc2[nH]ncc2C1,1,0.5633802816901409,4.07206814775961,0.9988460394759306
24958639,Cn1cnnc1CNc1ccccc1C#N,1,0.3269230769230769,1.7435776438120467,0.999133738686812
151187,COc1ccc(cc1)-c1cccc(n1)C1CCCN(C1)C(=O)C1CCCC1,1,0.5737704918032787,2.349537188468953,0.998330472522034
48825778,CN1CCC(CC1)NS(=O)(=O)C1CN(C1)C(=O)c1cccc(c1)Cl,1,0.38095238095238093,1.1176077129300845,0.999213909434674
177501206,CCCC1(CCC1)CNC(=O)CN1C=CC(=O)C=C1,1,0.6170212765957447,2.1167175059509007,0.9980540113307503
35762297,Cc1nnc(c(c1C)C#N)NCC(=O)N1CCc2sccc2C1,1,0.3972602739726027,2.0297201777582847,0.9993063069705485
181787,CNCc1cc(nc(n1)C1CCCN1C(=O)COC)N(C)C,1,0.6212121212121212,2.149365255139244,0.9995271349412151
181801,CNCc1cc(nc(n1)C1CCCN1C(=O)COc1ccc(cc1)F)N(C)C,1,0.5833333333333334,2.3653293639575157,0.9992464472415339
181837,CNCc1cc(nc(n1)C1CCCN1C(=O)C1CCCC1)N(C)C,1,0.7142857142857143,2.617381898004098,0.9990195181819688
43664822,Cc1nc(nc2ccccc12)CN1C(=O)CN(C2CCCC2)C1=O,1,0.3225806451612903,2.149384097828913,0.9994965260240206
318302594,O=C(NC[C@@H]1CCN(C1)c1ccccc1)N1CCc2ccccc2C1 |r|,1,0.38333333333333336,2.081141033183421,0.9991248430164047
18815715,Fc1ccc(cc1)CNC(=O)c1ccc(nc1)-n1ccnc1,1,0.6363636363636364,2.4652172318076806,0.9989528782901337
36275216,N#CCCCN1CCN(CC1)c1cc(ccn1)C#N,1,0.375,1.5023824413244506,0.9990325743709586
48337566,CN1CCCN(CC1)c1nc(nc2cc3c(cc12)OCO3)C(F)(F)F,1,0.29577464788732394,1.0931861689568974,0.9993194883195291
36997483,COc1ccc(cc1OC)CN1CCN(CC1)c1cc(nc(n1)N)C,1,0.38461538461538464,2.867748245575221,0.9942259571996254
48301846,CN(C)C1CN(C1)c1nc(nc2sc3c(c12)CCCC3)-c1cnccn1,1,0.4931506849315068,2.496843807689821,0.998931227281174
49938986,CN(C)c1ccncc1CN1CCN(CC1)c1ccc(cc1)C(=O)N,1,0.32,2.3528340357958673,0.9954788281538406
31923278,Cc1cc2ccccc2n1CC(=O)N1CCc2ccc(cc2C1)O,1,0.4,1.8873412516023047,0.998885122101211
1123117,O=C1Nc2cnccc2N1Cc1ccccc1,1,0.3888888888888889,2.7536782673363875,0.9993988237986885
393408,CNC(=O)C1(CCN(Cc2ccc(cc2)F)C1)Cc1ccc(cc1)-c1cccnc1,1,0.5588235294117647,1.356455675647932,0.9991590268392531
393410,CNC(=O)C1(CCN(Cc2ccccc2Cl)C1)Cc1ccc(cc1)-c1cccnc1,1,0.5352112676056338,1.619611373138781,0.9991187287839398
393424,CNC(=O)C1(CCN(Cc2cccc(c2)F)C1)Cc1ccc(cc1)-c1cccnc1,1,0.5942028985507246,1.5829282990702795,0.9989509014331874
222751297,FC(F)Oc1ccc(cc1)S(=O)(=O)NCc1n[nH]c2c1CCCCC2,1,0.2898550724637681,1.8760586344781993,0.9988205404641498
48880634,C1CCN(C1)CCOc1ccc(cc1)-c1[nH]c2ncnc(c2c1-c1ccccc1)NCC1SCCS1,1,0.33766233766233766,3.107974581620489,0.9982439772048888
48745068,CN(CCc1ccncc1)c1ncccc1C#N,1,0.38461538461538464,1.2306392647725624,0.9994413446192634
48229519,CC1=NC2=CC(=O)NN2C(=C1CC(=O)OC1CCCCC1)C,1,0.36923076923076925,2.352115855990076,0.9970497166031411
3572643,CC(=O)N1CCC(CC1)(C(=O)Nc1nccs1)c1ccccc1,1,0.38028169014084506,1.5769508552900335,0.9991690565412313
42964650,COCc1nc(c(s1)C)-c1cc(ccc1F)F,1,0.32142857142857145,1.922578476941924,0.9989097247073271
43366906,CCc1cc2c(cc1N1CCC(CC1)N1CCOCC1)C(C)(C)c1[nH]c3cc(ccc3c1C2=O)C#N,1,0.34523809523809523,4.757936842792347,0.9977216253123956
31619881,CC(C)c1cc(no1)CN(C)Cc1c[nH]nc1-c1ccc(cc1)F,1,0.4032258064516129,1.5384111934065405,0.9993227519188653
708404,Cc1nsc(c1C#N)Nc1ccccc1,1,0.3191489361702128,1.4074885434701032,0.9995601405331068
291159,COc1ccc(cc1)CNc1c(nc2cnccn12)-c1ccc(c(c1)OC)OC,1,0.3188405797101449,2.032144433841619,0.9990194611686538
35739191,CC(C)(C)NC(=O)c1cnc(s1)-c1ccc(s1)Cl,1,0.2857142857142857,2.260147119105294,0.9989242800097252
13509338,Cc1cc(c(c(c1)C)NC(=O)CN1N=NN(C1=O)c1cccs1)C,1,0.43333333333333335,1.6186760021692022,0.9988852658450181
232851609,COc1ccc(cc1)OCc1n[nH]c(n1)-c1ncoc1C(C)C,1,0.2835820895522388,1.594640084783696,0.9989022597543593
300481204,NC1CCN(CC1)c1ccccc1C#N,1,0.3269230769230769,1.8374155762918172,0.9981698180712392
32272128,Cc1nccn1CCNC(=O)C(C)(C)C,1,0.3275862068965517,2.0884534948134723,0.9984457816769216
194974866,Fc1ccc(cn1)-c1ccc2c(c1)[nH]c1ccncc12,1,0.28846153846153844,1.6901970299347748,0.9992317310622958
322812,OC1(CCN(CC1)Cc1ccc(o1)-c1ccc(cc1)F)c1cccnc1F,1,0.36507936507936506,1.5332768830192343,0.9994654859261732
11480138,COc1ccc(cc1)-n1cc2c(c1-c1ccccc1Br)C(=O)N(C)C(=O)N2C,1,0.3013698630136986,2.309009094828011,0.9990795095174341
11480136,COc1ccccc1-n1cc2c(c1-c1ccccc1Br)C(=O)N(C)C(=O)N2C,1,0.28378378378378377,2.515227822682699,0.9987680742977753
48383292,CC1(C)[C@H]2C[C@H]3Oc4c(ccc(c4C(=O)NCCNS(=O)(=O)C)O)[C@H](O)[C@@]3(O)[C@@H]1C2 |r|,1,0.21686746987951808,5.158219460240051,0.9960682124283234
48397445,CC1(C)[C@H]2C[C@H]3Oc4c(ccc(c4C(=O)NCCNc4ccccn4)O)[C@H](O)[C@@]3(O)[C@@H]1C2 |r|,1,0.25609756097560976,6.088050673245031,0.9976051527395047
32135801,CC(C)C(=O)Nc1ccc2cnn(c2c1)C(C)C,1,0.375,0.655505148721676,0.999762567921946
24024401,O=C(Nn1cnc2ccccc12)c1c2c(nc3ccccc13)CCC2,1,0.5517241379310345,1.9374080623352161,0.9996183050582808
49132706,CC(=O)N1CCN(Cc2nc(cc(n2)C(F)(F)F)O)C(C)(C)C1,1,0.27941176470588236,1.7805754687739,0.9981686382919065
177444466,Cc1c[nH]c(n1)C(=O)NCC1(CCCC1)N1CCCCC1,1,0.4032258064516129,1.9601913171935046,0.9988096417430765
324135709,COc1cc2nn(cc2cc1NC(=O)c1ccn(n1)C(F)F)CCC(C)(C)O,1,0.7714285714285715,3.7989967096595176,0.9988975179991514
45688619,COCc1ccccc1CNc1ccc2cc(ccc2n1)C#N,1,0.4576271186440678,1.7077578868211225,0.9984596157437859
48247754,Cc1ccc(cc1Br)C(=O)NC1CCN(CC1)CC#N,1,0.39344262295081966,1.2329529593620587,0.9992437146829809
2566233,CC1(C)CC(=O)C2=C(C1)NC(=O)CC2c1ccc(cc1)Br,1,0.23376623376623376,1.045309523538795,0.9990359022310927
31881571,CCCC(=O)Nc1ccc(nc1)-n1cccn1,1,0.45614035087719296,1.9766835862119354,0.9994558067866978
49067448,CC1(CCCC1)CNC(=O)N1CCN(CC1)Cc1ccon1,1,0.6071428571428571,1.7308671237272306,0.9991058302474856
24889188,Cc1ccc2c(c1)C(=O)CC1(CCN(CC1)C(=O)c1ccc3nc(cc(c3c1)O)C)O2,1,0.3698630136986301,1.6341144390768558,0.9991329543087311
3562110,NC(=O)COc1ncnc2ccccc12,1,0.40476190476190477,2.1373539716200787,0.9980307847936666
25014865,C1CC1N1CCC(CC1)Nc1ncnc2ccsc12,1,0.6274509803921569,3.1862181344031355,0.9983418614740253
31991615,Cc1noc(c1CS(=O)(=O)C1CCCc2ccccc21)C,1,0.28125,1.0474884247568936,0.999314469467903
29261445,COc1ccc(cc1)CNC(=O)c1sc2nc(cc(c2c1N)C)C,1,0.43548387096774194,2.704511970762872,0.9991693214769819
82726817,COc1ccc(c(c1OC)OC)-c1nc(ccc1OC)C,1,0.46511627906976744,1.8701876911153759,0.9980342095325846
53755274,CC1=CC=CN(Cc2cccc(c2)C#N)C1=O,1,0.6428571428571429,1.6248609171248578,0.9986479517966403
295413823,CC[C@H]1N(c2ccn(n2)C)c2nc(ncc2N(C)C1=O)-n1ccnc1-c1ccc(cc1)F |r|,1,0.2911392405063291,2.450207134100719,0.9998190113457869
31901754,Cc1ccc2nc(c(cc2c1)C(=O)N1CCC(CC1)C(=O)Nc1ccncc1)C,1,0.42028985507246375,2.7543474726334205,0.9986962757709829
30745331,Cc1nc(cs1)CC(=O)NCc1ccccc1,1,0.4489795918367347,0.8720745380991543,0.9993556106713385
38477365,Cc1ccc(c(n1)-n1cc(cn1)Cl)CN,1,0.2631578947368421,2.512681038254176,0.9985930433437126
48339568,Cc1noc(c1C(=O)N1CCCN(CC1)c1ccc(cc1)F)C,1,0.375,2.1415592450360887,0.9971455180766315
49925402,NC(=O)c1csc(c1)CN1CCc2cc(ccc2C1)F,1,0.3283582089552239,2.262216391064148,0.9979418122574459
314102886,CCOC(=O)CNC(=O)c1ccc(cc1O)O,1,0.38,3.077849573972248,0.9981437004872264
300014701,CC(C)CC(NC(=O)C(O)C(N)Cc1ccccc1)C(=O)O,1,0.27692307692307694,1.8285373936558948,0.9989564589269628
48931485,CN(CC(=O)Nc1cccc(c1)S(=O)(=O)N1CCCC1)C1CCCCC1,1,0.5,2.791602228111921,0.9976486646446672
313517655,CC(C)CC1=NN(C)C(=O)c2c(n(cc21)Cc1cccc2ccccc12)SCCCO,1,0.23255813953488372,4.114945443137939,0.9987758882997038
270775,Fc1ccccc1C[C@@H]1C[C@@H]2NC(=O)CCCC[C@H]2N1C(=O)c1cccc2ncccc12 |r|,1,0.32432432432432434,2.8645106039246793,0.9993376364944114
49995595,CNC(=O)c1cccc(c1)Cn1nnc(n1)-c1ccccc1Cl,1,0.373134328358209,1.4631196123353454,0.9985459239262893
31341176,Cc1cc(c(s1)C)C(=O)NCCc1ccccn1,1,0.43636363636363634,1.4775950054057654,0.9997319646575814
73036824,OC1CCC(CC1)C(=O)N1CCCN(CC1)c1ccc(cc1)F,1,0.47368421052631576,2.414475305319889,0.9972193239824716
1545812,Cc1cc(c(c(c1-n1cnnn1)C)S(=O)(=O)Nc1ccc2c(c1)OCO2)C,1,0.3466666666666667,2.7776965277009125,0.9979308726670085
1553046,CN(C)c1ccc(cc1)NS(=O)(=O)c1c(cc(c(c1C)-n1cnnn1)C)C,1,0.3548387096774194,1.9289030561431688,0.9979339294677626
42961772,Cc1cccnc1CNc1ccc(cc1F)C#N,1,0.3392857142857143,1.0730321523605777,0.9989294388572542
82702441,CC1(C)CC(CC(=O)NCCn2ccnn2)CC(C)(C)N1,1,0.49056603773584906,1.8352852639302368,0.9984234224910676
49134782,OCCOc1ccccc1OCc1ncc(cc1Cl)Cl,1,0.2835820895522388,1.7896334820293698,0.9978921350920327
48347951,O=C(Nc1ccc2sccc2c1)N1CCCN(CC1)C(=O)Oc1ccccc1,1,0.38095238095238093,2.0817999423581193,0.998983583637816
45763784,Cc1cc(no1)NC(=O)C1CCN(CC1)c1ccncc1Cl,1,0.5818181818181818,2.4182156644933706,0.9979819646716545
235805590,CN1C(=O)N(C2CCCC2)C(=O)c2c(cccc21)F,1,0.32142857142857145,1.6635825798558008,0.9985956025375696
MCULE-9833651829,NC1CCCC(C1)C(=O)Nc1ccc2[nH]ncc2c1,1,0.4838709677419355,2.1521568251406764,0.9985295024383976
73014318,Fc1ccc(nc1)NCc1cccc(c1)OCCN1CCOCC1,1,0.38028169014084506,2.4126269914761003,0.9967342865162976
157723,CNC(=O)c1cn(nc1CC1CCN(CC1)Cc1cnc(nc1)-c1ccc(cc1)OC)C,1,0.37142857142857144,3.60479638814726,0.9964610744876815
36294663,CCCN(CC)c1ccc(cc1)C(=O)N1CCCN(CC1)C(=O)C,1,0.36538461538461536,2.502899119021618,0.9991459462157907
222774912,Cc1noc(c1-c1cc(nc(n1)C1CC1)-c1ccccc1Cl)C,1,0.3333333333333333,1.3984634424967515,0.9988455573838569
316806315,CC(C)c1noc(n1)CN1CCC(CC1)N1C(=O)Nc2ccccc21,1,0.5230769230769231,2.2059966001785885,0.9990936591395401
11938711,O=C1Nc2ccccc2N1C1CCN(CC1)Cc1nc(no1)-c1ccsc1,1,0.5223880597014925,1.7494210470888318,0.999469488140609
50359676,CC1=NN(CCOc2ccc(c(c2)F)Cl)C(=O)C=C1,1,0.6078431372549019,1.1061699688565056,0.9992493969075529
25645386,FC(F)(F)c1cccc(c1)Oc1cccc(c1)C(=O)N1CCNC(=O)C1,1,0.5,1.586753604060801,0.997189120330607
LN01331065,OCCn1cc(c(n1)-c1ccncc1)-c1ccc/2c(c1)CC\C2=N/O,1,0.43243243243243246,2.0065988637496965,0.9990928853122043
300480727,CCc1noc(n1)-c1ccc(cc1)CCN,1,0.3333333333333333,1.9647254261090865,0.998462181084711
44585808,Cc1csc(n1)N(C1CC1)C(=O)c1ccc(c(c1)F)-n1cncn1,1,0.43661971830985913,1.3767367213813921,0.9994231324000938
198935,CCc1nnc(s1)Nc1cccc(n1)C1CCCN(C1)CC(=O)N1CCCC1,1,0.5142857142857142,2.6017807363419214,0.998188980055897
49977918,CCCn1cc(cn1)CN1CCC(CC1)c1nc(no1)N(C)C,1,0.38095238095238093,2.738682895116105,0.9982818696578069
50570563,CC(C)n1cc(cn1)CN1CCC(CC1)c1nc(no1)N(C)C,1,0.36619718309859156,2.5287583909898377,0.99806844923125
32147565,CN(C1CCCCCCC1)C(=O)C1CCN(CC1)c1ncccn1,1,0.5217391304347826,1.8363284020024095,0.9991508335485993
1456984,CCOC(=O)CC1=C(C)Nc2c(cnn2C1=O)-c1ccccc1,1,0.30158730158730157,1.6753924913291853,0.9996489354868411
49063828,CCc1cc(on1)CNC(=O)Nc1ccc(cc1)N1CCSCC1,1,0.4918032786885246,2.620161636235175,0.9992897467383605
42885549,CC1(CCOCC1)c1nnc(o1)-c1cc(n[nH]1)-c1ccccc1,1,0.5,1.2472609991501427,0.9992316442297465
2344317,Fc1ccccc1CN1CCN(CC1)c1ncccn1,1,0.5714285714285714,0.43163410430621,0.9997424397040106
53747118,CCOc1ccc(cc1)OCCN1CCN(CC1)C(=O)C,1,0.4782608695652174,2.1750997678267447,0.9991477605247184
36907186,COc1ccc(c(c1)F)C(=O)N(C)Cc1nccn1C,1,0.4057971014492754,1.4035469354461916,0.9985271732281786
208359,CNC(=O)c1cc(ncn1)C1CCN(C)CC1,1,0.3333333333333333,2.2323848234570627,0.9989935452707126
43021928,CCCCOc1ccccc1-c1cc([nH]n1)C(=O)NCCc1cccs1,1,0.625,2.3182469669985752,0.9986141585570432
41630506,Cc1cc(n(n1)-c1ccc(cc1)C#N)Cl,1,0.32608695652173914,0.9782228784894262,0.9983895814224037
5536034,Cc1ccccc1CSc1ccc(nn1)-c1ccccn1,1,0.2698412698412698,1.6439972627715767,0.9992545805341597
32061442,FC(F)(F)c1cccnc1NCCNC(=O)C1=CN=C2C=CC=CN2C1=O,1,0.30434782608695654,2.779011514909588,0.9985433586451689
49933492,O=C(N1CCCO1)c1ccc(cn1)C#N,1,0.29508196721311475,1.4701224438802065,0.9993582440052837
53817229,Fc1cncc(c1)-c1cnc(nc1)NCc1ccc(c(c1)F)Cl,1,0.36538461538461536,1.4709282783333435,0.9989900957215861
38281327,OC(=O)Cc1ccc(cc1)Oc1ccncc1,1,0.38095238095238093,3.5252873641732565,0.992239298576825
43583679,O=C1CCCc2c1[nH]c1cc(ccc21)-n1ccnc1-c1ccncc1,1,0.28,1.6924313870875873,0.999691479190704
50612278,CCOc1cc(ncn1)N(C)CC1CCN(C)CC1,1,0.375,1.9005278214221764,0.9980023174910327
31416534,OCc1cnnn1-c1cncc(n1)Cl,1,0.19230769230769232,4.949072135260093,0.995449392711048
48762012,Cc1cc(n(n1)C)C(=O)Nc1nnc2n1CCCC2,1,0.5185185185185185,1.9970535796517415,0.9998604465792336
139117,CN(C)C(=O)C1(CCN(CC1)C(=O)C1CCCO1)Cc1ccccc1-c1ccccc1,1,0.5909090909090909,1.7509317519541743,0.9996892277160897
48832018,OCC1CN(C1)C(=O)Cc1cccc(c1)I,1,0.4888888888888889,2.6397571858033366,0.9960388446865146
82700463,COc1cccc(c1-c1ccc(cc1)OCCN1CCCC1)OC,1,0.42857142857142855,1.8071303218088333,0.9985070491661927
32018130,CSCc1csc(n1)NC(=O)C,1,0.45454545454545453,1.5516797349968685,0.9996832403983618
49154015,Clc1cc(cc2n(cnc12)CC=C)-c1ccc(o1)C(=O)NC1CC1,1,0.2602739726027397,1.7578959013553446,0.999531991709124
24472719,Cc1noc(c1CCC(=O)Nc1cccnc1)C,1,0.5535714285714286,1.3203571486533843,0.9998452405215493
15987806,CCCc1nc2nc(c(c(n2n1)O)NS(=O)(=O)c1ccc(cc1)C1CCCCC1)C,1,0.3698630136986301,3.847371050470658,0.9959399972957774
177425312,CN(CC1(CO)CCCC1)C(=O)CCN1CCCCC1=O,1,0.36363636363636365,1.9016892490623034,0.9990597966573111
177472658,CN(CC1(CO)CCC1)C(=O)CCN1CCCCC1=O,1,0.36363636363636365,1.956972662047205,0.9986009755089691
36811266,COc1ccc(c(c1)OC)C(=O)c1ccc(cc1)C,1,0.43859649122807015,2.336829903951226,0.9990694285817475
33665609,COc1ccc(c(c1)OC)C(=O)c1ccc(cc1)Cl,1,0.43103448275862066,1.0728951486514442,0.997762901306535
420214,CCCn1ncc(c1C)CN1CCC(CC1)c1cc2cccnc2[nH]1,1,0.3235294117647059,2.9784208903380414,0.9988090626063943
232862115,COc1ccccc1-c1cc(nc(n1)-c1ncccn1)C(C)(C)C,1,0.6136363636363636,1.3049601526482406,0.9986259174767913
232838302,CN(C)c1nc(cc(n1)C(C)(C)C)-c1c(nn(c1C)C)C,1,0.5833333333333334,1.422422229860512,0.9991150637463674
53804145,CCC1=CC(=O)NC(=N1)SCCN1CCCCC1,1,0.509090909090909,2.2620152519379966,0.9987215008365409
11015786,Cc1ccc(cc1NS(=O)(=O)c1csc(c1)C(=O)Nc1ccccc1)C(=O)O,1,0.3620689655172414,1.9580252807354546,0.9995000570493743
49125034,CC1CCC(CC1)CNC1(CCO)CCOCC1,1,0.44680851063829785,2.2291940247542295,0.9985761733049525
177431642,O=C(NCC1(CCCC1)N1CCCCC1)c1cnn[nH]1,1,0.27941176470588236,1.9318656785594475,0.998928117698545
24970980,CC(C)CN(C1CC1)c1ncnc2n(ncc12)C,1,0.5384615384615384,1.1730004262573503,0.9992687384119078
46620326,CCc1nc(cs1)CN1C(=O)COc2ccc(cc21)F,1,0.3150684931506849,1.5832422429936148,0.9991173472944882
177380774,CN(C)S(=O)(=O)CCNC(=O)N(C)CCOc1cc(cc(c1)C)C,1,0.5517241379310345,1.3496366177604027,0.9985966125501174
342572,Cc1csc2c1C(=O)N1CCNCCC1=N2,1,0.2463768115942029,2.4171787273599556,0.9994375566591385
1546088,COc1ccc(c(c1)S(=O)(=O)Nc1cccc(c1)CCc1ccccn1)OC,1,0.38571428571428573,2.135645569845326,0.997025198147007
104336645,C[C@H]1CN(CCN1c1ccc(nc1)NC1=CC(=CN(C)C1=O)c1ccnc(c1CO)N1CCn2c3c(cc2C1=O)CC(C)(C)C3)C1COC1 |r|,1,0.21296296296296297,14.193962589777291,0.999461006376316
48242285,CCc1cnc(o1)CN1C(=O)NC2(CCC2)C1=O,1,0.4444444444444444,1.7455171153554647,0.9994813269553711
25610913,COc1ccc(cc1OC(C)C)-c1nnc2ccc(cn12)C(F)(F)F,1,0.29310344827586204,1.3444203211793886,0.9992564494173705
295412827,C1Cn2nccc2CN1Cc1ccccc1,1,0.38,1.552331150238217,0.9987502761504672
31931312,O=C1Nc2ccc(cc2O1)-c1csc(n1)CCN1CCCC1=O,1,0.3026315789473684,3.5162115977284087,0.9976828896493121
48544545,Oc1[nH]c2ccc(cc2c1-c1ccc(cn1)CN1CCOCC1)C#N,1,0.32,2.7014779288373583,0.9986863869246446
49176076,Nc1cncc(c1)-c1ccc(cc1)CN1CCCCC1,1,0.40816326530612246,2.7429081282465164,0.9961832279092536
1536313,C1Oc2ccc(cc2O1)CNC/C=C/c1ccccc1,1,0.37037037037037035,2.394549018082536,0.9983043204371
31873876,Fc1ccccc1CN1CCN(CC1)S(=O)(=O)N1CCOCC1,1,0.39622641509433965,1.480539091006774,0.997921892799605
23966628,Cc1ccc2nc3c(c(c2c1)C(=O)NCc1nnc2n1CCC2)CCCC3,1,0.6212121212121212,1.9212141994064602,0.999124655757202
189725381,Cc1nnc(n1C1CC1)COc1cccc(c1)-n1ccnc1,1,0.3389830508474576,2.18790813335464,0.9981873034710138
EN300-6477654,C[C@]12CCC3=C4CCC(=O)C=C4CC[C@H]3[C@@H]1CC[C@@]2(O)CC#N |r|,1,0.4696969696969697,4.152730667886291,0.9994761836123488
13448534,Fc1ccc(cc1)CN1CCCN(CC1)c1ccc2nnnn2n1,1,0.3220338983050847,1.2875507756982552,0.998451930732481
32146291,Cc1cc(on1)C(=O)NC1CCN(CC1)c1nc(nc2ccccc12)-c1cccs1,1,0.33783783783783783,2.1201323071926783,0.9991422499595134
232838707,COCC(=O)Nc1ccc(cc1)NC(=O)Cc1ccc(cc1)C(F)(F)F,1,0.35714285714285715,2.158657453140675,0.9971232732124896
43798139,CC(=O)Nc1ccccc1OCCOc1ccc(cc1)Cl,1,0.3620689655172414,1.7059621918435495,0.9967733136587075
37000875,Cc1nn(c(c1C(=O)O)C)Cc1cccc(c1)Br,1,0.37735849056603776,1.986251746380349,0.9991600630729105
50127813,Fc1cccc(c1)CNC(=O)c1[nH]nnc1-c1ccccc1,1,0.3382352941176471,2.1893727412211437,0.9989373510481984
29659409,CN(Cc1cccc(c1)C#N)Cc1cnn(c1)C,1,0.5531914893617021,1.4988055244096028,0.9990069132876843
2059266,CCN(CC)C(=O)c1ccc(cc1)NC(=O)C,1,0.4,2.125059058002844,0.99926091378974
24032918,Fc1cc(cc(c1)CNC(=O)c1ccccn1)F,1,0.4897959183673469,0.6864896211881449,0.9995528791211096
31836416,Fc1ccc(cc1)CNC(=O)c1ccccn1,1,0.54,1.5405080330848853,0.9995457737934849
49346047,Cc1nccc(c1Cl)NC(=O)c1ccncc1Cl,1,0.5306122448979592,2.2669863254996474,0.9991570185150556
49155578,Fc1ccc(c(c1)F)-n1nc(nc1-c1cn[nH]c1)C1CCOCC1,1,0.48484848484848486,2.2795181508379163,0.9987127980155679
49144354,Cc1ccc2nc(c(cc2c1)-c1nc(nn1CCO)C)C,1,0.3508771929824561,1.878708066731022,0.9990820088891984
49155634,COCC1(CC1)c1nc(nn1Cc1cccc(c1)Cl)-c1ccncc1,1,0.32051282051282054,1.0720177237336077,0.9992219318689646
33314123,COCC(=O)Nc1cccc(c1)-n1cccc1,1,0.4074074074074074,1.3777430820005918,0.9993678823824012
53777863,COC(=O)C1=NOC2(CCN(CCC(C)(C)C)CC2)C1,1,0.265625,1.9939340510659687,0.9973080495925926
53839716,COC(=O)C1=NOC2(CCN(CCCCCF)CC2)C1,1,0.3225806451612903,1.5698831166680867,0.998210959810739
36987134,CC1CCC(CC1)NC(=O)c1oc2ccccc2c1CS(=O)C,1,0.4067796610169492,1.562408077296347,0.9989808056759956
43060096,COc1cncc(c1)-c1ccnc2[nH]ccc12,1,0.4807692307692308,2.8103903643447645,0.9987027169515889
18918409,CC1=C(Oc2c(cccc2C1=O)C(=O)NCCCN1CCCCC1)c1ccccc1,1,0.4925373134328358,2.9655318241421615,0.998100913378092
36748737,Cc1ccc(nn1)Oc1ccc(cc1)N,1,0.45652173913043476,1.9151780596070394,0.9963476751613702
32043132,Cc1nc(c2cnn(c2n1)C)N1CCOc2ccccc2C1,1,0.5294117647058824,1.5823093882043524,0.9994903339025167
44811418,CC(C)NC(=O)COc1cccc(c1)-c1nc(c2ccccc2n1)Nc1ccc2[nH]ncc2c1,1,0.352112676056338,3.9588236889257167,0.9974884919956242
323952813,CC(C)n1cnnc1-c1cccc(n1)N1Cc2ccc(cc2C1=O)Br,1,0.35294117647058826,2.9750188234695147,0.9994597738827058
320364216,Cn1cc(cn1)Nc1nc(nc(n1)-c1cccc(c1CO)N1C=Cc2cc(cc(c2C1=O)F)C1CC1)N,1,0.25510204081632654,8.966922437492446,0.9946227019128789
36516873,COc1cccc(c1)Nc1c(cnc2c(cc(cc12)S(=O)(=O)c1cccc(c1)C(=O)N(C)C)C)C(=O)N,1,0.28,1.9066900639589035,0.9989522841798184
31965105,Cc1csc(n1)NC(=O)CCc1ccncc1,1,0.5652173913043478,1.7063469752662592,0.9993681623407988
45697439,Cn1ccc(n1)CSc1n[nH]c(n1)-c1cc(cc(c1)F)F,1,0.27419354838709675,1.812883614576994,0.9995913559140883
17943398,CCN(CC)C(=O)N1CCC(CC1)C(=O)O,1,0.3695652173913043,3.9600138888644407,0.9972126733800849
48304378,Cc1cc(nn1C)OCc1ncc(o1)C(C)(C)C,1,0.3076923076923077,1.9208138899959182,0.9993027348668392
49921682,Cc1cc(c2ccccc2n1)Cn1cnc(c1C#N)C#N,1,0.4716981132075472,1.5137615400054438,0.9994695140981825
206429,CN1CCC(CC1)C(=O)N1CCC(CC1)c1cc(c2c(n1)CCNC2=O)C(F)(F)F,1,0.34146341463414637,2.592572853364544,0.9990353688169875
206425,CN1C=C(C=CC1=O)C(=O)N1CCC(CC1)c1cc(c2c(n1)CCNC2=O)C(F)(F)F,1,0.3372093023255814,3.135081657628612,0.99813181327956
177485348,OCC1(CCCC1)CNC(=O)CN1CCCC1=O,1,0.4,1.9842378889637686,0.9983711486130048
43397821,Cc1cc(cc(c1)C(=O)Nc1nn(cc1C#N)C(C)(C)C)C,1,0.5098039215686274,1.4697663079552659,0.9989576608709654
2057338,C1CCCN(CCC1)Cc1ccc(cc1)-c1ccccc1,1,0.6216216216216216,2.6283852457355104,0.9978789460694922
189882719,Clc1ccc(cc1)/C=C/C(=O)N1CCC2(CC1)CN(Cc1ccc(c(c1)Cl)Cl)C(=O)O2,1,0.3287671232876712,1.9703596118472113,0.9994567889797468
901943,CCC1=C(C)CN(C(=O)NCCc2ccc(cc2)S(=O)(=O)NC(=O)N[C@H]2CC[C@H](C)CC2)C1=O |r|,1,0.47368421052631576,3.374368385342751,0.9958319032280096
32176505,CC(C)(C)c1[nH]cnc1/C=C/1\NC(=O)/C(=C/c2ccccc2)NC1=O,1,0.21666666666666667,2.503002197362346,0.9993731359680208
314274,CCN(CC)CCCNc1ncc(c(n1)-c1ccco1)-c1cc(no1)C,1,0.5373134328358209,4.3068821669518424,0.9988134345880406
29578860,Cc1cc(on1)C(=O)Nc1cccc2ncccc12,1,0.46296296296296297,1.859297179043837,0.9996038016605713
306110,Fc1ccc(cc1)CN1CCN2C(=Nc3ccccc3C2=O)CC1,1,0.4918032786885246,1.9064794779906729,0.999040146035407
409118,Cn1cc(cn1)CN1CCN2C(=Nc3ccccc3C2=O)CC1,1,0.3880597014925373,1.8710590583946174,0.9994312401432287
18877730,OC(=O)c1cc(cc(c1NC(=O)CSc1nccn1C1CC1)Cl)Cl,1,0.28378378378378377,2.6941017055785337,0.9987526748417468
25587599,COc1cccc(c1)-c1nc(n[nH]1)-c1cccnc1,1,0.35185185185185186,1.4130166311835355,0.9996106621833448
300042043,Clc1ccccc1CNCc1ccc2c(c1)OCCO2,1,0.44,1.9506893653271646,0.9982908319494712
3035918,O=C(COc1ncnc2ccccc12)NC12CC3CC(CC(C3)C2)C1,1,0.3387096774193548,2.0024140430988777,0.998164239198419
48248496,CN(C1CCS(=O)CC1)c1ncc(cn1)Br,1,0.3157894736842105,2.0636397456921194,0.9970238189802678
7338408,O=C(NNc1ccccc1)c1ccncc1,1,0.42857142857142855,2.6980446623436447,0.9986944736800734
317654466,Nc1ncnc2ccc(nc12)-c1ccnc(c1)F,1,0.24074074074074073,2.866920124453844,0.9990353006599114
171948773,Cc1ccc(cc1)OCC1(O)CCN(CC1)CC1(O)CCN(CC1)c1ccccc1C,1,0.3472222222222222,5.053753852335997,0.9987985525783883
49149133,CSc1cccc(c1)-c1ccccc1-c1nnc(o1)C,1,0.3050847457627119,1.7371856550181175,0.9982414044101984
31940641,N#Cc1ccc(cc1)OCCn1cccn1,1,0.4,2.766901877551883,0.9971317967145926
30016064,Cc1nn(c2ncc(cc12)C(=O)Nc1ccc2c(c1)CCO2)C,1,0.46875,1.8707570660032615,0.9998310006543532
10645209,Cc1cn(cn1)-c1cc(cc(c1)C(F)(F)F)NC(=O)c1ccc(c(c1)Nc1nccc(n1)-c1cccnc1)C,1,0.3333333333333333,2.4907615301349777,0.999325052627142
25664405,Fc1ccc(cc1)-c1cnc([nH]1)SCCN1C(=O)CCC1=O,1,0.2711864406779661,2.6641462046968774,0.999016178749711
5662916,CC(C)(CO)NCCCCn1c2ccccc2c2ccccc12,1,0.40476190476190477,2.009402398724975,0.9989538043075247
53819787,COC1=NN(Cc2noc3c2CCCC3)C(=O)C=C1,1,0.46296296296296297,1.326731698574208,0.9991775547691938
320405235,CN(CCOc1c(ncnc1-c1cc(cc(c1C)NC(=O)c1ccc(cc1F)C1CC1)F)N)C(=O)C=C,1,0.25555555555555554,2.9120980409320825,0.9983401085017453
45751322,CN(CCc1ccccn1)C(=O)Nc1nncs1,1,0.4,0.7344902994603036,0.9997773549139147
232902536,COCC1(CCC1)CNS(=O)(=O)c1ccccc1,1,0.5769230769230769,2.0422734880520377,0.9977050386084684
48309286,Cc1nccn1CCCN1C(=O)SC(C)(C)C1=O,1,0.2903225806451613,1.3079606263183248,0.9991362420092046
329184,Cc1cnc(cn1)-c1nc(ncc1-c1onc(c1C)C)NCc1ccccn1,1,0.3466666666666667,2.145807773310991,0.9997472110510798
45716971,COc1ccc(cc1)CNC(=O)CCCOc1ccc(cc1)C(=O)C,1,0.43137254901960786,1.9067543103396907,0.9981906539820871
36436018,CCOc1ncccc1-c1nc(cc(n1)NC)C,1,0.43137254901960786,1.0455567894666578,0.9994267380968291
49969712,C(Nc1ncccn1)c1cnc2ccsc2c1,1,0.4222222222222222,1.8445508938486836,0.9993643406333255
23971521,Cc1cccc(n1)C(=O)NCC#Cc1ccccc1,1,0.5869565217391305,0.9799755098981372,0.9990684676131557
71010653,O=C1N=C2C=CC=CN2C21Cc1ccccc1C2,1,0.24561403508771928,1.7303583443901065,0.9996316185617168
53829602,OCc1nnc(n1C1CC1)SCCSC1CCCCC1,1,0.2835820895522388,3.3672894143511667,0.9965718584243978
73007305,Nc1nnc(n1C1CC1)SCCSC1CCCCC1,1,0.23529411764705882,2.3844764624544883,0.9971861087446088
33363767,COc1ccc(cc1-n1ccc(n1)C(=O)Nc1c2c(nn1C)CCC2)C,1,0.6101694915254238,2.0407572124081717,0.9994180294250083
24874030,COc1ccc(cc1)-c1ccc(cc1)CN(CCN(C)C)Cc1ccncc1,1,0.375,1.747264433335444,0.9983990394973905
168890455,NC(=O)c1c2n(nc1-c1ccc(cc1)Oc1ccccc1)[C@@H](CCN2)C1CCN(CC1)C(=O)C=C |r|,1,0.4268292682926829,3.8092307622406705,0.9993151255724257
48876547,CCn1c(cc2c1nc(c1ncn(c12)C)Nc1cc(n(n1)C)C)C(=O)N(C1CC1)C1CC1,1,0.27058823529411763,7.2302425962063674,0.9988239108518355
9879245,COc1ccc(c(c1)OC)NC(=O)c1snnc1C,1,0.3770491803278688,1.760146868872318,0.9994755851151378
1300953,Cc1ccccc1OCCn1c(nc2ccccc12)N,1,0.5,1.6987772072877314,0.9982122570941853
44014989,CN(C)C(=O)CN(C)CC(=O)Nc1cc(ccc1Oc1ccc(cc1)C)Cl,1,0.3466666666666667,1.4897483008886585,0.9992482455088219
265759,Cc1cc(cc(n1)C1CN(CCO1)C(=O)Cc1csc(n1)C)Nc1nnc(s1)C,1,0.6025641025641025,1.603938278115114,0.9996637443177935
265683,COc1cccc(c1)CC(=O)N1CCOC(C1)c1cc(cc(n1)C)Nc1nnc(s1)C,1,0.5595238095238095,1.5421468801649376,0.999393370636135
290024482,COc1ccc(cc1)OCc1n[nH]c(n1)-c1n[nH]c2c1CCC2,1,0.29850746268656714,2.3754290138838545,0.9981245482794818
43488186,Cc1ccc2[nH]c(nc2c1)C1CN(C1)C(=O)Cc1cccc2ccccc12,1,0.4576271186440678,1.6922245713851727,0.9989084312305364
2266063,Cc1cccc2sc(nc12)NC(=O)c1cccnc1,1,0.5833333333333334,1.7759293341798617,0.9994190408625958
49125344,CC1CCC(CC1)N(Cc1nnc(o1)C1CCC1)C1CCC(O)CC1,1,0.3064516129032258,2.8278813624338732,0.9986333012259874
265647,CCc1nnc(s1)Nc1cc(nc(c1)C1CN(CCO1)C(=O)C(C)C)C,1,0.5921052631578947,2.071625207416282,0.9991097942732816
31417877,Cn1cc(c(n1)C1CCCCC1)C(=O)O,1,0.43859649122807015,2.2589517480458974,0.9978759941980279
49972816,CN(CC(=O)Nc1cccc(n1)C)c1ncccc1F,1,0.4098360655737705,1.9013595136114374,0.9983828859899205
317396814,Cc1ccc(cc1)-c1ccnc(c1C#N)O,1,0.32075471698113206,2.7621106060402125,0.9971112488817951
MCULE-1169396424,CCOc1ccccc1CNCCc1c[nH]c2ccccc12,1,0.6470588235294118,1.2086058083592335,0.9993673601929826
17120607,NCC(=O)Nc1ccc(cc1)-n1nc(cc1-c1ccc2c(ccc3ccccc32)c1)C(F)(F)F,1,0.27631578947368424,2.0792452957745713,0.9978328339502813
300136806,OC(=O)/C=C/c1ccc(cc1)Cn1ccnc1,1,0.3283582089552239,3.477882832989163,0.9936955688584048
44699501,OCCCCCn1cc(nn1)-c1ccccc1-c1ccco1,1,0.3333333333333333,2.33241548614265,0.9988998233556746
7716996,OC(=O)c1ccc(cc1O)NC(=O)c1ccc(cc1)NC(=O)c1cccs1,1,0.39622641509433965,3.9806175400307384,0.998098999724124
11813013,CC(N1CCC(CC1)N1C(=O)Nc2ccccc21)c1nnc(o1)-c1cccs1,1,0.4246575342465753,2.316370004986383,0.999196456231265
177400551,O=C1N(Cc2ccc3c(c2)CCCC3)C=Nc2ncccc21,1,0.48333333333333334,1.4846794266777497,0.9984046159285194
227571,CN(C)C(=O)c1sc2nc(ccc2c1N)C1(C)CCN(CC1)c1ncccn1,1,0.3382352941176471,2.3679104712804318,0.9992546034733943
171818667,CN([C@@H]1CCC[C@@H](O)[C@@H]1O)C(=O)COc1c(cccc1C)C |r|,1,0.48148148148148145,2.5573900758389327,0.997385886844551
171818496,CO[C@@H]1CC[C@H]([C@H]1O)N(C)C(=O)COc1c(cccc1C)C |r|,1,0.44642857142857145,1.418171357770322,0.9986778526325664
316162153,OC[C@@H]1CC[C@H](CO1)Nc1ncnc2[nH]cc(c12)C(=O)c1ccc(cc1Cl)Oc1ccccc1 |r|,1,0.3118279569892473,5.71175095745625,0.9995356924681676
5852446,CCC(=O)NCC[C@@H]1CCc2ccc3c(c21)CCO3 |r|,1,0.2903225806451613,1.7853820319469704,0.9988656256501615
48613628,COc1ccccc1C(=O)NCc1nc(cc(n1)N1CCCCC1)C,1,0.36923076923076925,2.4828493711866906,0.9967245754888113
48613632,Cc1cc(nc(n1)CNC(=O)c1ccccc1Cl)N1CCCCC1,1,0.36363636363636365,2.9632924256643283,0.9976432711111305
35731142,CCOC1CCN(CC1)C(=O)CN1C(=O)Nc2ccccc21,1,0.5862068965517241,2.0081150365453437,0.9988488992209352
48281908,Cc1oc2ncnc(c2c1C)NCc1cc(cc2c1OCOC2)F,1,0.4393939393939394,2.1518749963688215,0.9994208867443877
43249441,CN(C)c1cc(nc(n1)C)C1(C)CCNCC1,1,0.5,1.8281249957265875,0.9975976669469482
423170,Cc1ncc(c(n1)CCNC(=O)C1CCCC1)-c1ccccn1,1,0.36923076923076925,1.033390536051229,0.999406833926433
53803937,CNC(=O)Cc1cccc(c1)OCCN1CCCCC1,1,0.4166666666666667,2.719807897628077,0.997503595964665
49150113,CNc1ncc(cn1)-c1nc(nn1C(C)(C)C)C1(CC1)c1ccccc1,1,0.34375,2.094526676841349,0.9981518375218984
53808517,CCCS(=O)(=O)NC1CCN(CC1)Cc1ccc(c(c1)OC)C,1,0.5081967213114754,2.0282615709025227,0.9979369168626194
35754387,CNC(=O)c1cccc(c1)Oc1ncnc2c1CN(C)CC2,1,0.4264705882352941,1.5261028798870413,0.9979982806510049
232863503,CCN1CCC(CCNc2ncc(c(n2)N(C)C)C)CC1,1,0.43859649122807015,2.7187666321329775,0.9980607165001588
11880948,CCN1CCN(CC1)c1ccc(cc1)Nc1ncnc2sccc12,1,0.4,2.333601294137381,0.9985146074954331
48269211,COc1ccc(cc1)CC(=O)Nc1ccc(nc1)F,1,0.39344262295081966,1.3167095351671347,0.9991980077311653
177388619,CCc1nc(cc(n1)N1CCCC2(CCNCC2)CC1)C,1,0.5094339622641509,2.9334616070437,0.9984902711048697
18855069,CC1CCN(CC1)C(=O)c1sc(nc1C)COc1ccc(cc1)F,1,0.38666666666666666,2.0992612986475474,0.9991721911337936
48780034,CC(=O)N1CCCN(CC1)Cc1c(nn(c1Cl)C)C,1,0.36363636363636365,1.5555809204274769,0.9989997960075235
46622380,CN(C)C1=CC(=O)N(CCC(C#N)(c2ccccc2)c2ccccc2)N=C1,1,0.2698412698412698,1.6240655774938717,0.9989833940736531
177370206,Cc1cc(n2nc(c(c2n1)C(=O)NCCc1nnc(s1)C)C)C,1,0.5714285714285714,1.7341525307762398,0.9994632636113353
1542910,CCOC(=O)c1ccc(cc1)NC(=O)Cn1cnc2ccccc12,1,0.4426229508196721,1.9078550783534567,0.99844041994487
36427432,CCc1nc2cc(ccc2o1)-c1c(cccc1OC)OC,1,0.3137254901960784,1.7526351588394142,0.9991925925295277
82716591,COc1cccc(c1OCCCN)C(=O)N(C)CC(F)(F)F,1,0.3181818181818182,1.1981506583065635,0.9986025413535281
43643219,Clc1cccc(c1)NC(=O)CN1CCCN(CC1)c1nccs1,1,0.515625,1.4191057043083017,0.9994553579421728
49149249,Cc1ccccc1OC1CCN(CC1)C(=O)Nc1ccc2n(cnc2c1)C,1,0.4714285714285714,2.3747917803463934,0.9971797334277103
44507875,C1CC1c1nnc2n1CCN(C2)c1ncnc2ccccc12,1,0.2878787878787879,1.339357681875886,0.9993493327562838
45665715,CC(=O)N1CCC(CCNc2ccc3ccc(cc3n2)F)CC1,1,0.5,1.9662835502540426,0.9982818277454582
189638257,FC(F)(F)c1ccccc1C1N(CCNC1=O)C(=O)c1ccc2nccn2c1,1,0.47692307692307695,3.4796298653738997,0.9993544545300903
189741166,Cc1cc(ccc1C1N(CCNC1=O)C(=O)c1ccc2nccn2c1)F,1,0.4057971014492754,2.5372211176797164,0.9994150502265462
Z344039182,Fc1ccc(cc1F)C(=O)N1CCN(CC1)C(=O)c1nc(ccc1Cl)Cl,1,0.36666666666666664,1.9191761253204658,0.9989785700294851
31847077,O=C(NC1CC1)c1cccc2cccnc12,1,0.5555555555555556,1.4148059937674953,0.9995093714620162
53747827,Fc1ccc(cc1F)CN1C=Nc2c(oc3ccccc23)C1=O,1,0.3235294117647059,1.333903294846018,0.9994625958150917
4899313,Clc1ccc(cc1)CN1C=Nc2c(oc3ccccc23)C1=O,1,0.3484848484848485,1.6978833882219557,0.999221801224313
177427275,FC(F)(F)c1cccc2c1C(=O)N(CCc1ncc[nH]1)C=N2,1,0.31746031746031744,1.7260663370796323,0.9991615679200982
177461018,Cc1cccc2c1C(=O)N(CCc1ncc[nH]1)C=N2,1,0.3492063492063492,1.6341640064574274,0.9992027993275004
48773349,OC(=O)c1ccccc1COc1cccc2cccnc12,1,0.3770491803278688,2.328963932739208,0.9970574217318002
48765718,COc1ccc(c(c1)C(=O)N)OCC#C,1,0.3508771929824561,0.9505351124498658,0.9984184893757557
49041586,CC(C)N(Cc1nnc(o1)C(C)C)C1CCOCC1,1,0.3157894736842105,1.3065465931229099,0.9993166248356201
49837375,Cc1c(cnn1-c1ccc(cc1)Cl)C(=O)Nc1ccc(c(c1)C#N)N1CCC(CC1)N1CCOCC1,1,0.30097087378640774,3.037420451633105,0.996054191274202
36356120,CC(C)c1nc2c(n1C)CCN(C2)c1ncnc2ccccc12,1,0.45454545454545453,1.4177863026562947,0.999181005792632
36356102,CC(C)c1nc2c(n1C)CCN(C2)c1ncnc2ccsc12,1,0.45588235294117646,2.192017107597032,0.9995792452538869
31837136,CCCC(=O)Nc1ccc(cc1)C(=O)N(C)C,1,0.4772727272727273,1.6615483742583137,0.999152554597086
73023165,CC(=O)Nc1ccccc1CN1CCC(CC1)c1nnc2ccccn12,1,0.546875,2.366866282661373,0.9986826024208583
3112768,N#Cc1ccc(cc1)COc1cnc2ccccc2n1,1,0.4230769230769231,1.6214465763631718,0.9983975169996903
300011391,Oc1nccc2c(cccc12)S(=O)(=O)N1CCCNCC1,1,0.6274509803921569,1.8951678025968017,0.9988139666441429
31412633,Cc1ccc(cc1)-c1noc2nc(cc(c12)C(=O)O)C,1,0.4074074074074074,2.8492786806490766,0.9961690399481246
44498594,CC(=O)N1CCN(CC1)C(=O)CCc1ccc([nH]1)-c1ccccc1,1,0.35294117647058826,1.6096151713999263,0.9993508447728128
49942182,Cc1ncsc1CNc1nnc(o1)-c1ccncc1,1,0.6304347826086957,2.5449693514856353,0.9992276134921931
72972996,CC(C)n1nccc1-c1ncccc1COc1cccc(c1C=O)O,1,0.29577464788732394,2.7115296421025117,0.9990493678297401
73050302,C1CCN(C1)c1cc(ncn1)NCc1ccccc1N1CCOCC1,1,0.3333333333333333,1.9224825096732345,0.9985493836311508
45712854,CCN(c1ccccc1)S(=O)(=O)c1ccc(cc1)C(=O)Nc1ccccc1C(=O)C,1,0.4339622641509434,1.7497225494348696,0.998606965156244
258731,COc1cccc(c1)S(=O)(=O)N1CCOC(C1)c1c(sc2ncccc12)C(=O)N,1,0.32222222222222224,2.6695141880122586,0.998991148707498
32146223,C1CN(CCC1c1ncc[nH]1)c1ncnc2sc(cc12)-c1ccccc1,1,0.3484848484848485,1.9601874910318011,0.9991462878602062
32117877,O=C(CNC(=O)c1ccccc1)N1CCN(CC1)C1CC1,1,0.37254901960784315,1.762627300367395,0.998346054436335
308044,CCOc1cc(ccc1OC)CN1CCc2c(nc(nc2C1)N1CCCC1)N,1,0.3333333333333333,3.0047347636684854,0.9986301119708066
49947006,Cc1nc(n(n1)C)NCc1sccc1C,1,0.6190476190476191,2.0540477112275375,0.9994844713357657
48753166,CCc1nccn1Cc1nc(nc(n1)N(C)C)N,1,0.32,2.6480498484731383,0.9988951799202102
25000719,CC(=O)N1CCC(CC1)Nc1ncnc2cc(sc12)-c1ccc(cc1)Br,1,0.47692307692307695,2.0578362422694134,0.9991685350020656
395728,Cc1ccc(cc1)-c1cnn2c(cc(nc12)Cn1cccn1)O,1,0.3387096774193548,2.8380607815889056,0.9994131656840969
3416569,Cc1ccc(cc1)-c1nc(cs1)CN1C(=O)N(C2CCCC2)C(=O)C1=O,1,0.42857142857142855,2.6476166640960215,0.999085559871057
36340866,CCS(=O)(=O)Cc1ccn(n1)-c1cccc(c1)F,1,0.5227272727272727,1.0199593129138689,0.9991455555200012
53780028,CC(=O)NC1CCC(CC1)NCCc1c(cccc1C)C,1,0.5319148936170213,1.5473512852611992,0.9985999407884641
232833340,COc1cccc(c1)Oc1ccc(cn1)NC(=O)CN1CCOCC1,1,0.40298507462686567,1.448785008205265,0.9988535138458385
232865232,COc1cccc(c1)Oc1ccc(cn1)NC(=O)CN1CCCCC1=O,1,0.4461538461538462,2.083419784872887,0.9990786633120708
48297162,C1CCN(CC1)c1nc(nc(n1)N1CCCCC1)NC1CC1,1,0.32558139534883723,2.3253227732938826,0.9991683124240935
413444,OC1CCN(CC1)c1ncc(c(n1)-c1cccs1)-c1cnccn1,1,0.5925925925925926,2.2918516531400437,0.9996620239898201
49963976,CCCNC(=O)C1(CCCCC1)NCc1cncnc1,1,0.5882352941176471,2.3245586677906696,0.9985680684736972
353778,CC(=O)N1CCC2(CC1)Oc1cc(c(cc1C=C2)C)C,1,0.29508196721311475,2.1276844220890454,0.9995999238680778
32090192,CC(=O)N(c1ccc(cc1)C)c1nc(cs1)Cn1ccnc1,1,0.3064516129032258,2.0390568898388755,0.9993020217691709
45753290,Cc1nnc(o1)-c1ccccc1NCc1ccsc1,1,0.28125,1.7817690647225266,0.9991839703641809
36950801,CN(CC1CCCC1)C(=O)Nc1ccccc1N1CCOC1=O,1,0.47619047619047616,1.9999234985368473,0.9995743049743935
314860,CCN1C(=Nc2ccccc2C1=O)CN1CCCCCC1,1,0.32727272727272727,1.2400100806044347,0.9991226340977392
Z1611059418,CC(C)c1nnc(o1)NCc1ccn(c1)C,1,0.5681818181818182,1.7408655892969118,0.9993643859699131
177455527,CN(C)c1cncc(n1)-c1ccc(cc1)C(=O)NC(C)(C)C,1,0.5106382978723404,1.6488220037349952,0.9989698738860526
24065064,CN(C)C(=O)c1cccc(c1)NC(=O)c1ccc(nc1)C,1,0.5102040816326531,1.338265295074335,0.999123248701915
49064492,CC1CCC(O)(CC1)CSc1nncn1C(C)C,1,0.5306122448979592,1.2774149678158278,0.9991725744353994
16154631,Fc1ccc(cc1F)N1C=CN(Cc2ccccc2Cl)C(=O)C1=O,1,0.625,1.2588625818572072,0.9984989955248402
16784498,COc1cccc(c1OC)-c1nc(cs1)C(=O)O,1,0.3404255319148936,1.4373607758671771,0.9988269192624962
25428520,COc1ccccc1-c1nc(cs1)C(=O)O,1,0.34615384615384615,1.9764938654091442,0.9985320981129836
139341,COCC(=O)N1CCC(CC1)(Cc1ccccc1-c1cccc(c1)F)C(=O)NC(C)C,1,0.4927536231884058,2.24369516646098,0.998625664638293
177506724,Cc1[nH]nc(c1C)CCC(=O)NCCCOC1CCCCC1,1,0.2878787878787879,3.2278200073734644,0.9950930986296777
177377491,Cc1[nH]nc(c1C)CCC(=O)NCCCOC1CCCC1,1,0.2923076923076923,1.8557596827174465,0.9990753556435242
36946295,CNC(=O)c1cnc(s1)/C=C/c1csc(n1)-c1cccs1,1,0.5254237288135594,2.7422457949639516,0.9981988010346522
193781,COc1ccc2c(c1)C=C(CO2)CN1CCC(CC1)c1cc(cc(n1)C)-c1cncnc1,1,0.4567901234567901,3.5773456640365113,0.9985518750860373
193785,COc1ccc2c(c1)C=C(CO2)CN1CCC(CC1)c1cc(cc(n1)C)-c1ccc(nc1)N,1,0.4878048780487805,4.079791783902612,0.9951733869503139
177304918,COC1(CCN(CC1)Cc1ncccc1Cl)c1nc(no1)Cc1ccccc1,1,0.3787878787878788,2.215355727642766,0.9991297187619645
177307724,COC1(CCN(CC1)Cc1cnc(o1)C)c1nc(no1)Cc1ccccc1,1,0.32857142857142857,1.2593669044405715,0.9991240682573388
48836360,O=C(N(CCC#N)C12CC3CC(CC(C3)C2)C1)c1cccs1,1,0.28125,2.289801301422969,0.9990344180591396
49961912,O=C(N(CCC#N)C12CC3CC(CC(C3)C2)C1)c1sccc1C#N,1,0.296875,2.2132674940007955,0.998423872153621
49951308,O=C(Cc1n[nH]c2ccccc12)N1CCCO1,1,0.38181818181818183,1.2427413246530117,0.9997407733372508
48295458,Cn1ccnc1-c1noc(n1)NCc1ccccc1,1,0.41509433962264153,1.757595801087846,0.9987941994972451
177472907,CCn1nccc1-c1cc(nc(n1)N1CCCC1)C,1,0.3728813559322034,0.9184682901454425,0.9997283692504589
3333585,O=C(CSc1nnc([nH]1)-c1cccs1)N1CCCCCC1,1,0.39622641509433965,2.13593375365389,0.999245489474579
49088031,Cc1cnc(nc1N1CCSCC1)N1CCSCC1,1,0.43902439024390244,2.1394116013521676,0.9984171284416623
44529882,COC1CCN(CC1)C(=O)Nc1cc(cc(c1)C(F)(F)F)C(F)(F)F,1,0.38095238095238093,1.9072805247260172,0.9983455916445408
7689820,Nc1nc(c2c(c(ccc2n1)Br)Cl)N,1,0.3333333333333333,9.363554987289792,0.9658032020467977
49953992,CN1CCc2ccc(cc21)C(=O)NCCC(=O)Nc1cccnc1,1,0.373134328358209,2.7566811567533263,0.999184240481098
316949638,O=C(Nc1ccc(cc1)CN1CCCCC1)c1ccnc2[nH]cnc12,1,0.4426229508196721,4.551018017982427,0.99498385258483
2199776,O=C(NCc1cccs1)c1cccnc1,1,0.5208333333333334,1.7650232293090322,0.9995154483363183
11326025,CCCNC(=O)Nc1ccc(cc1Cl)Oc1ncnc2cc(c(cc12)OC)OC,1,0.34065934065934067,2.8384013105973325,0.9980291528569459
177465976,Clc1ccc(nc1)C(=O)N1CCN(CCc2ccccc2)C(=O)C1,1,0.3333333333333333,1.6800755935373015,0.9990575953984092
Z57841791,Cn1c(nc2ccccc12)CNC(=O)Cc1ccccc1,1,0.3793103448275862,2.0203378430355676,0.9988716046852455
Z102329238,Cn1c(nc2ccccc12)CNC(=O)Cc1cccc2ccccc12,1,0.5,1.544129852052776,0.9989421343664213
49028063,Cc1nnc2ccc(nn12)NCCOC1CCCCCC1,1,0.3620689655172414,2.1952854028575097,0.9984482692553754
48210605,C(Cn1ccnc1)Nc1cnc2ccccc2n1,1,0.5094339622641509,3.000388474847678,0.9994571536348712
30173146,Cc1c(n(c2ccc(cc12)O)Cc1ccc(cc1)OCCN1CCCCCC1)-c1ccc(cc1)O,1,0.34375,5.280892064793645,0.9974712912404516
171745752,CCCc1nc(ncc1C(=O)O)N1CCc2ccccc2C1,1,0.4375,2.2132595871249956,0.9974467452514
300620222,CCN(CC)Cc1ccc2cc(ccc2c1)COC(=O)Nc1ccc(cc1)C(=O)NO,1,0.3380281690140845,3.3047825949676426,0.9961261927262733
171975111,CC(=O)NC[C@H]1C[C@]2(C)[C@@H](CCCC[C@]2(C)O)N1CC1(O)CCCC1 |r|,1,0.3103448275862069,4.539549757409974,0.9994006461993556
171974149,CC(=O)NC[C@H]1C[C@]2(C)[C@@H](CCCC[C@]2(C)O)N1CC1(O)CCOCC1 |r|,1,0.2857142857142857,3.8741129307233124,0.9988810139778689
323968411,CC(O)(C#Cc1ccc2c(c1)N(CC2)c1nc(ncc1Cl)N)c1nccs1,1,0.2247191011235955,3.9017388431317195,0.9987349337583353
232900428,COCC(=O)Nc1ccc(cc1)NC(=O)Cc1cc(ccc1C)C,1,0.43137254901960786,1.976434415810395,0.998084972194003
36705292,CCN(CC)C(=O)N1CCCN(CC1)C(=O)N(CC)CC,1,0.35714285714285715,2.626653003348541,0.9989420272860543
23998049,O=C(Cc1ccc2c(c1)CCC2)Nc1nc2ccccc2o1,1,0.33783783783783783,1.2825073099201885,0.9993976482000948
32391674,O=C(NCC1=CCCN(C1)Cc1cccc(c1)C#N)c1cccs1,1,0.42105263157894735,2.6565204685828934,0.9978050711247554
48421225,CN1C(=O)N(C)c2cc(ccc21)CN1CCC(CC1)c1ccc(cn1)Cc1ccccc1F,1,0.3783783783783784,4.0686486700135545,0.9970340464450798
49156244,CCCCn1nc(nc1CNC)-c1ccc(o1)C,1,0.4032258064516129,1.7251072430428749,0.9992259551606323
2858011,CC(C)CN1C(=O)NC(=O)c2c1ncn2CC(C)C,1,0.47058823529411764,2.4036524291171606,0.9995047717637703
3573849,COc1ccc(cc1)-c1csc(n1)CC(=O)N,1,0.6363636363636364,2.228101433956666,0.9984956396400649
36671973,CN1CCN(C(=O)CCc2c(nn(c2C)C)C)c2ccccc2C1,1,0.5932203389830508,2.047658174598457,0.9987065547015512
300095105,Cc1cncc(c1)CN1CCC(=C2c3ccc(cc3CCc3cccnc32)Cl)CC1,1,0.55,2.639546362540681,0.99900252230823
36332254,CN(CCN1CCCC1)C(=O)c1sc2nc(nc(c2c1C)C)C,1,0.5344827586206896,2.66191434873482,0.9978420469448827
11480017,COc1ccc(cc1)OCC(=O)Nc1cccc(c1N1CCN(CC1)C(=O)C)Cl,1,0.45588235294117646,1.6200898123253307,0.9993015931239286
11480015,CC(C)c1ccc(cc1)OCC(=O)Nc1cccc(c1N1CCN(CC1)C(=O)C)Cl,1,0.44285714285714284,1.9908367587521778,0.9985537145133727
222769009,CC(C)Cc1cc(n[nH]1)CN1CCN(CC1)S(=O)(=O)N1CCOCC1,1,0.27419354838709675,2.3145427194155372,0.9986020518321498
42966292,COC(=O)c1cc(c(c(c1)NC(=O)CCCc1ccccn1)C)F,1,0.3492063492063492,1.6607043686340763,0.9993995654745242
24121594,O=C(NCc1cnn(c1)-c1ccccc1)C1CCC1,1,0.5283018867924528,1.3390074682392963,0.9993495131476113
177428613,Cc1n[nH]c(n1)C1CCN(CC1)C(=O)NC1CCN(CC1)c1ccc(cc1)F,1,0.4444444444444444,2.2116932427440847,0.9988434675136773
36421752,COc1ccc(cn1)-c1c(n[nH]c1C)C,1,0.28,1.2393808938336028,0.999710937637436
300964829,Cn1cc(cn1)-c1ccnc(n1)/C=C/c1ccc(cc1Br)F,1,0.33783783783783783,2.443738529384657,0.9977354379818827
133851,Cc1ccc2n(c(cc2c1)C(=O)N1CCOC(C1)C(=O)N1CCc2ccccc2C1)C,1,0.37333333333333335,3.5727318679127316,0.9993248581583024
48763678,C1CC(CCO1)Nc1nnc(s1)Cc1ccccc1,1,0.46,1.5961885853492053,0.9981045493501486
49096260,CC(C)CCN1CCC(CC1)CNS(=O)(=O)C,1,0.31666666666666665,2.865668508393763,0.9953839538146103
49829625,Cc1cc(ccc1Nc1nc(c2nc[nH]c2n1)NC1CCCCC1)N1CCOCC1,1,0.367816091954023,2.964780430318468,0.9983118349158701
316789943,NC1CC(NC(=O)c2ccc(cn2)-c2cn[nH]c2)C21CCC2,1,0.38235294117647056,3.6108872870808084,0.997570778576171
29665183,COc1cccc(c1)-c1nnn(n1)Cc1cc(cc2cccnc12)F,1,0.4067796610169492,1.188169179873204,0.9991675745582174
43258693,O=C(N1CCOCC1c1ccn[nH]1)c1ccc2c(c1)CCCC2,1,0.3230769230769231,2.3681718687631053,0.9978710176123377
30446887,Cn1c(ncc1-c1ccc(cc1)F)NC(=O)CCC(=O)N1CC(=O)Nc2ccccc21,1,0.4155844155844156,2.706312251015539,0.9992200820225342
7683299,COc1ccccc1N1CCN(CC1)C1=NC(=CC(=O)N1)c1ccc(cc1)C,1,0.3582089552238806,2.127233649602333,0.9988269986941153
4759628,COc1ccccc1N1CCN(CC1)C1=NC(=CC(=O)N1)c1ccc(cc1)F,1,0.3582089552238806,1.9724685041846228,0.9989220454776901
309592,O=C1NN=C2C(=C1)CCc1nc(ncc12)N1CCCC1,1,0.2692307692307692,1.9628430910290755,0.998342919389066
309652,O=C1NN=C2C(=C1)CCc1nc(ncc12)N1CCCCC1,1,0.2641509433962264,1.465389709258268,0.9989622960998288
36695013,Cc1cnn(c1)C1CN(C1)CC1(O)CCCCC1,1,0.3793103448275862,2.0225965984346357,0.9988828243018296
48931495,CN(C)S(=O)(=O)c1cc(ccc1C)NC(=O)CN(C)C1CCCCC1,1,0.5294117647058824,3.5140035571979995,0.9971974421766727
30197060,CN(Cc1c(cccc1Cl)F)C(=O)c1ccc(nc1)-n1ccnc1,2,0.4411764705882353,2.1654777763812403,0.9979850211752178
29640121,CN(Cc1ccc(cc1)Cl)C(=O)c1ccc(nc1)-n1ccnc1,2,0.5344827586206896,1.9078550783534567,0.9980038412021537
30457837,Fc1cccc(c1)OC1CCN(CC1)Cc1nc2ccccc2[nH]1,2,0.5178571428571429,1.5676074125877386,0.998546833680724
2868274,Cc1csc(n1)Cc1nc(no1)-c1ccc(cc1)O,2,0.3333333333333333,1.729065354462047,0.9991303881665566
36635336,CN1CCN(CC1)C1=C2C=CC=CC2=Nc2ccc(cc2N1)Cl,2,0.2878787878787879,1.8752949101409067,0.997338935189348
303172217,CC1=C2N(C(=O)C(=C1)Nc1cc(ncn1)N)C1(CCCCC1)NC2=O,2,0.26865671641791045,3.232944014361801,0.9989527162697427
29676702,O=C1CCCN1C(=O)COc1cccc(c1)-c1nnco1,2,0.3484848484848485,1.628002149875682,0.9986792661934725
5662916,CC(C)(CO)NCCCCn1c2ccccc2c2ccccc12,2,0.2542372881355932,2.009402398724975,0.9984308851440441
327160,CNc1ncc(cn1)CN(C)CCN1CCCCC1,2,0.37254901960784315,2.7429081282465164,0.997518840618784
3030747,CCC(C)(C)c1ccc(cc1)Oc1ccc(cc1)NC(=O)CSc1cccc[n+]1[O-],2,0.3142857142857143,4.0052906261594465,0.9962290339262396
133851,Cc1ccc2n(c(cc2c1)C(=O)N1CCOC(C1)C(=O)N1CCc2ccccc2C1)C,2,0.37333333333333335,3.4551036163909306,0.9993248581583024
49292072,CN(C1CCCCCCC1)C(=O)COc1cc(on1)C,2,0.3793103448275862,1.7815787942159074,0.9986990643245363
31378890,O=C(NCC1(CC1)c1ccccc1)c1cccnc1,2,0.46938775510204084,0.8953384834796849,0.999218284826131
49343751,O=C(Nc1nnc2n1CCCC2)c1cscn1,2,0.5185185185185185,2.1369763686104974,0.9997636822383537
3593598,Clc1ccccc1-c1ccc(o1)C(=O)N1CCN(CC1)C(=O)c1ccccc1,2,0.32786885245901637,1.9865746902643868,0.9992791686361188
44563083,COC(=O)N1CCCN(CC1)C(=O)c1ccc(o1)-c1ccccc1Cl,2,0.36507936507936506,0.9156767988760722,0.9995391606795326
276236010,CCC(C)(C)N1CCN(CC1)C(=O)NCCc1cc(no1)C,2,0.36363636363636365,2.7684508303382085,0.998660526305712
30713459,CC(C)CC(=O)NCC(=O)N1CCCC1,2,0.4666666666666667,1.4496544415823853,0.9992482455088219
48745653,CC(C)NC(=O)Cn1nnnc1C(C)(C)C,2,0.5531914893617021,1.3496077207842672,0.999167706676914
313516885,CC(C)c1nnc(n1-c1cccc2nonc12)-c1ccc(nc1)-c1ccccc1,2,0.2727272727272727,2.125068234198465,0.9989076046243436
23998049,O=C(Cc1ccc2c(c1)CCC2)Nc1nc2ccccc2o1,2,0.33783783783783783,1.2825073099201885,0.9993976482000948
24039580,CCC(=O)N(C)CC(=O)Nc1cccc(c1)F,2,0.5882352941176471,1.5832814026571498,0.9993056540115705
301693590,CN(C1CCNC1)C(=O)c1cc(ccc1F)N1CCNC1=O,2,0.47761194029850745,1.7445755930887337,0.9996357523171319
301817626,CN(C1CCC(N)CC1)C(=O)c1cc(ccc1F)N1CCNC1=O,2,0.5,2.266306907724684,0.9989617719355087
300042043,Clc1ccccc1CNCc1ccc2c(c1)OCCO2,2,0.44,2.0092060621052092,0.9982908319494712
48242285,CCc1cnc(o1)CN1C(=O)NC2(CCC2)C1=O,2,0.4444444444444444,1.7455171153554647,0.9994813269553711
49350315,Fc1ccc(cc1)CNc1nnc(o1)-c1ccc2c(c1)OCO2,2,0.4032258064516129,1.9975387355442202,0.9988048030027183
222764757,CCCc1ncncc1C(=O)NCc1nncn1CCC,2,0.5079365079365079,1.4370866362186567,0.9992573651163532
49829625,Cc1cc(ccc1Nc1nc(c2nc[nH]c2n1)NC1CCCCC1)N1CCOCC1,2,0.367816091954023,3.5318598499939973,0.9983118349158701
32007436,Cc1cc(n(n1)-c1ccc(cn1)CNC(=O)c1ccc2c(c1)CCO2)C,2,0.5538461538461539,0.8397285275612862,0.9998341714021509
36950373,CC(C)(C)c1csc(n1)CCNC(=O)N1CCSCC1,2,0.5272727272727272,2.274401239887235,0.9992569675863552
33312531,Cc1noc(n1)C1CCN(CC1)C(=O)C1(CCC1)c1cccc(c1)F,2,0.37142857142857144,1.8828111960578249,0.998945759162509
44447021,Cc1ccc(cc1)N1CCN(CC1=O)C(=O)c1c(nc2sccn12)C,2,0.3235294117647059,2.13593375365389,0.9990069132876843
31325002,Cc1ccccc1CC(=O)N1CCN(CC1)C(=O)c1ccccc1,2,0.4,1.6240655774938717,0.9991459462157907
177361869,CN(C)c1nc(ncc1C)NCC1(CO)CCCC1,2,0.39344262295081966,2.826384262622226,0.997012870768643
48752236,Cc1cccc(n1)NC1CCN(CC1)Cc1ccncc1,2,0.4230769230769231,1.531617772160976,0.9996997940377815
49825510,Nc1ccnc2ccc(cc12)Oc1ccccc1,2,0.3103448275862069,1.4843631631108278,0.9995790243411591
73050098,Cc1ccnc(n1)N1CCC(CC1)OCC1CCCC1,2,0.38461538461538464,1.8819997343253174,0.9996405892575011
44712587,CCCOc1ccccc1C(=O)N1CC(C1)Oc1cccc(c1)OC,2,0.3561643835616438,1.9615162502516303,0.9993585803581831
31937832,CC(C)c1nc(cs1)CC(=O)N1CCCN(CC1)C(=O)C,2,0.31666666666666665,1.676625479944513,0.9995174443955757
232859404,COc1cccc(c1C(=O)N(C)Cc1ncc[nH]1)C,2,0.5344827586206896,2.6468184675190827,0.9963864237453645
36318534,Cn1ccc2c(cccc12)C(=O)Nc1ncn(n1)Cc1cccnc1,2,0.34328358208955223,1.9586995685923785,0.9995283276999744
49088031,Cc1cnc(nc1N1CCSCC1)N1CCSCC1,2,0.43902439024390244,2.113845547810883,0.9982842222046437
49874322,COc1ccc(c(c1)F)CN1CCC(CC1)c1nc(no1)C(C)C,2,0.47761194029850745,1.7692221454635049,0.9983039499600265
49082955,O=C(OCC1CCSCC1)c1cccc(n1)-n1cccn1,2,0.40625,1.5051391962208867,0.9991682859698277
48784525,NC(=O)COc1ccccc1C(=O)Nc1cccc(n1)-c1ccc2ccccc2c1,2,0.3898305084745763,2.261773419244121,0.997960323639474
49942166,Cc1oc2ccccc2c1CNc1nnc(o1)-c1ccncc1,2,0.5185185185185185,2.2253471639272124,0.9992647265286142
36269102,Cc1cc(cc(c1OCc1cccnc1)C)C(=O)N1CCOC(C)(C)C1,2,0.4838709677419355,2.0335555069880122,0.9985703708172942
49155634,COCC1(CC1)c1nc(nn1Cc1cccc(c1)Cl)-c1ccncc1,2,0.26865671641791045,1.0720177237336077,0.9992219318689646
235805596,CC(C)(C)C1=NN(CC2CN(C2)CC2(O)CCCC2)C(=O)C=C1,2,0.3793103448275862,2.3978256817375097,0.9992120282637409
205724941,OC1(CCCC1)CN1CC(C1)CN1N=C(C=CC1=O)C1CC1,2,0.3620689655172414,2.4450134968950197,0.9982831828505997
32099814,O=C(NC1CCCC1)C(=O)c1ccc2c(c1)CCC2,2,0.36538461538461536,1.3026983534187586,0.9995354824641425
49045390,CCc1cc(on1)CNC(=O)NC1CCN(CC1)CC1CCCCC1,2,0.45454545454545453,4.678059212964487,0.9982168310659026
280546,O=C(N1CCOCC(C1)Cc1cccc2ccncc12)c1cccc(c1)Nc1ncccn1,2,0.43037974683544306,2.0046403667492307,0.9987566420682207
177258756,CN(Cc1ccc(cc1)OC(F)(F)F)Cc1cn(nn1)C,2,0.3225806451612903,1.7059621918435495,0.9978118185933801
36671973,CN1CCN(C(=O)CCc2c(nn(c2C)C)C)c2ccccc2C1,2,0.4090909090909091,2.047658174598457,0.9987065547015512
232853784,CN1CCC(CC1)CN(C)c1nc(nc(c1Cl)O)C,2,0.31666666666666665,1.9516183028450407,0.9985814945241522
13329162,CN1CCN(CC1)S(=O)(=O)Cc1ccc(c(c1)Cl)Cl,2,0.36,2.0136625834534065,0.9977050386084684
13329354,CCN1CCN(CC1)S(=O)(=O)Cc1ccc(c(c1)Cl)Cl,2,0.34615384615384615,2.0895884762316084,0.9965506023850814
33351514,Cc1ccc(c(c1)OCc1c(ccc2cccnc12)Cl)C(=O)N,2,0.3770491803278688,1.755798678664516,0.9991151075377723
89942288,CC1(C)OCCn2c1nc1c(nc(nc21)-c1cnc(nc1)N)N1CCOCC1,2,0.2289156626506024,2.333541085989329,0.9986958557872518
30063543,O=C(CN1CCc2ccccc21)N1CCC(CC1)c1nc2ccccc2[nH]1,2,0.4576271186440678,2.1547719136839194,0.9984488040574638
324054153,CC1(C)Cc2cc(c(nc2O1)N1CCN(CC1)CC(F)F)NC(=O)c1cnn2cccnc12,2,0.620253164556962,2.959326781551382,0.99934426095437
43830470,Fc1ccc(cc1)CSc1nnc(s1)NC(=O)C1CCC1,2,0.3793103448275862,1.48183231170043,0.9992014194666445
3477427,Cc1nnc(s1)NC(=O)c1ccccc1-c1ccc(cc1)C(F)(F)F,2,0.41818181818181815,1.0695840312945064,0.998912839063146
36922856,Fc1ccc2c(c1)N(CCC2)CC(=O)N1CCNC1=O,2,0.6,2.1798621516049015,0.9980188293426763
49307701,Clc1cc2ncc(nc2cc1Cl)-n1ccnc1,2,0.3191489361702128,1.8525366393138596,0.9989193549073531
45736550,Cc1ccc(cc1)C(=O)C(=O)NC1CCCC1,2,0.4090909090909091,1.6533287634346827,0.9988944526144315
232872526,Cc1cc(cnc1C)C(=O)NCC1CCN(CC1)c1ccc2ccccc2n1,2,0.40298507462686567,2.051104336692584,0.998120237366052
206931104,CN(C)CCOc1ccc(cc1)-c1nc(c([nH]1)-c1ccc/2c(c1)CC\C2=N/O)-c1ccncc1,2,0.43243243243243246,4.233901156144271,0.9972429277578585
153307,CCn1c(nnc1C1CCN(C)CC1)SC,2,0.32075471698113206,1.7587083328399333,0.9982307607264856
36303318,CN(CC#N)C(=O)c1cccc(c1)CN1CCCC1,2,0.4393939393939394,2.06540698168664,0.9983770092843105
16252179,CCOC(=O)c1c([nH]c(c1C)CN(Cc1ccccc1)C(=O)c1ccccc1Cl)C,2,0.3548387096774194,2.214539229726876,0.9987516076605036
50282751,CC(C)OC(=O)N1CCC(CC1)Oc1ncnc2n(ncc12)-c1ccc(cc1F)S(=O)(=O)C,2,0.24468085106382978,2.455194289664624,0.9980056107921882
173035,Cc1noc(n1)C1CCN(CC1)CCc1ccccc1,2,0.423728813559322,1.7996733036860466,0.9986197020648121
222760164,CN(C)C(=O)c1cncc(n1)N(C)CCN(C)C1CCCC1,2,0.5,2.6316086335168025,0.9987579270304214
177499958,COc1ncnc(c1-c1cccc(c1)OC(C)C)C,2,0.5853658536585366,1.7367219121092683,0.9992907298920508
49300427,Cc1nsc(n1)NCc1cncs1,2,0.3404255319148936,1.6770819896474845,0.9997135750498793
23829815,O=C(N1CCN(CC1)Cc1cccnc1)c1ccccc1-n1cccn1,2,0.3793103448275862,1.3547564356737125,0.9993263084764753
53744933,Nc1n[nH]cc1-c1cc(ccc1Oc1cc(c(cc1Cl)S(=O)(=O)Nc1cscn1)F)Cl,2,0.26506024096385544,5.3816492825158715,0.9974445088728259
300003450,O=S(=O)(N1CCCNCC1)c1cccc2cnccc12,2,0.6274509803921569,1.3627688725531317,0.9993927413721446
50132153,CCc1ccc(cc1)S(=O)(=O)NCc1ccnc(n1)N1CCCC1,2,0.3220338983050847,1.5535063566012977,0.9985582945195528
15283106,COc1ccc(cc1)NC(=O)C(C)N1CCCN(CC1)c1ccc(cn1)C(F)(F)F,2,0.5441176470588235,1.8369953728847535,0.9990017178966141
485897,OC(=O)CCn1c2ccccc2c2ccccc12,2,0.3,2.328963932739208,0.9971452098680219
36622590,CCN1CCC(CC1)Nc1nc(cc(c1C#N)C)C,2,0.40350877192982454,2.6388630127388115,0.9970568011333486
222782402,O=C(C1CC1)N1CCC(CC1)CNS(=O)(=O)N1CCCCCC1,2,0.4642857142857143,1.8216681915214263,0.9989215139782697
53927369,Cc1cn(c2ccccc12)CCN1CCN(CC1)c1ccccc1-c1cc(cc(c1)C(=O)NCCCN1CCCC1)C#N,2,0.43209876543209874,8.619535080269813,0.9887187108358918
222793392,CCCc1cc(on1)CNS(=O)(=O)c1cc(ccc1C)-c1cnc(o1)C,2,0.578125,2.4150225671824743,0.9989956157718336
208359,CNC(=O)c1cc(ncn1)C1CCN(C)CC1,2,0.3492063492063492,1.4917359015590266,0.9985920342305429
3434817,Cc1ccc2c(coc2c1)CC(=O)NCc1cccs1,2,0.46551724137931033,2.172813383611405,0.9990403250573026
31923278,Cc1cc2ccccc2n1CC(=O)N1CCc2ccc(cc2C1)O,2,0.4,1.8873412516023047,0.998885122101211
784983,OC(=O)c1cc(ccc1O)/N=N/c1ccc(cc1)S(=O)(=O)Nc1ccccn1,2,0.273972602739726,2.676899512495989,0.9986471895699011
324059015,CC(C)(O)CCn1cc2cc(c(cc2n1)C(C)(C)O)NC(=O)c1cccc(n1)C(F)(F)F,2,0.5753424657534246,3.2188000869888,0.9989230628994175
49080339,CNC(=O)c1ccc(nn1)N1CCCc2cc(ccc2C1)OC,2,0.3559322033898305,1.482400080949759,0.9982807668849938
48759286,CN(C)c1noc(n1)-c1cc(nc(c1)O)C,2,0.30357142857142855,1.8265360658912144,0.9991878098588908
35743833,CNC(=O)c1ccc(cc1)CN(C)c1c(cc(cc1F)C#N)F,2,0.375,1.448430184717223,0.9967264457487675
49951840,Cc1cccc(n1)NCCN1C(=O)CCC1=O,2,0.46153846153846156,1.6316010541797656,0.9993032582571957
183407,COc1ccc(cc1)-c1nc([nH]c1C(=O)N)C1CCN(CC1)C(=O)c1sc(nc1C)C,2,0.38666666666666666,3.670661793191893,0.9992964162968236
197921,Cc1cc(cc(n1)C1CCCN(C1)CC(=O)Nc1ccc(cc1)F)Nc1ncccn1,2,0.6052631578947368,2.3375082887554965,0.9987374540571488
49968826,Cc1cccc(c1Cl)NC(=O)N1CCC(CC1)N1CC=CC1,2,0.5263157894736842,2.135349385932195,0.9992560044645427
31609908,CC(=C)COc1cccc(c1)C(=O)NCc1nncn1C1CCCCC1,2,0.37142857142857144,2.081141033183421,0.998931695117936
50612278,CCOc1cc(ncn1)N(C)CC1CCN(C)CC1,2,0.3333333333333333,1.9005278214221764,0.9984203397785977
49968178,CN(Cc1ccc(nc1)N)c1ncccn1,2,0.6,2.122268361918543,0.9982312822306402
49640518,Cc1nc2ccccn2c1CC(=O)NCCCSc1ccccc1,2,0.30158730158730157,2.0003274731905236,0.9988146056766571
25616683,CNc1nc(ncc1F)-c1cc(cc(c1)OC)OC,2,0.32608695652173914,1.5472262278027564,0.9994612393150987
1464553,Cc1ccc(cc1)NC(=O)Cc1c[nH]c2ccccc12,2,0.43137254901960786,1.4416861655715136,0.9993828899951108
260568164,CN(C)c1nc(nc(n1)Sc1ccccc1)N,2,0.32,2.183032981885883,0.9986851114188103
36915937,O=C(CCNc1ncccn1)N1CCc2ccccc2C1,2,0.38333333333333336,1.883144710318392,0.9988290784817209
49921682,Cc1cc(c2ccccc2n1)Cn1cnc(c1C#N)C#N,2,0.4716981132075472,1.5137615400054438,0.9994695140981825
3595726,O=C(NC1CCCC1)c1cc(nc2ccccc12)C1CC1,2,0.40350877192982454,1.7307452152178815,0.9991253843798841
36910847,O=C(CN1CCC(CC1)c1ccccc1)N1CCNC1=O,2,0.5,2.9194997859222505,0.9956432677870011
2873705,Cc1ccccc1-n1nc(cc1N)C(C)(C)C,2,0.4090909090909091,1.1083663654225018,0.9991947841180909
3409017,O=C(NCCc1ccc2c(c1)OCCO2)c1ccc2ccccc2n1,2,0.4406779661016949,1.7731190033382793,0.999044086132237
16692987,COc1ccc(c(c1)OC)C(=O)Nc1ccc2oc(nc2c1)C,2,0.4444444444444444,1.6448556167640156,0.9992017668960205
68882212,COc1ccc(cc1-c1cccc(c1)C(=O)NCCN1CCCC1=O)Cl,2,0.4383561643835616,1.9825839200396573,0.9981756976915116
1755438,Fc1ccc(cc1)SCC(=O)N1CCCC1,2,0.39622641509433965,0.4600717335370748,0.9997286792599781
43140484,CCOC(=O)c1cccnc1-c1cccc2ccnn12,2,0.4576271186440678,1.1939041000010293,0.9992100735523439
36951097,C1CN(CCN(C1)c1nc(ns1)-c1ccccc1)c1nccs1,2,0.46551724137931033,1.4177863026562947,0.999181005792632
43267241,O=C(CN1CCCC(C1)c1ccc2cn[nH]c2n1)N1CCCC1,2,0.5555555555555556,2.8905195034802778,0.9958268474870188
104336618,CN1CCCN2C(=O)N=C(OCc3cc(c(c(c3)F)Oc3ccc(nc3)C(F)(F)F)F)C=C12,2,0.2894736842105263,1.5331011056025292,0.9986820293014981
184567,CNC(=O)c1sc2ncccc2c1[C@H]1CC[C@@H](CC1)CNC(=O)CCc1ccccc1 |r|,2,0.3068181818181818,3.0717006690105517,0.9983910111418927
184569,CNC(=O)c1sc2ncccc2c1[C@H]1CC[C@@H](CC1)CNC(=O)COc1ccccc1 |r|,2,0.313953488372093,3.588491605118044,0.9989442083641988
68874464,CN(C1CCSCC1)C(=O)C1=CC(=C(C)N(C)C1=O)C,2,0.4,1.4269446380287303,0.9995653157553386
36987134,CC1CCC(CC1)NC(=O)c1oc2ccccc2c1CS(=O)C,2,0.4067796610169492,1.562408077296347,0.9989808056759956
28183660,COc1ccc(cc1)COc1ccc(cc1OC)Cc1cnc(nc1N)N,2,0.39622641509433965,3.274494617494376,0.9939132238695683
43990384,CCN(CCO)CC1=Nc2cc(c(cc2C(=O)N1)OC)OC,2,0.5084745762711864,2.1138542996145695,0.9988322250357892
31327400,CN1CCc2nc(sc2C1)NC(=O)c1cncn1-c1ccccc1,2,0.5666666666666667,1.742449712329487,0.9994724860761415
Z2380426119,NC1CCC(C1)C(=O)N1CCC(CC1)c1c[nH]c2ncccc12,2,0.5,2.29976346609859,0.9984847431610253
301949755,NC1CCCC1C(=O)N1CCC(CC1)c1c[nH]c2ncccc12,2,0.5,1.9601913171935046,0.9987204677804876
301949756,NC1CCCC(C1)C(=O)N1CCC(CC1)c1c[nH]c2ncccc12,2,0.4852941176470588,3.1767529019421845,0.9977982593798291
18915110,Cc1ccc(c(c1)C(=O)Nc1cnc2n(nc(c2c1)C)C)C,2,0.3709677419354839,1.6111784506995726,0.9994166535854634
4742397,CC(C)CCNC(=O)Cc1csc(n1)-c1ccc(cc1)C,2,0.4444444444444444,1.5558952406890822,0.999249743900547
31856931,CNC(=O)Cc1csc(n1)-c1ccc(cc1)C,2,0.4489795918367347,0.9008129661587767,0.9996462356596499
42966292,COC(=O)c1cc(c(c(c1)NC(=O)CCCc1ccccn1)C)F,2,0.3492063492063492,1.6607043686340763,0.9993995654745242
49144354,Cc1ccc2nc(c(cc2c1)-c1nc(nn1CCO)C)C,2,0.34375,2.0195905525624664,0.9990820088891984
265767,CC(C)c1noc(c1C(=O)N1CCOC(C1)c1cc(cc(n1)C)Nc1nnc(s1)C)C,2,0.6025641025641025,2.2960087107851934,0.9995218173518043
197589,Nc1nc(nc2nc(ccc12)C1CCCN(C1)CC(=O)N1CCCC1)-c1ccccc1,2,0.5454545454545454,1.833745074976342,0.998495961945226
43137136,CN(C)Cc1csc(c1)-c1nccn1-c1ccc2c(c1)N(C)C(=O)N2C,2,0.28,4.148748968063353,0.9990119782889151
48755148,CCNC(=O)C1CN(C1)c1nc(nc2c1CCC2)C1CC1,2,0.39344262295081966,2.0801401395095724,0.9990913984680841
2521907,O=C(CSc1ncn[nH]1)N(C1CCCCC1)C1CCCCC1,2,0.27586206896551724,3.0130537665298562,0.9967142250201092
45665715,CC(=O)N1CCC(CCNc2ccc3ccc(cc3n2)F)CC1,2,0.38461538461538464,1.9662835502540426,0.9982818277454582
25645386,FC(F)(F)c1cccc(c1)Oc1cccc(c1)C(=O)N1CCNC(=O)C1,2,0.5,1.586753604060801,0.997189120330607
53752266,FC(F)(F)COc1cccc(c1)CN1N=Cc2ccccc2C1=O,2,0.3,1.2285654235736116,0.9988270524605342
36335290,NC(=O)NC(=O)CCN(Cc1cccs1)c1cccc(c1)C#C,2,0.2923076923076923,2.2514093363934164,0.9976938336099064
36330868,NC(=O)NC(=O)CN(Cc1cccs1)c1cccc(c1)C#C,2,0.30158730158730157,2.894353468392995,0.9995356924681676
316046283,CCN1CCOC(C1)C(=O)N1CCC(CC1)c1cn[nH]c1,2,0.3287671232876712,1.7242815895322685,0.9983905323597362
37544502,Cn1nc(cc1N)-c1cc(cc(c1)F)F,2,0.3023255813953488,1.4211136478130102,0.9993482717089331
44699501,OCCCCCn1cc(nn1)-c1ccccc1-c1ccco1,2,0.3333333333333333,1.6670398915435227,0.9988998233556746
2017461,FC(F)(F)Oc1ccc(cc1)NC(=O)Nc1ccccc1,2,0.3902439024390244,1.8073748919358548,0.9973012417725179
43021928,CCCCOc1ccccc1-c1cc([nH]n1)C(=O)NCCc1cccs1,2,0.625,2.3182469669985752,0.9986141585570432
181210453,CCN(Cc1ccccc1)C(=O)c1cccnc1N,2,0.5319148936170213,1.3504343745625327,0.9986400295866462
602991,CCOc1ccc(cc1)-c1csc(n1)N,2,0.4090909090909091,0.9477235883950672,0.9990252185969398
Z1169976242,Cc1nc(no1)Cc1noc(n1)C1CCN(CC1)CC#C,2,0.359375,1.7033111870704625,0.9984862947559882
36922204,Cc1nnc(c(c1C)C#N)N1CCCSCC1,2,0.3090909090909091,1.8128742372263889,0.9978419904326803
35721780,CN1CCCN(CC1)C(=O)NCCOc1ccc2c(c1)OCO2,2,0.4264705882352941,2.4311326578361974,0.9987366105186234
27415022,CN(Cc1cccc(c1)C#N)Cc1ccccc1C#N,2,0.6086956521739131,4.0936204025288125,0.9967012401028732
299989682,CN1[C@@H]2CC[C@H]1C[C@@H](C2)OC(c1ccccc1)c1ccccc1 |r|,2,0.2653061224489796,1.4367699885506222,0.9990779219940362
1556512,Nc1ccc2n(cnc2c1)CCc1ccccc1,2,0.425531914893617,2.2457608955542177,0.9981501597879803
49435320,CNc1nc(nc(n1)N[C@H]1CCC[C@H](C1)C(=O)NCc1ccc(cc1C(F)(F)F)C#N)C |r|,2,0.2926829268292683,3.0899160182758996,0.9981852531350373
3573849,COc1ccc(cc1)-c1csc(n1)CC(=O)N,2,0.6363636363636364,2.228101433956666,0.9984956396400649
177427275,FC(F)(F)c1cccc2c1C(=O)N(CCc1ncc[nH]1)C=N2,2,0.31746031746031744,1.7260663370796323,0.9991615679200982
177461018,Cc1cccc2c1C(=O)N(CCc1ncc[nH]1)C=N2,2,0.328125,1.368414776301031,0.9992027993275004
30270890,Oc1ccc(cc1)-c1noc(n1)C1CC1,2,0.45098039215686275,2.0136139153273658,0.9980536276834671
232862115,COc1ccccc1-c1cc(nc(n1)-c1ncccn1)C(C)(C)C,2,0.6136363636363636,1.3049601526482406,0.9986259174767913
49346047,Cc1nccc(c1Cl)NC(=O)c1ccncc1Cl,2,0.5306122448979592,2.2669863254996474,0.9991570185150556
50897900,CCc1nc(c(nc1NC1CCOCC1)Nc1ccc(c(c1)OC)N1CCC(CC1)N1CCN(C)CC1)C(=O)N,2,0.3225806451612903,3.107974581620489,0.9982439772048888
44447553,Cn1cnnc1CCn1ccnc1-c1cc2ccccc2s1,2,0.47692307692307695,1.8486876426269172,0.9993273718621741
43375385,CC1(C)CN(CC(=O)NCC#N)c2cccc(c21)Cl,2,0.2898550724637681,1.2776744499285297,0.9992912193468018
1545812,Cc1cc(c(c(c1-n1cnnn1)C)S(=O)(=O)Nc1ccc2c(c1)OCO2)C,2,0.3333333333333333,2.7776965277009125,0.9979308726670085
1553046,CN(C)c1ccc(cc1)NS(=O)(=O)c1c(cc(c(c1C)-n1cnnn1)C)C,2,0.3548387096774194,1.9289030561431688,0.9979339294677626
222782930,CN(CCCC1CCCC1)CC1=CC(=O)NC(=O)N1,2,0.30158730158730157,2.4922606204008217,0.9965667837623897
27513231,Nc1nnc(o1)-c1ccc2c(c1)OCCO2,2,0.5454545454545454,2.4761750745858455,0.997570108068811
171961096,Cc1cccc(c1)OC[C@@]1(O)CN(CC[C@@H]1O)C[C@]1(O)CC[C@H](CC1)C(C)(C)C |r|,2,0.3888888888888889,6.237023889644817,0.9951549362345865
32176610,Fc1ccc(c(c1)F)SC1=NN2C=NC(=O)C(=C2C=C1)c1c(cccc1Cl)Cl,2,0.23684210526315788,1.600328716232982,0.9980240068016033
11904640,Fc1ccc(cc1)NCCN1C(=O)c2ccccc2C1=O,2,0.35555555555555557,1.5761795582994682,0.9995973385697992
23998591,Cc1ccsc1C(=O)Nc1nc2ccccc2s1,2,0.42,1.4276165451557365,0.999691479190704
50285533,Cc1ccc(cc1NC(=O)C=C)N1C(=O)C=Cc2cnc3ccc(cc3c21)-c1ccc(cc1)NS(=O)(=O)C,2,0.2826086956521739,2.405807556725923,0.9984611919718811
15967580,Cc1cc(n2ncc(c2n1)C(=O)Nc1cccc(c1)C(=O)O)C,2,0.5087719298245614,2.684461398492653,0.9987157052898676
43133355,CCc1ccccc1NC(=O)CCn1ccnc1-c1ccc2c(c1)OCO2,2,0.40625,2.453589003888549,0.9993010391425383
36332254,CN(CCN1CCCC1)C(=O)c1sc2nc(nc(c2c1C)C)C,2,0.5344827586206896,2.729630927433434,0.9977652988448286
31384184,COc1ccc(cc1)CCC(=O)N1CCCNCC1,2,0.42,1.925907837878077,0.9988004155765905
49165848,CCn1nc(nc1Cc1sc(nc1C)C)Cc1ccc(cc1)OC,2,0.3157894736842105,1.824457727655032,0.9984301279749308
335958,Fc1ccc(c(c1)CN1CCN2C(=Nc3ccsc3C2=O)CC1)F,2,0.4918032786885246,2.231062303029138,0.9990795095174341
417952,Fc1ccc(c(c1)F)CN1CCN2C(=Nc3ccsc3C2=O)CC1,2,0.4918032786885246,1.5326725025256505,0.999123248701915
13448534,Fc1ccc(cc1)CN1CCCN(CC1)c1ccc2nnnn2n1,2,0.3220338983050847,1.456903565786072,0.998451930732481
50406372,CN(c1ccc(cc1)NC(=O)Nc1ccc(cc1)OC(F)(F)F)c1ccnc(n1)Nc1cccc(c1)S(=O)(=O)N,2,0.3020833333333333,3.5904936986438316,0.9972383284166352
49944040,COc1cc(ccc1F)CCNC1CCC2(CC1)OCCO2,2,0.3382352941176471,2.17768914218736,0.9988234199855153
17268136,C1CN(CCO1)CCN(Cc1cccnc1)Cc1cccc(c1)Oc1ccccc1,2,0.6333333333333333,1.9703596118472113,0.9985191032810734
89940865,FC1(F)CCN(C1)c1cc(cc(n1)Nc1cc(ccn1)C#N)C1CCN(CC1)C1COC1,2,0.3188405797101449,3.94924790308246,0.9980638782082322
82738853,O=C(NCc1cnn2cccnc12)c1ccccc1-n1cnnc1,2,0.5423728813559322,2.1727487199395465,0.9994688325358249
17400188,COc1cc(c2c(c1)S(=O)(=O)N(COC1=CC(=O)N3C=CC=C(OCCN4CCCCC4)C3=N1)C2=O)C(C)C,2,0.325,4.614699231802871,0.9983650361732314
412756,COc1ccc(cc1)C1=C(N2C(=O)N(C)N=C2N=N1)c1ccc(cc1)OC,2,0.31666666666666665,1.3984634424967515,0.9988455573838569
49994071,Cc1nc(c2cnn(c2n1)C)N1CCn2ccnc2C1,2,0.574468085106383,3.777939120737882,0.9971326479682341
13534588,Clc1ccc2c(ncnc2c1)NCCN1CCOCC1,2,0.3333333333333333,1.7419942594623752,0.9988716046852455
46078321,Cc1ccc(c2c(cc(nc12)CN1CC(C1)c1ccccn1)O)C,2,0.3508771929824561,1.3931417731157865,0.9990069306880962
270775,Fc1ccccc1C[C@@H]1C[C@@H]2NC(=O)CCCC[C@H]2N1C(=O)c1cccc2ncccc12 |r|,2,0.32432432432432434,2.8645106039246793,0.9993376364944114
324071118,CC(C)Oc1cc(ccc1Nc1ncnc2sc(c(c12)C)C(=O)NCCCN(C)C)F,2,0.2839506172839506,2.955727829147329,0.9994165999851047
44436449,CCn1ccc2cc(ccc12)C(=O)N1CCN(C(=O)C1)c1ccc(cc1)C,2,0.3181818181818182,2.5785592876645267,0.9984759172685483
177431642,O=C(NCC1(CCCC1)N1CCCCC1)c1cnn[nH]1,2,0.5576923076923077,1.9318656785594475,0.998928117698545
11835068,O=C(Nc1ccc2c(c1)OCCCO2)c1cnn(c1)Cc1ccccc1,2,0.421875,1.6163393826794596,0.9986159050030542
321036,COc1ccc(c(c1C)C)CN1CCc2nc(nc(c2C1)O)-c1cccnc1,2,0.34285714285714286,2.1616031088056205,0.999007067407804
36989933,Oc1cccc(c1)/C=C/c1nc2ccccc2o1,2,0.375,1.6308635749197948,0.999279809856975
25831601,COc1ccc(cc1)N1N=C(C)/C(=C(\C)Nc2ccc(cc2)S(=O)(=O)N)C1=O,2,0.2948717948717949,2.0264167883236612,0.997408707150057
25831603,C/C(=C/1\C(=NN(C1=O)c1ccc(cc1)F)C)Nc1ccc(cc1)S(=O)(=O)N,2,0.2608695652173913,1.8354334637898126,0.9977111287776174
13397114,Cc1ccc(cc1)Cn1nc(c(c1Cl)C(=O)N)C,2,0.38461538461538464,1.6376186979880856,0.9984650016525793
32278090,COc1ccc2cc(ccc2c1)-c1[nH]c(nc1-c1ccncc1)-c1ccc(cc1)S(=O)C,2,0.2727272727272727,2.0158988069842634,0.998027389126262
32148273,CC(C)C(=O)Nc1ncn(n1)Cc1cccnc1,2,0.375,0.9489673334735925,0.9998604465792336
48295458,Cn1ccnc1-c1noc(n1)NCc1ccccc1,2,0.41509433962264153,1.757595801087846,0.9987941994972451
38281327,OC(=O)Cc1ccc(cc1)Oc1ccncc1,2,0.38095238095238093,3.5252873641732565,0.9938331886379951
44051471,COC(=O)c1cccc2c1CCCN2C(=O)c1ccccc1,2,0.3484848484848485,1.7681413970606894,0.9987232099870906
44051475,COC(=O)c1cccc2c1CCCN2C(=O)c1ccc(cc1F)F,2,0.37142857142857144,1.5938883273303692,0.9976445243634428
16664610,Cc1nc2cc(ccc2o1)NC(=O)CCc1c(nc2n(nc(c2c1C)C)C)C,2,0.639344262295082,2.617573112636899,0.9988454041798652
30016064,Cc1nn(c2ncc(cc12)C(=O)Nc1ccc2c(c1)CCO2)C,2,0.36764705882352944,2.5146514669031608,0.9998310006543532
16154631,Fc1ccc(cc1F)N1C=CN(Cc2ccccc2Cl)C(=O)C1=O,2,0.42,1.2588625818572072,0.9985455305071927
276241702,CC(C)Cc1ccccc1CNCc1ccc2[nH]cnc2c1,2,0.4807692307692308,3.2695625089604117,0.9952535931812627
43251541,CN(C1CCC1)C(=O)c1cc(nc2ccnn12)C,2,0.5490196078431373,1.1952924328378949,0.9991486773015023
177498530,CN(CCCC1CCCC1)C(=O)c1cc(nc(c1)C)C,2,0.5,2.0985528346935425,0.9987865336199561
43427775,Cc1cc(c2ccccc2n1)NCc1ccnc(c1)N1CCCC1,2,0.3880597014925373,2.942722039200972,0.9981496615742634
197317,CCCn1ncc2ccc(nc12)C1CCCN(C1)CC(=O)N1CCCC1,2,0.5072463768115942,1.8145104022852243,0.9985690516383091
41560058,CCC1(O)CN(C1)c1ncccc1C#N,2,0.52,0.8518609041388239,0.9991933136891694
44385386,Nc1nc(cs1)CN1CCN(CC1)c1ccc(cc1)F,2,0.3148148148148148,1.9621077952038115,0.9988153571713022
31239684,Fc1ccc(cc1)C1=C(NN(C1=O)c1ccc(cc1)Cl)c1ccncc1,2,0.3392857142857143,1.881209982963062,0.9986706560557252
29621147,Oc1ccccc1N1CCN(CC1)C(=O)c1ccc(nc1)-n1cccn1,2,0.4727272727272727,2.627735717304895,0.999327178590425
1527294,COc1ccc(c(c1)OC)CNc1ncc(n1C)-c1ccc2c(c1)OCO2,2,0.47619047619047616,2.9297663729382335,0.9975036477317338
53802705,COc1cccc(n1)CN(C)c1cc(ncn1)N1CCCC1,2,0.3181818181818182,1.5112127580193955,0.9992461609771882
3572643,CC(=O)N1CCC(CC1)(C(=O)Nc1nccs1)c1ccccc1,2,0.38028169014084506,1.5769508552900335,0.9991690565412313
36342840,N#Cc1ccc(nc1)N1CCc2c(ncn2C2CC2)C1,2,0.391304347826087,1.6232763165895367,0.9992371928891401
49084025,O=C(NCC1CCC2(CC1)OCCO2)c1[nH]nc2c1CCCC2,2,0.543859649122807,1.9066900639589035,0.999108911316742
82737339,NCCOc1cccc(c1)CC(=O)N1CCC(F)(F)CC1,2,0.625,2.357907334905365,0.9971222192309214
44566730,CCc1nnnn1Cc1noc2c1CCCC2,2,0.46296296296296297,1.326731698574208,0.9990372249148346
32083384,O=C(Nc1ccc2c3c(cccc13)CC2)c1ccnc(c1)-n1cncn1,2,0.4714285714285714,2.9199489721570777,0.9996039905730516
33339030,O=C(Nc1ccc2c3c(cccc13)CC2)c1ccc(cc1)-n1cncn1,2,0.3235294117647059,1.1764131927177515,0.9993965401415288
49330331,CN(CCC1CCCCC1)C(=O)c1ccon1,2,0.2982456140350877,1.5935269059540718,0.9981767800942699
300962268,Fc1ccc(cc1Cl)-n1cc(nn1)/C=C/c1ccnnc1,2,0.23076923076923078,1.7064597856378978,0.9979710888161748
49151417,COCCc1nc(n(n1)CCO)-c1ccccc1-c1ccccc1,2,0.4032258064516129,2.3179879205897245,0.9972206109691897
232880886,O=C(N(Cc1ccccn1)C1CCCCC1)c1ccccc1N1CCOCC1,2,0.35714285714285715,2.24369516646098,0.9988484565698001
313833267,Cc1cn2nc(cc(c2n1)C)C1=CC(=O)N2C=C(C=CC2=N1)N1CCNC2(CC2)C1,2,0.35714285714285715,3.805932343066566,0.9985663227860506
32437102,COCc1cc(ccc1OC)-c1nc(n[nH]1)CCc1ccccc1,2,0.4,1.125551864641873,0.999124294092684
35689572,CN(Cc1ccc(o1)C)c1ncnc2n(ncc12)C,2,0.4642857142857143,0.9732183722089083,0.9998570375064796
177344381,COc1cccc(c1Cl)CN1C=NC2=C(COCC2)C1=O,2,0.34285714285714286,1.4619866620458424,0.9992493969075529
1536313,C1Oc2ccc(cc2O1)CNC/C=C/c1ccccc1,2,0.37037037037037035,2.239216380790326,0.9980812091474301
1308759,O=C(CCc1ccccc1)Nc1ccccc1C#N,2,0.44680851063829785,1.5476873069195263,0.9982715077580016
383970,Cc1ccc(cc1)S(=O)(=O)N1CCC(C1)c1nnc(o1)-c1cccnc1,2,0.352112676056338,1.3572405829476886,0.9994510261518849
43251081,O=C(NCC1CC1)c1ccc(nc1)-n1ccnc1,2,0.6037735849056604,3.250144766006272,0.9983978225787972
49088739,CC(C)OCCS(=O)(=O)N1CCc2ccccc2CC1,2,0.46938775510204084,2.065062953035664,0.9990694285817475
31965105,Cc1csc(n1)NC(=O)CCc1ccncc1,2,0.5652173913043478,1.555946978531376,0.9993681623407988
496510,Cc1cnc(cn1)C(=O)NCCc1ccc(cc1)S(=O)(=O)NC(=O)NC1CCCCC1,2,0.5857142857142857,4.06231584197938,0.9959765043923486
1520446,CN(C)c1ccc(cc1)-c1nc2ccc(cc2[nH]1)C,2,0.3114754098360656,2.9452412464855606,0.9978976709646605
232863503,CCN1CCC(CCNc2ncc(c(n2)N(C)C)C)CC1,2,0.390625,2.8532083695375072,0.9973272976164147
45764946,CS(=O)(=O)CCNC(=O)N1CC2(CCCC2)c2ccccc21,2,0.3181818181818182,1.6302466071121067,0.9993819776781346
48786468,COc1nccnc1N1CCC(CC1)C(=O)Nc1cccc(c1)F,2,0.36619718309859156,1.9786442328019866,0.9991059390103563
36265861,N#Cc1cccnc1NCCc1cn2c(n1)CCCC2,2,0.5344827586206896,2.4484201028419545,0.9987280898469247
222774264,CN(Cc1nncn1C)C1CCN(CC1)c1ccccc1F,2,0.3114754098360656,1.9121568973282475,0.9990230942497039
222773330,CCn1cnnc1CN(C)C1CCN(CC1)c1ccccc1F,2,0.34328358208955223,1.053419669457575,0.9992088366374282
1311623,COc1ccc(cc1)CNCc1cccc2ccccc12,2,0.3888888888888889,2.1750997678267447,0.9992304531996201
49344419,Cc1ccc(nc1)OCN1CCCCC1=O,2,0.4126984126984127,1.2228442255657601,0.9994965260240206
93438921,CN1CCN(CC1)c1ccc(cc1F)Nc1nc(c2cc[nH]c2n1)Oc1cccc(c1)NC(=O)C=C,2,0.5714285714285714,6.722311432833113,0.9988014744718774
44501962,Cc1cc(no1)C(=O)NC1CCN(CC1)C(=O)c1cc(sc1C)C,2,0.3230769230769231,1.7494210470888318,0.9994597738827058
44581824,Fc1ccc(cc1)-c1cnc(o1)CN1C(=O)Oc2cccnc21,2,0.5294117647058824,2.025049135206547,0.9991897737019201
24053614,CN1C(=O)N(Cc2cccnc2)C(=O)c2ccc(nc21)C(F)(F)F,2,0.4,1.923533467346228,0.9987602800297177
171790267,COc1cccc(c1)O[C@H]1CCN(CC[C@@H]1O)C(=O)c1cc(on1)-c1ccc(cc1)F |r|,2,0.4166666666666667,1.7297375523470395,0.9993278836990065
171790224,COc1cccc(c1)O[C@H]1CCN(CC[C@@H]1O)C(=O)c1cc(on1)-c1ccc(cc1)C |r|,2,0.4225352112676056,2.1570046360636455,0.9988120579481307
171790057,O[C@H]1CCN(CC[C@@H]1Oc1ccccc1F)C(=O)c1cc(on1)-c1ccc(cc1)F |r|,2,0.42028985507246375,2.1635267504701075,0.9991855784240632
13419387,Cc1sc2nc(nc(c2c1C)N)CN1CCCC1,2,0.45614035087719296,2.085886622038633,0.9993374541218267
6892467,COc1cc(cc(c1OCc1ccc(cc1)Cl)Br)CNc1nnn[nH]1,2,0.3333333333333333,3.290265186880953,0.9923874370985183
6922052,CCOc1nc(n(n1)-c1cccc(c1)NC(=O)c1ccc(cc1)F)-c1ccc(c(c1)Cl)Cl,2,0.4305555555555556,1.5585246228403071,0.999178277204258
53833498,CC(C)CC(=O)N1CCC(CC1)CN1CCN(CC1)c1cc([nH]n1)C,2,0.35294117647058826,1.6883160249195415,0.9987424113593749
73050408,CN(Cc1ccc(cc1C)Br)C(=O)CO,2,0.36,2.292411612254636,0.9938426944323375
46036273,Cn1nc(c2c(cccc12)Cl)-c1cn(nn1)Cc1ccc(cc1)CO,2,0.3880597014925373,1.4616808817242641,0.999025757062164
24032918,Fc1cc(cc(c1)CNC(=O)c1ccccn1)F,2,0.4897959183673469,0.6864896211881449,0.9995528791211096
31836416,Fc1ccc(cc1)CNC(=O)c1ccccn1,2,0.54,1.5405080330848853,0.9995457737934849
53835106,CSc1cnc(nc1)N1CCCN(CC1)c1ncc(cn1)SC,2,0.32608695652173914,2.7752336838543417,0.9979982510075499
32018884,Nc1nc2ccccc2n1CCCc1ccccc1,2,0.5,1.759802261619184,0.9985578941532164
53882277,O=C1N2C=CC=CC2=NC2=C1CN(CC2)S(=O)(=O)C1CCCCC1,2,0.34328358208955223,1.850612871456457,0.9990672331803128
48269211,COc1ccc(cc1)CC(=O)Nc1ccc(nc1)F,2,0.45098039215686275,1.3167095351671347,0.9987623969730752
165247,Cc1nccc(n1)C1CCN(CC1)Cc1ncc[nH]1,2,0.5263157894736842,1.4414201330634842,0.9989816960487568
31966128,Cc1nc(cs1)CN1N=Cc2ccccc2C1=O,2,0.39622641509433965,1.2487878122406195,0.999221801224313
49322283,CC(C)c1nc(n(n1)C)NCc1cccnc1,2,0.4583333333333333,1.5030851605948998,0.9989522819410043
43245209,OC(=O)c1n(nc2ccccc12)Cc1ccccc1,2,0.3958333333333333,2.169422273325436,0.9985816503916962
23671374,Cc1ccc(s1)C(=O)Nc1ncccc1C,2,0.41818181818181815,0.9952351480928178,0.9998587422251571
49127244,NS(=O)(=O)N1CCN(CC1)Cc1c(cccc1N1CCCC1)F,2,0.58,1.8400807047519558,0.9985493836311508
13509338,Cc1cc(c(c(c1)C)NC(=O)CN1N=NN(C1=O)c1cccs1)C,2,0.43333333333333335,1.6186760021692022,0.9989052350104456
49672228,CC(C)COc1cc(cc(c1)-c1cncc(n1)C(=O)N1CCCC1)F,2,0.2972972972972973,1.6799142835277725,0.999398901729954
414840,Cc1cc(sc1C)C(=O)N1CCC(CC1)C(=O)c1ccnn1C,2,0.3013698630136986,2.9786515405460263,0.9983901225884098
329184,Cc1cnc(cn1)-c1nc(ncc1-c1onc(c1C)C)NCc1ccccn1,2,0.3466666666666667,2.145807773310991,0.9997472110510798
42964208,N#Cc1ccc(cc1)CN1CC(C1)n1cccn1,2,0.41818181818181815,1.9973324710723352,0.9959242878505742
50568787,CN(CC(=O)Nc1cc(cc(c1)F)F)c1ccnc(c1)C(=O)N,2,0.34375,2.2545731303286285,0.997723752415536
49972816,CN(CC(=O)Nc1cccc(n1)C)c1ncccc1F,2,0.4098360655737705,2.049386981514525,0.9982648129397852
68918136,CCOCCNC(=O)c1cccc(c1)-c1cc(ccc1OC)F,2,0.36486486486486486,1.4494033255104888,0.9984641211202681
271815,CN1CCCC(C1)Cc1cncc(n1)-c1scnc1C,2,0.2923076923076923,2.254516134339362,0.9988900746194862
24997821,Fc1cccc(c1CC(=O)Nc1cccc2cnccc12)Cl,2,0.453125,1.173177309702022,0.9988270552021689
177405420,CN(Cc1c(nn(c1C)C)C)C(=O)NCc1cnc(c(c1)C)C,2,0.5454545454545454,1.8804323970828167,0.9996661125166695
49946784,Cc1ccc(nc1)CNc1ncnn1C,2,0.4888888888888889,2.4665968458588505,0.9994054770525477
43272847,CC(C)CCNc1ccc(cc1)Cc1c(n[nH]c1C)C,2,0.25862068965517243,1.7121346325566926,0.9988116793220992
MCULE-7418747203,Cc1noc(c1CSC(=N)N1CCOCC1)C,2,0.3333333333333333,2.0068923737958273,0.9982792607854442
301143195,Oc1ccc2nc(ccc2c1Cl)/C=C/c1csnn1,2,0.48,1.5655305809855258,0.9994366904829142
49964398,Cn1cnnc1NC(=O)c1cnn2c1CCCC2,2,0.3548387096774194,1.9889067348669647,0.9996041687386548
232887379,COCC1(CCC1)CNC(=O)c1cc(cnc1O)Cl,2,0.45161290322580644,1.929725887270354,0.9974436469061166
49316037,N#Cc1ccc2nc(ccc2c1)NCCn1ccnc1,2,0.5094339622641509,2.1304142789606066,0.9990497113351726
44568872,CN1C(=O)Oc2cc(ccc21)Nc1cc(nc(n1)C1CC1)C,2,0.3484848484848485,1.805095011350516,0.9995792452538869
531049,COc1cc(cc(c1OC)OC)[C@H]1[C@H]2[C@H](COC2=O)[C@@H](O)c2cc3c(cc21)OCO3 |r|,2,0.25862068965517243,3.388080134825679,0.9983088430094162
82702441,CC1(C)CC(CC(=O)NCCn2ccnn2)CC(C)(C)N1,2,0.49056603773584906,1.8352852639302368,0.9984234224910676
313144331,N#Cc1ccc2ncnc(c2c1)N[C@H]1CC[C@@H](CC1)N1CCOCC1 |r|,2,0.43333333333333335,1.8236139942430432,0.9989958250320978
493944,CN1C(=O)N(C)c2ncn(c2C1=O)C,2,0.2982456140350877,2.7800156474386477,0.9982571089522014
35684677,COc1ccc(cc1CN1CCC(CC1)N1C(=O)Nc2ccccc21)F,2,0.5245901639344263,2.0191210959230537,0.9984001895368451
31929992,CN(C(=O)CNc1cccc(c1)-c1ccnc(n1)C)c1ccccc1,2,0.5932203389830508,1.5250560645432292,0.9992386894545374
73045134,CC(=O)c1ccc2c(c1)CCN(CC2)CC1CCC2(CC1)OCCO2,2,0.5660377358490566,2.4009737607894044,0.9981486197452933
32131885,CC(C)(C)N1CCCN(CC1)C(=O)CNc1ccc(cc1)C#N,2,0.47058823529411764,1.2646521260808314,0.999068617846245
LN00201761,Oc1ccccc1-c1ccc(cc1)-c1csc2nc(c(c(c12)O)C#N)O,2,0.2608695652173913,2.4516963515086863,0.9990225594212996
317396814,Cc1ccc(cc1)-c1ccnc(c1C#N)O,2,0.3191489361702128,2.7621106060402125,0.9971112488817951
32113613,CN(C(=O)COc1c(cccc1C)C)C1(CCC1)C#N,2,0.48148148148148145,1.7659309159764358,0.9994965555177893
37009919,FC(F)(F)Oc1ccc(cc1)N1CCC(CC1)NC(=O)N1CCC1,2,0.3620689655172414,1.7560093963298928,0.9978908085704228
181775,CNCc1cc(nc(n1)C1CCCN1C(=O)c1oc2ccc(cc2c1C)Cl)N(C)C,2,0.5897435897435898,3.2756104774530286,0.9987346856404224
44424625,Cc1ccc(cc1)-c1ccc(o1)-c1nccn1CCCn1cnnc1,2,0.3387096774193548,1.862606507021408,0.9993257815614912
36913784,O=C(CCCc1nc2ccccc2[nH]1)N1CCCC1,2,0.4583333333333333,1.3390802813872356,0.9989542553590538
3247549,Cc1sc2ncnc(c2c1C)OCC(=O)NC1CCCCC1,2,0.5396825396825397,1.7011575470834972,0.9991475543656096
43964901,CN(CC(=O)Nc1cccc(c1C)C)CC1=Nc2ccc(cc2C(=O)N1)Cl,2,0.3466666666666667,1.9231858984500438,0.9987690773844222
43881453,CN(CC(=O)Nc1cccc(c1C)C)CC1=Nc2ccccc2C(=O)N1,2,0.352112676056338,2.059038367782014,0.9990426956540037
495451,C1CN=C(Cc2ccccc2)N1,2,0.29545454545454547,3.434903928787499,0.9942268748027069
53873925,COc1ccc(cc1)CCC(=O)N1CCN(CC1)C(=O)c1cc2n(n1)CCCC2,2,0.3728813559322034,2.683961996750142,0.9992215499820594
171975111,CC(=O)NC[C@H]1C[C@]2(C)[C@@H](CCCC[C@]2(C)O)N1CC1(O)CCCC1 |r|,2,0.3103448275862069,4.539549757409974,0.9994006461993556
171974149,CC(=O)NC[C@H]1C[C@]2(C)[C@@H](CCCC[C@]2(C)O)N1CC1(O)CCOCC1 |r|,2,0.2857142857142857,3.8741129307233124,0.9988810139778689
49343397,COc1cc(ccc1Cn1ccnc1C(C)C)C#N,2,0.3793103448275862,2.064373754919257,0.9988084685053592
49942184,C(Nc1nnc(o1)-c1ccncc1)c1cncs1,2,0.6304347826086957,2.292959441420351,0.9989961384390754
48247754,Cc1ccc(cc1Br)C(=O)NC1CCN(CC1)CC#N,2,0.39344262295081966,1.2329529593620587,0.9992437146829809
49028063,Cc1nnc2ccc(nn12)NCCOC1CCCCCC1,2,0.3620689655172414,2.1952854028575097,0.9984482692553754
177380774,CN(C)S(=O)(=O)CCNC(=O)N(C)CCOc1cc(cc(c1)C)C,2,0.5517241379310345,1.3496366177604027,0.9985232137701272
31912359,CN(C)c1cc(ccn1)CNC(=O)C1CCOCC1,2,0.5833333333333334,1.7243885872971285,0.9987398582970166
42960950,Cc1ccc(cn1)CNC/C=C/c1ccccc1,2,0.38461538461538464,2.3487747869900213,0.9990488495998243
48763678,C1CC(CCO1)Nc1nnc(s1)Cc1ccccc1,2,0.46,1.5961885853492053,0.998089693074501
32230796,CN(CCOc1cc(ccc1C)C)C(=O)c1ccc2n(nnc2c1)C,2,0.3382352941176471,2.094992124090161,0.9980587038695687
29261445,COc1ccc(cc1)CNC(=O)c1sc2nc(cc(c2c1N)C)C,2,0.43548387096774194,2.0618237073029264,0.9988683136868872
31407175,COc1cc(c(cc1CNC(C)(C)C)OC)OC,2,0.32727272727272727,2.0538541817764706,0.9972384887086453
30569846,Cc1ccc(cc1)CN1C=CN(C(=O)C1=O)c1ccc(c(c1)F)F,2,0.39215686274509803,1.8306594440258475,0.999664472487588
104389046,Cc1cc(ccc1Cl)NC(=O)CN1N=C(C=CC1=O)C1CC1,2,0.39344262295081966,1.1141530415521606,0.9991606112890634
49003848,CC(=O)Nc1ccc(cc1)CNCCOc1ccc(cc1F)F,2,0.3548387096774194,2.2899908296759484,0.9978035291239136
177428613,Cc1n[nH]c(n1)C1CCN(CC1)C(=O)NC1CCN(CC1)c1ccc(cc1)F,2,0.35384615384615387,2.2116932427440847,0.9988434675136773
1933590,CC(C(O)c1ccc(cc1)O)N1CCC(CC1)Cc1ccccc1,2,0.32075471698113206,2.021558309818887,0.998689964629226
49139618,COCc1ccccc1COC(=O)c1ccc(nc1)C,2,0.40384615384615385,1.5465277236441848,0.9989400620116484
43488186,Cc1ccc2[nH]c(nc2c1)C1CN(C1)C(=O)Cc1cccc2ccccc12,2,0.4576271186440678,1.4087732251856202,0.9989084312305364
1516596,Cc1ccc(cc1)C(=O)COC(=O)c1cc(nc2ccccc12)O,2,0.328125,1.7491715181764487,0.9977718622147482
260081695,COCCOCc1ccc(cc1)C1=Cc2onc(c2C(=O)N1C)-c1ccccc1,2,0.2916666666666667,2.3134249501550537,0.9990033256712616
44508907,Cc1cnn(c1)Cc1nc(no1)Cn1cccn1,2,0.38333333333333336,2.7460349597198563,0.9989140459795882
25831727,COC(=O)CC/1=NN(C(=O)\C1=C(\C)NCc1ccc(cc1)OC)c1ccc(cc1)OC,2,0.4126984126984127,2.032049212002678,0.9991025084104591
35754411,CCN1CCc2ncnc(c2C1)N1CCNc2ccccc2C1,2,0.4482758620689655,1.6200898123253307,0.9989398599250786
49946002,C(Nc1ncccn1)c1cccc(c1)-c1cccnc1,2,0.5869565217391305,1.2097908910222455,0.9990280184491608
5799127,Nc1ccc(nc1)Oc1ccccc1F,2,0.3333333333333333,1.3992258573940475,0.9993243996277824
44466308,Cn1ncnc1COc1nn2c(nnc2cc1C1CCC1)-c1c(cccc1F)F,2,0.5068493150684932,0.39168609880740557,0.9999365330215235
198953,Cc1cccnc1Nc1cccc(n1)C1CCCN(C1)CC(=O)Nc1nccs1,2,0.5063291139240507,2.1201323071926783,0.999012229201384
365482,CC(C)C(=O)NC[C@H]1CC[C@@H](CC1)c1nn(cc1-c1cc(no1)C)C |r|,2,0.38961038961038963,2.657943001646048,0.9986678351412974
5736788,CN1C(=O)N(Cc2ccccc2C)C(=O)c2c1nc1n(c(cn21)C)-c1ccccc1O,2,0.26506024096385544,2.4091928108810943,0.9993063069705485
5736794,CN1C(=O)N(Cc2ccccc2Cl)C(=O)c2c1nc1n(c(cn21)C)-c1ccccc1O,2,0.31645569620253167,1.5007654713512788,0.9994623467002901
104388935,CSc1ccc(cc1)NC(=O)CN1N=C(C=CC1=O)C1CC1,2,0.32894736842105265,1.4876921724602135,0.9986072685283618
49328626,CC(C)CC(=O)Nc1cccnc1N(C)C,2,0.36538461538461536,1.6397463218436772,0.9988967597800638
36259510,COCCNc1ncnc2ccsc12,2,0.4117647058823529,2.4189102918462906,0.9986537455251642
177469670,CN(Cc1c(noc1C)C)C(=O)NCCc1nc(cc(n1)C(F)(F)F)C,2,0.609375,1.6473311749616322,0.9989042662899064
31348551,O=C1Nc2ccccc2N1C1CCN(CC1)CCc1ccccn1,2,0.6296296296296297,2.2422867791609913,0.9983787262168243
31619881,CC(C)c1cc(no1)CN(C)Cc1c[nH]nc1-c1ccc(cc1)F,2,0.4032258064516129,1.5384111934065405,0.9993227519188653
46092427,COc1ccc(c(c1)OC)Cc1ncnn1-c1ccc2c(c1)OCO2,2,0.3026315789473684,1.4308480003132196,0.9991659045913674
36262171,Cc1nn(c(c1CCC(=O)N1CCCc2ncccc21)C)C,2,0.4918032786885246,2.269588508959225,0.9984546145282216
6809286,O=C(NCc1ccccc1)c1ccc(cc1)NS(=O)(=O)c1ccc(cc1)C1CCCCC1,2,0.3698630136986301,3.117330268033746,0.9956436836865566
49679970,CCCN(C1Cc2ccccc2C1)C(=O)c1c(onc1CC)C,2,0.3,2.136696047639642,0.9988953201212889
197915,Cc1cc(cc(n1)C1CCCN(C1)CC(=O)N1CCCC1)Nc1cnccn1,2,0.6268656716417911,3.4910007161271626,0.9984754502550471
258223286,C1CC(CCO1)n1cc(cn1)Nc1ncc2nnn(c2n1)-c1ccc2cn[nH]c2c1,2,0.32926829268292684,4.26480187113095,0.9995636908157824
301023837,COc1cc(cc2c1OCO2)CN1CCCNCC1,2,0.3389830508474576,1.7805754687739,0.9981346037867331
53882535,CCNC(=O)N1CCC2=C(C1)C(=O)N1C=C(F)C=CC1=N2,2,0.603448275862069,1.4287931970724885,0.9992671483433861
48439112,OC(=O)c1cccc(n1)N1CCC(CC1)Oc1ccc(cc1)Cl,2,0.32786885245901637,2.1266062164868718,0.9980862530811643
49944058,CCn1nccc1CNc1nnc(o1)-c1ccc(cc1)OC,2,0.46938775510204084,1.6395581721922328,0.9989209449338742
226819,CN1CCC(C1)Cc1cccc(n1)-c1nccs1,2,0.38333333333333336,1.8173667764099632,0.9988548847226801
876432,COc1cc2ncnc(c2cc1OCCCN1CCOCC1)Nc1ccc(c(c1)Cl)F,2,0.42857142857142855,2.3275300212886494,0.998694297405933
206429,CN1CCC(CC1)C(=O)N1CCC(CC1)c1cc(c2c(n1)CCNC2=O)C(F)(F)F,2,0.34146341463414637,2.592572853364544,0.9984527620405146
206425,CN1C=C(C=CC1=O)C(=O)N1CCC(CC1)c1cc(c2c(n1)CCNC2=O)C(F)(F)F,2,0.3372093023255814,2.755814035816123,0.9981545295856618
32033566,COc1ccccc1CNC(=O)C(C)N1CCCN(CC1)c1ccccc1C#N,2,0.4794520547945205,1.7478478194620708,0.9991551515548235
33360977,O=C(CN1CCc2ccccc21)N1CCC(CC1)C(=O)Nc1nccs1,2,0.4426229508196721,1.603938278115114,0.9996637443177935
14371708,CC(C)NC(=O)c1cn(nc1-c1ccccc1)-c1ccccc1,2,0.4107142857142857,1.0222465456044987,0.9997476053885118
31919176,CN(Cc1c(noc1C)C)C(=O)c1ccc(nc1)C,2,0.3898305084745763,1.8840376853985075,0.999326009413825
232861763,CCOCC(=O)Nc1cccc(c1)CN1CCCC1,2,0.4166666666666667,1.5532868376446034,0.9979971707527161
35765811,CN1CCN(CC1)C(=O)C1(CCCC1)NC(=O)c1ccc(cc1)C(F)(F)F,2,0.375,2.1759186565675153,0.9983323398465075
36662114,CS(=O)(=O)Cc1ccn(n1)-c1ccccc1,2,0.5227272727272727,0.6923900634757754,0.9992455229418873
48819726,CC(C)c1nnc(n1C)CNc1ncc(cn1)Br,2,0.42,1.8672527948833089,0.9990650394384872
11995039,Fc1ccc(c(c1)F)NC(=O)N1CCn2c1nc1ccccc21,2,0.3235294117647059,0.9512828180937927,0.999418327479842
16159378,O=C(CN1C(=O)c2cccn2-c2ccccc21)NCCCN1CCCC1,2,0.47540983606557374,3.1147142726100627,0.9983680662653744
48788735,Cc1ccnc(c1NS(=O)(=O)c1ccccc1C)Cl,2,0.2698412698412698,1.0199593129138689,0.9991754572402698
30043512,CN(Cc1ccccc1Br)C(=O)Nc1ccc(cc1)C(=O)N1CCCC1,2,0.5689655172413793,1.8741870237521017,0.9990490268471955
50310131,COCc1ccccc1CNc1ccc2nnc(n2n1)-c1ccccc1,2,0.4098360655737705,2.003880235942229,0.9991201650791688
139887,COc1cccc(c1)CN1CCC(CC1)(Cc1ccc(cc1)-c1cccnc1)C(=O)N,2,0.5915492957746479,2.690959865921642,0.9988914431041102
139895,NC(=O)C1(CCN(CC1)Cc1cccc(c1)Cl)Cc1ccc(cc1)-c1cccnc1,2,0.5942028985507246,1.356455675647932,0.9991590268392531
50897890,Cc1c(ccc2n(c(cc12)C#N)Cc1cn[nH]c1)CN1CCC(CC1)Nc1ncnc2sc(cc12)CC(F)(F)F,2,0.42105263157894735,8.110490614013115,0.9973567975575528
50897886,Cc1c(ccc2[nH]c(cc12)C#N)CN1CCC(CC1)Nc1ncnc2sc(cc12)CC(F)(F)F,2,0.4588235294117647,5.947748901895871,0.9984374595826889
50550848,COC1=CN(N=C(C1=O)c1ccnn1-c1ccccc1)c1ccc(cc1F)-n1cccn1,2,0.2916666666666667,2.316547646823289,0.9987851346198234
32130309,Fc1ccc(cc1F)-c1cnc([nH]1)C1CCN(CC1)C(=O)C1CCC1,2,0.3793103448275862,2.9447390376736347,0.998193947466893
60174709,Nc1nc(c2c(cccc2n1)OCC1CCN(CC1)Cc1c(cccc1Cl)Cl)N,2,0.3582089552238806,3.6177866161508083,0.997094160020563
411872,CCCCN1CCc2nc3cc(nn3c(c2C1)O)C1CC1,2,0.42424242424242425,2.2996349710332975,0.9984876140682533
319188,CC(C)CCN1CCc2nc3cc(nn3c(c2C1)O)C1CC1,2,0.37681159420289856,2.218236236291888,0.998424880053433
43212065,CCc1cc(on1)CN(C)c1nccc(n1)-c1ccc(nc1C)C,2,0.2878787878787879,1.6392784998285037,0.9989398326128707
231817334,CSc1ncccc1C(=O)Nc1ccc(cc1)N1CCCCC1=O,2,0.5,1.904085607318867,0.9991883035895092
45668511,Cc1cc(c2c(c1)CCCN2C(=O)c1ccc(cc1)-c1nnc(o1)C)C,2,0.34210526315789475,2.623213868520722,0.9993859144462819
31341416,CCc1nc2ccccc2n1CC(=O)N1CCNC(=O)C1,2,0.4375,1.6644948182555332,0.9989917687128812
24140848,O=C(NCc1nnc2n1-c1ccccc1CC2)c1ccc2ccccc2c1,2,0.6101694915254238,1.821967068856959,0.9982189621662491
104352855,O=C(CSC1CCCC1)NCCN1N=C2CCCCC2=CC1=O,2,0.5714285714285714,1.9908367587521778,0.9985537145133727
24465856,Oc1c(ccc2ccccc12)C(=O)N1CCN(CC1)C(=O)c1cccc(c1)Cl,2,0.5370370370370371,1.5461704304505786,0.9991665075864824
82721257,O=C(NCc1nc(n[nH]1)-c1cnccn1)C1Cc2ccccc2C1,2,0.4262295081967213,4.8580954086962365,0.9991157175815889
49956558,CCS(=O)(=O)N(C)c1ccc(cc1)N(C)C,2,0.2857142857142857,1.0728951486514442,0.9977564565403748
1360373,CCOC(=O)Nc1ccc2c(c1)N(C(=O)CN(CC)CC)c1ccccc1CC2,2,0.5636363636363636,1.9016892490623034,0.9987417037588087
53808517,CCCS(=O)(=O)NC1CCN(CC1)Cc1ccc(c(c1)OC)C,2,0.5081967213114754,2.0282615709025227,0.9987996350924367
30151586,CN(c1ccc2c(n(nc2c1)C)C)c1ccnc(n1)Nc1ccc(c(c1)S(=O)(=O)N)C,2,0.2727272727272727,3.711527987231304,0.9988848988814102
31854715,CNC(=O)CCc1nc(no1)-c1ccccn1,2,0.4716981132075472,1.1046537919184054,0.9995040170469003
32444473,CN1CCN(CCOc2ccccc2N)CC1,2,0.5,1.8937436468542166,0.9977701907282691
19996324,O=C(CSc1ccc2c(c1)OCCO2)NC1CCCC1,2,0.6304347826086957,1.2851599122287567,0.9988973506999501
552358,CN(C)CCNc1c2c(c(c3nc4ccccc4n13)C#N)CCCC2,2,0.28169014084507044,2.393218753060352,0.9987304127703807
177388619,CCc1nc(cc(n1)N1CCCC2(CCNCC2)CC1)C,2,0.5094339622641509,2.9334616070437,0.9984902711048697
30599464,CCN1C(=O)Oc2cc(ccc21)NC(=O)c1ccc(cc1)C(C)(C)C,2,0.46938775510204084,2.0106446727356415,0.998030051294912
300014701,CC(C)CC(NC(=O)C(O)C(N)Cc1ccccc1)C(=O)O,2,0.27692307692307694,1.8285373936558948,0.9990754792937233
18815715,Fc1ccc(cc1)CNC(=O)c1ccc(nc1)-n1ccnc1,2,0.6363636363636364,3.071478634143518,0.9989528782901337
24034759,CCc1nnc([nH]1)Sc1nc2cc(nn2c2ccccc12)C,2,0.5818181818181818,1.9342740240201652,0.9997226695119379
5536034,Cc1ccccc1CSc1ccc(nn1)-c1ccccn1,2,0.2698412698412698,1.6439972627715767,0.9991429220686119
43389174,CS(=O)(=O)CCNc1ccc2ccc(cc2n1)F,2,0.2962962962962963,1.334026986233745,0.9982938953438016
31618239,CSc1ccc(cc1)CN(CCO)C(=O)CCc1cccc(c1)F,2,0.296875,2.123183458864985,0.9978675213731679
177485348,OCC1(CCCC1)CNC(=O)CN1CCCC1=O,2,0.4528301886792453,1.9842378889637686,0.9983711486130048
49965014,CCC1(O)CN(C1)c1ncnc2n(nc(c12)Br)C,2,0.25757575757575757,2.421144770558115,0.999531801660266
29578860,Cc1cc(on1)C(=O)Nc1cccc2ncccc12,2,0.46296296296296297,1.0930933171518398,0.9995823373668594
300445634,CN(C)CCOc1cc(ccc1NC(=O)C1COc2ccccc2O1)-c1cn[nH]c1,2,0.2857142857142857,2.476233631949654,0.9977512006223366
32015702,CN(C1CCCCC1)c1ccc(cc1F)NC(=O)N1CCCN(CC1)C(=O)C,2,0.40298507462686567,2.352495908604902,0.9990648919329604
82702429,COc1ccc(cc1)-c1ccc(cn1)Cn1nc(cc1C)C,2,0.3220338983050847,1.9670948121531624,0.9989393393189565
177470998,COc1cc(cc(c1OC)OC)-c1ccc(cn1)Cn1nc(cc1C)C,2,0.3230769230769231,2.610129307141674,0.9988821397551757
49951580,CN(C)CC(=O)Nc1nc(ns1)-c1sccc1C,2,0.3225806451612903,1.6518323159455301,0.9992677523798243
23966628,Cc1ccc2nc3c(c(c2c1)C(=O)NCc1nnc2n1CCC2)CCCC3,2,0.6212121212121212,1.9212141994064602,0.999124655757202
48237764,Clc1cccc(c1)CNc1nc(no1)C1CC1,2,0.40350877192982454,1.1490343772055716,0.9987031491055316
32176408,CC(=O)C1=C(C)c2cnc(nc2N(C2CCCC2)C1=O)Nc1ccc(cn1)N1CCNCC1,2,0.3402061855670103,3.062523306033974,0.9993664205179287
320312,CCc1cc(nc(n1)C1CCN(CC1)C(=O)C1CC1)N1CCOCC1,2,0.373134328358209,2.3499872340075316,0.9993204795858166
48355585,CCOCC(=O)NCc1cc(n(n1)C1CCCC1)C1CC1,2,0.2876712328767123,1.7498651376604673,0.999583848423353
48355573,CCC(=O)NCc1cc(n(n1)C1CCCC1)C1CC1,2,0.32142857142857145,1.9393282342092082,0.9995974846232393
104348771,C1Cc2nnc(n2C1)CN1CCc2ccccc2C1,2,0.39655172413793105,0.7316255873054653,0.9995080373606364
32009682,Cn1cc(cn1)CCNC(=O)N1CCc2sccc2C1,2,0.6,1.5776878652004667,0.9993733575711963
44053085,COc1cccc(c1)C(=O)NCC(=O)Nc1cccc2c1CCCC2,2,0.43548387096774194,2.3712273193436246,0.9964263196275224
177418075,COCC(C)(C)C(=O)N1CCCC2(CCNCC2)CC1,2,0.34545454545454546,2.035382273677135,0.9988125753220831
Z224124934,Cc1nn(c2sc(cc12)C(=O)N1CCC(CC1)(C(=O)O)c1ccccc1)C,2,0.391304347826087,3.68271055066809,0.9959730519326319
140213,C=CCNC(=O)C1(CCN(CC1)C(=O)c1cccnc1)Cc1ccc(cc1)-c1ccccc1,2,0.4507042253521127,2.4446891417932686,0.9983806810252605
136045,COc1ccccc1-c1ccc(cc1)CC1(CCOCC1)C(=O)NC1CC1,2,0.5538461538461539,1.5910512248195334,0.9994695902603026
31931312,O=C1Nc2ccc(cc2O1)-c1csc(n1)CCN1CCCC1=O,2,0.5901639344262295,3.598487182136502,0.9976828896493121
181831,CNCc1cc(nc(n1)C1CCCN1C(=O)c1ccccc1-c1ccccc1)N(C)C,2,0.640625,2.0636397456921673,0.9990064290830394
341560,Cc1ccc(cc1)C1(O)CCN(CC1)Cc1cn(c2ccc(cc12)F)C,2,0.48333333333333334,2.404029117960098,0.9988014594793959
11957669,CC1CCN(CC1)Cc1nc(c2c(c(sc2n1)C)C)N1CCN(CC1)c1cnccn1,2,0.5538461538461539,3.3151592721916168,0.9990317789366026
43241548,CC(=O)Nc1cc(ccn1)CCC1CCNCC1,2,0.31666666666666665,1.670593008484872,0.9983806077092262
415550,COCCCNc1ncc(c(n1)C(C)C)-c1cc(no1)C,2,0.47761194029850745,1.1243242414897776,0.999399214784532
177285754,CCC(C)(C)N1CCN(CC1)C(=O)Nc1cnn(c1C(F)F)CC(C)C,2,0.28169014084507044,2.9392504146467537,0.998391144170777
36311460,CN(CC(=O)Nc1ccc(cn1)C)C(=O)c1ccccc1F,2,0.42592592592592593,1.3085973406668208,0.9995184239170471
313515615,Fc1cc(c(nc1Cl)Cl)C1=CC(=O)n2nc(c(c2N1)-c1ccccc1)C(F)(F)F,2,0.225,2.639563410868989,0.9998074311088136
35700952,Cc1oc(c(c1Br)C(=O)N1CCNC(=O)C1)C,2,0.44680851063829785,1.3451944097413087,0.9996836245968473
73023165,CC(=O)Nc1ccccc1CN1CCC(CC1)c1nnc2ccccn12,2,0.546875,2.366866282661373,0.998938313336267
82720833,CCC(=O)Nc1ccc(c(c1)NC(=O)N1CCC(=CC1)C)F,2,0.3333333333333333,2.1546821111243024,0.9991749874695568
11826916,Nc1nc2c3ccccc3oc2c2ccccc12,2,0.34,1.6904700529733803,0.9997368309652347
32037496,N#Cc1ccccc1OCc1csc(n1)-c1ncccn1,2,0.3103448275862069,1.2281571560676525,0.9992321875982662
44585808,Cc1csc(n1)N(C1CC1)C(=O)c1ccc(c(c1)F)-n1cncn1,2,0.43661971830985913,1.3767367213813921,0.9994231324000938
48217798,CN(Cc1ccc(cc1)C(=O)O)C(=O)c1ccnn1C,2,0.42857142857142855,3.44446831891363,0.9952390255465922
72972951,CC#CC(=O)N1CCC[C@@H]1c1nc(c2c(nccn12)N)-c1ccc(cc1)C(=O)Nc1ccccn1 |r|,2,0.34523809523809523,3.9227237985866426,0.9981546416397837
25041311,Cc1nnc(o1)-c1ccc(nn1)N1CCC(CC1)Oc1cc(ccc1Cl)F,2,0.43661971830985913,2.1340046860303703,0.9964591173053059
72972985,CC(C)(O)CNc1nc(nc(n1)-c1cccc(n1)C(F)(F)F)Nc1ccnc(c1)C(F)(F)F,2,0.3815789473684211,5.354260639901857,0.998814278736142
31507610,Cn1cc(cn1)-c1ccc2nnc(n2n1)C(F)(F)c1ccc2ncccc2c1,2,0.2894736842105263,2.9293953300980484,0.999563494692344
18822495,O=C(CCN1C(=O)CCC1=O)Nc1cccc2ncccc12,2,0.41818181818181815,1.5493595451028073,0.9994346734416902
49929056,CC(C)CCn1ccc(n1)NC1CCN(CC1)C(C)C,2,0.38181818181818183,3.0684636220754653,0.9985491773401967
258731,COc1cccc(c1)S(=O)(=O)N1CCOC(C1)c1c(sc2ncccc12)C(=O)N,2,0.32989690721649484,2.6695141880122586,0.998991148707498
49939748,N#Cc1ccc(o1)CNc1cnc2ccccc2c1,2,0.3448275862068966,1.4447788758147755,0.9995084259282588
222751297,FC(F)Oc1ccc(cc1)S(=O)(=O)NCc1n[nH]c2c1CCCCC2,2,0.30434782608695654,1.8760586344781993,0.9988205404641498
49997748,Cc1ccc(cc1)-n1nc(cc1C)NCc1cnn(c1)C,2,0.43859649122807015,2.5546077976865273,0.9992292238521517
48242383,Cc1cnc(s1)CNCc1cccc2c1OCO2,2,0.3114754098360656,1.91796141775564,0.9993021675634929
30435883,Cn1cnnc1-c1cccc(c1)NS(=O)(=O)c1cc2c(cc1Cl)OCCO2,2,0.5072463768115942,1.8453417027749597,0.9983836886768218
30020911,Cn1cnnc1-c1cccc(c1)NS(=O)(=O)c1ccc2c(c1)OCCCO2,2,0.6,2.170311267998387,0.9983843834663052
48347951,O=C(Nc1ccc2sccc2c1)N1CCCN(CC1)C(=O)Oc1ccccc1,2,0.38095238095238093,2.190709017646747,0.998983583637816
147149,Cc1nc(ccc1C(=O)N)[C@H]1CC[C@@H](CC1)CNC(=O)CN1CCC(CC1)c1ccccc1 |r|,2,0.527027027027027,3.780683668333249,0.997310212185923
44462124,CN(C)CC(=O)N1CCC(CC1)c1ccc(c(c1)C1=CCCCC1)NC(=O)c1nc(c[nH]1)C#N,2,0.2441860465116279,5.653148237929181,0.9986838303559212
49093836,Cc1ccc(cc1)S(=O)(=O)N1CCOc2ccncc21,2,0.3125,1.4474097553906369,0.9973031592816088
48312238,O=C1CCCN1NC(=O)c1ccc(cc1)OCC#C,2,0.3188405797101449,1.0165923470103957,0.9993324142931103
49960790,CC1(C)CCCN1C(=O)c1c(cc(cc1F)C#N)F,2,0.34615384615384615,1.9669448390843693,0.9990725351704685
183257,CCOc1ccccc1C(=O)N1CCC(CC1)c1nc(c([nH]1)C(=O)N)-c1ccc(cc1)OC,2,0.32954545454545453,2.9120980409320825,0.9989522841798184
207489,Fc1cccc(c1)-c1c[nH]nc1C1CCCN(C1)C(=O)CCc1ccc(cc1)Cl,2,0.6376811594202898,2.0533830621687024,0.9990697617122832
17120607,NCC(=O)Nc1ccc(cc1)-n1nc(cc1-c1ccc2c(ccc3ccccc32)c1)C(F)(F)F,2,0.27631578947368424,2.0792452957745713,0.9988073606459618
49055884,CSC1(CCOCC1)CNc1cc(nc(n1)C)C,2,0.3230769230769231,1.8230841999203042,0.9985698848026007
1543632,CCOc1ccc(cc1)C(=O)Nc1cc(ccc1N1CCN(CC1)C(=O)C)C(=O)OC,2,0.45614035087719296,2.142112041887271,0.9988836878737462
300964829,Cn1cc(cn1)-c1ccnc(n1)/C=C/c1ccc(cc1Br)F,2,0.2875,2.443738529384657,0.9977354379818827
36931743,O=C(N1CCN(CC1)Cc1ccccn1)C1(CCCCC1)C#N,2,0.3484848484848485,2.0540323755965737,0.9993749358292783
301492332,O=C(NC1CCNCC1)c1ccc2[nH]ncc2c1,2,0.4067796610169492,2.671531208876091,0.9987450372320612
299987327,COc1cc2nc(nc(c2cc1OC)N)N1CCN(CC1)C(=O)c1ccco1,2,0.33783783783783783,2.13334010415561,0.9989317626634552
104336605,Cc1c(nnn1Cc1ccc(c(c1)Cl)Cl)C(=O)Nc1ccc(cc1)CO,2,0.3333333333333333,2.3887528126619673,0.9985806054405758
54864400,CN1CCN(CC1)c1ncncc1-c1nc(no1)-c1ccccc1,2,0.3333333333333333,1.7057215482020538,0.9982097505406435
32236728,OCC1CCCCN1Cc1ccc(c(c1)Cl)Cl,3,0.6428571428571429,2.083223223756859,0.9994103485652287
1539152,COc1ccc(cc1)Nc1nc(nc(n1)CN1CCN(CC1)Cc1ccccc1)N,3,0.36923076923076925,2.428933304971408,0.9988359032375602
50283408,FC(F)(F)c1cc(cc(c1)C(F)(F)F)-c1ncn(n1)/C=C\C(=O)NNc1ccccn1,3,0.2604166666666667,3.7473697442335823,0.9961649702515974
49383511,FC(F)(F)c1cc(cc(c1)C(F)(F)F)-c1ncn(n1)/C=C\C(=O)NNc1cnccn1,3,0.2736842105263158,6.85986880341025,0.9904968254360154
43881116,CN(CC1=CC(=O)N2C=C(C)C=CC2=N1)Cc1cccc(c1Cl)Cl,3,0.25757575757575757,1.6975220175303207,0.998776336476481
8049874,C(Oc1ccccc1)c1nc2cc3ccccc3cc2[nH]1,3,0.391304347826087,1.5568378207121731,0.9991883419465502
43195213,CCc1ccc(o1)-c1nccn1Cc1c(nn(c1C)CC)C,3,0.2676056338028169,2.441655790647459,0.9993897759220718
1557473,COc1cc(cc(c1)-n1c(nnc1COc1cccc2ccccc12)S)OC,3,0.34375,2.919909245164905,0.996725450223365
1557497,COc1cccc(c1)-n1c(nnc1COc1cccc2ccccc12)S,3,0.38095238095238093,2.2421957987650685,0.9969695720379428
44501962,Cc1cc(no1)C(=O)NC1CCN(CC1)C(=O)c1cc(sc1C)C,3,0.3230769230769231,1.9072094798420196,0.9994597738827058
53804145,CCC1=CC(=O)NC(=N1)SCCN1CCCCC1,3,0.509090909090909,2.2620152519379966,0.9987215008365409
49055842,Cc1nnc2ccc(nn12)N1CCC2(CCCCC2)C1,3,0.37735849056603776,1.968310188969086,0.9997137889695585
48832018,OCC1CN(C1)C(=O)Cc1cccc(c1)I,3,0.4888888888888889,2.6397571858033366,0.9954717297209897
168890455,NC(=O)c1c2n(nc1-c1ccc(cc1)Oc1ccccc1)[C@@H](CCN2)C1CCN(CC1)C(=O)C=C |r|,3,0.3333333333333333,3.8092307622406705,0.9993151255724257
31378111,CN(Cc1cnn(c1)C)C(=O)c1ccccc1-c1ccccc1C#N,3,0.4482758620689655,2.1769804776342285,0.9987758882997038
49667242,COc1cc(ccc1F)CN1CCC(CC1)c1ccnc(n1)C,3,0.5263157894736842,1.565971264104169,0.9981561254788736
37544502,Cn1nc(cc1N)-c1cc(cc(c1)F)F,3,0.3023255813953488,1.4211136478130102,0.9993482717089331
44105331,Cc1cccc(c1)N1CCN(CCCCNC(=O)c2c(cccc2F)F)CC1,3,0.3787878787878788,2.7001242563998913,0.9984249353840119
300053407,CN(C)C(=O)COC(=O)Cc1ccc(cc1)OC(=O)c1ccc(cc1)NC(=N)N,3,0.3064516129032258,2.1891073523241658,0.9964153135641041
265759,Cc1cc(cc(n1)C1CN(CCO1)C(=O)Cc1csc(n1)C)Nc1nnc(s1)C,3,0.6025641025641025,1.603938278115114,0.9996637443177935
265683,COc1cccc(c1)CC(=O)N1CCOC(C1)c1cc(cc(n1)C)Nc1nnc(s1)C,3,0.5595238095238095,1.5421468801649376,0.9989531397694964
11480017,COc1ccc(cc1)OCC(=O)Nc1cccc(c1N1CCN(CC1)C(=O)C)Cl,3,0.45588235294117646,1.6200898123253307,0.9991017631911007
11480015,CC(C)c1ccc(cc1)OCC(=O)Nc1cccc(c1N1CCN(CC1)C(=O)C)Cl,3,0.44285714285714284,1.9908367587521778,0.9985537145133727
31888771,CCN1CCc2nc(sc2C1)NC(=O)Cc1ccc(cc1)Cl,3,0.4603174603174603,1.7019403632318157,0.999233074400528
11015786,Cc1ccc(cc1NS(=O)(=O)c1csc(c1)C(=O)Nc1ccccc1)C(=O)O,3,0.3392857142857143,1.9580252807353384,0.9995000570493743
82741579,O=C(NCCc1cnn[nH]1)C1Cc2ccccc2C1,3,0.4262295081967213,1.7734889342763551,0.9993321234301811
1392865,CCc1sc(nc1-c1ccc(cc1)OC)N,3,0.42857142857142855,0.9008129661587767,0.9992123030446257
48840184,CN(C)C(=O)c1ccnc(c1)NCc1cc(c(s1)Br)C,3,0.5818181818181818,2.1518749963688215,0.9985706417528447
25616683,CNc1nc(ncc1F)-c1cc(cc(c1)OC)OC,3,0.32608695652173914,1.7535444106155047,0.9994612393150987
42923335,Cc1cc(sn1)NC(=O)C1CCOCC1,3,0.375,1.0720247198647026,0.9995237041229099
1527152,Cn1c(ncc1-c1ccccc1)NCc1ccccc1,3,0.45614035087719296,1.5876312544163622,0.9984125497236943
1527130,COc1cccc(c1)CNc1ncc(n1C)-c1ccccc1,3,0.47619047619047616,1.3390802813872356,0.9989542553590538
15267772,FC(F)(F)c1ccc(nc1)N1CCCN(CC1)CC(=O)Nc1ccccc1Cl,3,0.4520547945205479,1.2672245262776274,0.9990688004059594
15267776,Cc1ccc(c(c1)NC(=O)CN1CCCN(CC1)c1ccc(cn1)C(F)(F)F)C,3,0.4473684210526316,1.2646521260808314,0.999068617846245
15276004,Fc1cccc(c1)NC(=O)CN1CCCN(CC1)c1ccc(cn1)C(F)(F)F,3,0.4788732394366197,1.318879069513348,0.9990617604667172
15270501,Cc1ccc(cc1)NC(=O)CN1CCCN(CC1)c1ccc(cn1)C(F)(F)F,3,0.5441176470588235,1.8369953728847535,0.9990668067056151
16678763,Cc1cccc(c1)NC(=O)CN1CCCN(CC1)c1ccc(cn1)C(F)(F)F,3,0.4722222222222222,1.9754763982395467,0.9990631226692238
15288168,FC(F)(F)c1ccc(nc1)N1CCCN(CC1)CC(=O)Nc1ccccc1,3,0.5072463768115942,1.033390536051229,0.9994469985991215
15267170,Cc1ccc(c(c1)F)NC(=O)CN1CCCN(CC1)c1ccc(cn1)C(F)(F)F,3,0.44155844155844154,1.853859487663527,0.99926091378974
43423180,COc1ccc(cc1NC(=O)CN1CCCN(CC1)c1ccc(cn1)C(F)(F)F)Cl,3,0.47435897435897434,1.6317496744293596,0.9990559691751598
15275058,Fc1ccccc1NC(=O)CN1CCCN(CC1)c1ccc(cn1)C(F)(F)F,3,0.4782608695652174,1.5535063566012977,0.9989888721090442
45751322,CN(CCc1ccccn1)C(=O)Nc1nncs1,3,0.39285714285714285,0.7344902994603036,0.9997773549139147
1123117,O=C1Nc2cnccc2N1Cc1ccccc1,3,0.3888888888888889,2.795977467720209,0.9993988237986885
MCULE-7418747203,Cc1noc(c1CSC(=N)N1CCOCC1)C,3,0.3333333333333333,2.0068923737958273,0.9989038038607115
48276932,O=C1CCCN1c1ccc(nc1)NCc1ccccn1,3,0.3582089552238806,1.5199996710531816,0.9997648532047663
14371708,CC(C)NC(=O)c1cn(nc1-c1ccccc1)-c1ccccc1,3,0.4107142857142857,1.0222465456044987,0.9997476053885118
41630506,Cc1cc(n(n1)-c1ccc(cc1)C#N)Cl,3,0.2857142857142857,0.9782228784894262,0.9983895814224037
44018989,CN(CC1=CC(=O)N(C)C(=O)N1C)Cc1cccc(c1Cl)Cl,3,0.2571428571428571,1.8627667594201125,0.9984685930171131
145071,COc1ccccc1CNC(=O)c1cnc(nc1C)C1CCN(CC1)C(=O)C(C)(C)C,3,0.41333333333333333,2.3196333762045938,0.9992376232255537
33361007,Fc1cccc(c1)C1(CCOCC1)C(=O)Nc1cccc(c1)-c1cnco1,3,0.4024390243902439,2.3112542049720384,0.9986962757709829
33324451,O=C(NCC1CCC1)c1ccc(nn1)-n1ccnc1,3,0.6037735849056604,1.8241551469107602,0.9988521382258067
232862626,CC(=O)NCCCC(=O)Nc1ccc(cc1)Oc1ccccc1Cl,3,0.3620689655172414,2.158657453140675,0.9977657645611495
44466308,Cn1ncnc1COc1nn2c(nnc2cc1C1CCC1)-c1c(cccc1F)F,3,0.5068493150684932,0.39168609880740557,0.9999365330215235
44855101,C/C=C/CC(=O)N1CCC(CC1)c1cc(n[nH]1)Cc1ccccc1,3,0.4264705882352941,2.0776674421092416,0.9990404036628728
265647,CCc1nnc(s1)Nc1cc(nc(c1)C1CN(CCO1)C(=O)C(C)C)C,3,0.5921052631578947,2.0978820271886764,0.9991097942732816
32785616,CCCCOc1ccc(cc1)-c1cc2n(n1)C=CNC2=O,3,0.29333333333333333,2.4757318110003688,0.996927568983773
177444469,CC(=O)NCc1cc2n(n1)CCN(C2)C1Cc2ccccc2C1,3,0.47692307692307695,1.946760385871476,0.998656926606402
177475488,CS(=O)(=O)NCc1cc2n(n1)CCN(C2)C1Cc2ccccc2C1,3,0.43283582089552236,1.8840650201094211,0.9986236486411277
1425831,Clc1ccc(cc1)Cc1nc(no1)-c1cccnc1,3,0.4727272727272727,1.5405080330848853,0.9987338778260253
44392699,Cc1[nH]nc2c1C1(CCCCC1)CC(=O)N2,3,0.25,2.4553447823066943,0.9981830891858966
3596324,O=C(CN1CCC(CC1)N1C(=O)Nc2ccccc21)N1CCc2ccccc21,3,0.4696969696969697,2.6957579639128695,0.9985578083754194
45736512,CC1Cc2ccccc2N1C(=O)CN1CCC(CC1)N1C(=O)Nc2ccccc21,3,0.45714285714285713,2.9911795332277022,0.9976816803060917
48247166,CNC(=O)c1ccc(nn1)N(C)C1CCC1,3,0.3442622950819672,0.9968520451903206,0.9987584418787886
48671463,COc1ccc(c(c1)OCc1ccccc1)N,3,0.40425531914893614,1.088814492923305,0.9986362094677917
49067788,CCN(CC)CC(=O)Nc1ccc(cc1)Oc1ccc(nn1)C,3,0.45652173913043476,2.332349244860242,0.9976527434398266
49934120,OCC1CN(C1)c1nc2cc(ccc2o1)F,3,0.3508771929824561,2.2343086178952762,0.9992266380453827
48250318,Fc1ccccc1CN(C1CCOCC1)C(=O)NCC#C,3,0.33783783783783783,1.7080222480986171,0.9989590049738457
49055884,CSC1(CCOCC1)CNc1cc(nc(n1)C)C,3,0.3230769230769231,1.8230841999203042,0.9985698848026007
36310332,CN(CC(=O)Nc1cc(ccn1)C)C(=O)c1ccc(cc1)Cl,3,0.49056603773584906,1.9149926892809623,0.9978608952311667
36701026,Clc1cccc(c1)-c1nnc(o1)Cn1cnc2ccccc12,3,0.5849056603773585,1.3566827189882642,0.9991346566147753
20173881,Cc1cc(cc(c1)Oc1cc(ccn1)C#N)C,3,0.35555555555555557,1.9225535103087545,0.9987871620229
73014952,CCN(CC)C(=O)CSCc1cncc(c1)F,3,0.288135593220339,2.011174035234249,0.9988365374515709
7689820,Nc1nc(c2c(c(ccc2n1)Br)Cl)N,3,0.3333333333333333,7.983805295722089,0.9658032020467977
300011391,Oc1nccc2c(cccc12)S(=O)(=O)N1CCCNCC1,3,0.2714285714285714,1.0567781224086448,0.9992218846166212
177400551,O=C1N(Cc2ccc3c(c2)CCCC3)C=Nc2ncccc21,3,0.48333333333333334,1.7674102523183142,0.9989477415157755
20593051,CN(Cc1ccc(cc1)C)C(=O)c1cn(nn1)Cc1ccccc1F,3,0.36065573770491804,1.5250560645432292,0.9984494358595956
25670537,Fc1ccccc1-c1cnc(o1)-c1ccccc1C(=O)N1CCC1,3,0.3492063492063492,1.3905063825813215,0.9991683124240935
177418075,COCC(C)(C)C(=O)N1CCCC2(CCNCC2)CC1,3,0.34545454545454546,2.035382273677135,0.9988125753220831
32449297,COc1ccc(cc1)[C@H]1CN([C@@H]2CCCN(Cc3cccc(c3)F)[C@@H]21)C(=O)C |r|,3,0.30985915492957744,1.547490226140082,0.9994892527501964
42961556,CC1=CC=CN(Cc2ccccc2F)C1=O,3,0.5609756097560976,2.069649245645212,0.9921041393214234
31871793,COc1ccccc1-c1nn(cc1CO)-c1ccccc1,3,0.34615384615384615,1.755798678664516,0.9986178797853752
222763049,CC(C)N(C)S(=O)(=O)NCCCc1nc2cc(ccc2[nH]1)Cl,3,0.35714285714285715,2.5349928993986355,0.9979803622417304
32080176,OCc1ccc(cc1F)CNC(=O)Nc1ccccc1,3,0.4,2.518896385324421,0.9977379535399515
46339059,COCCOc1ccc(cc1)Nc1ncc(c(n1)Nc1cccc(c1)NC(=O)C=C)F,3,0.3888888888888889,2.0780447540896536,0.999218354692907
49424084,CNC(=O)c1cc(ccn1)Oc1ccc(cc1)Nc1ncc(c(n1)Nc1cccc(c1)NC(=O)C=C)F,3,0.3894736842105263,3.6855661708898872,0.9989236103857766
33313717,Cn1cc(c(n1)-c1cccnc1)C(=O)NCCc1c[nH]c2ccccc12,3,0.37681159420289856,5.00965637544211,0.9991203910002884
49965014,CCC1(O)CN(C1)c1ncnc2n(nc(c12)Br)C,3,0.41509433962264153,2.421144770558115,0.999531801660266
3962718,O=C(Nc1nncs1)c1cccnc1,3,0.5,1.9394697729015293,0.9983044579123694
1536855,COc1cc(cc(c1OCc1ccccc1)Cl)CNCCN1CCOCC1,3,0.34146341463414637,2.560471245688944,0.9981220727796012
35281979,CN(Cc1cnn(c1)C)C(=O)Cn1c(cc2ccccc12)C,3,0.3770491803278688,2.966591646991291,0.9992513769971344
25614739,Cc1cc(n(n1)C)-c1nnc2ccc3ccccc3n12,3,0.3448275862068966,1.2487878122406195,0.9991361041869754
32172391,CC(C)c1nnc(o1)CN1CCN(CC1)c1nccs1,3,0.5576923076923077,2.0017549800112056,0.998182921630248
Z1227937331,Cc1nccc(n1)NC(=O)c1ccc(nc1Cl)Cl,3,0.33962264150943394,2.3669045185644833,0.9991740669072674
49934036,CC(C)c1cc(n[nH]1)N(C)Cc1nc(n[nH]1)C1CC1,3,0.2463768115942029,2.7369612711907636,0.9992677523798243
708404,Cc1nsc(c1C#N)Nc1ccccc1,3,0.26785714285714285,1.4074885434701032,0.9995601405331068
42924873,O=C(NCCCn1ccnc1)N1CCC21CCC2,3,0.2786885245901639,2.704109095432179,0.9978350718687929
301143195,Oc1ccc2nc(ccc2c1Cl)/C=C/c1csnn1,3,0.48,1.60754315649722,0.9994366904829142
36703704,CC(C)C(=O)NCc1cc(ccc1-n1ccnc1C)F,3,0.359375,1.1506233093419547,0.9992650824152371
43112807,CC(C)c1cc(n2nccc2n1)N1CCc2[nH]nc(c2C1)C1CC1,3,0.2682926829268293,2.018773389957391,0.9995480411030986
2205552,CN(CCOCCOc1ccccc1-c1ccccc1)Cc1ccccc1.OC(=O)C(=O)O,3,0.42857142857142855,3.6489646476775803,0.9980536659502288
50282995,N#Cc1cc(ccn1)-c1n[nH]c(n1)-c1ccncc1,3,0.35185185185185186,2.2671385048113293,0.9994002567150048
42653736,O=C1Nc2ccccc2N1C1CCN(CCOc2ccccc2)CC1,3,0.5245901639344263,2.661225281707706,0.9983484069521192
41482724,Cc1ncccc1NC(=O)OC(C)(C)C,3,0.36,1.062290920604824,0.9993804896893476
30448845,CC1(C)Cc2cc(ccc2O1)CN1CCC2(CC1)NC(=O)N(Cc1ccccc1)C2=O,3,0.30434782608695654,3.631580509915782,0.9990033256712616
3301248,CN(C)S(=O)(=O)c1ccc(c(c1)C(=O)Nc1ncc(s1)C)N1CCCC1,3,0.3287671232876712,2.63282661791491,0.9990159502829206
45657759,O=C(Nc1nncs1)c1ccc(nc1)N1CCC2(CCCCC2)C1,3,0.3333333333333333,2.448856671999986,0.9978186277619959
11652485,O=C(Cc1csc(n1)-c1ccccn1)NC1CCCCCC1,3,0.39285714285714285,2.1823157425088286,0.9993734404905443
36790963,Cc1ccnc(c1)Oc1cc(ccc1C)N,3,0.40425531914893614,1.2474618230632157,0.9991328699783354
32018884,Nc1nc2ccccc2n1CCCc1ccccc1,3,0.5,1.759802261619184,0.9985578941532164
36924312,O=C1CNC(=O)N1CCCN1CCc2sccc2C1,3,0.3548387096774194,1.8253900952949151,0.9991885861720817
49992529,CCn1cc(cn1)C1CCN(CC1)Cc1ccc(cc1)C#N,3,0.41818181818181815,2.173404242196794,0.998604665566512
49155578,Fc1ccc(c(c1)F)-n1nc(nc1-c1cn[nH]c1)C1CCOCC1,3,0.2894736842105263,1.8945959991511958,0.9989052350104456
16692987,COc1ccc(c(c1)OC)C(=O)Nc1ccc2oc(nc2c1)C,3,0.4444444444444444,1.6558909988280965,0.9992017668960205
1324972,COc1cc2c(cc1NC(=O)C)oc1ccccc12,3,0.3492063492063492,1.36491794625161,0.9995698233365774
49942182,Cc1ncsc1CNc1nnc(o1)-c1ccncc1,3,0.5185185185185185,2.823103434165806,0.9992276134921931
44583632,CCc1nc(n(n1)Cc1nc(cs1)C)CC,3,0.3076923076923077,1.9731419107604247,0.999237958132799
11478087,Cc1ccc2c(c1)cc(c1nnnn21)CNCCc1ccccc1,3,0.32786885245901637,1.5674176214401419,0.9981960558273167
290036652,COc1cccc(c1C(=O)N(C)CCCn1cccn1)C,3,0.5344827586206896,2.1479797485078422,0.9976625300985372
73032016,CC(C)CNc1nnc(s1)SCc1ccncc1,3,0.38461538461538464,1.2357766788548403,0.9989838603801408
324071116,Fc1cc(c(cc1NS(=O)(=O)c1c[nH]c2cc(ccc12)Cl)F)C#N,3,0.5,2.6464695350599245,0.9991776023637579
222721,CC(C)C(=O)N1CC(C1)Cc1nccc2ccn(c12)C,3,0.3225806451612903,1.7481473050059093,0.9995903790856414
49343751,O=C(Nc1nnc2n1CCCC2)c1cscn1,3,0.5185185185185185,2.1369763686104974,0.9997636822383537
48835672,CC(C)(C)C(=O)N1CCC(CC1)CN1C(=O)N(C2CCCC2)C(=O)C1=O,3,0.41818181818181815,3.62923504336651,0.9987065547015512
308044,CCOc1cc(ccc1OC)CN1CCc2c(nc(nc2C1)N1CCCC1)N,3,0.4057971014492754,3.0685131578661653,0.9983639085782896
177501206,CCCC1(CCC1)CNC(=O)CN1C=CC(=O)C=C1,3,0.6170212765957447,2.1167175059509007,0.9981077457064427
36659962,COC(=O)N1CCCN(CC1)C(=O)C(=O)Nc1cccc(c1)C(C)C,3,0.36666666666666664,1.5558952406890822,0.9988615868704531
24140848,O=C(NCc1nnc2n1-c1ccccc1CC2)c1ccc2ccccc2c1,3,0.6101694915254238,1.821967068856959,0.9977859305709598
23827295,CN1CCC(CC1)n1ncc2[nH]c(nc12)-c1ccccc1-c1ccc(o1)C,3,0.5833333333333334,4.14423804818212,0.9994083261132908
49295738,CN(CCC(=O)O)C(=O)c1cc2cc(c(cc2o1)C)C,3,0.39344262295081966,1.2956014047533988,0.9990871354985871
53835106,CSc1cnc(nc1)N1CCCN(CC1)c1ncc(cn1)SC,3,0.32608695652173914,2.7752336838543417,0.9979982510075499
35762433,Cc1nn(c(c1NC(=O)CN1CCC2(CCCCC2)CC1)C)C,3,0.40384615384615385,3.1319066078032263,0.9973503417306654
25721481,C/C(=C/COc1c2c(cc3ccoc13)C=CC(=O)O2)CO,3,0.2222222222222222,1.8042438859532868,0.9989635543732118
30663852,O=C(CSc1ccccn1)N1CCSc2ccccc21,3,0.3793103448275862,1.6495917676805687,0.9993964262023726
222761855,CN(Cc1cnc2ccccc2n1)S(=O)(=O)N1CCCC1,3,0.38181818181818183,1.5155256513829791,0.9989558883764547
222761300,CN(Cc1cnc2ccccc2n1)S(=O)(=O)N1CCCCCC1,3,0.375,1.9796704271167018,0.9983312398086506
13482608,COc1ccc2cc(ccc2c1)C(=O)NCc1nnc2n1CCCCC2,3,0.484375,2.1651383327627127,0.9990697617122832
49096260,CC(C)CCN1CCC(CC1)CNS(=O)(=O)C,3,0.5217391304347826,2.865668508393763,0.9953839538146103
1152113,COc1ccc(cc1)OCc1nn2c(nnc2s1)-c1ccc(cc1)OC,3,0.35714285714285715,1.679678838349527,0.9984775323644817
3247549,Cc1sc2ncnc(c2c1C)OCC(=O)NC1CCCCC1,3,0.5396825396825397,1.7011575470834972,0.9991475543656096
45750904,Cc1nc(cs1)CNC1CCN(CC1)C(=O)C1CC1,3,0.375,1.9997152297265097,0.9987081517141491
11477618,O=C(NCCCNC(=O)c1cc2ccccc2[nH]1)c1ccc2c(c1)OCCO2,3,0.42857142857142855,3.6404804627961043,0.9969316517866446
136045,COc1ccccc1-c1ccc(cc1)CC1(CCOCC1)C(=O)NC1CC1,3,0.5538461538461539,1.5910512248195334,0.9994695902603026
35774799,C1CC(C1)CNc1nc(no1)-c1ccccc1,3,0.5217391304347826,1.9904311090816051,0.9976432711111305
49941012,Cc1cc(ccc1-c1nc(no1)CCn1c(nc2ccccc12)C)F,3,0.3548387096774194,1.3079606263183248,0.9992575606896972
49139348,CC(=O)c1cc(cc(c1OCc1ccccn1)F)Br,3,0.3559322033898305,2.012256693366931,0.9984520307439027
13397114,Cc1ccc(cc1)Cn1nc(c(c1Cl)C(=O)N)C,3,0.38461538461538464,1.6376186979880856,0.9984650016525793
31507610,Cn1cc(cn1)-c1ccc2nnc(n2n1)C(F)(F)c1ccc2ncccc2c1,3,0.33783783783783783,2.9293953300980484,0.999563494692344
31875350,Cc1ccnc(c1)NC(=O)CN1CCCC1=O,3,0.41818181818181815,1.2069018187074159,0.9993594214774887
36925778,O=C(N1CCN(CC1)c1ncccn1)c1noc2c1CCCC2,3,0.36363636363636365,1.8687089125917027,0.9992237499804937
50359676,CC1=NN(CCOc2ccc(c(c2)F)Cl)C(=O)C=C1,3,0.6078431372549019,1.1061699688565056,0.9992493969075529
56769871,Oc1nccn2c(nnc12)CNC(=O)C1CCCC1,3,0.3728813559322034,2.763656997531033,0.99898430123816
30640320,Cc1nn(c(c1NC(=O)CN1CCN(CC1)c1nccs1)C)C,3,0.515625,2.7627133401785495,0.9993425762639784
30697446,CC(C)(C)C(=O)N1CCC(CC1)NS(=O)(=O)C,3,0.44,1.5659070853663977,0.9984874977146991
20536111,O=C(CC1c2ccccc2CCc2ccccc21)NCCN1CCOCC1,3,0.3389830508474576,1.8723605422036067,0.9988954201815826
2908077,COc1ccc(cc1)-c1cn2c3ccccc3nc2n1CCO,3,0.3283582089552239,1.5525282606122401,0.9993431356561042
53777863,COC(=O)C1=NOC2(CCN(CCC(C)(C)C)CC2)C1,3,0.2647058823529412,1.9939340510659687,0.9973080495925926
53839716,COC(=O)C1=NOC2(CCN(CCCCCF)CC2)C1,3,0.3225806451612903,1.5698831166680867,0.998210959810739
31998416,O=C(NCCc1ccc2c(c1)OCO2)Nc1ccncc1,3,0.47540983606557374,2.9788571634102956,0.9990073620543106
49992227,Cn1cc(cn1)C1CCN(CC1)CC(=O)N1CCc2sccc2C1,3,0.515625,2.6257964506032416,0.9984546145282216
326092,Fc1cccc(c1)CCNCc1cc(cn2nnnc12)-c1ccccc1,3,0.3382352941176471,1.4861389571638777,0.9988937178686874
31844110,O=C(CN1CCc2ccccc21)N1CCNC1=O,3,0.6,1.8486876426269172,0.9994291486030515
410858,Cc1ccc(cn1)-c1nc(ncc1-c1cc(no1)C)NCc1ccco1,3,0.5373134328358209,2.9441978534060964,0.9991914767154495
31842542,CC1CCN(CC1)C(=O)c1n[nH]c2ccccc12,3,0.38181818181818183,1.7680735278828816,0.9991526334009263
32149349,O=C(N1CCCCC1)c1cccc(c1)CNc1ccc2nccnc2n1,3,0.48148148148148145,2.155929729838295,0.9984482692553754
48764100,CCc1nnc(c(c1CC)C#N)N1CCCO1,3,0.5102040816326531,1.410298195418304,0.9983409547487038
49336073,CC(=O)NC1CCN(CC1)Cc1cccc(c1)-c1cccnc1,3,0.4507042253521127,1.6940826426124844,0.9983607134607568
31209008,C1CC1Nc1nc(no1)-c1ccccc1,3,0.4772727272727273,1.75052763474321,0.9986064910126397
33303147,CNC(=O)c1ccc(nc1)N1CCCC1,3,0.4583333333333333,1.5316083050182214,0.9992001351860194
14097435,CN(C)C(=O)c1ccc(c(c1)NS(=O)(=O)C)C,3,0.3888888888888889,1.9069042975460493,0.9978994978185465
36931863,COc1ccc2c(c1)CN(CC2)C(=O)c1cc([nH]n1)C1CC1,3,0.352112676056338,1.7594214958333385,0.9987516076605036
171813413,C[C@]1(O)CN(CC[C@@H]1Oc1ccccc1)C(=O)CN1C=Nc2ccccc2C1=O |r|,3,0.2891566265060241,2.2744012398872604,0.9987193507323587
171813474,C[C@]1(O)CN(CC[C@@H]1Oc1ccccc1)C(=O)Cn1cnc2ccccc12 |r|,3,0.36619718309859156,1.9224825096732345,0.9989421343664213
222783725,CC(C)n1nc(c(c1C)S(=O)(=O)NCC1CCN(CC1)C(=O)C1CC1)C,3,0.4642857142857143,2.2750037362608015,0.9987676655142321
1545812,Cc1cc(c(c(c1-n1cnnn1)C)S(=O)(=O)Nc1ccc2c(c1)OCO2)C,3,0.3466666666666667,2.853717400164386,0.9979308726670085
1553046,CN(C)c1ccc(cc1)NS(=O)(=O)c1c(cc(c(c1C)-n1cnnn1)C)C,3,0.3548387096774194,1.9289030561431688,0.9979339294677626
44435341,Fc1ccc(cc1)CCCC(=O)N1CCN(C(=O)C1)c1ccccc1,3,0.3968253968253968,1.5934745056004014,0.9993692882028435
404346,COc1ccc2nc3c(cc2c1)CNCCO3,3,0.5,1.3789742564674423,0.9990815134761014
104389046,Cc1cc(ccc1Cl)NC(=O)CN1N=C(C=CC1=O)C1CC1,3,0.6481481481481481,1.4329836007438514,0.9987496820268775
31231103,COc1cccc(c1C1=NCc2cnc(nc2-c2ccc(cc21)Cl)Nc1ccc(c(c1)OC)C(=O)O)F,3,0.3333333333333333,1.9085612382102186,0.9984055641638278
31231105,OC(=O)c1ccc(cc1)Nc1ncc2c(n1)-c1ccc(cc1C(=NC2)c1c(cccc1F)F)Cl,3,0.27906976744186046,1.7821554365429577,0.9984488450132747
1317203,COc1ccc(cc1)OCC(=O)N1CCN(C)CC1,3,0.42,1.236286779028539,0.9989836707035569
197945,Cc1cc(cc(n1)C1CCCN(C1)CC(=O)Nc1ncc(s1)C)Nc1ccccn1,3,0.6052631578947368,2.9587960389319488,0.9989928895129849
36910847,O=C(CN1CCC(CC1)c1ccccc1)N1CCNC1=O,3,0.39655172413793105,2.9194997859222505,0.9956432677870011
31991615,Cc1noc(c1CS(=O)(=O)C1CCCc2ccccc21)C,3,0.39344262295081966,1.0474884247568936,0.999314469467903
36647960,CN(Cc1cscn1)c1nc2c(cc1C#N)CCC2,3,0.39285714285714285,1.6091774296203625,0.9988974106775899
1487936,N#Cc1cc2c(nc1SCc1cccnc1)CCCCCC2,3,0.3492063492063492,1.7103806593853295,0.9981271033528742
82719175,CN(C)c1ccc(nn1)-c1ccc(cc1)C(=O)NCCN1CCCC1=O,3,0.375,2.132295945688489,0.9986020518321498
49995595,CNC(=O)c1cccc(c1)Cn1nnc(n1)-c1ccccc1Cl,3,0.352112676056338,1.6909958604326434,0.9988314444616739
48224722,C1CN(CCO1)Cc1nc(c2c(csc2n1)-c1cccs1)N1CCc2[nH]ncc2C1,3,0.5633802816901409,4.163028945371269,0.9990241112670125
29621147,Oc1ccccc1N1CCN(CC1)C(=O)c1ccc(nc1)-n1cccn1,3,0.45901639344262296,2.2116471237518156,0.999327178590425
235805596,CC(C)(C)C1=NN(CC2CN(C2)CC2(O)CCCC2)C(=O)C=C1,3,0.3793103448275862,2.3978256817375097,0.9992120282637409
205724941,OC1(CCCC1)CN1CC(C1)CN1N=C(C=CC1=O)C1CC1,3,0.3870967741935484,2.2539853593134196,0.9982906422353184
784983,OC(=O)c1cc(ccc1O)/N=N/c1ccc(cc1)S(=O)(=O)Nc1ccccn1,3,0.273972602739726,2.225183363231132,0.9986471895699011
23673158,Oc1ccc(cn1)C(=O)N1CCN(CC1)c1ncccn1,3,0.38181818181818183,1.7627305522965344,0.9981983259605239
48780034,CC(=O)N1CCCN(CC1)Cc1c(nn(c1Cl)C)C,3,0.36363636363636365,1.5555809204274769,0.9991208790487093
3562110,NC(=O)COc1ncnc2ccccc12,3,0.5416666666666666,2.1373539716200787,0.9980307847936666
23998591,Cc1ccsc1C(=O)Nc1nc2ccccc2s1,3,0.42,1.4276165451557365,0.999691479190704
43068693,COCc1noc(n1)-c1ccc(nc1)-c1cc(cc(c1)C)C,3,0.3333333333333333,1.9477597387768193,0.9986243051387041
35690264,O=C(Nc1ccc(nc1)N1CCOCC1)N1CCc2sccc2C1,3,0.43283582089552236,1.8250775325995554,0.9994874481753663
300003450,O=S(=O)(N1CCCNCC1)c1cccc2cnccc12,3,0.4426229508196721,1.3627688725531317,0.9993927413721446
205729574,Clc1ccccc1S(=O)(=O)N1CCCc2cnc(nc21)N1CCOCC1,3,0.6451612903225806,2.5163866952438867,0.9988350774880669
43571023,Cc1ccc2n(nc(c2c1)Cn1ccnc1-c1cccc(n1)C)C,3,0.30303030303030304,1.5249636061222522,0.9994695140981825
89942274,CN1C(=N[C@@](C)(CS1(=O)=O)c1cc(ccc1F)NC(=O)c1ccc(cn1)F)N |r|,3,0.273972602739726,2.2719727111037082,0.998184709350693
31835550,CC(=O)Nc1cccc(c1)OCC(=O)N1CCCCC1,3,0.5192307692307693,1.8672324440196075,0.997488603713261
24997821,Fc1cccc(c1CC(=O)Nc1cccc2cnccc12)Cl,3,0.453125,1.173177309702022,0.9988270552021689
82737865,O=C(N1CCC2(CC1)C=Cc1ccccc12)c1n[nH]c2c1COCC2,3,0.2535211267605634,3.1186984464676337,0.9996391401806405
1541141,OC(=O)CCC(=O)Nc1ccccc1C1=Nc2ccccc2NC1=O,3,0.3508771929824561,2.5906506904630913,0.9992800492594329
30231738,Fc1cccc(c1)-c1nnn(n1)Cc1ccc(cc1)C(=O)N1CCCC1,3,0.4,1.7996733036860466,0.9991721911337936
38522400,CC(C)n1nnnc1-c1ccc(cc1F)N,3,0.25,1.67740811968935,0.9975715183956296
19162470,O=C(Cc1ccc2c(c1)OCCO2)NC1CCCCCC1,3,0.6304347826086957,2.327437432026761,0.9984715778124603
316806315,CC(C)c1noc(n1)CN1CCC(CC1)N1C(=O)Nc2ccccc21,3,0.5230769230769231,2.533136988004719,0.9996076557991376
11938711,O=C1Nc2ccccc2N1C1CCN(CC1)Cc1nc(no1)-c1ccsc1,3,0.5223880597014925,2.0062061210159623,0.999469488140609
49945104,Cc1nn(c2ncc(cc12)CNc1ccon1)C,3,0.3225806451612903,2.166577485343908,0.9989282539102233
82700463,COc1cccc(c1-c1ccc(cc1)OCCN1CCCC1)OC,3,0.42857142857142855,1.8071303218088333,0.9985070491661927
49951918,Cc1cccc(n1)NCC1CCN(CC1)C(=O)c1ccccc1,3,0.47368421052631576,1.8071032067926378,0.9985185472841156
44579402,O=C(Nc1cnc2ccccc2n1)c1ccncc1,3,0.5227272727272727,1.489350865309927,0.999678547456866
43429664,CC(N1CCCC(C1)c1nc2ccccc2o1)C(=O)Nc1ccccc1,3,0.5362318840579711,1.6347174067711263,0.9990034003041177
30026467,CC(N1CCCC(C1)c1nc2ccccc2o1)C(=O)Nc1ccc(cc1)C(=O)N,3,0.5277777777777778,2.542768766521977,0.9985361071791627
48880634,C1CCN(C1)CCOc1ccc(cc1)-c1[nH]c2ncnc(c2c1-c1ccccc1)NCC1SCCS1,3,0.3333333333333333,7.092367164776706,0.9975198687246396
29676888,Clc1ccc2c(c1)N=C(NC2=O)/C(=C/c1cnn(c1)Cc1ccccc1)C#N,3,0.27710843373493976,2.2928316553991066,0.9989745211092891
48825778,CN1CCC(CC1)NS(=O)(=O)C1CN(C1)C(=O)c1cccc(c1)Cl,3,0.38095238095238093,1.1176077129300845,0.999213909434674
31929526,FC(F)(F)c1ccnc(n1)Nc1ccc(nc1)N1CCNC(=O)C1,3,0.3055555555555556,3.2861562653045446,0.9978999962343975
50279769,COc1cc(c2c(c1)N=C(C)NC2=O)Br,3,0.2727272727272727,1.6439467752942267,0.9985280948443134
49299793,Brc1cc2c(cc1Cn1cncn1)OCCCO2,3,0.36538461538461536,1.2298837343422755,0.9995896919645455
208343,Cc1nc(cc(n1)C1CN(C1)C1CCCCC1)O,3,0.45098039215686275,1.3496366177604027,0.9987416438689979
49924914,CN(CCn1cnc(c1C#N)C#N)c1ccccc1,3,0.4716981132075472,1.4104463832418774,0.9990331575805799
316875519,Cn1c(nnc1-c1n[nH]c2c1CCCC2)N1CCC2(CNC(=O)C2)C1,3,0.22535211267605634,3.2422461350116096,0.9985863443844902
32157229,Fc1ccc(c2c(ccnc12)NCc1ccc(nc1)N1CCOCC1)F,3,0.30434782608695654,1.5111161437829452,0.9992461609771882
36436018,CCOc1ncccc1-c1nc(cc(n1)NC)C,3,0.43137254901960786,1.0455567894666578,0.9994267380968291
232887473,Clc1cccc(c1Cc1n[nH]c(n1)CCCn1cccn1)Cl,3,0.5789473684210527,2.0034190774772447,0.9991432459156382
414840,Cc1cc(sc1C)C(=O)N1CCC(CC1)C(=O)c1ccnn1C,3,0.32857142857142857,2.9786515405460263,0.9983901225884098
198935,CCc1nnc(s1)Nc1cccc(n1)C1CCCN(C1)CC(=O)N1CCCC1,3,0.5142857142857142,2.6017807363419214,0.998188980055897
48373672,O/N=C\1/CCCc2c1cnc1ncnn21,3,0.23214285714285715,1.4339225920529575,0.9990558039101624
36922204,Cc1nnc(c(c1C)C#N)N1CCCSCC1,3,0.3333333333333333,1.6957930298240542,0.9980314848665924
48638440,Cc1ccccc1COC1CN(C1)C(=O)CN1C(=O)Nc2ccccc21,3,0.5862068965517241,2.0792452957745713,0.9986026544601188
53749740,Clc1ccc(cn1)CSc1nc(c[nH]1)-c1ccccc1,3,0.4423076923076923,1.5030851605948998,0.9988460377725458
4758327,O=C(NCCNC(=O)c1cc(nc2ccccc12)-c1ccccc1)c1ccco1,3,0.38333333333333336,2.5170599913391514,0.9983418037173075
5965122,CCC(=O)NCCNC(=O)c1cc(nc2ccccc12)-c1ccccc1,3,0.41818181818181815,2.1241059295616367,0.9989631156562992
49939748,N#Cc1ccc(o1)CNc1cnc2ccccc2c1,3,0.3448275862068966,1.4447788758147755,0.9994941211655259
207623013,CN1C(=O)N(C(=O)c2cccc(c21)F)c1cccc(c1C)-c1c(cc(c2[nH]c3c(c12)CC[C@@H](C3)C(C)(C)O)C(=O)N)F |r|,3,0.24528301886792453,7.100505545381677,0.998703848978599
2873705,Cc1ccccc1-n1nc(cc1N)C(C)(C)C,3,0.4090909090909091,1.1083663654225018,0.9991947841180909
291159,COc1ccc(cc1)CNc1c(nc2cnccn12)-c1ccc(c(c1)OC)OC,3,0.3188405797101449,2.0294314474743316,0.9995255668959719
15967580,Cc1cc(n2ncc(c2n1)C(=O)Nc1cccc(c1)C(=O)O)C,3,0.5087719298245614,2.684461398492653,0.9987157052898676
50614392,COc1ccc(cc1F)CCCN1CCN(C(=O)C1)c1cnn(c1)C,3,0.2916666666666667,2.5382289100866178,0.9977180629400485
131225,Cc1cc(cc(n1)C1CCN(C1)C(=O)COc1ccccc1F)Nc1ccc(cn1)F,3,0.4634146341463415,2.674541456025524,0.9979321239147718
131201,Cc1cc(cc(n1)C1CCN(C1)C(=O)COc1ccccc1)Nc1ccc(cn1)F,3,0.4691358024691358,2.240614870967417,0.9983272684173218
131239,Cc1cc(cc(n1)C1CCN(C1)C(=O)CCc1cccc(c1)Cl)Nc1ccc(cn1)F,3,0.4418604651162791,2.76909624245897,0.9971144099722596
131231,CC1=NN(CC(=O)N2CCC(C2)c2cc(cc(n2)C)Nc2ccc(cn2)F)C(=O)C=C1,3,0.4875,2.29976346609859,0.9985161036494663
131219,Cc1cc(cc(n1)C1CCN(C1)C(=O)CCn1ncc2ccccc12)Nc1ccc(cn1)F,3,0.4367816091954023,2.9129891863853037,0.9981770440656298
2292167,COc1ccccc1CC(=O)Nc1ncc(s1)C,3,0.4576271186440678,1.0124455540914947,0.999632750298743
49942184,C(Nc1nnc(o1)-c1ccncc1)c1cncs1,3,0.5098039215686274,3.2797609669001218,0.9986410419460489
48328503,CC#CCCNC(=O)c1cccnc1C,3,0.43137254901960786,0.9047270306561811,0.9992213065737354
31413696,Cc1csc(n1)Nc1ccc(cc1)C#N,3,0.3559322033898305,1.563940216248445,0.9994839814653116
18915110,Cc1ccc(c(c1)C(=O)Nc1cnc2n(nc(c2c1)C)C)C,3,0.35,1.6281461850827497,0.9992158450095723
49144354,Cc1ccc2nc(c(cc2c1)-c1nc(nn1CCO)C)C,3,0.34375,1.878708066731022,0.9990820088891984
152939,Cc1cccc(c1)OC1CCN(CC1)CC(=O)N,3,0.421875,2.023602480725825,0.997768092590758
152925,NC(=O)CN1CCC(CC1)Oc1cccc(c1)F,3,0.5178571428571429,1.5576125962511034,0.997385886844551
13484208,CN(Cc1nnc2n1CCC2)C(=O)Cc1coc2c(c(ccc12)C)C,3,0.4057971014492754,2.2949034838092306,0.9995853745809744
32020284,Cc1cc(c2c(nn(c2n1)C)C)C(=O)Nc1cccc(c1)-c1cnco1,3,0.38271604938271603,1.8880103283611804,0.9997499187773295
35743833,CNC(=O)c1ccc(cc1)CN(C)c1c(cc(cc1F)C#N)F,3,0.375,1.448430184717223,0.9967264457487675
338392,CCOC(=O)C1(CCN(CC1)Cc1ccccc1O)Cc1cc(no1)-c1ccc(cc1)F,3,0.32941176470588235,2.759770461469195,0.9984444583203123
50136169,CC(=O)Nc1ccc(cc1)C(=O)N1CCc2ncncc2C1,3,0.3492063492063492,1.9237336094169648,0.9993995654745242
181210453,CCN(Cc1ccccc1)C(=O)c1cccnc1N,3,0.36507936507936506,1.3504343745625327,0.9986400295866462
232833340,COc1cccc(c1)Oc1ccc(cn1)NC(=O)CN1CCOCC1,3,0.40298507462686567,1.448785008205265,0.9988535138458385
232865232,COc1cccc(c1)Oc1ccc(cn1)NC(=O)CN1CCCCC1=O,3,0.4126984126984127,2.083419784872887,0.9990786633120708
36933237,CC(C)(C)n1ncc(c1C(F)(F)F)C(=O)N1CCCn2ncnc21,3,0.24285714285714285,1.7433373167581057,0.9993054225550129
53790787,CC(CN(C)Cc1nnc(n1C)C)Oc1ccc(c(c1)Cl)Cl,3,0.2537313432835821,3.1830461825113354,0.9934253778148666
44424625,Cc1ccc(cc1)-c1ccc(o1)-c1nccn1CCCn1cnnc1,3,0.3088235294117647,1.862606507021408,0.9993257815614912
32106793,Cc1cc(n(n1)-c1cc(ncn1)Nc1ccccc1C)C,3,0.32142857142857145,1.7105466962348637,0.9992948865130912
49148489,Fc1ccc(c(c1)-c1nc(nn1-c1cccnc1)C1CCOCC1)F,3,0.2727272727272727,1.4396742687146726,0.9995486974418487
48337566,CN1CCCN(CC1)c1nc(nc2cc3c(cc12)OCO3)C(F)(F)F,3,0.29577464788732394,1.0931861689568974,0.9992578948221387
48210000,CCN1CCC(CC1)Nc1ncnc2n(ncc12)C,3,0.5882352941176471,2.436281592920233,0.9985264488028504
49088739,CC(C)OCCS(=O)(=O)N1CCc2ccccc2CC1,3,0.46938775510204084,1.2711541999302418,0.9990694285817475
206429,CN1CCC(CC1)C(=O)N1CCC(CC1)c1cc(c2c(n1)CCNC2=O)C(F)(F)F,3,0.32,2.592572853364544,0.9990353688169875
206425,CN1C=C(C=CC1=O)C(=O)N1CCC(CC1)c1cc(c2c(n1)CCNC2=O)C(F)(F)F,3,0.32857142857142857,2.755814035816123,0.99813181327956
29658635,CCOC(=O)N1CCN(CC1)C(=O)Nc1cccc2c1CCCC2,3,0.43548387096774194,2.1357244672472495,0.9992564494173705
177401551,COc1ccccc1-n1cc(cn1)CNC(=O)N(C)Cc1c(nn(c1C)C)C,3,0.373134328358209,1.9282144590260712,0.9996535978416757
49151417,COCCc1nc(n(n1)CCO)-c1ccccc1-c1ccccc1,3,0.4032258064516129,2.1104224695541403,0.9973705402951044
1456984,CCOC(=O)CC1=C(C)Nc2c(cnn2C1=O)-c1ccccc1,3,0.30158730158730157,1.6753924913291853,0.9994734665083167
24034759,CCc1nnc([nH]1)Sc1nc2cc(nn2c2ccccc12)C,3,0.5818181818181818,1.9342740240201652,0.9997226695119379
3686549,Cc1c(oc2c(cccc12)F)C(=O)N1CCC(CC1)C(=O)Nc1ccc2c(c1)OCO2,3,0.34177215189873417,2.6843244960323918,0.9991131251962919
45762658,CN(Cc1nnc(n1C)C1CC1)C(=O)C1C2CC3CC(C2)CC1C3,3,0.2903225806451613,2.639546362540681,0.9993749358292783
31876232,Cc1ccc(nc1)NC(=O)C(C)(C)c1ccccc1,3,0.44680851063829785,1.1309677272139511,0.9992014194666445
324053897,CC1(C)Cc2cc(c(nc2O1)OCC1CC1)NC(=O)c1cnn2cccnc12,3,0.4675324675324675,2.372918666958034,0.9992121941792929
49944058,CCn1nccc1CNc1nnc(o1)-c1ccc(cc1)OC,3,0.46938775510204084,1.6395581721922328,0.9989209449338742
36635336,CN1CCN(CC1)C1=C2C=CC=CC2=Nc2ccc(cc2N1)Cl,3,0.2878787878787879,2.5344080176639743,0.9971543390429485
MCULE-7051565077,COCCNC(=O)CN1CCN(CC1)c1nccn1-c1cccc(c1)Cl,3,0.40540540540540543,1.9500753831582018,0.9985925828309126
13331036,CC(C)(C)c1csc(n1)NC(=O)C1CC1,3,0.4897959183673469,0.734525016591828,0.9996071800136552
53750832,COc1cccc(c1)CC1=Nc2sc3c(c2C(=O)N1)CCSC3,3,0.359375,2.3228596599881373,0.9997828947733165
48749865,CN(Cc1nc2c(s1)CCCC2)c1cnccn1,3,0.3235294117647059,1.3767367213813921,0.9991397990515885
36951097,C1CN(CCN(C1)c1nc(ns1)-c1ccccc1)c1nccs1,3,0.46551724137931033,1.4177863026562947,0.999181005792632
38281327,OC(=O)Cc1ccc(cc1)Oc1ccncc1,3,0.38095238095238093,3.993838880075113,0.9938331886379951
24874030,COc1ccc(cc1)-c1ccc(cc1)CN(CCN(C)C)Cc1ccncc1,3,0.47368421052631576,1.747264433335444,0.9993776251184154
43272847,CC(C)CCNc1ccc(cc1)Cc1c(n[nH]c1C)C,3,0.25862068965517243,1.8436859819391958,0.9987480665566083
2711872,CC(C)CCNC(=O)CSc1nc2ccccc2[nH]1,3,0.42857142857142855,2.6036791276959668,0.9980126815060872
177394353,COCCN(C)C(=O)c1ccc(cc1)-c1cccc(c1)-c1noc(n1)C,3,0.36619718309859156,2.2577364770937796,0.9980518320149487
72972951,CC#CC(=O)N1CCC[C@@H]1c1nc(c2c(nccn12)N)-c1ccc(cc1)C(=O)Nc1ccccn1 |r|,3,0.34523809523809523,3.9227237985866426,0.9981546416397837
35692276,CCONC(=O)c1sc(nc1C)C,3,0.36363636363636365,0.4652407978664844,0.9998455802366203
36646466,Cc1ccc2nc3c(c(c2c1)C(=O)NCc1cnn(c1)C)CCCC3,3,0.6212121212121212,1.7392219524841412,0.9992692040970604
30151761,OC(=O)c1ccc(c(c1)F)N1CCCC1,3,0.3333333333333333,1.9604833587663215,0.9978759941980279
49159718,CS(=O)(=O)CCc1nc(nn1-c1ccccc1)C1(CC1)c1ccccc1,3,0.34375,1.8683519475730679,0.9982936220641301
5736788,CN1C(=O)N(Cc2ccccc2C)C(=O)c2c1nc1n(c(cn21)C)-c1ccccc1O,3,0.27631578947368424,2.8640212988038076,0.9993063069705485
5736794,CN1C(=O)N(Cc2ccccc2Cl)C(=O)c2c1nc1n(c(cn21)C)-c1ccccc1O,3,0.31645569620253167,1.5007654713512788,0.9994623467002901
31890078,Cc1nnc(c(c1C)C#N)NCCc1ccc2c(c1)OCO2,3,0.3770491803278688,1.5383445647841665,0.999178277204258
30151586,CN(c1ccc2c(n(nc2c1)C)C)c1ccnc(n1)Nc1ccc(c(c1)S(=O)(=O)N)C,3,0.4166666666666667,3.711527987231304,0.9988848988814102
49346047,Cc1nccc(c1Cl)NC(=O)c1ccncc1Cl,3,0.5306122448979592,2.2669863254996474,0.9989656030911559
11894372,O=C1NC2(CCCCC2)C(=O)N1Cc1csc(n1)-c1ccccc1,3,0.4262295081967213,2.3729789295317643,0.9994308208298653
197589,Nc1nc(nc2nc(ccc12)C1CCCN(C1)CC(=O)N1CCCC1)-c1ccccc1,3,0.5454545454545454,1.833745074976342,0.998495961945226
31834534,CN1CC(=O)N(CC(=O)Nc2ccc(c(c2)C)C)C1=O,3,0.42424242424242425,1.3572405829476886,0.9992252799375948
177394614,CN(CC1CCN(CCO)CC1)C(=O)c1cc(nc(c1)C)C,3,0.5,2.051104336692584,0.9987114839047506
30016064,Cc1nn(c2ncc(cc12)C(=O)Nc1ccc2c(c1)CCO2)C,3,0.39473684210526316,1.8707570660032615,0.9998310006543532
30020148,O=C(CSCC#N)NC1CCCCCC1,3,0.3877551020408163,2.1853377313358546,0.9978380668099072
44384801,CCCNS(=O)(=O)Nc1ncnc(c1-c1ccc(cc1)Br)OCCOc1ncc(cn1)Br,3,0.2289156626506024,3.570190611158089,0.9982638569205631
36318534,Cn1ccc2c(cccc12)C(=O)Nc1ncn(n1)Cc1cccnc1,3,0.5932203389830508,1.9586995685923785,0.9995283276999744
36340866,CCS(=O)(=O)Cc1ccn(n1)-c1cccc(c1)F,3,0.5227272727272727,1.0199593129138689,0.9989349572314841
2502094,Cn1cnnc1-c1cccc(c1)NS(=O)(=O)c1ccc(cc1)N1CCCC1=O,3,0.6,1.9080248950162761,0.9984020571831059
44064836,O=C1CCCN1c1ccc(cc1)S(=O)(=O)Nc1cccc(c1)-c1nnc2n1CCC2,3,0.4166666666666667,2.5507510658629684,0.9986116798303944
29578860,Cc1cc(on1)C(=O)Nc1cccc2ncccc12,3,0.46296296296296297,1.0930933171518398,0.9996038016605713
232862115,COc1ccccc1-c1cc(nc(n1)-c1ncccn1)C(C)(C)C,3,0.3877551020408163,2.3446042309950945,0.9966040747792422
114309331,Nc1ncnc(c1-c1ccc(cc1)Oc1ccccc1)NCC1CCN(CC1)C(=O)C=C,3,0.3522727272727273,3.707966019261987,0.9988290784817209
49968158,CN(Cc1ccc(nc1)N)c1ccnc(n1)C,3,0.6444444444444445,2.103331880612436,0.9988947130263408
82702429,COc1ccc(cc1)-c1ccc(cn1)Cn1nc(cc1C)C,3,0.31746031746031744,1.9670948121531624,0.9989393393189565
177470998,COc1cc(cc(c1OC)OC)-c1ccc(cn1)Cn1nc(cc1C)C,3,0.3230769230769231,2.610129307141674,0.9988821397551757
177388619,CCc1nc(cc(n1)N1CCCC2(CCNCC2)CC1)C,3,0.5094339622641509,2.9334616070437,0.9984902711048697
1412632,Cc1cc(no1)NC(=O)c1cccs1,3,0.42,2.5824399315377673,0.9990567942630824
49972886,CCc1nc(cs1)CNc1ccc(nc1)C#N,3,0.42592592592592593,1.8248380750082571,0.9992770631651251
25633058,CCOC(=O)N1CCC(CC1)Nc1nc2ccccc2s1,3,0.3870967741935484,1.4239399565992523,0.9989974295148399
24497238,O=C(NCCc1ccc2c(c1)OCO2)C1CCCC1,3,0.4745762711864407,1.4153978239348863,0.9986772506926719
2343643,Fc1cccc(c1)CN1CCN(CC1)c1ncccn1,3,0.5714285714285714,0.43163410430621,0.9997424397040106
73029963,CN(Cc1ccc(cc1)CO)Cc1cc(c(c(c1)F)F)F,3,0.30612244897959184,2.049962194773477,0.9963980914949276
35741943,CN(C)c1cc(nc(n1)N(C)Cc1csc(n1)C)C,3,0.375,1.741020103272373,0.9989797901758075
93438708,Cc1nc(c2c(ncnn12)N1CCC1)-c1cnn(c1-c1ccc(cn1)C(F)(F)F)C,3,0.26506024096385544,2.950685174667528,0.9990840872450988
139887,COc1cccc(c1)CN1CCC(CC1)(Cc1ccc(cc1)-c1cccnc1)C(=O)N,3,0.5915492957746479,2.094531689901086,0.9988914431041102
139895,NC(=O)C1(CCN(CC1)Cc1cccc(c1)Cl)Cc1ccc(cc1)-c1cccnc1,3,0.5942028985507246,1.356455675647932,0.9991590268392531
49148845,COCCc1nc(n(n1)C1Cc2ccccc2C1)CCCn1cccn1,3,0.30158730158730157,1.944247669407833,0.9988403062084853
44114971,CSc1ccc(c(c1)C(=O)NCCN1CCC(C)CC1)C,3,0.5283018867924528,2.0024140430988777,0.9981889494155869
202527,CC(=O)Nc1ccc(cc1)C(=O)N1CCCCC1c1nc(ncc1-c1cccc(c1)Cl)N,3,0.6081081081081081,2.6329496766936114,0.997870076656772
202525,CC(=O)Nc1ccc(cc1)C(=O)N1CCCCC1c1nc(ncc1-c1ccc(cc1)Cl)N,3,0.5333333333333333,2.4884911090860546,0.9983537729722399
73052466,CCOC(=O)CCN1CCC=C(Br)C1,3,0.2777777777777778,2.339237055110164,0.9963735568670189
73006343,Cc1noc2ncnc(c12)N1CCCN(CC1)C(=O)C1CC1,3,0.421875,1.8169920197951093,0.9994328498935771
82728603,CN(CCO)C(=O)c1ccc(cc1)-c1cccc(n1)C(F)(F)F,3,0.3188405797101449,2.360983481517908,0.9970213313714048
49934116,CCc1nc(c2ccsc2n1)N1CC(CO)C1,3,0.39285714285714285,2.068936200079637,0.9986976543599391
195793,Cc1cccc(n1)Nc1ccc(nc1)C1CCN(CC1)C(=O)c1cc2cc(ccc2n1C)F,3,0.37349397590361444,3.298764617246541,0.9982128892328815
32446521,OC(=O)c1nc(oc1-c1ccccc1)-c1ccccc1,3,0.32,2.169422273325436,0.9985816503916962
104336605,Cc1c(nnn1Cc1ccc(c(c1)Cl)Cl)C(=O)Nc1ccc(cc1)CO,3,0.3333333333333333,1.892391608520813,0.9985806054405758
36639987,Cc1cc(n2nc(c(c2n1)C(=O)NCC1CC1)C)C,3,0.5,1.6815528537632876,0.9994177678219222
31348551,O=C1Nc2ccccc2N1C1CCN(CC1)CCc1ccccn1,3,0.5245901639344263,2.2422867791609913,0.9989857437325226
36662662,CC(C)n1nc(c(c1C)NC(=O)c1cc(nc2cc(ccc12)F)C)C,3,0.4696969696969697,1.8260147863584462,0.9993071146389579
24884318,COc1c(cccc1CN1CCC(O)(CC1)c1ccc(cc1)F)C,3,0.48333333333333334,1.764958923034442,0.9990638998031587
209889,Cn1nccc1CC1CCN(CC1)C1CCCC1,3,0.3958333333333333,2.1530587544235025,0.9978395244096876
157315,Cc1nc(cc(n1)NC1CCCC1)CC1CCN(CC1)S(=O)(=O)c1cn(cn1)C,3,0.6307692307692307,2.064508658252974,0.9985855921015651
48243153,N#CCn1ncnc1-c1cccc(c1)C#N,3,0.32727272727272727,3.236179228658407,0.9975299299672842
36303318,CN(CC#N)C(=O)c1cccc(c1)CN1CCCC1,3,0.4393939393939394,2.06540698168664,0.9983770092843105
32074520,Cc1ccccc1NC(=O)Cn1nnc(n1)C1CC1,3,0.38596491228070173,1.7306975472334212,0.9991601693286686
171745752,CCCc1nc(ncc1C(=O)O)N1CCc2ccccc2C1,3,0.4375,2.2132595871249956,0.9974467452514
1313043,CCOC(=O)N1CCN(CC1)C(=O)c1ccc2c(c1)OCO2,3,0.47368421052631576,2.1266062164868718,0.9984829851395143
44598735,CCOCC(=O)N1CCC2(CC1)CCc1ccccc1O2,3,0.64,1.8819997343253174,0.9996892277160897
290024482,COc1ccc(cc1)OCc1n[nH]c(n1)-c1n[nH]c2c1CCC2,3,0.5454545454545454,2.5105252438486994,0.9981245482794818
320420210,CCN(Cc1ccccc1)C(=O)c1ccc(cc1O)O,3,0.38,1.7491715181764487,0.9970828009459969
48784525,NC(=O)COc1ccccc1C(=O)Nc1cccc(n1)-c1ccc2ccccc2c1,3,0.3898305084745763,2.261773419244121,0.9981345842305346
49976216,CNC(=O)Cc1nc(cs1)-c1cncc(c1)C,3,0.4423076923076923,5.832590676534796,0.9986154704645982
31931312,O=C1Nc2ccc(cc2O1)-c1csc(n1)CCN1CCCC1=O,3,0.5901639344262295,3.5162115977284087,0.9976828896493121
36367041,Cc1cccc(c1)/C=N/Nc1cc(nc(n1)OCCc1ccccn1)N1CCOCC1,3,0.3037974683544304,3.0820421801132296,0.9989442956550947
222778100,CCN(Cc1cnn(c1)C(C)C)C(=O)NCCC(C)(C)OC,3,0.2878787878787879,1.7297375523470395,0.999208333019889
139135,CN(C)C(=O)C1(CCN(CC1)C(=O)c1cnn(c1)C)Cc1ccccc1-c1ccccc1,3,0.5909090909090909,2.824996460174969,0.9986503673872598
139133,CN(C)C(=O)C1(CCN(CC1)C(=O)c1ccc(s1)C)Cc1ccccc1-c1ccccc1,3,0.5757575757575758,2.9807603056935945,0.9983833278505008
232861763,CCOCC(=O)Nc1cccc(c1)CN1CCCC1,3,0.4166666666666667,2.1664212425102347,0.9979661981572413
48312238,O=C1CCCN1NC(=O)c1ccc(cc1)OCC#C,3,0.3157894736842105,1.0165923470103957,0.9993324142931103
222778471,CN(C)C(=O)c1cncc(n1)N(C)CCCc1c(n[nH]c1C)C,3,0.5,2.6551864341324394,0.9988804275622875
49292072,CN(C1CCCCCCC1)C(=O)COc1cc(on1)C,3,0.3793103448275862,1.7815787942159074,0.9986990643245363
82717689,NCCOc1cccc(c1)CC(=O)N1CCCN(CC1)C(=O)C1CCC1,3,0.625,2.287482677529889,0.9976214528155202
1556512,Nc1ccc2n(cnc2c1)CCc1ccccc1,3,0.425531914893617,2.2457608955542177,0.9977948502350991
232861350,COc1ccc(cc1)-c1cc(nc(n1)-c1ncccn1)C(C)(C)C,3,0.3148148148148148,1.7659309159764358,0.9984181129461576
32272128,Cc1nccn1CCNC(=O)C(C)(C)C,3,0.40816326530612246,2.0884534948134723,0.9984457816769216
49335777,Cn1cc(c(n1)-c1ccncc1)CN1CCN(CC1)c1ccccc1O,3,0.328125,1.5332768830192343,0.9994038957844698
300962268,Fc1ccc(cc1Cl)-n1cc(nn1)/C=C/c1ccnnc1,3,0.24242424242424243,1.8425297826628853,0.9979710888161748
49078022,CCCn1cc(cn1)NC(=O)Nc1ccc(cc1)N1CCSCC1,3,0.4918032786885246,2.0003274731905236,0.9992897467383605
43141052,N#Cc1ccccc1-c1ccc(o1)-c1nccn1-c1cccnc1,3,0.2857142857142857,1.4130166311835355,0.9988920422520864
36686539,CCc1nnc2n1CCN(C2)C(=O)c1ccccc1Oc1cccnc1,3,0.3333333333333333,1.3547564356737125,0.9993263084764753
11909115,Fc1ccc(cc1)OCCN1N=Nc2ccccc2C1=O,3,0.44642857142857145,1.1341569556281803,0.9987459940352061
177304918,COC1(CCN(CC1)Cc1ncccc1Cl)c1nc(no1)Cc1ccccc1,3,0.3787878787878788,1.8542629263401655,0.9991297187619645
177307724,COC1(CCN(CC1)Cc1cnc(o1)C)c1nc(no1)Cc1ccccc1,3,0.32857142857142857,1.2593669044405715,0.9991240682573388
43267241,O=C(CN1CCCC(C1)c1ccc2cn[nH]c2n1)N1CCCC1,3,0.6,2.8905195034802778,0.9958268474870188
18861554,CC(C)c1noc2ncc(cc12)C(=O)Nc1cc(ccc1C)F,3,0.38571428571428573,1.4493077657975775,0.9995457737934849
31923278,Cc1cc2ccccc2n1CC(=O)N1CCc2ccc(cc2C1)O,3,0.3582089552238806,2.035659843883439,0.998524110278794
20689377,CC(C)N(Cc1cnn(c1)C)Cc1nc(oc1C)-c1cccc(c1)C,3,0.36486486486486486,3.7001158089980843,0.9968187218055887
195031,COc1cccc(c1)N(C)CCC(=O)N1CCC(CC1)c1ccc(cn1)-c1ccc(nc1)N,3,0.43529411764705883,1.6883160249195415,0.9987424113593749
49954362,Fc1ccc(c(c1F)C(=O)NCC1CCN(CC1)CC#N)F,3,0.39344262295081966,1.4496544415823853,0.99783415344965
16744002,CCONC(=O)c1cncn1-c1ccc(cc1)F,3,0.58,0.8737316521682795,0.9995892713969422
300481375,Fc1cc(ccc1CNCc1ccccn1)Br,3,0.42857142857142855,1.3167095351671347,0.9980747819086592
27415022,CN(Cc1cccc(c1)C#N)Cc1ccccc1C#N,3,0.6086956521739131,4.0936204025288125,0.9960741646829713
171789858,CC(=O)N1CCN(CC1)[C@H]1CCN(CC[C@@H]1O)C(=O)c1cc2cc(ccc2o1)C |r|,3,0.3026315789473684,3.225574987502344,0.9989175085119818
171789496,Cc1ccc2oc(cc2c1)C(=O)N1CC[C@H](O)[C@H](CC1)N1CCOCC1 |r|,3,0.3108108108108108,1.9212141994064602,0.9992806001445549
171789564,CC(=O)N1CCN(CC1)[C@H]1CCN(CC[C@@H]1O)C(=O)c1cc2cc(ccc2o1)Cl |r|,3,0.2878787878787879,2.7200016544112016,0.9993538260976126
177405420,CN(Cc1c(nn(c1C)C)C)C(=O)NCc1cnc(c(c1)C)C,3,0.3793103448275862,1.8804323970828167,0.9995861938364003
25002955,Cc1cc(no1)NC(=O)N1Cc2cc3c(cc2C2(CCCC2)C1)OCCO3,3,0.30434782608695654,2.6311121222784326,0.9987921304326606
222754320,CN(C)S(=O)(=O)CCCN1CCC(CC1)CCC(=O)N,3,0.4489795918367347,2.135645569845326,0.9962689931509563
49945934,Cc1cnn(c1)Cc1nnc(s1)-c1ccccc1,3,0.34545454545454546,2.2973806824293277,0.999235396092956
44588358,CC(C)c1cnc(o1)COc1ccc(nc1)Br,3,0.2727272727272727,1.7830476718247499,0.9994689789836855
54864400,CN1CCN(CC1)c1ncncc1-c1nc(no1)-c1ccccc1,3,0.3333333333333333,1.7057215482019872,0.9984753460226764
31708035,Nc1ccc(cc1)CC(=O)Nc1ccccc1F,3,0.42857142857142855,1.7896334820293698,0.9985510432469036
270775,Fc1ccccc1C[C@@H]1C[C@@H]2NC(=O)CCCC[C@H]2N1C(=O)c1cccc2ncccc12 |r|,3,0.32432432432432434,2.8645106039246793,0.9993376364944114
3389897,O=C(Nc1nccs1)c1c2c(nc3ccccc13)CCC2,3,0.5517241379310345,0.929546663703483,0.9996845959769369
321036,COc1ccc(c(c1C)C)CN1CCc2nc(nc(c2C1)O)-c1cccnc1,3,0.34285714285714286,2.775352410055283,0.999007067407804
32394390,COc1ccc(cc1)CCN1C(=O)NN=C1C1CC1,3,0.3448275862068966,2.1798621516049015,0.9980188293426763
49040700,Brc1nnc(s1)N1CCC(CC1)OC1CCCC1,3,0.2545454545454545,2.6409432027213633,0.998164239198419
36682965,CC(=O)NC1(CCCCC1)C(=O)N1CCCN(CC1)c1cccnn1,3,0.4098360655737705,1.951949025973672,0.9988860714916499
177435260,Cc1cc(c(cn1)O)C(=O)N1CCN(CC1)C(=O)C1CCC1,3,0.44,1.777124081205501,0.9990195181819688
48237764,Clc1cccc(c1)CNc1nc(no1)C1CC1,3,0.40350877192982454,1.1490343772055716,0.9987031491055316
49962786,CN(C)C(=O)c1ccnc(c1)NCc1cccc(c1)C#N,3,0.5172413793103449,1.870021925005494,0.9992795537178606
49000996,CN(CCNC(=O)NC1CCOCC1)C1CCCC1,3,0.4444444444444444,2.554692740820301,0.9974751673919354
27425362,Cc1cc(n(n1)-c1cccc(c1)NC(=O)c1ccc(c(c1)F)F)C,3,0.43103448275862066,1.5835851729544401,0.9991059390103563
32135801,CC(C)C(=O)Nc1ccc2cnn(c2c1)C(C)C,3,0.375,0.655505148721676,0.999762567921946
165629,OCCN1CCC(CC1)c1ccncn1,3,0.36,2.1308235497103554,0.9982407866365783
35785818,Fc1ccc(cc1)NC(=O)c1cc(nn1-c1ccccc1)C1CC1,3,0.4909090909090909,1.1809813715721156,0.9995093714620162
32636348,Cc1ccc(cc1)C1=NC2(CCN(CC2)Cc2ccc(cc2)F)NC1=O,3,0.42105263157894735,1.2774149678158278,0.9991725744353994
27419746,O=C(NCc1nncn1-c1ccccc1)C1CCCC1,3,0.5094339622641509,1.7656528537622709,0.998890492617944
43571967,CCc1nc(c(s1)Cn1ccnc1-c1cnc(nc1)N1CCCC1)C,3,0.3230769230769231,2.9046068580784468,0.9990030287282995
53882383,CNC(=O)N1CCC2=C(C1)C(=O)N1C=C(Cl)C=CC1=N2,3,0.603448275862069,1.3617319853773786,0.9996219616220537
222754562,CCCn1cnnc1CN(C)Cc1ccc(nc1)C(F)(F)F,3,0.4827586206896552,1.3010096079583804,0.9991690565412313
29569223,Cc1ccc(o1)-c1nc(cs1)C(=O)N1CCc2ccccc2C1,3,0.35526315789473684,1.1220383237658065,0.9994963896228262
44503860,CCN(CC#N)C(=O)c1nn(c2c1CCCC2)-c1ccc(cc1)F,3,0.4126984126984127,1.6813726535184683,0.9992141608572982
MCULE-3550646247,O=C(CN1CCOCC1)NC1(CCCCCC1)C#N,3,0.40384615384615385,1.3065465931229099,0.9992812622871962
60180599,CC(C)(C)OC(=O)c1ccc(nc1)N1NC=C(C1=O)n1ccnn1,3,0.43283582089552236,2.3726898238074168,0.999428995250418
33324457,CC(C)(C)c1cc([nH]n1)NC(=O)c1cccc2cn[nH]c12,3,0.30303030303030304,4.138620059874556,0.9994571536348712
276241702,CC(C)Cc1ccccc1CNCc1ccc2[nH]cnc2c1,3,0.4807692307692308,3.2695625089604117,0.9952535931812627
342572,Cc1csc2c1C(=O)N1CCNCCC1=N2,3,0.3620689655172414,2.4171787273599556,0.9994375566591385
408502,CN(Cc1ccccc1)c1nc(nc2c1CCN(Cc1ccccc1)C2)C,3,0.6530612244897959,2.606824888633304,0.9992304531996203
36988038,CCc1ccc(c(c1)C(=O)CSc1nncs1)CC,3,0.5918367346938775,2.2690317318186755,0.9991310199736111
50897900,CCc1nc(c(nc1NC1CCOCC1)Nc1ccc(c(c1)OC)N1CCC(CC1)N1CCN(C)CC1)C(=O)N,3,0.3225806451612903,5.676019820261051,0.9971792452135502
23971521,Cc1cccc(n1)C(=O)NCC#Cc1ccccc1,3,0.5869565217391305,0.9799755098981372,0.9990684676131557
49968826,Cc1cccc(c1Cl)NC(=O)N1CCC(CC1)N1CC=CC1,3,0.5263157894736842,1.8679951820064298,0.9992560044645427
313833267,Cc1cn2nc(cc(c2n1)C)C1=CC(=O)N2C=C(C=CC2=N1)N1CCNC2(CC2)C1,3,0.35714285714285715,3.805932343066566,0.9985663227860506
25831601,COc1ccc(cc1)N1N=C(C)/C(=C(\C)Nc2ccc(cc2)S(=O)(=O)N)C1=O,3,0.42424242424242425,2.464320798922147,0.9977426435890018
25831603,C/C(=C/1\C(=NN(C1=O)c1ccc(cc1)F)C)Nc1ccc(cc1)S(=O)(=O)N,3,0.29577464788732394,2.227779163202384,0.9974896465332724
32278090,COc1ccc2cc(ccc2c1)-c1[nH]c(nc1-c1ccncc1)-c1ccc(cc1)S(=O)C,3,0.4,1.2013292637742612,0.9991518213101775
104707925,CC(C)n1cc(c2c(ccnc12)NS(=O)(=O)c1ccn(n1)C)-c1ccc2c(c1)N(C)CC2,3,0.25842696629213485,5.392957351954341,0.999370336018734
177508549,Clc1cnn(c1)CCCNC(=O)CCc1cn[nH]c1,3,0.5555555555555556,3.5856289545908537,0.998098999724124
46041909,Cc1cc2cc(ccc2o1)C(=O)N(Cc1ccc2c(c1)OCO2)C1CC1,3,0.3333333333333333,2.2695885089592003,0.9985520934896183
31878068,Cc1ccc(cn1)C(=O)NCCc1csc(n1)C,3,0.4528301886792453,1.4824698985133535,0.9997319646575814
16159378,O=C(CN1C(=O)c2cccn2-c2ccccc21)NCCCN1CCCC1,3,0.47540983606557374,3.2028314036181063,0.998146829955309
36640365,NC(=O)CN1CCC(CC1)Nc1c(cnc2cc(cc(c12)F)F)C#N,3,0.32926829268292684,2.915337887792961,0.9973459261673434
48791655,Cn1cc(cn1)CCNC(=O)N1CCCc2c(cccc21)F,3,0.4696969696969697,2.029532951198159,0.999100299935869
44436449,CCn1ccc2cc(ccc12)C(=O)N1CCN(C(=O)C1)c1ccc(cc1)C,3,0.47692307692307695,2.3243915332837575,0.9984759172685483
32176408,CC(=O)C1=C(C)c2cnc(nc2N(C2CCCC2)C1=O)Nc1ccc(cn1)N1CCNCC1,3,0.3402061855670103,3.062523306033974,0.999202666499217
49993241,CN(C1CCCCC1)c1ncnc2n(ncc12)CCO,3,0.5370370370370371,1.8285373936558948,0.9993020217691709
53808517,CCCS(=O)(=O)NC1CCN(CC1)Cc1ccc(c(c1)OC)C,3,0.5081967213114754,2.0282615709025227,0.9979369168626194
44492208,CN(CC(=O)NC1CC1)C(=O)C1C2CC3CC(C2)CC1C3,3,0.3958333333333333,1.5682971657183622,0.9992447918153285
49951746,Cc1cccc(n1)NCCc1cc(cc2c1OCOC2)F,3,0.4393939393939394,1.475665273698386,0.9982096013877362
36706256,Cc1ccc(cn1)OCc1noc(n1)-c1ccsc1,3,0.2982456140350877,1.9709710804576066,0.9998452405215493
31254852,CCC(=O)N(C)c1ccccc1C(=O)O,3,0.3617021276595745,2.606276270850749,0.9971452098680219
36568125,CCCN1CCn2nc(cc2C1)-c1nc2cc(ccc2[nH]1)OC,3,0.26865671641791045,2.324160278466025,0.997636923183814
306432,Cc1nc2ncc3c(n2n1)CCCC3=O,3,0.6190476190476191,0.6923900634757754,0.9992455229418873
43366900,Cc1nc(c(c2ccc(cc12)Oc1ccccc1)O)C(=O)NCC(=O)O,3,0.3103448275862069,1.9380750759451946,0.9986307029357362
233395,Cn1ccc(n1)CN1CCC(CC1)c1cnccn1,3,0.5490196078431373,3.2563430408971787,0.9994790777891891
48753166,CCc1nccn1Cc1nc(nc(n1)N(C)C)N,3,0.32,2.016130700128351,0.9989525681391104
48306804,Cc1ccc(c(n1)CN1CCC(CC1)c1nc2ccccc2o1)O,3,0.4225352112676056,2.06749437725948,0.999151371585479
49985873,COc1ncccc1CNc1ncnc2n(ncc12)C,3,0.4098360655737705,2.462740140575347,0.9991874702237855
46613610,CCc1cnc(nc1)NCc1ccc(cc1)CN1CCCC1,3,0.40476190476190477,2.4073780342935582,0.9979947120140545
202901,Cc1nc(c2c(cc(nc2n1)C1CCN(CC1)C(=O)Cc1ccc(cc1)F)C(F)(F)F)N,3,0.37662337662337664,2.232069667371639,0.9984644435064409
313515615,Fc1cc(c(nc1Cl)Cl)C1=CC(=O)n2nc(c(c2N1)-c1ccccc1)C(F)(F)F,3,0.225,2.639563410868989,0.9998074311088136
48755664,COc1ccc2nc(nc(c2c1)NCc1ncc(o1)C)C,3,0.4,1.800750954462661,0.9994208867443877
31863944,CC(C)CN1C(=O)NC(=O)c2c1nc1n2CCCCC1,3,0.47058823529411764,2.3349490358458396,0.9993632784367198
LN00130941,COC([C@H](Oc1nc(cc(n1)C)C)C(=O)O)(c1ccccc1)c1ccccc1 |r|,3,0.2647058823529412,3.299799993939047,0.9954981502328336
1533629,COc1ccc(c(c1)Oc1nc2c(n1C)C(=O)N(C)C(=O)N2C)C(=O)c1ccccc1,3,0.43859649122807015,2.2054106193634104,0.9989133507694207
MCULE-3611790330,CCOc1cc(ccc1C(=O)O)CC(=O)N[C@@H](CC(C)C)c1ccccc1N1CCCCC1 |r|,3,0.33783783783783783,4.433540346044074,0.997799659946125
43725006,CCCNC(=O)CSc1nc2cc(ccc2[nH]1)C,3,0.32857142857142857,1.370340833515436,0.9990292538947619
177370206,Cc1cc(n2nc(c(c2n1)C(=O)NCCc1nnc(s1)C)C)C,3,0.3333333333333333,1.7341525307762398,0.9994585035879668
48312888,CN(CCc1cnccn1)C(=O)c1cccc(c1)C,3,0.34782608695652173,1.8537818102462271,0.9988434675136773
36627798,O=C(Cc1cn2ccccc2n1)N1CCC(CC1)N1C(=O)Nc2ccccc21,3,0.4225352112676056,5.105372758183743,0.9990697434066556
45753290,Cc1nnc(o1)-c1ccccc1NCc1ccsc1,3,0.36363636363636365,1.9396363061150943,0.9992400196154945
EN300-53017,C[C@@]12C=CC(=O)C=C2CC[C@H]2[C@@H]3CC[C@](O)(C(=O)CO)[C@@]3(C)C[C@H](O)[C@@H]21 |r|,3,0.3142857142857143,4.095622663283315,0.9986431898164985
14858512,Fc1ccc(cc1)CCNc1ncccc1C#N,3,0.5531914893617021,1.558613486403903,0.9981087899540857
42961472,Cc1ccc(cc1F)-c1noc(n1)CCC(=O)N1CCCC1(C)C,3,0.34328358208955223,1.850612871456457,0.9987849188752674
43389174,CS(=O)(=O)CCNc1ccc2ccc(cc2n1)F,3,0.5,1.334026986233745,0.9982938953438016
177425249,Clc1cnc(nc1)NCC1(CC1)CN1CCCC1,3,0.4222222222222222,2.122557655282204,0.9980236772987834
5536034,Cc1ccccc1CSc1ccc(nn1)-c1ccccn1,3,0.2698412698412698,1.6439972627715767,0.9992545805341597
44551318,CON(C)C(=O)c1cc(ccc1NS(=O)(=O)C)C,3,0.58,1.8166934248792554,0.996706260953178
324054153,CC1(C)Cc2cc(c(nc2O1)N1CCN(CC1)CC(F)F)NC(=O)c1cnn2cccnc12,3,0.39285714285714285,2.959326781551382,0.9992206545639203
68882212,COc1ccc(cc1-c1cccc(c1)C(=O)NCCN1CCCC1=O)Cl,3,0.4782608695652174,1.9825839200396573,0.9981756976915116
36322410,Cc1ccsc1C(=O)NCc1ccc2c(c1)OCCCO2,3,0.40350877192982454,1.4172829639836948,0.9987591559538614
35741477,O=C(NCc1ccc2c(c1)OCCO2)c1sccc1C1CC1,3,0.38095238095238093,1.5769508552900335,0.9995117910833787
49038326,OCC1CCN(CC1)C(=O)Nc1ccc(cc1)COC1CCCC1,3,0.3620689655172414,2.021558309818887,0.9982421806974062
49130722,CCN1CCCN(CC1)C(=O)Nc1ccc(cc1)COC1CCCC1,3,0.40298507462686567,2.753415696911675,0.9980279480781525
49916996,Cc1cc(ncc1Br)N(CCO)CCCO,3,0.23214285714285715,2.407722783046452,0.9976866798216989
36516782,FC(F)(F)c1ccc(cc1)Nc1nc2cc(ccc2[nH]1)Oc1ccnc(c1)-c1ncc([nH]1)C(F)(F)F,4,0.24210526315789474,3.6808245000267723,0.9967581090686471
31965105,Cc1csc(n1)NC(=O)CCc1ccncc1,4,0.5,1.555946978531376,0.9991729410905775
36659962,COC(=O)N1CCCN(CC1)C(=O)C(=O)Nc1cccc(c1)C(C)C,4,0.36065573770491804,1.5558952406890822,0.9988615868704531
82702429,COc1ccc(cc1)-c1ccc(cn1)Cn1nc(cc1C)C,4,0.3220338983050847,1.9670948121531624,0.9985041489835511
177470998,COc1cc(cc(c1OC)OC)-c1ccc(cn1)Cn1nc(cc1C)C,4,0.3230769230769231,2.610129307141674,0.9973320147889346
300456235,COc1cc(c(cc1Cl)Cl)Nc1c(cnc2cc(c(cc12)OC)OCCCN1CCN(C)CC1)C#N,4,0.5522388059701493,3.0684636220754653,0.9970379211200064
1557197,Cc1cccc(c1)-n1c(nnc1CNc1ccc(cc1)F)S,4,0.38095238095238093,1.7419942594623752,0.9975750838594175
315276693,COc1cc(ccc1N1CCN(C)CC1)Nc1cc(ccn1)-c1cccc(c1)C#N,4,0.38333333333333336,2.5407345394591463,0.9985578941532164
13419387,Cc1sc2nc(nc(c2c1C)N)CN1CCCC1,4,0.45614035087719296,2.085886622038633,0.9993374541218267
222755004,COC(C)(C)CCNC(=O)CC1CC(C)(C)NC(C)(C)C1,4,0.49056603773584906,2.414047638303864,0.9983770092843105
32234428,CS(=O)c1ccc(cc1)-c1coc2ccc(cc12)-c1nnc(o1)C,4,0.3050847457627119,1.6962661937330281,0.9987403956419014
44527032,Fc1cc2c(cc1F)N(CCC2)C(=O)CCc1nnc(o1)-c1ccsc1,4,0.34210526315789475,1.6742186237163332,0.998983583637816
17943398,CCN(CC)C(=O)N1CCC(CC1)C(=O)O,4,0.5806451612903226,3.769275659858228,0.9972126733800849
300518355,Cc1nc(c2cnn(c2n1)C)N1CCNCC1,4,0.574468085106383,2.676231305399347,0.9993893855990544
35720088,CC(=O)N1CCN(CCNC(=O)N2CCc3sccc3C2)CC1,4,0.5964912280701754,1.6096151713999263,0.999026064381605
48337566,CN1CCCN(CC1)c1nc(nc2cc3c(cc12)OCO3)C(F)(F)F,4,0.2835820895522388,1.0931861689568974,0.9993194883195291
2460976,Cc1nc(c(s1)C(=O)Nc1ccc(c(c1)Cl)Cl)-c1ccccc1,4,0.45,1.4005066940220814,0.9991047718574405
48974948,Cc1nc(c(s1)C(=O)Nc1ccc(cc1)Cl)-c1ccccc1,4,0.4909090909090909,1.2849501935880558,0.9994425951738308
5466232,Cc1nc(c(s1)C(=O)Nc1ccccc1)-c1ccccc1,4,0.5714285714285714,1.188169179873204,0.9993040014106545
2461065,Nc1nc(c(s1)C(=O)Nc1ccc(c(c1)Cl)Cl)-c1ccccc1,4,0.4406779661016949,2.1637548382390057,0.998814278736142
3110901,Cc1nc(c(s1)C(=O)Nc1ccc(c(c1)C(F)(F)F)Cl)-c1ccccc1,4,0.4090909090909091,1.3557820621322585,0.9995188688439518
31929992,CN(C(=O)CNc1cccc(c1)-c1ccnc(n1)C)c1ccccc1,4,0.5737704918032787,1.5250560645432292,0.9992386894545374
104336645,C[C@H]1CN(CCN1c1ccc(nc1)NC1=CC(=CN(C)C1=O)c1ccnc(c1CO)N1CCn2c3c(cc2C1=O)CC(C)(C)C3)C1COC1 |r|,4,0.21296296296296297,14.193962589777291,0.999461006376316
31873876,Fc1ccccc1CN1CCN(CC1)S(=O)(=O)N1CCOCC1,4,0.5111111111111111,1.8327233833833068,0.997921892799605
6670067,NC(=O)c1ccc(c(c1)NC(=O)c1ncoc1-c1ccc2ccccc2c1)N1CCCCC1,4,0.3466666666666667,2.5538425949922394,0.9982831425248027
11868858,CC(=O)Nc1nc(cs1)-c1c(cc(cc1C)C)C,4,0.58,1.798404014675159,0.999112191151668
LN01342817,C[C@H]1CC[C@@H](CC1)n1c2cnccc2c2cnc(nc12)Nc1ccc2c(n1)CCN(C2)C(=O)CO |r|,4,0.3402061855670103,2.774060922185491,0.9986207589529997
36640884,CCOC(=O)c1ccc(nc1)N1CCSCC1,4,0.4583333333333333,1.9669994916115492,0.9986746617066367
49307701,Clc1cc2ncc(nc2cc1Cl)-n1ccnc1,4,0.3275862068965517,1.8525366393137368,0.9989193549073531
49646610,CCN(C/C=C/c1ccc(cc1)F)Cc1nc(no1)COC,4,0.2835820895522388,1.4494033255104888,0.9988690763395616
171948773,Cc1ccc(cc1)OCC1(O)CCN(CC1)CC1(O)CCN(CC1)c1ccccc1C,4,0.3472222222222222,5.053753852335997,0.9987985525783883
45665715,CC(=O)N1CCC(CCNc2ccc3ccc(cc3n2)F)CC1,4,0.5,2.275072306543255,0.998270043353476
222774264,CN(Cc1nncn1C)C1CCN(CC1)c1ccccc1F,4,0.3114754098360656,1.9121568973282475,0.9990230942497039
222773330,CCn1cnnc1CN(C)C1CCN(CC1)c1ccccc1F,4,0.34328358208955223,1.053419669457575,0.9992088366374282
177455527,CN(C)c1cncc(n1)-c1ccc(cc1)C(=O)NC(C)(C)C,4,0.5106382978723404,1.9437898548971957,0.9989698738860526
11880948,CCN1CCN(CC1)c1ccc(cc1)Nc1ncnc2sccc12,4,0.4,2.333601294137381,0.9985146074954331
326092,Fc1cccc(c1)CCNCc1cc(cn2nnnc12)-c1ccccc1,4,0.4461538461538462,1.4861389571638777,0.9988937178686874
17400188,COc1cc(c2c(c1)S(=O)(=O)N(COC1=CC(=O)N3C=CC=C(OCCN4CCCCC4)C3=N1)C2=O)C(C)C,4,0.325,4.614699231802871,0.9985460340744834
24880306,CC(C)(C)c1ccc(cc1)C(O)CN1CCC(O)(CC1)c1ccc2c(c1)OCO2,4,0.2876712328767123,4.249063308542086,0.9978324654791472
36310332,CN(CC(=O)Nc1cc(ccn1)C)C(=O)c1ccc(cc1)Cl,4,0.49056603773584906,1.9149926892809623,0.9977053633643735
3615737,C1COC(C1)CNc1nc(cs1)C12CC3CC(CC(C3)C2)C1,4,0.26865671641791045,2.7363685789746937,0.9990404504388488
44114971,CSc1ccc(c(c1)C(=O)NCCN1CCC(C)CC1)C,4,0.5283018867924528,2.0024140430988777,0.9981889494155869
152135,Clc1cccc(c1)-c1cccc(n1)C1CCCN(C1)S(=O)(=O)c1cn[nH]c1,4,0.5147058823529411,2.0817963397025405,0.9981852531350373
49956374,CCc1cc(n(n1)C)NS(=O)(=O)C,4,0.30434782608695654,1.8265360658912144,0.9997887520985996
45639971,O=C(COCC1CC1)N1CCCc2ncccc21,4,0.4918032786885246,1.3886385418818554,0.999040146035407
Z1611059418,CC(C)c1nnc(o1)NCc1ccn(c1)C,4,0.5681818181818182,1.7408655892969118,0.9993643859699131
32018130,CSCc1csc(n1)NC(=O)C,4,0.3404255319148936,1.682341820201905,0.9996832403983618
36922856,Fc1ccc2c(c1)N(CCC2)CC(=O)N1CCNC1=O,4,0.6,2.0531334588864585,0.9975521699022015
44014989,CN(C)C(=O)CN(C)CC(=O)Nc1cc(ccc1Oc1ccc(cc1)C)Cl,4,0.3466666666666667,1.4897483008886585,0.9992482455088219
48286431,Cc1nc(n(n1)CC(C)(C)O)-c1ccc(c(c1)Cl)Cl,4,0.36363636363636365,2.040779507933253,0.9985771583657005
49067788,CCN(CC)CC(=O)Nc1ccc(cc1)Oc1ccc(nn1)C,4,0.45652173913043476,2.1085440474411232,0.9976527434398266
44566730,CCc1nnnn1Cc1noc2c1CCCC2,4,0.46296296296296297,1.326731698574208,0.9991952024772367
170720716,CC(C)(C)NC(=O)NCCN1N=C2CCCCC2=CC1=O,4,0.5714285714285714,2.126976492582716,0.9992632845313704
73044938,NC(=O)CN1CCC(CC1)COc1ccccc1C(F)(F)F,4,0.42105263157894735,2.9348178819136392,0.9959455922058305
50131633,CCCC(=O)NCC(=O)Nc1cnc(nc1)N1CCN(C)CC1,4,0.3728813559322034,2.0390568898388755,0.9979808803462122
44398457,CCCC(=O)Nc1cnc(nc1)N1CCN(C)CC1,4,0.4339622641509434,1.309011077111305,0.9989788002204908
30455849,COc1cccc(c1)OCCCn1cncc1-c1cc2c(cc1C)N(C)C(=O)N2C,4,0.2972972972972973,2.900674749088442,0.9984631662456571
49951746,Cc1cccc(n1)NCCc1cc(cc2c1OCOC2)F,4,0.4393939393939394,1.475665273698386,0.9982096013877362
48758418,CC#CCNc1ccc(c(c1)C)-n1cnnn1,4,0.3548387096774194,1.4529931176709,0.9991749874695568
48670752,CN(C)c1ccc2c(c1)Sc1cc(ccc1N2)N(C)C,4,0.2777777777777778,1.5605547090698657,0.9992532453384245
232847546,CCCc1cc(no1)C(=O)Nc1ccc(cc1)-c1nnc([nH]1)C,4,0.46774193548387094,1.8117618496915966,0.9992419064408431
177431642,O=C(NCC1(CCCC1)N1CCCCC1)c1cnn[nH]1,4,0.27941176470588236,1.9318656785594475,0.998928117698545
29703212,OC(=O)c1ccc(cc1C1CCCC1)-c1c[nH]c2ncc(cc12)-c1ccccc1,4,0.3287671232876712,2.6957579639128695,0.998452579696193
1296389,CC(=O)Nc1ccc2nc(cc(c2c1)O)C,4,0.3888888888888889,1.3929852834831444,0.9992401577854891
EN300-1590205,CC(C)(C)N1N=CC(=C(Cl)C1=O)OCc1ccc(nc1)OCCOCCO,4,0.2898550724637681,1.5331011056025292,0.9986820293014981
49825510,Nc1ccnc2ccc(cc12)Oc1ccccc1,4,0.2653061224489796,1.4843631631108278,0.9995790243411591
830565,Nc1nc2ccccc2nc1N1CCCC1,4,0.3090909090909091,1.0409125803832846,0.9994130401209108
32029938,COC(=O)Nc1ccc(cc1)Oc1nc2ccccc2o1,4,0.3181818181818182,1.3777430820005918,0.998957952733917
53808517,CCCS(=O)(=O)NC1CCN(CC1)Cc1ccc(c(c1)OC)C,4,0.5081967213114754,2.0282615709025227,0.9987996350924367
2972727,Cc1nn(c(c1Oc1ccccc1O)C)CCC#N,4,0.25,1.1201776644802848,0.999081706405849
89942016,Nc1ncc(c2ccc(nc12)-c1cccc(c1)F)C(=O)NC1CN(C1)C(=O)C1CC1,4,0.3188405797101449,2.6908074996174305,0.9987690773844222
18813553,Fc1ccc(c(c1)Cl)C(=O)NCc1ccccn1,4,0.5454545454545454,0.6864896211881863,0.9995528791211096
152833,CN1CCC(CC1)Cn1cc(cn1)NC(=O)C,4,0.3898305084745763,1.4264508403723877,0.9993795173668274
36366966,CCn1c(nc2cnc(cc12)Oc1cccc(c1)NC(=O)c1ccc(cc1)OCCN1CCOCC1)-c1nonc1N,4,0.3829787234042553,5.550440252809011,0.9893803934288319
209461,NC(=O)CC1CCN(CC1)c1ncccn1,4,0.5121951219512195,1.6172971279267374,0.9978280709817098
149593,CNC(=O)CC1CCN(CC1)c1ncccn1,4,0.4772727272727273,1.590172003275325,0.9980294956110898
152649,CCCC(=O)N1CCC(CC1)c1cccc(n1)C,4,0.4745762711864407,1.1495112004674917,0.9988842581642402
177453659,C1CN(CCC2(C1)CCNCC2)c1cnc2ccccc2n1,4,0.46153846153846156,2.4840835332170004,0.9979795221233626
46603974,Cc1nc(c2c(noc2n1)C)NC1(CC1)c1cccc(c1)Cl,4,0.29411764705882354,1.4418484663788744,0.9993806278655774
35682807,CN(Cc1ccsc1)C(=O)c1cc(on1)C,4,0.6444444444444445,2.270299759943536,0.9990991694825075
49937270,CC(C)c1nnc(n1C)CNC(=O)C1(C)CCC1,4,0.42,1.0891455366477776,0.9993333225456051
48250662,Clc1cnccc1N1CCC(CC1)C(=O)NC1CCCCC1,4,0.5818181818181818,2.2853076379341593,0.9977165694168963
53800443,CCc1[nH]nc(c1C)NC1CCC(CC1)C(=O)OC,4,0.5510204081632653,1.6430480820709596,0.9992767358981978
30708810,Cc1oc(c(c1C)C(=O)Nc1ccn(n1)C)C,4,0.39215686274509803,0.9732183722089083,0.9998570375064796
31507466,Cc1cc(no1)-c1nncc2c(c(nn12)OCc1ncnn1C)C(C)(C)C,4,0.4025974025974026,2.145807773310991,0.9997147723796406
25002833,CNC(=O)C1CCN(CC1)Cc1ncc(o1)-c1ccc(cc1)F,4,0.4426229508196721,1.4191057043083017,0.9990783075237629
17107056,Clc1ccc(cc1)COc1ccc2c(c1)C(=O)N1CCCCCC1=N2,4,0.40625,1.8116500765875032,0.9990255043285482
313517655,CC(C)CC1=NN(C)C(=O)c2c(n(cc21)Cc1cccc2ccccc12)SCCCO,4,0.28205128205128205,3.657337966335999,0.9987758882997038
299989682,CN1[C@@H]2CC[C@H]1C[C@@H](C2)OC(c1ccccc1)c1ccccc1 |r|,4,0.2653061224489796,1.4367699885506222,0.9990779219940362
300042043,Clc1ccccc1CNCc1ccc2c(c1)OCCO2,4,0.46938775510204084,1.9506893653271646,0.9982908319494712
3140960,Clc1ccc(cc1Cl)C(=O)NN1CCOCC1,4,0.4716981132075472,2.0474615991516725,0.9993103060623709
177388619,CCc1nc(cc(n1)N1CCCC2(CCNCC2)CC1)C,4,0.31666666666666665,2.9422780290106876,0.9975911978040265
30026463,Cc1ccc(cc1C)NC(=O)CN1CCCC(C1)c1nc2ccccc2o1,4,0.44871794871794873,2.2511170560411715,0.9983206185942709
30026465,FC(F)(F)Oc1ccc(cc1)NC(=O)CN1CCCC(C1)c1nc2ccccc2o1,4,0.4146341463414634,1.824457727655032,0.9991883035895092
24022867,NC(=O)c1ccccc1NC(=O)CN1CCCC(C1)c1nc2ccccc2o1,4,0.375,2.626492718436355,0.998231578780285
104348771,C1Cc2nnc(n2C1)CN1CCc2ccccc2C1,4,0.39655172413793105,1.5465839776748045,0.9983865386404835
89942329,Cc1c(c(nn1Cc1ccc(cc1)C#N)C(F)(F)F)NC(=O)c1cc(nc2cc(ccc12)F)C(=O)N,4,0.43037974683544306,2.5372211176797164,0.9988463434432844
300445634,CN(C)CCOc1cc(ccc1NC(=O)C1COc2ccccc2O1)-c1cn[nH]c1,4,0.27058823529411763,2.476233631949654,0.9977512006223366
48306804,Cc1ccc(c(n1)CN1CCC(CC1)c1nc2ccccc2o1)O,4,0.3492063492063492,1.7169825275756028,0.999151371585479
141603,CC(C)CC(=O)N1CCC(CC1)(Cc1cccc(c1)-c1cncnc1)C(=O)NC(C)C,4,0.4605263157894737,2.4446891417932686,0.9995183769618212
MCULE-2124560621,CCOc1cccc(c1)CNCCc1c[nH]c2ccccc12,4,0.6470588235294118,1.2086058083592335,0.9993673601929826
42957976,Cc1cc(no1)CNc1ncc(cc1Cl)C(F)(F)F,4,0.36065573770491804,2.385700945215069,0.9990337763269259
33339330,Cc1ccc2nc(c(cc2c1)C(=O)NOCc1ccccc1)C,4,0.3939393939393939,1.48183231170043,0.998872911067328
29689751,O=C(NCc1cccnc1)c1sccc1-c1ccccc1,4,0.4909090909090909,1.538904805373791,0.9995973385697992
171789858,CC(=O)N1CCN(CC1)[C@H]1CCN(CC[C@@H]1O)C(=O)c1cc2cc(ccc2o1)C |r|,4,0.3,3.225574987502344,0.9983673561777309
171789496,Cc1ccc2oc(cc2c1)C(=O)N1CC[C@H](O)[C@H](CC1)N1CCOCC1 |r|,4,0.3108108108108108,1.6608940363544586,0.9995431736563839
171789564,CC(=O)N1CCN(CC1)[C@H]1CCN(CC[C@@H]1O)C(=O)c1cc2cc(ccc2o1)Cl |r|,4,0.2835820895522388,2.7200016544112016,0.9993538260976126
35732653,CC1=CNC(=O)N1c1ccc(cc1)C(=O)Nc1ccc2ccccc2n1,4,0.5517241379310345,1.7766842713319388,0.9992829877301614
184567,CNC(=O)c1sc2ncccc2c1[C@H]1CC[C@@H](CC1)CNC(=O)CCc1ccccc1 |r|,4,0.3068181818181818,3.0717006690106254,0.9983910111418927
184569,CNC(=O)c1sc2ncccc2c1[C@H]1CC[C@@H](CC1)CNC(=O)COc1ccccc1 |r|,4,0.32222222222222224,3.1201862123921575,0.9989857437325226
177167,CN1CCC(CC1)c1nc2cc(ccc2[nH]1)C,4,0.3770491803278688,2.888693995562783,0.998350259962414
228285,CCn1nccc1-c1cc(ncn1)CC1CCNCC1,4,0.3728813559322034,1.7821554365429577,0.9991286888990054
49310649,C1Cc2c(ncn2CCc2ccccc2)CN1c1ncccn1,4,0.37037037037037035,1.7731190033382793,0.9979959840611523
53927369,Cc1cn(c2ccccc12)CCN1CCN(CC1)c1ccccc1-c1cc(cc(c1)C(=O)NCCCN1CCCC1)C#N,4,0.43209876543209874,8.619535080269813,0.9887187108358918
48840184,CN(C)C(=O)c1ccnc(c1)NCc1cc(c(s1)Br)C,4,0.5818181818181818,2.1518749963688215,0.9992377223637168
48671463,COc1ccc(c(c1)OCc1ccccc1)N,4,0.40425531914893614,1.088814492923305,0.9986362094677917
49968164,CCc1cc(nc(n1)C)N(C)Cc1ccc(nc1)N,4,0.6444444444444445,2.1586430923152093,0.9969324982581531
31997330,CC1CCN(CC1)Cc1ccc(cc1)NC(=O)c1ccccn1,4,0.4426229508196721,2.4501379552997173,0.9973267020779428
36284654,Cc1c(cnn1C)C(=O)NC1CCN(CC1)CC1CCCCC1,4,0.453125,2.6017807363419214,0.998030051294912
48631332,C1CN(Cc2nnc(o2)C2CC2)CC(C1)(c1ccccc1)c1ccccc1,4,0.32786885245901637,1.5910512248195334,0.9994695902603026
31966128,Cc1nc(cs1)CN1N=Cc2ccccc2C1=O,4,0.43103448275862066,1.2487878122406195,0.999221801224313
42901988,CC(C)c1noc2nc(cc(c12)C(=O)N1CCN(C)C(=O)C1)C1CC1,4,0.28888888888888886,2.6827243615404033,0.9991173472944882
73052466,CCOC(=O)CCN1CCC=C(Br)C1,4,0.2777777777777778,2.339237055110164,0.9967325015824965
316762184,COc1cc2c(cc1OC)-c1[nH]nc(c1C2=O)NCc1c(cccc1Cl)Cl,4,0.328125,2.9903277412343554,0.999383745438358
222763049,CC(C)N(C)S(=O)(=O)NCCCc1nc2cc(ccc2[nH]1)Cl,4,0.35714285714285715,2.3607100626720365,0.9979803622417304
1360373,CCOC(=O)Nc1ccc2c(c1)N(C(=O)CN(CC)CC)c1ccccc1CC2,4,0.5636363636363636,2.1908126346177865,0.9987417037588087
1464553,Cc1ccc(cc1)NC(=O)Cc1c[nH]c2ccccc12,4,0.38596491228070173,1.4416861655715136,0.9993828899951108
30173146,Cc1c(n(c2ccc(cc12)O)Cc1ccc(cc1)OCCN1CCCCCC1)-c1ccc(cc1)O,4,0.3968253968253968,5.280892064793645,0.9974712912404516
89942308,COc1cc(ccc1-c1ncnc(n1)Nc1cccc(c1)C[S@@](=N)(=O)C)F |r|,4,0.3333333333333333,2.414801855225398,0.9977379535399515
31399424,Cc1cc(c(c(n1)C)NC(=O)c1cc(ccc1F)Cl)C,4,0.3709677419354839,1.6397463218436772,0.9991965348626639
299988347,CN(C)C(=O)C(CCN1CCC(O)(CC1)c1ccc(cc1)Cl)(c1ccccc1)c1ccccc1,4,0.30985915492957744,4.207072972982513,0.9985496251407201
43366944,CC(C)c1cc(c(cc1O)O)C(=O)N1Cc2ccc(cc2C1)CN1CCN(C)CC1,4,0.28125,2.7375689945639836,0.998188980055897
24889188,Cc1ccc2c(c1)C(=O)CC1(CCN(CC1)C(=O)c1ccc3nc(cc(c3c1)O)C)O2,4,0.3698630136986301,1.6341144390768558,0.9991329543087311
48762012,Cc1cc(n(n1)C)C(=O)Nc1nnc2n1CCCC2,4,0.5185185185185185,1.9970535796517415,0.9998604465792336
177425312,CN(CC1(CO)CCCC1)C(=O)CCN1CCCCC1=O,4,0.4528301886792453,1.9162914705231602,0.9990597966573111
177472658,CN(CC1(CO)CCC1)C(=O)CCN1CCCCC1=O,4,0.42592592592592593,1.8455367782840066,0.9987058741863335
49297123,Cc1cc(c(c(n1)C)NC(=O)c1ccnc(c1)OC1CCC1)C,4,0.3384615384615385,1.873795079510743,0.9989234362213149
37817860,CC(C)(C)n1cc(cn1)CNc1cccnc1,4,0.36,1.40400000000005,0.9992144892533125
165629,OCCN1CCC(CC1)c1ccncn1,4,0.37735849056603776,2.1961557321829845,0.9982407866365783
11883158,COC(=O)c1c([nH]c(c1C)C(=O)OCC(=O)N(C)Cc1cccs1)C,4,0.44776119402985076,3.094274713078772,0.9994054566436377
49350315,Fc1ccc(cc1)CNc1nnc(o1)-c1ccc2c(c1)OCO2,4,0.4117647058823529,1.9975387355442202,0.9988048030027183
49156244,CCCCn1nc(nc1CNC)-c1ccc(o1)C,4,0.4032258064516129,1.7251072430428749,0.9992853393274603
73016554,Cc1cc(cc(n1)N1CCc2c(ncn2CCc2ccccc2)C1)C#N,4,0.391304347826087,1.6742876097013981,0.9984283388567909
11005871,CCOc1ccc(cc1)S(=O)(=O)N(CC)CC(=O)Nc1ccc2c(c1)OCO2,4,0.3918918918918919,1.0332995693414806,0.9993088892460348
49946784,Cc1ccc(nc1)CNc1ncnn1C,4,0.4888888888888889,2.4665968458588505,0.9992100284075882
23808246,Cn1nc(c2[nH]c(nc12)-c1cccc(c1)CN1CCOCC1)C1CC1,4,0.32432432432432434,2.2583217219871643,0.998496587253152
36987134,CC1CCC(CC1)NC(=O)c1oc2ccccc2c1CS(=O)C,4,0.4067796610169492,1.562408077296347,0.9989808056759956
181767,CNCc1cc(nc(n1)C1CCCN1C(=O)C1CN(C1)Cc1ccc(cc1)Cl)N(C)C,4,0.7142857142857143,2.62828518239591,0.9981767800942699
35715808,CC(C)NC(=O)c1cc(n(n1)-c1ccccn1)-c1ccccc1,4,0.4107142857142857,1.6753924913291853,0.9993594214774887
50282202,CCS(=O)(=O)N1CCN(CC1)c1ccc(cc1)Nc1ncc(c(n1)NC1CC1)C(=O)N,4,0.32608695652173914,4.975640360797766,0.9919864525710388
30697446,CC(C)(C)C(=O)N1CCC(CC1)NS(=O)(=O)C,4,0.44,1.5659070853663977,0.9984874977146991
30658737,CN(Cc1cccc(c1)C#N)c1cnc2ccccc2n1,4,0.4716981132075472,2.0495721504744435,0.9967768361304481
49945424,CCc1cnccc1C(=O)Nc1cnccn1,4,0.39215686274509803,1.489350865309927,0.999513655985858
24879320,OC1(CCN(CCNC(=O)c2cccc(c2)F)CC1)c1cccc(c1)F,4,0.3787878787878788,1.8253898213804993,0.9980865865259203
6809286,O=C(NCc1ccccc1)c1ccc(cc1)NS(=O)(=O)c1ccc(cc1)C1CCCCC1,4,0.3698630136986301,3.460645171062638,0.9956436836865566
49972816,CN(CC(=O)Nc1cccc(n1)C)c1ncccc1F,4,0.4098360655737705,2.049386981514525,0.9983828859899205
44392699,Cc1[nH]nc2c1C1(CCCCC1)CC(=O)N2,4,0.25,2.4553447823066943,0.9981830891858966
Z1411035575,Cc1ccc(c(c1)N(Cc1nccn1C(F)F)C#N)F,4,0.27941176470588236,1.3101518995902082,0.9991601693286686
44508995,CN(C)S(=O)(=O)CCCN1CCc2ccccc2CC1,4,0.4489795918367347,1.9926607839770067,0.9988930560005632
35731142,CCOC1CCN(CC1)C(=O)CN1C(=O)Nc2ccccc21,4,0.5862068965517241,2.0081150365453437,0.9988488992209352
49176076,Nc1cncc(c1)-c1ccc(cc1)CN1CCCCC1,4,0.5526315789473685,2.7429081282465164,0.9976650279681967
36673851,CCNC(=O)N1CCC(CC1)c1nc(no1)-c1ccccc1,4,0.45098039215686275,0.7719857511628011,0.999594687502847
53839672,CN(C)c1nccc(n1)N1CCN(CCCCCF)CC1,4,0.375,2.165831018338945,0.9972138785547163
43141052,N#Cc1ccccc1-c1ccc(o1)-c1nccn1-c1cccnc1,4,0.2857142857142857,2.1514437013320955,0.9993925142786293
784983,OC(=O)c1cc(ccc1O)/N=N/c1ccc(cc1)S(=O)(=O)Nc1ccccn1,4,0.273972602739726,2.225183363231132,0.9986471895699011
93428812,CCS(=O)(=O)Nc1ccc(c(c1)C1=CN(C)C(=O)c2[nH]ccc21)Oc1ccc(cc1F)F,4,0.26582278481012656,2.9573887130369516,0.99939206419051
35743833,CNC(=O)c1ccc(cc1)CN(C)c1c(cc(cc1F)C#N)F,4,0.375,1.448430184717223,0.9967264457487675
271693,Cn1cncc1-c1ncccc1C(=O)N1CCCC1,4,0.3442622950819672,1.573036553929668,0.9988808168061708
32176418,CCCS(=O)(=O)Nc1ccc(c(c1F)C(=O)c1c[nH]c2ncc(cc12)-c1ccc(cc1)Cl)F,4,0.27710843373493976,2.704511970762872,0.9989996009064557
42885549,CC1(CCOCC1)c1nnc(o1)-c1cc(n[nH]1)-c1ccccc1,4,0.2807017543859649,1.2472609991501427,0.9992316442297465
210343,Cc1nc(cc(n1)C1CN(C1)c1ncccn1)Nc1nccs1,4,0.358974358974359,1.5216303756184413,0.9994190408625958
35785818,Fc1ccc(cc1)NC(=O)c1cc(nn1-c1ccccc1)C1CC1,4,0.4909090909090909,1.1809813715721156,0.9995093714620162
18877730,OC(=O)c1cc(cc(c1NC(=O)CSc1nccn1C1CC1)Cl)Cl,4,0.28378378378378377,2.6941017055785337,0.9987526748417468
48312888,CN(CCc1cnccn1)C(=O)c1cccc(c1)C,4,0.34782608695652173,1.8537818102462271,0.9988434675136773
232877422,CC(=O)N1CCC(CC1)CNc1nccc2cccnc12,4,0.4339622641509434,1.1153900662988696,0.9992562578152198
232884320,CN1CCC(CC1)CNc1nccc2cccnc12,4,0.3333333333333333,2.600164610173681,0.9988564610791357
43366900,Cc1nc(c(c2ccc(cc12)Oc1ccccc1)O)C(=O)NCC(=O)O,4,0.3,1.9380750759451946,0.9986307029357362
177454167,CCOCCC(=O)N1CCC2(CCCN(C)CC2)CC1,4,0.34545454545454546,2.035382273677135,0.999360957801716
36849731,Cc1ccnc(n1)NCc1cccnc1,4,0.4883720930232558,2.2449200431199583,0.9993731359680208
49951580,CN(C)CC(=O)Nc1nc(ns1)-c1sccc1C,4,0.3225806451612903,1.6518323159455301,0.9992677523798243
MCULE-6181763916,Cc1noc(n1)OCC(=O)N1CCCCCC1,4,0.3888888888888889,1.2588625818572072,0.9991089942566592
48421225,CN1C(=O)N(C)c2cc(ccc21)CN1CCC(CC1)c1ccc(cn1)Cc1ccccc1F,4,0.3384615384615385,4.0686486700135545,0.9973550537931118
31603444,O=C(CCn1cncn1)N(CC#Cc1ccccc1)C1CCCC1,4,0.2857142857142857,2.269066988874388,0.9978948830903522
222077,CC1(CCN(CC1)Cc1ccco1)c1ccn[nH]1,4,0.3333333333333333,2.0213505386251964,0.9995019052302092
43278877,Cc1c(cccc1NC(=O)CN1[C@H](Cc2ccccc2)C[C@]2(C)NC(=O)CCC[C@H]12)F |r|,4,0.2875,2.9853013248246394,0.9995354824641425
43280049,Cc1ccc(cc1F)NC(=O)CN1[C@H](Cc2ccccc2)C[C@]2(C)NC(=O)CCC[C@H]12 |r|,4,0.3116883116883117,2.6226332187326933,0.9995743049743935
36931863,COc1ccc2c(c1)CN(CC2)C(=O)c1cc([nH]n1)C1CC1,4,0.352112676056338,1.7594214958333385,0.9987516076605036
33339849,CCCN1C(=O)N(Cc2ccc(cc2F)C#N)c2ccccc21,4,0.45614035087719296,1.7206583042547579,0.9988953201212889
49939748,N#Cc1ccc(o1)CNc1cnc2ccccc2c1,4,0.3448275862068966,1.4447788758147755,0.9994941211655259
14097435,CN(C)C(=O)c1ccc(c(c1)NS(=O)(=O)C)C,4,0.44680851063829785,1.9069042975460493,0.9978994978185465
MCULE-2007854892,Cc1cc(nc(n1)N1Cc2ccccc2C1=N)C,4,0.26153846153846155,1.9731419107604247,0.9987065648948902
32394390,COc1ccc(cc1)CCN1C(=O)NN=C1C1CC1,4,0.3389830508474576,2.4199491730199516,0.9974960578458151
29780390,CC(C)Cc1sc(nc1-c1ccc(o1)P(=O)(O)O)N,4,0.30357142857142855,2.454622985308097,0.9985082399123067
314860,CCN1C(=Nc2ccccc2C1=O)CN1CCCCCC1,4,0.4,1.2400100806044347,0.9991226340977392
31901754,Cc1ccc2nc(c(cc2c1)C(=O)N1CCC(CC1)C(=O)Nc1ccncc1)C,4,0.42028985507246375,2.5577425593675422,0.9991517558918404
16692987,COc1ccc(c(c1)OC)C(=O)Nc1ccc2oc(nc2c1)C,4,0.4444444444444444,1.6448556167640156,0.9992017668960205
218757,Cn1cc(cn1)CN1CCCC(C1)c1ccnc(c1)Nc1cnccn1,4,0.4025974025974026,4.428155823817028,0.9979155917294736
50359676,CC1=NN(CCOc2ccc(c(c2)F)Cl)C(=O)C=C1,4,0.6078431372549019,1.1061699688565056,0.9992493969075529
49297145,CN(C(=O)c1cncc(c1)F)c1cccc2ncccc12,4,0.35,1.1939041000010293,0.9995420986820142
36322410,Cc1ccsc1C(=O)NCc1ccc2c(c1)OCCCO2,4,0.40350877192982454,1.4172829639836948,0.9987591559538614
35741477,O=C(NCc1ccc2c(c1)OCCO2)c1sccc1C1CC1,4,0.43636363636363634,1.5769508552900335,0.9995117910833787
43245209,OC(=O)c1n(nc2ccccc12)Cc1ccccc1,4,0.3958333333333333,2.169422273325436,0.9985816503916962
48745068,CN(CCc1ccncc1)c1ncccc1C#N,4,0.34,1.2306392647725624,0.9994413446192634
36440866,CC(=O)N1CCC(CC1)Cn1ccnc1-c1cc2ccccc2s1,4,0.47692307692307695,2.0281807118696027,0.9990080356246297
31406035,CN1CCNc2nc3ccccc3nc21,4,0.3469387755102041,2.07327783955743,0.9965646874797969
43488186,Cc1ccc2[nH]c(nc2c1)C1CN(C1)C(=O)Cc1cccc2ccccc12,4,0.35135135135135137,1.4087732251856202,0.9989084312305364
82713457,O=C(CN1N=C(Cc2ccccc2)c2ccccc2C1=O)NCCc1c[nH]cn1,4,0.59375,2.620161636235175,0.998392398112257
31845178,CC(C)(C)c1ccc(cc1)CN1CCC(CC1)C(=O)N,4,0.4489795918367347,2.611072385055645,0.998689964629226
8049874,C(Oc1ccccc1)c1nc2cc3ccccc3cc2[nH]1,4,0.3275862068965517,1.5568378207121731,0.9991883419465502
50282148,CS(=O)(=O)c1ccc(nc1)-c1nnc(n1-c1ccccc1Cl)/C=C/c1nnc(o1)-c1ccc(cc1)C#N,4,0.2727272727272727,3.1941981779471162,0.9983524944111906
42942714,CN(C)c1cc(nc(n1)-n1cnc(n1)C#N)C,4,0.45652173913043476,3.017446105566902,0.997402694261502
1590696,CC(C)(C)c1ccc(cc1)C(=O)Nc1ccc(cc1)C(=O)Nc1ccccc1,4,0.46938775510204084,2.757970449442522,0.9984249353840119
49953992,CN1CCc2ccc(cc21)C(=O)NCCC(=O)Nc1cccnc1,4,0.373134328358209,2.7566811567533263,0.999184240481098
29683420,CN1CC(=O)N(CCCC(=O)Nc2cccc(c2)C#Cc2cccs2)C1=O,4,0.42424242424242425,3.2013290989840018,0.9983901225884098
50136169,CC(=O)Nc1ccc(cc1)C(=O)N1CCc2ncncc2C1,4,0.3492063492063492,1.9237336094169648,0.9993995654745242
2047138,CC(=O)Nc1cccc(c1)OC(=O)N1CCOCC1,4,0.5192307692307693,1.3039259948325919,0.9984585073863288
48831256,Cc1nn(cc1CNc1nc(nc2sc3c(c12)CCCC3)-c1cnccn1)C,4,0.4931506849315068,5.042942692516527,0.9995672102881402
53802705,COc1cccc(n1)CN(C)c1cc(ncn1)N1CCCC1,4,0.3142857142857143,1.5112127580193955,0.9990135249656411
177386071,CC(C)C(=O)N1CCn2nc(cc2C1)CNC1CCc2ccccc2CC1,4,0.47692307692307695,3.4148704221391797,0.9988741760524935
177400083,FC(F)(F)c1cccc2c1N=CN(C1CCCC1)C2=O,4,0.32142857142857145,1.6251433782901263,0.9987878129431516
222751297,FC(F)Oc1ccc(cc1)S(=O)(=O)NCc1n[nH]c2c1CCCCC2,4,0.30434782608695654,1.8760586344781993,0.9988205404641498
1527294,COc1ccc(c(c1)OC)CNc1ncc(n1C)-c1ccc2c(c1)OCO2,4,0.48484848484848486,2.9297663729382335,0.9978089627601263
232887379,COCC1(CCC1)CNC(=O)c1cc(cnc1O)Cl,4,0.45161290322580644,1.929725887270354,0.9974436469061166
207921,Cc1nc(cc(n1)C1CCN(CC1)c1cnccn1)O,4,0.45098039215686275,2.326528744718434,0.9992008010760925
294504,CC(C)(C)NC(=O)CN1N=C(OC1=O)C(c1ccccc1)c1ccccc1,4,0.3220338983050847,2.4514120420692045,0.9996088056381152
4851238,OC(=O)c1csc(n1)Cc1ccc(cc1)Cl,4,0.3541666666666667,1.987980633708473,0.9981722226031012
45751322,CN(CCc1ccccn1)C(=O)Nc1nncs1,4,0.4,0.7344902994603036,0.9997773549139147
177444466,Cc1c[nH]c(n1)C(=O)NCC1(CCCC1)N1CCCCC1,4,0.4032258064516129,1.9601913171935046,0.9989531428416275
23671374,Cc1ccc(s1)C(=O)Nc1ncccc1C,4,0.41818181818181815,0.9952351480928178,0.9997141384361111
205729538,O=C(Nc1ccccc1)N1CCCc2cnc(nc21)N1CCOCC1,4,0.515625,1.39307501592748,0.9996361722781693
278832,O=C(C(c1ccccc1)c1ccccc1)N1CCOCC(C1)Cc1ccc2cnccc2c1,4,0.43037974683544306,2.9551326535369853,0.9984091479482032
48761324,COCC1CCN(CC1)c1noc(n1)-c1cccs1,4,0.3898305084745763,1.6832070579698954,0.9986626853566131
365482,CC(C)C(=O)NC[C@H]1CC[C@@H](CC1)c1nn(cc1-c1cc(no1)C)C |r|,4,0.3387096774193548,2.0817999423581193,0.9986678351412974
36647090,COc1ccccc1NC(=O)CN1CCCN(CC1)c1nc(cs1)C,4,0.44871794871794873,2.084202485364324,0.9987666471859196
31923278,Cc1cc2ccccc2n1CC(=O)N1CCc2ccc(cc2C1)O,4,0.4,1.8873412516023047,0.998885122101211
318302594,O=C(NC[C@@H]1CCN(C1)c1ccccc1)N1CCc2ccccc2C1 |r|,4,0.38333333333333336,2.081141033183421,0.9991248430164047
31507610,Cn1cc(cn1)-c1ccc2nnc(n2n1)C(F)(F)c1ccc2ncccc2c1,4,0.33783783783783783,2.992149728873773,0.999563494692344
295413823,CC[C@H]1N(c2ccn(n2)C)c2nc(ncc2N(C)C1=O)-n1ccnc1-c1ccc(cc1)F |r|,4,0.2911392405063291,2.622266004813494,0.9998190113457869
36914406,CC1(C)CN(CCO1)C(=O)c1cncc(c1)Br,4,0.4838709677419355,1.7545697478297673,0.9985935034590189
877481,Clc1ccc2c(c1)CCc1cccnc1C2=C1CCNCC1,4,0.27586206896551724,2.1588712328438566,0.9987582620348947
10645209,Cc1cn(cn1)-c1cc(cc(c1)C(F)(F)F)NC(=O)c1ccc(c(c1)Nc1nccc(n1)-c1cccnc1)C,4,0.3333333333333333,2.4907615301349777,0.999325052627142
49068002,CC(C)(C)CCCNC(=O)N1CCN(CC1)Cc1ccon1,4,0.6071428571428571,1.7308671237272306,0.9986631435190214
139135,CN(C)C(=O)C1(CCN(CC1)C(=O)c1cnn(c1)C)Cc1ccccc1-c1ccccc1,4,0.5909090909090909,2.824996460174969,0.9986503673872598
139133,CN(C)C(=O)C1(CCN(CC1)C(=O)c1ccc(s1)C)Cc1ccccc1-c1ccccc1,4,0.5757575757575758,3.6746345396515863,0.9983833278505008
45676719,Cc1ccc(cc1)-n1nc(c2c1CCCC2)C(=O)N1CC(O)C1,4,0.4126984126984127,1.9908716683907077,0.9984685930171131
177450733,COCCc1noc(n1)CN(C)C(=O)c1ccc2c(c1)CCC2,4,0.3888888888888889,1.8696240263753587,0.9993200995625777
48934153,CN(CCOc1ccccc1)CC(=O)NCCc1ccccc1,4,0.5272727272727272,1.3276049864321047,0.9984506480779709
49292072,CN(C1CCCCCCC1)C(=O)COc1cc(on1)C,4,0.3793103448275862,1.7815787942159074,0.9980779628435827
43429664,CC(N1CCCC(C1)c1nc2ccccc2o1)C(=O)Nc1ccccc1,4,0.4264705882352941,1.7953826890106994,0.9990034003041177
30026467,CC(N1CCCC(C1)c1nc2ccccc2o1)C(=O)Nc1ccc(cc1)C(=O)N,4,0.35526315789473684,2.542768766521977,0.9979561682583198
31845870,O=C(NCC#C)c1ccc2c(c1)OCO2,4,0.44,1.4074885434701032,0.9989776151364737
1527366,CN(C)CCN(Cc1ccccc1)Cc1ccccc1O,4,0.375,1.612682857849052,0.9977438307472579
29586826,CC(C)C(=O)Nc1ncc(s1)-c1ccccc1,4,0.37735849056603776,0.7480681787112534,0.9996045271792174
49134782,OCCOc1ccccc1OCc1ncc(cc1Cl)Cl,4,0.2909090909090909,1.6909958604326434,0.9988314444616739
43251541,CN(C1CCC1)C(=O)c1cc(nc2ccnn12)C,4,0.5490196078431373,1.1952924328378949,0.9991462115616728
36447805,N#Cc1cccc(n1)-c1ccc2[nH]ccc2c1,4,0.359375,1.9714735605635825,0.9987972244288758
181759,CNCc1cc(nc(n1)C1CCCN1C(=O)COc1ccccc1OC)NC,4,0.5833333333333334,2.7516956590437482,0.9976279796838852
46091137,OCc1ccc(cc1)Cn1cc(nn1)-c1cc(ccc1-n1cccn1)F,4,0.323943661971831,1.9640417510839945,0.9991455507774516
171975111,CC(=O)NC[C@H]1C[C@]2(C)[C@@H](CCCC[C@]2(C)O)N1CC1(O)CCCC1 |r|,4,0.3103448275862069,4.539549757409974,0.9989383051940159
171974149,CC(=O)NC[C@H]1C[C@]2(C)[C@@H](CCCC[C@]2(C)O)N1CC1(O)CCOCC1 |r|,4,0.2857142857142857,3.8741129307233124,0.9988810139778689
49942184,C(Nc1nnc(o1)-c1ccncc1)c1cncs1,4,0.6304347826086957,2.292959441420351,0.9989961384390754
25587599,COc1cccc(c1)-c1nc(n[nH]1)-c1cccnc1,4,0.35185185185185186,1.7941268071132148,0.9996106621833448
35739549,COc1ccc(cc1-n1ccc(n1)C(=O)NC(C)C)C,4,0.6101694915254238,1.0357470733729681,0.9994510261518849
313520210,C[C@@H](N1CC(C1)Oc1ccccc1)C1=NC(=O)c2cnn(c2N1)C1CCOCC1 |r|,4,0.3902439024390244,3.561987226254714,0.9991147764025391
222760164,CN(C)C(=O)c1cncc(n1)N(C)CCN(C)C1CCCC1,4,0.5,2.2808579526135464,0.9987579270304214
901943,CCC1=C(C)CN(C(=O)NCCc2ccc(cc2)S(=O)(=O)NC(=O)N[C@H]2CC[C@H](C)CC2)C1=O |r|,4,0.47368421052631576,4.041485865371446,0.9953198194877394
50347915,Cn1c(nnc1C1CC1)SCOCc1ccccc1,4,0.49019607843137253,1.6495917676805687,0.9984377673804669
6892467,COc1cc(cc(c1OCc1ccc(cc1)Cl)Br)CNc1nnn[nH]1,4,0.3333333333333333,3.290265186880953,0.9923874370985183
49160264,CN(C)c1ccc(nn1)-c1ccc(cc1)COCc1cccs1,4,0.23333333333333334,2.1520078996136665,0.9968432353443318
35762297,Cc1nnc(c(c1C)C#N)NCC(=O)N1CCc2sccc2C1,4,0.39473684210526316,1.6670398915435227,0.9993063069705485
2059266,CCN(CC)C(=O)c1ccc(cc1)NC(=O)C,4,0.48717948717948717,1.4642714912200065,0.99926091378974
45659871,O=C1C=C(CN2CCCCc3ccccc32)Nc2ccnn21,4,0.4444444444444444,2.4039276195423893,0.9988904880384988
44466308,Cn1ncnc1COc1nn2c(nnc2cc1C1CCC1)-c1c(cccc1F)F,4,0.5068493150684932,0.39168609880740557,0.9999365330215235
902055,CCC[C@@H]1C[C@H](N(C)C1)C(=O)N[C@H]([C@@H](C)O)[C@H]1O[C@H](SC)[C@H](O)[C@@H](O)[C@@H]1O |r|,4,0.17567567567567569,7.228142361630605,0.9982081112474411
32433398,Clc1cccc(c1)N1C(=O)NN=C1CCCN1CCOCC1,4,0.45161290322580644,2.1666961023640963,0.9986416155975651
30455813,COc1cccc(c1)OCCCn1cncc1-c1cc2c(cc1OC)OCCCO2,4,0.3026315789473684,2.3036868276740297,0.99762089833
35721780,CN1CCCN(CC1)C(=O)NCCOc1ccc2c(c1)OCO2,4,0.4264705882352941,2.4082223734527743,0.9989935452707126
425680,Cc1cc(on1)-c1cnn(c1C1CC1)CCNC(=O)c1sc(nc1C)C,4,0.328125,2.223017543790252,0.9996133763607158
24472719,Cc1noc(c1CCC(=O)Nc1cccnc1)C,4,0.5535714285714286,1.3203571486533843,0.9998452405215493
50612278,CCOc1cc(ncn1)N(C)CC1CCN(C)CC1,4,0.375,1.9005278214221764,0.9984203397785977
315272596,Nc1ncc(cc1C(F)(F)F)-c1cc(n(n1)CC1CC1)C1C2CN(CC21)C1COC1,4,0.20652173913043478,2.858716495212502,0.9991144126634022
295412827,C1Cn2nccc2CN1Cc1ccccc1,4,0.38,1.552331150238217,0.9988583131959037
30016064,Cc1nn(c2ncc(cc12)C(=O)Nc1ccc2c(c1)CCO2)C,4,0.46875,1.8707570660032615,0.9998310006543532
13448534,Fc1ccc(cc1)CN1CCCN(CC1)c1ccc2nnnn2n1,4,0.3220338983050847,1.2875507756982552,0.9986011314278797
37000875,Cc1nn(c(c1C(=O)O)C)Cc1cccc(c1)Br,4,0.38461538461538464,1.986251746380349,0.9991600630729105
323968411,CC(O)(C#Cc1ccc2c(c1)N(CC2)c1nc(ncc1Cl)N)c1nccs1,4,0.2079207920792079,3.9017388431317195,0.9987349337583353
49383448,CN1CCN(CC1)S(=O)(=O)c1ccc(cc1)-c1cnc(c(n1)C(=O)Nc1cccnc1)N,4,0.32432432432432434,3.6404804627961043,0.9969316517866446
43241226,Cn1nc(c2cccnc12)C1CCNCC1,4,0.32727272727272727,1.7955843060128744,0.998437160266999
49082955,O=C(OCC1CCSCC1)c1cccc(n1)-n1cccn1,4,0.40625,1.5051391962208867,0.9991682859698277
226819,CN1CCC(C1)Cc1cccc(n1)-c1nccs1,4,0.4032258064516129,1.8173667764099632,0.9989038038607115
49946976,Cc1nc(n(n1)C)NCc1ccc(c(c1)Cl)F,4,0.44,2.1106944354880164,0.9989522819410043
49947026,Cc1nc(n(n1)C)NCc1ccc(cc1)F,4,0.5,1.9604833587663215,0.9982818696578069
49146795,Cn1cc(cc1-c1nc(nn1CCc1ccccc1)C1CC1)C#N,4,0.36507936507936506,1.0720177237336077,0.9992219318689646
82709477,CCc1cc(nc(n1)N1CCOCC1)-c1ccc(c2nc(ccc12)C)OC,4,0.3283582089552239,2.416247710811197,0.9989005040871926
82713843,CCc1cc(nc(n1)N1CCOCC1)-c1ccc(c2ncccc12)OC,4,0.30434782608695654,1.741900973075271,0.9984449374303712
44588358,CC(C)c1cnc(o1)COc1ccc(nc1)Br,4,0.288135593220339,1.5655305809855258,0.999452999049506
31416534,OCc1cnnn1-c1cncc(n1)Cl,4,0.19047619047619047,4.949072135260093,0.995449392711048
31356688,O=C(CCN1N=Nc2ccccc2C1=O)Nc1ccncc1,4,0.44642857142857145,1.2166096333666205,0.9991007215808559
Z1373904915,CN1CCN(C(=O)c2cc(cnc2Cl)Br)c2cnccc21,4,0.3188405797101449,1.828493368869854,0.9986890196698084
32278227,CC(C)c1cc(c(c(c1)C(C)C)CC(=O)NS(=O)(=O)Oc1c(cccc1C(C)C)C(C)C)C(C)C,4,0.28125,6.069411009315683,0.9995391967048722
178528031,CC(=O)N1CCc2ccc(cc21)N(C1CCN(CCC2CCCC2)CC1)C(=O)/C=C/c1cccc(c1)C#N,4,0.26744186046511625,6.796260442331597,0.995346820129613
1195337,Nc1ccc2[nH]c(nc2c1)CCc1ccccc1,4,0.425531914893617,2.632160899337218,0.998177526392387
49055842,Cc1nnc2ccc(nn12)N1CCC2(CCCCC2)C1,4,0.37735849056603776,1.968310188969086,0.9997137889695585
552358,CN(C)CCNc1c2c(c(c3nc4ccccc4n13)C#N)CCCC2,4,0.28169014084507044,2.393218753060352,0.9987304127703807
13458787,CC(C)C(=O)Nc1ccc(cc1)-c1nc(sc1C)-c1ccccn1,4,0.42424242424242425,2.106368201431102,0.9984931853320868
20650033,Fc1ccccc1-c1noc(n1)-c1ccc(nc1)NCCc1cnccn1,4,0.30666666666666664,2.4863439021990756,0.9982426064141475
171948518,Cc1ccc(c(c1)OC[C@@]1(O)CN(CC[C@@H]1O)C1CCC1)Cl |r|,4,0.3888888888888889,2.5573900758389327,0.9973000323680702
316272522,Cc1ccc(c(c1)OC[C@@]1(O)CN(CC[C@@H]1O)C1CCCC1)Cl |r|,4,0.3888888888888889,2.70908305520558,0.9982111664310738
316271501,CCC(CC)N1CC[C@H](O)[C@@](O)(COc2cc(ccc2Cl)C)C1 |r|,4,0.3835616438356164,2.6264654956807423,0.9989917968957056
43583679,O=C1CCCc2c1[nH]c1cc(ccc21)-n1ccnc1-c1ccncc1,4,0.28,1.6924313870875873,0.9995052541084751
300417634,N#Cc1cccc(c1)CNCc1ccccn1,4,0.42857142857142855,1.4104463832418774,0.998294457521337
36944203,Cc1cc(ccc1NC(=O)c1c(oc(c1C)C)C)Oc1ncccn1,4,0.3559322033898305,2.0464554722742103,0.9992858646142266
232900428,COCC(=O)Nc1ccc(cc1)NC(=O)Cc1cc(ccc1C)C,4,0.5,1.976434415810395,0.9981225546583756
24034759,CCc1nnc([nH]1)Sc1nc2cc(nn2c2ccccc12)C,4,0.5818181818181818,1.9342740240201652,0.9997226695119379
300014701,CC(C)CC(NC(=O)C(O)C(N)Cc1ccccc1)C(=O)O,4,0.27692307692307694,1.8285373936558948,0.9990754792937233
49095542,CC(C)CCN1CCC(CC1)CNC(=O)C1CC=CC1,4,0.5217391304347826,2.294912852376098,0.9978395244096876
36966070,CC1(CCOCC1)c1nnc(o1)-c1ccc2c(c1)OCCO2,4,0.5454545454545454,1.461568677825249,0.9980213075067522
73050408,CN(Cc1ccc(cc1C)Br)C(=O)CO,4,0.36,2.292411612254636,0.9938426944323375
316789943,NC1CC(NC(=O)c2ccc(cn2)-c2cn[nH]c2)C21CCC2,4,0.38235294117647056,3.6108872870808084,0.9985704488708469
55628764,Cc1cccnc1CN1CCC(O)(CC1)c1ccccc1,4,0.44642857142857145,1.655100903268346,0.9991665075864824
49090047,FC(F)Cn1ccc(n1)NC(=O)NC1CCN(CC1)C1CCCC1,4,0.48333333333333334,3.122319650516097,0.9987295052656042
23998591,Cc1ccsc1C(=O)Nc1nc2ccccc2s1,4,0.42,1.4276165451557365,0.9994206504968164
1533629,COc1ccc(c(c1)Oc1nc2c(n1C)C(=O)N(C)C(=O)N2C)C(=O)c1ccccc1,4,0.43859649122807015,2.2054106193634104,0.9989133507694207
16744002,CCONC(=O)c1cncn1-c1ccc(cc1)F,4,0.58,1.757595801087846,0.9986393594072908
1487936,N#Cc1cc2c(nc1SCc1cccnc1)CCCCCC2,4,0.3492063492063492,1.8414048984403721,0.9981271033528742
31364239,O=C(CC1CCCC1)NCc1nnc2n1CCC2,4,0.41935483870967744,0.9549486897205359,0.999408827393516
53744945,OC(=O)c1cnn(c1)-c1nc2cc(c(cc2[nH]1)OC(F)(F)F)Cl,4,0.22784810126582278,5.231308727268986,0.9952781869017644
2873705,Cc1ccccc1-n1nc(cc1N)C(C)(C)C,4,0.4090909090909091,1.1083663654225018,0.9991947841180909
301693590,CN(C1CCNC1)C(=O)c1cc(ccc1F)N1CCNC1=O,4,0.47761194029850745,1.7445755930887337,0.9996357523171319
301817626,CN(C1CCC(N)CC1)C(=O)c1cc(ccc1F)N1CCNC1=O,4,0.5,2.266306907724684,0.9989617719355087
351738,COc1cc2cc(c(nc2cc1OC)C1CCN(CC1)C(=O)C(C)(C)C)N,4,0.3918918918918919,2.0676668010098562,0.9991275435709996
36516873,COc1cccc(c1)Nc1c(cnc2c(cc(cc12)S(=O)(=O)c1cccc(c1)C(=O)N(C)C)C)C(=O)N,4,0.33766233766233766,2.706123426601412,0.9989522841798184
24873612,COc1ccc(cc1)-c1ccc(cc1)CN(CCN1CCOCC1)Cc1cccnc1,4,0.6333333333333333,2.717657079176784,0.9993776251184154
316900455,Cn1cc(c(n1)C1CCCCC1)NC(=O)c1cnn2cccnc12,4,0.4675324675324675,3.04145047633507,0.9992433913404587
177361869,CN(C)c1nc(ncc1C)NCC1(CO)CCCC1,4,0.43859649122807015,2.3012846412383405,0.9976766589358401
31600959,Cc1nc2ncccn2c1C(=O)N(CC#Cc1ccccc1)C1CCCC1,4,0.31645569620253167,2.4638173633610028,0.9977880656500199
49935002,CN(C)C(=O)CNC(C)(C)c1ncc(s1)C,4,0.29310344827586204,1.2072423120484754,0.999406620549443
306342,O=C1Oc2nc3cc4c(cc3cc2CN1CCN1CCOCC1)OCO4,4,0.3,1.8521900550427353,0.9994826760384633
306388,O=C1Oc2nc3cc4c(cc3cc2CN1CCN1CCOCC1)OCCO4,4,0.3,1.848820164320682,0.9982076296290274
23728018,Cc1ccc(cn1)C(=O)NCC#Cc1ccccc1,4,0.5869565217391305,0.9799755098981372,0.9994380368019448
32157229,Fc1ccc(c2c(ccnc12)NCc1ccc(nc1)N1CCOCC1)F,4,0.2972972972972973,1.5111161437829452,0.9991461184930311
13656111,COCCNC(=O)C1=NN=C2N(CCN2c2ccccc2)C1=O,4,0.3561643835616438,1.7105466962348637,0.9992745824816512
1422270,Clc1ccc(cc1)CC(=O)NCc1ccncc1,4,0.39622641509433965,1.7313119303002673,0.9996621793950691
232872526,Cc1cc(cnc1C)C(=O)NCC1CCN(CC1)c1ccc2ccccc2n1,4,0.40298507462686567,2.051104336692584,0.9990353688169875
49008924,CN(CC1CCC1)C(=O)C1CCN(CC1)c1ccc2nncn2n1,4,0.546875,2.068374724270031,0.9979575566350851
15274760,Fc1ccccc1NC(=O)CN1CCSC1=O,4,0.42857142857142855,1.173177309702022,0.9991754572402698
53804145,CCC1=CC(=O)NC(=N1)SCCN1CCCCC1,4,0.509090909090909,2.3286622769306207,0.9987215008365409
49028063,Cc1nnc2ccc(nn12)NCCOC1CCCCCC1,4,0.3548387096774194,2.1952854028575097,0.9984482692553754
43104263,CCc1ccc2nc(cc(c2c1)C(=O)N1CC(C1)c1cccnc1)C,4,0.30666666666666664,1.676625479944513,0.9993248581583024
14858512,Fc1ccc(cc1)CCNc1ncccc1C#N,4,0.5531914893617021,1.558613486403903,0.9984903539142088
11826916,Nc1nc2c3ccccc3oc2c2ccccc12,4,0.34,1.6904700529733803,0.9997368309652347
36264533,O=C(NCCc1cn2c(n1)CCCC2)c1ccccn1,4,0.5245901639344263,2.3909776243204153,0.998378178680746
36925778,O=C(N1CCN(CC1)c1ncccn1)c1noc2c1CCCC2,4,0.4423076923076923,1.6886944661481869,0.9992237499804937
49829589,NC(=O)CCCSc1nc(nc(n1)-c1c(cc2c3c(cccc13)COC2)Cl)N,4,0.22988505747126436,2.821393981704737,0.9974814204911038
35709702,CNC(=O)Cn1ccc2cc(ccc12)OC,4,0.421875,1.732323295462203,0.9994291486030515
315782,Cc1nc2cc(nn2c(c1C)NCc1cccnc1)-c1nccn1C,4,0.6166666666666667,2.519572781246201,0.9994089386351709
30448845,CC1(C)Cc2cc(ccc2O1)CN1CCC2(CC1)NC(=O)N(Cc1ccccc1)C2=O,4,0.34782608695652173,3.554581269291959,0.9990033256712616
48955399,CC(C)c1ccc(cc1)CN1CCN(CC1)C(=O)C1CCN(CC1)C(=O)C1CC1,4,0.4482758620689655,5.2647650469890515,0.9978789460694922
43958394,COc1ccc(cc1)CN1CCN(CC1)C(=O)C1CCN(CC1)C(=O)C1CC1,4,0.5555555555555556,2.263254294152899,0.9991477605247184
2258851,O=C(NCCc1ccccc1)c1cnccn1,4,0.3958333333333333,1.9577696493714707,0.9986071452499214
18822495,O=C(CCN1C(=O)CCC1=O)Nc1cccc2ncccc12,4,0.43103448275862066,1.5493595451028073,0.9994346734416902
32135801,CC(C)C(=O)Nc1ccc2cnn(c2c1)C(C)C,4,0.375,0.655505148721676,0.999762567921946
73050302,C1CCN(C1)c1cc(ncn1)NCc1ccccc1N1CCOCC1,4,0.3333333333333333,1.9224825096732345,0.9985493836311508
9879245,COc1ccc(c(c1)OC)NC(=O)c1snnc1C,4,0.37254901960784315,1.760146868872318,0.9994755851151378
33360977,O=C(CN1CCc2ccccc21)N1CCC(CC1)C(=O)Nc1nccs1,4,0.4925373134328358,1.603938278115114,0.9996637443177935
42949037,Cn1cc(cn1)NC(=O)c1cn(nn1)Cc1ccccc1,4,0.48148148148148145,2.1652018381671643,0.9996965137594261
48953611,CN1CCN(CC1)c1ccc(cc1)NC(=O)c1ccc(cc1)S(=O)(=O)N1CCCc2ccccc21,4,0.3835616438356164,3.491728082196736,0.9981220727796012
267985,Cc1nccc(n1)C1(C)CCN(CC1)CC(=O)N,4,0.3448275862068966,1.465389709258268,0.997895322906328
48597409,CN(C)c1ncn(n1)-c1cccc(c1)N,4,0.29411764705882354,1.6439467752942267,0.9992120939235967
276241702,CC(C)Cc1ccccc1CNCc1ccc2[nH]cnc2c1,4,0.4807692307692308,3.2695625089604117,0.9952535931812627
44507857,CCCc1cc(n2ncnc2n1)N1CCc2c(nc(n2C)C2CC2)C1,4,0.2987012987012987,1.7459656354008863,0.9991801936523858
36356108,CCCc1cc(n2ncnc2n1)N1CCc2c(nc(n2C)C(C)C)C1,4,0.45588235294117646,1.7255987366709207,0.9992575606896972
46026615,FC(F)(F)c1nccc(n1)NCCSc1nc2ccccc2o1,4,0.3050847457627119,1.4824698985133535,0.9992555722840158
36332254,CN(CCN1CCCC1)C(=O)c1sc2nc(nc(c2c1C)C)C,4,0.5344827586206896,2.66191434873482,0.9978420469448827
24093551,Cc1cccc(n1)NC(=O)c1ccccc1-c1ccccc1,4,0.5333333333333333,1.528281060538427,0.9980463782531693
49863827,Nc1ncnc2n(nc(c12)-c1ccc(cc1)Oc1ccccc1)[C@@H]1CCCNC1 |r|,4,0.463768115942029,3.190193567794885,0.9986251674763691
31847933,COc1ccc(cc1F)CN(C)C(=O)Nc1ccccc1,4,0.5084745762711864,1.2471691946159413,0.9985821110275608
2171363,COc1ccc(cc1)S(=O)(=O)N1CCC(CC1)N1CCC(C)CC1,4,0.3333333333333333,2.159162800717236,0.9988290779350052
31407175,COc1cc(c(cc1CNC(C)(C)C)OC)OC,4,0.32727272727272727,2.0538541817764706,0.9972384887086453
31232131,Cn1nc(c2ccc(cc12)Br)N,4,0.2682926829268293,1.9210270690439923,0.998244995262229
31326902,Cc1cc(ccc1NC(=O)c1cccc2cccnc12)F,4,0.48,1.5434373974994213,0.9995592448044033
177360703,CN1C(=O)C=C(N(C)C1=O)C(=O)N1CCN(CCc2ccccc2)C(=O)C1,4,0.5517241379310345,1.4221835324596968,0.9989483114476394
48752652,COc1cc(ncn1)NC(=O)c1ccc(cc1C)F,4,0.3125,1.631167679915777,0.9993748215456334
49971700,Cc1cccc(n1)NCCc1cn2c(n1)CCCC2,4,0.5344827586206896,2.1136288699767896,0.9993010391425383
177469670,CN(Cc1c(noc1C)C)C(=O)NCCc1nc(cc(n1)C(F)(F)F)C,4,0.609375,1.6473311749616322,0.9989042662899064
44582746,OC1CCN(CC1)C(=O)CCCc1cc(sc1Cl)Cl,4,0.37037037037037035,1.9080248950162761,0.9983449368441115
49950940,CN1CCC(CC1)CNC(=O)c1ncoc1-c1ccc(cc1)F,4,0.4032258064516129,2.033629513947474,0.9992734901707431
32161047,C1CN(CCC1c1nc(n[nH]1)-c1ccccc1)c1cnc2ccccc2n1,4,0.4107142857142857,1.467338747528828,0.9991065665438064
48234480,C1CN(CCC1c1nc(n[nH]1)-c1ccccc1)c1ccccn1,4,0.3484848484848485,1.6682790533962037,0.999132338738423
13529886,FC(F)(F)c1ccc(nc1)N1CCCN(CC1)C1CC(=O)N(C1=O)c1ccccc1,4,0.5,2.136696047639642,0.9990396940374108
48316168,Cn1cc(cn1)CCNc1cncc(c1)Br,4,0.3492063492063492,1.6984434050032118,0.999002504365995
49383509,CCC(=O)Nc1cccc(c1)Oc1nc(ncc1Cl)Nc1ccc(cc1OC)N1CCN(C)CC1,4,0.4772727272727273,2.2088612450767493,0.9979185252958308
35695446,Clc1ccc(nc1)NC(=O)C1(CC1)c1cccc(c1)Cl,4,0.34328358208955223,1.1903323065430418,0.9991624669277013
44134429,COc1cc2c(cc1OC)C(=O)NC(=N2)CN1CCC(CO)CC1,4,0.5084745762711864,2.4668492049576267,0.9987034756909206
181210453,CCN(Cc1ccccc1)C(=O)c1cccnc1N,4,0.5319148936170213,1.3504343745625327,0.9982851079917793
44811754,Cc1c[nH]c2nccc(c12)Oc1c(cc(cc1F)Nc1cc(nc(n1)N)Cl)F,4,0.2571428571428571,4.976629883766781,0.9984468957486001
290047753,CC(C)N(C)S(=O)(=O)N1CCC(CC1)CNC(=O)CCCn1cccn1,4,0.32,2.853212400085262,0.9960065210758106
348408,CC1=NN(CC2(O)CCN(CC2)Cc2cccs2)C(=O)C=C1,4,0.34328358208955223,1.3238077655014986,0.9994353462108936
25831601,COc1ccc(cc1)N1N=C(C)/C(=C(\C)Nc2ccc(cc2)S(=O)(=O)N)C1=O,4,0.42424242424242425,2.0264167883236612,0.997408707150057
25831603,C/C(=C/1\C(=NN(C1=O)c1ccc(cc1)F)C)Nc1ccc(cc1)S(=O)(=O)N,4,0.29577464788732394,1.8354334637898126,0.9977111287776174
48758078,CCc1nnc(c(c1CC)C#N)N1CC(C1)N(C)C,4,0.5102040816326531,1.8128742372263889,0.9990725351704685
33362309,COc1ccc(cc1)-c1csc2ncnc(c12)Oc1ccc(nc1)C,4,0.5,1.6259471086103874,0.999443057544072
1527152,Cn1c(ncc1-c1ccccc1)NCc1ccccc1,4,0.45614035087719296,1.5876312544163622,0.9984125497236943
1527130,COc1cccc(c1)CNc1ncc(n1C)-c1ccccc1,4,0.3880597014925373,1.3390802813872356,0.9989542553590538
181831,CNCc1cc(nc(n1)C1CCCN1C(=O)c1ccccc1-c1ccccc1)N(C)C,4,0.640625,2.0636397456921673,0.9992530583937694
32069322,Cc1noc2ncc(cc12)C(=O)Nc1nc(cs1)C1CC1,4,0.38571428571428573,3.777939120737882,0.9971326479682341
189882719,Clc1ccc(cc1)/C=C/C(=O)N1CCC2(CC1)CN(Cc1ccc(c(c1)Cl)Cl)C(=O)O2,4,0.3287671232876712,1.9703596118472113,0.9994567889797468
44550372,CC1CN(CC(O1)c1ccccc1)C(=O)c1cccnc1N1CCOCC1,4,0.4696969696969697,2.4239806104831527,0.9992551877688401
11480248,Cc1nc(nc2n(cnc12)-c1ccc(cc1)F)Nc1ccc(cc1)F,4,0.375,2.0891084222697507,0.9988271577120491
300095105,Cc1cncc(c1)CN1CCC(=C2c3ccc(cc3CCc3cccnc32)Cl)CC1,4,0.27380952380952384,1.773654137649356,0.9987711715077287
36951097,C1CN(CCN(C1)c1nc(ns1)-c1ccccc1)c1nccs1,4,0.46551724137931033,1.4177863026562947,0.999181005792632
49968826,Cc1cccc(c1Cl)NC(=O)N1CCC(CC1)N1CC=CC1,4,0.5263157894736842,1.8679951820064298,0.9992560044645427
49964732,Cc1nc(n(n1)C)NCC(C)(C)c1ccccc1,4,0.4166666666666667,2.0343957333813125,0.998546833680724
318732407,CC(C)[C@H]1CC[C@H](CC1)NC(=O)c1cnn2c(cc(nc12)C)C |r|,4,0.5,2.368765290188042,0.9988803908593652
1249615,Cc1cc(n2ncc(c2n1)C(=O)NC1CCCCC1)C,4,0.5087719298245614,1.6163393826794596,0.9992371928891401
73014754,CNc1nc(cc(n1)C(=O)Nc1ccc2[nH]ncc2c1)C,4,0.4262295081967213,3.1620409548263835,0.9987538252161388
177401551,COc1ccccc1-n1cc(cn1)CNC(=O)N(C)Cc1c(nn(c1C)C)C,4,0.5454545454545454,1.9282144590260712,0.9996535978416757
24024401,O=C(Nn1cnc2ccccc12)c1c2c(nc3ccccc13)CCC2,4,0.5517241379310345,1.9374080623352161,0.9996183050582808
53749740,Clc1ccc(cn1)CSc1nc(c[nH]1)-c1ccccc1,4,0.4423076923076923,1.5030851605948998,0.9988460377725458
177303970,Fc1c(cccc1OC1CC1)CN1CCC(CC1)c1nnc2ccccn12,4,0.546875,1.1393063679278121,0.9993859144462819
82719175,CN(C)c1ccc(nn1)-c1ccc(cc1)C(=O)NCCN1CCCC1=O,4,0.4383561643835616,2.3259957007698393,0.9986020518321498
43571967,CCc1nc(c(s1)Cn1ccnc1-c1cnc(nc1)N1CCCC1)C,4,0.3230769230769231,2.614687553035735,0.9990030287282995
49947006,Cc1nc(n(n1)C)NCc1sccc1C,4,0.6190476190476191,2.0540477112275375,0.9994844713357657
320312,CCc1cc(nc(n1)C1CCN(CC1)C(=O)C1CC1)N1CCOCC1,4,0.373134328358209,2.3499872340075316,0.9986790487256683
36355642,CC(=O)N1CCN(CC1)C(=O)c1ccc(cc1F)-c1ccc(cc1)F,4,0.4375,1.992740073366368,0.998566553122758
177444153,Cn1cc(cn1)-c1cccc2c(cccc12)C(=O)N,4,0.35185185185185186,1.85006999867586,0.9995127038052093
49325135,CN(C(=O)c1cc(nc(c1)O)C)c1nc2ccccc2s1,4,0.30357142857142855,1.3617319853773786,0.9993820687275689
320383153,CC(C)(C)Nc1cc(c2ncc(n2n1)-c1ccc(cc1)C(=O)NC1CC1)NCC1CCOCC1,4,0.3125,3.485796035340839,0.9984060130434835
49667242,COc1cc(ccc1F)CN1CCC(CC1)c1ccnc(n1)C,4,0.5263157894736842,1.565971264104169,0.9981561254788736
30693076,O=C(NC1CC1)c1cccnc1Oc1ccccc1,4,0.5555555555555556,1.36491794625161,0.9991328699783354
Z224124934,Cc1nn(c2sc(cc12)C(=O)N1CCC(CC1)(C(=O)O)c1ccccc1)C,4,0.391304347826087,4.210529301643883,0.9950270722858471
4758327,O=C(NCCNC(=O)c1cc(nc2ccccc12)-c1ccccc1)c1ccco1,4,0.38333333333333336,2.5170599913391514,0.9983418037173075
5965122,CCC(=O)NCCNC(=O)c1cc(nc2ccccc12)-c1ccccc1,4,0.41818181818181815,2.1241059295616367,0.9989631156562992
36675429,Cc1cccc(n1)C(=O)N1CCCN(CC1)CC(=O)NCC#C,4,0.4142857142857143,1.4996396233760405,0.9994674862933759
195793,Cc1cccc(n1)Nc1ccc(nc1)C1CCN(CC1)C(=O)c1cc2cc(ccc2n1C)F,4,0.391304347826087,3.298764617246541,0.9987222718160594
2937124,CCOC(=S)SCC(=O)Nc1nc(cs1)-c1ccc(cc1)C1CCCCC1,4,0.391304347826087,2.7183366237461204,0.9971202822540144
3330721,CSCC(=O)Nc1nc(cs1)-c1ccc(cc1)C1CCCCC1,4,0.45,2.7001242563998913,0.9980316601789215
89942288,CC1(C)OCCn2c1nc1c(nc(nc21)-c1cnc(nc1)N)N1CCOCC1,4,0.2289156626506024,2.333541085989329,0.9991951179356123
49083449,CCN1CCN(c2ccccc21)S(=O)(=O)c1c[nH]c(n1)C(C)C,4,0.5714285714285714,2.9510489660456947,0.9991151075377723
49976216,CNC(=O)Cc1nc(cs1)-c1cncc(c1)C,4,0.4423076923076923,5.9951890712470215,0.9986154704645982
49992227,Cn1cc(cn1)C1CCN(CC1)CC(=O)N1CCc2sccc2C1,4,0.515625,2.6257964506032416,0.9984546145282216
197945,Cc1cc(cc(n1)C1CCCN(C1)CC(=O)Nc1ncc(s1)C)Nc1ccccn1,4,0.6052631578947368,2.9587960389319488,0.9989928895129849
11009421,COc1ccc(cc1)CNC(=O)c1nnn(c1N)-c1ccc(cc1)OC,4,0.43548387096774194,2.687689528200536,0.9985547945152137
49084025,O=C(NCC1CCC2(CC1)OCCO2)c1[nH]nc2c1CCCC2,4,0.543859649122807,2.4060496669853135,0.9991449329729623
32431408,COc1ccc(cc1-c1cccnc1O)C,4,0.3877551020408163,0.9505351124498658,0.9984184893757557
31323694,Cc1nnc(c2ccccc12)NCc1cccnc1,4,0.40384615384615385,1.0124455540914947,0.99953165973767
49933864,CN(C)C(=O)OCCN1CCC(CC1)c1c[nH]c2ncccc12,4,0.5,2.8929498785843917,0.998703848978599
32436924,CCc1oc2c(cccc2c1C)-n1cnnc1,4,0.25,1.231291192204805,0.9995538585229262
49151417,COCCc1nc(n(n1)CCO)-c1ccccc1-c1ccccc1,4,0.4032258064516129,2.2053215185093054,0.9972206109691897
49946970,Cc1nc(n(n1)C)NCc1cn(nc1-c1cccs1)C,4,0.4528301886792453,1.9580252807353384,0.9991371031574597
50897890,Cc1c(ccc2n(c(cc12)C#N)Cc1cn[nH]c1)CN1CCC(CC1)Nc1ncnc2sc(cc12)CC(F)(F)F,4,0.42105263157894735,8.110490614013115,0.9973567975575528
50897886,Cc1c(ccc2[nH]c(cc12)C#N)CN1CCC(CC1)Nc1ncnc2sc(cc12)CC(F)(F)F,4,0.4588235294117647,5.947748901895871,0.9984374595826889
36325996,Clc1snnc1CN1CCCN(CC1)c1nc2ccccc2[nH]1,4,0.5737704918032787,2.0969892703586357,0.9982449120443108
306440,Cc1nc2ncc3c(n2n1)CC(C)(C)CC3=O,4,0.6190476190476191,1.6787388123230138,0.9988278898791365
30063049,CC1Cc2cc(ccc2N1C(=O)C)S(=O)(=O)Nc1cccc(c1)-c1cnco1,4,0.38271604938271603,1.1764131927177515,0.9993965401415288
300962268,Fc1ccc(cc1Cl)-n1cc(nn1)/C=C/c1ccnnc1,4,0.24242424242424243,1.7064597856378978,0.997923969532531
313091037,OC(=O)C1CN(C1)Cc1ccc(cc1)OCc1ccc(c(c1)Cl)Cl,4,0.3442622950819672,2.7684347563198393,0.9964085584545462
49963976,CCCNC(=O)C1(CCCCC1)NCc1cncnc1,4,0.5882352941176471,2.2763233513716545,0.9985680684736972
50550848,COC1=CN(N=C(C1=O)c1ccnn1-c1ccccc1)c1ccc(cc1F)-n1cccn1,4,0.2916666666666667,2.387235849261841,0.9987851346198234
46613610,CCc1cnc(nc1)NCc1ccc(cc1)CN1CCCC1,4,0.40476190476190477,2.9447390376736347,0.9979947120140545
35733771,COc1ccc2nc(ccc2c1)NCc1cnn(c1)C,4,0.43859649122807015,1.6395581721922328,0.9993257815614912
75983310,CC(C)c1nc2c(n1C)CCN(C2)C(=O)c1cccc(c1F)C(F)(F)F,4,0.38235294117647056,1.900369437767327,0.9987740936034937
140075,CC(C)(C)C(=O)N1CCC(CC1)(Cc1ccc(cc1)-c1cccs1)C(=O)N1CCCC1,4,0.32857142857142857,5.8923129584231555,0.9985475448567602
25616683,CNc1nc(ncc1F)-c1cc(cc(c1)OC)OC,4,0.32608695652173914,1.5472262278027564,0.9994612393150987
16760340,Fc1ccc(cc1C(=O)Nn1cnc2ccccc12)Cl,4,0.31746031746031744,1.886689693617093,0.9987941994972451
232862626,CC(=O)NCCCC(=O)Nc1ccc(cc1)Oc1ccccc1Cl,4,0.3620689655172414,2.158657453140675,0.9977657645611495
31619881,CC(C)c1cc(no1)CN(C)Cc1c[nH]nc1-c1ccc(cc1)F,4,0.4032258064516129,1.5384111934065405,0.9993227519188653
46036273,Cn1nc(c2c(cccc12)Cl)-c1cn(nn1)Cc1ccc(cc1)CO,4,0.28169014084507044,1.4616808817242641,0.999025757062164
35705370,Cc1nccc(n1)-c1cccc(c1)NCC(=O)N1CCCCCCC1,4,0.5737704918032787,2.0639525188335446,0.9984645085750589
32077202,Cc1nccc(n1)-c1cccc(c1)NCC(=O)NCC(=O)N1CCCC1,4,0.5873015873015873,2.059038367782014,0.9986069511994691
49354187,FC(F)(F)CN1CCC(CC1)N1CCS(=O)(=O)CC1,4,0.20588235294117646,1.7553033925794985,0.9989208347022195
146921,CN(C)C(=O)c1ccc(nc1N)C1CCN(CC1)C(=O)CCc1nc2cc(c(cc2[nH]1)C)C,4,0.4605263157894737,3.9306354448106466,0.9976780768831377
300481375,Fc1cc(ccc1CNCc1ccccn1)Br,4,0.4074074074074074,1.3167095351671347,0.9980747819086592
73032016,CC(C)CNc1nnc(s1)SCc1ccncc1,4,0.38461538461538464,1.2357766788548403,0.9989838603801408
31836142,Cc1ccc(o1)C(=O)Nc1ccccc1-c1ccccc1,4,0.46808510638297873,1.3086966799073094,0.999632750298743
38477365,Cc1ccc(c(n1)-n1cc(cn1)Cl)CN,4,0.2631578947368421,2.512681038254176,0.9989656030911559
43267241,O=C(CN1CCCC(C1)c1ccc2cn[nH]c2n1)N1CCCC1,4,0.6,2.8905195034802778,0.9958268474870188
48613628,COc1ccccc1C(=O)NCc1nc(cc(n1)N1CCCCC1)C,4,0.3717948717948718,2.4828493711866906,0.9967245754888113
48613632,Cc1cc(nc(n1)CNC(=O)c1ccccc1Cl)N1CCCCC1,4,0.36363636363636365,2.9632924256643283,0.9976432711111305
3593598,Clc1ccccc1-c1ccc(o1)C(=O)N1CCN(CC1)C(=O)c1ccccc1,4,0.38461538461538464,2.361257927461148,0.9992791686361188
44563083,COC(=O)N1CCCN(CC1)C(=O)c1ccc(o1)-c1ccccc1Cl,4,0.3492063492063492,0.9156767988760722,0.9995391606795326
25618066,Cc1csc(n1)NC(=O)c1ccc(cc1)-c1ccncc1,4,0.3877551020408163,2.1327543224668952,0.999032070354195
420214,CCCn1ncc(c1C)CN1CCC(CC1)c1cc2cccnc2[nH]1,4,0.4050632911392405,2.9784208903380414,0.9988090626063943
177445050,OC1(CCN(CC1)C(=O)c1ccc(cc1)-c1ccncc1)CN1CCCC1,4,0.3770491803278688,2.384489882553545,0.9984527620405146
45753290,Cc1nnc(o1)-c1ccccc1NCc1ccsc1,4,0.36363636363636365,1.7817690647226543,0.9992400196154946
46620326,CCc1nc(cs1)CN1C(=O)COc2ccc(cc21)F,5,0.3150684931506849,1.5832422429936148,0.9996947530980661
181831,CNCc1cc(nc(n1)C1CCCN1C(=O)c1ccccc1-c1ccccc1)N(C)C,5,0.640625,2.0636397456921673,0.9992530583937694
27425362,Cc1cc(n(n1)-c1cccc(c1)NC(=O)c1ccc(c(c1)F)F)C,5,0.43103448275862066,1.5835851729544401,0.9991059390103563
43216036,CCS(=O)(=O)N1CC(CC#N)(C1)n1cc(cn1)-c1ncnc2[nH]ccc12,5,0.29411764705882354,3.649911642766433,0.9980507775628975
16744002,CCONC(=O)c1cncn1-c1ccc(cc1)F,5,0.58,0.8737316521682795,0.9995892713969422
31844110,O=C(CN1CCc2ccccc21)N1CCNC1=O,5,0.6,1.7107600650008095,0.9994291486030515
31362621,COc1ccc2nc(ccc2c1)C(=O)Nc1cnc2n(ncc2c1)C(C)C,5,0.4626865671641791,0.8397285275612862,0.9998341714021509
30400370,Oc1cc(c2sc(nc2n1)SCC(=O)c1ccc(cc1)-c1ccccc1)O,5,0.3225806451612903,4.278559453834831,0.99304445512512
49955148,Cc1cc(c(c(c1)C)CC(=O)N1CC(CO)C1)C,5,0.296875,2.3385251762593855,0.9978675213731679
49339585,OC(=O)c1ccc(cc1)CCC(=O)N1CCc2c(cc(cc2C1)F)F,5,0.3968253968253968,2.72936274613685,0.997083439677192
36981448,CN(C(=O)COC1CCCC1)c1cccc(n1)C,5,0.3793103448275862,1.2329529593620587,0.9989632688203715
33368543,OC(=O)c1cnc(s1)/C=C/c1csc(n1)-c1ccsc1,5,0.5254237288135594,3.4953120032408846,0.9970723439072436
200967,CN(C)c1ncc(c(n1)C1CCCCN1C(=O)c1scnc1C)-c1cccc(c1)Cl,5,0.6282051282051282,2.1276992268646047,0.9989923473995858
49964732,Cc1nc(n(n1)C)NCC(C)(C)c1ccccc1,5,0.44680851063829785,2.2549935698356065,0.998546833680724
32149349,O=C(N1CCCCC1)c1cccc(c1)CNc1ccc2nccnc2n1,5,0.34285714285714286,2.155929729838295,0.9978322227147233
73006343,Cc1noc2ncnc(c12)N1CCCN(CC1)C(=O)C1CC1,5,0.421875,1.8169920197951093,0.9994328498935771
6666291,COc1cccc(c1)N1CCN(CC1)c1nc(cc(c1C#N)C)C,5,0.46153846153846156,1.1495112004674917,0.9988842581642402
15283106,COc1ccc(cc1)NC(=O)C(C)N1CCCN(CC1)c1ccc(cn1)C(F)(F)F,5,0.5441176470588235,1.8369953728847535,0.9990017178966141
32234428,CS(=O)c1ccc(cc1)-c1coc2ccc(cc12)-c1nnc(o1)C,5,0.30434782608695654,1.6962661937330281,0.9987403956419014
36303318,CN(CC#N)C(=O)c1cccc(c1)CN1CCCC1,5,0.4393939393939394,2.06540698168664,0.9982298751713522
48210000,CCN1CCC(CC1)Nc1ncnc2n(ncc12)C,5,0.5882352941176471,2.436281592920233,0.9983871361436145
50283346,CC1(C)CC[C@@]2(CC[C@]3(C)[C@@H]([C@@H]2C1)C(=O)C=C1[C@@]3(C)CC[C@H]2C(C)(C)C(=O)C(=C[C@@]21C)C#N)NC(=O)C(C)(F)F |r|,5,0.18947368421052632,13.678231025976759,0.9986137355003776
42964208,N#Cc1ccc(cc1)CN1CC(C1)n1cccn1,5,0.41818181818181815,1.9973324710723352,0.9959242878505742
31412719,CCCc1noc2nc(cc(c12)C(=O)O)-c1ccncc1,5,0.40350877192982454,2.848168885441599,0.9991882492930361
222761855,CN(Cc1cnc2ccccc2n1)S(=O)(=O)N1CCCC1,5,0.38181818181818183,1.5155256513829791,0.9996389293766252
222761300,CN(Cc1cnc2ccccc2n1)S(=O)(=O)N1CCCCCC1,5,0.375,1.9796704271167018,0.998592218148535
48224722,C1CN(CCO1)Cc1nc(c2c(csc2n1)-c1cccs1)N1CCc2[nH]ncc2C1,5,0.5633802816901409,4.163028945371269,0.9990241112670125
35693197,O=C(CNc1ccc(cc1)C(=O)N1CCCC1)N1CCCCC1,5,0.47058823529411764,2.058881006760725,0.9992376232255537
43366900,Cc1nc(c(c2ccc(cc12)Oc1ccccc1)O)C(=O)NCC(=O)O,5,0.3103448275862069,1.9380750759451946,0.9986307029357362
49925834,CC(C)c1nccn1Cc1nc2ccccc2[nH]1,5,0.3548387096774194,2.5036615186558655,0.9994724860761415
95699457,Oc1cc(ccc1/C=C/1\SC(=NC1=O)N1CCCCN1)F,5,0.47619047619047616,1.4704356497307989,0.9991705847575846
31873876,Fc1ccccc1CN1CCN(CC1)S(=O)(=O)N1CCOCC1,5,0.5111111111111111,1.480539091006774,0.997921892799605
48763678,C1CC(CCO1)Nc1nnc(s1)Cc1ccccc1,5,0.46,1.5961885853492053,0.9981045493501486
49336815,Cc1ncn(c1C)Cc1noc(n1)-c1ccccc1O,5,0.31343283582089554,2.4073209175343546,0.9988677683865275
41560058,CCC1(O)CN(C1)c1ncccc1C#N,5,0.52,0.8518609041388239,0.9991933136891694
37022061,COc1cc(c(cc1OC)NCC(=O)Nc1ccc(cc1)C)F,5,0.3559322033898305,2.281512875264974,0.9977383497185252
97290253,CCCS(=O)(=O)c1nc(cc(n1)-c1ccc2n(ccc2c1)C1CC(C)(C)NC(C)(C)C1)NC1CC1,5,0.22988505747126436,5.5142499943328795,0.9981853271172847
32136137,COc1ccc(c(c1)-c1cc(no1)C(=O)N1CCCN(CC1)C(=O)C)OC,5,0.4166666666666667,1.4888995936593428,0.9995350013684262
49939748,N#Cc1ccc(o1)CNc1cnc2ccccc2c1,5,0.2982456140350877,1.4447788758147755,0.9995084259282588
EN300-53017,C[C@@]12C=CC(=O)C=C2CC[C@H]2[C@@H]3CC[C@](O)(C(=O)CO)[C@@]3(C)C[C@H](O)[C@@H]21 |r|,5,0.3142857142857143,4.095622663283315,0.9972543215729236
49913437,CS(=O)(=O)NCCN1CCc2c(cc(cc2C1)Cl)Cl,5,0.26865671641791045,1.4931667689844672,0.9985078965374912
32441961,COc1ccc(c(c1)-c1nnc(o1)N)Br,5,0.3404255319148936,3.0849850891048503,0.9960267036213529
232838707,COCC(=O)Nc1ccc(cc1)NC(=O)Cc1ccc(cc1)C(F)(F)F,5,0.39215686274509803,2.158657453140675,0.9982593261893988
24069164,FC(F)Oc1ccccc1NC(=O)CN1CCOC(C1)c1ccc(cc1)F,5,0.4307692307692308,2.345655132367182,0.99783415344965
45763784,Cc1cc(no1)NC(=O)C1CCN(CC1)c1ccncc1Cl,5,0.5818181818181818,2.475956178933775,0.9979119074514124
49165262,CCCn1ccnc1CNc1nc2n(nc(c2s1)C)C,5,0.2833333333333333,1.742449712329487,0.9993200860395945
29577392,O=C(NCc1ncc(o1)-c1ccccc1)C1CCCCC1,5,0.44642857142857145,1.8640828844233457,0.9989686879365686
49956558,CCS(=O)(=O)N(C)c1ccc(cc1)N(C)C,5,0.2857142857142857,1.0728951486514442,0.9977564565403748
46016546,CC(C)[C@@H]1N(C)c2ccc(cc2C[C@@H](CO)NC1=O)NC(=O)/C=C/C=C/c1ccc(cc1)C(F)(F)F |r|,5,0.25252525252525254,4.4154212709548535,0.9955510651084144
49973650,CCCC1=NN(CCCN2CCCCC2)C(=O)O1,5,0.3157894736842105,2.071838314154514,0.998770011144915
49961090,COCC1=NN(CCCN2CCCCC2)C(=O)O1,5,0.2909090909090909,2.486714096955795,0.9991146396342425
30435883,Cn1cnnc1-c1cccc(c1)NS(=O)(=O)c1cc2c(cc1Cl)OCCO2,5,0.5072463768115942,2.2345574505927184,0.9983836886768218
30020911,Cn1cnnc1-c1cccc(c1)NS(=O)(=O)c1ccc2c(c1)OCCCO2,5,0.6,2.280433949931335,0.9986868409779611
30724831,CC(C)c1onc(c1C(=O)Nc1ccccn1)C,5,0.4098360655737705,1.341425734059805,0.9996649305759622
152135,Clc1cccc(c1)-c1cccc(n1)C1CCCN(C1)S(=O)(=O)c1cn[nH]c1,5,0.5147058823529411,2.0817963397025405,0.9981852531350373
36356154,COc1ccnc(n1)N1CC(C1)n1nc(cc1C)C,5,0.46153846153846156,1.8634854440002155,0.9982408527013241
31397498,O=C(Nc1ccccc1-n1ccnc1)c1cccs1,5,0.6122448979591837,7.02331410375479,0.98525992025207
708404,Cc1nsc(c1C#N)Nc1ccccc1,5,0.3191489361702128,1.4074885434701032,0.9995601405331068
29627143,Nc1ccc(c(c1)Cl)C(=O)N1CCOCC1,5,0.32142857142857145,1.2298837343422755,0.9986942087456755
68918136,CCOCCNC(=O)c1cccc(c1)-c1cc(ccc1OC)F,5,0.4782608695652174,1.4494033255104888,0.9984641211202681
485897,OC(=O)CCn1c2ccccc2c2ccccc12,5,0.40476190476190477,2.328963932739208,0.9971452098680219
3030747,CCC(C)(C)c1ccc(cc1)Oc1ccc(cc1)NC(=O)CSc1cccc[n+]1[O-],5,0.3142857142857143,3.5667239870784737,0.9962290339262396
29954871,C(CN1CCN(CC1)c1ncccn1)Oc1ccccc1,5,0.4883720930232558,1.236286779028539,0.9991551515548235
31356688,O=C(CCN1N=Nc2ccccc2C1=O)Nc1ccncc1,5,0.44642857142857145,1.2166096333666205,0.9991007215808559
42653736,O=C1Nc2ccccc2N1C1CCN(CCOc2ccccc2)CC1,5,0.6296296296296297,2.1616031088056205,0.9983274441592564
46339059,COCCOc1ccc(cc1)Nc1ncc(c(n1)Nc1cccc(c1)NC(=O)C=C)F,5,0.375,2.0780447540896536,0.999218354692907
49424084,CNC(=O)c1cc(ccn1)Oc1ccc(cc1)Nc1ncc(c(n1)Nc1cccc(c1)NC(=O)C=C)F,5,0.3763440860215054,3.6855661708898872,0.9989236103857766
11841196,CN1CCC(CC1)OC(=O)Nc1ccc(c(c1)Cl)Cl,5,0.375,1.5600916639737092,0.9985271732281786
157723,CNC(=O)c1cn(nc1CC1CCN(CC1)Cc1cnc(nc1)-c1ccc(cc1)OC)C,5,0.37142857142857144,3.60479638814726,0.9976650279681967
19625558,CCN(C(=O)CN1CCNC(=O)C1)c1ccc(cc1)F,5,0.45098039215686275,1.6684909349468715,0.998451930732481
30173146,Cc1c(n(c2ccc(cc12)O)Cc1ccc(cc1)OCCN1CCCCCC1)-c1ccc(cc1)O,5,0.36231884057971014,5.114523242688562,0.9974712912404516
49343397,COc1cc(ccc1Cn1ccnc1C(C)C)C#N,5,0.31746031746031744,2.064373754919257,0.9988084685053592
48788735,Cc1ccnc(c1NS(=O)(=O)c1ccccc1C)Cl,5,0.2653061224489796,1.0199593129138689,0.9991754572402698
177258756,CN(Cc1ccc(cc1)OC(F)(F)F)Cc1cn(nn1)C,5,0.3225806451612903,1.7059621918435495,0.9978118185933801
420214,CCCn1ncc(c1C)CN1CCC(CC1)c1cc2cccnc2[nH]1,5,0.4050632911392405,2.9784208903380414,0.9988090626063943
44113727,Cc1ccc(cc1)CC(=O)NCc1cccc(c1)C(=O)Nc1ccccc1,5,0.39285714285714285,1.8007517874488486,0.998670142544
89942274,CN1C(=N[C@@](C)(CS1(=O)=O)c1cc(ccc1F)NC(=O)c1ccc(cn1)F)N |r|,5,0.2727272727272727,2.2719727111037082,0.9983727511650355
310450,COc1cc(cc(c1OC)OC)CN1C[C@H]2CCC3=C(N=C(C)NC3=O)[C@H]2C1 |r|,5,0.30666666666666664,2.1570046360636455,0.9981862041457589
44505466,CC1CCC(CC1)(NC(=O)C)C(=O)N1CCCN(CC1)C1CC1,5,0.4098360655737705,2.5116201942175578,0.9993462663819209
27369500,Cc1ccc(cc1)C(=O)C(=O)Nc1c(nn(c1C)C)C,5,0.4090909090909091,1.114510654951601,0.9994839814653116
32278040,CCCCC1=NC2(CCCC2)C(=O)N1Cc1ccc(cc1)-c1ccccc1-c1nn[nH]n1,5,0.27848101265822783,3.450417800788838,0.9978518560430196
901986,CCCCC1=NC2(CCCC2)C(=O)N1Cc1ccc(cc1)-c1ccccc1-c1nnn[nH]1,5,0.275,3.366930946722831,0.9977958327284436
11868858,CC(=O)Nc1nc(cs1)-c1c(cc(cc1C)C)C,5,0.58,1.6186760021692725,0.999112191151668
902539,CCCCCNC(=N)N/N=C/c1c[nH]c2ccc(cc12)OC,5,0.2537313432835821,3.019264479968605,0.9957248617033946
300449850,Fc1ccccc1CCNC(=O)CC1CCNCC1,5,0.3508771929824561,1.3193297540798745,0.9988670630898464
5514552,O=C(N1CCCCC1)c1sc(nc1-c1ccccc1)N1CCOCC1,5,0.3709677419354839,1.4281330470232951,0.999212701227477
5514558,O=C(Nc1ccccc1)c1sc(nc1-c1ccccc1)N1CCOCC1,5,0.5714285714285714,1.8179480190588821,0.999040651472331
36910847,O=C(CN1CCC(CC1)c1ccccc1)N1CCNC1=O,5,0.39655172413793105,2.9194997859222505,0.9956432677870011
30506974,O=C(CCCC(=O)N1CCN(CC1)c1nsc2ccccc12)Nc1nccs1,5,0.3815789473684211,3.734163494010606,0.9969317164698686
24055786,CCc1cc2c(ncnc2s1)N(C)CCO,5,0.26229508196721313,2.0034190774772447,0.9991484346880767
89942016,Nc1ncc(c2ccc(nc12)-c1cccc(c1)F)C(=O)NC1CN(C1)C(=O)C1CC1,5,0.3188405797101449,2.6908074996174305,0.9987690773844222
228285,CCn1nccc1-c1cc(ncn1)CC1CCNCC1,5,0.3728813559322034,1.017949409351936,0.9995503103591972
210343,Cc1nc(cc(n1)C1CN(C1)c1ncccn1)Nc1nccs1,5,0.358974358974359,1.5216303756184413,0.9993242332919159
31231716,C[C@H](Cc1cc2c(c(c1)C(=O)N)N(CCCO)CC2)NCCOc1ccccc1OCC(F)(F)F |r|,5,0.26744186046511625,4.15526653778069,0.9973720539830424
222721,CC(C)C(=O)N1CC(C1)Cc1nccc2ccn(c12)C,5,0.3225806451612903,1.7481473050059093,0.9995903790856414
24121680,Cc1ccccc1CNC(=O)c1ccc(nc1)-n1ccnc1,5,0.6363636363636364,2.2204339665929735,0.9986763785828261
3140960,Clc1ccc(cc1Cl)C(=O)NN1CCOCC1,5,0.2857142857142857,2.0474615991516725,0.9993103060623709
18877730,OC(=O)c1cc(cc(c1NC(=O)CSc1nccn1C1CC1)Cl)Cl,5,0.28378378378378377,2.6941017055785337,0.9987526748417468
49644632,O=C(NCCN1CCC(CC1)c1ccccc1)c1ccc2ncsc2c1,5,0.4426229508196721,3.0796923547652546,0.9980024765905001
31612429,Cc1cccc(c1)-c1ncc(cn1)CNCc1ccccc1-n1cccn1,5,0.323943661971831,2.1322818763005857,0.9990938012087012
25041311,Cc1nnc(o1)-c1ccc(nn1)N1CCC(CC1)Oc1cc(ccc1Cl)F,5,0.43661971830985913,2.1340046860303703,0.9964591173053059
29676702,O=C1CCCN1C(=O)COc1cccc(c1)-c1nnco1,5,0.3484848484848485,1.5764314130339931,0.9987752707408577
48638440,Cc1ccccc1COC1CN(C1)C(=O)CN1C(=O)Nc2ccccc21,5,0.5862068965517241,2.0792452957745713,0.9991680651940519
232900428,COCC(=O)Nc1ccc(cc1)NC(=O)Cc1cc(ccc1C)C,5,0.43137254901960786,1.976434415810395,0.9981225546583756
44811452,Cc1nc(sc1C(=O)Nc1ccccc1-c1cn2c(csc2n1)CN1CCOCC1)-c1cccnc1,5,0.30526315789473685,2.955727829147329,0.9994279292418732
48934153,CN(CCOc1ccccc1)CC(=O)NCCc1ccccc1,5,0.5272727272727272,1.5478320322308667,0.9980319746451827
173035,Cc1noc(n1)C1CCN(CC1)CCc1ccccc1,5,0.423728813559322,1.7996733036860466,0.999233142908445
49383509,CCC(=O)Nc1cccc(c1)Oc1nc(ncc1Cl)Nc1ccc(cc1OC)N1CCN(C)CC1,5,0.4772727272727273,2.2088612450767493,0.9979185252958308
49911442,Cc1ccc(cn1)CCNc1ccc(nc1)C#N,5,0.42592592592592593,1.0667689534289653,0.999757972279897
48760058,CC(C)c1nnc(o1)NCc1cc(cc(c1)F)F,5,0.5681818181818182,1.334026986233745,0.9985404356089275
315631672,COc1c(ncnc1N1CCCC(C)(C)CC1)N,5,0.29310344827586204,2.54562369567861,0.9995790243411591
46092427,COc1ccc(c(c1)OC)Cc1ncnn1-c1ccc2c(c1)OCO2,5,0.48484848484848486,1.4308480003132196,0.9991659045913674
271693,Cn1cncc1-c1ncccc1C(=O)N1CCCC1,5,0.3442622950819672,1.573036553929668,0.9988808168061708
43657264,O=C(NCCc1csc(n1)N1CCCC1)N1CCSCC1,5,0.5272727272727272,1.819961812786451,0.999398901729954
341560,Cc1ccc(cc1)C1(O)CCN(CC1)Cc1cn(c2ccc(cc12)F)C,5,0.48333333333333334,2.404029117960098,0.9988014594793959
300481375,Fc1cc(ccc1CNCc1ccccn1)Br,5,0.42857142857142855,1.79150383756223,0.9980747819086592
2944765,COc1ccc2c(cc3nnnn3c2c1)-c1ccccc1,5,0.3018867924528302,0.9508391031086976,0.9986443221235957
232861350,COc1ccc(cc1)-c1cc(nc(n1)-c1ncccn1)C(C)(C)C,5,0.6136363636363636,1.3049601526482406,0.9986259174767913
43674916,Cc1csc(n1)N1CCN(CC1)Cc1ccc(nc1)OCC(F)(F)F,5,0.36486486486486486,1.9274833332608639,0.9984829851395143
2047138,CC(=O)Nc1cccc(c1)OC(=O)N1CCOCC1,5,0.5192307692307693,1.3039259948325919,0.9984585073863288
301143195,Oc1ccc2nc(ccc2c1Cl)/C=C/c1csnn1,5,0.48,1.5655305809855258,0.9992269976823774
48257421,CCc1nnc(c(c1CC)C#N)Oc1cccnc1,5,0.46,1.6445057008110442,0.9990214291274822
320312,CCc1cc(nc(n1)C1CCN(CC1)C(=O)C1CC1)N1CCOCC1,5,0.373134328358209,2.3499872340075316,0.9993204795858166
320405235,CN(CCOc1c(ncnc1-c1cc(cc(c1C)NC(=O)c1ccc(cc1F)C1CC1)F)N)C(=O)C=C,5,0.25555555555555554,2.9120980409320825,0.9983401085017453
82700463,COc1cccc(c1-c1ccc(cc1)OCCN1CCCC1)OC,5,0.42857142857142855,1.8071303218088333,0.9985070491661927
222755004,COC(C)(C)CCNC(=O)CC1CC(C)(C)NC(C)(C)C1,5,0.49056603773584906,2.414047638303864,0.9982986659986937
181775,CNCc1cc(nc(n1)C1CCCN1C(=O)c1oc2ccc(cc2c1C)Cl)N(C)C,5,0.5897435897435898,2.988202804362912,0.998881238899122
45750904,Cc1nc(cs1)CNC1CCN(CC1)C(=O)C1CC1,5,0.375,1.9997152297265097,0.9990313736738546
35741943,CN(C)c1cc(nc(n1)N(C)Cc1csc(n1)C)C,5,0.375,1.741020103272373,0.9990303240512208
11963582,Cc1cccc(c1)NC(=O)c1cccc2ncccc12,5,0.46296296296296297,1.2100301649133092,0.9995548019149924
258731,COc1cccc(c1)S(=O)(=O)N1CCOC(C1)c1c(sc2ncccc12)C(=O)N,5,0.32989690721649484,2.6695141880122586,0.9988296379930882
178526390,Cc1cnc(nc1-c1ccc(cc1)N(Cc1ccc(cc1)CNC(=O)C(F)F)C(=O)c1ccc(cc1O)O)Cl,5,0.32,3.0899160182758996,0.996659893184219
11480138,COc1ccc(cc1)-n1cc2c(c1-c1ccccc1Br)C(=O)N(C)C(=O)N2C,5,0.3013698630136986,2.309009094828011,0.9990795095174341
11480136,COc1ccccc1-n1cc2c(c1-c1ccccc1Br)C(=O)N(C)C(=O)N2C,5,0.28378378378378377,2.515227822682699,0.9985520912500505
44402919,NC(=O)Cn1cc(cn1)-c1ccc(cc1)F,5,0.28846153846153844,1.4211136478130102,0.9990026273319159
36516782,FC(F)(F)c1ccc(cc1)Nc1nc2cc(ccc2[nH]1)Oc1ccnc(c1)-c1ncc([nH]1)C(F)(F)F,5,0.2361111111111111,3.6808245000267723,0.9967581090686471
50894425,NC(=O)Cn1ccc(n1)-c1ccccc1,5,0.3488372093023256,1.9577696493714707,0.9986963121842163
4758327,O=C(NCCNC(=O)c1cc(nc2ccccc12)-c1ccccc1)c1ccco1,5,0.31343283582089554,2.5170599913391514,0.9983418037173075
5965122,CCC(=O)NCCNC(=O)c1cc(nc2ccccc12)-c1ccccc1,5,0.31746031746031744,1.9703357581894108,0.9989631156562992
36659962,COC(=O)N1CCCN(CC1)C(=O)C(=O)Nc1cccc(c1)C(C)C,5,0.36065573770491804,1.5558952406890822,0.9986746245254583
208343,Cc1nc(cc(n1)C1CN(C1)C1CCCCC1)O,5,0.45098039215686275,1.3496366177604027,0.9985232137701272
53880275,Fc1ccccc1CC(=O)N1CCN(CC1)c1nccn2nc3c(c12)CCCC3,5,0.5692307692307692,2.8984513106135297,0.998279985780537
295412827,C1Cn2nccc2CN1Cc1ccccc1,5,0.38,1.552331150238217,0.9988583131959037
48856634,CCc1c2c(nc3ccc(cc13)O)C1=CC3=C(COC(=O)[C@]3(O)CC)C(=O)N1C2 |r|,5,0.6385542168674698,2.339820292244965,0.9996057129246144
31406035,CN1CCNc2nc3ccccc3nc21,5,0.375,2.151000929799863,0.9965646874797969
89942308,COc1cc(ccc1-c1ncnc(n1)Nc1cccc(c1)C[S@@](=N)(=O)C)F |r|,5,0.3333333333333333,2.414801855225398,0.9977379535399515
323952813,CC(C)n1cnnc1-c1cccc(n1)N1Cc2ccc(cc2C1=O)Br,5,0.26153846153846155,3.0302126988050944,0.9994597738827058
43485719,O=C(CSC1CCCC1)N1CCC(CC1)Cn1cccn1,5,0.5384615384615384,1.747264433335444,0.9987697287748327
49160264,CN(C)c1ccc(nn1)-c1ccc(cc1)COCc1cccs1,5,0.23333333333333334,2.1520078996136665,0.9988821397551757
49292072,CN(C1CCCCCCC1)C(=O)COc1cc(on1)C,5,0.3793103448275862,1.7815787942159074,0.9986990643245363
48210605,C(Cn1ccnc1)Nc1cnc2ccccc2n1,5,0.5094339622641509,2.016130700128351,0.9994571536348712
49084025,O=C(NCC1CCC2(CC1)OCCO2)c1[nH]nc2c1CCCC2,5,0.543859649122807,1.9066900639589035,0.9991449329729623
177455527,CN(C)c1cncc(n1)-c1ccc(cc1)C(=O)NC(C)(C)C,5,0.5106382978723404,1.9437898548971957,0.9989698738860526
300055299,OC(=O)CNc1nc(nc2ccccc12)-c1ccccc1,5,0.3333333333333333,1.7663555700931408,0.9984019098342628
82719175,CN(C)c1ccc(nn1)-c1ccc(cc1)C(=O)NCCN1CCCC1=O,5,0.4383561643835616,2.132295945688489,0.9986020518321498
3660163,Cc1cc2nc(c3ccccc3n2n1)Sc1nnc(n1C)C,5,0.3448275862068966,1.8578848188193209,0.9995420986820142
49948742,CCOc1cc(ncn1)N1CCOC2(CCCC2)C1,5,0.3382352941176471,0.8162554747138837,0.9993907524611167
18861554,CC(C)c1noc2ncc(cc12)C(=O)Nc1cc(ccc1C)F,5,0.38571428571428573,1.4493077657975775,0.9995457737934849
49681766,CCNC(=O)c1ccc(nc1)-c1cc(cc(c1OC)OC)C,5,0.32727272727272727,1.482400080949759,0.9989622960998288
42901988,CC(C)c1noc2nc(cc(c12)C(=O)N1CCN(C)C(=O)C1)C1CC1,5,0.28888888888888886,2.6827243615404033,0.9989521080394592
19996324,O=C(CSc1ccc2c(c1)OCCO2)NC1CCCC1,5,0.6304347826086957,1.2851599122287567,0.9986027120545533
49951308,O=C(Cc1n[nH]c2ccccc12)N1CCCO1,5,0.38181818181818183,1.2427413246530117,0.9997407733372508
31405077,Cc1c(c2c(ncnc2n1Cc1ccccc1)N)C,5,0.29508196721311475,2.3910794633382557,0.9994951783682232
177360703,CN1C(=O)C=C(N(C)C1=O)C(=O)N1CCN(CCc2ccccc2)C(=O)C1,5,0.5517241379310345,1.4221835324596968,0.9989483114476394
48746727,CN(C)C(=O)C(C)(C)NC(=O)OC(C)(C)C,5,0.3023255813953488,1.6213139732944037,0.9989349228683269
23827295,CN1CCC(CC1)n1ncc2[nH]c(nc12)-c1ccccc1-c1ccc(o1)C,5,0.5833333333333334,4.14423804818212,0.9995417373300999
26239500,CNC(=O)c1ccc(cc1)/C=C/c1nc2cc(ccc2o1)Cl,5,0.375,2.844404331314462,0.9973955209720041
49946976,Cc1nc(n(n1)C)NCc1ccc(c(c1)Cl)F,5,0.46938775510204084,2.1106944354880164,0.9989522819410043
49947026,Cc1nc(n(n1)C)NCc1ccc(cc1)F,5,0.5348837209302325,1.9604833587663215,0.9985079815175713
44498594,CC(=O)N1CCN(CC1)C(=O)CCc1ccc([nH]1)-c1ccccc1,5,0.35294117647058826,1.6096151713999263,0.998993644043101
280546,O=C(N1CCOCC(C1)Cc1cccc2ccncc12)c1cccc(c1)Nc1ncccn1,5,0.43037974683544306,2.1855667457205827,0.9987566420682207
25002833,CNC(=O)C1CCN(CC1)Cc1ncc(o1)-c1ccc(cc1)F,5,0.421875,1.4191057043083017,0.9990783075237629
147149,Cc1nc(ccc1C(=O)N)[C@H]1CC[C@@H](CC1)CNC(=O)CN1CCC(CC1)c1ccccc1 |r|,5,0.527027027027027,3.9618750611295606,0.9964920920952903
23728018,Cc1ccc(cn1)C(=O)NCC#Cc1ccccc1,5,0.5869565217391305,0.9799755098981372,0.9994380368019448
114309331,Nc1ncnc(c1-c1ccc(cc1)Oc1ccccc1)NCC1CCN(CC1)C(=O)C=C,5,0.4268292682926829,3.0047347636684854,0.9988290784817209
48836360,O=C(N(CCC#N)C12CC3CC(CC(C3)C2)C1)c1cccs1,5,0.2465753424657534,2.289801301422969,0.9990344180591396
49961912,O=C(N(CCC#N)C12CC3CC(CC(C3)C2)C1)c1sccc1C#N,5,0.22857142857142856,2.2132674940007955,0.998423872153621
36647960,CN(Cc1cscn1)c1nc2c(cc1C#N)CCC2,5,0.39285714285714285,1.6091774296203625,0.9988974106775899
16252179,CCOC(=O)c1c([nH]c(c1C)CN(Cc1ccccc1)C(=O)c1ccccc1Cl)C,5,0.36507936507936506,1.826589718573826,0.9987516076605036
36944203,Cc1cc(ccc1NC(=O)c1c(oc(c1C)C)C)Oc1ncccn1,5,0.4107142857142857,2.0464554722742103,0.9992858646142266
24881110,COc1ccc2nc(ccc2c1)CN1CCC(O)(CC1)c1ccc(cc1)C,5,0.40625,2.525420757022389,0.9981137272567675
173261,O=C(N1CCC(CC1)c1cnccn1)c1ccncc1,5,0.45652173913043476,1.3263626954944487,0.9991013035231954
411314,COc1ccc(cc1)N1CCCN(CC1)CC1CCN(CC1)C(=O)C1CC1,5,0.5555555555555556,2.5438280209171715,0.9993466395790207
35739191,CC(C)(C)NC(=O)c1cnc(s1)-c1ccc(s1)Cl,5,0.2923076923076923,2.260147119105294,0.9989219579308528
43427775,Cc1cc(c2ccccc2n1)NCc1ccnc(c1)N1CCCC1,5,0.3880597014925373,2.656706984218901,0.9980126815060872
214735,Cc1cc(nc(n1)C1CCNCC1)NC1CCCC1,5,0.3541666666666667,1.7098637372606205,0.9985104653733183
49682290,Cc1cc(nc(n1)NCc1cnc(c(c1)C)C)C,5,0.32608695652173914,1.8684429346383922,0.9988796945065982
25678159,Cn1ncnc1COc1nn2c(nnc2cc1C(C)(C)C)-c1cc(ccc1F)F,5,0.4025974025974026,2.242132244093066,0.9996885777558903
71008775,CC(C)n1cnnc1-c1cccc(n1)NC(=O)c1cc(c(cc1F)C)-n1cnc(c1)C1CC1,5,0.37362637362637363,3.1504325099895842,0.9988452529902757
49969708,Fc1cc(ccc1CNc1ncccn1)-c1ccncc1,5,0.41304347826086957,1.7770545855434507,0.9985717733786817
53827576,CCN(CC(=O)N)CC(=O)N1c2ccccc2CCc2ccccc21,5,0.5636363636363636,1.9632075794475086,0.9986499254899556
53798267,COCCN(C)c1ccc(cn1)CN1CCC2=NN(C)C(=O)C=C2C1,5,0.4788732394366197,1.8738244314767565,0.9983539894791676
82712955,CC(C)Oc1ccc(cc1)C1(CCCC1)C(=O)NC1CCS(=O)(=O)CC1,5,0.27692307692307694,1.5682971657183622,0.9992316017765368
222783725,CC(C)n1nc(c(c1C)S(=O)(=O)NCC1CCN(CC1)C(=O)C1CC1)C,5,0.328125,2.2750037362608015,0.9987676655142321
50132153,CCc1ccc(cc1)S(=O)(=O)NCc1ccnc(n1)N1CCCC1,5,0.3220338983050847,1.5535063566012977,0.9985582945195528
316928211,O=C(Nc1cccc(c1)N1CCNC1=O)C1NCC21CCCC2,5,0.5737704918032787,2.795890198130431,0.9980184749178408
31611971,Cc1nc(c2ccsc2n1)N(CC=C)Cc1cccnc1,5,0.29411764705882354,2.5273503912200312,0.9987065648948902
11652485,O=C(Cc1csc(n1)-c1ccccn1)NC1CCCCCC1,5,0.39285714285714285,2.135349385932195,0.9993734404905443
43397821,Cc1cc(cc(c1)C(=O)Nc1nn(cc1C#N)C(C)(C)C)C,5,0.5098039215686274,1.4697663079552659,0.9989576608709654
49067448,CC1(CCCC1)CNC(=O)N1CCN(CC1)Cc1ccon1,5,0.6071428571428571,1.7308671237272306,0.9991058302474856
50131633,CCCC(=O)NCC(=O)Nc1cnc(nc1)N1CCN(C)CC1,5,0.3728813559322034,2.0390568898388755,0.998084212216863
44398457,CCCC(=O)Nc1cnc(nc1)N1CCN(C)CC1,5,0.4339622641509434,1.3631856073183632,0.9989788002204908
1487936,N#Cc1cc2c(nc1SCc1cccnc1)CCCCCC2,5,0.3492063492063492,1.7103806593853295,0.9981271033528742
14004708,C(Nc1ncccn1)c1cnn(c1)-c1ccccc1,5,0.43137254901960786,1.8108415170855996,0.9993988237986885
84836387,Clc1cc2c(nnc(c2cc1Cl)-c1ccncc1)NC1CCCC1,5,0.30434782608695654,1.1153900662988696,0.9992562578152198
315276693,COc1cc(ccc1N1CCN(C)CC1)Nc1cc(ccn1)-c1cccc(c1)C#N,5,0.38333333333333336,2.5001883929014883,0.9985578941532164
50354657,CC1=NN(CCOc2cc(cc(c2)Br)F)C(=O)C=C1,5,0.6078431372549019,1.1061699688565056,0.9981785350215037
49951580,CN(C)CC(=O)Nc1nc(ns1)-c1sccc1C,5,0.3389830508474576,1.6518323159455301,0.9992677523798243
49000996,CN(CCNC(=O)NC1CCOCC1)C1CCCC1,5,0.4444444444444444,2.554692740820301,0.9974784527757289
48745068,CN(CCc1ccncc1)c1ncccc1C#N,5,0.3103448275862069,1.2306392647725624,0.9994413446192634
32148273,CC(C)C(=O)Nc1ncn(n1)Cc1cccnc1,5,0.5932203389830508,1.3203571486533843,0.9998604465792336
48328503,CC#CCCNC(=O)c1cccnc1C,5,0.38596491228070173,1.6786009055163083,0.9992213065737354
3572643,CC(=O)N1CCC(CC1)(C(=O)Nc1nccs1)c1ccccc1,5,0.37681159420289856,1.5769508552900335,0.9991690565412313
306432,Cc1nc2ncc3c(n2n1)CCCC3=O,5,0.6190476190476191,0.6923900634757754,0.9992455229418873
53825026,CCC1=CC(=O)NC(=N1)SCCCCC1CCOCC1,5,0.509090909090909,2.611072385055645,0.9979531770168083
11010047,Cc1nc2ccccc2n1Cc1ccc(cc1)C(=O)O,5,0.3958333333333333,3.2526138719499427,0.9964646493796234
3665537,Cc1sc2ncnc(c2c1C)OCC(=O)Nc1ccc2c(c1)OCO2,5,0.5396825396825397,2.508821037858216,0.9995080829485741
43370379,N#CCCN(C1CC1)c1ncnc2sccc12,5,0.31666666666666665,1.3310304279013485,0.9992100735523439
168892617,CCc1nc(cn2nc(cc12)C1=CC(=O)N2C=C(C=C(C)C2=N1)C1CCN(C)CC1)C,5,0.35714285714285715,3.444090300791014,0.9973747900797504
171975111,CC(=O)NC[C@H]1C[C@]2(C)[C@@H](CCCC[C@]2(C)O)N1CC1(O)CCCC1 |r|,5,0.3103448275862069,5.813136244748026,0.9994006461993556
171974149,CC(=O)NC[C@H]1C[C@]2(C)[C@@H](CCCC[C@]2(C)O)N1CC1(O)CCOCC1 |r|,5,0.2857142857142857,6.220387447739772,0.9988810139778689
35774799,C1CC(C1)CNc1nc(no1)-c1ccccc1,5,0.5853658536585366,1.9904311090816051,0.9976432711111305
320383153,CC(C)(C)Nc1cc(c2ncc(n2n1)-c1ccc(cc1)C(=O)NC1CC1)NCC1CCOCC1,5,0.3125,3.485796035340839,0.9984060130434835
49912141,CN(Cc1nc(no1)-c1cccnc1)c1ccnc(n1)C,5,0.4727272727272727,2.0217386082286506,0.9988117065100653
13484504,CCc1nc2ccccc2n1CC(=O)Nc1ncc(s1)C,5,0.4375,2.0621828240964026,0.9991495168275792
2500471,Cc1ccc(cc1NS(=O)(=O)c1ccc(cc1)Cl)-c1nc2ccccc2[nH]1,5,0.3114754098360656,1.8739693167181872,0.9994145141884084
4498619,Clc1ccc(cc1)S(=O)(=O)Nc1cccc(c1)-c1nc2ccccc2[nH]1,5,0.3380281690140845,1.5312458979537482,0.9992853393274603
49028063,Cc1nnc2ccc(nn12)NCCOC1CCCCCC1,5,0.3548387096774194,2.2106508091508528,0.9984426767122746
197945,Cc1cc(cc(n1)C1CCCN(C1)CC(=O)Nc1ncc(s1)C)Nc1ccccn1,5,0.6052631578947368,2.9587960389319488,0.9989928895129849
146921,CN(C)C(=O)c1ccc(nc1N)C1CCN(CC1)C(=O)CCc1nc2cc(c(cc2[nH]1)C)C,5,0.4605263157894737,3.9306354448106466,0.9976780768831377
25616683,CNc1nc(ncc1F)-c1cc(cc(c1)OC)OC,5,0.32608695652173914,1.5472262278027564,0.9994612393150987
301928950,CC1CC(N)CCN1C(=O)c1cc(c(cc1F)F)N1CCNC1=O,5,0.4117647058823529,1.9327348498952561,0.9996357523171319
31205261,CCCC(=O)Nc1ccc(c2ncccc12)C,5,0.41818181818181815,1.3627688725531317,0.9996361722781693
49067788,CCN(CC)CC(=O)Nc1ccc(cc1)Oc1ccc(nn1)C,5,0.45652173913043476,2.1085440474411232,0.997312921762674
32042968,C1CN(Cc2ccccc2N1)c1cnc2ccccc2n1,5,0.46153846153846156,1.944858092509604,0.9995271349412151
306342,O=C1Oc2nc3cc4c(cc3cc2CN1CCN1CCOCC1)OCO4,5,0.3,1.8521900550427353,0.9994826760384633
306388,O=C1Oc2nc3cc4c(cc3cc2CN1CCN1CCOCC1)OCCO4,5,0.3,2.018137259950106,0.9990207497096806
48347951,O=C(Nc1ccc2sccc2c1)N1CCCN(CC1)C(=O)Oc1ccccc1,5,0.3333333333333333,2.0817999423581193,0.9988989987650836
6630813,Cc1ccc(cc1)CNC(=O)CN1CCC(CC1)n1nnc2cc(ccc12)C,5,0.375,2.0776674421092416,0.998157717359852
25646720,O=C(CCc1ccc2c(c1)OCO2)Nc1nc2c(s1)CCC2,5,0.515625,1.8438991295621845,0.9993166306657519
11478087,Cc1ccc2c(c1)cc(c1nnnn21)CNCCc1ccccc1,5,0.4461538461538462,1.5674176214401419,0.9981391062560697
276241702,CC(C)Cc1ccccc1CNCc1ccc2[nH]cnc2c1,5,0.4807692307692308,3.2695625089604117,0.9952535931812627
31600959,Cc1nc2ncccn2c1C(=O)N(CC#Cc1ccccc1)C1CCCC1,5,0.4507042253521127,2.4638173633610028,0.9977880656500199
49944058,CCn1nccc1CNc1nnc(o1)-c1ccc(cc1)OC,5,0.46938775510204084,1.6395581721922328,0.9989209449338742
33362309,COc1ccc(cc1)-c1csc2ncnc(c12)Oc1ccc(nc1)C,5,0.5,1.7913938707047903,0.9993234774319908
48269211,COc1ccc(cc1)CC(=O)Nc1ccc(nc1)F,5,0.39344262295081966,1.8819790115727855,0.9991980077311653
48295458,Cn1ccnc1-c1noc(n1)NCc1ccccc1,5,0.41509433962264153,1.886689693617093,0.9987941994972451
100221253,Clc1ccc(cc1)C(=O)N1CCC(CC1)c1nnc2n1CCCC2,5,0.34285714285714286,2.0844951427143243,0.9987029393023876
177502491,CCn1nc(c2ccccc12)CNC(=O)C1CCOCC1,5,0.6153846153846154,1.39307501592748,0.9997476053885118
222077,CC1(CCN(CC1)Cc1ccco1)c1ccn[nH]1,5,0.3333333333333333,2.0213505386251964,0.9995019052302092
171813288,CCOc1ccc2[nH]c(c(c2c1)C)C(=O)N1CC[C@@](O)(CC(C)C)[C@H](C1)Oc1ccc(cc1)F |r|,5,0.2988505747126437,5.781834397490089,0.9992661715640185
171813207,CC(C)C[C@]1(O)CCN(C[C@@H]1Oc1ccc(cc1)F)C(=O)c1[nH]c2c(cc(cc2c1C)C)C |r|,5,0.26136363636363635,5.146053147801895,0.9995311026844343
171813311,CCc1c([nH]c2ccc(cc12)C)C(=O)N1CC[C@@](O)(CC(C)C)[C@H](C1)Oc1ccc(cc1)F |r|,5,0.25555555555555554,5.559561763304955,0.9995974846232393
36436018,CCOc1ncccc1-c1nc(cc(n1)NC)C,5,0.43137254901960786,1.0455567894666578,0.9994267380968291
50282751,CC(C)OC(=O)N1CCC(CC1)Oc1ncnc2n(ncc12)-c1ccc(cc1F)S(=O)(=O)C,5,0.24468085106382978,2.3142193068074124,0.9980056107921882
48247166,CNC(=O)c1ccc(nn1)N(C)C1CCC1,5,0.3442622950819672,1.2654347079170056,0.9983516088430988
177361869,CN(C)c1nc(ncc1C)NCC1(CO)CCCC1,5,0.43859649122807015,2.7645972581911846,0.997012870768643
36571105,CC(C)c1nccn1Cc1nc(oc1C)-c1ccccc1C,5,0.296875,1.2338772224171308,0.9992560044645427
53751988,O=C(N1CCCC1)c1ccc(cc1)NS(=O)(=O)c1cccc2cnccc12,5,0.5,1.4153978239348863,0.9986772506926719
31364239,O=C(CC1CCCC1)NCc1nnc2n1CCC2,5,0.41935483870967744,1.6714541573135366,0.9990615935805426
425680,Cc1cc(on1)-c1cnn(c1C1CC1)CCNC(=O)c1sc(nc1C)C,5,0.38961038961038963,2.223017543790252,0.9996133763607158
2042658,Fc1ccccc1CNC(=O)Cc1cccs1,5,0.4444444444444444,1.5322676006496683,0.9992102817709313
24880306,CC(C)(C)c1ccc(cc1)C(O)CN1CCC(O)(CC1)c1ccc2c(c1)OCO2,5,0.28378378378378377,4.249063308542086,0.9978324654791472
231820085,Cc1ccc(c(c1)S(=O)(=O)N1CCCN(CC1)C1CCC1)C,5,0.5,2.0681958321199887,0.9987544495516403
49977918,CCCn1cc(cn1)CN1CCC(CC1)c1nc(no1)N(C)C,5,0.36923076923076925,2.738682895116105,0.9981314730031494
50570563,CC(C)n1cc(cn1)CN1CCC(CC1)c1nc(no1)N(C)C,5,0.359375,2.5287583909898377,0.9983928469860696
49149133,CSc1cccc(c1)-c1ccccc1-c1nnc(o1)C,5,0.36363636363636365,1.7371856550181175,0.9980948073076361
LN01265151,C[C@]12C=CC3=C4CCC(=O)C=C4CC[C@H]3[C@@H]1CC[C@@]2(O)CC=C |r|,5,0.4696969696969697,4.344254711685379,0.9994761836123488
14858512,Fc1ccc(cc1)CCNc1ncccc1C#N,5,0.5531914893617021,1.558613486403903,0.9984903539142088
50334305,Cc1sc(c(c1C)C)NC(=O)CN1CCOC(C1)C1CCCO1,5,0.2948717948717949,2.4155543877130388,0.9990447442441296
11880948,CCN1CCN(CC1)c1ccc(cc1)Nc1ncnc2sccc12,5,0.4,2.333601294137381,0.9985146074954331
49951746,Cc1cccc(n1)NCCc1cc(cc2c1OCOC2)F,5,0.4393939393939394,1.475665273698386,0.9982096013877362
110220963,Cc1ccc(cc1)S(=O)(=O)N1CCC[C@@H](C1)C(=O)NC1CCOCC1 |r|,5,0.39436619718309857,1.418171357770322,0.9987794347592278
177501206,CCCC1(CCC1)CNC(=O)CN1C=CC(=O)C=C1,5,0.6170212765957447,2.1167175059509007,0.9981077457064427
49951918,Cc1cccc(n1)NCC1CCN(CC1)C(=O)c1ccccc1,5,0.47368421052631576,1.8071032067926378,0.9987609399073872
72973189,CC1(C)CC(CC(C)(C)N1)Oc1ccc(nn1)-c1ccc(cc1O)-c1cn[nH]c1,5,0.27692307692307694,2.785227997848743,0.9977158247800596
3962718,O=C(Nc1nncs1)c1cccnc1,5,0.46808510638297873,1.9394697729015293,0.9987597384636037
82700885,Cc1cc(c2ccc(cc2n1)C(=O)N1CCN(CC1)c1nc[nH]n1)C,5,0.6229508196721312,1.6639119568053002,0.9993696427558215
11964390,COC(=O)c1c([nH]c(c1C)C(=O)N(C)Cc1ccc(c(c1)F)OC)C,5,0.5084745762711864,2.1964719438223472,0.9994088908670734
177405420,CN(Cc1c(nn(c1C)C)C)C(=O)NCc1cnc(c(c1)C)C,5,0.5454545454545454,1.8804323970828167,0.9996661125166695
24121594,O=C(NCc1cnn(c1)-c1ccccc1)C1CCC1,5,0.5094339622641509,1.3390074682392963,0.9993495131476113
1527152,Cn1c(ncc1-c1ccccc1)NCc1ccccc1,5,0.45614035087719296,2.243283308010656,0.9984125497236943
1527130,COc1cccc(c1)CNc1ncc(n1C)-c1ccccc1,5,0.47619047619047616,1.4035857651033665,0.9985491773401967
LN01343314,CCc1c([nH]c2ccc(cc12)Cl)C(=O)NCCc1ccc(cc1)N1CCCCC1,5,0.3333333333333333,4.366292821146815,0.9977277733617762
3563624,FC(F)(F)c1nc(c2ccccc2n1)Nc1ccc(cc1)-n1cnnn1,5,0.30158730158730157,1.7711643063251115,0.9990493678297401
33351514,Cc1ccc(c(c1)OCc1c(ccc2cccnc12)Cl)C(=O)N,5,0.3770491803278688,1.755798678664516,0.9991151075377723
177344381,COc1cccc(c1Cl)CN1C=NC2=C(COCC2)C1=O,5,0.34285714285714286,2.211201483356864,0.9992493969075529
49963610,CC(=O)NC1CCC(CC1)NCCSc1ccc(cc1)C,5,0.5319148936170213,1.8244426546210954,0.9980460735925707
45699341,CN1C(=O)N(Cc2ccccc2)C(=C(C(=O)CSc2nc3ccccc3n2C)C1=O)N,5,0.36363636363636365,2.9763674168356786,0.9993664930798946
32437102,COCc1cc(ccc1OC)-c1nc(n[nH]1)CCc1ccccc1,5,0.4,1.125551864641873,0.999124294092684
49038326,OCC1CCN(CC1)C(=O)Nc1ccc(cc1)COC1CCCC1,5,0.3620689655172414,2.021558309818887,0.9982421806974062
49130722,CCN1CCCN(CC1)C(=O)Nc1ccc(cc1)COC1CCCC1,5,0.40298507462686567,2.483395860510467,0.9980279480781525
2292167,COc1ccccc1CC(=O)Nc1ncc(s1)C,5,0.4444444444444444,1.0124455540914947,0.999632750298743
49314549,CN(Cc1cccnc1)Cc1ccc(o1)C#N,5,0.35714285714285715,1.7762406931496975,0.9993897759220718
49346047,Cc1nccc(c1Cl)NC(=O)c1ccncc1Cl,5,0.5306122448979592,2.2669863254996474,0.9991570185150556
36427432,CCc1nc2cc(ccc2o1)-c1c(cccc1OC)OC,5,0.3137254901960784,1.7526351588394142,0.9991925925295277
31837160,CN(C)C(=O)c1ccc(cc1)NC(=O)c1cccc(c1)F,5,0.4772727272727273,1.6439069316721913,0.9988496886699191
36913784,O=C(CCCc1nc2ccccc2[nH]1)N1CCCC1,5,0.4583333333333333,1.9311916010587937,0.9988883747008538
89942282,CCc1nc2c(cc(cn2c1N(C)c1nc(c(s1)C#N)-c1ccc(cc1)F)N1CCN(CC1)CC(=O)N1CC(O)C1)C,5,0.25961538461538464,5.313734844720949,0.9982772062204219
36435318,Cc1nnc(s1)-c1ccccc1-c1ccc(cc1)O,5,0.37735849056603776,1.5574042506683201,0.9974221822238817
30043512,CN(Cc1ccccc1Br)C(=O)Nc1ccc(cc1)C(=O)N1CCCC1,5,0.5689655172413793,1.9242985735069995,0.9990490268471955
13523780,Cc1nc2ccc(cc2s1)NC(=O)c1sc(nc1C)-c1ccccn1,5,0.45454545454545453,1.5776878652004667,0.9998310006543532
410858,Cc1ccc(cn1)-c1nc(ncc1-c1cc(no1)C)NCc1ccco1,5,0.5373134328358209,2.469032806586286,0.9994348987844536
49322427,O=C1Oc2cccnc2N1Cc1ccccn1,5,0.5294117647058824,2.3030336515126573,0.9981880954151783
11812085,CC1CCN(CC1)CC(=O)Nc1nc(cs1)-c1c[nH]c2ccccc12,5,0.3582089552238806,2.8657892455654834,0.9987295052656042
35771333,NC(=O)c1ccc(cc1)Oc1ccc(cc1)C(=O)N1CCCCCC1,5,0.3877551020408163,2.954078536532126,0.9969258147090876
49995595,CNC(=O)c1cccc(c1)Cn1nnc(n1)-c1ccccc1Cl,5,0.373134328358209,1.4631196123353454,0.9988314444616739
49317565,OC1(CCCCC1)Cc1nc(no1)-c1ccsc1,5,0.3880597014925373,1.2472609991501427,0.9992198569840177
8296397,NCc1cccc(c1)C(=O)N1CCCC1,5,0.4074074074074074,1.5476873069195263,0.9969949242021338
35732653,CC1=CNC(=O)N1c1ccc(cc1)C(=O)Nc1ccc2ccccc2n1,5,0.5517241379310345,1.7766842713319388,0.9992829877301614
32434890,CN(C)c1nc(ncc1C)NCc1ccccc1-n1ccnc1,5,0.5081967213114754,1.6529422252463564,0.999477099712449
72972951,CC#CC(=O)N1CCC[C@@H]1c1nc(c2c(nccn12)N)-c1ccc(cc1)C(=O)Nc1ccccn1 |r|,5,0.34523809523809523,3.9227237985866426,0.9981546416397837
157255,Cc1nc(cc(n1)NC1CCCC1)CC1CCN(CC1)S(=O)(=O)c1c(noc1C)C,5,0.6307692307692307,3.0110448352695953,0.9972868407642845
43060096,COc1cncc(c1)-c1ccnc2[nH]ccc12,5,0.4807692307692308,2.8103903643447645,0.9987027169515889
73048893,CC1=C(Br)CN(CC1)CCC1=Nc2ccccc2C(=O)N1,5,0.352112676056338,1.7914527624245038,0.9992464472415339
540123,COc1cc2nc(sc2cc1OC)N,5,0.4444444444444444,1.0324315957969827,0.9990934444812054
48670752,CN(C)c1ccc2c(c1)Sc1cc(ccc1N2)N(C)C,5,0.26666666666666666,1.5605547090698657,0.9992532453384245
32785616,CCCCOc1ccc(cc1)-c1cc2n(n1)C=CNC2=O,5,0.29333333333333333,2.4757318110003688,0.996927568983773
31507581,C[C@H](Nc1ncc(c(n1)Nc1cc([nH]n1)C)Cl)c1ncc(cn1)F |r|,5,0.23863636363636365,5.196634199171196,0.9981527849180919
348408,CC1=NN(CC2(O)CCN(CC2)Cc2cccs2)C(=O)C=C1,5,0.34328358208955223,1.3238077655014986,0.9994353462108936
36367041,Cc1cccc(c1)/C=N/Nc1cc(nc(n1)OCCc1ccccn1)N1CCOCC1,5,0.3037974683544304,3.0820421801132296,0.9985087434745239
49041586,CC(C)N(Cc1nnc(o1)C(C)C)C1CCOCC1,5,0.3157894736842105,1.3065465931229099,0.9991829259986924
49055842,Cc1nnc2ccc(nn12)N1CCC2(CCCCC2)C1,5,0.37735849056603776,1.968310188969086,0.9997137889695585
46091137,OCc1ccc(cc1)Cn1cc(nn1)-c1cc(ccc1-n1cccn1)F,5,0.3880597014925373,2.163942466887925,0.9991455507774516
37009919,FC(F)(F)Oc1ccc(cc1)N1CCC(CC1)NC(=O)N1CCC1,5,0.34615384615384615,1.6862624350915905,0.9984267341828875
55628764,Cc1cccnc1CN1CCC(O)(CC1)c1ccccc1,5,0.44642857142857145,1.655100903268346,0.9991665075864824
6892467,COc1cc(cc(c1OCc1ccc(cc1)Cl)Br)CNc1nnn[nH]1,5,0.3333333333333333,3.290265186880953,0.9923874370985183
24065064,CN(C)C(=O)c1cccc(c1)NC(=O)c1ccc(nc1)C,5,0.4,1.338265295074335,0.999123248701915
17480068,O=C1CC2(CCN(CC2)C(=O)NCc2ccccc2)Oc2ccccc21,5,0.5,1.6131401055086445,0.9987370276534419
44527032,Fc1cc2c(cc1F)N(CCC2)C(=O)CCc1nnc(o1)-c1ccsc1,5,0.34210526315789475,1.6742186237163332,0.998830315284729
43212065,CCc1cc(on1)CN(C)c1nccc(n1)-c1ccc(nc1C)C,5,0.2878787878787879,1.6392784998285037,0.9989398326128707
1557197,Cc1cccc(c1)-n1c(nnc1CNc1ccc(cc1)F)S,5,0.38095238095238093,1.7419942594623752,0.9975750838594175
9879245,COc1ccc(c(c1)OC)NC(=O)c1snnc1C,5,0.3770491803278688,1.760146868872318,0.9993978881676305
222754320,CN(C)S(=O)(=O)CCCN1CCC(CC1)CCC(=O)N,5,0.4489795918367347,2.135645569845326,0.9962689931509563
46034633,Cc1nc(c(c(n1)NCc1cc(no1)-c1ccc(cc1)F)C)C,5,0.3508771929824561,1.4418484663788744,0.9996566658348341
3595726,O=C(NC1CCCC1)c1cc(nc2ccccc12)C1CC1,5,0.38461538461538464,1.7307452152178815,0.9991253843798841
36342840,N#Cc1ccc(nc1)N1CCc2c(ncn2C2CC2)C1,5,0.391304347826087,1.6232763165895367,0.9992371928891401
232832319,COc1ccc(cc1Cn1cccn1)CN1CC(C1)c1ccncc1,5,0.32857142857142857,1.9908716683907077,0.9982139559865882
3593598,Clc1ccccc1-c1ccc(o1)C(=O)N1CCN(CC1)C(=O)c1ccccc1,5,0.38461538461538464,2.3034560989954547,0.9992791686361188
44563083,COC(=O)N1CCCN(CC1)C(=O)c1ccc(o1)-c1ccccc1Cl,5,0.3492063492063492,0.9156767988760722,0.9995391606795326
49937270,CC(C)c1nnc(n1C)CNC(=O)C1(C)CCC1,5,0.42,1.0891455366477776,0.9993333225456051
1553084,O=C(Nc1ccc(cc1)S(=O)(=O)Nc1ccnn1-c1ccccc1)c1ccco1,5,0.38095238095238093,3.1620409548263835,0.9982538338412964
1321458,COc1cc(c(c(c1)Br)Nc1nc(cs1)-c1c(nc2ncccn12)C)Br,5,0.45588235294117646,1.9567784749429344,0.9994860445178478
32391674,O=C(NCC1=CCCN(C1)Cc1cccc(c1)C#N)c1cccs1,5,0.42105263157894735,2.6565204685828934,0.9986838303559212
207509,Clc1ccc(cc1)-c1c[nH]nc1C1CCCN(C1)C(=O)CCOc1ccccc1,5,0.6376811594202898,2.053383062168675,0.998398350595914
43366906,CCc1cc2c(cc1N1CCC(CC1)N1CCOCC1)C(C)(C)c1[nH]c3cc(ccc3c1C2=O)C#N,5,0.34523809523809523,4.278185129234123,0.9977216253123956
31890078,Cc1nnc(c(c1C)C#N)NCCc1ccc2c(c1)OCO2,5,0.3870967741935484,1.5383445647841665,0.999178277204258
323968411,CC(O)(C#Cc1ccc2c(c1)N(CC2)c1nc(ncc1Cl)N)c1nccs1,5,0.2247191011235955,3.9017388431317195,0.9987349337583353
31968914,Cc1ccc(cn1)CNC(=O)c1cccs1,5,0.42,1.5185868430880072,0.9995047084238535
30658737,CN(Cc1cccc(c1)C#N)c1cnc2ccccc2n1,5,0.4716981132075472,2.077733621039936,0.9967768361304481
32394390,COc1ccc(cc1)CCN1C(=O)NN=C1C1CC1,5,0.3448275862068966,2.1798621516049015,0.9980188293426763
2890746,O=C(Cc1ccc2ccccc2c1)NCCc1nc2ccccc2[nH]1,5,0.39344262295081966,1.544129852052776,0.9987059204192338
36294663,CCCN(CC)c1ccc(cc1)C(=O)N1CCCN(CC1)C(=O)C,5,0.35555555555555557,2.502899119021618,0.9991459462157907
48832018,OCC1CN(C1)C(=O)Cc1cccc(c1)I,5,0.3508771929824561,2.7625129863947975,0.9954717297209897
93438921,CN1CCN(CC1)c1ccc(cc1F)Nc1nc(c2cc[nH]c2n1)Oc1cccc(c1)NC(=O)C=C,5,0.5714285714285714,6.831840308438503,0.9988014744718774
37000875,Cc1nn(c(c1C(=O)O)C)Cc1cccc(c1)Br,5,0.38461538461538464,1.986251746380349,0.9991600630729105
31416534,OCc1cnnn1-c1cncc(n1)Cl,5,0.19230769230769232,4.949072135260093,0.995449392711048
53815321,CN(CCSc1ccc2nnc(n2n1)C(F)F)Cc1ccccc1,5,0.6,2.87715519219936,0.997185498274147
29703109,CN(C)c1ccnc2sc3c(c12)N=CN(N1CCCCCC1)C3=O,5,0.22058823529411764,1.7708512077529468,0.9988572157355876
36986676,CN(C(=O)OC(C)(C)C)c1ccc2ccccc2n1,5,0.3448275862068966,1.8306594440258475,0.9984283914920596
49064812,CC(=CCOc1cccc(c1)C(=O)NN1CCOCC1)C,5,0.3333333333333333,1.7922396603132924,0.9986103828220108
49176426,CCCn1ncnc1-c1ccccc1SC,5,0.37254901960784315,1.6533287634346827,0.9986025413535281
323264,Cc1nccc(n1)-c1ccc(cc1)-c1noc(n1)CN1CCOCC1,5,0.6458333333333334,2.021625583534189,0.9983308674652938
300053407,CN(C)C(=O)COC(=O)Cc1ccc(cc1)OC(=O)c1ccc(cc1)NC(=N)N,5,0.3064516129032258,2.1114781552268256,0.9964153135641041
82720833,CCC(=O)Nc1ccc(c(c1)NC(=O)N1CCC(=CC1)C)F,5,0.3333333333333333,2.0423839012290674,0.9991749874695568
260081695,COCCOCc1ccc(cc1)C1=Cc2onc(c2C(=O)N1C)-c1ccccc1,5,0.2676056338028169,2.3134249501550537,0.9990033256712616
31341176,Cc1cc(c(s1)C)C(=O)NCCc1ccccn1,5,0.43636363636363634,1.4775950054057654,0.9997319646575814
41287015,CN(CCc1ccccc1)C(=O)CC#N,5,0.391304347826087,2.339237055110164,0.9990595022937819
48544545,Oc1[nH]c2ccc(cc2c1-c1ccc(cn1)CN1CCOCC1)C#N,5,0.32,2.5709690779934724,0.9986863869246446
177167,CN1CCC(CC1)c1nc2cc(ccc2[nH]1)C,5,0.4576271186440678,2.888693995562783,0.998350259962414
46078321,Cc1ccc(c2c(cc(nc12)CN1CC(C1)c1ccccn1)O)C,5,0.3508771929824561,1.2114008420014928,0.9992659014371934
24142070,O=C(Cc1cccc2ccccc12)NCc1nnc2n1-c1ccccc1CC2,5,0.6101694915254238,2.441256029178616,0.9981650107123898
31841658,Cc1ccc(n1C)CNC(=O)c1cccnc1,5,0.5208333333333334,1.4276165451557365,0.999774242054373
153321,C1CN(CCC1c1ccn[nH]1)Cc1ccncc1,5,0.4230769230769231,2.4738920752528952,0.9993415822177538
44579402,O=C(Nc1cnc2ccccc2n1)c1ccncc1,5,0.5227272727272727,1.4692484473363643,0.999678547456866
73036824,OC1CCC(CC1)C(=O)N1CCCN(CC1)c1ccc(cc1)F,5,0.4727272727272727,2.414475305319889,0.9970314890971672
44554243,CN(C(=O)c1cc2ccc(cc2[nH]1)C(C)(C)C)C1(CCC1)C#N,5,0.5660377358490566,1.4810627940773073,0.9990519030351713
424596,CC(C)NC(=O)C1(CCOCC1)Cc1ccccc1-c1ccncc1,5,0.4927536231884058,2.572653688314702,0.9989590049738457
11833271,COc1ccc2c(coc2c1)CC(=O)NCC#C,5,0.46551724137931033,1.4596204986225727,0.9996371683076382
45697439,Cn1ccc(n1)CSc1n[nH]c(n1)-c1cc(cc(c1)F)F,5,0.28846153846153844,1.812883614576994,0.9995913559140883
46088801,COCCc1noc(n1)CN1CC(CCC1=O)(c1ccccc1)c1ccccc1,5,0.35714285714285715,2.475110906605636,0.9984589083181713
31935468,O=C(NCCc1nnc2n1CCC2)c1ccc2c(c1)CCC2,5,0.484375,2.1711699611041024,0.9988419416655114
42961554,CC1=CC=CN(Cc2cccc(c2)F)C1=O,5,0.6428571428571429,1.9078747338335151,0.9989465235279937
53873925,COc1ccc(cc1)CCC(=O)N1CCN(CC1)C(=O)c1cc2n(n1)CCCC2,5,0.5172413793103449,2.059318333817939,0.9992215499820594
353778,CC(=O)N1CCC2(CC1)Oc1cc(c(cc1C=C2)C)C,5,0.29508196721311475,2.1276844220890454,0.9995999238680778
177428613,Cc1n[nH]c(n1)C1CCN(CC1)C(=O)NC1CCN(CC1)c1ccc(cc1)F,5,0.352112676056338,2.2116932427440847,0.998542189804426
2266063,Cc1cccc2sc(nc12)NC(=O)c1cccnc1,5,0.5833333333333334,1.555946978531376,0.9995052541084751
552358,CN(C)CCNc1c2c(c(c3nc4ccccc4n13)C#N)CCCC2,5,0.28169014084507044,2.8317747085524667,0.9987304127703807
32048916,CC(C)(C)c1nc(no1)CN1N=Nc2ccccc2C1=O,5,0.39655172413793105,1.3496077207842672,0.9990765061526825
48759286,CN(C)c1noc(n1)-c1cc(nc(c1)O)C,5,0.30357142857142855,1.8265360658912144,0.9991878098588908
177425249,Clc1cnc(nc1)NCC1(CC1)CN1CCCC1,5,0.4222222222222222,2.122557655282204,0.9978675045087025
414840,Cc1cc(sc1C)C(=O)N1CCC(CC1)C(=O)c1ccnn1C,5,0.32857142857142857,2.9786515405460263,0.9983901225884098
32444518,Nc1cnc(nc1)Cc1ccc(cc1)F,5,0.3170731707317073,1.4602746317045638,0.9980392236229693
276236010,CCC(C)(C)N1CCN(CC1)C(=O)NCCc1cc(no1)C,5,0.38235294117647056,2.7684508303382085,0.998660526305712
53744804,Cc1cnc(c2nc(nn12)[C@@H]1C[C@H]1c1nc2c3cccnc3ccn2c1C)C |r|,5,0.2571428571428571,5.042942692516527,0.9995000570493743
189725381,Cc1nnc(n1C1CC1)COc1cccc(c1)-n1ccnc1,5,0.3389830508474576,2.18790813335464,0.9981873034710138
44811418,CC(C)NC(=O)COc1cccc(c1)-c1nc(c2ccccc2n1)Nc1ccc2[nH]ncc2c1,5,0.30864197530864196,3.9588236889257167,0.9974884919956242
177445050,OC1(CCN(CC1)C(=O)c1ccc(cc1)-c1ccncc1)CN1CCCC1,5,0.36231884057971014,2.5335388293847427,0.9984527620405146
222782402,O=C(C1CC1)N1CCC(CC1)CNS(=O)(=O)N1CCCCCC1,5,0.3148148148148148,1.8216681915214263,0.9989215139782697
2566233,CC1(C)CC(=O)C2=C(C1)NC(=O)CC2c1ccc(cc1)Br,5,0.23376623376623376,1.045309523538795,0.9990359022310927
24501994,CCCCNC(=O)c1cccc2ncccc12,5,0.41818181818181815,1.6837158311306426,0.9991487736909764
32020284,Cc1cc(c2c(nn(c2n1)C)C)C(=O)Nc1cccc(c1)-c1cnco1,5,0.39473684210526316,1.8880103283611804,0.999391515874068
1545812,Cc1cc(c(c(c1-n1cnnn1)C)S(=O)(=O)Nc1ccc2c(c1)OCO2)C,5,0.3333333333333333,2.853717400164386,0.9979308726670085
1553046,CN(C)c1ccc(cc1)NS(=O)(=O)c1c(cc(c(c1C)-n1cnnn1)C)C,5,0.3548387096774194,1.9289030561431688,0.9979339294677626
53800443,CCc1[nH]nc(c1C)NC1CCC(CC1)C(=O)OC,5,0.2923076923076923,1.6430480820709596,0.9992767358981978
32113613,CN(C(=O)COc1c(cccc1C)C)C1(CCC1)C#N,5,0.48148148148148145,1.2711541999302418,0.9994965555177893
1392865,CCc1sc(nc1-c1ccc(cc1)OC)N,5,0.42857142857142855,0.9008129661587767,0.9992123030446257
31923278,Cc1cc2ccccc2n1CC(=O)N1CCc2ccc(cc2C1)O,5,0.4,1.8873412516023047,0.998885122101211
44385386,Nc1nc(cs1)CN1CCN(CC1)c1ccc(cc1)F,5,0.3148148148148148,1.6800934497819597,0.9988153571713022
49874322,COc1ccc(c(c1)F)CN1CCC(CC1)c1nc(no1)C(C)C,5,0.47761194029850745,1.7692221454635049,0.9983039499600265
227571,CN(C)C(=O)c1sc2nc(ccc2c1N)C1(C)CCN(CC1)c1ncccn1,5,0.3382352941176471,2.3679104712804318,0.9996076557991376
MCULE-9833651829,NC1CCCC(C1)C(=O)Nc1ccc2[nH]ncc2c1,5,0.4838709677419355,2.1521568251406764,0.9985704488708469
LN01331065,OCCn1cc(c(n1)-c1ccncc1)-c1ccc/2c(c1)CC\C2=N/O,5,0.43243243243243246,2.0065988637496965,0.9991860976492474
3679149,Cc1cccc(c1)NC(=O)CSc1nncs1,5,0.44642857142857145,1.73912880489052,0.9994610053104314
36919308,O=C(NCCc1cnn(c1)-c1ccccc1)N1CCC1,5,0.4426229508196721,1.3644053649851189,0.999631898538126
32785534,Cc1ccc(cc1)N1C=CNC(=O)C1=O,5,0.5555555555555556,0.7819814575807074,0.9992775712436234
177482615,CN1C=CC=C(C(=O)NCc2nc(no2)C(C)(C)C)C1=O,5,0.31343283582089554,1.966121054258753,0.9991102873711659
49994071,Cc1nc(c2cnn(c2n1)C)N1CCn2ccnc2C1,5,0.574468085106383,3.777939120737882,0.9971326479682341
177388619,CCc1nc(cc(n1)N1CCCC2(CCNCC2)CC1)C,5,0.5094339622641509,2.9334616070437,0.998190965562129
42961078,Cc1nc(cc(n1)Nc1cnn(c1)C(C)(C)C)Cl,5,0.4107142857142857,2.2817957840258583,0.9992825267319564
36440866,CC(=O)N1CCC(CC1)Cn1ccnc1-c1cc2ccccc2s1,5,0.47692307692307695,2.0792311078855876,0.9990080356246297
45688619,COCc1ccccc1CNc1ccc2cc(ccc2n1)C#N,5,0.4576271186440678,1.7077578868211225,0.9984596157437859
49863827,Nc1ncnc2n(nc(c12)-c1ccc(cc1)Oc1ccccc1)[C@@H]1CCCNC1 |r|,5,0.463768115942029,3.190193567794885,0.9986251674763691
33317735,Cc1cnn(c1NC(=O)/C=C/c1ccccc1)CC1CC1,5,0.3188405797101449,1.8059543183592353,0.9984233288597292
44426195,Cc1cc(c2cccc(c2n1)C)C(=O)NCCC1=CSC2=NCCCN12,5,0.3048780487804878,1.801070237387422,0.9990317789366026
44466308,Cn1ncnc1COc1nn2c(nnc2cc1C1CCC1)-c1c(cccc1F)F,5,0.34146341463414637,2.312848244049091,0.9995874764171503
49012602,CCOC1CCN(CC1)c1ccnc(c1)C(=O)NCc1ccccc1,5,0.38333333333333336,1.8727087333591785,0.9983388301417622
193725,COc1ccc(cc1)NC(=O)CN1CCC(CC1)c1cc(cc(n1)C)-c1cnc(nc1)N,5,0.4878048780487805,2.770650645606329,0.9967978789778296
602991,CCOc1ccc(cc1)-c1csc(n1)N,5,0.43478260869565216,0.9477235883950672,0.9990252185969398
44811754,Cc1c[nH]c2nccc(c12)Oc1c(cc(cc1F)Nc1cc(nc(n1)N)Cl)F,5,0.25,6.052035607958863,0.9987236518686202
49083485,CC(C)c1nc(c[nH]1)S(=O)(=O)N1CC2(CC2)c2ccccc21,5,0.5714285714285714,2.018773389957391,0.9996162610739068
46650374,CC(C)CCN(C)c1ncnc2nc(cc(c12)C)C,5,0.2857142857142857,2.4390262401213536,0.9945178258496125
177285116,FC(F)(F)COc1ccc(nn1)CN1CCc2c(cnn2-c2ccccc2)C1,5,0.29411764705882354,1.7674102523183142,0.999236119179667
36950801,CN(CC1CCCC1)C(=O)Nc1ccccc1N1CCOC1=O,5,0.47619047619047616,1.9999234985368473,0.9995743049743935
232828909,Clc1cccc(c1Cc1n[nH]c(n1)CCCN1CCCC1=O)Cl,5,0.5789473684210527,1.9907111794530477,0.9991025084104591
48764100,CCc1nnc(c(c1CC)C#N)N1CCCO1,5,0.5102040816326531,1.410298195418304,0.9982828151668953
37009025,CC(C)(C)C(=O)N1CCN(CC1)C(=O)CCN1CCOC1=O,5,0.328125,1.7828474415949591,0.9988609677118464
13329162,CN1CCN(CC1)S(=O)(=O)Cc1ccc(c(c1)Cl)Cl,5,0.36,2.0136625834534065,0.9977050386084684
13329354,CCN1CCN(CC1)S(=O)(=O)Cc1ccc(c(c1)Cl)Cl,5,0.34615384615384615,2.0895884762316084,0.9965506023850814
36458355,CCOC(=O)c1cccnc1-c1ccc2[nH]ccc2c1,5,0.4576271186440678,1.5975838006187477,0.99939206419051
177450733,COCCc1noc(n1)CN(C)C(=O)c1ccc2c(c1)CCC2,5,0.36619718309859156,1.7490937653539793,0.9990324444118314
180601629,COc1ccccc1C(=O)Nc1ccc2cc[nH]c2c1,5,0.5294117647058824,1.7734889342763231,0.9993321234301811
29965110,CNC(=O)CN(C)c1cccc(c1C#N)F,5,0.3684210526315789,1.9151780596070394,0.9975283278919759
50610014,COC(=O)N1CC(C1)NCc1c(nn(c1C)C(C)(C)C)C,5,0.2982456140350877,1.562408077296347,0.998884384533007
23671374,Cc1ccc(s1)C(=O)Nc1ncccc1C,5,0.41818181818181815,1.1992722793434918,0.9998587422251571
49008924,CN(CC1CCC1)C(=O)C1CCN(CC1)c1ccc2nncn2n1,5,0.546875,2.068374724270031,0.9979575566350851
2343133,Oc1ccc(cc1)CN1CCN(CC1)c1cccc(c1)Cl,5,0.36,2.243389845746836,0.997025198147007
136829,Fc1ccc(cc1)CNC(=O)C1(CCOCC1)Cc1ccc(cc1)-c1cccnc1,5,0.5454545454545454,2.557708935747102,0.9984875885865473
171789858,CC(=O)N1CCN(CC1)[C@H]1CCN(CC[C@@H]1O)C(=O)c1cc2cc(ccc2o1)C |r|,5,0.3026315789473684,3.4957828879948853,0.9983673561777309
171789496,Cc1ccc2oc(cc2c1)C(=O)N1CC[C@H](O)[C@H](CC1)N1CCOCC1 |r|,5,0.3108108108108108,1.6608940363544586,0.9995431736563839
171789564,CC(=O)N1CCN(CC1)[C@H]1CCN(CC[C@@H]1O)C(=O)c1cc2cc(ccc2o1)Cl |r|,5,0.2878787878787879,2.7200016544112016,0.9993015801027573
177509728,Cc1nnc2ncc(cn12)-c1cccc2ccnn12,5,0.5686274509803921,1.7290653544620138,0.999563494692344
48743317,O=C(Cc1coc(n1)-c1ccccc1)NCC#C,5,0.36363636363636365,1.03415327684081,0.9996212410678148
43571023,Cc1ccc2n(nc(c2c1)Cn1ccnc1-c1cccc(n1)C)C,5,0.30303030303030304,1.5249636061222522,0.9994695140981825
16664610,Cc1nc2cc(ccc2o1)NC(=O)CCc1c(nc2n(nc(c2c1C)C)C)C,5,0.639344262295082,2.3924504174586363,0.9988454041798652
48312888,CN(CCc1cnccn1)C(=O)c1cccc(c1)C,5,0.34782608695652173,1.8537818102462271,0.9990455248995261
152939,Cc1cccc(c1)OC1CCN(CC1)CC(=O)N,5,0.421875,2.481438292603568,0.9951549362345865
152925,NC(=O)CN1CCC(CC1)Oc1cccc(c1)F,5,0.5178571428571429,1.5576125962511034,0.997385886844551
49964694,Cc1cc(ccc1F)CN1CC(O)(CC#N)C1,5,0.29310344827586204,2.0325257685943416,0.9967903886197709
30063049,CC1Cc2cc(ccc2N1C(=O)C)S(=O)(=O)Nc1cccc(c1)-c1cnco1,5,0.35802469135802467,1.1764131927177515,0.9993965401415288
49311027,Clc1ccccc1C1N(CCNC1=O)C(=O)c1ccncc1,5,0.47692307692307695,1.5805201675402716,0.9990789943017797
300011391,Oc1nccc2c(cccc12)S(=O)(=O)N1CCCNCC1,5,0.6274509803921569,1.0567781224086448,0.9992218846166212
165629,OCCN1CCC(CC1)c1ccncn1,5,0.3541666666666667,1.6000115624586373,0.9982407866365783
36262171,Cc1nn(c(c1CCC(=O)N1CCCc2ncccc21)C)C,5,0.5932203389830508,2.269588508959225,0.9984546145282216
35754387,CNC(=O)c1cccc(c1)Oc1ncnc2c1CN(C)CC2,5,0.4264705882352941,1.5261028798870413,0.9979982806510049
232855284,COCC1(CCC1)CNS(=O)(=O)c1ccc2[nH]cnc2c1,5,0.5769230769230769,2.7718331479368574,0.9979633865148323
43249441,CN(C)c1cc(nc(n1)C)C1(C)CCNCC1,5,0.5,1.8281249957265875,0.9975976669469482
36849731,Cc1ccnc(n1)NCc1cccnc1,5,0.4888888888888889,1.92467217987947,0.9993731359680208
24034759,CCc1nnc([nH]1)Sc1nc2cc(nn2c2ccccc12)C,5,0.3064516129032258,1.9342740240201652,0.9997226695119379
53882277,O=C1N2C=CC=CC2=NC2=C1CN(CC2)S(=O)(=O)C1CCCCC1,5,0.34782608695652173,1.850612871456457,0.9991593678502297
49165848,CCn1nc(nc1Cc1sc(nc1C)C)Cc1ccc(cc1)OC,5,0.31746031746031744,1.2013292637742612,0.9991518213101775
421362,Cc1ccccc1C(=O)N1CCC(O)(CC1)Cn1ccnc1C,5,0.3448275862068966,2.224213568882505,0.9986218423812755
32070902,Cn1ccnc1CN(C1CC1)C(=O)c1[nH]c2ccccc2c1Cl,5,0.3333333333333333,2.336165233882132,0.9995672102881402
30656579,Cc1ccc(cn1)C(=O)Nc1ccccc1C(C)(C)C,5,0.4074074074074074,1.3241049807318703,0.9993324706117628
2059266,CCN(CC)C(=O)c1ccc(cc1)NC(=O)C,5,0.48717948717948717,1.4642714912200065,0.99926091378974
60174709,Nc1nc(c2c(cccc2n1)OCC1CCN(CC1)Cc1c(cccc1Cl)Cl)N,5,0.3582089552238806,3.784363486770193,0.997094160020563
233395,Cn1ccc(n1)CN1CCC(CC1)c1cnccn1,5,0.5490196078431373,3.2563430408971787,0.9994790777891891
49953010,Cc1nc(c2c(csc2n1)C)NCCN1C(=O)CCC1=O,5,0.4423076923076923,3.094274713078772,0.9994945482102996
324054153,CC1(C)Cc2cc(c(nc2O1)N1CCN(CC1)CC(F)F)NC(=O)c1cnn2cccnc12,5,0.620253164556962,3.5724147295640636,0.99934426095437
177394614,CN(CC1CCN(CCO)CC1)C(=O)c1cc(nc(c1)C)C,5,0.5,2.051104336692584,0.9987114839047506
46026615,FC(F)(F)c1nccc(n1)NCCSc1nc2ccccc2o1,5,0.3050847457627119,1.4824698985133535,0.9992555722840158
1590696,CC(C)(C)c1ccc(cc1)C(=O)Nc1ccc(cc1)C(=O)Nc1ccccc1,5,0.46938775510204084,2.757970449442522,0.9984249353840119
49973690,C1CCC(CC1)OCc1noc(n1)C1CC1,5,0.37735849056603776,1.1303906404425226,0.9991039818581177
49929048,CCc1[nH]nc(c1C)NC1CCN(CC1)C(C)C,5,0.38181818181818183,2.6698323917431055,0.9992661421658159
31856310,Cc1cc(on1)CN1CCN(CC1)c1ncccn1,5,0.46808510638297873,1.783544224290617,0.9992368988018743
