Molecule,P_app,P_app_error,Assay,pH,Efflux_effects,Efflux_ratio,P_app_ref,reference,P_app_comments,Other_Comments,Dosing_Concentration (uM)
Amantadine,0.0000071,0.0000002,MDCK-MDR1,7.4,P-gp inhibitor elacridar,0.8,10.1124/jpet.107.121525 ,Summerfield et al. 2007,apical-to-basolateral passive membrane permeability across a cell monolayer the presence of the P-gp inhibitor elacridar,"MDR1-MDCK type II cells were seeded at a density of 60,000 cells/cm2 on rat type I collagen-coated polycarbonate membranes. Transwell plates :1.13-cm2 area; 0.4-um pores. Shaking conditions (150 rpm)",3
Amitriptyline,0.0000098,0.0000012,MDCK-MDR1,7.4,P-gp inhibitor elacridar,1.9,10.1124/jpet.107.121525 ,Summerfield et al. 2007,apical-to-basolateral passive membrane permeability across a cell monolayer the presence of the P-gp inhibitor elacridar,"MDR1-MDCK type II cells were seeded at a density of 60,000 cells/cm2 on rat type I collagen-coated polycarbonate membranes. Transwell plates :1.13-cm2 area; 0.4-um pores. Shaking conditions (150 rpm)",3
Amoxapine,0.0000148,0.0000011,MDCK-MDR1,7.4,P-gp inhibitor elacridar,4.1,10.1124/jpet.107.121525,Summerfield et al. 2007,apical-to-basolateral passive membrane permeability across a cell monolayer the presence of the P-gp inhibitor elacridar,"MDR1-MDCK type II cells were seeded at a density of 60,000 cells/cm2 on rat type I collagen-coated polycarbonate membranes. Transwell plates :1.13-cm2 area; 0.4-um pores. Shaking conditions (150 rpm)",3
Atomoxetine,0.0000157,0.0000019,MDCK-MDR1,7.4,P-gp inhibitor elacridar,3.4,10.1124/jpet.107.121525,Summerfield et al. 2007,apical-to-basolateral passive membrane permeability across a cell monolayer the presence of the P-gp inhibitor elacridar,"MDR1-MDCK type II cells were seeded at a density of 60,000 cells/cm2 on rat type I collagen-coated polycarbonate membranes. Transwell plates :1.13-cm2 area; 0.4-um pores. Shaking conditions (150 rpm)",3
Bupropion,0.0000475,0.0000022,MDCK-MDR1,7.4,P-gp inhibitor elacridar,1.4,10.1124/jpet.107.121525,Summerfield et al. 2007,apical-to-basolateral passive membrane permeability across a cell monolayer the presence of the P-gp inhibitor elacridar,"MDR1-MDCK type II cells were seeded at a density of 60,000 cells/cm2 on rat type I collagen-coated polycarbonate membranes. Transwell plates :1.13-cm2 area; 0.4-um pores. Shaking conditions (150 rpm)",3
Carbamazepine,0.0000309,0.0000017,MDCK-MDR1,7.4,P-gp inhibitor elacridar,0.8,10.1124/jpet.107.121525,Summerfield et al. 2007,apical-to-basolateral passive membrane permeability across a cell monolayer the presence of the P-gp inhibitor elacridar,"MDR1-MDCK type II cells were seeded at a density of 60,000 cells/cm2 on rat type I collagen-coated polycarbonate membranes. Transwell plates :1.13-cm2 area; 0.4-um pores. Shaking conditions (150 rpm)",3
Chlorpromazine,0.0000074,0.0000011,MDCK-MDR1,7.4,P-gp inhibitor elacridar,0.8,10.1124/jpet.107.121525,Summerfield et al. 2007,apical-to-basolateral passive membrane permeability across a cell monolayer the presence of the P-gp inhibitor elacridar,"MDR1-MDCK type II cells were seeded at a density of 60,000 cells/cm2 on rat type I collagen-coated polycarbonate membranes. Transwell plates :1.13-cm2 area; 0.4-um pores. Shaking conditions (150 rpm)",3
Citalopram,0.0000181,0.0000035,MDCK-MDR1,7.4,P-gp inhibitor elacridar,20.1,10.1124/jpet.107.121525,Summerfield et al. 2007,apical-to-basolateral passive membrane permeability across a cell monolayer the presence of the P-gp inhibitor elacridar,"MDR1-MDCK type II cells were seeded at a density of 60,000 cells/cm2 on rat type I collagen-coated polycarbonate membranes. Transwell plates :1.13-cm2 area; 0.4-um pores. Shaking conditions (150 rpm)",3
Clozapine,0.0000283,0.0000022,MDCK-MDR1,7.4,P-gp inhibitor elacridar,1.3,10.1124/jpet.107.121525,Summerfield et al. 2007,apical-to-basolateral passive membrane permeability across a cell monolayer the presence of the P-gp inhibitor elacridar,"MDR1-MDCK type II cells were seeded at a density of 60,000 cells/cm2 on rat type I collagen-coated polycarbonate membranes. Transwell plates :1.13-cm2 area; 0.4-um pores. Shaking conditions (150 rpm)",3
Diazepam,0.0000464,0.0000018,MDCK-MDR1,7.4,P-gp inhibitor elacridar,1,10.1124/jpet.107.121525,Summerfield et al. 2007,apical-to-basolateral passive membrane permeability across a cell monolayer the presence of the P-gp inhibitor elacridar,"MDR1-MDCK type II cells were seeded at a density of 60,000 cells/cm2 on rat type I collagen-coated polycarbonate membranes. Transwell plates :1.13-cm2 area; 0.4-um pores. Shaking conditions (150 rpm)",3
Donepezil,0.0000338,0.0000015,MDCK-MDR1,7.4,P-gp inhibitor elacridar,2.3,10.1124/jpet.107.121525,Summerfield et al. 2007,apical-to-basolateral passive membrane permeability across a cell monolayer the presence of the P-gp inhibitor elacridar,"MDR1-MDCK type II cells were seeded at a density of 60,000 cells/cm2 on rat type I collagen-coated polycarbonate membranes. Transwell plates :1.13-cm2 area; 0.4-um pores. Shaking conditions (150 rpm)",3
Doxepin,0.0000163,0.0000013,MDCK-MDR1,7.4,P-gp inhibitor elacridar,1.9,10.1124/jpet.107.121525,Summerfield et al. 2007,apical-to-basolateral passive membrane permeability across a cell monolayer the presence of the P-gp inhibitor elacridar,"MDR1-MDCK type II cells were seeded at a density of 60,000 cells/cm2 on rat type I collagen-coated polycarbonate membranes. Transwell plates :1.13-cm2 area; 0.4-um pores. Shaking conditions (150 rpm)",3
Ergotamine,0.0000102,0.0000012,MDCK-MDR1,7.4,P-gp inhibitor elacridar,49.6,10.1124/jpet.107.121525,Summerfield et al. 2007,apical-to-basolateral passive membrane permeability across a cell monolayer the presence of the P-gp inhibitor elacridar,"MDR1-MDCK type II cells were seeded at a density of 60,000 cells/cm2 on rat type I collagen-coated polycarbonate membranes. Transwell plates :1.13-cm2 area; 0.4-um pores. Shaking conditions (150 rpm)",3
Ethosuximide,0.0000097,0.0000003,MDCK-MDR1,7.4,P-gp inhibitor elacridar,0.8,10.1124/jpet.107.121525,Summerfield et al. 2007,apical-to-basolateral passive membrane permeability across a cell monolayer the presence of the P-gp inhibitor elacridar,"MDR1-MDCK type II cells were seeded at a density of 60,000 cells/cm2 on rat type I collagen-coated polycarbonate membranes. Transwell plates :1.13-cm2 area; 0.4-um pores. Shaking conditions (150 rpm)",3
Fluoxetine,0.0000064,0.0000011,MDCK-MDR1,7.4,P-gp inhibitor elacridar,1.2,10.1124/jpet.107.121525,Summerfield et al. 2007,apical-to-basolateral passive membrane permeability across a cell monolayer the presence of the P-gp inhibitor elacridar,"MDR1-MDCK type II cells were seeded at a density of 60,000 cells/cm2 on rat type I collagen-coated polycarbonate membranes. Transwell plates :1.13-cm2 area; 0.4-um pores. Shaking conditions (150 rpm)",3
Fluphenazine,0.0000035,0.0000008,MDCK-MDR1,7.4,P-gp inhibitor elacridar,2.3,10.1124/jpet.107.121525,Summerfield et al. 2007,apical-to-basolateral passive membrane permeability across a cell monolayer the presence of the P-gp inhibitor elacridar,"MDR1-MDCK type II cells were seeded at a density of 60,000 cells/cm2 on rat type I collagen-coated polycarbonate membranes. Transwell plates :1.13-cm2 area; 0.4-um pores. Shaking conditions (150 rpm)",3
Gabapentin,0.0000004,0.0000001,MDCK-MDR1,7.4,P-gp inhibitor elacridar,0.8,10.1124/jpet.107.121525,Summerfield et al. 2007,apical-to-basolateral passive membrane permeability across a cell monolayer the presence of the P-gp inhibitor elacridar,"MDR1-MDCK type II cells were seeded at a density of 60,000 cells/cm2 on rat type I collagen-coated polycarbonate membranes. Transwell plates :1.13-cm2 area; 0.4-um pores. Shaking conditions (150 rpm)",3
Haloperidol,0.0000286,0.0000047,MDCK-MDR1,7.4,P-gp inhibitor elacridar,1.3,10.1124/jpet.107.121525,Summerfield et al. 2007,apical-to-basolateral passive membrane permeability across a cell monolayer the presence of the P-gp inhibitor elacridar,"MDR1-MDCK type II cells were seeded at a density of 60,000 cells/cm2 on rat type I collagen-coated polycarbonate membranes. Transwell plates :1.13-cm2 area; 0.4-um pores. Shaking conditions (150 rpm)",3
Isocarboxazid,0.0000177,0.0000074,MDCK-MDR1,7.4,P-gp inhibitor elacridar,1.2,10.1124/jpet.107.121525,Summerfield et al. 2007,apical-to-basolateral passive membrane permeability across a cell monolayer the presence of the P-gp inhibitor elacridar,"MDR1-MDCK type II cells were seeded at a density of 60,000 cells/cm2 on rat type I collagen-coated polycarbonate membranes. Transwell plates :1.13-cm2 area; 0.4-um pores. Shaking conditions (150 rpm)",3
Lamotrigine,0.0000199,0.0000017,MDCK-MDR1,7.4,P-gp inhibitor elacridar,1.6,10.1124/jpet.107.121525,Summerfield et al. 2007,apical-to-basolateral passive membrane permeability across a cell monolayer the presence of the P-gp inhibitor elacridar,"MDR1-MDCK type II cells were seeded at a density of 60,000 cells/cm2 on rat type I collagen-coated polycarbonate membranes. Transwell plates :1.13-cm2 area; 0.4-um pores. Shaking conditions (150 rpm)",3
Loxapine,0.0000182,0.0000016,MDCK-MDR1,7.4,P-gp inhibitor elacridar,1.2,10.1124/jpet.107.121525,Summerfield et al. 2007,apical-to-basolateral passive membrane permeability across a cell monolayer the presence of the P-gp inhibitor elacridar,"MDR1-MDCK type II cells were seeded at a density of 60,000 cells/cm2 on rat type I collagen-coated polycarbonate membranes. Transwell plates :1.13-cm2 area; 0.4-um pores. Shaking conditions (150 rpm)",3
Maprotiline,0.0000059,0.0000014,MDCK-MDR1,7.4,P-gp inhibitor elacridar,4,10.1124/jpet.107.121525,Summerfield et al. 2007,apical-to-basolateral passive membrane permeability across a cell monolayer the presence of the P-gp inhibitor elacridar,"MDR1-MDCK type II cells were seeded at a density of 60,000 cells/cm2 on rat type I collagen-coated polycarbonate membranes. Transwell plates :1.13-cm2 area; 0.4-um pores. Shaking conditions (150 rpm)",3
Meprobamate,0.0000093,0.0000017,MDCK-MDR1,7.4,P-gp inhibitor elacridar,3.3,10.1124/jpet.107.121525,Summerfield et al. 2007,apical-to-basolateral passive membrane permeability across a cell monolayer the presence of the P-gp inhibitor elacridar,"MDR1-MDCK type II cells were seeded at a density of 60,000 cells/cm2 on rat type I collagen-coated polycarbonate membranes. Transwell plates :1.13-cm2 area; 0.4-um pores. Shaking conditions (150 rpm)",3
Mesoridazine,0.0000149,0.0000043,MDCK-MDR1,7.4,P-gp inhibitor elacridar,87.1,10.1124/jpet.107.121525,Summerfield et al. 2007,apical-to-basolateral passive membrane permeability across a cell monolayer the presence of the P-gp inhibitor elacridar,"MDR1-MDCK type II cells were seeded at a density of 60,000 cells/cm2 on rat type I collagen-coated polycarbonate membranes. Transwell plates :1.13-cm2 area; 0.4-um pores. Shaking conditions (150 rpm)",3
Metoclopramide,0.0000168,0.0000005,MDCK-MDR1,7.4,P-gp inhibitor elacridar,13.2,10.1124/jpet.107.121525,Summerfield et al. 2007,apical-to-basolateral passive membrane permeability across a cell monolayer the presence of the P-gp inhibitor elacridar,"MDR1-MDCK type II cells were seeded at a density of 60,000 cells/cm2 on rat type I collagen-coated polycarbonate membranes. Transwell plates :1.13-cm2 area; 0.4-um pores. Shaking conditions (150 rpm)",3
Midazolam,0.0000368,0.0000064,MDCK-MDR1,7.4,P-gp inhibitor elacridar,2,10.1124/jpet.107.121525,Summerfield et al. 2007,apical-to-basolateral passive membrane permeability across a cell monolayer the presence of the P-gp inhibitor elacridar,"MDR1-MDCK type II cells were seeded at a density of 60,000 cells/cm2 on rat type I collagen-coated polycarbonate membranes. Transwell plates :1.13-cm2 area; 0.4-um pores. Shaking conditions (150 rpm)",3
Mirtazapine,0.0000324,0.0000055,MDCK-MDR1,7.4,P-gp inhibitor elacridar,1.3,10.1124/jpet.107.121525,Summerfield et al. 2007,apical-to-basolateral passive membrane permeability across a cell monolayer the presence of the P-gp inhibitor elacridar,"MDR1-MDCK type II cells were seeded at a density of 60,000 cells/cm2 on rat type I collagen-coated polycarbonate membranes. Transwell plates :1.13-cm2 area; 0.4-um pores. Shaking conditions (150 rpm)",3
Olanzapine,0.0000157,0.0000022,MDCK-MDR1,7.4,P-gp inhibitor elacridar,4.9,10.1124/jpet.107.121525,Summerfield et al. 2007,apical-to-basolateral passive membrane permeability across a cell monolayer the presence of the P-gp inhibitor elacridar,"MDR1-MDCK type II cells were seeded at a density of 60,000 cells/cm2 on rat type I collagen-coated polycarbonate membranes. Transwell plates :1.13-cm2 area; 0.4-um pores. Shaking conditions (150 rpm)",3
Pemoline,0.0000046,0.0000004,MDCK-MDR1,7.4,P-gp inhibitor elacridar,1.2,10.1124/jpet.107.121525,Summerfield et al. 2007,apical-to-basolateral passive membrane permeability across a cell monolayer the presence of the P-gp inhibitor elacridar,"MDR1-MDCK type II cells were seeded at a density of 60,000 cells/cm2 on rat type I collagen-coated polycarbonate membranes. Transwell plates :1.13-cm2 area; 0.4-um pores. Shaking conditions (150 rpm)",3
Pergolide,0.0000251,0.0000024,MDCK-MDR1,7.4,P-gp inhibitor elacridar,1.8,10.1124/jpet.107.121525,Summerfield et al. 2007,apical-to-basolateral passive membrane permeability across a cell monolayer the presence of the P-gp inhibitor elacridar,"MDR1-MDCK type II cells were seeded at a density of 60,000 cells/cm2 on rat type I collagen-coated polycarbonate membranes. Transwell plates :1.13-cm2 area; 0.4-um pores. Shaking conditions (150 rpm)",3
Perphenazine,0.0000018,0.0000005,MDCK-MDR1,7.4,P-gp inhibitor elacridar,4.7,10.1124/jpet.107.121525,Summerfield et al. 2007,apical-to-basolateral passive membrane permeability across a cell monolayer the presence of the P-gp inhibitor elacridar,"MDR1-MDCK type II cells were seeded at a density of 60,000 cells/cm2 on rat type I collagen-coated polycarbonate membranes. Transwell plates :1.13-cm2 area; 0.4-um pores. Shaking conditions (150 rpm)",3
Phenelzine,0.0000547,0.0000033,MDCK-MDR1,7.4,P-gp inhibitor elacridar,1.4,10.1124/jpet.107.121525,Summerfield et al. 2007,apical-to-basolateral passive membrane permeability across a cell monolayer the presence of the P-gp inhibitor elacridar,"MDR1-MDCK type II cells were seeded at a density of 60,000 cells/cm2 on rat type I collagen-coated polycarbonate membranes. Transwell plates :1.13-cm2 area; 0.4-um pores. Shaking conditions (150 rpm)",3
Phenytoin,0.0000272,0.0000031,MDCK-MDR1,7.4,P-gp inhibitor elacridar,2.8,10.1124/jpet.107.121525,Summerfield et al. 2007,apical-to-basolateral passive membrane permeability across a cell monolayer the presence of the P-gp inhibitor elacridar,"MDR1-MDCK type II cells were seeded at a density of 60,000 cells/cm2 on rat type I collagen-coated polycarbonate membranes. Transwell plates :1.13-cm2 area; 0.4-um pores. Shaking conditions (150 rpm)",3
Primidone,0.0000025,0.0000003,MDCK-MDR1,7.4,P-gp inhibitor elacridar,3.6,10.1124/jpet.107.121525,Summerfield et al. 2007,apical-to-basolateral passive membrane permeability across a cell monolayer the presence of the P-gp inhibitor elacridar,"MDR1-MDCK type II cells were seeded at a density of 60,000 cells/cm2 on rat type I collagen-coated polycarbonate membranes. Transwell plates :1.13-cm2 area; 0.4-um pores. Shaking conditions (150 rpm)",3
Quetiapine,0.000033,0.0000014,MDCK-MDR1,7.4,P-gp inhibitor elacridar,1.5,10.1124/jpet.107.121525,Summerfield et al. 2007,apical-to-basolateral passive membrane permeability across a cell monolayer the presence of the P-gp inhibitor elacridar,"MDR1-MDCK type II cells were seeded at a density of 60,000 cells/cm2 on rat type I collagen-coated polycarbonate membranes. Transwell plates :1.13-cm2 area; 0.4-um pores. Shaking conditions (150 rpm)",3
Risperidone,0.00003,0.0000028,MDCK-MDR1,7.4,P-gp inhibitor elacridar,20.8,10.1124/jpet.107.121525,Summerfield et al. 2007,apical-to-basolateral passive membrane permeability across a cell monolayer the presence of the P-gp inhibitor elacridar,"MDR1-MDCK type II cells were seeded at a density of 60,000 cells/cm2 on rat type I collagen-coated polycarbonate membranes. Transwell plates :1.13-cm2 area; 0.4-um pores. Shaking conditions (150 rpm)",3
Rizatriptan,0.000001,0.0000003,MDCK-MDR1,7.4,P-gp inhibitor elacridar,8.4,10.1124/jpet.107.121525,Summerfield et al. 2007,apical-to-basolateral passive membrane permeability across a cell monolayer the presence of the P-gp inhibitor elacridar,"MDR1-MDCK type II cells were seeded at a density of 60,000 cells/cm2 on rat type I collagen-coated polycarbonate membranes. Transwell plates :1.13-cm2 area; 0.4-um pores. Shaking conditions (150 rpm)",3
Selegiline,0.0000486,0.000003,MDCK-MDR1,7.4,P-gp inhibitor elacridar,0.8,10.1124/jpet.107.121525,Summerfield et al. 2007,apical-to-basolateral passive membrane permeability across a cell monolayer the presence of the P-gp inhibitor elacridar,"MDR1-MDCK type II cells were seeded at a density of 60,000 cells/cm2 on rat type I collagen-coated polycarbonate membranes. Transwell plates :1.13-cm2 area; 0.4-um pores. Shaking conditions (150 rpm)",3
Sertraline,0.0000021,0.0000003,MDCK-MDR1,7.4,P-gp inhibitor elacridar,2.6,10.1124/jpet.107.121525,Summerfield et al. 2007,apical-to-basolateral passive membrane permeability across a cell monolayer the presence of the P-gp inhibitor elacridar,"MDR1-MDCK type II cells were seeded at a density of 60,000 cells/cm2 on rat type I collagen-coated polycarbonate membranes. Transwell plates :1.13-cm2 area; 0.4-um pores. Shaking conditions (150 rpm)",3
Sumatriptan,0.0000004,0.0000001,MDCK-MDR1,7.4,P-gp inhibitor elacridar,2.9,10.1124/jpet.107.121525,Summerfield et al. 2007,apical-to-basolateral passive membrane permeability across a cell monolayer the presence of the P-gp inhibitor elacridar,"MDR1-MDCK type II cells were seeded at a density of 60,000 cells/cm2 on rat type I collagen-coated polycarbonate membranes. Transwell plates :1.13-cm2 area; 0.4-um pores. Shaking conditions (150 rpm)",3
Tacrine,0.0000284,0.000003,MDCK-MDR1,7.4,P-gp inhibitor elacridar,1.1,10.1124/jpet.107.121525,Summerfield et al. 2007,apical-to-basolateral passive membrane permeability across a cell monolayer the presence of the P-gp inhibitor elacridar,"MDR1-MDCK type II cells were seeded at a density of 60,000 cells/cm2 on rat type I collagen-coated polycarbonate membranes. Transwell plates :1.13-cm2 area; 0.4-um pores. Shaking conditions (150 rpm)",3
Temazepam,0.0000421,0.0000032,MDCK-MDR1,7.4,P-gp inhibitor elacridar,1.6,10.1124/jpet.107.121525,Summerfield et al. 2007,apical-to-basolateral passive membrane permeability across a cell monolayer the presence of the P-gp inhibitor elacridar,"MDR1-MDCK type II cells were seeded at a density of 60,000 cells/cm2 on rat type I collagen-coated polycarbonate membranes. Transwell plates :1.13-cm2 area; 0.4-um pores. Shaking conditions (150 rpm)",3
Thioridazine,0.0000014,0.0000001,MDCK-MDR1,7.4,P-gp inhibitor elacridar,33.7,10.1124/jpet.107.121525,Summerfield et al. 2007,apical-to-basolateral passive membrane permeability across a cell monolayer the presence of the P-gp inhibitor elacridar,"MDR1-MDCK type II cells were seeded at a density of 60,000 cells/cm2 on rat type I collagen-coated polycarbonate membranes. Transwell plates :1.13-cm2 area; 0.4-um pores. Shaking conditions (150 rpm)",3
Thiothixene,0.0000034,0.0000006,MDCK-MDR1,7.4,P-gp inhibitor elacridar,47.7,10.1124/jpet.107.121525,Summerfield et al. 2007,apical-to-basolateral passive membrane permeability across a cell monolayer the presence of the P-gp inhibitor elacridar,"MDR1-MDCK type II cells were seeded at a density of 60,000 cells/cm2 on rat type I collagen-coated polycarbonate membranes. Transwell plates :1.13-cm2 area; 0.4-um pores. Shaking conditions (150 rpm)",3
Tiagabine,0.0000171,0.0000009,MDCK-MDR1,7.4,P-gp inhibitor elacridar,25.8,10.1124/jpet.107.121525,Summerfield et al. 2007,apical-to-basolateral passive membrane permeability across a cell monolayer the presence of the P-gp inhibitor elacridar,"MDR1-MDCK type II cells were seeded at a density of 60,000 cells/cm2 on rat type I collagen-coated polycarbonate membranes. Transwell plates :1.13-cm2 area; 0.4-um pores. Shaking conditions (150 rpm)",3
Trazodone,0.0000377,0.0000004,MDCK-MDR1,7.4,P-gp inhibitor elacridar,1.1,10.1124/jpet.107.121525,Summerfield et al. 2007,apical-to-basolateral passive membrane permeability across a cell monolayer the presence of the P-gp inhibitor elacridar,"MDR1-MDCK type II cells were seeded at a density of 60,000 cells/cm2 on rat type I collagen-coated polycarbonate membranes. Transwell plates :1.13-cm2 area; 0.4-um pores. Shaking conditions (150 rpm)",3
Trifluoperazine,0.0000007,0.0000001,MDCK-MDR1,7.4,P-gp inhibitor elacridar,7.3,10.1124/jpet.107.121525,Summerfield et al. 2007,apical-to-basolateral passive membrane permeability across a cell monolayer the presence of the P-gp inhibitor elacridar,"MDR1-MDCK type II cells were seeded at a density of 60,000 cells/cm2 on rat type I collagen-coated polycarbonate membranes. Transwell plates :1.13-cm2 area; 0.4-um pores. Shaking conditions (150 rpm)",3
Venlafaxine,0.0000117,0.0000029,MDCK-MDR1,7.4,P-gp inhibitor elacridar,4.7,10.1124/jpet.107.121525,Summerfield et al. 2007,apical-to-basolateral passive membrane permeability across a cell monolayer the presence of the P-gp inhibitor elacridar,"MDR1-MDCK type II cells were seeded at a density of 60,000 cells/cm2 on rat type I collagen-coated polycarbonate membranes. Transwell plates :1.13-cm2 area; 0.4-um pores. Shaking conditions (150 rpm)",3
Zaleplon,0.0000375,0.0000017,MDCK-MDR1,7.4,P-gp inhibitor elacridar,5.6,10.1124/jpet.107.121525,Summerfield et al. 2007,apical-to-basolateral passive membrane permeability across a cell monolayer the presence of the P-gp inhibitor elacridar,"MDR1-MDCK type II cells were seeded at a density of 60,000 cells/cm2 on rat type I collagen-coated polycarbonate membranes. Transwell plates :1.13-cm2 area; 0.4-um pores. Shaking conditions (150 rpm)",3
Ziprasidone,0.0000117,0.0000013,MDCK-MDR1,7.4,P-gp inhibitor elacridar,1.7,10.1124/jpet.107.121525,Summerfield et al. 2007,apical-to-basolateral passive membrane permeability across a cell monolayer the presence of the P-gp inhibitor elacridar,"MDR1-MDCK type II cells were seeded at a density of 60,000 cells/cm2 on rat type I collagen-coated polycarbonate membranes. Transwell plates :1.13-cm2 area; 0.4-um pores. Shaking conditions (150 rpm)",3
Methanol,0.0037,nan,human RBC,7.2,NA,nan,10.1085/jgp.81.2.283,Brahm et al. 1983,tracer efflux experiments by the continuous flow tube method,obtained from the rate constants (km) for transport into red blood cells (Papp = km/2) (Table 2),NA
Ethanol,0.0021,nan,human RBC,7.2,NA,nan,10.1085/jgp.81.2.283,Brahm et al. 1983,tracer efflux experiments by the continuous flow tube method,obtained from the rate constants (km) for transport into red blood cells (Papp = km/2)  (Table 2),NA
n-Propanol,0.0065,nan,human RBC,7.2,NA,nan,10.1085/jgp.81.2.283,Brahm et al. 1983,tracer efflux experiments by the continuous flow tube method,obtained from the rate constants (km) for transport into red blood cells (Papp = km/2)  (Table 2),NA
n-Hexanol,0.0087,nan,human RBC,7.2,NA,nan,10.1085/jgp.81.2.283,Brahm et al. 1983,tracer efflux experiments by the continuous flow tube method,obtained from the rate constants (km) for transport into red blood cells (Papp = km/2)  (Table 2),NA
Sodium butyrate,1.29E-05,nan,bovine BMEC,7.4,NA,nan,10.1023/A:1015913817221,Shah  et al. 1989,transwell measurements using bovine BMECs,"bBMECs were cultured on collagen-coated polycarbonate membranes (13mm diameter, 12 um pore size). Donor and receiver sides were stirrred at 600 rpm",0.1
Acyclovir,0.00001035,nan,bovine BMEC,7.4,NA,nan,10.1023/A:1015913817221,Shah  et al. 1989,transwell measurements using bovine BMECs,"bBMECs were cultured on collagen-coated polycarbonate membranes (13mm diameter, 12 um pore size). Donor and receiver sides were stirrred at 600 rpm",0.1
Glycerol,0.0000095,nan,bovine BMEC,7.4,NA,nan,10.1023/A:1015913817221,Shah  et al. 1989,transwell measurements using bovine BMECs,"bBMECs were cultured on collagen-coated polycarbonate membranes (13mm diameter, 12 um pore size). Donor and receiver sides were stirrred at 600 rpm",0.1
Ganciclovir,8.13E-06,nan,bovine BMEC,7.4,NA,nan,10.1023/A:1015913817221,Shah  et al. 1989,transwell measurements using bovine BMECs,"bBMECs were cultured on collagen-coated polycarbonate membranes (13mm diameter, 12 um pore size). Donor and receiver sides were stirrred at 600 rpm",0.1
Ribavirin,6.83E-06,nan,bovine BMEC,7.4,NA,nan,10.1023/A:1015913817221,Shah  et al. 1989,transwell measurements using bovine BMECs,"bBMECs were cultured on collagen-coated polycarbonate membranes (13mm diameter, 12 um pore size). Donor and receiver sides were stirrred at 600 rpm",0.1
Urea,0.000043,nan,bovine BMEC,7.4,NA,nan,10.1023/A:1015913817221,Shah  et al. 1989,transwell measurements using bovine BMECs,"bBMECs were cultured on collagen-coated polycarbonate membranes (13mm diameter, 12 um pore size). Donor and receiver sides were stirrred at 600 rpm",0.1
Thiourea,2.83E-05,nan,bovine BMEC,7.4,NA,nan,10.1023/A:1015913817221,Shah  et al. 1989,transwell measurements using bovine BMECs,"bBMECs were cultured on collagen-coated polycarbonate membranes (13mm diameter, 12 um pore size). Donor and receiver sides were stirrred at 600 rpm",0.1
Caffeine,6.72E-05,nan,bovine BMEC,7.4,NA,nan,10.1023/A:1015913817221,Shah  et al. 1989,transwell measurements using bovine BMECs,"bBMECs were cultured on collagen-coated polycarbonate membranes (13mm diameter, 12 um pore size). Donor and receiver sides were stirrred at 600 rpm",0.1
Antipyrine,7.27E-05,nan,bovine BMEC,7.4,NA,nan,10.1023/A:1015913817221,Shah  et al. 1989,transwell measurements using bovine BMECs,"bBMECs were cultured on collagen-coated polycarbonate membranes (13mm diameter, 12 um pore size). Donor and receiver sides were stirrred at 600 rpm",0.1
Propranolol,0.0001145,nan,bovine BMEC,7.4,NA,nan,10.1023/A:1015913817221,Shah  et al. 1989,transwell measurements using bovine BMECs,"bBMECs were cultured on collagen-coated polycarbonate membranes (13mm diameter, 12 um pore size). Donor and receiver sides were stirrred at 600 rpm",0.1
Estrone,0.000135333,nan,bovine BMEC,7.4,NA,nan,10.1023/A:1015913817221,Shah  et al. 1989,transwell measurements using bovine BMECs,"bBMECs were cultured on collagen-coated polycarbonate membranes (13mm diameter, 12 um pore size). Donor and receiver sides were stirrred at 600 rpm",0.1
Testosterone,0.000148667,nan,bovine BMEC,7.4,NA,nan,10.1023/A:1015913817221,Shah  et al. 1989,transwell measurements using bovine BMECs,"bBMECs were cultured on collagen-coated polycarbonate membranes (13mm diameter, 12 um pore size). Donor and receiver sides were stirrred at 600 rpm",0.1
Haloperidol,0.000161667,nan,bovine BMEC,7.4,NA,nan,10.1023/A:1015913817221,Shah  et al. 1989,transwell measurements using bovine BMECs,"bBMECs were cultured on collagen-coated polycarbonate membranes (13mm diameter, 12 um pore size). Donor and receiver sides were stirrred at 600 rpm",0.1
Progesterone,0.0001475,nan,bovine BMEC,7.4,NA,nan,10.1023/A:1015913817221,Shah  et al. 1989,transwell measurements using bovine BMECs,"bBMECs were cultured on collagen-coated polycarbonate membranes (13mm diameter, 12 um pore size). Donor and receiver sides were stirrred at 600 rpm",0.1
Acebutolol,0.0000017,0.0000004,MDCK,7.4,NA,nan,10.1021/js9803205,Irvine et al. 1999,transwell-COL membrane measurements,seeded with 664 000 cells per cm2. with 30 rpm. reciprocal shaking.,100
Acetaminophen,0.000035,0.0000016,MDCK,7.4,NA,nan,10.1021/js9803205,Irvine et al. 1999,transwell-COL membrane measurements,seeded with 664 000 cells per cm2. with 30 rpm. reciprocal shaking.,100
Acetylsalicylic Acid,0.0000074,0.000002,MDCK,7.4,NA,nan,10.1021/js9803205,Irvine et al. 1999,transwell-COL membrane measurements,seeded with 664 000 cells per cm2. with 30 rpm. reciprocal shaking.,100
Acrivastine,0.0000022,0.00000078,MDCK,7.4,NA,nan,10.1021/js9803205,Irvine et al. 1999,transwell-COL membrane measurements,seeded with 664 000 cells per cm2. with 30 rpm. reciprocal shaking.,100
Acyclovir,0.00000021,0.00000016,MDCK,7.4,NA,nan,10.1021/js9803205,Irvine et al. 1999,transwell-COL membrane measurements,seeded with 664 000 cells per cm2. with 30 rpm. reciprocal shaking.,100
Alprenolol,0.00016,0.0000084,MDCK,7.4,NA,nan,10.1021/js9803205,Irvine et al. 1999,transwell-COL membrane measurements,seeded with 664 000 cells per cm2. with 30 rpm. reciprocal shaking.,100
Amoxicillin,0.00000024,0.00000009,MDCK,7.4,NA,nan,10.1021/js9803205,Irvine et al. 1999,transwell-COL membrane measurements. dipeptide transport substrates.,seeded with 664 000 cells per cm2. with 30 rpm. reciprocal shaking.,100
Antipyrine,0.00015,0.00001,MDCK,7.4,NA,nan,10.1021/js9803205,Irvine et al. 1999,transwell-COL membrane measurements,seeded with 664 000 cells per cm2. with 30 rpm. reciprocal shaking.,100
Atenolol,0.0000018,0.00000092,MDCK,7.4,NA,nan,10.1021/js9803205,Irvine et al. 1999,transwell-COL membrane measurements,seeded with 664 000 cells per cm2. with 30 rpm. reciprocal shaking.,100
Zidovudine,0.000006,0.0000012,MDCK,7.4,NA,nan,10.1021/js9803205,Irvine et al. 1999,transwell-COL membrane measurements,seeded with 664 000 cells per cm2. with 30 rpm. reciprocal shaking.,100
Bretylium Tosylate,0.0000014,0.00000044,MDCK,7.4,NA,nan,10.1021/js9803205,Irvine et al. 1999,transwell-COL membrane measurements,seeded with 664 000 cells per cm2. with 30 rpm. reciprocal shaking.,100
Bupropion,0.00013,0.0000074,MDCK,7.4,NA,nan,10.1021/js9803205,Irvine et al. 1999,transwell-COL membrane measurements,seeded with 664 000 cells per cm2. with 30 rpm. reciprocal shaking.,100
Cefatrizine,0.0000025,0.0000013,MDCK,7.4,NA,nan,10.1021/js9803205,Irvine et al. 1999,transwell-COL membrane measurements. dipeptide transport substrates.,seeded with 664 000 cells per cm2. with 30 rpm. reciprocal shaking.,100
Cefuroxime,0.00000016,0.00000016,MDCK,7.4,NA,nan,10.1021/js9803205,Irvine et al. 1999,transwell-COL membrane measurements,seeded with 664 000 cells per cm2. with 30 rpm. reciprocal shaking.,100
Cephalexin,0.00000048,0.00000024,MDCK,7.4,NA,nan,10.1021/js9803205,Irvine et al. 1999,transwell-COL membrane measurements. dipeptide transport substrates.,seeded with 664 000 cells per cm2. with 30 rpm. reciprocal shaking.,100
Chlorothiazide,0.0000003,0.00000008,MDCK,7.4,NA,nan,10.1021/js9803205,Irvine et al. 1999,transwell-COL membrane measurements,seeded with 664 000 cells per cm2. with 30 rpm. reciprocal shaking.,100
Corticosterone,0.00014,0.0000032,MDCK,7.4,NA,nan,10.1021/js9803205,Irvine et al. 1999,transwell-COL membrane measurements,seeded with 664 000 cells per cm2. with 30 rpm. reciprocal shaking.,100
Dexamethasone,0.00002,0.0000017,MDCK,7.4,NA,nan,10.1021/js9803205,Irvine et al. 1999,transwell-COL membrane measurements. P-gp efflux substrates,seeded with 664 000 cells per cm2. with 30 rpm. reciprocal shaking.,100
Fluparoxan,0.00025,0.000018,MDCK,7.4,NA,nan,10.1021/js9803205,Irvine et al. 1999,transwell-COL membrane measurements,seeded with 664 000 cells per cm2. with 30 rpm. reciprocal shaking.,100
Furosemide,0.00000062,0.00000043,MDCK,7.4,NA,nan,10.1021/js9803205,Irvine et al. 1999,transwell-COL membrane measurements,seeded with 664 000 cells per cm2. with 30 rpm. reciprocal shaking.,100
Gabapentin,0.00000036,0.00000019,MDCK,7.4,NA,nan,10.1021/js9803205,Irvine et al. 1999,transwell-COL membrane measurements. dipeptide transport substrates.,seeded with 664 000 cells per cm2. with 30 rpm. reciprocal shaking.,100
Guanabenz,0.00019,0.000028,MDCK,7.4,NA,nan,10.1021/js9803205,Irvine et al. 1999,transwell-COL membrane measurements,seeded with 664 000 cells per cm2. with 30 rpm. reciprocal shaking.,100
Hydrochlorothiazide,0.000001,0.00000028,MDCK,7.4,NA,nan,10.1021/js9803205,Irvine et al. 1999,transwell-COL membrane measurements,seeded with 664 000 cells per cm2. with 30 rpm. reciprocal shaking.,100
Hydrocortisone,0.000031,0.0000014,MDCK,7.4,NA,nan,10.1021/js9803205,Irvine et al. 1999,transwell-COL membrane measurements,seeded with 664 000 cells per cm2. with 30 rpm. reciprocal shaking.,100
Ketoprofen,0.00002,0.000002,MDCK,7.4,NA,nan,10.1021/js9803205,Irvine et al. 1999,transwell-COL membrane measurements,seeded with 664 000 cells per cm2. with 30 rpm. reciprocal shaking.,100
Labetalol,0.000025,0.0000023,MDCK,7.4,NA,nan,10.1021/js9803205,Irvine et al. 1999,transwell-COL membrane measurements,seeded with 664 000 cells per cm2. with 30 rpm. reciprocal shaking.,100
Lamotrigine,0.000088,0.0000056,MDCK,7.4,NA,nan,10.1021/js9803205,Irvine et al. 1999,transwell-COL membrane measurements,seeded with 664 000 cells per cm2. with 30 rpm. reciprocal shaking.,100
Lisinopril,0.00000018,0.00000037,MDCK,7.4,NA,nan,10.1021/js9803205,Irvine et al. 1999,transwell-COL membrane measurements. dipeptide transport substrates.,seeded with 664 000 cells per cm2. with 30 rpm. reciprocal shaking.,100
Loracarbef,0.00000091,0.00000009,MDCK,7.4,NA,nan,10.1021/js9803205,Irvine et al. 1999,transwell-COL membrane measurements. dipeptide transport substrates.,seeded with 664 000 cells per cm2. with 30 rpm. reciprocal shaking.,100
Methylprednisolone,0.000016,0.000009,MDCK,7.4,NA,nan,10.1021/js9803205,Irvine et al. 1999,transwell-COL membrane measurements,seeded with 664 000 cells per cm2. with 30 rpm. reciprocal shaking.,100
Metoprolol,0.00015,0.0000097,MDCK,7.4,NA,nan,10.1021/js9803205,Irvine et al. 1999,transwell-COL membrane measurements,seeded with 664 000 cells per cm2. with 30 rpm. reciprocal shaking.,100
Nadolol,0.0000014,0.00000043,MDCK,7.4,NA,nan,10.1021/js9803205,Irvine et al. 1999,transwell-COL membrane measurements. The expt. Value is for Metoprolol Tartrate but they exist as tartrate salt and metoprolol in PubChem,seeded with 664 000 cells per cm2. with 30 rpm. reciprocal shaking.,100
Netivudine,0.0000014,0.00000057,MDCK,7.4,NA,nan,10.1021/js9803205,Irvine et al. 1999,transwell-COL membrane measurements,seeded with 664 000 cells per cm2. with 30 rpm. reciprocal shaking.,100
Olsalazine,0.000000048,0.000000024,MDCK,7.4,NA,nan,10.1021/js9803205,Irvine et al. 1999,transwell-COL membrane measurements,seeded with 664 000 cells per cm2. with 30 rpm. reciprocal shaking.,100
Ondansetron,0.00011,0.000002,MDCK,7.4,NA,nan,10.1021/js9803205,Irvine et al. 1999,transwell-COL membrane measurements,seeded with 664 000 cells per cm2. with 30 rpm. reciprocal shaking.,100
Oxyprenolol,0.00013,0.0000049,MDCK,7.4,NA,nan,10.1021/js9803205,Irvine et al. 1999,transwell-COL membrane measurements,seeded with 664 000 cells per cm2. with 30 rpm. reciprocal shaking.,100
Penicillin V,0.00000015,0.000000013,MDCK,7.4,NA,nan,10.1021/js9803205,Irvine et al. 1999,transwell-COL membrane measurements,seeded with 664 000 cells per cm2. with 30 rpm. reciprocal shaking.,100
Phenytoin,0.00012,0.0000054,MDCK,7.4,NA,nan,10.1021/js9803205,Irvine et al. 1999,transwell-COL membrane measurements,seeded with 664 000 cells per cm2. with 30 rpm. reciprocal shaking.,100
Pindolol,0.000059,0.0000026,MDCK,7.4,NA,nan,10.1021/js9803205,Irvine et al. 1999,transwell-COL membrane measurements,seeded with 664 000 cells per cm2. with 30 rpm. reciprocal shaking.,100
Practolol,0.0000013,0.00000026,MDCK,7.4,NA,nan,10.1021/js9803205,Irvine et al. 1999,transwell-COL membrane measurements,seeded with 664 000 cells per cm2. with 30 rpm. reciprocal shaking.,100
Progesterone,0.00016,0.000008,MDCK,7.4,NA,nan,10.1021/js9803205,Irvine et al. 1999,transwell-COL membrane measurements,seeded with 664 000 cells per cm2. with 30 rpm. reciprocal shaking.,100
Propranolol,0.00017,0.0000065,MDCK,7.4,NA,nan,10.1021/js9803205,Irvine et al. 1999,transwell-COL membrane measurements,seeded with 664 000 cells per cm2. with 30 rpm. reciprocal shaking.,100
Propylthiouracil,0.000041,0.000013,MDCK,7.4,NA,nan,10.1021/js9803205,Irvine et al. 1999,transwell-COL membrane measurements,seeded with 664 000 cells per cm2. with 30 rpm. reciprocal shaking.,100
Salicylic Acid,0.00001,0.0000037,MDCK,7.4,NA,nan,10.1021/js9803205,Irvine et al. 1999,transwell-COL membrane measurements,seeded with 664 000 cells per cm2. with 30 rpm. reciprocal shaking.,100
Sotalol,0.0000047,0.0000008,MDCK,7.4,NA,nan,10.1021/js9803205,Irvine et al. 1999,transwell-COL membrane measurements,seeded with 664 000 cells per cm2. with 30 rpm. reciprocal shaking.,100
Sulfasalazine,0.00000048,0.00000041,MDCK,7.4,NA,nan,10.1021/js9803205,Irvine et al. 1999,transwell-COL membrane measurements. P-gp efflux substrates,seeded with 664 000 cells per cm2. with 30 rpm. reciprocal shaking.,100
Sumatriptan,0.0000019,0.00000031,MDCK,7.4,NA,nan,10.1021/js9803205,Irvine et al. 1999,transwell-COL membrane measurements. The expt. Value is for Sumatriptan Succinate but they exist as Sumatriptan and Succinate salt in PubChem,seeded with 664 000 cells per cm2. with 30 rpm. reciprocal shaking.,100
Terbutaline,0.000001,0.00000027,MDCK,7.4,NA,nan,10.1021/js9803205,Irvine et al. 1999,transwell-COL membrane measurements,seeded with 664 000 cells per cm2. with 30 rpm. reciprocal shaking.,100
Testosterone,0.00014,0.000011,MDCK,7.4,NA,nan,10.1021/js9803205,Irvine et al. 1999,transwell-COL membrane measurements,seeded with 664 000 cells per cm2. with 30 rpm. reciprocal shaking.,100
Timolol,0.000055,0.0000034,MDCK,7.4,NA,nan,10.1021/js9803205,Irvine et al. 1999,transwell-COL membrane measurements. The expt. Value is for Timolol Maleate but they exist as maleic acid and Timolol in PubChem,seeded with 664 000 cells per cm2. with 30 rpm. reciprocal shaking.,100
Trimethoprim,0.000052,0.0000089,MDCK,7.4,NA,nan,10.1021/js9803205,Irvine et al. 1999,transwell-COL membrane measurements,seeded with 664 000 cells per cm2. with 30 rpm. reciprocal shaking.,100
Warfarin,0.000044,0.0000039,MDCK,7.4,NA,nan,10.1021/js9803205,Irvine et al. 1999,transwell-COL membrane measurements,seeded with 664 000 cells per cm2. with 30 rpm. reciprocal shaking.,100
Lucifer Yellow,0.00000063,0.00000061,MDCK,7.4,NA,nan,10.1021/js9803205,Irvine et al. 1999,transwell-COL membrane measurements,seeded with 664 000 cells per cm2. with 30 rpm. reciprocal shaking.,100
Acebutolol,0.0000038,0.00000026,Caco-2,7.4,NA,nan,10.1021/js9803205,Irvine et al. 1999,transwell-COL membrane measurements,seeded with 664 000 cells per cm2. with 30 rpm. reciprocal shaking.,100
Acetaminophen,0.0001,0.0000057,Caco-2,7.4,NA,nan,10.1021/js9803205,Irvine et al. 1999,transwell-COL membrane measurements,seeded with 664 000 cells per cm2. with 30 rpm. reciprocal shaking.,100
Acetylsalicylic Acid,0.0000022,0.0000002,Caco-2,7.4,NA,nan,10.1021/js9803205,Irvine et al. 1999,transwell-COL membrane measurements,seeded with 664 000 cells per cm2. with 30 rpm. reciprocal shaking.,100
Acrivastine,0.0000019,0.00000099,Caco-2,7.4,NA,nan,10.1021/js9803205,Irvine et al. 1999,transwell-COL membrane measurements,seeded with 664 000 cells per cm2. with 30 rpm. reciprocal shaking.,100
Alprenolol,0.00017,0.0000098,Caco-2,7.4,NA,nan,10.1021/js9803205,Irvine et al. 1999,transwell-COL membrane measurements,seeded with 664 000 cells per cm2. with 30 rpm. reciprocal shaking.,100
Amoxicillin,0.000000021,0.00000001,Caco-2,7.4,NA,nan,10.1021/js9803205,Irvine et al. 1999,transwell-COL membrane measurements. dipeptide transport substrates.,seeded with 664 000 cells per cm2. with 30 rpm. reciprocal shaking.,100
Antipyrine,0.00015,0.000012,Caco-2,7.4,NA,nan,10.1021/js9803205,Irvine et al. 1999,transwell-COL membrane measurements,seeded with 664 000 cells per cm2. with 30 rpm. reciprocal shaking.,100
Atenolol,0.0000033,0.00000044,Caco-2,7.4,NA,nan,10.1021/js9803205,Irvine et al. 1999,transwell-COL membrane measurements,seeded with 664 000 cells per cm2. with 30 rpm. reciprocal shaking.,100
Zidovudine,0.000028,0.0000069,Caco-2,7.4,NA,nan,10.1021/js9803205,Irvine et al. 1999,transwell-COL membrane measurements,seeded with 664 000 cells per cm2. with 30 rpm. reciprocal shaking.,100
Bretylium Tosylate,0.0000011,0.00000014,Caco-2,7.4,NA,nan,10.1021/js9803205,Irvine et al. 1999,transwell-COL membrane measurements,seeded with 664 000 cells per cm2. with 30 rpm. reciprocal shaking.,100
Bupropion,0.00015,0.000022,Caco-2,7.4,NA,nan,10.1021/js9803205,Irvine et al. 1999,transwell-COL membrane measurements,seeded with 664 000 cells per cm2. with 30 rpm. reciprocal shaking.,100
Cefatrizine,0.00000076,0.00000013,Caco-2,7.4,NA,nan,10.1021/js9803205,Irvine et al. 1999,transwell-COL membrane measurements. dipeptide transport substrates.,seeded with 664 000 cells per cm2. with 30 rpm. reciprocal shaking.,100
Cefuroxime,0.00000038,0.00000032,Caco-2,7.4,NA,nan,10.1021/js9803205,Irvine et al. 1999,transwell-COL membrane measurements,seeded with 664 000 cells per cm2. with 30 rpm. reciprocal shaking.,100
Cephalexin,0.00000027,0.00000008,Caco-2,7.4,NA,nan,10.1021/js9803205,Irvine et al. 1999,transwell-COL membrane measurements. dipeptide transport substrates.,seeded with 664 000 cells per cm2. with 30 rpm. reciprocal shaking.,100
Chlorothiazide,0.00000032,0.00000012,Caco-2,7.4,NA,nan,10.1021/js9803205,Irvine et al. 1999,transwell-COL membrane measurements,seeded with 664 000 cells per cm2. with 30 rpm. reciprocal shaking.,100
Corticosterone,0.00012,0.00002,Caco-2,7.4,NA,nan,10.1021/js9803205,Irvine et al. 1999,transwell-COL membrane measurements,seeded with 664 000 cells per cm2. with 30 rpm. reciprocal shaking.,100
Dexamethasone,0.00004,0.0000038,Caco-2,7.4,NA,nan,10.1021/js9803205,Irvine et al. 1999,transwell-COL membrane measurements. P-gp efflux substrates,seeded with 664 000 cells per cm2. with 30 rpm. reciprocal shaking.,100
Fluparoxan,0.0002,0.000019,Caco-2,7.4,NA,nan,10.1021/js9803205,Irvine et al. 1999,transwell-COL membrane measurements,seeded with 664 000 cells per cm2. with 30 rpm. reciprocal shaking.,100
Furosemide,0.00000014,0.00000001,Caco-2,7.4,NA,nan,10.1021/js9803205,Irvine et al. 1999,transwell-COL membrane measurements,seeded with 664 000 cells per cm2. with 30 rpm. reciprocal shaking.,100
Gabapentin,0.00000001,0.000000004,Caco-2,7.4,NA,nan,10.1021/js9803205,Irvine et al. 1999,transwell-COL membrane measurements. dipeptide transport substrates.,seeded with 664 000 cells per cm2. with 30 rpm. reciprocal shaking.,100
Guanabenz,0.0001,0.0000078,Caco-2,7.4,NA,nan,10.1021/js9803205,Irvine et al. 1999,transwell-COL membrane measurements,seeded with 664 000 cells per cm2. with 30 rpm. reciprocal shaking.,100
Hydrochlorothiazide,0.00000092,0.0000004,Caco-2,7.4,NA,nan,10.1021/js9803205,Irvine et al. 1999,transwell-COL membrane measurements,seeded with 664 000 cells per cm2. with 30 rpm. reciprocal shaking.,100
Hydrocortisone,0.000056,0.0000063,Caco-2,7.4,NA,nan,10.1021/js9803205,Irvine et al. 1999,transwell-COL membrane measurements,seeded with 664 000 cells per cm2. with 30 rpm. reciprocal shaking.,100
Ketoprofen,0.000093,0.00001,Caco-2,7.4,NA,nan,10.1021/js9803205,Irvine et al. 1999,transwell-COL membrane measurements,seeded with 664 000 cells per cm2. with 30 rpm. reciprocal shaking.,100
Labetalol,0.000076,0.000024,Caco-2,7.4,NA,nan,10.1021/js9803205,Irvine et al. 1999,transwell-COL membrane measurements,seeded with 664 000 cells per cm2. with 30 rpm. reciprocal shaking.,100
Lamotrigine,0.00011,0.000035,Caco-2,7.4,NA,nan,10.1021/js9803205,Irvine et al. 1999,transwell-COL membrane measurements,seeded with 664 000 cells per cm2. with 30 rpm. reciprocal shaking.,100
Lisinopril,0.00000022,0.00000041,Caco-2,7.4,NA,nan,10.1021/js9803205,Irvine et al. 1999,transwell-COL membrane measurements. dipeptide transport substrates.,seeded with 664 000 cells per cm2. with 30 rpm. reciprocal shaking.,100
Loracarbef,0.00000024,0.00000008,Caco-2,7.4,NA,nan,10.1021/js9803205,Irvine et al. 1999,transwell-COL membrane measurements. dipeptide transport substrates.,seeded with 664 000 cells per cm2. with 30 rpm. reciprocal shaking.,100
Mannitol,0.00000057,0.00000019,Caco-2,7.4,NA,nan,10.1021/js9803205,Irvine et al. 1999,transwell-COL membrane measurements,seeded with 664 000 cells per cm2. with 30 rpm. reciprocal shaking.,100
Methylprednisolone,0.000025,0.0000052,Caco-2,7.4,NA,nan,10.1021/js9803205,Irvine et al. 1999,transwell-COL membrane measurements,seeded with 664 000 cells per cm2. with 30 rpm. reciprocal shaking.,100
Metoprolol,0.00014,0.00001,Caco-2,7.4,NA,nan,10.1021/js9803205,Irvine et al. 1999,transwell-COL membrane measurements. The expt. Value is for Metoprolol Tartrate but they exist as tartrate salt and metoprolol in PubChem,seeded with 664 000 cells per cm2. with 30 rpm. reciprocal shaking.,100
Nadolol,0.00000039,0.00000034,Caco-2,7.4,NA,nan,10.1021/js9803205,Irvine et al. 1999,transwell-COL membrane measurements,seeded with 664 000 cells per cm2. with 30 rpm. reciprocal shaking.,100
Netivudine,0.00000068,0.00000011,Caco-2,7.4,NA,nan,10.1021/js9803205,Irvine et al. 1999,transwell-COL membrane measurements,seeded with 664 000 cells per cm2. with 30 rpm. reciprocal shaking.,100
Olsalazine,0.000000016,0.000000006,Caco-2,7.4,NA,nan,10.1021/js9803205,Irvine et al. 1999,transwell-COL membrane measurements,seeded with 664 000 cells per cm2. with 30 rpm. reciprocal shaking.,100
Ondansetron,0.00011,0.000014,Caco-2,7.4,NA,nan,10.1021/js9803205,Irvine et al. 1999,transwell-COL membrane measurements,seeded with 664 000 cells per cm2. with 30 rpm. reciprocal shaking.,100
Oxyprenolol,0.00016,0.000025,Caco-2,7.4,NA,nan,10.1021/js9803205,Irvine et al. 1999,transwell-COL membrane measurements,seeded with 664 000 cells per cm2. with 30 rpm. reciprocal shaking.,100
Penicillin V,0.00000017,0.000000034,Caco-2,7.4,NA,nan,10.1021/js9803205,Irvine et al. 1999,transwell-COL membrane measurements,seeded with 664 000 cells per cm2. with 30 rpm. reciprocal shaking.,100
Phenytoin,0.00016,0.000018,Caco-2,7.4,NA,nan,10.1021/js9803205,Irvine et al. 1999,transwell-COL membrane measurements,seeded with 664 000 cells per cm2. with 30 rpm. reciprocal shaking.,100
Pindolol,0.000096,0.0000079,Caco-2,7.4,NA,nan,10.1021/js9803205,Irvine et al. 1999,transwell-COL membrane measurements,seeded with 664 000 cells per cm2. with 30 rpm. reciprocal shaking.,100
Practolol,0.0000061,0.0000017,Caco-2,7.4,NA,nan,10.1021/js9803205,Irvine et al. 1999,transwell-COL membrane measurements,seeded with 664 000 cells per cm2. with 30 rpm. reciprocal shaking.,100
Progesterone,0.000098,0.000006,Caco-2,7.4,NA,nan,10.1021/js9803205,Irvine et al. 1999,transwell-COL membrane measurements,seeded with 664 000 cells per cm2. with 30 rpm. reciprocal shaking.,100
Propranolol,0.00011,0.000013,Caco-2,7.4,NA,nan,10.1021/js9803205,Irvine et al. 1999,transwell-COL membrane measurements,seeded with 664 000 cells per cm2. with 30 rpm. reciprocal shaking.,100
Propylthiouracil,0.000096,0.0000087,Caco-2,7.4,NA,nan,10.1021/js9803205,Irvine et al. 1999,transwell-COL membrane measurements,seeded with 664 000 cells per cm2. with 30 rpm. reciprocal shaking.,100
Salicylic Acid,0.000013,0.0000011,Caco-2,7.4,NA,nan,10.1021/js9803205,Irvine et al. 1999,transwell-COL membrane measurements,seeded with 664 000 cells per cm2. with 30 rpm. reciprocal shaking.,100
Sotalol,0.0000042,0.0000013,Caco-2,7.4,NA,nan,10.1021/js9803205,Irvine et al. 1999,transwell-COL membrane measurements,seeded with 664 000 cells per cm2. with 30 rpm. reciprocal shaking.,100
Sulfasalazine,0.0000006,0.0000011,Caco-2,7.4,NA,nan,10.1021/js9803205,Irvine et al. 1999,transwell-COL membrane measurements. P-gp efflux substrates,seeded with 664 000 cells per cm2. with 30 rpm. reciprocal shaking.,100
Terbutaline,0.00000041,0.00000016,Caco-2,7.4,NA,nan,10.1021/js9803205,Irvine et al. 1999,transwell-COL membrane measurements,seeded with 664 000 cells per cm2. with 30 rpm. reciprocal shaking.,100
Testosterone,0.0001,0.0000071,Caco-2,7.4,NA,nan,10.1021/js9803205,Irvine et al. 1999,transwell-COL membrane measurements,seeded with 664 000 cells per cm2. with 30 rpm. reciprocal shaking.,100
Timolol,0.0001,0.000008,Caco-2,7.4,NA,nan,10.1021/js9803205,Irvine et al. 1999,transwell-COL membrane measurements. The expt. Value is for Timolol Maleate but they exist as maleic acid and Timolol in PubChem,seeded with 664 000 cells per cm2. with 30 rpm. reciprocal shaking.,100
Trimethoprim,0.000087,0.000013,Caco-2,7.4,NA,nan,10.1021/js9803205,Irvine et al. 1999,transwell-COL membrane measurements,seeded with 664 000 cells per cm2. with 30 rpm. reciprocal shaking.,100
Warfarin,0.000096,0.000021,Caco-2,7.4,NA,nan,10.1021/js9803205,Irvine et al. 1999,transwell-COL membrane measurements,seeded with 664 000 cells per cm2. with 30 rpm. reciprocal shaking.,100
Lucifer Yellow,0.00000031,0.00000028,Caco-2,7.4,NA,nan,10.1021/js9803205,Irvine et al. 1999,transwell-COL membrane measurements,seeded with 664 000 cells per cm2. with 30 rpm. reciprocal shaking.,100
Carbon dioxide,0.35,0.04,Black Lipid Membranes,nan,NA,nan,10.1085/jgp.69.6.779,Gutknecht et al. 1977,"Permeability Coefficient was calculated by linear regression over a pH range 7.1-9.5 (Figure 4, Equation 10)","Used a 1:1 molar ratio of egg lecithin and cholesterol in decane. Although the 1:1 molar ratio produces a ""highly ordered"" membrane (Erdei et al., 1975), the presence of unknown amounts of decane may increase membrane fluidity. This value seems to be reported erranously in Wang et al 2019 as 0.16",11
Caffeine,0.000021,0.000012,human BMEC,NR,NA,nan,10.1038/s41598-019-42272-0,Wang et al. 2019,transwell assay with human induced pluripotent stem cell (iPSC)-derived hBMECs  (Table 2),"hBMECs were sub-cultured onto polyester 12-well transwell inserts with a 0.4 µm pore size (Corning) coated with 1:1 collagen IV (100µg mL−1, Sigma) and fibronectin (50 µg mL−1, Sigma) at a density of 1×10^6 cells mL−1",*100uL
Tacrine,0.00000939,0.00000054,human BMEC,NR,NA,nan,10.1371/journal.pone.0152105,Moriah et al. 2016,transwell assay with human induced pluripotent stem cell (iPSC)-derived hBMECs,"24 well (6.5 mm) Corning transwell polyester membranes with 0.4 μm pores, or glass rods, coated with a 50/50 mixture of 100 μg mL-1 collagen IV (Sigma) and 50 μg mL-1 fibronectin (Sigma). sub-cultured at a density of 1 x 10^6 cells mL-1",3
Rhodamine 123,0.00000732,0.00000265,human BMEC,NR,NA,nan,10.1371/journal.pone.0152105,Moriah et al. 2016,transwell assay with human induced pluripotent stem cell (iPSC)-derived hBMECs,"24 well (6.5 mm) Corning transwell polyester membranes with 0.4 μm pores, or glass rods, coated with a 50/50 mixture of 100 μg mL-1 collagen IV (Sigma) and 50 μg mL-1 fibronectin (Sigma). sub-cultured at a density of 1 x 10^6 cells mL-1",10
Lucifer Yellow,0.00000158,0.00000037,human BMEC,NR,NA,nan,10.1371/journal.pone.0152105,Moriah et al. 2016,transwell assay with human induced pluripotent stem cell (iPSC)-derived hBMECs,"24 well (6.5 mm) Corning transwell polyester membranes with 0.4 μm pores, or glass rods, coated with a 50/50 mixture of 100 μg mL-1 collagen IV (Sigma) and 50 μg mL-1 fibronectin (Sigma). sub-cultured at a density of 1 x 10^6 cells mL-1",100
Amitriptyline,0.00000357,0.00000014,MDCK-MDR1,7.4,NA,2.8,10.1016/j.ijpharm.2004.10.007,Q.Wang et al. 2005,CNS Positive,"cells with passage numbers 24–33 were seeded at a density of 60,000 cells/cm 2 on rat-tail type I collagen-coated polycarbonate membranes in 12-well transwell plates",5
Antipyrine,0.00001935,0.00000343,MDCK-MDR1,7.4,NA,0.9,10.1016/j.ijpharm.2004.10.007,Q.Wang et al. 2005,CNS Positive,"cells with passage numbers 24–33 were seeded at a density of 60,000 cells/cm 2 on rat-tail type I collagen-coated polycarbonate membranes in 12-well transwell plates",5
Caffeine,0.00002019,0.00000299,MDCK-MDR1,7.4,NA,1.1,10.1016/j.ijpharm.2004.10.007,Q.Wang et al. 2005,CNS Positive,"cells with passage numbers 24–33 were seeded at a density of 60,000 cells/cm 2 on rat-tail type I collagen-coated polycarbonate membranes in 12-well transwell plates",5
Carbamazepine,0.00001962,0.00000186,MDCK-MDR1,7.4,NA,1.4,10.1016/j.ijpharm.2004.10.007,Q.Wang et al. 2005,CNS Positive,"cells with passage numbers 24–33 were seeded at a density of 60,000 cells/cm 2 on rat-tail type I collagen-coated polycarbonate membranes in 12-well transwell plates",5
Chlorpromazine,0.00000618,0.00000071,MDCK-MDR1,7.4,NA,2.6,10.1016/j.ijpharm.2004.10.007,Q.Wang et al. 2005,CNS Positive,"cells with passage numbers 24–33 were seeded at a density of 60,000 cells/cm 2 on rat-tail type I collagen-coated polycarbonate membranes in 12-well transwell plates",5
Clonidine,0.00001587,0.00000139,MDCK-MDR1,7.4,NA,0.9,10.1016/j.ijpharm.2004.10.007,Q.Wang et al. 2005,CNS Positive,"cells with passage numbers 24–33 were seeded at a density of 60,000 cells/cm 2 on rat-tail type I collagen-coated polycarbonate membranes in 12-well transwell plates",5
Desipramine,0.00000556,0.00000101,MDCK-MDR1,7.4,NA,6.7,10.1016/j.ijpharm.2004.10.007,Q.Wang et al. 2005,CNS Positive. P-gp substrate,"cells with passage numbers 24–33 were seeded at a density of 60,000 cells/cm 2 on rat-tail type I collagen-coated polycarbonate membranes in 12-well transwell plates",5
Doxylamine,0.00000339,0.00000014,MDCK-MDR1,7.4,NA,11,10.1016/j.ijpharm.2004.10.007,Q.Wang et al. 2005,CNS Positive. Not sure if this is a P-gp substrate,"cells with passage numbers 24–33 were seeded at a density of 60,000 cells/cm 2 on rat-tail type I collagen-coated polycarbonate membranes in 12-well transwell plates",5
Fluoxetine,0.00000808,0.00000081,MDCK-MDR1,7.4,NA,2.7,10.1016/j.ijpharm.2004.10.007,Q.Wang et al. 2005,CNS Positive,"cells with passage numbers 24–33 were seeded at a density of 60,000 cells/cm 2 on rat-tail type I collagen-coated polycarbonate membranes in 12-well transwell plates",5
Guanfacine,0.00000504,0.00000036,MDCK-MDR1,7.4,NA,3.1,10.1016/j.ijpharm.2004.10.007,Q.Wang et al. 2005,CNS Positive,"cells with passage numbers 24–33 were seeded at a density of 60,000 cells/cm 2 on rat-tail type I collagen-coated polycarbonate membranes in 12-well transwell plates",50
Indomethacin,0.00001367,0.00000152,MDCK-MDR1,7.4,NA,3.9,10.1016/j.ijpharm.2004.10.007,Q.Wang et al. 2005,CNS Positive,"cells with passage numbers 24–33 were seeded at a density of 60,000 cells/cm 2 on rat-tail type I collagen-coated polycarbonate membranes in 12-well transwell plates",5
Atenolol,0.00000013,0.00000003,MDCK-MDR1,7.4,NA,1.9,10.1016/j.ijpharm.2004.10.007,Q.Wang et al. 2005,CNS Negative. ,"cells with passage numbers 24–33 were seeded at a density of 60,000 cells/cm 2 on rat-tail type I collagen-coated polycarbonate membranes in 12-well transwell plates",50
Bretylium tosylate,0.00000022,0.00000006,MDCK-MDR1,7.4,NA,5.1,10.1016/j.ijpharm.2004.10.007,Q.Wang et al. 2005,CNS Negative. ,"cells with passage numbers 24–33 were seeded at a density of 60,000 cells/cm 2 on rat-tail type I collagen-coated polycarbonate membranes in 12-well transwell plates",50
Cefuroxime,0.0000001,0.00000002,MDCK-MDR1,7.4,NA,1.2,10.1016/j.ijpharm.2004.10.007,Q.Wang et al. 2005,CNS Negative. ,"cells with passage numbers 24–33 were seeded at a density of 60,000 cells/cm 2 on rat-tail type I collagen-coated polycarbonate membranes in 12-well transwell plates",50
Chlorothiazide,0.00000025,0.00000006,MDCK-MDR1,7.4,NA,0.9,10.1016/j.ijpharm.2004.10.007,Q.Wang et al. 2005,CNS Negative. ,"cells with passage numbers 24–33 were seeded at a density of 60,000 cells/cm 2 on rat-tail type I collagen-coated polycarbonate membranes in 12-well transwell plates",50
Furosemide,0.000000028,0.000000014,MDCK-MDR1,7.4,NA,1.2,10.1016/j.ijpharm.2004.10.007,Q.Wang et al. 2005,CNS Negative. ,"cells with passage numbers 24–33 were seeded at a density of 60,000 cells/cm 2 on rat-tail type I collagen-coated polycarbonate membranes in 12-well transwell plates",50
Lincomycin,0.0000001,0.00000004,MDCK-MDR1,7.4,NA,3.2,10.1016/j.ijpharm.2004.10.007,Q.Wang et al. 2005,CNS Negative. ,"cells with passage numbers 24–33 were seeded at a density of 60,000 cells/cm 2 on rat-tail type I collagen-coated polycarbonate membranes in 12-well transwell plates",50
Methotrexate,0.00000011,0.00000002,MDCK-MDR1,7.4,NA,1.8,10.1016/j.ijpharm.2004.10.007,Q.Wang et al. 2005,CNS Negative. ,"cells with passage numbers 24–33 were seeded at a density of 60,000 cells/cm 2 on rat-tail type I collagen-coated polycarbonate membranes in 12-well transwell plates",50
Ranitidine,0.00000016,0.00000004,MDCK-MDR1,7.4,NA,5.4,10.1016/j.ijpharm.2004.10.007,Q.Wang et al. 2005,CNS Negative. ,"cells with passage numbers 24–33 were seeded at a density of 60,000 cells/cm 2 on rat-tail type I collagen-coated polycarbonate membranes in 12-well transwell plates",50
Sulfasalazine,0.00000011,0.00000007,MDCK-MDR1,7.4,NA,1.3,10.1016/j.ijpharm.2004.10.007,Q.Wang et al. 2005,CNS Negative. ,"cells with passage numbers 24–33 were seeded at a density of 60,000 cells/cm 2 on rat-tail type I collagen-coated polycarbonate membranes in 12-well transwell plates",50
Digoxin,0.00000028,0.00000012,MDCK-MDR1,7.4,NA,35,10.1016/j.ijpharm.2004.10.007,Q.Wang et al. 2005,CNS Negative. P-gp substrates,"cells with passage numbers 24–33 were seeded at a density of 60,000 cells/cm 2 on rat-tail type I collagen-coated polycarbonate membranes in 12-well transwell plates",5
Dipyridamole,0.0000003,0.00000009,MDCK-MDR1,7.4,NA,127,10.1016/j.ijpharm.2004.10.007,Q.Wang et al. 2005,CNS Negative. P-gp substrates,"cells with passage numbers 24–33 were seeded at a density of 60,000 cells/cm 2 on rat-tail type I collagen-coated polycarbonate membranes in 12-well transwell plates",5
Etoposide,0.00000013,0.000000001,MDCK-MDR1,7.4,NA,14,10.1016/j.ijpharm.2004.10.007,Q.Wang et al. 2005,CNS Negative. P-gp substrates,"cells with passage numbers 24–33 were seeded at a density of 60,000 cells/cm 2 on rat-tail type I collagen-coated polycarbonate membranes in 12-well transwell plates",5
Labetalol,0.0000003,0.00000007,MDCK-MDR1,7.4,NA,61,10.1016/j.ijpharm.2004.10.007,Q.Wang et al. 2005,CNS Negative. P-gp substrates,"cells with passage numbers 24–33 were seeded at a density of 60,000 cells/cm 2 on rat-tail type I collagen-coated polycarbonate membranes in 12-well transwell plates",5
Loperamide,0.00000018,0.00000003,MDCK-MDR1,7.4,NA,237,10.1016/j.ijpharm.2004.10.007,Q.Wang et al. 2005,CNS Negative. P-gp substrates,"cells with passage numbers 24–33 were seeded at a density of 60,000 cells/cm 2 on rat-tail type I collagen-coated polycarbonate membranes in 12-well transwell plates",5
Quinidine,0.00000034,0.00000006,MDCK-MDR1,7.4,NA,338,10.1016/j.ijpharm.2004.10.007,Q.Wang et al. 2005,CNS Negative. P-gp substrates,"cells with passage numbers 24–33 were seeded at a density of 60,000 cells/cm 2 on rat-tail type I collagen-coated polycarbonate membranes in 12-well transwell plates",5
Rhodamine 123,0.00000083,0.00000004,MDCK-MDR1,7.4,NA,9,10.1016/j.ijpharm.2004.10.007,Q.Wang et al. 2005,CNS Negative. P-gp substrates,"cells with passage numbers 24–33 were seeded at a density of 60,000 cells/cm 2 on rat-tail type I collagen-coated polycarbonate membranes in 12-well transwell plates",5
Vinblastine,0.0000004,0.00000017,MDCK-MDR1,7.4,NA,27,10.1016/j.ijpharm.2004.10.007,Q.Wang et al. 2005,CNS Negative. P-gp substrates,"cells with passage numbers 24–33 were seeded at a density of 60,000 cells/cm 2 on rat-tail type I collagen-coated polycarbonate membranes in 12-well transwell plates",5
Dipyridamole,0.00002009,nan,MDCK-MDR1,7.4,P-gp inhibitor cyclosporin A (CsA) ,nan,10.1016/j.ijpharm.2004.10.007,Q.Wang et al. 2005,CNS Negative. P-gp substrates,"cells with passage numbers 24–33 were seeded at a density of 60,000 cells/cm 2 on rat-tail type I collagen-coated polycarbonate membranes in 12-well transwell plates",5
Loperamide,0.00001252,nan,MDCK-MDR1,7.4,P-gp inhibitor cyclosporin A (CsA) ,nan,10.1016/j.ijpharm.2004.10.007,Q.Wang et al. 2005,CNS Negative. P-gp substrates,"cells with passage numbers 24–33 were seeded at a density of 60,000 cells/cm 2 on rat-tail type I collagen-coated polycarbonate membranes in 12-well transwell plates",5
Quinidine,0.00001077,nan,MDCK-MDR1,7.4,P-gp inhibitor cyclosporin A (CsA) ,nan,10.1016/j.ijpharm.2004.10.007,Q.Wang et al. 2005,CNS Negative. P-gp substrates,"cells with passage numbers 24–33 were seeded at a density of 60,000 cells/cm 2 on rat-tail type I collagen-coated polycarbonate membranes in 12-well transwell plates",5
Etoposide,0.00000033,nan,MDCK-MDR1,7.4,P-gp inhibitor cyclosporin A (CsA) ,nan,10.1016/j.ijpharm.2004.10.007,Q.Wang et al. 2005,CNS Negative. P-gp substrates,"cells with passage numbers 24–33 were seeded at a density of 60,000 cells/cm 2 on rat-tail type I collagen-coated polycarbonate membranes in 12-well transwell plates",5
Labetalol,0.00000134,nan,MDCK-MDR1,7.4,P-gp inhibitor cyclosporin A (CsA) ,nan,10.1016/j.ijpharm.2004.10.007,Q.Wang et al. 2005,CNS Negative. P-gp substrates,"cells with passage numbers 24–33 were seeded at a density of 60,000 cells/cm 2 on rat-tail type I collagen-coated polycarbonate membranes in 12-well transwell plates",5
Vinblastine,0.00000123,nan,MDCK-MDR1,7.4,P-gp inhibitor cyclosporin A (CsA) ,nan,10.1016/j.ijpharm.2004.10.007,Q.Wang et al. 2005,CNS Negative. P-gp substrates,"cells with passage numbers 24–33 were seeded at a density of 60,000 cells/cm 2 on rat-tail type I collagen-coated polycarbonate membranes in 12-well transwell plates",5
Digoxin,0.00000028,nan,MDCK-MDR1,7.4,P-gp inhibitor cyclosporin A (CsA) ,nan,10.1016/j.ijpharm.2004.10.007,Q.Wang et al. 2005,CNS Negative. P-gp substrates,"cells with passage numbers 24–33 were seeded at a density of 60,000 cells/cm 2 on rat-tail type I collagen-coated polycarbonate membranes in 12-well transwell plates",5
Rhodamine 123,0.00000083,nan,MDCK-MDR1,7.4,P-gp inhibitor cyclosporin A (CsA) ,nan,10.1016/j.ijpharm.2004.10.007,Q.Wang et al. 2005,CNS Negative. P-gp substrates,"cells with passage numbers 24–33 were seeded at a density of 60,000 cells/cm 2 on rat-tail type I collagen-coated polycarbonate membranes in 12-well transwell plates",5
Antipyrine,0.0000518,0.0000015,rat BCEC,7.4,NA,0.88,10.1016/j.ejpb.2012.07.020,Hellinger et al 2012,passive transcellular,"cells were seeded on collagen and fibronectin coated Costar Transwell polycarbonate membranes (12 mm diameter, 3 um pore size)",10
Caffeine,0.0000649,0.0000019,rat BCEC,7.4,NA,0.92,10.1016/j.ejpb.2012.07.020,Hellinger et al 2012,passive transcellular,"cells were seeded on collagen and fibronectin coated Costar Transwell polycarbonate membranes (12 mm diameter, 3 um pore size)",10
Verapamil,0.0000234,0.0000022,rat BCEC,7.4,NA,1.36,10.1016/j.ejpb.2012.07.020,Hellinger et al 2012,P-gp is the major efflux transporter. passive transcellular/efflux,"cells were seeded on collagen and fibronectin coated Costar Transwell polycarbonate membranes (12 mm diameter, 3 um pore size)",10
Indomethacin,0.0000336,0.0000013,rat BCEC,7.4,NA,1.31,10.1016/j.ejpb.2012.07.020,Hellinger et al 2012,passive transcellular,"cells were seeded on collagen and fibronectin coated Costar Transwell polycarbonate membranes (12 mm diameter, 3 um pore size)",10
Quinidine,0.00000628,0.00000004,rat BCEC,7.4,NA,1.93,10.1016/j.ejpb.2012.07.020,Hellinger et al 2012,P-gp is the major efflux transporter. passive transcellular/efflux,"cells were seeded on collagen and fibronectin coated Costar Transwell polycarbonate membranes (12 mm diameter, 3 um pore size)",10
Loperamide,0.0000156,0.0000023,rat BCEC,7.4,NA,1.4,10.1016/j.ejpb.2012.07.020,Hellinger et al 2012,P-gp is the major efflux transporter. passive transcellular/efflux,"cells were seeded on collagen and fibronectin coated Costar Transwell polycarbonate membranes (12 mm diameter, 3 um pore size)",10
Atenolol,0.00000136,0.0000002,rat BCEC,7.4,NA,1.66,10.1016/j.ejpb.2012.07.020,Hellinger et al 2012,P-gp is the major efflux transporter. passive paracellular/efflux,"cells were seeded on collagen and fibronectin coated Costar Transwell polycarbonate membranes (12 mm diameter, 3 um pore size)",10
Vinblastine,0.00000242,0.00000097,rat BCEC,7.4,NA,0.57,10.1016/j.ejpb.2012.07.020,Hellinger et al 2012,"P-gp, MRP2 are the major efflux transporters. Efflux","cells were seeded on collagen and fibronectin coated Costar Transwell polycarbonate membranes (12 mm diameter, 3 um pore size)",10
Cimetidine,0.00000386,0.00000073,rat BCEC,7.4,NA,0.72,10.1016/j.ejpb.2012.07.020,Hellinger et al 2012,"P-gp, BCRP are the major efflux transporters, efflux","cells were seeded on collagen and fibronectin coated Costar Transwell polycarbonate membranes (12 mm diameter, 3 um pore size)",10
Digoxin,0.00000125,0.00000027,rat BCEC,7.4,NA,2.46,10.1016/j.ejpb.2012.07.020,Hellinger et al 2012,"P-gp is the major efflux transporter, efflux","cells were seeded on collagen and fibronectin coated Costar Transwell polycarbonate membranes (12 mm diameter, 3 um pore size)",10
Fluorescein-Na,0.00000272,0.00000003,rat BCEC,7.4,NA,nan,10.1016/j.ejpb.2012.07.020,Hellinger et al 2012,passive paracellular,"cells were seeded on collagen and fibronectin coated Costar Transwell polycarbonate membranes (12 mm diameter, 3 um pore size)",100
Antipyrine,0.0000823,0.0000035,Caco-2,7.4,NA,0.8,10.1016/j.ejpb.2012.07.020,Hellinger et al 2012,passive transcellular,"seeded at 5x10^5 cells per 1.12 cm2 density on EC Matrix (ATCC, USA) covered Costar Trans-well inserts (polycarbonate, 12 mm diameter, 0.4 um pore size)",10
Caffeine,0.0000847,0.000001,Caco-2,7.4,NA,0.94,10.1016/j.ejpb.2012.07.020,Hellinger et al 2012,passive transcellular,"seeded at 5x10^5 cells per 1.12 cm2 density on EC Matrix (ATCC, USA) covered Costar Trans-well inserts (polycarbonate, 12 mm diameter, 0.4 um pore size)",10
Verapamil,0.0000446,0.0000089,Caco-2,7.4,NA,1.33,10.1016/j.ejpb.2012.07.020,Hellinger et al 2012,P-gp is the major efflux transporter. passive transcellular/efflux,"seeded at 5x10^5 cells per 1.12 cm2 density on EC Matrix (ATCC, USA) covered Costar Trans-well inserts (polycarbonate, 12 mm diameter, 0.4 um pore size)",10
Indomethacin,0.0000509,0.0000014,Caco-2,7.4,NA,1.08,10.1016/j.ejpb.2012.07.020,Hellinger et al 2012,passive transcellular,"seeded at 5x10^5 cells per 1.12 cm2 density on EC Matrix (ATCC, USA) covered Costar Trans-well inserts (polycarbonate, 12 mm diameter, 0.4 um pore size)",10
Quinidine,0.0000402,0.0000037,Caco-2,7.4,NA,1.06,10.1016/j.ejpb.2012.07.020,Hellinger et al 2012,P-gp is the major efflux transporter. passive transcellular/efflux,"seeded at 5x10^5 cells per 1.12 cm2 density on EC Matrix (ATCC, USA) covered Costar Trans-well inserts (polycarbonate, 12 mm diameter, 0.4 um pore size)",10
Loperamide,0.0000181,0.0000012,Caco-2,7.4,NA,1.46,10.1016/j.ejpb.2012.07.020,Hellinger et al 2012,P-gp is the major efflux transporter. passive transcellular/efflux,"seeded at 5x10^5 cells per 1.12 cm2 density on EC Matrix (ATCC, USA) covered Costar Trans-well inserts (polycarbonate, 12 mm diameter, 0.4 um pore size)",10
Atenolol,0.00000083,0.00000019,Caco-2,7.4,NA,1.21,10.1016/j.ejpb.2012.07.020,Hellinger et al 2012,P-gp is the major efflux transporter. passive paracellular/efflux,"seeded at 5x10^5 cells per 1.12 cm2 density on EC Matrix (ATCC, USA) covered Costar Trans-well inserts (polycarbonate, 12 mm diameter, 0.4 um pore size)",10
Vinblastine,0.00000697,0.00000095,Caco-2,7.4,NA,10.5,10.1016/j.ejpb.2012.07.020,Hellinger et al 2012,"P-gp, MRP2 are the major efflux transporters. Efflux","seeded at 5x10^5 cells per 1.12 cm2 density on EC Matrix (ATCC, USA) covered Costar Trans-well inserts (polycarbonate, 12 mm diameter, 0.4 um pore size)",10
Cimetidine,0.00000197,0.00000024,Caco-2,7.4,NA,2.23,10.1016/j.ejpb.2012.07.020,Hellinger et al 2012,"P-gp, BCRP are the major efflux transporters, efflux","seeded at 5x10^5 cells per 1.12 cm2 density on EC Matrix (ATCC, USA) covered Costar Trans-well inserts (polycarbonate, 12 mm diameter, 0.4 um pore size)",10
Digoxin,0.0000065,0.00000042,Caco-2,7.4,NA,4.72,10.1016/j.ejpb.2012.07.020,Hellinger et al 2012,"P-gp is the major efflux transporter, efflux","seeded at 5x10^5 cells per 1.12 cm2 density on EC Matrix (ATCC, USA) covered Costar Trans-well inserts (polycarbonate, 12 mm diameter, 0.4 um pore size)",10
Fluorescein-Na,0.00000134,0.00000029,Caco-2,7.4,NA,nan,10.1016/j.ejpb.2012.07.020,Hellinger et al 2012,passive paracellular,"seeded at 5x10^5 cells per 1.12 cm2 density on EC Matrix (ATCC, USA) covered Costar Trans-well inserts (polycarbonate, 12 mm diameter, 0.4 um pore size)",100
Antipyrine,0.0000781,0.0000025,VB-Caco-2,7.4,NA,0.97,10.1016/j.ejpb.2012.07.020,Hellinger et al 2012,passive transcellular,"seeded at 5x10^5 cells per 1.12 cm2 density on EC Matrix (ATCC, USA) covered Costar Trans-well inserts (polycarbonate, 12 mm diameter, 0.4 um pore size)",10
Caffeine,0.0000857,0.000003,VB-Caco-2,7.4,NA,0.84,10.1016/j.ejpb.2012.07.020,Hellinger et al 2012,passive transcellular,"seeded at 5x10^5 cells per 1.12 cm2 density on EC Matrix (ATCC, USA) covered Costar Trans-well inserts (polycarbonate, 12 mm diameter, 0.4 um pore size)",10
Verapamil,0.00004,0.0000079,VB-Caco-2,7.4,NA,1.6,10.1016/j.ejpb.2012.07.020,Hellinger et al 2012,P-gp is the major efflux transporter. passive transcellular/efflux,"seeded at 5x10^5 cells per 1.12 cm2 density on EC Matrix (ATCC, USA) covered Costar Trans-well inserts (polycarbonate, 12 mm diameter, 0.4 um pore size)",10
Indomethacin,0.0000503,0.0000005,VB-Caco-2,7.4,NA,1.1,10.1016/j.ejpb.2012.07.020,Hellinger et al 2012,passive transcellular,"seeded at 5x10^5 cells per 1.12 cm2 density on EC Matrix (ATCC, USA) covered Costar Trans-well inserts (polycarbonate, 12 mm diameter, 0.4 um pore size)",10
Quinidine,0.0000163,0.0000036,VB-Caco-2,7.4,NA,4.9,10.1016/j.ejpb.2012.07.020,Hellinger et al 2012,P-gp is the major efflux transporter. passive transcellular/efflux,"seeded at 5x10^5 cells per 1.12 cm2 density on EC Matrix (ATCC, USA) covered Costar Trans-well inserts (polycarbonate, 12 mm diameter, 0.4 um pore size)",10
Loperamide,0.0000115,0.0000007,VB-Caco-2,7.4,NA,3.13,10.1016/j.ejpb.2012.07.020,Hellinger et al 2012,P-gp is the major efflux transporter. passive transcellular/efflux,"seeded at 5x10^5 cells per 1.12 cm2 density on EC Matrix (ATCC, USA) covered Costar Trans-well inserts (polycarbonate, 12 mm diameter, 0.4 um pore size)",10
Atenolol,0.00000025,0.00000009,VB-Caco-2,7.4,NA,1.95,10.1016/j.ejpb.2012.07.020,Hellinger et al 2012,P-gp is the major efflux transporter. passive paracellular/efflux,"seeded at 5x10^5 cells per 1.12 cm2 density on EC Matrix (ATCC, USA) covered Costar Trans-well inserts (polycarbonate, 12 mm diameter, 0.4 um pore size)",10
Vinblastine,0.00000028,0.00000007,VB-Caco-2,7.4,NA,270.2,10.1016/j.ejpb.2012.07.020,Hellinger et al 2012,"P-gp, MRP2 are the major efflux transporters. Efflux","seeded at 5x10^5 cells per 1.12 cm2 density on EC Matrix (ATCC, USA) covered Costar Trans-well inserts (polycarbonate, 12 mm diameter, 0.4 um pore size)",10
Cimetidine,0.00000096,0.00000056,VB-Caco-2,7.4,NA,3.9,10.1016/j.ejpb.2012.07.020,Hellinger et al 2012,"P-gp, BCRP are the major efflux transporters, efflux","seeded at 5x10^5 cells per 1.12 cm2 density on EC Matrix (ATCC, USA) covered Costar Trans-well inserts (polycarbonate, 12 mm diameter, 0.4 um pore size)",10
Digoxin,0.00000055,0.00000017,VB-Caco-2,7.4,NA,65.5,10.1016/j.ejpb.2012.07.020,Hellinger et al 2012,"P-gp is the major efflux transporter, efflux","seeded at 5x10^5 cells per 1.12 cm2 density on EC Matrix (ATCC, USA) covered Costar Trans-well inserts (polycarbonate, 12 mm diameter, 0.4 um pore size)",10
Fluorescein-Na,0.00000047,0.00000017,VB-Caco-2,7.4,NA,nan,10.1016/j.ejpb.2012.07.020,Hellinger et al 2012,passive paracellular,"seeded at 5x10^5 cells per 1.12 cm2 density on EC Matrix (ATCC, USA) covered Costar Trans-well inserts (polycarbonate, 12 mm diameter, 0.4 um pore size)",100
Antipyrine,0.0000726,0.0000023,MDCK,7.4,NA,0.98,10.1016/j.ejpb.2012.07.020,Hellinger et al 2012,passive transcellular,"seeded at 5x10^5 cells per 1.12 cm 2 density on Costar Transwell inserts (polycarbonate, 12 mm diameter, 0.4 um pore size)",10
Caffeine,0.0000793,0.0000032,MDCK,7.4,NA,0.98,10.1016/j.ejpb.2012.07.020,Hellinger et al 2012,passive transcellular,"seeded at 5x10^5 cells per 1.12 cm 2 density on Costar Transwell inserts (polycarbonate, 12 mm diameter, 0.4 um pore size)",10
Verapamil,0.0000256,0.0000106,MDCK,7.4,NA,1.59,10.1016/j.ejpb.2012.07.020,Hellinger et al 2012,P-gp is the major efflux transporter. passive transcellular/efflux,"seeded at 5x10^5 cells per 1.12 cm 2 density on Costar Transwell inserts (polycarbonate, 12 mm diameter, 0.4 um pore size)",10
Indomethacin,0.0000471,0.0000044,MDCK,7.4,NA,1.11,10.1016/j.ejpb.2012.07.020,Hellinger et al 2012,passive transcellular,"seeded at 5x10^5 cells per 1.12 cm 2 density on Costar Transwell inserts (polycarbonate, 12 mm diameter, 0.4 um pore size)",10
Quinidine,0.0000318,0.0000034,MDCK,7.4,NA,1.22,10.1016/j.ejpb.2012.07.020,Hellinger et al 2012,P-gp is the major efflux transporter. passive transcellular/efflux,"seeded at 5x10^5 cells per 1.12 cm 2 density on Costar Transwell inserts (polycarbonate, 12 mm diameter, 0.4 um pore size)",10
Loperamide,0.00000948,0.00000103,MDCK,7.4,NA,1.81,10.1016/j.ejpb.2012.07.020,Hellinger et al 2012,P-gp is the major efflux transporter. passive transcellular/efflux,"seeded at 5x10^5 cells per 1.12 cm 2 density on Costar Transwell inserts (polycarbonate, 12 mm diameter, 0.4 um pore size)",10
Atenolol,0.00000058,0.0000002,MDCK,7.4,NA,1.42,10.1016/j.ejpb.2012.07.020,Hellinger et al 2012,P-gp is the major efflux transporter. passive paracellular/efflux,"seeded at 5x10^5 cells per 1.12 cm 2 density on Costar Transwell inserts (polycarbonate, 12 mm diameter, 0.4 um pore size)",10
Vinblastine,0.00000209,0.00000092,MDCK,7.4,NA,7.32,10.1016/j.ejpb.2012.07.020,Hellinger et al 2012,"P-gp, MRP2 are the major efflux transporters. Efflux","seeded at 5x10^5 cells per 1.12 cm 2 density on Costar Transwell inserts (polycarbonate, 12 mm diameter, 0.4 um pore size)",10
Cimetidine,0.00000104,0.00000018,MDCK,7.4,NA,1.32,10.1016/j.ejpb.2012.07.020,Hellinger et al 2012,"P-gp, BCRP are the major efflux transporters, efflux","seeded at 5x10^5 cells per 1.12 cm 2 density on Costar Transwell inserts (polycarbonate, 12 mm diameter, 0.4 um pore size)",10
Digoxin,0.00000237,0.00000012,MDCK,7.4,NA,7,10.1016/j.ejpb.2012.07.020,Hellinger et al 2012,"P-gp is the major efflux transporter, efflux","seeded at 5x10^5 cells per 1.12 cm 2 density on Costar Transwell inserts (polycarbonate, 12 mm diameter, 0.4 um pore size)",10
Fluorescein-Na,0.00000065,0.00000016,MDCK,7.4,NA,nan,10.1016/j.ejpb.2012.07.020,Hellinger et al 2012,passive paracellular,"seeded at 5x10^5 cells per 1.12 cm 2 density on Costar Transwell inserts (polycarbonate, 12 mm diameter, 0.4 um pore size)",100
Antipyrine,0.0000746,0.0000031,MDCK-MDR1,7.4,NA,0.98,10.1016/j.ejpb.2012.07.020,Hellinger et al 2012,passive transcellular,"seeded at 5x10^5 cells per 1.12 cm 2 density on Costar Transwell inserts (polycarbonate, 12 mm diameter, 0.4 um pore size)",10
Caffeine,0.0000785,0.0000056,MDCK-MDR1,7.4,NA,1,10.1016/j.ejpb.2012.07.020,Hellinger et al 2012,passive transcellular,"seeded at 5x10^5 cells per 1.12 cm 2 density on Costar Transwell inserts (polycarbonate, 12 mm diameter, 0.4 um pore size)",10
Verapamil,0.0000152,0.0000003,MDCK-MDR1,7.4,NA,1.75,10.1016/j.ejpb.2012.07.020,Hellinger et al 2012,P-gp is the major efflux transporter. passive transcellular/efflux,"seeded at 5x10^5 cells per 1.12 cm 2 density on Costar Transwell inserts (polycarbonate, 12 mm diameter, 0.4 um pore size)",10
Indomethacin,0.0000455,0.0000043,MDCK-MDR1,7.4,NA,1.05,10.1016/j.ejpb.2012.07.020,Hellinger et al 2012,passive transcellular,"seeded at 5x10^5 cells per 1.12 cm 2 density on Costar Transwell inserts (polycarbonate, 12 mm diameter, 0.4 um pore size)",10
Quinidine,0.00000519,0.00000151,MDCK-MDR1,7.4,NA,13.5,10.1016/j.ejpb.2012.07.020,Hellinger et al 2012,P-gp is the major efflux transporter. passive transcellular/efflux,"seeded at 5x10^5 cells per 1.12 cm 2 density on Costar Transwell inserts (polycarbonate, 12 mm diameter, 0.4 um pore size)",10
Loperamide,0.0000047,0.00000267,MDCK-MDR1,7.4,NA,9.79,10.1016/j.ejpb.2012.07.020,Hellinger et al 2012,P-gp is the major efflux transporter. passive transcellular/efflux,"seeded at 5x10^5 cells per 1.12 cm 2 density on Costar Transwell inserts (polycarbonate, 12 mm diameter, 0.4 um pore size)",10
Atenolol,0.00000043,0.00000014,MDCK-MDR1,7.4,NA,1.64,10.1016/j.ejpb.2012.07.020,Hellinger et al 2012,P-gp is the major efflux transporter. passive paracellular/efflux,"seeded at 5x10^5 cells per 1.12 cm 2 density on Costar Transwell inserts (polycarbonate, 12 mm diameter, 0.4 um pore size)",10
Vinblastine,0.00000021,0.00000012,MDCK-MDR1,7.4,NA,50.5,10.1016/j.ejpb.2012.07.020,Hellinger et al 2012,"P-gp, MRP2 are the major efflux transporters. Efflux","seeded at 5x10^5 cells per 1.12 cm 2 density on Costar Transwell inserts (polycarbonate, 12 mm diameter, 0.4 um pore size)",10
Cimetidine,0.00000078,0.0000001,MDCK-MDR1,7.4,NA,3.45,10.1016/j.ejpb.2012.07.020,Hellinger et al 2012,"P-gp, BCRP are the major efflux transporters, efflux","seeded at 5x10^5 cells per 1.12 cm 2 density on Costar Transwell inserts (polycarbonate, 12 mm diameter, 0.4 um pore size)",10
Digoxin,0.00000057,0.00000009,MDCK-MDR1,7.4,NA,7.56,10.1016/j.ejpb.2012.07.020,Hellinger et al 2012,"P-gp is the major efflux transporter, efflux","seeded at 5x10^5 cells per 1.12 cm 2 density on Costar Transwell inserts (polycarbonate, 12 mm diameter, 0.4 um pore size)",10
Fluorescein-Na,0.00000059,0.00000006,MDCK-MDR1,7.4,NA,nan,10.1016/j.ejpb.2012.07.020,Hellinger et al 2012,passive paracellular,"seeded at 5x10^5 cells per 1.12 cm 2 density on Costar Transwell inserts (polycarbonate, 12 mm diameter, 0.4 um pore size)",100
Aldosterone,0.0000328,nan,VB-Caco-2,7.4,NA,1.4,10.1016/j.ejpb.2012.07.020,Hellinger et al 2012,Caco-2 cultures by growing cells in a 10 nM vinblastine. cells preserve high P-gp expressing properties,"seeded at 5x10^5 cells per 1.12 cm2 density on EC Matrix (ATCC, USA) covered Costar Trans-well inserts (polycarbonate, 12 mm diameter, 0.4 um pore size)",10
Estradiol,0.0000509,nan,VB-Caco-2,7.4,NA,0.9,10.1016/j.ejpb.2012.07.020,Hellinger et al 2012,Caco-2 cultures by growing cells in a 10 nM vinblastine. cells preserve high P-gp expressing properties,"seeded at 5x10^5 cells per 1.12 cm2 density on EC Matrix (ATCC, USA) covered Costar Trans-well inserts (polycarbonate, 12 mm diameter, 0.4 um pore size)",10
Hydrocortisone,0.0000219,nan,VB-Caco-2,7.4,NA,2.3,10.1016/j.ejpb.2012.07.020,Hellinger et al 2012,Caco-2 cultures by growing cells in a 10 nM vinblastine. cells preserve high P-gp expressing properties,"seeded at 5x10^5 cells per 1.12 cm2 density on EC Matrix (ATCC, USA) covered Costar Trans-well inserts (polycarbonate, 12 mm diameter, 0.4 um pore size)",10
Lidocaine,0.0000708,nan,VB-Caco-2,7.4,NA,0.8,10.1016/j.ejpb.2012.07.020,Hellinger et al 2012,Caco-2 cultures by growing cells in a 10 nM vinblastine. cells preserve high P-gp expressing properties,"seeded at 5x10^5 cells per 1.12 cm2 density on EC Matrix (ATCC, USA) covered Costar Trans-well inserts (polycarbonate, 12 mm diameter, 0.4 um pore size)",10
Omeprazole,0.0000532,nan,VB-Caco-2,7.4,NA,1.2,10.1016/j.ejpb.2012.07.020,Hellinger et al 2012,Caco-2 cultures by growing cells in a 10 nM vinblastine. cells preserve high P-gp expressing properties,"seeded at 5x10^5 cells per 1.12 cm2 density on EC Matrix (ATCC, USA) covered Costar Trans-well inserts (polycarbonate, 12 mm diameter, 0.4 um pore size)",10
Phenytoin,0.0000627,nan,VB-Caco-2,7.4,NA,0.9,10.1016/j.ejpb.2012.07.020,Hellinger et al 2012,Caco-2 cultures by growing cells in a 10 nM vinblastine. cells preserve high P-gp expressing properties,"seeded at 5x10^5 cells per 1.12 cm2 density on EC Matrix (ATCC, USA) covered Costar Trans-well inserts (polycarbonate, 12 mm diameter, 0.4 um pore size)",10
Progesterone,0.0000463,nan,VB-Caco-2,7.4,NA,1,10.1016/j.ejpb.2012.07.020,Hellinger et al 2012,Caco-2 cultures by growing cells in a 10 nM vinblastine. cells preserve high P-gp expressing properties,"seeded at 5x10^5 cells per 1.12 cm2 density on EC Matrix (ATCC, USA) covered Costar Trans-well inserts (polycarbonate, 12 mm diameter, 0.4 um pore size)",10
Propranolol,0.0000376,nan,VB-Caco-2,7.4,NA,1.2,10.1016/j.ejpb.2012.07.020,Hellinger et al 2012,Caco-2 cultures by growing cells in a 10 nM vinblastine. cells preserve high P-gp expressing properties,"seeded at 5x10^5 cells per 1.12 cm2 density on EC Matrix (ATCC, USA) covered Costar Trans-well inserts (polycarbonate, 12 mm diameter, 0.4 um pore size)",10
Metoprolol,0.0000574,nan,VB-Caco-2,7.4,NA,1,10.1016/j.ejpb.2012.07.020,Hellinger et al 2012,Caco-2 cultures by growing cells in a 10 nM vinblastine. cells preserve high P-gp expressing properties,"seeded at 5x10^5 cells per 1.12 cm2 density on EC Matrix (ATCC, USA) covered Costar Trans-well inserts (polycarbonate, 12 mm diameter, 0.4 um pore size)",10
Colchicine,0.0000004,nan,VB-Caco-2,7.4,NA,29.9,10.1016/j.ejpb.2012.07.020,Hellinger et al 2012,Caco-2 cultures by growing cells in a 10 nM vinblastine. cells preserve high P-gp expressing properties,"seeded at 5x10^5 cells per 1.12 cm2 density on EC Matrix (ATCC, USA) covered Costar Trans-well inserts (polycarbonate, 12 mm diameter, 0.4 um pore size)",10
Salicylic Acid,0.0000123,nan,VB-Caco-2,7.4,NA,1.1,10.1016/j.ejpb.2012.07.020,Hellinger et al 2012,Caco-2 cultures by growing cells in a 10 nM vinblastine. cells preserve high P-gp expressing properties,"seeded at 5x10^5 cells per 1.12 cm2 density on EC Matrix (ATCC, USA) covered Costar Trans-well inserts (polycarbonate, 12 mm diameter, 0.4 um pore size)",10
Theobromine,0.0000344,nan,VB-Caco-2,7.4,NA,1,10.1016/j.ejpb.2012.07.020,Hellinger et al 2012,Caco-2 cultures by growing cells in a 10 nM vinblastine. cells preserve high P-gp expressing properties,"seeded at 5x10^5 cells per 1.12 cm2 density on EC Matrix (ATCC, USA) covered Costar Trans-well inserts (polycarbonate, 12 mm diameter, 0.4 um pore size)",10
Corticosterone,0.0000627,nan,VB-Caco-2,7.4,NA,0.9,10.1016/j.ejpb.2012.07.020,Hellinger et al 2012,Caco-2 cultures by growing cells in a 10 nM vinblastine. cells preserve high P-gp expressing properties,"seeded at 5x10^5 cells per 1.12 cm2 density on EC Matrix (ATCC, USA) covered Costar Trans-well inserts (polycarbonate, 12 mm diameter, 0.4 um pore size)",10
Acetaminophen,0.0000344,nan,VB-Caco-2,7.4,NA,0.9,10.1016/j.ejpb.2012.07.020,Hellinger et al 2012,Caco-2 cultures by growing cells in a 10 nM vinblastine. cells preserve high P-gp expressing properties,"seeded at 5x10^5 cells per 1.12 cm2 density on EC Matrix (ATCC, USA) covered Costar Trans-well inserts (polycarbonate, 12 mm diameter, 0.4 um pore size)",10
Ketoconazole,0.0000271,nan,VB-Caco-2,7.4,NA,1.2,10.1016/j.ejpb.2012.07.020,Hellinger et al 2012,Caco-2 cultures by growing cells in a 10 nM vinblastine. cells preserve high P-gp expressing properties,"seeded at 5x10^5 cells per 1.12 cm2 density on EC Matrix (ATCC, USA) covered Costar Trans-well inserts (polycarbonate, 12 mm diameter, 0.4 um pore size)",10
Dexamethasone,0.0000135,nan,VB-Caco-2,7.4,NA,2.9,10.1016/j.ejpb.2012.07.020,Hellinger et al 2012,Caco-2 cultures by growing cells in a 10 nM vinblastine. cells preserve high P-gp expressing properties,"seeded at 5x10^5 cells per 1.12 cm2 density on EC Matrix (ATCC, USA) covered Costar Trans-well inserts (polycarbonate, 12 mm diameter, 0.4 um pore size)",10
Ranitidine,0.0000005,nan,VB-Caco-2,7.4,NA,3.5,10.1016/j.ejpb.2012.07.020,Hellinger et al 2012,Caco-2 cultures by growing cells in a 10 nM vinblastine. cells preserve high P-gp expressing properties,"seeded at 5x10^5 cells per 1.12 cm2 density on EC Matrix (ATCC, USA) covered Costar Trans-well inserts (polycarbonate, 12 mm diameter, 0.4 um pore size)",10
Chlorothiazide,0.0000001,nan,VB-Caco-2,7.4,NA,21.9,10.1016/j.ejpb.2012.07.020,Hellinger et al 2012,Caco-2 cultures by growing cells in a 10 nM vinblastine. cells preserve high P-gp expressing properties,"seeded at 5x10^5 cells per 1.12 cm2 density on EC Matrix (ATCC, USA) covered Costar Trans-well inserts (polycarbonate, 12 mm diameter, 0.4 um pore size)",50
Furosemide,0.0000003,nan,VB-Caco-2,7.4,NA,72.6,10.1016/j.ejpb.2012.07.020,Hellinger et al 2012,Caco-2 cultures by growing cells in a 10 nM vinblastine. cells preserve high P-gp expressing properties,"seeded at 5x10^5 cells per 1.12 cm2 density on EC Matrix (ATCC, USA) covered Costar Trans-well inserts (polycarbonate, 12 mm diameter, 0.4 um pore size)",50
Sulfasalazine,0.0000002,nan,VB-Caco-2,7.4,NA,65.8,10.1016/j.ejpb.2012.07.020,Hellinger et al 2012,Caco-2 cultures by growing cells in a 10 nM vinblastine. cells preserve high P-gp expressing properties,"seeded at 5x10^5 cells per 1.12 cm2 density on EC Matrix (ATCC, USA) covered Costar Trans-well inserts (polycarbonate, 12 mm diameter, 0.4 um pore size)",50
Doxorubicin,0.0000001,nan,VB-Caco-2,7.4,NA,60.3,10.1016/j.ejpb.2012.07.020,Hellinger et al 2012,Caco-2 cultures by growing cells in a 10 nM vinblastine. cells preserve high P-gp expressing properties,"seeded at 5x10^5 cells per 1.12 cm2 density on EC Matrix (ATCC, USA) covered Costar Trans-well inserts (polycarbonate, 12 mm diameter, 0.4 um pore size)",50
Talinolol,0.0000003,nan,VB-Caco-2,7.4,NA,35.6,10.1016/j.ejpb.2012.07.020,Hellinger et al 2012,Caco-2 cultures by growing cells in a 10 nM vinblastine. cells preserve high P-gp expressing properties,"seeded at 5x10^5 cells per 1.12 cm2 density on EC Matrix (ATCC, USA) covered Costar Trans-well inserts (polycarbonate, 12 mm diameter, 0.4 um pore size)",10
Ibuprofen,0.0000762,nan,VB-Caco-2,7.4,NA,0.7,10.1016/j.ejpb.2012.07.020,Hellinger et al 2012,Caco-2 cultures by growing cells in a 10 nM vinblastine. cells preserve high P-gp expressing properties,"seeded at 5x10^5 cells per 1.12 cm2 density on EC Matrix (ATCC, USA) covered Costar Trans-well inserts (polycarbonate, 12 mm diameter, 0.4 um pore size)",10
Warfarin,0.0000536,nan,VB-Caco-2,7.4,NA,0.9,10.1016/j.ejpb.2012.07.020,Hellinger et al 2012,Caco-2 cultures by growing cells in a 10 nM vinblastine. cells preserve high P-gp expressing properties,"seeded at 5x10^5 cells per 1.12 cm2 density on EC Matrix (ATCC, USA) covered Costar Trans-well inserts (polycarbonate, 12 mm diameter, 0.4 um pore size)",10
Lamotrigine,0.0000614,nan,VB-Caco-2,7.4,NA,0.9,10.1016/j.ejpb.2012.07.020,Hellinger et al 2012,Caco-2 cultures by growing cells in a 10 nM vinblastine. cells preserve high P-gp expressing properties,"seeded at 5x10^5 cells per 1.12 cm2 density on EC Matrix (ATCC, USA) covered Costar Trans-well inserts (polycarbonate, 12 mm diameter, 0.4 um pore size)",10
Aldosterone,0.0000243,nan,MDCK-MDR1,7.4,NA,2.5,10.1016/j.ejpb.2012.07.020,Hellinger et al 2012,apical-to-basolateral transwell measurement,"seeded at 5x10^5 cells per 1.12 cm 2 density on Costar Transwell inserts (polycarbonate, 12 mm diameter, 0.4 um pore size)",10
Estradiol,0.0000448,nan,MDCK-MDR1,7.4,NA,1.3,10.1016/j.ejpb.2012.07.020,Hellinger et al 2012,apical-to-basolateral transwell measurement,"seeded at 5x10^5 cells per 1.12 cm 2 density on Costar Transwell inserts (polycarbonate, 12 mm diameter, 0.4 um pore size)",10
Hydrocortisone,0.0000162,nan,MDCK-MDR1,7.4,NA,4.6,10.1016/j.ejpb.2012.07.020,Hellinger et al 2012,apical-to-basolateral transwell measurement,"seeded at 5x10^5 cells per 1.12 cm 2 density on Costar Transwell inserts (polycarbonate, 12 mm diameter, 0.4 um pore size)",10
Lidocaine,0.0000737,nan,MDCK-MDR1,7.4,NA,1.1,10.1016/j.ejpb.2012.07.020,Hellinger et al 2012,apical-to-basolateral transwell measurement,"seeded at 5x10^5 cells per 1.12 cm 2 density on Costar Transwell inserts (polycarbonate, 12 mm diameter, 0.4 um pore size)",10
Omeprazole,0.0000494,nan,MDCK-MDR1,7.4,NA,2.1,10.1016/j.ejpb.2012.07.020,Hellinger et al 2012,apical-to-basolateral transwell measurement,"seeded at 5x10^5 cells per 1.12 cm 2 density on Costar Transwell inserts (polycarbonate, 12 mm diameter, 0.4 um pore size)",10
Phenytoin,0.0000462,nan,MDCK-MDR1,7.4,NA,1,10.1016/j.ejpb.2012.07.020,Hellinger et al 2012,apical-to-basolateral transwell measurement,"seeded at 5x10^5 cells per 1.12 cm 2 density on Costar Transwell inserts (polycarbonate, 12 mm diameter, 0.4 um pore size)",10
Progesterone,0.0000403,nan,MDCK-MDR1,7.4,NA,1.1,10.1016/j.ejpb.2012.07.020,Hellinger et al 2012,apical-to-basolateral transwell measurement,"seeded at 5x10^5 cells per 1.12 cm 2 density on Costar Transwell inserts (polycarbonate, 12 mm diameter, 0.4 um pore size)",10
Propranolol,0.0000299,nan,MDCK-MDR1,7.4,NA,1,10.1016/j.ejpb.2012.07.020,Hellinger et al 2012,apical-to-basolateral transwell measurement,"seeded at 5x10^5 cells per 1.12 cm 2 density on Costar Transwell inserts (polycarbonate, 12 mm diameter, 0.4 um pore size)",10
Metoprolol,0.0000672,nan,MDCK-MDR1,7.4,NA,1,10.1016/j.ejpb.2012.07.020,Hellinger et al 2012,apical-to-basolateral transwell measurement,"seeded at 5x10^5 cells per 1.12 cm 2 density on Costar Transwell inserts (polycarbonate, 12 mm diameter, 0.4 um pore size)",10
Colchicine,0.0000008,nan,MDCK-MDR1,7.4,NA,3.9,10.1016/j.ejpb.2012.07.020,Hellinger et al 2012,apical-to-basolateral transwell measurement,"seeded at 5x10^5 cells per 1.12 cm 2 density on Costar Transwell inserts (polycarbonate, 12 mm diameter, 0.4 um pore size)",10
Salicylic Acid,0.0000093,nan,MDCK-MDR1,7.4,NA,1,10.1016/j.ejpb.2012.07.020,Hellinger et al 2012,apical-to-basolateral transwell measurement,"seeded at 5x10^5 cells per 1.12 cm 2 density on Costar Transwell inserts (polycarbonate, 12 mm diameter, 0.4 um pore size)",10
Theobromine,0.0000376,nan,MDCK-MDR1,7.4,NA,1.1,10.1016/j.ejpb.2012.07.020,Hellinger et al 2012,apical-to-basolateral transwell measurement,"seeded at 5x10^5 cells per 1.12 cm 2 density on Costar Transwell inserts (polycarbonate, 12 mm diameter, 0.4 um pore size)",10
Corticosterone,0.0000582,nan,MDCK-MDR1,7.4,NA,1,10.1016/j.ejpb.2012.07.020,Hellinger et al 2012,apical-to-basolateral transwell measurement,"seeded at 5x10^5 cells per 1.12 cm 2 density on Costar Transwell inserts (polycarbonate, 12 mm diameter, 0.4 um pore size)",10
Acetaminophen,0.0000235,nan,MDCK-MDR1,7.4,NA,1.2,10.1016/j.ejpb.2012.07.020,Hellinger et al 2012,apical-to-basolateral transwell measurement,"seeded at 5x10^5 cells per 1.12 cm 2 density on Costar Transwell inserts (polycarbonate, 12 mm diameter, 0.4 um pore size)",10
Ketoconazole,0.0000296,nan,MDCK-MDR1,7.4,NA,1.1,10.1016/j.ejpb.2012.07.020,Hellinger et al 2012,apical-to-basolateral transwell measurement,"seeded at 5x10^5 cells per 1.12 cm 2 density on Costar Transwell inserts (polycarbonate, 12 mm diameter, 0.4 um pore size)",10
Dexamethasone,0.0000062,nan,MDCK-MDR1,7.4,NA,5.6,10.1016/j.ejpb.2012.07.020,Hellinger et al 2012,apical-to-basolateral transwell measurement,"seeded at 5x10^5 cells per 1.12 cm 2 density on Costar Transwell inserts (polycarbonate, 12 mm diameter, 0.4 um pore size)",10
Ranitidine,0.0000015,nan,MDCK-MDR1,7.4,NA,2.2,10.1016/j.ejpb.2012.07.020,Hellinger et al 2012,apical-to-basolateral transwell measurement,"seeded at 5x10^5 cells per 1.12 cm 2 density on Costar Transwell inserts (polycarbonate, 12 mm diameter, 0.4 um pore size)",10
Chlorothiazide,0.0000007,nan,MDCK-MDR1,7.4,NA,1,10.1016/j.ejpb.2012.07.020,Hellinger et al 2012,apical-to-basolateral transwell measurement,"seeded at 5x10^5 cells per 1.12 cm 2 density on Costar Transwell inserts (polycarbonate, 12 mm diameter, 0.4 um pore size)",50
Furosemide,0.0000007,nan,MDCK-MDR1,7.4,NA,0.9,10.1016/j.ejpb.2012.07.020,Hellinger et al 2012,apical-to-basolateral transwell measurement,"seeded at 5x10^5 cells per 1.12 cm 2 density on Costar Transwell inserts (polycarbonate, 12 mm diameter, 0.4 um pore size)",50
Sulfasalazine,0.0000004,nan,MDCK-MDR1,7.4,NA,1,10.1016/j.ejpb.2012.07.020,Hellinger et al 2012,apical-to-basolateral transwell measurement,"seeded at 5x10^5 cells per 1.12 cm 2 density on Costar Transwell inserts (polycarbonate, 12 mm diameter, 0.4 um pore size)",50
Doxorubicin,0.0000002,nan,MDCK-MDR1,7.4,NA,4.4,10.1016/j.ejpb.2012.07.020,Hellinger et al 2012,apical-to-basolateral transwell measurement,"seeded at 5x10^5 cells per 1.12 cm 2 density on Costar Transwell inserts (polycarbonate, 12 mm diameter, 0.4 um pore size)",50
Talinolol,0.0000004,nan,MDCK-MDR1,7.4,NA,5,10.1016/j.ejpb.2012.07.020,Hellinger et al 2012,apical-to-basolateral transwell measurement,"seeded at 5x10^5 cells per 1.12 cm 2 density on Costar Transwell inserts (polycarbonate, 12 mm diameter, 0.4 um pore size)",10
Ibuprofen,0.0000743,nan,MDCK-MDR1,7.4,NA,0.8,10.1016/j.ejpb.2012.07.020,Hellinger et al 2012,apical-to-basolateral transwell measurement,"seeded at 5x10^5 cells per 1.12 cm 2 density on Costar Transwell inserts (polycarbonate, 12 mm diameter, 0.4 um pore size)",10
Warfarin,0.0000418,nan,MDCK-MDR1,7.4,NA,1.3,10.1016/j.ejpb.2012.07.020,Hellinger et al 2012,apical-to-basolateral transwell measurement,"seeded at 5x10^5 cells per 1.12 cm 2 density on Costar Transwell inserts (polycarbonate, 12 mm diameter, 0.4 um pore size)",10
Lamotrigine,0.0000515,nan,MDCK-MDR1,7.4,NA,1,10.1016/j.ejpb.2012.07.020,Hellinger et al 2012,apical-to-basolateral transwell measurement,"seeded at 5x10^5 cells per 1.12 cm 2 density on Costar Transwell inserts (polycarbonate, 12 mm diameter, 0.4 um pore size)",10
Alprenolol,0.0000517,nan,VB-Caco-2,7.4,NA,0.9,10.1016/j.ejpb.2012.07.020,Hellinger et al 2012,Caco-2 cultures by growing cells in a 10 nM vinblastine. cells preserve high P-gp expressing properties,"seeded at 5x10^5 cells per 1.12 cm2 density on EC Matrix (ATCC, USA) covered Costar Trans-well inserts (polycarbonate, 12 mm diameter, 0.4 um pore size)",10
Labetalol,0.0000093,nan,VB-Caco-2,7.4,NA,4.6,10.1016/j.ejpb.2012.07.020,Hellinger et al 2012,Caco-2 cultures by growing cells in a 10 nM vinblastine. cells preserve high P-gp expressing properties,"seeded at 5x10^5 cells per 1.12 cm2 density on EC Matrix (ATCC, USA) covered Costar Trans-well inserts (polycarbonate, 12 mm diameter, 0.4 um pore size)",10
Risperidone,0.0000413,nan,VB-Caco-2,7.4,NA,1.5,10.1016/j.ejpb.2012.07.020,Hellinger et al 2012,Caco-2 cultures by growing cells in a 10 nM vinblastine. cells preserve high P-gp expressing properties,"seeded at 5x10^5 cells per 1.12 cm2 density on EC Matrix (ATCC, USA) covered Costar Trans-well inserts (polycarbonate, 12 mm diameter, 0.4 um pore size)",10
Sulfadiazine,0.0000074,nan,VB-Caco-2,7.4,NA,0.9,10.1016/j.ejpb.2012.07.020,Hellinger et al 2012,Caco-2 cultures by growing cells in a 10 nM vinblastine. cells preserve high P-gp expressing properties,"seeded at 5x10^5 cells per 1.12 cm2 density on EC Matrix (ATCC, USA) covered Costar Trans-well inserts (polycarbonate, 12 mm diameter, 0.4 um pore size)",10
Amiloride,0.0000017,nan,VB-Caco-2,7.4,NA,0.5,10.1016/j.ejpb.2012.07.020,Hellinger et al 2012,Caco-2 cultures by growing cells in a 10 nM vinblastine. cells preserve high P-gp expressing properties,"seeded at 5x10^5 cells per 1.12 cm2 density on EC Matrix (ATCC, USA) covered Costar Trans-well inserts (polycarbonate, 12 mm diameter, 0.4 um pore size)",10
Guanabenz,0.0000511,nan,VB-Caco-2,7.4,NA,0.9,10.1016/j.ejpb.2012.07.020,Hellinger et al 2012,Caco-2 cultures by growing cells in a 10 nM vinblastine. cells preserve high P-gp expressing properties,"seeded at 5x10^5 cells per 1.12 cm2 density on EC Matrix (ATCC, USA) covered Costar Trans-well inserts (polycarbonate, 12 mm diameter, 0.4 um pore size)",10
Lisinopril,0.0000016,nan,VB-Caco-2,7.4,NA,1.3,10.1016/j.ejpb.2012.07.020,Hellinger et al 2012,Caco-2 cultures by growing cells in a 10 nM vinblastine. cells preserve high P-gp expressing properties,"seeded at 5x10^5 cells per 1.12 cm2 density on EC Matrix (ATCC, USA) covered Costar Trans-well inserts (polycarbonate, 12 mm diameter, 0.4 um pore size)",50
Cetirizine,0.0000061,nan,VB-Caco-2,7.4,NA,2.9,10.1016/j.ejpb.2012.07.020,Hellinger et al 2012,Caco-2 cultures by growing cells in a 10 nM vinblastine. cells preserve high P-gp expressing properties,"seeded at 5x10^5 cells per 1.12 cm2 density on EC Matrix (ATCC, USA) covered Costar Trans-well inserts (polycarbonate, 12 mm diameter, 0.4 um pore size)",10
Diazepam,0.0000709,nan,VB-Caco-2,7.4,NA,0.9,10.1016/j.ejpb.2012.07.020,Hellinger et al 2012,Caco-2 cultures by growing cells in a 10 nM vinblastine. cells preserve high P-gp expressing properties,"seeded at 5x10^5 cells per 1.12 cm2 density on EC Matrix (ATCC, USA) covered Costar Trans-well inserts (polycarbonate, 12 mm diameter, 0.4 um pore size)",10
Theophylline,0.0000362,nan,VB-Caco-2,7.4,NA,1.2,10.1016/j.ejpb.2012.07.020,Hellinger et al 2012,Caco-2 cultures by growing cells in a 10 nM vinblastine. cells preserve high P-gp expressing properties,"seeded at 5x10^5 cells per 1.12 cm2 density on EC Matrix (ATCC, USA) covered Costar Trans-well inserts (polycarbonate, 12 mm diameter, 0.4 um pore size)",10
Varenicline,0.0000504,nan,VB-Caco-2,7.4,NA,0.9,10.1016/j.ejpb.2012.07.020,Hellinger et al 2012,Caco-2 cultures by growing cells in a 10 nM vinblastine. cells preserve high P-gp expressing properties,"seeded at 5x10^5 cells per 1.12 cm2 density on EC Matrix (ATCC, USA) covered Costar Trans-well inserts (polycarbonate, 12 mm diameter, 0.4 um pore size)",10
Donepezil,0.0000483,nan,VB-Caco-2,7.4,NA,1.1,10.1016/j.ejpb.2012.07.020,Hellinger et al 2012,Caco-2 cultures by growing cells in a 10 nM vinblastine. cells preserve high P-gp expressing properties,"seeded at 5x10^5 cells per 1.12 cm2 density on EC Matrix (ATCC, USA) covered Costar Trans-well inserts (polycarbonate, 12 mm diameter, 0.4 um pore size)",10
Galantamine,0.0000528,nan,VB-Caco-2,7.4,NA,1,10.1016/j.ejpb.2012.07.020,Hellinger et al 2012,Caco-2 cultures by growing cells in a 10 nM vinblastine. cells preserve high P-gp expressing properties,"seeded at 5x10^5 cells per 1.12 cm2 density on EC Matrix (ATCC, USA) covered Costar Trans-well inserts (polycarbonate, 12 mm diameter, 0.4 um pore size)",10
Aniracetam,0.0000934,nan,VB-Caco-2,7.4,NA,0.7,10.1016/j.ejpb.2012.07.020,Hellinger et al 2012,Caco-2 cultures by growing cells in a 10 nM vinblastine. cells preserve high P-gp expressing properties,"seeded at 5x10^5 cells per 1.12 cm2 density on EC Matrix (ATCC, USA) covered Costar Trans-well inserts (polycarbonate, 12 mm diameter, 0.4 um pore size)",10
SB-258585,0.0000245,nan,VB-Caco-2,7.4,NA,2.1,10.1016/j.ejpb.2012.07.020,Hellinger et al 2012,Caco-2 cultures by growing cells in a 10 nM vinblastine. cells preserve high P-gp expressing properties,"seeded at 5x10^5 cells per 1.12 cm2 density on EC Matrix (ATCC, USA) covered Costar Trans-well inserts (polycarbonate, 12 mm diameter, 0.4 um pore size)",10
Dextromethorphan,0.000059,nan,VB-Caco-2,7.4,NA,0.8,10.1016/j.ejpb.2012.07.020,Hellinger et al 2012,Caco-2 cultures by growing cells in a 10 nM vinblastine. cells preserve high P-gp expressing properties,"seeded at 5x10^5 cells per 1.12 cm2 density on EC Matrix (ATCC, USA) covered Costar Trans-well inserts (polycarbonate, 12 mm diameter, 0.4 um pore size)",10
Dextrorphan,0.0000402,nan,VB-Caco-2,7.4,NA,1.1,10.1016/j.ejpb.2012.07.020,Hellinger et al 2012,Caco-2 cultures by growing cells in a 10 nM vinblastine. cells preserve high P-gp expressing properties,"seeded at 5x10^5 cells per 1.12 cm2 density on EC Matrix (ATCC, USA) covered Costar Trans-well inserts (polycarbonate, 12 mm diameter, 0.4 um pore size)",10
Clomipramine,0.0000147,nan,VB-Caco-2,7.4,NA,0.8,10.1016/j.ejpb.2012.07.020,Hellinger et al 2012,Caco-2 cultures by growing cells in a 10 nM vinblastine. cells preserve high P-gp expressing properties,"seeded at 5x10^5 cells per 1.12 cm2 density on EC Matrix (ATCC, USA) covered Costar Trans-well inserts (polycarbonate, 12 mm diameter, 0.4 um pore size)",10
Escitalopram,0.0000392,nan,VB-Caco-2,7.4,NA,0.9,10.1016/j.ejpb.2012.07.020,Hellinger et al 2012,Caco-2 cultures by growing cells in a 10 nM vinblastine. cells preserve high P-gp expressing properties,"seeded at 5x10^5 cells per 1.12 cm2 density on EC Matrix (ATCC, USA) covered Costar Trans-well inserts (polycarbonate, 12 mm diameter, 0.4 um pore size)",10
Duloxetine,0.0000166,nan,VB-Caco-2,7.4,NA,0.9,10.1016/j.ejpb.2012.07.020,Hellinger et al 2012,Caco-2 cultures by growing cells in a 10 nM vinblastine. cells preserve high P-gp expressing properties,"seeded at 5x10^5 cells per 1.12 cm2 density on EC Matrix (ATCC, USA) covered Costar Trans-well inserts (polycarbonate, 12 mm diameter, 0.4 um pore size)",10
Riluzole,0.0000855,nan,VB-Caco-2,7.4,NA,0.9,10.1016/j.ejpb.2012.07.020,Hellinger et al 2012,Caco-2 cultures by growing cells in a 10 nM vinblastine. cells preserve high P-gp expressing properties,"seeded at 5x10^5 cells per 1.12 cm2 density on EC Matrix (ATCC, USA) covered Costar Trans-well inserts (polycarbonate, 12 mm diameter, 0.4 um pore size)",10
Desipramine,0.0000315,nan,VB-Caco-2,7.4,NA,0.9,10.1016/j.ejpb.2012.07.020,Hellinger et al 2012,Caco-2 cultures by growing cells in a 10 nM vinblastine. cells preserve high P-gp expressing properties,"seeded at 5x10^5 cells per 1.12 cm2 density on EC Matrix (ATCC, USA) covered Costar Trans-well inserts (polycarbonate, 12 mm diameter, 0.4 um pore size)",10
Venlafaxine,0.0000504,nan,VB-Caco-2,7.4,NA,0.8,10.1016/j.ejpb.2012.07.020,Hellinger et al 2012,Caco-2 cultures by growing cells in a 10 nM vinblastine. cells preserve high P-gp expressing properties,"seeded at 5x10^5 cells per 1.12 cm2 density on EC Matrix (ATCC, USA) covered Costar Trans-well inserts (polycarbonate, 12 mm diameter, 0.4 um pore size)",10
Rhodamine 123,0.0000002,nan,VB-Caco-2,7.4,NA,19.7,10.1016/j.ejpb.2012.07.020,Hellinger et al 2012,Caco-2 cultures by growing cells in a 10 nM vinblastine. cells preserve high P-gp expressing properties,"seeded at 5x10^5 cells per 1.12 cm2 density on EC Matrix (ATCC, USA) covered Costar Trans-well inserts (polycarbonate, 12 mm diameter, 0.4 um pore size)",1
Alprenolol,0.0000365,nan,MDCK-MDR1,7.4,NA,1.1,10.1016/j.ejpb.2012.07.020,Hellinger et al 2012,apical-to-basolateral transwell measurement,"seeded at 5x10^5 cells per 1.12 cm 2 density on Costar Transwell inserts (polycarbonate, 12 mm diameter, 0.4 um pore size)",10
Labetalol,0.0000034,nan,MDCK-MDR1,7.4,NA,11.3,10.1016/j.ejpb.2012.07.020,Hellinger et al 2012,apical-to-basolateral transwell measurement,"seeded at 5x10^5 cells per 1.12 cm 2 density on Costar Transwell inserts (polycarbonate, 12 mm diameter, 0.4 um pore size)",10
Risperidone,0.0000292,nan,MDCK-MDR1,7.4,NA,1.6,10.1016/j.ejpb.2012.07.020,Hellinger et al 2012,apical-to-basolateral transwell measurement,"seeded at 5x10^5 cells per 1.12 cm 2 density on Costar Transwell inserts (polycarbonate, 12 mm diameter, 0.4 um pore size)",10
Sulfadiazine,0.0000048,nan,MDCK-MDR1,7.4,NA,0.9,10.1016/j.ejpb.2012.07.020,Hellinger et al 2012,apical-to-basolateral transwell measurement,"seeded at 5x10^5 cells per 1.12 cm 2 density on Costar Transwell inserts (polycarbonate, 12 mm diameter, 0.4 um pore size)",10
Amiloride,0.0000046,nan,MDCK-MDR1,7.4,NA,0.9,10.1016/j.ejpb.2012.07.020,Hellinger et al 2012,apical-to-basolateral transwell measurement,"seeded at 5x10^5 cells per 1.12 cm 2 density on Costar Transwell inserts (polycarbonate, 12 mm diameter, 0.4 um pore size)",10
Guanabenz,0.0000434,nan,MDCK-MDR1,7.4,NA,1,10.1016/j.ejpb.2012.07.020,Hellinger et al 2012,apical-to-basolateral transwell measurement,"seeded at 5x10^5 cells per 1.12 cm 2 density on Costar Transwell inserts (polycarbonate, 12 mm diameter, 0.4 um pore size)",10
Lisinopril,0.0000069,nan,MDCK-MDR1,7.4,NA,0.8,10.1016/j.ejpb.2012.07.020,Hellinger et al 2012,apical-to-basolateral transwell measurement,"seeded at 5x10^5 cells per 1.12 cm 2 density on Costar Transwell inserts (polycarbonate, 12 mm diameter, 0.4 um pore size)",50
Cetirizine,0.0000029,nan,MDCK-MDR1,7.4,NA,4,10.1016/j.ejpb.2012.07.020,Hellinger et al 2012,apical-to-basolateral transwell measurement,"seeded at 5x10^5 cells per 1.12 cm 2 density on Costar Transwell inserts (polycarbonate, 12 mm diameter, 0.4 um pore size)",10
Diazepam,0.0000605,nan,MDCK-MDR1,7.4,NA,1,10.1016/j.ejpb.2012.07.020,Hellinger et al 2012,apical-to-basolateral transwell measurement,"seeded at 5x10^5 cells per 1.12 cm 2 density on Costar Transwell inserts (polycarbonate, 12 mm diameter, 0.4 um pore size)",10
Theophylline,0.0000342,nan,MDCK-MDR1,7.4,NA,0.9,10.1016/j.ejpb.2012.07.020,Hellinger et al 2012,apical-to-basolateral transwell measurement,"seeded at 5x10^5 cells per 1.12 cm 2 density on Costar Transwell inserts (polycarbonate, 12 mm diameter, 0.4 um pore size)",10
Varenicline,0.0000473,nan,MDCK-MDR1,7.4,NA,1.3,10.1016/j.ejpb.2012.07.020,Hellinger et al 2012,apical-to-basolateral transwell measurement,"seeded at 5x10^5 cells per 1.12 cm 2 density on Costar Transwell inserts (polycarbonate, 12 mm diameter, 0.4 um pore size)",10
Donepezil,0.0000385,nan,MDCK-MDR1,7.4,NA,1.2,10.1016/j.ejpb.2012.07.020,Hellinger et al 2012,apical-to-basolateral transwell measurement,"seeded at 5x10^5 cells per 1.12 cm 2 density on Costar Transwell inserts (polycarbonate, 12 mm diameter, 0.4 um pore size)",10
Galantamine,0.0000394,nan,MDCK-MDR1,7.4,NA,1.4,10.1016/j.ejpb.2012.07.020,Hellinger et al 2012,apical-to-basolateral transwell measurement,"seeded at 5x10^5 cells per 1.12 cm 2 density on Costar Transwell inserts (polycarbonate, 12 mm diameter, 0.4 um pore size)",10
Aniracetam,0.0000809,nan,MDCK-MDR1,7.4,NA,1.3,10.1016/j.ejpb.2012.07.020,Hellinger et al 2012,apical-to-basolateral transwell measurement,"seeded at 5x10^5 cells per 1.12 cm 2 density on Costar Transwell inserts (polycarbonate, 12 mm diameter, 0.4 um pore size)",10
SB-258585,0.0000116,nan,MDCK-MDR1,7.4,NA,2.2,10.1016/j.ejpb.2012.07.020,Hellinger et al 2012,apical-to-basolateral transwell measurement,"seeded at 5x10^5 cells per 1.12 cm 2 density on Costar Transwell inserts (polycarbonate, 12 mm diameter, 0.4 um pore size)",10
Dextromethorphan,0.0000533,nan,MDCK-MDR1,7.4,NA,1.2,10.1016/j.ejpb.2012.07.020,Hellinger et al 2012,apical-to-basolateral transwell measurement,"seeded at 5x10^5 cells per 1.12 cm 2 density on Costar Transwell inserts (polycarbonate, 12 mm diameter, 0.4 um pore size)",10
Dextrorphan,0.0000213,nan,MDCK-MDR1,7.4,NA,2,10.1016/j.ejpb.2012.07.020,Hellinger et al 2012,apical-to-basolateral transwell measurement,"seeded at 5x10^5 cells per 1.12 cm 2 density on Costar Transwell inserts (polycarbonate, 12 mm diameter, 0.4 um pore size)",10
Clomipramine,0.0000081,nan,MDCK-MDR1,7.4,NA,1.1,10.1016/j.ejpb.2012.07.020,Hellinger et al 2012,apical-to-basolateral transwell measurement,"seeded at 5x10^5 cells per 1.12 cm 2 density on Costar Transwell inserts (polycarbonate, 12 mm diameter, 0.4 um pore size)",10
Escitalopram,0.0000217,nan,MDCK-MDR1,7.4,NA,1.8,10.1016/j.ejpb.2012.07.020,Hellinger et al 2012,apical-to-basolateral transwell measurement,"seeded at 5x10^5 cells per 1.12 cm 2 density on Costar Transwell inserts (polycarbonate, 12 mm diameter, 0.4 um pore size)",10
Duloxetine,0.0000124,nan,MDCK-MDR1,7.4,NA,1,10.1016/j.ejpb.2012.07.020,Hellinger et al 2012,apical-to-basolateral transwell measurement,"seeded at 5x10^5 cells per 1.12 cm 2 density on Costar Transwell inserts (polycarbonate, 12 mm diameter, 0.4 um pore size)",10
Riluzole,0.0000875,nan,MDCK-MDR1,7.4,NA,0.9,10.1016/j.ejpb.2012.07.020,Hellinger et al 2012,apical-to-basolateral transwell measurement,"seeded at 5x10^5 cells per 1.12 cm 2 density on Costar Transwell inserts (polycarbonate, 12 mm diameter, 0.4 um pore size)",10
Desipramine,0.0000131,nan,MDCK-MDR1,7.4,NA,1.4,10.1016/j.ejpb.2012.07.020,Hellinger et al 2012,apical-to-basolateral transwell measurement,"seeded at 5x10^5 cells per 1.12 cm 2 density on Costar Transwell inserts (polycarbonate, 12 mm diameter, 0.4 um pore size)",10
Venlafaxine,0.0000351,nan,MDCK-MDR1,7.4,NA,1.5,10.1016/j.ejpb.2012.07.020,Hellinger et al 2012,apical-to-basolateral transwell measurement,"seeded at 5x10^5 cells per 1.12 cm 2 density on Costar Transwell inserts (polycarbonate, 12 mm diameter, 0.4 um pore size)",10
Rhodamine 123,0.0000002,nan,MDCK-MDR1,7.4,NA,3.3,10.1016/j.ejpb.2012.07.020,Hellinger et al 2012,apical-to-basolateral transwell measurement,"seeded at 5x10^5 cells per 1.12 cm 2 density on Costar Transwell inserts (polycarbonate, 12 mm diameter, 0.4 um pore size)",1
Inogatran,0.0000001,0.00000002,cMdr1 KO MDCK,7.4,genetically engineered canine P-Glycoprotein (cMdr1) knockout (KO) MDCK cell line,1.27,https://doi.org/10.1021/acs.molpharmaceut.5c00755,beran et al 2025,apical-to-basolateral transwell measurement,"The cells were plated at a seeding density of 340,000 cells/cm2 on porous membrane inserts (Millicell 96-well, 0.4 μm pore size, MilliporeSigma, Burlington, MA) and cultured in the absence of puromycin for 4 days at 37 °C in a humidified atmosphere of 5% CO2.",150
Furosemide,0.00000031,0.00000008,cMdr1 KO MDCK,7.4,genetically engineered canine P-Glycoprotein (cMdr1) knockout (KO) MDCK cell line,1.12,https://doi.org/10.1021/acs.molpharmaceut.5c00755,beran et al 2025,apical-to-basolateral transwell measurement,"The cells were plated at a seeding density of 340,000 cells/cm2 on porous membrane inserts (Millicell 96-well, 0.4 μm pore size, MilliporeSigma, Burlington, MA) and cultured in the absence of puromycin for 4 days at 37 °C in a humidified atmosphere of 5% CO2.",150
Terbutaline,0.00000011,0.00000003,cMdr1 KO MDCK,7.4,genetically engineered canine P-Glycoprotein (cMdr1) knockout (KO) MDCK cell line,1.2,https://doi.org/10.1021/acs.molpharmaceut.5c00755,beran et al 2025,apical-to-basolateral transwell measurement,"The cells were plated at a seeding density of 340,000 cells/cm2 on porous membrane inserts (Millicell 96-well, 0.4 μm pore size, MilliporeSigma, Burlington, MA) and cultured in the absence of puromycin for 4 days at 37 °C in a humidified atmosphere of 5% CO2.",150
Atenolol,0.00000059,0.0000001,cMdr1 KO MDCK,7.4,genetically engineered canine P-Glycoprotein (cMdr1) knockout (KO) MDCK cell line,1.1,https://doi.org/10.1021/acs.molpharmaceut.5c00755,beran et al 2025,apical-to-basolateral transwell measurement,"The cells were plated at a seeding density of 340,000 cells/cm2 on porous membrane inserts (Millicell 96-well, 0.4 μm pore size, MilliporeSigma, Burlington, MA) and cultured in the absence of puromycin for 4 days at 37 °C in a humidified atmosphere of 5% CO2.",150
Ranitidine,0.00000022,0.00000006,cMdr1 KO MDCK,7.4,genetically engineered canine P-Glycoprotein (cMdr1) knockout (KO) MDCK cell line,1.37,https://doi.org/10.1021/acs.molpharmaceut.5c00755,beran et al 2025,apical-to-basolateral transwell measurement,"The cells were plated at a seeding density of 340,000 cells/cm2 on porous membrane inserts (Millicell 96-well, 0.4 μm pore size, MilliporeSigma, Burlington, MA) and cultured in the absence of puromycin for 4 days at 37 °C in a humidified atmosphere of 5% CO2.",150
Cimetidine,0.00000024,0.00000004,cMdr1 KO MDCK,7.4,genetically engineered canine P-Glycoprotein (cMdr1) knockout (KO) MDCK cell line,1.05,https://doi.org/10.1021/acs.molpharmaceut.5c00755,beran et al 2025,apical-to-basolateral transwell measurement,"The cells were plated at a seeding density of 340,000 cells/cm2 on porous membrane inserts (Millicell 96-well, 0.4 μm pore size, MilliporeSigma, Burlington, MA) and cultured in the absence of puromycin for 4 days at 37 °C in a humidified atmosphere of 5% CO2.",150
Amiloride,0.00000365,0.00000097,cMdr1 KO MDCK,7.4,genetically engineered canine P-Glycoprotein (cMdr1) knockout (KO) MDCK cell line,0.08,https://doi.org/10.1021/acs.molpharmaceut.5c00755,beran et al 2025,apical-to-basolateral transwell measurement,"The cells were plated at a seeding density of 340,000 cells/cm2 on porous membrane inserts (Millicell 96-well, 0.4 μm pore size, MilliporeSigma, Burlington, MA) and cultured in the absence of puromycin for 4 days at 37 °C in a humidified atmosphere of 5% CO2.",150
Carbamazepine,0.00004744,0.00000526,cMdr1 KO MDCK,7.4,genetically engineered canine P-Glycoprotein (cMdr1) knockout (KO) MDCK cell line,1.03,https://doi.org/10.1021/acs.molpharmaceut.5c00755,beran et al 2025,apical-to-basolateral transwell measurement,"The cells were plated at a seeding density of 340,000 cells/cm2 on porous membrane inserts (Millicell 96-well, 0.4 μm pore size, MilliporeSigma, Burlington, MA) and cultured in the absence of puromycin for 4 days at 37 °C in a humidified atmosphere of 5% CO2.",150
Metoprolol,0.00002611,0.00000531,cMdr1 KO MDCK,7.4,genetically engineered canine P-Glycoprotein (cMdr1) knockout (KO) MDCK cell line,1.15,https://doi.org/10.1021/acs.molpharmaceut.5c00755,beran et al 2025,apical-to-basolateral transwell measurement,"The cells were plated at a seeding density of 340,000 cells/cm2 on porous membrane inserts (Millicell 96-well, 0.4 μm pore size, MilliporeSigma, Burlington, MA) and cultured in the absence of puromycin for 4 days at 37 °C in a humidified atmosphere of 5% CO2.",150
Fluvastatin,0.00000391,0.00000032,cMdr1 KO MDCK,7.4,genetically engineered canine P-Glycoprotein (cMdr1) knockout (KO) MDCK cell line,0.36,https://doi.org/10.1021/acs.molpharmaceut.5c00755,beran et al 2025,apical-to-basolateral transwell measurement,"The cells were plated at a seeding density of 340,000 cells/cm2 on porous membrane inserts (Millicell 96-well, 0.4 μm pore size, MilliporeSigma, Burlington, MA) and cultured in the absence of puromycin for 4 days at 37 °C in a humidified atmosphere of 5% CO2.",150
Propranolol,0.00002399,0.00000402,cMdr1 KO MDCK,7.4,genetically engineered canine P-Glycoprotein (cMdr1) knockout (KO) MDCK cell line,1.22,https://doi.org/10.1021/acs.molpharmaceut.5c00755,beran et al 2025,apical-to-basolateral transwell measurement,"The cells were plated at a seeding density of 340,000 cells/cm2 on porous membrane inserts (Millicell 96-well, 0.4 μm pore size, MilliporeSigma, Burlington, MA) and cultured in the absence of puromycin for 4 days at 37 °C in a humidified atmosphere of 5% CO2.",150
Desipramine,0.0000114,0.00000339,cMdr1 KO MDCK,7.4,genetically engineered canine P-Glycoprotein (cMdr1) knockout (KO) MDCK cell line,0.64,https://doi.org/10.1021/acs.molpharmaceut.5c00755,beran et al 2025,apical-to-basolateral transwell measurement,"The cells were plated at a seeding density of 340,000 cells/cm2 on porous membrane inserts (Millicell 96-well, 0.4 μm pore size, MilliporeSigma, Burlington, MA) and cultured in the absence of puromycin for 4 days at 37 °C in a humidified atmosphere of 5% CO2.",150
Antipyrine,0.00003867,0.00000477,cMdr1 KO MDCK,7.4,genetically engineered canine P-Glycoprotein (cMdr1) knockout (KO) MDCK cell line,1.04,https://doi.org/10.1021/acs.molpharmaceut.5c00755,beran et al 2025,apical-to-basolateral transwell measurement,"The cells were plated at a seeding density of 340,000 cells/cm2 on porous membrane inserts (Millicell 96-well, 0.4 μm pore size, MilliporeSigma, Burlington, MA) and cultured in the absence of puromycin for 4 days at 37 °C in a humidified atmosphere of 5% CO2.",150
Piroxicam,0.00003768,0.00000477,cMdr1 KO MDCK,7.4,genetically engineered canine P-Glycoprotein (cMdr1) knockout (KO) MDCK cell line,0.86,https://doi.org/10.1021/acs.molpharmaceut.5c00755,beran et al 2025,apical-to-basolateral transwell measurement,"The cells were plated at a seeding density of 340,000 cells/cm2 on porous membrane inserts (Millicell 96-well, 0.4 μm pore size, MilliporeSigma, Burlington, MA) and cultured in the absence of puromycin for 4 days at 37 °C in a humidified atmosphere of 5% CO2.",150
Ketoprofen,0.00001055,0.00000077,cMdr1 KO MDCK,7.4,genetically engineered canine P-Glycoprotein (cMdr1) knockout (KO) MDCK cell line,0.56,https://doi.org/10.1021/acs.molpharmaceut.5c00755,beran et al 2025,apical-to-basolateral transwell measurement,"The cells were plated at a seeding density of 340,000 cells/cm2 on porous membrane inserts (Millicell 96-well, 0.4 μm pore size, MilliporeSigma, Burlington, MA) and cultured in the absence of puromycin for 4 days at 37 °C in a humidified atmosphere of 5% CO2.",150
Naproxen,0.0000307,0.00000338,cMdr1 KO MDCK,7.4,genetically engineered canine P-Glycoprotein (cMdr1) knockout (KO) MDCK cell line,0.8,https://doi.org/10.1021/acs.molpharmaceut.5c00755,beran et al 2025,apical-to-basolateral transwell measurement,"The cells were plated at a seeding density of 340,000 cells/cm2 on porous membrane inserts (Millicell 96-well, 0.4 μm pore size, MilliporeSigma, Burlington, MA) and cultured in the absence of puromycin for 4 days at 37 °C in a humidified atmosphere of 5% CO2.",150
Acetaminophen,0.00000956,0.00000123,cMdr1 KO MDCK,7.4,genetically engineered canine P-Glycoprotein (cMdr1) knockout (KO) MDCK cell line,1.2,https://doi.org/10.1021/acs.molpharmaceut.5c00755,beran et al 2025,apical-to-basolateral transwell measurement,"The cells were plated at a seeding density of 340,000 cells/cm2 on porous membrane inserts (Millicell 96-well, 0.4 μm pore size, MilliporeSigma, Burlington, MA) and cultured in the absence of puromycin for 4 days at 37 °C in a humidified atmosphere of 5% CO2.",150
Fedratinib,0.0000013,0.00000032,cMdr1 KO MDCK,7.4,genetically engineered canine P-Glycoprotein (cMdr1) knockout (KO) MDCK cell line,0.87,https://doi.org/10.1021/acs.molpharmaceut.5c00755,beran et al 2025,apical-to-basolateral transwell measurement,"The cells were plated at a seeding density of 340,000 cells/cm2 on porous membrane inserts (Millicell 96-well, 0.4 μm pore size, MilliporeSigma, Burlington, MA) and cultured in the absence of puromycin for 4 days at 37 °C in a humidified atmosphere of 5% CO2.",150
Istradefylline,0.0000303,0.00000556,cMdr1 KO MDCK,7.4,genetically engineered canine P-Glycoprotein (cMdr1) knockout (KO) MDCK cell line,0.62,https://doi.org/10.1021/acs.molpharmaceut.5c00755,beran et al 2025,apical-to-basolateral transwell measurement,"The cells were plated at a seeding density of 340,000 cells/cm2 on porous membrane inserts (Millicell 96-well, 0.4 μm pore size, MilliporeSigma, Burlington, MA) and cultured in the absence of puromycin for 4 days at 37 °C in a humidified atmosphere of 5% CO2.",150
Lemborexant,0.00003441,0.00000486,cMdr1 KO MDCK,7.4,genetically engineered canine P-Glycoprotein (cMdr1) knockout (KO) MDCK cell line,0.9,https://doi.org/10.1021/acs.molpharmaceut.5c00755,beran et al 2025,apical-to-basolateral transwell measurement,"The cells were plated at a seeding density of 340,000 cells/cm2 on porous membrane inserts (Millicell 96-well, 0.4 μm pore size, MilliporeSigma, Burlington, MA) and cultured in the absence of puromycin for 4 days at 37 °C in a humidified atmosphere of 5% CO2.",150
Voriconazole,0.00003775,0.00001316,cMdr1 KO MDCK,7.4,genetically engineered canine P-Glycoprotein (cMdr1) knockout (KO) MDCK cell line,0.99,https://doi.org/10.1021/acs.molpharmaceut.5c00755,beran et al 2025,apical-to-basolateral transwell measurement,"The cells were plated at a seeding density of 340,000 cells/cm2 on porous membrane inserts (Millicell 96-well, 0.4 μm pore size, MilliporeSigma, Burlington, MA) and cultured in the absence of puromycin for 4 days at 37 °C in a humidified atmosphere of 5% CO2.",150
Voxelotor,0.00003177,0.00000821,cMdr1 KO MDCK,7.4,genetically engineered canine P-Glycoprotein (cMdr1) knockout (KO) MDCK cell line,0.62,https://doi.org/10.1021/acs.molpharmaceut.5c00755,beran et al 2025,apical-to-basolateral transwell measurement,"The cells were plated at a seeding density of 340,000 cells/cm2 on porous membrane inserts (Millicell 96-well, 0.4 μm pore size, MilliporeSigma, Burlington, MA) and cultured in the absence of puromycin for 4 days at 37 °C in a humidified atmosphere of 5% CO2.",150
