Name,Parent,SMILES,outer_fold,max_similarity_to_train,min_euclidean_distance_to_train,max_cosine_similarity_to_train
30020148_1591,30020148,N#CCSCC(=O)NC1CCCCCC1,1,0.3877551020408163,1.7224616106027741,0.9989764576626259
27429921_447,27429921,Cc1nc(C(C)C)sc1C(=O)Nc1nc(C(C)(C)C)cs1,1,0.4897959183673469,1.3196275989835338,0.9992646462503941
89942347_3160,89942347,CC(C)(O)Cn1nc(-c2ccccc2)c2c(Cl)c(-c3ccccc3)nnc21,1,0.36363636363636365,1.8545344429264043,0.9988550535072209
48759758_2484,48759758,COC(C)(C)C(=O)Nc1ccnc(C(C)(C)C)n1,1,0.43478260869565216,1.330060900861296,0.9991806691279003
13159362_1461,13159362,Cc1ccc2cccc(OCC(=O)N(C)c3ccccc3)c2n1,1,0.4,1.1987022148974573,0.998399038244297
315782_1815,315782,Cc1[nH]c2cc(-c3[nH+]ccn3C)nn2/c(=N\Cc2cccnc2)c1C,1,0.6190476190476191,2.8526331695476403,0.9993642137299351
315782_1813,315782,Cc1nc2cc(-c3[nH+]ccn3C)nn2c(NCc2cccnc2)c1C,1,0.6129032258064516,2.9644923680115407,0.9993319005136079
315782_1814,315782,Cc1[nH]c2cc(-c3[nH+]ccn3C)nn2/c(=[NH+]/Cc2cccnc2)c1C,1,0.6190476190476191,4.401033969421833,0.9991743444329801
36260547_935,36260547,N#CCCC[N@H+]1CC[C@H](c2c[nH]c3ccccc32)CC1,1,0.3939393939393939,1.325211303905894,0.9991320223819256
36915937_984,36915937,O=C(CCNc1nccc[nH+]1)N1CCc2ccccc2C1,1,0.36065573770491804,2.103728594662185,0.9975788811727494
36915937_983,36915937,O=C(CCNc1ncccn1)N1CCc2ccccc2C1,1,0.38333333333333336,1.657568701441922,0.9991460501748662
35690264_1426,35690264,O=C(Nc1ccc(N2CCOCC2)nc1)N1CCc2sccc2C1,1,0.4090909090909091,2.602715697113505,0.9975246203251491
35690264_1427,35690264,O=C(Nc1ccc(N2CCOCC2)[nH+]c1)N1CCc2sccc2C1,1,0.4090909090909091,2.311538232432597,0.998972948418007
42907173_247,42907173,CSCC(=O)N1CCN(C(=O)CSC)C2(CCCCC2)C1,1,0.3,1.3676900233603175,0.9991749952820788
43021930_3509,43021930,CCCCOc1ccccc1-c1cc(C(=O)NCc2ccccc2C)[nH]n1,1,0.625,2.3145591372872634,0.9987382953257096
43021930_3508,43021930,CCCCOc1ccccc1-c1cc(C(=O)NCc2ccccc2C)n[nH]1,1,0.640625,2.520071427558997,0.9984628121387732
49829589_3159,49829589,NC(=O)CCCSc1nc(N)nc(-c2c(Cl)cc3c4c(cccc24)COC3)n1,1,0.22988505747126436,2.5100804767975613,0.9989299220769038
232847331_2859,232847331,Cc1nn(CC[N-]S(=O)(=O)N2CCCCC2)c(C)c1C,1,0.7619047619047619,2.816532797607647,0.9972857320114494
232847331_2858,232847331,Cc1nn(CCNS(=O)(=O)N2CCCCC2)c(C)c1C,1,0.7619047619047619,1.1431474095671572,0.9991283191364925
33313717_1494,33313717,Cn1cc(C(=O)NCCc2c[nH]c3ccccc23)c(-c2cccnc2)n1,1,0.37142857142857144,2.8956589923546936,0.9993892297348879
16252179_448,16252179,CCOC(=O)c1c(C)[nH]c(CN(Cc2ccccc2)C(=O)c2ccccc2Cl)c1C,1,0.3548387096774194,1.9984233785659007,0.9990830106244931
36332254_816,36332254,Cc1nc(C)c2c(C)c(C(=O)N(C)CC[NH+]3CCCC3)sc2n1,1,0.543859649122807,2.0553345226509063,0.9989865836396118
35754541_1582,35754541,CN1CCc2ncnc(N3CCCN(c4nccs4)CC3)c2C1,1,0.42105263157894735,1.4179446392571555,0.9992439393012833
35754541_1581,35754541,C[N@@H+]1CCc2ncnc(N3CCCN(c4nccs4)CC3)c2C1,1,0.3770491803278688,2.2807439575718287,0.9986057908692573
43366944_1213,43366944,CC(C)c1cc(C(=O)N2Cc3ccc(C[N@H+]4CC[N@H+](C)CC4)cc3C2)c([O-])cc1O,1,0.30985915492957744,4.227033948290315,0.9969423022175888
43366944_1210,43366944,CC(C)c1cc(C(=O)N2Cc3ccc(C[NH+]4CCN(C)CC4)cc3C2)c([O-])cc1O,1,0.34782608695652173,3.5942369148401068,0.9967251099986678
43366944_1212,43366944,CC(C)c1cc(C(=O)N2Cc3ccc(C[NH+]4CCN(C)CC4)cc3C2)c(O)cc1[O-],1,0.34782608695652173,3.1208244103119243,0.9982946120094257
43366944_1207,43366944,CC(C)c1cc(C(=O)N2Cc3ccc(CN4CC[NH+](C)CC4)cc3C2)c([O-])cc1O,1,0.29577464788732394,3.383807618645058,0.9973705513895963
43366944_1209,43366944,CC(C)c1cc(C(=O)N2Cc3ccc(CN4CC[NH+](C)CC4)cc3C2)c(O)cc1[O-],1,0.29577464788732394,2.948964564046023,0.9988173810697581
43366944_1211,43366944,CC(C)c1cc(C(=O)N2Cc3ccc(C[NH+]4CCN(C)CC4)cc3C2)c(O)cc1O,1,0.36363636363636365,2.595936439899842,0.9985062800083744
43366944_1208,43366944,CC(C)c1cc(C(=O)N2Cc3ccc(CN4CC[NH+](C)CC4)cc3C2)c(O)cc1O,1,0.3088235294117647,2.393199740932695,0.9981052201861305
106929051_1505,106929051,O=c1c2cccn2c2ccccc2n1CCC[N@H+]1CC[C@H](c2ccc(Cl)cc2)CC1,1,0.46875,2.3020336661308063,0.9982336294873734
36635336_3616,36635336,C[NH+]1CCN(C2=Nc3cc(Cl)ccc3Nc3ccccc32)CC1,1,0.3181818181818182,1.5548552987337065,0.9989534366022992
36635336_3614,36635336,C[NH+]1CC[N+](=C2Nc3cc(Cl)ccc3Nc3ccccc32)CC1,1,0.25,2.126414117710833,0.9973888828532486
36635336_3615,36635336,CN1CC[N+](=C2Nc3cc(Cl)ccc3Nc3ccccc32)CC1,1,0.23684210526315788,1.8728814698214484,0.9988685569726656
140213_1127,140213,C=CCNC(=O)C1(Cc2ccc(-c3ccccc3)cc2)CCN(C(=O)c2cccnc2)CC1,1,0.4507042253521127,2.219775664341245,0.9983337936283547
30438633_1364,30438633,CN1C(=O)COc2ccc(NC(=O)CCN3C(=O)COc4ccc(Cl)cc43)cc21,1,0.5606060606060606,1.5348872922789447,0.9984562772111831
73014318_1271,73014318,Fc1ccc(NCc2cccc(OCCN3CCOCC3)c2)nc1,1,0.35,2.1450314683006386,0.9971954409471893
73014318_1272,73014318,Fc1ccc(NCc2cccc(OCC[NH+]3CCOCC3)c2)nc1,1,0.4,2.0803225711412985,0.9991994539629224
73014318_1273,73014318,Fc1ccc(NCc2cccc(OCCN3CCOCC3)c2)[nH+]c1,1,0.3333333333333333,2.5519465119786267,0.9951102430485892
27448904_3627,27448904,Fc1ccc(Nc2nc(N3CCCCC3)c3nccnc3[nH+]2)cc1,1,0.2903225806451613,2.027687845798992,0.9981546366601932
27448904_3626,27448904,Fc1ccc(Nc2nc(N3CCCCC3)c3nccnc3n2)cc1,1,0.375,1.7000029411733464,0.9996952014070009
Z1611059418_1216,Z1611059418,CC(C)c1nnc(NCc2ccn(C)c2)o1,1,0.5681818181818182,1.6491925296943832,0.9995627854611161
Z1611059418_1217,Z1611059418,CC(C)c1n[nH+]c(NCc2ccn(C)c2)o1,1,0.6,2.2307319426591374,0.9993832915928894
49973690_2055,49973690,C1CCC(OCc2noc(C3CC3)n2)CC1,1,0.35185185185185186,1.338955189690699,0.9989303966203374
50610014_2841,50610014,COC(=O)N1CC(NCc2c(C)nn(C(C)(C)C)c2C)C1,1,0.2982456140350877,1.73592396146812,0.9993197612068224
50610014_2840,50610014,COC(=O)N1CC([NH2+]Cc2c(C)nn(C(C)(C)C)c2C)C1,1,0.29310344827586204,1.8436764900603444,0.9993172238626304
24068092_1674,24068092,O=C(NCC1CC1)c1cncn1-c1ccc(F)cc1,1,0.660377358490566,0.9688281581380318,0.9991519251580611
24068092_1675,24068092,O=C(NCC1CC1)c1c[nH+]cn1-c1ccc(F)cc1,1,0.660377358490566,1.986889528886792,0.9975759793865565
276241702_3190,276241702,CC(C)Cc1ccccc1C[NH2+]Cc1ccc2[nH]cnc2c1,1,0.5,2.18192827563144,0.9965663170671272
276241702_3191,276241702,CC(C)Cc1ccccc1C[NH2+]Cc1ccc2nc[nH]c2c1,1,0.5,2.1246376161595237,0.9975605133783271
276241702_3192,276241702,CC(C)Cc1ccccc1C[NH2+]Cc1ccc2[nH]c[nH+]c2c1,1,0.46153846153846156,3.129781462019341,0.9931170734450113
181799_3340,181799,CNCc1cc(N(C)C)nc([C@H]2CCCN2C(=O)CCc2c[nH]c3ccccc23)[nH+]1,1,0.625,2.2704726380204194,0.9985322692912635
181799_3339,181799,CNCc1cc(N(C)C)nc([C@H]2CCCN2C(=O)CCc2c[nH]c3ccccc23)n1,1,0.6056338028169014,2.6134199815565635,0.9989254981673564
181799_3338,181799,C[NH2+]Cc1cc(N(C)C)nc([C@H]2CCCN2C(=O)CCc2c[nH]c3ccccc23)n1,1,0.6142857142857143,2.352567321034937,0.9990398474321998
177465976_3294,177465976,O=C1CN(C(=O)c2ccc(Cl)cn2)CCN1CCc1ccccc1,1,0.3333333333333333,1.6077067518671628,0.9991990581069492
24888190_573,24888190,O=C1CCCN1c1ccc(C[N@H+]2CC[C@@H](c3noc4cc(F)ccc43)CC2)cc1,1,0.3333333333333333,2.0808219529792504,0.99954400061774
82703737_2615,82703737,CCN(CCOC)C(=O)Nc1ccc2occc(=O)c2c1,1,0.30357142857142855,1.2010611974416812,0.9989973937172201
145071_505,145071,COc1ccccc1CNC(=O)c1cnc(C2CCN(C(=O)C(C)(C)C)CC2)nc1C,1,0.3918918918918919,2.3528892876630416,0.9989256333280738
44498594_795,44498594,CC(=O)N1CCN(C(=O)CCc2ccc(-c3ccccc3)[nH]2)CC1,1,0.35294117647058826,1.6316081024553197,0.9994354572473767
53815321_2678,53815321,C[N@@H+](CCSc1ccc2nnc(C(F)F)n2n1)Cc1ccccc1,1,0.28125,2.8535106448022405,0.9979402386017728
31881571_897,31881571,CCCC(=O)Nc1ccc(-n2cccn2)nc1,1,0.45614035087719296,1.8217483360771505,0.9995587368938487
38477365_2398,38477365,Cc1ccc(CN)c(-n2cc(Cl)cn2)n1,1,0.2631578947368421,1.9545168200860707,0.9997457384656664
38477365_2397,38477365,Cc1ccc(C[NH3+])c(-n2cc(Cl)cn2)n1,1,0.2631578947368421,2.1619061034194615,0.9985226000659014
33361007_1137,33361007,O=C(Nc1cccc(-c2cnco2)c1)C1(c2cccc(F)c2)CCOCC1,1,0.4024390243902439,1.9162580723896039,0.9980152116805454
181831_2498,181831,CNCc1cc(N(C)C)nc([C@@H]2CCCN2C(=O)c2ccccc2-c2ccccc2)n1,1,0.640625,1.7731221052143797,0.9990471826012477
181831_2499,181831,CNCc1cc(N(C)C)nc([C@H]2CCCN2C(=O)c2ccccc2-c2ccccc2)[nH+]1,1,0.6515151515151515,1.9555431470564555,0.9988472387655111
181831_2497,181831,C[NH2+]Cc1cc(N(C)C)nc([C@@H]2CCCN2C(=O)c2ccccc2-c2ccccc2)n1,1,0.640625,2.425144119428677,0.9987441429535233
46622380_1681,46622380,CN(C)c1cnn(CCC(C#N)(c2ccccc2)c2ccccc2)c(=O)c1,1,0.2698412698412698,1.7140338386390612,0.9991988337634524
49968164_1447,49968164,CCc1cc(N(C)Cc2ccc(N)nc2)nc(C)[nH+]1,1,0.423728813559322,1.7527407110006836,0.9986358178374675
49968164_1449,49968164,CCc1cc(N(C)Cc2ccc(N)[nH+]c2)nc(C)[nH+]1,1,0.44642857142857145,2.542151647718872,0.9982323528209134
49968158_3068,49968158,Cc1nc(N(C)Cc2ccc(N)nc2)cc[nH+]1,1,0.4528301886792453,1.8759864072003993,0.9986511301561157
49968158_3067,49968158,Cc1nccc(N(C)Cc2ccc(N)nc2)n1,1,0.47058823529411764,1.3915818337415766,0.9992819903062453
49968164_1448,49968164,CCc1cc(N(C)Cc2ccc(N)nc2)nc(C)n1,1,0.43859649122807015,1.2819348657400358,0.9987714188870156
49968176_804,49968176,CCc1ncnc(N(C)Cc2ccc(N)nc2)c1F,1,0.4642857142857143,1.2478465450526002,0.999583092822797
49968176_805,49968176,CCc1ncnc(N(C)Cc2ccc(N)[nH+]c2)c1F,1,0.46551724137931033,1.6174108939909204,0.9985025348303463
30400370_238,30400370,O=C(CSc1nc2[nH]c(=O)cc(O)c2s1)c1ccc(-c2ccccc2)cc1,1,0.3076923076923077,3.0430381200373344,0.9929518602054569
30400370_237,30400370,O=C(CSc1nc2[nH]c(=O)cc([O-])c2s1)c1ccc(-c2ccccc2)cc1,1,0.30303030303030304,3.8468459808003463,0.9934686620829288
49829625_2583,49829625,Cc1cc(N2CCOCC2)ccc1Nc1nc(NC2CCCCC2)c2nc[nH]c2[nH+]1,1,0.3118279569892473,3.0756142475932307,0.9975492800214478
49829625_2586,49829625,Cc1cc(N2CCOCC2)ccc1Nc1nc(NC2CCCCC2)c2[nH]cnc2[nH+]1,1,0.3118279569892473,3.758107901591134,0.9985500632689718
49829625_2585,49829625,Cc1cc(N2CCOCC2)ccc1Nc1nc(NC2CCCCC2)c2nc[nH]c2n1,1,0.367816091954023,5.004210227398737,0.9991144020126455
49829625_2584,49829625,Cc1cc(N2CCOCC2)ccc1Nc1nc2[nH]cnc2c(NC2CCCCC2)[nH+]1,1,0.3010752688172043,3.9226971588435897,0.9985225054976673
46223729_1063,46223729,Cc1nc(N2CC[NH+](C)CC2)nc(C)c1NC(=O)C1CCCCC1,1,0.37735849056603776,2.031056867741682,0.998869701011156
46223729_1064,46223729,Cc1nc(N2CCN(C)CC2)nc(C)c1NC(=O)C1CCCCC1,1,0.34545454545454546,1.9173340866945905,0.9980279432844784
320405235_195,320405235,C=CC(=O)N(C)CCOc1c(N)ncnc1-c1cc(F)cc(NC(=O)c2ccc(C3CC3)cc2F)c1C,1,0.25892857142857145,2.6213128390178753,0.9981568192518033
13419387_1152,13419387,Cc1sc2nc(C[NH+]3CCCC3)nc(N)c2c1C,1,0.43333333333333335,1.7592458611576698,0.9995620697911806
13419387_1153,13419387,Cc1sc2nc(CN3CCCC3)nc(N)c2c1C,1,0.45614035087719296,1.790260874844419,0.9996730517586051
1557197_2221,1557197,Cc1cccc(-n2c(CNc3ccc(F)cc3)n[nH+]c2[S-])c1,1,0.4,1.7499222839885873,0.9988140972946604
49946976_891,49946976,Cc1nn(C)c(NCc2ccc(F)c(Cl)c2)[nH+]1,1,0.4897959183673469,1.1507519280886125,0.9990094208999374
49354299_3274,49354299,Cn1nc[nH+]c1NCc1cc(F)cc(F)c1,1,0.4888888888888889,2.592955842277518,0.9985513849999048
49354299_3275,49354299,Cn1ncnc1NCc1cc(F)cc(F)c1,1,0.4883720930232558,1.6966463980452349,0.9984823702908486
49947026_2946,49947026,Cc1nn(C)c(NCc2ccc(F)cc2)[nH+]1,1,0.5581395348837209,1.8898052809747552,0.9983296496177799
295413823_2907,295413823,CC[C@@H]1C(=O)N(C)c2cnc(-n3ccnc3-c3ccc(F)cc3)nc2N1c1ccn(C)n1,1,0.2911392405063291,2.36974724390657,0.9996314643816656
295413823_2908,295413823,CC[C@@H]1C(=O)N(C)c2cnc(-n3cc[nH+]c3-c3ccc(F)cc3)nc2N1c1ccn(C)n1,1,0.25609756097560976,2.789999641576483,0.9994556993977642
46745630_2426,46745630,Cn1nc(CNC(=O)C2CCC2)c2ccccc21,1,0.43333333333333335,0.9663648379378224,0.999551088739225
30062609_2940,30062609,CC(=O)N1CCN(C(=O)CS(=O)(=O)[C@]23C[C@H]4C[C@H](C[C@H](C4)C2)C3)CC1,1,0.2807017543859649,1.7277360909583228,0.9991401535158319
171813413_3178,171813413,C[C@]1(O)CN(C(=O)Cn2cnc3ccccc3c2=O)CC[C@@H]1Oc1ccccc1,1,0.7833333333333333,2.074846500346576,0.9987558914824554
48752652_2168,48752652,COc1cc(NC(=O)c2ccc(F)cc2C)ncn1,1,0.39655172413793105,1.8558512871456225,0.999312804367064
43423819_2257,43423819,Cc1ccc(Nc2cc[nH+]c(Nc3ccc(C)cc3)n2)cc1,1,0.3620689655172414,2.7212210494555937,0.9954313867570842
43423819_2256,43423819,Cc1ccc(Nc2ccnc(Nc3ccc(C)cc3)n2)cc1,1,0.35714285714285715,1.8330043644252967,0.9983562129182072
46339059_193,46339059,C=CC(=O)Nc1cccc(Nc2nc(Nc3ccc(OCCOC)cc3)ncc2F)c1,1,0.3804347826086957,2.1484315209010156,0.9993169335497852
32389082_731,32389082,Cc1ccc2c(C(=O)N(C)C)cc(-c3cnc(C(C)C)nc3)nc2c1C,1,0.265625,1.608114112866458,0.9986282556358528
3112768_3521,3112768,N#Cc1ccc(COc2cnc3ccccc3n2)cc1,1,0.3275862068965517,1.4302450838930978,0.9984431778858351
LN01331065_1771,LN01331065,[O-]/N=C1\CCc2cc(-c3cn(CCO)nc3-c3cc[nH+]cc3)ccc21,1,0.2222222222222222,2.0490780853839823,0.9992380358074447
LN01331065_1770,LN01331065,[O-]/N=C1\CCc2cc(-c3cn(CCO)nc3-c3ccncc3)ccc21,1,0.2702702702702703,1.83360301046881,0.9989689179168325
29686205_476,29686205,CN(Cc1cnn(C)c1)c1ncnc2c1oc1ccccc12,1,0.359375,1.912224620697031,0.9992038466111915
49945934_1105,49945934,Cc1cnn(/C=C2/NN=C(c3ccccc3)S2)c1,1,0.3333333333333333,1.4550230238732722,0.9996911561676538
42942710_1824,42942710,Cc1cc(N(C)C)nc(-n2cc[nH+]c2)n1,1,0.4166666666666667,2.127418153537411,0.9986849017262309
42942710_1823,42942710,Cc1cc(N(C)C)nc(-n2ccnc2)n1,1,0.45652173913043476,1.5220693151105564,0.9988912427483482
313833267_3467,313833267,Cc1cn2nc(-c3cc(=O)n4cc(N5CCNC6(CC6)C5)ccc4n3)cc(C)c2[nH+]1,1,0.32954545454545453,2.815858483659889,0.9986372761228612
313833267_3465,313833267,Cc1cn2nc(-c3cc(=O)n4cc(N5CC[NH2+]C6(CC6)C5)ccc4n3)cc(C)c2[nH+]1,1,0.3448275862068966,3.4563088692998427,0.9983477699563786
313833267_3466,313833267,Cc1cn2nc(-c3cc(=O)n4cc(N5CC[NH2+]C6(CC6)C5)ccc4[nH+]3)cc(C)c2[nH+]1,1,0.32222222222222224,3.4729137622467685,0.9973626582498036
316977624_3498,316977624,CCc1c[nH]c2ncnc(N3CCC(CN4CC[NH+](C)CC4)CC3)c12,1,0.30158730158730157,2.977449075970573,0.9984150062027157
316977624_3499,316977624,CCc1c[nH]c2nc[nH+]c(N3CCC(C[NH+]4CCN(C)CC4)CC3)c12,1,0.3026315789473684,2.882576451717504,0.9983267909318976
316977624_3500,316977624,CCc1c[nH]c2nc[nH+]c(N3CCC(CN4CC[NH+](C)CC4)CC3)c12,1,0.2923076923076923,3.0760331597689614,0.9988852555648317
316977624_3501,316977624,CCc1c[nH]c2ncnc(N3CCC(C[N@H+]4CC[N@H+](C)CC4)CC3)c12,1,0.29333333333333333,3.3456316294535693,0.9979862349070199
316977624_3502,316977624,CCc1c[nH]c2nc[nH+]c(N3CCC(C[N@H+]4CC[N@H+](C)CC4)CC3)c12,1,0.2857142857142857,4.246835527778477,0.9973892021389539
316977624_3497,316977624,CCc1c[nH]c2ncnc(N3CCC(C[NH+]4CCN(C)CC4)CC3)c12,1,0.3108108108108108,2.6883493076607827,0.9973860055144355
258731_3720,258731,COc1cccc(S(=O)(=O)N2CCO[C@@H](c3c(C(N)=O)sc4ncccc34)C2)c1,1,0.32989690721649484,2.555061643092149,0.9987220070007602
49084025_2693,49084025,O=C(NCC1CCC2(CC1)OCCO2)c1n[nH]c2c1CCCC2,1,0.543859649122807,1.8738209626319982,0.9991964813125724
36682965_1472,36682965,CC(=O)NC1(C(=O)N2CCCN(c3cccnn3)CC2)CCCCC1,1,0.375,1.737129816680367,0.9991768335638193
18817139_397,18817139,O=c1n(CCc2ccncc2)nnn1-c1ccccc1,1,0.39622641509433965,1.4952638563141982,0.9995895853840232
235805590_1455,235805590,Cn1c(=O)n(C2CCCC2)c(=O)c2c(F)cccc21,1,0.32142857142857145,1.6331631884167903,0.9982024170711667
3683577_1926,3683577,COc1cc2c(cc1OC)CN(C(=O)[C@@H]1CCCN(S(=O)(=O)c3cccs3)C1)CC2,1,0.6923076923076923,2.492729828922686,0.9986215059281167
232853784_3284,232853784,Cc1nc(N(C)C[C@H]2CC[N@H+](C)CC2)c(Cl)c(=O)[nH]1,1,0.3508771929824561,1.793504112066797,0.9982898962955046
232853784_3283,232853784,Cc1nc(=O)c(Cl)c(N(C)C[C@H]2CC[N@H+](C)CC2)[nH]1,1,0.3508771929824561,1.3922007757507595,0.9992471866050577
11001656_3668,11001656,Cc1ccc(-c2ccc(NC(=O)c3ncoc3-c3ccccc3)cc2)o1,1,0.3787878787878788,1.8767461202844335,0.9990977580626663
316272522_3251,316272522,Cc1ccc(Cl)c(OC[C@@]2(O)C[N@H+](C3CCCC3)CC[C@@H]2O)c1,1,0.9574468085106383,1.669939220450669,0.9984349025831776
24126665_356,24126665,Clc1ccc2c(Oc3cccnc3)ncnc2c1,1,0.3220338983050847,2.1748565469935217,0.9971768736419143
324071116_3449,324071116,N#Cc1cc(F)c([N-]S(=O)(=O)c2c[nH]c3cc(Cl)ccc23)cc1F,1,0.25882352941176473,2.397367514587885,0.9992989203105094
324071116_3450,324071116,N#Cc1cc(F)c(NS(=O)(=O)c2c[nH]c3cc(Cl)ccc23)cc1F,1,0.26506024096385544,3.5573365036218187,0.9984459142444242
32015702_1119,32015702,CC(=O)N1CCCN(C(=O)Nc2ccc(N(C)C3CCCCC3)c(F)c2)CC1,1,0.38461538461538464,1.9559373711851995,0.9992270578295149
43657166_1589,43657166,CC1(C)CCN(C(=O)NCCOc2cccnc2)C1,1,0.3870967741935484,1.6368426925027217,0.9986977026043891
3562110_1693,3562110,NC(=O)COc1ncnc2ccccc12,1,0.40476190476190477,1.8637333500262305,0.9972417903778935
7689820_1840,7689820,Nc1nc(N)c2c(Cl)c(Br)ccc2n1,1,0.3157894736842105,5.526487582542851,0.9863297313987112
36680675_720,36680675,CCSCc1nc(=[NH2+])c2ccccc2[nH]1,1,0.46153846153846156,1.365128199108043,0.9990788238238337
36258440_1650,36258440,C[NH+](C)C(C)(C)CNc1ncnc2ccccc12,1,0.45098039215686275,1.5504315528263766,0.999094348765278
7689820_1841,7689820,Nc1nc2ccc(Br)c(Cl)c2c(N)[nH+]1,1,0.3389830508474576,4.730045560034449,0.994705580974
36258440_1651,36258440,C[NH+](C)C(C)(C)C/[NH+]=c1\nc[nH]c2ccccc12,1,0.4716981132075472,2.1513035583107145,0.9984265948181594
36680675_719,36680675,CCSCc1nc(N)c2ccccc2n1,1,0.44,1.1528031054781984,0.9991072690218269
7689820_1839,7689820,Nc1nc(N)c2c(Cl)c(Br)ccc2[nH+]1,1,0.3389830508474576,4.659003863488529,0.9960374481183337
36933237_1419,36933237,CC(C)(C)n1ncc(C(=O)N2CCCn3nc[nH+]c32)c1C(F)(F)F,1,0.23943661971830985,2.908976796057407,0.9982707651068911
36933237_1418,36933237,CC(C)(C)n1ncc(C(=O)N2CCCn3ncnc32)c1C(F)(F)F,1,0.24285714285714285,1.3703517796539424,0.999056054101056
53815325_2389,53815325,C[N@H+](CCSc1ccc2nnnn2n1)Cc1ccccc1,1,0.3333333333333333,2.107575621419017,0.9990968225978943
82741579_2588,82741579,O=C(NCCc1c[nH]nn1)C1Cc2ccccc2C1,1,0.4166666666666667,1.7143173568509666,0.9986088134760273
82741579_2587,82741579,O=C(NCCc1cnn[nH]1)C1Cc2ccccc2C1,1,0.4166666666666667,1.6839976247015642,0.9987767610119357
36334458_3666,36334458,CCC(=O)Nc1cccc(C(=O)N2CCN(C)Cc3ccccc32)c1,1,0.4090909090909091,1.2254546095224945,0.9985602464048263
36334458_3665,36334458,CCC(=O)Nc1cccc(C(=O)N2CC[N@H+](C)Cc3ccccc32)c1,1,0.4117647058823529,1.213973640570894,0.9992341460664548
49837375_3418,49837375,Cc1c(C(=O)Nc2ccc(N3CCC([NH+]4CCOCC4)CC3)c(C#N)c2)cnn1-c1ccc(Cl)cc1,1,0.3137254901960784,2.627720114471874,0.9975975026271405
49837375_3419,49837375,Cc1c(C(=O)Nc2ccc(N3CCC(N4CCOCC4)CC3)c(C#N)c2)cnn1-c1ccc(Cl)cc1,1,0.30303030303030304,3.5487238551343716,0.9976133697472295
31882595_991,31882595,CS(=O)(=O)[N-]C1CCN(C(=O)NCCc2ccc(F)cc2)CC1,1,0.43137254901960786,2.1366038472305866,0.9983879013737054
31882595_990,31882595,CS(=O)(=O)NC1CCN(C(=O)NCCc2ccc(F)cc2)CC1,1,0.44,1.5268421660406601,0.9989214348765376
60180599_187,60180599,CC(C)(C)OC(=O)c1ccc(-n2ncc(-n3ccnn3)c2O)nc1,1,0.323943661971831,2.852166369621683,0.9985463401312588
60180599_186,60180599,CC(C)(C)OC(=O)c1ccc(-n2[nH]cc(-n3ccnn3)c2=O)nc1,1,0.29411764705882354,2.8804944020083902,0.9980849615734377
60180599_185,60180599,CC(C)(C)OC(=O)c1ccc(-n2ncc(-n3ccnn3)c2[O-])nc1,1,0.3142857142857143,2.319114701777478,0.9981372813879817
32009682_1140,32009682,Cn1cc(CCNC(=O)N2CCc3sccc3C2)cn1,1,0.6,1.6084253168863072,0.9992190311765523
416572_2967,416572,COc1ccc(-c2nc(NC(C)C)ncc2-c2[nH]cc[nH+]2)cc1,1,0.296875,1.4949581933954763,0.9993203176726098
416572_2968,416572,COc1ccc(-c2nc(NC(C)C)ncc2-c2ncc[nH]2)cc1,1,0.32786885245901637,2.0444840424912347,0.9988026952865797
177377491_3264,177377491,Cc1[nH]nc(CCC(=O)NCCCOC2CCCC2)c1C,1,0.9782608695652174,1.6819429241205242,0.9989104012851923
177377491_3265,177377491,Cc1n[nH]c(CCC(=O)NCCCOC2CCCC2)c1C,1,0.9782608695652174,1.854470814005897,0.9991969390310552
45750904_2061,45750904,Cc1nc(CNC2CCN(C(=O)C3CC3)CC2)cs1,1,0.375,0.7983864978816902,0.9996186005744511
45750904_2060,45750904,Cc1nc(C[NH2+]C2CCN(C(=O)C3CC3)CC2)cs1,1,0.359375,1.8913180589206684,0.9990344935661439
231817334_1055,231817334,CSc1ncccc1C(=O)Nc1ccc(N2CCCCC2=O)cc1,1,0.5,1.8884321539308848,0.9990997873674529
43881116_2814,43881116,Cc1ccc2[nH+]c(C[N@@H+](C)Cc3cccc(Cl)c3Cl)cc(=O)n2c1,1,0.4827586206896552,1.9353335629803285,0.9979969340445186
43881116_2813,43881116,Cc1ccc2[nH+]c(CN(C)Cc3cccc(Cl)c3Cl)cc(=O)n2c1,1,0.4827586206896552,1.3348288279774734,0.9989269099909438
36931743_633,36931743,N#CC1(C(=O)N2CCN(Cc3ccccn3)CC2)CCCCC1,1,0.3484848484848485,1.5022612955140187,0.999464509632687
36931743_634,36931743,N#CC1(C(=O)N2CC[NH+](Cc3ccccn3)CC2)CCCCC1,1,0.36764705882352944,1.4920559640982376,0.9984994168160538
131219_2733,131219,Cc1cc(Nc2ccc(F)cn2)cc([C@H]2CCN(C(=O)CCn3ncc4ccccc43)C2)n1,1,0.6842105263157895,2.6563346927667295,0.9994500752094646
131219_2732,131219,Cc1cc(Nc2ccc(F)cn2)cc([C@@H]2CCN(C(=O)CCn3ncc4ccccc43)C2)[nH+]1,1,0.6794871794871795,2.692228444987415,0.9993632417630197
49088739_2469,49088739,CC(C)OCCS(=O)(=O)N1CCc2ccccc2CC1,1,0.46938775510204084,1.2149156349305954,0.9990084759960316
44508995_3333,44508995,CN(C)S(=O)(=O)CCC[NH+]1CCc2ccccc2CC1,1,0.4583333333333333,1.9769974709140434,0.9988081036764905
44598747_1266,44598747,CCNC(=O)N1CCC2(CCc3ccccc3O2)CC1,1,0.5,1.4861103592936868,0.9987036545323281
44598735_1265,44598735,CCOCC(=O)N1CCC2(CCc3ccccc3O2)CC1,1,0.36507936507936506,1.7635648556259027,0.9997154984132692
324086_2800,324086,Cc1cnccc1-c1cnc(N(C)C)nc1-c1ccco1,1,0.323943661971831,1.3658396684828822,0.9995887701937347
31213616_2106,31213616,Cc1noc(-c2ccc(NC(=O)Cc3ccccc3)cc2)n1,1,0.4444444444444444,1.4785161480348215,0.9992955669613175
152925_1018,152925,NC(=O)CN1CCC(Oc2cccc(F)c2)CC1,1,0.42105263157894735,1.5817123632316867,0.9958046881058334
152939_687,152939,Cc1cccc(O[C@H]2CC[N@H+](CC(N)=O)CC2)c1,1,0.39655172413793105,2.2038382427029024,0.9979787258791374
152939_686,152939,Cc1cccc(OC2CCN(CC(N)=O)CC2)c1,1,0.421875,2.010955742924375,0.997453083445003
152925_1019,152925,NC(=O)C[N@H+]1CC[C@@H](Oc2cccc(F)c2)CC1,1,0.42105263157894735,2.080697479212264,0.9970719512797028
324058573_3462,324058573,N#Cc1ccc(NS(=O)(=O)c2c[nH]c3nc(Cl)ccc23)c(F)c1,1,0.3181818181818182,4.34462610589226,0.9974726943431153
324058573_3463,324058573,N#Cc1ccc([N-]S(=O)(=O)c2c[nH]c3nc(Cl)ccc23)c(F)c1,1,0.27058823529411763,3.339242878258751,0.9960738926224217
13484504_1622,13484504,CCc1nc2ccccc2n1CC(=O)Nc1ncc(C)s1,1,0.4375,1.7994460258645122,0.9995261213691006
13484504_1623,13484504,CCc1[nH+]c2ccccc2n1CC(=O)Nc1ncc(C)s1,1,0.4307692307692308,1.9696334684405765,0.9994007292391962
316806315_1446,316806315,CC(C)c1noc(C[N@H+]2CC[C@H](n3c(=O)[nH]c4ccccc43)CC2)n1,1,0.671875,2.0706286485024554,0.9994854128338992
316806315_1445,316806315,CC(C)c1noc(CN2CCC(n3c(=O)[nH]c4ccccc43)CC2)n1,1,0.6666666666666666,2.0036841068389846,0.9993313185993249
19625558_386,19625558,CCN(C(=O)CN1CCNC(=O)C1)c1ccc(F)cc1,1,0.45098039215686275,1.6245771757599665,0.998785309812899
341560_2107,341560,Cc1ccc([C@]2(O)CC[N@@H+](Cc3cn(C)c4ccc(F)cc34)CC2)cc1,1,0.47540983606557374,2.43080583346379,0.9990377684501052
43571967_1718,43571967,CCc1nc(C)c(Cn2cc[nH+]c2-c2cnc(N3CCCC3)nc2)s1,1,0.3088235294117647,2.0783154236065005,0.9994839757071057
18877730_232,18877730,O=C(CSc1[nH+]ccn1C1CC1)Nc1c(Cl)cc(Cl)cc1C(=O)[O-],1,0.23076923076923078,1.983951360291127,0.9993387108910243
18877730_231,18877730,O=C(CSc1nccn1C1CC1)Nc1c(Cl)cc(Cl)cc1C(=O)[O-],1,0.28,1.9778430170266452,0.9992383372492872
31854715_1833,31854715,CNC(=O)CCc1nc(-c2ccccn2)no1,1,0.4716981132075472,1.0339970986414868,0.9993948642837496
30569846_3685,30569846,Cc1ccc(Cn2ccn(-c3ccc(F)c(F)c3)c(=O)c2=O)cc1,1,0.39215686274509803,1.6265125268498961,0.9995736435723307
16154631_3684,16154631,O=c1c(=O)n(-c2ccc(F)c(F)c2)ccn1Cc1ccccc1Cl,1,0.42,1.1695469208200984,0.9989917557065354
142671_428,142671,CCCNC(=O)C1(Cc2ccccn2)CCOCC1,1,0.41935483870967744,1.7061280725665968,0.9991492667123852
299989682_77,299989682,C[N@@H+]1[C@@H]2CC[C@H]1C[C@H](OC(c1ccccc1)c1ccccc1)C2,1,0.23636363636363636,1.4452892444073646,0.9989197860847917
3301248_3592,3301248,Cc1cnc(NC(=O)c2cc(S(=O)(=O)N(C)C)ccc2N2CCCC2)s1,1,0.3116883116883117,2.464876670342566,0.9987468784652809
16223443_3066,16223443,CCOc1ccc(CNC(=O)Cn2ccc3cc(S(=O)(=O)N4CCCC4)ccc32)cc1,1,0.421875,2.8704828862058402,0.9982574148359191
49132706_2477,49132706,CC(=O)N1CC[N@H+](Cc2nc(=O)cc(C(F)(F)F)[nH]2)C(C)(C)C1,1,0.3055555555555556,1.6027476407722208,0.9989652593151199
49132706_2476,49132706,CC(=O)N1CCN(Cc2nc(=O)cc(C(F)(F)F)[nH]2)C(C)(C)C1,1,0.28169014084507044,1.186749341689441,0.9989254734543378
49132706_2478,49132706,CC(=O)N1CCN(Cc2nc([O-])cc(C(F)(F)F)n2)C(C)(C)C1,1,0.3076923076923077,2.0566424093654083,0.9985200601509707
32278227_3126,32278227,CC(C)c1cc(C(C)C)c(C/C([O-])=N\S(=O)(=O)Oc2c(C(C)C)cccc2C(C)C)c(C(C)C)c1,1,0.23880597014925373,5.362226403276832,0.9993247097679808
300635762_2560,300635762,COc1ccc(C[C@@H]2CN3CCN(C(=O)OCc4ccccc4)C[C@H]3CO2)cc1,1,0.34328358208955223,2.0401882266107307,0.9998190915731372
300635762_2561,300635762,COc1ccc(C[C@H]2C[N@@H+]3CCN(C(=O)OCc4ccccc4)C[C@H]3CO2)cc1,1,0.352112676056338,1.8089458256120687,0.9986483763394413
150563_316,150563,O=C(c1cccnc1)N1CCC[C@@H](c2cccc(-c3cccc(Cl)c3)n2)C1,1,0.6885245901639344,0.6111644623170573,0.9997010944220354
150563_317,150563,O=C(c1cccnc1)N1CCC[C@H](c2cccc(-c3cccc(Cl)c3)[nH+]2)C1,1,0.7096774193548387,0.7682577692414294,0.999580564763397
177405420_3019,177405420,Cc1cc(CNC(=O)N(C)Cc2c(C)nn(C)c2C)cnc1C,1,0.5454545454545454,1.4785891924397319,0.9995604536408218
33312531_1270,33312531,Cc1noc(C2CCN(C(=O)C3(c4cccc(F)c4)CCC3)CC2)n1,1,0.37142857142857144,1.7035615633137762,0.9991441678911818
6892467_600,6892467,COc1cc(CNc2nnn[nH]2)cc(Br)c1OCc1ccc(Cl)cc1,1,0.3333333333333333,2.9679597369236763,0.9906480181081839
6892467_599,6892467,COc1cc(CNc2nnn[n-]2)cc(Br)c1OCc1ccc(Cl)cc1,1,0.3333333333333333,1.9789375937607727,0.9970466782838039
49949882_845,49949882,Cc1ccc(F)cc1CNc1cc(C(=O)N(C)C)ccn1,1,0.36363636363636365,1.099367545454762,0.9996430624222667
49962786_2804,49962786,CN(C)C(=O)c1ccnc(NCc2cccc(C#N)c2)c1,1,0.4406779661016949,1.6782073769353103,0.9994760059297874
49949882_846,49949882,Cc1ccc(F)cc1CNc1cc(C(=O)N(C)C)cc[nH+]1,1,0.36363636363636365,1.5309800782504623,0.9981182635828447
49962786_2805,49962786,CN(C)C(=O)c1cc[nH+]c(NCc2cccc(C#N)c2)c1,1,0.3870967741935484,1.2955180431008761,0.9980178573687142
50613596_2521,50613596,CCCNC(=O)C1(NCc2csnn2)CCCCC1,1,0.5882352941176471,1.9256915640877663,0.9986909531740534
50613596_2522,50613596,CCCNC(=O)C1([NH2+]Cc2csnn2)CCCCC1,1,0.6,2.0085985163792333,0.998517459520611
48773349_3015,48773349,O=C([O-])c1ccccc1COc1cccc2cccnc12,1,0.4,0.757083218675496,0.9991857004948524
43258693_3722,43258693,O=C(c1ccc2c(c1)CCCC2)N1CCOC[C@H]1c1cc[nH]n1,1,0.3114754098360656,2.0055532902420143,0.9987974708960637
43258693_3721,43258693,O=C(c1ccc2c(c1)CCCC2)N1CCOC[C@@H]1c1ccn[nH]1,1,0.3114754098360656,1.705778707804731,0.9987047777274907
LN00130941_178,LN00130941,COC(c1ccccc1)(c1ccccc1)[C@H](Oc1nc(C)cc(C)n1)C(=O)[O-],1,0.25862068965517243,2.6420647229014103,0.9969373766435744
31901754_558,31901754,Cc1ccc2nc(C)c(C(=O)N3CCC(C(=O)Nc4ccncc4)CC3)cc2c1,1,0.42028985507246375,1.5777566352260786,0.9991748735926091
31901754_559,31901754,Cc1ccc2nc(C)c(C(=O)N3CCC(C(=O)Nc4cc[nH+]cc4)CC3)cc2c1,1,0.4142857142857143,2.1048303969678255,0.9982633846151383
2266063_3573,2266063,Cc1cccc2sc(NC(=O)c3cccnc3)nc12,1,0.5,1.1643435919011265,0.9996325939907521
33362309_1374,33362309,COc1ccc(-c2csc3ncnc(Oc4ccc(C)nc4)c23)cc1,1,0.5,1.4831153023285448,0.9994999315577513
49946792_2569,49946792,Cc1nc(C)c(CNc2[nH+]cnn2C)s1,1,0.48936170212765956,1.0304198173564174,0.99924922622767
49946792_2570,49946792,Cc1nc(C)c(CNc2ncnn2C)s1,1,0.4888888888888889,1.5088823678476502,0.9996967336949977
49946968_416,49946968,Cc1nn(C)c(NCc2scnc2C)[nH+]1,1,0.6428571428571429,1.1846463607345206,0.9993524106911735
24053614_3247,24053614,Cn1c(=O)n(Cc2cccnc2)c(=O)c2ccc(C(F)(F)F)nc21,1,0.36363636363636365,1.6664774225888295,0.998790633630047
36466247_522,36466247,CCOc1ncccc1-c1cc(Cl)ccc1O,1,0.43137254901960786,1.09950079581577,0.9993206382967729
36466247_523,36466247,CCOc1ncccc1-c1cc(Cl)ccc1[O-],1,0.43137254901960786,2.523683419131652,0.9974861495477717
48305854_458,48305854,Cc1nc(CCN2C(=O)NC(C)(C)C2=O)cs1,1,0.41509433962264153,0.8639456001387353,0.9996444757525622
50615726_2451,50615726,Cc1ccnc(-n2nccc2NC(=O)NC2(C)CCC2)c1,1,0.559322033898305,2.4261809495574855,0.9991072317628299
49832746_1442,49832746,Oc1c(-n2ccnn2)cnn1-c1cc(N2CCOCC2)ncn1,1,0.3333333333333333,1.9731606624905473,0.9991349053842047
49832746_1440,49832746,[O-]c1c(-n2ccnn2)cnn1-c1cc(N2CCOCC2)ncn1,1,0.3333333333333333,2.4011476422743137,0.9987012231819928
49832746_1441,49832746,O=c1c(-n2ccnn2)c[nH]n1-c1cc(N2CCOCC2)ncn1,1,0.3283582089552239,2.086183836577463,0.9990590169547646
6843283_2758,6843283,CCOc1c2c(c(OCC)c3ccccc13)C(=O)N(c1ccc(C/C([O-])=N\S(=O)(=O)c3ccccc3)cc1)C2,1,0.2717391304347826,3.008865899304936,0.9980853431848574
49670792_1407,49670792,COc1ccc2ccccc2c1CNC(=O)c1cnc(C2CC2)nc1,1,0.3333333333333333,1.4058648583701416,0.9990949654468878
177407455_2486,177407455,CCCN(CCC1=CCCCC1)C(=O)c1cc(C(F)F)n[nH]1,1,0.5806451612903226,1.9714565681239997,0.9983418011177491
177407455_2485,177407455,CCCN(CCC1=CCCCC1)C(=O)c1cc(C(F)F)[nH]n1,1,0.5573770491803278,1.9692277674252079,0.9979100715071029
180601629_82,180601629,COc1ccccc1C(=O)Nc1ccc2cc[nH]c2c1,1,0.5294117647058824,2.168421315150721,0.9978726499392655
205729538_2229,205729538,O=C(Nc1ccccc1)N1CCCc2cnc(N3CCOCC3)nc21,1,0.515625,2.1655696710103345,0.9988434145193976
205729538_2230,205729538,O=C(Nc1ccccc1)N1CCCc2c[nH+]c(N3CCOCC3)nc21,1,0.5230769230769231,1.7707758186741123,0.9990311925677019
2289263_1465,2289263,COc1ccccc1CC(=O)N[C@H]1CC[N@H+](C)CC1,1,0.4716981132075472,1.3609173376810892,0.9982646304031331
183407_1022,183407,COc1ccc(-c2[nH]c(C3CCN(C(=O)c4sc(C)nc4C)CC3)nc2C(N)=O)cc1,1,0.6338028169014085,2.35426655245283,0.9996159459579659
183407_1023,183407,COc1ccc(-c2nc(C3CCN(C(=O)c4sc(C)nc4C)CC3)[nH]c2C(N)=O)cc1,1,0.6338028169014085,2.6402719556890526,0.999176860852732
32043132_1613,32043132,Cc1nc(N2CCOc3ccccc3C2)c2cnn(C)c2[nH+]1,1,0.3442622950819672,1.6130985710734793,0.9985629448641102
32043132_1611,32043132,Cc1nc2c(cnn2C)c(N2CCOc3ccccc3C2)[nH+]1,1,0.5471698113207547,0.9957800962067859,0.999395962226361
32043132_1612,32043132,Cc1nc(N2CCOc3ccccc3C2)c2cnn(C)c2n1,1,0.5294117647058824,1.279758570981223,0.9994337932213009
LN01342817_2980,LN01342817,C[C@H]1CC[C@H](n2c3cnccc3c3cnc(Nc4ccc5c(n4)CCN(C(=O)CO)C5)nc32)CC1,1,0.3402061855670103,2.700451628894409,0.998761407475075
LN01342817_2981,LN01342817,C[C@H]1CC[C@H](n2c3c[nH+]ccc3c3cnc(Nc4ccc5c(n4)CCN(C(=O)CO)C5)nc32)CC1,1,0.3333333333333333,2.6727014423610096,0.999351633845188
6180154_1318,6180154,Cc1cccc2sc(NC(=O)C(C)(C)C)nc12,1,0.42,0.6438012115554407,0.9996017735331774
3321097_455,3321097,CCC(CC)NC(=O)c1ccc2ncsc2c1,1,0.4426229508196721,1.263148843168902,0.9993201299576178
540123_779,540123,COc1cc2nc(N)sc2cc1OC,1,0.4444444444444444,1.5585345681121492,0.9990990100431485
44384801_168,44384801,CCCNS(=O)(=O)/N=c1\nc[nH]c(OCCOc2ncc(Br)cn2)c1-c1ccc(Br)cc1,1,0.2236842105263158,3.559317209802957,0.9975518880977848
44384801_169,44384801,CCCNS(=O)(=O)/N=c1\[nH]cnc(OCCOc2ncc(Br)cn2)c1-c1ccc(Br)cc1,1,0.22666666666666666,3.4198384464762746,0.9969023542645228
44384801_171,44384801,CCC[N-]S(=O)(=O)/N=c1/nc[nH]c(OCCOc2ncc(Br)cn2)c1-c1ccc(Br)cc1,1,0.2236842105263158,2.9348965910233993,0.997822115891606
44384801_170,44384801,CCC[N-]S(=O)(=O)/N=c1/[nH]cnc(OCCOc2ncc(Br)cn2)c1-c1ccc(Br)cc1,1,0.23376623376623376,2.520151185941336,0.9983097943521274
31965105_725,31965105,Cc1csc(NC(=O)CCc2ccncc2)n1,1,0.5652173913043478,0.913720416757766,0.9994652261812307
11654209_575,11654209,Brc1ccc(-c2nnc(Cn3c[nH+]c4ccccc43)o2)o1,1,0.5925925925925926,1.4403881421337863,0.9991172111549357
11654209_574,11654209,Brc1ccc(-c2nnc(Cn3cnc4ccccc43)o2)o1,1,0.5849056603773585,1.297140316235033,0.999568023658004
2344317_734,2344317,Fc1ccccc1CN1CCN(c2ncccn2)CC1,1,0.5111111111111111,1.2742166220859874,0.9988524488438149
2344317_735,2344317,Fc1ccccc1C[NH+]1CCN(c2ncccn2)CC1,1,0.5434782608695652,1.5730886815436285,0.9992485939134338
2343643_1193,2343643,Fc1cccc(CN2CCN(c3ncccn3)CC2)c1,1,0.43478260869565216,1.2581931489242648,0.9986871678302784
2343643_1192,2343643,Fc1cccc(C[NH+]2CCN(c3ncccn3)CC2)c1,1,0.4583333333333333,1.4511474769987764,0.99969193312572
300962268_3629,300962268,Fc1ccc(-n2cc(/C=C/c3ccnnc3)nn2)cc1Cl,1,0.21428571428571427,1.354502122552513,0.997944395058589
53777805_1276,53777805,Cc1cccn(Cc2cccnc2)c1=O,1,0.5714285714285714,1.2262495667685778,0.9991225854448927
44503860_2200,44503860,CCN(CC#N)C(=O)c1nn(-c2ccc(F)cc2)c2c1CCCC2,1,0.4126984126984127,1.7359357707012675,0.9992230568904369
43241226_2059,43241226,Cn1nc(C2CC[NH2+]CC2)c2cccnc21,1,0.30357142857142855,1.859452607623912,0.9986813833015051
49972816_1259,49972816,Cc1cccc(NC(=O)CN(C)c2ncccc2F)n1,1,0.4098360655737705,2.1501132528310016,0.9975596598421386
49972816_1260,49972816,Cc1cccc(NC(=O)CN(C)c2ncccc2F)[nH+]1,1,0.3620689655172414,1.9806307076284346,0.998776237487623
310422_3010,310422,COCCN1CCOc2nc3c(C)cccc3cc2C1,1,0.3283582089552239,1.1814876216027483,0.9997379526831792
404346_2618,404346,COc1ccc2nc3c(cc2c1)C[NH2+]CCO3,1,0.36507936507936506,1.4692913257759903,0.9982285060776381
289474_2676,289474,Cc1ccc(C)c2nc3c(cc12)CNCCO3,1,0.22388059701492538,1.1444457173667946,0.998814991696651
289474_2677,289474,Cc1ccc(C)c2nc3c(cc12)C[NH2+]CCO3,1,0.22388059701492538,1.699577300389694,0.9982799668202661
310422_3011,310422,COCC[N@H+]1CCOc2nc3c(C)cccc3cc2C1,1,0.3283582089552239,1.5272455598233536,0.9988944423515185
404346_2617,404346,COc1ccc2nc3c(cc2c1)CNCCO3,1,0.36507936507936506,1.1087601183303613,0.9988153587906182
6887028_673,6887028,Cc1cc(N)n(-c2ncnc3sc(C)c(-c4ccc(Cl)cc4)c23)n1,1,0.2535211267605634,2.9119076221613063,0.999303815209599
53808457_2866,53808457,COc1cc(C[N@H+]2CC[C@H](C(=O)N3CCOCC3)CC2)ccc1C,1,0.5263157894736842,1.76164582138385,0.9990538715641913
32785534_2078,32785534,Cc1ccc(-n2cc[nH]c(=O)c2=O)cc1,1,0.35714285714285715,1.9999604996098945,0.9969364174835885
31274390_1860,31274390,Cc1ccccc1-n1cc[nH]c(=O)c1=O,1,0.30434782608695654,2.040811603259879,0.9978615379182902
36256386_384,36256386,Cc1ccc(Cn2nccc2NC(=O)c2ccncc2)o1,1,0.5510204081632653,3.177295548104241,0.9994458650900713
24879868_1895,24879868,CCC(=O)N1CCCc2cc([C@@H](O)C[NH+]3CCN(c4ccc(OC)cc4)CC3)ccc21,1,0.40540540540540543,2.9339049064346594,0.9986735407427866
24879868_1896,24879868,CCC(=O)N1CCCc2cc([C@@H](O)CN3CCN(c4ccc(OC)cc4)CC3)ccc21,1,0.32051282051282054,2.8265526706574238,0.998694154576525
23829815_924,23829815,O=C(c1ccccc1-n1cccn1)N1CC[NH+](Cc2cccnc2)CC1,1,0.37681159420289856,1.5729205320039958,0.9992935609954237
23829815_925,23829815,O=C(c1ccccc1-n1cccn1)N1CCN(Cc2cccnc2)CC1,1,0.4090909090909091,0.9893720230531532,0.9993789294049487
48309286_1282,48309286,Cc1[nH+]ccn1CCCN1C(=O)SC(C)(C)C1=O,1,0.4,1.4148989363211097,0.998886854425901
48309286_1281,48309286,Cc1nccn1CCCN1C(=O)SC(C)(C)C1=O,1,0.40816326530612246,1.0829995383203557,0.9994373296095058
30196760_2719,30196760,Cc1cc(NC(=O)CN(C)CCOc2ccccc2)on1,1,0.5272727272727272,1.9921726832784041,0.9981121303176834
53749740_2369,53749740,Clc1ccc(CSc2nc(-c3ccccc3)c[nH]2)cn1,1,0.43137254901960786,0.9536755213390129,0.999457566683764
53749740_2370,53749740,Clc1ccc(CSc2[nH]cc(-c3ccccc3)[nH+]2)cn1,1,0.4230769230769231,1.2613143937974252,0.9988069311595685
2292167_1607,2292167,COc1ccccc1CC(=O)Nc1ncc(C)s1,1,0.37735849056603776,0.8851502697283968,0.9995491871733599
276236010_3048,276236010,CCC(C)(C)[NH+]1CCN(C(=O)NCCc2cc(C)no2)CC1,1,0.4,2.353718972180052,0.9989760819680942
33312761_229,33312761,O=C(NCC1(c2ccc(F)cc2)CCOCC1)c1ccccn1,1,0.42105263157894735,1.5260570107302562,0.9991477714250432
11010047_1709,11010047,Cc1[nH+]c2ccccc2n1Cc1ccc(C(=O)[O-])cc1,1,0.3484848484848485,2.028165673706222,0.9958692008380297
11010047_1708,11010047,Cc1nc2ccccc2n1Cc1ccc(C(=O)[O-])cc1,1,0.4,2.4221684499639187,0.9966507660844747
11964390_252,11964390,COC(=O)c1c(C)[nH]c(C(=O)N(C)Cc2ccc(OC)c(F)c2)c1C,1,0.5084745762711864,1.6475348251257316,0.9992538855854867
30063543_1220,30063543,O=C(CN1CCc2ccccc21)N1CCC(c2nc3ccccc3[nH]2)CC1,1,0.4576271186440678,1.984545036022815,0.9992826712346308
30063543_1221,30063543,O=C(CN1CCc2ccccc21)N1CCC(c2[nH]c3ccccc3[nH+]2)CC1,1,0.4576271186440678,2.189921459778914,0.9986946903416325
300481375_2386,300481375,Fc1cc(Br)ccc1CNCc1ccccn1,1,0.4074074074074074,1.3597676272067807,0.9984623821156502
300417634_2408,300417634,N#Cc1cccc(C[NH2+]Cc2ccccn2)c1,1,0.3728813559322034,2.0814120207205167,0.9985515777018061
300481375_2387,300481375,Fc1cc(Br)ccc1C[NH2+]Cc1ccccn1,1,0.4074074074074074,1.3843706151172817,0.998713040160004
300417634_2409,300417634,N#Cc1cccc(CNCc2ccccn2)c1,1,0.3728813559322034,1.6481544223767695,0.9979108119029606
300481375_2388,300481375,Fc1cc(Br)ccc1CNCc1cccc[nH+]1,1,0.3392857142857143,1.6042571489631,0.9957698490186265
49083485_2236,49083485,CC(C)c1nc(S(=O)(=O)N2CC3(CC3)c3ccccc32)c[nH]1,1,0.5714285714285714,2.3793948810566827,0.9996191480356064
421362_3269,421362,Cc1ccccc1C(=O)N1CCC(O)(Cn2cc[nH+]c2C)CC1,1,0.3275862068965517,2.119756825676143,0.9990038129235703
421362_3268,421362,Cc1ccccc1C(=O)N1CCC(O)(Cn2ccnc2C)CC1,1,0.3448275862068966,1.0030722805458585,0.999333289326651
73053174_2554,73053174,CCN1CCN(C(=O)CNc2ncnc3onc(C)c23)CC1,1,0.421875,1.9411249315803565,0.9992334903897656
73053174_2553,73053174,CC[NH+]1CCN(C(=O)CNc2ncnc3onc(C)c23)CC1,1,0.3880597014925373,2.730668050129837,0.9986336214144226
29578498_298,29578498,Cc1cc(C)nc(N(C)CC(=O)NC2CC2)n1,1,0.4528301886792453,1.3800644912465154,0.9984698482683424
36366966_13,36366966,CCn1c(-c2nonc2N)nc2cnc(Oc3cccc(NC(=O)c4ccc(OCCN5CCOCC5)cc4)c3)cc21,1,0.3829787234042553,4.221032219730153,0.9941717886880015
36366966_14,36366966,CCn1c(-c2nonc2N)nc2cnc(Oc3cccc(NC(=O)c4ccc(OCC[NH+]5CCOCC5)cc4)c3)cc21,1,0.32323232323232326,3.5847610799042897,0.9972640712640314
36366966_15,36366966,CCn1c(-c2nonc2N)[nH+]c2cnc(Oc3cccc(NC(=O)c4ccc(OCCN5CCOCC5)cc4)c3)cc21,1,0.37894736842105264,4.922155625333287,0.995160652790049
49968178_2036,49968178,CN(Cc1ccc(N)[nH+]c1)c1ncccn1,1,0.5106382978723404,1.9646371166198335,0.996978008732861
49682290_2000,49682290,Cc1cc(C)[nH+]c(NCc2cnc(C)c(C)c2)n1,1,0.2982456140350877,1.3709886943370724,0.9991140077980712
36849731_2350,36849731,Cc1ccnc(NCc2cccnc2)[nH+]1,1,0.46808510638297873,2.1438980852644853,0.9990321009970924
36849731_2349,36849731,Cc1ccnc(NCc2cccnc2)n1,1,0.4888888888888889,1.2513089146972576,0.9994706336742302
49682290_1999,49682290,Cc1cc(C)nc(NCc2cnc(C)c(C)c2)n1,1,0.32608695652173914,1.3578818063442322,0.9995516121031482
49968178_2035,49968178,CN(Cc1ccc(N)nc1)c1ncccn1,1,0.5,1.9161847510091643,0.9985731625564179
194348513_2145,194348513,COc1cc(N2CC[NH+](C)CC2)ccc1Nc1ncc2c(n1)N(C)c1ccccc1C(=O)N2,1,0.45652173913043476,2.6356124525425377,0.999015093897879
194348513_2146,194348513,COc1cc(N2CC[NH+](C)CC2)ccc1Nc1nc2c(c[nH+]1)NC(=O)c1ccccc1N2C,1,0.36363636363636365,2.7072626396415487,0.9984967847560885
24110376_1165,24110376,COc1cc2c(cc1OC)CN(C(=O)[C@H]1CCCN(C(=O)Nc3ccccc3)C1)CC2,1,0.6964285714285714,2.1336285993585378,0.9992143927849076
LN01309001_2974,LN01309001,CCCc1cc(C)[nH]c(=O)c1CNC(=O)c1cc(-c2ccc(N3CC[NH+](C(C)C)CC3)[nH+]c2)cc2c1cnn2C(C)C,1,0.30701754385964913,5.287818170096251,0.9966226190992143
LN01309001_2973,LN01309001,CCCc1cc(C)[nH]c(=O)c1CNC(=O)c1cc(-c2ccc(N3CC[NH+](C(C)C)CC3)nc2)cc2c1cnn2C(C)C,1,0.3153153153153153,5.300709292160892,0.9980636470650057
31856310_1577,31856310,Cc1cc(CN2CCN(c3ncccn3)CC2)on1,1,0.4423076923076923,1.2073520613308366,0.9990782450583143
31856310_1578,31856310,Cc1cc(C[NH+]2CCN(c3ncccn3)CC2)on1,1,0.46296296296296297,1.509749979301032,0.9992848841886285
82742019_3332,82742019,Cc1cc(C)c2c(C(=O)N3CC4(CNC(=O)N4)C3)cc(C)nc2c1,1,0.5344827586206896,2.024955555068188,0.9996824680161406
53870877_942,53870877,Cc1ccccc1-n1c(CC2CCN(C(=O)C3CC3)CC2)n[nH]c1=O,1,0.34375,1.828846084283916,0.998769292285152
35715808_989,35715808,CC(C)NC(=O)c1cc(-c2ccccc2)n(-c2ccccn2)n1,1,0.4107142857142857,0.9197592076179862,0.999532087300985
31921006_1400,31921006,CN(Cc1ccc(Br)o1)C(=O)CN1CCCC1=O,1,0.36065573770491804,1.6096996614280228,0.9991477566039974
Z224124934_226,Z224124934,Cc1nn(C)c2sc(C(=O)N3CCC(C(=O)[O-])(c4ccccc4)CC3)cc12,1,0.38028169014084506,3.2573740958015924,0.9989666413668786
5852446_2870,5852446,CCC(=O)NCC[C@@H]1CCc2ccc3c(c21)CCO3,1,0.2835820895522388,1.5332935139750206,0.9986820195757895
49863653_941,49863653,C[C@@H](c1ccc2ccc(O[C@H]3CC[C@H](C(F)(F)F)CC3)c(C(F)(F)F)c2c1)[N@@H+]1[C@@H]2CC[C@H]1C[C@H](C(=O)[O-])C2,1,0.20588235294117646,4.56234161368936,0.9977812333535392
31968914_2010,31968914,Cc1ccc(CNC(=O)c2cccs2)cn1,1,0.42,1.3690818090972032,0.9994370979912239
29377737_576,29377737,Cc1cc(NC(=O)CCc2cnn(C)c2)c2ccccc2n1,1,0.4142857142857143,1.7975202363255316,0.9996013050393753
29377737_577,29377737,Cc1cc(NC(=O)CCc2cnn(C)c2)c2ccccc2[nH+]1,1,0.39705882352941174,2.010927646634972,0.9990765408827403
43081907_1113,43081907,Cc1nnsc1CN(C)c1ccc2cc[nH]c2n1,1,0.2982456140350877,1.7427455350686376,0.999206520671781
43081907_1112,43081907,Cc1nnsc1CN(C)c1ccc2cc[nH]c2[nH+]1,1,0.31666666666666665,3.4739732296034247,0.999031668754946
3669743_995,3669743,CCc1nnc(NC(=O)Cc2c(C)noc2C)s1,1,0.48148148148148145,1.4320331700076359,0.9996542634336626
MCULE-3550646247_1645,MCULE-3550646247,N#CC1(NC(=O)CN2CCOCC2)CCCCCC1,1,0.40384615384615385,1.2585034763555742,0.9994107995995412
48301846_1789,48301846,C[NH+](C)C1CN(c2nc(-c3cnccn3)nc3sc4c(c23)CCCC4)C1,1,0.5,3.0820085983006456,0.9992703129916058
48301846_1790,48301846,CN(C)C1CN(c2nc(-c3cnccn3)nc3sc4c(c23)CCCC4)C1,1,0.4931506849315068,2.51204478463205,0.9992585216279858
1284751_76,1284751,C[C@@H]1CN(C(=O)CC(c2ccccc2)c2ccccc2)C[C@H](C)O1,1,0.3793103448275862,1.2360509698222089,0.9995170525255455
181210453_1197,181210453,CCN(Cc1ccccc1)C(=O)c1cccnc1N,1,0.5319148936170213,1.7612347941147886,0.9996265502234376
1541141_1807,1541141,O=C([O-])CCC(=O)Nc1ccccc1-c1nc2ccccc2[nH]c1=O,1,0.3559322033898305,1.9203309610588675,0.9992254876621706
36008838_1798,36008838,CCCCCCNc1nc[nH+]c2[nH]ccc12,1,0.30357142857142855,4.402125736505043,0.9968349012565831
36008838_1797,36008838,CCCCCCNc1[nH+]cnc2[nH]ccc12,1,0.3142857142857143,3.960779847454356,0.9974653871294883
36008838_1796,36008838,CCCCCCNc1ncnc2[nH]ccc12,1,0.2982456140350877,3.5293248646162705,0.9987084174926647
29578860_299,29578860,Cc1cc(C(=O)Nc2cccc3ncccc23)on1,1,0.43103448275862066,1.1628938042658257,0.9996435789670095
316162153_38,316162153,O=C(c1ccc(Oc2ccccc2)cc1Cl)c1c[nH]c2ncnc(N[C@@H]3CC[C@@H](CO)OC3)c12,1,0.3118279569892473,4.853063774565437,0.9987267276998331
316162153_39,316162153,O=C(c1ccc(Oc2ccccc2)cc1Cl)c1c[nH]c2nc[nH+]c(N[C@@H]3CC[C@@H](CO)OC3)c12,1,0.3125,4.719711643734274,0.998992366986673
43133355_765,43133355,CCc1ccccc1NC(=O)CCn1cc[nH+]c1-c1ccc2c(c1)OCO2,1,0.3783783783783784,2.164103047453949,0.9982940940822274
49985873_2182,49985873,COc1ncccc1CNc1ncnc2c1cnn2C,1,0.39344262295081966,2.387764854419006,0.9998754004443481
49985873_2183,49985873,COc1ncccc1CNc1[nH+]cnc2c1cnn2C,1,0.4126984126984127,2.56768105495988,0.9993812630213059
32427430_1922,32427430,COc1ccccc1O[C@H]1CC[N@H+](Cc2ccccc2C#N)CC1,1,0.373134328358209,1.9055458535549306,0.9988966938987884
32427430_1923,32427430,COc1ccccc1OC1CCN(Cc2ccccc2C#N)CC1,1,0.3787878787878788,1.6730908522853007,0.998828964971989
3409017_591,3409017,O=C(NCCc1ccc2c(c1)OCCO2)c1ccc2ccccc2n1,1,0.4406779661016949,1.7992851358248352,0.9987541184589541
17125201_3549,17125201,COc1cc2ncn(-c3cc(OCc4ccccc4S(C)(=O)=O)c(C#N)s3)c2cc1OC,1,0.25925925925925924,1.4274014852172157,0.998728100773808
1530850_3591,1530850,CCOC(=O)c1ccc(OCC(=O)c2c[nH]c3ccccc23)cc1,1,0.4166666666666667,1.9195192106359313,0.9975168319777574
3660163_2664,3660163,Cc1cc2nc(Sc3nnc(C)n3C)c3ccccc3n2n1,1,0.5818181818181818,1.5698168683005842,0.9995579302305909
7716996_1234,7716996,O=C(Nc1ccc(C(=O)[O-])c([O-])c1)c1ccc(NC(=O)c2cccs2)cc1,1,0.3888888888888889,6.286969778836295,0.9960945281779325
7716996_1233,7716996,O=C(Nc1ccc(C(=O)[O-])c(O)c1)c1ccc(NC(=O)c2cccs2)cc1,1,0.3888888888888889,2.8771334692708996,0.998386977701488
49125344_2834,49125344,C[C@H]1CC[C@@H]([N@H+](Cc2nnc(C3CCC3)o2)[C@H]2CC[C@H](O)CC2)CC1,1,0.3114754098360656,2.9965393373027536,0.9988103137864961
49125344_2835,49125344,C[C@H]1CC[C@@H](N(Cc2nnc(C3CCC3)o2)[C@H]2CC[C@H](O)CC2)CC1,1,0.3064516129032258,2.9506792438352583,0.9991353586440569
25041311_3461,25041311,Cc1nnc(-c2ccc(N3CCC(Oc4cc(F)ccc4Cl)CC3)nn2)o1,1,0.43661971830985913,1.9344063688895727,0.9971755057330867
48224722_1938,48224722,c1csc(-c2csc3nc(CN4CCOCC4)nc(N4CCc5n[nH]cc5C4)c23)c1,1,0.5633802816901409,3.5831851752325994,0.9990715875863634
48224722_1939,48224722,c1csc(-c2csc3nc(C[NH+]4CCOCC4)nc(N4CCc5[nH]ncc5C4)c23)c1,1,0.547945205479452,2.3145807395730307,0.9994565392483025
48224722_1937,48224722,c1csc(-c2csc3nc(CN4CCOCC4)nc(N4CCc5[nH]ncc5C4)c23)c1,1,0.5633802816901409,4.42267023414613,0.9994551809849136
48224722_1940,48224722,c1csc(-c2csc3[nH+]c(CN4CCOCC4)nc(N4CCc5[nH]ncc5C4)c23)c1,1,0.4125,2.1530190431113243,0.9994711454634578
133851_3133,133851,Cc1ccc2c(c1)cc(C(=O)N1CCO[C@H](C(=O)N3CCc4ccccc4C3)C1)n2C,1,0.37333333333333335,3.347270679225017,0.9994140712387046
324135709_2547,324135709,COc1cc2nn(CCC(C)(C)O)cc2cc1NC(=O)c1ccn(C(F)F)n1,1,0.7714285714285715,3.27528258322858,0.9988618216384509
139135_156,139135,CN(C)C(=O)C1(Cc2ccccc2-c2ccccc2)CCN(C(=O)c2cnn(C)c2)CC1,1,0.6612903225806451,3.4366252341504335,0.9992357132241133
151085_343,151085,COc1ccc(-c2cccc([C@H]3CCC[N@@H+](CC(=O)Nc4ccccn4)C3)n2)cc1,1,0.5061728395061729,1.6683851473806406,0.9994200134812269
151085_342,151085,COc1ccc(-c2cccc([C@H]3CCCN(CC(=O)Nc4ccccn4)C3)n2)cc1,1,0.5757575757575758,1.9676635891330405,0.9983900545360378
49325135_2939,49325135,Cc1cc(C(=O)N(C)c2nc3ccccc3s2)cc([O-])n1,1,0.3559322033898305,2.46224937810924,0.9984162972481248
49325135_2938,49325135,Cc1cc(C(=O)N(C)c2nc3ccccc3s2)cc(=O)[nH]1,1,0.35,1.3307317535854368,0.999111549481324
45668511_1626,45668511,Cc1cc(C)c2c(c1)CCCN2C(=O)c1ccc(-c2nnc(C)o2)cc1,1,0.34210526315789475,1.6811861883800499,0.9988952562198213
496510_128,496510,Cc1cnc(C(=O)NCCc2ccc(S(=O)(=O)/N=C(/[O-])NC3CCCCC3)cc2)cn1,1,0.5972222222222222,2.703760529337111,0.9968871455483064
496510_129,496510,Cc1cnc(C(=O)NCCc2ccc(S(=O)(=O)NC(=O)NC3CCCCC3)cc2)cn1,1,0.5857142857142857,2.8168228556306416,0.9973509448345593
49424084_194,49424084,C=CC(=O)Nc1cccc(Nc2nc(Nc3ccc(Oc4ccnc(C(=O)NC)c4)cc3)ncc2F)c1,1,0.38144329896907214,3.0821377321579693,0.9989065848690108
48278518_2108,48278518,Cc1nnnn1CCN(C)c1ccccc1,1,0.45454545454545453,1.9049981627287882,0.9980537726503398
30571034_1762,30571034,CN1CCc2nc(NC(=O)c3ccc(Cl)s3)sc2C1,1,0.35714285714285715,2.1122431204763323,0.9992563175571831
30571034_1761,30571034,C[N@@H+]1CCc2nc(NC(=O)c3ccc(Cl)s3)sc2C1,1,0.5573770491803278,2.472079893531272,0.9994302973338893
18813553_1560,18813553,O=C(NCc1ccccn1)c1ccc(F)cc1Cl,1,0.43636363636363634,1.531073806189548,0.9990877773874358
49337535_3380,49337535,Cc1cc(NCC2(c3ccncc3)CC2)nc[nH+]1,1,0.3103448275862069,1.237832379605449,0.9992167867978012
49337535_3379,49337535,Cc1cc(NCC2(c3ccncc3)CC2)ncn1,1,0.30357142857142855,1.2440554650015636,0.9993456867373621
27042311_3512,27042311,COc1cccc2cc(C(N)=S)/c(=N/Nc3ccccc3)oc12,1,0.296875,1.604918377986849,0.9983926881667152
49067788_3350,49067788,CC[NH+](CC)CC(=O)Nc1ccc(Oc2ccc(C)nn2)cc1,1,0.3125,1.6994569720942507,0.9984055586118685
36748737_3009,36748737,Cc1ccc(Oc2ccc(N)cc2)nn1,1,0.29545454545454547,1.6490421462170144,0.9968459849936852
49067788_3351,49067788,CCN(CC)CC(=O)Nc1ccc(Oc2ccc(C)nn2)cc1,1,0.3157894736842105,1.6368045087913712,0.9986671783927908
48779690_1338,48779690,CC1(C)COCC[N@H+]1Cc1cnn(-c2ccccc2)n1,1,0.25,1.5714483764986253,0.9981765101389962
48779690_1339,48779690,CC1(C)COCCN1Cc1cnn(-c2ccccc2)n1,1,0.24242424242424243,1.6548456121343444,0.9990131037223487
5514552_207,5514552,O=C(c1sc(N2CCOCC2)nc1-c1ccccc1)N1CCCCC1,1,0.6538461538461539,1.9330072426146305,0.9986223854238421
206429_2191,206429,C[N@H+]1CC[C@@H](C(=O)N2CCC(c3cc(C(F)(F)F)c4c(n3)CCNC4=O)CC2)CC1,1,0.6231884057971014,2.3993357414081276,0.999453957276922
44508907_1606,44508907,Cc1cnn(Cc2nc(Cn3cccn3)no2)c1,1,0.42105263157894735,2.364318083507457,0.9993452298957607
49953010_2721,49953010,Cc1nc(NCCN2C(=O)CCC2=O)c2c(C)csc2[nH+]1,1,0.42592592592592593,1.9117583529309703,0.9993671421587992
49953010_2720,49953010,Cc1nc(NCCN2C(=O)CCC2=O)c2c(C)csc2n1,1,0.4423076923076923,1.403737154883577,0.9996597010325863
73032016_254,73032016,CC(C)CNc1nnc(SCc2ccncc2)s1,1,0.38461538461538464,0.9792308205941951,0.9993719425180512
73032016_255,73032016,CC(C)CNc1[nH+]nc(SCc2ccncc2)s1,1,0.2982456140350877,1.0570009460734828,0.9990434404366265
1317203_794,1317203,COc1ccc(OCC(=O)N2CCN(C)CC2)cc1,1,0.42105263157894735,1.5216343187506463,0.9987277476893746
1317203_793,1317203,COc1ccc(OCC(=O)N2CC[NH+](C)CC2)cc1,1,0.4230769230769231,1.207139594247601,0.9982419042068208
11880948_3260,11880948,CCN1CCN(c2ccc(Nc3ncnc4sccc34)cc2)CC1,1,0.4,2.1913263107078493,0.9982404672101496
11880948_3259,11880948,CC[NH+]1CCN(c2ccc(Nc3ncnc4sccc34)cc2)CC1,1,0.3870967741935484,2.174325642584318,0.9983448637901788
177307791_2669,177307791,CC(C)Nc1ccc(-c2cc3c(cc2CO)OCCO3)cn1,1,0.30158730158730157,2.1645052552489723,0.9985428871713277
177307791_2670,177307791,CC(C)Nc1ccc(-c2cc3c(cc2CO)OCCO3)c[nH+]1,1,0.2786885245901639,2.3623084049294354,0.9980795319409845
23816897_353,23816897,Cc1ccc(-c2cn(C[C@H]3CC[N@H+](Cc4c[nH]c(C)n4)CC3)nn2)cc1,1,0.41333333333333333,2.2920525735678976,0.9986609003048676
23816897_355,23816897,Cc1ccc(-c2cn(C[C@H]3CC[N@H+](Cc4c[nH]c(C)[nH+]4)CC3)nn2)cc1,1,0.26436781609195403,2.0402517001588194,0.9984824952279926
23816897_354,23816897,Cc1ccc(-c2cn(C[C@H]3CC[N@H+](Cc4cnc(C)[nH]4)CC3)nn2)cc1,1,0.4189189189189189,2.2014084128121927,0.9981556479913436
232839938_2976,232839938,CCOc1ccnc(NCCCc2nc3ccc(F)cc3[nH]2)n1,1,0.35714285714285715,1.6983715730070328,0.9991904548229926
232839938_2975,232839938,CCOc1ccnc(NCCCc2nc3cc(F)ccc3[nH]2)n1,1,0.35714285714285715,1.7220386174527342,0.9991557001411162
232839938_2977,232839938,CCOc1cc[nH+]c(NCCCc2nc3cc(F)ccc3[nH]2)n1,1,0.3472222222222222,7.68692610866003,0.9765014320416658
104336630_411,104336630,CC(C)(C)NC(=O)c1c[nH+]cn1C1CCN(c2ccc(-c3nnc(C(F)(F)F)o3)cn2)CC1,1,0.2876712328767123,1.284777023455747,0.9994968144888031
104336630_412,104336630,CC(C)(C)NC(=O)c1cncn1C1CCN(c2ccc(-c3nnc(C(F)(F)F)o3)cn2)CC1,1,0.2916666666666667,1.808512372088619,0.9990190447975298
177485348_2597,177485348,O=C(CN1CCCC1=O)NCC1(CO)CCCC1,1,0.4528301886792453,1.2757672201459551,0.9988728409765728
30457837_1638,30457837,Fc1cccc(O[C@H]2CC[N@@H+](Cc3nc4ccccc4[nH]3)CC2)c1,1,0.35714285714285715,1.8833510028666014,0.9985833760744339
30457837_1640,30457837,Fc1cccc(OC2CCN(Cc3[nH]c4ccccc4[nH+]3)CC2)c1,1,0.352112676056338,1.2822402271026807,0.9985748670361536
30457837_1639,30457837,Fc1cccc(OC2CCN(Cc3nc4ccccc4[nH]3)CC2)c1,1,0.3548387096774194,1.585361157591475,0.9992901026773644
316789943_3487,316789943,[NH3+][C@H]1C[C@@H](NC(=O)c2ccc(-c3cn[nH]c3)cn2)C12CCC2,1,0.37681159420289856,3.4437761251272714,0.99844345810104
32494828_1385,32494828,CCCCc1c(C)[nH]c2nc(N(Cc3cccs3)C(C)=O)nn2c1=O,1,0.3,2.487389796553871,0.9993167236111216
31931312_344,31931312,O=C1CCCN1CCc1nc(-c2ccc3[nH]c(=O)oc3c2)cs1,1,0.5901639344262295,2.8655728921108117,0.9988809339137641
23998049_813,23998049,O=C(Cc1ccc2c(c1)CCC2)Nc1nc2ccccc2o1,1,0.33783783783783783,1.2247081284939243,0.999372698482185
36924312_456,36924312,O=C1CNC(=O)N1CCC[N@H+]1CCc2sccc2C1,1,0.31343283582089554,1.7524126226438232,0.9992698555919152
32172391_834,32172391,CC(C)c1nnc(CN2CCN(c3nccs3)CC2)o1,1,0.5576923076923077,1.490423094292318,0.9993027884283405
EN300-1590205_426,EN300-1590205,CC(C)(C)n1ncc(OCc2ccc(OCCOCCO)nc2)c(Cl)c1=O,1,0.2898550724637681,1.3935774108386063,0.9989273015082922
3416569_3657,3416569,Cc1ccc(-c2nc(CN3C(=O)C(=O)N(C4CCCC4)C3=O)cs2)cc1,1,0.42857142857142855,1.910039528386682,0.9987755435600353
45659871_701,45659871,O=c1cc(CN2CCCCc3ccccc32)[nH]c2ccnn12,1,0.4444444444444444,2.0854325690370397,0.9988648961064619
195793_3609,195793,Cc1cccc(Nc2ccc(C3CCN(C(=O)c4cc5cc(F)ccc5n4C)CC3)nc2)[nH+]1,1,0.358974358974359,3.182528083144208,0.9983269249111301
195793_3608,195793,Cc1cccc(Nc2ccc(C3CCN(C(=O)c4cc5cc(F)ccc5n4C)CC3)nc2)n1,1,0.38636363636363635,2.897619712798318,0.9983378790600567
50282148_3568,50282148,CS(=O)(=O)c1ccc(-c2nnc(/C=C/c3nnc(-c4ccc(C#N)cc4)o3)n2-c2ccccc2Cl)nc1,1,0.2727272727272727,3.0180795218153005,0.9979106570667662
7723164_1133,7723164,Cc1cccc(NC(=O)c2ccc3ccccc3c2)[nH+]1,1,0.5217391304347826,1.3572534766947895,0.9988949334136972
7723164_1132,7723164,Cc1cccc(NC(=O)c2ccc3ccccc3c2)n1,1,0.5333333333333333,1.5376511307835192,0.9990244699007778
36261251_1335,36261251,O=C(CCc1cc2ccccc2o1)N1CCN(c2cnccn2)CC1,1,0.3235294117647059,2.586632173308999,0.9988382756941953
36946295_509,36946295,CNC(=O)c1cnc(/C=C/c2csc(-c3cccs3)n2)s1,1,0.5166666666666667,2.3043886390970463,0.9977896367322125
301949756_3489,301949756,[NH3+][C@@H]1CCC[C@@H](C(=O)N2CCC(c3c[nH]c4ncccc34)CC2)C1,1,0.8846153846153846,2.421143118446236,0.9989670837206919
49094148_2312,49094148,CC(C)c1nsc(=[N+]2CCC(Nc3cccnc3)CC2)[nH]1,1,0.2608695652173913,2.1051638891070947,0.9987874905870961
49094148_2311,49094148,CC(C)c1nsc(N2CCC(Nc3cccnc3)CC2)n1,1,0.2878787878787879,1.2555504768830101,0.9989000307724165
31908762_3246,31908762,NC(=O)c1cccc(Cn2cnc3c(oc4ccccc43)c2=O)c1,1,0.3333333333333333,1.553644425214546,0.99895285655741
53747827_3376,53747827,O=c1c2oc3ccccc3c2ncn1Cc1ccc(F)c(F)c1,1,0.3770491803278688,1.008715519857726,0.9992818593738058
4899313_2454,4899313,O=c1c2oc3ccccc3c2ncn1Cc1ccc(Cl)cc1,1,0.3559322033898305,1.5786373871159545,0.9992859652122218
35281979_3578,35281979,Cc1cc2ccccc2n1CC(=O)N(C)Cc1cnn(C)c1,1,0.4375,2.908989859040282,0.9990838783499575
43495449_3595,43495449,O=c1[nH]c2nc(N3CCc4ccccc4C3)ncc2c(=O)n1-c1ccccc1,1,0.4090909090909091,1.4122007647642056,0.9993471376113909
82723223_2920,82723223,C[N@H+]1CC[C@H](N(Cc2cccnc2)C(=O)NCCCc2ccccc2)CC1,1,0.7457627118644068,0.9255333597449834,0.9995974883358069
18855069_1735,18855069,Cc1nc(COc2ccc(F)cc2)sc1C(=O)N1CCC(C)CC1,1,0.328125,2.0065599916273857,0.9988008238493601
32378112_1328,32378112,O=C(NCC1=CCCN(Cc2cc(F)ccc2Cl)C1)c1ccco1,1,0.42105263157894735,1.9404396409063311,0.9979213093590327
32378112_1327,32378112,O=C(NCC1=CCC[N@@H+](Cc2cc(F)ccc2Cl)C1)c1ccco1,1,0.4266666666666667,2.655029001725179,0.9986476472052427
24465856_547,24465856,O=C(c1cccc(Cl)c1)N1CCN(C(=O)c2ccc3ccccc3c2O)CC1,1,0.5370370370370371,1.4888475408853175,0.9986603806225808
24465856_546,24465856,O=C(c1cccc(Cl)c1)N1CCN(C(=O)c2ccc3ccccc3c2[O-])CC1,1,0.5454545454545454,0.5092592659937086,0.9997511278693811
44505466_613,44505466,CC(=O)N[C@]1(C(=O)N2CCC[N@@H+](C3CC3)CC2)CC[C@@H](C)CC1,1,0.3333333333333333,2.380699267022193,0.998511921032408
32434626_1842,32434626,c1ccc(Cc2nnc(CSc3ccccc3)[nH]2)cc1,1,0.34782608695652173,1.1633481851967076,0.999507004218109
17268136_84,17268136,c1ccc(Oc2cccc(CN(CC[NH+]3CCOCC3)Cc3cccnc3)c2)cc1,1,0.6333333333333333,1.6412199730688306,0.9991426624710863
17268136_83,17268136,c1ccc(Oc2cccc(C[N@@H+](CCN3CCOCC3)Cc3cccnc3)c2)cc1,1,0.6333333333333333,1.8307506657104855,0.9993029837010413
17268136_85,17268136,c1ccc(Oc2cccc(C[N@@H+](CC[NH+]3CCOCC3)Cc3cccnc3)c2)cc1,1,0.6333333333333333,1.9414646532966864,0.9984771900347447
1590696_3544,1590696,CC(C)(C)c1ccc(C(=O)Nc2ccc(C(=O)Nc3ccccc3)cc2)cc1,1,0.46938775510204084,2.177274672612528,0.9976785680311121
50132153_1269,50132153,CCc1ccc(S(=O)(=O)[N-]Cc2ccnc(N3CCCC3)n2)cc1,1,0.31746031746031744,2.0820247356840245,0.9971807603057673
50132153_1268,50132153,CCc1ccc(S(=O)(=O)NCc2ccnc(N3CCCC3)n2)cc1,1,0.31746031746031744,1.868798009416707,0.9992036360829776
36662114_1714,36662114,CS(=O)(=O)Cc1ccn(-c2ccccc2)n1,1,0.4230769230769231,1.2780970229211208,0.9988210417879091
49961770_2755,49961770,Cc1ccc(-n2cc(C)cn2)c(NC(=O)C[NH+](C)C)c1,1,0.3333333333333333,1.5698827981731511,0.9989871716301582
36340866_2100,36340866,CCS(=O)(=O)Cc1ccn(-c2cccc(F)c2)n1,1,0.32075471698113206,1.5203249652625368,0.9986929994332552
41630506_2749,41630506,Cc1cc(Cl)n(-c2ccc(C#N)cc2)n1,1,0.32608695652173914,0.8780797230319841,0.9984255600808122
48759724_3255,48759724,Cc1cc(C(=O)NC(C)(C)C#N)nn1-c1ccc(F)cc1,1,0.3384615384615385,1.2067766984825674,0.9993485165841743
2873705_1274,2873705,Cc1ccccc1-n1nc(C(C)(C)C)cc1N,1,0.2641509433962264,0.8526253573517828,0.9993088012097243
49961770_2754,49961770,Cc1ccc(-n2cc(C)cn2)c(NC(=O)CN(C)C)c1,1,0.3333333333333333,0.5361939947445573,0.9997750686355816
14383848_1732,14383848,CCCNC(=O)c1c(C)nn(-c2ccccc2)c1C,1,0.5,1.2411752495114907,0.9993058363690385
41949940_771,41949940,CCc1c(N)cnn1-c1ccccc1C,1,0.2830188679245283,0.6879404043953073,0.9994160252426462
35739549_1249,35739549,COc1ccc(C)cc1-n1ccc(C(=O)NC(C)C)n1,1,0.6101694915254238,0.9583261448997111,0.9993360049234138
177428613_3365,177428613,Cc1nnc(C2CCN(C(=O)NC3CCN(c4ccc(F)cc4)CC3)CC2)[nH]1,1,0.45161290322580644,1.3618777478177286,0.9992885484074421
301758325_3476,301758325,[NH3+]C[C@H]1CCC[C@H]1NC(=O)c1cc(N2CCNC2=O)ccc1F,1,0.5,1.9820093339840172,0.9982200968668241
1300953_685,1300953,Cc1ccccc1OCCn1c(N)nc2ccccc21,1,0.5,1.7669083168064545,0.9995176497195865
1300953_684,1300953,Cc1ccccc1OCCn1c(N)[nH+]c2ccccc21,1,0.5111111111111111,1.1795634785805615,0.9983095460827728
44811452_3555,44811452,Cc1nc(-c2cccnc2)sc1C(=O)Nc1ccccc1-c1cn2c(C[NH+]3CCOCC3)csc2n1,1,0.2857142857142857,3.3907012549038718,0.9992722416394008
44811452_3554,44811452,Cc1nc(-c2cccnc2)sc1C(=O)Nc1ccccc1-c1cn2c(CN3CCOCC3)csc2n1,1,0.3103448275862069,4.158853447767446,0.9993923562580228
35772359_624,35772359,Cn1ccnc1CN1CC[NH+](Cc2ccc(F)cc2C#N)CC1,1,0.373134328358209,2.1948382628337817,0.9975223492691472
35772359_625,35772359,Cn1cc[nH+]c1CN1CC[NH+](Cc2ccc(F)cc2C#N)CC1,1,0.3787878787878788,1.839192757706228,0.9977216737954512
35772359_626,35772359,Cn1ccnc1C[NH+]1CCN(Cc2ccc(F)cc2C#N)CC1,1,0.373134328358209,1.8946123614078547,0.9984855068021131
35772359_627,35772359,Cn1ccnc1CN1CCN(Cc2ccc(F)cc2C#N)CC1,1,0.3064516129032258,1.9108728372133115,0.9981382646409812
32230796_1619,32230796,Cc1ccc(C)c(OCCN(C)C(=O)c2ccc3c(c2)nnn3C)c1,1,0.3382352941176471,1.8920462467923793,0.9981811214557711
177360703_2105,177360703,Cn1c(C(=O)N2CCN(CCc3ccccc3)C(=O)C2)cc(=O)n(C)c1=O,1,0.3333333333333333,1.9551393812206659,0.9991540576773018
49317565_3165,49317565,OC1(Cc2nc(-c3ccsc3)no2)CCCCC1,1,0.3880597014925373,1.1384801271872889,0.9989618896853334
30658737_2074,30658737,CN(Cc1cccc(C#N)c1)c1cnc2ccccc2[nH+]1,1,0.4727272727272727,1.8889338262629307,0.9973374741302214
30658737_2073,30658737,CN(Cc1cccc(C#N)c1)c1cnc2ccccc2n1,1,0.47058823529411764,1.6648038923548045,0.9994543667112571
49435320_3375,49435320,CNc1nc(C)nc(N[C@H]2CCC[C@@H](C(=O)NCc3ccc(C#N)cc3C(F)(F)F)C2)n1,1,0.2926829268292683,2.773804787651726,0.9977843850788097
32146223_1125,32146223,c1ccc(-c2cc3c(N4CCC(c5ncc[nH]5)CC4)ncnc3s2)cc1,1,0.35384615384615387,2.367790108940584,0.9990694490376142
32146223_1126,32146223,c1ccc(-c2cc3c(N4CCC(c5[nH]cc[nH+]5)CC4)ncnc3s2)cc1,1,0.3188405797101449,1.676231189304665,0.999121434057555
49156244_1350,49156244,CCCCn1nc(-c2ccc(C)o2)nc1CNC,1,0.4032258064516129,1.1274617510144926,0.9996554530324093
49156244_1351,49156244,CCCCn1nc(-c2ccc(C)o2)nc1C[NH2+]C,1,0.4032258064516129,1.2258083047519615,0.9993949478569139
310102_2821,310102,OC1CCN(c2nccc(-c3cccs3)n2)CC1,1,0.5925925925925926,2.049789745315941,0.9978696779243204
32611176_3560,32611176,CCOC(=O)C1CCN(C(=O)c2cc3occc3c(Nc3ccc(F)cc3)n2)CC1,1,0.30864197530864196,3.132050606231814,0.9987742889725069
50301971_441,50301971,CCc1ccc(NC(=O)C2CCN(c3ccc4nncn4n3)CC2)cc1,1,0.32,1.80743713583621,0.9987376250827006
137015_287,137015,CCCn1cc(C(=O)N2CCC(c3n[nH]cc3C(=O)N(C)Cc3ccccc3)CC2)cn1,1,0.6818181818181818,2.9508053138080594,0.999152425823154
137015_286,137015,CCCn1cc(C(=O)N2CCC(c3[nH]ncc3C(=O)N(C)Cc3ccccc3)CC2)cn1,1,0.6617647058823529,2.9473511836899413,0.9990281022756341
30435883_3392,30435883,Cn1cnnc1-c1cccc([N-]S(=O)(=O)c2cc3c(cc2Cl)OCCO3)c1,1,0.6721311475409836,2.8211139643765755,0.9972949348767007
30435883_3391,30435883,Cn1cnnc1-c1cccc(NS(=O)(=O)c2cc3c(cc2Cl)OCCO3)c1,1,0.6721311475409836,1.7884856722940188,0.9988735162670248
45816980_63,45816980,COc1nn(C)cc1C(=O)Nc1cccc(-c2c[nH+]c3n2CCC3)c1,1,0.35,2.2020479104685418,0.9988718586197326
222753013_3027,222753013,C[NH+](C)C1(CNC(=O)Cn2ccc(=O)cc2)CCCCC1,1,0.5918367346938775,2.1630996278488563,0.9982004152415538
30270890_3676,30270890,Oc1ccc(-c2noc(C3CC3)n2)cc1,1,0.45098039215686275,1.1627222368216759,0.999043052998377
30270890_3677,30270890,[O-]c1ccc(-c2noc(C3CC3)n2)cc1,1,0.4230769230769231,2.3649281173007886,0.9980376933322578
24121594_296,24121594,O=C(NCc1cnn(-c2ccccc2)c1)C1CCC1,1,0.5283018867924528,1.0029077724297575,0.9991804068812987
48397445_2315,48397445,CC1(C)[C@@H]2C[C@H]1[C@@]1(O)[C@@H](C2)Oc2c(ccc([O-])c2C(=O)NCCNc2ccccn2)[C@@H]1O,1,0.6986301369863014,3.4128108649621285,0.9990970040374806
48397445_2316,48397445,CC1(C)[C@@H]2C[C@H]1[C@@]1(O)[C@@H](C2)Oc2c(ccc(O)c2C(=O)NCCNc2ccccn2)[C@@H]1O,1,0.6944444444444444,4.217893431560502,0.9993956707321495
48397445_2317,48397445,CC1(C)[C@@H]2C[C@H]1[C@@]1(O)[C@@H](C2)Oc2c(ccc([O-])c2C(=O)NCCNc2cccc[nH+]2)[C@@H]1O,1,0.7083333333333334,3.481544484851702,0.9978597121134782
16785188_2033,16785188,Cn1ncc2c(Oc3cccc(Oc4ccccn4)c3)ncnc21,1,0.66,2.129490314606295,0.9981996721107756
301048201_172,301048201,CC(C)(C)c1ccc(C(=O)Nc2cn3cc(-n4ccnc4)ccc3[nH+]2)cc1,1,0.375,3.9084480295894615,0.9978589931957154
301048201_173,301048201,CC(C)(C)c1ccc(C(=O)Nc2cn3cc(-n4cc[nH+]c4)ccc3[nH+]2)cc1,1,0.38095238095238093,5.4064027781881325,0.9956578976749005
171818496_3183,171818496,CO[C@@H]1CC[C@@H](N(C)C(=O)COc2c(C)cccc2C)[C@H]1O,1,0.44642857142857145,1.3065584564036419,0.9987382119485999
49956350_2769,49956350,CS(=O)(=O)Nc1ccccc1-c1ccncc1,1,0.3157894736842105,0.9256073681648496,0.9988632841257377
49956350_2771,49956350,CS(=O)(=O)[N-]c1ccccc1-c1ccncc1,1,0.30434782608695654,1.6453771604104037,0.9990028625915618
49956350_2770,49956350,CS(=O)(=O)/N=C1/C=CC=CC1=C1C=CNC=C1,1,0.2727272727272727,1.419480186547337,0.9977997160086728
31247054_1485,31247054,CC(C)c1noc(-c2ccc(N(C)Cc3cccnc3)nc2)n1,1,0.3787878787878788,1.1423296371887663,0.9994794510545882
11835068_856,11835068,O=C(Nc1ccc2c(c1)OCCCO2)c1cnn(Cc2ccccc2)c1,1,0.421875,1.5002849729301815,0.9986257600251012
301928950_3505,301928950,C[C@@H]1C[C@H]([NH3+])CCN1C(=O)c1cc(N2CCNC2=O)c(F)cc1F,1,0.4117647058823529,1.7860988214543416,0.999525355671031
177502491_3006,177502491,CCn1nc(CNC(=O)C2CCOCC2)c2ccccc21,1,0.5254237288135594,1.466788328286893,0.9995736435645762
MCULE-3611790330_135,MCULE-3611790330,CCOc1cc(CC(=O)N[C@@H](CC(C)C)c2ccccc2N2CCCCC2)ccc1C(=O)[O-],1,0.30120481927710846,3.5841261138526583,0.996677404614803
206931104_442,206931104,C[NH+](C)CCOc1ccc(-c2[nH]c(-c3ccc4c(c3)CC/C4=N\[O-])c(-c3ccncc3)[nH+]2)cc1,1,0.4025974025974026,3.959111642780145,0.9987440156430046
206931104_444,206931104,C[NH+](C)CCOc1ccc(-c2nc(-c3cc[nH+]cc3)c(-c3ccc4c(c3)CC/C4=N\[O-])[nH]2)cc1,1,0.3125,2.688280491318375,0.998662051095138
206931104_443,206931104,C[NH+](C)CCOc1ccc(-c2nc(-c3ccncc3)c(-c3ccc4c(c3)CC/C4=N\[O-])[nH]2)cc1,1,0.4,2.1614728774612653,0.9988157020344826
44575095_1628,44575095,CCc1cnc(CNC(=O)N2CCC(n3cncn3)CC2)s1,1,0.323943661971831,1.5911624681348908,0.9995133535025037
36419852_1967,36419852,Cc1cccc(-n2cnnc2CCCN2CCOCC2)c1,1,0.45161290322580644,0.8998566552513473,0.9991355791268917
36419852_1966,36419852,Cc1cccc(-n2cnnc2CCC[NH+]2CCOCC2)c1,1,0.4603174603174603,1.6349553510723946,0.9986986762982876
36914406_1760,36914406,CC1(C)CN(C(=O)c2cncc(Br)c2)CCO1,1,0.4838709677419355,1.6100350927852873,0.9979794224416204
19996324_3119,19996324,O=C(CSc1ccc2c(c1)OCCO2)NC1CCCC1,1,0.54,1.1827865403363762,0.9991168588863727
48788735_2783,48788735,Cc1ccccc1S(=O)(=O)[N-]c1c(C)ccnc1Cl,1,0.2537313432835821,2.097323055707107,0.9988962097858745
48788735_2782,48788735,Cc1ccccc1S(=O)(=O)Nc1c(C)ccnc1Cl,1,0.2698412698412698,1.5698541333509832,0.9991750149007315
36987134_531,36987134,C[S@](=O)Cc1c(C(=O)N[C@H]2CC[C@H](C)CC2)oc2ccccc12,1,0.4067796610169492,1.8064454046550058,0.998882538994524
49130722_2836,49130722,CC[N@H+]1CCCN(C(=O)Nc2ccc(COC3CCCC3)cc2)CC1,1,0.6363636363636364,2.5639914196425946,0.9983149075801739
43389174_593,43389174,CS(=O)(=O)CCNc1ccc2ccc(F)cc2n1,1,0.5,1.3969670719099463,0.9993663114316857
43389174_594,43389174,CS(=O)(=O)CCNc1ccc2ccc(F)cc2[nH+]1,1,0.509090909090909,1.4340327750786637,0.997836854551908
222754040_3179,222754040,CCN(C)S(=O)(=O)N(C)Cc1cnc2ccccc2c1,1,0.38181818181818183,1.402358727287709,0.9983328595234775
31205261_1880,31205261,CCCC(=O)Nc1ccc(C)c2ncccc12,1,0.41818181818181815,1.520463087351891,0.9992490737322143
24501994_248,24501994,CCCCNC(=O)c1cccc2ncccc12,1,0.43137254901960786,0.8119501216209265,0.9993457772658039
36986676_3577,36986676,CN(C(=O)OC(C)(C)C)c1ccc2ccccc2n1,1,0.3448275862068966,1.7931511369653335,0.9985101013799329
48840184_1592,48840184,Cc1cc(CNc2cc(C(=O)N(C)C)ccn2)sc1Br,1,0.3333333333333333,2.428451564269262,0.9992341545387059
48840184_1593,48840184,Cc1cc(CNc2cc(C(=O)N(C)C)cc[nH+]2)sc1Br,1,0.3333333333333333,2.598360829446093,0.9985670053895024
222077_429,222077,C[C@]1(c2ccn[nH]2)CC[N@H+](Cc2ccco2)CC1,1,0.3333333333333333,1.962122065520051,0.9992686199557527
222077_430,222077,C[C@]1(c2cc[nH]n2)CC[N@@H+](Cc2ccco2)CC1,1,0.32786885245901637,1.8691013883674719,0.9992300891894293
222077_431,222077,CC1(c2ccn[nH]2)CCN(Cc2ccco2)CC1,1,0.2786885245901639,1.7690146975086096,0.9994557485081308
31836416_913,31836416,O=C(NCc1ccc(F)cc1)c1ccccn1,1,0.4528301886792453,1.5013610491816622,0.9995721009970524
24032918_810,24032918,O=C(NCc1cc(F)cc(F)c1)c1ccccn1,1,0.4074074074074074,1.4242520844291642,0.9993522764022047
34501664_1944,34501664,O=C(Nc1nc(-c2ccccn2)cs1)c1ccc(F)cc1Cl,1,0.359375,1.4419934119131006,0.9997255920478982
177285116_1463,177285116,FC(F)(F)COc1ccc(C[N@@H+]2CCc3c(cnn3-c3ccccc3)C2)nn1,1,0.3037974683544304,1.2902631514536704,0.9989447192423732
177285116_1464,177285116,FC(F)(F)COc1ccc(CN2CCc3c(cnn3-c3ccccc3)C2)nn1,1,0.2987012987012987,1.7941574624321937,0.9989675141084228
3596324_1976,3596324,O=C(CN1CCC(n2c(=O)[nH]c3ccccc32)CC1)N1CCc2ccccc21,1,0.5081967213114754,2.4315803503074247,0.9978390090809073
45736512_1225,45736512,C[C@@H]1Cc2ccccc2N1C(=O)C[N@H+]1CC[C@H](n2c(=O)[nH]c3ccccc32)CC1,1,0.515625,2.6348349094392813,0.9985768627057422
3596324_1977,3596324,O=C(C[N@H+]1CC[C@H](n2c(=O)[nH]c3ccccc32)CC1)N1CCc2ccccc21,1,0.5079365079365079,2.6233398559857752,0.998544169349354
45736512_1224,45736512,C[C@@H]1Cc2ccccc2N1C(=O)CN1CCC(n2c(=O)[nH]c3ccccc32)CC1,1,0.484375,2.5119597926716413,0.998401240167459
15279096_490,15279096,Cc1cc(C)c(C#N)c(N2CCN(CC(=O)Nc3ccccc3Cl)CC2)n1,1,0.46153846153846156,1.3310687435291813,0.9990431281952032
15279096_491,15279096,Cc1cc(C)c(C#N)c(N2CCN(CC(=O)Nc3ccccc3Cl)CC2)[nH+]1,1,0.453125,1.8450403789617222,0.9992961577672981
222774342_3420,222774342,CCCc1nnc(N2CCC3(CCCC3)C2)s1,1,0.37735849056603776,2.8498964893484535,0.9992556845480224
11813013_1974,11813013,C[C@@H](c1nnc(-c2cccs2)o1)N1CCC(n2c(=O)[nH]c3ccccc32)CC1,1,0.4246575342465753,2.053641156579439,0.9992485123303357
11813013_1975,11813013,C[C@@H](c1nnc(-c2cccs2)o1)[N@H+]1CC[C@H](n2c(=O)[nH]c3ccccc32)CC1,1,0.43243243243243246,2.52135499285597,0.9994158897899936
30455813_966,30455813,COc1cccc(OCCCn2cncc2-c2cc3c(cc2OC)OCCCO3)c1,1,0.5454545454545454,1.964912720708131,0.9986550861829933
30455813_965,30455813,COc1cccc(OCCCn2c[nH+]cc2-c2cc3c(cc2OC)OCCCO3)c1,1,0.5522388059701493,1.7596897453814238,0.9986475850410023
830565_320,830565,Nc1nc2ccccc2nc1N1CCCC1,1,0.375,1.3135223637235456,0.9994152372073236
830565_321,830565,Nc1nc2ccccc2[nH+]c1N1CCCC1,1,0.3829787234042553,0.9459550729286772,0.9993107333128056
75983310_825,75983310,CC(C)c1nc2c(n1C)CCN(C(=O)c1cccc(C(F)(F)F)c1F)C2,1,0.38235294117647056,2.052890157801937,0.9988641814851873
75983310_826,75983310,CC(C)c1[nH+]c2c(n1C)CCN(C(=O)c1cccc(C(F)(F)F)c1F)C2,1,0.391304347826087,1.7267637360104293,0.9981634544356242
300958586_2173,300958586,COc1cccc(OCCCN)c1-c1cc(Nc2cnc(C#N)cn2)n[nH]1,1,0.27906976744186046,3.810413100964438,0.9985826890496133
300958586_2171,300958586,COc1cccc(OCCC[NH3+])c1-c1cc(Nc2cnc(C#N)cn2)n[nH]1,1,0.2823529411764706,4.176858747910201,0.9987964218176841
300958586_2172,300958586,COc1cccc(OCCC[NH3+])c1-c1cc(Nc2cnc(C#N)cn2)[nH]n1,1,0.27586206896551724,3.9380594205778245,0.9986189076674269
4851238_2382,4851238,O=C([O-])c1csc(Cc2ccc(Cl)cc2)n1,1,0.3673469387755102,1.6089555618477038,0.998495191046379
49339585_3002,49339585,O=C([O-])c1ccc(CCC(=O)N2CCc3c(F)cc(F)cc3C2)cc1,1,0.36923076923076925,2.2103658068294476,0.9941899458752922
11963582_1100,11963582,Cc1cccc(NC(=O)c2cccc3ncccc23)c1,1,0.38596491228070173,0.9760578876277293,0.9994812605766888
EN300-53017_2694,EN300-53017,C[C@]12C=CC(=O)C=C1CC[C@@H]1[C@@H]2[C@@H](O)C[C@@]2(C)[C@H]1CC[C@]2(O)C(=O)CO,1,0.3142857142857143,4.255881929753353,0.9986154649718226
82709621_3013,82709621,O=C(Cn1nc(Cc2ccccc2)c2ccccc2c1=O)NCc1ncc[nH]1,1,0.59375,2.0605829272323533,0.9983364210996692
82709621_3014,82709621,O=C(Cn1nc(Cc2ccccc2)c2ccccc2c1=O)NCc1[nH]cc[nH+]1,1,0.6,2.9329977838381813,0.9979914488755057
3035918_2022,3035918,O=C(COc1ncnc2ccccc12)N[C@]12C[C@H]3C[C@H](C[C@H](C3)C1)C2,1,0.3387096774193548,2.0985256729425807,0.9984762054435985
32126735_832,32126735,N#Cc1cc(F)c(N2CC[NH+](CCO)CC2)c(F)c1,1,0.3888888888888889,1.9238950075303536,0.9984285720617194
32126735_833,32126735,N#Cc1cc(F)c(N2CCN(CCO)CC2)c(F)c1,1,0.36538461538461536,1.4965777627640338,0.9957969358479318
313091037_181,313091037,O=C([O-])[C@H]1C[N@@H+](Cc2ccc(OCc3ccc(Cl)c(Cl)c3)cc2)C1,1,0.3275862068965517,2.1936765942136955,0.9977788369928676
313091037_182,313091037,O=C([O-])C1CN(Cc2ccc(OCc3ccc(Cl)c(Cl)c3)cc2)C1,1,0.3389830508474576,2.338327821328631,0.9952507289145066
222778471_2843,222778471,Cc1n[nH]c(C)c1CCCN(C)c1cncc(C(=O)N(C)C)n1,1,0.4745762711864407,2.23313725507481,0.9987414004124228
30451421_1576,30451421,O=C(NC1=NS(=O)(=O)c2ccccc21)c1cc(-c2ccc(F)cc2)no1,1,0.3,2.5972086939636028,0.9993295566876743
49336129_806,49336129,COc1ncnc2c1C[N@@H+](Cc1c[nH]nc1-c1ccc(F)cc1)CC2,1,0.35714285714285715,1.7085470435421037,0.9992734105425474
49336129_807,49336129,COc1ncnc2c1C[N@@H+](Cc1cn[nH]c1-c1ccc(F)cc1)CC2,1,0.3472222222222222,1.6843731771795973,0.9991737181339134
49336129_808,49336129,COc1ncnc2c1CN(Cc1c[nH]nc1-c1ccc(F)cc1)CC2,1,0.352112676056338,1.820529593278186,0.9989580911872038
49336129_809,49336129,COc1ncnc2c1CN(Cc1cn[nH]c1-c1ccc(F)cc1)CC2,1,0.3424657534246575,1.8952530174094955,0.9990018674664288
43249441_1655,43249441,Cc1nc(N(C)C)cc(C2(C)CC[NH2+]CC2)[nH+]1,1,0.3050847457627119,2.3058989570231208,0.9963506691828627
43242674_2148,43242674,Cc1nc(N(C)C)cc(C2CC[NH2+]CC2)[nH+]1,1,0.37254901960784315,2.160903746121083,0.9977122279867843
165629_802,165629,OCC[N@H+]1CC[C@H](c2ccncn2)CC1,1,0.35185185185185186,1.8381681098310967,0.9976109438690731
43249441_1654,43249441,Cc1nc(N(C)C)cc(C2(C)CC[NH2+]CC2)n1,1,0.25862068965517243,1.7582184164659955,0.9984588617299582
43242674_2147,43242674,Cc1nc(C2CC[NH2+]CC2)cc(N(C)C)n1,1,0.3541666666666667,1.6414594116212045,0.9986861760251688
208359_1580,208359,CNC(=O)c1cc([C@H]2CC[N@H+](C)CC2)ncn1,1,0.34615384615384615,1.861080600081665,0.9989814816540699
267985_1545,267985,Cc1nccc(C2(C)CCN(CC(N)=O)CC2)n1,1,0.3382352941176471,1.6972106528064834,0.9962923711512255
267985_1546,267985,Cc1nccc([C@]2(C)CC[N@@H+](CC(N)=O)CC2)n1,1,0.3064516129032258,1.5538246361801626,0.9982706471746943
11813315_2066,11813315,O=C(NC1CCCCCC1)c1ccc(CSc2[nH]c3ccccc3[nH+]2)cc1,1,0.42857142857142855,2.3176272349107894,0.9984433471131678
11813315_2065,11813315,O=C(NC1CCCCCC1)c1ccc(CSc2nc3ccccc3[nH]2)cc1,1,0.42857142857142855,2.5860320957021736,0.9979500204927334
171813288_2879,171813288,CCOc1ccc2[nH]c(C(=O)N3CC[C@@](O)(CC(C)C)[C@@H](Oc4ccc(F)cc4)C3)c(C)c2c1,1,0.2631578947368421,4.713008381066439,0.9994468545650005
171813207_3354,171813207,Cc1cc(C)c2[nH]c(C(=O)N3CC[C@@](O)(CC(C)C)[C@@H](Oc4ccc(F)cc4)C3)c(C)c2c1,1,0.24210526315789474,4.495730085314034,0.9994712981373394
171813311_2415,171813311,CCc1c(C(=O)N2CC[C@@](O)(CC(C)C)[C@@H](Oc3ccc(F)cc3)C2)[nH]c2ccc(C)cc12,1,0.2903225806451613,3.3832596707908666,0.9994777834425261
3434817_612,3434817,Cc1ccc2c(CC(=O)NCc3cccs3)coc2c1,1,0.46551724137931033,1.6478537556468822,0.9992219471272618
3333585_1422,3333585,O=C(CSc1nnc(-c2cccs2)[nH]1)N1CCCCCC1,1,0.39622641509433965,1.9912455900772081,0.9989777148577006
147155_1141,147155,Cc1cc(CCCC(=O)NC[C@H]2CC[C@H](c3ccc(C(N)=O)c(C)n3)CC2)ccc1F,1,0.4117647058823529,2.308528968845543,0.9974893611417226
43033977_462,43033977,c1ccc(OCc2cc(CC3([NH2+]Cc4cnc5ccccc5c4)COC3)no2)cc1,1,0.2923076923076923,1.6803469879758346,0.9991603407600175
43033977_461,43033977,c1ccc(OCc2cc(CC3(NCc4cnc5ccccc5c4)COC3)no2)cc1,1,0.296875,1.9443713637058098,0.9995224907672363
309592_2249,309592,[O-]c1cc2c(nn1)-c1cnc(N3CCCC3)nc1CC2,1,0.975,1.9395123098346136,0.9990094573842222
309592_2250,309592,Oc1cc2c(nn1)-c1cnc(N3CCCC3)nc1CC2,1,0.975,1.428856185905295,0.9985266905153823
362022_3404,362022,O=C(NC1CCCCC1)C1=CCN(C(=O)C2CC2)C1,1,0.9714285714285714,1.289031807210495,0.9987478109386339
320364216_127,320364216,Cn1cc(Nc2nc(N)nc(-c3cccc(-n4ccc5cc(C6CC6)cc(F)c5c4=O)c3CO)n2)cn1,1,0.25510204081632654,7.325706450575332,0.9935906758232996
49968150_1107,49968150,Cc1cc(N(C)Cc2ccc(N)nc2)nc(-c2ccncc2)[nH+]1,1,0.4166666666666667,1.705478525223784,0.9993420655438789
49968150_1106,49968150,Cc1cc(N(C)Cc2ccc(N)nc2)nc(-c2ccncc2)n1,1,0.43103448275862066,2.0915109370977296,0.9990931767112127
32071082_477,32071082,Cc1cccc(NC(=O)c2cccnc2N2CCCCC2)n1,1,0.5,1.6141152375221692,0.9992109009887483
32071082_478,32071082,Cc1cccc(NC(=O)c2cccnc2N2CCCCC2)[nH+]1,1,0.49056603773584906,1.583996843430879,0.9992375290860026
44492208_994,44492208,CN(CC(=O)NC1CC1)C(=O)[C@H]1[C@@H]2C[C@H]3C[C@@H](C2)C[C@@H]1C3,1,0.4230769230769231,1.2561683804325756,0.9991214520066674
18898062_821,18898062,CCC(CC)NC(=O)c1cc(C)nc2onc(C)c12,1,0.5961538461538461,1.307791267748893,0.9996228810686528
50354657_2424,50354657,Cc1ccc(=O)n(CCOc2cc(F)cc(Br)c2)n1,1,0.31645569620253167,1.5117823917482747,0.9985176582271084
50359676_3090,50359676,Cc1ccc(=O)n(CCOc2ccc(Cl)c(F)c2)n1,1,0.3,1.4574511998691049,0.9987652367417789
31918332_2786,31918332,Cc1nc(Cc2ccccc2)sc1C(=O)Nc1cccc(-c2cc[nH]n2)c1,1,0.7192982456140351,1.8568747938402372,0.9983741660585561
31918332_2787,31918332,Cc1nc(Cc2ccccc2)sc1C(=O)Nc1cccc(-c2ccn[nH]2)c1,1,0.7192982456140351,2.116541282375505,0.9983327969139746
177495339_2491,177495339,Cc1cnn(CCNC(=O)C2(Cn3cccn3)CC2)c1,1,0.4,1.5915935410773836,0.999489253870604
45753290_3628,45753290,Cc1nnc(-c2ccccc2NCc2ccsc2)o1,1,0.36363636363636365,1.6285751441061656,0.9996520640673329
177307724_2767,177307724,COC1(c2nc(Cc3ccccc3)no2)CCN(Cc2cnc(C)o2)CC1,1,0.6666666666666666,1.8883386878416315,0.9989326355983262
177307724_2768,177307724,CO[C@]1(c2nc(Cc3ccccc3)no2)CC[N@H+](Cc2cnc(C)o2)CC1,1,0.6825396825396826,1.6103052505656488,0.9987889476268829
329184_1616,329184,Cc1cnc(-c2nc(NCc3ccccn3)ncc2-c2onc(C)c2C)cn1,1,0.3466666666666667,2.284611564358879,0.9994957861792162
329184_1617,329184,Cc1cnc(-c2[nH+]c(NCc3ccccn3)ncc2-c2onc(C)c2C)cn1,1,0.36363636363636365,3.448382954371183,0.9990631272327174
30066231_3127,30066231,CC(C)Oc1cccc([C@H](C)NC(=O)c2ccnc(-n3cncn3)c2)c1,1,0.4714285714285714,2.033047220307965,0.9985606782203538
49640518_504,49640518,Cc1[nH+]c2ccccn2c1CC(=O)NCCCSc1ccccc1,1,0.2894736842105263,2.261293214070304,0.9980877419795477
32409538_214,32409538,CCn1ncnc1-c1[nH]cnc1-c1ccccc1,1,0.37254901960784315,1.3472664918278496,0.9991830277058174
32409538_212,32409538,CCn1ncnc1-c1nc[nH]c1-c1ccccc1,1,0.37254901960784315,1.3944134967794057,0.9987760942373993
32409538_213,32409538,CCn1nc[nH+]c1-c1nc[nH]c1-c1ccccc1,1,0.37735849056603776,2.097508283654815,0.9990146158058719
31879758_921,31879758,O=C(CCc1cccs1)Nc1ccc(N2CCOCC2)cn1,1,0.40625,1.1696704664136368,0.9993342459649658
53819787_3079,53819787,COc1ccc(=O)n(Cc2noc3c2CCCC3)n1,1,0.46296296296296297,1.2647592656311537,0.999087598643179
49008924_3184,49008924,CN(CC1CCC1)C(=O)C1CCN(c2ccc3nncn3n2)CC1,1,0.34375,1.799353217131019,0.9985547227498976
46016546_2302,46016546,CC(C)[C@H]1C(=O)N[C@H](CO)Cc2cc(NC(=O)/C=C/C=C/c3ccc(C(F)(F)F)cc3)ccc2N1C,1,0.25252525252525254,4.554239014368918,0.9969257814965964
49964694_3253,49964694,Cc1cc(CN2CC(O)(CC#N)C2)ccc1F,1,0.27586206896551724,1.887353438018488,0.9975088074254479
49964694_3254,49964694,Cc1cc(C[N@H+]2C[C@@](O)(CC#N)C2)ccc1F,1,0.3,1.759642577343428,0.9992472332075254
MCULE-8889700922_1264,MCULE-8889700922,Cc1ccc(C)c(S(=O)(=O)N2CCCN(CCn3cccn3)CC2)c1,1,0.4426229508196721,1.8116191652770477,0.99851876170049
MCULE-8889700922_1263,MCULE-8889700922,Cc1ccc(C)c(S(=O)(=O)N2CCC[N@H+](CCn3cccn3)CC2)c1,1,0.5,1.7849859943430173,0.9982080885965926
49297145_1391,49297145,CN(C(=O)c1cncc(F)c1)c1cccc2ncccc12,1,0.3220338983050847,1.1565863564817211,0.9994414445928135
344474_3087,344474,CC(C)N(C(=O)Cn1cccc2cc(-c3ccco3)[nH+]c1-2)C(C)C,1,0.2753623188405797,1.9777158542119229,0.9990217421002336
171818667_2779,171818667,Cc1cccc(C)c1OCC(=O)N(C)[C@@H]1CCC[C@@H](O)[C@@H]1O,1,0.48148148148148145,2.1476987684495943,0.9977298217843861
33360977_2198,33360977,O=C(Nc1nccs1)C1CCN(C(=O)CN2CCc3ccccc32)CC1,1,0.4426229508196721,2.426640888141238,0.9992874774408542
48257421_1421,48257421,CCc1nnc(Oc2cccnc2)c(C#N)c1CC,1,0.46,1.5551906635523527,0.9984543111305468
32042022_2691,32042022,Cc1[nH]c(-c2ccccc2)nc(=O)c1C,1,0.3137254901960784,1.3894480918694507,0.9987501331068805
48421225_1094,48421225,Cn1c(=O)n(C)c2cc(C[N@H+]3CC[C@H](c4ccc(Cc5ccccc5F)cn4)CC3)ccc21,1,0.37333333333333335,3.291930284802576,0.9974600306108541
153321_957,153321,c1cc(C[N@H+]2CC[C@@H](c3ccn[nH]3)CC2)ccn1,1,0.4230769230769231,1.9935067092939482,0.9991747688612226
153321_958,153321,c1cc(C[N@H+]2CC[C@H](c3cc[nH]n3)CC2)ccn1,1,0.41509433962264153,1.492033846801197,0.9990468594758519
30666181_1305,30666181,Cc1oc(C)c(C(=O)N(C)Cc2ccccc2N2CCOCC2)c1C,1,0.4142857142857143,1.9807412753816194,0.9982047891713388
25831315_911,25831315,Cc1[nH+]c2ccccc2c(N)c1C(=O)/C=C/c1ccccc1,1,0.296875,1.358992273708844,0.9992189758832526
25831317_2217,25831317,COc1ccc(/C=C/C(=O)c2c(C)[nH+]c3ccccc3c2N)cc1,1,0.26865671641791045,1.638945392622957,0.9977404124905276
25831317_2216,25831317,COc1ccc(/C=C/C(=O)c2c(C)nc3ccccc3c2N)cc1,1,0.323943661971831,1.3072245407733425,0.9988161990464792
25831315_910,25831315,Cc1nc2ccccc2c(N)c1C(=O)/C=C/c1ccccc1,1,0.30158730158730157,0.9912265129626582,0.9992075953555661
48430874_622,48430874,CCc1cc(NCc2cccc(OCCOC)c2)ncn1,1,0.3125,1.3561515402052833,0.998909394817297
48430874_623,48430874,CCc1cc(NCc2cccc(OCCOC)c2)nc[nH+]1,1,0.3492063492063492,1.823432751707597,0.9987199375026602
2258851_1397,2258851,O=C(NCCc1ccccc1)c1cnccn1,1,0.3793103448275862,1.6741463496363118,0.9996107830099289
43081435_1721,43081435,COc1ccc(-c2nc3cc(C)ccc3cc2CN(C)Cc2[nH+]ccn2C)cc1,1,0.39705882352941174,1.9108715289105425,0.9991350902150032
43081435_1720,43081435,COc1ccc(-c2nc3cc(C)ccc3cc2C[N@@H+](C)Cc2nccn2C)cc1,1,0.3287671232876712,1.6740916940241002,0.9986289026669415
43081435_1719,43081435,COc1ccc(-c2nc3cc(C)ccc3cc2CN(C)Cc2nccn2C)cc1,1,0.4057971014492754,1.8814350905629185,0.9997892062534741
43081435_1722,43081435,COc1ccc(-c2[nH+]c3cc(C)ccc3cc2CN(C)Cc2nccn2C)cc1,1,0.39436619718309857,2.2143676298209205,0.9990615213849571
13523780_668,13523780,Cc1nc2ccc(NC(=O)c3sc(-c4ccccn4)nc3C)cc2s1,1,0.45454545454545453,1.814535753299126,0.9998020945277678
147149_1083,147149,Cc1nc([C@H]2CC[C@@H](CNC(=O)C[N@H+]3CC[C@H](c4ccccc4)CC3)CC2)ccc1C(N)=O,1,0.35714285714285715,3.4804843053807373,0.9952900484078282
147149_1084,147149,Cc1nc([C@H]2CC[C@H](CNC(=O)CN3CCC(c4ccccc4)CC3)CC2)ccc1C(N)=O,1,0.36764705882352944,2.904895867324612,0.9984364399134228
147149_1085,147149,Cc1[nH+]c([C@H]2CC[C@H](CNC(=O)C[N@H+]3CC[C@@H](c4ccccc4)CC3)CC2)ccc1C(N)=O,1,0.35714285714285715,4.0586059182927405,0.9973177674436945
32106793_2130,32106793,Cc1cc(C)n(-c2cc(Nc3ccccc3C)ncn2)n1,1,0.32142857142857145,1.452120862737812,0.9992731791278604
48923065_3464,48923065,COc1ccc(C(=O)N2CCN(C(=O)/C=C/c3ccc(Br)cc3)CC2)cc1,1,0.3584905660377358,1.5603025347667736,0.9987785194694949
50282995_714,50282995,N#Cc1cc(-c2nnc(-c3ccncc3)[nH]2)ccn1,1,0.32653061224489793,1.3245387876541652,0.9998935751176972
35754411_1804,35754411,CCN1CCc2ncnc(N3CCNc4ccccc4C3)c2C1,1,0.4482758620689655,1.6984849130916724,0.9986601363718128
35754411_1803,35754411,CC[N@H+]1CCc2ncnc(N3CCNc4ccccc4C3)c2C1,1,0.43333333333333335,1.8048839297860078,0.9990269695758266
25831727_557,25831727,COC(=O)CC1=NN(c2ccc(OC)cc2)C(=O)/C1=C(/C)NCc1ccc(OC)cc1,1,0.42424242424242425,2.0919610417018544,0.9991871365504732
44426195_1679,44426195,Cc1cc(C(=O)NCCC2=CSC3=NCCCN23)c2cccc(C)c2n1,1,0.3108108108108108,1.972836283121323,0.9993975336367015
44426195_1678,44426195,Cc1cc(C(=O)NCCC2=CSC3=[NH+]CCCN23)c2cccc(C)c2n1,1,0.31645569620253167,1.675235505831709,0.9994600460825712
1539589_322,1539589,CCn1c(=O)n(CC)c2cc(N)ccc21,1,0.2830188679245283,1.5125630565368737,0.9991466198906132
11909115_2300,11909115,O=c1c2ccccc2nnn1CCOc1ccc(F)cc1,1,0.44642857142857145,0.8973299281759087,0.9986539353114993
43132553_1756,43132553,C(=C1/NC(C(c2ccccc2)c2ccccc2)=NO1)\n1c[nH+]c(C2CC2)n1,1,0.2361111111111111,3.0397226847197008,0.9983163095778346
43132553_1755,43132553,C(=C1/NC(C(c2ccccc2)c2ccccc2)=NO1)\n1cnc(C2CC2)n1,1,0.2463768115942029,1.4444382991326274,0.999457934190986
32157229_1498,32157229,Fc1ccc(F)c2c(NCc3ccc(N4CCOCC4)nc3)ccnc12,1,0.30434782608695654,1.0327502118126883,0.9993779217061975
32157229_1499,32157229,Fc1ccc(F)c2c(NCc3ccc(N4CCOCC4)nc3)cc[nH+]c12,1,0.3194444444444444,1.3836979439172032,0.9990472765181365
1934410_787,1934410,Cc1ccc(NC(=O)c2cccc(N(C)C)c2)cc1NC(=O)c1ccc(O)cc1,1,0.41818181818181815,2.1443803300720825,0.9985110372095141
1934410_788,1934410,Cc1ccc(NC(=O)c2cccc(N(C)C)c2)cc1NC(=O)c1ccc([O-])cc1,1,0.4107142857142857,1.6165800320427839,0.9984994362267466
95699457_3518,95699457,O=C1N=C(N2CCCCN2)S/C1=C\c1ccc(F)cc1O,1,0.47619047619047616,1.6882375425274387,0.9987882560444721
95699457_3519,95699457,O=C1N/C(=[N+]2/CCCCN2)S/C1=C\c1ccc(F)cc1[O-],1,0.43283582089552236,3.1115312950379255,0.9979296107774807
95699457_3517,95699457,O=C1N=C(N2CCCCN2)S/C1=C\c1ccc(F)cc1[O-],1,0.46153846153846156,1.2198844207547286,0.9992650897792323
95699457_3520,95699457,O=C1N/C(=[N+]2\CCCCN2)S/C1=C\c1ccc(F)cc1O,1,0.37142857142857144,1.8921088763599705,0.9986904662554423
35721780_1665,35721780,C[N@H+]1CCCN(C(=O)NCCOc2ccc3c(c2)OCO3)CC1,1,0.39436619718309857,1.7499145693431735,0.9993888636944653
2521907_1012,2521907,O=C(CSc1nnc[nH]1)N(C1CCCCC1)C1CCCCC1,1,0.2833333333333333,2.884167817586238,0.9969751989170468
50279769_2472,50279769,COc1cc(Br)c2c(=O)nc(C)[nH]c2c1,1,0.3076923076923077,1.237861058439052,0.9987493746300627
50279769_2473,50279769,COc1cc(Br)c2c(=O)[nH]c(C)nc2c1,1,0.2923076923076923,1.3856803383173903,0.9985541015300352
48210605_3384,48210605,c1ccc2nc(NCCn3cc[nH+]c3)cnc2c1,1,0.5185185185185185,1.0238090642305127,0.9996554881272545
48210605_3383,48210605,c1ccc2nc(NCCn3ccnc3)cnc2c1,1,0.5094339622641509,2.1001968955320964,0.9994926203412672
49293741_3262,49293741,Cc1cc(CN2CCC(N(C)c3ncc(Cl)cn3)CC2)on1,1,0.3157894736842105,2.3690132967122652,0.9971033618040405
49293741_3261,49293741,Cc1cc(C[N@H+]2CC[C@H](N(C)c3ncc(Cl)cn3)CC2)on1,1,0.3157894736842105,1.8571946586182009,0.9991279070079442
299994993_1262,299994993,C[n+]1cc2c3c(ccc2c2ccc4cc5c(cc4c21)OCO5)OCO3,1,0.2459016393442623,2.044315777956253,0.997958926109239
31603444_1725,31603444,O=C(CCn1cncn1)N(CC#Cc1ccccc1)C1CCCC1,1,0.4507042253521127,2.1053565018778038,0.9982095486258586
48629606_1198,48629606,Cc1nc(-c2cc(C)on2)n(CCc2ccccc2)n1,1,0.36507936507936506,1.4469098105963025,0.9981020405836788
48629606_1199,48629606,Cc1nn(CCc2ccccc2)c(-c2cc(C)on2)[nH+]1,1,0.36923076923076925,0.6563040453937903,0.999565857786208
42961472_1894,42961472,Cc1ccc(-c2noc(CCC(=O)N3CCCC3(C)C)n2)cc1F,1,0.34328358208955223,2.123552919048601,0.999155874786709
36571105_209,36571105,Cc1ccccc1-c1nc(Cn2cc[nH+]c2C(C)C)c(C)o1,1,0.45614035087719296,1.5099920529595239,0.9986365532938604
36571105_208,36571105,Cc1ccccc1-c1nc(Cn2ccnc2C(C)C)c(C)o1,1,0.44642857142857145,1.5461963006031056,0.9990287176408388
202517_94,202517,Cc1ncsc1C(=O)N1CCCC[C@@H]1c1nc(N)ncc1-c1cccc(C(F)(F)F)c1,1,0.7285714285714285,2.9595457421705995,0.999282342088425
200967_79,200967,Cc1ncsc1C(=O)N1CCCC[C@H]1c1nc(N(C)C)ncc1-c1cccc(Cl)c1,1,0.524390243902439,2.433606993744092,0.9988509089345322
93438708_1957,93438708,Cc1nc(-c2cnn(C)c2-c2ccc(C(F)(F)F)cn2)c2c(N3CCC3)[nH+]cnn12,1,0.2891566265060241,2.9360745903333707,0.9988924747443813
93438708_1956,93438708,Cc1nc(-c2cnn(C)c2-c2ccc(C(F)(F)F)cn2)c2c(N3CCC3)ncnn12,1,0.2962962962962963,2.8588035959123346,0.9985975002557569
93438708_1955,93438708,Cc1[nH+]c(-c2cnn(C)c2-c2ccc(C(F)(F)F)cn2)c2c(N3CCC3)ncnn12,1,0.2962962962962963,1.7519774541927424,0.9990269055213407
171790267_2871,171790267,COc1cccc(O[C@H]2CCN(C(=O)c3cc(-c4ccc(F)cc4)on3)CC[C@@H]2O)c1,1,0.4166666666666667,1.5729901461865474,0.9990357308987373
171790224_3125,171790224,COc1cccc(O[C@H]2CCN(C(=O)c3cc(-c4ccc(C)cc4)on3)CC[C@@H]2O)c1,1,0.4225352112676056,1.6382927088898573,0.9989370494478624
171790057_2310,171790057,O=C(c1cc(-c2ccc(F)cc2)on1)N1CC[C@H](Oc2ccccc2F)[C@@H](O)CC1,1,0.42028985507246375,1.9798219616926134,0.9989176452799713
197921_3117,197921,Cc1cc(Nc2ncccn2)cc([C@@H]2CCCN(CC(=O)Nc3ccc(F)cc3)C2)n1,1,0.6052631578947368,1.881448909750294,0.998505693644057
197921_3115,197921,Cc1cc(Nc2ncccn2)cc([C@@H]2CCCN(CC(=O)Nc3ccc(F)cc3)C2)[nH+]1,1,0.6103896103896104,1.5991241352688674,0.9989374673092649
197921_3116,197921,Cc1cc(Nc2ncccn2)cc([C@@H]2CCC[N@H+](CC(=O)Nc3ccc(F)cc3)C2)[nH+]1,1,0.5324675324675324,3.1792703565440363,0.9985440982381818
49040700_2243,49040700,Brc1nnc(N2CCC(OC3CCCC3)CC2)s1,1,0.2545454545454545,2.098387237856801,0.9965129605454128
19162470_1901,19162470,O=C(Cc1ccc2c(c1)OCCO2)NC1CCCCCC1,1,0.45098039215686275,2.2853312670158012,0.9988205512266367
49961912_1291,49961912,N#CCCN(C(=O)c1sccc1C#N)[C@]12C[C@H]3C[C@H](C[C@H](C3)C1)C2,1,0.296875,2.2016618723136223,0.9976427469662835
48836360_1659,48836360,N#CCCN(C(=O)c1cccs1)[C@]12C[C@H]3C[C@H](C[C@H](C3)C1)C2,1,0.28125,1.9449496137431852,0.9984213977103285
73048893_2608,73048893,CC1=C(Br)C[N@H+](CCc2nc(=O)c3ccccc3[nH]2)CC1,1,0.35714285714285715,1.2524372239754697,0.9991593744241617
73048893_2610,73048893,CC1=C(Br)CN(CCc2nc(=O)c3ccccc3[nH]2)CC1,1,0.36507936507936506,1.8207344671861831,0.9986765278696846
73048893_2609,73048893,CC1=C(Br)C[N@@H+](CCc2nc3ccccc3c(=O)[nH]2)CC1,1,0.35714285714285715,1.6009291052382417,0.9989930337435557
194963090_2,194963090,CC(C)(Oc1ccc(-c2cnc(N)c(-c3ccc(Cl)cc3)c2)cc1)C(=O)[O-],1,0.288135593220339,3.211125503620241,0.9974148285550432
194963090_3,194963090,CC(C)(Oc1ccc(-c2c[nH+]c(N)c(-c3ccc(Cl)cc3)c2)cc1)C(=O)[O-],1,0.288135593220339,1.9034673624726401,0.9983437236788253
25642172_774,25642172,CCN(CC)S(=O)(=O)c1ccc2c(c1)CCN2CC(=O)NCc1ccccc1F,1,0.34328358208955223,1.8436960161589149,0.999173007218327
222774264_3103,222774264,CN(Cc1nncn1C)C1CCN(c2ccccc2F)CC1,1,0.3114754098360656,1.7352391765978215,0.997970497467093
222773330_2640,222773330,CCn1cnnc1C[N@H+](C)C1CCN(c2ccccc2F)CC1,1,0.3283582089552239,1.2688940066054426,0.9987439559728208
222774264_3102,222774264,Cn1cnnc1C[N@H+](C)C1CCN(c2ccccc2F)CC1,1,0.31666666666666665,1.9457044996607185,0.9986695585883886
222773330_2641,222773330,CCn1cnnc1CN(C)C1CCN(c2ccccc2F)CC1,1,0.34328358208955223,1.6052314474864158,0.9979726653363219
49012602_3236,49012602,CCOC1CCN(c2ccnc(C(=O)NCc3ccccc3)c2)CC1,1,0.38235294117647056,1.8070077476316693,0.998530151394126
31878740_1311,31878740,O=C([C@@H]1CCC[N@H+](Cc2cc3c(cc2[O-])OCO3)C1)N1CCOCC1,1,0.3333333333333333,1.6898872743470936,0.9983752670761177
31878740_1310,31878740,O=C([C@H]1CCC[N@H+](Cc2cc3c(cc2O)OCO3)C1)N1CCOCC1,1,0.323943661971831,1.5414340725442233,0.9990641379989399
168890455_43,168890455,C=CC(=O)N1CCC([C@@H]2CCNc3c(C(N)=O)c(-c4ccc(Oc5ccccc5)cc4)nn32)CC1,1,0.4268292682926829,3.6107792787707065,0.9994500091758333
44114971_2490,44114971,CSc1ccc(C)c(C(=O)NCC[N@H+]2CC[C@@H](C)CC2)c1,1,0.5283018867924528,2.72262612196376,0.9970082514360454
1296389_266,1296389,CC(=O)Nc1ccc2[nH]c(C)cc(=O)c2c1,1,0.35384615384615387,1.1054795339579981,0.9992763940107164
208143_420,208143,c1cnc(N2CCC(Cc3ccncc3)CC2)nc1,1,0.5121951219512195,1.4920599853893501,0.9979180992342095
177471695_2837,177471695,COc1cc(C)cc(OC)c1-c1ccc(-c2nnn[n-]2)cc1,1,0.2857142857142857,1.9412866867106338,0.997811775161007
300003450_97,300003450,O=S(=O)(c1cccc2cnccc12)N1CCCNCC1,1,0.5686274509803921,1.1742448637316287,0.9991806360328441
300003450_96,300003450,O=S(=O)(c1cccc2cnccc12)N1CCC[NH2+]CC1,1,0.5576923076923077,1.5514973412805586,0.9981690720968925
17660388_1668,17660388,Cn1c(=O)c2c([nH+]c3n2CCN3Cc2c(F)cccc2Cl)n(C)c1=O,1,0.3333333333333333,1.3621787694722567,0.9990444554492425
425680_236,425680,Cc1cc(-c2cnn(CCNC(=O)c3sc(C)nc3C)c2C2CC2)on1,1,0.38961038961038963,2.0813685401676834,0.9995303590419876
24880306_3482,24880306,CC(C)(C)c1ccc([C@@H](O)CN2CCC(O)(c3ccc4c(c3)OCO4)CC2)cc1,1,0.2835820895522388,3.7673027486520207,0.9979170561889751
24880306_3481,24880306,CC(C)(C)c1ccc([C@@H](O)C[N@H+]2CC[C@@](O)(c3ccc4c(c3)OCO4)CC2)cc1,1,0.2876712328767123,7.588881076944148,0.977477280386259
1069906_3550,1069906,Cc1oc2cc(OCC(=O)Nc3nccs3)ccc2c(=O)c1Oc1ccc(F)cc1,1,0.2840909090909091,2.513303006006554,0.9969844056460563
50897900_2069,50897900,CCc1nc(C(N)=O)c(Nc2ccc(N3CCC([N@H+]4CC[N@@H+](C)CC4)CC3)c(OC)c2)nc1NC1CCOCC1,1,0.3229166666666667,7.799403054080252,0.9976859694131378
50897900_2070,50897900,CCc1nc(C(N)=O)c(Nc2ccc(N3CCC([NH+]4CCN(C)CC4)CC3)c(OC)c2)[nH+]c1NC1CCOCC1,1,0.29473684210526313,3.169334472724567,0.9980374554004727
50897900_2067,50897900,CCc1nc(C(N)=O)c(Nc2ccc(N3CCC([NH+]4CCN(C)CC4)CC3)c(OC)c2)nc1NC1CCOCC1,1,0.30927835051546393,5.18942694331455,0.997806655824549
50897900_2068,50897900,CCc1nc(C(N)=O)c(Nc2ccc(N3CCC(N4CC[NH+](C)CC4)CC3)c(OC)c2)nc1NC1CCOCC1,1,0.3368421052631579,5.8272834151086,0.9981970157037435
1552730_230,1552730,COc1cc(OC)cc(-c2nnc(SCC(=O)Nc3cccc(C(=O)[O-])c3)s2)c1,1,0.42424242424242425,1.681116890641483,0.9984594836781339
53927369_1429,53927369,Cc1cn(CCN2CCN(c3ccccc3-c3cc(C#N)cc(C(=O)NCCC[NH+]4CCCC4)c3)CC2)c2ccccc12,1,0.4,4.52851664455335,0.9973415243215172
53927369_1428,53927369,Cc1cn(CC[NH+]2CCN(c3ccccc3-c3cc(C#N)cc(C(=O)NCCC[NH+]4CCCC4)c3)CC2)c2ccccc12,1,0.40963855421686746,5.198969128586824,0.998549774202769
17400188_372,17400188,COc1cc(C(C)C)c2c(c1)S(=O)(=O)N(COc1cc(=O)n3cccc(OCC[NH+]4CCCCC4)c3[nH+]1)C2=O,1,0.3170731707317073,4.530027041861834,0.9985135959363401
17400188_371,17400188,COc1cc(C(C)C)c2c(c1)S(=O)(=O)N(COc1cc(=O)n3cccc(OCC[NH+]4CCCCC4)c3n1)C2=O,1,0.32098765432098764,3.4531191696786174,0.9982554830739553
46223555_1423,46223555,Cc1nc(N(C)C)nc(C)c1NC(=O)C1CCCCC1,1,0.38,1.3939196533515166,0.9990419278061182
2937124_1838,2937124,CCOC(=S)SCC(=O)Nc1nc(-c2ccc(C3CCCCC3)cc2)cs1,1,0.391304347826087,2.4524269611955605,0.9970127874086051
3330721_3670,3330721,CSCC(=O)Nc1nc(-c2ccc(C3CCCCC3)cc2)cs1,1,0.45,2.561712903508093,0.9977969617024623
25000719_552,25000719,CC(=O)N1CCC(Nc2ncnc3cc(-c4ccc(Br)cc4)sc23)CC1,1,0.47692307692307695,1.887759518582712,0.9993711360782679
25000719_553,25000719,CC(=O)N1CCC(Nc2nc[nH+]c3cc(-c4ccc(Br)cc4)sc23)CC1,1,0.4925373134328358,2.0345343447584177,0.9985347490150097
29627941_1486,29627941,CCc1nc(NC(=O)c2ccccc2F)sc1C,1,0.36666666666666664,0.9155828744579941,0.9993963858257007
1269126_2488,1269126,COc1cccc(C(=O)Nc2nccs2)c1,1,0.39344262295081966,1.7241441355062714,0.9995312740548659
31839122_1206,31839122,Cc1ccccc1C(=O)Nc1nc(C)c(C)s1,1,0.46511627906976744,0.7374693213959229,0.9998151106276977
49913437_2933,49913437,CS(=O)(=O)[N-]CC[N@@H+]1CCc2c(Cl)cc(Cl)cc2C1,1,0.2753623188405797,1.8384963965151357,0.9953805312744252
49913437_2932,49913437,CS(=O)(=O)NCC[N@@H+]1CCc2c(Cl)cc(Cl)cc2C1,1,0.2631578947368421,2.023093176302246,0.9976167205017936
32446521_1248,32446521,O=C([O-])c1nc(-c2ccccc2)oc1-c1ccccc1,1,0.32,1.8638151732401758,0.998364398024243
134495_3675,134495,O=C(Cn1cccc(C(=O)Nc2cccc(-n3cccn3)c2)c1=O)NC1CCCCC1,2,0.3142857142857143,2.648329851056945,0.999158867930116
3615737_3506,3615737,c1sc(NC[C@H]2CCCO2)nc1[C@]12C[C@H]3C[C@H](C[C@H](C3)C1)C2,2,0.26865671641791045,1.5414194756781952,0.998916859770435
158151_959,158151,Cc1[nH]c2ccc(Cl)cc2c1CC(=O)N1CCC(Cc2ncncc2C(N)=O)CC1,2,0.3372093023255814,1.7194478764997312,0.9994095628671088
53798259_3070,53798259,COCCN(C)c1ccc(CN2CCOC3(CCCC3)C2)cn1,2,0.4788732394366197,0.8937376572576836,0.999480291278964
53798259_3069,53798259,COCCN(C)c1ccc(C[N@H+]2CCOC3(CCCC3)C2)cn1,2,0.4722222222222222,2.5129068824769933,0.9985234403660074
49972816_1259,49972816,Cc1cccc(NC(=O)CN(C)c2ncccc2F)n1,2,0.4098360655737705,2.1501132528310016,0.9974882244572575
49972816_1260,49972816,Cc1cccc(NC(=O)CN(C)c2ncccc2F)[nH+]1,2,0.41935483870967744,1.9806307076284346,0.998776237487623
49951918_2049,49951918,Cc1cccc(NCC2CCN(C(=O)c3ccccc3)CC2)n1,2,0.47368421052631576,1.8090959068002046,0.9986865812054646
49951918_2050,49951918,Cc1cccc(NCC2CCN(C(=O)c3ccccc3)CC2)[nH+]1,2,0.423728813559322,1.9029834471167524,0.9984151452735295
15274760_973,15274760,O=C(CN1CCSC1=O)Nc1ccccc1F,2,0.40625,1.105856229353575,0.9991508645463492
18813553_1560,18813553,O=C(NCc1ccccn1)c1ccc(F)cc1Cl,2,0.5454545454545454,0.6289006280807679,0.9995117809135997
2266063_3573,2266063,Cc1cccc2sc(NC(=O)c3cccnc3)nc12,2,0.5,1.1643435919011265,0.9996325939907521
43081907_1113,43081907,Cc1nnsc1CN(C)c1ccc2cc[nH]c2n1,2,0.2982456140350877,1.7427455350686376,0.999206520671781
43081907_1112,43081907,Cc1nnsc1CN(C)c1ccc2cc[nH]c2[nH+]1,2,0.31666666666666665,3.4739732296034247,0.999031668754946
232851609_3425,232851609,COc1ccc(OCc2nnc(-c3ncoc3C(C)C)[nH]2)cc1,2,0.509090909090909,1.8302595444362073,0.9986306502322957
232885372_2849,232885372,Cc1ncc(C[N@H+]2CC[C@H](CNC(=O)COc3ccccc3Cl)CC2)[nH]1,2,0.4189189189189189,2.237280715511693,0.9989522804969441
232885372_2848,232885372,Cc1nc(C[N@H+]2CC[C@H](CNC(=O)COc3ccccc3Cl)CC2)c[nH]1,2,0.41333333333333333,2.337369889427151,0.9984739484310412
232885372_2850,232885372,Cc1[nH]c(C[N@H+]2CC[C@H](CNC(=O)COc3ccccc3Cl)CC2)c[nH+]1,2,0.325,2.897235751539372,0.997613081194393
104389046_3567,104389046,Cc1cc(N/C(O)=C/n2nc(C3CC3)ccc2=O)ccc1Cl,2,0.35384615384615387,7.586548754209527,0.9695711824439036
104389046_3566,104389046,Cc1cc(NC(=O)Cn2nc(C3CC3)ccc2=O)ccc1Cl,2,0.39344262295081966,1.357022107410141,0.9986792380410004
104388935_709,104388935,CSc1ccc(N/C(O)=C/n2nc(C3CC3)ccc2=O)cc1,2,0.328125,1.9982084475854434,0.9982681857162757
104388935_708,104388935,CSc1ccc(NC(=O)Cn2nc(C3CC3)ccc2=O)cc1,2,0.3870967741935484,1.3896571519624368,0.9992075953555661
49000996_2285,49000996,C[N@@H+](CCNC(=O)NC1CCOCC1)C1CCCC1,2,0.32142857142857145,2.234307051414371,0.9972865778564702
181837_2495,181837,CNCc1cc(N(C)C)nc([C@@H]2CCCN2C(=O)C2CCCC2)n1,2,0.7142857142857143,2.327472019165626,0.9989675141084228
181837_2494,181837,C[NH2+]Cc1cc(N(C)C)nc([C@@H]2CCCN2C(=O)C2CCCC2)n1,2,0.7142857142857143,2.6185516989360114,0.99864117307425
181837_2496,181837,CNCc1cc(N(C)C)nc([C@H]2CCCN2C(=O)C2CCCC2)[nH+]1,2,0.7014925373134329,2.1850423336859546,0.9989635537470394
177471695_2837,177471695,COc1cc(C)cc(OC)c1-c1ccc(-c2nnn[n-]2)cc1,2,0.2857142857142857,1.9412866867106338,0.997811775161007
177361051_3059,177361051,COc1ccc(OC)c(Cn2cnc3cn(C)nc3c2=O)c1,2,0.27941176470588236,1.430589389027911,0.999409395333914
23832549_812,23832549,C[N@H+]1CC[C@H](n2ncc3nc(-c4ccc5ccccc5c4)[nH]c32)CC1,2,0.5901639344262295,2.5091638049361276,0.9991412904947624
23832549_811,23832549,C[N@H+]1CC[C@@H](n2ncc3[nH]c(-c4ccc5ccccc5c4)nc32)CC1,2,0.5901639344262295,2.542344587187329,0.9990886338749653
320312_2668,320312,CCc1cc(N2CCOCC2)nc(C2CCN(C(=O)C3CC3)CC2)[nH+]1,2,0.3484848484848485,1.8089458256120687,0.9991138766427421
320312_2667,320312,CCc1cc(N2CCOCC2)nc(C2CCN(C(=O)C3CC3)CC2)n1,2,0.359375,2.0446444678721565,0.9989890058755169
36698232_1041,36698232,CCc1ncc2c(n1)CN(c1cc[nH+]c(-c3ccccc3)n1)CC2,2,0.2972972972972973,1.624134846618519,0.9978666696130278
36698232_1040,36698232,CCc1ncc2c(n1)CN(c1ccnc(-c3ccccc3)n1)CC2,2,0.31746031746031744,0.9950829111187146,0.9989565462485311
82709621_3013,82709621,O=C(Cn1nc(Cc2ccccc2)c2ccccc2c1=O)NCc1ncc[nH]1,2,0.59375,2.0605829272323533,0.9983364210996692
82709621_3014,82709621,O=C(Cn1nc(Cc2ccccc2)c2ccccc2c1=O)NCc1[nH]cc[nH+]1,2,0.6,2.9329977838381813,0.9966861249560616
29963741_1792,29963741,Cc1cc2occ(CC(=O)N[C@H]3CC[N@H+](C)CC3)c2cc1C(C)C,2,0.43333333333333335,2.011763405572108,0.9991603407600175
207447_51,207447,Fc1ccccc1-c1cn[nH]c1[C@@H]1CCC[N@@H+]1Cc1ccc2ncccc2c1,2,0.2716049382716049,1.4565232576238392,0.9993425548629294
207447_52,207447,Fc1ccccc1-c1c[nH]nc1[C@@H]1CCC[N@H+]1Cc1ccc2ncccc2c1,2,0.2911392405063291,1.5211643566687059,0.9990509876265651
207447_53,207447,Fc1ccccc1-c1cn[nH]c1[C@H]1CCCN1Cc1ccc2ncccc2c1,2,0.3068181818181818,2.032829063152725,0.9992932023440473
49150113_469,49150113,CNc1ncc(-c2nc(C3(c4ccccc4)CC3)nn2C(C)(C)C)cn1,2,0.34375,1.6447896522046646,0.9987038270909853
49150113_468,49150113,CNc1ncc(-c2[nH+]c(C3(c4ccccc4)CC3)nn2C(C)(C)C)cn1,2,0.35384615384615387,1.9125127450557708,0.9987139404729269
49150113_470,49150113,CNc1ncc(-c2nc(C3(c4ccccc4)CC3)nn2C(C)(C)C)c[nH+]1,2,0.3235294117647059,2.141324590061029,0.9988301111747675
37817860_1906,37817860,CC(C)(C)n1cc(CNc2cccnc2)cn1,2,0.36,0.9536755213390129,0.9994894803677157
353778_2423,353778,CC(=O)N1CCC2(C=Cc3cc(C)c(C)cc3O2)CC1,2,0.29508196721311475,2.0653532385528535,0.9995170525255455
32434626_1842,32434626,c1ccc(Cc2nnc(CSc3ccccc3)[nH]2)cc1,2,0.325,1.1388582001284957,0.999507004218109
189725381_3385,189725381,Cc1nnc(COc2cccc(-n3ccnc3)c2)n1C1CC1,2,0.3333333333333333,1.4375131303747521,0.9987854341259957
189725381_3386,189725381,Cc1nnc(COc2cccc(-n3cc[nH+]c3)c2)n1C1CC1,2,0.3225806451612903,1.4012879789681314,0.9983269535135685
LN01331065_1771,LN01331065,[O-]/N=C1\CCc2cc(-c3cn(CCO)nc3-c3cc[nH+]cc3)ccc21,2,0.2222222222222222,2.0490780853839823,0.9992380358074447
LN01331065_1770,LN01331065,[O-]/N=C1\CCc2cc(-c3cn(CCO)nc3-c3ccncc3)ccc21,2,0.21621621621621623,2.1420198411787217,0.9989326221525087
267729_1362,267729,CS(=O)(=O)N1CC(c2n[nH]c3ncccc23)C1,2,0.30357142857142855,2.1409126558548808,0.9995692884083984
267729_1363,267729,CS(=O)(=O)N1CC(c2[nH]nc3ncccc23)C1,2,0.2807017543859649,2.1431530509973746,0.9993779432346812
53752451_2017,53752451,O=C(NCc1ccc(F)cc1)C1CCN(C(=O)/C=C/c2ccc(F)cc2)CC1,2,0.36507936507936506,1.700474345587105,0.9992143927849076
26060327_1227,26060327,O=C(NCc1ccc(F)cc1)C1CCN(C(=O)/C=C/c2ccccc2)CC1,2,0.3870967741935484,0.997326927341313,0.9992805012858089
300620222_228,300620222,CC[NH+](CC)Cc1ccc2cc(COC(=O)Nc3ccc(C(=O)NO)cc3)ccc2c1,2,0.3380281690140845,2.9894059610564607,0.9925179332975711
300620222_227,300620222,CC[NH+](CC)Cc1ccc2cc(COC(=O)Nc3ccc(C(=O)N[O-])cc3)ccc2c1,2,0.352112676056338,4.015778629356954,0.9943688024120612
29954871_2756,29954871,c1ccc(OCC[NH+]2CCN(c3ncccn3)CC2)cc1,2,0.5111111111111111,1.5471480213605182,0.9991153317652125
29954871_2757,29954871,c1ccc(OCCN2CCN(c3ncccn3)CC2)cc1,2,0.4883720930232558,1.3919561774713838,0.998794995138726
49965014_1131,49965014,CCC1(O)CN(c2[nH+]cnc3c2c(Br)nn3C)C1,2,0.3508771929824561,2.6220739882771746,0.9994334298201709
49965014_1130,49965014,CCC1(O)CN(c2ncnc3c2c(Br)nn3C)C1,2,0.41509433962264153,1.788298353183626,0.9992258417302488
31997330_1254,31997330,C[C@H]1CC[N@H+](Cc2ccc(NC(=O)c3ccccn3)cc2)CC1,2,0.43548387096774194,2.717834064103166,0.9983935385242396
32446521_1248,32446521,O=C([O-])c1nc(-c2ccccc2)oc1-c1ccccc1,2,0.32,1.8638151732401758,0.998364398024243
1543632_1817,1543632,CCOc1ccc(C(=O)Nc2cc(C(=O)OC)ccc2N2CCN(C(C)=O)CC2)cc1,2,0.45614035087719296,1.8223523259787977,0.9990419278061182
48257421_1421,48257421,CCc1nnc(Oc2cccnc2)c(C#N)c1CC,2,0.46,1.5551906635523527,0.998923446493726
49012602_3236,49012602,CCOC1CCN(c2ccnc(C(=O)NCc3ccccc3)c2)CC1,2,0.38333333333333336,1.9081561780945149,0.9982863412247273
43249441_1655,43249441,Cc1nc(N(C)C)cc(C2(C)CC[NH2+]CC2)[nH+]1,2,0.2962962962962963,2.3058989570231208,0.9963506691828627
43242674_2148,43242674,Cc1nc(N(C)C)cc(C2CC[NH2+]CC2)[nH+]1,2,0.37254901960784315,2.160903746121083,0.9977122279867843
165629_802,165629,OCC[N@H+]1CC[C@H](c2ccncn2)CC1,2,0.3877551020408163,1.7472624302034019,0.9980693162244912
43249441_1654,43249441,Cc1nc(N(C)C)cc(C2(C)CC[NH2+]CC2)n1,2,0.26,1.7582184164659955,0.9984588617299582
43242674_2147,43242674,Cc1nc(C2CC[NH2+]CC2)cc(N(C)C)n1,2,0.3541666666666667,1.6414594116212045,0.9986861760251688
208359_1580,208359,CNC(=O)c1cc([C@H]2CC[N@H+](C)CC2)ncn1,2,0.34615384615384615,1.861080600081665,0.9989814816540699
267985_1545,267985,Cc1nccc(C2(C)CCN(CC(N)=O)CC2)n1,2,0.3448275862068966,1.6972106528064834,0.9972819272475645
267985_1546,267985,Cc1nccc([C@]2(C)CC[N@@H+](CC(N)=O)CC2)n1,2,0.3448275862068966,1.5538246361801626,0.9982706471746943
24497238_2117,24497238,O=C(NCCc1ccc2c(c1)OCO2)C1CCCC1,2,0.4745762711864407,1.783669251851531,0.998144650195432
53815325_2389,53815325,C[N@H+](CCSc1ccc2nnnn2n1)Cc1ccccc1,2,0.6111111111111112,2.107575621419017,0.9990968225978943
LN01341916_2523,LN01341916,[NH3+]C[C@@](O)(c1ccc(Cl)cc1)c1ccc(-c2cn[nH]c2)cc1,2,0.4489795918367347,2.6962533263771506,0.998263342168236
LN01341916_2524,LN01341916,NC[C@@](O)(c1ccc(Cl)cc1)c1ccc(-c2cn[nH]c2)cc1,2,0.4489795918367347,2.6727310003066864,0.9987761426181606
44392699_139,44392699,Cc1[nH]nc2c1C1(CCCCC1)CC(=O)N2,2,0.25,1.6130985710734793,0.998866755299107
44392699_140,44392699,Cc1n[nH]c2c1C1(CCCCC1)CC(=O)N2,2,0.22807017543859648,1.7550740725109022,0.9988646377207312
54864400_1242,54864400,CN1CCN(c2ncncc2-c2nc(-c3ccccc3)no2)CC1,2,0.3333333333333333,1.1287931608578463,0.9993318963067851
54864400_1241,54864400,C[NH+]1CCN(c2ncncc2-c2nc(-c3ccccc3)no2)CC1,2,0.3484848484848485,1.832193767045558,0.998791505502168
270775_134,270775,O=C1CCCC[C@@H]2[C@H](C[C@@H](Cc3ccccc3F)N2C(=O)c2cccc3ncccc23)N1,2,0.32432432432432434,2.613751518411947,0.9994145764381428
181799_3340,181799,CNCc1cc(N(C)C)nc([C@H]2CCCN2C(=O)CCc2c[nH]c3ccccc23)[nH+]1,2,0.5897435897435898,2.2704726380204194,0.9985322692912635
181799_3339,181799,CNCc1cc(N(C)C)nc([C@H]2CCCN2C(=O)CCc2c[nH]c3ccccc23)n1,2,0.5714285714285714,2.6134199815565635,0.9989254981673564
181799_3338,181799,C[NH2+]Cc1cc(N(C)C)nc([C@H]2CCCN2C(=O)CCc2c[nH]c3ccccc23)n1,2,0.5789473684210527,2.352567321034937,0.9990398474321998
3347103_1539,3347103,CN(CC(=O)NC1(C#N)CCCC1)c1ccccc1,2,0.40384615384615385,1.9614571114352675,0.9994107995995412
49330926_2774,49330926,c1ccc(-c2noc(Cn3ccnc3)n2)nc1,2,0.4716981132075472,1.3245387876541652,0.9994836422023101
49330926_2775,49330926,c1ccc(-c2noc(Cn3cc[nH+]c3)n2)nc1,2,0.45454545454545453,1.4403881421337863,0.9991172111549357
32449297_86,32449297,COc1ccc([C@H]2CN(C(C)=O)[C@@H]3CCC[N@@H+](Cc4cccc(F)c4)[C@H]23)cc1,2,0.3150684931506849,2.6482701901429677,0.9978622372471262
32449297_87,32449297,COc1ccc([C@H]2CN(C(C)=O)[C@@H]3CCCN(Cc4cccc(F)c4)[C@H]23)cc1,2,0.31645569620253167,1.367690023360276,0.9997154984132692
43798139_2712,43798139,CC(=O)Nc1ccccc1OCCOc1ccc(Cl)cc1,2,0.3620689655172414,1.6956199456246648,0.9970396237782334
300449850_376,300449850,O=C(CC1CC[NH2+]CC1)NCCc1ccccc1F,2,0.3114754098360656,1.3609173376810892,0.9982646304031331
48247754_742,48247754,Cc1ccc(C(=O)NC2CCN(CC#N)CC2)cc1Br,2,0.39344262295081966,1.6774540232151798,0.9989093383857665
15987806_3453,15987806,CCCc1nn2c(=O)c(NS(=O)(=O)c3ccc(C4CCCCC4)cc3)c(C)[nH]c2[nH+]1,2,0.25675675675675674,2.1060614900804104,0.9985841532540819
15987806_3454,15987806,CCCc1nc2[nH]c(C)c(NS(=O)(=O)c3ccc(C4CCCCC4)cc3)c(=O)n2n1,2,0.26744186046511625,3.25019014828354,0.9975300115745774
15987806_3455,15987806,CCCc1nn2c(=O)c([N-]S(=O)(=O)c3ccc(C4CCCCC4)cc3)c(C)[nH]c2[nH+]1,2,0.25333333333333335,3.0669158775551915,0.997456059607129
49933864_1398,49933864,CN(C)C(=O)OCC[N@H+]1CC[C@H](c2c[nH]c3ncccc32)CC1,2,0.43478260869565216,2.730877148463259,0.9981515089026054
49933864_1399,49933864,CN(C)C(=O)OCCN1CCC(c2c[nH]c3ncccc23)CC1,2,0.5,2.5417358241958294,0.9996609723857828
3247549_446,3247549,Cc1sc2ncnc(OCC(=O)NC3CCCCC3)c2c1C,2,0.5396825396825397,1.6683674655184884,0.9988597595988654
177509728_2345,177509728,Cc1nnc2ncc(-c3cccc4ccnn34)cn12,2,0.5686274509803921,0.7535137689520373,0.9996485044613329
177418075_3083,177418075,COCC(C)(C)C(=O)N1CCCC2(CC[NH2+]CC2)CC1,2,0.2833333333333333,2.1250204704892917,0.9984844883026239
177454167_3364,177454167,CCOCCC(=O)N1CCC2(CCC[N@H+](C)CC2)CC1,2,0.3064516129032258,1.718489452978426,0.9993397001552893
3572643_1326,3572643,CC(=O)N1CCC(C(=O)Nc2nccs2)(c2ccccc2)CC1,2,0.38028169014084506,1.4798415455713805,0.9988543398883157
13484504_1622,13484504,CCc1nc2ccccc2n1CC(=O)Nc1ncc(C)s1,2,0.4576271186440678,1.7994460258645122,0.9995261213691006
13484504_1623,13484504,CCc1[nH+]c2ccccc2n1CC(=O)Nc1ncc(C)s1,2,0.45,1.9696334684405765,0.9994007292391962
35754387_1474,35754387,CNC(=O)c1cccc(Oc2ncnc3c2CN(C)CC3)c1,2,0.4264705882352941,1.7503596773235262,0.9974056840576306
35754387_1473,35754387,CNC(=O)c1cccc(Oc2ncnc3c2C[N@H+](C)CC3)c1,2,0.4264705882352941,1.48588828651427,0.9985921022547763
48762012_2947,48762012,Cc1cc(C(=O)Nc2nnc3n2CCCC3)n(C)n1,2,0.5185185185185185,1.5211318154579605,0.9997975164712395
32538596_109,32538596,COc1ccc(Nc2c(C#N)c[nH+]c3cc(OC)c(OC)cc23)cc1Cl,2,0.5211267605633803,1.7363804306663397,0.9979268601229474
32538596_108,32538596,COc1ccc(Nc2c(C#N)cnc3cc(OC)c(OC)cc23)cc1Cl,2,0.5285714285714286,1.399718543136474,0.9989920879575694
300430678_393,300430678,CC[NH+](CC)Cc1cccc(/C=C/c2nc3ccc(F)cc3c(=O)n2-c2ccccc2Cl)n1,2,0.24691358024691357,2.340482001639852,0.9985705591129848
300430678_394,300430678,CCN(CC)Cc1cccc(/C=C/c2nc3ccc(F)cc3c(=O)n2-c2ccccc2Cl)n1,2,0.25,2.252299491630823,0.9987524883069294
49925402_3098,49925402,NC(=O)c1csc(CN2CCc3cc(F)ccc3C2)c1,2,0.2835820895522388,1.88615243286414,0.9972559445358855
49925402_3097,49925402,NC(=O)c1csc(C[N@H+]2CCc3cc(F)ccc3C2)c1,2,0.31746031746031744,1.280990241961543,0.9989678831524358
222754562_2624,222754562,CCCn1cnnc1CN(C)Cc1ccc(C(F)(F)F)nc1,2,0.4827586206896552,1.5667909879751956,0.9989033421523589
222754562_2625,222754562,CCCn1cnnc1C[N@@H+](C)Cc1ccc(C(F)(F)F)nc1,2,0.4576271186440678,1.3301413458729814,0.9990212034251638
35689572_1642,35689572,Cc1ccc(CN(C)c2[nH+]cnc3c2cnn3C)o1,2,0.45,3.8843059869170733,0.9994923418232109
35689572_1641,35689572,Cc1ccc(CN(C)c2ncnc3c2cnn3C)o1,2,0.43103448275862066,2.0555361830920926,0.999104107543967
49973690_2055,49973690,C1CCC(OCc2noc(C3CC3)n2)CC1,2,0.36363636363636365,1.6773172031550747,0.999516157275327
49946784_3004,49946784,Cc1ccc(CNc2ncnn2C)nc1,2,0.4888888888888889,1.18663726555351,0.9993903707110898
49946784_3003,49946784,Cc1ccc(CNc2[nH+]cnn2C)nc1,2,0.48936170212765956,2.1842119860490636,0.9990585220636887
60180599_187,60180599,CC(C)(C)OC(=O)c1ccc(-n2ncc(-n3ccnn3)c2O)nc1,2,0.4307692307692308,2.852166369621683,0.9985463401312588
60180599_186,60180599,CC(C)(C)OC(=O)c1ccc(-n2[nH]cc(-n3ccnn3)c2=O)nc1,2,0.43283582089552236,2.8804944020083902,0.9980849615734377
60180599_185,60180599,CC(C)(C)OC(=O)c1ccc(-n2ncc(-n3ccnn3)c2[O-])nc1,2,0.42424242424242425,2.4995467589147156,0.9981372813879817
36647960_1590,36647960,CN(Cc1cscn1)c1nc2c(cc1C#N)CCC2,2,0.34375,1.0963936336920608,0.9994062643775008
110118917_50,110118917,O=C(Nc1cccc(-c2nncn2C2CC2)c1)c1cc(-n2c[nH+]c(C3CC3)c2)ccn1,2,0.37894736842105264,2.1121358857799577,0.998664319802236
110118917_49,110118917,O=C(Nc1cccc(-c2nncn2C2CC2)c1)c1cc(-n2cnc(C3CC3)c2)ccn1,2,0.37362637362637363,1.9451712006912139,0.9990953100848774
68933234_2964,68933234,Cc1cccc(-c2cccc(C(=O)NCCC3(O)CCCC3)c2)n1,2,0.4,2.157346981827441,0.9984753551914562
68933234_2965,68933234,Cc1cccc(-c2cccc(C(=O)NCCC3(O)CCCC3)c2)[nH+]1,2,0.373134328358209,2.549021380843902,0.9984788433016475
181775_2737,181775,C[NH2+]Cc1cc(N(C)C)nc([C@H]2CCCN2C(=O)c2oc3ccc(Cl)cc3c2C)n1,2,0.5897435897435898,2.3345110837178153,0.9992763639659868
181775_2739,181775,CNCc1cc(N(C)C)nc([C@@H]2CCCN2C(=O)c2oc3ccc(Cl)cc3c2C)[nH+]1,2,0.5853658536585366,2.5540277993786313,0.9988868287111797
181775_2738,181775,CNCc1cc(N(C)C)nc([C@@H]2CCCN2C(=O)c2oc3ccc(Cl)cc3c2C)n1,2,0.5897435897435898,2.19475192220011,0.9988768488648793
209461_1872,209461,NC(=O)CC1CCN(c2ncccn2)CC1,2,0.5121951219512195,1.6591199474418283,0.9971848011426144
149593_917,149593,CNC(=O)CC1CCN(c2ncccn2)CC1,2,0.4772727272727273,1.4727182351013415,0.9982176902206538
48383292_3271,48383292,CC1(C)[C@@H]2C[C@H]1[C@@]1(O)[C@@H](C2)Oc2c(ccc(O)c2C(=O)NCCNS(C)(=O)=O)[C@@H]1O,2,0.6944444444444444,3.758107901591134,0.9993956707321495
48383292_3272,48383292,CC1(C)[C@@H]2C[C@H]1[C@@]1(O)[C@@H](C2)Oc2c(ccc([O-])c2C(=O)NCC[N-]S(C)(=O)=O)[C@@H]1O,2,0.6756756756756757,2.6438530594567586,0.9979105684721824
48383292_3270,48383292,CC1(C)[C@@H]2C[C@H]1[C@@]1(O)[C@@H](C2)Oc2c(ccc([O-])c2C(=O)NCCNS(C)(=O)=O)[C@@H]1O,2,0.7083333333333334,2.7819604598188716,0.9990970040374806
342572_2949,342572,Cc1csc2nc3n(c(=O)c12)CCNCC3,2,0.3620689655172414,2.2107218278200973,0.9992256454267955
342572_2948,342572,Cc1csc2nc3n(c(=O)c12)CC[NH2+]CC3,2,0.3620689655172414,2.2782098235235035,0.9989579949771461
383970_2309,383970,Cc1ccc(S(=O)(=O)N2CC[C@@H](c3nnc(-c4cccnc4)o3)C2)cc1,2,0.352112676056338,1.6353916962006374,0.9993124127721853
258731_3720,258731,COc1cccc(S(=O)(=O)N2CCO[C@@H](c3c(C(N)=O)sc4ncccc34)C2)c1,2,0.32222222222222224,2.555061643092149,0.9986658968328188
45736550_903,45736550,Cc1ccc(C(=O)C(=O)NC2CCCC2)cc1,2,0.34615384615384615,1.6213395696152133,0.998766652575757
2868274_2874,2868274,Cc1csc(Cc2nc(-c3ccc([O-])cc3)no2)n1,2,0.40425531914893614,1.6296392238776796,0.9996054612148324
2868274_2873,2868274,Cc1csc(Cc2nc(-c3ccc(O)cc3)no2)n1,2,0.40425531914893614,1.459944519493807,0.9990612674273617
150563_316,150563,O=C(c1cccnc1)N1CCC[C@@H](c2cccc(-c3cccc(Cl)c3)n2)C1,2,0.6885245901639344,0.6111644623170573,0.9997010944220354
150563_317,150563,O=C(c1cccnc1)N1CCC[C@H](c2cccc(-c3cccc(Cl)c3)[nH+]2)C1,2,0.7096774193548387,0.7682577692414294,0.999580564763397
35754411_1804,35754411,CCN1CCc2ncnc(N3CCNc4ccccc4C3)c2C1,2,0.4482758620689655,1.6984849130916724,0.9989996039808652
35754411_1803,35754411,CC[N@H+]1CCc2ncnc(N3CCNc4ccccc4C3)c2C1,2,0.43333333333333335,1.8048839297860078,0.9990269695758266
73036824_211,73036824,O=C([C@H]1CC[C@@H](O)CC1)N1CCCN(c2ccc(F)cc2)CC1,2,0.46938775510204084,1.7920624989103553,0.9986411981346799
231817334_1055,231817334,CSc1ncccc1C(=O)Nc1ccc(N2CCCCC2=O)cc1,2,0.3787878787878788,1.5642445460986005,0.9990997873674529
48953611_1604,48953611,CN1CCN(c2ccc(NC(=O)c3ccc(S(=O)(=O)N4CCCc5ccccc54)cc3)cc2)CC1,2,0.35714285714285715,3.306714683791264,0.9966527189320213
48953611_1603,48953611,C[NH+]1CCN(c2ccc(NC(=O)c3ccc(S(=O)(=O)N4CCCc5ccccc54)cc3)cc2)CC1,2,0.3698630136986301,2.862586068574874,0.9966683523779524
53825026_3080,53825026,CCc1cc(=O)nc(SCCCCC2CCOCC2)[nH]1,2,0.509090909090909,2.0220210186838625,0.9968627701971333
49951580_2714,49951580,Cc1ccsc1-c1nsc(NC(=O)C[NH+](C)C)n1,2,0.3225806451612903,2.058126332371252,0.9990581122994947
49951580_2713,49951580,Cc1ccsc1-c1nsc(NC(=O)CN(C)C)n1,2,0.3225806451612903,1.6519570212330468,0.9992894880167671
1422270_564,1422270,O=C(Cc1ccc(Cl)cc1)NCc1ccncc1,2,0.39622641509433965,1.3597676272067807,0.9975483546623918
316046283_3699,316046283,CCN1CCO[C@H](C(=O)N2CCC(c3cn[nH]c3)CC2)C1,2,0.3287671232876712,1.501871832081561,0.9985521442412171
316046283_3698,316046283,CC[N@H+]1CCO[C@H](C(=O)N2CCC(c3cn[nH]c3)CC2)C1,2,0.32,2.301227063981333,0.9989670837206919
31412367_851,31412367,Cc1nn(-c2ccccn2)c2nc(C3CC3)cc(C(=O)[O-])c12,2,0.3559322033898305,2.6123862654666015,0.9991130145101839
44502768_422,44502768,CCNC(=O)c1cc(C2CC2)nc2c1c(C)nn2-c1ccccn1,2,0.3333333333333333,1.6626045831765621,0.9996582382627613
43140484_1164,43140484,CCOC(=O)c1cccnc1-c1cccc2ccnn12,2,0.4576271186440678,1.1565863564817211,0.9996131321815588
30191309_1049,30191309,Cc1cc(NC(=O)CCc2c(C)nn(C)c2C)no1,2,0.5306122448979592,2.050705244543454,0.9995531088184224
49055842_2638,49055842,Cc1nnc2ccc(N3CCC4(CCCCC4)C3)nn12,2,0.37735849056603776,1.7431095777371972,0.9996731992029637
30063049_2455,30063049,CC(=O)N1c2ccc(S(=O)(=O)Nc3cccc(-c4cnco4)c3)cc2C[C@@H]1C,2,0.38271604938271603,1.6661275461382552,0.9993932629857659
30063049_2456,30063049,CC(=O)N1c2ccc(S(=O)(=O)[N-]c3cccc(-c4cnco4)c3)cc2C[C@H]1C,2,0.3717948717948718,3.263512831291097,0.9970718944405186
3566194_1526,3566194,Cc1nc2cc(NC(=O)CCc3c(C)noc3C)ccc2o1,2,0.5666666666666667,1.6753417561795498,0.9996367364848436
43413534_1289,43413534,N#Cc1ccccc1Cn1nnc(-c2ccccc2)n1,2,0.3392857142857143,0.6348818787776644,0.9991526600561843
31348116_3537,31348116,Fc1cccc(Cn2nnc(-c3ccccc3)n2)c1F,2,0.4067796610169492,1.8798148845032965,0.9974213115939432
49995595_1390,49995595,CNC(=O)c1cccc(Cn2nnc(-c3ccccc3Cl)n2)c1,2,0.373134328358209,1.360012499942465,0.9988026578125068
24069164_1357,24069164,O=C(CN1CCO[C@@H](c2ccc(F)cc2)C1)Nc1ccccc1OC(F)F,2,0.4307692307692308,1.9445966162675183,0.9977356847972161
46632506_3399,46632506,Cc1cccc2cc(C(=O)NCCCn3nnc4ccccc43)n(C)c12,2,0.3088235294117647,2.024683678997777,0.9997326129778795
44398457_1524,44398457,CCCC(=O)Nc1cnc(N2CC[NH+](C)CC2)nc1,2,0.41818181818181815,1.300881624130455,0.9989650894459814
50131633_1825,50131633,CCCC(=O)NCC(=O)Nc1cnc(N2CC[NH+](C)CC2)nc1,2,0.36065573770491804,2.1547607755853506,0.9982783394972263
44398457_1525,44398457,CCCC(=O)Nc1cnc(N2CCN(C)CC2)nc1,2,0.4339622641509434,1.5514973412805586,0.9990561607761133
50131633_1826,50131633,CCCC(=O)NCC(=O)Nc1cnc(N2CCN(C)CC2)nc1,2,0.3728813559322034,1.5408672882503234,0.9983996707222731
30742732_1061,30742732,Cc1nc(C)c2c(C)c(C(=O)N(C)Cc3ccc(C)o3)sc2n1,2,0.543859649122807,1.7569225936280362,0.9988621764550587
11963582_1100,11963582,Cc1cccc(NC(=O)c2cccc3ncccc23)c1,2,0.5306122448979592,0.8060297761249142,0.9994812605766888
49314549_839,49314549,C[N@@H+](Cc1cccnc1)Cc1ccc(C#N)o1,2,0.35714285714285715,2.6060579425642514,0.9997350712507035
49314549_838,49314549,CN(Cc1cccnc1)Cc1ccc(C#N)o1,2,0.3448275862068966,1.7467103366042107,0.9993963169878125
32423148_1891,32423148,Clc1ccc(Cc2nnc(-c3ccccc3)[nH]2)cn1,2,0.43137254901960786,1.4244153186480375,0.9996167903716933
46061355_912,46061355,CCc1ccccc1-c1cn(CCc2cnccn2)nn1,2,0.34328358208955223,1.539167957046606,0.9995815229119993
324086_2800,324086,Cc1cnccc1-c1cnc(N(C)C)nc1-c1ccco1,2,0.323943661971831,1.3658396684828822,0.9996359598419653
17120607_3571,17120607,[NH3+]CC(=O)Nc1ccc(-n2nc(C(F)(F)F)cc2-c2ccc3c(ccc4ccccc43)c2)cc1,2,0.27631578947368424,1.9714565681239997,0.9977499273822729
17120607_3570,17120607,NCC(=O)Nc1ccc(-n2nc(C(F)(F)F)cc2-c2ccc3c(ccc4ccccc43)c2)cc1,2,0.27631578947368424,1.0519030373563023,0.9993870549521291
24970980_616,24970980,CC(C)CN(c1ncnc2c1cnn2C)C1CC1,2,0.5283018867924528,1.1626977251202246,0.9995885497002798
24970980_617,24970980,CC(C)CN(c1[nH+]cnc2c1cnn2C)C1CC1,2,0.5454545454545454,1.4455825815218983,0.9994106268952637
93428812_652,93428812,CCS(=O)(=O)Nc1ccc(Oc2ccc(F)cc2F)c(-c2cn(C)c(=O)c3[nH]ccc23)c1,2,0.27848101265822783,2.159722204358726,0.9993236785581661
93428812_653,93428812,CCS(=O)(=O)[N-]c1ccc(Oc2ccc(F)cc2F)c(-c2cn(C)c(=O)c3[nH]ccc23)c1,2,0.23170731707317074,2.850362783927959,0.9992674024972537
6180154_1318,6180154,Cc1cccc2sc(NC(=O)C(C)(C)C)nc12,2,0.42,0.6438012115554407,0.9996017735331774
3321097_455,3321097,CCC(CC)NC(=O)c1ccc2ncsc2c1,2,0.4426229508196721,1.263148843168902,0.9993201299576178
540123_779,540123,COc1cc2nc(N)sc2cc1OC,2,0.2909090909090909,0.9526263695702845,0.9993414873061344
181759_3155,181759,CNc1cc(C[NH2+]C)nc([C@H]2CCCN2C(=O)COc2ccccc2OC)n1,2,0.45569620253164556,1.9998212420110792,0.9981673663298847
181759_3158,181759,CNc1cc(C[NH2+]C)[nH+]c([C@H]2CCCN2C(=O)COc2ccccc2OC)n1,2,0.3793103448275862,2.5998099930572476,0.9991423403526273
181801_2479,181801,C[NH2+]Cc1cc(N(C)C)nc([C@H]2CCCN2C(=O)COc2ccc(F)cc2)n1,2,0.5753424657534246,2.3148496711452893,0.9988058205106781
181759_3156,181759,CNCc1cc(NC)nc([C@@H]2CCCN2C(=O)COc2ccccc2OC)[nH+]1,2,0.475,1.8177266021048817,0.9984159384527026
181801_2481,181801,CNCc1cc(N(C)C)nc([C@H]2CCCN2C(=O)COc2ccc(F)cc2)[nH+]1,2,0.5866666666666667,1.8927717770503065,0.9982313123426378
181801_2480,181801,CNCc1cc(N(C)C)nc([C@@H]2CCCN2C(=O)COc2ccc(F)cc2)n1,2,0.5753424657534246,1.6477636359620638,0.9992389222959436
181759_3157,181759,CNCc1cc(NC)nc([C@@H]2CCCN2C(=O)COc2ccccc2OC)n1,2,0.4675324675324675,1.3906102976745265,0.9992582106587955
36933671_112,36933671,Cc1noc(C(C)C)c1C(=O)N1C[C@@H](c2ccccc2)O[C@@H](C)C1,2,0.4696969696969697,2.116839389278237,0.9987893215976511
49953664_952,49953664,COc1ccc2nc(C)nc(N3CC(O)(c4ccc(F)cc4)C3)c2c1,2,0.5636363636363636,1.3891871724143916,0.9989917557065354
49953664_953,49953664,COc1ccc2[nH+]c(C)nc(N3CC(O)(c4ccc(F)cc4)C3)c2c1,2,0.5789473684210527,1.3393024303718633,0.9988980067319158
49953664_954,49953664,COc1ccc2nc(C)[nH+]c(N3CC(O)(c4ccc(F)cc4)C3)c2c1,2,0.5689655172413793,1.6729533765168332,0.998585812649593
316762184_3593,316762184,COc1cc2c(cc1OC)-c1n[nH]c(NCc3c(Cl)cccc3Cl)c1C2=O,2,0.3333333333333333,3.9117843754485646,0.9995422608368386
316762184_3594,316762184,COc1cc2c(cc1OC)-c1[nH]nc(NCc3c(Cl)cccc3Cl)c1C2=O,2,0.328125,3.4888930909387113,0.9991476690017791
232900428_3086,232900428,COCC(=O)Nc1ccc(NC(=O)Cc2cc(C)ccc2C)cc1,2,0.43137254901960786,2.114546287031544,0.9979103333090897
31708035_1561,31708035,Nc1ccc(CC(=O)Nc2ccccc2F)cc1,2,0.35714285714285715,1.1627222368216759,0.999043052998377
232838707_2954,232838707,COCC(=O)Nc1ccc(NC(=O)Cc2ccc(C(F)(F)F)cc2)cc1,2,0.45098039215686275,1.945621237548545,0.9983127987675653
25610913_886,25610913,COc1ccc(-c2nnc3ccc(C(F)(F)F)cn23)cc1OC(C)C,2,0.29310344827586204,1.3483174700346552,0.9991938573138155
48339568_345,48339568,Cc1noc(C)c1C(=O)N1CCCN(c2ccc(F)cc2)CC1,2,0.375,2.1825398049063223,0.9974995821317084
2502094_2208,2502094,Cn1cnnc1-c1cccc([N-]S(=O)(=O)c2ccc(N3CCCC3=O)cc2)c1,2,0.7049180327868853,3.3683711196957535,0.995320498077631
2502094_2207,2502094,Cn1cnnc1-c1cccc(NS(=O)(=O)c2ccc(N3CCCC3=O)cc2)c1,2,0.7049180327868853,1.5207172649778178,0.9987919057555155
183257_1801,183257,CCOc1ccccc1C(=O)N1CCC(c2nc(-c3ccc(OC)cc3)c(C(N)=O)[nH]2)CC1,2,0.6338028169014085,2.6213128390178753,0.9991964813125724
183257_1800,183257,CCOc1ccccc1C(=O)N1CCC(c2nc(C(N)=O)c(-c3ccc(OC)cc3)[nH]2)CC1,2,0.6338028169014085,2.4734490089749483,0.9987656448179558
33353814_2029,33353814,O=C(NC1CCCCCC1)c1ccc(-c2cnco2)cc1,2,0.5,2.091391402870321,0.9981378836210777
43141052_1044,43141052,N#Cc1ccccc1-c1ccc(-c2nccn2-c2cccnc2)o1,2,0.27419354838709675,1.438573946657555,0.9987886752456852
43141052_1045,43141052,N#Cc1ccccc1-c1ccc(-c2[nH+]ccn2-c2cccnc2)o1,2,0.26666666666666666,3.2467918011478845,0.9988645886244416
7723164_1133,7723164,Cc1cccc(NC(=O)c2ccc3ccccc3c2)[nH+]1,2,0.5217391304347826,1.3572534766947895,0.9991103140018255
7723164_1132,7723164,Cc1cccc(NC(=O)c2ccc3ccccc3c2)n1,2,0.5333333333333333,1.4814978906500986,0.9991676605645713
36356120_1155,36356120,CC(C)c1[nH+]c2c(n1C)CCN(c1ncnc3ccccc13)C2,2,0.6727272727272727,1.8226648073630047,0.9985561043962293
36356120_1156,36356120,CC(C)c1nc2c(n1C)CC/[N+](=c1\nc[nH]c3ccccc13)C2,2,0.3333333333333333,1.5132428754162144,0.9995830814727326
36356120_1154,36356120,CC(C)c1nc2c(n1C)CCN(c1ncnc3ccccc13)C2,2,0.6851851851851852,1.229088279985519,0.999372232165367
50335071_2475,50335071,CSc1nnc(CCCNc2cc(C)cc[nH+]2)n1C1CCCC1,2,0.29850746268656714,1.985639947221048,0.9988410541079312
50335071_2474,50335071,CSc1nnc(CCCNc2cc(C)ccn2)n1C1CCCC1,2,0.30434782608695654,1.948341602491709,0.9991592411525221
53882383_2135,53882383,CNC(=O)N1CCc2nc3ccc(Cl)cn3c(=O)c2C1,2,0.34328358208955223,1.6022861791823402,0.999646173205693
53882535_2133,53882535,CCNC(=O)N1CCc2nc3ccc(F)cn3c(=O)c2C1,2,0.34782608695652173,1.0726402006265487,0.9993645660452536
53882535_2132,53882535,CCNC(=O)N1CCc2[nH+]c3ccc(F)cn3c(=O)c2C1,2,0.34782608695652173,1.432959524899735,0.9989193526577569
53882383_2134,53882383,CNC(=O)N1CCc2[nH+]c3ccc(Cl)cn3c(=O)c2C1,2,0.34328358208955223,1.8554546612623393,0.9995636155839145
1755438_2213,1755438,O=C(CSc1ccc(F)cc1)N1CCCC1,2,0.39622641509433965,0.4302313331217896,0.9997206178717483
29569223_510,29569223,Cc1ccc(-c2nc(C(=O)N3CCc4ccccc4C3)cs2)o1,2,0.35526315789473684,1.223723007874088,0.9991953168065126
36966070_2199,36966070,CC1(c2nnc(-c3ccc4c(c3)OCCO4)o2)CCOCC1,2,0.5454545454545454,1.1683535423836133,0.9992355451938737
50282202_179,50282202,CCS(=O)(=O)N1CCN(c2ccc(Nc3ncc(C(N)=O)c(NC4CC4)n3)cc2)CC1,2,0.32608695652173914,3.8070878634464504,0.9947520456927752
50282202_180,50282202,CCS(=O)(=O)N1CCN(c2ccc(Nc3nc(NC4CC4)c(C(N)=O)c[nH+]3)cc2)CC1,2,0.28888888888888886,4.157465694386444,0.9933778050071436
53833498_3041,53833498,Cc1cc(N2CC[NH+](CC3CCN(C(=O)CC(C)C)CC3)CC2)[nH]n1,2,0.36619718309859156,2.3020336661308063,0.9982251117940247
53833498_3042,53833498,Cc1cc(N2CCN(CC3CCN(C(=O)CC(C)C)CC3)CC2)n[nH]1,2,0.3055555555555556,2.3131655798924045,0.9980743161013631
53833498_3040,53833498,Cc1cc(N2CC[NH+](CC3CCN(C(=O)CC(C)C)CC3)CC2)n[nH]1,2,0.36619718309859156,2.495607541261207,0.9982336294873734
142671_428,142671,CCCNC(=O)C1(Cc2ccccn2)CCOCC1,2,0.41935483870967744,1.4392334765422683,0.9991492667123852
31231716_2261,31231716,C[C@H](Cc1cc2c(c(C(N)=O)c1)N(CCCO)CC2)[NH2+]CCOc1ccccc1OCC(F)(F)F,2,0.26744186046511625,3.4387001904789707,0.994745949927213
193725_1517,193725,COc1ccc(NC(=O)CN2CCC(c3cc(-c4cnc(N)nc4)cc(C)[nH+]3)CC2)cc1,2,0.4186046511627907,2.425141026827191,0.9979275402586898
193725_1515,193725,COc1ccc(NC(=O)CN2CCC(c3cc(-c4cnc(N)nc4)cc(C)n3)CC2)cc1,2,0.4117647058823529,1.5777566352260786,0.9985613046343885
193725_1516,193725,COc1ccc(NC(=O)C[N@H+]2CC[C@H](c3cc(-c4cnc(N)nc4)cc(C)n3)CC2)cc1,2,0.5,2.2117723662258566,0.998463950160687
193725_1518,193725,COc1ccc(NC(=O)C[N@H+]2CC[C@@H](c3cc(-c4cnc(N)nc4)cc(C)[nH+]3)CC2)cc1,2,0.5061728395061729,3.13100974128163,0.9977932101451473
53802705_3139,53802705,COc1cccc(CN(C)c2cc(N3CCCC3)[nH+]cn2)n1,2,0.34328358208955223,1.3836979439172032,0.9991587294389103
53802705_3138,53802705,COc1cccc(CN(C)c2cc(N3CCCC3)ncn2)n1,2,0.3181818181818182,1.4524861445121675,0.999487694112016
53802705_3140,53802705,COc1cccc(CN(C)c2cc(N3CCCC3)nc[nH+]2)n1,2,0.32857142857142857,1.583996843430879,0.9989660150000352
46745630_2426,46745630,Cn1nc(CNC(=O)C2CCC2)c2ccccc21,2,0.48148148148148145,0.9663648379378224,0.999551088739225
177465976_3294,177465976,O=C1CN(C(=O)c2ccc(Cl)cn2)CCN1CCc1ccccc1,2,0.5517241379310345,1.5232842807566496,0.9991990581069492
177502491_3006,177502491,CCn1nc(CNC(=O)C2CCOCC2)c2ccccc21,2,0.5254237288135594,1.466788328286893,0.9995736435645762
310102_2821,310102,OC1CCN(c2nccc(-c3cccs3)n2)CC1,2,0.5925925925925926,2.092708532022899,0.9978696779243204
36303318_271,36303318,CN(CC#N)C(=O)c1cccc(C[NH+]2CCCC2)c1,2,0.35714285714285715,2.117693320573157,0.9981640993659818
232861763_3131,232861763,CCOCC(=O)Nc1cccc(C[NH+]2CCCC2)c1,2,0.38333333333333336,1.9299712433090335,0.9975754145118423
11326025_3523,11326025,CCCNC(=O)Nc1ccc(Oc2ncnc3cc(OC)c(OC)cc23)cc1Cl,2,0.34065934065934067,2.3771272578470612,0.9967979094423407
73008556_578,73008556,CCc1noc([C@H]2CC[C@H]([NH2+]CC3CCC(F)(F)CC3)CC2)n1,2,0.3225806451612903,2.64322133011975,0.9981728285341462
13509338_3545,13509338,Cc1cc(C)c(NC(=O)Cn2nnn(-c3cccs3)c2=O)c(C)c1,2,0.43333333333333335,1.7493824624711078,0.9991919290737917
13509338_3546,13509338,Cc1cc(C)c(N/C(O)=C\n2nnn(-c3cccs3)c2=O)c(C)c1,2,0.34375,2.5708084331586347,0.9986602782010592
150193_906,150193,O=C(CN1CCC[C@@H](c2cccc(-c3cccc(Cl)c3)[nH+]2)C1)N1CCCC1,2,0.6451612903225806,2.611080044732527,0.9978996046630753
150193_904,150193,O=C(CN1CCC[C@H](c2cccc(-c3cccc(Cl)c3)n2)C1)N1CCCC1,2,0.8363636363636363,1.3619963289229495,0.9995795375538407
150193_905,150193,O=C(C[N@H+]1CCC[C@@H](c2cccc(-c3cccc(Cl)c3)n2)C1)N1CCCC1,2,0.8448275862068966,1.8307506657104855,0.9986735407427866
4731245_3522,4731245,COc1ccc(C(=O)Nc2cc(-c3ccc(F)c(F)c3)no2)cc1,2,0.359375,1.6151089746523908,0.9992206370795694
20436461_2599,20436461,CCCc1noc(CN2CCN(c3ccccc3OC)CC2)n1,2,0.3870967741935484,1.6919252347549305,0.9995617007055804
42960950_424,42960950,Cc1ccc(C[NH2+]C/C=C/c2ccccc2)cn1,2,0.5106382978723404,1.3188385041389745,0.998586853618918
42960950_425,42960950,Cc1ccc(CNC/C=C/c2ccccc2)cn1,2,0.38461538461538464,1.1798944868079937,0.9985969277260142
32431408_1245,32431408,COc1ccc(C)cc1-c1cccnc1[O-],2,0.3877551020408163,1.461811547361683,0.9969012358502537
32431408_1244,32431408,COc1ccc(C)cc1-c1ccc[nH]c1=O,2,0.3111111111111111,1.5117823917482747,0.9988729882920014
LN00194655_3012,LN00194655,C=C1C[C@@H]2[C@H](CC[C@]3(C)C(=O)CC[C@@H]23)[C@@]2(C)C=CC(=O)C=C12,2,0.3142857142857143,5.214259391322868,0.9985607575876932
232868057_2414,232868057,CSc1ncccc1C(=O)Nc1ccc(-c2nnc(C)[nH]2)cc1,2,0.46774193548387094,1.9298704619744067,0.9985907877970772
18918409_2041,18918409,Cc1c(-c2ccccc2)oc2c(C(=O)NCCC[NH+]3CCCCC3)cccc2c1=O,2,0.47761194029850745,2.3081979984394927,0.9974369510700657
602991_465,602991,CCOc1ccc(-c2csc(N)n2)cc1,2,0.4090909090909091,0.8659474579903137,0.998940238011321
31854734_3706,31854734,Cc1cc(C)c(-c2csc(CC(N)=O)n2)cc1C,2,0.40384615384615385,1.3204582537888858,0.9991443206166679
31855457_3606,31855457,Cc1ccc(-c2csc(CC(N)=O)n2)cc1C,2,0.4423076923076923,1.5301104535294283,0.9987231527199635
42964650_1287,42964650,COCc1nc(-c2cc(F)ccc2F)c(C)s1,2,0.30434782608695654,1.7025988958060554,0.9995111388184508
11868858_2034,11868858,CC(=O)Nc1nc(-c2c(C)cc(C)cc2C)cs1,2,0.45454545454545453,1.4670456707271238,0.9990141904009786
3573849_3589,3573849,COc1ccc(-c2csc(CC(N)=O)n2)cc1,2,0.3888888888888889,2.00969873364142,0.9984982047857678
1392865_3359,1392865,CCc1sc(N)nc1-c1ccc(OC)cc1,2,0.32075471698113206,1.4198830937791092,0.9991392545158544
18867454_967,18867454,COc1ccc(-c2nc(CC(N)=O)sc2C)cc1,2,0.36764705882352944,1.447094675548457,0.9996824680161406
193781_791,193781,COc1ccc2c(c1)C=C(C[N@H+]1CC[C@@H](c3cc(-c4cncnc4)cc(C)[nH+]3)CC1)CO2,2,0.7971014492753623,2.7550484569239964,0.9989718033323982
193781_790,193781,COc1ccc2c(c1)C=C(C[N@H+]1CC[C@H](c3cc(-c4cncnc4)cc(C)n3)CC1)CO2,2,0.7941176470588235,2.928707564779791,0.9982681542581602
MCULE-6181763916_1962,MCULE-6181763916,Cc1noc(OCC(=O)N2CCCCCC2)n1,2,0.3888888888888889,1.1695469208200984,0.9994514954876745
232863503_2418,232863503,CC[N@H+]1CC[C@H](CCNc2nc(N(C)C)c(C)c[nH+]2)CC1,2,0.4482758620689655,2.2920517009872756,0.9988804193564208
232863503_2419,232863503,CC[N@H+]1CC[C@H](CCNc2ncc(C)c(N(C)C)n2)CC1,2,0.43859649122807015,2.0155416145546012,0.9989072343735068
232863503_2420,232863503,CC[N@H+]1CC[C@@H](CCNc2ncc(C)c(N(C)C)[nH+]2)CC1,2,0.4482758620689655,1.6738870929663932,0.9987916535185103
Z102329238_943,Z102329238,Cn1c(CNC(=O)Cc2cccc3ccccc23)nc2ccccc21,2,0.7021276595744681,1.451263242833216,0.9989463925670752
Z102329238_944,Z102329238,Cn1c(CNC(=O)Cc2cccc3ccccc23)[nH+]c2ccccc21,2,0.6875,1.4992851630025987,0.9983907600924921
29578860_299,29578860,Cc1cc(C(=O)Nc2cccc3ncccc23)on1,2,0.43103448275862066,1.1628938042658257,0.9996371073441914
23829815_924,23829815,O=C(c1ccccc1-n1cccn1)N1CC[NH+](Cc2cccnc2)CC1,2,0.34328358208955223,1.5729205320039958,0.9992935609954237
23829815_925,23829815,O=C(c1ccccc1-n1cccn1)N1CCN(Cc2cccnc2)CC1,2,0.3793103448275862,0.9893720230531532,0.9993789294049487
4758327_872,4758327,O=C(NCCNC(=O)c1cc(-c2ccccc2)nc2ccccc12)c1ccco1,2,0.6666666666666666,2.039995833329345,0.9977233402106567
35765811_1251,35765811,C[NH+]1CCN(C(=O)C2(NC(=O)c3ccc(C(F)(F)F)cc3)CCCC2)CC1,2,0.34328358208955223,1.9108715289105425,0.9980896825726735
35765811_1252,35765811,CN1CCN(C(=O)C2(NC(=O)c3ccc(C(F)(F)F)cc3)CCCC2)CC1,2,0.375,2.245013585705192,0.9980823685335624
30016064_649,30016064,Cc1nn(C)c2ncc(C(=O)Nc3ccc4c(c3)CCO4)cc12,2,0.46875,1.6478537556468822,0.9998020945277678
49973152_3186,49973152,Cc1ccc(C#N)c(NCc2ccccc2-n2ccnc2)[nH+]1,2,0.32857142857142857,1.2078700261203434,0.9993934698839471
49973152_3185,49973152,Cc1ccc(C#N)c(NCc2ccccc2-n2ccnc2)n1,2,0.3333333333333333,1.075847108097024,0.9994772986661952
27369500_918,27369500,Cc1ccc(C(=O)C(=O)Nc2c(C)nn(C)c2C)cc1,2,0.40384615384615385,1.725368656258881,0.9994089829646573
49949882_845,49949882,Cc1ccc(F)cc1CNc1cc(C(=O)N(C)C)ccn1,2,0.5818181818181818,1.3838052608656033,0.9996430624222667
49962786_2804,49962786,CN(C)C(=O)c1ccnc(NCc2cccc(C#N)c2)c1,2,0.5084745762711864,1.6782073769353103,0.9994760059297874
49949882_846,49949882,Cc1ccc(F)cc1CNc1cc(C(=O)N(C)C)cc[nH+]1,2,0.5818181818181818,1.8625270467834911,0.9981182635828447
49962786_2805,49962786,CN(C)C(=O)c1cc[nH+]c(NCc2cccc(C#N)c2)c1,2,0.5084745762711864,1.2955180431008761,0.9980178573687142
16021876_2161,16021876,Cc1cc(C(=O)Nc2ccc(C)c(C)c2)n(-c2ccccc2)n1,2,0.4909090909090909,1.4614544125632438,0.9990647670315994
326092_1751,326092,Fc1cccc(CCNCc2cc(-c3ccccc3)cn3nnnc23)c1,2,0.30434782608695654,0.9111816503860252,0.9992680070499103
326092_1750,326092,Fc1cccc(CC[NH2+]Cc2cc(-c3ccccc3)cn3nnnc23)c1,2,0.3088235294117647,1.741849304618483,0.9981505154879654
49335777_1711,49335777,Cn1cc(C[NH+]2CCN(c3ccccc3O)CC2)c(-c2ccncc2)n1,2,0.3559322033898305,2.0783154236065005,0.9991677021931222
49335777_1712,49335777,Cn1cc(CN2CCN(c3ccccc3O)CC2)c(-c2ccncc2)n1,2,0.328125,1.738753576560316,0.9991938552573171
35754209_1947,35754209,CCN1CCc2ncnc(N(C)Cc3ccc4c(c3)OCCO4)c2C1,2,0.5076923076923077,1.2754614851105668,0.9989800323769976
35754209_1946,35754209,CC[N@@H+]1CCc2ncnc(N(C)Cc3ccc4c(c3)OCCO4)c2C1,2,0.5076923076923077,1.6703993534482011,0.9984593042025313
48250318_2278,48250318,C#CCNC(=O)N(Cc1ccccc1F)C1CCOCC1,2,0.3424657534246575,1.353603339239194,0.9989781904497632
49122070_3346,49122070,Cc1cccc(C)c1C[NH2+]C1(CCO)CCOCC1,2,0.44680851063829785,1.9776498678986296,0.9990974920388818
49299793_1598,49299793,Brc1cc2c(cc1Cn1cncn1)OCCCO2,2,0.36538461538461536,3.747875798369028,0.9771332028108166
49942166_142,49942166,Cc1oc2ccccc2c1CNc1[nH+]nc(-c2ccncc2)o1,2,0.5357142857142857,2.539973818762142,0.9990737951554411
49942166_143,49942166,Cc1oc2ccccc2c1C/N=c1\[nH]nc(-c2ccncc2)o1,2,0.5357142857142857,2.620433742722322,0.9994876749640064
49942166_141,49942166,Cc1oc2ccccc2c1CNc1nnc(-c2ccncc2)o1,2,0.5185185185185185,2.568047312648584,0.9996139787787199
316928211_3474,316928211,O=C(Nc1cccc(N2CCNC2=O)c1)[C@H]1NCC12CCCC2,2,0.5737704918032787,2.123355363569574,0.998008230637683
316928211_3475,316928211,O=C(Nc1cccc(N2CCNC2=O)c1)[C@H]1[NH2+]CC12CCCC2,2,0.5645161290322581,2.2790438784718408,0.9981740909869968
36662662_814,36662662,Cc1cc(C(=O)Nc2c(C)nn(C(C)C)c2C)c2ccc(F)cc2n1,2,0.44776119402985076,1.4325051483316416,0.9995604536408218
14858512_933,14858512,N#Cc1cccnc1NCCc1ccc(F)cc1,2,0.509090909090909,1.350415491617197,0.9992901727763429
14858512_934,14858512,N#Cc1ccc[nH+]c1NCCc1ccc(F)cc1,2,0.5,1.2163913843825507,0.9974808569532284
31239684_603,31239684,Oc1c(-c2ccc(F)cc2)c(-c2ccncc2)nn1-c1ccc(Cl)cc1,2,0.32727272727272727,1.3359921406952542,0.9997151679360432
31239684_602,31239684,[O-]c1c(-c2ccc(F)cc2)c(-c2ccncc2)nn1-c1ccc(Cl)cc1,2,0.35185185185185186,2.46224937810924,0.9979674136451605
31239684_601,31239684,O=c1c(-c2ccc(F)cc2)c(-c2ccncc2)[nH]n1-c1ccc(Cl)cc1,2,0.3392857142857143,1.3997214008509646,0.9996314643816656
44591290_1509,44591290,O=C(c1cnc(-c2ccccc2)s1)N1CCOC2(CCCC2)C1,2,0.3283582089552239,1.409173516640364,0.9987864666976747
49424084_194,49424084,C=CC(=O)Nc1cccc(Nc2nc(Nc3ccc(Oc4ccnc(C(=O)NC)c4)cc3)ncc2F)c1,2,0.676056338028169,2.7588423296732145,0.9991479878880756
32176636_3704,32176636,Cc1ccc(C(=O)Nc2ccc(C[NH+]3CCN(C)CC3)c(C(F)(F)F)c2)cc1C#Cc1c[nH+]c2cccnn12,2,0.2696629213483146,3.80055903782581,0.9950759752124974
32176636_3705,32176636,Cc1ccc(C(=O)Nc2ccc(CN3CC[NH+](C)CC3)c(C(F)(F)F)c2)cc1C#Cc1cnc2cccnn12,2,0.2743362831858407,3.291930284802576,0.9964247906493032
32176636_3703,32176636,Cc1ccc(C(=O)Nc2ccc(CN3CC[NH+](C)CC3)c(C(F)(F)F)c2)cc1C#Cc1c[nH+]c2cccnn12,2,0.26956521739130435,3.425974313972464,0.9966832058589845
44811418_8,44811418,CC(C)NC(=O)COc1cccc(-c2nc(Nc3ccc4[nH]ncc4c3)c3ccccc3n2)c1,2,0.3424657534246575,3.59455769184438,0.9972071192543712
44811418_9,44811418,CC(C)NC(=O)COc1cccc(-c2nc(Nc3ccc4[nH]ncc4c3)c3ccccc3[nH+]2)c1,2,0.35526315789473684,2.6270262655703167,0.998576894163444
24070010_1347,24070010,Cc1sc2[nH+]c(CN3CCOCC3)nc(N3CCN(c4cc[nH+]cc4)CC3)c2c1C,2,0.3902439024390244,5.122903180814557,0.9980300939639545
24070010_1344,24070010,Cc1sc2nc(CN3CCOCC3)nc(N3CCN(c4cc[nH+]cc4)CC3)c2c1C,2,0.5,2.94898389280089,0.9985277304782062
24070010_1346,24070010,Cc1sc2nc(C[NH+]3CCOCC3)nc(N3CCN(c4cc[nH+]cc4)CC3)c2c1C,2,0.5142857142857142,2.8555358516389835,0.9987477909436638
24070010_1345,24070010,Cc1sc2nc(CN3CCOCC3)nc(N3CCN(c4ccncc4)CC3)c2c1C,2,0.5538461538461539,3.433616752056387,0.9983696978633624
301928950_3505,301928950,C[C@@H]1C[C@H]([NH3+])CCN1C(=O)c1cc(N2CCNC2=O)c(F)cc1F,2,0.4117647058823529,1.7860988214543416,0.999525355671031
24888190_573,24888190,O=C1CCCN1c1ccc(C[N@H+]2CC[C@@H](c3noc4cc(F)ccc43)CC2)cc1,2,0.3333333333333333,2.0808219529792504,0.99954400061774
49354187_2272,49354187,O=S1(=O)CCN(C2CCN(CC(F)(F)F)CC2)CC1,2,0.2037037037037037,2.1800940346692537,0.9990133822831336
49354187_2273,49354187,O=S1(=O)CC[NH+](C2CCN(CC(F)(F)F)CC2)CC1,2,0.23214285714285715,1.3319181656542838,0.9980296637845868
48313236_1034,48313236,Cc1nn(-c2ccc(F)cc2)c(Cl)c1C(=O)N1CCC(S(=O)(=O)C(C)C)CC1,2,0.4225352112676056,1.5298810411273285,0.9987315260133818
45816980_63,45816980,COc1nn(C)cc1C(=O)Nc1cccc(-c2c[nH+]c3n2CCC3)c1,2,0.3493975903614458,2.2020479104685418,0.9988718586197326
43216036_11,43216036,CCS(=O)(=O)N1CC(CC#N)(n2cc(-c3[nH+]cnc4[nH]ccc34)cn2)C1,2,0.3142857142857143,1.7995557785187695,0.9992347666991073
43216036_10,43216036,CCS(=O)(=O)N1CC(CC#N)(n2cc(-c3ncnc4[nH]ccc34)cn2)C1,2,0.29411764705882354,2.404283469143663,0.9988140604845226
171948518_3426,171948518,Cc1ccc(Cl)c(OC[C@@]2(O)C[N@@H+](C3CCC3)CC[C@@H]2O)c1,2,0.9574468085106383,0.6375201957580848,0.9997554375446758
171948518_3427,171948518,Cc1ccc(Cl)c(OC[C@@]2(O)CN(C3CCC3)CC[C@@H]2O)c1,2,0.576271186440678,2.1476987684495943,0.9971463127619346
31246617_113,31246617,C[N@@H+](Cc1ccccc1)C1(C(=O)N2CCNC(=O)CC2)Cc2ccccc2C1,2,0.30985915492957744,2.079981009528749,0.9989700558686889
31246617_114,31246617,CN(Cc1ccccc1)C1(C(=O)N2CCNC(=O)CC2)Cc2ccccc2C1,2,0.30985915492957744,1.7731221052143797,0.9990471826012477
36435318_1728,36435318,Cc1nnc(-c2ccccc2-c2ccc(O)cc2)s1,2,0.37735849056603776,1.4096786867934292,0.9978434232125124
36435318_1729,36435318,Cc1nnc(-c2ccccc2-c2ccc([O-])cc2)s1,2,0.35185185185185186,0.757083218675496,0.9991857004948524
49948650_2428,49948650,CN(Cc1ccc(N)[nH+]c1)c1nc(C(F)(F)F)cs1,2,0.5106382978723404,1.3389566833916802,0.9987126536697115
49948650_2427,49948650,CN(Cc1ccc(N)nc1)c1nc(C(F)(F)F)cs1,2,0.5,1.7392481134101636,0.9981245357794839
2017461_3569,2017461,O=C(Nc1ccccc1)Nc1ccc(OC(F)(F)F)cc1,2,0.421875,1.7601789681731006,0.9969721802465135
44457145_1951,44457145,CNC(=O)c1ccccc1Nc1nc(Nc2ccc(N3CCOCC3)cc2OC)ncc1Cl,2,0.4772727272727273,2.1484315209010156,0.9989685591983343
48761324_346,48761324,COCC1CCN(c2noc(-c3cccs3)n2)CC1,2,0.3333333333333333,1.6784623915950954,0.9982913401921293
50568787_1054,50568787,CN(CC(=O)Nc1cc(F)cc(F)c1)c1ccnc(C(N)=O)c1,2,0.38596491228070173,2.597992686671871,0.9973065941887932
43495449_3595,43495449,O=c1[nH]c2nc(N3CCc4ccccc4C3)ncc2c(=O)n1-c1ccccc1,2,0.4090909090909091,1.4122007647642056,0.9993471376113909
1557197_2221,1557197,Cc1cccc(-n2c(CNc3ccc(F)cc3)n[nH+]c2[S-])c1,2,0.4,1.7499222839885873,0.9988140972946604
205729538_2229,205729538,O=C(Nc1ccccc1)N1CCCc2cnc(N3CCOCC3)nc21,2,0.515625,2.1655696710103345,0.9991620713790571
205729538_2230,205729538,O=C(Nc1ccccc1)N1CCCc2c[nH+]c(N3CCOCC3)nc21,2,0.5230769230769231,1.7707758186741123,0.9989811625057817
73023165_2246,73023165,CC(=O)Nc1ccccc1C[N@H+]1CC[C@H](c2nnc3ccccn32)CC1,2,0.5538461538461539,1.5662959490466488,0.9989354388331482
177465521_2328,177465521,Cc1ccc(-c2ccc(N(C)CCO)nn2)c(-n2cccn2)c1,2,0.323943661971831,2.0567374650159866,0.9984890455643951
82737949_3005,82737949,COc1ncc(C(=O)NCc2cnn3cccnc23)cn1,2,0.5423728813559322,1.403316785333777,0.9994317975856547
43427775_1777,43427775,Cc1cc(NCc2ccnc(N3CCCC3)c2)c2ccccc2n1,2,0.3880597014925373,2.1704246128349,0.9989051251528633
43427775_1778,43427775,Cc1cc(NCc2cc[nH+]c(N3CCCC3)c2)c2ccccc2[nH+]1,2,0.3880597014925373,2.1589543765442873,0.9987225430953485
43427775_1776,43427775,Cc1cc(NCc2ccnc(N3CCCC3)c2)c2ccccc2[nH+]1,2,0.39705882352941174,1.921982049863982,0.9994600460825712
177508549_2411,177508549,O=C(CCc1cn[nH]c1)NCCCn1cc(Cl)cn1,2,0.5555555555555556,2.6968464917386012,0.9982449583661409
313517655_2582,313517655,CC(C)Cc1nn(C)c(=O)c2c(SCCCO)n(Cc3cccc4ccccc34)cc12,2,0.23255813953488372,2.684395648930881,0.9988641814851873
53927369_1429,53927369,Cc1cn(CCN2CCN(c3ccccc3-c3cc(C#N)cc(C(=O)NCCC[NH+]4CCCC4)c3)CC2)c2ccccc12,2,0.4,4.52851664455335,0.9973415243215172
53927369_1428,53927369,Cc1cn(CC[NH+]2CCN(c3ccccc3-c3cc(C#N)cc(C(=O)NCCC[NH+]4CCCC4)c3)CC2)c2ccccc12,2,0.40963855421686746,5.198969128586824,0.9963951891191478
2205552_1699,2205552,C[N@@H+](CCOCCOc1ccccc1-c1ccccc1)Cc1ccccc1,2,0.3181818181818182,2.3298860487156334,0.9976591266099926
2205552_1700,2205552,CN(CCOCCOc1ccccc1-c1ccccc1)Cc1ccccc1,2,0.31343283582089554,3.2359658527244872,0.9993247097679808
45697853_1837,45697853,N#CC1(C[N@H+]2CCc3cc(-c4ccccc4)oc3C2)CC1,2,0.2463768115942029,2.3063022351807354,0.9971621837226096
45697853_1836,45697853,N#CC1(CN2CCc3cc(-c4ccccc4)oc3C2)CC1,2,0.24285714285714285,2.3354151665174574,0.9979122801260014
1734240_844,1734240,CS(=O)(=O)N(CC(=O)Nc1ccccc1C(=O)NCc1ccco1)c1ccc(F)cc1,2,0.35714285714285715,2.3420687436537024,0.9981588013425594
50127813_892,50127813,O=C(NCc1cccc(F)c1)c1nn[n-]c1-c1ccccc1,2,0.4074074074074074,1.7390957420454671,0.9992898465950584
50127813_893,50127813,O=C(NCc1cccc(F)c1)c1nn[nH]c1-c1ccccc1,2,0.4,2.4897829222645367,0.9986629000418493
72973342_351,72973342,Cn1cc(-c2ccc(-c3cncc(Cl)c3N3CCC4(CCNC4=O)CC3)cc2)cn1,2,0.27058823529411763,2.913199615543228,0.9992855374045123
72973342_352,72973342,Cn1cc(-c2ccc(-c3c[nH+]cc(Cl)c3N3CCC4(CCNC4=O)CC3)cc2)cn1,2,0.2823529411764706,2.082156574323951,0.9987294661175192
25428520_1554,25428520,COc1ccccc1-c1nc(C(=O)[O-])cs1,2,0.3673469387755102,1.6089555618477038,0.9975722651279499
16784498_789,16784498,COc1cccc(-c2nc(C(=O)[O-])cs2)c1OC,2,0.3541666666666667,2.7555567495514874,0.997404727005414
4742397_2154,4742397,Cc1ccc(-c2nc(CC(=O)NCCC(C)C)cs2)cc1,2,0.4444444444444444,1.8079377754778139,0.9993001413735415
31856931_389,31856931,CNC(=O)Cc1csc(-c2ccc(C)cc2)n1,2,0.4489795918367347,1.4785161480348215,0.9995459416754163
35715808_989,35715808,CC(C)NC(=O)c1cc(-c2ccccc2)n(-c2ccccn2)n1,2,0.4107142857142857,0.9197592076179862,0.999532087300985
89942329_3585,89942329,Cc1c(NC(=O)c2cc(C(N)=O)nc3cc(F)ccc23)c(C(F)(F)F)nn1Cc1ccc(C#N)cc1,2,0.3181818181818182,2.70218541184798,0.9993129515987449
36906076_1538,36906076,O=C1CN(C(=O)c2ccc(F)cc2)CCN1,2,0.5,1.0109574669588601,0.9985344575632563
30431093_1929,30431093,Cn1ncc2c1CCc1sc(NC(=O)c3cccnc3)nc1-2,2,0.423728813559322,1.4934416627378304,0.9997127530401397
49033160_2346,49033160,O=C(CC/C=C/c1ccccc1)Nc1ccccc1N1CCOC1=O,2,0.47619047619047616,1.9163452194215296,0.9989090279988083
877481_2888,877481,Clc1ccc2c(c1)CCc1cccnc1C2=C1CC[NH2+]CC1,2,0.23333333333333334,1.9832639763784334,0.9983163640941942
299985775_5,299985775,CC(C)[NH2+]C[C@H](O)COc1cccc2ccccc12,2,0.3090909090909091,1.7796685084589803,0.9971559263314376
300042043_1510,300042043,Clc1ccccc1C[NH2+]Cc1ccc2c(c1)OCCO2,2,0.46938775510204084,1.8889338262629307,0.9969640311898103
300042043_1511,300042043,Clc1ccccc1CNCc1ccc2c(c1)OCCO2,2,0.4489795918367347,1.5681246761658674,0.9990335899029729
171974271_3034,171974271,CC(=O)N(C)[C@@H]1CO[C@@H]2CC[N@H+](C[C@]3(O)CC[C@@H](C(C)(C)C)CC3)C[C@@H]2C[C@@]1(C)O,2,0.3048780487804878,6.4255412223407244,0.9993029837010413
31918332_2786,31918332,Cc1nc(Cc2ccccc2)sc1C(=O)Nc1cccc(-c2cc[nH]n2)c1,2,0.7192982456140351,2.240275875868779,0.9981436795270984
31918332_2787,31918332,Cc1nc(Cc2ccccc2)sc1C(=O)Nc1cccc(-c2ccn[nH]2)c1,2,0.7192982456140351,2.4366189689817217,0.9983327969139746
301048201_172,301048201,CC(C)(C)c1ccc(C(=O)Nc2cn3cc(-n4ccnc4)ccc3[nH+]2)cc1,2,0.375,3.9084480295894615,0.9978589931957154
301048201_173,301048201,CC(C)(C)c1ccc(C(=O)Nc2cn3cc(-n4cc[nH+]c4)ccc3[nH+]2)cc1,2,0.38095238095238093,5.4064027781881325,0.9969701992613186
43127347_598,43127347,Cn1ncc2cc(-c3ccnc4[nH]ccc34)ccc21,2,0.4807692307692308,0.9726093768824409,0.999794979961693
43366900_162,43366900,Cc1nc(C(=O)NCC(=O)[O-])c([O-])c2ccc(Oc3ccccc3)cc12,2,0.30158730158730157,2.3617811075545383,0.9980555849132754
43366900_163,43366900,Cc1[nH+]c(C(=O)NCC(=O)[O-])c([O-])c2ccc(Oc3ccccc3)cc12,2,0.3,2.0420374629276092,0.997637568559143
6887028_673,6887028,Cc1cc(N)n(-c2ncnc3sc(C)c(-c4ccc(Cl)cc4)c23)n1,2,0.2535211267605634,4.093769412167705,0.999303815209599
197921_3117,197921,Cc1cc(Nc2ncccn2)cc([C@@H]2CCCN(CC(=O)Nc3ccc(F)cc3)C2)n1,2,0.6052631578947368,1.8713439021195795,0.998505693644057
197921_3115,197921,Cc1cc(Nc2ncccn2)cc([C@@H]2CCCN(CC(=O)Nc3ccc(F)cc3)C2)[nH+]1,2,0.6103896103896104,1.5991241352688674,0.9989374673092649
197921_3116,197921,Cc1cc(Nc2ncccn2)cc([C@@H]2CCC[N@H+](CC(=O)Nc3ccc(F)cc3)C2)[nH+]1,2,0.5324675324675324,3.4817250035003635,0.9985440982381818
49383383_3374,49383383,C[C@H](NC(=O)CCC(F)(F)F)C(=O)N[C@@H]1C(=O)N(CCO)c2ncccc2-c2ccccc21,2,0.25609756097560976,2.6647491439153215,0.9985605005468734
31378111_1219,31378111,CN(Cc1cnn(C)c1)C(=O)c1ccccc1-c1ccccc1C#N,2,0.4375,1.7458436356100224,0.9983215054901403
33297195_347,33297195,NC(=O)COc1ccccc1-c1ccccc1,2,0.40476190476190477,1.8548458156946224,0.9948745191025523
68918136_2600,68918136,CCOCCNC(=O)c1cccc(-c2cc(F)ccc2OC)c1,2,0.4782608695652174,1.7831374035672194,0.9988472387655111
36467131_507,36467131,CCOc1ccc(-c2ccccc2NC(=O)COC)cc1,2,0.38596491228070173,1.375487913433076,0.9984650911135206
35732653_201,35732653,Cc1c[nH]c(=O)n1-c1ccc(C(=O)Nc2ccc3ccccc3n2)cc1,2,0.5517241379310345,2.6737656965411056,0.9987548737635834
36915937_984,36915937,O=C(CCNc1nccc[nH+]1)N1CCc2ccccc2C1,2,0.36065573770491804,2.116698372466004,0.9975788811727494
36915937_983,36915937,O=C(CCNc1ncccn1)N1CCc2ccccc2C1,2,0.36666666666666664,1.657568701441922,0.9991460501748662
42961472_1894,42961472,Cc1ccc(-c2noc(CCC(=O)N3CCCC3(C)C)n2)cc1F,2,0.32857142857142857,2.0346476353413285,0.999155874786709
177377491_3264,177377491,Cc1[nH]nc(CCC(=O)NCCCOC2CCCC2)c1C,2,0.9782608695652174,1.6819429241205242,0.9989104012851923
177377491_3265,177377491,Cc1n[nH]c(CCC(=O)NCCCOC2CCCC2)c1C,2,0.9782608695652174,1.854470814005897,0.9991969390310552
31842542_837,31842542,CC1CCN(C(=O)c2n[nH]c3ccccc23)CC1,2,0.38181818181818183,1.5793311875600968,0.9990094619054576
48931495_2292,48931495,Cc1ccc(NC(=O)C[N@@H+](C)C2CCCCC2)cc1S(=O)(=O)N(C)C,2,0.532258064516129,2.6045341234087434,0.9972472652979347
48931495_2293,48931495,Cc1ccc(NC(=O)CN(C)C2CCCCC2)cc1S(=O)(=O)N(C)C,2,0.5423728813559322,2.1746590537368835,0.9984762054435985
36286506_822,36286506,CCCN(C)C(=O)Nc1cccc(-c2nnc3n2CCCCC3)c1,2,0.6060606060606061,1.4739314773765197,0.9990494271375479
50897900_2069,50897900,CCc1nc(C(N)=O)c(Nc2ccc(N3CCC([N@H+]4CC[N@@H+](C)CC4)CC3)c(OC)c2)nc1NC1CCOCC1,2,0.3238095238095238,7.799403054080252,0.9977321540968577
50897900_2070,50897900,CCc1nc(C(N)=O)c(Nc2ccc(N3CCC([NH+]4CCN(C)CC4)CC3)c(OC)c2)[nH+]c1NC1CCOCC1,2,0.3055555555555556,5.274205911793506,0.9980374554004728
50897900_2067,50897900,CCc1nc(C(N)=O)c(Nc2ccc(N3CCC([NH+]4CCN(C)CC4)CC3)c(OC)c2)nc1NC1CCOCC1,2,0.3113207547169811,5.156554372834449,0.997806655824549
50897900_2068,50897900,CCc1nc(C(N)=O)c(Nc2ccc(N3CCC(N4CC[NH+](C)CC4)CC3)c(OC)c2)nc1NC1CCOCC1,2,0.3368421052631579,5.4695752120249335,0.9977950912072312
60174406_1468,60174406,Cc1cc2c(C(N)=O)cccc2n1-c1nc2c(c(NCc3ccccc3)n1)COCC2,2,0.27380952380952384,2.0889868357655974,0.9988363534244924
60174406_1469,60174406,Cc1cc2c(C(N)=O)cccc2n1-c1nc(NCc2ccccc2)c2c([nH+]1)CCOC2,2,0.25925925925925924,2.599194682973894,0.9983635186485865
265683_2730,265683,COc1cccc(CC(=O)N2CCO[C@@H](c3cc(Nc4nnc(C)s4)cc(C)[nH+]3)C2)c1,2,0.6794871794871795,1.962140922563959,0.9994821895306572
265683_2731,265683,COc1cccc(CC(=O)N2CCO[C@H](c3cc(/N=c4\[nH]nc(C)s4)cc(C)n3)C2)c1,2,0.6923076923076923,1.3669034347756122,0.9992885484074421
265683_2729,265683,COc1cccc(CC(=O)N2CCO[C@H](c3cc(Nc4nnc(C)s4)cc(C)n3)C2)c1,2,0.6842105263157895,1.22986340704988,0.99923963029744
33313717_1494,33313717,Cn1cc(C(=O)NCCc2c[nH]c3ccccc23)c(-c2cccnc2)n1,2,0.37142857142857144,3.3225104965976238,0.9993892297348879
2521907_1012,2521907,O=C(CSc1nnc[nH]1)N(C1CCCCC1)C1CCCCC1,2,0.2833333333333333,2.8841678175862775,0.9969751989170468
181731_2745,181731,CNc1cc(C[NH2+]C)nc([C@@H]2CCCN2C(=O)C(C)(C)c2ccc(C)cc2)n1,2,0.4358974358974359,2.79990946282204,0.9982850868446352
181731_2746,181731,CNCc1cc(NC)nc([C@@H]2CCCN2C(=O)C(C)(C)c2ccc(C)cc2)[nH+]1,2,0.45569620253164556,2.40088421211859,0.9982234307718528
181731_2748,181731,CNc1cc(C[NH2+]C)[nH+]c([C@H]2CCCN2C(=O)C(C)(C)c2ccc(C)cc2)n1,2,0.36046511627906974,3.285655033627287,0.9983953522119209
181731_2747,181731,CNCc1cc(NC)nc([C@@H]2CCCN2C(=O)C(C)(C)c2ccc(C)cc2)n1,2,0.4473684210526316,3.4163142419865453,0.999193020194961
140213_1127,140213,C=CCNC(=O)C1(Cc2ccc(-c3ccccc3)cc2)CCN(C(=O)c2cccnc2)CC1,2,0.4507042253521127,2.219775664341245,0.9983774448437154
36659962_864,36659962,COC(=O)N1CCCN(C(=O)C(=O)Nc2cccc(C(C)C)c2)CC1,2,0.36666666666666664,1.5938622901620663,0.9989063310768538
49863653_941,49863653,C[C@@H](c1ccc2ccc(O[C@H]3CC[C@H](C(F)(F)F)CC3)c(C(F)(F)F)c2c1)[N@@H+]1[C@@H]2CC[C@H]1C[C@H](C(=O)[O-])C2,2,0.2191780821917808,4.56234161368936,0.9977812333535392
177400113_2264,177400113,CCn1ncc(CN(C)C(=O)c2ccc(-c3nc(C)cc(C)n3)cc2)c1C,2,0.33766233766233766,2.430978403853238,0.9990473548487844
137015_287,137015,CCCn1cc(C(=O)N2CCC(c3n[nH]cc3C(=O)N(C)Cc3ccccc3)CC2)cn1,2,0.6818181818181818,2.9508053138080594,0.9986370006886126
137015_286,137015,CCCn1cc(C(=O)N2CCC(c3[nH]ncc3C(=O)N(C)Cc3ccccc3)CC2)cn1,2,0.6617647058823529,2.9473511836899413,0.9990281022756341
31356688_1887,31356688,O=C(CCn1nnc2ccccc2c1=O)Nc1cc[nH+]cc1,2,0.43859649122807015,1.6174108939909204,0.9986511301561157
31356688_1886,31356688,O=C(CCn1nnc2ccccc2c1=O)Nc1ccncc1,2,0.44642857142857145,1.2478465450526002,0.9994193924049074
42923335_375,42923335,Cc1cc(NC(=O)C2CCOCC2)sn1,2,0.375,1.0142598286437314,0.9996584491662287
48876547_3341,48876547,CCn1c(C(=O)N(C2CC2)C2CC2)cc2c3c(ncn3C)c(Nc3cc(C)n(C)n3)nc21,2,0.27058823529411763,6.242257364127243,0.9989786051120678
48876547_3342,48876547,CCn1c(C(=O)N(C2CC2)C2CC2)cc2c3c(ncn3C)c(Nc3cc(C)n(C)n3)[nH+]c21,2,0.25287356321839083,6.746719647354669,0.9989684260456022
17660388_1668,17660388,Cn1c(=O)c2c([nH+]c3n2CCN3Cc2c(F)cccc2Cl)n(C)c1=O,2,0.3333333333333333,1.3621787694722567,0.9990444554492425
43251541_528,43251541,Cc1cc(C(=O)N(C)C2CCC2)n2nccc2n1,2,0.5490196078431373,1.3966398963227213,0.9988711176809413
49317565_3165,49317565,OC1(Cc2nc(-c3ccsc3)no2)CCCCC1,2,0.3880597014925373,1.1384801271872889,0.9989618896853334
348408_3043,348408,Cc1ccc(=O)n(C[C@]2(O)CC[N@H+](Cc3cccs3)CC2)n1,2,0.3188405797101449,2.1070654949480416,0.9990004827810124
348408_3044,348408,Cc1ccc(=O)n(CC2(O)CCN(Cc3cccs3)CC2)n1,2,0.34328358208955223,1.4568658139997617,0.9992614281569222
EN300-1590205_426,EN300-1590205,CC(C)(C)n1ncc(OCc2ccc(OCCOCCO)nc2)c(Cl)c1=O,2,0.2898550724637681,1.3935774108386063,0.9989273015082922
181787_2565,181787,C[NH2+]Cc1cc(N(C)C)nc([C@@H]2CCCN2C(=O)COC)n1,2,0.6212121212121212,1.9846881367105942,0.9980637334892567
181787_2567,181787,CNCc1cc(N(C)C)nc([C@@H]2CCCN2C(=O)COC)[nH+]1,2,0.6323529411764706,1.8026810588670157,0.9976437740751426
181787_2566,181787,CNCc1cc(N(C)C)nc([C@H]2CCCN2C(=O)COC)n1,2,0.6212121212121212,1.9712161220931186,0.998740643747568
53851976_421,53851976,Cc1cc(C)n(CCNC(=O)NC2CCOCC2)n1,2,0.3389830508474576,1.691916369091966,0.9994355957316613
32230796_1619,32230796,Cc1ccc(C)c(OCCN(C)C(=O)c2ccc3c(c2)nnn3C)c1,2,0.3382352941176471,1.8920462467923793,0.9981811214557711
49300421_2703,49300421,Cc1noc(NCc2ccc(F)cc2C)[nH+]1,2,0.4444444444444444,1.1507519280886125,0.998924903921761
49300421_2702,49300421,Cc1noc(NCc2ccc(F)cc2C)n1,2,0.4339622641509434,1.3376662513500381,0.9987976779850404
31364239_2174,31364239,O=C(CC1CCCC1)NCc1nnc2n1CCC2,2,0.4090909090909091,0.9235437185105794,0.9992915963522303
32161047_964,32161047,c1ccc(-c2nnc(C3CCN(c4cnc5ccccc5[nH+]4)CC3)[nH]2)cc1,2,0.6226415094339622,1.3239399533212515,0.9989852638984025
32161047_963,32161047,c1ccc(-c2nnc(C3CCN(c4cnc5ccccc5n4)CC3)[nH]2)cc1,2,0.673469387755102,1.4785891924397319,0.9994794510545882
49837463_103,49837463,O=C(Nc1nc2cccc(-c3ccc(CN4CCS(=O)(=O)CC4)cc3)n2n1)C1CC1,2,0.3037974683544304,1.6456251091909266,0.9986439381863282
49837463_102,49837463,O=C(Nc1nn2c(-c3ccc(CN4CCS(=O)(=O)CC4)cc3)cccc2[nH+]1)C1CC1,2,0.2962962962962963,1.7402252727736354,0.9983865577489579
32434890_1405,32434890,Cc1c[nH+]c(NCc2ccccc2-n2ccnc2)nc1N(C)C,2,0.3968253968253968,1.4949581933954763,0.9993203176726098
32434890_1406,32434890,Cc1cnc(NCc2ccccc2-n2ccnc2)[nH+]c1N(C)C,2,0.3968253968253968,2.9310312178484352,0.9990563305063237
32106016_364,32106016,CN(CC(=O)NC1(C#N)CCCCC1)c1cccc(C#N)c1,2,0.3793103448275862,1.6004986722895744,0.9974569950242216
323968411_136,323968411,C[C@@](O)(C#Cc1ccc2c(c1)N(c1nc(N)ncc1Cl)CC2)c1nccs1,2,0.2247191011235955,3.5831851752325994,0.998935074006055
323968411_137,323968411,C[C@@](O)(C#Cc1ccc2c(c1)N(c1nc(N)[nH+]cc1Cl)CC2)c1nccs1,2,0.21978021978021978,3.0785735333108515,0.9984990420726387
17400037_1615,17400037,CO[C@H]1CC[C@H](C(=O)c2ccc3nc4c(cc3c2)CCCO4)CC1,2,0.3333333333333333,1.3165485179056808,0.9989196303945976
6670067_3623,6670067,NC(=O)c1ccc(N2CCCCC2)c(NC(=O)c2ncoc2-c2ccc3ccccc3c2)c1,2,0.3466666666666667,2.3618657878891214,0.9987030975972314
32176610_1656,32176610,O=c1ncn2nc(Sc3ccc(F)cc3F)ccc2c1-c1c(Cl)cccc1Cl,2,0.23684210526315788,1.6636832631243847,0.9977364340219395
30020148_1591,30020148,N#CCSCC(=O)NC1CCCCCC1,2,0.38,1.998990495225117,0.9970904804544771
30663852_3198,30663852,O=C(CSc1ccccn1)N1CCSc2ccccc21,2,0.3442622950819672,1.6594191754949488,0.9992305226552768
11930272_3611,11930272,Cc1cc(C)c(-c2csc(NC(=O)Cn3cnnn3)n2)c(C)c1,2,0.35135135135135137,1.1944978024250146,0.9992828363075379
11930272_3612,11930272,Cc1cc(C)c(-c2csc(N/C([O-])=C\n3cnnn3)n2)c(C)c1,2,0.2345679012345679,1.605194692241757,0.9996107830099289
322748925_37,322748925,O=C(Nc1cccnc1)c1ccnc(NC(=O)C2CC2)c1,2,0.5789473684210527,2.1414219574849156,0.9992844391199575
226909_2072,226909,Cc1cc(-c2nccs2)nc(CC2CC[NH2+]CC2)n1,2,0.38333333333333336,2.006983059220996,0.998638772891495
43596043_1959,43596043,CN(C)c1cccc(CN2C=CNC2=C2C=CC(=O)C=C2)c1,2,0.25757575757575757,1.5663572389465117,0.9992369463665038
43596043_1960,43596043,CN(C)c1cccc(Cn2cc[nH+]c2-c2ccc(O)cc2)c1,2,0.3055555555555556,2.119138268259031,0.9986049624359474
82711525_3212,82711525,Cc1cc(C)c2ccc(C(=O)N3CCN(c4nccnc4[O-])CC3)cc2n1,2,0.6,2.152010223023661,0.9980968176017962
82711525_3211,82711525,Cc1cc(C)c2ccc(C(=O)N3CCN(c4ncc[nH]c4=O)CC3)cc2n1,2,0.6229508196721312,2.024955555068188,0.9990981421027546
27425362_1810,27425362,Cc1cc(C)n(-c2cccc(NC(=O)c3ccc(F)c(F)c3)c2)n1,2,0.4305555555555556,1.4857065659143063,0.9991041914198155
36427432_210,36427432,CCc1nc2cc(-c3c(OC)cccc3OC)ccc2o1,2,0.32727272727272727,1.4920599853893501,0.9990615827111419
31919176_1885,31919176,Cc1ccc(C(=O)N(C)Cc2c(C)noc2C)cn1,2,0.40625,0.8386864730042018,0.9994934661193969
48297162_3667,48297162,C1CCN(c2nc(NC3CC3)nc(N3CCCCC3)n2)CC1,2,0.32558139534883723,5.885328792854297,0.9813736297683227
48880634_1135,48880634,c1ccc(-c2c(-c3ccc(OCC[NH+]4CCCC4)cc3)[nH]c3[nH+]cnc(NCC4SCCS4)c23)cc1,2,0.38028169014084506,6.7576782995346445,0.9958747003396277
48880634_1136,48880634,c1ccc(-c2c(-c3ccc(OCC[NH+]4CCCC4)cc3)[nH]c3nc[nH+]c(NCC4SCCS4)c23)cc1,2,0.38028169014084506,5.287818170096251,0.9970817277292492
48880634_1134,48880634,c1ccc(-c2c(-c3ccc(OCC[NH+]4CCCC4)cc3)[nH]c3ncnc(NCC4SCCS4)c23)cc1,2,0.391304347826087,4.9558477579519975,0.9976196506271567
72972985_3654,72972985,CC(C)(O)CNc1nc(Nc2ccnc(C(F)(F)F)c2)nc(-c2cccc(C(F)(F)F)n2)n1,2,0.3815789473684211,3.0746817721512207,0.9991039280711839
32146223_1125,32146223,c1ccc(-c2cc3c(N4CCC(c5ncc[nH]5)CC4)ncnc3s2)cc1,2,0.35384615384615387,2.367790108940584,0.9990694490376142
32146223_1126,32146223,c1ccc(-c2cc3c(N4CCC(c5[nH]cc[nH+]5)CC4)ncnc3s2)cc1,2,0.3188405797101449,1.676231189304665,0.999121434057555
177344381_2416,177344381,COc1cccc(Cn2cnc3c(c2=O)COCC3)c1Cl,2,0.3088235294117647,3.323025127801461,0.9883670916431233
318302594_267,318302594,O=C(NC[C@@H]1CCN(c2ccccc2)C1)N1CCc2ccccc2C1,2,0.3787878787878788,2.023409993056284,0.9985734640113874
MCULE-2007854892_2381,MCULE-2007854892,Cc1cc(C)nc(N2Cc3ccccc3C2=[NH2+])n1,2,0.26153846153846155,1.8508514256960027,0.9990576895633365
177388619_2936,177388619,CCc1nc(C)cc(N2CCCC3(CC[NH2+]CC3)CC2)n1,2,0.5094339622641509,1.556406437920463,0.998447657297078
177388619_2935,177388619,CCc1nc(N2CCCC3(CC[NH2+]CC3)CC2)cc(C)[nH+]1,2,0.4909090909090909,2.3629716460420087,0.9980183239772789
177369616_2284,177369616,O=c1c2cnccc2ncn1Cc1ccc2c(c1)CCCO2,2,0.48333333333333334,1.3242446903800362,0.9987114517321176
36436988_3221,36436988,CSc1nccc(N2Cc3cnn(Cc4ccc(F)cc4)c3C2)n1,2,0.3108108108108108,1.6213041047258718,0.9996874054505749
36436988_3222,36436988,CSc1nc(N2Cc3cnn(Cc4ccc(F)cc4)c3C2)cc[nH+]1,2,0.2894736842105263,1.9722124631997366,0.9988215582446596
301191566_2194,301191566,COc1cc2nc(/C=C/c3cocn3)sc2cc1OC,2,0.22058823529411764,2.097767861323154,0.9993385046620421
37112493_1293,37112493,O=C(NCC#CC[N@@H+]1CCc2ccccc2C1)NCc1ccc(F)cc1,2,0.3620689655172414,2.3695826636774138,0.9976133697472295
37112493_1294,37112493,O=C(NCC#CCN1CCc2ccccc2C1)NCc1ccc(F)cc1,2,0.3620689655172414,1.9290360286941848,0.9985816650022182
300095105_3410,300095105,Cc1cncc(CN2CCC(=C3c4ccc(Cl)cc4CCc4cccnc43)CC2)c1,2,0.2571428571428571,1.521442736352018,0.9991051100305697
300095105_3409,300095105,Cc1cncc(C[NH+]2CCC(=C3c4ccc(Cl)cc4CCc4cccnc43)CC2)c1,2,0.27380952380952384,2.635096962163035,0.9991104295054215
31998416_1687,31998416,O=C(NCCc1ccc2c(c1)OCO2)Nc1ccncc1,2,0.45161290322580644,2.3027731108385736,0.9989406877057391
31998416_1688,31998416,O=C(NCCc1ccc2c(c1)OCO2)Nc1cc[nH+]cc1,2,0.45161290322580644,2.440095285025099,0.9982762369554457
43990384_3408,43990384,CC[N@H+](CCO)Cc1nc2cc(OC)c(OC)cc2c(=O)[nH]1,2,0.543859649122807,2.4559847312231606,0.9988426383714981
43990384_3406,43990384,CCN(CCO)Cc1nc2cc(OC)c(OC)cc2c(=O)[nH]1,2,0.5172413793103449,2.2010449790953674,0.9984435638110915
43990384_3407,43990384,CC[N@H+](CCO)Cc1nc(=O)c2cc(OC)c(OC)cc2[nH]1,2,0.543859649122807,2.2302331716664114,0.9989241219330138
43990384_3405,43990384,CCN(CCO)Cc1nc(=O)c2cc(OC)c(OC)cc2[nH]1,2,0.5172413793103449,2.116651837218511,0.9987305361248249
31844110_1811,31844110,O=C(CN1CCc2ccccc21)N1CCNC1=O,2,0.6,1.2843947991174292,0.9994417759803902
32441961_499,32441961,COc1ccc(Br)c(-c2nnc(N)o2)c1,2,0.3404255319148936,2.447635389513821,0.9944345012367349
32018884_610,32018884,Nc1[nH+]c2ccccc2n1CCCc1ccccc1,2,0.5111111111111111,1.7651441867451516,0.9985067234524416
32018884_611,32018884,Nc1nc2ccccc2n1CCCc1ccccc1,2,0.5,1.221033578572049,0.9992916314553162
49350315_1772,49350315,Fc1ccc(CNc2nnc(-c3ccc4c(c3)OCO4)o2)cc1,2,0.4117647058823529,1.7244761523431296,0.9993887507667671
49350315_1773,49350315,Fc1ccc(CNc2[nH+]nc(-c3ccc4c(c3)OCO4)o2)cc1,2,0.39285714285714285,1.887426554862668,0.9990203424870363
49953992_2683,49953992,CN1CCc2ccc(C(=O)NCCC(=O)Nc3cccnc3)cc21,2,0.3939393939393939,2.573071316539244,0.9993201721765042
23998591_3664,23998591,Cc1ccsc1C(=O)Nc1nc2ccccc2s1,2,0.42,1.3828474247004299,0.9997201607865255
301184387_2794,301184387,COc1ccccc1/C=C/C[N@H+]1CCCC2(C1)OCCO2,2,0.2903225806451613,1.9055458535549306,0.9987798837811974
301184387_2795,301184387,COc1ccccc1/C=C/CN1CCCC2(C1)OCCO2,2,0.2835820895522388,1.6730908522853007,0.9996116312105715
48247380_241,48247380,CN(C)c1ccc2c(c1)OCCN2C(=O)NCc1cccnc1,2,0.36619718309859156,1.3641884034107676,0.9992662738773236
49672228_3637,49672228,CC(C)COc1cc(F)cc(-c2cncc(C(=O)N3CCCC3)n2)c1,2,0.2972972972972973,1.4300818158416222,0.9991964337855611
3110901_3583,3110901,Cc1nc(-c2ccccc2)c(C(=O)Nc2ccc(Cl)c(C(F)(F)F)c2)s1,2,0.4090909090909091,1.2402548125283634,0.9995224907672363
5466232_3460,5466232,Cc1nc(-c2ccccc2)c(C(=O)Nc2ccccc2)s1,2,0.5714285714285714,1.131623612337704,0.9992220364852886
2461065_3620,2461065,Nc1nc(-c2ccccc2)c(C(=O)Nc2ccc(Cl)c(Cl)c2)s1,2,0.4406779661016949,2.060328129206721,0.9984536966270894
2460976_3263,2460976,Cc1nc(-c2ccccc2)c(C(=O)Nc2ccc(Cl)c(Cl)c2)s1,2,0.45,0.8847592892983532,0.9993429847471498
48974948_3648,48974948,Cc1nc(-c2ccccc2)c(C(=O)Nc2ccc(Cl)cc2)s1,2,0.4909090909090909,1.1231714027699695,0.9994251553826397
316756775_28,316756775,CNC(=O)c1nnc(NC(=O)C2CC2)cc1Nc1cccc(-c2ncn(C)n2)c1OC,2,0.3048780487804878,3.855884464036899,0.9992960267843395
316756775_29,316756775,CNC(=O)c1nnc(NC(=O)C2CC2)cc1Nc1cccc(-c2nn(C)c[nH+]2)c1OC,2,0.2823529411764706,2.7758982330047197,0.9982389060645785
48314264_1535,48314264,Cc1[nH+]ccn1-c1cncc(N2CCN(CC3CCCC3)C(=O)C2)n1,2,0.29577464788732394,0.9990620601350096,0.9997351252770984
48314264_1534,48314264,Cc1nccn1-c1cncc(N2CCN(CC3CCCC3)C(=O)C2)n1,2,0.2857142857142857,2.1913263107078493,0.9987906125292189
177444469_2825,177444469,CC(=O)NCc1cc2n(n1)CCN(C1Cc3ccccc3C1)C2,2,0.3333333333333333,1.6959478175934704,0.999382722835345
177475488_3288,177475488,CS(=O)(=O)NCc1cc2n(n1)CC[N@H+](C1Cc3ccccc3C1)C2,2,0.2608695652173913,2.244693074787699,0.9993002469105735
177475488_3290,177475488,CS(=O)(=O)[N-]Cc1cc2n(n1)CC[N@H+](C1Cc3ccccc3C1)C2,2,0.2571428571428571,3.230416381830508,0.9978816761204933
177475488_3289,177475488,CS(=O)(=O)NCc1cc2n(n1)CCN(C1Cc3ccccc3C1)C2,2,0.27586206896551724,1.1935032467489646,0.9993126852234986
177444469_2824,177444469,CC(=O)NCc1cc2n(n1)CC[N@H+](C1Cc3ccccc3C1)C2,2,0.3181818181818182,1.829724296171142,0.9989526590448428
32083468_1205,32083468,CCN(C(=O)c1cc(NC(C)=O)ccc1F)C1CCCC1,2,0.4,0.985520167221523,0.9989494399881272
310422_3010,310422,COCCN1CCOc2nc3c(C)cccc3cc2C1,2,0.3283582089552239,1.1814876216027483,0.9997379526831792
404346_2618,404346,COc1ccc2nc3c(cc2c1)C[NH2+]CCO3,2,0.3442622950819672,1.4692913257759903,0.9982285060776381
289474_2676,289474,Cc1ccc(C)c2nc3c(cc12)CNCCO3,2,0.21875,1.1444457173667946,0.998492120140242
289474_2677,289474,Cc1ccc(C)c2nc3c(cc12)C[NH2+]CCO3,2,0.21875,1.33544112562086,0.9982799668202661
310422_3011,310422,COCC[N@H+]1CCOc2nc3c(C)cccc3cc2C1,2,0.3283582089552239,1.5272455598233536,0.9988944423515185
404346_2617,404346,COc1ccc2nc3c(cc2c1)CNCCO3,2,0.3442622950819672,1.1087601183303613,0.9988153587906182
44114971_2490,44114971,CSc1ccc(C)c(C(=O)NCC[N@H+]2CC[C@@H](C)CC2)c1,2,0.5283018867924528,2.475261198338135,0.9979516073994806
46620326_1349,46620326,CCc1nc(CN2C(=O)COc3ccc(F)cc32)cs1,2,0.3150684931506849,1.6405913567977268,0.9990661452684436
31406035_3175,31406035,CN1CCNc2nc3ccccc3nc21,2,0.375,1.7071089596155415,0.9993151843150496
31406035_3176,31406035,CN1CCNc2[nH+]c3ccccc3nc21,2,0.3829787234042553,1.5576796846593421,0.9975986508461588
11480248_3624,11480248,Cc1nc(Nc2ccc(F)cc2)nc2c1ncn2-c1ccc(F)cc1,2,0.375,1.4682261406202461,0.9994076040807209
30724831_1830,30724831,Cc1noc(C(C)C)c1C(=O)Nc1ccccn1,2,0.3620689655172414,1.2964308697343432,0.9992631270937498
1465672_3096,1465672,c1ccc(Nc2nc(N3CCNCC3)nc(N3CCOCC3)n2)cc1,2,0.8378378378378378,1.9300121761280238,0.9992683137229661
1465672_3095,1465672,c1ccc(Nc2nc(N3CC[NH2+]CC3)nc(N3CCOCC3)n2)cc1,2,0.8378378378378378,2.273117022944708,0.9991165298608594
25616683_1553,25616683,CNc1nc(-c2cc(OC)cc(OC)c2)ncc1F,2,0.32608695652173914,1.5801306907972896,0.9987628595943174
17464371_3480,17464371,O=C(NCCc1ccccc1)c1ccc(NC(=O)N2CCCCc3ccccc32)cc1,2,0.375,2.4274054049538316,0.9980463063527332
82719667_2512,82719667,CC1=CCN(C(=O)c2cc(C)nc3cc(C)cc(C)c23)CC1,2,0.5344827586206896,1.3169749428140636,0.9995550112082282
48820442_1057,48820442,O=C(Cc1ccc(Cl)c(Cl)c1)N1CC(n2ccnn2)C1,2,0.3728813559322034,1.5519455531685664,0.9971699987791129
36890321_1563,36890321,Cc1ccc(-n2cc(C(=O)NCC[NH+](C)C)nn2)cc1C,2,0.2894736842105263,1.0363131766019045,0.9992172309166278
410858_308,410858,Cc1ccc(-c2[nH+]c(NCc3ccco3)ncc2-c2cc(C)no2)cn1,2,0.42028985507246375,3.448382954371183,0.9990677047926642
410858_307,410858,Cc1ccc(-c2nc(NCc3ccco3)ncc2-c2cc(C)no2)cn1,2,0.5373134328358209,2.1645983461147207,0.9995052730203888
38522400_1941,38522400,CC(C)n1nnnc1-c1ccc(N)cc1F,2,0.25,1.5694527708727612,0.9987281586008135
31879758_921,31879758,O=C(CCc1cccs1)Nc1ccc(N2CCOCC2)cn1,2,0.40625,1.6843559600036935,0.99903702673809
32278040_436,32278040,CCCCC1=NC2(CCCC2)C(=O)N1Cc1ccc(-c2ccccc2-c2nnn[n-]2)cc1,2,0.25925925925925924,3.1350015948956824,0.9971185786673596
901986_2002,901986,CCCCC1=[NH+]C2(CCCC2)C(=O)N1Cc1ccc(-c2ccccc2-c2nnn[n-]2)cc1,2,0.25,2.910051030480488,0.9974372310444818
901986_2001,901986,CCCCC1=NC2(CCCC2)C(=O)N1Cc1ccc(-c2ccccc2-c2nnn[n-]2)cc1,2,0.25925925925925924,3.1013842070917135,0.9970458728186293
32278040_437,32278040,CCCCC1=[NH+]C2(CCCC2)C(=O)N1Cc1ccc(-c2ccccc2-c2nnn[n-]2)cc1,2,0.25,3.0220120780699196,0.9971333269691526
25855068_2655,25855068,CC(C)(C(=O)c1ccccc1)/[N+]([O-])=C/c1ccc(F)cc1,2,0.26,2.352094598437804,0.9984379547009323
29621147_244,29621147,O=C(c1ccc(-n2cccn2)nc1)N1CCN(c2ccccc2O)CC1,2,0.45901639344262296,1.7195039982511786,0.9994083560635174
53839672_2342,53839672,CN(C)c1nccc(N2CC[NH+](CCCCCF)CC2)n1,2,0.39655172413793105,0.9935461740662456,0.9991703534988188
53839672_2343,53839672,CN(C)c1nc(N2CCN(CCCCCF)CC2)cc[nH+]1,2,0.3,2.1436580884085643,0.9976850033434218
53839672_2341,53839672,CN(C)c1nc(N2CC[NH+](CCCCCF)CC2)cc[nH+]1,2,0.31746031746031744,3.0423895214123258,0.9933631018397239
177425312_2856,177425312,CN(CC1(CO)CCCC1)C(=O)CCN1CCCCC1=O,2,0.9523809523809523,1.5585570249435763,0.9996656043053895
49655478_1822,49655478,COc1cccc(-c2ccc(C(=O)N(C)Cc3c(C)nn(C(C)C)c3C)o2)c1,2,0.3176470588235294,2.3679964104702935,0.9993913312478564
31357352_1529,31357352,O=C(CCc1ccc2c(c1)OCO2)Nc1cccc2cnccc12,2,0.515625,1.1849569612435602,0.9989604967326736
32494828_1385,32494828,CCCCc1c(C)[nH]c2nc(N(Cc3cccs3)C(C)=O)nn2c1=O,2,0.3,2.487389796553871,0.9994099852956626
6892467_600,6892467,COc1cc(CNc2nnn[nH]2)cc(Br)c1OCc1ccc(Cl)cc1,2,0.3333333333333333,2.9679597369236763,0.9906480181081839
6892467_599,6892467,COc1cc(CNc2nnn[n-]2)cc(Br)c1OCc1ccc(Cl)cc1,2,0.3333333333333333,1.9789375937607727,0.9970466782838039
32125849_607,32125849,Cn1cc[nH+]c1CCNC(=O)c1cccc2cccnc12,2,0.46296296296296297,1.0159950787287915,0.9993991705279126
32125849_606,32125849,Cn1ccnc1CCNC(=O)c1cccc2cccnc12,2,0.52,1.12275019483401,0.9995808196762265
13397114_700,13397114,Cc1ccc(Cn2nc(C)c(C(N)=O)c2Cl)cc1,2,0.35294117647058826,1.435342816194052,0.9985381819305783
37000875_1890,37000875,Cc1nn(Cc2cccc(Br)c2)c(C)c1C(=O)[O-],2,0.3584905660377358,1.8289696552976136,0.9984632699933911
49936164_819,49936164,C[N@@H+](Cc1ccncc1)Cc1cc2ccccc2[nH]c1=O,2,0.2982456140350877,1.330748285740278,0.9994925226544006
49936164_820,49936164,CN(Cc1ccncc1)Cc1cc2ccccc2[nH]c1=O,2,0.3442622950819672,1.2344083603088902,0.9989697741511185
222793668_2971,222793668,CN(CC[NH+]1CCCCC1)c1cncc(C(N)=O)n1,2,0.43103448275862066,2.5237279964372137,0.9989493535842449
16223443_3066,16223443,CCOc1ccc(CNC(=O)Cn2ccc3cc(S(=O)(=O)N4CCCC4)ccc32)cc1,2,0.421875,2.8704828862058402,0.9982574148359191
11844078_1497,11844078,CSCc1c(C(=O)NC(C)C)oc2ccccc12,2,0.4067796610169492,0.5009431105423952,0.9998020607813864
49295738_642,49295738,Cc1cc2cc(C(=O)N(C)CCC(=O)[O-])oc2cc1C,2,0.3870967741935484,3.0403947112175937,0.9995036626810401
11833271_1669,11833271,C#CCNC(=O)Cc1coc2cc(OC)ccc12,2,0.46551724137931033,1.295905089117235,0.9996228810686528
31888771_1852,31888771,CC[N@@H+]1CCc2nc(NC(=O)Cc3ccc(Cl)cc3)sc2C1,2,0.4603174603174603,1.6921651810622518,0.9994704145651782
25014865_1278,25014865,c1nc(N[C@H]2CC[N@H+](C3CC3)CC2)c2sccc2[nH+]1,2,0.5535714285714286,2.461992688859664,0.9978019757718377
25014865_1277,25014865,c1nc(N[C@H]2CC[N@@H+](C3CC3)CC2)c2sccc2n1,2,0.5370370370370371,1.9745829939506299,0.9992696489900658
11478087_1723,11478087,Cc1ccc2c(c1)cc(C[NH2+]CCc1ccccc1)c1nnnn12,2,0.30303030303030304,1.3186447588339514,0.9989917294011509
11478087_1724,11478087,Cc1ccc2c(c1)cc(CNCCc1ccccc1)c1nnnn12,2,0.32786885245901637,1.7050000000000929,0.9996612495161409
31951751_1250,31951751,CC(C)c1csc(NC(=O)C2CCN(c3ncccn3)CC2)n1,2,0.4339622641509434,1.9325509048922467,0.998886003683508
901943_118,901943,CCC1=C(C)CN(C(=O)NCCc2ccc(S(=O)(=O)NC(=O)N[C@H]3CC[C@H](C)CC3)cc2)C1=O,2,0.47368421052631576,3.588422355297779,0.996236347912618
901943_117,901943,CCC1=C(C)CN(C(=O)NCCc2ccc(S(=O)(=O)/N=C(\[O-])N[C@H]3CC[C@H](C)CC3)cc2)C1=O,2,0.4935064935064935,2.968169469555131,0.9971395064522216
33340599_938,33340599,Cc1nn(C)c(C)c1C(=O)NCc1ccccc1,2,0.5,1.4005713120012437,0.9990218497403328
36421752_671,36421752,COc1ccc(-c2c(C)n[nH]c2C)cn1,2,0.2826086956521739,1.1902067047365383,0.9997127405763464
317396814_2075,317396814,Cc1ccc(-c2cc[nH]c(=O)c2C#N)cc1,2,0.35714285714285715,1.7311377761460887,0.998512379425416
317396814_2076,317396814,Cc1ccc(-c2ccnc([O-])c2C#N)cc1,2,0.2978723404255319,2.0029443327261713,0.9983762731251682
95699457_3518,95699457,O=C1N=C(N2CCCCN2)S/C1=C\c1ccc(F)cc1O,2,0.47619047619047616,1.6882375425274387,0.9987882560444721
95699457_3519,95699457,O=C1N/C(=[N+]2/CCCCN2)S/C1=C\c1ccc(F)cc1[O-],2,0.43283582089552236,2.6355792532194084,0.9979296107774807
95699457_3517,95699457,O=C1N=C(N2CCCCN2)S/C1=C\c1ccc(F)cc1[O-],2,0.46153846153846156,1.2198844207547286,0.9992650897792323
95699457_3520,95699457,O=C1N/C(=[N+]2\CCCCN2)S/C1=C\c1ccc(F)cc1O,2,0.37142857142857144,1.8921088763599705,0.9986904662554423
49152821_1630,49152821,COC(=O)c1ccc(NC(=O)N(C)Cc2ccccc2C[NH+]2CCCC2)cc1,2,0.4918032786885246,2.320878497466166,0.998250340677539
45665715_1866,45665715,CC(=O)N1CCC(CCNc2ccc3ccc(F)cc3n2)CC1,2,0.5,1.289031807210495,0.9987478109386339
45665715_1867,45665715,CC(=O)N1CCC(CCNc2ccc3ccc(F)cc3[nH+]2)CC1,2,0.509090909090909,1.7412349066107111,0.9986016029369559
6809286_976,6809286,O=C(NCc1ccccc1)c1ccc(NS(=O)(=O)c2ccc(C3CCCCC3)cc2)cc1,2,0.3194444444444444,2.9376099128372455,0.997055582577728
6809286_977,6809286,O=C(NCc1ccccc1)c1ccc([N-]S(=O)(=O)c2ccc(C3CCCCC3)cc2)cc1,2,0.3333333333333333,3.618191951790115,0.9927927949567905
222774912_2564,222774912,Cc1noc(C)c1-c1cc(-c2ccccc2Cl)nc(C2CC2)n1,2,0.3333333333333333,1.342008196696055,0.9992638810106568
24465856_547,24465856,O=C(c1cccc(Cl)c1)N1CCN(C(=O)c2ccc3ccccc3c2O)CC1,2,0.5370370370370371,1.4888475408853175,0.998247883531121
24465856_546,24465856,O=C(c1cccc(Cl)c1)N1CCN(C(=O)c2ccc3ccccc3c2[O-])CC1,2,0.5454545454545454,0.5092592659937086,0.9997511278693811
232855284_2368,232855284,COCC1(C[N-]S(=O)(=O)c2ccc3[nH]cnc3c2)CCC1,2,0.5769230769230769,2.028543566206999,0.997618055279913
232855284_2367,232855284,COCC1(CNS(=O)(=O)c2ccc3nc[nH]c3c2)CCC1,2,0.5882352941176471,2.2233231883830906,0.9979757261867955
232855284_2366,232855284,COCC1(CNS(=O)(=O)c2ccc3[nH]cnc3c2)CCC1,2,0.5769230769230769,1.8711766351684576,0.9982201483073312
36356108_1070,36356108,CCCc1c/c(=[N+]2\CCc3c(nc(C(C)C)n3C)C2)n2ncnc2[nH]1,2,0.734375,0.28253141418563676,0.9999826845132113
36356108_1071,36356108,CCCc1cc(N2CCc3c([nH+]c(C(C)C)n3C)C2)n2nc[nH+]c2n1,2,0.7540983606557377,0.3984783557502768,0.999935432261087
36356108_1068,36356108,CCCc1cc(N2CCc3c(nc(C(C)C)n3C)C2)n2nc[nH+]c2n1,2,0.7258064516129032,0.4229373476053999,0.9999381283806721
36356108_1069,36356108,CCCc1cc(N2CCc3c([nH+]c(C(C)C)n3C)C2)n2ncnc2n1,2,0.7540983606557377,0.19403607911781934,0.9999818352663044
36356108_1067,36356108,CCCc1cc(N2CCc3c(nc(C(C)C)n3C)C2)n2ncnc2n1,2,0.7213114754098361,0.23989997915653272,0.9999747761352216
177444153_2283,177444153,Cn1cc(-c2cccc3c(C(N)=O)cccc23)cn1,2,0.35185185185185186,1.5821567558240062,0.9993271410710528
31507670_842,31507670,Nc1nc(N)c2nc(-c3cccc(O)c3)c(-c3cccc([O-])c3)nc2n1,2,0.22413793103448276,4.122131002284642,0.9968902916661829
31507670_840,31507670,Nc1nc(N)c2nc(-c3cccc(O)c3)c(-c3cccc(O)c3)nc2n1,2,0.24074074074074073,5.454248619195636,0.9982756083170395
31507670_841,31507670,Nc1nc(N)c2nc(-c3cccc(O)c3)c(-c3cccc(O)c3)nc2[nH+]1,2,0.2549019607843137,4.283257638760313,0.997628151785532
15967580_449,15967580,Cc1cc(C)n2ncc(C(=O)Nc3cccc(C(=O)[O-])c3)c2n1,2,0.5,2.08851789554208,0.9987399163358313
171818496_3183,171818496,CO[C@@H]1CC[C@@H](N(C)C(=O)COc2c(C)cccc2C)[C@H]1O,2,0.6875,1.3065584564036419,0.9987382119485999
29780390_1439,29780390,CC(C)Cc1sc(N)nc1-c1ccc(P(=O)([O-])[O-])o1,2,0.19117647058823528,2.378338285442519,0.9984303125575997
29780390_1438,29780390,CC(C)Cc1sc(N)nc1-c1ccc([P@](=O)([O-])O)o1,2,0.1891891891891892,2.8026005780344136,0.9992292872138018
425314_3325,425314,CCOc1ccc(C[NH2+][C@@H]2CCC[C@H]2Cc2cc(C)no2)cc1OC,2,0.27631578947368424,1.3741055272425737,0.9988776197294749
425292_3210,425292,COc1ccc(C[NH2+][C@@H]2CCC[C@H]2Cc2cc(C)no2)cc1OC,2,0.3142857142857143,1.6716411098077024,0.9987224596040282
49993241_300,49993241,CN(c1ncnc2c1cnn2CCO)C1CCCCC1,2,0.5272727272727272,1.38832849138779,0.9993510174875145
49993241_301,49993241,CN(c1[nH+]cnc2c1cnn2CCO)C1CCCCC1,2,0.543859649122807,2.3309858429428996,0.9990422911417544
32099814_873,32099814,O=C(NC1CCCC1)C(=O)c1ccc2c(c1)CCC2,2,0.3448275862068966,1.167981592320714,0.9990881975180909
50610014_2841,50610014,COC(=O)N1CC(NCc2c(C)nn(C(C)(C)C)c2C)C1,2,0.2982456140350877,1.73592396146812,0.9993197612068224
50610014_2840,50610014,COC(=O)N1CC([NH2+]Cc2c(C)nn(C(C)(C)C)c2C)C1,2,0.29310344827586204,1.8025753798379893,0.9993172238626304
206931104_442,206931104,C[NH+](C)CCOc1ccc(-c2[nH]c(-c3ccc4c(c3)CC/C4=N\[O-])c(-c3ccncc3)[nH+]2)cc1,2,0.4025974025974026,3.959111642780145,0.9987440156430046
206931104_444,206931104,C[NH+](C)CCOc1ccc(-c2nc(-c3cc[nH+]cc3)c(-c3ccc4c(c3)CC/C4=N\[O-])[nH]2)cc1,2,0.3125,2.688280491318375,0.998662051095138
206931104_443,206931104,C[NH+](C)CCOc1ccc(-c2nc(-c3ccncc3)c(-c3ccc4c(c3)CC/C4=N\[O-])[nH]2)cc1,2,0.4,2.1614728774612653,0.9988296865777546
44563083_579,44563083,COC(=O)N1CCCN(C(=O)c2ccc(-c3ccccc3Cl)o2)CC1,2,0.6875,1.3048566971127313,0.9990201462399961
73014318_1271,73014318,Fc1ccc(NCc2cccc(OCCN3CCOCC3)c2)nc1,2,0.38028169014084506,2.1450314683006386,0.9968891061891078
73014318_1272,73014318,Fc1ccc(NCc2cccc(OCC[NH+]3CCOCC3)c2)nc1,2,0.4,2.0295169375985753,0.9991994539629224
73014318_1273,73014318,Fc1ccc(NCc2cccc(OCCN3CCOCC3)c2)[nH+]c1,2,0.34782608695652173,2.9940726444093126,0.9960082134613705
1545812_3561,1545812,Cc1cc(C)c(S(=O)(=O)Nc2ccc3c(c2)OCO3)c(C)c1-n1cnnn1,2,0.6551724137931034,2.1747015887244348,0.9987873777908898
1545812_3562,1545812,Cc1cc(C)c(S(=O)(=O)[N-]c2ccc3c(c2)OCO3)c(C)c1-n1cnnn1,2,0.46153846153846156,2.341931040829416,0.9980202444084583
2042658_2044,2042658,O=C(Cc1cccs1)NCc1ccccc1F,2,0.4444444444444444,1.1045908744872546,0.9993520066113892
49945934_1105,49945934,Cc1cnn(/C=C2/NN=C(c3ccccc3)S2)c1,2,0.3333333333333333,1.4550230238732722,0.9996911561676538
308044_3031,308044,CCOc1cc(C[N@@H+]2CCc3c(N)nc(N4CCCC4)nc3C2)ccc1OC,2,0.4225352112676056,2.5724414473414283,0.9989596129614954
308044_3030,308044,CCOc1cc(C[N@@H+]2CCc3c(N)nc(N4CCCC4)[nH+]c3C2)ccc1OC,2,0.4383561643835616,2.7521464350572584,0.9988315847923106
308044_3029,308044,CCOc1cc(CN2CCc3c(N)nc(N4CCCC4)[nH+]c3C2)ccc1OC,2,0.4225352112676056,2.283988835349609,0.9988516331498989
308044_3032,308044,CCOc1cc(CN2CCc3c(N)nc(N4CCCC4)nc3C2)ccc1OC,2,0.4057971014492754,2.836542966359054,0.9987435302241235
49068002_2355,49068002,CC(C)(C)CCCNC(=O)N1CCN(Cc2ccon2)CC1,2,0.6071428571428571,1.7110000000000536,0.9983772599223947
49068002_2356,49068002,CC(C)(C)CCCNC(=O)N1CC[NH+](Cc2ccon2)CC1,2,0.6206896551724138,1.8126916450407835,0.9988575950405716
11005871_3651,11005871,CCOc1ccc(S(=O)(=O)N(CC)CC(=O)Nc2ccc3c(c2)OCO3)cc1,2,0.3918918918918919,1.5268421660406601,0.9989214348765376
50132153_1269,50132153,CCc1ccc(S(=O)(=O)[N-]Cc2ccnc(N3CCCC3)n2)cc1,2,0.31746031746031744,2.0820247356840245,0.9974251374153345
50132153_1268,50132153,CCc1ccc(S(=O)(=O)NCc2ccnc(N3CCCC3)n2)cc1,2,0.31746031746031744,1.6391107345143017,0.9992036360829776
49093836_2966,49093836,Cc1ccc(S(=O)(=O)N2CCOc3ccncc32)cc1,2,0.3125,1.3491319431396709,0.9970862500367708
16664610_710,16664610,Cc1nc2cc(NC(=O)CCc3c(C)nc4c(c(C)nn4C)c3C)ccc2o1,2,0.5223880597014925,2.12704513351287,0.999016051811523
43249211_1149,43249211,O=C([O-])c1ccccc1-n1cnc(CN2CCCC2)c1,2,0.3125,2.155077260795583,0.9991819192313884
43249211_1148,43249211,O=C([O-])c1ccccc1-n1cnc(C[NH+]2CCCC2)c1,2,0.4528301886792453,1.859452607623912,0.9979024039821776
153307_1024,153307,CCn1c(SC)nnc1[C@H]1CC[N@H+](C)CC1,2,0.2857142857142857,1.7154378449831202,0.9996039773459959
1556512_1981,1556512,Nc1ccc2c(c1)ncn2CCc1ccccc1,2,0.425531914893617,1.7612347941147886,0.9990945326129679
1556512_1982,1556512,Nc1ccc2c(c1)[nH+]cn2CCc1ccccc1,2,0.3958333333333333,1.7760563054137388,0.997188364474328
313144331_3181,313144331,N#Cc1ccc2[nH]cn/c(=[NH+]/[C@H]3CC[C@@H]([NH+]4CCOCC4)CC3)c2c1,2,0.3448275862068966,1.8651940917772443,0.9981658258889273
313144331_3180,313144331,N#Cc1ccc2ncnc(N[C@H]3CC[C@H]([NH+]4CCOCC4)CC3)c2c1,2,0.3372093023255814,1.5149125387295663,0.9994252057989289
44529882_1142,44529882,COC1CCN(C(=O)Nc2cc(C(F)(F)F)cc(C(F)(F)F)c2)CC1,2,0.38095238095238093,1.7834379720081446,0.9987247544741855
177431642_3278,177431642,O=C(NCC1([NH+]2CCCCC2)CCCC1)c1cnn[nH]1,2,0.5769230769230769,2.2384389649931467,0.9986481581699778
177431642_3277,177431642,O=C(NCC1([NH+]2CCCCC2)CCCC1)c1c[nH]nn1,2,0.5769230769230769,2.1994131035347357,0.9988852555648317
177431642_3276,177431642,O=C(NCC1([NH+]2CCCCC2)CCCC1)c1c[n-]nn1,2,0.5185185185185185,2.084386480478555,0.9990217421002336
157063_1745,157063,NC(=O)c1cnc(NC2CC2)[nH+]c1CCNC(=O)C1(c2cccc(F)c2)CCOCC1,2,0.4024390243902439,3.05075564409872,0.9986817128553437
157063_1744,157063,NC(=O)c1cnc(NC2CC2)nc1CCNC(=O)C1(c2cccc(F)c2)CCOCC1,2,0.4024390243902439,3.0193408220996973,0.9980517195886138
49960790_3177,49960790,CC1(C)CCCN1C(=O)c1c(F)cc(C#N)cc1F,2,0.34615384615384615,1.6568596802384739,0.9985659341646552
8296397_289,8296397,[NH3+]Cc1cccc(C(=O)N2CCCC2)c1,2,0.48148148148148145,1.064455729469097,0.9980195554412314
8296397_290,8296397,NCc1cccc(C(=O)N2CCCC2)c1,2,0.48148148148148145,1.2800039062438926,0.99851876170049
45766450_1952,45766450,COc1ccc(C(=O)N2CCCC2)cc1NC(C)C,2,0.3877551020408163,1.101453585041214,0.9990139307640781
32402718_644,32402718,Cc1ccncc1-c1ccc(-c2ccn[nH]2)cc1,2,0.43478260869565216,2.0131430649611026,0.9978391885799214
32402718_643,32402718,Cc1ccncc1-c1ccc(-c2cc[nH]n2)cc1,2,0.425531914893617,1.9712825774101683,0.997520541399491
31209008_225,31209008,c1ccc(-c2noc(NC3CC3)[nH+]2)cc1,2,0.5952380952380952,1.3843706151172817,0.9991218919353727
31209008_224,31209008,c1ccc(-c2noc(NC3CC3)n2)cc1,2,0.5853658536585366,1.3375488776114774,0.9988685804820837
3967714_2279,3967714,CCc1cccc(C)c1NC(=O)c1ccc(C)o1,2,0.46808510638297873,0.8631303493672141,0.9995612956532061
44507875_896,44507875,c1ccc2/c(=[N+]3\CCn4c(nnc4C4CC4)C3)nc[nH]c2c1,2,0.28125,1.5946046531979294,0.9992649137874896
44507875_895,44507875,c1ccc2c(N3CCn4c(nnc4C4CC4)C3)ncnc2c1,2,0.2878787878787879,1.4334200361376024,0.999589768446434
49963610_2705,49963610,CC(=O)N[C@H]1CC[C@H]([NH2+]CCSc2ccc(C)cc2)CC1,2,0.56,1.892291203805478,0.9974209209699179
49085431_2812,49085431,COCc1ccc(SCC(=O)NC2CCCC2)cc1,2,0.54,1.636949602156344,0.9993813724839322
49088739_2469,49088739,CC(C)OCCS(=O)(=O)N1CCc2ccccc2CC1,2,0.46938775510204084,1.2149156349305954,0.9990084759960316
44508995_3333,44508995,CN(C)S(=O)(=O)CCC[NH+]1CCc2ccccc2CC1,2,0.4583333333333333,1.9769974709140434,0.9988081036764905
171948773_3470,171948773,Cc1ccc(OC[C@]2(O)CC[N@H+](CC3(O)CCN(c4ccccc4C)CC3)CC2)cc1,2,0.3333333333333333,3.574367916149687,0.9984445672740254
171948773_3471,171948773,Cc1ccc(OCC2(O)CCN(CC3(O)CCN(c4ccccc4C)CC3)CC2)cc1,2,0.3472222222222222,4.782000000000238,0.998616004911894
Z224124934_226,Z224124934,Cc1nn(C)c2sc(C(=O)N3CCC(C(=O)[O-])(c4ccccc4)CC3)cc12,2,0.38028169014084506,3.2573740958015924,0.9989666413668786
232832319_3442,232832319,COc1ccc(CN2CC(c3ccncc3)C2)cc1Cn1cccn1,2,0.3387096774193548,1.4383594821878103,0.9988686286154326
232832319_3441,232832319,COc1ccc(C[N@H+]2C[C@H](c3ccncc3)C2)cc1Cn1cccn1,2,0.3384615384615385,1.754022234751329,0.9995485557581877
48613632_324,48613632,Cc1cc(N2CCCCC2)nc(CNC(=O)c2ccccc2Cl)[nH+]1,2,0.36764705882352944,2.488212611494599,0.9976691111608879
48613628_325,48613628,COc1ccccc1C(=O)NCc1nc(C)cc(N2CCCCC2)n1,2,0.36923076923076925,1.605114326145864,0.9984785124926439
48613632_323,48613632,Cc1cc(N2CCCCC2)nc(CNC(=O)c2ccccc2Cl)n1,2,0.36363636363636365,1.328446084717028,0.99877265948959
48613628_326,48613628,COc1ccccc1C(=O)NCc1nc(N2CCCCC2)cc(C)[nH+]1,2,0.37142857142857144,2.5196152484061383,0.9988455743975151
24062566_2056,24062566,Cc1noc(C)c1CC(=O)N1CCc2[nH]c3ccc(Br)cc3c2C1,2,0.4657534246575342,1.676248788218861,0.9992761406702684
LN01297365_532,LN01297365,CCN(c1cc(-c2ccc(C[NH+]3CCOCC3)cc2)cc(C(=O)NCc2c(C)cc(C)[nH]c2=O)c1C)C1CCOCC1,2,0.3153153153153153,5.786498509461584,0.9989045607028505
LN01297365_533,LN01297365,CCN(c1cc(-c2ccc(CN3CCOCC3)cc2)cc(C(=O)NCc2c(C)cc(C)[nH]c2=O)c1C)C1CCOCC1,2,0.3153153153153153,5.7766594152678294,0.9980681388485027
48745204_2688,48745204,CS(=O)(=O)N[C@@H]1CCCN(c2nc3ccccc3o2)C1,2,0.37681159420289856,1.7218222904816558,0.9992431090770891
48745204_2689,48745204,CS(=O)(=O)[N-][C@@H]1CCCN(c2nc3ccccc3o2)C1,2,0.35714285714285715,2.008749113254234,0.9990028625915618
48798145_3240,48798145,Fc1ccc(CCNc2ncnc3ncccc23)cc1,2,0.34615384615384615,1.4874777309256217,0.9992538855854867
48798145_3241,48798145,Fc1ccc(CC/[NH+]=c2/nc[nH]c3ncccc23)cc1,2,0.3333333333333333,2.1974883389909237,0.9985205233753283
44447553_1481,44447553,Cn1cnnc1CCn1cc[nH+]c1-c1cc2ccccc2s1,2,0.4696969696969697,2.7314541914520305,0.9992969116929676
44447553_1482,44447553,Cn1cnnc1CCn1ccnc1-c1cc2ccccc2s1,2,0.47692307692307695,1.602322065003857,0.9991735834270483
177495339_2491,177495339,Cc1cnn(CCNC(=O)C2(Cn3cccn3)CC2)c1,2,0.4,1.5915935410773836,0.999489253870604
53800443_3151,53800443,CCc1n[nH]c(N[C@H]2CC[C@H](C(=O)OC)CC2)c1C,2,0.5510204081632653,1.2430052292728198,0.9995491871733599
53800443_3150,53800443,CCc1[nH]nc(N[C@H]2CC[C@H](C(=O)OC)CC2)c1C,2,0.5510204081632653,1.5793938710786288,0.9990217719728095
32138137_2040,32138137,Cc1noc(CC/[NH+]=c2\nc[nH]c3ccccc23)n1,2,0.4716981132075472,1.5043739561686584,0.9991826007227624
32138137_2039,32138137,Cc1noc(CCNc2ncnc3ccccc23)n1,2,0.45098039215686275,1.3883573027144298,0.9994981733046397
1521515_3507,1521515,COc1ccc(-c2nn3c(-c4ccco4)nnc3c3ccccc23)cc1,2,0.3225806451612903,1.233525030147303,0.9990563629706593
13419387_1152,13419387,Cc1sc2nc(C[NH+]3CCCC3)nc(N)c2c1C,2,0.40625,1.7592458611576698,0.9995620697911806
13419387_1153,13419387,Cc1sc2nc(CN3CCCC3)nc(N)c2c1C,2,0.41935483870967744,1.4948615320488396,0.9996730517586051
147155_1141,147155,Cc1cc(CCCC(=O)NC[C@H]2CC[C@H](c3ccc(C(N)=O)c(C)n3)CC2)ccc1F,2,0.527027027027027,2.308528968845543,0.9974467659733968
278832_792,278832,O=C(C(c1ccccc1)c1ccccc1)N1CCOC[C@H](Cc2ccc3cnccc3c2)C1,2,0.43037974683544306,1.5524406590919817,0.9989920657250586
36639987_2307,36639987,Cc1cc(C)n2nc(C)c(C(=O)NCC3CC3)c2n1,2,0.5714285714285714,1.3081674204782971,0.9992109009887483
48217798_3349,48217798,CN(Cc1ccc(C(=O)[O-])cc1)C(=O)c1ccnn1C,2,0.39655172413793105,2.1705391035408637,0.9982642286546024
49127244_3217,49127244,NS(=O)(=O)N1CCN(Cc2c(F)cccc2N2CCCC2)CC1,2,0.58,1.8459412233329107,0.9984877229593522
49127244_3218,49127244,NS(=O)(=O)N1CC[NH+](Cc2c(F)cccc2N2CCCC2)CC1,2,0.5636363636363636,1.8610781821300433,0.9981978181494284
222599_1372,222599,c1cc2cc[nH]c2c(C[C@H]2C[N@H+](C3CCCC3)C2)n1,2,0.35185185185185186,1.9420355300559842,0.9987655103224504
222599_1373,222599,c1cc2cc[nH+]c(C[C@H]3C[N@H+](C4CCCC4)C3)c2[nH]1,2,0.30357142857142855,3.074174360702403,0.9987319830677119
49064514_3130,49064514,C[C@H]1CC[C@@](O)(CSc2nnnn2C2CC2)CC1,2,0.5306122448979592,1.858146926376188,0.9988672564284061
49008924_3184,49008924,CN(CC1CCC1)C(=O)C1CCN(c2ccc3nncn3n2)CC1,2,0.546875,1.799353217131019,0.9985547227498976
1527294_1255,1527294,COc1ccc(CNc2[nH+]cc(-c3ccc4c(c3)OCO4)n2C)c(OC)c1,2,0.47619047619047616,2.641861843473439,0.9980634317951712
316875519_3477,316875519,Cn1c(-c2n[nH]c3c2CCCC3)nnc1N1CC[C@]2(CNC(=O)C2)C1,2,0.26666666666666666,1.7284646366065093,0.9987565844059176
316875519_3478,316875519,Cn1c(-c2[nH]nc3c2CCCC3)nnc1N1CC[C@]2(CNC(=O)C2)C1,2,0.26666666666666666,1.874187824098767,0.9986552260716537
152525_467,152525,CN(C)c1cccc(C(=O)N2CCC[C@H](c3cccc(-c4cccs4)[nH+]3)C2)c1,2,0.47368421052631576,1.999049774267747,0.9990022743266291
152525_466,152525,CN(C)c1cccc(C(=O)N2CCC[C@H](c3cccc(-c4cccs4)n3)C2)c1,2,0.44594594594594594,2.194522271475251,0.9976153573508402
49081113_3132,49081113,CC(C)(C)c1cnc(CN2CCC(=O)Nc3cc(F)ccc32)o1,2,0.576271186440678,0.9683222604071855,0.9993535546300988
30151586_3714,30151586,Cc1ccc(Nc2nc(N(C)c3ccc4c(C)n(C)nc4c3)cc[nH+]2)cc1S(N)(=O)=O,2,0.4235294117647059,2.485382264361447,0.9985477210980654
30151586_3713,30151586,Cc1ccc(Nc2nccc(N(C)c3ccc4c(C)n(C)nc4c3)n2)cc1S(N)(=O)=O,2,0.4166666666666667,2.6428198954904056,0.9992711604133616
145071_505,145071,COc1ccccc1CNC(=O)c1cnc(C2CCN(C(=O)C(C)(C)C)CC2)nc1C,2,0.41333333333333333,2.0886110217076443,0.9989256333280738
222782402_3075,222782402,O=C(C1CC1)N1CCC(C[N-]S(=O)(=O)N2CCCCCC2)CC1,2,0.4642857142857143,3.2125578594010236,0.9953034400874025
222782402_3074,222782402,O=C(C1CC1)N1CCC(CNS(=O)(=O)N2CCCCCC2)CC1,2,0.4642857142857143,1.5583988578032768,0.9992740188549643
42968116_2140,42968116,Cc1ncc(C(=O)Nc2ncnc3oc(C)c(C)c23)s1,2,0.3382352941176471,3.177295548104241,0.9995730211109867
233395_970,233395,Cn1ccc(C[N@H+]2CC[C@H](c3cnccn3)CC2)n1,2,0.5384615384615384,2.0405442901339534,0.9991938694288529
53750832_3377,53750832,COc1cccc(Cc2nc(=O)c3c4c(sc3[nH]2)CSCC4)c1,2,0.35384615384615387,1.3196275989835338,0.9995155836186072
53750832_3378,53750832,COc1cccc(Cc2nc3sc4c(c3c(=O)[nH]2)CCSC4)c1,2,0.359375,1.970022588702463,0.9998151106276977
414840_2613,414840,Cc1cc(C(=O)N2CCC(C(=O)c3ccnn3C)CC2)sc1C,2,0.3188405797101449,1.5038380896891024,0.9990274893204591
2332052_2101,2332052,O=C1c2cccc3cccc(c23)C(=O)N1CCN1CCOCC1,2,0.3389830508474576,1.763347952050192,0.9992606818371436
2332052_2102,2332052,O=C1c2cccc3cccc(c23)C(=O)N1CC[NH+]1CCOCC1,2,0.3387096774193548,1.936518525602189,0.9993632744975224
43371947_3662,43371947,CS(=O)(=O)N1CCc2c(cccc2NC(=O)c2ccc(F)cc2)C1,2,0.5,1.3651670227481394,0.9975547735369947
32378112_1328,32378112,O=C(NCC1=CCCN(Cc2cc(F)ccc2Cl)C1)c1ccco1,2,0.42105263157894735,1.9404396409063311,0.9979213093590327
32378112_1327,32378112,O=C(NCC1=CCC[N@@H+](Cc2cc(F)ccc2Cl)C1)c1ccco1,2,0.4266666666666667,2.749606517303969,0.9986476472052427
31930262_219,31930262,Cc1cc(C[N@@H+](C)Cc2cscn2)no1,2,0.3157894736842105,1.1523935959559017,0.9997492210584767
31930262_220,31930262,Cc1cc(CN(C)Cc2cscn2)no1,2,0.36538461538461536,0.6426608748005511,0.99970853342153
24880306_3482,24880306,CC(C)(C)c1ccc([C@@H](O)CN2CCC(O)(c3ccc4c(c3)OCO4)CC2)cc1,2,0.2835820895522388,3.7673027486520207,0.9979170561889751
24880306_3481,24880306,CC(C)(C)c1ccc([C@@H](O)C[N@H+]2CC[C@@](O)(c3ccc4c(c3)OCO4)CC2)cc1,2,0.2876712328767123,7.713587038466581,0.977477280386259
13482608_3052,13482608,COc1ccc2cc(C(=O)NCc3nnc4n3CCCCC4)ccc2c1,2,0.484375,1.9114981035826875,0.9990726163461284
36466247_522,36466247,CCOc1ncccc1-c1cc(Cl)ccc1O,2,0.43137254901960786,1.2585722069072656,0.9986639103049064
36466247_523,36466247,CCOc1ncccc1-c1cc(Cl)ccc1[O-],2,0.43137254901960786,1.9286531569981866,0.9974861495477717
23673158_1115,23673158,O=C(c1ccc(=O)[nH]c1)N1CCN(c2ncccn2)CC1,2,0.42592592592592593,1.4596239241665871,0.9987714188870156
23673158_1116,23673158,O=C(c1ccc([O-])nc1)N1CCN(c2ncccn2)CC1,2,0.4339622641509434,2.187327136027035,0.9980593118294719
53751990_2928,53751990,Cc1ccc(F)cc1S(=O)(=O)[N-]c1ccc(C(=O)N2CCCC2)cc1,2,0.5,2.024371260416523,0.9953547637660024
53751990_2929,53751990,Cc1ccc(F)cc1S(=O)(=O)Nc1ccc(C(=O)N2CCCC2)cc1,2,0.5,1.8290049207151329,0.9986671783927908
177386071_3326,177386071,CC(C)C(=O)N1CCn2nc(C[NH2+]C3CCc4ccccc4CC3)cc2C1,2,0.3142857142857143,3.152161163392464,0.998947848360151
306110_3431,306110,O=c1c2ccccc2nc2n1CC[N@@H+](Cc1ccc(F)cc1)CC2,3,0.5,1.7154378449831202,0.9996039773459959
306110_3433,306110,O=c1c2ccccc2[nH+]c2n1CCN(Cc1ccc(F)cc1)CC2,3,0.3188405797101449,1.4622725464154147,0.9993790740350051
306110_3432,306110,O=c1c2ccccc2nc2n1CCN(Cc1ccc(F)cc1)CC2,3,0.4918032786885246,1.8977244267807103,0.9987323086289159
177508549_2411,177508549,O=C(CCc1cn[nH]c1)NCCCn1cc(Cl)cn1,3,0.5555555555555556,2.6968464917386012,0.997703846027238
43670748_939,43670748,CC(C)n1ccc(C(=O)N2CCS(=O)(=O)C(C)(C)C2)n1,3,0.2698412698412698,0.767379958038769,0.9996001961731547
48257421_1421,48257421,CCc1nnc(Oc2cccnc2)c(C#N)c1CC,3,0.46,1.684266902839463,0.998923446493726
290036652_3123,290036652,COc1cccc(C)c1C(=O)N(C)CCCn1cccn1,3,0.5344827586206896,1.7458436356100224,0.9971756666321903
24126665_356,24126665,Clc1ccc2c(Oc3cccnc3)ncnc2c1,3,0.3389830508474576,2.062403209850139,0.9971768736419143
106928257_175,106928257,O=C(Nc1nc2cc(C(F)(F)F)cc(NC3CC3)n2n1)c1cccnc1,3,0.3333333333333333,2.3430081092475494,0.999330366948574
106928257_174,106928257,O=C(Nc1nn2c(NC3CC3)cc(C(F)(F)F)cc2[nH+]1)c1cccnc1,3,0.3283582089552239,2.8874443717584386,0.9995427741314927
31409108_1353,31409108,NCc1cccnc1OCc1ccccc1,3,0.3333333333333333,0.7377689340163461,0.9992298169107733
31409108_1352,31409108,[NH3+]Cc1cccnc1OCc1ccccc1,3,0.30434782608695654,1.7461861298269639,0.9979462812482146
31929526_71,31929526,O=C1CN(c2ccc(Nc3nccc(C(F)(F)F)n3)cn2)CCN1,3,0.2903225806451613,2.3380451236020474,0.9975139004397227
31929526_72,31929526,O=C1CN(c2ccc(Nc3nccc(C(F)(F)F)n3)c[nH+]2)CCN1,3,0.28125,2.489670460121284,0.9982510820863759
1553084_882,1553084,O=C(Nc1ccc(S(=O)(=O)/N=c2/cc[nH]n2-c2ccccc2)cc1)c1ccco1,3,0.2894736842105263,2.9275076430295335,0.9980034756042215
1553084_883,1553084,O=C(Nc1ccc(S(=O)(=O)Nc2ccnn2-c2ccccc2)cc1)c1ccco1,3,0.3194444444444444,2.718790723832376,0.9983524013217111
30448845_1304,30448845,CC1(C)Cc2cc(CN3CCC4(CC3)NC(=O)N(Cc3ccccc3)C4=O)ccc2O1,3,0.34782608695652173,2.7130746395923775,0.998787051525869
30448845_1303,30448845,CC1(C)Cc2cc(C[N@H+]3CC[C@]4(CC3)NC(=O)N(Cc3ccccc3)C4=O)ccc2O1,3,0.3380281690140845,3.451752743172821,0.9986584151582351
44051471_3421,44051471,COC(=O)c1cccc2c1CCCN2C(=O)c1ccccc1,3,0.3484848484848485,1.6445351926911511,0.9986833285784501
44051475_2401,44051475,COC(=O)c1cccc2c1CCCN2C(=O)c1ccc(F)cc1F,3,0.37142857142857144,1.618124531672259,0.9990388673896681
49139348_2853,49139348,CC(=O)c1cc(Br)cc(F)c1OCc1ccccn1,3,0.4074074074074074,1.6902760129635637,0.9976373378937251
49134782_2893,49134782,OCCOc1ccccc1OCc1ncc(Cl)cc1Cl,3,0.2909090909090909,1.4692627402881024,0.9988026578125068
75542235_40,75542235,C=CC(=O)Nc1cccc(Oc2nc(Nc3ccc(N4CC[NH+](C)CC4)cc3)nc3ccsc23)c1,3,0.7402597402597403,2.3062458672053823,0.999105551917994
75542235_41,75542235,C=CC(=O)Nc1cccc(Oc2nc(Nc3ccc(N4CCN(C)CC4)cc3)nc3ccsc23)c1,3,0.7534246575342466,3.0529736323790093,0.998795378738471
30438633_1364,30438633,CN1C(=O)COc2ccc(NC(=O)CCN3C(=O)COc4ccc(Cl)cc43)cc21,3,0.5606060606060606,1.5348872922789447,0.9984562772111831
181799_3340,181799,CNCc1cc(N(C)C)nc([C@H]2CCCN2C(=O)CCc2c[nH]c3ccccc23)[nH+]1,3,0.5972222222222222,2.2704726380204194,0.9985322692912635
181799_3339,181799,CNCc1cc(N(C)C)nc([C@H]2CCCN2C(=O)CCc2c[nH]c3ccccc23)n1,3,0.5774647887323944,2.6134199815565635,0.9989254981673564
181799_3338,181799,C[NH2+]Cc1cc(N(C)C)nc([C@H]2CCCN2C(=O)CCc2c[nH]c3ccccc23)n1,3,0.5857142857142857,2.360090464367401,0.9990398474321998
31507466_3193,31507466,Cc1cc(-c2nncc3c(C(C)(C)C)c(OCc4ncnn4C)nn23)no1,3,0.4025974025974026,2.284611564358879,0.9994204586646742
31507466_3194,31507466,Cc1cc(-c2nncc3c(C(C)(C)C)c(OCc4[nH+]cnn4C)nn23)no1,3,0.4177215189873418,3.370736418054729,0.9992940528039119
137015_287,137015,CCCn1cc(C(=O)N2CCC(c3n[nH]cc3C(=O)N(C)Cc3ccccc3)CC2)cn1,3,0.6818181818181818,2.9508053138080594,0.9986370006886126
137015_286,137015,CCCn1cc(C(=O)N2CCC(c3[nH]ncc3C(=O)N(C)Cc3ccccc3)CC2)cn1,3,0.6617647058823529,2.9473511836899413,0.9986921511587822
49159718_946,49159718,CS(=O)(=O)CCc1[nH+]c(C2(c3ccccc3)CC2)nn1-c1ccccc1,3,0.35384615384615387,1.6976460172837824,0.9979222473124968
49159718_945,49159718,CS(=O)(=O)CCc1nc(C2(c3ccccc3)CC2)nn1-c1ccccc1,3,0.34375,0.9085692048488018,0.9992512696032154
48755678_2079,48755678,Cc1nc(C)c(CNc2cnn(-c3ccccc3)c2)s1,3,0.4117647058823529,1.0356307256934623,0.999457566683764
MCULE-3611790330_135,MCULE-3611790330,CCOc1cc(CC(=O)N[C@@H](CC(C)C)c2ccccc2N2CCCCC2)ccc1C(=O)[O-],3,0.30120481927710846,3.5841261138526583,0.9971263943374237
49336129_806,49336129,COc1ncnc2c1C[N@@H+](Cc1c[nH]nc1-c1ccc(F)cc1)CC2,3,0.35714285714285715,1.7085470435421037,0.9992734105425474
49336129_807,49336129,COc1ncnc2c1C[N@@H+](Cc1cn[nH]c1-c1ccc(F)cc1)CC2,3,0.3472222222222222,1.6843731771795973,0.9991737181339134
49336129_808,49336129,COc1ncnc2c1CN(Cc1c[nH]nc1-c1ccc(F)cc1)CC2,3,0.352112676056338,1.820529593278186,0.9988121733215458
49336129_809,49336129,COc1ncnc2c1CN(Cc1cn[nH]c1-c1ccc(F)cc1)CC2,3,0.3424657534246575,1.8952530174094955,0.9990018674664288
49038326_2303,49038326,O=C(Nc1ccc(COC2CCCC2)cc1)N1CCC(CO)CC1,3,0.6363636363636364,2.5654512273672947,0.9984364399134228
31413696_2038,31413696,Cc1csc(Nc2ccc(C#N)cc2)n1,3,0.3469387755102041,1.5013610491816622,0.9994089829646573
222778471_2843,222778471,Cc1n[nH]c(C)c1CCCN(C)c1cncc(C(=O)N(C)C)n1,3,0.4745762711864407,2.23313725507481,0.9987737978881397
44507857_25,44507857,CCCc1cc(N2CCc3c([nH+]c(C4CC4)n3C)C2)n2nc[nH+]c2n1,3,0.7540983606557377,0.3984783557502768,0.999935432261087
44507857_21,44507857,CCCc1cc(N2CCc3c(nc(C4CC4)n3C)C2)n2ncnc2n1,3,0.7213114754098361,0.23989997915653272,0.9999747761352216
44507857_22,44507857,CCCc1cc(N2CCc3c(nc(C4CC4)n3C)C2)n2nc[nH+]c2n1,3,0.7258064516129032,0.4229373476053999,0.9999381283806721
44507857_24,44507857,CCCc1c/c(=[N+]2\CCc3c(nc(C4CC4)n3C)C2)n2ncnc2[nH]1,3,0.734375,0.28253141418563676,0.9999826845132113
44507857_23,44507857,CCCc1cc(N2CCc3c([nH+]c(C4CC4)n3C)C2)n2ncnc2n1,3,0.7540983606557377,0.19403607911781934,0.9999818352663044
43140484_1164,43140484,CCOC(=O)c1cccnc1-c1cccc2ccnn12,3,0.41379310344827586,1.1565863564817211,0.9996131321815588
17074465_2122,17074465,CCn1ncc(-c2cc(C(F)F)nc(NCCCOC)n2)c1C,3,0.35714285714285715,1.9300121761280238,0.9995238019519502
17074465_2123,17074465,CCn1ncc(-c2cc(C(F)F)nc(NCCCOC)[nH+]2)c1C,3,0.36619718309859156,1.5946046531979294,0.999225021974787
232838302_2413,232838302,Cc1nn(C)c(C)c1-c1cc(C(C)(C)C)[nH+]c(N(C)C)n1,3,0.44642857142857145,2.023255792033994,0.9982373695497672
232838302_2412,232838302,Cc1nn(C)c(C)c1-c1cc(C(C)(C)C)nc(N(C)C)n1,3,0.5833333333333334,1.3214537449336423,0.9994708765021162
53880265_1004,53880265,O=C(NC1CCCC1)N1CCN(c2nccn3nc4c(c23)CCCC4)CC1,3,0.5692307692307692,2.94898389280089,0.9993975336367015
53880265_1005,53880265,O=C(NC1CCCC1)N1CCN(c2[nH+]ccn3nc4c(c23)CCCC4)CC1,3,0.5606060606060606,2.5351863836810855,0.9988774129845904
197945_2011,197945,Cc1cc(Nc2ccccn2)cc([C@@H]2CCCN(CC(=O)Nc3ncc(C)s3)C2)[nH+]1,3,0.6103896103896104,2.654226817738643,0.9994854128338992
197945_2012,197945,Cc1cc(Nc2ccccn2)cc([C@H]2CCCN(CC(=O)Nc3ncc(C)s3)C2)n1,3,0.6052631578947368,2.334293469124891,0.9993700225182286
19996324_3119,19996324,O=C(CSc1ccc2c(c1)OCCO2)NC1CCCC1,3,0.6304347826086957,1.1827865403363762,0.9991168588863727
48247754_742,48247754,Cc1ccc(C(=O)NC2CCN(CC#N)CC2)cc1Br,3,0.31746031746031744,1.0033703204699962,0.9989093383857665
48931495_2292,48931495,Cc1ccc(NC(=O)C[N@@H+](C)C2CCCCC2)cc1S(=O)(=O)N(C)C,3,0.532258064516129,2.4467850334672496,0.9972472652979347
48931495_2293,48931495,Cc1ccc(NC(=O)CN(C)C2CCCCC2)cc1S(=O)(=O)N(C)C,3,0.5423728813559322,2.1746590537368835,0.9984762054435985
25614739_648,25614739,Cc1cc(-c2nnc3ccc4ccccc4n23)n(C)n1,3,0.3448275862068966,1.1258339131506192,0.9994337932213009
24958639_1114,24958639,Cn1cnnc1CNc1ccccc1C#N,3,0.31666666666666665,1.3376662513500381,0.99901326402134
114695027_650,114695027,Clc1ccc(NCc2ccoc2)nn1,3,0.25,1.9405836750832228,0.9989568875406521
18855069_1735,18855069,Cc1nc(COc2ccc(F)cc2)sc1C(=O)N1CCC(C)CC1,3,0.38666666666666666,2.0308256941452183,0.9986889537270103
48277570_1504,48277570,COc1cc[nH+]cc1NCc1ccc2c(c1)OCCO2,3,0.38181818181818183,1.2955180431008761,0.9981182635828447
48277570_1503,48277570,COc1ccncc1NCc1ccc2c(c1)OCCO2,3,0.38181818181818183,1.6060663124540426,0.998763328643918
49948742_2706,49948742,CCOc1cc(N2CCOC3(CCCC3)C2)ncn1,3,0.3382352941176471,0.7752941377306489,0.9993532540078938
708404_3082,708404,Cc1nsc(Nc2ccccc2)c1C#N,3,0.2708333333333333,1.086416586765705,0.9995022235206427
36310332_487,36310332,Cc1ccnc(NC(=O)CN(C)C(=O)c2ccc(Cl)cc2)c1,3,0.49056603773584906,1.8057616121737095,0.9981811072662246
36311460_982,36311460,Cc1ccc(NC(=O)CN(C)C(=O)c2ccccc2F)nc1,3,0.42592592592592593,1.309760283410792,0.9993413895874792
30693076_1095,30693076,O=C(NC1CC1)c1cccnc1Oc1ccccc1,3,0.38181818181818183,0.6773278379043898,0.9994828928707776
Z1169976242_383,Z1169976242,C#CCN1CCC(c2nc(Cc3noc(C)n3)no2)CC1,3,0.3225806451612903,1.4061145045836367,0.9990357308987373
Z1169976242_382,Z1169976242,C#CC[N@H+]1CC[C@H](c2nc(Cc3noc(C)n3)no2)CC1,3,0.38596491228070173,2.019688094731474,0.9993477417747124
24010647_2384,24010647,O=C(c1cc(F)ccc1F)N1CCN(C(=O)C2CC2)CC1,3,0.44,1.6065434945870078,0.9987813409714706
319188_3417,319188,CC(C)CCN1CCc2[nH]c3cc(C4CC4)nn3c(=O)c2C1,3,0.28205128205128205,1.2264986750917748,0.999192638316365
411872_2802,411872,CCCC[N@H+]1CCc2[nH]c3cc(C4CC4)nn3c(=O)c2C1,3,0.2638888888888889,2.092185460229931,0.9995339984017121
411872_2803,411872,CCCCN1CCc2[nH]c3cc(C4CC4)nn3c(=O)c2C1,3,0.2638888888888889,1.2007010452230749,0.9995584607453215
319188_3416,319188,CC(C)CC[N@H+]1CCc2[nH]c3cc(C4CC4)nn3c(=O)c2C1,3,0.2753623188405797,2.451580102709259,0.9990544885184076
29703212_3538,29703212,O=C([O-])c1ccc(-c2c[nH]c3ncc(-c4ccccc4)cc23)cc1C1CCCC1,3,0.33783783783783783,2.8023780972597105,0.99835075392561
301065487_861,301065487,CCCN(Cc1ccccc1)C(=O)CC1([NH3+])CCC1,3,0.3392857142857143,2.1808259903074387,0.9979461280882719
11001656_3668,11001656,Cc1ccc(-c2ccc(NC(=O)c3ncoc3-c3ccccc3)cc2)o1,3,0.3787878787878788,1.8177733632112225,0.9992048291784046
44436449_768,44436449,CCn1ccc2cc(C(=O)N3CCN(c4ccc(C)cc4)C(=O)C3)ccc21,3,0.47692307692307695,2.353042286062695,0.9979868423149568
409118_2431,409118,Cn1cc(CN2CCc3nc4ccccc4c(=O)n3CC2)cn1,3,0.4,1.9693887376541266,0.9996116597840022
409118_2430,409118,Cn1cc(C[N@H+]2CCc3nc4ccccc4c(=O)n3CC2)cn1,3,0.4032258064516129,1.6768413759203575,0.9991046076905568
33363767_1741,33363767,COc1ccc(C)cc1-n1ccc(C(=O)Nc2c3c(nn2C)CCC3)n1,3,0.6101694915254238,2.0619432581911723,0.9996403728389179
207921_670,207921,Cc1nc(=O)cc(C2CCN(c3cnccn3)CC2)[nH]1,3,0.46153846153846156,1.6753417561795498,0.9993478717692862
49084049_2810,49084049,Cc1cc(C(=O)NCC2CCC3(CC2)OCCO3)n[nH]1,3,0.36507936507936506,1.945155777823174,0.9985606782203538
24883050_1411,24883050,COc1ccc(C2([NH2+]Cc3cccc4ncccc34)CC2)cc1,3,0.4098360655737705,1.2622638392983463,0.9985409477093766
53808457_2866,53808457,COc1cc(C[N@H+]2CC[C@H](C(=O)N3CCOCC3)CC2)ccc1C,3,0.5263157894736842,1.76164582138385,0.9990538715641913
32071082_477,32071082,Cc1cccc(NC(=O)c2cccnc2N2CCCCC2)n1,3,0.5,1.6141152375221692,0.9992109009887483
32071082_478,32071082,Cc1cccc(NC(=O)c2cccnc2N2CCCCC2)[nH+]1,3,0.49056603773584906,1.583996843430879,0.9992375290860026
31836142_715,31836142,Cc1ccc(C(=O)Nc2ccccc2-c2ccccc2)o1,3,0.46808510638297873,1.2531400560187542,0.9994643334881237
2199776_2541,2199776,O=C(NCc1cccs1)c1cccnc1,3,0.5208333333333334,1.1628938042658257,0.9996139787787199
43881453_3089,43881453,Cc1cccc(NC(=O)CN(C)Cc2nc3ccccc3c(=O)[nH]2)c1C,3,0.35714285714285715,2.051316894095051,0.998969751511505
43964901_3398,43964901,Cc1cccc(NC(=O)CN(C)Cc2nc3ccc(Cl)cc3c(=O)[nH]2)c1C,3,0.30666666666666664,2.003809621695897,0.9991448607293504
43964901_3397,43964901,Cc1cccc(NC(=O)CN(C)Cc2nc(=O)c3cc(Cl)ccc3[nH]2)c1C,3,0.30666666666666664,1.5378215110992537,0.998991645836824
43881453_3088,43881453,Cc1cccc(NC(=O)CN(C)Cc2nc(=O)c3ccccc3[nH]2)c1C,3,0.35714285714285715,1.6921651810622518,0.9995800633344744
35690264_1426,35690264,O=C(Nc1ccc(N2CCOCC2)nc1)N1CCc2sccc2C1,3,0.43283582089552236,2.602715697113505,0.9975246203251491
35690264_1427,35690264,O=C(Nc1ccc(N2CCOCC2)[nH+]c1)N1CCc2sccc2C1,3,0.4090909090909091,2.6968972913331464,0.998972948418007
3409017_591,3409017,O=C(NCCc1ccc2c(c1)OCCO2)c1ccc2ccccc2n1,3,0.4406779661016949,1.596462965433259,0.9988874258994457
36008838_1798,36008838,CCCCCCNc1nc[nH+]c2[nH]ccc12,3,0.30357142857142855,4.402125736505043,0.9968349012565831
36008838_1797,36008838,CCCCCCNc1[nH+]cnc2[nH]ccc12,3,0.3142857142857143,3.960779847454356,0.9974653871294883
36008838_1796,36008838,CCCCCCNc1ncnc2[nH]ccc12,3,0.2982456140350877,3.8562508995131575,0.9987084174926647
MCULE-6181763916_1962,MCULE-6181763916,Cc1noc(OCC(=O)N2CCCCCC2)n1,3,0.3888888888888889,1.1695469208200984,0.9994514954876745
1557197_2221,1557197,Cc1cccc(-n2c(CNc3ccc(F)cc3)n[nH+]c2[S-])c1,3,0.4,1.7499222839885873,0.9988140972946604
3301248_3592,3301248,Cc1cnc(NC(=O)c2cc(S(=O)(=O)N(C)C)ccc2N2CCCC2)s1,3,0.3287671232876712,2.464876670342566,0.9988853706048235
29954871_2756,29954871,c1ccc(OCC[NH+]2CCN(c3ncccn3)CC2)cc1,3,0.42857142857142855,1.5471480213605182,0.9991153317652125
29954871_2757,29954871,c1ccc(OCCN2CCN(c3ncccn3)CC2)cc1,3,0.41509433962264153,1.3919561774713838,0.998794995138726
33365153_727,33365153,O=C(c1cc(-c2cccc(Cl)c2)on1)N1CCC(n2cccc2)CC1,3,0.4225352112676056,2.014320977401405,0.9987084372817578
44699501_1557,44699501,OCCCCCn1cc(-c2ccccc2-c2ccco2)nn1,3,0.3333333333333333,1.422023206561657,0.9990082914173901
33324457_337,33324457,CC(C)(C)c1cc(NC(=O)c2cccc3cn[nH]c23)[nH]n1,3,0.30303030303030304,3.2319156857819893,0.9985279686582657
33324457_336,33324457,CC(C)(C)c1cc(NC(=O)c2cccc3cn[nH]c23)n[nH]1,3,0.3220338983050847,3.374227911685783,0.998650776393333
1527294_1255,1527294,COc1ccc(CNc2[nH+]cc(-c3ccc4c(c3)OCO4)n2C)c(OC)c1,3,0.45588235294117646,2.641861843473439,0.9980634317951712
75983310_825,75983310,CC(C)c1nc2c(n1C)CCN(C(=O)c1cccc(C(F)(F)F)c1F)C2,3,0.38235294117647056,2.052890157801937,0.99883936278994
75983310_826,75983310,CC(C)c1[nH+]c2c(n1C)CCN(C(=O)c1cccc(C(F)(F)F)c1F)C2,3,0.391304347826087,1.7267637360104293,0.9981634544356242
2344317_734,2344317,Fc1ccccc1CN1CCN(c2ncccn2)CC1,3,0.45652173913043476,1.5135474885185203,0.9988524488438149
2344317_735,2344317,Fc1ccccc1C[NH+]1CCN(c2ncccn2)CC1,3,0.4791666666666667,1.5730886815436285,0.9992485939134338
2343643_1193,2343643,Fc1cccc(CN2CCN(c3ncccn3)CC2)c1,3,0.46808510638297873,1.6765452573671729,0.9983108123528243
2343643_1192,2343643,Fc1cccc(C[NH+]2CCN(c3ncccn3)CC2)c1,3,0.4897959183673469,1.4511474769987764,0.99969193312572
45736550_903,45736550,Cc1ccc(C(=O)C(=O)NC2CCCC2)cc1,3,0.5897435897435898,1.6126871984362292,0.9989545050704853
49933864_1398,49933864,CN(C)C(=O)OCC[N@H+]1CC[C@H](c2c[nH]c3ncccc32)CC1,3,0.43478260869565216,2.730877148463259,0.9980008619862386
49933864_1399,49933864,CN(C)C(=O)OCCN1CCC(c2c[nH]c3ncccc23)CC1,3,0.5,2.490966479100219,0.9996609723857828
46088801_138,46088801,COCCc1noc(CN2CC(c3ccccc3)(c3ccccc3)CCC2=O)n1,3,0.3888888888888889,2.216380608108652,0.9981623205937205
31341416_263,31341416,CCc1[nH+]c2ccccc2n1CC(=O)N1CCNC(=O)C1,3,0.4307692307692308,1.84653567525766,0.9990405993472686
31341416_262,31341416,CCc1nc2ccccc2n1CC(=O)N1CCNC(=O)C1,3,0.4375,1.1557785254969926,0.9995680590673284
197589_1683,197589,Nc1nc(-c2ccccc2)nc2nc([C@@H]3CCC[N@H+](CC(=O)N4CCCC4)C3)ccc12,3,0.5757575757575758,2.6170231179721437,0.9981317803266994
197589_1684,197589,Nc1nc(-c2ccccc2)[nH+]c2nc([C@H]3CCCN(CC(=O)N4CCCC4)C3)ccc12,3,0.5217391304347826,1.9414646532966864,0.9982398410837527
197589_1682,197589,Nc1nc(-c2ccccc2)nc2nc([C@H]3CCCN(CC(=O)N4CCCC4)C3)ccc12,3,0.5555555555555556,2.512691982714955,0.9991014069696034
33297195_347,33297195,NC(=O)COc1ccccc1-c1ccccc1,3,0.40476190476190477,1.8548458156946224,0.9948745191025523
68918136_2600,68918136,CCOCCNC(=O)c1cccc(-c2cc(F)ccc2OC)c1,3,0.4782608695652174,1.59609429546013,0.9988472387655111
36467131_507,36467131,CCOc1ccc(-c2ccccc2NC(=O)COC)cc1,3,0.38596491228070173,0.7998274813983333,0.9990884837615815
73007305_2436,73007305,Nc1[nH+]nc(SCCSC2CCCCC2)n1C1CC1,3,0.2459016393442623,2.1925081527784074,0.9971784724481368
53829602_3195,53829602,OCc1nnc(SCCSC2CCCCC2)n1C1CC1,3,0.29850746268656714,2.4602524260731697,0.9975506499082009
73007305_2435,73007305,Nc1nnc(SCCSC2CCCCC2)n1C1CC1,3,0.23529411764705882,3.0065490183930224,0.9973442800952721
49383448_159,49383448,CN1CCN(S(=O)(=O)c2ccc(-c3cnc(N)c(C(=O)Nc4cccnc4)n3)cc2)CC1,3,0.3333333333333333,3.000140830027784,0.9967645487038946
49383448_158,49383448,C[NH+]1CCN(S(=O)(=O)c2ccc(-c3cnc(N)c(C(=O)Nc4cccnc4)n3)cc2)CC1,3,0.32941176470588235,4.906108233620334,0.9955017234859338
49000996_2285,49000996,C[N@@H+](CCNC(=O)NC1CCOCC1)C1CCCC1,3,0.4444444444444444,2.234307051414371,0.9972865778564702
31981926_1139,31981926,CC(=O)NCC1CCN(C(=O)c2c[nH+]cn2-c2ccc(F)cc2)CC1,3,0.660377358490566,1.993400361191966,0.9988640557683798
31981926_1138,31981926,CC(=O)NCC1CCN(C(=O)c2cncn2-c2ccc(F)cc2)CC1,3,0.660377358490566,1.453871727491803,0.9991938552573171
48262457_2186,48262457,CC(C)(C)c1nc(NCc2ccncc2)cc[nH+]1,3,0.2982456140350877,1.494238936716504,0.9990182292521508
48262457_2185,48262457,CC(C)(C)c1nccc(NCc2ccncc2)n1,3,0.3333333333333333,1.2440554650015636,0.9996584491662287
49028063_2634,49028063,Cc1nnc2ccc(NCCOC3CCCCCC3)nn12,3,0.3620689655172414,2.22429561884176,0.9978186752692841
49169918_1129,49169918,Cc1ccc(-c2nc(C[NH+]3CCOCC3)n(Cc3ccc(F)cc3)n2)o1,3,0.390625,1.6088094977345808,0.9987766757085926
49169918_1128,49169918,Cc1ccc(-c2nc(CN3CCOCC3)n(Cc3ccc(F)cc3)n2)o1,3,0.4032258064516129,1.4798415455713805,0.9990341060390887
3683577_1926,3683577,COc1cc2c(cc1OC)CN(C(=O)[C@@H]1CCCN(S(=O)(=O)c3cccs3)C1)CC2,3,0.6923076923076923,2.4253614163668558,0.9986215059281167
MCULE-8889700922_1264,MCULE-8889700922,Cc1ccc(C)c(S(=O)(=O)N2CCCN(CCn3cccn3)CC2)c1,3,0.4426229508196721,1.8116191652770477,0.9993896371711466
MCULE-8889700922_1263,MCULE-8889700922,Cc1ccc(C)c(S(=O)(=O)N2CCC[N@H+](CCn3cccn3)CC2)c1,3,0.5,1.7849859943430173,0.9989657796962955
32020284_1767,32020284,Cc1cc(C(=O)Nc2cccc(-c3cnco3)c2)c2c(C)nn(C)c2n1,3,0.39473684210526316,1.7210191747913293,0.9996748989327235
36294663_1608,36294663,CCCN(CC)c1ccc(C(=O)N2CCCN(C(C)=O)CC2)cc1,3,0.36538461538461536,2.185129057973373,0.9993333703929818
267729_1362,267729,CS(=O)(=O)N1CC(c2n[nH]c3ncccc23)C1,3,0.30357142857142855,2.1409126558548808,0.9989980645139792
267729_1363,267729,CS(=O)(=O)N1CC(c2[nH]nc3ncccc23)C1,3,0.2807017543859649,2.076262748305131,0.9993620543367379
153321_957,153321,c1cc(C[N@H+]2CC[C@@H](c3ccn[nH]3)CC2)ccn1,3,0.4230769230769231,1.9935067092939482,0.9995721643259006
153321_958,153321,c1cc(C[N@H+]2CC[C@H](c3cc[nH]n3)CC2)ccn1,3,0.41509433962264153,1.492033846801197,0.9990468594758519
312296_1099,312296,COc1ccc(C(=O)Cn2c(=O)n(-c3ccccc3F)c3nc(C)nc(C(N)=O)c32)cc1,3,0.33783783783783783,2.662132040301748,0.9986802170023853
312262_3669,312262,CCOc1ccc(C(=O)Cn2c(=O)n(-c3ccc(F)cc3)c3nc(C)nc(C(N)=O)c32)cc1,3,0.3888888888888889,2.3867865426132764,0.9990511066120771
27448206_3723,27448206,O=C(Nc1nc2ccccc2[nH]1)c1ccc(-n2cccc2)cc1,3,0.6590909090909091,2.387764854419006,0.9993982260744209
27448206_3724,27448206,O=C(Nc1[nH]c2ccccc2[nH+]1)c1ccc(-n2cccc2)cc1,3,0.6444444444444445,2.9273546078329806,0.9981061562753213
300011391_119,300011391,O=c1[nH]ccc2c(S(=O)(=O)N3CCC[NH2+]CC3)cccc12,3,0.25,1.6342894480476693,0.9975814512071322
300011391_120,300011391,O=c1[nH]ccc2c(S(=O)(=O)N3CCCNCC3)cccc12,3,0.25396825396825395,1.763592923551345,0.9984978346087938
31873876_1020,31873876,O=S(=O)(N1CCOCC1)N1CCN(Cc2ccccc2F)CC1,3,0.43636363636363634,2.4507445807346198,0.9980123054563612
31873876_1021,31873876,O=S(=O)(N1CCOCC1)N1CC[NH+](Cc2ccccc2F)CC1,3,0.43859649122807015,1.624134846618519,0.9974343956975336
43947755_3231,43947755,COc1ccccc1CNc1cn[nH]c(=O)c1Cl,3,0.3559322033898305,2.2459632677317902,0.9983457655408372
43947755_3230,43947755,COc1ccccc1CNc1cnnc([O-])c1Cl,3,0.3389830508474576,2.198173105103462,0.9981001589059648
602991_465,602991,CCOc1ccc(-c2csc(N)n2)cc1,3,0.4090909090909091,0.8659474579903137,0.998940238011321
31854734_3706,31854734,Cc1cc(C)c(-c2csc(CC(N)=O)n2)cc1C,3,0.40384615384615385,1.3204582537888858,0.9991443206166679
31855457_3606,31855457,Cc1ccc(-c2csc(CC(N)=O)n2)cc1C,3,0.4423076923076923,1.5301104535294283,0.99920825842579
42964650_1287,42964650,COCc1nc(-c2cc(F)ccc2F)c(C)s1,3,0.30434782608695654,1.7025988958060554,0.9995111388184508
11868858_2034,11868858,CC(=O)Nc1nc(-c2c(C)cc(C)cc2C)cs1,3,0.58,1.542311901010864,0.9991119592777621
3573849_3589,3573849,COc1ccc(-c2csc(CC(N)=O)n2)cc1,3,0.3888888888888889,2.0172860481350057,0.9984982047857678
1392865_3359,1392865,CCc1sc(N)nc1-c1ccc(OC)cc1,3,0.3181818181818182,0.8226992159957278,0.9991484764631221
18867454_967,18867454,COc1ccc(-c2nc(CC(N)=O)sc2C)cc1,3,0.36764705882352944,1.447094675548457,0.9996824680161406
35715808_989,35715808,CC(C)NC(=O)c1cc(-c2ccccc2)n(-c2ccccn2)n1,3,0.4107142857142857,0.9197592076179862,0.999532087300985
300566847_3142,300566847,CCN(CC)C(=O)c1ccc(C2=CC3(CC[NH2+]CC3)Oc3cccc([O-])c32)cc1,3,0.3114754098360656,3.5424439303961375,0.9972193417273808
300566847_3141,300566847,CCN(CC)C(=O)c1ccc(C2=CC3(CC[NH2+]CC3)Oc3cccc(O)c32)cc1,3,0.31666666666666665,1.5414194756781952,0.9990194424481735
45816980_63,45816980,COc1nn(C)cc1C(=O)Nc1cccc(-c2c[nH+]c3n2CCC3)c1,3,0.35,2.2020479104685418,0.9988718586197326
45688619_755,45688619,COCc1ccccc1CNc1ccc2cc(C#N)ccc2n1,3,0.4098360655737705,0.8027209976076208,0.9992771470250748
45688619_756,45688619,COCc1ccccc1CNc1ccc2cc(C#N)ccc2[nH+]1,3,0.375,1.7042567294866127,0.9985067234524416
33339030_3681,33339030,O=C(Nc1ccc2c3c(cccc13)CC2)c1ccc(-n2cncn2)cc1,3,0.3235294117647059,1.9057801552120504,0.9992260630620716
43104263_675,43104263,CCc1ccc2nc(C)cc(C(=O)N3CC(c4cccnc4)C3)c2c1,3,0.30434782608695654,1.525286858265821,0.9994140712387046
222751269_2889,222751269,COCC1(CNC(=O)c2ccc(-n3cccn3)cc2)CCC1,3,0.4444444444444444,2.091391402870321,0.9990485162009812
49084025_2693,49084025,O=C(NCC1CCC2(CC1)OCCO2)c1n[nH]c2c1CCCC2,3,0.31343283582089554,1.8738209626319982,0.9991964813125724
46034633_349,46034633,Cc1nc(C)c(C)c(NCc2cc(-c3ccc(F)cc3)no2)n1,3,0.3508771929824561,1.3742292385188994,0.9992832808510584
46034633_348,46034633,Cc1nc(NCc2cc(-c3ccc(F)cc3)no2)c(C)c(C)[nH+]1,3,0.3559322033898305,1.35754926245782,0.9990753170201296
232847331_2859,232847331,Cc1nn(CC[N-]S(=O)(=O)N2CCCCC2)c(C)c1C,3,0.7619047619047619,2.816532797607647,0.9973475105107577
232847331_2858,232847331,Cc1nn(CCNS(=O)(=O)N2CCCCC2)c(C)c1C,3,0.7619047619047619,1.1431474095671572,0.9991283191364925
320548501_3656,320548501,CCN(c1ccc(C(C)C)cc1)S(=O)(=O)c1ccccc1,3,0.4339622641509434,1.8397372094948954,0.9992364364083062
93428812_652,93428812,CCS(=O)(=O)Nc1ccc(Oc2ccc(F)cc2F)c(-c2cn(C)c(=O)c3[nH]ccc23)c1,3,0.27848101265822783,2.159722204358726,0.9993236785581661
93428812_653,93428812,CCS(=O)(=O)[N-]c1ccc(Oc2ccc(F)cc2F)c(-c2cn(C)c(=O)c3[nH]ccc23)c1,3,0.23170731707317074,2.850362783927959,0.9992674024972537
49942184_2509,49942184,c1cc(-c2nnc(NCc3cncs3)o2)ccn1,3,0.5098039215686274,2.0081274859925915,0.9998935751176972
49942184_2511,49942184,c1cc(-c2n[nH]/c(=N/Cc3cncs3)o2)ccn1,3,0.5185185185185185,2.105838787752033,0.9998457624999085
49942182_2394,49942182,Cc1ncsc1C/N=c1\[nH]nc(-c2ccncc2)o1,3,0.5357142857142857,1.3248984866786222,0.9998754004443481
49942182_2392,49942182,Cc1ncsc1CNc1nnc(-c2ccncc2)o1,3,0.5185185185185185,1.5014526299563573,0.9998463656827765
49942184_2510,49942184,c1cc(-c2n[nH+]c(NCc3cncs3)o2)ccn1,3,0.5283018867924528,2.7817059513901183,0.9994923418232109
49942182_2393,49942182,Cc1ncsc1CNc1[nH+]nc(-c2ccncc2)o1,3,0.5357142857142857,2.7918565507558513,0.9991541254967757
232862626_2483,232862626,CC(=O)NCCCC(=O)Nc1ccc(Oc2ccccc2Cl)cc1,3,0.3620689655172414,1.945621237548545,0.998045055791181
44014989_206,44014989,Cc1ccc(Oc2ccc(Cl)cc2NC(=O)CN(C)CC(=O)N(C)C)cc1,3,0.3181818181818182,1.4058648583701416,0.9991893373859204
49033160_2346,49033160,O=C(CC/C=C/c1ccccc1)Nc1ccccc1N1CCOC1=O,3,0.47619047619047616,1.761791417847296,0.9994046394674414
416572_2967,416572,COc1ccc(-c2nc(NC(C)C)ncc2-c2[nH]cc[nH+]2)cc1,3,0.296875,1.4949581933954763,0.9993203176726098
416572_2968,416572,COc1ccc(-c2nc(NC(C)C)ncc2-c2ncc[nH]2)cc1,3,0.32786885245901637,2.0444840424912347,0.9987122598504419
310422_3010,310422,COCCN1CCOc2nc3c(C)cccc3cc2C1,3,0.3283582089552239,1.23034588632617,0.9988438715621495
404346_2618,404346,COc1ccc2nc3c(cc2c1)C[NH2+]CCO3,3,0.36507936507936506,1.4692913257759903,0.9982285060776381
289474_2676,289474,Cc1ccc(C)c2nc3c(cc12)CNCCO3,3,0.22388059701492538,1.1444457173667946,0.9984533504409184
289474_2677,289474,Cc1ccc(C)c2nc3c(cc12)C[NH2+]CCO3,3,0.22641509433962265,1.699577300389694,0.9982799668202661
310422_3011,310422,COCC[N@H+]1CCOc2nc3c(C)cccc3cc2C1,3,0.3283582089552239,1.5272455598233536,0.9988944423515185
404346_2617,404346,COc1ccc2nc3c(cc2c1)CNCCO3,3,0.36507936507936506,1.2814523011022982,0.9988153587906182
31863944_1882,31863944,CC(C)Cn1c(=O)[nH]c(=O)c2c1nc1n2CCCCC1,3,0.47058823529411764,2.2760542612153123,0.9993807973281352
31863944_1881,31863944,CC(C)Cn1c(=O)[nH]c(=O)c2c1[nH+]c1n2CCCCC1,3,0.47058823529411764,1.791909316902786,0.9996051152064904
395728_3292,395728,Cc1ccc(-c2cnn3c(=O)cc(Cn4cccn4)[nH]c23)cc1,3,0.373134328358209,2.6521900384401116,0.9991064377664888
309592_2249,309592,[O-]c1cc2c(nn1)-c1cnc(N3CCCC3)nc1CC2,3,0.975,1.9395123098346136,0.9990094573842222
309592_2250,309592,Oc1cc2c(nn1)-c1cnc(N3CCCC3)nc1CC2,3,0.975,1.428856185905295,0.9985266905153823
23966628_396,23966628,Cc1ccc2nc3c(c(C(=O)NCc4nnc5n4CCC5)c2c1)CCCC3,3,0.6212121212121212,1.8431630421637675,0.9990376652590526
49945424_2340,49945424,CCc1cnccc1C(=O)Nc1cnccn1,3,0.39215686274509803,1.393953729505105,0.9993010711253008
178526390_1705,178526390,Cc1cnc(Cl)nc1-c1ccc(N(Cc2ccc(CNC(=O)C(F)F)cc2)C(=O)c2ccc([O-])cc2O)cc1,3,0.2911392405063291,2.1163933944328894,0.9988990285502132
178526390_1704,178526390,Cc1cnc(Cl)nc1-c1ccc(N(Cc2ccc(CNC(=O)C(F)F)cc2)C(=O)c2ccc(O)cc2O)cc1,3,0.2727272727272727,2.773804787651726,0.9971811762700987
178526390_1703,178526390,Cc1cnc(Cl)nc1-c1ccc(N(Cc2ccc(CNC(=O)C(F)F)cc2)C(=O)c2ccc(O)cc2[O-])cc1,3,0.2911392405063291,2.049377954404633,0.998984943276926
48761324_346,48761324,COCC1CCN(c2noc(-c3cccs3)n2)CC1,3,0.31746031746031744,1.809498273002743,0.9982913401921293
46745630_2426,46745630,Cn1nc(CNC(=O)C2CCC2)c2ccccc21,3,0.6153846153846154,0.9663648379378224,0.999551088739225
50347911_2274,50347911,CC(C)n1cnnc1SCOCc1ccccc1,3,0.49019607843137253,1.6394849801080955,0.9982536577838182
139887_1275,139887,COc1cccc(C[N@H+]2CC[C@@](Cc3ccc(-c4cccnc4)cc3)(C(N)=O)CC2)c1,3,0.5915492957746479,1.7794501959872782,0.9993509337435185
139895_550,139895,NC(=O)[C@]1(Cc2ccc(-c3cccnc3)cc2)CC[N@H+](Cc2cccc(Cl)c2)CC1,3,0.5942028985507246,1.033066309585265,0.9994199418663126
232795278_3372,232795278,O=c1c(CO)cc2cc3c(cc2n1Cc1ccccn1)CCC3,3,0.3620689655172414,1.204767612445958,0.9991459408839526
24121594_296,24121594,O=C(NCc1cnn(-c2ccccc2)c1)C1CCC1,3,0.5283018867924528,1.0029077724297575,0.9991804068812987
1527130_907,1527130,COc1cccc(CNc2[nH+]cc(-c3ccccc3)n2C)c1,3,0.3492063492063492,1.0471418242053143,0.9988404974279282
1527152_515,1527152,Cn1c(-c2ccccc2)c[nH+]c1NCc1ccccc1,3,0.35185185185185186,1.731635065479726,0.9981449145013376
29665183_3686,29665183,COc1cccc(-c2nnn(Cc3cc(F)cc4cccnc34)n2)c1,3,0.4067796610169492,1.3197060278712303,0.999048533350325
222077_429,222077,C[C@]1(c2ccn[nH]2)CC[N@H+](Cc2ccco2)CC1,3,0.3333333333333333,1.962122065520051,0.9992620162113819
222077_430,222077,C[C@]1(c2cc[nH]n2)CC[N@@H+](Cc2ccco2)CC1,3,0.32786885245901637,1.8691013883674719,0.9995238802956512
222077_431,222077,CC1(c2ccn[nH]2)CCN(Cc2ccco2)CC1,3,0.29508196721311475,1.7690146975086096,0.9994557485081308
48314264_1535,48314264,Cc1[nH+]ccn1-c1cncc(N2CCN(CC3CCCC3)C(=O)C2)n1,3,0.29577464788732394,1.6320156249257791,0.9992902225665315
48314264_1534,48314264,Cc1nccn1-c1cncc(N2CCN(CC3CCCC3)C(=O)C2)n1,3,0.2753623188405797,2.1913263107078493,0.9987906125292189
25645386_702,25645386,O=C1CN(C(=O)c2cccc(Oc3cccc(C(F)(F)F)c3)c2)CCN1,3,0.5,1.5690831717917284,0.9966455779870855
35762433_2112,35762433,Cc1nn(C)c(C)c1NC(=O)CN1CCC2(CCCCC2)CC1,3,0.40384615384615385,2.4912286125526606,0.9991965571188534
35762433_2111,35762433,Cc1nn(C)c(C)c1NC(=O)C[NH+]1CCC2(CCCCC2)CC1,3,0.37037037037037035,1.7630357341811795,0.9987119970274516
36640365_3387,36640365,N#Cc1cnc2cc(F)cc(F)c2c1NC1CCN(CC(N)=O)CC1,3,0.3582089552238806,1.5780497457301357,0.9984584255031065
36640365_3389,36640365,N#Cc1c[nH+]c2cc(F)cc(F)c2c1NC1CCN(CC(N)=O)CC1,3,0.36363636363636365,2.7708240651473828,0.9973060474269778
36640365_3388,36640365,N#Cc1cnc2cc(F)cc(F)c2c1N[C@H]1CC[N@H+](CC(N)=O)CC1,3,0.3582089552238806,2.4768473913427447,0.9993420655438789
1464553_888,1464553,Cc1ccc(NC(=O)Cc2c[nH]c3ccccc23)cc1,3,0.43137254901960786,1.1944978024250146,0.9991559200168755
207489_2014,207489,O=C(CCc1ccc(Cl)cc1)N1CCC[C@H](c2n[nH]cc2-c2cccc(F)c2)C1,3,0.6376811594202898,1.9473528185716045,0.9987090056937498
207489_2013,207489,O=C(CCc1ccc(Cl)cc1)N1CCC[C@H](c2[nH]ncc2-c2cccc(F)c2)C1,3,0.6197183098591549,1.7512321376673947,0.9986434937133916
32146291_3631,32146291,Cc1cc(C(=O)NC2CCN(c3nc(-c4cccs4)[nH+]c4ccccc34)CC2)on1,3,0.32051282051282054,2.263544344605313,0.9987057837080051
32146291_3630,32146291,Cc1cc(C(=O)NC2CCN(c3nc(-c4cccs4)nc4ccccc34)CC2)on1,3,0.36486486486486486,2.4549450095684158,0.9995190603389458
27352131_1493,27352131,O=C(CCc1ccco1)Nc1ccccc1OC(F)F,3,0.4307692307692308,1.6294858084682093,0.9991693432641869
2017461_3569,2017461,O=C(Nc1ccccc1)Nc1ccc(OC(F)(F)F)cc1,3,0.421875,1.7601789681731006,0.9969721802465135
258731_3720,258731,COc1cccc(S(=O)(=O)N2CCO[C@@H](c3c(C(N)=O)sc4ncccc34)C2)c1,3,0.28205128205128205,2.555061643092149,0.9986658968328188
82737865_2897,82737865,O=C(c1n[nH]c2c1COCC2)N1CCC2(C=Cc3ccccc32)CC1,3,0.3283582089552239,2.376045243676543,0.9996065941486808
17480068_1003,17480068,O=C1CC2(CCN(C(=O)NCc3ccccc3)CC2)Oc2ccccc21,3,0.5,1.2754614851105668,0.9988570889517395
48250318_2278,48250318,C#CCNC(=O)N(Cc1ccccc1F)C1CCOCC1,3,0.3424657534246575,1.353603339239194,0.9989781904497632
49122070_3346,49122070,Cc1cccc(C)c1C[NH2+]C1(CCO)CCOCC1,3,0.44680851063829785,1.9776498678986296,0.9986874603490736
1360373_1566,1360373,CCOC(=O)Nc1ccc2c(c1)N(C(=O)CN(CC)CC)c1ccccc1CC2,3,0.3188405797101449,1.7762899538082555,0.9980548846828201
1360373_1565,1360373,CCOC(=O)Nc1ccc2c(c1)N(C(=O)C[NH+](CC)CC)c1ccccc1CC2,3,0.352112676056338,1.5836088532210362,0.9987609971344344
53827576_3287,53827576,CCN(CC(N)=O)CC(=O)N1c2ccccc2CCc2ccccc21,3,0.27692307692307694,1.6579511452389541,0.998617809448202
36951097_1521,36951097,c1ccc(-c2ns/c(=[N+]3\CCCN(c4nccs4)CC3)[nH]2)cc1,3,0.36764705882352944,1.6482936631559562,0.9995485557581877
36951097_1520,36951097,c1ccc(-c2nsc(N3CCCN(c4nccs4)CC3)n2)cc1,3,0.46551724137931033,1.587357237675015,0.9988695444448831
222766824_2238,222766824,C[N@H+]1CC[C@](O)(CNC(=O)C2CCCCCC2)CC1,3,0.5333333333333333,1.5335260023873827,0.9992472332075254
49960790_3177,49960790,CC1(C)CCCN1C(=O)c1c(F)cc(C#N)cc1F,3,0.34615384615384615,1.6568596802384739,0.9978515254371719
8296397_289,8296397,[NH3+]Cc1cccc(C(=O)N2CCCC2)c1,3,0.48148148148148145,1.064455729469097,0.9980195554412314
8296397_290,8296397,NCc1cccc(C(=O)N2CCCC2)c1,3,0.48148148148148145,1.2800039062438926,0.9986603806225808
45766450_1952,45766450,COc1ccc(C(=O)N2CCCC2)cc1NC(C)C,3,0.3877551020408163,1.101453585041214,0.9990139307640781
278832_792,278832,O=C(C(c1ccccc1)c1ccccc1)N1CCOC[C@H](Cc2ccc3cnccc3c2)C1,3,0.43037974683544306,1.5524406590919817,0.9989920657250586
43283831_2722,43283831,O=C(NC[C@]1(O)CC[N@@H+](Cc2ccsc2)C[C@H]1O)c1c[nH]cn1,3,0.28,4.860298550500892,0.9992630286863357
43283831_2723,43283831,O=C(NC[C@]1(O)CCN(Cc2ccsc2)C[C@H]1O)c1c[nH]cn1,3,0.25,4.660058690617397,0.9983685448115621
49310649_2047,49310649,c1ccc(CCn2cnc3c2CCN(c2ncccn2)C3)cc1,3,0.576271186440678,1.7369939550846423,0.9983937785700301
49310649_2048,49310649,c1ccc(CCn2c[nH+]c3c2CCN(c2ncccn2)C3)cc1,3,0.5737704918032787,1.5004659276370114,0.9987768335857795
30039419_1795,30039419,Nc1ccccc1OCCn1cc[nH+]c1,3,0.45652173913043476,1.9646371166198335,0.9973093711145242
30039419_1794,30039419,Nc1ccccc1OCCn1ccnc1,3,0.4666666666666667,1.3442611353454375,0.99922871535326
36466247_522,36466247,CCOc1ncccc1-c1cc(Cl)ccc1O,3,0.43137254901960786,1.09950079581577,0.9993206382967729
36466247_523,36466247,CCOc1ncccc1-c1cc(Cl)ccc1[O-],3,0.43137254901960786,1.9286531569981866,0.9974861495477717
168323_909,168323,O=C(C[N@@H+]1CCC[C@H](c2cncc(-c3cccc(Cl)c3)n2)C1)N1CCCC1,3,0.8448275862068966,2.197482650671174,0.9986940962533297
168323_908,168323,O=C(CN1CCC[C@@H](c2cncc(-c3cccc(Cl)c3)n2)C1)N1CCCC1,3,0.8363636363636363,2.087060372869222,0.999155874786709
322812_3286,322812,OC1(c2cccnc2F)CCN(Cc2ccc(-c3ccc(F)cc3)o2)CC1,3,0.36507936507936506,1.6415931286404604,0.998984264746793
322812_3285,322812,O[C@]1(c2cccnc2F)CC[N@H+](Cc2ccc(-c3ccc(F)cc3)o2)CC1,3,0.36507936507936506,1.5881656084931413,0.9994716443274215
104336618_2611,104336618,CN1CCCn2c1cc(OCc1cc(F)c(Oc3ccc(C(F)(F)F)nc3)c(F)c1)nc2=O,3,0.5714285714285714,1.3935774108386063,0.9986655956320131
36458355_1992,36458355,CCOC(=O)c1cccnc1-c1ccc2[nH]ccc2c1,3,0.4,1.6964091487613535,0.9989967691928435
36447805_1246,36447805,N#Cc1cccc(-c2ccc3[nH]ccc3c2)n1,3,0.359375,1.6971641052061548,0.9991319888253992
49160264_2063,49160264,CN(C)c1ccc(-c2ccc(COCc3cccs3)cc2)nn1,3,0.3188405797101449,1.9428849682880562,0.9986142064035998
222774912_2564,222774912,Cc1noc(C)c1-c1cc(-c2ccccc2Cl)nc(C2CC2)n1,3,0.3333333333333333,1.342008196696055,0.9992638810106568
44579402_2991,44579402,O=C(Nc1cnc2ccccc2n1)c1ccncc1,3,0.5227272727272727,1.297140316235033,0.9995730211109867
30663852_3198,30663852,O=C(CSc1ccccn1)N1CCSc2ccccc21,3,0.3442622950819672,1.6594191754949488,0.9992305226552768
876432_1632,876432,COc1cc2ncnc(Nc3ccc(F)c(Cl)c3)c2cc1OCCC[NH+]1CCOCC1,3,0.43661971830985913,2.080346365391724,0.9987253042102668
876432_1633,876432,COc1cc2ncnc(Nc3ccc(F)c(Cl)c3)c2cc1OCCCN1CCOCC1,3,0.43661971830985913,2.073009889026346,0.9983327945996688
876432_1634,876432,COc1cc2[nH+]cnc(Nc3ccc(F)c(Cl)c3)c2cc1OCCC[NH+]1CCOCC1,3,0.3707865168539326,1.6738870929663932,0.9987916535185103
1520446_450,1520446,Cc1ccc2nc(-c3ccc(N(C)C)cc3)[nH]c2c1,3,0.425531914893617,1.2946570974582923,0.9989870270741986
1520446_451,1520446,Cc1ccc2[nH]c(-c3ccc(N(C)C)cc3)nc2c1,3,0.4166666666666667,1.263148843168902,0.9992983452894837
1520446_452,1520446,Cc1ccc2[nH]c(-c3ccc(N(C)C)cc3)[nH+]c2c1,3,0.4166666666666667,1.9727234981110766,0.9972160901998183
29780390_1439,29780390,CC(C)Cc1sc(N)nc1-c1ccc(P(=O)([O-])[O-])o1,3,0.22058823529411764,2.319114701777478,0.9986750494142578
29780390_1438,29780390,CC(C)Cc1sc(N)nc1-c1ccc([P@](=O)([O-])O)o1,3,0.2318840579710145,2.8026005780344136,0.9992292872138018
36981448_1765,36981448,Cc1cccc(N(C)C(=O)COC2CCCC2)n1,3,0.3793103448275862,1.3996474556117224,0.9987864666976747
36981448_1766,36981448,Cc1cccc(N(C)C(=O)COC2CCCC2)[nH+]1,3,0.3389830508474576,1.7591091495413924,0.9988547852082635
16223443_3066,16223443,CCOc1ccc(CNC(=O)Cn2ccc3cc(S(=O)(=O)N4CCCC4)ccc32)cc1,3,0.3291139240506329,2.8704828862058402,0.9982574148359191
1548090_3673,1548090,COc1cccc(NC(=O)c2c([O-])n(-c3cccc(OC)c3)n[n+]2C)c1,3,0.3620689655172414,1.6731069900040094,0.9992262083890708
Z102329238_943,Z102329238,Cn1c(CNC(=O)Cc2cccc3ccccc23)nc2ccccc21,3,0.7021276595744681,1.451263242833216,0.9989463925670752
Z102329238_944,Z102329238,Cn1c(CNC(=O)Cc2cccc3ccccc23)[nH+]c2ccccc21,3,0.6875,1.4992851630025987,0.9983907600924921
53815321_2678,53815321,C[N@@H+](CCSc1ccc2nnc(C(F)F)n2n1)Cc1ccccc1,3,0.28125,2.7218804161828083,0.9979402386017728
44466255_3625,44466255,CC(C)c1ccccc1OC(=O)NCCc1ccc2ccccc2c1,3,0.3770491803278688,1.763989795888862,0.9982462331459749
1933590_1904,1933590,C[C@@H]([C@H](O)c1ccc(O)cc1)[N@H+]1CC[C@H](Cc2ccccc2)CC1,3,0.29310344827586204,2.7750014414408284,0.9993756735612653
1933590_1905,1933590,C[C@@H]([C@H](O)c1ccc([O-])cc1)[N@H+]1CC[C@H](Cc2ccccc2)CC1,3,0.288135593220339,1.8755535182979648,0.9978245038441114
320312_2668,320312,CCc1cc(N2CCOCC2)nc(C2CCN(C(=O)C3CC3)CC2)[nH+]1,3,0.3333333333333333,1.8089458256120687,0.9991138766427421
320312_2667,320312,CCc1cc(N2CCOCC2)nc(C2CCN(C(=O)C3CC3)CC2)n1,3,0.3380281690140845,2.0446444678721565,0.9989890058755169
177304918_3057,177304918,COC1(c2nc(Cc3ccccc3)no2)CCN(Cc2ncccc2Cl)CC1,3,0.6666666666666666,1.8260616090372794,0.9994715633950796
177304918_3056,177304918,CO[C@]1(c2nc(Cc3ccccc3)no2)CC[N@@H+](Cc2ncccc2Cl)CC1,3,0.6825396825396826,2.0314494825126577,0.9991968983079667
49972886_2402,49972886,CCc1nc(CNc2ccc(C#N)nc2)cs1,3,0.42592592592592593,1.2905347728760208,0.9996730517586051
32234428_93,32234428,Cc1nnc(-c2ccc3occ(-c4ccc([S@@](C)=O)cc4)c3c2)o1,3,0.30434782608695654,1.1416636982930368,0.9990424366461947
48340662_1496,48340662,CCC[N@H+]1CCCN(c2ncccc2C#N)CC1,3,0.5,2.196865494289569,0.9990526691804389
48303504_1595,48303504,CC(C)c1cccc(CN2C(=O)N(C)C3(CCCCC3)C2=O)n1,3,0.4098360655737705,1.849200367726573,0.9995119503649788
29676702_1883,29676702,O=C1CCCN1C(=O)COc1cccc(-c2nnco2)c1,3,0.3484848484848485,1.442406669424716,0.9987688273151533
45657759_3563,45657759,O=C(Nc1nncs1)c1ccc(N2CCC3(CCCCC3)C2)nc1,3,0.4482758620689655,2.3220079672557956,0.9978734349487831
9760971_753,9760971,O=C(Cn1c(-c2ccc(F)cc2)[nH+]c2ccccc21)N1CCOCC1,3,0.3235294117647059,2.459102071895376,0.9984150788141571
9760971_752,9760971,O=C(Cn1c(-c2ccc(F)cc2)nc2ccccc21)N1CCOCC1,3,0.3235294117647059,1.619198875987891,0.9986050031276048
49863827_60,49863827,Nc1[nH+]cnc2c1c(-c1ccc(Oc3ccccc3)cc1)nn2[C@@H]1CCC[NH2+]C1,3,0.4647887323943662,3.03412722211839,0.9981988630512488
49863827_59,49863827,Nc1ncnc2c1c(-c1ccc(Oc3ccccc3)cc1)nn2[C@@H]1CCC[NH2+]C1,3,0.4492753623188406,2.7035889110588642,0.9988843058873961
31951751_1250,31951751,CC(C)c1csc(NC(=O)C2CCN(c3ncccn3)CC2)n1,3,0.42105263157894735,1.9546521429655581,0.998886003683508
24053614_3247,24053614,Cn1c(=O)n(Cc2cccnc2)c(=O)c2ccc(C(F)(F)F)nc21,3,0.4,1.6664774225888295,0.998790633630047
32176610_1656,32176610,O=c1ncn2nc(Sc3ccc(F)cc3F)ccc2c1-c1c(Cl)cccc1Cl,3,0.23684210526315788,1.8122138394792402,0.9977364340219395
45762658_1087,45762658,CN(Cc1nnc(C2CC2)n1C)C(=O)[C@H]1[C@@H]2C[C@H]3C[C@@H](C2)C[C@@H]1C3,3,0.4230769230769231,2.795676304581785,0.999464509632687
46078321_1285,46078321,Cc1ccc(C)c2c(=O)cc(CN3CC(c4ccccn4)C3)[nH]c12,3,0.3448275862068966,1.2190036915446554,0.9993354384428258
46078321_1286,46078321,Cc1ccc(C)c2c(=O)cc(C[N@H+]3C[C@@H](c4ccccn4)C3)[nH]c12,3,0.31666666666666665,1.7593328280914617,0.9993172238626304
31919176_1885,31919176,Cc1ccc(C(=O)N(C)Cc2c(C)noc2C)cn1,3,0.40625,0.8386864730042018,0.9994934661193969
73004431_3200,73004431,OCCC1(CNc2ncc(Br)cn2)CC1,3,0.4222222222222222,2.074018563079982,0.9992897282085976
49322283_1620,49322283,CC(C)c1nn(C)c(NCc2cccnc2)[nH+]1,3,0.46,1.2613143937974252,0.9986273619397119
3593846_3719,3593846,COc1cc2c(cc1OC)CN(C(=O)[C@@H]1CCCN(C(=O)c3ccc(Cl)cc3)C1)CC2,3,0.7090909090909091,1.7367702784190935,0.9991428992297035
32042022_2691,32042022,Cc1[nH]c(-c2ccccc2)nc(=O)c1C,3,0.3137254901960784,1.3894480918694507,0.9993061239273503
36944794_2503,36944794,c1ccc(NCc2ccc3c(c2)OCCCO3)[nH+]c1,3,0.4489795918367347,0.6503691259578669,0.9994647775764418
36944794_2502,36944794,c1ccc(NCc2ccc3c(c2)OCCCO3)nc1,3,0.44,1.401154880803546,0.9988327810633181
11850006_1388,11850006,C[N@H+]1CC[C@@H](NC(=O)COc2ccc(C#N)cc2)CC1,3,0.4716981132075472,1.9137013873643676,0.9988535538050108
50132153_1269,50132153,CCc1ccc(S(=O)(=O)[N-]Cc2ccnc(N3CCCC3)n2)cc1,3,0.31746031746031744,2.417994003301074,0.9974251374153345
50132153_1268,50132153,CCc1ccc(S(=O)(=O)NCc2ccnc(N3CCCC3)n2)cc1,3,0.31746031746031744,1.6391107345143017,0.9992036360829776
15279096_490,15279096,Cc1cc(C)c(C#N)c(N2CCN(CC(=O)Nc3ccccc3Cl)CC2)n1,3,0.46153846153846156,1.3310687435291813,0.9990431281952032
15279096_491,15279096,Cc1cc(C)c(C#N)c(N2CCN(CC(=O)Nc3ccccc3Cl)CC2)[nH+]1,3,0.453125,1.8450403789617222,0.9992961577672981
25000139_551,25000139,CN(CC(=O)Nc1cccc(F)c1)C(=O)c1cccc(C#N)c1,3,0.5882352941176471,1.3228960654565542,0.9993392076162717
53815325_2389,53815325,C[N@H+](CCSc1ccc2nnnn2n1)Cc1ccccc1,3,0.3333333333333333,2.107575621419017,0.9982961430209499
1548060_3613,1548060,O=C(Nc1ccccc1)c1c([O-])n(-c2ccccc2)n[n+]1Cc1ccccc1,3,0.3448275862068966,4.7085206806383315,0.9905981830963894
1548054_3532,1548054,Cc1ccc(NC(=O)c2c([O-])n(-c3ccc(C)cc3)n[n+]2Cc2ccccc2)cc1,3,0.36065573770491804,2.154930625333345,0.9981571273250712
31412633_1247,31412633,Cc1ccc(-c2noc3nc(C)cc(C(=O)[O-])c23)cc1,3,0.41379310344827586,1.984168087637819,0.9980014448356114
152833_1706,152833,CC(=O)Nc1cnn(C[C@H]2CC[N@@H+](C)CC2)c1,3,0.36065573770491804,1.7761444198036753,0.9992696489900658
300003450_97,300003450,O=S(=O)(c1cccc2cnccc12)N1CCCNCC1,3,0.4426229508196721,1.1742448637316287,0.9991806360328441
300003450_96,300003450,O=S(=O)(c1cccc2cnccc12)N1CCC[NH2+]CC1,3,0.4666666666666667,1.5514973412805586,0.9981737765569565
23673158_1115,23673158,O=C(c1ccc(=O)[nH]c1)N1CCN(c2ncccn2)CC1,3,0.42592592592592593,1.4596239241665871,0.9987714188870156
23673158_1116,23673158,O=C(c1ccc([O-])nc1)N1CCN(c2ncccn2)CC1,3,0.43859649122807015,2.301215982910187,0.9980593118294719
2877070_276,2877070,COc1ccc(C)cc1NC(=O)CN1CCc2ccccc2C1,3,0.4142857142857143,1.2585034763555742,0.9984471164241802
2877070_277,2877070,COc1ccc(C)cc1NC(=O)C[N@H+]1CCc2ccccc2C1,3,0.4027777777777778,1.6116296100533423,0.9989340960913934
43249211_1149,43249211,O=C([O-])c1ccccc1-n1cnc(CN2CCCC2)c1,3,0.3125,1.6018454981670676,0.9991819192313884
43249211_1148,43249211,O=C([O-])c1ccccc1-n1cnc(C[NH+]2CCCC2)c1,3,0.4528301886792453,1.859452607623912,0.9979024039821776
877450_1653,877450,O[C@@](Cn1cncn1)(Cn1c[nH+]cn1)c1ccc(F)cc1F,3,0.31666666666666665,3.51867233484447,0.9986109051975954
877450_1652,877450,OC(Cn1cncn1)(Cn1cncn1)c1ccc(F)cc1F,3,0.37254901960784315,2.088920534630278,0.9993980912013664
181787_2565,181787,C[NH2+]Cc1cc(N(C)C)nc([C@@H]2CCCN2C(=O)COC)n1,3,0.7419354838709677,1.9846881367105942,0.9988183417100427
181787_2567,181787,CNCc1cc(N(C)C)nc([C@@H]2CCCN2C(=O)COC)[nH+]1,3,0.75,1.8026810588670157,0.9976437740751426
181787_2566,181787,CNCc1cc(N(C)C)nc([C@H]2CCCN2C(=O)COC)n1,3,0.7419354838709677,1.4790608506755423,0.998740643747568
206931104_442,206931104,C[NH+](C)CCOc1ccc(-c2[nH]c(-c3ccc4c(c3)CC/C4=N\[O-])c(-c3ccncc3)[nH+]2)cc1,3,0.4025974025974026,3.959111642780145,0.9987440156430046
206931104_444,206931104,C[NH+](C)CCOc1ccc(-c2nc(-c3cc[nH+]cc3)c(-c3ccc4c(c3)CC/C4=N\[O-])[nH]2)cc1,3,0.44,2.688280491318375,0.9984630963209492
206931104_443,206931104,C[NH+](C)CCOc1ccc(-c2nc(-c3ccncc3)c(-c3ccc4c(c3)CC/C4=N\[O-])[nH]2)cc1,3,0.4266666666666667,3.0847111696236142,0.9988296865777546
49424084_194,49424084,C=CC(=O)Nc1cccc(Nc2nc(Nc3ccc(Oc4ccnc(C(=O)NC)c4)cc3)ncc2F)c1,3,0.676056338028169,2.7588423296732145,0.9991479878880756
1536313_2018,1536313,C(=C/c1ccccc1)\C[NH2+]Cc1ccc2c(c1)OCO2,3,0.5106382978723404,1.3188385041389745,0.9979636747643301
902055_2518,902055,CCC[C@@H]1C[C@@H](C(=O)N[C@@H]([C@H]2O[C@H](SC)[C@H](O)[C@@H](O)[C@@H]2O)[C@@H](C)O)[N@@H+](C)C1,3,0.17105263157894737,4.741829182921234,0.9986817128553437
902055_2519,902055,CCC[C@@H]1C[C@@H](C(=O)N[C@@H]([C@H]2O[C@H](SC)[C@H](O)[C@@H](O)[C@@H]2O)[C@@H](C)O)N(C)C1,3,0.17567567567567569,5.703897877767488,0.9980517195886138
49344419_2833,49344419,Cc1ccc(OCN2CCCCC2=O)nc1,3,0.375,1.2224148232086065,0.9992230568904369
193725_1517,193725,COc1ccc(NC(=O)CN2CCC(c3cc(-c4cnc(N)nc4)cc(C)[nH+]3)CC2)cc1,3,0.43902439024390244,2.425141026827191,0.9979275402586898
193725_1515,193725,COc1ccc(NC(=O)CN2CCC(c3cc(-c4cnc(N)nc4)cc(C)n3)CC2)cc1,3,0.43209876543209874,1.5777566352260786,0.9986393021595514
193725_1516,193725,COc1ccc(NC(=O)C[N@H+]2CC[C@H](c3cc(-c4cnc(N)nc4)cc(C)n3)CC2)cc1,3,0.5,2.2117723662258566,0.998463950160687
193725_1518,193725,COc1ccc(NC(=O)C[N@H+]2CC[C@@H](c3cc(-c4cnc(N)nc4)cc(C)[nH+]3)CC2)cc1,3,0.5061728395061729,3.13100974128163,0.9977932101451473
53744804_2651,53744804,Cc1ncc(C)n2nc([C@@H]3C[C@H]3c3[nH+]c4c5cccnc5ccn4c3C)nc12,3,0.22972972972972974,4.32783976135936,0.9990324883506398
53744804_2652,53744804,Cc1ncc(C)n2nc([C@@H]3C[C@H]3c3[nH+]c4c5cccnc5ccn4c3C)[nH+]c12,3,0.2236842105263158,4.154444607887178,0.9990737951554411
420214_2248,420214,CCCn1ncc(C[N@H+]2CC[C@H](c3cc4cccnc4[nH]3)CC2)c1C,3,0.4177215189873418,3.478743307575594,0.9990765408827403
50550848_2982,50550848,COc1cn(-c2ccc(-n3cccn3)cc2F)nc(-c2ccnn2-c2ccccc2)c1=O,3,0.2916666666666667,1.6447066607762681,0.9988481273918381
43664822_1163,43664822,Cc1nc(CN2C(=O)CN(C3CCCC3)C2=O)nc2ccccc12,3,0.32786885245901637,2.018299284050497,0.9986903923483602
4851238_2382,4851238,O=C([O-])c1csc(Cc2ccc(Cl)cc2)n1,3,0.3673469387755102,1.492442628713086,0.9984338726278108
16159378_362,16159378,O=C(Cn1c(=O)c2cccn2c2ccccc21)NCCC[NH+]1CCCC1,3,0.46875,3.1639173503740263,0.9990157742504
413444_1053,413444,OC1CCN(c2ncc(-c3cnccn3)c(-c3cccs3)n2)CC1,3,0.296875,2.1823129931334173,0.999489253870604
2566233_157,2566233,CC1(C)CC(=O)C2=C(C1)NC(=O)C[C@@H]2c1ccc(Br)cc1,3,0.23376623376623376,0.985520167221523,0.9989494399881272
6892467_600,6892467,COc1cc(CNc2nnn[nH]2)cc(Br)c1OCc1ccc(Cl)cc1,3,0.3333333333333333,2.9679597369236763,0.9906480181081839
6892467_599,6892467,COc1cc(CNc2nnn[n-]2)cc(Br)c1OCc1ccc(Cl)cc1,3,0.3333333333333333,1.9789375937607727,0.9970466782838039
43470233_2914,43470233,N#Cc1ccnc(Nc2ccc(F)cc2)c1,3,0.3709677419354839,1.6028396675902783,0.999864784856483
271693_1829,271693,Cn1cncc1-c1ncccc1C(=O)N1CCCC1,3,0.3442622950819672,1.3653614905951805,0.9996632637689761
271693_1828,271693,Cn1c[nH+]cc1-c1ncccc1C(=O)N1CCCC1,3,0.3382352941176471,1.308935445313757,0.9990788238238337
3473190_3528,3473190,c1ccc(Cc2ccccc2-c2nnc(-c3cccnc3)o2)cc1,3,0.39622641509433965,1.131464979573045,0.9988986671793273
299985775_5,299985775,CC(C)[NH2+]C[C@H](O)COc1cccc2ccccc12,3,0.3090909090909091,1.7796685084589803,0.9971559263314376
1308759_2680,1308759,N#Cc1ccccc1NC(=O)CCc1ccccc1,3,0.44680851063829785,1.9271346605776043,0.9986007965448414
2042658_2044,2042658,O=C(Cc1cccs1)NCc1ccccc1F,3,0.4444444444444444,1.1045908744872546,0.9993520066113892
16760340_2046,16760340,O=C(Nn1c[nH+]c2ccccc21)c1cc(Cl)ccc1F,3,0.41935483870967744,1.0554430349389035,0.9991788565858258
16760340_2045,16760340,O=C(Nn1cnc2ccccc21)c1cc(Cl)ccc1F,3,0.4406779661016949,0.7602308859811979,0.9996432645862657
35741943_1584,35741943,Cc1cc(N(C)C)nc(N(C)Cc2csc(C)n2)n1,3,0.375,1.2231483965570529,0.9988909098183216
35741943_1583,35741943,Cc1cc(N(C)C)nc(N(C)Cc2csc(C)n2)[nH+]1,3,0.34545454545454546,1.511779745862551,0.9994106268952637
299989682_77,299989682,C[N@@H+]1[C@@H]2CC[C@H]1C[C@H](OC(c1ccccc1)c1ccccc1)C2,3,0.2191780821917808,1.4452892444073646,0.9989197860847917
32278068_1769,32278068,Clc1ccc(C2(c3ccc(-c4cn[nH]c4)cc3)CC[NH2+]CC2)cc1,3,0.36065573770491804,1.8688592777411754,0.9974632401635781
31612429_543,31612429,Cc1cccc(-c2ncc(CNCc3ccccc3-n3cccn3)cn2)c1,3,0.323943661971831,1.7086158140437924,0.9989504982382882
31612429_542,31612429,Cc1cccc(-c2ncc(C[NH2+]Cc3ccccc3-n3cccn3)cn2)c1,3,0.3055555555555556,1.9312270710613628,0.9991642234664617
48250662_1784,48250662,O=C(NC1CCCCC1)C1CCN(c2cc[nH+]cc2Cl)CC1,3,0.5714285714285714,2.0114509688283615,0.9979899982542773
48250662_1783,48250662,O=C(NC1CCCCC1)C1CCN(c2ccncc2Cl)CC1,3,0.5818181818181818,1.3367355759460486,0.9988235324517232
43195213_694,43195213,CCc1ccc(-c2[nH+]ccn2Cc2c(C)nn(CC)c2C)o1,3,0.359375,3.6266848498315962,0.9995845013791327
43195213_695,43195213,CCc1ccc(-c2nccn2Cc2c(C)nn(CC)c2C)o1,3,0.3387096774193548,2.2023217294483506,0.9987494850280934
46613610_1731,46613610,CCc1cnc(NCc2ccc(C[NH+]3CCCC3)cc2)[nH+]c1,3,0.3541666666666667,2.2920517009872756,0.9988804193564208
46613610_1730,46613610,CCc1cnc(NCc2ccc(C[NH+]3CCCC3)cc2)nc1,3,0.40476190476190477,2.233215171003639,0.9976878106611522
82713457_3017,82713457,O=C(Cn1nc(Cc2ccccc2)c2ccccc2c1=O)NCCc1c[nH]cn1,3,0.59375,3.052025720730629,0.9972559445358855
82713457_3018,82713457,O=C(Cn1nc(Cc2ccccc2)c2ccccc2c1=O)NCCc1c[nH]c[nH+]1,3,0.6,2.8487660486603006,0.9963202733501263
82713457_3016,82713457,O=C(Cn1nc(Cc2ccccc2)c2ccccc2c1=O)NCCc1cnc[nH]1,3,0.59375,2.6827949977593204,0.9975168319777574
15280962_1779,15280962,Cc1ccc(C)c(OCC(=O)N2CCC(C(=O)Nc3ccccc3)CC2)c1,3,0.4264705882352941,0.997326927341313,0.9992805012858089
48856634_2905,48856634,CCc1c2c(nc3ccc([O-])cc13)-c1cc3c(c(=O)n1C2)COC(=O)[C@]3(O)CC,3,0.6506024096385542,1.5038380896890644,0.9990274893204591
48856634_2904,48856634,CCc1c2c(nc3ccc(O)cc13)-c1cc3c(c(=O)n1C2)COC(=O)[C@]3(O)CC,3,0.6385542168674698,2.2269321947468064,0.9991173437200928
31895184_889,31895184,CC(C)C(=O)N1CCC(Nc2ncnc3ccsc23)CC1,3,0.5370370370370371,1.887759518582712,0.9992612681723649
31895184_890,31895184,CC(C)C(=O)N1CCC(Nc2nc[nH+]c3ccsc23)CC1,3,0.5535714285714286,2.1994131035347357,0.9989330624029954
30000529_1089,30000529,CN(Cc1nc(=[NH2+])c2ccccc2[nH]1)Cc1ccc(F)cc1F,3,0.46153846153846156,1.0363131766019045,0.9992172309166278
30000529_1090,30000529,C[N@H+](Cc1nc(N)c2ccccc2n1)Cc1ccc(F)cc1F,3,0.43137254901960786,1.6495744905889198,0.9985752081963134
30000529_1088,30000529,CN(Cc1nc(N)c2ccccc2n1)Cc1ccc(F)cc1F,3,0.44,1.4032305583901825,0.9978522764193936
13477850_2126,13477850,CCc1nnc(NC(=O)c2ccc3cc(OC)ccc3n2)s1,3,0.4626865671641791,1.0232907700163896,0.9993246644154118
25018171_740,25018171,CN(Cc1ccc2c(c1)OCO2)Cc1ccccc1C#N,3,0.6086956521739131,1.7946715576952454,0.9982070734848154
25018171_739,25018171,C[N@@H+](Cc1ccc2c(c1)OCO2)Cc1ccccc1C#N,3,0.6086956521739131,1.9287143386203185,0.9990131472262774
33360977_2198,33360977,O=C(Nc1nccs1)C1CCN(C(=O)CN2CCc3ccccc32)CC1,3,0.3815789473684211,2.211577265210773,0.9992874774408542
53751990_2928,53751990,Cc1ccc(F)cc1S(=O)(=O)[N-]c1ccc(C(=O)N2CCCC2)cc1,3,0.5,2.024371260416523,0.9953547637660024
53751990_2929,53751990,Cc1ccc(F)cc1S(=O)(=O)Nc1ccc(C(=O)N2CCCC2)cc1,3,0.5,1.4570260807547135,0.9986671783927908
177505100_3064,177505100,CCn1nc(CNC(=O)c2nc(C)c[nH]2)c2ccccc21,3,0.5254237288135594,2.1583252766902126,0.9996430404178313
177505100_3063,177505100,CCn1nc(CNC(=O)c2ncc(C)[nH]2)c2ccccc21,3,0.5254237288135594,2.13114992433619,0.9992734884830079
37153210_3693,37153210,Cc1csc(-c2nnc(Nc3ccc(Oc4ncccc4-c4ccnc(N)n4)cc3)c3ccccc23)c1,3,0.26436781609195403,2.6112837838883136,0.999016051811523
104389046_3567,104389046,Cc1cc(N/C(O)=C/n2nc(C3CC3)ccc2=O)ccc1Cl,3,0.35384615384615387,7.475021337762325,0.969782929986723
104389046_3566,104389046,Cc1cc(NC(=O)Cn2nc(C3CC3)ccc2=O)ccc1Cl,3,0.36923076923076925,1.357022107410141,0.9986792380410004
104388935_709,104388935,CSc1ccc(N/C(O)=C/n2nc(C3CC3)ccc2=O)cc1,3,0.328125,2.593755963848656,0.9982681857162757
104388935_708,104388935,CSc1ccc(NC(=O)Cn2nc(C3CC3)ccc2=O)cc1,3,0.3870967741935484,1.3896571519624368,0.9992075953555661
177388619_2936,177388619,CCc1nc(C)cc(N2CCCC3(CC[NH2+]CC3)CC2)n1,3,0.5094339622641509,2.0442458267047767,0.9981908608760254
177388619_2935,177388619,CCc1nc(N2CCCC3(CC[NH2+]CC3)CC2)cc(C)[nH+]1,3,0.4909090909090909,2.3629716460420087,0.9980183239772789
227979253_1229,227979253,COCCNc1cc(NC(=O)N2CCCc3cc(CN4CCN(C)CC4=O)c(C=O)nc32)[nH+]cc1C#N,3,0.26732673267326734,5.446551018764364,0.9989719168214632
227979253_1228,227979253,COCCNc1cc(NC(=O)N2CCCc3cc(CN4CCN(C)CC4=O)c(C=O)nc32)ncc1C#N,3,0.25742574257425743,5.174514469976732,0.9993169335497852
198935_2128,198935,CCc1nnc(Nc2cccc([C@@H]3CCC[N@H+](CC(=O)N4CCCC4)C3)n2)s1,3,0.5342465753424658,1.8775499993338904,0.9991994539629224
198935_2129,198935,CCc1n[nH]/c(=N\c2cccc([C@H]3CCCN(CC(=O)N4CCCC4)C3)n2)s1,3,0.5072463768115942,2.194809558936691,0.9987868376730162
198935_2127,198935,CCc1nnc(Nc2cccc([C@@H]3CCCN(CC(=O)N4CCCC4)C3)n2)s1,3,0.5142857142857142,2.2927575100738755,0.9992987737656491
140213_1127,140213,C=CCNC(=O)C1(Cc2ccc(-c3ccccc3)cc2)CCN(C(=O)c2cccnc2)CC1,3,0.4507042253521127,2.7618977171503882,0.9983774448437154
324412_2796,324412,c1cc(CNc2ncc(-c3cnccn3)c(C3CC3)n2)ccn1,3,0.673469387755102,1.9589321070416983,0.9995937765920577
324412_2797,324412,c1cc(CNc2ncc(-c3cnccn3)c(C3CC3)[nH+]2)ccn1,3,0.6666666666666666,2.0620732285736216,0.9992911929585735
44435341_988,44435341,O=C(CCCc1ccc(F)cc1)N1CCN(c2ccccc2)C(=O)C1,3,0.36923076923076925,1.4461203269434002,0.9990872812487923
1284751_76,1284751,C[C@@H]1CN(C(=O)CC(c2ccccc2)c2ccccc2)C[C@H](C)O1,3,0.3793103448275862,1.2360509698222089,0.9995170525255455
49969712_3322,49969712,c1cnc(NCc2cnc3ccsc3c2)nc1,3,0.4222222222222222,1.4320331700076754,0.9996274521502274
49969712_3323,49969712,c1cnc(NCc2cnc3ccsc3c2)[nH+]c1,3,0.4716981132075472,1.5043739561686584,0.9994302973338893
31991615_2633,31991615,Cc1noc(C)c1CS(=O)(=O)[C@@H]1CCCc2ccccc21,3,0.39344262295081966,1.1865517266432768,0.9989028212006783
310102_2821,310102,OC1CCN(c2nccc(-c3cccs3)n2)CC1,3,0.3582089552238806,2.049789745315941,0.9978530429482336
29596013_1417,29596013,CN(C)c1cc(CNc2ccc(C#N)cn2)cc[nH+]1,3,0.4230769230769231,1.3933075755200808,0.9994007995330153
29596013_1416,29596013,CN(C)c1cc(CNc2ccc(C#N)cn2)ccn1,3,0.45098039215686275,0.8259128283297029,0.9994587199143158
222761300_2604,222761300,CN(Cc1cnc2ccccc2n1)S(=O)(=O)N1CCCCCC1,3,0.975,1.4826048023664764,0.9989868404139262
43657166_1589,43657166,CC1(C)CCN(C(=O)NCCOc2cccnc2)C1,3,0.3870967741935484,1.656364694141839,0.9992135222684863
150507_619,150507,O=C(CCc1ccccc1)N1CCC(c2cccc(Cc3ccc(F)cc3)[nH+]2)CC1,3,0.5076923076923077,1.7870856163040054,0.9992893996798445
150507_618,150507,O=C(CCc1ccccc1)N1CCC(c2cccc(Cc3ccc(F)cc3)n2)CC1,3,0.5076923076923077,2.2072854369111448,0.9993436937370798
141603_705,141603,CC(C)CC(=O)N1CCC(Cc2cccc(-c3cncnc3)c2)(C(=O)NC(C)C)CC1,3,0.4605263157894737,2.3318355430865645,0.9991426624710863
32048916_1356,32048916,CC(C)(C)c1nc(Cn2nnc3ccccc3c2=O)no1,3,0.4,1.4030124732163702,0.99938531975443
31507610_2158,31507610,Cn1cc(-c2ccc3nnc(C(F)(F)c4ccc5ncccc5c4)n3n2)cn1,3,0.33783783783783783,2.112331886801535,0.9995827429475217
93438708_1957,93438708,Cc1nc(-c2cnn(C)c2-c2ccc(C(F)(F)F)cn2)c2c(N3CCC3)[nH+]cnn12,3,0.2891566265060241,2.9360745903333707,0.9989233833682865
93438708_1956,93438708,Cc1nc(-c2cnn(C)c2-c2ccc(C(F)(F)F)cn2)c2c(N3CCC3)ncnn12,3,0.2962962962962963,2.8588035959123346,0.9992015683988231
93438708_1955,93438708,Cc1[nH+]c(-c2cnn(C)c2-c2ccc(C(F)(F)F)cn2)c2c(N3CCC3)ncnn12,3,0.2962962962962963,1.4948615320488396,0.9992874492775287
50282425_712,50282425,COc1ccc(C(=O)C2CCN(CC(=O)N(Cc3nc(=O)c4c([nH]3)CCOC4)CC3CC3)CC2)cc1,3,0.2808988764044944,3.888524141624874,0.9983569777103652
50282425_713,50282425,COc1ccc(C(=O)[C@H]2CC[N@H+](CC(=O)N(Cc3nc(=O)c4c([nH]3)CCOC4)CC3CC3)CC2)cc1,3,0.28735632183908044,3.915943309089124,0.9979596144774894
LN00194655_3012,LN00194655,C=C1C[C@@H]2[C@H](CC[C@]3(C)C(=O)CC[C@@H]23)[C@@]2(C)C=CC(=O)C=C12,3,0.3142857142857143,5.214259391322868,0.9985607575876932
53805613_3035,53805613,COCCc1nsc(Oc2ccc(C)cc2Br)n1,3,0.27419354838709675,1.1981314619023589,0.9986601363718128
276241705_3299,276241705,Cc1c[nH]c(CNCc2ccccc2CC(C)C)n1,3,0.3333333333333333,2.1843033214279832,0.998261311943533
276241705_3296,276241705,Cc1cnc(C[NH2+]Cc2ccccc2CC(C)C)[nH]1,3,0.5,2.272560890273426,0.9973843534058286
276241705_3300,276241705,Cc1c[nH]c(CNCc2ccccc2CC(C)C)[nH+]1,3,0.3333333333333333,2.3764877445505777,0.9968928240688277
276241705_3298,276241705,Cc1c[nH]c(C[NH2+]Cc2ccccc2CC(C)C)n1,3,0.49019607843137253,2.289156176411032,0.997651737262356
276241705_3297,276241705,Cc1cnc(CNCc2ccccc2CC(C)C)[nH]1,3,0.3392857142857143,1.7639716551016373,0.9981489820782851
11480248_3624,11480248,Cc1nc(Nc2ccc(F)cc2)nc2c1ncn2-c1ccc(F)cc1,3,0.375,1.4682261406202461,0.9993775018952017
265759_3394,265759,Cc1cc(Nc2nnc(C)s2)cc([C@@H]2CN(C(=O)Cc3csc(C)n3)CCO2)[nH+]1,3,0.6,2.2514433148536455,0.9996515915139265
265759_3395,265759,Cc1cc(/N=c2\[nH]nc(C)s2)cc([C@H]2CN(C(=O)Cc3csc(C)n3)CCO2)n1,3,0.620253164556962,2.2752364712260933,0.9995121589469523
265759_3393,265759,Cc1cc(Nc2nnc(C)s2)cc([C@@H]2CN(C(=O)Cc3csc(C)n3)CCO2)n1,3,0.6025641025641025,2.39276409200669,0.9993292570230751
23998049_813,23998049,O=C(Cc1ccc2c(c1)CCC2)Nc1nc2ccccc2o1,3,0.33783783783783783,1.2247081284939243,0.999372698482185
3416569_3657,3416569,Cc1ccc(-c2nc(CN3C(=O)C(=O)N(C4CCCC4)C3=O)cs2)cc1,3,0.42857142857142855,1.5565754077460703,0.9990767698291341
11813013_1974,11813013,C[C@@H](c1nnc(-c2cccs2)o1)N1CCC(n2c(=O)[nH]c3ccccc32)CC1,3,0.44594594594594594,2.053641156579439,0.9992485123303357
11813013_1975,11813013,C[C@@H](c1nnc(-c2cccs2)o1)[N@H+]1CC[C@H](n2c(=O)[nH]c3ccccc32)CC1,3,0.4533333333333333,2.524458951934188,0.9994158897899936
42897127_1954,42897127,O=C(OCc1cc(Cl)ccn1)c1ccc2nc(C(F)F)[nH]c2c1,3,0.26666666666666666,2.7387278068475727,0.997612745847723
42897127_1953,42897127,O=C(OCc1cc(Cl)ccn1)c1ccc2[nH]c(C(F)F)nc2c1,3,0.26666666666666666,2.6345589763755024,0.9976356616426709
184569_721,184569,CNC(=O)c1sc2ncccc2c1[C@H]1CC[C@H](CNC(=O)COc2ccccc2)CC1,3,0.7538461538461538,2.7394448342688222,0.9987376250827006
177285116_1463,177285116,FC(F)(F)COc1ccc(C[N@@H+]2CCc3c(cnn3-c3ccccc3)C2)nn1,3,0.3037974683544304,1.2902631514536704,0.9989447192423732
177285116_1464,177285116,FC(F)(F)COc1ccc(CN2CCc3c(cnn3-c3ccccc3)C2)nn1,3,0.2987012987012987,1.6318118764124143,0.9989675141084228
25041311_3461,25041311,Cc1nnc(-c2ccc(N3CCC(Oc4cc(F)ccc4Cl)CC3)nn2)o1,3,0.43661971830985913,1.9344063688895727,0.9971755057330867
320368312_146,320368312,O=C(Nc1cnccc1-c1ccc(Cl)cc1)c1ccnc(NC(=O)C2CC2)c1,3,0.5789473684210527,1.7095294674265809,0.9989109602984441
49088739_2469,49088739,CC(C)OCCS(=O)(=O)N1CCc2ccccc2CC1,3,0.46938775510204084,1.2149156349305954,0.9988597033894946
44508995_3333,44508995,CN(C)S(=O)(=O)CCC[NH+]1CCc2ccccc2CC1,3,0.4583333333333333,1.9769974709140434,0.9988081036764905
31397472_1231,31397472,O=C(Nc1ccccc1-n1ccnc1)c1ccc(F)cc1,3,0.6122448979591837,1.6351293526816795,0.9992584418540413
31397472_1232,31397472,O=C(Nc1ccccc1-n1cc[nH+]c1)c1ccc(F)cc1,3,0.6122448979591837,2.1438980852644853,0.9985414780225687
43021930_3509,43021930,CCCCOc1ccccc1-c1cc(C(=O)NCc2ccccc2C)[nH]n1,3,0.625,1.738903390070775,0.9987382953257096
43021930_3508,43021930,CCCCOc1ccccc1-c1cc(C(=O)NCc2ccccc2C)n[nH]1,3,0.640625,2.0683435401303343,0.9984628121387732
29566339_377,29566339,N#Cc1ccc(-c2csc(CCN3CCCC3=O)n2)cc1,3,0.5901639344262295,1.883432770236339,0.9978945711737622
31847077_2052,31847077,O=C(NC1CC1)c1cccc2cccnc12,3,0.52,1.497420782545744,0.9995516121031482
48439112_1754,48439112,O=C([O-])c1cccc(N2CCC(Oc3ccc(Cl)cc3)CC2)n1,3,0.3225806451612903,2.0499824389491588,0.9977355509201666
177361869_2807,177361869,Cc1cnc(NCC2(CO)CCCC2)nc1N(C)C,3,0.43859649122807015,1.4369603334815861,0.9991206972827188
177361869_2808,177361869,Cc1cnc(NCC2(CO)CCCC2)[nH+]c1N(C)C,3,0.4482758620689655,2.4787551311088873,0.9981112452903034
48280740_645,48280740,CN(CC1(O)CCCC1)c1ncccn1,3,0.36585365853658536,1.2191874343182676,0.9979404940991169
177361869_2806,177361869,Cc1c[nH+]c(NCC2(CO)CCCC2)nc1N(C)C,3,0.4482758620689655,2.5023560897680706,0.9972472513106675
157723_785,157723,CNC(=O)c1cn(C)nc1C[C@H]1CC[N@H+](Cc2cnc(-c3ccc(OC)cc3)nc2)CC1,3,0.39436619718309857,3.158763049042827,0.9982016515981784
46620326_1349,46620326,CCc1nc(CN2C(=O)COc3ccc(F)cc32)cs1,3,0.3125,1.6405913567977268,0.998530402399533
32148273_724,32148273,CC(C)C(=O)Nc1ncn(Cc2cccnc2)n1,3,0.375,1.0290932902320216,0.9997975164712395
53839672_2342,53839672,CN(C)c1nccc(N2CC[NH+](CCCCCF)CC2)n1,3,0.39655172413793105,0.9935461740662456,0.9991703534988188
53839672_2343,53839672,CN(C)c1nc(N2CCN(CCCCCF)CC2)cc[nH+]1,3,0.3,2.1436580884085643,0.9976850033434218
53839672_2341,53839672,CN(C)c1nc(N2CC[NH+](CCCCCF)CC2)cc[nH+]1,3,0.31746031746031744,3.0423895214123258,0.9933631018397239
48820442_1057,48820442,O=C(Cc1ccc(Cl)c(Cl)c1)N1CC(n2ccnn2)C1,3,0.3728813559322034,1.5519455531685664,0.9966164792847001
82737339_3233,82737339,[NH3+]CCOc1cccc(CC(=O)N2CCC(F)(F)CC2)c1,3,0.625,2.187507028560126,0.9970114141134521
82737339_3234,82737339,NCCOc1cccc(CC(=O)N2CCC(F)(F)CC2)c1,3,0.625,2.06431804720083,0.996832176771711
53750832_3377,53750832,COc1cccc(Cc2nc(=O)c3c4c(sc3[nH]2)CSCC4)c1,3,0.35384615384615387,1.3196275989835338,0.9995155836186072
53750832_3378,53750832,COc1cccc(Cc2nc3sc4c(c3c(=O)[nH]2)CCSC4)c1,3,0.359375,1.970022588702463,0.9998151106276977
321036_1671,321036,COc1ccc(CN2CCc3[nH]c(-c4cccnc4)nc(=O)c3C2)c(C)c1C,3,0.3611111111111111,1.7226090676646568,0.9993819238164704
321036_1670,321036,COc1ccc(C[N@@H+]2CCc3[nH]c(-c4cccnc4)nc(=O)c3C2)c(C)c1C,3,0.4,1.6588224739251107,0.9991126606280452
48764932_2847,48764932,Cc1ncccc1CNc1ccc(CC#N)cc1,3,0.32727272727272727,1.23193912187239,0.9992369463665038
46075643_525,46075643,Cc1nc(N[C@H](c2nccn2C)C2CC2)c2sccc2n1,3,0.2878787878787879,2.2423195579574626,0.9996475123059696
46075643_526,46075643,Cc1nc(N[C@@H](c2[nH+]ccn2C)C2CC2)c2sccc2[nH+]1,3,0.2898550724637681,3.094316564283585,0.9989757374089429
46075643_527,46075643,Cc1nc(N[C@@H](c2[nH+]ccn2C)C2CC2)c2sccc2n1,3,0.26666666666666666,2.8790883973925703,0.9997350712507035
46075643_524,46075643,Cc1nc(N[C@H](c2nccn2C)C2CC2)c2sccc2[nH+]1,3,0.2898550724637681,2.5114700874191795,0.9994007292391962
30400370_238,30400370,O=C(CSc1nc2[nH]c(=O)cc(O)c2s1)c1ccc(-c2ccccc2)cc1,3,0.3076923076923077,3.0430381200373344,0.9929518602054569
30400370_237,30400370,O=C(CSc1nc2[nH]c(=O)cc([O-])c2s1)c1ccc(-c2ccccc2)cc1,3,0.30303030303030304,3.0698941349826976,0.9934686620829288
31935468_2028,31935468,O=C(NCCc1nnc2n1CCC2)c1ccc2c(c1)CCC2,3,0.484375,1.616485694338216,0.9994290472181491
1543632_1817,1543632,CCOc1ccc(C(=O)Nc2cc(C(=O)OC)ccc2N2CCN(C(C)=O)CC2)cc1,3,0.45614035087719296,1.8044162490951121,0.9990419278061182
177465976_3294,177465976,O=C1CN(C(=O)c2ccc(Cl)cn2)CCN1CCc1ccccc1,3,0.5517241379310345,1.5232842807566496,0.9991990581069492
3563624_511,3563624,FC(F)(F)c1nc(Nc2ccc(-n3cnnn3)cc2)c2ccccc2n1,3,0.30158730158730157,1.1421024472438743,0.9995830928227969
48242871_2353,48242871,c1nc(N2CCC3(CCCCC3)C2)c2cn[nH]c2n1,3,0.3333333333333333,2.1217855688071845,0.998981129876853
48242871_2354,48242871,c1nc2[nH]ncc2c(N2CCC3(CCCCC3)C2)[nH+]1,3,0.3508771929824561,3.0483797335634737,0.9987419620850828
49946792_2569,49946792,Cc1nc(C)c(CNc2[nH+]cnn2C)s1,3,0.48936170212765956,1.996732831402367,0.9989744702224496
49946792_2570,49946792,Cc1nc(C)c(CNc2ncnn2C)s1,3,0.4888888888888889,0.980497322790999,0.9996967336949977
49946968_416,49946968,Cc1nn(C)c(NCc2scnc2C)[nH+]1,3,0.6428571428571429,1.8202675627501914,0.9993524106911735
30742732_1061,30742732,Cc1nc(C)c2c(C)c(C(=O)N(C)Cc3ccc(C)o3)sc2n1,3,0.543859649122807,1.83360301046881,0.9987830366166073
408502_1033,408502,Cc1nc(N(C)Cc2ccccc2)c2c([nH+]1)C[N@@H+](Cc1ccccc1)CC2,3,0.4406779661016949,2.874037056128419,0.9969640311898103
408502_1030,408502,Cc1nc2c(c(N(C)Cc3ccccc3)n1)CC[N@@H+](Cc1ccccc1)C2,3,0.4642857142857143,2.026972126103474,0.9986780303045493
408502_1032,408502,Cc1nc(N(C)Cc2ccccc2)c2c([nH+]1)CN(Cc1ccccc1)CC2,3,0.4406779661016949,2.4160475988687353,0.997635957300449
408502_1031,408502,Cc1nc2c(c(N(C)Cc3ccccc3)n1)CCN(Cc1ccccc1)C2,3,0.45614035087719296,1.8129933811242354,0.9992606818371436
323952813_2468,323952813,CC(C)n1cnnc1-c1cccc(N2Cc3ccc(Br)cc3C2=O)n1,3,0.35294117647058826,2.2429636644406257,0.9995552432083468
49939748_3422,49939748,N#Cc1ccc(CNc2cnc3ccccc3c2)o1,3,0.3448275862068966,1.3179787555199216,0.9993794936037967
353922_2718,353922,CC1CCN(C(=O)CCn2ccc3cc[nH+]cc32)CC1,3,0.32786885245901637,1.9315706044563465,0.9982319734507787
353922_2717,353922,CC1CCN(C(=O)CCn2ccc3ccncc32)CC1,3,0.35,1.9582418134640147,0.998302086776538
1317203_794,1317203,COc1ccc(OCC(=O)N2CCN(C)CC2)cc1,3,0.42,1.5216343187506463,0.9989661676516918
1317203_793,1317203,COc1ccc(OCC(=O)N2CC[NH+](C)CC2)cc1,3,0.4230769230769231,1.207139594247601,0.9982419042068208
53804145_2247,53804145,CCc1cc(=O)nc(SCC[NH+]2CCCCC2)[nH]1,3,0.509090909090909,2.188819773302628,0.9989921019204481
60174406_1468,60174406,Cc1cc2c(C(N)=O)cccc2n1-c1nc2c(c(NCc3ccccc3)n1)COCC2,3,0.27380952380952384,2.0889868357655974,0.9992536421903728
60174406_1469,60174406,Cc1cc2c(C(N)=O)cccc2n1-c1nc(NCc2ccccc2)c2c([nH+]1)CCOC2,3,0.25925925925925924,2.599194682973894,0.9983635186485865
43132553_1756,43132553,C(=C1/NC(C(c2ccccc2)c2ccccc2)=NO1)\n1c[nH+]c(C2CC2)n1,3,0.2361111111111111,3.6434723822198793,0.996667129777321
43132553_1755,43132553,C(=C1/NC(C(c2ccccc2)c2ccccc2)=NO1)\n1cnc(C2CC2)n1,3,0.2463768115942029,1.4444382991326274,0.9992676814194821
324071118_88,324071118,Cc1c(C(=O)NCCC[NH+](C)C)sc2ncnc(Nc3ccc(F)cc3OC(C)C)c12,3,0.2608695652173913,3.487971616857071,0.9993070478291155
3301360_696,3301360,COc1ccc(Nc2ncnc3sccc23)c(OC)c1,3,0.4,1.6315176983410136,0.9994791744882667
49972816_1259,49972816,Cc1cccc(NC(=O)CN(C)c2ncccc2F)n1,3,0.375,2.1501132528310016,0.9975041572108766
49972816_1260,49972816,Cc1cccc(NC(=O)CN(C)c2ncccc2F)[nH+]1,3,0.3620689655172414,1.9806307076284346,0.998776237487623
177485348_2597,177485348,O=C(CN1CCCC1=O)NCC1(CO)CCCC1,3,0.4528301886792453,1.2757672201459551,0.9988728409765728
29618437_1331,29618437,Cc1ccc(CCNC(=O)c2ccncc2)o1,3,0.5510204081632653,1.8720713127444593,0.9997127530401397
13331036_357,13331036,CC(C)(C)c1csc(NC(=O)C2CC2)n1,3,0.4897959183673469,0.6438012115554407,0.9996017735331774
31834534_3062,31834534,Cc1ccc(NC(=O)CN2C(=O)CN(C)C2=O)cc1C,3,0.42424242424242425,2.6859419204443014,0.9946816373367815
49149133_726,49149133,CSc1cccc(-c2ccccc2-c2nnc(C)o2)c1,3,0.36363636363636365,1.5006601880505226,0.9983010346615705
31406035_3175,31406035,CN1CCNc2nc3ccccc3nc21,3,0.375,1.3945339723360561,0.9993151843150496
31406035_3176,31406035,CN1CCNc2[nH+]c3ccccc3nc21,3,0.3829787234042553,1.5576796846593421,0.9975986508461588
11480017_203,11480017,COc1ccc(OCC(=O)Nc2cccc(Cl)c2N2CCN(C(C)=O)CC2)cc1,3,0.36065573770491804,1.4196485480568755,0.9994028251343479
11480015_1746,11480015,CC(=O)N1CCN(c2c(Cl)cccc2NC(=O)COc2ccc(C(C)C)cc2)CC1,3,0.3492063492063492,1.8215685548449836,0.9984629099803269
1525474_205,1525474,CCC(=O)N1CCN(c2ccc(Cl)cc2NC(=O)COc2ccccc2)CC1,3,0.36363636363636365,1.9208138899955334,0.9990949654468878
32033566_391,32033566,COc1ccccc1CNC(=O)[C@@H](C)[N@H+]1CCCN(c2ccccc2C#N)CC1,3,0.49333333333333335,2.002368347732297,0.9992157627875816
32033566_390,32033566,COc1ccccc1CNC(=O)[C@H](C)N1CCCN(c2ccccc2C#N)CC1,3,0.4794520547945205,2.0937385223565426,0.9988748030433361
151551_772,151551,Cn1ccc(C(=O)N2CCC[C@H](c3cccc(-c4cccc(Cl)c4)n3)C2)n1,3,0.7049180327868853,1.9198718707247509,0.9980081241369914
151551_773,151551,Cn1ccc(C(=O)N2CCC[C@@H](c3cccc(-c4cccc(Cl)c4)[nH+]3)C2)n1,3,0.7258064516129032,2.253394772337987,0.9986876249868594
150563_316,150563,O=C(c1cccnc1)N1CCC[C@@H](c2cccc(-c3cccc(Cl)c3)n2)C1,3,0.6885245901639344,0.6111644623170573,0.9997010944220354
150563_317,150563,O=C(c1cccnc1)N1CCC[C@H](c2cccc(-c3cccc(Cl)c3)[nH+]2)C1,3,0.7096774193548387,0.7682577692414294,0.999580564763397
49300427_2465,49300427,Cc1nsc(NCc2cncs2)n1,3,0.3404255319148936,1.6959389729586432,0.9997044319011531
49300427_2466,49300427,Cc1ns/c(=N\Cc2cncs2)[nH]1,3,0.32,1.4754843272636935,0.9996989804367019
48754146_2890,48754146,O=c1n(CCn2ccnc2)nnn1-c1cccs1,3,0.43333333333333335,2.5188652206896953,0.9990215606075002
48754146_2891,48754146,O=c1n(CCn2cc[nH+]c2)nnn1-c1cccs1,3,0.4262295081967213,2.513604185229062,0.9989503478159358
18861554_987,18861554,Cc1ccc(F)cc1NC(=O)c1cnc2onc(C(C)C)c2c1,3,0.38571428571428573,1.2787517350909465,0.9995336690133779
49148489_1081,49148489,Fc1ccc(F)c(-c2nc(C3CCOCC3)nn2-c2cccnc2)c1,3,0.48484848484848486,1.4334200361376024,0.9986254025690755
49148489_1082,49148489,Fc1ccc(F)c(-c2[nH+]c(C3CCOCC3)nn2-c2cccnc2)c1,3,0.4925373134328358,1.4632146117366673,0.9991511849923251
89937183_3209,89937183,C[C@@H]1CC(=O)Nc2cccc(-c3ccc4c(c3)c(-c3cnn(C)c3)nn4C)c2N1,3,0.3142857142857143,1.557942874433997,0.9995600849544961
30063543_1220,30063543,O=C(CN1CCc2ccccc21)N1CCC(c2nc3ccccc3[nH]2)CC1,3,0.3968253968253968,1.984545036022815,0.9988683840834625
30063543_1221,30063543,O=C(CN1CCc2ccccc21)N1CCC(c2[nH]c3ccccc3[nH+]2)CC1,3,0.3968253968253968,2.189921459778914,0.9986946903416325
232865232_3373,232865232,COc1cccc(Oc2ccc(NC(=O)CN3CCCCC3=O)cn2)c1,3,0.4461538461538462,1.8409483968869043,0.9989393109585023
11011932_1935,11011932,CN(C)CCN(Cc1ccccc1)C(=O)CCC(=O)Nc1[nH+]cc(-c2ccccc2)n1C,3,0.42105263157894735,2.2890323282994607,0.9980048477561013
11011932_1934,11011932,Cn1c(-c2ccccc2)c[nH+]c1NC(=O)CCC(=O)N(CC[NH+](C)C)Cc1ccccc1,3,0.42857142857142855,2.411001659061976,0.9977023794588523
177444469_2825,177444469,CC(=O)NCc1cc2n(n1)CCN(C1Cc3ccccc3C1)C2,3,0.3333333333333333,1.6959478175934704,0.999382722835345
177475488_3288,177475488,CS(=O)(=O)NCc1cc2n(n1)CC[N@H+](C1Cc3ccccc3C1)C2,3,0.2608695652173913,2.2329861172881684,0.9993002469105735
177475488_3290,177475488,CS(=O)(=O)[N-]Cc1cc2n(n1)CC[N@H+](C1Cc3ccccc3C1)C2,3,0.2571428571428571,3.230416381830508,0.9978816761204933
177475488_3289,177475488,CS(=O)(=O)NCc1cc2n(n1)CCN(C1Cc3ccccc3C1)C2,3,0.27586206896551724,1.1935032467489646,0.9993126852234986
177444469_2824,177444469,CC(=O)NCc1cc2n(n1)CC[N@H+](C1Cc3ccccc3C1)C2,3,0.3181818181818182,1.829724296171142,0.9988356523962743
31981950_836,31981950,CC(=O)NCC1CCN(C(=O)c2ccc(C)nc2)CC1,3,0.47368421052631576,1.3177765364427234,0.9991767749077566
320451104_3302,320451104,CNc1ccc(/C=C/c2ccc(OCCOCCOCCF)nc2)cc1,3,0.2898550724637681,2.1354542842214523,0.9978915309981028
82719667_2512,82719667,CC1=CCN(C(=O)c2cc(C)nc3cc(C)cc(C)c23)CC1,3,0.5344827586206896,1.3169749428140636,0.9995550112082282
531049_2643,531049,COc1cc([C@@H]2c3cc4c(cc3[C@H](O)[C@H]3COC(=O)[C@@H]23)OCO4)cc(OC)c1OC,3,0.2542372881355932,3.1775038945686602,0.9984597312054693
13656111_3047,13656111,COCCNC(=O)c1nnc2n(c1=O)CCN2c1ccccc1,3,0.3561643835616438,1.556240662621779,0.9994706336742302
214735_555,214735,Cc1cc(NC2CCCC2)nc(C2CC[NH2+]CC2)[nH+]1,3,0.37254901960784315,2.4194908555313344,0.9977122279867843
214735_554,214735,Cc1cc(NC2CCCC2)nc(C2CC[NH2+]CC2)n1,3,0.3541666666666667,1.9048761114574815,0.9990634369341089
214735_556,214735,Cc1cc(NC2CCCC2)[nH+]c(C2CC[NH2+]CC2)n1,3,0.37254901960784315,2.345530004071367,0.997632690284018
31844110_1811,31844110,O=C(CN1CCc2ccccc21)N1CCNC1=O,3,0.6,1.2843947991174292,0.9994417759803902
48759758_2484,48759758,COC(C)(C)C(=O)Nc1ccnc(C(C)(C)C)n1,3,0.32075471698113206,1.3993995140774038,0.9991806691279003
50282148_3568,50282148,CS(=O)(=O)c1ccc(-c2nnc(/C=C/c3nnc(-c4ccc(C#N)cc4)o3)n2-c2ccccc2Cl)nc1,3,0.2727272727272727,3.0180795218153005,0.9979106570667662
326092_1751,326092,Fc1cccc(CCNCc2cc(-c3ccccc3)cn3nnnc23)c1,3,0.4461538461538462,0.9111816503860252,0.9992680070499103
326092_1750,326092,Fc1cccc(CC[NH2+]Cc2cc(-c3ccccc3)cn3nnnc23)c1,3,0.4461538461538462,1.525709015507272,0.9982233336808375
48831858_3114,48831858,Cc1ccc(CCC(=O)Nc2nccc3sccc23)o1,3,0.3230769230769231,2.8485956188980266,0.9993917362138479
49924914_2707,49924914,CN(CCn1cnc(C#N)c1C#N)c1ccccc1,3,0.4716981132075472,1.6274003809757231,0.9990875497361134
6670067_3623,6670067,NC(=O)c1ccc(N2CCCCC2)c(NC(=O)c2ncoc2-c2ccc3ccccc3c2)c1,3,0.33766233766233766,2.098972605824084,0.9987030975972314
31881571_897,31881571,CCCC(=O)Nc1ccc(-n2cccn2)nc1,3,0.45614035087719296,1.8217483360771505,0.9995587368938487
38477365_2398,38477365,Cc1ccc(CN)c(-n2cc(Cl)cn2)n1,3,0.2631578947368421,1.9545168200860707,0.9992352917507856
38477365_2397,38477365,Cc1ccc(C[NH3+])c(-n2cc(Cl)cn2)n1,3,0.2631578947368421,2.1619061034194615,0.9985226000659014
49976422_769,49976422,Cn1cc(-c2nnc(NCc3ccc4ccccc4c3)o2)cn1,3,0.4032258064516129,1.3946580225994907,0.9983651889487642
32093544_233,32093544,CC[N@H+]1CC[C@H](CNC(=O)c2cc(C)nc3cc(F)ccc23)CC1,3,0.44776119402985076,1.6619449449365777,0.9991429497218934
48758078_2942,48758078,CCc1nnc(N2CC(N(C)C)C2)c(C#N)c1CC,3,0.5102040816326531,1.9141896457771712,0.9988544095474942
48758078_2941,48758078,CCc1nnc(N2CC([NH+](C)C)C2)c(C#N)c1CC,3,0.5102040816326531,1.936518525602189,0.9980972270334434
36811266_3308,36811266,COc1ccc(C(=O)c2ccc(C)cc2)c(OC)c1,3,0.43859649122807015,2.1380858261538416,0.9990133822831336
33665609_3309,33665609,COc1ccc(C(=O)c2ccc(Cl)cc2)c(OC)c1,3,0.43103448275862066,1.0388281859868231,0.9978651310142859
37153227_2818,37153227,CCc1c([O-])cc(O)c(C(=O)c2ccc(OCC[NH+]3CCOCC3)c(OC)c2)c1CC(=O)N(CCOC)CCOC,3,0.3069306930693069,4.990869964244765,0.9984899548043565
37153227_2820,37153227,CCc1c(O)cc(O)c(C(=O)c2ccc(OCC[NH+]3CCOCC3)c(OC)c2)c1CC(=O)N(CCOC)CCOC,3,0.31313131313131315,3.7833411159980495,0.9980382574636443
37153227_2815,37153227,CCc1c(O)cc([O-])c(C(=O)c2ccc(OCCN3CCOCC3)c(OC)c2)c1CC(=O)N(CCOC)CCOC,3,0.31,4.4199676469407505,0.9984796423387844
37153227_2817,37153227,CCc1c([O-])cc(O)c(C(=O)c2ccc(OCCN3CCOCC3)c(OC)c2)c1CC(=O)N(CCOC)CCOC,3,0.31,4.397783873725352,0.9987524883069294
37153227_2819,37153227,CCc1c(O)cc(O)c(C(=O)c2ccc(OCCN3CCOCC3)c(OC)c2)c1CC(=O)N(CCOC)CCOC,3,0.3163265306122449,3.6154117331225026,0.9979673667480078
37153227_2816,37153227,CCc1c(O)cc([O-])c(C(=O)c2ccc(OCC[NH+]3CCOCC3)c(OC)c2)c1CC(=O)N(CCOC)CCOC,3,0.3069306930693069,4.4084257961317,0.9984579868916228
177386071_3326,177386071,CC(C)C(=O)N1CCn2nc(C[NH2+]C3CCc4ccccc4CC3)cc2C1,3,0.2727272727272727,3.3267350360375243,0.998947848360151
13458787_1323,13458787,Cc1sc(-c2ccccn2)nc1-c1ccc(NC(=O)C(C)C)cc1,3,0.42424242424242425,1.9209729305744878,0.9989051251528633
49973690_2055,49973690,C1CCC(OCc2noc(C3CC3)n2)CC1,3,0.36363636363636365,1.338955189690699,0.999516157275327
LN01341916_2523,LN01341916,[NH3+]C[C@@](O)(c1ccc(Cl)cc1)c1ccc(-c2cn[nH]c2)cc1,3,0.30158730158730157,2.6758600486573316,0.998263342168236
LN01341916_2524,LN01341916,NC[C@@](O)(c1ccc(Cl)cc1)c1ccc(-c2cn[nH]c2)cc1,3,0.30158730158730157,2.407225996869173,0.9987761426181606
110118917_50,110118917,O=C(Nc1cccc(-c2nncn2C2CC2)c1)c1cc(-n2c[nH+]c(C3CC3)c2)ccn1,3,0.37894736842105264,2.1121358857799577,0.9989450988541582
110118917_49,110118917,O=C(Nc1cccc(-c2nncn2C2CC2)c1)c1cc(-n2cnc(C3CC3)c2)ccn1,3,0.37362637362637363,1.9785001895379963,0.998869361872234
232828909_2937,232828909,O=C1CCCN1CCCc1nnc(Cc2c(Cl)cccc2Cl)[nH]1,3,0.5471698113207547,1.717398031907786,0.9991487193872628
82728121_3120,82728121,Cc1cc2nc(CCC(=O)N3CCc4[nH]ncc4C3)[nH]c2cc1C,3,0.47297297297297297,2.315202582928821,0.9991362566207771
82728121_3121,82728121,Cc1cc2nc(CCC(=O)N3CCc4n[nH]cc4C3)[nH]c2cc1C,3,0.4605263157894737,2.1562949705454764,0.9988809339137641
82728121_3122,82728121,Cc1cc2[nH]c(CCC(=O)N3CCc4[nH]ncc4C3)[nH+]c2cc1C,3,0.47368421052631576,2.852417220534239,0.9981394096674105
46038339_2094,46038339,c1cnc(N2CC(c3[nH]c4ccccc4[nH+]3)C2)nc1,3,0.3384615384615385,1.8300150272604694,0.9990576895633365
46038339_2093,46038339,c1cnc(N2CC(c3nc4ccccc4[nH]3)C2)nc1,3,0.3492063492063492,1.5268123656822008,0.9997151679360432
53744933_34,53744933,Nc1n[nH]cc1-c1cc(Cl)ccc1Oc1cc(F)c(S(=O)(=O)Nc2cscn2)cc1Cl,3,0.26506024096385544,4.509841571496616,0.9975989991713734
53744933_35,53744933,Nc1[nH]ncc1-c1cc(Cl)ccc1Oc1cc(F)c(S(=O)(=O)[N-]c2cscn2)cc1Cl,3,0.25882352941176473,4.568940905723543,0.9959213782871662
53744933_33,53744933,Nc1[nH]ncc1-c1cc(Cl)ccc1Oc1cc(F)c(S(=O)(=O)Nc2cscn2)cc1Cl,3,0.2441860465116279,4.419087688652781,0.9978176191090453
313144331_3181,313144331,N#Cc1ccc2[nH]cn/c(=[NH+]/[C@H]3CC[C@@H]([NH+]4CCOCC4)CC3)c2c1,3,0.3448275862068966,2.1111643706731162,0.9977050422231906
313144331_3180,313144331,N#Cc1ccc2ncnc(N[C@H]3CC[C@H]([NH+]4CCOCC4)CC3)c2c1,3,0.43333333333333335,1.5149125387295663,0.9994252057989289
313517655_2582,313517655,CC(C)Cc1nn(C)c(=O)c2c(SCCCO)n(Cc3cccc4ccccc34)cc12,3,0.23255813953488372,2.684395648930881,0.998675282420728
49954362_3216,49954362,N#CCN1CCC(CNC(=O)c2c(F)ccc(F)c2F)CC1,3,0.3442622950819672,1.469340668463173,0.9977589412023746
72972981_2301,72972981,COc1cc(OC)cc(N(CC[NH2+]C(C)C)c2ccc3ncc(-c4cnn(C)c4)nc3c2)c1,3,0.3424657534246575,2.6233398559857752,0.9980357437017701
89942347_3160,89942347,CC(C)(O)Cn1nc(-c2ccccc2)c2c(Cl)c(-c3ccccc3)nnc21,3,0.36363636363636365,1.8545344429264043,0.9988550535072209
33297597_278,33297597,O=C(CCOc1ccccc1)N1CCCC1,3,0.8484848484848485,0.4302313331217896,0.9997206178717483
48759010_658,48759010,Cc1ncccc1CNc1nnc(C(C)(C)C)s1,3,0.3333333333333333,1.3044052284474719,0.9994251553826397
48759010_659,48759010,Cc1ncccc1CNc1[nH+]nc(C(C)(C)C)s1,3,0.32075471698113206,1.0570009460734828,0.9990434404366265
48213727_1420,48213727,c1cnc(-n2cccn2)c(C[NH2+]C2CCCC2)c1,3,0.2727272727272727,1.2553636923223037,0.9993173482883068
902539_1091,902539,CCCCCNC(=[NH2+])N/N=C/c1c[nH]c2ccc(OC)cc12,3,0.24,2.2546975406912586,0.9964792528703811
35709702_1315,35709702,CNC(=O)Cn1ccc2cc(OC)ccc21,3,0.32075471698113206,1.2015252806326826,0.9994551809849136
24027900_392,24027900,CON(C)C(=O)c1cc2ccc(C(C)(C)C)cc2[nH]1,3,0.5660377358490566,1.4302880828698843,0.9992262624083028
902539_1092,902539,CCCCCN/C(N)=N/N=C/c1c[nH]c2ccc(OC)cc12,3,0.24285714285714285,3.0376681846438798,0.9976982755245722
45748880_1660,45748880,CON(C)C(=O)Cc1c(C)[nH]c2ccccc12,3,0.3220338983050847,1.6975656099251417,0.9996213062285535
45748055_1042,45748055,CON(C)C(=O)c1cccc2c(C)c(C)[nH]c12,3,0.39215686274509803,1.4455338114346876,0.9997761604457914
24874030_2025,24874030,COc1ccc(-c2ccc(CN(CC[NH+](C)C)Cc3ccncc3)cc2)cc1,3,0.4576271186440678,2.1286216197343926,0.9994783287190747
24874030_2026,24874030,COc1ccc(-c2ccc(C[N@H+](CC[NH+](C)C)Cc3ccncc3)cc2)cc1,3,0.47368421052631576,2.4524269611955605,0.9990474449383464
24874030_2027,24874030,COc1ccc(-c2ccc(C[N@H+](CCN(C)C)Cc3ccncc3)cc2)cc1,3,0.4576271186440678,1.8123967556802174,0.9996584513970448
37038179_1010,37038179,CC(C)(C)c1ccc(C2=NC3(CC[NH2+]CC3)NC2=O)cc1,3,0.41379310344827586,2.330380011929596,0.9984961604057638
37038179_1011,37038179,CC(C)(C)c1ccc(C2=NC3(CCNCC3)NC2=O)cc1,3,0.42105263157894735,1.705778707804731,0.9987047777274907
36516782_3558,36516782,FC(F)(F)c1ccc(Nc2nc3ccc(Oc4ccnc(-c5nc(C(F)(F)F)c[nH]5)c4)cc3[nH]2)cc1,3,0.23529411764705882,3.7713567850307332,0.9982501268885894
36516782_3556,36516782,FC(F)(F)c1ccc(Nc2[nH]c3cc(Oc4ccnc(-c5nc(C(F)(F)F)c[nH]5)c4)ccc3[nH+]2)cc1,3,0.24,3.9664543360540714,0.9944066652481022
36516782_3559,36516782,FC(F)(F)c1ccc(Nc2[nH]c3cc(Oc4ccnc(-c5ncc(C(F)(F)F)[nH]5)c4)ccc3[nH+]2)cc1,3,0.2465753424657534,3.9674238493009604,0.9933146363107235
36516782_3557,36516782,FC(F)(F)c1ccc(Nc2nc3cc(Oc4ccnc(-c5nc(C(F)(F)F)c[nH]5)c4)ccc3[nH]2)cc1,3,0.23529411764705882,4.326163889636888,0.9980206683601994
36925362_737,36925362,CN(Cc1ccn(-c2ccccc2)n1)C(=O)c1ccc([O-])nc1,3,0.4666666666666667,2.198008871683895,0.9986161402933822
36925362_736,36925362,CN(Cc1ccn(-c2ccccc2)n1)C(=O)c1ccc(=O)[nH]c1,3,0.4230769230769231,1.8646718209915276,0.9988485321478526
45716971_1187,45716971,COc1ccc(CNC(=O)CCCOc2ccc(C(C)=O)cc2)cc1,3,0.43137254901960786,1.8811065892181689,0.9984423454984787
23808246_1749,23808246,Cn1nc(C2CC2)c2nc(-c3cccc(C[NH+]4CCOCC4)c3)[nH]c21,3,0.32432432432432434,2.0996202037510137,0.9986998156061966
23808246_1747,23808246,Cn1nc(C2CC2)c2[nH]c(-c3cccc(C[NH+]4CCOCC4)c3)nc21,3,0.32432432432432434,2.391191962181065,0.9981758158749209
23808246_1748,23808246,Cn1nc(C2CC2)c2[nH]c(-c3cccc(CN4CCOCC4)c3)nc21,3,0.2948717948717949,2.281308177340172,0.9989351003340455
46036273_849,46036273,Cn1nc(-c2cn(Cc3ccc(CO)cc3)nn2)c2c(Cl)cccc21,3,0.3880597014925373,1.4577880504376217,0.9989116834276601
265683_2730,265683,COc1cccc(CC(=O)N2CCO[C@@H](c3cc(Nc4nnc(C)s4)cc(C)[nH+]3)C2)c1,3,0.5647058823529412,1.962140922563959,0.9994821895306572
265683_2731,265683,COc1cccc(CC(=O)N2CCO[C@H](c3cc(/N=c4\[nH]nc(C)s4)cc(C)n3)C2)c1,3,0.5764705882352941,1.3669034347756122,0.9992885484074421
265683_2729,265683,COc1cccc(CC(=O)N2CCO[C@H](c3cc(Nc4nnc(C)s4)cc(C)n3)C2)c1,3,0.5595238095238095,1.22986340704988,0.9992396302974399
73036824_211,73036824,O=C([C@H]1CC[C@@H](O)CC1)N1CCCN(c2ccc(F)cc2)CC1,3,0.4727272727272727,1.7920624989103553,0.9986411981346799
45750904_2061,45750904,Cc1nc(CNC2CCN(C(=O)C3CC3)CC2)cs1,3,0.375,0.7983864978816902,0.9996186005744511
45750904_2060,45750904,Cc1nc(C[NH2+]C2CCN(C(=O)C3CC3)CC2)cs1,3,0.3389830508474576,1.8913180589206684,0.9982999010073843
171789858_2545,171789858,CC(=O)N1CCN([C@H]2CCN(C(=O)c3cc4cc(C)ccc4o3)CC[C@@H]2O)CC1,3,0.7962962962962963,2.878293591696464,0.9986116293459525
171789858_2544,171789858,CC(=O)N1CC[NH+]([C@H]2CCN(C(=O)c3cc4cc(C)ccc4o3)CC[C@@H]2O)CC1,3,0.8,2.850299633371854,0.9995782701162577
171789564_2352,171789564,CC(=O)N1CCN([C@H]2CCN(C(=O)c3cc4cc(Cl)ccc4o3)CC[C@@H]2O)CC1,3,0.6333333333333333,2.611376839906755,0.9989056377737948
171789564_2351,171789564,CC(=O)N1CC[NH+]([C@H]2CCN(C(=O)c3cc4cc(Cl)ccc4o3)CC[C@@H]2O)CC1,3,0.639344262295082,2.5722581518966794,0.9988617135226145
LN00201761_1536,LN00201761,N#Cc1c([O-])c2c(-c3ccc(-c4ccccc4O)cc3)csc2[nH]c1=O,3,0.2982456140350877,1.7195039982511786,0.9990599865006563
LN00201761_1537,LN00201761,N#Cc1c([O-])c2c(-c3ccc(-c4ccccc4[O-])cc3)csc2[nH]c1=O,3,0.3090909090909091,2.84801720500428,0.9982642286546024
44392699_139,44392699,Cc1[nH]nc2c1C1(CCCCC1)CC(=O)N2,3,0.25,1.6130985710734793,0.998866755299107
44392699_140,44392699,Cc1n[nH]c2c1C1(CCCCC1)CC(=O)N2,3,0.23880597014925373,1.7550740725109022,0.9988646377207312
7716996_1234,7716996,O=C(Nc1ccc(C(=O)[O-])c([O-])c1)c1ccc(NC(=O)c2cccs2)cc1,3,0.3888888888888889,5.674805723546807,0.9960945281779325
7716996_1233,7716996,O=C(Nc1ccc(C(=O)[O-])c(O)c1)c1ccc(NC(=O)c2cccs2)cc1,3,0.3888888888888889,3.818885963209317,0.9980810257368044
56769871_497,56769871,O=C(NCc1nnc2c(=O)[nH]ccn12)C1CCCC1,3,0.44642857142857145,2.262909631425806,0.9988615092809064
49316037_3168,49316037,N#Cc1ccc2nc(NCCn3cc[nH+]c3)ccc2c1,3,0.5185185185185185,2.0436188490031655,0.9982140288089683
49316037_3166,49316037,N#Cc1ccc2nc(NCCn3ccnc3)ccc2c1,3,0.5094339622641509,1.48577589158035,0.9994536612302211
49316037_3167,49316037,N#Cc1ccc2[nH+]c(NCCn3ccnc3)ccc2c1,3,0.3898305084745763,2.3136376120731095,0.9990431189079934
181775_2737,181775,C[NH2+]Cc1cc(N(C)C)nc([C@H]2CCCN2C(=O)c2oc3ccc(Cl)cc3c2C)n1,3,0.5897435897435898,2.1730770810073246,0.9989871657312458
181775_2739,181775,CNCc1cc(N(C)C)nc([C@@H]2CCCN2C(=O)c2oc3ccc(Cl)cc3c2C)[nH+]1,3,0.589041095890411,3.222353022249229,0.9984458145124565
181775_2738,181775,CNCc1cc(N(C)C)nc([C@@H]2CCCN2C(=O)c2oc3ccc(Cl)cc3c2C)n1,3,0.5897435897435898,2.3000502168430907,0.9992522830589269
48383292_3271,48383292,CC1(C)[C@@H]2C[C@H]1[C@@]1(O)[C@@H](C2)Oc2c(ccc(O)c2C(=O)NCCNS(C)(=O)=O)[C@@H]1O,3,0.6944444444444444,3.758107901591134,0.9993956707321495
48383292_3272,48383292,CC1(C)[C@@H]2C[C@H]1[C@@]1(O)[C@@H](C2)Oc2c(ccc([O-])c2C(=O)NCC[N-]S(C)(=O)=O)[C@@H]1O,3,0.6756756756756757,3.32701202282155,0.9974761157696737
48383292_3270,48383292,CC1(C)[C@@H]2C[C@H]1[C@@]1(O)[C@@H](C2)Oc2c(ccc([O-])c2C(=O)NCCNS(C)(=O)=O)[C@@H]1O,3,0.7083333333333334,2.7819604598188716,0.9990970040374806
60174709_3529,60174709,Nc1nc(N)c2c(OC[C@H]3CC[N@H+](Cc4c(Cl)cccc4Cl)CC3)cccc2[nH+]1,3,0.3389830508474576,2.4436278358213213,0.9965112154986155
60174709_3530,60174709,Nc1nc(N)c2c(OC[C@H]3CC[N@H+](Cc4c(Cl)cccc4Cl)CC3)cccc2n1,3,0.36363636363636365,2.6633846886996775,0.9959651844438987
60174709_3531,60174709,Nc1nc2cccc(OC[C@H]3CC[N@H+](Cc4c(Cl)cccc4Cl)CC3)c2c(N)[nH+]1,3,0.35294117647058826,2.627701467061951,0.9959650983702129
82702429_3239,82702429,COc1ccc(-c2ccc(Cn3nc(C)cc3C)cn2)cc1,3,0.31746031746031744,2.202236590378222,0.9991540576773018
177470998_3039,177470998,COc1cc(-c2ccc(Cn3nc(C)cc3C)cn2)cc(OC)c1OC,3,0.3230769230769231,1.9300370462766396,0.9988264297970647
48257681_1076,48257681,Cn1cc[nH+]c1CNc1cc(Br)ccc1-n1cccn1,3,0.30434782608695654,2.5814127914771157,0.9990146158058719
48257681_1075,48257681,Cn1ccnc1CNc1cc(Br)ccc1-n1cccn1,3,0.2898550724637681,2.5607397368729554,0.9993590862976337
1324972_1827,1324972,COc1cc2c(cc1NC(C)=O)oc1ccccc12,3,0.3709677419354839,1.3040168710565139,0.9993058363690385
50570563_2842,50570563,CC(C)n1cc(C[N@H+]2CC[C@@H](c3nc(N(C)C)no3)CC2)cn1,3,0.3611111111111111,2.15274290150938,0.9990464498201769
49977918_2909,49977918,CCCn1cc(C[N@H+]2CC[C@H](c3nc(N(C)C)no3)CC2)cn1,3,0.3787878787878788,2.3232632222802274,0.998924736827419
53766760_2724,53766760,Cc1cc(Br)cn(Cc2ccc(C#N)cc2F)c1=O,3,0.45614035087719296,0.6348818787776644,0.9991526600561843
42961554_350,42961554,Cc1cccn(Cc2cccc(F)c2)c1=O,3,0.5714285714285714,1.7776712294459425,0.9986331727857056
42961556_1290,42961556,Cc1cccn(Cc2ccccc2F)c1=O,3,0.4883720930232558,1.5621289959539646,0.9974803512519307
53755274_1062,53755274,Cc1cccn(Cc2cccc(C#N)c2)c1=O,3,0.5333333333333333,1.436357546017113,0.9986303491181965
44529882_1142,44529882,COC1CCN(C(=O)Nc2cc(C(F)(F)F)cc(C(F)(F)F)c2)CC1,3,0.38095238095238093,2.098387237856801,0.9987247544741855
48242285_1586,48242285,CCc1cnc(CN2C(=O)NC3(CCC3)C2=O)o1,3,0.4444444444444444,1.0363758970565486,0.9995792734031463
171818496_3183,171818496,CO[C@@H]1CC[C@@H](N(C)C(=O)COc2c(C)cccc2C)[C@H]1O,3,0.6875,1.3065584564036419,0.9987382119485999
36318534_894,36318534,Cn1ccc2c(C(=O)Nc3ncn(Cc4cccnc4)n3)cccc21,3,0.34328358208955223,2.1645983461147207,0.9995100512727084
324134429_2549,324134429,CC(C)(O)CCn1cc2cc(NC(=O)c3ccn(C(F)F)n3)c(OCC3COC3)cc2n1,3,0.7714285714285715,2.772242594001601,0.9990267002547311
36706256_2092,36706256,Cc1ccc(OCc2noc(-c3ccsc3)n2)cn1,3,0.3898305084745763,1.7390957420454671,0.9998027643082541
30640320_770,30640320,Cc1nn(C)c(C)c1NC(=O)CN1CCN(c2nccs2)CC1,3,0.515625,2.0251873987358455,0.9996048411492848
316949638_3495,316949638,O=C(Nc1ccc(C[NH+]2CCCCC2)cc1)c1ccnc2[nH]cnc12,3,0.43548387096774194,4.279683399505184,0.995160652790049
316949638_3496,316949638,O=C(Nc1ccc(C[NH+]2CCCCC2)cc1)c1ccnc2nc[nH]c12,3,0.42857142857142855,4.454905273964792,0.9938778437109079
11813315_2066,11813315,O=C(NC1CCCCCC1)c1ccc(CSc2[nH]c3ccccc3[nH+]2)cc1,3,0.42857142857142855,2.698451778335321,0.9984433471131678
11813315_2065,11813315,O=C(NC1CCCCCC1)c1ccc(CSc2nc3ccccc3[nH]2)cc1,3,0.42857142857142855,2.5860320957021736,0.9975744021079848
344474_3087,344474,CC(C)N(C(=O)Cn1cccc2cc(-c3ccco3)[nH+]c1-2)C(C)C,3,0.2753623188405797,1.9777158542119229,0.9990217421002336
32083384_2153,32083384,O=C(Nc1ccc2c3c(cccc13)CC2)c1ccnc(-n2cncn2)c1,3,0.4714285714285714,2.066654301038228,0.9995017175587864
44113727_3683,44113727,Cc1ccc(CC(=O)NCc2cccc(C(=O)Nc3ccccc3)c2)cc1,3,0.39285714285714285,1.6282094459863978,0.9982863412247273
48817782_3129,48817782,O=C(Nc1cncc(Cl)c1Cl)c1cccc(-n2cccn2)n1,3,0.40625,3.7949595518266763,0.9983826827370372
415648_3430,415648,CCCOc1c2c(nc3cc(C4CCOCC4)nn13)CCC2,3,0.2638888888888889,2.1312454105520477,0.9991354743000841
48798145_3240,48798145,Fc1ccc(CCNc2ncnc3ncccc23)cc1,3,0.5531914893617021,1.4874777309256217,0.9994952923811065
48798145_3241,48798145,Fc1ccc(CC/[NH+]=c2/nc[nH]c3ncccc23)cc1,3,0.3728813559322034,2.1974883389909237,0.9985205233753283
300481204_1475,300481204,N#Cc1ccccc1N1CCC([NH3+])CC1,3,0.3269230769230769,2.423589280385625,0.9949260966076019
1152113_3617,1152113,COc1ccc(OCc2nn3c(-c4ccc(OC)cc4)nnc3s2)cc1,3,0.3225806451612903,1.4039244993946451,0.9985379023035805
1321458_663,1321458,COc1cc(Br)c(Nc2nc(-c3c(C)nc4ncccn34)cs2)c(Br)c1,3,0.3835616438356164,0.9644806892841947,0.9995835065280766
1321458_662,1321458,COc1cc(Br)c(Nc2nc(-c3c(C)[nH+]c4ncccn34)cs2)c(Br)c1,3,0.4714285714285714,1.7995557785187695,0.9992347666991073
48278518_2108,48278518,Cc1nnnn1CCN(C)c1ccccc1,3,0.45454545454545453,1.9049981627287882,0.9980537726503398
11009421_1782,11009421,COc1ccc(CNC(=O)c2nnn(-c3ccc(OC)cc3)c2N)cc1,3,0.43548387096774194,2.1805655229781076,0.9982193649248843
276231421_2372,276231421,CCc1ccccc1S(=O)(=O)[N-]CCc1cn[nH]c1,3,0.2647058823529412,2.4920415325592056,0.9956045273894636
276231421_2371,276231421,CCc1ccccc1S(=O)(=O)NCCc1cn[nH]c1,3,0.26865671641791045,2.146736593064441,0.9980939318543831
48840184_1592,48840184,Cc1cc(CNc2cc(C(=O)N(C)C)ccn2)sc1Br,3,0.5818181818181818,1.622064733604515,0.9993376622250392
48840184_1593,48840184,Cc1cc(CNc2cc(C(=O)N(C)C)cc[nH+]2)sc1Br,3,0.5818181818181818,2.598360829446093,0.9985670053895024
36568125_1994,36568125,CCC[N@@H+]1CCn2nc(-c3nc4ccc(OC)cc4[nH]3)cc2C1,3,0.2692307692307692,2.136949227286414,0.9990806703388163
36568125_1997,36568125,CCC[N@H+]1CCn2nc(-c3[nH]c4cc(OC)ccc4[nH+]3)cc2C1,3,0.26666666666666666,5.326539871248491,0.9938801846093445
36568125_1998,36568125,CCCN1CCn2nc(-c3[nH]c4cc(OC)ccc4[nH+]3)cc2C1,3,0.28378378378378377,3.4037488156443887,0.9970808933811134
36568125_1996,36568125,CCCN1CCn2nc(-c3nc4ccc(OC)cc4[nH]3)cc2C1,3,0.2777777777777778,1.5814423796015258,0.9990214196375267
36568125_1995,36568125,CCCN1CCn2nc(-c3nc4cc(OC)ccc4[nH]3)cc2C1,3,0.2602739726027397,1.4498944789188528,0.9989760985982479
36568125_1993,36568125,CCC[N@@H+]1CCn2nc(-c3nc4cc(OC)ccc4[nH]3)cc2C1,3,0.2602739726027397,2.1362120681237906,0.9989778188448695
36516873_2681,36516873,COc1cccc(Nc2c(C(N)=O)cnc3c(C)cc(S(=O)(=O)c4cccc(C(=O)N(C)C)c4)cc23)c1,3,0.33766233766233766,1.3906102976745265,0.9992582106587955
36516873_2682,36516873,COc1cccc(Nc2c(C(N)=O)c[nH+]c3c(C)cc(S(=O)(=O)c4cccc(C(=O)N(C)C)c4)cc23)c1,3,0.2875,1.8177266021048817,0.9984388738739525
43081435_1721,43081435,COc1ccc(-c2nc3cc(C)ccc3cc2CN(C)Cc2[nH+]ccn2C)cc1,3,0.39705882352941174,1.9108715289105425,0.9991350902150032
43081435_1720,43081435,COc1ccc(-c2nc3cc(C)ccc3cc2C[N@@H+](C)Cc2nccn2C)cc1,3,0.3287671232876712,1.6740916940241002,0.9986289026669415
43081435_1719,43081435,COc1ccc(-c2nc3cc(C)ccc3cc2CN(C)Cc2nccn2C)cc1,3,0.4057971014492754,1.8814350905629185,0.9997892062534741
43081435_1722,43081435,COc1ccc(-c2[nH+]c3cc(C)ccc3cc2CN(C)Cc2nccn2C)cc1,3,0.39436619718309857,2.2143676298209205,0.9990615213849571
45639971_869,45639971,O=C(COCC1CC1)N1CCCc2ncccc21,3,0.4918032786885246,1.1987022148974573,0.9988691347667578
23280366_2136,23280366,COc1ccc(CC(=O)N2CCc3[nH]c4ccc(Cl)cc4c3C2)cc1OC,3,0.4657534246575342,1.8081755998791722,0.9990572685945076
320420210_1194,320420210,CCN(Cc1ccccc1)C(=O)c1ccc(O)cc1[O-],3,0.5102040816326531,1.9412866867106338,0.997891328998551
320420210_1196,320420210,CCN(Cc1ccccc1)C(=O)c1ccc([O-])cc1O,3,0.5102040816326531,1.665318888381419,0.9990873341646554
320420210_1195,320420210,CCN(Cc1ccccc1)C(=O)c1ccc(O)cc1O,3,0.5319148936170213,1.993367000830711,0.9974796811497604
308044_3031,308044,CCOc1cc(C[N@@H+]2CCc3c(N)nc(N4CCCC4)nc3C2)ccc1OC,3,0.4225352112676056,2.1976821881245874,0.9989596129614954
308044_3030,308044,CCOc1cc(C[N@@H+]2CCc3c(N)nc(N4CCCC4)[nH+]c3C2)ccc1OC,3,0.4383561643835616,2.7521464350572584,0.9987293510484849
308044_3029,308044,CCOc1cc(CN2CCc3c(N)nc(N4CCCC4)[nH+]c3C2)ccc1OC,3,0.4225352112676056,2.283988835349609,0.9988516331498989
308044_3032,308044,CCOc1cc(CN2CCc3c(N)nc(N4CCCC4)nc3C2)ccc1OC,3,0.4057971014492754,2.774741249197871,0.9987048769016731
44048515_3007,44048515,C[NH+](C)CC(C)(C)CNc1cnnc([O-])c1Br,3,0.22413793103448276,1.9434914458264414,0.9988991191835772
44048515_3008,44048515,C[NH+](C)CC(C)(C)CNc1cnnc(O)c1Br,3,0.22413793103448276,2.108199231572045,0.9972338334035932
49945934_1105,49945934,Cc1cnn(/C=C2/NN=C(c3ccccc3)S2)c1,3,0.3333333333333333,1.4550230238732722,0.9996911561676538
177401551_2659,177401551,COc1ccccc1-n1cc(CNC(=O)N(C)Cc2c(C)nn(C)c2C)cn1,3,0.5454545454545454,1.2721080928901716,0.9995419833055165
222782930_2259,222782930,C[N@@H+](CCCC1CCCC1)Cc1cc(=O)[nH]c(=O)[nH]1,3,0.35185185185185186,2.999051350010597,0.9963225215202497
222782930_2260,222782930,CN(CCCC1CCCC1)Cc1cc(=O)[nH]c(=O)[nH]1,3,0.3888888888888889,2.0702801742759958,0.9988561355559086
134495_3675,134495,O=C(Cn1cccc(C(=O)Nc2cccc(-n3cccn3)c2)c1=O)NC1CCCCC1,3,0.3142857142857143,2.974172658067733,0.999158867930116
53873925_1531,53873925,COc1ccc(CCC(=O)N2CCN(C(=O)c3cc4n(n3)CCCC4)CC2)cc1,3,0.5172413793103449,2.2036984820976007,0.9990473548487844
232833340_2313,232833340,COc1cccc(Oc2ccc(NC(=O)CN3CCOCC3)cn2)c1,3,0.40298507462686567,1.5970062617285619,0.9989875090746486
49936164_819,49936164,C[N@@H+](Cc1ccncc1)Cc1cc2ccccc2[nH]c1=O,3,0.2982456140350877,1.3307482857403632,0.9994925226544008
49936164_820,49936164,CN(Cc1ccncc1)Cc1cc2ccccc2[nH]c1=O,3,0.2982456140350877,1.0993675454548655,0.9989697741511185
322812_3286,322812,OC1(c2cccnc2F)CCN(Cc2ccc(-c3ccc(F)cc3)o2)CC1,4,0.36507936507936506,1.6415931286404604,0.9986983016569849
322812_3285,322812,O[C@]1(c2cccnc2F)CC[N@H+](Cc2ccc(-c3ccc(F)cc3)o2)CC1,4,0.36507936507936506,1.5881656084931413,0.9994716443274215
49829589_3159,49829589,NC(=O)CCCSc1nc(N)nc(-c2c(Cl)cc3c4c(cccc24)COC3)n1,4,0.22988505747126436,1.495675432705439,0.9989299220769038
235805590_1455,235805590,Cn1c(=O)n(C2CCCC2)c(=O)c2c(F)cccc21,4,0.2835820895522388,1.6331631884167903,0.998691248846596
43657166_1589,43657166,CC1(C)CCN(C(=O)NCCOc2cccnc2)C1,4,0.3870967741935484,1.6368426925027217,0.9992135222684863
48762192_2962,48762192,Cc1nccc(NC(=O)CCc2ccncc2)c1Cl,4,0.5,1.3204041048100872,0.9995937765920577
48762192_2963,48762192,Cc1[nH+]ccc(NC(=O)CCc2ccncc2)c1Cl,4,0.4807692307692308,1.7519109566418787,0.9989216721944446
33297597_278,33297597,O=C(CCOc1ccccc1)N1CCCC1,4,0.8484848484848485,0.4302313331217896,0.9997206178717483
177389272_3411,177389272,CCCc1ncncc1C(=O)NCc1noc(C2CC2)n1,4,0.5079365079365079,1.6642526851415884,0.9993663114316857
327160_2378,327160,CNc1ncc(CN(C)CC[NH+]2CCCCC2)cn1,4,0.37254901960784315,1.8912998175856481,0.9985062800083744
327160_2379,327160,CNc1ncc(C[N@@H+](C)CCN2CCCCC2)cn1,4,0.2542372881355932,1.5960751861988782,0.9978456881523785
327160_2377,327160,CNc1ncc(C[N@H+](C)CC[NH+]2CCCCC2)cn1,4,0.37254901960784315,3.1941319634604484,0.9965899097711022
222774264_3103,222774264,CN(Cc1nncn1C)C1CCN(c2ccccc2F)CC1,4,0.3114754098360656,1.7352391765978215,0.9993896371711466
222773330_2640,222773330,CCn1cnnc1C[N@H+](C)C1CCN(c2ccccc2F)CC1,4,0.3283582089552239,1.2688940066054426,0.9987439559728208
222774264_3102,222774264,Cn1cnnc1C[N@H+](C)C1CCN(c2ccccc2F)CC1,4,0.31666666666666665,1.9457044996607185,0.9989657796962955
222773330_2641,222773330,CCn1cnnc1CN(C)C1CCN(c2ccccc2F)CC1,4,0.34328358208955223,1.6052314474864158,0.9979726653363219
LN01345100_42,LN01345100,CC#CC(=O)N1CC[C@@H](n2c(=O)n(-c3ccc(Oc4ccccc4)cc3)c3c(N)ncnc32)C1,4,0.3522727272727273,2.3811270440698644,0.9995459416754163
49335777_1711,49335777,Cn1cc(C[NH+]2CCN(c3ccccc3O)CC2)c(-c2ccncc2)n1,4,0.35384615384615387,1.2376703923089079,0.9994399453339401
49335777_1712,49335777,Cn1cc(CN2CCN(c3ccccc3O)CC2)c(-c2ccncc2)n1,4,0.328125,1.738753576560316,0.9991938552573171
36925778_738,36925778,O=C(c1noc2c1CCCC2)N1CCN(c2ncccn2)CC1,4,0.36363636363636365,1.4288603850622537,0.9993015823250619
2266063_3573,2266063,Cc1cccc2sc(NC(=O)c3cccnc3)nc12,4,0.5833333333333334,1.237909932103944,0.9996325939907521
222783725_2788,222783725,Cc1nn(C(C)C)c(C)c1S(=O)(=O)NCC1CCN(C(=O)C2CC2)CC1,4,0.4642857142857143,2.7163977985557755,0.999232915187321
222783725_2789,222783725,Cc1nn(C(C)C)c(C)c1S(=O)(=O)[N-]CC1CCN(C(=O)C2CC2)CC1,4,0.4642857142857143,3.1050671490323842,0.9974609048769114
29703109_3337,29703109,CN(C)c1cc[nH+]c2sc3c(=O)n(N4CCCCCC4)cnc3c12,4,0.21052631578947367,1.6450474157299158,0.9985940531025751
29703109_3336,29703109,CN(C)c1ccnc2sc3c(=O)n(N4CCCCCC4)cnc3c12,4,0.2191780821917808,1.015521048525609,0.9993865523755993
24128634_835,24128634,O=C(NCc1cccnc1)c1cnn(-c2ccccc2)c1,4,0.5087719298245614,0.729004801082099,0.9996965515887726
53835106_3205,53835106,CSc1cnc(N2CCCN(c3ncc(SC)cn3)CC2)nc1,4,0.32608695652173914,2.012301170302352,0.9980571969066853
1308759_2680,1308759,N#Cc1ccccc1NC(=O)CCc1ccccc1,4,0.44680851063829785,1.9136143812168511,0.998766652575757
29574117_2109,29574117,CCC(=O)NCc1ccnc(N(C)C)c1,4,0.45098039215686275,1.0611715224222389,0.9996150979875384
49426796_2671,49426796,Cc1ccc(NC(=O)OCC(F)(F)F)cn1,4,0.35185185185185186,1.987928067109159,0.9982815847831933
49932658_1300,49932658,CCCCN(C)C(=O)Nc1cc(C)ccn1,4,0.49056603773584906,1.4105846305698382,0.9991804068812987
73014952_2308,73014952,CCN(CC)C(=O)CSCc1cncc(F)c1,4,0.288135593220339,1.8973012412371333,0.9988122005542812
48747142_798,48747142,COc1c(C)cnc(CN(C)S(N)(=O)=O)c1C,4,0.25,1.519892101433741,0.9993679791163732
49916996_3291,49916996,Cc1cc(N(CCO)CCCO)ncc1Br,4,0.23333333333333334,2.512556268026756,0.997290801041794
29601204_1200,29601204,CCCNC(=O)c1ccnc(N(C)C)c1,4,0.3548387096774194,1.4101343907586095,0.9990599216401593
48747142_799,48747142,COc1c(C)c[nH+]c(CN(C)S(N)(=O)=O)c1C,4,0.2222222222222222,1.8371230225544675,0.9968046777178396
29574117_2110,29574117,CCC(=O)NCc1cc[nH+]c(N(C)C)c1,4,0.4230769230769231,1.8039035450931618,0.9977145313098413
49328626_472,49328626,CC(C)CC(=O)Nc1cccnc1N(C)C,4,0.36538461538461536,0.8267956216627647,0.9993181896195874
49956416_2972,49956416,CCOc1ccc/c(=N/S(C)(=O)=O)[nH]1,4,0.3111111111111111,2.1035743390713293,0.9970245984269692
49328626_473,49328626,CC(C)CC(=O)Nc1ccc[nH+]c1N(C)C,4,0.28846153846153844,1.8390190319843183,0.9988790666207678
48328503_2999,48328503,CC#CCCNC(=O)c1cccnc1C,4,0.43137254901960786,0.8119501216209265,0.9991415313657424
41482724_3093,41482724,Cc1ncccc1NC(=O)OC(C)(C)C,4,0.36,0.9812818147708121,0.9990302216727416
150563_316,150563,O=C(c1cccnc1)N1CCC[C@@H](c2cccc(-c3cccc(Cl)c3)n2)C1,4,0.6885245901639344,0.6111644623170573,0.9997010944220354
150563_317,150563,O=C(c1cccnc1)N1CCC[C@H](c2cccc(-c3cccc(Cl)c3)[nH+]2)C1,4,0.7096774193548387,0.7682577692414294,0.999580564763397
31998416_1687,31998416,O=C(NCCc1ccc2c(c1)OCO2)Nc1ccncc1,4,0.47540983606557374,2.3027731108385736,0.9989326310047801
31998416_1688,31998416,O=C(NCCc1ccc2c(c1)OCO2)Nc1cc[nH+]cc1,4,0.45161290322580644,2.8645202041530244,0.9982762369554457
32437102_815,32437102,COCc1cc(-c2nnc(CCc3ccccc3)[nH]2)ccc1OC,4,0.3728813559322034,1.094383844909899,0.9990898202184602
35774799_961,35774799,c1ccc(-c2noc(NCC3CCC3)n2)cc1,4,0.5853658536585366,1.6243063134766722,0.9994415836021965
35774799_962,35774799,c1ccc(-c2noc(NCC3CCC3)[nH+]2)cc1,4,0.5952380952380952,1.3572534766947895,0.9979968810714838
45903948_1689,45903948,COc1ccc(CNC(=O)c2cc(-c3cncc(C)c3)ncc2-c2nccs2)nc1OC,4,0.30864197530864196,2.36974724390657,0.9995718634902808
2202636_1897,2202636,O=C(Nc1nc2ccccc2[nH]1)C1CCCCC1,4,0.5217391304347826,1.4770541628526899,0.999205669008106
2202636_1898,2202636,O=C(Nc1[nH]c2ccccc2[nH+]1)C1CCCCC1,4,0.5106382978723404,2.2059868539953453,0.9985333822077914
49435320_3375,49435320,CNc1nc(C)nc(N[C@H]2CCC[C@@H](C(=O)NCc3ccc(C#N)cc3C(F)(F)F)C2)n1,4,0.2926829268292683,2.773804787651726,0.9977843850788097
44598747_1266,44598747,CCNC(=O)N1CCC2(CCc3ccccc3O2)CC1,4,0.5,1.4861103592936868,0.9987036545323281
44598735_1265,44598735,CCOCC(=O)N1CCC2(CCc3ccccc3O2)CC1,4,0.36507936507936506,1.7635648556259027,0.9997154984132692
49976216_2032,49976216,CNC(=O)Cc1nc(-c2cncc(C)c2)cs1,4,0.4423076923076923,0.913720416757766,0.9994652261812307
37112493_1293,37112493,O=C(NCC#CC[N@@H+]1CCc2ccccc2C1)NCc1ccc(F)cc1,4,0.3620689655172414,2.3695826636774138,0.9976133697472295
37112493_1294,37112493,O=C(NCC#CCN1CCc2ccccc2C1)NCc1ccc(F)cc1,4,0.3620689655172414,1.9290360286941848,0.9971890277421198
323952813_2468,323952813,CC(C)n1cnnc1-c1cccc(N2Cc3ccc(Br)cc3C2=O)n1,4,0.35294117647058826,2.2429636644406257,0.9995552432083468
53880265_1004,53880265,O=C(NC1CCCC1)N1CCN(c2nccn3nc4c(c23)CCCC4)CC1,4,0.5692307692307692,2.94898389280089,0.9993975336367015
53880265_1005,53880265,O=C(NC1CCCC1)N1CCN(c2[nH+]ccn3nc4c(c23)CCCC4)CC1,4,0.5606060606060606,3.274590050678151,0.9988774129845904
48321050_1479,48321050,CN(C)S(=O)(=O)Nc1ccc(-n2ncc3ccccc32)cc1,4,0.27586206896551724,0.9734726498473142,0.9992302426606223
48321050_1480,48321050,CN(C)S(=O)(=O)[N-]c1ccc(-n2ncc3ccccc32)cc1,4,0.2537313432835821,2.2362307573234887,0.9979612674448218
299987327_3443,299987327,COc1cc2[nH+]c(N3CCN(C(=O)c4ccco4)CC3)nc(N)c2cc1OC,4,0.32926829268292684,2.4158859658518628,0.9991901127976598
299987327_3445,299987327,COc1cc2nc(N3CCN(C(=O)c4ccco4)CC3)[nH+]c(N)c2cc1OC,4,0.30666666666666664,2.7580496732291175,0.9988165346316532
299987327_3444,299987327,COc1cc2nc(N3CCN(C(=O)c4ccco4)CC3)nc(N)c2cc1OC,4,0.3108108108108108,2.426779553235118,0.9995835065280766
49168678_495,49168678,COCCc1nc(-c2cnc(C3CC3)nc2)n(Cc2ccc(F)cc2)n1,4,0.375,1.2190036915446554,0.9993354384428258
49168678_496,49168678,COCCc1nn(Cc2ccc(F)cc2)c(-c2cnc(C3CC3)nc2)[nH+]1,4,0.4,1.735643396553479,0.9984733428774001
171813413_3178,171813413,C[C@]1(O)CN(C(=O)Cn2cnc3ccccc3c2=O)CC[C@@H]1Oc1ccccc1,4,0.7833333333333333,2.074846500346576,0.9985497710841874
3434817_612,3434817,Cc1ccc2c(CC(=O)NCc3cccs3)coc2c1,4,0.46551724137931033,1.622064733604515,0.9993703482493891
48759010_658,48759010,Cc1ncccc1CNc1nnc(C(C)(C)C)s1,4,0.43137254901960786,1.1914625466208872,0.9994878190630891
48759010_659,48759010,Cc1ncccc1CNc1[nH+]nc(C(C)(C)C)s1,4,0.41509433962264153,1.0570009460734828,0.9990434404366265
11964390_252,11964390,COC(=O)c1c(C)[nH]c(C(=O)N(C)Cc2ccc(OC)c(F)c2)c1C,4,0.5084745762711864,1.6475348251257316,0.9991586012987673
36568125_1994,36568125,CCC[N@@H+]1CCn2nc(-c3nc4ccc(OC)cc4[nH]3)cc2C1,4,0.27848101265822783,2.136949227286414,0.9990806703388163
36568125_1997,36568125,CCC[N@H+]1CCn2nc(-c3[nH]c4cc(OC)ccc4[nH+]3)cc2C1,4,0.2911392405063291,5.61162837329799,0.9930773931299215
36568125_1998,36568125,CCCN1CCn2nc(-c3[nH]c4cc(OC)ccc4[nH+]3)cc2C1,4,0.28378378378378377,3.4037488156443887,0.99559719248704
36568125_1996,36568125,CCCN1CCn2nc(-c3nc4ccc(OC)cc4[nH]3)cc2C1,4,0.2777777777777778,1.5814423796015258,0.9990214196375267
36568125_1995,36568125,CCCN1CCn2nc(-c3nc4cc(OC)ccc4[nH]3)cc2C1,4,0.2602739726027397,1.4498944789188528,0.9989760985982479
36568125_1993,36568125,CCC[N@@H+]1CCn2nc(-c3nc4cc(OC)ccc4[nH]3)cc2C1,4,0.27848101265822783,2.05336139050105,0.9989778188448695
35693197_1243,35693197,O=C(CNc1ccc(C(=O)N2CCCC2)cc1)N1CCCCC1,4,0.47058823529411764,1.8038561472581662,0.9992270578295149
11813315_2066,11813315,O=C(NC1CCCCCC1)c1ccc(CSc2[nH]c3ccccc3[nH+]2)cc1,4,0.42857142857142855,2.698451778335321,0.997387210913136
11813315_2065,11813315,O=C(NC1CCCCCC1)c1ccc(CSc2nc3ccccc3[nH]2)cc1,4,0.42857142857142855,2.6139177492799432,0.9979500204927334
29665944_1710,29665944,Cc1cccnc1NC(=O)Cc1coc2c(C)c(C)ccc12,4,0.4057971014492754,1.2892389227755061,0.9994618953752056
4851238_2382,4851238,O=C([O-])c1csc(Cc2ccc(Cl)cc2)n1,4,0.3673469387755102,1.6089555618477038,0.998495191046379
153307_1024,153307,CCn1c(SC)nnc1[C@H]1CC[N@H+](C)CC1,4,0.2857142857142857,1.7154378449831202,0.9996039773459959
206429_2191,206429,C[N@H+]1CC[C@@H](C(=O)N2CCC(c3cc(C(F)(F)F)c4c(n3)CCNC4=O)CC2)CC1,4,0.6231884057971014,2.3993357414081276,0.999453957276922
25642172_774,25642172,CCN(CC)S(=O)(=O)c1ccc2c(c1)CCN2CC(=O)NCc1ccccc1F,4,0.29577464788732394,1.738903390070775,0.9993122649329089
424596_3232,424596,CC(C)NC(=O)C1(Cc2ccccc2-c2ccncc2)CCOCC1,4,0.4307692307692308,1.9968049479106673,0.9988216929830285
48763678_1329,48763678,c1ccc(Cc2nnc(NC3CCOCC3)s2)cc1,4,0.46,1.3896571519624368,0.999507004218109
48763678_1330,48763678,c1ccc(Cc2n[nH+]c(NC3CCOCC3)s2)cc1,4,0.2962962962962963,1.358992273708844,0.9989340960913934
49139348_2853,49139348,CC(=O)c1cc(Br)cc(F)c1OCc1ccccn1,4,0.4074074074074074,1.6902760129635637,0.9976373378937251
49134782_2893,49134782,OCCOc1ccccc1OCc1ncc(Cl)cc1Cl,4,0.2909090909090909,1.4692627402881024,0.9988026578125068
36905836_2647,36905836,CCCc1ccc(C(=O)CSc2nncs2)cc1,4,0.3076923076923077,2.797586817240964,0.998693120797817
36988038_3020,36988038,CCc1ccc(CC)c(C(=O)CSc2nncs2)c1,4,0.26865671641791045,1.8855195570451884,0.9988459399786291
1527294_1255,1527294,COc1ccc(CNc2[nH+]cc(-c3ccc4c(c3)OCO4)n2C)c(OC)c1,4,0.3333333333333333,2.641861843473439,0.9980634317951712
44051471_3421,44051471,COC(=O)c1cccc2c1CCCN2C(=O)c1ccccc1,4,0.3484848484848485,1.6445351926911511,0.9986833285784501
44051475_2401,44051475,COC(=O)c1cccc2c1CCCN2C(=O)c1ccc(F)cc1F,4,0.37142857142857144,1.618124531672259,0.9990388673896681
31910305_3092,31910305,Cc1nc(C)c(C(=O)Nc2cccc(-c3ccn[nH]3)c2)s1,4,0.7192982456140351,1.2764677825934234,0.9993991763258209
31910305_3091,31910305,Cc1nc(C)c(C(=O)Nc2cccc(-c3cc[nH]n3)c2)s1,4,0.7192982456140351,1.6704071359994672,0.9993875821350778
232828909_2937,232828909,O=C1CCCN1CCCc1nnc(Cc2c(Cl)cccc2Cl)[nH]1,4,0.3194444444444444,1.717398031907786,0.9991487193872628
82709477_2828,82709477,CCc1cc(-c2ccc(OC)c3nc(C)ccc23)nc(N2CCOCC2)n1,4,0.3283582089552239,2.116839389278237,0.9984600370804573
82713843_2979,82713843,CCc1cc(-c2ccc(OC)c3ncccc23)nc(N2CCOCC2)n1,4,0.30434782608695654,1.6328371014893757,0.9982794418654419
147149_1083,147149,Cc1nc([C@H]2CC[C@@H](CNC(=O)C[N@H+]3CC[C@H](c4ccccc4)CC3)CC2)ccc1C(N)=O,4,0.527027027027027,3.4804843053807373,0.996658057418293
147149_1084,147149,Cc1nc([C@H]2CC[C@H](CNC(=O)CN3CCC(c4ccccc4)CC3)CC2)ccc1C(N)=O,4,0.527027027027027,2.904895867324612,0.9984364399134228
147149_1085,147149,Cc1[nH+]c([C@H]2CC[C@H](CNC(=O)C[N@H+]3CC[C@@H](c4ccccc4)CC3)CC2)ccc1C(N)=O,4,0.35714285714285715,4.0586059182927405,0.9973177674436945
35754541_1582,35754541,CN1CCc2ncnc(N3CCCN(c4nccs4)CC3)c2C1,4,0.42105263157894735,1.4179446392571555,0.9992439393012833
35754541_1581,35754541,C[N@@H+]1CCc2ncnc(N3CCCN(c4nccs4)CC3)c2C1,4,0.3770491803278688,2.2807439575718287,0.9986057908692573
53790787_61,53790787,Cc1nnc(CN(C)C[C@@H](C)Oc2ccc(Cl)c(Cl)c2)n1C,4,0.25757575757575757,1.9146628946111013,0.9969865267377472
53790787_62,53790787,Cc1nnc(C[N@@H+](C)C[C@H](C)Oc2ccc(Cl)c(Cl)c2)n1C,4,0.26153846153846155,1.4157270217100826,0.998546079737898
49829625_2583,49829625,Cc1cc(N2CCOCC2)ccc1Nc1nc(NC2CCCCC2)c2nc[nH]c2[nH+]1,4,0.3118279569892473,3.0756142475932307,0.9975492800214478
49829625_2586,49829625,Cc1cc(N2CCOCC2)ccc1Nc1nc(NC2CCCCC2)c2[nH]cnc2[nH+]1,4,0.3118279569892473,3.750008133324872,0.9985500632689718
49829625_2585,49829625,Cc1cc(N2CCOCC2)ccc1Nc1nc(NC2CCCCC2)c2nc[nH]c2n1,4,0.367816091954023,5.004210227398737,0.9991144020126455
49829625_2584,49829625,Cc1cc(N2CCOCC2)ccc1Nc1nc2[nH]cnc2c(NC2CCCCC2)[nH+]1,4,0.3010752688172043,3.5629985966876103,0.9985225054976673
53815321_2678,53815321,C[N@@H+](CCSc1ccc2nnc(C(F)F)n2n1)Cc1ccccc1,4,0.28125,2.7218804161828083,0.9979402386017728
4731245_3522,4731245,COc1ccc(C(=O)Nc2cc(-c3ccc(F)c(F)c3)no2)cc1,4,0.359375,1.6151089746523908,0.9992206370795694
49154015_1462,49154015,C=CCn1cnc2c(Cl)cc(-c3ccc(C(=O)NC4CC4)o3)cc21,4,0.2753623188405797,1.5168622218248633,0.9993147893681669
Z86139961_1478,Z86139961,Fc1cccc(Cl)c1CNCCc1c[nH]c2ccccc12,4,0.3448275862068966,1.2244549807971041,0.9994083560635174
Z86139961_1477,Z86139961,Fc1cccc(Cl)c1C[NH2+]CCc1c[nH]c2ccccc12,4,0.31746031746031744,1.280990241961543,0.999079695949322
MCULE-1169396424_1500,MCULE-1169396424,CCOc1ccccc1C[NH2+]CCc1c[nH]c2ccccc12,4,0.3275862068965517,2.0740315812445487,0.9988575950405716
MCULE-2124560621_2015,MCULE-2124560621,CCOc1cccc(C[NH2+]CCc2c[nH]c3ccccc23)c1,4,0.3333333333333333,2.6317275694874023,0.9987424533353368
48773349_3015,48773349,O=C([O-])c1ccccc1COc1cccc2cccnc12,4,0.4,2.1951091089054366,0.9971299764600544
44581824_2854,44581824,O=c1oc2cccnc2n1Cc1ncc(-c2ccc(F)cc2)o1,4,0.5294117647058824,1.8651115248154044,0.9990042621615826
1542039_3641,1542039,CCc1nnc2c3ccccc3[nH]/c(=N\c3ccc(OC)cc3)n12,4,0.2898550724637681,1.279758570981223,0.9993159695723766
1542039_3640,1542039,CCc1nnc2c3ccccc3nc(Nc3ccc(OC)cc3)n12,4,0.3150684931506849,1.3452929049099678,0.9993611670288813
45697853_1837,45697853,N#CC1(C[N@H+]2CCc3cc(-c4ccccc4)oc3C2)CC1,4,0.2459016393442623,2.3063022351807354,0.9970036819220593
45697853_1836,45697853,N#CC1(CN2CCc3cc(-c4ccccc4)oc3C2)CC1,4,0.24285714285714285,2.3354151665174574,0.9978276012228401
48798145_3240,48798145,Fc1ccc(CCNc2ncnc3ncccc23)cc1,4,0.34615384615384615,1.4874777309256217,0.9994952923811065
48798145_3241,48798145,Fc1ccc(CC/[NH+]=c2/nc[nH]c3ncccc23)cc1,4,0.3333333333333333,2.349496754626544,0.9985205233753283
131239_2291,131239,Cc1cc(Nc2ccc(F)cn2)cc([C@@H]2CCN(C(=O)CCc3cccc(Cl)c3)C2)n1,4,0.6710526315789473,2.257610240941237,0.9989420094072641
131239_2290,131239,Cc1cc(Nc2ccc(F)cn2)cc([C@H]2CCN(C(=O)CCc3cccc(Cl)c3)C2)[nH+]1,4,0.6753246753246753,2.411572723349337,0.9983947369102243
36343702_660,36343702,Cc1ncc2c(n1)C[N@@H+](CCCc1nc3ccccc3o1)CC2,4,0.3055555555555556,1.6482936631559562,0.9989660379355743
36343702_661,36343702,Cc1ncc2c(n1)CN(CCCc1nc3ccccc3o1)CC2,4,0.3055555555555556,1.9428849682880562,0.9985538311105395
49293741_3262,49293741,Cc1cc(CN2CCC(N(C)c3ncc(Cl)cn3)CC2)on1,4,0.46296296296296297,2.450535655729129,0.9971033618040405
49293741_3261,49293741,Cc1cc(C[N@H+]2CC[C@H](N(C)c3ncc(Cl)cn3)CC2)on1,4,0.44642857142857145,1.8571946586182009,0.9991279070079442
30000529_1089,30000529,CN(Cc1nc(=[NH2+])c2ccccc2[nH]1)Cc1ccc(F)cc1F,4,0.46153846153846156,1.0363131766019045,0.9992172309166278
30000529_1090,30000529,C[N@H+](Cc1nc(N)c2ccccc2n1)Cc1ccc(F)cc1F,4,0.43137254901960786,1.6495744905889198,0.9985752081963134
30000529_1088,30000529,CN(Cc1nc(N)c2ccccc2n1)Cc1ccc(F)cc1F,4,0.44,1.4032305583901825,0.9978522764193936
36294663_1608,36294663,CCCN(CC)c1ccc(C(=O)N2CCCN(C(C)=O)CC2)cc1,4,0.35555555555555557,2.185129057973373,0.9993333703929818
73039342_2766,73039342,CC(=O)c1ccc2c(c1)CC[N@@H+](CCC1OCCO1)CC2,4,0.37735849056603776,1.9193222762214264,0.9993397001552893
32146223_1125,32146223,c1ccc(-c2cc3c(N4CCC(c5ncc[nH]5)CC4)ncnc3s2)cc1,4,0.35384615384615387,2.367790108940584,0.9990694490376142
32146223_1126,32146223,c1ccc(-c2cc3c(N4CCC(c5[nH]cc[nH+]5)CC4)ncnc3s2)cc1,4,0.3188405797101449,1.676231189304665,0.999121434057555
49055842_2638,49055842,Cc1nnc2ccc(N3CCC4(CCCCC4)C3)nn12,4,0.375,1.7431095777371972,0.9996731992029637
227571_707,227571,CN(C)C(=O)c1sc2nc(C3(C)CCN(c4ncccn4)CC3)ccc2c1N,4,0.3382352941176471,1.756988047767683,0.9995468678956851
316875519_3477,316875519,Cn1c(-c2n[nH]c3c2CCCC3)nnc1N1CC[C@]2(CNC(=O)C2)C1,4,0.26666666666666666,1.7284646366065093,0.9988819250420584
316875519_3478,316875519,Cn1c(-c2[nH]nc3c2CCCC3)nnc1N1CC[C@]2(CNC(=O)C2)C1,4,0.26666666666666666,1.874187824098767,0.9986552260716537
30191309_1049,30191309,Cc1cc(NC(=O)CCc2c(C)nn(C)c2C)no1,4,0.5306122448979592,2.050705244543454,0.9995531088184224
14858512_933,14858512,N#Cc1cccnc1NCCc1ccc(F)cc1,4,0.509090909090909,1.350415491617197,0.9993923551930571
14858512_934,14858512,N#Cc1ccc[nH+]c1NCCc1ccc(F)cc1,4,0.5,1.2163913843825507,0.997760797859415
2171363_12,2171363,COc1ccc(S(=O)(=O)N2CCC([N@H+]3CC[C@@H](C)CC3)CC2)cc1,4,0.3620689655172414,2.0131989469494482,0.9987262938181962
36790963_1846,36790963,Cc1ccnc(Oc2cc(N)ccc2C)c1,4,0.29545454545454547,1.1566948603675624,0.9992467652709393
45491581_1661,45491581,Cc1cccc(Oc2ncccc2N)c1C,4,0.2916666666666667,0.7377689340163461,0.9992298169107733
20173881_374,20173881,Cc1cc(C)cc(Oc2cc(C#N)ccn2)c1,4,0.35555555555555557,1.7776712294459425,0.9989781904497632
5799127_1161,5799127,Nc1ccc(Oc2ccccc2F)nc1,4,0.2857142857142857,1.6400271339219405,0.9991870538951976
36909737_1143,36909737,Cc1cccc(Oc2cc(C[NH3+])ccn2)c1C,4,0.32142857142857145,1.724253751627062,0.9975087113888839
36909737_1144,36909737,Cc1cccc(Oc2cc(CN)ccn2)c1C,4,0.32142857142857145,1.3228960654565542,0.9987218098776086
36262171_609,36262171,Cc1nn(C)c(C)c1CCC(=O)N1CCCc2ncccc21,4,0.4918032786885246,2.1172248345415756,0.9995404212981284
3669743_995,3669743,CCc1nnc(NC(=O)Cc2c(C)noc2C)s1,4,0.48148148148148145,0.980497322790999,0.9996542634336626
13159362_1461,13159362,Cc1ccc2cccc(OCC(=O)N(C)c3ccccc3)c2n1,4,0.4,1.1987022148974573,0.9992151000874503
20436461_2599,20436461,CCCc1noc(CN2CCN(c3ccccc3OC)CC2)n1,4,0.3870967741935484,1.6919252347549305,0.9995617007055804
32391674_378,32391674,N#Cc1cccc(C[N@@H+]2CCC=C(CNC(=O)c3cccs3)C2)c1,4,0.4266666666666667,1.610707608475374,0.9988933140410231
32391674_379,32391674,N#Cc1cccc(CN2CCC=C(CNC(=O)c3cccs3)C2)c1,4,0.42105263157894735,2.266288375295589,0.9977390089940279
32443301_2019,32443301,Cc1nc(=O)c2c([nH]1)CN(Cc1ccccc1)CC2,4,0.45614035087719296,0.6846276360182357,0.9995217094802836
32443301_2020,32443301,Cc1nc(=O)c2c([nH]1)C[N@@H+](Cc1ccccc1)CC2,4,0.4642857142857143,1.7231459601555448,0.9993050685068953
316779701_3490,316779701,O=C(N[C@@]12CCC[C@@H]1[NH2+]CC2)c1ccc(-c2cn[nH]c2)cc1,4,0.5230769230769231,1.89894602345656,0.998576894163444
30270890_3676,30270890,Oc1ccc(-c2noc(C3CC3)n2)cc1,4,0.40425531914893614,1.1627222368216759,0.999043052998377
30270890_3677,30270890,[O-]c1ccc(-c2noc(C3CC3)n2)cc1,4,0.40425531914893614,1.9286531569981866,0.9970145891122544
49127244_3217,49127244,NS(=O)(=O)N1CCN(Cc2c(F)cccc2N2CCCC2)CC1,4,0.58,1.8459412233329107,0.9984877229593522
49127244_3218,49127244,NS(=O)(=O)N1CC[NH+](Cc2c(F)cccc2N2CCCC2)CC1,4,0.5636363636363636,1.8610781821300433,0.9980968006432319
232859404_2266,232859404,COc1cccc(C)c1C(=O)N(C)Cc1ncc[nH]1,4,0.5344827586206896,1.9397053900012273,0.9992441218036703
36907186_1238,36907186,COc1ccc(C(=O)N(C)Cc2[nH+]ccn2C)c(F)c1,4,0.3380281690140845,1.4854541393122043,0.998700789421171
232859404_2267,232859404,COc1cccc(C)c1C(=O)N(C)Cc1[nH]cc[nH+]1,4,0.45901639344262296,2.0292749936862364,0.9984947609899564
36907186_1237,36907186,COc1ccc(C(=O)N(C)Cc2nccn2C)c(F)c1,4,0.3333333333333333,1.3380265318745759,0.9987558958608026
25020465_1168,25020465,COc1cc2c(cc1OC)CN(C(=O)[C@H]1CCCN(S(=O)(=O)c3ccc(F)cc3)C1)CC2,4,0.6923076923076923,1.7966969694413586,0.9990325933956393
36695013_1587,36695013,Cc1cnn(C2CN(CC3(O)CCCCC3)C2)c1,4,0.3793103448275862,1.6846815722857322,0.9991139045422869
36695013_1588,36695013,Cc1cnn([C@H]2C[N@@H+](CC3(O)CCCCC3)C2)c1,4,0.3898305084745763,1.750749268170623,0.9991043569504771
53839672_2342,53839672,CN(C)c1nccc(N2CC[NH+](CCCCCF)CC2)n1,4,0.39655172413793105,0.9935461740662456,0.9991703534988188
53839672_2343,53839672,CN(C)c1nc(N2CCN(CCCCCF)CC2)cc[nH+]1,4,0.3,2.1436580884085643,0.9976850033434218
53839672_2341,53839672,CN(C)c1nc(N2CC[NH+](CCCCCF)CC2)cc[nH+]1,4,0.31746031746031744,3.0423895214123258,0.9933631018397239
30434191_483,30434191,COc1ccc(S(=O)(=O)CCC(=O)Nc2ccc3c(c2)N(C)C(=O)CO3)cc1,4,0.5606060606060606,1.7853571071359036,0.9977192047185864
11011932_1935,11011932,CN(C)CCN(Cc1ccccc1)C(=O)CCC(=O)Nc1[nH+]cc(-c2ccccc2)n1C,4,0.42105263157894735,2.2890323282994607,0.9980048477561013
11011932_1934,11011932,Cn1c(-c2ccccc2)c[nH+]c1NC(=O)CCC(=O)N(CC[NH+](C)C)Cc1ccccc1,4,0.42857142857142855,2.411001659061976,0.9977023794588523
31911519_1343,31911519,CCn1cc(NC(=O)c2ccccc2C)cn1,4,0.42857142857142855,0.9531668269512898,0.9993395148651757
31928328_534,31928328,Cn1cc(NC(=O)c2ccccc2C(F)(F)F)cn1,4,0.48148148148148145,1.5431620135294006,0.9987880297139037
49972886_2402,49972886,CCc1nc(CNc2ccc(C#N)nc2)cs1,4,0.42592592592592593,1.2905347728760208,0.9996730517586051
33363767_1741,33363767,COc1ccc(C)cc1-n1ccc(C(=O)Nc2c3c(nn2C)CCC3)n1,4,0.3157894736842105,2.0619432581911723,0.9996403728389179
383970_2309,383970,Cc1ccc(S(=O)(=O)N2CC[C@@H](c3nnc(-c4cccnc4)o3)C2)cc1,4,0.36363636363636365,1.564350024770954,0.9993124127721853
45764946_868,45764946,CS(=O)(=O)CCNC(=O)N1CC2(CCCC2)c2ccccc21,4,0.3181818181818182,1.5298810411273285,0.9998665390690904
171813288_2879,171813288,CCOc1ccc2[nH]c(C(=O)N3CC[C@@](O)(CC(C)C)[C@@H](Oc4ccc(F)cc4)C3)c(C)c2c1,4,0.2988505747126437,4.713008381066439,0.9991517849243733
171813207_3354,171813207,Cc1cc(C)c2[nH]c(C(=O)N3CC[C@@](O)(CC(C)C)[C@@H](Oc4ccc(F)cc4)C3)c(C)c2c1,4,0.26136363636363635,4.495730085314034,0.9995032822697382
171813311_2415,171813311,CCc1c(C(=O)N2CC[C@@](O)(CC(C)C)[C@@H](Oc3ccc(F)cc3)C2)[nH]c2ccc(C)cc12,4,0.2903225806451613,3.3832596707908666,0.9994777834425261
82703737_2615,82703737,CCN(CCOC)C(=O)Nc1ccc2occc(=O)c2c1,4,0.2786885245901639,1.2010611974416812,0.9989973937172201
LN01341916_2523,LN01341916,[NH3+]C[C@@](O)(c1ccc(Cl)cc1)c1ccc(-c2cn[nH]c2)cc1,4,0.4489795918367347,2.7121030585136072,0.998263342168236
LN01341916_2524,LN01341916,NC[C@@](O)(c1ccc(Cl)cc1)c1ccc(-c2cn[nH]c2)cc1,4,0.4489795918367347,2.407225996869173,0.9987761426181606
49947006_3104,49947006,Cc1nn(C)c(NCc2sccc2C)[nH+]1,4,0.6428571428571429,1.8202675627501914,0.9993524106911735
31912359_1736,31912359,CN(C)c1cc(CNC(=O)C2CCOCC2)ccn1,4,0.4576271186440678,1.3161929949667146,0.9990561607761133
31912359_1737,31912359,CN(C)c1cc(CNC(=O)C2CCOCC2)cc[nH+]1,4,0.4406779661016949,1.440740434637182,0.9982570913703092
Z1411035575_1118,Z1411035575,Cc1ccc(F)c(N(C#N)Cc2nccn2C(F)F)c1,4,0.27941176470588236,1.3375488776114774,0.9989431059190078
232887473_3257,232887473,Clc1cccc(Cl)c1Cc1nnc(CCCn2cccn2)[nH]1,4,0.31343283582089554,0.9644806892841947,0.9995227296013613
43241226_2059,43241226,Cn1nc(C2CC[NH2+]CC2)c2cccnc21,4,0.29411764705882354,2.2699629952931235,0.9986813833015051
197921_3117,197921,Cc1cc(Nc2ncccn2)cc([C@@H]2CCCN(CC(=O)Nc3ccc(F)cc3)C2)n1,4,0.6052631578947368,1.8713439021195795,0.998505693644057
197921_3115,197921,Cc1cc(Nc2ncccn2)cc([C@@H]2CCCN(CC(=O)Nc3ccc(F)cc3)C2)[nH+]1,4,0.6103896103896104,1.5991241352688674,0.9989374673092649
197921_3116,197921,Cc1cc(Nc2ncccn2)cc([C@@H]2CCC[N@H+](CC(=O)Nc3ccc(F)cc3)C2)[nH+]1,4,0.5324675324675324,3.4817250035003635,0.9985440982381818
33297195_347,33297195,NC(=O)COc1ccccc1-c1ccccc1,4,0.40476190476190477,2.829887453592522,0.9948745191025523
68918136_2600,68918136,CCOCCNC(=O)c1cccc(-c2cc(F)ccc2OC)c1,4,0.4782608695652174,1.59609429546013,0.9988472387655111
36467131_507,36467131,CCOc1ccc(-c2ccccc2NC(=O)COC)cc1,4,0.3584905660377358,0.7998274813983333,0.999096391830723
43423042_3541,43423042,COc1ccc(C(C)(C)C)cc1NC(=O)C1(C#N)CCCC1,4,0.3484848484848485,1.2576959091923812,0.9991488592548995
48953611_1604,48953611,CN1CCN(c2ccc(NC(=O)c3ccc(S(=O)(=O)N4CCCc5ccccc54)cc3)cc2)CC1,4,0.3835616438356164,2.8853304836706957,0.9966527189320213
48953611_1603,48953611,C[NH+]1CCN(c2ccc(NC(=O)c3ccc(S(=O)(=O)N4CCCc5ccccc54)cc3)cc2)CC1,4,0.3698630136986301,2.862586068574874,0.9968086066416296
294504_1443,294504,CC(C)(C)NC(=O)Cn1nc(C(c2ccccc2)c2ccccc2)oc1=O,4,0.3220338983050847,1.5750596814086812,0.9994888689524529
30063543_1220,30063543,O=C(CN1CCc2ccccc21)N1CCC(c2nc3ccccc3[nH]2)CC1,4,0.4925373134328358,1.984545036022815,0.9992826712346308
30063543_1221,30063543,O=C(CN1CCc2ccccc21)N1CCC(c2[nH]c3ccccc3[nH+]2)CC1,4,0.47058823529411764,2.189921459778914,0.9986946903416325
177450733_3366,177450733,COCCc1noc(CN(C)C(=O)c2ccc3c(c2)CCC3)n1,4,0.3888888888888889,1.587357237675015,0.9996001961731547
6922052_3542,6922052,CCOc1nc(-c2ccc(Cl)c(Cl)c2)n(-c2cccc(NC(=O)c3ccc(F)cc3)c2)n1,4,0.4305555555555556,1.6290030693649136,0.9988321589113293
53749740_2369,53749740,Clc1ccc(CSc2nc(-c3ccccc3)c[nH]2)cn1,4,0.43137254901960786,0.9536755213390129,0.999457566683764
53749740_2370,53749740,Clc1ccc(CSc2[nH]cc(-c3ccccc3)[nH+]2)cn1,4,0.4230769230769231,1.2613143937974252,0.9988069311595685
50347911_2274,50347911,CC(C)n1cnnc1SCOCc1ccccc1,4,0.49019607843137253,1.6394849801080955,0.9982536577838182
31940641_471,31940641,N#Cc1ccc(OCCn2cccn2)cc1,4,0.32653061224489793,1.9723143765637463,0.9968945907735483
53882383_2135,53882383,CNC(=O)N1CCc2nc3ccc(Cl)cn3c(=O)c2C1,4,0.2714285714285714,1.6022861791823402,0.999646173205693
53882535_2133,53882535,CCNC(=O)N1CCc2nc3ccc(F)cn3c(=O)c2C1,4,0.3194444444444444,1.0726402006265487,0.9993645660452536
53882535_2132,53882535,CCNC(=O)N1CCc2[nH+]c3ccc(F)cn3c(=O)c2C1,4,0.3055555555555556,1.432959524899735,0.9989193526577569
53882383_2134,53882383,CNC(=O)N1CCc2[nH+]c3ccc(Cl)cn3c(=O)c2C1,4,0.2465753424657534,1.8554546612623393,0.9995636155839145
53815325_2389,53815325,C[N@H+](CCSc1ccc2nnnn2n1)Cc1ccccc1,4,0.3333333333333333,2.107575621419017,0.9990968225978943
36259510_1600,36259510,COCCNc1nc[nH+]c2ccsc12,4,0.4067796610169492,2.4903188550867683,0.999122945283177
36259510_1599,36259510,COCCNc1ncnc2ccsc12,4,0.38596491228070173,0.5021702898459293,0.9998852607280055
48248900_639,48248900,O=C(CC1CCN(c2ncc(Cl)cn2)CC1)N1CCOCC1,4,0.4489795918367347,1.625829326836249,0.9988691347667578
222793392_3100,222793392,CCCc1cc(CNS(=O)(=O)c2cc(-c3cnc(C)o3)ccc2C)on1,4,0.578125,1.7085470435421037,0.9991599985243055
222793392_3101,222793392,CCCc1cc(C[N-]S(=O)(=O)c2cc(-c3cnc(C)o3)ccc2C)on1,4,0.578125,2.8164866411897718,0.9988991025061335
46034633_349,46034633,Cc1nc(C)c(C)c(NCc2cc(-c3ccc(F)cc3)no2)n1,4,0.3508771929824561,1.075869415867684,0.9995138570354216
46034633_348,46034633,Cc1nc(NCc2cc(-c3ccc(F)cc3)no2)c(C)c(C)[nH+]1,4,0.3559322033898305,1.35754926245782,0.9990753170201296
1536151_1816,1536151,COc1cc(OC)c(OC)cc1CNc1ccc(N2CCOCC2)c(C(=O)[O-])c1,4,0.3142857142857143,2.252945849327241,0.9975464051561589
30569846_3685,30569846,Cc1ccc(Cn2ccn(-c3ccc(F)c(F)c3)c(=O)c2=O)cc1,4,0.39215686274509803,1.6265125268498961,0.9995736435723307
16154631_3684,16154631,O=c1c(=O)n(-c2ccc(F)c(F)c2)ccn1Cc1ccccc1Cl,4,0.42,1.1695469208200984,0.9989917557065354
Z60745180_2441,Z60745180,O=C(Nc1ccccn1)c1ccc2c(c1)C(=O)N(C1CCCCC1)C2=O,4,0.3492063492063492,2.2345688622192577,0.9986369697244123
53808457_2866,53808457,COc1cc(C[N@H+]2CC[C@H](C(=O)N3CCOCC3)CC2)ccc1C,4,0.5263157894736842,1.76164582138385,0.998779997822096
36318534_894,36318534,Cn1ccc2c(C(=O)Nc3ncn(Cc4cccnc4)n3)cccc21,4,0.5932203389830508,1.9011604351032725,0.9995100512727084
323968411_136,323968411,C[C@@](O)(C#Cc1ccc2c(c1)N(c1nc(N)ncc1Cl)CC2)c1nccs1,4,0.2247191011235955,3.5831851752325994,0.9991898963519671
323968411_137,323968411,C[C@@](O)(C#Cc1ccc2c(c1)N(c1nc(N)[nH+]cc1Cl)CC2)c1nccs1,4,0.21978021978021978,3.0785735333108515,0.9984990420726387
48671463_2616,48671463,COc1ccc(N)c(OCc2ccccc2)c1,4,0.40425531914893614,1.3059643946141783,0.9988672564284061
11957669_641,11957669,Cc1sc2nc(CN3CCC(C)CC3)nc(N3CCN(c4cnccn4)CC3)c2c1C,4,0.5538461538461539,2.850299633371854,0.999149048778186
11957669_640,11957669,Cc1sc2nc(C[N@H+]3CC[C@H](C)CC3)nc(N3CCN(c4cnccn4)CC3)c2c1C,4,0.5142857142857142,2.644201202632206,0.9987041515418338
171961096_2838,171961096,Cc1cccc(OC[C@@]2(O)C[N@@H+](C[C@]3(O)CC[C@H](C(C)(C)C)CC3)CC[C@@H]2O)c1,4,0.39436619718309857,6.471961449205495,0.9979170561889751
171961096_2839,171961096,Cc1cccc(OC[C@@]2(O)CN(C[C@]3(O)CC[C@@H](C(C)(C)C)CC3)CC[C@@H]2O)c1,4,0.3888888888888889,5.735859830923335,0.9973442800952721
24883078_315,24883078,COc1ccc(C2([NH2+]Cc3ccc(N4CCCC4=O)cc3)CC2)cc1,4,0.4098360655737705,2.269609658068825,0.9990733601586251
EN300-6477654_2869,EN300-6477654,C[C@]12CCC3=C4CCC(=O)C=C4CC[C@H]3[C@@H]1CC[C@@]2(O)CC#N,4,0.4696969696969697,3.763297888820211,0.999455556513577
49965014_1131,49965014,CCC1(O)CN(c2[nH+]cnc3c2c(Br)nn3C)C1,4,0.3508771929824561,2.6725927486243615,0.9994334298201709
49965014_1130,49965014,CCC1(O)CN(c2ncnc3c2c(Br)nn3C)C1,4,0.41509433962264153,1.788298353183626,0.9994662174633516
49942184_2509,49942184,c1cc(-c2nnc(NCc3cncs3)o2)ccn1,4,0.5098039215686274,2.0081274859925915,0.9998935751176972
49942184_2511,49942184,c1cc(-c2n[nH]/c(=N/Cc3cncs3)o2)ccn1,4,0.5185185185185185,2.105838787752033,0.9998457624999085
49942182_2394,49942182,Cc1ncsc1C/N=c1\[nH]nc(-c2ccncc2)o1,4,0.5357142857142857,1.3248984866786222,0.9998754004443481
49942182_2392,49942182,Cc1ncsc1CNc1nnc(-c2ccncc2)o1,4,0.5185185185185185,1.5014526299563573,0.9998463656827765
49942184_2510,49942184,c1cc(-c2n[nH+]c(NCc3cncs3)o2)ccn1,4,0.5283018867924528,2.2970250325149175,0.9994923418232109
49942182_2393,49942182,Cc1ncsc1CNc1[nH+]nc(-c2ccncc2)o1,4,0.5357142857142857,2.2296723974611483,0.9991541254967757
324071116_3449,324071116,N#Cc1cc(F)c([N-]S(=O)(=O)c2c[nH]c3cc(Cl)ccc23)cc1F,4,0.49206349206349204,2.4166747815954355,0.9992989203105094
324071116_3450,324071116,N#Cc1cc(F)c(NS(=O)(=O)c2c[nH]c3cc(Cl)ccc23)cc1F,4,0.5,3.5573365036218187,0.9982756083170395
68907961_2986,68907961,CC(C)CN(Cc1cnn(C)c1)C(=O)c1cccc(-c2cnccn2)c1,4,0.3974358974358974,1.8703844524586597,0.9994031061406065
194348513_2145,194348513,COc1cc(N2CC[NH+](C)CC2)ccc1Nc1ncc2c(n1)N(C)c1ccccc1C(=O)N2,4,0.45652173913043476,2.6356124525425377,0.999015093897879
194348513_2146,194348513,COc1cc(N2CC[NH+](C)CC2)ccc1Nc1nc2c(c[nH+]1)NC(=O)c1ccccc1N2C,4,0.36363636363636365,2.7072626396415487,0.9972590644012905
131219_2733,131219,Cc1cc(Nc2ccc(F)cn2)cc([C@H]2CCN(C(=O)CCn3ncc4ccccc43)C2)n1,4,0.6842105263157895,2.6563346927667295,0.9994500752094646
131219_2732,131219,Cc1cc(Nc2ccc(F)cn2)cc([C@@H]2CCN(C(=O)CCn3ncc4ccccc43)C2)[nH+]1,4,0.6794871794871795,2.5767807434862653,0.9993632417630197
49953992_2683,49953992,CN1CCc2ccc(C(=O)NCCC(=O)Nc3cccnc3)cc21,4,0.3939393939393939,2.573071316539244,0.9993201721765042
44587026_865,44587026,O=C(Nc1ccn(Cc2ccccn2)n1)c1c(F)cccc1I,4,0.49230769230769234,2.5632834412139665,0.9993980912013664
53882277_1386,53882277,O=c1c2c([nH+]c3ccccn13)CCN(S(=O)(=O)C1CCCCC1)C2,4,0.24324324324324326,3.029710877294975,0.9940662980640408
53882277_1387,53882277,O=c1c2c(nc3ccccn13)CCN(S(=O)(=O)C1CCCCC1)C2,4,0.24324324324324326,1.6048688419930142,0.9987888731226673
300070232_2925,300070232,CCc1c2c(nc3ccc(OC(=O)N4CCC([NH+]5CCCCC5)CC4)cc13)-c1cc3c(c(=O)n1C2)COC(=O)[C@]3(O)CC,4,0.25,6.499980307662388,0.9959660479863849
50132153_1269,50132153,CCc1ccc(S(=O)(=O)[N-]Cc2ccnc(N3CCCC3)n2)cc1,4,0.31746031746031744,2.0820247356840245,0.9974251374153345
50132153_1268,50132153,CCc1ccc(S(=O)(=O)NCc2ccnc(N3CCCC3)n2)cc1,4,0.31746031746031744,1.6391107345143017,0.9992036360829776
43132553_1756,43132553,C(=C1/NC(C(c2ccccc2)c2ccccc2)=NO1)\n1c[nH+]c(C2CC2)n1,4,0.2361111111111111,3.0397226847197008,0.9983163095778346
43132553_1755,43132553,C(=C1/NC(C(c2ccccc2)c2ccccc2)=NO1)\n1cnc(C2CC2)n1,4,0.2463768115942029,1.4444382991326274,0.999457934190986
13484504_1622,13484504,CCc1nc2ccccc2n1CC(=O)Nc1ncc(C)s1,4,0.4576271186440678,1.7994460258645122,0.9995261213691006
13484504_1623,13484504,CCc1[nH+]c2ccccc2n1CC(=O)Nc1ncc(C)s1,4,0.45,1.9696334684405765,0.9994007292391962
43571967_1718,43571967,CCc1nc(C)c(Cn2cc[nH+]c2-c2cnc(N3CCCC3)nc2)s1,4,0.3088235294117647,2.220053828176086,0.9994839757071057
49040700_2243,49040700,Brc1nnc(N2CCC(OC3CCCC3)CC2)s1,4,0.2545454545454545,2.098387237856801,0.9976742698015921
23671374_358,23671374,Cc1ccc(C(=O)Nc2ncccc2C)s1,4,0.4,1.0290932902320216,0.9997928591666723
173035_2143,173035,Cc1noc([C@H]2CC[N@H+](CCc3ccccc3)CC2)n1,4,0.38596491228070173,1.6688858558934687,0.9988861170662465
11841196_1717,11841196,C[N@H+]1CC[C@H](OC(=O)Nc2ccc(Cl)c(Cl)c2)CC1,4,0.3333333333333333,1.5486180936565663,0.9985109896391562
177444469_2825,177444469,CC(=O)NCc1cc2n(n1)CCN(C1Cc3ccccc3C1)C2,4,0.4117647058823529,1.6959478175934704,0.999382722835345
177475488_3288,177475488,CS(=O)(=O)NCc1cc2n(n1)CC[N@H+](C1Cc3ccccc3C1)C2,4,0.32,2.2329861172881684,0.9993002469105735
177475488_3290,177475488,CS(=O)(=O)[N-]Cc1cc2n(n1)CC[N@H+](C1Cc3ccccc3C1)C2,4,0.32,3.230416381830508,0.9978816761204933
177475488_3289,177475488,CS(=O)(=O)NCc1cc2n(n1)CCN(C1Cc3ccccc3C1)C2,4,0.37142857142857144,1.8889677075060083,0.9992485036881502
177444469_2824,177444469,CC(=O)NCc1cc2n(n1)CC[N@H+](C1Cc3ccccc3C1)C2,4,0.3561643835616438,2.2262751402281045,0.9989526590448428
48786468_3229,48786468,COc1nccnc1N1CCC(C(=O)Nc2cccc(F)c2)CC1,4,0.36619718309859156,1.6194613301958012,0.9991041914198155
82700885_2629,82700885,Cc1cc(C)c2ccc(C(=O)N3CCN(c4nnc[nH]4)CC3)cc2n1,4,0.6229508196721312,2.3771272578470612,0.998819957045555
82700885_2630,82700885,Cc1cc(C)c2ccc(C(=O)N3CCN(c4[nH]cn[nH+]4)CC3)cc2n1,4,0.6129032258064516,1.2459526475749454,0.9993503541966867
233697_2211,233697,Cc1cncc(C2CCN(Cc3cnccn3)CC2)n1,4,0.38596491228070173,1.7316021483006354,0.9992483256789435
233697_2210,233697,Cc1cncc([C@H]2CC[N@H+](Cc3cnccn3)CC2)n1,4,0.5384615384615384,1.962122065520051,0.9992620162113819
37153227_2818,37153227,CCc1c([O-])cc(O)c(C(=O)c2ccc(OCC[NH+]3CCOCC3)c(OC)c2)c1CC(=O)N(CCOC)CCOC,4,0.3069306930693069,5.281416950024086,0.9984899548043565
37153227_2820,37153227,CCc1c(O)cc(O)c(C(=O)c2ccc(OCC[NH+]3CCOCC3)c(OC)c2)c1CC(=O)N(CCOC)CCOC,4,0.31313131313131315,3.7833411159980495,0.9983411252260213
37153227_2815,37153227,CCc1c(O)cc([O-])c(C(=O)c2ccc(OCCN3CCOCC3)c(OC)c2)c1CC(=O)N(CCOC)CCOC,4,0.31,4.4199676469407505,0.9984796423387844
37153227_2817,37153227,CCc1c([O-])cc(O)c(C(=O)c2ccc(OCCN3CCOCC3)c(OC)c2)c1CC(=O)N(CCOC)CCOC,4,0.31,3.7720261133773794,0.9987524883069294
37153227_2819,37153227,CCc1c(O)cc(O)c(C(=O)c2ccc(OCCN3CCOCC3)c(OC)c2)c1CC(=O)N(CCOC)CCOC,4,0.3163265306122449,3.99790620200144,0.9985356849816159
37153227_2816,37153227,CCc1c(O)cc([O-])c(C(=O)c2ccc(OCC[NH+]3CCOCC3)c(OC)c2)c1CC(=O)N(CCOC)CCOC,4,0.3069306930693069,4.4084257961317,0.9984579868916228
35771333_2149,35771333,NC(=O)c1ccc(Oc2ccc(C(=O)N3CCCCCC3)cc2)cc1,4,0.4090909090909091,2.2464351760067696,0.9974513352413347
177425312_2856,177425312,CN(CC1(CO)CCCC1)C(=O)CCN1CCCCC1=O,4,0.4528301886792453,1.5585570249435763,0.9996656043053895
24497238_2117,24497238,O=C(NCCc1ccc2c(c1)OCO2)C1CCCC1,4,0.4745762711864407,1.783669251851531,0.999040707287868
193781_791,193781,COc1ccc2c(c1)C=C(C[N@H+]1CC[C@@H](c3cc(-c4cncnc4)cc(C)[nH+]3)CC1)CO2,4,0.7971014492753623,2.7550484569239964,0.9989718033323982
193781_790,193781,COc1ccc2c(c1)C=C(C[N@H+]1CC[C@H](c3cc(-c4cncnc4)cc(C)n3)CC1)CO2,4,0.7941176470588235,2.928707564779791,0.9982681542581602
14004708_489,14004708,c1ccc(-n2cc(CNc3nccc[nH+]3)cn2)cc1,4,0.4716981132075472,1.4670334011200057,0.998624210210557
14004708_488,14004708,c1ccc(-n2cc(CNc3ncccn3)cn2)cc1,4,0.5,1.3472664918278496,0.9991830277058174
31908762_3246,31908762,NC(=O)c1cccc(Cn2cnc3c(oc4ccccc43)c2=O)c1,4,0.3333333333333333,1.553644425214546,0.99895285655741
53747827_3376,53747827,O=c1c2oc3ccccc3c2ncn1Cc1ccc(F)c(F)c1,4,0.3770491803278688,1.008715519857726,0.9992895785014689
4899313_2454,4899313,O=c1c2oc3ccccc3c2ncn1Cc1ccc(Cl)cc1,4,0.3559322033898305,1.5786373871159545,0.9992859652122218
177400083_2265,177400083,O=c1c2cccc(C(F)(F)F)c2ncn1C1CCCC1,4,0.31746031746031744,1.387834284055865,0.9982782083121944
35690264_1426,35690264,O=C(Nc1ccc(N2CCOCC2)nc1)N1CCc2sccc2C1,4,0.43283582089552236,2.602715697113505,0.9974106112202185
35690264_1427,35690264,O=C(Nc1ccc(N2CCOCC2)[nH+]c1)N1CCc2sccc2C1,4,0.4090909090909091,2.5414690633565495,0.998972948418007
300055299_1102,300055299,O=C([O-])CNc1nc(-c2ccccc2)[nH+]c2ccccc12,4,0.35526315789473684,2.2817261010037613,0.9975932557350529
300055299_1103,300055299,O=C([O-])CNc1[nH+]c(-c2ccccc2)nc2ccccc12,4,0.3220338983050847,1.9407673740045586,0.9985186730532618
300055299_1101,300055299,O=C([O-])CNc1nc(-c2ccccc2)nc2ccccc12,4,0.3424657534246575,1.7689140736619318,0.9988535879744942
315276693_176,315276693,COc1cc(Nc2cc(-c3cccc(C#N)c3)ccn2)ccc1N1CC[NH+](C)CC1,4,0.3709677419354839,1.8529028576801456,0.9988410541079312
315276693_177,315276693,COc1cc(Nc2cc(-c3cccc(C#N)c3)cc[nH+]2)ccc1N1CC[NH+](C)CC1,4,0.3333333333333333,2.6281048304814587,0.9981113989210794
2972727_1157,2972727,Cc1nn(CCC#N)c(C)c1Oc1ccccc1O,4,0.25396825396825395,1.6369019518590535,0.9987705537078436
2972727_1158,2972727,Cc1nn(CCC#N)c(C)c1Oc1ccccc1[O-],4,0.25396825396825395,1.5006185391364752,0.9989542578897417
217047_503,217047,Cc1c[nH]nc1[C@]1(C)CC[N@H+](Cc2cnn(C)c2)CC1,4,0.34328358208955223,1.73045543138244,0.9992380358074447
217047_502,217047,Cc1cn[nH]c1[C@]1(C)CC[N@H+](Cc2cnn(C)c2)CC1,4,0.3484848484848485,1.8603376037698505,0.999059710457935
32048916_1356,32048916,CC(C)(C)c1nc(Cn2nnc3ccccc3c2=O)no1,4,0.4,1.4030124732163702,0.99938531975443
300525339_369,300525339,CC(C)c1cnn2c(NCc3ccccc3)cc(NCCCCCC[NH3+])[nH+]c12,4,0.28169014084507044,2.664820631862576,0.9988236170011382
300525339_370,300525339,CC(C)c1cnn2c(NCc3ccccc3)cc(NCCCCCC[NH3+])nc12,4,0.2602739726027397,2.1870466387344325,0.9991782863387446
25018171_740,25018171,CN(Cc1ccc2c(c1)OCO2)Cc1ccccc1C#N,4,0.6086956521739131,1.6058209738323386,0.9982070734848154
25018171_739,25018171,C[N@@H+](Cc1ccc2c(c1)OCO2)Cc1ccccc1C#N,4,0.6086956521739131,1.8082262026636862,0.9990131472262774
48759758_2484,48759758,COC(C)(C)C(=O)Nc1ccnc(C(C)(C)C)n1,4,0.43478260869565216,1.330060900861296,0.9987865337011903
49331719_2799,49331719,O=C(CNc1cc(N2CCCC2=O)ccc1F)N1CCCCCC1,4,0.359375,1.935432509802339,0.9993061840555194
37009919_1389,37009919,O=C(NC1CCN(c2ccc(OC(F)(F)F)cc2)CC1)N1CCC1,4,0.45161290322580644,1.6579511452389541,0.997983978689529
324053897_3448,324053897,CC1(C)Cc2cc(NC(=O)c3cnn4cccnc34)c(OCC3CC3)nc2O1,4,0.620253164556962,2.0154453602120554,0.9992392203417635
36931863_537,36931863,COc1ccc2c(c1)CN(C(=O)c1cc(C3CC3)[nH]n1)CC2,4,0.352112676056338,1.7087717811340348,0.9990830106244931
48746727_2892,48746727,CN(C)C(=O)C(C)(C)NC(=O)OC(C)(C)C,4,0.2608695652173913,1.46958429496204,0.9987100033407035
36436988_3221,36436988,CSc1nccc(N2Cc3cnn(Cc4ccc(F)cc4)c3C2)n1,4,0.28378378378378377,1.6213041047258718,0.9996874054505749
36436988_3222,36436988,CSc1nc(N2Cc3cnn(Cc4ccc(F)cc4)c3C2)cc[nH+]1,4,0.28,1.9722124631997366,0.9987220668224123
29676888_3533,29676888,N#C/C(=C\c1cnn(Cc2ccccc2)c1)c1nc(=O)c2ccc(Cl)cc2[nH]1,4,0.27710843373493976,2.064986924898246,0.99965124345422
29676888_3534,29676888,N#C/C(=C\c1cnn(Cc2ccccc2)c1)c1nc2cc(Cl)ccc2c(=O)[nH]1,4,0.27710843373493976,2.132990154689097,0.9993410962318882
151085_343,151085,COc1ccc(-c2cccc([C@H]3CCC[N@@H+](CC(=O)Nc4ccccn4)C3)n2)cc1,4,0.5061728395061729,1.6683851473806406,0.9987903913724694
151085_342,151085,COc1ccc(-c2cccc([C@H]3CCCN(CC(=O)Nc4ccccn4)C3)n2)cc1,4,0.5757575757575758,1.833502658847412,0.9985247570104704
32061442_1078,32061442,O=C(NCCNc1ncccc1C(F)(F)F)c1cnc2ccccn2c1=O,4,0.3013698630136986,1.8641174855670082,0.9993794936037967
32061442_1079,32061442,O=C(NCCNc1[nH+]cccc1C(F)(F)F)c1c[nH+]c2ccccn2c1=O,4,0.27380952380952384,2.557793189450413,0.9985541112219243
32061442_1077,32061442,O=C(NCCNc1ncccc1C(F)(F)F)c1c[nH+]c2ccccn2c1=O,4,0.3157894736842105,2.561405278357531,0.9994414640084498
48237764_305,48237764,Clc1cccc(CNc2nc(C3CC3)no2)c1,4,0.3559322033898305,1.2517200166170184,0.9983248282188509
48237764_306,48237764,Clc1cccc(CNc2[nH+]c(C3CC3)no2)c1,4,0.33962264150943394,0.9681100144096862,0.9989551224164017
265647_2945,265647,CCc1n[nH]/c(=N/c2cc(C)nc([C@@H]3CN(C(=O)C(C)C)CCO3)c2)s1,4,0.6025641025641025,1.947632665571118,0.9989024795464001
265647_2944,265647,CCc1nnc(Nc2cc(C)[nH+]c([C@@H]3CN(C(=O)C(C)C)CCO3)c2)s1,4,0.5897435897435898,1.6731431498831755,0.9989217651075453
265647_2943,265647,CCc1nnc(Nc2cc(C)nc([C@@H]3CN(C(=O)C(C)C)CCO3)c2)s1,4,0.5945945945945946,1.5729901461865474,0.9996031772369213
49084025_2693,49084025,O=C(NCC1CCC2(CC1)OCCO2)c1n[nH]c2c1CCCC2,4,0.543859649122807,1.8738209626319982,0.9991964813125724
49646610_264,49646610,CCN(C/C=C/c1ccc(F)cc1)Cc1nc(COC)no1,4,0.2835820895522388,1.888929591064863,0.9979088545618707
49646610_265,49646610,CC[N@@H+](C/C=C/c1ccc(F)cc1)Cc1nc(COC)no1,4,0.2835820895522388,1.9207404822099734,0.998691743350636
49144758_521,49144758,CSCCc1nn(CCO)c(-c2cc(C)nc3cc(F)ccc23)[nH+]1,4,0.3939393939393939,1.52192739642845,0.9982786772597637
49144758_520,49144758,CSCCc1nc(-c2cc(C)nc3cc(F)ccc23)n(CCO)n1,4,0.4032258064516129,1.204767612445958,0.9994032123093093
6630813_863,6630813,Cc1ccc(CNC(=O)C[N@H+]2CC[C@H](n3nnc4cc(C)ccc43)CC2)cc1,4,0.3698630136986301,2.3710828749750577,0.9981104179302291
6630813_862,6630813,Cc1ccc(CNC(=O)CN2CCC(n3nnc4cc(C)ccc43)CC2)cc1,4,0.375,1.7177074838280708,0.9984406793189678
49976422_769,49976422,Cn1cc(-c2nnc(NCc3ccc4ccccc4c3)o2)cn1,4,0.4032258064516129,1.6914334157749527,0.9992214476947697
19162470_1901,19162470,O=C(Cc1ccc2c(c1)OCCO2)NC1CCCCCC1,4,0.6304347826086957,2.2853312670158012,0.9989205692910588
2042658_2044,2042658,O=C(Cc1cccs1)NCc1ccccc1F,4,0.37254901960784315,1.1045908744872546,0.9993520066113892
82741701_2605,82741701,CCc1c(C)nn(CCNC(=O)CCc2cnccn2)c1C,4,0.5818181818181818,1.5406855616903075,0.9991421325474312
3030747_3687,3030747,CCC(C)(C)c1ccc(Oc2ccc(NC(=O)CSc3cccc[n+]3[O-])cc2)cc1,4,0.3142857142857143,3.2834015898150093,0.9956973727781675
73014318_1271,73014318,Fc1ccc(NCc2cccc(OCCN3CCOCC3)c2)nc1,4,0.38028169014084506,2.192140506445799,0.9971954409471893
73014318_1272,73014318,Fc1ccc(NCc2cccc(OCC[NH+]3CCOCC3)c2)nc1,4,0.4,2.0295169375985753,0.9991994539629224
73014318_1273,73014318,Fc1ccc(NCc2cccc(OCCN3CCOCC3)c2)[nH+]c1,4,0.33783783783783783,2.9940726444093126,0.9960082134613705
139117_68,139117,CN(C)C(=O)C1(Cc2ccccc2-c2ccccc2)CCN(C(=O)[C@H]2CCCO2)CC1,4,0.5909090909090909,1.7023395665963819,0.9993391377381812
17400188_372,17400188,COc1cc(C(C)C)c2c(c1)S(=O)(=O)N(COc1cc(=O)n3cccc(OCC[NH+]4CCCCC4)c3[nH+]1)C2=O,4,0.3170731707317073,4.530027041861834,0.9985135959363401
17400188_371,17400188,COc1cc(C(C)C)c2c(c1)S(=O)(=O)N(COc1cc(=O)n3cccc(OCC[NH+]4CCCCC4)c3n1)C2=O,4,0.32098765432098764,3.4531191696786174,0.9982554830739553
42960950_424,42960950,Cc1ccc(C[NH2+]C/C=C/c2ccccc2)cn1,4,0.5106382978723404,1.3188385041389745,0.998586853618918
42960950_425,42960950,Cc1ccc(CNC/C=C/c2ccccc2)cn1,4,0.38461538461538464,1.1798944868079937,0.9994046394674414
1541141_1807,1541141,O=C([O-])CCC(=O)Nc1ccccc1-c1nc2ccccc2[nH]c1=O,4,0.3448275862068966,1.6701380182491614,0.9992254876621706
49951840_2391,49951840,Cc1cccc(NCCN2C(=O)CCC2=O)[nH+]1,4,0.47058823529411764,4.152070567800999,0.9905981830963894
49951840_2390,49951840,Cc1cccc(NCCN2C(=O)CCC2=O)n1,4,0.46153846153846156,1.2621620339719786,0.9997761604457914
48779690_1338,48779690,CC1(C)COCC[N@H+]1Cc1cnn(-c2ccccc2)n1,4,0.25,1.5714483764986253,0.9981765101389962
48779690_1339,48779690,CC1(C)COCCN1Cc1cnn(-c2ccccc2)n1,4,0.25,1.6548456121343444,0.9990131037223487
50282202_179,50282202,CCS(=O)(=O)N1CCN(c2ccc(Nc3ncc(C(N)=O)c(NC4CC4)n3)cc2)CC1,4,0.32608695652173914,3.4144219130040554,0.9951031946104876
50282202_180,50282202,CCS(=O)(=O)N1CCN(c2ccc(Nc3nc(NC4CC4)c(C(N)=O)c[nH+]3)cc2)CC1,4,0.30612244897959184,4.2310525877137035,0.9936547552025867
53927369_1429,53927369,Cc1cn(CCN2CCN(c3ccccc3-c3cc(C#N)cc(C(=O)NCCC[NH+]4CCCC4)c3)CC2)c2ccccc12,4,0.4,5.512193030001969,0.9973415243215172
53927369_1428,53927369,Cc1cn(CC[NH+]2CCN(c3ccccc3-c3cc(C#N)cc(C(=O)NCCC[NH+]4CCCC4)c3)CC2)c2ccccc12,4,0.40963855421686746,7.381823487458991,0.998549774202769
27513231_762,27513231,Nc1nnc(-c2ccc3c(c2)OCCO3)o1,4,0.5454545454545454,2.295104572780938,0.9975518880977848
49320295_1299,49320295,Cc1cc(C)[nH+]c(NC(=O)N(C)C2CCC2)c1,4,0.3333333333333333,1.7031773248842128,0.9984577070111091
49320295_1298,49320295,Cc1cc(C)nc(NC(=O)N(C)C2CCC2)c1,4,0.4230769230769231,1.3845732194434217,0.9991359287961167
49969678_2245,49969678,Cn1cc(CNc2ncccn2)c(C(C)(C)C)n1,4,0.36363636363636365,1.5700248405680985,0.9995238019519502
31213616_2106,31213616,Cc1noc(-c2ccc(NC(=O)Cc3ccccc3)cc2)n1,4,0.4444444444444444,1.4785161480348215,0.9992955669613175
49968826_2654,49968826,Cc1cccc(NC(=O)N2CCC([NH+]3CC=CC3)CC2)c1Cl,4,0.3709677419354839,1.3239399533212515,0.9991593744241617
53784330_2528,53784330,COc1cccc(F)c1NC(=O)N1CCC([NH+]2CC=CC2)CC1,4,0.3387096774193548,0.9524258501318064,0.9995105059564617
24879868_1895,24879868,CCC(=O)N1CCCc2cc([C@@H](O)C[NH+]3CCN(c4ccc(OC)cc4)CC3)ccc21,4,0.40540540540540543,2.9339049064346594,0.9986735407427866
24879868_1896,24879868,CCC(=O)N1CCCc2cc([C@@H](O)CN3CCN(c4ccc(OC)cc4)CC3)ccc21,4,0.32051282051282054,2.8265526706574238,0.998694154576525
32444518_986,32444518,Nc1cnc(Cc2ccc(F)cc2)nc1,4,0.28888888888888886,1.3020384018914752,0.9980302084110901
48247754_742,48247754,Cc1ccc(C(=O)NC2CCN(CC#N)CC2)cc1Br,4,0.39344262295081966,1.0033703204699962,0.9989093383857665
35986174_340,35986174,Cc1ccccc1OCCCNc1cc(Cn2c(C)[nH+]c3ccccc32)[nH+]c(N)n1,4,0.4918032786885246,2.624444131620862,0.997302285738778
35986174_341,35986174,Cc1ccccc1OCCCNc1cc(Cn2c(C)[nH+]c3ccccc32)nc(N)n1,4,0.4918032786885246,0.8141474067981208,0.9997448233314097
35986106_2204,35986106,Cc1cccc(OCCCNc2cc(Cn3c(C)[nH+]c4ccccc43)[nH+]c(N)n2)c1,4,0.32857142857142857,2.1060614900804104,0.9985841532540819
35986106_2205,35986106,Cc1cccc(OCCCNc2cc(Cn3c(C)[nH+]c4ccccc43)nc(N)n2)c1,4,0.32857142857142857,1.0168701982048645,0.9996370698757011
35986106_2203,35986106,Cc1cccc(OCCCNc2cc(Cn3c(C)nc4ccccc43)nc(N)n2)c1,4,0.3333333333333333,2.8022706864250315,0.997564903743924
35986174_338,35986174,Cc1ccccc1OCCCNc1cc(Cn2c(C)nc3ccccc32)[nH+]c(N)n1,4,0.4838709677419355,2.2652821016373883,0.9982056070069593
35986174_339,35986174,Cc1ccccc1OCCCNc1cc(Cn2c(C)nc3ccccc32)nc(N)n1,4,0.5,1.9073859074661348,0.9988252928728473
35986106_2202,35986106,Cc1cccc(OCCCNc2cc(Cn3c(C)nc4ccccc43)[nH+]c(N)n2)c1,4,0.323943661971831,2.3918754148157113,0.9979040343030571
31619881_2091,31619881,CC(C)c1cc(CN(C)Cc2c[nH]nc2-c2ccc(F)cc2)no1,4,0.4032258064516129,1.6484262191559549,0.9992955348685845
31619881_2089,31619881,CC(C)c1cc(C[N@@H+](C)Cc2c[nH]nc2-c2ccc(F)cc2)no1,4,0.3968253968253968,1.9038314000983367,0.9997320353262549
31619881_2090,31619881,CC(C)c1cc(C[N@H+](C)Cc2cn[nH]c2-c2ccc(F)cc2)no1,4,0.3968253968253968,1.5876983340673603,0.9998322197203682
48753166_2440,48753166,CCc1[nH+]ccn1Cc1nc(N)nc(N(C)C)n1,4,0.3137254901960784,1.0238090642305127,0.9996554881272545
48753166_2439,48753166,CCc1nccn1Cc1nc(N)nc(N(C)C)n1,4,0.32,2.1796511188717864,0.999664266184648
49346047_2399,49346047,Cc1nccc(NC(=O)c2ccncc2Cl)c1Cl,4,0.35185185185185186,1.7500368567546765,0.9993861822039136
49346047_2400,49346047,Cc1[nH+]ccc(NC(=O)c2ccncc2Cl)c1Cl,4,0.3076923076923077,2.6602770532411903,0.9988755539268743
30451421_1576,30451421,O=C(NC1=NS(=O)(=O)c2ccccc21)c1cc(-c2ccc(F)cc2)no1,4,0.2926829268292683,2.786189153664884,0.9993295566876743
48278518_2108,48278518,Cc1nnnn1CCN(C)c1ccccc1,4,0.45454545454545453,1.572227400855298,0.9980537726503398
31981950_836,31981950,CC(=O)NCC1CCN(C(=O)c2ccc(C)nc2)CC1,4,0.5084745762711864,1.3177765364427234,0.9991767749077566
425680_236,425680,Cc1cc(-c2cnn(CCNC(=O)c3sc(C)nc3C)c2C2CC2)on1,4,0.38961038961038963,2.2155128074564443,0.999488154853184
24121680_294,24121680,Cc1ccccc1CNC(=O)c1ccc(-n2ccnc2)nc1,4,0.6,1.76939594212288,0.9990489324145464
30197060_1073,30197060,CN(Cc1c(F)cccc1Cl)C(=O)c1ccc(-n2cc[nH+]c2)nc1,4,0.43283582089552236,1.3389566833916802,0.9987126536697115
29640121_1979,29640121,CN(Cc1ccc(Cl)cc1)C(=O)c1ccc(-n2cc[nH+]c2)nc1,4,0.5,2.005838727315679,0.9971685306272943
18815715_870,18815715,O=C(NCc1ccc(F)cc1)c1ccc(-n2ccnc2)nc1,4,0.6226415094339622,1.9419250757950748,0.9991397606308515
30197060_1072,30197060,CN(Cc1c(F)cccc1Cl)C(=O)c1ccc(-n2ccnc2)nc1,4,0.4393939393939394,1.6964091487613535,0.99858422115073
24121680_295,24121680,Cc1ccccc1CNC(=O)c1ccc(-n2cc[nH+]c2)nc1,4,0.6071428571428571,2.3342913271484336,0.9980189431564165
29640121_1978,29640121,CN(Cc1ccc(Cl)cc1)C(=O)c1ccc(-n2ccnc2)nc1,4,0.5344827586206896,1.5853195261525577,0.9987606283021326
18815715_871,18815715,O=C(NCc1ccc(F)cc1)c1ccc(-n2cc[nH+]c2)nc1,4,0.6296296296296297,2.084250224901202,0.9987930028162981
48210000_586,48210000,CC[N@H+]1CC[C@H](Nc2ncnc3c2cnn3C)CC1,4,0.40350877192982454,2.175496724888372,0.9987666550977337
48210000_587,48210000,CC[N@H+]1CC[C@H](Nc2[nH+]cnc3c2cnn3C)CC1,4,0.423728813559322,3.04841795034718,0.9981229205766551
35701590_270,35701590,CC[N@H+]1CC[C@H](N(C)c2[nH+]cnc3c2cnn3C)CC1,4,0.5454545454545454,3.125581865829113,0.9983814821966885
35701590_269,35701590,CC[N@H+]1CC[C@H](N(C)c2ncnc3c2cnn3C)CC1,4,0.5283018867924528,1.8227229630419248,0.9994489712362634
30448845_1304,30448845,CC1(C)Cc2cc(CN3CCC4(CC3)NC(=O)N(Cc3ccccc3)C4=O)ccc2O1,4,0.34782608695652173,2.840717514994764,0.998787051525869
30448845_1303,30448845,CC1(C)Cc2cc(C[N@H+]3CC[C@]4(CC3)NC(=O)N(Cc3ccccc3)C4=O)ccc2O1,4,0.3380281690140845,3.451752743172821,0.9988880236598655
2344317_734,2344317,Fc1ccccc1CN1CCN(c2ncccn2)CC1,4,0.5111111111111111,1.5135474885185203,0.9988524488438149
2344317_735,2344317,Fc1ccccc1C[NH+]1CCN(c2ncccn2)CC1,4,0.5434782608695652,1.33544112562086,0.9992485939134338
2343643_1193,2343643,Fc1cccc(CN2CCN(c3ncccn3)CC2)c1,4,0.46808510638297873,1.6765452573671729,0.9983108123528243
2343643_1192,2343643,Fc1cccc(C[NH+]2CCN(c3ncccn3)CC2)c1,4,0.4897959183673469,1.4511474769987764,0.99969193312572
300011391_119,300011391,O=c1[nH]ccc2c(S(=O)(=O)N3CCC[NH2+]CC3)cccc12,4,0.5576923076923077,1.6342894480476693,0.997527569291141
300011391_120,300011391,O=c1[nH]ccc2c(S(=O)(=O)N3CCCNCC3)cccc12,4,0.5686274509803921,2.0355827175529995,0.9984978346087938
265683_2730,265683,COc1cccc(CC(=O)N2CCO[C@@H](c3cc(Nc4nnc(C)s4)cc(C)[nH+]3)C2)c1,4,0.6794871794871795,2.708241680500527,0.9994821895306572
265683_2731,265683,COc1cccc(CC(=O)N2CCO[C@H](c3cc(/N=c4\[nH]nc(C)s4)cc(C)n3)C2)c1,4,0.6923076923076923,1.3669034347756122,0.9992885484074421
265683_2729,265683,COc1cccc(CC(=O)N2CCO[C@H](c3cc(Nc4nnc(C)s4)cc(C)n3)C2)c1,4,0.6842105263157895,1.22986340704988,0.9992396302974399
44498516_3033,44498516,O=C(Nc1ccc(N2CCCC2)cn1)c1ccc(-c2cnco2)cc1,4,0.5,2.4619835499051246,0.9988478900179496
49325135_2939,49325135,Cc1cc(C(=O)N(C)c2nc3ccccc3s2)cc([O-])n1,4,0.3559322033898305,2.46224937810924,0.9984162972481248
49325135_2938,49325135,Cc1cc(C(=O)N(C)c2nc3ccccc3s2)cc(=O)[nH]1,4,0.35,1.3307317535854368,0.999111549481324
2289263_1465,2289263,COc1ccccc1CC(=O)N[C@H]1CC[N@H+](C)CC1,4,0.4716981132075472,1.3609173376810892,0.9984715227726012
49944040_3424,49944040,COc1cc(CC[NH2+]C2CCC3(CC2)OCCO3)ccc1F,4,0.3484848484848485,2.7598664822775087,0.9988081036764905
25649639_1111,25649639,COc1ccc2nc(C)c(C(=O)Nc3ccccc3N3CCCC3)cc2c1,4,0.3939393939393939,1.3804013909004247,0.9994812605766888
43104263_675,43104263,CCc1ccc2nc(C)cc(C(=O)N3CC(c4cccnc4)C3)c2c1,4,0.30434782608695654,1.525286858265821,0.9994140712387046
36675429_240,36675429,C#CCNC(=O)C[N@H+]1CCCN(C(=O)c2cccc(C)n2)CC1,4,0.4305555555555556,1.4678480847824296,0.9994055547115045
36675429_239,36675429,C#CCNC(=O)CN1CCCN(C(=O)c2cccc(C)n2)CC1,4,0.4142857142857143,1.2132753191259245,0.9993717506471994
29627143_1876,29627143,Nc1ccc(C(=O)N2CCOCC2)c(Cl)c1,4,0.375,1.389448091869461,0.998740643747568
3389897_1009,3389897,O=C(Nc1nccs1)c1c2c(nc3ccccc13)CCC2,4,0.5517241379310345,0.8639456001387353,0.9996444757525622
23673158_1115,23673158,O=C(c1ccc(=O)[nH]c1)N1CCN(c2ncccn2)CC1,4,0.375,1.4596239241665871,0.9987714188870156
23673158_1116,23673158,O=C(c1ccc([O-])nc1)N1CCN(c2ncccn2)CC1,4,0.43859649122807015,2.187327136027035,0.9972594127933392
45636709_95,45636709,O=C(Nc1ccc2ccccc2n1)c1ccc(N2CCOC2=O)cc1,4,0.5517241379310345,1.1849569612435602,0.9992320939999997
33362309_1374,33362309,COc1ccc(-c2csc3ncnc(Oc4ccc(C)nc4)c23)cc1,4,0.5,1.4831153023285448,0.9994999315577513
48745204_2688,48745204,CS(=O)(=O)N[C@@H]1CCCN(c2nc3ccccc3o2)C1,4,0.37681159420289856,1.7744506192058502,0.9992431090770891
48745204_2689,48745204,CS(=O)(=O)[N-][C@@H]1CCCN(c2nc3ccccc3o2)C1,4,0.35714285714285715,2.459089465635478,0.9990028625915618
36008838_1798,36008838,CCCCCCNc1nc[nH+]c2[nH]ccc12,4,0.25675675675675674,4.402125736505043,0.9968349012565831
36008838_1797,36008838,CCCCCCNc1[nH+]cnc2[nH]ccc12,4,0.3142857142857143,3.960779847454356,0.9974653871294883
36008838_1796,36008838,CCCCCCNc1ncnc2[nH]ccc12,4,0.29411764705882354,3.8562508995131575,0.9987084174926647
177472658_2984,177472658,CN(CC1(CO)CCC1)C(=O)CCN1CCCCC1=O,4,0.42592592592592593,1.6084899751010324,0.9993551688688764
422202_2262,422202,CC(C)N(C(=O)C[n+]1cccc2cc(C(F)F)[nH]c21)C(C)C,4,0.2753623188405797,1.9577673508360347,0.9994024738090519
43249211_1149,43249211,O=C([O-])c1ccccc1-n1cnc(CN2CCCC2)c1,4,0.3125,1.6018454981670676,0.9991819192313884
43249211_1148,43249211,O=C([O-])c1ccccc1-n1cnc(C[NH+]2CCCC2)c1,4,0.4528301886792453,2.2015744366247247,0.9968966113425766
49920814_979,49920814,Cc1noc(NCc2cccc(-c3cccnc3)c2)[nH+]1,4,0.4444444444444444,1.7081970026901954,0.9991900256076104
49920814_978,49920814,Cc1noc(NCc2cccc(-c3cccnc3)c2)n1,4,0.4339622641509434,1.5904857748504948,0.9985507498034817
49946002_2809,49946002,c1cnc(NCc2cccc(-c3cccnc3)c2)nc1,4,0.4883720930232558,1.162088206635289,0.9990254365528755
49955148_1151,49955148,Cc1cc(C)c(CC(=O)N2CC(CO)C2)c(C)c1,4,0.296875,1.9266424162255662,0.9987343419432501
48832018_1988,48832018,O=C(Cc1cccc(I)c1)N1CC(CO)C1,4,0.3508771929824561,2.571807535567099,0.9972061927520461
49300403_2289,49300403,Cc1noc(NCc2c(C)nn(C)c2C)[nH+]1,4,0.42857142857142855,1.1523935959559017,0.9995343756832016
49300403_2288,49300403,Cc1noc(NCc2c(C)nn(C)c2C)n1,4,0.4166666666666667,1.4622999008415714,0.9996989804367019
MCULE-3550646247_1645,MCULE-3550646247,N#CC1(NC(=O)CN2CCOCC2)CCCCCC1,4,0.40384615384615385,1.2585034763555742,0.9994107995995412
25633058_506,25633058,CCOC(=O)N1CCC(Nc2nc3ccccc3s2)CC1,4,0.4067796610169492,1.320447272707053,0.9993197612068224
36334458_3666,36334458,CCC(=O)Nc1cccc(C(=O)N2CCN(C)Cc3ccccc32)c1,4,0.3382352941176471,1.2254546095224945,0.9986854753354685
36334458_3665,36334458,CCC(=O)Nc1cccc(C(=O)N2CC[N@H+](C)Cc3ccccc32)c1,4,0.3563218390804598,1.213973640570894,0.9992341460664548
42961472_1894,42961472,Cc1ccc(-c2noc(CCC(=O)N3CCCC3(C)C)n2)cc1F,4,0.34328358208955223,2.0346476353413285,0.999155874786709
31405077_1383,31405077,Cc1c(C)n(Cc2ccccc2)c2ncnc(N)c12,4,0.29508196721311475,1.9406449958713758,0.9991743955236673
31405077_1384,31405077,Cc1c(C)n(Cc2ccccc2)c2nc[nH+]c(N)c12,4,0.31746031746031744,2.1810878019925304,0.998613576178547
45816980_63,45816980,COc1nn(C)cc1C(=O)Nc1cccc(-c2c[nH+]c3n2CCC3)c1,4,0.35,2.4947222290270394,0.9985643346803204
49944058_998,49944058,CCn1nccc1CNc1nnc(-c2ccc(OC)cc2)o1,4,0.46938775510204084,1.605194692241757,0.9991999073093033
49944058_999,49944058,CCn1nccc1CNc1[nH+]nc(-c2ccc(OC)cc2)o1,4,0.45098039215686275,1.5421994034492794,0.9990442981957988
23280366_2136,23280366,COc1ccc(CC(=O)N2CCc3[nH]c4ccc(Cl)cc4c3C2)cc1OC,4,0.4657534246575342,1.8081755998791722,0.9990572685945076
32138137_2040,32138137,Cc1noc(CC/[NH+]=c2\nc[nH]c3ccccc23)n1,4,0.4716981132075472,1.5043739561686584,0.9991826007227624
32138137_2039,32138137,Cc1noc(CCNc2ncnc3ccccc23)n1,4,0.45098039215686275,1.2872637647352072,0.9994981733046397
351738_1307,351738,COc1cc2cc(N)c(C3CCN(C(=O)C(C)(C)C)CC3)nc2cc1OC,4,0.3918918918918919,2.028659409560874,0.999072113622163
EN300-1590205_426,EN300-1590205,CC(C)(C)n1ncc(OCc2ccc(OCCOCCO)nc2)c(Cl)c1=O,4,0.2898550724637681,1.3935774108386063,0.9986655956320131
43060096_2077,43060096,COc1cncc(-c2ccnc3[nH]ccc23)c1,4,0.4807692307692308,2.446963628663075,0.9992503565993689
36673851_604,36673851,CCNC(=O)N1CCC(c2nc(-c3ccccc3)no2)CC1,4,0.3888888888888889,0.8296595687388522,0.9994201232882555
48629606_1198,48629606,Cc1nc(-c2cc(C)on2)n(CCc2ccccc2)n1,4,0.3448275862068966,1.2814523011022982,0.9993367790462029
48629606_1199,48629606,Cc1nn(CCc2ccccc2)c(-c2cc(C)on2)[nH+]1,4,0.32786885245901637,0.6563040453937903,0.999565857786208
134495_3675,134495,O=C(Cn1cccc(C(=O)Nc2cccc(-n3cccn3)c2)c1=O)NC1CCCCC1,4,0.3037974683544304,2.974172658067733,0.999158867930116
73020372_1104,73020372,COCCS(=O)(=O)N1CCC2(Cc3ccccc3C2)C1,4,0.4807692307692308,0.9098637260608708,0.9992587742995019
222768389_3440,222768389,Cc1nnc(CN(C)Cc2cnn(C)c2C)s1,4,0.2545454545454545,1.4069122218532102,0.9995579302305909
222768389_3439,222768389,Cc1nnc(C[N@H+](C)Cc2cnn(C)c2C)s1,4,0.25862068965517243,1.9297256281660031,0.9991944067097257
53873925_1531,53873925,COc1ccc(CCC(=O)N2CCN(C(=O)c3cc4n(n3)CCCC4)CC2)cc1,4,0.5172413793103449,2.2036984820976007,0.9974640411405794
49297123_513,49297123,Cc1cc(C)c(NC(=O)c2ccnc(OC3CCC3)c2)c(C)n1,4,0.423728813559322,1.1431474095671572,0.9991283191364925
49297123_514,49297123,Cc1cc(C)c(NC(=O)c2ccnc(OC3CCC3)c2)c(C)[nH+]1,4,0.4166666666666667,1.4910449356068531,0.9992961577672981
42653736_1436,42653736,O=c1[nH]c2ccccc2n1C1CCN(CCOc2ccccc2)CC1,4,0.6296296296296297,1.7226090676646568,0.9985191232259778
42653736_1435,42653736,O=c1[nH]c2ccccc2n1[C@H]1CC[N@@H+](CCOc2ccccc2)CC1,4,0.6363636363636364,1.889046320236563,0.9993453051538604
177471695_2837,177471695,COc1cc(C)cc(OC)c1-c1ccc(-c2nnn[n-]2)cc1,4,0.2857142857142857,1.9412866867106338,0.997811775161007
45712854_3539,45712854,CCN(c1ccccc1)S(=O)(=O)c1ccc(C(=O)Nc2ccccc2C(C)=O)cc1,4,0.4339622641509434,1.4852986231731378,0.9988270680865818
177363859_2568,177363859,CCCc1ccc(-c2cccc(C(=O)N3CCN(CC(N)=O)CC3)c2)cc1,4,0.4074074074074074,2.8092369070622234,0.9945094354860632
82702219_2989,82702219,CCCC[NH+]1CCN(C(=O)c2cccc(-c3ccc(CO)cc3)c2)CC1,4,0.375,2.611080044732527,0.9979274351304589
82702219_2990,82702219,CCCCN1CCN(C(=O)c2cccc(-c3ccc(CO)cc3)c2)CC1,4,0.3888888888888889,2.5847228091229093,0.998061092067095
33303639_414,33303639,COc1ccc(-n2c(Cn3cnc(C#N)n3)[nH+]c3ccccc32)cc1,4,0.3235294117647059,1.2078700261203434,0.9996051152064904
33303639_413,33303639,COc1ccc(-n2c(Cn3cnc(C#N)n3)nc3ccccc32)cc1,4,0.3283582089552239,1.5757899606228893,0.9987722467010126
33339849_1556,33339849,CCCn1c(=O)n(Cc2ccc(C#N)cc2F)c2ccccc21,4,0.45614035087719296,1.7359357707012675,0.9986903923483602
1195337_728,1195337,Nc1ccc2nc(CCc3ccccc3)[nH]c2c1,4,0.3958333333333333,1.3623501752483895,0.9990404348646373
1195337_730,1195337,Nc1ccc2[nH+]c(CCc3ccccc3)[nH]c2c1,4,0.3958333333333333,1.7760563054137388,0.9981739755602835
1195337_729,1195337,Nc1ccc2[nH]c(CCc3ccccc3)nc2c1,4,0.425531914893617,1.410975194678923,0.9990317903300665
31327400_1460,31327400,C[N@@H+]1CCc2nc(NC(=O)c3c[nH+]cn3-c3ccccc3)sc2C1,4,0.5483870967741935,2.300291720630675,0.9990321009970924
31327400_1459,31327400,C[N@H+]1CCc2nc(NC(=O)c3cncn3-c3ccccc3)sc2C1,4,0.5573770491803278,1.5998693696682216,0.9991733446358243
44447021_1910,44447021,Cc1ccc(N2CCN(C(=O)c3c(C)nc4sccn34)CC2=O)cc1,4,0.47692307692307695,1.616485694338216,0.9987039534200544
44447021_1909,44447021,Cc1ccc(N2CCN(C(=O)c3c(C)[nH+]c4sccn34)CC2=O)cc1,4,0.44776119402985076,1.9566586314425038,0.9983108548328011
317654466_2645,317654466,[NH2+]=c1nc[nH]c2ccc(-c3ccnc(F)c3)nc12,4,0.2463768115942029,2.736989587119466,0.9978033549294465
317654466_2644,317654466,Nc1ncnc2ccc(-c3ccnc(F)c3)nc12,4,0.2916666666666667,1.9505104460118217,0.998229005637322
222599_1372,222599,c1cc2cc[nH]c2c(C[C@H]2C[N@H+](C3CCCC3)C2)n1,4,0.35185185185185186,1.9420355300559842,0.9987655103224504
222599_1373,222599,c1cc2cc[nH+]c(C[C@H]3C[N@H+](C4CCCC4)C3)c2[nH]1,4,0.30357142857142855,3.074174360702403,0.9983110241073545
89942347_3160,89942347,CC(C)(O)Cn1nc(-c2ccccc2)c2c(Cl)c(-c3ccccc3)nnc21,4,0.25806451612903225,1.8545344429264043,0.9988550535072209
31879758_921,31879758,O=C(CCc1cccs1)Nc1ccc(N2CCOCC2)cn1,4,0.40625,1.1696704664136368,0.9993342459649658
49337535_3380,49337535,Cc1cc(NCC2(c3ccncc3)CC2)nc[nH+]1,4,0.3103448275862069,1.0799699069886812,0.9992657460092105
49337535_3379,49337535,Cc1cc(NCC2(c3ccncc3)CC2)ncn1,4,0.30357142857142855,1.2440554650015636,0.9993456867373621
1465672_3096,1465672,c1ccc(Nc2nc(N3CCNCC3)nc(N3CCOCC3)n2)cc1,4,0.8378378378378378,1.9300121761280238,0.9989998443135606
1465672_3095,1465672,c1ccc(Nc2nc(N3CC[NH2+]CC3)nc(N3CCOCC3)n2)cc1,4,0.8378378378378378,2.273117022944708,0.9991165298608594
1527130_907,1527130,COc1cccc(CNc2[nH+]cc(-c3ccccc3)n2C)c1,4,0.3230769230769231,1.0471418242053143,0.9988404974279282
1527152_515,1527152,Cn1c(-c2ccccc2)c[nH+]c1NCc1ccccc1,4,0.35185185185185186,1.731635065479726,0.9981449145013376
49146795_761,49146795,Cn1cc(C#N)cc1-c1nc(C2CC2)nn1CCc1ccccc1,4,0.3466666666666667,1.6228853933657976,0.9984245108293256
49146795_760,49146795,Cn1cc(C#N)cc1-c1[nH+]c(C2CC2)nn1CCc1ccccc1,4,0.328125,1.5099920529595239,0.99850544581692
37022061_1325,37022061,COc1cc(F)c(NCC(=O)Nc2ccc(C)cc2)cc1OC,4,0.3888888888888889,1.8210831941458239,0.9974505702686712
48337674_81,48337674,CC(=O)N1CCN(c2nc(C(F)(F)F)nc3sc(C)c(C)c23)CC1,4,0.36363636363636365,2.864153278021123,0.9994057085315763
49307701_818,49307701,Clc1cc2ncc(-n3ccnc3)nc2cc1Cl,4,0.3191489361702128,1.94330903358148,0.9986407460264476
49130614_2531,49130614,O=C(Cn1cc(NCc2cccc(Cl)c2)cn1)N1CCOCC1,4,0.3246753246753247,1.2018639690082376,0.9992537792353973
73036824_211,73036824,O=C([C@H]1CC[C@@H](O)CC1)N1CCCN(c2ccc(F)cc2)CC1,4,0.4727272727272727,1.7920624989103553,0.9986411981346799
49155634_2176,49155634,COCC1(c2[nH+]c(-c3ccncc3)nn2Cc2cccc(Cl)c2)CC1,4,0.2839506172839506,2.021151651905309,0.9985075044732589
49155634_2175,49155634,COCC1(c2nc(-c3ccncc3)nn2Cc2cccc(Cl)c2)CC1,4,0.2716049382716049,1.1888687900687556,0.9988941974234372
222774342_3420,222774342,CCCc1nnc(N2CCC3(CCCC3)C2)s1,4,0.30357142857142855,2.6538328884839517,0.9989417530506941
13482608_3052,13482608,COc1ccc2cc(C(=O)NCc3nnc4n3CCCCC4)ccc2c1,4,0.484375,1.9114981035826875,0.9990726163461284
49951308_2674,49951308,O=C(Cc1n[nH]c2ccccc12)N1CCCO1,4,0.38181818181818183,0.995092960482006,0.9996572981186249
49951308_2675,49951308,O=C(Cc1[nH]nc2ccccc12)N1CCCO1,4,0.3392857142857143,0.8259128283297029,0.999864784856483
50136169_1215,50136169,CC(=O)Nc1ccc(C(=O)N2CCc3ncncc3C2)cc1,4,0.34210526315789475,1.6060663124540426,0.9993334558566562
44114971_2490,44114971,CSc1ccc(C)c(C(=O)NCC[N@H+]2CC[C@@H](C)CC2)c1,4,0.5283018867924528,2.475261198338135,0.9967490082648977
44064836_3700,44064836,O=C1CCCN1c1ccc(S(=O)(=O)Nc2cccc(-c3nnc4n3CCC4)c2)cc1,4,0.7049180327868853,1.5496948086634847,0.9991447792882211
44064836_3701,44064836,O=C1CCCN1c1ccc(S(=O)(=O)[N-]c2cccc(-c3nnc4n3CCC4)c2)cc1,4,0.7049180327868853,3.242990595114396,0.9975319266678829
35762433_2112,35762433,Cc1nn(C)c(C)c1NC(=O)CN1CCC2(CCCCC2)CC1,4,0.5357142857142857,2.198147401791094,0.9991965571188534
35762433_2111,35762433,Cc1nn(C)c(C)c1NC(=O)C[NH+]1CCC2(CCCCC2)CC1,4,0.38095238095238093,1.7630357341811795,0.9987119970274516
11886855_2646,11886855,Cc1ccc(C(=O)NCCc2ccc(F)cc2)o1,4,0.44680851063829785,1.435342816194052,0.9992828363075379
32146431_1340,32146431,C[N@H+](CC(=O)Nc1ccncc1)C1CCCC1,4,0.5185185185185185,1.346512903763017,0.998570151673957
32146431_1341,32146431,CN(CC(=O)Nc1ccncc1)C1CCCC1,4,0.5294117647058824,1.401154880803546,0.9978186752692841
32146431_1342,32146431,CN(CC(=O)Nc1cc[nH+]cc1)C1CCCC1,4,0.5294117647058824,0.6503691259578669,0.9994647775764418
82737949_3005,82737949,COc1ncc(C(=O)NCc2cnn3cccnc23)cn1,4,0.5423728813559322,1.403316785333777,0.9994317975856547
48613632_324,48613632,Cc1cc(N2CCCCC2)nc(CNC(=O)c2ccccc2Cl)[nH+]1,4,0.373134328358209,2.488212611494599,0.9968299641249045
48613628_325,48613628,COc1ccccc1C(=O)NCc1nc(C)cc(N2CCCCC2)n1,4,0.3717948717948718,1.8013067478917333,0.9984785124926439
48613632_323,48613632,Cc1cc(N2CCCCC2)nc(CNC(=O)c2ccccc2Cl)n1,4,0.36363636363636365,1.328446084717028,0.99877265948959
48613628_326,48613628,COc1ccccc1C(=O)NCc1nc(N2CCCCC2)cc(C)[nH+]1,4,0.37142857142857144,2.5196152484061383,0.9980243079783748
104336645_188,104336645,C[C@H]1C[N@H+](C2COC2)CCN1c1ccc(Nc2cc(-c3ccnc(N4CCn5c(cc6c5CC(C)(C)C6)C4=O)c3CO)cn(C)c2=O)nc1,4,0.23015873015873015,12.360479683248375,0.998544169349354
104336645_190,104336645,C[C@H]1C[N@@H+](C2COC2)CCN1c1ccc(Nc2cc(-c3ccnc(N4CCn5c(cc6c5CC(C)(C)C6)C4=O)c3CO)cn(C)c2=O)[nH+]c1,4,0.234375,12.493448843293852,0.9971812042185748
104336645_189,104336645,C[C@H]1CN(C2COC2)CCN1c1ccc(Nc2cc(-c3ccnc(N4CCn5c(cc6c5CC(C)(C)C6)C4=O)c3CO)cn(C)c2=O)nc1,4,0.21296296296296297,10.689831196047917,0.9986225881977088
181731_2745,181731,CNc1cc(C[NH2+]C)nc([C@@H]2CCCN2C(=O)C(C)(C)c2ccc(C)cc2)n1,4,0.5694444444444444,2.79990946282204,0.9982850868446352
181731_2746,181731,CNCc1cc(NC)nc([C@@H]2CCCN2C(=O)C(C)(C)c2ccc(C)cc2)[nH+]1,4,0.5753424657534246,2.40088421211859,0.9982234307718528
181731_2748,181731,CNc1cc(C[NH2+]C)[nH+]c([C@H]2CCCN2C(=O)C(C)(C)c2ccc(C)cc2)n1,4,0.5866666666666667,3.285655033627287,0.9983953522119209
181731_2747,181731,CNCc1cc(NC)nc([C@@H]2CCCN2C(=O)C(C)(C)c2ccc(C)cc2)n1,4,0.5571428571428572,2.7747412491978913,0.998941194565797
177304918_3057,177304918,COC1(c2nc(Cc3ccccc3)no2)CCN(Cc2ncccc2Cl)CC1,4,0.6666666666666666,1.572940876193353,0.9988509089345322
177304918_3056,177304918,CO[C@]1(c2nc(Cc3ccccc3)no2)CC[N@@H+](Cc2ncccc2Cl)CC1,4,0.6825396825396826,2.248620688333052,0.9991968983079667
36662114_1714,36662114,CS(=O)(=O)Cc1ccn(-c2ccccc2)n1,4,0.4230769230769231,1.2780970229211208,0.9988210417879091
49961770_2755,49961770,Cc1ccc(-n2cc(C)cn2)c(NC(=O)C[NH+](C)C)c1,4,0.3333333333333333,1.5698827981731511,0.998914969374031
36340866_2100,36340866,CCS(=O)(=O)Cc1ccn(-c2cccc(F)c2)n1,4,0.32075471698113206,1.3774817603147442,0.9986929994332552
41630506_2749,41630506,Cc1cc(Cl)n(-c2ccc(C#N)cc2)n1,4,0.32608695652173914,0.8780797230319841,0.9984255600808122
48759724_3255,48759724,Cc1cc(C(=O)NC(C)(C)C#N)nn1-c1ccc(F)cc1,4,0.3384615384615385,1.2067766984825674,0.9993485165841743
2873705_1274,2873705,Cc1ccccc1-n1nc(C(C)(C)C)cc1N,4,0.2765957446808511,0.8526253573517828,0.9993088012097243
49961770_2754,49961770,Cc1ccc(-n2cc(C)cn2)c(NC(=O)CN(C)C)c1,4,0.3333333333333333,0.5361939947445573,0.9997750686355816
14383848_1732,14383848,CCCNC(=O)c1c(C)nn(-c2ccccc2)c1C,4,0.5,0.8392323873631662,0.9994253547663773
41949940_771,41949940,CCc1c(N)cnn1-c1ccccc1C,4,0.2765957446808511,1.2874901941372314,0.9982305839159407
35739549_1249,35739549,COc1ccc(C)cc1-n1ccc(C(=O)NC(C)C)n1,4,0.3387096774193548,0.9583261448997111,0.9993360049234138
104707925_565,104707925,CC(C)n1cc(-c2ccc3c(c2)N(C)CC3)c2/c(=N/S(=O)(=O)c3ccn(C)n3)cc[nH]c21,4,0.20224719101123595,2.3145807395730307,0.999770555324746
29683420_1492,29683420,CN1CC(=O)N(CCCC(=O)Nc2cccc(C#Cc3cccs3)c2)C1=O,4,0.2839506172839506,2.594636390710448,0.9987691726315924
45689545_1958,45689545,N#CCN(C(=O)c1cn(-c2ccc(Br)cc2)cn1)C1CC1,4,0.2916666666666667,1.2176781183877219,0.999410530978132
36914406_1760,36914406,CC1(C)CN(C(=O)c2cncc(Br)c2)CCO1,4,0.4838709677419355,1.6100350927852873,0.9979794224416204
36427432_210,36427432,CCc1nc2cc(-c3c(OC)cccc3OC)ccc2o1,4,0.32727272727272727,1.4920599853893501,0.9990615827111419
11480017_203,11480017,COc1ccc(OCC(=O)Nc2cccc(Cl)c2N2CCN(C(C)=O)CC2)cc1,4,0.42105263157894735,1.4196485480568755,0.9994028251343479
11480015_1746,11480015,CC(=O)N1CCN(c2c(Cl)cccc2NC(=O)COc2ccc(C(C)C)cc2)CC1,4,0.3698630136986301,1.8215685548449836,0.9984629099803269
1525474_205,1525474,CCC(=O)N1CCN(c2ccc(Cl)cc2NC(=O)COc2ccccc2)CC1,4,0.4142857142857143,1.9208138899955334,0.9990949654468878
49945424_2340,49945424,CCc1cnccc1C(=O)Nc1cnccn1,4,0.36538461538461536,1.393953729505105,0.9997457384656664
42966292_1740,42966292,COC(=O)c1cc(F)c(C)c(NC(=O)CCCc2ccccn2)c1,4,0.3492063492063492,1.3912386567369361,0.9992071334945768
417952_2917,417952,O=c1c2sccc2nc2n1CC[N@H+](Cc1ccc(F)cc1F)CC2,4,0.5,1.6328211782066082,0.9990444554492425
335958_3360,335958,O=c1c2sccc2nc2n1CCN(Cc1cc(F)ccc1F)CC2,4,0.4918032786885246,2.4018850930053808,0.9984898335685061
417952_2916,417952,O=c1c2sccc2nc2n1CCN(Cc1ccc(F)cc1F)CC2,4,0.4918032786885246,2.1800128439986897,0.9984054096433386
335958_3361,335958,O=c1c2sccc2nc2n1CC[N@H+](Cc1cc(F)ccc1F)CC2,4,0.5,1.9835833735940016,0.9989460706162884
73006343_2263,73006343,Cc1noc2ncnc(N3CCCN(C(=O)C4CC4)CC3)c12,4,0.421875,1.3924403039267286,0.9989564466861974
50283408_2760,50283408,O=C(/C=C\n1cnc(-c2cc(C(F)(F)F)cc(C(F)(F)F)c2)n1)N/N=c1/cccc[nH]1,4,0.7580645161290323,2.881067510489905,0.9966367735905427
50283408_2761,50283408,O=C(/C=C\n1cnc(-c2cc(C(F)(F)F)cc(C(F)(F)F)c2)n1)NNc1ccccn1,4,0.7586206896551724,2.6895274677907715,0.996091520607573
49132706_2477,49132706,CC(=O)N1CC[N@H+](Cc2nc(=O)cc(C(F)(F)F)[nH]2)C(C)(C)C1,4,0.3055555555555556,1.6027476407722208,0.9989652593151199
49132706_2476,49132706,CC(=O)N1CCN(Cc2nc(=O)cc(C(F)(F)F)[nH]2)C(C)(C)C1,4,0.28169014084507044,1.186749341689441,0.998931754718546
49132706_2478,49132706,CC(=O)N1CCN(Cc2nc([O-])cc(C(F)(F)F)n2)C(C)(C)C1,4,0.3076923076923077,2.0566424093654083,0.9985200601509707
413444_1053,413444,OC1CCN(c2ncc(-c3cnccn3)c(-c3cccs3)n2)CC1,4,0.3333333333333333,2.1823129931334173,0.999489253870604
177400113_2264,177400113,CCn1ncc(CN(C)C(=O)c2ccc(-c3nc(C)cc(C)n3)cc2)c1C,4,0.3333333333333333,1.964673764267539,0.9982419224894821
31858299_563,31858299,CCc1ccccc1NC(=O)Cn1nc(C)cc1C,4,0.38596491228070173,0.7478342062258738,0.9995444506013267
157255_1402,157255,Cc1nc(CC2CCN(S(=O)(=O)c3c(C)noc3C)CC2)cc(NC2CCCC2)n1,4,0.6307692307692307,2.114903543899834,0.9985410957046661
157255_1401,157255,Cc1nc(NC2CCCC2)cc(CC2CCN(S(=O)(=O)c3c(C)noc3C)CC2)[nH+]1,4,0.6417910447761194,1.2782847882998716,0.9993042626630999
32130309_723,32130309,O=C(C1CCC1)N1CCC(c2[nH]cc(-c3ccc(F)c(F)c3)[nH+]2)CC1,4,0.3728813559322034,2.2766312832780633,0.9970211250038292
32130309_722,32130309,O=C(C1CCC1)N1CCC(c2nc(-c3ccc(F)c(F)c3)c[nH]2)CC1,4,0.3793103448275862,1.8842937669055184,0.9984788145014191
232902536_2281,232902536,COCC1(C[N-]S(=O)(=O)c2ccccc2)CCC1,4,0.5769230769230769,2.338327821328631,0.9953452537027833
232902536_2280,232902536,COCC1(CNS(=O)(=O)c2ccccc2)CCC1,4,0.5882352941176471,1.419480186547337,0.9978561515719292
42964208_1097,42964208,N#Cc1ccc(C[N@H+]2C[C@@H](n3cccn3)C2)cc1,4,0.42857142857142855,1.5248901599786868,0.9982842816842554
42964208_1096,42964208,N#Cc1ccc(CN2CC(n3cccn3)C2)cc1,4,0.3387096774193548,1.7131876721479928,0.996757088183396
267729_1362,267729,CS(=O)(=O)N1CC(c2n[nH]c3ncccc23)C1,4,0.2898550724637681,2.1409126558548808,0.9995692884083984
267729_1363,267729,CS(=O)(=O)N1CC(c2[nH]nc3ncccc23)C1,4,0.2631578947368421,2.076262748305131,0.9993779432346812
201887_898,201887,CCn1cc(C[N@H+]2CC[C@@H](c3nc(N(C)C)ncc3-c3ccc(OC)cc3)CC2)c(C)n1,4,0.3333333333333333,2.684395648930881,0.9978709699018792
201873_2218,201873,CCn1ncc(C[N@H+]2CC[C@H](c3nc(N(C)C)ncc3-c3ccc(OC)cc3)CC2)c1C,4,0.4177215189873418,3.1215558620664376,0.9986175255290267
29686205_476,29686205,CN(Cc1cnn(C)c1)c1ncnc2c1oc1ccccc12,4,0.359375,1.912224620697031,0.9992038466111915
181775_2737,181775,C[NH2+]Cc1cc(N(C)C)nc([C@H]2CCCN2C(=O)c2oc3ccc(Cl)cc3c2C)n1,4,0.5897435897435898,2.1730770810073246,0.9992763639659868
181775_2739,181775,CNCc1cc(N(C)C)nc([C@@H]2CCCN2C(=O)c2oc3ccc(Cl)cc3c2C)[nH+]1,4,0.589041095890411,2.5540277993786313,0.9988868287111797
181775_2738,181775,CNCc1cc(N(C)C)nc([C@@H]2CCCN2C(=O)c2oc3ccc(Cl)cc3c2C)n1,4,0.5897435897435898,2.3000502168430907,0.9992522830589269
316900455_3037,316900455,Cn1cc(NC(=O)c2cnn3cccnc23)c(C2CCCCC2)n1,4,0.43103448275862066,2.230070178267631,0.9994894803677157
72972951_196,72972951,CC#CC(=O)N1CCC[C@@H]1c1[nH+]c(-c2ccc(C(=O)Nc3ccccn3)cc2)c2c(N)nccn12,4,0.2857142857142857,4.830786478411539,0.9983695954986233
72972951_199,72972951,CC#CC(=O)N1CCC[C@@H]1c1[nH+]c(-c2ccc(C(=O)Nc3ccccn3)cc2)c2c(N)[nH+]ccn12,4,0.28,5.080206787129694,0.9978589931957154
72972951_198,72972951,CC#CC(=O)N1CCC[C@@H]1c1nc(-c2ccc(C(=O)Nc3ccccn3)cc2)c2c(N)[nH+]ccn12,4,0.29292929292929293,3.3241520723338556,0.9984123671671812
72972951_197,72972951,CC#CC(=O)N1CCC[C@@H]1c1nc(-c2ccc(C(=O)Nc3ccccn3)cc2)c2c(N)nccn12,4,0.3020833333333333,2.988230078156296,0.9995481959641391
48286431_744,48286431,Cc1nn(CC(C)(C)O)c(-c2ccc(Cl)c(Cl)c2)[nH+]1,4,0.31666666666666665,1.861080600081665,0.9986358178374675
48243153_2919,48243153,N#CCn1nc[nH+]c1-c1cccc(C#N)c1,4,0.32142857142857145,3.7626396319605044,0.9988140972946604
49176426_919,49176426,CCCn1ncnc1-c1ccccc1SC,4,0.37254901960784315,1.0372680463603745,0.9986917204581983
49176426_920,49176426,CCCn1nc[nH+]c1-c1ccccc1SC,4,0.37735849056603776,0.5765544206753688,0.9994047724192675
48286431_743,48286431,Cc1nc(-c2ccc(Cl)c(Cl)c2)n(CC(C)(C)O)n1,4,0.32142857142857145,1.233525030147303,0.9991118066628109
48243153_2918,48243153,N#CCn1ncnc1-c1cccc(C#N)c1,4,0.32727272727272727,1.888519525977896,0.9984431778858351
171948773_3470,171948773,Cc1ccc(OC[C@]2(O)CC[N@H+](CC3(O)CCN(c4ccccc4C)CC3)CC2)cc1,4,0.3076923076923077,3.574367916149687,0.9983149075801739
171948773_3471,171948773,Cc1ccc(OCC2(O)CCN(CC3(O)CCN(c4ccccc4C)CC3)CC2)cc1,4,0.3333333333333333,5.110107630960518,0.998616004911894
44811798_3225,44811798,CCOC(=O)c1ccc(-n2cc(Cc3cnc(OCC)nc3)c(=O)nc2SCc2ccc(F)cc2)cc1,4,0.3116883116883117,2.0680592351286062,0.9984086740196892
30196760_2719,30196760,Cc1cc(NC(=O)CN(C)CCOc2ccccc2)on1,4,0.5272727272727272,1.8235701247828997,0.9981121303176834
300636138_1145,300636138,CC(C)(C)Sc1c(CC(C)(C)C(=O)[O-])n(Cc2ccc(Cl)cc2)c2ccc(OCc3ccc4ccccc4n3)cc12,4,0.2962962962962963,8.167231844388814,0.9975220676453878
32278090_2005,32278090,COc1ccc2cc(-c3[nH]c(-c4ccc([S@](C)=O)cc4)nc3-c3ccncc3)ccc2c1,4,0.4,1.2007010452230749,0.9995584607453215
32278090_2006,32278090,COc1ccc2cc(-c3nc(-c4ccc([S@](C)=O)cc4)[nH]c3-c3ccncc3)ccc2c1,4,0.36363636363636365,1.47456095160519,0.9993159067905039
32278090_2004,32278090,COc1ccc2cc(-c3[nH]c(-c4ccc([S@@](C)=O)cc4)[nH+]c3-c3ccncc3)ccc2c1,4,0.4025974025974026,1.6636595204545417,0.9984745692884067
168890455_43,168890455,C=CC(=O)N1CCC([C@@H]2CCNc3c(C(N)=O)c(-c4ccc(Oc5ccccc5)cc4)nn32)CC1,4,0.4268292682926829,3.6107792787707065,0.9994500091758333
2017461_3569,2017461,O=C(Nc1ccccc1)Nc1ccc(OC(F)(F)F)cc1,4,0.421875,1.7601789681731006,0.9973535778579694
56769871_497,56769871,O=C(NCc1nnc2c(=O)[nH]ccn12)C1CCCC1,4,0.44642857142857145,2.262909631425806,0.9988615092809064
31925740_418,31925740,CCCn1nccc1NC(=O)c1c(C)noc1C,4,0.39655172413793105,1.890187821355058,0.9997579333198654
222758283_2876,222758283,COc1ccc(C)cc1S(=O)(=O)[N-]CCC(=O)Nc1ccccc1C,4,0.3880597014925373,1.6979134253547739,0.9985395503549791
222756631_3362,222756631,COc1ccc(OC)c(S(=O)(=O)NCCC(=O)Nc2ccccc2C)c1,4,0.38571428571428573,1.8496321255859767,0.9973145831286233
222758283_2875,222758283,COc1ccc(C)cc1S(=O)(=O)NCCC(=O)Nc1ccccc1C,4,0.3939393939393939,1.8151132196092017,0.9983856857215738
222756631_3363,222756631,COc1ccc(OC)c(S(=O)(=O)[N-]CCC(=O)Nc2ccccc2C)c1,4,0.38028169014084506,2.0049660845013464,0.9985270356301009
31611971_1649,31611971,C=CCN(Cc1cccnc1)c1nc(C)[nH+]c2sccc12,4,0.296875,1.7403238204423606,0.9987223564851433
31611971_1648,31611971,C=CCN(Cc1cccnc1)c1nc(C)nc2sccc12,4,0.31666666666666665,2.50355766859873,0.9994999544993757
23966628_396,23966628,Cc1ccc2nc3c(c(C(=O)NCc4nnc5n4CCC5)c2c1)CCCC3,4,0.6212121212121212,1.8431630421637675,0.9990376652590526
73045134_2881,73045134,CC(=O)c1ccc2c(c1)CC[N@H+](CC1CCC3(CC1)OCCO3)CC2,4,0.36507936507936506,1.8688887072264762,0.9983290864471985
44699501_1557,44699501,OCCCCCn1cc(-c2ccccc2-c2ccco2)nn1,4,0.3333333333333333,1.422023206561657,0.9990082914173901
49067448_3330,49067448,CC1(CNC(=O)N2CC[NH+](Cc3ccon3)CC2)CCCC1,4,0.6206896551724138,1.8126916450407835,0.9986801098789077
49067448_3329,49067448,CC1(CNC(=O)N2CCN(Cc3ccon3)CC2)CCCC1,4,0.6071428571428571,1.7110000000000536,0.9989187128471854
24874030_2025,24874030,COc1ccc(-c2ccc(CN(CC[NH+](C)C)Cc3ccncc3)cc2)cc1,4,0.4576271186440678,2.1286216197343926,0.9994783287190747
24874030_2026,24874030,COc1ccc(-c2ccc(C[N@H+](CC[NH+](C)C)Cc3ccncc3)cc2)cc1,4,0.47368421052631576,2.4524269611955605,0.9990474449383464
24874030_2027,24874030,COc1ccc(-c2ccc(C[N@H+](CCN(C)C)Cc3ccncc3)cc2)cc1,4,0.4576271186440678,1.8123967556802174,0.9996584513970448
49297145_1391,49297145,CN(C(=O)c1cncc(F)c1)c1cccc2ncccc12,4,0.35,1.1565863564817211,0.9993475255316954
177431642_3278,177431642,O=C(NCC1([NH+]2CCCCC2)CCCC1)c1cnn[nH]1,4,0.5769230769230769,2.2384389649931467,0.9986481581699778
177431642_3277,177431642,O=C(NCC1([NH+]2CCCCC2)CCCC1)c1c[nH]nn1,4,0.5769230769230769,2.1994131035347357,0.9988852555648317
177431642_3276,177431642,O=C(NCC1([NH+]2CCCCC2)CCCC1)c1c[n-]nn1,4,0.5185185185185185,2.084386480478555,0.9990217421002336
31991615_2633,31991615,Cc1noc(C)c1CS(=O)(=O)[C@@H]1CCCc2ccccc21,4,0.39344262295081966,1.1865517266432768,0.9989028212006783
36918888_1585,36918888,Cc1cccc(N2CCN(C(=O)c3cncnc3C(C)C)CC2)c1,4,0.3230769230769231,1.5698541333513092,0.999013998323835
31397498_1029,31397498,O=C(Nc1ccccc1-n1cc[nH+]c1)c1cccs1,4,0.6122448979591837,2.0127590516496245,0.9990699800710661
31397498_1028,31397498,O=C(Nc1ccccc1-n1ccnc1)c1cccs1,4,0.6122448979591837,1.8138889161134875,0.9997556186125794
31834534_3062,31834534,Cc1ccc(NC(=O)CN2C(=O)CN(C)C2=O)cc1C,4,0.39344262295081966,2.6859419204443014,0.9952021975492917
48806523_293,48806523,Cc1ncsc1CN1CCCN(c2[nH]c3ccccc3[nH+]2)CC1,4,0.5806451612903226,1.6898872743470936,0.9984720878418069
48806523_291,48806523,Cc1ncsc1C[N@H+]1CCCN(c2[nH]c3ccccc3[nH+]2)CC1,4,0.6031746031746031,2.7569425093750914,0.9978539156319273
48806523_292,48806523,Cc1ncsc1C[N@@H+]1CCCN(c2nc3ccccc3[nH]2)CC1,4,0.5967741935483871,1.3350524334276777,0.9994651347518341
29566339_377,29566339,N#Cc1ccc(-c2csc(CCN3CCCC3=O)n2)cc1,4,0.5901639344262295,1.801254007629249,0.9985856639675356
44507875_896,44507875,c1ccc2/c(=[N+]3\CCn4c(nnc4C4CC4)C3)nc[nH]c2c1,4,0.4307692307692308,1.5946046531979294,0.99946955167718
44507875_895,44507875,c1ccc2c(N3CCn4c(nnc4C4CC4)C3)ncnc2c1,4,0.4262295081967213,1.4334200361376024,0.999589768446434
33324457_337,33324457,CC(C)(C)c1cc(NC(=O)c2cccc3cn[nH]c23)[nH]n1,4,0.30303030303030304,3.2319156857819893,0.9990340047063321
33324457_336,33324457,CC(C)(C)c1cc(NC(=O)c2cccc3cn[nH]c23)n[nH]1,4,0.3220338983050847,3.374227911685783,0.9988382422406704
300096535_2855,300096535,C[C@H](COc1ccccc1Cc1ccccc1)[NH+]1CCCCC1,4,0.3191489361702128,1.4452892444073646,0.9989197860847917
48856634_2905,48856634,CCc1c2c(nc3ccc([O-])cc13)-c1cc3c(c(=O)n1C2)COC(=O)[C@]3(O)CC,4,0.20454545454545456,1.5038380896890644,0.9990274893204591
48856634_2904,48856634,CCc1c2c(nc3ccc(O)cc13)-c1cc3c(c(=O)n1C2)COC(=O)[C@]3(O)CC,4,0.22093023255813954,2.2269321947468064,0.9991173437200928
314102886_631,314102886,CCOC(=O)CNC(=O)c1ccc(O)cc1O,4,0.38,3.1248235150164607,0.9971890239767346
537527_1365,537527,NC(=[NH2+])N/N=C/c1c(Cl)cccc1Cl,4,0.2,5.538159712395443,0.9854246144390889
48750988_3207,48750988,CN(C(=O)CSC(C)(C)C)c1ccccc1C#N,4,0.30158730158730157,1.8397372094948954,0.9980843066488558
2059266_1261,2059266,CCN(CC)C(=O)c1ccc(NC(C)=O)cc1,4,0.4,1.6620475324128743,0.9994075122661188
44551318_381,44551318,CON(C)C(=O)c1cc(C)ccc1[N-]S(C)(=O)=O,4,0.58,1.7541470861931658,0.996564716228813
49956558_2396,49956558,CCS(=O)(=O)N(C)c1ccc(N(C)C)cc1,4,0.2857142857142857,1.0388281859868231,0.9975979419901769
29965110_775,29965110,CNC(=O)CN(C)c1cccc(F)c1C#N,4,0.3684210526315789,1.6490421462170144,0.9971665693082233
31254852_1627,31254852,CCC(=O)N(C)c1ccccc1C(=O)[O-],4,0.3,1.7670217882074106,0.9964225000535474
32441825_498,32441825,CN(C)C(=O)COc1ccc(N)c(F)c1,4,0.3137254901960784,1.0109574669588601,0.9987628595943174
73050408_2734,73050408,Cc1cc(Br)ccc1CN(C)C(=O)CO,4,0.36,2.652994722949857,0.994587662042628
314102886_632,314102886,CCOC(=O)CNC(=O)c1ccc([O-])cc1O,4,0.40384615384615385,2.56683306819908,0.9992292872138018
1373175_1631,1373175,Cc1ccccc1N(CC(=O)N(C)C)S(C)(=O)=O,4,0.2830188679245283,1.5621289959539646,0.9982657440108605
537527_1366,537527,NC(N)=N/N=C/c1c(Cl)cccc1Cl,4,0.19148936170212766,2.447635389513821,0.9940338612129528
44551318_380,44551318,CON(C)C(=O)c1cc(C)ccc1NS(C)(=O)=O,4,0.58,1.6798205261276842,0.9983653938256047
31837136_2900,31837136,CCCC(=O)Nc1ccc(C(=O)N(C)C)cc1,4,0.4772727272727273,1.6429150921456768,0.9993454513428482
48765718_2380,48765718,C#CCOc1ccc(OC)cc1C(N)=O,4,0.3508771929824561,1.7506007540270054,0.9970933194427647
14097435_1360,14097435,Cc1ccc(C(=O)N(C)C)cc1NS(C)(=O)=O,4,0.3888888888888889,1.5864119893644488,0.9973151304079833
41287015_2037,41287015,CN(CCc1ccccc1)C(=O)CC#N,4,0.34615384615384615,2.6148904374753865,0.9986598817268821
300014701_3451,300014701,CC(C)C[C@H](NC(=O)[C@H](O)[C@H]([NH3+])Cc1ccccc1)C(=O)[O-],4,0.25862068965517243,1.6653915455532955,0.9989240065975988
14097435_1361,14097435,Cc1ccc(C(=O)N(C)C)cc1[N-]S(C)(=O)=O,4,0.3888888888888889,1.461811547361683,0.9965738580687475
24039580_1856,24039580,CCC(=O)N(C)CC(=O)Nc1cccc(F)c1,4,0.5882352941176471,1.7500317139981718,0.9989920879575694
177380774_2985,177380774,Cc1cc(C)cc(OCCN(C)C(=O)NCCS(=O)(=O)N(C)C)c1,4,0.5517241379310345,1.6646555199199589,0.9981489361460145
31407175_2711,31407175,COc1cc(OC)c(OC)cc1C[NH2+]C(C)(C)C,4,0.2692307692307692,2.117693320573157,0.9976315475942166
300014701_3452,300014701,CC(C)C[C@@H](NC(=O)[C@@H](O)[C@H](N)Cc1ccccc1)C(=O)[O-],4,0.25862068965517243,1.7680427031042416,0.9986242531416076
29683998_1528,29683998,CN(C)C(=O)C[N@H+](C)Cc1cc(C#N)ccc1F,4,0.34545454545454546,1.7836712140974582,0.9992380881477443
13475108_223,13475108,CCNC(=O)c1ccc(CS(C)(=O)=O)cc1,4,0.32727272727272727,1.3592542072767757,0.9980479497065821
15211082_1039,15211082,CCN(C(C)=O)c1ccc(C)cc1C(=O)[O-],4,0.2962962962962963,3.062579631617684,0.9963854215917315
525100_1685,525100,COc1cc(C(=O)[O-])c(N)c(OC)c1OC,4,0.3541666666666667,1.8474219875274167,0.9973959176033892
511449_149,511449,CCCCN/C([O-])=N/S(=O)(=O)c1ccc(C)cc1,4,0.3484848484848485,1.9538088442833945,0.9948656886189353
314102886_630,314102886,CCOC(=O)CNC(=O)c1ccc(O)cc1[O-],4,0.40384615384615385,2.7052626489860407,0.9992325759676227
82716591_2872,82716591,COc1cccc(C(=O)N(C)CC(F)(F)F)c1OCCC[NH3+],4,0.30434782608695654,2.262470331297056,0.9959564273663071
29683998_1527,29683998,CN(CC(=O)N(C)C)Cc1cc(C#N)ccc1F,4,0.375,1.436357546017113,0.9989732988657994
511449_150,511449,CCCCNC(=O)NS(=O)(=O)c1ccc(C)cc1,4,0.34375,2.6861511498797617,0.9931401318069568
17074467_800,17074467,CCc1ccccc1NC(=O)c1cc(C)nc2onc(C)c12,4,0.5961538461538461,1.3635211769533884,0.9992692018576932
25835159_3515,25835159,O=C1N=C(N2CCN(c3ccccc3)CC2)S/C1=C\c1ccc([O-])cc1O,4,0.46153846153846156,1.7409210206093255,0.9990971800520219
25835159_3514,25835159,O=C1N=C(N2CCN(c3ccccc3)CC2)S/C1=C\c1ccc(O)cc1[O-],4,0.46153846153846156,2.0047565937040823,0.9992638287620935
25835159_3513,25835159,O=C1N=C(N2CCN(c3ccccc3)CC2)S/C1=C\c1ccc(O)cc1O,4,0.47619047619047616,1.0519030373563023,0.9993870549521291
25835159_3516,25835159,O=C1NC(=[N+]2CCN(c3ccccc3)CC2)S/C1=C\c1ccc(O)cc1[O-],4,0.43283582089552236,2.865673917248567,0.9976278952678972
25041311_3461,25041311,Cc1nnc(-c2ccc(N3CCC(Oc4cc(F)ccc4Cl)CC3)nn2)o1,4,0.43661971830985913,1.9344063688895727,0.9971755057330867
177508549_2411,177508549,O=C(CCc1cn[nH]c1)NCCCn1cc(Cl)cn1,4,0.5555555555555556,2.6968464917386012,0.9982449583661409
71010653_1371,71010653,O=C1N=C2C=CC=CN2C12Cc1ccccc1C2,4,0.24561403508771928,1.6405913567977268,0.998819718506496
71010653_1370,71010653,O=C1[NH+]=C2C=CC=CN2C12Cc1ccccc1C2,4,0.2786885245901639,1.0963936336920608,0.9994062643775008
46092427_400,46092427,COc1ccc(Cc2ncnn2-c2ccc3c(c2)OCO3)c(OC)c1,4,0.3026315789473684,1.1287931608578463,0.9990898459329449
46092427_401,46092427,COc1ccc(Cc2[nH+]cnn2-c2ccc3c(c2)OCO3)c(OC)c1,4,0.2898550724637681,1.48588828651427,0.9992940810616512
48764100_3105,48764100,CCc1nnc(N2CCCO2)c(C#N)c1CC,4,0.5102040816326531,1.2191874343182676,0.9979404940991169
313514585_1802,313514585,COc1cccc(-n2nc(C(=O)[O-])cc2-c2ccc(C3CCCCC3)c(Cl)c2)c1,4,0.32894736842105265,1.8583508818305505,0.9978192288066602
6666291_3638,6666291,COc1cccc(N2CCN(c3nc(C)cc(C)c3C#N)CC2)c1,4,0.46153846153846156,1.4780074424709009,0.9994790588488615
6666291_3639,6666291,COc1cccc(N2CCN(c3[nH+]c(C)cc(C)c3C#N)CC2)c1,4,0.453125,1.478395752158361,0.9993707125591285
46091137_854,46091137,OCc1ccc(Cn2cc(-c3cc(F)ccc3-n3cccn3)nn2)cc1,4,0.3880597014925373,1.807380701457247,0.9991211318745725
33339030_3681,33339030,O=C(Nc1ccc2c3c(cccc13)CC2)c1ccc(-n2cncn2)cc1,4,0.7142857142857143,1.9057801552120504,0.9992815073896626
3565214_777,3565214,CN1C(=O)N(CC(=O)Nc2ccccc2-c2ccccc2)C(=O)C1(C)C,4,0.3888888888888889,1.8827575521027242,0.9994197562816347
222793668_2971,222793668,CN(CC[NH+]1CCCCC1)c1cncc(C(N)=O)n1,4,0.43103448275862066,2.644982797675808,0.9989493535842449
45652159_745,45652159,Cc1csc(N(C(=O)c2cc3c(C)nn(C)c3s2)C2CC2)n1,4,0.43661971830985913,2.0539174764332238,0.9990838783499575
36671973_1943,36671973,Cc1nn(C)c(C)c1CCC(=O)N1CCN(C)Cc2ccccc21,4,0.40350877192982454,1.9774390003236808,0.9987258510579828
36671973_1942,36671973,Cc1nn(C)c(C)c1CCC(=O)N1CC[N@@H+](C)Cc2ccccc21,4,0.3898305084745763,1.881771771496064,0.9987544151737343
301492332_3456,301492332,O=C(NC1CC[NH2+]CC1)c1ccc2[nH]ncc2c1,4,0.4,2.555558451688941,0.9982617195546493
30742732_1061,30742732,Cc1nc(C)c2c(C)c(C(=O)N(C)Cc3ccc(C)o3)sc2n1,4,0.543859649122807,1.7569225936280362,0.9988621764550587
25721481_2338,25721481,C/C(=C/COc1c2occc2cc2ccc(=O)oc12)CO,4,0.2222222222222222,1.4793170721652609,0.9989919022301207
48430874_622,48430874,CCc1cc(NCc2cccc(OCCOC)c2)ncn1,4,0.29850746268656714,1.6493865526310998,0.998909394817297
48430874_623,48430874,CCc1cc(NCc2cccc(OCCOC)c2)nc[nH+]1,4,0.29411764705882354,1.823432751707597,0.9987199375026602
25014865_1278,25014865,c1nc(N[C@H]2CC[N@H+](C3CC3)CC2)c2sccc2[nH+]1,4,0.5535714285714286,2.461992688859664,0.9978019757718377
25014865_1277,25014865,c1nc(N[C@H]2CC[N@@H+](C3CC3)CC2)c2sccc2n1,4,0.5370370370370371,1.9745829939506299,0.9992696489900658
48817782_3129,48817782,O=C(Nc1cncc(Cl)c1Cl)c1cccc(-n2cccn2)n1,4,0.40625,3.7949595518266763,0.9984063076222373
49912141_3412,49912141,Cc1nccc(N(C)Cc2nc(-c3cccnc3)no2)n1,4,0.4727272727272727,1.4567467178616536,0.9992359507135081
49912141_3413,49912141,Cc1nc(N(C)Cc2nc(-c3cccnc3)no2)cc[nH+]1,4,0.45614035087719296,1.765896372950988,0.9984590176680472
2566233_157,2566233,CC1(C)CC(=O)C2=C(C1)NC(=O)C[C@@H]2c1ccc(Br)cc1,4,0.23376623376623376,0.985520167221523,0.9989494399881272
33312531_1270,33312531,Cc1noc(C2CCN(C(=O)C3(c4cccc(F)c4)CCC3)CC2)n1,4,0.3411764705882353,1.7035615633137762,0.9991441678911818
310102_2821,310102,OC1CCN(c2nccc(-c3cccs3)n2)CC1,4,0.3898305084745763,2.092708532022899,0.9978696779243204
29936179_3447,29936179,C[C@H](CCc1ccccc1)[NH2+]C[C@@H](O)c1ccc(O)c(C(N)=O)c1,4,0.2698412698412698,3.317276141656,0.9947609211991882
29936179_3446,29936179,C[C@@H](CCc1ccccc1)[NH2+]C[C@H](O)c1ccc([O-])c(C(N)=O)c1,4,0.28125,3.002510616134387,0.9968386682816776
177369616_2284,177369616,O=c1c2cnccc2ncn1Cc1ccc2c(c1)CCCO2,4,0.48333333333333334,1.3242446903800362,0.9987114517321176
53833498_3041,53833498,Cc1cc(N2CC[NH+](CC3CCN(C(=O)CC(C)C)CC3)CC2)[nH]n1,4,0.36619718309859156,2.573440110047325,0.9982251117940247
53833498_3042,53833498,Cc1cc(N2CCN(CC3CCN(C(=O)CC(C)C)CC3)CC2)n[nH]1,4,0.3055555555555556,2.3131655798924045,0.9980743161013631
53833498_3040,53833498,Cc1cc(N2CC[NH+](CC3CCN(C(=O)CC(C)C)CC3)CC2)n[nH]1,4,0.36619718309859156,2.329684527999534,0.9975995834131832
139341_124,139341,COCC(=O)N1CCC(Cc2ccccc2-c2cccc(F)c2)(C(=O)NC(C)C)CC1,4,0.4810126582278481,1.521442736352018,0.9991353586440569
49078022_2527,49078022,CCCn1cc(NC(=O)Nc2ccc(N3CCSCC3)cc2)cn1,4,0.4918032786885246,2.261293214070304,0.9991075062370546
82719667_2512,82719667,CC1=CCN(C(=O)c2cc(C)nc3cc(C)cc(C)c23)CC1,4,0.5344827586206896,1.3169749428140636,0.9995550112082282
44527032_605,44527032,O=C(CCc1nnc(-c2ccsc2)o1)N1CCCc2cc(F)c(F)cc21,4,0.34210526315789475,1.5299568621369029,0.9988494136724066
36435318_1728,36435318,Cc1nnc(-c2ccccc2-c2ccc(O)cc2)s1,4,0.37735849056603776,1.4096786867934292,0.9979093971959495
36435318_1729,36435318,Cc1nnc(-c2ccccc2-c2ccc([O-])cc2)s1,4,0.35185185185185186,2.0208926245596635,0.9980884248770627
106929051_1505,106929051,O=c1c2cccn2c2ccccc2n1CCC[N@H+]1CC[C@H](c2ccc(Cl)cc2)CC1,4,0.46875,2.9694982741196756,0.9975155909922457
49972816_1259,49972816,Cc1cccc(NC(=O)CN(C)c2ncccc2F)n1,4,0.4098360655737705,2.1501132528310016,0.9975596598421386
49972816_1260,49972816,Cc1cccc(NC(=O)CN(C)c2ncccc2F)[nH+]1,4,0.41935483870967744,2.2813759006354926,0.998776237487623
30658737_2074,30658737,CN(Cc1cccc(C#N)c1)c1cnc2ccccc2[nH+]1,4,0.4727272727272727,1.8889338262629307,0.9973374741302214
30658737_2073,30658737,CN(Cc1cccc(C#N)c1)c1cnc2ccccc2n1,4,0.47058823529411764,1.6648038923548045,0.998325089732237
29689751_2023,29689751,O=C(NCc1cccnc1)c1sccc1-c1ccccc1,4,0.4339622641509434,1.289333936573226,0.9996387680652967
3679149_3053,3679149,Cc1cccc(NC(=O)CSc2nncs2)c1,4,0.42424242424242425,1.6094747590439105,0.9995800633344744
36933237_1419,36933237,CC(C)(C)n1ncc(C(=O)N2CCCn3nc[nH+]c32)c1C(F)(F)F,4,0.23943661971830985,2.908976796057407,0.9982707651068911
36933237_1418,36933237,CC(C)(C)n1ncc(C(=O)N2CCCn3ncnc32)c1C(F)(F)F,4,0.24285714285714285,1.3703517796539424,0.999056054101056
36981448_1765,36981448,Cc1cccc(N(C)C(=O)COC2CCCC2)n1,4,0.3389830508474576,0.7755501273289361,0.9992515958830938
36981448_1766,36981448,Cc1cccc(N(C)C(=O)COC2CCCC2)[nH+]1,4,0.3389830508474576,1.7591091495413924,0.9988547852082635
43081435_1721,43081435,COc1ccc(-c2nc3cc(C)ccc3cc2CN(C)Cc2[nH+]ccn2C)cc1,4,0.29411764705882354,1.9108715289105425,0.9991350902150032
43081435_1720,43081435,COc1ccc(-c2nc3cc(C)ccc3cc2C[N@@H+](C)Cc2nccn2C)cc1,4,0.27941176470588236,1.6740916940241002,0.9986289026669415
43081435_1719,43081435,COc1ccc(-c2nc3cc(C)ccc3cc2CN(C)Cc2nccn2C)cc1,4,0.2898550724637681,2.1414049126689445,0.9997892062534741
43081435_1722,43081435,COc1ccc(-c2[nH+]c3cc(C)ccc3cc2CN(C)Cc2nccn2C)cc1,4,0.2898550724637681,2.2143676298209205,0.9990615213849571
306388_1377,306388,O=C1Oc2nc3cc4c(cc3cc2CN1CC[NH+]1CCOCC1)OCCO4,5,0.9019607843137255,1.982170527477098,0.9983949818631221
306388_1376,306388,O=C1Oc2nc3cc4c(cc3cc2CN1CCN1CCOCC1)OCCO4,5,0.8958333333333334,1.6709694790749532,0.999072113622163
37022061_1325,37022061,COc1cc(F)c(NCC(=O)Nc2ccc(C)cc2)cc1OC,5,0.3888888888888889,1.8210831941458239,0.9994908159059998
53829686_3281,53829686,O=C(CSCCc1ccncc1)Nc1ccccc1,5,0.6666666666666666,1.1068821075433228,0.9987181174384842
32099814_873,32099814,O=C(NC1CCCC1)C(=O)c1ccc2c(c1)CCC2,5,0.5897435897435898,1.167981592320714,0.9990881975180909
1934410_787,1934410,Cc1ccc(NC(=O)c2cccc(N(C)C)c2)cc1NC(=O)c1ccc(O)cc1,5,0.41818181818181815,2.0295169375985753,0.9985110372095141
1934410_788,1934410,Cc1ccc(NC(=O)c2cccc(N(C)C)c2)cc1NC(=O)c1ccc([O-])cc1,5,0.4107142857142857,1.1060976448761295,0.9992770833103328
31413696_2038,31413696,Cc1csc(Nc2ccc(C#N)cc2)n1,5,0.3469387755102041,1.5013610491816622,0.9994089829646573
104707925_565,104707925,CC(C)n1cc(-c2ccc3c(c2)N(C)CC3)c2/c(=N/S(=O)(=O)c3ccn(C)n3)cc[nH]c21,5,0.22580645161290322,2.3145807395730307,0.999770555324746
15280962_1779,15280962,Cc1ccc(C)c(OCC(=O)N2CCC(C(=O)Nc3ccccc3)CC2)c1,5,0.4264705882352941,1.342082337265756,0.999190635850712
32130783_47,32130783,COc1ccccc1-c1cc(NC(=O)c2cccc(N3CCNC3=O)c2)[nH]n1,5,0.43478260869565216,2.7580496732291175,0.9993201721765042
32130783_46,32130783,COc1ccccc1-c1cc(NC(=O)c2cccc(N3CCNC3=O)c2)n[nH]1,5,0.43478260869565216,2.924170822643602,0.9991219642877744
11000834_1847,11000834,CCOC(=O)c1cc2ccccc2n1CC(=O)c1ccc(F)cc1,5,0.3888888888888889,1.6830359473284633,0.9991225854448927
48786468_3229,48786468,COc1nccnc1N1CCC(C(=O)Nc2cccc(F)c2)CC1,5,0.3472222222222222,1.6194613301958012,0.9991041914198155
30066231_3127,30066231,CC(C)Oc1cccc([C@H](C)NC(=O)c2ccnc(-n3cncn3)c2)c1,5,0.4714285714285714,2.033047220307965,0.9985606782203538
43830470_2910,43830470,O=C(Nc1nnc(SCc2ccc(F)cc2)s1)C1CCC1,5,0.3793103448275862,1.3302774146772272,0.9991268913602654
49935944_3206,49935944,COc1cc(OC)cc(N2CCC([NH2+]CC3(C)CCOCC3)CC2)c1,5,0.3387096774193548,1.7870856163040054,0.9992407982674137
222782402_3075,222782402,O=C(C1CC1)N1CCC(C[N-]S(=O)(=O)N2CCCCCC2)CC1,5,0.4642857142857143,3.258513771645058,0.9953034400874025
222782402_3074,222782402,O=C(C1CC1)N1CCC(CNS(=O)(=O)N2CCCCCC2)CC1,5,0.4642857142857143,2.4795481443201157,0.9992740188549643
177472658_2984,177472658,CN(CC1(CO)CCC1)C(=O)CCN1CCCCC1=O,5,0.9523809523809523,1.6084899751010324,0.9988233173829679
31412633_1247,31412633,Cc1ccc(-c2noc3nc(C)cc(C(=O)[O-])c23)cc1,5,0.41379310344827586,1.984168087637819,0.9980014448356114
43366906_1203,43366906,CCc1cc2c(cc1N1CCC([NH+]3CCOCC3)CC1)C(C)(C)c1[nH]c3cc(C#N)ccc3c1C2=O,5,0.3448275862068966,3.7833411159980495,0.9990022743266291
43366906_1204,43366906,CCc1cc2c(cc1N1CCC(N3CCOCC3)CC1)C(C)(C)c1[nH]c3cc(C#N)ccc3c1C2=O,5,0.30303030303030304,3.574367916149687,0.9979835498850831
49336129_806,49336129,COc1ncnc2c1C[N@@H+](Cc1c[nH]nc1-c1ccc(F)cc1)CC2,5,0.35714285714285715,1.7085470435421037,0.9991849641133297
49336129_807,49336129,COc1ncnc2c1C[N@@H+](Cc1cn[nH]c1-c1ccc(F)cc1)CC2,5,0.3472222222222222,1.6843731771795973,0.9991737181339134
49336129_808,49336129,COc1ncnc2c1CN(Cc1c[nH]nc1-c1ccc(F)cc1)CC2,5,0.352112676056338,1.820529593278186,0.9989580911872038
49336129_809,49336129,COc1ncnc2c1CN(Cc1cn[nH]c1-c1ccc(F)cc1)CC2,5,0.3424657534246575,1.8952530174094955,0.9990018674664288
48340662_1496,48340662,CCC[N@H+]1CCCN(c2ncccc2C#N)CC1,5,0.5,1.8838112962821172,0.9990526691804389
49976422_769,49976422,Cn1cc(-c2nnc(NCc3ccc4ccccc4c3)o2)cn1,5,0.4032258064516129,1.6914334157749527,0.9992214476947697
32029938_1759,32029938,COC(=O)Nc1ccc(Oc2nc3ccccc3o2)cc1,5,0.36619718309859156,1.3670793685810778,0.9990720990895489
35682807_801,35682807,Cc1cc(C(=O)N(C)Cc2ccsc2)no1,5,0.6444444444444445,2.007960158967402,0.999242922605486
206425_1848,206425,Cn1cc(C(=O)N2CCC(c3cc(C(F)(F)F)c4c(n3)CCNC4=O)CC2)ccc1=O,5,0.6231884057971014,1.6613100252513626,0.9991748735926091
189882719_672,189882719,O=C(/C=C/c1ccc(Cl)cc1)N1CCC2(CC1)CN(Cc1ccc(Cl)c(Cl)c1)C(=O)O2,5,0.2676056338028169,1.8872781988883405,0.9988207493782195
53825026_3080,53825026,CCc1cc(=O)nc(SCCCCC2CCOCC2)[nH]1,5,0.509090909090909,2.0220210186838625,0.9968627701971333
157723_785,157723,CNC(=O)c1cn(C)nc1C[C@H]1CC[N@H+](Cc2cnc(-c3ccc(OC)cc3)nc2)CC1,5,0.3125,2.696251471951107,0.9982016515981784
82712955_3208,82712955,CC(C)Oc1ccc(C2(C(=O)NC3CCS(=O)(=O)CC3)CCCC2)cc1,5,0.265625,1.2561683804325756,0.9993813724839322
24034759_3085,24034759,CCc1nnc(Sc2nc3cc(C)nn3c3ccccc23)[nH]1,5,0.5818181818181818,1.2837336172272265,0.9994750261034997
53802705_3139,53802705,COc1cccc(CN(C)c2cc(N3CCCC3)[nH+]cn2)n1,5,0.34328358208955223,1.6868544691229506,0.9991587294389103
53802705_3138,53802705,COc1cccc(CN(C)c2cc(N3CCCC3)ncn2)n1,5,0.3181818181818182,1.4524861445121675,0.999487694112016
53802705_3140,53802705,COc1cccc(CN(C)c2cc(N3CCCC3)nc[nH+]2)n1,5,0.32857142857142857,1.583996843430879,0.9989660150000352
55628764_2437,55628764,Cc1cccnc1C[N@H+]1CC[C@@](O)(c2ccccc2)CC1,5,0.3787878787878788,1.7849859943430173,0.99899839090386
55628764_2438,55628764,Cc1cccnc1CN1CCC(O)(c2ccccc2)CC1,5,0.3787878787878788,1.1739263179601842,0.9989187774068296
205724941_1381,205724941,O=c1ccc(C2CC2)nn1CC1CN(CC2(O)CCCC2)C1,5,0.3870967741935484,1.962124613779656,0.9985367421933952
205724941_1380,205724941,O=c1ccc(C2CC2)nn1C[C@H]1C[N@@H+](CC2(O)CCCC2)C1,5,0.38095238095238093,1.4495240598209502,0.9989082176120586
48337566_996,48337566,C[N@H+]1CCCN(c2nc(C(F)(F)F)nc3cc4c(cc23)OCO4)CC1,5,0.3194444444444444,1.789594646840279,0.9988963488665479
48337566_997,48337566,CN1CCCN(c2nc(C(F)(F)F)nc3cc4c(cc23)OCO4)CC1,5,0.2857142857142857,1.119800875155641,0.9992439393012833
35741477_1017,35741477,O=C(NCc1ccc2c(c1)OCCO2)c1sccc1C1CC1,5,0.6538461538461539,1.2852085433899745,0.999502207032872
42859262_1698,42859262,Cc1n[nH]c(C)c1CCC(=O)N1CCOCC1,5,0.3103448275862069,1.266821218641673,0.9993929139677091
177363859_2568,177363859,CCCc1ccc(-c2cccc(C(=O)N3CCN(CC(N)=O)CC3)c2)cc1,5,0.4074074074074074,2.8092369070622234,0.9945094354860632
82702219_2989,82702219,CCCC[NH+]1CCN(C(=O)c2cccc(-c3ccc(CO)cc3)c2)CC1,5,0.375,2.0055812125166406,0.9975026321687939
82702219_2990,82702219,CCCCN1CCN(C(=O)c2cccc(-c3ccc(CO)cc3)c2)CC1,5,0.3888888888888889,2.444496880750642,0.9971684359525759
44811839_1664,44811839,CC[N@H+]1CC[C@H](n2cc(CNc3cc(Cl)c4[nH+]cc(C#N)c(Nc5ccc(F)c(Cl)c5)c4c3)nn2)CC1,5,0.32954545454545453,3.248149011360427,0.9990549890984692
44811839_1663,44811839,CC[N@H+]1CC[C@@H](n2cc(CNc3cc(Cl)c4ncc(C#N)c(Nc5ccc(F)c(Cl)c5)c4c3)nn2)CC1,5,0.3333333333333333,2.3062458672053823,0.9993002469105735
232862626_2483,232862626,CC(=O)NCCCC(=O)Nc1ccc(Oc2ccccc2Cl)cc1,5,0.3620689655172414,1.7585965995644426,0.9975704438051564
44014989_206,44014989,Cc1ccc(Oc2ccc(Cl)cc2NC(=O)CN(C)CC(=O)N(C)C)cc1,5,0.3466666666666667,1.4058648583701416,0.9991893373859204
36256386_384,36256386,Cc1ccc(Cn2nccc2NC(=O)c2ccncc2)o1,5,0.39655172413793105,3.177295548104241,0.9994458650900713
43021930_3509,43021930,CCCCOc1ccccc1-c1cc(C(=O)NCc2ccccc2C)[nH]n1,5,0.35294117647058826,1.738903390070775,0.9987382953257096
43021930_3508,43021930,CCCCOc1ccccc1-c1cc(C(=O)NCc2ccccc2C)n[nH]1,5,0.373134328358209,2.0683435401303343,0.9984628121387732
3476517_3689,3476517,O=C(Nc1nc(-c2cccnc2)cs1)C1CCCCC1,5,0.45,1.4302880828698843,0.9992262624083028
425680_236,425680,Cc1cc(-c2cnn(CCNC(=O)c3sc(C)nc3C)c2C2CC2)on1,5,0.3108108108108108,2.2155128074564443,0.999488154853184
32230796_1619,32230796,Cc1ccc(C)c(OCCN(C)C(=O)c2ccc3c(c2)nnn3C)c1,5,0.3382352941176471,1.8920462467923793,0.9981811214557711
32132063_222,32132063,Cc1occc1C(=O)NCC(=O)Nc1[nH+]c2cc(Cl)ccc2n1C,5,0.2898550724637681,3.811902674518545,0.9992630286863357
32132063_221,32132063,Cc1occc1C(=O)NCC(=O)Nc1nc2cc(Cl)ccc2n1C,5,0.31343283582089554,3.2319156857819893,0.9984709976213011
49968166_2772,49968166,CN(Cc1ccc(N)nc1)c1nc2cc(F)ccc2o1,5,0.46938775510204084,2.0478464297891885,0.9981682178984868
49968166_2773,49968166,CN(Cc1ccc(N)[nH+]c1)c1nc2cc(F)ccc2o1,5,0.47058823529411764,2.0839587327968774,0.9982762369554457
36342840_830,36342840,N#Cc1ccc(N2CCc3c([nH+]cn3C3CC3)C2)nc1,5,0.39436619718309857,1.2752854582406672,0.999094348765278
36342840_829,36342840,N#Cc1ccc(N2CCc3c(ncn3C3CC3)C2)nc1,5,0.391304347826087,1.1231714027699695,0.9995632075457381
153307_1024,153307,CCn1c(SC)nnc1[C@H]1CC[N@H+](C)CC1,5,0.2857142857142857,1.7154378449831202,0.9996039773459959
49954362_3216,49954362,N#CCN1CCC(CNC(=O)c2c(F)ccc(F)c2F)CC1,5,0.39344262295081966,1.469340668463173,0.9977589412023746
49154015_1462,49154015,C=CCn1cnc2c(Cl)cc(-c3ccc(C(=O)NC4CC4)o3)cc21,5,0.2753623188405797,1.5168622218248633,0.9993147893681669
342572_2949,342572,Cc1csc2nc3n(c(=O)c12)CCNCC3,5,0.3620689655172414,2.2107218278200973,0.9992256454267955
342572_2948,342572,Cc1csc2nc3n(c(=O)c12)CC[NH2+]CC3,5,0.3620689655172414,2.1899938356077575,0.9989579949771461
73007305_2436,73007305,Nc1[nH+]nc(SCCSC2CCCCC2)n1C1CC1,5,0.2459016393442623,2.467809960268401,0.9971784724481368
53829602_3195,53829602,OCc1nnc(SCCSC2CCCCC2)n1C1CC1,5,0.2459016393442623,2.4602524260731697,0.9975506499082009
73007305_2435,73007305,Nc1nnc(SCCSC2CCCCC2)n1C1CC1,5,0.23333333333333334,3.0639892297460585,0.9969257814965964
30063049_2455,30063049,CC(=O)N1c2ccc(S(=O)(=O)Nc3cccc(-c4cnco4)c3)cc2C[C@@H]1C,5,0.38271604938271603,1.1696704664136368,0.9993342459649658
30063049_2456,30063049,CC(=O)N1c2ccc(S(=O)(=O)[N-]c3cccc(-c4cnco4)c3)cc2C[C@H]1C,5,0.3253012048192771,3.263512831291097,0.9970718944405186
316949638_3495,316949638,O=C(Nc1ccc(C[NH+]2CCCCC2)cc1)c1ccnc2[nH]cnc12,5,0.43548387096774194,4.233281587610291,0.995160652790049
316949638_3496,316949638,O=C(Nc1ccc(C[NH+]2CCCCC2)cc1)c1ccnc2nc[nH]c12,5,0.42857142857142855,3.9113511731881556,0.994344783097598
11791483_1239,11791483,CC(C)CN1C(=O)C(=O)N(Cc2ccccn2)C1=O,5,0.3877551020408163,1.4189013355406699,0.9990074181209438
32018130_1415,32018130,CSCc1csc(NC(C)=O)n1,5,0.45454545454545453,1.4242520844291642,0.9997185006147211
49935002_2961,49935002,Cc1cnc(C(C)(C)[NH2+]CC(=O)N(C)C)s1,5,0.2711864406779661,1.8044963286190627,0.9988263711285654
9657617_887,9657617,COCC(=O)Nc1nc(C)c(C)s1,5,0.46511627906976744,1.1054795339579981,0.999416263030465
49935002_2960,49935002,Cc1cnc(C(C)(C)NCC(=O)N(C)C)s1,5,0.29310344827586204,0.5009431105423952,0.9998020607813864
35692276_1985,35692276,CCONC(=O)c1sc(C)nc1C,5,0.3888888888888889,1.165046780177309,0.9993401736614163
12602676_545,12602676,Clc1ccc(-c2ccc(C[NH2+]C[C@@H]3CCCO3)o2)c(Cl)c1,5,0.25,2.4494338121290467,0.9974284745369253
12602676_544,12602676,Clc1ccc(-c2ccc(CNC[C@H]3CCCO3)o2)c(Cl)c1,5,0.25,1.7460544092327637,0.9991334560993267
134995_936,134995,CCn1c(C)nc2cc(NC(=O)c3ccc(=O)n(CC(=O)N4CCCCC4)c3)ccc21,5,0.36,2.50775397517402,0.9983449067501441
134995_937,134995,CCn1c(C)[nH+]c2cc(NC(=O)c3ccc(=O)n(CC(=O)N4CCCCC4)c3)ccc21,5,0.3783783783783784,2.3071577752725303,0.9991417807064646
197921_3117,197921,Cc1cc(Nc2ncccn2)cc([C@@H]2CCCN(CC(=O)Nc3ccc(F)cc3)C2)n1,5,0.6052631578947368,1.8713439021195795,0.998505693644057
197921_3115,197921,Cc1cc(Nc2ncccn2)cc([C@@H]2CCCN(CC(=O)Nc3ccc(F)cc3)C2)[nH+]1,5,0.6103896103896104,1.5991241352688674,0.9989374673092649
197921_3116,197921,Cc1cc(Nc2ncccn2)cc([C@@H]2CCC[N@H+](CC(=O)Nc3ccc(F)cc3)C2)[nH+]1,5,0.5324675324675324,3.1792703565440363,0.9985440982381818
49064812_2998,49064812,CC(C)=CCOc1cccc(C(=O)NN2CCOCC2)c1,5,0.3770491803278688,1.4955330153493454,0.9979173200819705
3140960_2555,3140960,O=C(NN1CCOCC1)c1ccc(Cl)c(Cl)c1,5,0.375,1.8552220891310844,0.9986369331246308
31834534_3062,31834534,Cc1ccc(NC(=O)CN2C(=O)CN(C)C2=O)cc1C,5,0.42424242424242425,2.6859419204443014,0.9952021975492917
20689377_1512,20689377,Cc1cccc(-c2nc(C[N@@H+](Cc3cnn(C)c3)C(C)C)c(C)o2)c1,5,0.3076923076923077,1.675235505831709,0.999451907641406
49883411_583,49883411,COc1ccc(F)c(C[N@H+]2CC[C@H](Cc3noc(C)n3)CC2)c1,5,0.352112676056338,1.0165466049326572,0.9990995083624978
1533629_538,1533629,COc1ccc(C(=O)c2ccccc2)c(Oc2nc3c(c(=O)n(C)c(=O)n3C)n2C)c1,5,0.43859649122807015,1.899851309971169,0.9988782971863597
42961472_1894,42961472,Cc1ccc(-c2noc(CCC(=O)N3CCCC3(C)C)n2)cc1F,5,0.34328358208955223,2.0362924642596,0.999155874786709
71010653_1371,71010653,O=C1N=C2C=CC=CN2C12Cc1ccccc1C2,5,0.24561403508771928,2.256036125597421,0.9984260713635504
71010653_1370,71010653,O=C1[NH+]=C2C=CC=CN2C12Cc1ccccc1C2,5,0.2786885245901639,1.0963936336920608,0.9994062643775008
49078022_2527,49078022,CCCn1cc(NC(=O)Nc2ccc(N3CCSCC3)cc2)cn1,5,0.4918032786885246,2.261293214070304,0.9991075062370546
30231738_901,30231738,O=C(c1ccc(Cn2nnc(-c3cccc(F)c3)n2)cc1)N1CCCC1,5,0.4,1.1553324196957546,0.9987057056692394
32147565_1179,32147565,CN(C(=O)C1CCN(c2ncccn2)CC1)C1CCCCCCC1,5,0.5217391304347826,1.3619963289229495,0.9995795375538407
48237764_305,48237764,Clc1cccc(CNc2nc(C3CC3)no2)c1,5,0.40350877192982454,0.6879404043953073,0.9994160252426462
48237764_306,48237764,Clc1cccc(CNc2[nH+]c(C3CC3)no2)c1,5,0.41379310344827586,1.6393413311449494,0.9989551224164017
1536313_2018,1536313,C(=C/c1ccccc1)\C[NH2+]Cc1ccc2c(c1)OCO2,5,0.5106382978723404,1.3188385041389745,0.9979636747643301
3389897_1009,3389897,O=C(Nc1nccs1)c1c2c(nc3ccccc13)CCC2,5,0.5517241379310345,0.8639456001387353,0.9996444757525622
145071_505,145071,COc1ccccc1CNC(=O)c1cnc(C2CCN(C(=O)C(C)(C)C)CC2)nc1C,5,0.41333333333333333,2.0886110217076443,0.9989256333280738
415550_2325,415550,COCCCNc1ncc(-c2cc(C)no2)c(C(C)C)[nH+]1,5,0.42028985507246375,1.3217896958289674,0.9994925226544006
415550_2324,415550,COCCCNc1ncc(-c2cc(C)no2)c(C(C)C)n1,5,0.47761194029850745,1.2656571415675946,0.9994060124452926
44563083_579,44563083,COC(=O)N1CCCN(C(=O)c2ccc(-c3ccccc3Cl)o2)CC1,5,0.36507936507936506,1.3048566971127313,0.9990916234928083
73036824_211,73036824,O=C([C@H]1CC[C@@H](O)CC1)N1CCCN(c2ccc(F)cc2)CC1,5,0.4727272727272727,1.7920624989103553,0.9986411981346799
36675429_240,36675429,C#CCNC(=O)C[N@H+]1CCCN(C(=O)c2cccc(C)n2)CC1,5,0.4305555555555556,1.4678480847824296,0.9994055547115045
36675429_239,36675429,C#CCNC(=O)CN1CCCN(C(=O)c2cccc(C)n2)CC1,5,0.4142857142857143,1.2132753191259245,0.9993717506471994
48314264_1535,48314264,Cc1[nH+]ccn1-c1cncc(N2CCN(CC3CCCC3)C(=O)C2)n1,5,0.29577464788732394,0.9990620601350096,0.9997351252770984
48314264_1534,48314264,Cc1nccn1-c1cncc(N2CCN(CC3CCCC3)C(=O)C2)n1,5,0.2857142857142857,2.1913263107078493,0.9983111541654297
72972951_196,72972951,CC#CC(=O)N1CCC[C@@H]1c1[nH+]c(-c2ccc(C(=O)Nc3ccccn3)cc2)c2c(N)nccn12,5,0.3411764705882353,4.830786478411539,0.9988844227016693
72972951_199,72972951,CC#CC(=O)N1CCC[C@@H]1c1[nH+]c(-c2ccc(C(=O)Nc3ccccn3)cc2)c2c(N)[nH+]ccn12,5,0.3333333333333333,5.080206787129694,0.9978589931957154
72972951_198,72972951,CC#CC(=O)N1CCC[C@@H]1c1nc(-c2ccc(C(=O)Nc3ccccn3)cc2)c2c(N)[nH+]ccn12,5,0.3333333333333333,3.600820323203957,0.9984123671671812
72972951_197,72972951,CC#CC(=O)N1CCC[C@@H]1c1nc(-c2ccc(C(=O)Nc3ccccn3)cc2)c2c(N)nccn12,5,0.34523809523809523,2.988230078156296,0.9987295113186385
177502491_3006,177502491,CCn1nc(CNC(=O)C2CCOCC2)c2ccccc21,5,0.6153846153846154,1.466788328286893,0.9995736435645762
95699457_3518,95699457,O=C1N=C(N2CCCCN2)S/C1=C\c1ccc(F)cc1O,5,0.21875,1.6882375425274387,0.9987882560444721
95699457_3519,95699457,O=C1N/C(=[N+]2/CCCCN2)S/C1=C\c1ccc(F)cc1[O-],5,0.18421052631578946,2.6355792532194084,0.9976739205967612
95699457_3517,95699457,O=C1N=C(N2CCCCN2)S/C1=C\c1ccc(F)cc1[O-],5,0.21052631578947367,1.2198844207547286,0.9992650897792323
95699457_3520,95699457,O=C1N/C(=[N+]2\CCCCN2)S/C1=C\c1ccc(F)cc1O,5,0.18518518518518517,1.8921088763599705,0.9986461199502544
315272596_192,315272596,Nc1ncc(-c2cc([C@H]3[C@@H]4CN(C5COC5)C[C@@H]43)n(CC3CC3)n2)cc1C(F)(F)F,5,0.21052631578947367,3.6766180111618096,0.9992272797971755
315272596_191,315272596,Nc1ncc(-c2cc([C@@H]3[C@@H]4C[N@@H+](C5COC5)C[C@@H]43)n(CC3CC3)n2)cc1C(F)(F)F,5,0.20491803278688525,3.756604317731413,0.9987885258591339
5736794_3633,5736794,Cc1cn2c3c(=O)n(Cc4ccccc4Cl)c(=O)n(C)c3[nH+]c2n1-c1ccccc1[O-],5,0.25925925925925924,3.5801321204672294,0.9984338726278108
5736788_3622,5736788,Cc1ccccc1Cn1c(=O)c2c([nH+]c3n(-c4ccccc4[O-])c(C)cn23)n(C)c1=O,5,0.2923076923076923,3.6953984900138153,0.9995036626810401
5736788_3621,5736788,Cc1ccccc1Cn1c(=O)c2c([nH+]c3n(-c4ccccc4O)c(C)cn23)n(C)c1=O,5,0.2923076923076923,1.984545036022815,0.9995784693587074
5736794_3632,5736794,Cc1cn2c3c(=O)n(Cc4ccccc4Cl)c(=O)n(C)c3[nH+]c2n1-c1ccccc1O,5,0.25925925925925924,1.2721080928901716,0.9997326129778795
232868125_2785,232868125,Cc1nn(C)c(C)c1-c1cc(C(C)(C)C)nc(N2CCN(C)CC2)n1,5,0.5833333333333334,1.849200367726573,0.9991392173960492
232868125_2784,232868125,Cc1nn(C)c(C)c1-c1cc(C(C)(C)C)nc(N2CC[NH+](C)CC2)n1,5,0.58,2.560981257252709,0.9985630291683417
3409017_591,3409017,O=C(NCCc1ccc2c(c1)OCCO2)c1ccc2ccccc2n1,5,0.4406779661016949,1.7704564383231052,0.9987541184589541
37153210_3693,37153210,Cc1csc(-c2nnc(Nc3ccc(Oc4ncccc4-c4ccnc(N)n4)cc3)c3ccccc23)c1,5,0.26436781609195403,2.52135499285597,0.999016051811523
48638440_1849,48638440,Cc1ccccc1COC1CN(C(=O)Cn2c(=O)[nH]c3ccccc32)C1,5,0.5862068965517241,1.7546221815538918,0.9991907299239634
1527130_907,1527130,COc1cccc(CNc2[nH+]cc(-c3ccccc3)n2C)c1,5,0.47619047619047616,1.0471418242053143,0.9988404974279282
1527152_515,1527152,Cn1c(-c2ccccc2)c[nH+]c1NCc1ccccc1,5,0.38333333333333336,1.731635065479726,0.9981449145013376
35754185_1984,35754185,COc1cccc(CN(C)c2ncnc3c2CN(C)CC3)c1,5,0.5076923076923077,0.9950829111187146,0.9991354481211332
35754185_1983,35754185,COc1cccc(CN(C)c2ncnc3c2C[N@H+](C)CC3)c1,5,0.5076923076923077,1.2260216148176881,0.9988208088283629
310450_2347,310450,COc1cc(C[N@@H+]2C[C@H]3CCc4c([nH]c(C)nc4=O)[C@H]3C2)cc(OC)c1OC,5,0.35294117647058826,2.0353893976335415,0.9986014272779041
310450_2348,310450,COc1cc(CN2C[C@H]3CCc4c([nH]c(C)nc4=O)[C@H]3C2)cc(OC)c1OC,5,0.35294117647058826,2.253131154638016,0.9987264521832871
48210000_586,48210000,CC[N@H+]1CC[C@H](Nc2ncnc3c2cnn3C)CC1,5,0.40350877192982454,2.175496724888372,0.9991387529990875
48210000_587,48210000,CC[N@H+]1CC[C@H](Nc2[nH+]cnc3c2cnn3C)CC1,5,0.423728813559322,3.04841795034718,0.9981229205766551
35701590_270,35701590,CC[N@H+]1CC[C@H](N(C)c2[nH+]cnc3c2cnn3C)CC1,5,0.5454545454545454,2.745773297270339,0.9983814821966885
35701590_269,35701590,CC[N@H+]1CC[C@H](N(C)c2ncnc3c2cnn3C)CC1,5,0.5283018867924528,1.8227229630419248,0.9994489712362634
49942184_2509,49942184,c1cc(-c2nnc(NCc3cncs3)o2)ccn1,5,0.5098039215686274,2.0081274859925915,0.9998935751176972
49942184_2511,49942184,c1cc(-c2n[nH]/c(=N/Cc3cncs3)o2)ccn1,5,0.5185185185185185,2.105838787752033,0.9998457624999085
49942182_2394,49942182,Cc1ncsc1C/N=c1\[nH]nc(-c2ccncc2)o1,5,0.5357142857142857,1.3248984866786222,0.9998754004443481
49942182_2392,49942182,Cc1ncsc1CNc1nnc(-c2ccncc2)o1,5,0.5185185185185185,1.5014526299563573,0.9998463656827765
49942184_2510,49942184,c1cc(-c2n[nH+]c(NCc3cncs3)o2)ccn1,5,0.5283018867924528,2.2970250325149175,0.998948735655036
49942182_2393,49942182,Cc1ncsc1CNc1[nH+]nc(-c2ccncc2)o1,5,0.5357142857142857,2.2296723974611483,0.9991541254967757
136115_2157,136115,CCC(C)(C)NC(=O)C1(Cc2ccc(-c3cc(F)ccc3OC)cc2)CCOCC1,5,0.410958904109589,2.4699119417499635,0.999138695384579
50127813_892,50127813,O=C(NCc1cccc(F)c1)c1nn[n-]c1-c1ccccc1,5,0.4074074074074074,1.5063170317033818,0.9992898465950584
50127813_893,50127813,O=C(NCc1cccc(F)c1)c1nn[nH]c1-c1ccccc1,5,0.4,2.4897829222645367,0.9986629000418493
324135709_2547,324135709,COc1cc2nn(CCC(C)(C)O)cc2cc1NC(=O)c1ccn(C(F)F)n1,5,0.6027397260273972,2.7588423296732145,0.9991479878880756
Z57841791_1912,Z57841791,Cn1c(CNC(=O)Cc2ccccc2)[nH+]c2ccccc21,5,0.6875,1.6114546223831288,0.9981112452903034
Z57841791_1911,Z57841791,Cn1c(CNC(=O)Cc2ccccc2)nc2ccccc21,5,0.7021276595744681,0.7478342062258738,0.9995644423749211
32157229_1498,32157229,Fc1ccc(F)c2c(NCc3ccc(N4CCOCC4)nc3)ccnc12,5,0.30434782608695654,1.0327502118126883,0.9993779217061975
32157229_1499,32157229,Fc1ccc(F)c2c(NCc3ccc(N4CCOCC4)nc3)cc[nH+]c12,5,0.3194444444444444,1.8610781821300433,0.9990003989213669
16298385_1471,16298385,Fc1ccccc1CNc1[nH+]c(-c2ccccc2)no1,5,0.5319148936170213,1.8271302635553681,0.9987794398527605
16298385_1470,16298385,Fc1ccccc1CNc1nc(-c2ccccc2)no1,5,0.5217391304347826,1.3808732744171324,0.9989431059190078
48825778_1015,48825778,C[N@H+]1CC[C@@H](NS(=O)(=O)C2CN(C(=O)c3cccc(Cl)c3)C2)CC1,5,0.35384615384615387,1.6886139286404036,0.9982276199159661
48825778_1016,48825778,C[N@H+]1CC[C@@H]([N-]S(=O)(=O)C2CN(C(=O)c3cccc(Cl)c3)C2)CC1,5,0.35384615384615387,2.7624684613584813,0.9974609048769114
49946976_891,49946976,Cc1nn(C)c(NCc2ccc(F)c(Cl)c2)[nH+]1,5,0.45098039215686275,2.264016121850573,0.9990094208999374
49354299_3274,49354299,Cn1nc[nH+]c1NCc1cc(F)cc(F)c1,5,0.4888888888888889,2.592955842277518,0.9985513849999048
49354299_3275,49354299,Cn1ncnc1NCc1cc(F)cc(F)c1,5,0.4883720930232558,1.6966463980452349,0.9984823702908486
49947026_2946,49947026,Cc1nn(C)c(NCc2ccc(F)cc2)[nH+]1,5,0.5111111111111111,2.0450706589259293,0.9983296496177799
24883078_315,24883078,COc1ccc(C2([NH2+]Cc3ccc(N4CCCC4=O)cc3)CC2)cc1,5,0.3387096774193548,2.2510497551141673,0.9981787664571765
LN01309001_2974,LN01309001,CCCc1cc(C)[nH]c(=O)c1CNC(=O)c1cc(-c2ccc(N3CC[NH+](C(C)C)CC3)[nH+]c2)cc2c1cnn2C(C)C,5,0.30701754385964913,5.274205911793506,0.9966226190992143
LN01309001_2973,LN01309001,CCCc1cc(C)[nH]c(=O)c1CNC(=O)c1cc(-c2ccc(N3CC[NH+](C(C)C)CC3)nc2)cc2c1cnn2C(C)C,5,0.3153153153153153,5.156554372834449,0.9980206184549658
31592368_1596,31592368,Cn1c(CNc2ccc(C(N)=[NH2+])cc2)nc2cc(C(=O)N(CCC(=O)[O-])c3ccccn3)ccc21,5,0.2891566265060241,3.113926460273947,0.9981494494164148
31592368_1597,31592368,Cn1c(CNc2ccc(C(N)=[NH2+])cc2)[nH+]c2cc(C(=O)N(CCC(=O)[O-])c3ccccn3)ccc21,5,0.2857142857142857,3.593946159863526,0.9981061562753213
23280366_2136,23280366,COc1ccc(CC(=O)N2CCc3[nH]c4ccc(Cl)cc4c3C2)cc1OC,5,0.4657534246575342,1.8081755998791722,0.9990572685945076
300430678_393,300430678,CC[NH+](CC)Cc1cccc(/C=C/c2nc3ccc(F)cc3c(=O)n2-c2ccccc2Cl)n1,5,0.24390243902439024,2.0863168503365084,0.9985705591129848
300430678_394,300430678,CCN(CC)Cc1cccc(/C=C/c2nc3ccc(F)cc3c(=O)n2-c2ccccc2Cl)n1,5,0.24390243902439024,2.252299491630823,0.9987524883069294
177498530_2421,177498530,Cc1cc(C(=O)N(C)CCCC2CCCC2)cc(C)n1,5,0.5,1.3165485179056808,0.9987287459037177
177498530_2422,177498530,Cc1cc(C(=O)N(C)CCCC2CCCC2)cc(C)[nH+]1,5,0.5,2.016334793629301,0.9977868849184489
43947755_3231,43947755,COc1ccccc1CNc1cn[nH]c(=O)c1Cl,5,0.3559322033898305,2.2459632677317902,0.9980515307295035
43947755_3230,43947755,COc1ccccc1CNc1cnnc([O-])c1Cl,5,0.3389830508474576,2.198173105103462,0.9980989853798414
177307791_2669,177307791,CC(C)Nc1ccc(-c2cc3c(cc2CO)OCCO3)cn1,5,0.30158730158730157,1.495675432705439,0.9987156114725126
177307791_2670,177307791,CC(C)Nc1ccc(-c2cc3c(cc2CO)OCCO3)c[nH+]1,5,0.2786885245901639,2.3623084049294354,0.9980795319409845
3112768_3521,3112768,N#Cc1ccc(COc2cnc3ccccc3n2)cc1,5,0.4230769230769231,1.5362978226893909,0.9993367790462029
324134429_2549,324134429,CC(C)(O)CCn1cc2cc(NC(=O)c3ccn(C(F)F)n3)c(OCC3COC3)cc2n1,5,0.5679012345679012,2.772242594001601,0.9990267002547311
82717689_2635,82717689,[NH3+]CCOc1cccc(CC(=O)N2CCCN(C(=O)C3CCC3)CC2)c1,5,0.625,2.5236075368409345,0.9977971546519906
82717689_2636,82717689,NCCOc1cccc(CC(=O)N2CCCN(C(=O)C3CCC3)CC2)c1,5,0.625,1.9327001836807285,0.9982951092224722
6843283_2758,6843283,CCOc1c2c(c(OCC)c3ccccc13)C(=O)N(c1ccc(C/C([O-])=N\S(=O)(=O)c3ccccc3)cc1)C2,5,0.2717391304347826,3.008865899304936,0.9980853431848574
193881_1843,193881,Cc1cc(-c2ccc(N)nc2)cc(C2CCN(C(=O)CCCc3ccc(F)c(C)c3)CC2)n1,5,0.43529411764705883,2.63302867435916,0.9974467659733968
193881_1844,193881,Cc1cc(-c2ccc(N)nc2)cc(C2CCN(C(=O)CCCc3ccc(F)c(C)c3)CC2)[nH+]1,5,0.41304347826086957,2.7550484569240172,0.9974215307430184
44436449_768,44436449,CCn1ccc2cc(C(=O)N3CCN(c4ccc(C)cc4)C(=O)C3)ccc21,5,0.47692307692307695,2.353042286062695,0.9979868423149568
31912359_1736,31912359,CN(C)c1cc(CNC(=O)C2CCOCC2)ccn1,5,0.5833333333333334,1.3161929949667146,0.9990561607761133
31912359_1737,31912359,CN(C)c1cc(CNC(=O)C2CCOCC2)cc[nH+]1,5,0.574468085106383,1.440740434637182,0.9982570913703092
198953_154,198953,Cc1cccnc1Nc1cccc([C@@H]2CCCN(CC(=O)Nc3nccs3)C2)n1,5,0.5063291139240507,2.263544344605313,0.9987910204889315
198953_155,198953,Cc1cccnc1Nc1cccc([C@@H]2CCC[N@H+](CC(=O)Nc3nccs3)C2)n1,5,0.5061728395061729,2.2086944107331785,0.9994188532953064
36890321_1563,36890321,Cc1ccc(-n2cc(C(=O)NCC[NH+](C)C)nn2)cc1C,5,0.2894736842105263,1.8018274057194847,0.9985550347412846
31417877_2021,31417877,Cn1cc(C(=O)[O-])c(C2CCCCC2)n1,5,0.43103448275862066,2.6818020061145282,0.9972737180544043
36368096_2395,36368096,c1ccc(-c2nc(CSc3ccc(-n4cccn4)nn3)cs2)cc1,5,0.4918032786885246,2.028543566206999,0.9984571782549206
9760971_753,9760971,O=C(Cn1c(-c2ccc(F)cc2)[nH+]c2ccccc21)N1CCOCC1,5,0.4,2.459102071895376,0.9984150788141571
9760971_752,9760971,O=C(Cn1c(-c2ccc(F)cc2)nc2ccccc21)N1CCOCC1,5,0.4,1.619198875987891,0.999182684686368
48773349_3015,48773349,O=C([O-])c1ccccc1COc1cccc2cccnc12,5,0.4,0.757083218675496,0.9991857004948524
31412367_851,31412367,Cc1nn(-c2ccccn2)c2nc(C3CC3)cc(C(=O)[O-])c12,5,0.3559322033898305,2.6123862654666015,0.9991130145101839
44502768_422,44502768,CCNC(=O)c1cc(C2CC2)nc2c1c(C)nn2-c1ccccn1,5,0.3380281690140845,1.6626045831765621,0.9996582382627613
35754411_1804,35754411,CCN1CCc2ncnc(N3CCNc4ccccc4C3)c2C1,5,0.4482758620689655,1.6984849130916724,0.9989996039808652
35754411_1803,35754411,CC[N@H+]1CCc2ncnc(N3CCNc4ccccc4C3)c2C1,5,0.43333333333333335,1.8048839297860078,0.9990269695758266
46041909_1799,46041909,Cc1cc2cc(C(=O)N(Cc3ccc4c(c3)OCO4)C3CC3)ccc2o1,5,0.35384615384615387,1.7319275388995283,0.9990873341646554
29936179_3447,29936179,C[C@H](CCc1ccccc1)[NH2+]C[C@@H](O)c1ccc(O)c(C(N)=O)c1,5,0.2698412698412698,3.318346726910879,0.9947609211991882
29936179_3446,29936179,C[C@@H](CCc1ccccc1)[NH2+]C[C@H](O)c1ccc([O-])c(C(N)=O)c1,5,0.28125,3.002510616134387,0.9968386682816776
43488186_3645,43488186,Cc1ccc2nc(C3CN(C(=O)Cc4cccc5ccccc45)C3)[nH]c2c1,5,0.4406779661016949,1.799353217131019,0.9985547227498976
43488186_3647,43488186,Cc1ccc2[nH]c(C3CN(C(=O)Cc4cccc5ccccc45)C3)[nH+]c2c1,5,0.4262295081967213,1.4920559640982376,0.9987609631122298
43488186_3646,43488186,Cc1ccc2[nH]c(C3CN(C(=O)Cc4cccc5ccccc45)C3)nc2c1,5,0.43333333333333335,1.6362512032081526,0.9991990581069492
141603_705,141603,CC(C)CC(=O)N1CCC(Cc2cccc(-c3cncnc3)c2)(C(=O)NC(C)C)CC1,5,0.4605263157894737,2.154874242270525,0.9991426624710863
231817334_1055,231817334,CSc1ncccc1C(=O)Nc1ccc(N2CCCCC2=O)cc1,5,0.5,1.5642445460986005,0.9990997873674529
300003450_97,300003450,O=S(=O)(c1cccc2cnccc12)N1CCCNCC1,5,0.5686274509803921,1.1742448637316287,0.9991806360328441
300003450_96,300003450,O=S(=O)(c1cccc2cnccc12)N1CCC[NH2+]CC1,5,0.5576923076923077,1.5514973412805586,0.9981908182117458
48286431_744,48286431,Cc1nn(CC(C)(C)O)c(-c2ccc(Cl)c(Cl)c2)[nH+]1,5,0.3508771929824561,1.5796464794378964,0.9986358178374675
48243153_2919,48243153,N#CCn1nc[nH+]c1-c1cccc(C#N)c1,5,0.32142857142857145,3.7626396319605044,0.9988140972946604
49176426_919,49176426,CCCn1ncnc1-c1ccccc1SC,5,0.37254901960784315,1.8843598382474185,0.9988319440747099
49176426_920,49176426,CCCn1nc[nH+]c1-c1ccccc1SC,5,0.37735849056603776,1.064455729469097,0.9980195554412314
48286431_743,48286431,Cc1nc(-c2ccc(Cl)c(Cl)c2)n(CC(C)(C)O)n1,5,0.36363636363636365,1.233525030147303,0.9991118066628109
48243153_2918,48243153,N#CCn1ncnc1-c1cccc(C#N)c1,5,0.32075471698113206,1.888519525977896,0.9980391520675225
49125034_2725,49125034,C[C@H]1CC[C@@H](C[NH2+]C2(CCO)CCOCC2)CC1,5,0.44680851063829785,1.76164582138385,0.9981460865976572
30020911_3402,30020911,Cn1cnnc1-c1cccc([N-]S(=O)(=O)c2ccc3c(c2)OCCCO3)c1,5,0.6721311475409836,2.5836625166613083,0.9975319266678829
30020911_3401,30020911,Cn1cnnc1-c1cccc(NS(=O)(=O)c2ccc3c(c2)OCCCO3)c1,5,0.6721311475409836,1.6582355080028066,0.9992955669613175
177501206_3049,177501206,CCCC1(CNC(=O)Cn2ccc(=O)cc2)CCC1,5,0.5918367346938775,1.282240227102703,0.9985748670361536
495451_3317,495451,c1ccc(CC2=NCCN2)cc1,5,0.325,1.3592542072767757,0.9984081324661788
495451_3316,495451,c1ccc(CC2=[NH+]CCN2)cc1,5,0.2926829268292683,3.5837808247714973,0.9953168919836237
46061355_912,46061355,CCc1ccccc1-c1cn(CCc2cnccn2)nn1,5,0.34328358208955223,1.7230304698408272,0.9995815229119993
2873332_2709,2873332,COc1cccc(Cc2cnc(N)s2)c1,5,0.40425531914893614,0.8659474579903137,0.9992441218036703
50568787_1054,50568787,CN(CC(=O)Nc1cc(F)cc(F)c1)c1ccnc(C(N)=O)c1,5,0.38596491228070173,2.491857540069179,0.9973994409248265
49314549_839,49314549,C[N@@H+](Cc1cccnc1)Cc1ccc(C#N)o1,5,0.3448275862068966,2.0020851630237533,0.9997350712507035
49314549_838,49314549,CN(Cc1cccnc1)Cc1ccc(C#N)o1,5,0.3448275862068966,1.8079289255944524,0.999215587632402
32106793_2130,32106793,Cc1cc(C)n(-c2cc(Nc3ccccc3C)ncn2)n1,5,0.32142857142857145,1.452120862737812,0.9992731791278604
232833340_2313,232833340,COc1cccc(Oc2ccc(NC(=O)CN3CCOCC3)cn2)c1,5,0.6774193548387096,1.5970062617285619,0.9996138749225386
1487936_3691,1487936,N#Cc1cc2c(nc1SCc1cccnc1)CCCCCC2,5,0.3492063492063492,1.49184147951427,0.9980950430059417
235805596_1378,235805596,CC(C)(C)c1ccc(=O)n(C[C@H]2C[N@H+](CC3(O)CCCC3)C2)n1,5,0.3898305084745763,2.1676203542135046,0.9986814676735635
235805596_1379,235805596,CC(C)(C)c1ccc(=O)n(CC2CN(CC3(O)CCCC3)C2)n1,5,0.3793103448275862,1.964847576785573,0.9996656043053895
197589_1683,197589,Nc1nc(-c2ccccc2)nc2nc([C@@H]3CCC[N@H+](CC(=O)N4CCCC4)C3)ccc12,5,0.5757575757575758,2.8273100289850337,0.9990968225978943
197589_1684,197589,Nc1nc(-c2ccccc2)[nH+]c2nc([C@H]3CCCN(CC(=O)N4CCCC4)C3)ccc12,5,0.5217391304347826,1.9414646532966864,0.998296490143502
197589_1682,197589,Nc1nc(-c2ccccc2)nc2nc([C@H]3CCCN(CC(=O)N4CCCC4)C3)ccc12,5,0.5555555555555556,2.198147401791094,0.9991014069696034
43958394_2992,43958394,COc1ccc(C[NH+]2CCN(C(=O)C3CCN(C(=O)C4CC4)CC3)CC2)cc1,5,0.5714285714285714,2.3282437587164297,0.998779997822096
48955399_3382,48955399,CC(C)c1ccc(CN2CCN(C(=O)C3CCN(C(=O)C4CC4)CC3)CC2)cc1,5,0.37037037037037035,4.018628870647422,0.9978169911971607
43958394_2993,43958394,COc1ccc(CN2CCN(C(=O)C3CCN(C(=O)C4CC4)CC3)CC2)cc1,5,0.5,2.3018490393596354,0.9993333703929818
48955399_3381,48955399,CC(C)c1ccc(C[NH+]2CCN(C(=O)C3CCN(C(=O)C4CC4)CC3)CC2)cc1,5,0.45,3.4520356313340232,0.9990140139407637
16223443_3066,16223443,CCOc1ccc(CNC(=O)Cn2ccc3cc(S(=O)(=O)N4CCCC4)ccc32)cc1,5,0.421875,2.8704828862058402,0.9982574148359191
30000529_1089,30000529,CN(Cc1nc(=[NH2+])c2ccccc2[nH]1)Cc1ccc(F)cc1F,5,0.46153846153846156,2.0758092397908694,0.9985629448641102
30000529_1090,30000529,C[N@H+](Cc1nc(N)c2ccccc2n1)Cc1ccc(F)cc1F,5,0.43137254901960786,1.6495744905889198,0.9985752081963134
30000529_1088,30000529,CN(Cc1nc(N)c2ccccc2n1)Cc1ccc(F)cc1F,5,0.44,1.4032305583901825,0.9978522764193936
177285116_1463,177285116,FC(F)(F)COc1ccc(C[N@@H+]2CCc3c(cnn3-c3ccccc3)C2)nn1,5,0.3037974683544304,1.5543320108650307,0.9986995337879558
177285116_1464,177285116,FC(F)(F)COc1ccc(CN2CCc3c(cnn3-c3ccccc3)C2)nn1,5,0.2987012987012987,1.6318118764124143,0.9989675141084228
44501962_2071,44501962,Cc1cc(C(=O)NC2CCN(C(=O)c3cc(C)sc3C)CC2)no1,5,0.3230769230769231,1.7782075244470783,0.9996013050393753
50334305_1074,50334305,Cc1sc(NC(=O)CN2CCO[C@H]([C@@H]3CCCO3)C2)c(C)c1C,5,0.30666666666666664,2.0765878262189976,0.9992209843995079
320451104_3302,320451104,CNc1ccc(/C=C/c2ccc(OCCOCCOCCF)nc2)cc1,5,0.2898550724637681,2.1354542842214523,0.99773067481643
48295458_3214,48295458,Cn1ccnc1-c1noc(NCc2ccccc2)n1,5,0.39655172413793105,1.3273047879063524,0.9991072317628299
48295458_3213,48295458,Cn1cc[nH+]c1-c1noc(NCc2ccccc2)n1,5,0.38235294117647056,3.664750196125053,0.9970837164454449
202901_1522,202901,Cc1nc(N)c2c(C(F)(F)F)cc(C3CCN(C(=O)Cc4ccc(F)cc4)CC3)nc2n1,5,0.37662337662337664,1.9572656947894176,0.9979321416369648
202901_1523,202901,Cc1nc(=[NH2+])c2c(C(F)(F)F)cc(C3CCN(C(=O)Cc4ccc(F)cc4)CC3)nc2[nH]1,5,0.3717948717948718,3.2341805762820357,0.9984246840029113
198935_2128,198935,CCc1nnc(Nc2cccc([C@@H]3CCC[N@H+](CC(=O)N4CCCC4)C3)n2)s1,5,0.5342465753424658,2.8175952512733824,0.9991994539629224
198935_2129,198935,CCc1n[nH]/c(=N\c2cccc([C@H]3CCCN(CC(=O)N4CCCC4)C3)n2)s1,5,0.5072463768115942,2.81230812678835,0.9987868376730162
198935_2127,198935,CCc1nnc(Nc2cccc([C@@H]3CCCN(CC(=O)N4CCCC4)C3)n2)s1,5,0.5142857142857142,2.708241680500527,0.9992987737656491
43366944_1213,43366944,CC(C)c1cc(C(=O)N2Cc3ccc(C[N@H+]4CC[N@H+](C)CC4)cc3C2)c([O-])cc1O,5,0.26582278481012656,4.185384450680558,0.9969423022175888
43366944_1210,43366944,CC(C)c1cc(C(=O)N2Cc3ccc(C[NH+]4CCN(C)CC4)cc3C2)c([O-])cc1O,5,0.2857142857142857,3.5942369148401068,0.9967251099986678
43366944_1212,43366944,CC(C)c1cc(C(=O)N2Cc3ccc(C[NH+]4CCN(C)CC4)cc3C2)c(O)cc1[O-],5,0.2911392405063291,3.1208244103119243,0.9982946120094257
43366944_1207,43366944,CC(C)c1cc(C(=O)N2Cc3ccc(CN4CC[NH+](C)CC4)cc3C2)c([O-])cc1O,5,0.2753623188405797,3.383807618645058,0.9973705513895963
43366944_1209,43366944,CC(C)c1cc(C(=O)N2Cc3ccc(CN4CC[NH+](C)CC4)cc3C2)c(O)cc1[O-],5,0.2753623188405797,2.948964564046023,0.9988173810697581
43366944_1211,43366944,CC(C)c1cc(C(=O)N2Cc3ccc(C[NH+]4CCN(C)CC4)cc3C2)c(O)cc1O,5,0.29850746268656714,3.215861315417657,0.9974155033721211
43366944_1208,43366944,CC(C)c1cc(C(=O)N2Cc3ccc(CN4CC[NH+](C)CC4)cc3C2)c(O)cc1O,5,0.26865671641791045,3.386766304308314,0.997513017778201
53749740_2369,53749740,Clc1ccc(CSc2nc(-c3ccccc3)c[nH]2)cn1,5,0.43137254901960786,0.9536755213390129,0.999457566683764
53749740_2370,53749740,Clc1ccc(CSc2[nH]cc(-c3ccccc3)[nH+]2)cn1,5,0.4230769230769231,1.2613143937974252,0.9988069311595685
42961078_674,42961078,Cc1nc(Cl)cc(Nc2cnn(C(C)(C)C)c2)n1,5,0.4107142857142857,1.3135223637235456,0.9994152372073236
36906076_1538,36906076,O=C1CN(C(=O)c2ccc(F)cc2)CCN1,5,0.5,1.0109574669588601,0.9993206382967729
177420398_3143,177420398,CC(C)Cc1nnc(-c2ccc(N3CC[NH+](C)CC3)cc2)[nH]1,5,0.2923076923076923,2.2080330613467822,0.9982994452890439
222788220_2525,222788220,COCCc1nnc(-c2ccc(N3CC[NH+](C)CC3)cc2)[nH]1,5,0.30303030303030304,2.2389187122359546,0.9981064754490043
222788220_2526,222788220,COCCc1nnc(-c2ccc(N3CCN(C)CC3)cc2)[nH]1,5,0.28125,1.7363620014274466,0.9981696199140272
177420398_3144,177420398,CC(C)Cc1nnc(-c2ccc(N3CCN(C)CC3)cc2)[nH]1,5,0.2698412698412698,1.4300818158416222,0.9986861707745621
48762012_2947,48762012,Cc1cc(C(=O)Nc2nnc3n2CCCC3)n(C)n1,5,0.36764705882352944,1.5211318154579605,0.9997975164712395
45659871_701,45659871,O=c1cc(CN2CCCCc3ccccc32)[nH]c2ccnn12,5,0.4444444444444444,2.0854325690370397,0.9988648961064619
32131885_1686,32131885,CC(C)(C)[N@@H+]1CCCN(C(=O)CNc2ccc(C#N)cc2)CC1,5,0.4528301886792453,1.8661395982079967,0.9988233314623781
177370206_3344,177370206,Cc1cc(C)n2nc(C)c(C(=O)NCCc3nnc(C)s3)c2n1,5,0.5714285714285714,1.5661813432679568,0.9992938251853715
49655478_1822,49655478,COc1cccc(-c2ccc(C(=O)N(C)Cc3c(C)nn(C(C)C)c3C)o2)c1,5,0.3176470588235294,2.32065615721074,0.9993913312478564
1530850_3591,1530850,CCOC(=O)c1ccc(OCC(=O)c2c[nH]c3ccccc23)cc1,5,0.3333333333333333,1.8235701247828842,0.9979962631926962
30062609_2940,30062609,CC(=O)N1CCN(C(=O)CS(=O)(=O)[C@]23C[C@H]4C[C@H](C[C@H](C4)C2)C3)CC1,5,0.2857142857142857,1.9446912351322654,0.9986765285442796
177444153_2283,177444153,Cn1cc(-c2cccc3c(C(N)=O)cccc23)cn1,5,0.35185185185185186,1.5821567558240062,0.9992485123303357
877450_1653,877450,O[C@@](Cn1cncn1)(Cn1c[nH+]cn1)c1ccc(F)cc1F,5,0.31666666666666665,1.6435425154222731,0.9988224616737029
877450_1652,877450,OC(Cn1cncn1)(Cn1cncn1)c1ccc(F)cc1F,5,0.37254901960784315,1.3606891636227545,0.9993980912013664
32234428_93,32234428,Cc1nnc(-c2ccc3occ(-c4ccc([S@@](C)=O)cc4)c3c2)o1,5,0.3050847457627119,1.5853195261525577,0.9985827045375848
50335071_2475,50335071,CSc1nnc(CCCNc2cc(C)cc[nH+]2)n1C1CCCC1,5,0.2564102564102564,1.985639947221048,0.9988410541079312
50335071_2474,50335071,CSc1nnc(CCCNc2cc(C)ccn2)n1C1CCCC1,5,0.30434782608695654,1.9624859235164303,0.9991592411525221
29566339_377,29566339,N#Cc1ccc(-c2csc(CCN3CCCC3=O)n2)cc1,5,0.5901639344262295,1.801254007629249,0.9975226411044397
49155578_1355,49155578,Fc1ccc(-n2nc(C3CCOCC3)nc2-c2cn[nH]c2)c(F)c1,5,0.48484848484848486,2.4973149581102825,0.9993679791163732
49155578_1354,49155578,Fc1ccc(-n2nc(C3CCOCC3)[nH+]c2-c2cn[nH]c2)c(F)c1,5,0.4925373134328358,2.0298467922486245,0.9988504931529265
43251079_2206,43251079,Cc1cc(C(=O)NCC2CC2)n2nccc2n1,5,0.5490196078431373,1.085094465934022,0.9996554530324093
49646610_264,49646610,CCN(C/C=C/c1ccc(F)cc1)Cc1nc(COC)no1,5,0.2835820895522388,1.9460012846860995,0.9979088545618707
49646610_265,49646610,CC[N@@H+](C/C=C/c1ccc(F)cc1)Cc1nc(COC)no1,5,0.2835820895522388,1.9207404822099734,0.998691743350636
222778471_2843,222778471,Cc1n[nH]c(C)c1CCCN(C)c1cncc(C(=O)N(C)C)n1,5,0.4745762711864407,2.264050131953959,0.9988907378437499
93428812_652,93428812,CCS(=O)(=O)Nc1ccc(Oc2ccc(F)cc2F)c(-c2cn(C)c(=O)c3[nH]ccc23)c1,5,0.27848101265822783,2.159722204358726,0.9991527609463683
93428812_653,93428812,CCS(=O)(=O)[N-]c1ccc(Oc2ccc(F)cc2F)c(-c2cn(C)c(=O)c3[nH]ccc23)c1,5,0.23170731707317074,2.850362783927959,0.9992674024972537
73045134_2881,73045134,CC(=O)c1ccc2c(c1)CC[N@H+](CC1CCC3(CC1)OCCO3)CC2,5,0.5769230769230769,2.2158375391711918,0.9980070318125924
43664822_1163,43664822,Cc1nc(CN2C(=O)CN(C3CCCC3)C2=O)nc2ccccc12,5,0.32786885245901637,1.8884644555831254,0.9994931711625561
73019704_2298,73019704,O=C(Nc1ccc2c(c1)N(CC(F)F)C(=O)CS2)C1CC=CC1,5,0.2619047619047619,0.8296595687388522,0.9994201232882555
408502_1033,408502,Cc1nc(N(C)Cc2ccccc2)c2c([nH+]1)C[N@@H+](Cc1ccccc1)CC2,5,0.4406779661016949,2.874037056128419,0.9969640311898103
408502_1030,408502,Cc1nc2c(c(N(C)Cc3ccccc3)n1)CC[N@@H+](Cc1ccccc1)C2,5,0.4642857142857143,1.556406437920463,0.9986780303045493
408502_1032,408502,Cc1nc(N(C)Cc2ccccc2)c2c([nH+]1)CN(Cc1ccccc1)CC2,5,0.4406779661016949,2.4160475988687353,0.997635957300449
408502_1031,408502,Cc1nc2c(c(N(C)Cc3ccccc3)n1)CCN(Cc1ccccc1)C2,5,0.45614035087719296,1.8129933811242354,0.9992606818371436
5536034_1444,5536034,Cc1ccccc1CSc1ccc(-c2ccccn2)nn1,5,0.26666666666666666,1.539145217320683,0.9993504752774797
16744002_680,16744002,CCONC(=O)c1cncn1-c1ccc(F)cc1,5,0.2987012987012987,0.7602308859811979,0.9996432645862657
36703704_971,36703704,Cc1nccn1-c1ccc(F)cc1CNC(=O)C(C)C,5,0.359375,0.5361939947445573,0.9997750686355816
16744002_681,16744002,CCONC(=O)c1c[nH+]cn1-c1ccc(F)cc1,5,0.2786885245901639,1.0554430349389035,0.9991788565858258
38813764_2239,38813764,Cc1cc(-n2ccnc2)ccc1C(=O)[O-],5,0.36065573770491804,3.778462121022298,0.9929701324526077
36703704_972,36703704,Cc1[nH+]ccn1-c1ccc(F)cc1CNC(=O)C(C)C,5,0.34375,1.94265050896974,0.9984915344675943
38813764_2240,38813764,Cc1cc(-n2cc[nH+]c2)ccc1C(=O)[O-],5,0.36666666666666664,3.258106044928581,0.9964325649084763
177285754_2282,177285754,CCC(C)(C)[NH+]1CCN(C(=O)Nc2cnn(CC(C)C)c2C(F)F)CC1,5,0.4,2.1067076209103424,0.9984639798413192
278832_792,278832,O=C(C(c1ccccc1)c1ccccc1)N1CCOC[C@H](Cc2ccc3cnccc3c2)C1,5,0.43037974683544306,2.4910072260033913,0.9982375764344472
53798267_3250,53798267,COCCN(C)c1ccc(CN2CCc3nn(C)c(=O)cc3C2)c[nH+]1,5,0.3333333333333333,1.9142379684874269,0.9983522929253714
53798267_3248,53798267,COCCN(C)c1ccc(C[N@H+]2CCc3nn(C)c(=O)cc3C2)cn1,5,0.4722222222222222,1.6687998681688783,0.9983765377257406
53798267_3249,53798267,COCCN(C)c1ccc(CN2CCc3nn(C)c(=O)cc3C2)cn1,5,0.4788732394366197,1.9754315984108977,0.9982243213658414
33362309_1374,33362309,COc1ccc(-c2csc3ncnc(Oc4ccc(C)nc4)c23)cc1,5,0.5,1.4831153023285448,0.9993181378830979
49951918_2049,49951918,Cc1cccc(NCC2CCN(C(=O)c3ccccc3)CC2)n1,5,0.47368421052631576,1.704181328380613,0.9993572303197971
49951918_2050,49951918,Cc1cccc(NCC2CCN(C(=O)c3ccccc3)CC2)[nH+]1,5,0.423728813559322,1.9029834471167524,0.9989581038103322
36440866_1914,36440866,CC(=O)N1CCC(Cn2cc[nH+]c2-c2cc3ccccc3s2)CC1,5,0.38571428571428573,2.056966212653731,0.9988302723003208
36440866_1915,36440866,CC(=O)N1CCC(Cn2ccnc2-c2cc3ccccc3s2)CC1,5,0.40298507462686567,1.015521048525609,0.9993865523755993
42923335_375,42923335,Cc1cc(NC(=O)C2CCOCC2)sn1,5,0.34,1.0142598286437314,0.9996584491662287
300480727_1806,300480727,CCc1noc(-c2ccc(CC[NH3+])cc2)n1,5,0.3333333333333333,1.834509743773481,0.9974873089437226
32437102_815,32437102,COCc1cc(-c2nnc(CCc3ccccc3)[nH]2)ccc1OC,5,0.3728813559322034,1.094383844909899,0.9990898202184602
327160_2378,327160,CNc1ncc(CN(C)CC[NH+]2CCCCC2)cn1,5,0.37254901960784315,1.8912998175856481,0.9982961430209499
327160_2379,327160,CNc1ncc(C[N@@H+](C)CCN2CCCCC2)cn1,5,0.25,1.5960751861988782,0.9978456881523785
327160_2377,327160,CNc1ncc(C[N@H+](C)CC[NH+]2CCCCC2)cn1,5,0.37254901960784315,2.750311982303055,0.9965899097711022
316786090_3492,316786090,Cc1nc2cc(C(=O)N[C@@]34CCC[C@H]3[NH2+]CC4)ccc2c(=O)[nH]1,5,0.5230769230769231,1.89894602345656,0.9986728394218852
316786090_3491,316786090,Cc1nc(=O)c2ccc(C(=O)N[C@@]34CCC[C@@H]3[NH2+]CC4)cc2[nH]1,5,0.5151515151515151,2.117462396360354,0.9986688841913725
44598747_1266,44598747,CCNC(=O)N1CCC2(CCc3ccccc3O2)CC1,5,0.5,1.4861103592936868,0.9987036545323281
44598735_1265,44598735,CCOCC(=O)N1CCC2(CCc3ccccc3O2)CC1,5,0.36507936507936506,1.7635648556259027,0.9997154984132692
32033566_391,32033566,COc1ccccc1CNC(=O)[C@@H](C)[N@H+]1CCCN(c2ccccc2C#N)CC1,5,0.38666666666666666,2.002368347732297,0.9992157627875816
32033566_390,32033566,COc1ccccc1CNC(=O)[C@H](C)N1CCCN(c2ccccc2C#N)CC1,5,0.3698630136986301,2.0937385223565426,0.9988748030433361
30640320_770,30640320,Cc1nn(C)c(C)c1NC(=O)CN1CCN(c2nccs2)CC1,5,0.5357142857142857,2.308435834065715,0.9996048411492848
49089949_2663,49089949,O=C(Nc1ccc(Cl)nc1)N[C@H]1CC[N@H+](C2CCCC2)CC1,5,0.47540983606557374,2.3220079672557956,0.9973957748039602
44551324_1393,44551324,Cc1ccc([N-]S(C)(=O)=O)c(C(=O)N(C)c2ccc3ccccc3c2)c1,5,0.58,1.818472435864726,0.9975598083063978
44551324_1392,44551324,Cc1ccc(NS(C)(=O)=O)c(C(=O)N(C)c2ccc3ccccc3c2)c1,5,0.58,1.632655505610525,0.9984250432376027
1195337_728,1195337,Nc1ccc2nc(CCc3ccccc3)[nH]c2c1,5,0.3958333333333333,1.3623501752483895,0.9990404348646373
1195337_730,1195337,Nc1ccc2[nH+]c(CCc3ccccc3)[nH]c2c1,5,0.3958333333333333,1.7760563054137388,0.9981739755602835
1195337_729,1195337,Nc1ccc2[nH]c(CCc3ccccc3)nc2c1,5,0.425531914893617,1.410975194678923,0.9990317903300665
30016064_649,30016064,Cc1nn(C)c2ncc(C(=O)Nc3ccc4c(c3)CCO4)cc12,5,0.46875,1.6478537556468822,0.9992867759246308
320364216_127,320364216,Cn1cc(Nc2nc(N)nc(-c3cccc(-n4ccc5cc(C6CC6)cc(F)c5c4=O)c3CO)n2)cn1,5,0.25510204081632654,6.368847776482166,0.9935906758232996
48820442_1057,48820442,O=C(Cc1ccc(Cl)c(Cl)c1)N1CC(n2ccnn2)C1,5,0.3728813559322034,1.5519455531685664,0.9966164792847001
25018171_740,25018171,CN(Cc1ccc2c(c1)OCO2)Cc1ccccc1C#N,5,0.6086956521739131,1.6058209738323386,0.9982070734848154
25018171_739,25018171,C[N@@H+](Cc1ccc2c(c1)OCO2)Cc1ccccc1C#N,5,0.6086956521739131,1.8082262026636862,0.9990131472262774
43241226_2059,43241226,Cn1nc(C2CC[NH2+]CC2)c2cccnc21,5,0.30357142857142855,1.859452607623912,0.9986813833015051
2205552_1699,2205552,C[N@@H+](CCOCCOc1ccccc1-c1ccccc1)Cc1ccccc1,5,0.391304347826087,2.3298860487156334,0.9976591266099926
2205552_1700,2205552,CN(CCOCCOc1ccccc1-c1ccccc1)Cc1ccccc1,5,0.3829787234042553,3.2359658527244872,0.9993247097679808
49320295_1299,49320295,Cc1cc(C)[nH+]c(NC(=O)N(C)C2CCC2)c1,5,0.3269230769230769,1.7031773248842128,0.9984577070111091
49320295_1298,49320295,Cc1cc(C)nc(NC(=O)N(C)C2CCC2)c1,5,0.4230769230769231,1.3614191125439166,0.9991359287961167
49335777_1711,49335777,Cn1cc(C[NH+]2CCN(c3ccccc3O)CC2)c(-c2ccncc2)n1,5,0.3559322033898305,1.2376703923089079,0.9994399453339401
49335777_1712,49335777,Cn1cc(CN2CCN(c3ccccc3O)CC2)c(-c2ccncc2)n1,5,0.328125,1.738753576560316,0.9991564012325825
5965122_2187,5965122,CCC(=O)NCCNC(=O)c1cc(-c2ccccc2)nc2ccccc12,5,0.6666666666666666,1.7394042083428145,0.9991443206166679
31878736_638,31878736,CN(Cc1ccccc1)C(=O)c1ccc(-n2cccn2)nc1,5,0.5344827586206896,2.0268653137296226,0.9984362744290521
232859591_2562,232859591,Cc1ncc(-c2ccc(C)c(S(=O)(=O)NCc3cnn(C)c3C)c2)o1,5,0.578125,2.3334202364771324,0.9995411895532216
232859591_2563,232859591,Cc1ncc(-c2ccc(C)c(S(=O)(=O)[N-]Cc3cnn(C)c3C)c2)o1,5,0.578125,3.225254098516794,0.9982223489379006
50282425_712,50282425,COc1ccc(C(=O)C2CCN(CC(=O)N(Cc3nc(=O)c4c([nH]3)CCOC4)CC3CC3)CC2)cc1,5,0.2808988764044944,3.888524141624874,0.9983569777103652
50282425_713,50282425,COc1ccc(C(=O)[C@H]2CC[N@H+](CC(=O)N(Cc3nc(=O)c4c([nH]3)CCOC4)CC3CC3)CC2)cc1,5,0.28735632183908044,3.915943309089124,0.9979596144774894
53882383_2135,53882383,CNC(=O)N1CCc2nc3ccc(Cl)cn3c(=O)c2C1,5,0.34328358208955223,1.7421667543609343,0.999646173205693
53882535_2133,53882535,CCNC(=O)N1CCc2nc3ccc(F)cn3c(=O)c2C1,5,0.34782608695652173,1.1944069658204144,0.999283764744311
53882535_2132,53882535,CCNC(=O)N1CCc2[nH+]c3ccc(F)cn3c(=O)c2C1,5,0.34782608695652173,1.432959524899735,0.9989193526577569
53882383_2134,53882383,CNC(=O)N1CCc2[nH+]c3ccc(Cl)cn3c(=O)c2C1,5,0.34328358208955223,1.8554546612623393,0.9995636155839145
48923065_3464,48923065,COc1ccc(C(=O)N2CCN(C(=O)/C=C/c3ccc(Br)cc3)CC2)cc1,5,0.3584905660377358,1.5842152631505526,0.9987785194694949
49304907_567,49304907,Cc1nc(-c2ccccc2)ccc1C(=O)N1CCCS1(=O)=O,5,0.29411764705882354,1.375487913433076,0.9984342497867954
17091023_258,17091023,Cc1nn(-c2ccc(C(=O)[O-])cc2C#Cc2ccccc2)c(C)c1C,5,0.3064516129032258,2.2934066364252432,0.9961461178380828
31929988_595,31929988,COc1cccc(NC(=O)CNc2cccc(-c3ccnc(C)n3)c2)c1,5,0.5873015873015873,1.8496321255859767,0.9989565139259053
31929992_1907,31929992,Cc1nccc(-c2cccc(NCC(=O)N(C)c3ccccc3)c2)n1,5,0.5932203389830508,1.570129294039206,0.9990777879785038
300525339_369,300525339,CC(C)c1cnn2c(NCc3ccccc3)cc(NCCCCCC[NH3+])[nH+]c12,5,0.28169014084507044,2.5351863836810855,0.9988236170011382
300525339_370,300525339,CC(C)c1cnn2c(NCc3ccccc3)cc(NCCCCCC[NH3+])nc12,5,0.25,2.1870466387344325,0.9991782863387446
53751990_2928,53751990,Cc1ccc(F)cc1S(=O)(=O)[N-]c1ccc(C(=O)N2CCCC2)cc1,5,0.5,2.024371260416523,0.9953547637660024
53751990_2929,53751990,Cc1ccc(F)cc1S(=O)(=O)Nc1ccc(C(=O)N2CCCC2)cc1,5,0.5,1.4570260807547135,0.9986671783927908
31856310_1577,31856310,Cc1cc(CN2CCN(c3ncccn3)CC2)on1,5,0.46808510638297873,1.2073520613308366,0.9990782450583143
31856310_1578,31856310,Cc1cc(C[NH+]2CCN(c3ncccn3)CC2)on1,5,0.4897959183673469,1.509749979301032,0.9992848841886285
136045_2099,136045,COc1ccccc1-c1ccc(CC2(C(=O)NC3CC3)CCOCC2)cc1,5,0.4307692307692308,1.6810761434269368,0.9986223091068589
20593051_1657,20593051,Cc1ccc(CN(C)C(=O)c2cn(Cc3ccccc3F)nn2)cc1,5,0.36065573770491804,1.3072245407733425,0.9983530280457804
49992529_417,49992529,CCn1cc([C@H]2CC[N@@H+](Cc3ccc(C#N)cc3)CC2)cn1,5,0.42857142857142855,1.329558949426391,0.9985969117587438
49942032_2294,49942032,CC(C)Oc1ccc(C#N)cc1N[C@H]1CC[N@@H+](C)CC1,5,0.42105263157894735,2.136494558851021,0.9984445777055532
36747881_3511,36747881,Cc1cccc(NC2CCN(C(=O)OC(C)(C)C)CC2)c1,5,0.3870967741935484,1.763414301858508,0.9991381809629841
11826916_3525,11826916,Nc1[nH+]c2c3ccccc3oc2c2ccccc12,5,0.2641509433962264,1.3933075755200808,0.9995268798764134
11826916_3524,11826916,Nc1nc2c3ccccc3oc2c2ccccc12,5,0.34,1.2601404683606714,0.9996131321815588
104336618_2612,104336618,CN1CCC[n+]2c1cc(OCc1cc(F)c(Oc3ccc(C(F)(F)F)nc3)c(F)c1)[nH]c2=O,5,0.5714285714285714,2.232829147068484,0.9984485540013536
417952_2917,417952,O=c1c2sccc2nc2n1CC[N@H+](Cc1ccc(F)cc1F)CC2,5,0.5,1.6328211782066082,0.9988847670359888
335958_3360,335958,O=c1c2sccc2nc2n1CCN(Cc1cc(F)ccc1F)CC2,5,0.4918032786885246,2.4018850930053808,0.9990848826680266
417952_2916,417952,O=c1c2sccc2nc2n1CCN(Cc1ccc(F)cc1F)CC2,5,0.4918032786885246,2.24936413237127,0.9992733907801407
335958_3361,335958,O=c1c2sccc2nc2n1CC[N@H+](Cc1cc(F)ccc1F)CC2,5,0.5,1.9835833735940016,0.9988987627430477
53839716_3099,53839716,COC(=O)C1=NO[C@]2(CC[N@H+](CCCCCF)CC2)C1,5,0.3125,1.4063701504229462,0.9991153317652125
53777863_3312,53777863,COC(=O)C1=NO[C@]2(CC[N@@H+](CCC(C)(C)C)CC2)C1,5,0.2571428571428571,1.7417674930942795,0.9986386918948591
25000139_551,25000139,CN(CC(=O)Nc1cccc(F)c1)C(=O)c1cccc(C#N)c1,5,0.5882352941176471,1.3228960654565542,0.9988729882920014
49337535_3380,49337535,Cc1cc(NCC2(c3ccncc3)CC2)nc[nH+]1,5,0.3103448275862069,1.0799699069886812,0.9992657460092105
49337535_3379,49337535,Cc1cc(NCC2(c3ccncc3)CC2)ncn1,5,0.30357142857142855,1.2440554650015636,0.9993456867373621
32093544_233,32093544,CC[N@H+]1CC[C@H](CNC(=O)c2cc(C)nc3cc(F)ccc23)CC1,5,0.44776119402985076,1.802544590294462,0.9991429497218934
53880275_1007,53880275,O=C(Cc1ccccc1F)N1CCN(c2[nH+]ccn3nc4c(c23)CCCC4)CC1,5,0.5606060606060606,2.5724414473414283,0.9987488392581242
53880275_1006,53880275,O=C(Cc1ccccc1F)N1CCN(c2nccn3nc4c(c23)CCCC4)CC1,5,0.5692307692307692,2.6710565325354376,0.9982319884237808
217047_503,217047,Cc1c[nH]nc1[C@]1(C)CC[N@H+](Cc2cnn(C)c2)CC1,5,0.32786885245901637,1.8948232107504597,0.9993243539839062
217047_502,217047,Cc1cn[nH]c1[C@]1(C)CC[N@H+](Cc2cnn(C)c2)CC1,5,0.3333333333333333,2.236248868081959,0.9994014853446828
20536111_2657,20536111,O=C(CC1c2ccccc2CCc2ccccc21)NCC[NH+]1CCOCC1,5,0.3389830508474576,2.287246816589784,0.9978266882527727
20536111_2658,20536111,O=C(CC1c2ccccc2CCc2ccccc21)NCCN1CCOCC1,5,0.3157894736842105,2.0996930728086447,0.9984857341768323
73052466_3707,73052466,CCOC(=O)CC[N@@H+]1CCC=C(Br)C1,5,0.26785714285714285,1.3216712904500547,0.9970812026764908
73052466_3708,73052466,CCOC(=O)CCN1CCC=C(Br)C1,5,0.2777777777777778,2.320236625863794,0.9981716689271745
29689751_2023,29689751,O=C(NCc1cccnc1)c1sccc1-c1ccccc1,5,0.4909090909090909,1.289333936573226,0.9996387680652967
329184_1616,329184,Cc1cnc(-c2nc(NCc3ccccn3)ncc2-c2onc(C)c2C)cn1,5,0.3466666666666667,2.284611564358879,0.9994957861792162
329184_1617,329184,Cc1cnc(-c2[nH+]c(NCc3ccccn3)ncc2-c2onc(C)c2C)cn1,5,0.36363636363636365,3.3225104965976238,0.9990631272327174
1516596_3672,1516596,Cc1ccc(C(=O)COC(=O)c2cc(=O)[nH]c3ccccc23)cc1,5,0.3220338983050847,1.8331478391006804,0.9980375913113209
49968150_1107,49968150,Cc1cc(N(C)Cc2ccc(N)nc2)nc(-c2ccncc2)[nH+]1,5,0.5636363636363636,1.705478525223784,0.9993420655438789
49968150_1106,49968150,Cc1cc(N(C)Cc2ccc(N)nc2)nc(-c2ccncc2)n1,5,0.56,1.6667051328892768,0.9986957488262783
42902190_105,42902190,Cc1ncc(CN2CC[C@H](Nc3ccc4nnnn4n3)[C@@H](C)C2)s1,5,0.2631578947368421,2.057194205708698,0.9991271048938881
42902190_104,42902190,Cc1ncc(C[N@H+]2CC[C@@H](Nc3ccc4nnnn4n3)[C@@H](C)C2)s1,5,0.2597402597402597,2.472909824478424,0.9994711454634578
2500471_3548,2500471,Cc1ccc(-c2[nH]c3ccccc3[nH+]2)cc1NS(=O)(=O)c1ccc(Cl)cc1,5,0.3150684931506849,1.5393748731219545,0.9991898497497689
4498619_596,4498619,O=S(=O)(Nc1cccc(-c2nc3ccccc3[nH]2)c1)c1ccc(Cl)cc1,5,0.3380281690140845,1.510073508144765,0.9989948230984771
4498619_597,4498619,O=S(=O)(Nc1cccc(-c2[nH]c3ccccc3[nH+]2)c1)c1ccc(Cl)cc1,5,0.3380281690140845,1.2380484643175402,0.999349180103696
2500471_3547,2500471,Cc1ccc(-c2nc3ccccc3[nH]2)cc1NS(=O)(=O)c1ccc(Cl)cc1,5,0.3150684931506849,1.8710374127741958,0.9992465806029862
43021928_3679,43021928,CCCCOc1ccccc1-c1cc(C(=O)NCCc2cccs2)n[nH]1,5,0.3472222222222222,3.1425336911480017,0.9986859496273545
43021928_3680,43021928,CCCCOc1ccccc1-c1cc(C(=O)NCCc2cccs2)[nH]n1,5,0.3150684931506849,2.8182918585549777,0.9990599865006563
177361051_3059,177361051,COc1ccc(OC)c(Cn2cnc3cn(C)nc3c2=O)c1,5,0.34285714285714286,1.430589389027911,0.999409395333914
72973086_1333,72973086,CC(C)(O)CNc1ncc(-c2ccnc(Nc3ccnc(Cl)c3)n2)c(CC2CC2)[nH+]1,5,0.345679012345679,2.599194682973894,0.9983296689211654
72973086_1332,72973086,CC(C)(O)CNc1ncc(-c2ccnc(Nc3ccnc(Cl)c3)n2)c(CC2CC2)n1,5,0.3815789473684211,2.9346526199870544,0.9986310557470661
18918409_2041,18918409,Cc1c(-c2ccccc2)oc2c(C(=O)NCCC[NH+]3CCCCC3)cccc2c1=O,5,0.47761194029850745,2.3081979984394927,0.9974369510700657
194963090_2,194963090,CC(C)(Oc1ccc(-c2cnc(N)c(-c3ccc(Cl)cc3)c2)cc1)C(=O)[O-],5,0.288135593220339,3.116683012434907,0.9974148285550432
194963090_3,194963090,CC(C)(Oc1ccc(-c2c[nH+]c(N)c(-c3ccc(Cl)cc3)c2)cc1)C(=O)[O-],5,0.288135593220339,1.9034673624726401,0.9983437236788253
324135965_2548,324135965,CC(C)(O)CCn1cc2cc(NC(=O)c3cccc(C(F)F)n3)c(OCC3COC3)cc2n1,5,0.7777777777777778,2.704640086961596,0.9984960088794824
49297123_513,49297123,Cc1cc(C)c(NC(=O)c2ccnc(OC3CCC3)c2)c(C)n1,5,0.423728813559322,1.1431474095671572,0.9991283191364925
49297123_514,49297123,Cc1cc(C)c(NC(=O)c2ccnc(OC3CCC3)c2)c(C)[nH+]1,5,0.4166666666666667,1.4910449356068531,0.998584034112658
13448534_2374,13448534,Fc1ccc(CN2CCCN(c3ccc4nnnn4n3)CC2)cc1,5,0.3220338983050847,1.6360696806677468,0.998785309812899
13448534_2373,13448534,Fc1ccc(C[N@@H+]2CCCN(c3ccc4nnnn4n3)CC2)cc1,5,0.3442622950819672,1.5287645338636497,0.9984206781035873
876432_1632,876432,COc1cc2ncnc(Nc3ccc(F)c(Cl)c3)c2cc1OCCC[NH+]1CCOCC1,5,0.43661971830985913,2.080346365391724,0.9983894629150801
876432_1633,876432,COc1cc2ncnc(Nc3ccc(F)c(Cl)c3)c2cc1OCCCN1CCOCC1,5,0.43661971830985913,2.1507628879073892,0.9976686646425036
876432_1634,876432,COc1cc2[nH+]cnc(Nc3ccc(F)c(Cl)c3)c2cc1OCCC[NH+]1CCOCC1,5,0.34615384615384615,1.6738870929663932,0.9987916535185103
3566194_1526,3566194,Cc1nc2cc(NC(=O)CCc3c(C)noc3C)ccc2o1,5,0.639344262295082,1.6753417561795498,0.9996367364848436
49040700_2243,49040700,Brc1nnc(N2CCC(OC3CCCC3)CC2)s1,5,0.2545454545454545,2.098387237856801,0.9976742698015921
35684677_1434,35684677,COc1ccc(F)cc1CN1CCC(n2c(=O)[nH]c3ccccc32)CC1,5,0.5245901639344263,1.0030722805458585,0.999333289326651
35684677_1433,35684677,COc1ccc(F)cc1C[N@H+]1CC[C@H](n2c(=O)[nH]c3ccccc32)CC1,5,0.532258064516129,1.9783556303150738,0.9986403836595263
1308759_2680,1308759,N#Cc1ccccc1NC(=O)CCc1ccccc1,5,0.44680851063829785,1.9136143812168511,0.998766652575757
232828909_2937,232828909,O=C1CCCN1CCCc1nnc(Cc2c(Cl)cccc2Cl)[nH]1,5,0.5471698113207547,1.757318127146965,0.9991487193872628
48339892_1555,48339892,Cc1ccc(CC(=O)Nc2nc(C)no2)cn1,5,0.4444444444444444,1.5113417879489537,0.9994317975856547
49972886_2402,49972886,CCc1nc(CNc2ccc(C#N)nc2)cs1,5,0.42592592592592593,1.2905347728760208,0.9996730517586051
365482_2432,365482,Cc1cc(-c2cn(C)nc2[C@H]2CC[C@H](CNC(=O)C(C)C)CC2)on1,5,0.32857142857142857,1.4841145508348552,0.9990304008847677
1313043_415,1313043,CCOC(=O)N1CCN(C(=O)c2ccc3c(c2)OCO3)CC1,5,0.5094339622641509,1.6979134253547739,0.9988261622411729
36701026_689,36701026,Clc1cccc(-c2nnc(Cn3c[nH+]c4ccccc43)o2)c1,5,0.5925925925925926,1.9099081129727928,0.9977119539932556
36701026_688,36701026,Clc1cccc(-c2nnc(Cn3cnc4ccccc43)o2)c1,5,0.5849056603773585,1.7550233616683577,0.9990730783546748
15279096_490,15279096,Cc1cc(C)c(C#N)c(N2CCN(CC(=O)Nc3ccccc3Cl)CC2)n1,5,0.46153846153846156,1.3310687435291813,0.9990431281952032
15279096_491,15279096,Cc1cc(C)c(C#N)c(N2CCN(CC(=O)Nc3ccccc3Cl)CC2)[nH+]1,5,0.453125,1.8450403789617222,0.9984081130502143
24010647_2384,24010647,O=C(c1cc(F)ccc1F)N1CCN(C(=O)C2CC2)CC1,5,0.44,1.1814876216027483,0.9990406936247317
232853784_3284,232853784,Cc1nc(N(C)C[C@H]2CC[N@H+](C)CC2)c(Cl)c(=O)[nH]1,5,0.3508771929824561,1.793504112066797,0.9982898962955046
232853784_3283,232853784,Cc1nc(=O)c(Cl)c(N(C)C[C@H]2CC[N@H+](C)CC2)[nH]1,5,0.3508771929824561,1.3922007757507595,0.9988947021340622
232851609_3425,232851609,COc1ccc(OCc2nnc(-c3ncoc3C(C)C)[nH]2)cc1,5,0.509090909090909,1.862151980907937,0.9986306502322957
181731_2745,181731,CNc1cc(C[NH2+]C)nc([C@@H]2CCCN2C(=O)C(C)(C)c2ccc(C)cc2)n1,5,0.5694444444444444,2.79990946282204,0.9980071886653604
181731_2746,181731,CNCc1cc(NC)nc([C@@H]2CCCN2C(=O)C(C)(C)c2ccc(C)cc2)[nH+]1,5,0.5753424657534246,2.40088421211859,0.9982234307718528
181731_2748,181731,CNc1cc(C[NH2+]C)[nH+]c([C@H]2CCCN2C(=O)C(C)(C)c2ccc(C)cc2)n1,5,0.5866666666666667,3.285655033627287,0.9983953522119209
181731_2747,181731,CNCc1cc(NC)nc([C@@H]2CCCN2C(=O)C(C)(C)c2ccc(C)cc2)n1,5,0.5571428571428572,2.7747412491978913,0.999193020194961
152135_1120,152135,O=S(=O)(c1cn[nH]c1)N1CCC[C@H](c2cccc(-c3cccc(Cl)c3)n2)C1,5,0.5147058823529411,1.9404396409063311,0.9977843850788097
152135_1121,152135,O=S(=O)(c1cn[nH]c1)N1CCC[C@@H](c2cccc(-c3cccc(Cl)c3)[nH+]2)C1,5,0.5352112676056338,2.8260230006141924,0.9976859694131378
53835106_3205,53835106,CSc1cnc(N2CCCN(c3ncc(SC)cn3)CC2)nc1,5,0.32608695652173914,2.012301170302352,0.9980571969066853
2502094_2208,2502094,Cn1cnnc1-c1cccc([N-]S(=O)(=O)c2ccc(N3CCCC3=O)cc2)c1,5,0.7049180327868853,3.3683711196957535,0.995320498077631
2502094_2207,2502094,Cn1cnnc1-c1cccc(NS(=O)(=O)c2ccc(N3CCCC3=O)cc2)c1,5,0.7049180327868853,1.5207172649778178,0.9989874406737131
LN01345100_42,LN01345100,CC#CC(=O)N1CC[C@@H](n2c(=O)n(-c3ccc(Oc4ccccc4)cc3)c3c(N)ncnc32)C1,5,0.3522727272727273,2.3811270440698644,0.9995459416754163
43571967_1718,43571967,CCc1nc(C)c(Cn2cc[nH+]c2-c2cnc(N3CCCC3)nc2)s1,5,0.3088235294117647,2.220053828176086,0.9994839757071057
4752649_1862,4752649,c1ccc(-n2ncc3c(-n4ccnc4)ncnc32)cc1,5,0.2833333333333333,1.3337934622723835,0.9993295566876743
18861554_987,18861554,Cc1ccc(F)cc1NC(=O)c1cnc2onc(C(C)C)c2c1,5,0.38571428571428573,1.2787517350909465,0.9995336690133779
300053407_2188,300053407,CN(C)C(=O)COC(=O)Cc1ccc(OC(=O)c2ccc(NC(N)=[NH2+])cc2)cc1,5,0.3064516129032258,1.8908889443854466,0.9958553720339075
271693_1829,271693,Cn1cncc1-c1ncccc1C(=O)N1CCCC1,5,0.3442622950819672,1.3653614905951805,0.9996632637689761
271693_1828,271693,Cn1c[nH+]cc1-c1ncccc1C(=O)N1CCCC1,5,0.3387096774193548,1.5085403541167846,0.9990788238238337
44114971_2490,44114971,CSc1ccc(C)c(C(=O)NCC[N@H+]2CC[C@@H](C)CC2)c1,5,0.5283018867924528,2.475261198338135,0.9970082514360454
71008775_183,71008775,Cc1cc(F)c(C(=O)Nc2cccc(-c3nncn3C(C)C)n2)cc1-n1cnc(C2CC2)c1,5,0.37362637362637363,2.469227814520249,0.9996159459579659
71008775_184,71008775,Cc1cc(F)c(C(=O)Nc2cccc(-c3nncn3C(C)C)n2)cc1-n1c[nH+]c(C2CC2)c1,5,0.37894736842105264,2.8315668807215433,0.9987260496970888
45688619_755,45688619,COCc1ccccc1CNc1ccc2cc(C#N)ccc2n1,5,0.4576271186440678,0.8027209976076208,0.9992771470250748
45688619_756,45688619,COCc1ccccc1CNc1ccc2cc(C#N)ccc2[nH+]1,5,0.45901639344262296,1.7042567294866127,0.9980252582845572
151551_772,151551,Cn1ccc(C(=O)N2CCC[C@H](c3cccc(-c4cccc(Cl)c4)n3)C2)n1,5,0.7049180327868853,1.9198718707247509,0.998804524932282
151551_773,151551,Cn1ccc(C(=O)N2CCC[C@@H](c3cccc(-c4cccc(Cl)c4)[nH+]3)C2)n1,5,0.7258064516129032,2.253394772337987,0.9986876249868594
49081113_3132,49081113,CC(C)(C)c1cnc(CN2CCC(=O)Nc3cc(F)ccc32)o1,5,0.576271186440678,1.5898996823698943,0.999323432516101
44588358_1662,44588358,CC(C)c1cnc(COc2ccc(Br)nc2)o1,5,0.288135593220339,1.3442611353454585,0.999415937592419
43805996_327,43805996,CCc1nnc(NC(=O)Cc2cccc(F)c2)s1,5,0.48148148148148145,1.2874901941372314,0.9994029371610221
1536855_1501,1536855,COc1cc(C[NH2+]CCN2CCOCC2)cc(Cl)c1OCc1ccccc1,5,0.3114754098360656,2.1565915236781024,0.9973593338925829
1536855_1502,1536855,COc1cc(CNCC[NH+]2CCOCC2)cc(Cl)c1OCc1ccccc1,5,0.3333333333333333,2.13210717366636,0.9976586564803364
53800443_3151,53800443,CCc1n[nH]c(N[C@H]2CC[C@H](C(=O)OC)CC2)c1C,5,0.5510204081632653,1.2253554586321609,0.9995491871733599
53800443_3150,53800443,CCc1[nH]nc(N[C@H]2CC[C@H](C(=O)OC)CC2)c1C,5,0.5510204081632653,1.5793938710786288,0.9992401683185349
29618437_1331,29618437,Cc1ccc(CCNC(=O)c2ccncc2)o1,5,0.44,1.2334309871253908,0.9997127530401397
49300421_2703,49300421,Cc1noc(NCc2ccc(F)cc2C)[nH+]1,5,0.4444444444444444,2.1007015494828467,0.9988829663015643
49300421_2702,49300421,Cc1noc(NCc2ccc(F)cc2C)n1,5,0.4339622641509434,1.3376662513500381,0.9987976779850404
36419852_1967,36419852,Cc1cccc(-n2cnnc2CCCN2CCOCC2)c1,5,0.45161290322580644,1.101453585041214,0.999516157275327
36419852_1966,36419852,Cc1cccc(-n2cnnc2CCC[NH+]2CCOCC2)c1,5,0.4603174603174603,1.4714829254872432,0.9986986762982876
24068092_1674,24068092,O=C(NCC1CC1)c1cncn1-c1ccc(F)cc1,5,0.41379310344827586,0.9688281581380318,0.9991519251580611
24068092_1675,24068092,O=C(NCC1CC1)c1c[nH+]cn1-c1ccc(F)cc1,5,0.38333333333333336,1.986889528886792,0.9975759793865565
24883050_1411,24883050,COc1ccc(C2([NH2+]Cc3cccc4ncccc34)CC2)cc1,5,0.29508196721311475,1.2622638392983463,0.9985409477093766
151187_2223,151187,COc1ccc(-c2cccc([C@H]3CCCN(C(=O)C4CCCC4)C3)[nH+]2)cc1,5,0.5645161290322581,1.8318067583674764,0.9988310700428744
151187_2222,151187,COc1ccc(-c2cccc([C@H]3CCCN(C(=O)C4CCCC4)C3)n2)cc1,5,0.5757575757575758,2.562958446795157,0.9981016590065676
36261251_1335,36261251,O=C(CCc1cc2ccccc2o1)N1CCN(c2cnccn2)CC1,5,0.3235294117647059,2.586632173308999,0.9988382756941953
50406372_1742,50406372,CN(c1ccc(NC(=O)Nc2ccc(OC(F)(F)F)cc2)cc1)c1ccnc(Nc2cccc(S(N)(=O)=O)c2)n1,5,0.421875,3.246472085202363,0.9969977730731835
50406372_1743,50406372,CN(c1ccc(NC(=O)Nc2ccc(OC(F)(F)F)cc2)cc1)c1cc[nH+]c(Nc2cccc(S(N)(=O)=O)c2)n1,5,0.4235294117647059,2.6319219213339027,0.9980026215086647
24879868_1895,24879868,CCC(=O)N1CCCc2cc([C@@H](O)C[NH+]3CCN(c4ccc(OC)cc4)CC3)ccc21,5,0.40540540540540543,2.4220177538574044,0.9986735407427866
24879868_1896,24879868,CCC(=O)N1CCCc2cc([C@@H](O)CN3CCN(c4ccc(OC)cc4)CC3)ccc21,5,0.32051282051282054,2.8265526706574238,0.9982755942978196
24884318_257,24884318,COc1c(C)cccc1CN1CCC(O)(c2ccc(F)cc2)CC1,5,0.40625,1.8697596102174596,0.998967641817214
24884318_256,24884318,COc1c(C)cccc1C[N@H+]1CC[C@@](O)(c2ccc(F)cc2)CC1,5,0.47540983606557374,1.7848829093249174,0.9995335612535422
35689572_1642,35689572,Cc1ccc(CN(C)c2[nH+]cnc3c2cnn3C)o1,5,0.4482758620689655,3.7205611135953474,0.9993812630213059
35689572_1641,35689572,Cc1ccc(CN(C)c2ncnc3c2cnn3C)o1,5,0.42857142857142855,2.0555361830920926,0.999104107543967
35754387_1474,35754387,CNC(=O)c1cccc(Oc2ncnc3c2CN(C)CC3)c1,5,0.32786885245901637,1.7503596773235262,0.9981262954438778
35754387_1473,35754387,CNC(=O)c1cccc(Oc2ncnc3c2C[N@H+](C)CC3)c1,5,0.328125,1.48588828651427,0.9983764476892564
42901988_949,42901988,CC(C)c1noc2nc(C3CC3)cc(C(=O)N3CCN(C)C(=O)C3)c12,5,0.3,2.395535013310901,0.9995081639949499
180601629_82,180601629,COc1ccccc1C(=O)Nc1ccc2cc[nH]c2c1,5,0.5294117647058824,1.4861948055353984,0.9991606101075219
1311623_975,1311623,COc1ccc(CNCc2cccc3ccccc23)cc1,5,0.3392857142857143,1.636949602156344,0.9997545772638785
1311623_974,1311623,COc1ccc(C[NH2+]Cc2cccc3ccccc23)cc1,5,0.3076923076923077,1.8646972944690634,0.9987677575035284
177509728_2345,177509728,Cc1nnc2ncc(-c3cccc4ccnn34)cn12,5,0.3728813559322034,0.7535137689520373,0.9996485044613329
48597409_1122,48597409,CN(C)c1ncn(-c2cccc(N)c2)n1,5,0.29411764705882354,1.237861058439052,0.999206355559638
48306804_2958,48306804,Cc1ccc([O-])c(C[N@H+]2CC[C@H](c3nc4ccccc4o3)CC2)n1,5,0.3972602739726027,3.230416381830508,0.9979371658967425
48306804_2955,48306804,Cc1ccc(O)c(C[N@H+]2CC[C@H](c3nc4ccccc4o3)CC2)n1,5,0.4166666666666667,1.5881656084931413,0.9993448559190254
48306804_2956,48306804,Cc1ccc([O-])c(C[N@H+]2CC[C@H](c3nc4ccccc4o3)CC2)[nH+]1,5,0.40540540540540543,2.685253060700119,0.9973943836793484
48306804_2957,48306804,Cc1ccc([O-])c(CN2CCC(c3nc4ccccc4o3)CC2)[nH+]1,5,0.3918918918918919,1.6433228532459316,0.9984899548043565
48306804_2959,48306804,Cc1ccc(O)c(CN2CCC(c3nc4ccccc4o3)CC2)n1,5,0.4225352112676056,1.7573326378350584,0.9985855351677015
84836387_3600,84836387,Clc1cc2c(NC3CCCC3)nnc(-c3ccncc3)c2cc1Cl,5,0.30434782608695654,1.6550948613297325,0.9992600670109997
84836387_3601,84836387,Clc1cc2c(NC3CCCC3)nnc(-c3cc[nH+]cc3)c2cc1Cl,5,0.2903225806451613,1.8897785584560018,0.998517459520611
409118_2431,409118,Cn1cc(CN2CCc3nc4ccccc4c(=O)n3CC2)cn1,5,0.6792452830188679,1.9693887376541266,0.9996116597840022
409118_2430,409118,Cn1cc(C[N@H+]2CCc3nc4ccccc4c(=O)n3CC2)cn1,5,0.6909090909090909,1.6768413759203575,0.9991046076905568
30270890_3676,30270890,Oc1ccc(-c2noc(C3CC3)n2)cc1,5,0.45098039215686275,1.1627222368216759,0.999043052998377
30270890_3677,30270890,[O-]c1ccc(-c2noc(C3CC3)n2)cc1,5,0.4230769230769231,1.492442628713086,0.9980376933322578
276241702_3190,276241702,CC(C)Cc1ccccc1C[NH2+]Cc1ccc2[nH]cnc2c1,5,0.5,2.18192827563144,0.9965663170671272
276241702_3191,276241702,CC(C)Cc1ccccc1C[NH2+]Cc1ccc2nc[nH]c2c1,5,0.5,2.1246376161595237,0.9975605133783271
276241702_3192,276241702,CC(C)Cc1ccccc1C[NH2+]Cc1ccc2[nH]c[nH+]c2c1,5,0.46153846153846156,3.129781462019341,0.9931170734450113
31327400_1460,31327400,C[N@@H+]1CCc2nc(NC(=O)c3c[nH+]cn3-c3ccccc3)sc2C1,5,0.5483870967741935,2.300291720630675,0.9990321009970924
31327400_1459,31327400,C[N@H+]1CCc2nc(NC(=O)c3cncn3-c3ccccc3)sc2C1,5,0.5573770491803278,1.5998693696682216,0.9991733446358243
294504_1443,294504,CC(C)(C)NC(=O)Cn1nc(C(c2ccccc2)c2ccccc2)oc1=O,5,0.3220338983050847,1.5750596814086812,0.9994888689524529
44585808_797,44585808,Cc1csc(N(C(=O)c2ccc(-n3cncn3)c(F)c2)C2CC2)n1,5,0.43661971830985913,1.1423296371887663,0.9995680590673284
46620326_1349,46620326,CCc1nc(CN2C(=O)COc3ccc(F)cc32)cs1,5,0.3150684931506849,2.118072472792058,0.9990661452684436
44447553_1481,44447553,Cn1cnnc1CCn1cc[nH+]c1-c1cc2ccccc2s1,5,0.3472222222222222,2.7314541914520305,0.9992969116929676
44447553_1482,44447553,Cn1cnnc1CCn1ccnc1-c1cc2ccccc2s1,5,0.3380281690140845,1.602322065003857,0.9990829345320028
82737563_3084,82737563,Cc1ccccc1CCNC(=O)N(Cc1cccnc1)[C@H]1CC[N@H+](C)CC1,5,0.7457627118644068,0.9255333597449834,0.9995974883358069
44384801_168,44384801,CCCNS(=O)(=O)/N=c1\nc[nH]c(OCCOc2ncc(Br)cn2)c1-c1ccc(Br)cc1,5,0.2236842105263158,3.559317209802957,0.9975518880977848
44384801_169,44384801,CCCNS(=O)(=O)/N=c1\[nH]cnc(OCCOc2ncc(Br)cn2)c1-c1ccc(Br)cc1,5,0.22666666666666666,3.4198384464762746,0.9969023542645228
44384801_171,44384801,CCC[N-]S(=O)(=O)/N=c1/nc[nH]c(OCCOc2ncc(Br)cn2)c1-c1ccc(Br)cc1,5,0.2236842105263158,3.010218430612279,0.9986409258343459
44384801_170,44384801,CCC[N-]S(=O)(=O)/N=c1/[nH]cnc(OCCOc2ncc(Br)cn2)c1-c1ccc(Br)cc1,5,0.23376623376623376,2.520151185941336,0.9985255544235352
89942329_3585,89942329,Cc1c(NC(=O)c2cc(C(N)=O)nc3cc(F)ccc23)c(C(F)(F)F)nn1Cc1ccc(C#N)cc1,5,0.43037974683544306,2.70218541184798,0.9990005381012108
1548090_3673,1548090,COc1cccc(NC(=O)c2c([O-])n(-c3cccc(OC)c3)n[n+]2C)c1,5,0.45614035087719296,1.6731069900040094,0.999224744240681
171813288_2879,171813288,CCOc1ccc2[nH]c(C(=O)N3CC[C@@](O)(CC(C)C)[C@@H](Oc4ccc(F)cc4)C3)c(C)c2c1,5,0.2631578947368421,4.713008381066439,0.9994468545650005
171813207_3354,171813207,Cc1cc(C)c2[nH]c(C(=O)N3CC[C@@](O)(CC(C)C)[C@@H](Oc4ccc(F)cc4)C3)c(C)c2c1,5,0.24210526315789474,4.495730085314034,0.9995032822697382
171813311_2415,171813311,CCc1c(C(=O)N2CC[C@@](O)(CC(C)C)[C@@H](Oc3ccc(F)cc3)C2)[nH]c2ccc(C)cc12,5,0.2903225806451613,3.3832596707908666,0.9994777834425261
43648627_628,43648627,Cn1c(=O)n(Cc2cccc(OC(F)F)c2)c2cnccc21,5,0.36363636363636365,1.5739031101053933,0.9994443279835069
43648627_629,43648627,Cn1c(=O)n(Cc2cccc(OC(F)F)c2)c2c[nH+]ccc21,5,0.3620689655172414,1.580800113866241,0.9990753170201296
36464053_1424,36464053,CCc1cnc(C)nc1-c1ccc(-c2cc[nH]n2)cc1,5,0.425531914893617,1.88615243286414,0.998819957045555
36464053_1425,36464053,CCc1cnc(C)nc1-c1ccc(-c2ccn[nH]2)cc1,5,0.43478260869565216,1.9898572813142938,0.9990613103310749
36284654_1324,36284654,Cc1c(C(=O)N[C@H]2CC[N@H+](CC3CCCCC3)CC2)cnn1C,5,0.4461538461538462,1.7630357341811795,0.9987119970274516
43366900_162,43366900,Cc1nc(C(=O)NCC(=O)[O-])c([O-])c2ccc(Oc3ccccc3)cc12,5,0.30158730158730157,2.190782052145087,0.9988076403448373
43366900_163,43366900,Cc1[nH+]c(C(=O)NCC(=O)[O-])c([O-])c2ccc(Oc3ccccc3)cc12,5,0.3,2.0420374629276092,0.997637568559143
2258851_1397,2258851,O=C(NCCc1ccccc1)c1cnccn1,5,0.3958333333333333,1.6741463496363118,0.9996107830099289
35986174_340,35986174,Cc1ccccc1OCCCNc1cc(Cn2c(C)[nH+]c3ccccc32)[nH+]c(N)n1,5,0.4918032786885246,2.624444131620862,0.997302285738778
35986174_341,35986174,Cc1ccccc1OCCCNc1cc(Cn2c(C)[nH+]c3ccccc32)nc(N)n1,5,0.4918032786885246,0.8141474067981208,0.9997448233314097
35986106_2204,35986106,Cc1cccc(OCCCNc2cc(Cn3c(C)[nH+]c4ccccc43)[nH+]c(N)n2)c1,5,0.32857142857142857,2.1060614900804104,0.9985841532540819
35986106_2205,35986106,Cc1cccc(OCCCNc2cc(Cn3c(C)[nH+]c4ccccc43)nc(N)n2)c1,5,0.32857142857142857,1.0168701982048645,0.9996370698757011
35986106_2203,35986106,Cc1cccc(OCCCNc2cc(Cn3c(C)nc4ccccc43)nc(N)n2)c1,5,0.3333333333333333,2.8022706864250315,0.997564903743924
35986174_338,35986174,Cc1ccccc1OCCCNc1cc(Cn2c(C)nc3ccccc32)[nH+]c(N)n1,5,0.4838709677419355,2.2652821016373883,0.9982056070069593
35986174_339,35986174,Cc1ccccc1OCCCNc1cc(Cn2c(C)nc3ccccc32)nc(N)n1,5,0.5,1.9073859074661348,0.9988252928728473
35986106_2202,35986106,Cc1cccc(OCCCNc2cc(Cn3c(C)nc4ccccc43)[nH+]c(N)n2)c1,5,0.323943661971831,2.3918754148157113,0.9979040343030571
301023837_3314,301023837,COc1cc(C[N@H+]2CCC[NH2+]CC2)cc2c1OCO2,5,0.3125,1.9353335629803285,0.9984140558486468
301023837_3315,301023837,COc1cc(C[N@@H+]2CCCNCC2)cc2c1OCO2,5,0.3125,1.4196605228015462,0.9996947965279642
301023837_3313,301023837,COc1cc(CN2CCC[NH2+]CC2)cc2c1OCO2,5,0.328125,1.3600272056103009,0.9989208814177823
17660388_1668,17660388,Cn1c(=O)c2c([nH+]c3n2CCN3Cc2c(F)cccc2Cl)n(C)c1=O,5,0.2982456140350877,1.3621787694722567,0.9990308315305166
153321_957,153321,c1cc(C[N@H+]2CC[C@@H](c3ccn[nH]3)CC2)ccn1,5,0.4230769230769231,1.9935067092939482,0.9995721643259006
153321_958,153321,c1cc(C[N@H+]2CC[C@H](c3cc[nH]n3)CC2)ccn1,5,0.41509433962264153,1.492033846801197,0.9990887405094094
7695671_3605,7695671,Cc1cccc(OCC(=O)Nc2ccc3c(c2)C(=O)N(c2ccccc2)C3=O)c1,5,0.4067796610169492,1.7733442982117917,0.9981665262271795
326092_1751,326092,Fc1cccc(CCNCc2cc(-c3ccccc3)cn3nnnc23)c1,5,0.4461538461538462,1.5558274325901804,0.9986148161896303
326092_1750,326092,Fc1cccc(CC[NH2+]Cc2cc(-c3ccccc3)cn3nnnc23)c1,5,0.4461538461538462,1.525709015507272,0.9982233336808375
181767_2744,181767,CNCc1cc(N(C)C)nc([C@H]2CCCN2C(=O)[C@H]2C[N@@H+](Cc3ccc(Cl)cc3)C2)[nH+]1,5,0.7014925373134329,2.938283172193977,0.9985830732205301
181767_2741,181767,C[NH2+]Cc1cc(N(C)C)nc([C@H]2CCCN2C(=O)C2CN(Cc3ccc(Cl)cc3)C2)n1,5,0.7142857142857143,2.440688632333208,0.9979148635506451
181767_2743,181767,CNCc1cc(N(C)C)nc([C@H]2CCCN2C(=O)C2CN(Cc3ccc(Cl)cc3)C2)n1,5,0.7142857142857143,2.4077379425510514,0.9987139404729269
181767_2740,181767,C[NH2+]Cc1cc(N(C)C)nc([C@@H]2CCCN2C(=O)[C@H]2C[N@H+](Cc3ccc(Cl)cc3)C2)n1,5,0.6923076923076923,2.7810560943639135,0.9976042179465402
181767_2742,181767,CNCc1cc(N(C)C)nc([C@@H]2CCCN2C(=O)[C@H]2C[N@H+](Cc3ccc(Cl)cc3)C2)n1,5,0.6923076923076923,3.07030079959606,0.998024068985687
232880886_2708,232880886,O=C(c1ccccc1N1CCOCC1)N(Cc1ccccn1)C1CCCCC1,5,0.35714285714285715,1.8330624648386329,0.998803085937335
3593598_692,3593598,O=C(c1ccccc1)N1CCN(C(=O)c2ccc(-c3ccccc3Cl)o2)CC1,5,0.38461538461538464,1.7431095777371972,0.9990417009585347
49925834_2662,49925834,CC(C)c1[nH+]ccn1Cc1nc2ccccc2[nH]1,5,0.45614035087719296,1.983951360291127,0.9993743864006044
49925834_2661,49925834,CC(C)c1nccn1Cc1nc2ccccc2[nH]1,5,0.44642857142857145,1.0363758970565486,0.9996520640673329
48301846_1789,48301846,C[NH+](C)C1CN(c2nc(-c3cnccn3)nc3sc4c(c23)CCCC4)C1,5,0.5,3.0936722515482287,0.9992703129916058
48301846_1790,48301846,CN(C)C1CN(c2nc(-c3cnccn3)nc3sc4c(c23)CCCC4)C1,5,0.4931506849315068,2.51204478463205,0.9992585216279858
49921682_2901,49921682,Cc1cc(Cn2cnc(C#N)c2C#N)c2ccccc2n1,5,0.4716981132075472,1.597828839394336,0.9992737318615743
50610014_2841,50610014,COC(=O)N1CC(NCc2c(C)nn(C(C)(C)C)c2C)C1,5,0.27692307692307694,1.73592396146812,0.9993197612068224
50610014_2840,50610014,COC(=O)N1CC([NH2+]Cc2c(C)nn(C(C)(C)C)c2C)C1,5,0.265625,1.8025753798379893,0.9993172238626304
171961096_2838,171961096,Cc1cccc(OC[C@@]2(O)C[N@@H+](C[C@]3(O)CC[C@H](C(C)(C)C)CC3)CC[C@@H]2O)c1,5,0.39436619718309857,5.527494730888556,0.9985816650022182
171961096_2839,171961096,Cc1cccc(OC[C@@]2(O)CN(C[C@]3(O)CC[C@@H](C(C)(C)C)CC3)CC[C@@H]2O)c1,5,0.3888888888888889,5.21420358252341,0.9965001286467684
32674428_2695,32674428,COc1cc(OC)cc(C(=O)NCc2noc(-c3ccccc3)n2)c1,5,0.3548387096774194,0.9583261448997111,0.999208224094953
24140848_2115,24140848,O=C(NCc1nnc2n1-c1ccccc1CC2)c1ccc2ccccc2c1,5,0.6101694915254238,1.5437995336185242,0.9984031459292405
44048515_3007,44048515,C[NH+](C)CC(C)(C)CNc1cnnc([O-])c1Br,5,0.22413793103448276,1.0304198173564174,0.99924922622767
44048515_3008,44048515,C[NH+](C)CC(C)(C)CNc1cnnc(O)c1Br,5,0.22413793103448276,2.108199231572045,0.9981842952339356
MCULE-6181763916_1962,MCULE-6181763916,Cc1noc(OCC(=O)N2CCCCCC2)n1,5,0.3888888888888889,1.547114087583728,0.9991799331567077
6892467_600,6892467,COc1cc(CNc2nnn[nH]2)cc(Br)c1OCc1ccc(Cl)cc1,5,0.2876712328767123,2.9679597369236763,0.9906480181081839
6892467_599,6892467,COc1cc(CNc2nnn[n-]2)cc(Br)c1OCc1ccc(Cl)cc1,5,0.27692307692307694,2.1444470149670636,0.9970466782838039
157315_454,157315,Cc1nc(CC2CCN(S(=O)(=O)c3cn(C)cn3)CC2)cc(NC2CCCC2)n1,5,0.6307692307692307,2.114903543899834,0.9987603403468942
157315_453,157315,Cc1nc(NC2CCCC2)cc(CC2CCN(S(=O)(=O)c3cn(C)cn3)CC2)[nH+]1,5,0.6417910447761194,3.0111932850614513,0.997762044986072
13535869_2867,13535869,COc1ccc(NC(C)=O)cc1NC(=O)CN(Cc1ccccc1)C(C)C,5,0.36923076923076925,1.5240390414946199,0.998136121131539
13535869_2868,13535869,COc1ccc(NC(C)=O)cc1NC(=O)C[N@@H+](Cc1ccccc1)C(C)C,5,0.3709677419354839,1.750749268170623,0.9988319992991737
104352855_1624,104352855,O=C(CSC1CCCC1)NCCn1nc2c(cc1=O)CCCC2,5,0.5714285714285714,1.8215685548449836,0.9985387940252398
43133355_765,43133355,CCc1ccccc1NC(=O)CCn1cc[nH+]c1-c1ccc2c(c1)OCO2,5,0.3783783783783784,2.5486769116539194,0.9984136313968732
25835159_3515,25835159,O=C1N=C(N2CCN(c3ccccc3)CC2)S/C1=C\c1ccc([O-])cc1O,5,0.2727272727272727,1.669469376778635,0.9992286755436064
25835159_3514,25835159,O=C1N=C(N2CCN(c3ccccc3)CC2)S/C1=C\c1ccc(O)cc1[O-],5,0.2727272727272727,1.8616602805022646,0.9992638287620935
25835159_3513,25835159,O=C1N=C(N2CCN(c3ccccc3)CC2)S/C1=C\c1ccc(O)cc1O,5,0.26153846153846155,1.0519030373563023,0.9993870549521291
25835159_3516,25835159,O=C1NC(=[N+]2CCN(c3ccccc3)CC2)S/C1=C\c1ccc(O)cc1[O-],5,0.24285714285714285,2.865673917248567,0.9975110813029573
49947006_3104,49947006,Cc1nn(C)c(NCc2sccc2C)[nH+]1,5,0.6428571428571429,1.8202675627501914,0.9993524106911735
104336630_411,104336630,CC(C)(C)NC(=O)c1c[nH+]cn1C1CCN(c2ccc(-c3nnc(C(F)(F)F)o3)cn2)CC1,5,0.2876712328767123,1.284777023455747,0.9994968144888031
104336630_412,104336630,CC(C)(C)NC(=O)c1cncn1C1CCN(c2ccc(-c3nnc(C(F)(F)F)o3)cn2)CC1,5,0.2916666666666667,1.808512372088619,0.9990190447975298
49837463_103,49837463,O=C(Nc1nc2cccc(-c3ccc(CN4CCS(=O)(=O)CC4)cc3)n2n1)C1CC1,5,0.3037974683544304,2.1500825565546644,0.9987048769016731
49837463_102,49837463,O=C(Nc1nn2c(-c3ccc(CN4CCS(=O)(=O)CC4)cc3)cccc2[nH+]1)C1CC1,5,0.2962962962962963,1.7402252727736354,0.9983865577489579
152925_1018,152925,NC(=O)CN1CCC(Oc2cccc(F)c2)CC1,5,0.5178571428571429,1.5817123632316867,0.9958046881058334
152939_687,152939,Cc1cccc(O[C@H]2CC[N@H+](CC(N)=O)CC2)c1,5,0.39655172413793105,2.2038382427029024,0.9985822550504695
152939_686,152939,Cc1cccc(OC2CCN(CC(N)=O)CC2)c1,5,0.421875,1.840811505831095,0.9975815201067885
152925_1019,152925,NC(=O)C[N@H+]1CC[C@@H](Oc2cccc(F)c2)CC1,5,0.5272727272727272,1.3317034204356923,0.9974208831025797
25041311_3461,25041311,Cc1nnc(-c2ccc(N3CCC(Oc4cc(F)ccc4Cl)CC3)nn2)o1,5,0.43661971830985913,1.9344063688895727,0.9971755057330867
316162153_38,316162153,O=C(c1ccc(Oc2ccccc2)cc1Cl)c1c[nH]c2ncnc(N[C@@H]3CC[C@@H](CO)OC3)c12,5,0.3118279569892473,4.853063774565437,0.9987267276998331
316162153_39,316162153,O=C(c1ccc(Oc2ccccc2)cc1Cl)c1c[nH]c2nc[nH+]c(N[C@@H]3CC[C@@H](CO)OC3)c12,5,0.3125,4.719711643734274,0.998992366986673
36981448_1765,36981448,Cc1cccc(N(C)C(=O)COC2CCCC2)n1,5,0.3793103448275862,0.7755501273289361,0.9992515958830938
36981448_1766,36981448,Cc1cccc(N(C)C(=O)COC2CCCC2)[nH+]1,5,0.3389830508474576,1.7591091495413924,0.9988547852082635
31966128_657,31966128,Cc1nc(Cn2ncc3ccccc3c2=O)cs1,5,0.43103448275862066,1.1258339131506192,0.9991091937590098
49083485_2236,49083485,CC(C)c1nc(S(=O)(=O)N2CC3(CC3)c3ccccc32)c[nH]1,5,0.5714285714285714,2.3793948810566827,0.9995384150686267
2890746_1513,2890746,O=C(Cc1ccc2ccccc2c1)NCCc1nc2ccccc2[nH]1,5,0.41379310344827586,2.050798868733872,0.9984418421036477
2890746_1514,2890746,O=C(Cc1ccc2ccccc2c1)NCCc1[nH]c2ccccc2[nH+]1,5,0.4067796610169492,1.4992851630025987,0.9983907600924921
36716227_2190,36716227,Cc1c(C(=O)NCc2cnc(N(C)C)n2C)sc2ccccc12,5,0.34375,1.676248788218861,0.9994426319251513
36716227_2189,36716227,Cc1c(C(=O)NCc2c[nH+]c(N(C)C)n2C)sc2ccccc12,5,0.31746031746031744,1.7592458611576698,0.9991349968309123
181799_3340,181799,CNCc1cc(N(C)C)nc([C@H]2CCCN2C(=O)CCc2c[nH]c3ccccc23)[nH+]1,5,0.625,2.2704726380204194,0.9985322692912635
181799_3339,181799,CNCc1cc(N(C)C)nc([C@H]2CCCN2C(=O)CCc2c[nH]c3ccccc23)n1,5,0.6056338028169014,2.6134199815565635,0.9989254981673564
181799_3338,181799,C[NH2+]Cc1cc(N(C)C)nc([C@H]2CCCN2C(=O)CCc2c[nH]c3ccccc23)n1,5,0.6142857142857143,2.352567321034937,0.9990398474321998
48755664_2462,48755664,COc1ccc2nc(C)[nH+]c(NCc3ncc(C)o3)c2c1,5,0.41935483870967744,1.8144089946866835,0.9996463246609482
48755664_2460,48755664,COc1ccc2nc(C)nc(NCc3ncc(C)o3)c2c1,5,0.4,1.2843947991174292,0.9993798745595994
48755664_2461,48755664,COc1ccc2[nH+]c(C)nc(NCc3ncc(C)o3)c2c1,5,0.41935483870967744,1.685337948306194,0.9990953395959583
49343751_3081,49343751,O=C(Nc1nnc2n1CCCC2)c1cscn1,5,0.3387096774193548,1.4622999008415714,0.9997562668675545
29659409_985,29659409,Cn1cc(C[N@@H+](C)Cc2cccc(C#N)c2)cn1,5,0.5531914893617021,0.9912779630357225,0.9990418667892929
300062043_1680,300062043,c1ccc(COc2ccc(C[NH2+]CC3CC[NH2+]CC3)cc2)cc1,5,0.3018867924528302,2.356872928267499,0.9962378814301565
316046283_3699,316046283,CCN1CCO[C@H](C(=O)N2CCC(c3cn[nH]c3)CC2)C1,5,0.3287671232876712,1.501871832081561,0.9985521442412171
316046283_3698,316046283,CC[N@H+]1CCO[C@H](C(=O)N2CCC(c3cn[nH]c3)CC2)C1,5,0.32,2.301227063981333,0.9989670837206919
1536151_1816,1536151,COc1cc(OC)c(OC)cc1CNc1ccc(N2CCOCC2)c(C(=O)[O-])c1,5,0.3142857142857143,2.252945849327241,0.9982129084186807
44811452_3555,44811452,Cc1nc(-c2cccnc2)sc1C(=O)Nc1ccccc1-c1cn2c(C[NH+]3CCOCC3)csc2n1,5,0.3020833333333333,3.3907012549038718,0.9989950081513223
44811452_3554,44811452,Cc1nc(-c2cccnc2)sc1C(=O)Nc1ccccc1-c1cn2c(CN3CCOCC3)csc2n1,5,0.3103448275862069,4.062060314668399,0.9994413542791739
31881571_897,31881571,CCCC(=O)Nc1ccc(-n2cccn2)nc1,5,0.4339622641509434,1.8328505121801877,0.9995587368938487
38477365_2398,38477365,Cc1ccc(CN)c(-n2cc(Cl)cn2)n1,5,0.2631578947368421,1.9545168200860707,0.9997457384656664
38477365_2397,38477365,Cc1ccc(C[NH3+])c(-n2cc(Cl)cn2)n1,5,0.2631578947368421,2.1619061034194615,0.9985226000659014
320405235_195,320405235,C=CC(=O)N(C)CCOc1c(N)ncnc1-c1cc(F)cc(NC(=O)c2ccc(C3CC3)cc2F)c1C,5,0.25892857142857145,2.6213128390178753,0.9981568192518033
43106737_1787,43106737,Cc1nn(C)c2ncnc(N(C)Cc3cccc(Cl)c3)c12,5,0.30434782608695654,1.7262635951673353,0.9988259392097429
43106737_1788,43106737,Cc1nn(C)c2nc[nH+]c(N(C)Cc3cccc(Cl)c3)c12,5,0.31746031746031744,2.1964302857138707,0.9990156648752003
24055786_419,24055786,CCc1cc2c(N(C)CCO)ncnc2s1,5,0.2807017543859649,1.5377194152383806,0.9993556382103843
32033578_1235,32033578,C[C@@H](C(=O)N1CCc2sccc2C1)[N@@H+]1CCCN(c2ccccc2C#N)CC1,5,0.40540540540540543,2.2637764907339375,0.9987762565623328
32033578_1236,32033578,C[C@H](C(=O)N1CCc2sccc2C1)N1CCCN(c2ccccc2C#N)CC1,5,0.39473684210526316,2.235599472177493,0.998960214594363
89942016_90,89942016,Nc1ncc(C(=O)NC2CN(C(=O)C3CC3)C2)c2ccc(-c3cccc(F)c3)nc12,5,0.3188405797101449,2.6647491439153215,0.9991448607293504
206931104_442,206931104,C[NH+](C)CCOc1ccc(-c2[nH]c(-c3ccc4c(c3)CC/C4=N\[O-])c(-c3ccncc3)[nH+]2)cc1,5,0.4025974025974026,3.959111642780145,0.9987440156430046
206931104_444,206931104,C[NH+](C)CCOc1ccc(-c2nc(-c3cc[nH+]cc3)c(-c3ccc4c(c3)CC/C4=N\[O-])[nH]2)cc1,5,0.44,2.983940683056478,0.998662051095138
206931104_443,206931104,C[NH+](C)CCOc1ccc(-c2nc(-c3ccncc3)c(-c3ccc4c(c3)CC/C4=N\[O-])[nH]2)cc1,5,0.4266666666666667,2.1614728774612653,0.9988296865777546
36922856_1834,36922856,O=C(CN1CCCc2ccc(F)cc21)N1CCNC1=O,5,0.6,1.7389232300477464,0.9976614694085582
Z86139961_1478,Z86139961,Fc1cccc(Cl)c1CNCCc1c[nH]c2ccccc12,5,0.3448275862068966,1.4452075975438619,0.9994083560635174
Z86139961_1477,Z86139961,Fc1cccc(Cl)c1C[NH2+]CCc1c[nH]c2ccccc12,5,0.31746031746031744,1.280990241961543,0.9989678831524358
MCULE-1169396424_1500,MCULE-1169396424,CCOc1ccccc1C[NH2+]CCc1c[nH]c2ccccc12,5,0.3275862068965517,2.1738622311453253,0.9988575950405716
MCULE-2124560621_2015,MCULE-2124560621,CCOc1cccc(C[NH2+]CCc2c[nH]c3ccccc23)c1,5,0.3157894736842105,2.0803225711412985,0.9987424533353368
36260547_935,36260547,N#CCCC[N@H+]1CC[C@H](c2c[nH]c3ccccc32)CC1,5,0.3939393939393939,1.325211303905894,0.9991320223819256
11886855_2646,11886855,Cc1ccc(C(=O)NCCc2ccc(F)cc2)o1,5,0.4166666666666667,1.435342816194052,0.9992828363075379
3615737_3506,3615737,c1sc(NC[C@H]2CCCO2)nc1[C@]12C[C@H]3C[C@H](C[C@H](C3)C1)C2,5,0.24193548387096775,1.5414194756781952,0.998916859770435
49130722_2836,49130722,CC[N@H+]1CCCN(C(=O)Nc2ccc(COC3CCCC3)cc2)CC1,5,0.6363636363636364,2.377536750504612,0.9983149075801739
323968411_136,323968411,C[C@@](O)(C#Cc1ccc2c(c1)N(c1nc(N)ncc1Cl)CC2)c1nccs1,5,0.2247191011235955,3.5831851752325994,0.9991898963519671
323968411_137,323968411,C[C@@](O)(C#Cc1ccc2c(c1)N(c1nc(N)[nH+]cc1Cl)CC2)c1nccs1,5,0.21978021978021978,3.0785735333108515,0.9984990420726387
30745331_855,30745331,Cc1nc(CC(=O)NCc2ccccc2)cs1,5,0.4489795918367347,0.7540079575178515,0.9993604292178223
31609908_1702,31609908,C=C(C)COc1cccc(C(=O)NCc2nncn2C2CCCCC2)c1,5,0.37142857142857144,2.023409993056284,0.9989090279988083
53752451_2017,53752451,O=C(NCc1ccc(F)cc1)C1CCN(C(=O)/C=C/c2ccc(F)cc2)CC1,5,0.36507936507936506,1.700474345587105,0.9992143927849076
26060327_1227,26060327,O=C(NCc1ccc(F)cc1)C1CCN(C(=O)/C=C/c2ccccc2)CC1,5,0.3870967741935484,1.7108389754737576,0.9986839790177249
201887_898,201887,CCn1cc(C[N@H+]2CC[C@@H](c3nc(N(C)C)ncc3-c3ccc(OC)cc3)CC2)c(C)n1,5,0.3333333333333333,2.684395648930881,0.9978709699018792
201873_2218,201873,CCn1ncc(C[N@H+]2CC[C@H](c3nc(N(C)C)ncc3-c3ccc(OC)cc3)CC2)c1C,5,0.4177215189873418,2.86656397102908,0.9986175255290267
48312238_1629,48312238,C#CCOc1ccc(C(=O)NN2CCCC2=O)cc1,5,0.3188405797101449,0.9733940620323167,0.9992745587902451
31940641_471,31940641,N#Cc1ccc(OCCn2cccn2)cc1,5,0.4,2.0548430597007745,0.9968945907735483
49311027_75,49311027,O=C1NCCN(C(=O)c2ccncc2)[C@@H]1c1ccccc1Cl,5,0.44776119402985076,1.289686783680159,0.9988587597778833
13523780_668,13523780,Cc1nc2ccc(NC(=O)c3sc(-c4ccccn4)nc3C)cc2s1,5,0.45454545454545453,1.5208967749333362,0.9993291605828447
32018884_610,32018884,Nc1[nH+]c2ccccc2n1CCCc1ccccc1,5,0.5111111111111111,1.7651441867451516,0.9983746824737778
32018884_611,32018884,Nc1nc2ccccc2n1CCCc1ccccc1,5,0.5,1.221033578572049,0.9992916314553162
31409108_1353,31409108,NCc1cccnc1OCc1ccccc1,5,0.3333333333333333,0.7377689340163461,0.9992298169107733
31409108_1352,31409108,[NH3+]Cc1cccnc1OCc1ccccc1,5,0.30434782608695654,1.7461861298269639,0.9979462812482146
149747_1968,149747,Cc1ccnc([C@H]2CC[N@H+](C3CCCC3)CC2)n1,5,0.3958333333333333,1.990477580883368,0.9991138766427421
36269102_1185,36269102,Cc1cc(C(=O)N2CCOC(C)(C)C2)cc(C)c1OCc1cccnc1,5,0.4838709677419355,1.6738094276231505,0.9990732954675328
412756_3588,412756,COc1ccc(-c2nnc3nn(C)c(=O)n3c2-c2ccc(OC)cc2)cc1,5,0.31666666666666665,1.342008196696055,0.9987209644803577
11011932_1935,11011932,CN(C)CCN(Cc1ccccc1)C(=O)CCC(=O)Nc1[nH+]cc(-c2ccccc2)n1C,5,0.42105263157894735,2.2890323282994607,0.9979234345212534
11011932_1934,11011932,Cn1c(-c2ccccc2)c[nH+]c1NC(=O)CCC(=O)N(CC[NH+](C)C)Cc1ccccc1,5,0.42857142857142855,2.411001659061976,0.9977023794588523
323986453_2880,323986453,O=C(Nc1cn(CCOCC(F)(F)F)nc1-c1ccccn1)c1coc(-c2cn[nH]c2)n1,5,0.29473684210526313,3.672318477474068,0.9981955810825159
49970070_2275,49970070,CCn1nccc1CNc1ncccn1,5,0.46938775510204084,1.18663726555351,0.9995422608368386
23827295_1283,23827295,Cc1ccc(-c2ccccc2-c2nc3c(cnn3[C@H]3CC[N@@H+](C)CC3)[nH]2)o1,5,0.5901639344262295,2.3701613869113793,0.9995620697911806
23827295_1284,23827295,Cc1ccc(-c2ccccc2-c2nc3cnn([C@H]4CC[N@@H+](C)CC4)c3[nH]2)o1,5,0.5901639344262295,3.1414442538426446,0.9990945469364331
20436461_2599,20436461,CCCc1noc(CN2CCN(c3ccccc3OC)CC2)n1,5,0.3870967741935484,1.7058050885141187,0.9988468084149289
MCULE-3550646247_1645,MCULE-3550646247,N#CC1(NC(=O)CN2CCOCC2)CCCCCC1,5,0.40384615384615385,1.2585034763555742,0.9994107995995412
MCULE-7418747203_3148,MCULE-7418747203,Cc1noc(C)c1CSC(N)=[N+]1CCOCC1,5,0.2833333333333333,1.2375116161067479,0.9989797902725506
301758325_3476,301758325,[NH3+]C[C@H]1CCC[C@H]1NC(=O)c1cc(N2CCNC2=O)ccc1F,5,0.5,1.9820093339840172,0.998727537323911
214735_555,214735,Cc1cc(NC2CCCC2)nc(C2CC[NH2+]CC2)[nH+]1,5,0.37254901960784315,2.4194908555313344,0.9977122279867843
214735_554,214735,Cc1cc(NC2CCCC2)nc(C2CC[NH2+]CC2)n1,5,0.3541666666666667,1.9048761114574815,0.9990634369341089
214735_556,214735,Cc1cc(NC2CCCC2)[nH+]c(C2CC[NH2+]CC2)n1,5,0.37254901960784315,2.345530004071367,0.997632690284018
48934153_3220,48934153,C[N@H+](CCOc1ccccc1)CC(=O)NCCc1ccccc1,5,0.32075471698113206,1.318644758833973,0.9989917294011509
48934153_3219,48934153,CN(CCOc1ccccc1)CC(=O)NCCc1ccccc1,5,0.5272727272727272,1.2419053909214304,0.998414852958503
301191566_2194,301191566,COc1cc2nc(/C=C/c3cocn3)sc2cc1OC,5,0.4444444444444444,1.598262181245296,0.9993385046620421
18855069_1735,18855069,Cc1nc(COc2ccc(F)cc2)sc1C(=O)N1CCC(C)CC1,5,0.38666666666666666,2.0308256941452183,0.9988008238493601
2868274_2874,2868274,Cc1csc(Cc2nc(-c3ccc([O-])cc3)no2)n1,5,0.3584905660377358,1.6296392238776796,0.9996054612148324
2868274_2873,2868274,Cc1csc(Cc2nc(-c3ccc(O)cc3)no2)n1,5,0.3333333333333333,1.459944519493807,0.9990612674273617
36568125_1994,36568125,CCC[N@@H+]1CCn2nc(-c3nc4ccc(OC)cc4[nH]3)cc2C1,5,0.27848101265822783,2.136949227286414,0.9990806703388163
36568125_1997,36568125,CCC[N@H+]1CCn2nc(-c3[nH]c4cc(OC)ccc4[nH+]3)cc2C1,5,0.2911392405063291,5.61162837329799,0.9930773931299215
36568125_1998,36568125,CCCN1CCn2nc(-c3[nH]c4cc(OC)ccc4[nH+]3)cc2C1,5,0.28378378378378377,3.4037488156443887,0.99559719248704
36568125_1996,36568125,CCCN1CCn2nc(-c3nc4ccc(OC)cc4[nH]3)cc2C1,5,0.2777777777777778,1.5814423796015258,0.9990214196375267
36568125_1995,36568125,CCCN1CCn2nc(-c3nc4cc(OC)ccc4[nH]3)cc2C1,5,0.2602739726027397,1.4498944789188528,0.9989617061488227
36568125_1993,36568125,CCC[N@@H+]1CCn2nc(-c3nc4cc(OC)ccc4[nH]3)cc2C1,5,0.27848101265822783,2.05336139050105,0.9989778188448695
31981926_1139,31981926,CC(=O)NCC1CCN(C(=O)c2c[nH+]cn2-c2ccc(F)cc2)CC1,5,0.45901639344262296,2.041591780939761,0.9988640557683798
31981926_1138,31981926,CC(=O)NCC1CCN(C(=O)c2cncn2-c2ccc(F)cc2)CC1,5,0.5084745762711864,1.453871727491803,0.9990276557866621
32125849_607,32125849,Cn1cc[nH+]c1CCNC(=O)c1cccc2cccnc12,5,0.46296296296296297,1.0159950787287915,0.9993991705279126
32125849_606,32125849,Cn1ccnc1CCNC(=O)c1cccc2cccnc12,5,0.52,1.12275019483401,0.9995808196762265
301492332_3456,301492332,O=C(NC1CC[NH2+]CC1)c1ccc2[nH]ncc2c1,5,0.4,2.555558451688941,0.9983984030209525
177407455_2486,177407455,CCCN(CCC1=CCCCC1)C(=O)c1cc(C(F)F)n[nH]1,5,0.5806451612903226,1.9714565681239997,0.9983418011177491
177407455_2485,177407455,CCCN(CCC1=CCCCC1)C(=O)c1cc(C(F)F)[nH]n1,5,0.5573770491803278,1.9692277674252079,0.9979100715071029
177307724_2767,177307724,COC1(c2nc(Cc3ccccc3)no2)CCN(Cc2cnc(C)o2)CC1,5,0.6666666666666666,1.8883386878416315,0.9989326355983262
177307724_2768,177307724,CO[C@]1(c2nc(Cc3ccccc3)no2)CC[N@H+](Cc2cnc(C)o2)CC1,5,0.6825396825396826,1.5676692891036124,0.9988813428844167
33297597_278,33297597,O=C(CCOc1ccccc1)N1CCCC1,5,0.8484848484848485,0.4302313331217896,0.9997206178717483
300095105_3410,300095105,Cc1cncc(CN2CCC(=C3c4ccc(Cl)cc4CCc4cccnc43)CC2)c1,5,0.55,1.521442736352018,0.9991051100305697
300095105_3409,300095105,Cc1cncc(C[NH+]2CCC(=C3c4ccc(Cl)cc4CCc4cccnc43)CC2)c1,5,0.55,2.635096962163035,0.9991104295054215
49956350_2769,49956350,CS(=O)(=O)Nc1ccccc1-c1ccncc1,5,0.3157894736842105,0.9256073681648496,0.9988632841257377
49956350_2771,49956350,CS(=O)(=O)[N-]c1ccccc1-c1ccncc1,5,0.30434782608695654,1.6453771604104037,0.9990028625915618
49956350_2770,49956350,CS(=O)(=O)/N=C1/C=CC=CC1=C1C=CNC=C1,5,0.2553191489361702,1.419480186547337,0.9977997160086728
32611176_3560,32611176,CCOC(=O)C1CCN(C(=O)c2cc3occc3c(Nc3ccc(F)cc3)n2)CC1,5,0.32222222222222224,3.132050606231814,0.9987742889725069
36931863_537,36931863,COc1ccc2c(c1)CN(C(=O)c1cc(C3CC3)[nH]n1)CC2,5,0.352112676056338,1.7087717811340348,0.9990830106244931
2042658_2044,2042658,O=C(Cc1cccs1)NCc1ccccc1F,5,0.4444444444444444,1.1045908744872546,0.9993520066113892
177418075_3083,177418075,COCC(C)(C)C(=O)N1CCCC2(CC[NH2+]CC2)CC1,5,0.31666666666666665,2.0828084405434266,0.9984844883026239
177454167_3364,177454167,CCOCCC(=O)N1CCC2(CCC[N@H+](C)CC2)CC1,5,0.30357142857142855,1.718489452978426,0.9993397001552893
36356102_485,36356102,CC(C)c1[nH+]c2c(n1C)CCN(c1ncnc3ccsc13)C2,5,0.6727272727272727,1.9745829939506299,0.998597520766887
36356102_486,36356102,CC(C)c1nc2c(n1C)CCN(c1nc[nH+]c3ccsc13)C2,5,0.5245901639344263,1.5132428754162144,0.9995830814727326
36356102_484,36356102,CC(C)c1nc2c(n1C)CCN(c1ncnc3ccsc13)C2,5,0.6851851851851852,2.024683678997777,0.9991819192313884
177383138_2530,177383138,Cc1nnc2ncc(-c3cccc(-c4ccnn4C)c3)cn12,5,0.22388059701492538,1.2077396242573657,0.9990626199591633
48788735_2783,48788735,Cc1ccccc1S(=O)(=O)[N-]c1c(C)ccnc1Cl,5,0.2537313432835821,2.021017070684835,0.9988962097858745
48788735_2782,48788735,Cc1ccccc1S(=O)(=O)Nc1c(C)ccnc1Cl,5,0.25757575757575757,1.4270984549077776,0.9991750149007315
30569846_3685,30569846,Cc1ccc(Cn2ccn(-c3ccc(F)c(F)c3)c(=O)c2=O)cc1,5,0.39215686274509803,1.6265125268498961,0.9995736435723307
16154631_3684,16154631,O=c1c(=O)n(-c2ccc(F)c(F)c2)ccn1Cc1ccccc1Cl,5,0.42,1.419243108138803,0.9989917557065354
31951751_1250,31951751,CC(C)c1csc(NC(=O)C2CCN(c3ncccn3)CC2)n1,5,0.4339622641509434,1.9546521429655581,0.998886003683508
32130663_1159,32130663,OC1(Cn2nnc(-c3cccnc3)n2)CCCCC1,5,0.3157894736842105,1.4745514572235603,0.9993406089200526
222782930_2259,222782930,C[N@@H+](CCCC1CCCC1)Cc1cc(=O)[nH]c(=O)[nH]1,5,0.25,2.999051350010597,0.9957080484505709
222782930_2260,222782930,CN(CCCC1CCCC1)Cc1cc(=O)[nH]c(=O)[nH]1,5,0.288135593220339,2.0702801742759958,0.9988561355559086
29676702_1883,29676702,O=C1CCCN1C(=O)COc1cccc(-c2nnco2)c1,5,0.3484848484848485,1.442406669424716,0.9987688273151533
50136169_1215,50136169,CC(=O)Nc1ccc(C(=O)N2CCc3ncncc3C2)cc1,5,0.3492063492063492,1.6060663124540426,0.9993334558566562
3416569_3657,3416569,Cc1ccc(-c2nc(CN3C(=O)C(=O)N(C4CCCC4)C3=O)cs2)cc1,5,0.42857142857142855,1.5565754077460703,0.9990767698291341
49874322_282,49874322,COc1ccc(C[N@H+]2CC[C@H](c3nc(C(C)C)no3)CC2)c(F)c1,5,0.3611111111111111,1.3367355759460486,0.9988611135071355
49874322_283,49874322,COc1ccc(CN2CCC(c3nc(C(C)C)no3)CC2)c(F)c1,5,0.3466666666666667,1.2856025824491442,0.9991441678911818
300456235_3711,300456235,COc1cc(Nc2c(C#N)cnc3cc(OCCC[N@H+]4CC[N@H+](C)CC4)c(OC)cc23)c(Cl)cc1Cl,5,0.5217391304347826,3.3090692044745613,0.9979959717142208
300456235_3709,300456235,COc1cc(Nc2c(C#N)cnc3cc(OCCCN4CC[NH+](C)CC4)c(OC)cc23)c(Cl)cc1Cl,5,0.5285714285714286,2.6746093172646748,0.9978334476345773
300456235_3712,300456235,COc1cc(Nc2c(C#N)c[nH+]c3cc(OCCCN4CC[NH+](C)CC4)c(OC)cc23)c(Cl)cc1Cl,5,0.5211267605633803,2.843891699766339,0.9968792909563124
300456235_3710,300456235,COc1cc(Nc2c(C#N)cnc3cc(OCCC[NH+]4CCN(C)CC4)c(OC)cc23)c(Cl)cc1Cl,5,0.5070422535211268,2.28599387575723,0.998250867446262
29581584_1240,29581584,CON(C)C(=O)CCc1c(C)nn(C)c1C,5,0.45098039215686275,1.850144318695005,0.9985860000105458
82725547_2363,82725547,CCSCCC(=O)NCCn1nc(C)c(CC)c1C,5,0.5818181818181818,1.49273004927165,0.999232915187321
29658437_1316,29658437,C#CCNC(=O)c1cc(C(C)C)nn1CC,5,0.35294117647058826,0.6604453043214427,0.9996691992900333
49956374_2295,49956374,CCc1c/c(=N\S(C)(=O)=O)n(C)[nH]1,5,0.3111111111111111,1.5885559480228735,0.9996680412839676
19991792_1925,19991792,C#CCNC(=O)CCc1c(C)nn(C)c1C,5,0.5306122448979592,0.7130021037846752,0.9996269910972861
49038938_2983,49038938,Cc1nn(C(F)F)c(C)c1CC(=O)NCC[NH2+]C(C)(C)C,5,0.3076923076923077,1.784511137539019,0.9986321150052229
45634538_3215,45634538,CONC(=O)c1c(C)nn(C)c1Cl,5,0.3541666666666667,1.2583755401307992,0.9990715354906341
49010170_2406,49010170,CC(C)CCCNC(=O)c1n[nH]cc1Br,5,0.2786885245901639,2.4383293460894873,0.9987084174926647
49956374_2296,49956374,CCc1cc(NS(C)(=O)=O)n(C)n1,5,0.28125,1.8710478347703565,0.9997579333198653
49010170_2407,49010170,CC(C)CCCNC(=O)c1[nH]ncc1Br,5,0.2786885245901639,2.084250224901202,0.998653696877662
222778100_2601,222778100,CCN(Cc1cnn(C(C)C)c1)C(=O)NCCC(C)(C)OC,5,0.2923076923076923,1.2264986750917748,0.9991926383163651
