Name,Parent,SMILES,outer_fold,max_similarity_to_train,min_euclidean_distance_to_train,max_cosine_similarity_to_train
11995039_751,11995039,O=C(Nc1ccc(F)cc1F)N1CCn2c1[nH+]c1ccccc12,1,0.3235294117647059,0.9155828744580251,0.9993963858257007
11995039_750,11995039,O=C(Nc1ccc(F)cc1F)N1CCn2c1nc1ccccc12,1,0.3235294117647059,1.3658396684828822,0.9996348540097189
53851976_421,53851976,Cc1cc(C)n(CCNC(=O)NC2CCOCC2)n1,1,0.4444444444444444,1.691916369091966,0.9994355957316613
32435950_690,32435950,COc1cc(F)ccc1-c1ncccc1NC(=O)C(C)C,1,0.359375,1.3800644912465154,0.9984698482683424
173261_2215,173261,O=C(c1ccncc1)N1CCC(c2cnccn2)CC1,1,0.45652173913043476,1.2077396242573657,0.9990626199591633
151211_361,151211,COc1ccc(Cc2cccc(C3CCN(C(=O)C4CCCC4)CC3)[nH+]2)cc1,1,0.5645161290322581,2.4083056284452877,0.9992893996798445
151211_360,151211,COc1ccc(Cc2cccc(C3CCN(C(=O)C4CCCC4)CC3)n2)cc1,1,0.5737704918032787,2.2623613769686193,0.9993436937370798
27415022_312,27415022,C[N@@H+](Cc1cccc(C#N)c1)Cc1ccccc1C#N,1,0.6086956521739131,2.555277088693082,0.9987677575035284
27415022_313,27415022,CN(Cc1cccc(C#N)c1)Cc1ccccc1C#N,1,0.6086956521739131,3.369959792044935,0.9953855814440524
17464371_3480,17464371,O=C(NCCc1ccccc1)c1ccc(NC(=O)N2CCCCc3ccccc32)cc1,1,0.3835616438356164,2.4274054049538316,0.9980463063527332
29596013_1416,29596013,CN(C)c1cc(CNc2ccc(C#N)cn2)ccn1,1,0.45098039215686275,0.8259128283297029,0.9994587199143158
29596013_1417,29596013,CN(C)c1cc(CNc2ccc(C#N)cn2)cc[nH+]1,1,0.4230769230769231,1.3933075755200808,0.999280282606391
32398880_3348,32398880,CCOc1cccc(-c2cccc(N)[nH+]2)c1,1,0.3695652173913043,1.101032242943028,0.9978493431614606
32398880_3347,32398880,CCOc1cccc(-c2cccc(N)n2)c1,1,0.4090909090909091,1.7037015583722013,0.9982145606808576
32007466_1014,32007466,Cc1cc(C)n(-c2ccc(CNC(=O)C3CCC3)cn2)n1,1,0.5538461538461539,1.2556432614402622,0.99965124345422
50132153_1268,50132153,CCc1ccc(S(=O)(=O)NCc2ccnc(N3CCCC3)n2)cc1,1,0.2857142857142857,1.6391107345143017,0.9992036360829776
50132153_1269,50132153,CCc1ccc(S(=O)(=O)[N-]Cc2ccnc(N3CCCC3)n2)cc1,1,0.28169014084507044,2.0820247356840245,0.9971807603057673
50613596_2522,50613596,CCCNC(=O)C1([NH2+]Cc2csnn2)CCCCC1,1,0.6,2.0085985163792333,0.998517459520611
50613596_2521,50613596,CCCNC(=O)C1(NCc2csnn2)CCCCC1,1,0.5882352941176471,1.9256915640877663,0.9986909531740534
45763784_1190,45763784,Cc1cc(NC(=O)C2CCN(c3ccncc3Cl)CC2)no1,1,0.5818181818181818,1.4563492026301466,0.9992819903062453
45763784_1191,45763784,Cc1cc(NC(=O)C2CCN(c3cc[nH+]cc3Cl)CC2)no1,1,0.5714285714285714,2.2418403154551134,0.9982973897928146
49063828_2336,49063828,CCc1cc(CNC(=O)Nc2ccc(N3CCSCC3)cc2)on1,1,0.4918032786885246,2.4263416906939796,0.9991075062370546
36466247_523,36466247,CCOc1ncccc1-c1cc(Cl)ccc1[O-],1,0.43137254901960786,1.9286531569981866,0.9974861495477717
36466247_522,36466247,CCOc1ncccc1-c1cc(Cl)ccc1O,1,0.43137254901960786,1.09950079581577,0.9993206382967729
177400113_2264,177400113,CCn1ncc(CN(C)C(=O)c2ccc(-c3nc(C)cc(C)n3)cc2)c1C,1,0.33766233766233766,2.2537371186545667,0.9982419224894821
31348551_1223,31348551,O=c1[nH]c2ccccc2n1C1CCN(CCc2ccccn2)CC1,1,0.6296296296296297,2.296280035187059,0.9980928056775255
31348551_1222,31348551,O=c1[nH]c2ccccc2n1[C@H]1CC[N@@H+](CCc2ccccn2)CC1,1,0.6363636363636364,1.8939324169570964,0.9987041515418338
48832018_1988,48832018,O=C(Cc1cccc(I)c1)N1CC(CO)C1,1,0.4888888888888889,2.571807535567099,0.9969751989170468
44508995_3333,44508995,CN(C)S(=O)(=O)CCC[NH+]1CCc2ccccc2CC1,1,0.4583333333333333,2.313710872170563,0.9988081036764905
32132063_221,32132063,Cc1occc1C(=O)NCC(=O)Nc1nc2cc(Cl)ccc2n1C,1,0.2916666666666667,3.3057245801782327,0.9984709976213011
32132063_222,32132063,Cc1occc1C(=O)NCC(=O)Nc1[nH+]c2cc(Cl)ccc2n1C,1,0.2878787878787879,3.811902674518545,0.9992630286863357
316875519_3478,316875519,Cn1c(-c2[nH]nc3c2CCCC3)nnc1N1CC[C@]2(CNC(=O)C2)C1,1,0.26666666666666666,1.874187824098767,0.9986552260716537
316875519_3477,316875519,Cn1c(-c2n[nH]c3c2CCCC3)nnc1N1CC[C@]2(CNC(=O)C2)C1,1,0.26666666666666666,1.7284646366065093,0.9988819250420584
LN01342817_2981,LN01342817,C[C@H]1CC[C@H](n2c3c[nH+]ccc3c3cnc(Nc4ccc5c(n4)CCN(C(=O)CO)C5)nc32)CC1,1,0.3333333333333333,2.6727014423610096,0.999351633845188
LN01342817_2980,LN01342817,C[C@H]1CC[C@H](n2c3cnccc3c3cnc(Nc4ccc5c(n4)CCN(C(=O)CO)C5)nc32)CC1,1,0.3402061855670103,2.700451628894409,0.998761407475075
97290253_3331,97290253,CCCS(=O)(=O)c1nc(NC2CC2)cc(-c2ccc3c(ccn3C3CC(C)(C)[NH2+]C(C)(C)C3)c2)n1,1,0.23595505617977527,4.946844853035022,0.9988173810697581
32278042_580,32278042,CCCCc1nc2cc(/C=C/C(=O)N[O-])ccc2n1CC[NH+](CC)CC,1,0.2345679012345679,3.713382420381754,0.995638194947444
32278042_581,32278042,CCCCc1[nH+]c2cc(/C=C/C(=O)N[O-])ccc2n1CC[NH+](CC)CC,1,0.23170731707317074,5.674553550721023,0.9946897003562339
32278042_582,32278042,CCCCc1nc2cc(/C=C/C(=O)NO)ccc2n1CC[NH+](CC)CC,1,0.24050632911392406,2.9539292476292123,0.9965197854456227
49055842_2638,49055842,Cc1nnc2ccc(N3CCC4(CCCCC4)C3)nn12,1,0.37735849056603776,1.7431095777371972,0.9996731992029637
14383848_1732,14383848,CCCNC(=O)c1c(C)nn(-c2ccccc2)c1C,1,0.38461538461538464,1.2411752495114907,0.9993058363690385
49168678_496,49168678,COCCc1nn(Cc2ccc(F)cc2)c(-c2cnc(C3CC3)nc2)[nH+]1,1,0.4,1.735643396553479,0.9984733428774001
49168678_495,49168678,COCCc1nc(-c2cnc(C3CC3)nc2)n(Cc2ccc(F)cc2)n1,1,0.375,1.2190036915446554,0.9994715633950796
177501347_2337,177501347,CCCN(CCC1=CCCCC1)C(=O)Cc1n[nH]c(=O)[nH]1,1,0.5573770491803278,2.893926398511184,0.9965651423570957
42949037_1805,42949037,Cn1cc(NC(=O)c2cn(Cc3ccccc3)nn2)cn1,1,0.48148148148148145,2.213258005746148,0.9996430404178313
27448904_3626,27448904,Fc1ccc(Nc2nc(N3CCCCC3)c3nccnc3n2)cc1,1,0.375,1.7000029411733464,0.9996952014070009
27448904_3627,27448904,Fc1ccc(Nc2nc(N3CCCCC3)c3nccnc3[nH+]2)cc1,1,0.2903225806451613,2.740352714524137,0.9981515118439065
36318534_894,36318534,Cn1ccc2c(C(=O)Nc3ncn(Cc4cccnc4)n3)cccc21,1,0.5932203389830508,1.9011604351032725,0.9995100512727084
MCULE-2124560621_2015,MCULE-2124560621,CCOc1cccc(C[NH2+]CCc2c[nH]c3ccccc23)c1,1,0.5,2.0803225711412985,0.9987424533353368
210343_106,210343,Cc1nc(Nc2nccs2)cc(C2CN(c3ncccn3)C2)n1,1,0.358974358974359,2.217417416725956,0.999252318821181
210343_107,210343,Cc1nc(Nc2nccs2)cc(C2CN(c3ncccn3)C2)[nH+]1,1,0.32786885245901637,1.9696334684405765,0.9994911183345807
53790787_62,53790787,Cc1nnc(C[N@@H+](C)C[C@H](C)Oc2ccc(Cl)c(Cl)c2)n1C,1,0.26153846153846155,1.4157270217100826,0.998546079737898
53790787_61,53790787,Cc1nnc(CN(C)C[C@@H](C)Oc2ccc(Cl)c(Cl)c2)n1C,1,0.25757575757575757,2.2974886289165286,0.9969865267377472
31326902_3543,31326902,Cc1cc(F)ccc1NC(=O)c1cccc2cccnc12,1,0.48,1.2755465495231733,0.999323432516101
48752652_2168,48752652,COc1cc(NC(=O)c2ccc(F)cc2C)ncn1,1,0.3076923076923077,1.4808798060611807,0.999312804367064
82712955_3208,82712955,CC(C)Oc1ccc(C2(C(=O)NC3CCS(=O)(=O)CC3)CCCC2)cc1,1,0.2676056338028169,1.2561683804325756,0.9993813724839322
46026615_1987,46026615,FC(F)(F)c1nccc(NCCSc2nc3ccccc3o2)n1,1,0.3050847457627119,1.12275019483401,0.9995808196762265
MCULE-1169396424_1500,MCULE-1169396424,CCOc1ccccc1C[NH2+]CCc1c[nH]c2ccccc12,1,0.5,2.0740315812445487,0.9988575950405716
140075_78,140075,CC(C)(C)C(=O)N1CCC(Cc2ccc(-c3cccs3)cc2)(C(=O)N2CCCC2)CC1,1,0.32857142857142857,4.2527626315138365,0.9978702004093732
49320295_1298,49320295,Cc1cc(C)nc(NC(=O)N(C)C2CCC2)c1,1,0.4230769230769231,1.0809523578769076,0.9991359287961167
49320295_1299,49320295,Cc1cc(C)[nH+]c(NC(=O)N(C)C2CCC2)c1,1,0.3333333333333333,1.7031773248842128,0.9984577070111091
13509338_3546,13509338,Cc1cc(C)c(N/C(O)=C\n2nnn(-c3cccs3)c2=O)c(C)c1,1,0.34375,2.5708084331586347,0.9986602782010592
13509338_3545,13509338,Cc1cc(C)c(NC(=O)Cn2nnn(-c3cccs3)c2=O)c(C)c1,1,0.43333333333333335,1.7493824624711078,0.9991919290737917
300481204_1475,300481204,N#Cc1ccccc1N1CCC([NH3+])CC1,1,0.3333333333333333,2.6288385268022862,0.9949260966076019
46092427_401,46092427,COc1ccc(Cc2[nH+]cnn2-c2ccc3c(c2)OCO3)c(OC)c1,1,0.45588235294117646,1.48588828651427,0.9992940810616512
46092427_400,46092427,COc1ccc(Cc2ncnn2-c2ccc3c(c2)OCO3)c(OC)c1,1,0.4411764705882353,1.582079960052261,0.999048533350325
53839672_2341,53839672,CN(C)c1nc(N2CC[NH+](CCCCCF)CC2)cc[nH+]1,1,0.2923076923076923,3.0423895214123258,0.9933631018397239
53839672_2342,53839672,CN(C)c1nccc(N2CC[NH+](CCCCCF)CC2)n1,1,0.3157894736842105,0.9935461740662456,0.9991703534988188
53839672_2343,53839672,CN(C)c1nc(N2CCN(CCCCCF)CC2)cc[nH+]1,1,0.2698412698412698,2.1436580884085643,0.9962108804767679
31858299_563,31858299,CCc1ccccc1NC(=O)Cn1nc(C)cc1C,1,0.38596491228070173,1.2660446279657172,0.9992742040030764
LN01343314_2534,LN01343314,CCc1c(C(=O)NCCc2ccc(N3CCCCC3)cc2)[nH]c2ccc(Cl)cc12,1,0.3333333333333333,3.5454235290018725,0.9973789393096041
326092_1750,326092,Fc1cccc(CC[NH2+]Cc2cc(-c3ccccc3)cn3nnnc23)c1,1,0.4461538461538462,1.525709015507272,0.9982233336808375
326092_1751,326092,Fc1cccc(CCNCc2cc(-c3ccccc3)cn3nnnc23)c1,1,0.4461538461538462,0.9111816503860252,0.9992680070499103
45751322_1253,45751322,CN(CCc1ccccn1)C(=O)Nc1nncs1,1,0.4,0.729004801082099,0.9996965515887726
1498988_3655,1498988,Cc1ccc2c(c1)c1nc3ccccc3nc1n2CC(N)=O,1,0.3050847457627119,1.2787517350909465,0.999409395333914
152649_2043,152649,CCCC(=O)N1CCC(c2cccc(C)[nH+]2)CC1,1,0.4745762711864407,1.990477580883368,0.9987339399538446
152649_2042,152649,CCCC(=O)N1CCC(c2cccc(C)n2)CC1,1,0.4745762711864407,1.4995092530557816,0.9989890058755169
43133355_765,43133355,CCc1ccccc1NC(=O)CCn1cc[nH+]c1-c1ccc2c(c1)OCO2,1,0.32098765432098764,2.164103047453949,0.9984841786237445
324053897_3448,324053897,CC1(C)Cc2cc(NC(=O)c3cnn4cccnc34)c(OCC3CC3)nc2O1,1,0.620253164556962,2.0154453602120554,0.9992392203417635
24010647_2384,24010647,O=C(c1cc(F)ccc1F)N1CCN(C(=O)C2CC2)CC1,1,0.46938775510204084,1.1814876216027483,0.9990406936247317
49130614_2531,49130614,O=C(Cn1cc(NCc2cccc(Cl)c2)cn1)N1CCOCC1,1,0.3484848484848485,1.2018639690082376,0.9992537792353973
420214_2248,420214,CCCn1ncc(C[N@H+]2CC[C@H](c3cc4cccnc4[nH]3)CC2)c1C,1,0.4177215189873418,2.594450616218859,0.9990765408827403
43272847_1375,43272847,Cc1n[nH]c(C)c1Cc1ccc(NCCC(C)C)cc1,1,0.25862068965517243,1.78947198916304,0.9993453051538604
53803937_3279,53803937,CNC(=O)Cc1cccc(OCC[NH+]2CCCCC2)c1,1,0.4074074074074074,1.9440992773005585,0.9974791475071081
320420210_1195,320420210,CCN(Cc1ccccc1)C(=O)c1ccc(O)cc1O,1,0.5319148936170213,1.993367000830711,0.9974796811497604
320420210_1194,320420210,CCN(Cc1ccccc1)C(=O)c1ccc(O)cc1[O-],1,0.5102040816326531,1.9412866867106338,0.997891328998551
320420210_1196,320420210,CCN(Cc1ccccc1)C(=O)c1ccc([O-])cc1O,1,0.5102040816326531,1.665318888381419,0.9990873341646554
1590696_3544,1590696,CC(C)(C)c1ccc(C(=O)Nc2ccc(C(=O)Nc3ccccc3)cc2)cc1,1,0.4,2.177274672612528,0.9976785680311121
353778_2423,353778,CC(=O)N1CCC2(C=Cc3cc(C)c(C)cc3O2)CC1,1,0.29508196721311475,1.200280383910669,0.9992543194889596
232838707_2954,232838707,COCC(=O)Nc1ccc(NC(=O)Cc2ccc(C(F)(F)F)cc2)cc1,1,0.45098039215686275,1.940423665079384,0.9983762039549512
31507610_2158,31507610,Cn1cc(-c2ccc3nnc(C(F)(F)c4ccc5ncccc5c4)n3n2)cn1,1,0.33783783783783783,2.4602329158032297,0.9995827429475217
24053614_3247,24053614,Cn1c(=O)n(Cc2cccnc2)c(=O)c2ccc(C(F)(F)F)nc21,1,0.4,1.8197301997821567,0.998790633630047
49971700_1821,49971700,Cc1cccc(NCCc2cn3c([nH+]2)CCCC3)[nH+]1,1,0.5172413793103449,2.8761962728576327,0.9982311938484872
49971700_1820,49971700,Cc1cccc(NCCc2cn3c(n2)CCCC3)[nH+]1,1,0.5333333333333333,1.6027476407722208,0.9995339984017121
49971700_1819,49971700,Cc1cccc(NCCc2cn3c([nH+]2)CCCC3)n1,1,0.5254237288135594,2.105996676160223,0.9989563759397869
49971700_1818,49971700,Cc1cccc(NCCc2cn3c(n2)CCCC3)n1,1,0.5344827586206896,1.7097631414908423,0.9995784693587074
36516782_3557,36516782,FC(F)(F)c1ccc(Nc2nc3cc(Oc4ccnc(-c5nc(C(F)(F)F)c[nH]5)c4)ccc3[nH]2)cc1,1,0.23809523809523808,4.326163889636888,0.9980206683601994
36516782_3558,36516782,FC(F)(F)c1ccc(Nc2nc3ccc(Oc4ccnc(-c5nc(C(F)(F)F)c[nH]5)c4)cc3[nH]2)cc1,1,0.23809523809523808,3.7713567850307332,0.9982501268885894
36516782_3556,36516782,FC(F)(F)c1ccc(Nc2[nH]c3cc(Oc4ccnc(-c5nc(C(F)(F)F)c[nH]5)c4)ccc3[nH+]2)cc1,1,0.24,3.9113511731881556,0.9944066652481022
36516782_3559,36516782,FC(F)(F)c1ccc(Nc2[nH]c3cc(Oc4ccnc(-c5ncc(C(F)(F)F)[nH]5)c4)ccc3[nH+]2)cc1,1,0.2465753424657534,3.9674238493009604,0.9933146363107235
36427432_210,36427432,CCc1nc2cc(-c3c(OC)cccc3OC)ccc2o1,1,0.30158730158730157,1.4920599853893501,0.9990615827111419
24472719_1495,24472719,Cc1noc(C)c1CCC(=O)Nc1cccnc1,1,0.5535714285714286,1.1294060385891003,0.9998027643082541
178526390_1703,178526390,Cc1cnc(Cl)nc1-c1ccc(N(Cc2ccc(CNC(=O)C(F)F)cc2)C(=O)c2ccc(O)cc2[O-])cc1,1,0.2911392405063291,2.049377954404633,0.998984943276926
178526390_1705,178526390,Cc1cnc(Cl)nc1-c1ccc(N(Cc2ccc(CNC(=O)C(F)F)cc2)C(=O)c2ccc([O-])cc2O)cc1,1,0.2911392405063291,2.1163933944328894,0.9988990285502132
178526390_1704,178526390,Cc1cnc(Cl)nc1-c1ccc(N(Cc2ccc(CNC(=O)C(F)F)cc2)C(=O)c2ccc(O)cc2O)cc1,1,0.2727272727272727,1.8239473676615252,0.9983900082381753
73014754_3494,73014754,CNc1nc(C(=O)Nc2ccc3[nH]ncc3c2)cc(C)[nH+]1,1,0.3492063492063492,3.8531509184044737,0.9995941010699495
73014754_3493,73014754,CNc1nc(C)cc(C(=O)Nc2ccc3[nH]ncc3c2)n1,1,0.36065573770491804,1.9731606624905473,0.9990778785083122
36458355_1992,36458355,CCOC(=O)c1cccnc1-c1ccc2[nH]ccc2c1,1,0.4,1.6964091487613535,0.9989967691928435
43947755_3230,43947755,COc1ccccc1CNc1cnnc([O-])c1Cl,1,0.3389830508474576,2.198173105103462,0.9981001589059648
43947755_3231,43947755,COc1ccccc1CNc1cn[nH]c(=O)c1Cl,1,0.3559322033898305,2.2459632677317902,0.9983457655408372
50550848_2982,50550848,COc1cn(-c2ccc(-n3cccn3)cc2F)nc(-c2ccnn2-c2ccccc2)c1=O,1,0.2916666666666667,1.6447066607762681,0.9988481273918381
49837463_102,49837463,O=C(Nc1nn2c(-c3ccc(CN4CCS(=O)(=O)CC4)cc3)cccc2[nH+]1)C1CC1,1,0.2962962962962963,2.1568402815229577,0.9983865577489579
49837463_103,49837463,O=C(Nc1nc2cccc(-c3ccc(CN4CCS(=O)(=O)CC4)cc3)n2n1)C1CC1,1,0.3037974683544304,1.6456251091909266,0.9987048769016731
49435320_3375,49435320,CNc1nc(C)nc(N[C@H]2CCC[C@@H](C(=O)NCc3ccc(C#N)cc3C(F)(F)F)C2)n1,1,0.28205128205128205,2.9573232829706977,0.9977843850788097
300525339_370,300525339,CC(C)c1cnn2c(NCc3ccccc3)cc(NCCCCCC[NH3+])nc12,1,0.2602739726027397,2.1870466387344325,0.9990639046688004
300525339_369,300525339,CC(C)c1cnn2c(NCc3ccccc3)cc(NCCCCCC[NH3+])[nH+]c12,1,0.28169014084507044,2.5351863836810855,0.9988236170011382
11480138_281,11480138,COc1ccc(-n2cc3c(c2-c2ccccc2Br)c(=O)n(C)c(=O)n3C)cc1,1,0.3013698630136986,2.1402133071258915,0.9991105561148627
11480136_3596,11480136,COc1ccccc1-n1cc2c(c1-c1ccccc1Br)c(=O)n(C)c(=O)n2C,1,0.28378378378378377,2.2363756392875502,0.9991882434638261
31881571_897,31881571,CCCC(=O)Nc1ccc(-n2cccn2)nc1,1,0.45614035087719296,1.8217483360771505,0.9995587368938487
1284751_76,1284751,C[C@@H]1CN(C(=O)CC(c2ccccc2)c2ccccc2)C[C@H](C)O1,1,0.3793103448275862,1.2360509698222089,0.9992216233454772
53800443_3150,53800443,CCc1[nH]nc(N[C@H]2CC[C@H](C(=O)OC)CC2)c1C,1,0.5510204081632653,1.5793938710786288,0.9990217719728095
53800443_3151,53800443,CCc1n[nH]c(N[C@H]2CC[C@H](C(=O)OC)CC2)c1C,1,0.5510204081632653,1.2253554586321609,0.9995491871733599
30191309_1049,30191309,Cc1cc(NC(=O)CCc2c(C)nn(C)c2C)no1,1,0.5306122448979592,2.050705244543454,0.9995531088184224
313520210_2551,313520210,C[C@H](c1nc2c(cnn2C2CCOCC2)c(=O)[nH]1)N1CC(Oc2ccccc2)C1,1,0.47435897435897434,2.948153998691475,0.9995176497195865
313520210_2552,313520210,C[C@H](c1nc(=O)c2cnn(C3CCOCC3)c2[nH]1)N1CC(Oc2ccccc2)C1,1,0.47435897435897434,2.3811270440698644,0.9993403597806766
48780034_1870,48780034,CC(=O)N1CCC[N@@H+](Cc2c(C)nn(C)c2Cl)CC1,1,0.38235294117647056,1.3066587159621628,0.9992507912209291
48780034_1871,48780034,CC(=O)N1CCCN(Cc2c(C)nn(C)c2Cl)CC1,1,0.36363636363636365,0.767379958038769,0.9995358720997806
300962268_3629,300962268,Fc1ccc(-n2cc(/C=C/c3ccnnc3)nn2)cc1Cl,1,0.24242424242424243,1.354502122552513,0.9981064156267648
49067448_3329,49067448,CC1(CNC(=O)N2CCN(Cc3ccon3)CC2)CCCC1,1,0.6071428571428571,1.7110000000000536,0.9989187128471854
49067448_3330,49067448,CC1(CNC(=O)N2CC[NH+](Cc3ccon3)CC2)CCCC1,1,0.6206896551724138,1.8126916450407835,0.9986801098789077
48758078_2941,48758078,CCc1nnc(N2CC([NH+](C)C)C2)c(C#N)c1CC,1,0.35714285714285715,1.910139785460818,0.9980972270334434
48758078_2942,48758078,CCc1nnc(N2CC(N(C)C)C2)c(C#N)c1CC,1,0.35714285714285715,1.831509486735069,0.9981577760569649
48281908_2603,48281908,Cc1oc2nc[nH+]c(NCc3cc(F)cc4c3OCOC4)c2c1C,1,0.25333333333333335,1.9196322564489516,0.9996463246609482
48281908_2602,48281908,Cc1oc2ncnc(NCc3cc(F)cc4c3OCOC4)c2c1C,1,0.3382352941176471,1.7095294674265809,0.9995312740548659
49328626_473,49328626,CC(C)CC(=O)Nc1ccc[nH+]c1N(C)C,1,0.3076923076923077,1.8390190319843183,0.9981643074783683
49328626_472,49328626,CC(C)CC(=O)Nc1cccnc1N(C)C,1,0.3684210526315789,0.8267956216627647,0.9993181896195874
49316037_3167,49316037,N#Cc1ccc2[nH+]c(NCCn3ccnc3)ccc2c1,1,0.3898305084745763,2.3136376120731095,0.9990431189079934
49316037_3168,49316037,N#Cc1ccc2nc(NCCn3cc[nH+]c3)ccc2c1,1,0.5185185185185185,2.0436188490031655,0.998216880015232
49316037_3166,49316037,N#Cc1ccc2nc(NCCn3ccnc3)ccc2c1,1,0.5094339622641509,1.48577589158035,0.9994536612302211
13535869_2868,13535869,COc1ccc(NC(C)=O)cc1NC(=O)C[N@@H+](Cc1ccccc1)C(C)C,1,0.3709677419354839,1.750749268170623,0.9988319992991737
13535869_2867,13535869,COc1ccc(NC(C)=O)cc1NC(=O)CN(Cc1ccccc1)C(C)C,1,0.36923076923076925,1.5240390414946199,0.9982850868446352
1553084_883,1553084,O=C(Nc1ccc(S(=O)(=O)Nc2ccnn2-c2ccccc2)cc1)c1ccco1,1,0.38095238095238093,3.121971812812688,0.9983524013217111
1553084_882,1553084,O=C(Nc1ccc(S(=O)(=O)/N=c2/cc[nH]n2-c2ccccc2)cc1)c1ccco1,1,0.3088235294117647,3.282873741099242,0.9980034756042215
49300403_2288,49300403,Cc1noc(NCc2c(C)nn(C)c2C)n1,1,0.37037037037037035,1.4622999008415714,0.9996989804367019
49300403_2289,49300403,Cc1noc(NCc2c(C)nn(C)c2C)[nH+]1,1,0.38181818181818183,1.1523935959559017,0.9995343756832016
48755678_2079,48755678,Cc1nc(C)c(CNc2cnn(-c3ccccc3)c2)s1,1,0.45098039215686275,1.075869415867684,0.999457566683764
29618437_1331,29618437,Cc1ccc(CCNC(=O)c2ccncc2)o1,1,0.5510204081632653,1.2334309871253908,0.9993081276168834
222782930_2260,222782930,CN(CCCC1CCCC1)Cc1cc(=O)[nH]c(=O)[nH]1,1,0.3888888888888889,2.0702801742759958,0.9973300490427035
222782930_2259,222782930,C[N@@H+](CCCC1CCCC1)Cc1cc(=O)[nH]c(=O)[nH]1,1,0.35185185185185186,3.425138683323693,0.9957080484505709
265759_3393,265759,Cc1cc(Nc2nnc(C)s2)cc([C@@H]2CN(C(=O)Cc3csc(C)n3)CCO2)n1,1,0.5945945945945946,2.39276409200669,0.9992391367511344
265683_2730,265683,COc1cccc(CC(=O)N2CCO[C@@H](c3cc(Nc4nnc(C)s4)cc(C)[nH+]3)C2)c1,1,0.5487804878048781,1.962140922563959,0.9994821895306572
265683_2731,265683,COc1cccc(CC(=O)N2CCO[C@H](c3cc(/N=c4\[nH]nc(C)s4)cc(C)n3)C2)c1,1,0.5542168674698795,1.3669034347756122,0.9992885484074421
265759_3394,265759,Cc1cc(Nc2nnc(C)s2)cc([C@@H]2CN(C(=O)Cc3csc(C)n3)CCO2)[nH+]1,1,0.5844155844155844,2.4061072295307695,0.9990436220979267
265759_3395,265759,Cc1cc(/N=c2\[nH]nc(C)s2)cc([C@H]2CN(C(=O)Cc3csc(C)n3)CCO2)n1,1,0.5974025974025974,2.2752364712260933,0.9990157118766386
265683_2729,265683,COc1cccc(CC(=O)N2CCO[C@H](c3cc(Nc4nnc(C)s4)cc(C)n3)C2)c1,1,0.55,1.22986340704988,0.9992396302974399
49934844_2672,49934844,COc1ncccc1C(=O)Nc1[nH+]c(C)nn1C,1,0.3508771929824561,2.0483998633078744,0.9990131605612659
49934844_2673,49934844,COc1ncccc1C(=O)Nc1nc(C)nn1C,1,0.3389830508474576,1.403316785333777,0.9993861822039136
32131885_1686,32131885,CC(C)(C)[N@@H+]1CCCN(C(=O)CNc2ccc(C#N)cc2)CC1,1,0.4528301886792453,1.8661395982079967,0.9988233314623781
60174406_1469,60174406,Cc1cc2c(C(N)=O)cccc2n1-c1nc(NCc2ccccc2)c2c([nH+]1)CCOC2,1,0.2558139534883721,2.599194682973894,0.9983635186485865
60174406_1468,60174406,Cc1cc2c(C(N)=O)cccc2n1-c1nc2c(c(NCc3ccccc3)n1)COCC2,1,0.2619047619047619,2.0889868357655974,0.9992536421903728
73050098_2385,73050098,Cc1ccnc(N2CCC(OCC3CCCC3)CC2)n1,1,0.34615384615384615,1.7429601257632312,0.9993504752774797
36284654_1324,36284654,Cc1c(C(=O)N[C@H]2CC[N@H+](CC3CCCCC3)CC2)cnn1C,1,0.4461538461538462,1.7630357341811795,0.9987119970274516
29683998_1527,29683998,CN(CC(=O)N(C)C)Cc1cc(C#N)ccc1F,1,0.375,1.436357546017113,0.9989732988657994
29683998_1528,29683998,CN(C)C(=O)C[N@H+](C)Cc1cc(C#N)ccc1F,1,0.3333333333333333,1.7836712140974582,0.9992380881477443
48242871_2354,48242871,c1nc2[nH]ncc2c(N2CCC3(CCCCC3)C2)[nH+]1,1,0.3484848484848485,3.0483797335634737,0.9987419620850828
48242871_2353,48242871,c1nc(N2CCC3(CCCCC3)C2)c2cn[nH]c2n1,1,0.3333333333333333,2.1217855688071845,0.9992214476947697
7689820_1839,7689820,Nc1nc(N)c2c(Cl)c(Br)ccc2[nH+]1,1,0.3389830508474576,4.659003863488529,0.9960374481183337
7689820_1840,7689820,Nc1nc(N)c2c(Cl)c(Br)ccc2n1,1,0.3157894736842105,5.526487582542851,0.9849513371926444
7689820_1841,7689820,Nc1nc2ccc(Br)c(Cl)c2c(N)[nH+]1,1,0.3389830508474576,4.730045560034449,0.994705580974
27429921_447,27429921,Cc1nc(C(C)C)sc1C(=O)Nc1nc(C(C)(C)C)cs1,1,0.3333333333333333,1.3196275989835338,0.9992646462503941
43137136_2170,43137136,Cn1c(=O)n(C)c2cc(-n3ccnc3-c3cc(C[NH+](C)C)cs3)ccc21,1,0.28,2.8885960257534857,0.9991938694288529
43137136_2169,43137136,Cn1c(=O)n(C)c2cc(-n3cc[nH+]c3-c3cc(C[NH+](C)C)cs3)ccc21,1,0.2727272727272727,4.320920388065958,0.9986737135336178
35986106_2202,35986106,Cc1cccc(OCCCNc2cc(Cn3c(C)nc4ccccc43)[nH+]c(N)n2)c1,1,0.323943661971831,2.991167497817726,0.9984436487233467
35986174_340,35986174,Cc1ccccc1OCCCNc1cc(Cn2c(C)[nH+]c3ccccc32)[nH+]c(N)n1,1,0.4918032786885246,2.624444131620862,0.997302285738778
35986174_341,35986174,Cc1ccccc1OCCCNc1cc(Cn2c(C)[nH+]c3ccccc32)nc(N)n1,1,0.4918032786885246,3.4649989898986773,0.9984493333908923
35986106_2204,35986106,Cc1cccc(OCCCNc2cc(Cn3c(C)[nH+]c4ccccc43)[nH+]c(N)n2)c1,1,0.32857142857142857,2.1060614900804104,0.9985841532540819
35986106_2205,35986106,Cc1cccc(OCCCNc2cc(Cn3c(C)[nH+]c4ccccc43)nc(N)n2)c1,1,0.32857142857142857,3.728248784617149,0.9979492005875311
35986106_2203,35986106,Cc1cccc(OCCCNc2cc(Cn3c(C)nc4ccccc43)nc(N)n2)c1,1,0.3333333333333333,3.8195182942357184,0.996792843106077
35986174_338,35986174,Cc1ccccc1OCCCNc1cc(Cn2c(C)nc3ccccc32)[nH+]c(N)n1,1,0.4838709677419355,3.038920532031,0.998443843775013
35986174_339,35986174,Cc1ccccc1OCCCNc1cc(Cn2c(C)nc3ccccc32)nc(N)n1,1,0.5,3.694451650786478,0.9971117143924886
5514552_207,5514552,O=C(c1sc(N2CCOCC2)nc1-c1ccccc1)N1CCCCC1,1,0.3709677419354839,1.9330072426146305,0.9992151000874503
5514558_3582,5514558,O=C(Nc1ccccc1)c1sc(N2CCOCC2)nc1-c1ccccc1,1,0.5714285714285714,1.8509600211781752,0.9991968983079667
147155_1141,147155,Cc1cc(CCCC(=O)NC[C@H]2CC[C@H](c3ccc(C(N)=O)c(C)n3)CC2)ccc1F,1,0.527027027027027,2.308528968845543,0.9974893611417226
30431093_1929,30431093,Cn1ncc2c1CCc1sc(NC(=O)c3cccnc3)nc1-2,1,0.46774193548387094,1.4934416627378304,0.9996527016595244
1539152_860,1539152,COc1ccc(Nc2nc(N)nc(C[NH+]3CCN(Cc4ccccc4)CC3)n2)cc1,1,0.3472222222222222,3.17237608110992,0.9985225054976673
1539152_859,1539152,COc1ccc(Nc2nc(N)nc(CN3CC[NH+](Cc4ccccc4)CC3)n2)cc1,1,0.36619718309859156,3.2080595381006116,0.9984621593712703
48309286_1281,48309286,Cc1nccn1CCCN1C(=O)SC(C)(C)C1=O,1,0.2903225806451613,1.0829995383203557,0.9994031061406065
48309286_1282,48309286,Cc1[nH+]ccn1CCCN1C(=O)SC(C)(C)C1=O,1,0.2857142857142857,1.4148989363211097,0.998586877554446
31842542_837,31842542,CC1CCN(C(=O)c2n[nH]c3ccccc23)CC1,1,0.38181818181818183,1.4574964837005233,0.9989554074875983
165629_802,165629,OCC[N@H+]1CC[C@H](c2ccncn2)CC1,1,0.3877551020408163,1.7472624302034019,0.9983556350997882
2711872_3196,2711872,CC(C)CCNC(=O)CSc1nc2ccccc2[nH]1,1,0.5555555555555556,1.742767052707061,0.9991899882571076
2711872_3197,2711872,CC(C)CCNC(=O)CSc1[nH]c2ccccc2[nH+]1,1,0.5555555555555556,2.0144900099031426,0.997697101208269
36368096_2395,36368096,c1ccc(-c2nc(CSc3ccc(-n4cccn4)nn3)cs2)cc1,1,0.4918032786885246,1.539167957046606,0.9984571782549206
171745752_457,171745752,CCCc1nc(N2CCc3ccccc3C2)ncc1C(=O)[O-],1,0.4090909090909091,1.953355062450252,0.996316337900183
48784525_2237,48784525,NC(=O)COc1ccccc1C(=O)Nc1cccc(-c2ccc3ccccc3c2)n1,1,0.3898305084745763,1.9935192499698402,0.9975770206912111
44447553_1482,44447553,Cn1cnnc1CCn1ccnc1-c1cc2ccccc2s1,1,0.47692307692307695,1.602322065003857,0.9991735834270483
44447553_1481,44447553,Cn1cnnc1CCn1cc[nH+]c1-c1cc2ccccc2s1,1,0.4696969696969697,2.7314541914520305,0.9992969116929676
24883078_315,24883078,COc1ccc(C2([NH2+]Cc3ccc(N4CCCC4=O)cc3)CC2)cc1,1,0.3387096774193548,1.9893805568571705,0.9990733601586251
2873332_2709,2873332,COc1cccc(Cc2cnc(N)s2)c1,1,0.40425531914893614,0.8659474579903137,0.9992441218036703
43366900_163,43366900,Cc1[nH+]c(C(=O)NCC(=O)[O-])c([O-])c2ccc(Oc3ccccc3)cc12,1,0.3,2.0420374629276092,0.997637568559143
43366900_162,43366900,Cc1nc(C(=O)NCC(=O)[O-])c([O-])c2ccc(Oc3ccccc3)cc12,1,0.30158730158730157,2.190782052145087,0.9988076403448373
232832319_3441,232832319,COc1ccc(C[N@H+]2C[C@H](c3ccncc3)C2)cc1Cn1cccn1,1,0.3384615384615385,1.754022234751329,0.9991702305636163
232832319_3442,232832319,COc1ccc(CN2CC(c3ccncc3)C2)cc1Cn1cccn1,1,0.3387096774193548,1.4383594821878103,0.9984826936468989
411314_1621,411314,COc1ccc(N2CCC[N@H+](CC3CCN(C(=O)C4CC4)CC3)CC2)cc1,1,0.5714285714285714,2.66988632716787,0.9992407982674137
276241702_3192,276241702,CC(C)Cc1ccccc1C[NH2+]Cc1ccc2[nH]c[nH+]c2c1,1,0.46153846153846156,3.129781462019341,0.9931170734450113
276241702_3190,276241702,CC(C)Cc1ccccc1C[NH2+]Cc1ccc2[nH]cnc2c1,1,0.5,2.18192827563144,0.9965663170671272
276241702_3191,276241702,CC(C)Cc1ccccc1C[NH2+]Cc1ccc2nc[nH]c2c1,1,0.5,2.1246376161595237,0.9975605133783271
24874030_2027,24874030,COc1ccc(-c2ccc(C[N@H+](CCN(C)C)Cc3ccncc3)cc2)cc1,1,0.4576271186440678,1.8123967556802174,0.9996584513970448
24874030_2025,24874030,COc1ccc(-c2ccc(CN(CC[NH+](C)C)Cc3ccncc3)cc2)cc1,1,0.4576271186440678,2.1286216197343926,0.9994783287190747
24874030_2026,24874030,COc1ccc(-c2ccc(C[N@H+](CC[NH+](C)C)Cc3ccncc3)cc2)cc1,1,0.47368421052631576,2.4524269611955605,0.9990474449383464
36304724_3671,36304724,Cc1cccc(CNc2cccc3c2CCN(S(C)(=O)=O)C3)c1,1,0.5,1.1827865403363762,0.9985568775339825
49012602_3236,49012602,CCOC1CCN(c2ccnc(C(=O)NCc3ccccc3)c2)CC1,1,0.38333333333333336,1.8070077476316693,0.998530151394126
32090192_1467,32090192,CC(=O)N(c1ccc(C)cc1)c1nc(Cn2cc[nH+]c2)cs1,1,0.31746031746031744,1.8128414161198763,0.9989240065975988
32090192_1466,32090192,CC(=O)N(c1ccc(C)cc1)c1nc(Cn2ccnc2)cs1,1,0.3225806451612903,1.8359335499956133,0.9995815229119993
2047138_746,2047138,CC(=O)Nc1cccc(OC(=O)N2CCOCC2)c1,1,0.5192307692307693,1.5631570618463007,0.9981926342303906
300456235_3710,300456235,COc1cc(Nc2c(C#N)cnc3cc(OCCC[NH+]4CCN(C)CC4)c(OC)cc23)c(Cl)cc1Cl,1,0.5070422535211268,2.620757714860043,0.998250867446262
300456235_3711,300456235,COc1cc(Nc2c(C#N)cnc3cc(OCCC[N@H+]4CC[N@H+](C)CC4)c(OC)cc23)c(Cl)cc1Cl,1,0.5217391304347826,2.8307384195645504,0.9966877525987714
300456235_3709,300456235,COc1cc(Nc2c(C#N)cnc3cc(OCCCN4CC[NH+](C)CC4)c(OC)cc23)c(Cl)cc1Cl,1,0.5285714285714286,2.6746093172646748,0.9978334476345773
300456235_3712,300456235,COc1cc(Nc2c(C#N)c[nH+]c3cc(OCCCN4CC[NH+](C)CC4)c(OC)cc23)c(Cl)cc1Cl,1,0.5211267605633803,2.618571557165944,0.9968792909563124
2908077_1395,2908077,COc1ccc(-c2cn3c4ccccc4nc3n2CCO)cc1,1,0.3283582089552239,1.4524861445121675,0.9996874054505749
2908077_1394,2908077,COc1ccc(-c2cn3c4ccccc4[nH+]c3n2CCO)cc1,1,0.3235294117647059,1.729010410611032,0.9994354572473767
44051475_2401,44051475,COC(=O)c1cccc2c1CCCN2C(=O)c1ccc(F)cc1F,1,0.37142857142857144,1.2581931489242648,0.9990388673896681
44051471_3421,44051471,COC(=O)c1cccc2c1CCCN2C(=O)c1ccccc1,1,0.3484848484848485,1.6445351926911511,0.9986833285784501
25855068_2655,25855068,CC(C)(C(=O)c1ccccc1)/[N+]([O-])=C/c1ccc(F)cc1,1,0.25806451612903225,1.698020023439074,0.998296993090727
45665715_1867,45665715,CC(=O)N1CCC(CCNc2ccc3ccc(F)cc3[nH+]2)CC1,1,0.34328358208955223,1.7412349066107111,0.9984546020079827
45665715_1866,45665715,CC(=O)N1CCC(CCNc2ccc3ccc(F)cc3n2)CC1,1,0.3484848484848485,1.801817415833364,0.999040707287868
46603974_1990,46603974,Cc1nc2onc(C)c2c(NC2(c3cccc(Cl)c3)CC2)[nH+]1,1,0.296875,1.35754926245782,0.9990243120922018
46603974_1989,46603974,Cc1nc(NC2(c3cccc(Cl)c3)CC2)c2c(C)noc2n1,1,0.30158730158730157,1.5106091486551527,0.99901326402134
208343_1178,208343,Cc1nc(=O)cc(C2CN(C3CCCCC3)C2)[nH]1,1,0.3,1.7050000000000929,0.9979454475488814
208343_1177,208343,Cc1nc(=O)cc([C@H]2C[N@H+](C3CCCCC3)C2)[nH]1,1,0.34,3.04456975613961,0.993548472316239
222766824_2238,222766824,C[N@H+]1CC[C@](O)(CNC(=O)C2CCCCCC2)CC1,1,0.37735849056603776,1.8927717770503065,0.9992472332075254
36889463_1564,36889463,CC(C)c1ccc(-c2cc3c(=O)n(CCC(=O)NCC[NH+](C)C)ccn3n2)cc1,1,0.29333333333333333,2.508471247592748,0.9978737777016216
415550_2324,415550,COCCCNc1ncc(-c2cc(C)no2)c(C(C)C)n1,1,0.47761194029850745,1.2656571415675946,0.9994060124452926
415550_2325,415550,COCCCNc1ncc(-c2cc(C)no2)c(C(C)C)[nH+]1,1,0.36619718309859156,1.3217896958289674,0.9994925226544006
48421225_1094,48421225,Cn1c(=O)n(C)c2cc(C[N@H+]3CC[C@H](c4ccc(Cc5ccccc5F)cn4)CC3)ccc21,1,0.37333333333333335,3.291930284802576,0.9975155909922457
222793392_3101,222793392,CCCc1cc(C[N-]S(=O)(=O)c2cc(-c3cnc(C)o3)ccc2C)on1,1,0.578125,2.8164866411897718,0.9988991025061335
222793392_3100,222793392,CCCc1cc(CNS(=O)(=O)c2cc(-c3cnc(C)o3)ccc2C)on1,1,0.578125,1.7085470435421037,0.9991599985243055
16252179_448,16252179,CCOC(=O)c1c(C)[nH]c(CN(Cc2ccccc2)C(=O)c2ccccc2Cl)c1C,1,0.36507936507936506,1.7846632735610735,0.9991676605645713
320548501_3656,320548501,CCN(c1ccc(C(C)C)cc1)S(=O)(=O)c1ccccc1,1,0.4339622641509434,1.8397372094948954,0.9992364364083062
36951097_1520,36951097,c1ccc(-c2nsc(N3CCCN(c4nccs4)CC3)n2)cc1,1,0.46551724137931033,1.587357237675015,0.9991354437362265
36951097_1521,36951097,c1ccc(-c2ns/c(=[N+]3\CCCN(c4nccs4)CC3)[nH]2)cc1,1,0.36764705882352944,1.6482936631559562,0.9989865836396118
31507466_3194,31507466,Cc1cc(-c2nncc3c(C(C)(C)C)c(OCc4[nH+]cnn4C)nn23)no1,1,0.4177215189873418,3.0821377321579693,0.9992940528039119
31507466_3193,31507466,Cc1cc(-c2nncc3c(C(C)(C)C)c(OCc4ncnn4C)nn23)no1,1,0.4025974025974026,2.284611564358879,0.9996387892203877
301191566_2194,301191566,COc1cc2nc(/C=C/c3cocn3)sc2cc1OC,1,0.4444444444444444,1.598262181245296,0.9989896311138157
50335071_2474,50335071,CSc1nnc(CCCNc2cc(C)ccn2)n1C1CCCC1,1,0.30434782608695654,1.948341602491709,0.9991592411525221
50335071_2475,50335071,CSc1nnc(CCCNc2cc(C)cc[nH+]2)n1C1CCCC1,1,0.29850746268656714,1.985639947221048,0.9988410541079312
30016064_649,30016064,Cc1nn(C)c2ncc(C(=O)Nc3ccc4c(c3)CCO4)cc12,1,0.46875,1.6478537556468822,0.9998020945277678
33314123_1614,33314123,COCC(=O)Nc1cccc(-n2cccc2)c1,1,0.4067796610169492,1.3670793685810778,0.9989883885451792
48347951_2144,48347951,O=C(Nc1ccc2sccc2c1)N1CCCN(C(=O)Oc2ccccc2)CC1,1,0.3382352941176471,1.4841145508348552,0.9990942371450932
232828909_2937,232828909,O=C1CCCN1CCCc1nnc(Cc2c(Cl)cccc2Cl)[nH]1,1,0.3194444444444444,1.757318127146965,0.9991487193872628
157315_453,157315,Cc1nc(NC2CCCC2)cc(CC2CCN(S(=O)(=O)c3cn(C)cn3)CC2)[nH+]1,1,0.3142857142857143,1.8775499993338904,0.9985711726917329
157315_454,157315,Cc1nc(CC2CCN(S(=O)(=O)c3cn(C)cn3)CC2)cc(NC2CCCC2)n1,1,0.29850746268656714,2.9839210780449026,0.9987603403468942
49160264_2063,49160264,CN(C)c1ccc(-c2ccc(COCc3cccs3)cc2)nn1,1,0.3188405797101449,1.9428849682880562,0.9989581560800253
49300421_2702,49300421,Cc1noc(NCc2ccc(F)cc2C)n1,1,0.4339622641509434,1.3376662513500381,0.9987976779850404
49300421_2703,49300421,Cc1noc(NCc2ccc(F)cc2C)[nH+]1,1,0.4444444444444444,1.1507519280886125,0.998924903921761
49913437_2932,49913437,CS(=O)(=O)NCC[N@@H+]1CCc2c(Cl)cc(Cl)cc2C1,1,0.2631578947368421,2.023093176302246,0.9982379786668035
49913437_2933,49913437,CS(=O)(=O)[N-]CC[N@@H+]1CCc2c(Cl)cc(Cl)cc2C1,1,0.2753623188405797,1.8384963965151357,0.9963521729780611
31378890_1924,31378890,O=C(NCC1(c2ccccc2)CC1)c1cccnc1,1,0.46938775510204084,0.8731540528452768,0.9991139045422869
301023837_3313,301023837,COc1cc(CN2CCC[NH2+]CC2)cc2c1OCO2,1,0.328125,1.3600272056103009,0.9989208814177823
301023837_3314,301023837,COc1cc(C[N@H+]2CCC[NH2+]CC2)cc2c1OCO2,1,0.3125,1.9353335629803285,0.9984140558486468
301023837_3315,301023837,COc1cc(C[N@@H+]2CCCNCC2)cc2c1OCO2,1,0.3125,1.4196605228015462,0.9996947965279642
32423148_1891,32423148,Clc1ccc(Cc2nnc(-c3ccccc3)[nH]2)cn1,1,0.43137254901960786,1.2872637647352072,0.9994492860578991
49176076_404,49176076,Nc1cncc(-c2ccc(C[NH+]3CCCCC3)cc2)c1,1,0.4,1.8912998175856481,0.9982251117940247
68918136_2600,68918136,CCOCCNC(=O)c1cccc(-c2cc(F)ccc2OC)c1,1,0.4782608695652174,1.5926138891774353,0.9988472387655111
1152113_3617,1152113,COc1ccc(OCc2nn3c(-c4ccc(OC)cc4)nnc3s2)cc1,1,0.3230769230769231,1.4039244993946451,0.9985379023035805
32446521_1248,32446521,O=C([O-])c1nc(-c2ccccc2)oc1-c1ccccc1,1,0.32,1.8638151732401758,0.998364398024243
32278227_3126,32278227,CC(C)c1cc(C(C)C)c(C/C([O-])=N\S(=O)(=O)Oc2c(C(C)C)cccc2C(C)C)c(C(C)C)c1,1,0.25316455696202533,5.362226403276832,0.9993247097679808
161275_261,161275,Cc1cc(C)nc(Nc2ccc([C@@H]3CCCN(CC(=O)N4CCCC4)C3)[nH+]c2)n1,1,0.5352112676056338,2.858733985525606,0.9984788433016475
161275_259,161275,Cc1cc(C)nc(Nc2ccc([C@H]3CCCN(CC(=O)N4CCCC4)C3)nc2)n1,1,0.6268656716417911,2.2019189358372393,0.9984624226258444
161275_260,161275,Cc1cc(C)nc(Nc2ccc([C@H]3CCC[N@@H+](CC(=O)N4CCCC4)C3)nc2)n1,1,0.5333333333333333,2.6293567654464556,0.9981566440836387
31399424_2125,31399424,Cc1cc(C)c(NC(=O)c2cc(Cl)ccc2F)c(C)[nH+]1,1,0.4166666666666667,1.4854541393122043,0.9991218919353727
31399424_2124,31399424,Cc1cc(C)c(NC(=O)c2cc(Cl)ccc2F)c(C)n1,1,0.423728813559322,1.0297392873929336,0.9996025516475872
362022_3404,362022,O=C(NC1CCCCC1)C1=CCN(C(=O)C2CC2)C1,1,0.35714285714285715,1.4769136738480129,0.9986089395340781
362026_2798,362026,O=C(NC1CCCC1)C1=CCN(C(=O)C2CC2)C1,1,0.3392857142857143,1.1487388737220257,0.9991992581942192
25002955_3663,25002955,Cc1cc(NC(=O)N2Cc3cc4c(cc3C3(CCCC3)C2)OCCO4)no1,1,0.3125,2.1435528918127975,0.9986320502866023
49965014_1130,49965014,CCC1(O)CN(c2ncnc3c2c(Br)nn3C)C1,1,0.41509433962264153,1.788298353183626,0.9994662174633516
49965014_1131,49965014,CCC1(O)CN(c2[nH+]cnc3c2c(Br)nn3C)C1,1,0.3508771929824561,2.6220739882771746,0.9994334298201709
48224722_1940,48224722,c1csc(-c2csc3[nH+]c(CN4CCOCC4)nc(N4CCc5[nH]ncc5C4)c23)c1,1,0.3902439024390244,2.1530190431113243,0.9994711454634578
48224722_1938,48224722,c1csc(-c2csc3nc(CN4CCOCC4)nc(N4CCc5n[nH]cc5C4)c23)c1,1,0.375,3.5831851752325994,0.9990715875863634
48224722_1939,48224722,c1csc(-c2csc3nc(C[NH+]4CCOCC4)nc(N4CCc5[nH]ncc5C4)c23)c1,1,0.3855421686746988,2.3145807395730307,0.9994565392483025
48224722_1937,48224722,c1csc(-c2csc3nc(CN4CCOCC4)nc(N4CCc5[nH]ncc5C4)c23)c1,1,0.3924050632911392,4.42267023414613,0.9994551809849136
177465976_3294,177465976,O=C1CN(C(=O)c2ccc(Cl)cn2)CCN1CCc1ccccc1,1,0.5517241379310345,1.5232842807566496,0.9990312998217589
EN300-53017_2694,EN300-53017,C[C@]12C=CC(=O)C=C1CC[C@@H]1[C@@H]2[C@@H](O)C[C@@]2(C)[C@H]1CC[C@]2(O)C(=O)CO,1,0.25,4.255881929753353,0.9986154649718226
48337674_81,48337674,CC(=O)N1CCN(c2nc(C(F)(F)F)nc3sc(C)c(C)c23)CC1,1,0.36363636363636365,2.5211822623524394,0.9994057085315763
31837136_2900,31837136,CCCC(=O)Nc1ccc(C(=O)N(C)C)cc1,1,0.48717948717948717,1.2918908622634502,0.9993454513428482
177400083_2265,177400083,O=c1c2cccc(C(F)(F)F)c2ncn1C1CCCC1,1,0.32142857142857145,1.387834284055865,0.998107268145452
300635762_2561,300635762,COc1ccc(C[C@H]2C[N@@H+]3CCN(C(=O)OCc4ccccc4)C[C@H]3CO2)cc1,1,0.352112676056338,1.8089458256120687,0.9989205692910588
300635762_2560,300635762,COc1ccc(C[C@@H]2CN3CCN(C(=O)OCc4ccccc4)C[C@H]3CO2)cc1,1,0.34328358208955223,1.9446912351322654,0.999334703714705
32419804_2178,32419804,CCNc1ccnc(N(C)Cc2nc3ccccc3n2C)n1,1,0.29508196721311475,1.5342421582007966,0.9994443279835069
32419804_2181,32419804,CCNc1ccnc(N(C)Cc2[nH+]c3ccccc3n2C)n1,1,0.29577464788732394,1.492033846801197,0.9995636155839145
32419804_2180,32419804,CCNc1ccnc(N(C)Cc2nc3ccccc3n2C)[nH+]1,1,0.2777777777777778,1.575503094253081,0.9994614281188567
32419804_2179,32419804,CCNc1cc[nH+]c(N(C)Cc2nc3ccccc3n2C)n1,1,0.2839506172839506,1.9230564214293142,0.9993798615259862
73016554_2898,73016554,Cc1cc(C#N)cc(N2CCc3c(ncn3CCc3ccccc3)C2)n1,1,0.576271186440678,1.767916853248003,0.9983430996436675
73016554_2899,73016554,Cc1cc(C#N)cc(N2CCc3c([nH+]cn3CCc3ccccc3)C2)n1,1,0.5737704918032787,1.5584190707248766,0.9992848604512032
29658635_1317,29658635,CCOC(=O)N1CCN(C(=O)Nc2cccc3c2CCCC3)CC1,1,0.38095238095238093,1.5125772707531844,0.9984596632859218
267729_1363,267729,CS(=O)(=O)N1CC(c2[nH]nc3ncccc23)C1,1,0.2631578947368421,2.076262748305131,0.9993779432346812
267729_1362,267729,CS(=O)(=O)N1CC(c2n[nH]c3ncccc23)C1,1,0.2898550724637681,2.1409126558548808,0.9995692884083984
301065487_861,301065487,CCCN(Cc1ccccc1)C(=O)CC1([NH3+])CCC1,1,0.3392857142857143,2.1808259903074387,0.9979461280882719
300096535_2855,300096535,C[C@H](COc1ccccc1Cc1ccccc1)[NH+]1CCCCC1,1,0.29310344827586204,1.4452892444073646,0.9989197860847917
6809286_977,6809286,O=C(NCc1ccccc1)c1ccc([N-]S(=O)(=O)c2ccc(C3CCCCC3)cc2)cc1,1,0.3333333333333333,3.7737950394793556,0.9927927949567905
6809286_976,6809286,O=C(NCc1ccccc1)c1ccc(NS(=O)(=O)c2ccc(C3CCCCC3)cc2)cc1,1,0.3466666666666667,2.9376099128372455,0.997055582577728
45903948_1689,45903948,COc1ccc(CNC(=O)c2cc(-c3cncc(C)c3)ncc2-c2nccs2)nc1OC,1,0.3466666666666667,2.36974724390657,0.9995718634902808
82700463_2915,82700463,COc1cccc(OC)c1-c1ccc(OCC[NH+]2CCCC2)cc1,1,0.42857142857142855,1.9893697494435267,0.9980127232731386
25610913_886,25610913,COc1ccc(-c2nnc3ccc(C(F)(F)F)cn23)cc1OC(C)C,1,0.26506024096385544,1.3483174700346552,0.9983950737314111
53870877_942,53870877,Cc1ccccc1-n1c(CC2CCN(C(=O)C3CC3)CC2)n[nH]c1=O,1,0.34375,2.045533671196643,0.9984389502194381
32494828_1385,32494828,CCCCc1c(C)[nH]c2nc(N(Cc3cccs3)C(C)=O)nn2c1=O,1,0.3,2.6274093704633525,0.9994099852956626
32272128_589,32272128,Cc1nccn1CCNC(=O)C(C)(C)C,1,0.3275862068965517,0.8631303493672141,0.9993429847471498
32272128_590,32272128,Cc1[nH+]ccn1CCNC(=O)C(C)(C)C,1,0.3275862068965517,2.191235496243915,0.997837926239826
54864400_1241,54864400,C[NH+]1CCN(c2ncncc2-c2nc(-c3ccccc3)no2)CC1,1,0.3484848484848485,1.832193767045558,0.998791505502168
54864400_1242,54864400,CN1CCN(c2ncncc2-c2nc(-c3ccccc3)no2)CC1,1,0.3333333333333333,1.8553250389084284,0.9993318963067851
43488186_3646,43488186,Cc1ccc2[nH]c(C3CN(C(=O)Cc4cccc5ccccc45)C3)nc2c1,1,0.43333333333333335,1.6362512032081526,0.9981928108102226
43488186_3645,43488186,Cc1ccc2nc(C3CN(C(=O)Cc4cccc5ccccc45)C3)[nH]c2c1,1,0.4406779661016949,1.9258291720712493,0.9983971331677567
43488186_3647,43488186,Cc1ccc2[nH]c(C3CN(C(=O)Cc4cccc5ccccc45)C3)[nH+]c2c1,1,0.4262295081967213,1.4920559640982376,0.9987609631122298
48749260_759,48749260,Cc1csc(CN(C)c2ccnc(N(C)C)[nH+]2)n1,1,0.3448275862068966,1.432959524899735,0.9992848841886285
48749260_757,48749260,Cc1csc(CN(C)c2cc[nH+]c(N(C)C)n2)n1,1,0.37037037037037035,0.7003491986147811,0.9995536760546435
48749260_758,48749260,Cc1csc(CN(C)c2ccnc(N(C)C)n2)n1,1,0.4166666666666667,1.0634608596468873,0.9990582934023479
233697_2210,233697,Cc1cncc([C@H]2CC[N@H+](Cc3cnccn3)CC2)n1,1,0.5384615384615384,1.962122065520051,0.9992620162113819
233697_2211,233697,Cc1cncc(C2CCN(Cc3cnccn3)CC2)n1,1,0.38596491228070173,1.9786897179701208,0.9992483256789435
3595726_2103,3595726,O=C(NC1CCCC1)c1cc(C2CC2)nc2ccccc12,1,0.40350877192982454,1.6328371014893757,0.9983661889065265
313516125_3618,313516125,N#Cc1c(C2CC2)[nH]c(SCc2cccc(F)c2F)nc1=O,1,0.25,1.1742448637316287,0.9989697741511185
MCULE-2007854892_2381,MCULE-2007854892,Cc1cc(C)nc(N2Cc3ccccc3C2=[NH2+])n1,1,0.26153846153846155,1.8508514256960027,0.9991073981400806
6892467_599,6892467,COc1cc(CNc2nnn[n-]2)cc(Br)c1OCc1ccc(Cl)cc1,1,0.3333333333333333,1.9789375937607727,0.9970466782838039
6892467_600,6892467,COc1cc(CNc2nnn[nH]2)cc(Br)c1OCc1ccc(Cl)cc1,1,0.3333333333333333,2.9679597369236763,0.9906480181081839
36275216_763,36275216,N#CCCC[NH+]1CCN(c2cc(C#N)ccn2)CC1,1,0.36666666666666664,1.4511474769987764,0.9982022255067072
36275216_764,36275216,N#CCCCN1CCN(c2cc(C#N)ccn2)CC1,1,0.32075471698113206,1.5135474885185203,0.9984372530014199
49149249_879,49149249,Cc1ccccc1OC1CCN(C(=O)Nc2ccc3c(c2)[nH+]cn3C)CC1,1,0.4714285714285714,1.6959604948228697,0.9988389622088144
49149249_878,49149249,Cc1ccccc1OC1CCN(C(=O)Nc2ccc3c(c2)ncn3C)CC1,1,0.4714285714285714,2.257610240941237,0.9992987737656491
31845870_2184,31845870,C#CCNC(=O)c1ccc2c(c1)OCO2,1,0.44,1.086416586765705,0.9993082733139551
50310131_876,50310131,COCc1ccccc1CNc1ccc2nnc(-c3ccccc3)n2n1,1,0.3548387096774194,1.7714959779800292,0.9996430624222667
LN01309001_2973,LN01309001,CCCc1cc(C)[nH]c(=O)c1CNC(=O)c1cc(-c2ccc(N3CC[NH+](C(C)C)CC3)nc2)cc2c1cnn2C(C)C,1,0.3153153153153153,5.156554372834449,0.9980636470650057
LN01309001_2974,LN01309001,CCCc1cc(C)[nH]c(=O)c1CNC(=O)c1cc(-c2ccc(N3CC[NH+](C(C)C)CC3)[nH+]c2)cc2c1cnn2C(C)C,1,0.30701754385964913,5.274205911793506,0.9966226190992143
11868858_2034,11868858,CC(=O)Nc1nc(-c2c(C)cc(C)cc2C)cs1,1,0.58,1.4670456707271238,0.9991119592777621
309652_2576,309652,Oc1cc2c(nn1)-c1cnc(N3CCCCC3)nc1CC2,1,0.27450980392156865,1.5894634314762712,0.9970396237782334
309592_2249,309592,[O-]c1cc2c(nn1)-c1cnc(N3CCCC3)nc1CC2,1,0.28,2.050401180257347,0.9990094573842222
309592_2250,309592,Oc1cc2c(nn1)-c1cnc(N3CCCC3)nc1CC2,1,0.28,1.428856185905295,0.9982765028922244
309652_2575,309652,[O-]c1cc2c(nn1)-c1cnc(N3CCCCC3)nc1CC2,1,0.27450980392156865,2.0566424093654083,0.9985200601509707
306388_1376,306388,O=C1Oc2nc3cc4c(cc3cc2CN1CCN1CCOCC1)OCCO4,1,0.3,1.6709694790749532,0.999072113622163
306342_667,306342,O=C1Oc2nc3cc4c(cc3cc2CN1CC[NH+]1CCOCC1)OCO4,1,0.328125,1.7951743647904934,0.9992782238082302
306388_1377,306388,O=C1Oc2nc3cc4c(cc3cc2CN1CC[NH+]1CCOCC1)OCCO4,1,0.3333333333333333,1.6019803369581458,0.9983949818631221
306342_666,306342,O=C1Oc2nc3cc4c(cc3cc2CN1CCN1CCOCC1)OCO4,1,0.29508196721311475,1.7207690141326972,0.9992588389642921
43179665_980,43179665,CCCn1cnnc1Cn1cc[nH+]c1-c1ccc2occc2c1,1,0.3142857142857143,1.8691013883674719,0.999493590437139
43179665_981,43179665,CCCn1cnnc1Cn1ccnc1-c1ccc2occc2c1,1,0.3188405797101449,1.4764809514528987,0.9995863205533452
36988038_3020,36988038,CCc1ccc(CC)c(C(=O)CSc2nncs2)c1,1,0.5918367346938775,1.8855195570451884,0.9988459399786291
23816897_354,23816897,Cc1ccc(-c2cn(C[C@H]3CC[N@H+](Cc4cnc(C)[nH]4)CC3)nn2)cc1,1,0.4189189189189189,2.095182808253216,0.9982086416540314
23816897_353,23816897,Cc1ccc(-c2cn(C[C@H]3CC[N@H+](Cc4c[nH]c(C)n4)CC3)nn2)cc1,1,0.41333333333333333,1.7326318131672187,0.9986609003048676
23816897_355,23816897,Cc1ccc(-c2cn(C[C@H]3CC[N@H+](Cc4c[nH]c(C)[nH+]4)CC3)nn2)cc1,1,0.26436781609195403,2.0402517001588194,0.9986896701485525
324058573_3463,324058573,N#Cc1ccc([N-]S(=O)(=O)c2c[nH]c3nc(Cl)ccc23)c(F)c1,1,0.49206349206349204,3.339242878258751,0.9956515114197724
324058573_3462,324058573,N#Cc1ccc(NS(=O)(=O)c2c[nH]c3nc(Cl)ccc23)c(F)c1,1,0.5,3.4200410816248565,0.9977265929161031
17074467_800,17074467,CCc1ccccc1NC(=O)c1cc(C)nc2onc(C)c12,1,0.5961538461538461,1.3635211769533884,0.9993521624248364
44811839_1663,44811839,CC[N@H+]1CC[C@@H](n2cc(CNc3cc(Cl)c4ncc(C#N)c(Nc5ccc(F)c(Cl)c5)c4c3)nn2)CC1,1,0.3333333333333333,3.0847111696236142,0.9993406679174012
44811839_1664,44811839,CC[N@H+]1CC[C@H](n2cc(CNc3cc(Cl)c4[nH+]cc(C#N)c(Nc5ccc(F)c(Cl)c5)c4c3)nn2)CC1,1,0.32954545454545453,2.688280491318375,0.9990549890984692
338392_781,338392,CCOC(=O)[C@]1(Cc2cc(-c3ccc(F)cc3)no2)CC[N@H+](Cc2ccccc2[O-])CC1,1,0.33766233766233766,3.1260807731088627,0.9983879013737054
338392_780,338392,CCOC(=O)[C@]1(Cc2cc(-c3ccc(F)cc3)no2)CC[N@H+](Cc2ccccc2O)CC1,1,0.34210526315789475,2.062036129654121,0.9990000180438107
171818667_2779,171818667,Cc1cccc(C)c1OCC(=O)N(C)[C@@H]1CCC[C@@H](O)[C@@H]1O,1,0.48148148148148145,2.967837765107686,0.9977298217843861
171818496_3183,171818496,CO[C@@H]1CC[C@@H](N(C)C(=O)COc2c(C)cccc2C)[C@H]1O,1,0.44642857142857145,1.3065584564036419,0.9987382119485999
48753166_2439,48753166,CCc1nccn1Cc1nc(N)nc(N(C)C)n1,1,0.32,1.9219373038682792,0.999664266184648
48753166_2440,48753166,CCc1[nH+]ccn1Cc1nc(N)nc(N(C)C)n1,1,0.3137254901960784,1.0238090642305127,0.9996554881272545
71010653_1370,71010653,O=C1[NH+]=C2C=CC=CN2C12Cc1ccccc1C2,1,0.2786885245901639,1.0963936336920608,0.9994062643775008
71010653_1371,71010653,O=C1N=C2C=CC=CN2C12Cc1ccccc1C2,1,0.24561403508771928,1.6405913567977268,0.998819718506496
197589_1682,197589,Nc1nc(-c2ccccc2)nc2nc([C@H]3CCCN(CC(=O)N4CCCC4)C3)ccc12,1,0.5454545454545454,2.198147401791094,0.9991014069696034
197589_1683,197589,Nc1nc(-c2ccccc2)nc2nc([C@@H]3CCC[N@H+](CC(=O)N4CCCC4)C3)ccc12,1,0.5652173913043478,2.6170231179721437,0.9990968225978943
197589_1684,197589,Nc1nc(-c2ccccc2)[nH+]c2nc([C@H]3CCCN(CC(=O)N4CCCC4)C3)ccc12,1,0.5217391304347826,1.9414646532966864,0.998296490143502
49307933_3187,49307933,Cc1noc(COc2cccnc2C)n1,1,0.37735849056603776,1.8474219875274167,0.9981496842016442
48314264_1534,48314264,Cc1nccn1-c1cncc(N2CCN(CC3CCCC3)C(=O)C2)n1,1,0.25316455696202533,2.1913263107078493,0.9987906125292189
48314264_1535,48314264,Cc1[nH+]ccn1-c1cncc(N2CCN(CC3CCCC3)C(=O)C2)n1,1,0.29577464788732394,0.9990620601350096,0.9997351252770984
32172391_834,32172391,CC(C)c1nnc(CN2CCN(c3nccs3)CC2)o1,1,0.5576923076923077,1.6429528295116194,0.9993027884283405
32176610_1656,32176610,O=c1ncn2nc(Sc3ccc(F)cc3F)ccc2c1-c1c(Cl)cccc1Cl,1,0.23684210526315788,1.8122138394792402,0.9977364340219395
23280366_2136,23280366,COc1ccc(CC(=O)N2CCc3[nH]c4ccc(Cl)cc4c3C2)cc1OC,1,0.4657534246575342,1.8081755998791722,0.9990572685945076
205729574_3643,205729574,O=S(=O)(c1ccccc1Cl)N1CCCc2c[nH+]c(N3CCOCC3)nc21,1,0.6507936507936508,2.212407060194679,0.9983926881667152
205729574_3642,205729574,O=S(=O)(c1ccccc1Cl)N1CCCc2cnc(N3CCOCC3)nc21,1,0.6451612903225806,2.423632810472842,0.9967318563004336
49960790_3177,49960790,CC1(C)CCCN1C(=O)c1c(F)cc(C#N)cc1F,1,0.34328358208955223,1.6568596802384739,0.997752975828826
496510_129,496510,Cc1cnc(C(=O)NCCc2ccc(S(=O)(=O)NC(=O)NC3CCCCC3)cc2)cn1,1,0.5857142857142857,2.8168228556306416,0.9973509448345593
496510_128,496510,Cc1cnc(C(=O)NCCc2ccc(S(=O)(=O)/N=C(/[O-])NC3CCCCC3)cc2)cn1,1,0.5972222222222222,3.246441744433353,0.9959880592911471
48337566_997,48337566,CN1CCCN(c2nc(C(F)(F)F)nc3cc4c(cc23)OCO4)CC1,1,0.2463768115942029,1.119800875155641,0.9992439393012833
48337566_996,48337566,C[N@H+]1CCCN(c2nc(C(F)(F)F)nc3cc4c(cc23)OCO4)CC1,1,0.3194444444444444,1.8331361106039483,0.9988963488665479
LN00194655_3012,LN00194655,C=C1C[C@@H]2[C@H](CC[C@]3(C)C(=O)CC[C@@H]23)[C@@]2(C)C=CC(=O)C=C12,1,0.25,5.214259391322868,0.9960723081349654
MCULE-6181763916_1962,MCULE-6181763916,Cc1noc(OCC(=O)N2CCCCCC2)n1,1,0.3888888888888889,1.1695469208200984,0.9994514954876745
348408_3044,348408,Cc1ccc(=O)n(CC2(O)CCN(Cc3cccs3)CC2)n1,1,0.34328358208955223,1.4568658139997617,0.9992614281569222
348408_3043,348408,Cc1ccc(=O)n(C[C@]2(O)CC[N@H+](Cc3cccs3)CC2)n1,1,0.3188405797101449,1.9094713928203233,0.9989329194082182
49149133_726,49149133,CSc1cccc(-c2ccccc2-c2nnc(C)o2)c1,1,0.36363636363636365,1.5006601880505226,0.9983010346615705
49934036_2463,49934036,CC(C)c1cc(N(C)Cc2nnc(C3CC3)[nH]2)n[nH]1,1,0.2777777777777778,2.025042221781143,0.9992894880167671
49934036_2464,49934036,CC(C)c1cc(N(C)Cc2nnc(C3CC3)[nH]2)[nH]n1,1,0.25,1.7897186929792621,0.9992147136597501
43389174_594,43389174,CS(=O)(=O)CCNc1ccc2ccc(F)cc2[nH+]1,1,0.2727272727272727,1.4340327750786637,0.997836854551908
43389174_593,43389174,CS(=O)(=O)CCNc1ccc2ccc(F)cc2n1,1,0.2833333333333333,1.4270984549077776,0.9993663114316857
30599464_3459,30599464,CCn1c(=O)oc2cc(NC(=O)c3ccc(C(C)(C)C)cc3)ccc21,1,0.32857142857142857,2.10350707153503,0.9980184781183221
49383383_3374,49383383,C[C@H](NC(=O)CCC(F)(F)F)C(=O)N[C@@H]1C(=O)N(CCO)c2ncccc2-c2ccccc21,1,0.25609756097560976,2.6647491439153215,0.998901825357315
36308604_311,36308604,O=C(c1ccc2c(c1)OCO2)N1CCC(c2nnc(C3CC3)[nH]2)CC1,1,0.5094339622641509,1.863239651789059,0.9990458636786993
177507264_2656,177507264,COCC1(C(=O)N(C)Cc2ccc3ccccc3n2)CCC1,1,0.3448275862068966,1.280964480382607,0.9995474439921467
36259510_1599,36259510,COCCNc1ncnc2ccsc12,1,0.44,0.5021702898459293,0.9998852607280055
36259510_1600,36259510,COCCNc1nc[nH+]c2ccsc12,1,0.46153846153846156,2.4903188550867683,0.999122945283177
408502_1031,408502,Cc1nc2c(c(N(C)Cc3ccccc3)n1)CCN(Cc1ccccc1)C2,1,0.45614035087719296,1.8129933811242354,0.9992606818371436
408502_1033,408502,Cc1nc(N(C)Cc2ccccc2)c2c([nH+]1)C[N@@H+](Cc1ccccc1)CC2,1,0.4406779661016949,2.874037056128419,0.9969640311898103
408502_1030,408502,Cc1nc2c(c(N(C)Cc3ccccc3)n1)CC[N@@H+](Cc1ccccc1)C2,1,0.4642857142857143,1.556406437920463,0.9986780303045493
408502_1032,408502,Cc1nc(N(C)Cc2ccccc2)c2c([nH+]1)CN(Cc1ccccc1)CC2,1,0.4406779661016949,2.4160475988687353,0.997635957300449
531049_2643,531049,COc1cc([C@@H]2c3cc4c(cc3[C@H](O)[C@H]3COC(=O)[C@@H]23)OCO4)cc(OC)c1OC,1,0.2542372881355932,3.1775038945686602,0.9983681931666257
11882682_2086,11882682,CN(C)c1nc(C[NH+]2CCOCC2)nc2scc(-c3cccs3)c12,1,0.35135135135135137,1.3350524334276777,0.9994651347518341
11882682_2085,11882682,CN(C)c1nc(CN2CCOCC2)nc2scc(-c3cccs3)c12,1,0.38571428571428573,1.568424687384653,0.9992737318615743
207623013_36,207623013,Cc1c(-c2c(F)cc(C(N)=O)c3[nH]c4c(c23)CC[C@H](C(C)(C)O)C4)cccc1-n1c(=O)c2cccc(F)c2n(C)c1=O,1,0.24528301886792453,6.305523055227234,0.9996609723857828
44551318_380,44551318,CON(C)C(=O)c1cc(C)ccc1NS(C)(=O)=O,1,0.58,1.598660689452309,0.9983653938256047
44551318_381,44551318,CON(C)C(=O)c1cc(C)ccc1[N-]S(C)(=O)=O,1,0.58,1.7541470861931658,0.996564716228813
139303_123,139303,CN(C)C(=O)C1(Cc2ccccc2-c2cccc(F)c2)CCN(C(=O)[C@H]2CC=CCC2)CC1,1,0.547945205479452,3.694607286302427,0.9996087285013135
49970070_2275,49970070,CCn1nccc1CNc1ncccn1,1,0.46938775510204084,1.18663726555351,0.9995422608368386
44384801_170,44384801,CCC[N-]S(=O)(=O)/N=c1/[nH]cnc(OCCOc2ncc(Br)cn2)c1-c1ccc(Br)cc1,1,0.23376623376623376,2.7247998091610905,0.9985255544235352
44384801_168,44384801,CCCNS(=O)(=O)/N=c1\nc[nH]c(OCCOc2ncc(Br)cn2)c1-c1ccc(Br)cc1,1,0.2236842105263158,3.559317209802957,0.9975518880977848
44384801_169,44384801,CCCNS(=O)(=O)/N=c1\[nH]cnc(OCCOc2ncc(Br)cn2)c1-c1ccc(Br)cc1,1,0.22666666666666666,3.4198384464762746,0.9969023542645228
44384801_171,44384801,CCC[N-]S(=O)(=O)/N=c1/nc[nH]c(OCCOc2ncc(Br)cn2)c1-c1ccc(Br)cc1,1,0.2236842105263158,2.9348965910233993,0.9986409258343459
32071082_478,32071082,Cc1cccc(NC(=O)c2cccnc2N2CCCCC2)[nH+]1,1,0.41935483870967744,1.583996843430879,0.9992375290860026
32071082_477,32071082,Cc1cccc(NC(=O)c2cccnc2N2CCCCC2)n1,1,0.42592592592592593,1.6201157366066334,0.9992109009887483
14858512_934,14858512,N#Cc1ccc[nH+]c1NCCc1ccc(F)cc1,1,0.5,1.2163913843825507,0.997760797859415
14858512_933,14858512,N#Cc1cccnc1NCCc1ccc(F)cc1,1,0.509090909090909,1.3898089796801874,0.9992901727763429
43805996_327,43805996,CCc1nnc(NC(=O)Cc2cccc(F)c2)s1,1,0.48148148148148145,1.2517200166170184,0.9994029371610221
23728018_1295,23728018,Cc1ccc(C(=O)NCC#Cc2ccccc2)cn1,1,0.5208333333333334,1.1020263154752048,0.9991460501748662
412756_3588,412756,COc1ccc(-c2nnc3nn(C)c(=O)n3c2-c2ccc(OC)cc2)cc1,1,0.31666666666666665,1.342008196696055,0.9987209644803577
32378112_1327,32378112,O=C(NCC1=CCC[N@@H+](Cc2cc(F)ccc2Cl)C1)c1ccco1,1,0.4266666666666667,2.655029001725179,0.9986476472052427
32378112_1328,32378112,O=C(NCC1=CCCN(Cc2cc(F)ccc2Cl)C1)c1ccco1,1,0.42105263157894735,1.9404396409063311,0.9979213093590327
32180530_398,32180530,CCCCOc1ccc(C(=O)NCc2cc(C)on2)cc1,1,0.373134328358209,1.6523958363539208,0.9984418421036477
53839506_2596,53839506,CSC1(CNC(=O)N2CCC=C(c3ccccc3)C2)CCOCC1,1,0.3283582089552239,2.0596111283441765,0.9997545772638785
73019382_3235,73019382,C[NH+](C)C1(CNC(=O)N2CCC=C(c3ccccc3)C2)CCOCC1,1,0.5084745762711864,1.9555431470564555,0.9987247544741855
29601204_1200,29601204,CCCNC(=O)c1ccnc(N(C)C)c1,1,0.5111111111111111,0.7350387744877058,0.9993254346358872
49979686_3224,49979686,Cc1ccnc(N2CC(O)(c3ccc(F)cc3)C2)c1C#N,1,0.4262295081967213,1.1932887328718174,0.9988550535072209
24093551_1319,24093551,Cc1cccc(NC(=O)c2ccccc2-c2ccccc2)n1,1,0.5333333333333333,0.32998939376769454,0.9998599663966066
24093551_1320,24093551,Cc1cccc(NC(=O)c2ccccc2-c2ccccc2)[nH+]1,1,0.5217391304347826,1.1795634785805615,0.9988547852082635
73044938_2433,73044938,NC(=O)C[N@H+]1CC[C@H](COc2ccccc2C(F)(F)F)CC1,1,0.36363636363636365,2.187507028560126,0.9967342782268965
73044938_2434,73044938,NC(=O)CN1CCC(COc2ccccc2C(F)(F)F)CC1,1,0.35185185185185186,2.5500709794043757,0.9960711659026433
1543632_1817,1543632,CCOc1ccc(C(=O)Nc2cc(C(=O)OC)ccc2N2CCN(C(C)=O)CC2)cc1,1,0.45614035087719296,1.8044162490951121,0.9990419278061182
82702441_2442,82702441,CC1(C)CC(CC(=O)NCCn2ccnn2)CC(C)(C)[NH2+]1,1,0.4807692307692308,1.9150697115251012,0.998629625016617
7683299_3527,7683299,COc1ccccc1N1CCN(c2nc(-c3ccc(C)cc3)cc(=O)[nH]2)CC1,1,0.3013698630136986,1.9193829737704486,0.9991893373859204
4759628_3564,4759628,COc1ccccc1N1CCN(c2nc(=O)cc(-c3ccc(F)cc3)[nH]2)CC1,1,0.3150684931506849,1.2536299294448072,0.9991268913602654
7683299_3526,7683299,COc1ccccc1N1CCN(c2nc(=O)cc(-c3ccc(C)cc3)[nH]2)CC1,1,0.3013698630136986,1.737129816680367,0.9994028251343479
4759628_3565,4759628,COc1ccccc1N1CCN(c2nc(-c3ccc(F)cc3)cc(=O)[nH]2)CC1,1,0.3150684931506849,1.8008928341241248,0.9989579419577884
232900428_3086,232900428,COCC(=O)Nc1ccc(NC(=O)Cc2cc(C)ccc2C)cc1,1,0.43137254901960786,2.103728594662185,0.9979103333090897
49008924_3184,49008924,CN(CC1CCC1)C(=O)C1CCN(c2ccc3nncn3n2)CC1,1,0.546875,1.833502658847412,0.9985247570104704
49934120_3226,49934120,OCC1CN(c2nc3cc(F)ccc3o2)C1,1,0.3508771929824561,1.5388424220824701,0.9991195725885643
134995_937,134995,CCn1c(C)[nH+]c2cc(NC(=O)c3ccc(=O)n(CC(=O)N4CCCCC4)c3)ccc21,1,0.3235294117647059,2.3071577752725303,0.9991417807064646
134995_936,134995,CCn1c(C)nc2cc(NC(=O)c3ccc(=O)n(CC(=O)N4CCCCC4)c3)ccc21,1,0.3235294117647059,3.374919110141957,0.9977879917121695
177465521_2328,177465521,Cc1ccc(-c2ccc(N(C)CCO)nn2)c(-n2cccn2)c1,1,0.323943661971831,1.564350024770954,0.9992256407415202
31357352_1529,31357352,O=C(CCc1ccc2c(c1)OCO2)Nc1cccc2cnccc12,1,0.515625,1.1849569612435602,0.9992522830589269
36790963_1846,36790963,Cc1ccnc(Oc2cc(N)ccc2C)c1,1,0.37777777777777777,1.3554578562241304,0.9991806360328441
414840_2613,414840,Cc1cc(C(=O)N2CCC(C(=O)c3ccnn3C)CC2)sc1C,1,0.3194444444444444,1.5038380896891024,0.9990274893204591
152925_1019,152925,NC(=O)C[N@H+]1CC[C@@H](Oc2cccc(F)c2)CC1,1,0.5272727272727272,2.080697479212264,0.9970719512797028
152925_1018,152925,NC(=O)CN1CCC(Oc2cccc(F)c2)CC1,1,0.5178571428571429,1.5817123632316867,0.9958046881058334
152939_687,152939,Cc1cccc(O[C@H]2CC[N@H+](CC(N)=O)CC2)c1,1,0.3787878787878788,2.2038382427029024,0.9975138619300427
152939_686,152939,Cc1cccc(OC2CCN(CC(N)=O)CC2)c1,1,0.421875,1.840811505831095,0.9975815201067885
49155634_2175,49155634,COCC1(c2nc(-c3ccncc3)nn2Cc2cccc(Cl)c2)CC1,1,0.2716049382716049,1.1888687900687556,0.9988941974234372
49155634_2176,49155634,COCC1(c2[nH+]c(-c3ccncc3)nn2Cc2cccc(Cl)c2)CC1,1,0.2839506172839506,2.0528095381695204,0.9979456372724886
42923335_375,42923335,Cc1cc(NC(=O)C2CCOCC2)sn1,1,0.375,1.017687083538154,0.9996584491662287
56766469_669,56766469,CCOc1ccc(C(=O)Nc2cnn(C3CCOCC3)c2)cn1,1,0.3333333333333333,2.4306295480791973,0.9990823600897054
56767825_2192,56767825,Cn1cc(NC(=O)c2ccc(OCC3CCOCC3)nc2)cn1,1,0.38095238095238093,2.039995833329345,0.9991762353175234
24024401_1764,24024401,O=C(Nn1c[nH+]c2ccccc21)c1c2c(nc3ccccc13)CCC2,1,0.5,1.2678458108152268,0.9992958094766033
24024401_1763,24024401,O=C(Nn1cnc2ccccc21)c1c2c(nc3ccccc13)CCC2,1,0.5517241379310345,1.2837336172272265,0.999771228519869
177394614_3061,177394614,Cc1cc(C(=O)N(C)C[C@H]2CC[N@@H+](CCO)CC2)cc(C)[nH+]1,1,0.5,2.320878497466166,0.9975588891002287
177394614_3060,177394614,Cc1cc(C(=O)N(C)C[C@H]2CC[N@H+](CCO)CC2)cc(C)n1,1,0.5,1.881771771496064,0.9987544151737343
36925778_738,36925778,O=C(c1noc2c1CCCC2)N1CCN(c2ncccn2)CC1,1,0.4339622641509434,1.4288603850622537,0.9993015823250619
31325002_1027,31325002,Cc1ccccc1CC(=O)N1CCN(C(=O)c2ccccc2)CC1,1,0.4,1.5620681803299203,0.9992189825807118
49067788_3351,49067788,CCN(CC)CC(=O)Nc1ccc(Oc2ccc(C)nn2)cc1,1,0.45652173913043476,1.6368045087913712,0.9986671783927908
49067788_3350,49067788,CC[NH+](CC)CC(=O)Nc1ccc(Oc2ccc(C)nn2)cc1,1,0.45652173913043476,1.6994569720942507,0.9984055586118685
44426195_1678,44426195,Cc1cc(C(=O)NCCC2=CSC3=[NH+]CCCN23)c2cccc(C)c2n1,1,0.31645569620253167,1.675235505831709,0.9994600460825712
44426195_1679,44426195,Cc1cc(C(=O)NCCC2=CSC3=NCCCN23)c2cccc(C)c2n1,1,0.3108108108108108,1.972836283121323,0.9993975336367015
43267241_407,43267241,O=C(CN1CCC[C@@H](c2ccc3cn[nH]c3[nH+]2)C1)N1CCCC1,1,0.5076923076923077,2.8316528742061293,0.997651737262356
43267241_406,43267241,O=C(C[N@H+]1CCC[C@@H](c2ccc3cn[nH]c3n2)C1)N1CCCC1,1,0.6190476190476191,2.237280715511693,0.9993912881227026
43267241_405,43267241,O=C(CN1CCC[C@@H](c2ccc3cn[nH]c3n2)C1)N1CCCC1,1,0.6,1.558521093857638,0.9989507430126344
31834534_3062,31834534,Cc1ccc(NC(=O)CN2C(=O)CN(C)C2=O)cc1C,1,0.42424242424242425,2.6859419204443014,0.9952021975492917
33339849_1556,33339849,CCCn1c(=O)n(Cc2ccc(C#N)cc2F)c2ccccc21,1,0.42592592592592593,1.7359357707012675,0.9986903923483602
MCULE-9833651829_3486,MCULE-9833651829,[NH3+][C@H]1CCC[C@@H](C(=O)Nc2ccc3[nH]ncc3c2)C1,1,0.4838709677419355,2.8645202041530244,0.99844345810104
177370206_3344,177370206,Cc1cc(C)n2nc(C)c(C(=O)NCCc3nnc(C)s3)c2n1,1,0.5714285714285714,1.7892576673024512,0.9992278385650535
44566730_519,44566730,CCc1nnnn1Cc1noc2c1CCCC2,1,0.46296296296296297,1.1149542591513015,0.9990243269359184
49948650_2427,49948650,CN(Cc1ccc(N)nc1)c1nc(C(F)(F)F)cs1,1,0.5,1.7392481134101636,0.9980183843605652
49948650_2428,49948650,CN(Cc1ccc(N)[nH+]c1)c1nc(C(F)(F)F)cs1,1,0.5106382978723404,1.3389566833916802,0.9987126536697115
177485348_2597,177485348,O=C(CN1CCCC1=O)NCC1(CO)CCCC1,1,0.4528301886792453,1.2757672201459551,0.9988728409765728
44424625_621,44424625,Cc1ccc(-c2ccc(-c3nccn3CCCn3cnnc3)o2)cc1,1,0.3387096774193548,1.6661275461382552,0.9990694490376142
44424625_620,44424625,Cc1ccc(-c2ccc(-c3[nH+]ccn3CCCn3cnnc3)o2)cc1,1,0.359375,2.541968135126544,0.9983363931429792
32437102_815,32437102,COCc1cc(-c2nnc(CCc3ccccc3)[nH]2)ccc1OC,1,0.3728813559322034,1.094383844909899,0.9990898202184602
136829_2209,136829,O=C(NCc1ccc(F)cc1)C1(Cc2ccc(-c3cccnc3)cc2)CCOCC1,1,0.5454545454545454,2.116352050108908,0.9983800915060651
11813013_1975,11813013,C[C@@H](c1nnc(-c2cccs2)o1)[N@H+]1CC[C@H](n2c(=O)[nH]c3ccccc32)CC1,1,0.4533333333333333,2.52135499285597,0.9994158897899936
11813013_1974,11813013,C[C@@H](c1nnc(-c2cccs2)o1)N1CCC(n2c(=O)[nH]c3ccccc32)CC1,1,0.44594594594594594,2.053641156579439,0.9992485123303357
300445634_2334,300445634,C[NH+](C)CCOc1cc(-c2cn[nH]c2)ccc1NC(=O)[C@@H]1COc2ccccc2O1,1,0.27906976744186046,2.398399466311063,0.9984425741973815
300445634_2335,300445634,CN(C)CCOc1cc(-c2cn[nH]c2)ccc1NC(=O)[C@H]1COc2ccccc2O1,1,0.27058823529411763,2.4239084141111245,0.9983108606539735
177414009_3343,177414009,Cc1nc(-c2ccc(S(=O)(=O)N(C)C)cc2)cc(C(C)C)n1,1,0.46808510638297873,1.5216343187506463,0.998884540253245
30693076_1095,30693076,O=C(NC1CC1)c1cccnc1Oc1ccccc1,1,0.5555555555555556,0.6773278379043898,0.9994828928707776
49307701_818,49307701,Clc1cc2ncc(-n3ccnc3)nc2cc1Cl,1,0.3275862068965517,1.94330903358148,0.9986407460264476
104336645_189,104336645,C[C@H]1CN(C2COC2)CCN1c1ccc(Nc2cc(-c3ccnc(N4CCn5c(cc6c5CC(C)(C)C6)C4=O)c3CO)cn(C)c2=O)nc1,1,0.21296296296296297,10.689831196047917,0.9977410051008732
104336645_188,104336645,C[C@H]1C[N@H+](C2COC2)CCN1c1ccc(Nc2cc(-c3ccnc(N4CCn5c(cc6c5CC(C)(C)C6)C4=O)c3CO)cn(C)c2=O)nc1,1,0.23015873015873015,12.360479683248375,0.9981617610004343
104336645_190,104336645,C[C@H]1C[N@@H+](C2COC2)CCN1c1ccc(Nc2cc(-c3ccnc(N4CCn5c(cc6c5CC(C)(C)C6)C4=O)c3CO)cn(C)c2=O)[nH+]c1,1,0.234375,12.493448843293852,0.9971812042185748
33339330_902,33339330,Cc1ccc2nc(C)c(C(=O)NOCc3ccccc3)cc2c1,1,0.3939393939393939,1.3302774146772272,0.9987415313300152
177386071_3326,177386071,CC(C)C(=O)N1CCn2nc(C[NH2+]C3CCc4ccccc4CC3)cc2C1,1,0.4117647058823529,3.152161163392464,0.998947848360151
194348513_2146,194348513,COc1cc(N2CC[NH+](C)CC2)ccc1Nc1nc2c(c[nH+]1)NC(=O)c1ccccc1N2C,1,0.36363636363636365,2.7072626396415487,0.9984967847560885
194348513_2145,194348513,COc1cc(N2CC[NH+](C)CC2)ccc1Nc1ncc2c(n1)N(C)c1ccccc1C(=O)N2,1,0.45652173913043476,2.6356124525425377,0.999015093897879
299987327_3444,299987327,COc1cc2nc(N3CCN(C(=O)c4ccco4)CC3)nc(N)c2cc1OC,1,0.3150684931506849,2.426779553235118,0.9995835065280766
299987327_3443,299987327,COc1cc2[nH+]c(N3CCN(C(=O)c4ccco4)CC3)nc(N)c2cc1OC,1,0.32926829268292684,2.125582508396148,0.9991901127976598
299987327_3445,299987327,COc1cc2nc(N3CCN(C(=O)c4ccco4)CC3)[nH+]c(N)c2cc1OC,1,0.30666666666666664,2.7580496732291175,0.9988844227016693
32402718_643,32402718,Cc1ccncc1-c1ccc(-c2cc[nH]n2)cc1,1,0.425531914893617,1.9712825774101683,0.997520541399491
32402718_644,32402718,Cc1ccncc1-c1ccc(-c2ccn[nH]2)cc1,1,0.43478260869565216,2.0131430649611026,0.9977874125083889
171813474_2591,171813474,C[C@]1(O)CN(C(=O)Cn2c[nH+]c3ccccc32)CC[C@@H]1Oc1ccccc1,1,0.36619718309859156,1.5062546265487762,0.9990038129235703
171813474_2590,171813474,C[C@]1(O)CN(C(=O)Cn2cnc3ccccc32)CC[C@@H]1Oc1ccccc1,1,0.36619718309859156,2.056288647053268,0.9990875497361134
171813413_3178,171813413,C[C@]1(O)CN(C(=O)Cn2cnc3ccccc3c2=O)CC[C@@H]1Oc1ccccc1,1,0.2891566265060241,2.074846500346576,0.9987558914824554
24121680_295,24121680,Cc1ccccc1CNC(=O)c1ccc(-n2cc[nH+]c2)nc1,1,0.6428571428571429,2.7140967189842358,0.9980189431564165
24121680_294,24121680,Cc1ccccc1CNC(=O)c1ccc(-n2ccnc2)nc1,1,0.6363636363636364,1.8444549330362072,0.9990489324145464
43280049_121,43280049,Cc1ccc(NC(=O)CN2[C@H](Cc3ccccc3)C[C@]3(C)NC(=O)CCC[C@H]23)cc1F,1,0.3146067415730337,2.784638217076137,0.9994028259217386
43278877_116,43278877,Cc1c(F)cccc1NC(=O)C[N@@H+]1[C@H](Cc2ccccc2)C[C@]2(C)NC(=O)CCC[C@H]12,1,0.28735632183908044,3.3346789950456994,0.9995525824656618
43278877_115,43278877,Cc1c(F)cccc1NC(=O)CN1[C@H](Cc2ccccc2)C[C@]2(C)NC(=O)CCC[C@H]12,1,0.3157894736842105,3.6653129470757246,0.9993743240278496
43280049_122,43280049,Cc1ccc(NC(=O)C[N@@H+]2[C@H](Cc3ccccc3)C[C@]3(C)NC(=O)CCC[C@H]23)cc1F,1,0.32222222222222224,2.7230343369114975,0.998869701011156
207921_670,207921,Cc1nc(=O)cc(C2CCN(c3cnccn3)CC2)[nH]1,1,0.34285714285714286,1.6724673389929552,0.9993478717692862
73039342_2766,73039342,CC(=O)c1ccc2c(c1)CC[N@@H+](CCC1OCCO1)CC2,1,0.5769230769230769,1.99277545147464,0.9993397001552893
37022061_1325,37022061,COc1cc(F)c(NCC(=O)Nc2ccc(C)cc2)cc1OC,1,0.3559322033898305,1.8210831941458239,0.9974505702686712
2057338_204,2057338,c1ccc(-c2ccc(C[NH+]3CCCCCCC3)cc2)cc1,1,0.5641025641025641,3.0469680011447933,0.9965076553315754
53752266_2453,53752266,O=c1c2ccccc2cnn1Cc1cccc(OCC(F)(F)F)c1,1,0.43103448275862066,1.211652177813391,0.9994790588488615
30194144_3199,30194144,COc1ccccc1C(=O)CSc1nncn1C1CC1,1,0.3055555555555556,1.9898045130113193,0.9983463902087175
232847546_2684,232847546,CCCc1cc(C(=O)Nc2ccc(-c3nnc(C)[nH]3)cc2)no1,1,0.46774193548387094,1.2764677825934234,0.9993991763258209
13484208_1146,13484208,Cc1ccc2c(CC(=O)N(C)Cc3nnc4n3CCC4)coc2c1C,1,0.4057971014492754,1.8732434438697625,0.999483388637216
49911406_2690,49911406,Cc1cc(C)c(NC(=O)CN(C)c2ccc(C#N)nc2)c(C)c1,1,0.35384615384615387,1.725850514963536,0.9994079656680221
232887473_3257,232887473,Clc1cccc(Cl)c1Cc1nnc(CCCn2cccn2)[nH]1,1,0.31343283582089554,0.9644806892841947,0.9995227296013613
31609908_1702,31609908,C=C(C)COc1cccc(C(=O)NCc2nncn2C2CCCCC2)c1,1,0.37142857142857144,2.023409993056284,0.9989090279988083
32015702_1119,32015702,CC(=O)N1CCCN(C(=O)Nc2ccc(N(C)C3CCCCC3)c(F)c2)CC1,1,0.38461538461538464,1.9559373711851995,0.9992270578295149
49961770_2754,49961770,Cc1ccc(-n2cc(C)cn2)c(NC(=O)CN(C)C)c1,1,0.3333333333333333,0.5361939947445573,0.9997750686355816
49961770_2755,49961770,Cc1ccc(-n2cc(C)cn2)c(NC(=O)C[NH+](C)C)c1,1,0.3333333333333333,1.5698827981731511,0.9989871716301582
36705292_1861,36705292,CCN(CC)C(=O)N1CCCN(C(=O)N(CC)CC)CC1,1,0.5625,2.0446444678721565,0.9985294022085386
36435318_1729,36435318,Cc1nnc(-c2ccccc2-c2ccc([O-])cc2)s1,1,0.35185185185185186,0.757083218675496,0.9991857004948524
36435318_1728,36435318,Cc1nnc(-c2ccccc2-c2ccc(O)cc2)s1,1,0.37735849056603776,1.4096786867934292,0.9979093971959495
23971521_697,23971521,Cc1cccc(C(=O)NCC#Cc2ccccc2)n1,1,0.5319148936170213,1.240653053839054,0.9985575207046522
300481375_2388,300481375,Fc1cc(Br)ccc1CNCc1cccc[nH+]1,1,0.3392857142857143,1.6042571489631,0.9967790519596752
300481375_2386,300481375,Fc1cc(Br)ccc1CNCc1ccccn1,1,0.42857142857142855,1.3597676272067807,0.9984623821156502
300481375_2387,300481375,Fc1cc(Br)ccc1C[NH2+]Cc1ccccn1,1,0.42857142857142855,1.3843706151172817,0.998713040160004
15280962_1779,15280962,Cc1ccc(C)c(OCC(=O)N2CCC(C(=O)Nc3ccccc3)CC2)c1,1,0.4264705882352941,0.997326927341313,0.9995123971172452
82730349_2357,82730349,COc1ccc(-c2nn(C)c3ccccc23)c(OC)c1OC,1,0.46511627906976744,1.5779337755431893,0.9994708765021162
317744209_98,317744209,C=CC(=O)Nc1cccc(Oc2nc(Nc3ccc(N4CC[NH+](C)CC4)cc3)nc3ccoc23)c1,1,0.5681818181818182,2.815858483659889,0.9985923679293546
75542235_40,75542235,C=CC(=O)Nc1cccc(Oc2nc(Nc3ccc(N4CC[NH+](C)CC4)cc3)nc3ccsc23)c1,1,0.5681818181818182,2.1614728774612653,0.999105551917994
75542235_41,75542235,C=CC(=O)Nc1cccc(Oc2nc(Nc3ccc(N4CCN(C)CC4)cc3)nc3ccsc23)c1,1,0.4725274725274725,3.0529736323790093,0.998795378738471
317744209_99,317744209,C=CC(=O)Nc1cccc(Oc2nc(Nc3ccc(N4CCN(C)CC4)cc3)nc3ccoc23)c1,1,0.46236559139784944,3.6695800849687443,0.9982522510697397
30666181_1305,30666181,Cc1oc(C)c(C(=O)N(C)Cc2ccccc2N2CCOCC2)c1C,1,0.4142857142857143,1.9807412753816194,0.99883936278994
33340599_938,33340599,Cc1nn(C)c(C)c1C(=O)NCc1ccccc1,1,0.39215686274509803,1.0913340460184418,0.9990218497403328
30000529_1088,30000529,CN(Cc1nc(N)c2ccccc2n1)Cc1ccc(F)cc1F,1,0.3125,1.4032305583901825,0.9978522764193936
30000529_1089,30000529,CN(Cc1nc(=[NH2+])c2ccccc2[nH]1)Cc1ccc(F)cc1F,1,0.36764705882352944,1.0363131766019045,0.9992172309166278
30000529_1090,30000529,C[N@H+](Cc1nc(N)c2ccccc2n1)Cc1ccc(F)cc1F,1,0.26865671641791045,1.6495744905889198,0.9985752081963134
13331036_357,13331036,CC(C)(C)c1csc(NC(=O)C2CC2)n1,1,0.4339622641509434,1.1376093354046541,0.9987560419161539
48638440_1849,48638440,Cc1ccccc1COC1CN(C(=O)Cn2c(=O)[nH]c3ccccc32)C1,1,0.5862068965517241,1.7546221815538918,0.9991907299239634
1308759_2680,1308759,N#Cc1ccccc1NC(=O)CCc1ccccc1,1,0.44680851063829785,1.9136143812168511,0.998766652575757
265767_2459,265767,Cc1cc(/N=c2\[nH]nc(C)s2)cc([C@@H]2CN(C(=O)c3c(C(C)C)noc3C)CCO2)n1,1,0.6025641025641025,2.847274135027906,0.9992874774408542
265767_2457,265767,Cc1cc(Nc2nnc(C)s2)cc([C@H]2CN(C(=O)c3c(C(C)C)noc3C)CCO2)n1,1,0.5921052631578947,2.097052932092722,0.999208808997923
265767_2458,265767,Cc1cc(Nc2nnc(C)s2)cc([C@@H]2CN(C(=O)c3c(C(C)C)noc3C)CCO2)[nH+]1,1,0.5897435897435898,2.6493276505562875,0.9990324012958364
49297145_1391,49297145,CN(C(=O)c1cncc(F)c1)c1cccc2ncccc12,1,0.35,1.273777845622779,0.9994414445928135
38281327_3149,38281327,O=C([O-])Cc1ccc(Oc2ccncc2)cc1,1,0.38095238095238093,1.6453771604104037,0.9975227290855996
44457145_1951,44457145,CNC(=O)c1ccccc1Nc1nc(Nc2ccc(N3CCOCC3)cc2OC)ncc1Cl,1,0.4772727272727273,2.1484315209010156,0.9989685591983343
38477365_2397,38477365,Cc1ccc(C[NH3+])c(-n2cc(Cl)cn2)n1,1,0.2631578947368421,2.1619061034194615,0.9985226000659014
38477365_2398,38477365,Cc1ccc(CN)c(-n2cc(Cl)cn2)n1,1,0.2631578947368421,1.9545168200860707,0.9997457384656664
300566847_3141,300566847,CCN(CC)C(=O)c1ccc(C2=CC3(CC[NH2+]CC3)Oc3cccc(O)c32)cc1,1,0.31666666666666665,1.5414194756781952,0.9990974920388818
300566847_3142,300566847,CCN(CC)C(=O)c1ccc(C2=CC3(CC[NH2+]CC3)Oc3cccc([O-])c32)cc1,1,0.3114754098360656,3.7671591418468626,0.9972193417273808
13482608_3052,13482608,COc1ccc2cc(C(=O)NCc3nnc4n3CCCCC4)ccc2c1,1,0.484375,1.9114981035826875,0.9986434937133916
1556512_1982,1556512,Nc1ccc2c(c1)[nH+]cn2CCc1ccccc1,1,0.3958333333333333,1.7760563054137388,0.997188364474328
1556512_1981,1556512,Nc1ccc2c(c1)ncn2CCc1ccccc1,1,0.425531914893617,1.5034550209433342,0.99920825842579
20436461_2599,20436461,CCCc1noc(CN2CCN(c3ccccc3OC)CC2)n1,1,0.3870967741935484,1.6919252347549305,0.9995617007055804
31348116_3537,31348116,Fc1cccc(Cn2nnc(-c3ccccc3)n2)c1F,1,0.5813953488372093,1.8798148845032965,0.9970191443768874
24889188_2098,24889188,Cc1ccc2c(c1)C(=O)CC1(CCN(C(=O)c3ccc4[nH]c(C)cc(=O)c4c3)CC1)O2,1,0.3561643835616438,2.1302539754685594,0.9979995081407641
46622380_1681,46622380,CN(C)c1cnn(CCC(C#N)(c2ccccc2)c2ccccc2)c(=O)c1,1,0.2698412698412698,1.727795994901976,0.9991988337634524
1545812_3562,1545812,Cc1cc(C)c(S(=O)(=O)[N-]c2ccc3c(c2)OCO3)c(C)c1-n1cnnn1,1,0.35135135135135137,1.9243830180084585,0.9970971805034151
1545812_3561,1545812,Cc1cc(C)c(S(=O)(=O)Nc2ccc3c(c2)OCO3)c(C)c1-n1cnnn1,1,0.3466666666666667,2.1747015887244348,0.9987873777908898
1553046_1530,1553046,Cc1cc(C)c(S(=O)(=O)Nc2ccc(N(C)C)cc2)c(C)c1-n1cnnn1,1,0.3548387096774194,2.023109982180766,0.9971895446039426
32441825_498,32441825,CN(C)C(=O)COc1ccc(N)c(F)c1,1,0.3220338983050847,1.0109574669588601,0.9987628595943174
37009919_1389,37009919,O=C(NC1CCN(c2ccc(OC(F)(F)F)cc2)CC1)N1CCC1,1,0.45161290322580644,1.6579511452389541,0.997983978689529
232872526_3188,232872526,Cc1cc(C(=O)NCC2CCN(c3ccc4ccccc4[nH+]3)CC2)cnc1C,1,0.391304347826087,2.2569738589533186,0.999453957276922
232872526_3189,232872526,Cc1cc(C(=O)NCC2CCN(c3ccc4ccccc4n3)CC2)cnc1C,1,0.40298507462686567,2.033898473375873,0.9988264297970647
32126735_833,32126735,N#Cc1cc(F)c(N2CCN(CCO)CC2)c(F)c1,1,0.3333333333333333,1.4965777627640338,0.9969310960880825
32126735_832,32126735,N#Cc1cc(F)c(N2CC[NH+](CCO)CC2)c(F)c1,1,0.35714285714285715,1.9342305963870088,0.9984285720617194
306110_3432,306110,O=c1c2ccccc2nc2n1CCN(Cc1ccc(F)cc1)CC2,1,0.4918032786885246,1.8977244267807103,0.9987323086289159
306110_3431,306110,O=c1c2ccccc2nc2n1CC[N@@H+](Cc1ccc(F)cc1)CC2,1,0.5,1.7154378449831202,0.9996039773459959
409118_2431,409118,Cn1cc(CN2CCc3nc4ccccc4c(=O)n3CC2)cn1,1,0.4,1.9693887376541266,0.9996116597840022
409118_2430,409118,Cn1cc(C[N@H+]2CCc3nc4ccccc4c(=O)n3CC2)cn1,1,0.4032258064516129,1.6768413759203575,0.9990928746810945
306110_3433,306110,O=c1c2ccccc2[nH+]c2n1CCN(Cc1ccc(F)cc1)CC2,1,0.3188405797101449,1.6933747370265995,0.9993790740350051
323986453_2880,323986453,O=C(Nc1cn(CCOCC(F)(F)F)nc1-c1ccccn1)c1coc(-c2cn[nH]c2)n1,1,0.29473684210526313,4.419087688652781,0.9981955810825159
208359_1580,208359,CNC(=O)c1cc([C@H]2CC[N@H+](C)CC2)ncn1,1,0.34615384615384615,1.861080600081665,0.9989814816540699
32278040_437,32278040,CCCCC1=[NH+]C2(CCCC2)C(=O)N1Cc1ccc(-c2ccccc2-c2nnn[n-]2)cc1,1,0.25,3.0220120780699196,0.9961233317063803
32278040_436,32278040,CCCCC1=NC2(CCCC2)C(=O)N1Cc1ccc(-c2ccccc2-c2nnn[n-]2)cc1,1,0.25925925925925924,3.1350015948956824,0.9971185786673596
901986_2002,901986,CCCCC1=[NH+]C2(CCCC2)C(=O)N1Cc1ccc(-c2ccccc2-c2nnn[n-]2)cc1,1,0.25,2.910051030480488,0.9962036051598553
901986_2001,901986,CCCCC1=NC2(CCCC2)C(=O)N1Cc1ccc(-c2ccccc2-c2nnn[n-]2)cc1,1,0.25925925925925924,3.1013842070917135,0.9970458728186293
171948518_3427,171948518,Cc1ccc(Cl)c(OC[C@@]2(O)CN(C3CCC3)CC[C@@H]2O)c1,1,0.3888888888888889,3.1718999038432543,0.9959151477913413
171948518_3426,171948518,Cc1ccc(Cl)c(OC[C@@]2(O)C[N@@H+](C3CCC3)CC[C@@H]2O)c1,1,0.39436619718309857,1.8643628938590078,0.9991601736853918
316271501_2489,316271501,CCC(CC)[N@H+]1CC[C@H](O)[C@@](O)(COc2cc(C)ccc2Cl)C1,1,0.3835616438356164,3.1420561739091286,0.9983953522119209
316272522_3251,316272522,Cc1ccc(Cl)c(OC[C@@]2(O)C[N@H+](C3CCCC3)CC[C@@H]2O)c1,1,0.39436619718309857,2.720721779234371,0.9981940874833826
177418075_3083,177418075,COCC(C)(C)C(=O)N1CCCC2(CC[NH2+]CC2)CC1,1,0.31666666666666665,1.99699198796573,0.9984844883026239
Z1227937331_2299,Z1227937331,Cc1nccc(NC(=O)c2ccc(Cl)nc2Cl)n1,1,0.35185185185185186,1.9405836750832228,0.9994748507367102
33324457_336,33324457,CC(C)(C)c1cc(NC(=O)c2cccc3cn[nH]c23)n[nH]1,1,0.3050847457627119,4.004990886381651,0.9988382422406704
33324457_337,33324457,CC(C)(C)c1cc(NC(=O)c2cccc3cn[nH]c23)[nH]n1,1,0.27692307692307694,4.056738961283897,0.9990340047063321
36356154_1181,36356154,COc1ccnc(N2CC(n3nc(C)cc3C)C2)n1,1,0.2727272727272727,1.207352061330813,0.9990782450583143
150731_1601,150731,O=C(c1ccccn1)N1CCC[C@H](c2cccc(-c3cccc(Cl)c3)n2)C1,1,0.639344262295082,1.5726143837573339,0.9989194212265938
150731_1602,150731,O=C(c1ccccn1)N1CCC[C@@H](c2cccc(-c3cccc(Cl)c3)[nH+]2)C1,1,0.6451612903225806,1.5556230263145177,0.9987762565623328
151551_772,151551,Cn1ccc(C(=O)N2CCC[C@H](c3cccc(-c4cccc(Cl)c4)n3)C2)n1,1,0.6190476190476191,1.9551393812206659,0.998804524932282
151551_773,151551,Cn1ccc(C(=O)N2CCC[C@@H](c3cccc(-c4cccc(Cl)c4)[nH+]3)C2)n1,1,0.6153846153846154,2.6572922308244284,0.9978838628742372
150563_316,150563,O=C(c1cccnc1)N1CCC[C@@H](c2cccc(-c3cccc(Cl)c3)n2)C1,1,0.6290322580645161,1.655074016471987,0.9984712603774671
150563_317,150563,O=C(c1cccnc1)N1CCC[C@H](c2cccc(-c3cccc(Cl)c3)[nH+]2)C1,1,0.625,1.329558949426391,0.9986205925207853
222599_1373,222599,c1cc2cc[nH+]c(C[C@H]3C[N@H+](C4CCCC4)C3)c2[nH]1,1,0.30357142857142855,3.074174360702403,0.9987319830677119
222599_1372,222599,c1cc2cc[nH]c2c(C[C@H]2C[N@H+](C3CCCC3)C2)n1,1,0.35185185185185186,1.9420355300559842,0.9987655103224504
2873705_1274,2873705,Cc1ccccc1-n1nc(C(C)(C)C)cc1N,1,0.4090909090909091,1.2833869252877104,0.9993061239273503
48765718_2380,48765718,C#CCOc1ccc(OC)cc1C(N)=O,1,0.3508771929824561,1.3302371968938047,0.9970933194427647
31603444_1725,31603444,O=C(CCn1cncn1)N(CC#Cc1ccccc1)C1CCCC1,1,0.2857142857142857,2.1053565018778038,0.9982095486258586
MCULE-7418747203_3148,MCULE-7418747203,Cc1noc(C)c1CSC(N)=[N+]1CCOCC1,1,0.2786885245901639,1.2375116161067479,0.9989797902725506
48304378_304,48304378,Cc1cc(OCc2ncc(C(C)(C)C)o2)nn1C,1,0.3076923076923077,1.5093932555835303,0.9994759979651374
18867454_967,18867454,COc1ccc(-c2nc(CC(N)=O)sc2C)cc1,1,0.5869565217391305,1.447094675548457,0.9996824680161406
23995487_916,23995487,Cc1cc(C)n(-c2ccc(C(=O)NCc3cccnc3)cc2)n1,1,0.5087719298245614,1.5739031101053933,0.9994419435853819
202517_94,202517,Cc1ncsc1C(=O)N1CCCC[C@@H]1c1nc(N)ncc1-c1cccc(C(F)(F)F)c1,1,0.6282051282051282,2.9595457421705995,0.999282342088425
202119_48,202119,Nc1ncc(-c2cccc(C(F)(F)F)c2)c([C@@H]2CCCCN2C(=O)c2ccccc2)n1,1,0.6081081081081081,2.8566653636712624,0.998617809448202
49681766_1618,49681766,CCNC(=O)c1ccc(-c2cc(C)cc(OC)c2OC)nc1,1,0.32727272727272727,1.3725130236179268,0.9982391071082705
25670537_2201,25670537,O=C(c1ccccc1-c1ncc(-c2ccccc2F)o1)N1CCC1,1,0.3492063492063492,1.4632146117366867,0.9987085708829401
152907_1218,152907,CC(C)[N@H+]1CC[C@](O)(c2ccccc2F)CC1,1,0.29508196721311475,1.4063701504229462,0.9993707125591285
312262_3669,312262,CCOc1ccc(C(=O)Cn2c(=O)n(-c3ccc(F)cc3)c3nc(C)nc(C(N)=O)c32)cc1,1,0.6376811594202898,2.3867865426132764,0.9990511066120771
19625558_386,19625558,CCN(C(=O)CN1CCNC(=O)C1)c1ccc(F)cc1,1,0.45098039215686275,1.7021363047652784,0.998785309812899
877481_2888,877481,Clc1ccc2c(c1)CCc1cccnc1C2=C1CC[NH2+]CC1,1,0.55,1.9832639763784334,0.9979497401856833
31213616_2106,31213616,Cc1noc(-c2ccc(NC(=O)Cc3ccccc3)cc2)n1,1,0.4444444444444444,1.4785161480348215,0.9992955669613175
222778471_2843,222778471,Cc1n[nH]c(C)c1CCCN(C)c1cncc(C(=O)N(C)C)n1,1,0.4745762711864407,2.23313725507481,0.9988907378437499
30190454_1334,30190454,NC(=O)C1CCN(C(=O)CCc2ccc(Cl)cc2)CC1,1,0.40298507462686567,1.5690831717917284,0.9975219498224491
395728_3292,395728,Cc1ccc(-c2cnn3c(=O)cc(Cn4cccn4)[nH]c23)cc1,1,0.373134328358209,2.3113054752669466,0.9991064377664888
35701590_269,35701590,CC[N@H+]1CC[C@H](N(C)c2ncnc3c2cnn3C)CC1,1,0.5961538461538461,2.096214206611624,0.9994489712362634
35701590_270,35701590,CC[N@H+]1CC[C@H](N(C)c2[nH+]cnc3c2cnn3C)CC1,1,0.6111111111111112,2.238853947893525,0.9983814821966885
9879245_1117,9879245,COc1ccc(NC(=O)c2snnc2C)c(OC)c1,1,0.3770491803278688,1.3430900937762331,0.9995721009970524
43081435_1722,43081435,COc1ccc(-c2[nH+]c3cc(C)ccc3cc2CN(C)Cc2nccn2C)cc1,1,0.39436619718309857,2.2143676298209205,0.9984048942751965
43081435_1721,43081435,COc1ccc(-c2nc3cc(C)ccc3cc2CN(C)Cc2[nH+]ccn2C)cc1,1,0.39705882352941174,1.9108715289105425,0.9991350902150032
43081435_1720,43081435,COc1ccc(-c2nc3cc(C)ccc3cc2C[N@@H+](C)Cc2nccn2C)cc1,1,0.3287671232876712,1.6740916940241002,0.9986289026669415
43081435_1719,43081435,COc1ccc(-c2nc3cc(C)ccc3cc2CN(C)Cc2nccn2C)cc1,1,0.4057971014492754,1.8814350905629185,0.9990736679909961
1392865_3359,1392865,CCc1sc(N)nc1-c1ccc(OC)cc1,1,0.3877551020408163,0.8226992159957278,0.9991484764631221
316756775_29,316756775,CNC(=O)c1nnc(NC(=O)C2CC2)cc1Nc1cccc(-c2nn(C)c[nH+]2)c1OC,1,0.2823529411764706,2.7758982330047197,0.9982389060645785
316756775_28,316756775,CNC(=O)c1nnc(NC(=O)C2CC2)cc1Nc1cccc(-c2ncn(C)n2)c1OC,1,0.3048780487804878,3.267070553263159,0.9991207142632768
16744002_681,16744002,CCONC(=O)c1c[nH+]cn1-c1ccc(F)cc1,1,0.58,1.0554430349389035,0.9991788565858258
16744002_680,16744002,CCONC(=O)c1cncn1-c1ccc(F)cc1,1,0.58,0.7602308859811979,0.9996432645862657
45688619_756,45688619,COCc1ccccc1CNc1ccc2cc(C#N)ccc2[nH+]1,1,0.375,1.7042567294866127,0.9985067234524416
45688619_755,45688619,COCc1ccccc1CNc1ccc2cc(C#N)ccc2n1,1,0.3709677419354839,0.8027209976076208,0.9992771470250748
73006343_2263,73006343,Cc1noc2ncnc(N3CCCN(C(=O)C4CC4)CC3)c12,1,0.421875,1.82877746049093,0.9989564466861974
30455813_965,30455813,COc1cccc(OCCCn2c[nH+]cc2-c2cc3c(cc2OC)OCCCO3)c1,1,0.5522388059701493,1.7596897453814238,0.9986475850410023
30455813_966,30455813,COc1cccc(OCCCn2cncc2-c2cc3c(cc2OC)OCCCO3)c1,1,0.5454545454545454,1.964912720708131,0.9986550861829933
31274390_1860,31274390,Cc1ccccc1-n1cc[nH]c(=O)c1=O,1,0.5555555555555556,0.7385891956970556,0.9991833760147245
49863827_59,49863827,Nc1ncnc2c1c(-c1ccc(Oc3ccccc3)cc1)nn2[C@@H]1CCC[NH2+]C1,1,0.4492753623188406,3.0910202199273904,0.9988843058873961
49863827_60,49863827,Nc1[nH+]cnc2c1c(-c1ccc(Oc3ccccc3)cc1)nn2[C@@H]1CCC[NH2+]C1,1,0.4647887323943662,3.163768322743835,0.9983163095778346
485897_926,485897,O=C([O-])CCn1c2ccccc2c2ccccc21,1,0.3953488372093023,2.328686324947938,0.9983762731251682
177503755_3050,177503755,Cc1cc(C(F)(F)F)nc(CCNC(=O)N(C)Cc2ccncc2C)n1,1,0.609375,1.606749202582262,0.9987966111619424
31600959_948,31600959,Cc1nc2ncccn2c1C(=O)N(CC#Cc1ccccc1)C1CCCC1,1,0.31645569620253167,2.0680592351286062,0.9992357132241133
31600959_947,31600959,Cc1[nH+]c2ncccn2c1C(=O)N(CC#Cc1ccccc1)C1CCCC1,1,0.3125,2.256047871832732,0.9984961604057638
537527_1366,537527,NC(N)=N/N=C/c1c(Cl)cccc1Cl,1,0.19148936170212766,2.447635389513821,0.9931418688338107
537527_1365,537527,NC(=[NH2+])N/N=C/c1c(Cl)cccc1Cl,1,0.2,5.538159712395443,0.9854246144390889
410858_307,410858,Cc1ccc(-c2nc(NCc3ccco3)ncc2-c2cc(C)no2)cn1,1,0.5373134328358209,2.8485956188980666,0.9995052730203888
410858_308,410858,Cc1ccc(-c2[nH+]c(NCc3ccco3)ncc2-c2cc(C)no2)cn1,1,0.4,2.8956589923546936,0.9990677047926642
194299_3694,194299,CN(C)S(=O)(=O)N1CCC(c2ccc3c(NCc4ccccc4F)n[nH]c3n2)CC1,1,0.30985915492957744,2.856888692266177,0.998131278561468
194299_3695,194299,CN(C)S(=O)(=O)N1CCC(c2ccc3c(NCc4ccccc4F)n[nH]c3[nH+]2)CC1,1,0.3013698630136986,3.914479658907433,0.9985171300610212
194321_1066,194321,CC(C)(O)C(=O)N1CCC(c2ccc3c(NCc4ccccc4F)n[nH]c3[nH+]2)CC1,1,0.3111111111111111,3.722170468960298,0.9968124628182572
194321_1065,194321,CC(C)(O)C(=O)N1CCC(c2ccc3c(NCc4ccccc4F)n[nH]c3n2)CC1,1,0.3488372093023256,2.7819604598188716,0.9983732248785958
49326735_3400,49326735,COc1ccnc(N2CC(O)(C3CC3)C2)n1,1,0.2982456140350877,1.4727182351013415,0.9980070620542608
30026467_1173,30026467,C[C@H](C(=O)Nc1ccc(C(N)=O)cc1)N1CCC[C@@H](c2nc3ccccc3o2)C1,1,0.5277777777777778,2.499260690684281,0.9982630781050579
43429664_2233,43429664,C[C@@H](C(=O)Nc1ccccc1)[N@H+]1CCC[C@H](c2nc3ccccc3o2)C1,1,0.5285714285714286,1.5662959490466488,0.9989354388331482
30026467_1174,30026467,C[C@H](C(=O)Nc1ccc(C(N)=O)cc1)[N@@H+]1CCC[C@H](c2nc3ccccc3o2)C1,1,0.5205479452054794,2.5568525573449477,0.9985352466261956
43429664_2232,43429664,C[C@H](C(=O)Nc1ccccc1)N1CCC[C@@H](c2nc3ccccc3o2)C1,1,0.5362318840579711,1.2132753191259245,0.9993717506471994
49932658_1300,49932658,CCCCN(C)C(=O)Nc1cc(C)ccn1,1,0.49056603773584906,1.4105846305698382,0.9991804068812987
35772359_627,35772359,Cn1ccnc1CN1CCN(Cc2ccc(F)cc2C#N)CC1,1,0.3508771929824561,1.9108728372133115,0.9981382646409812
35772359_624,35772359,Cn1ccnc1CN1CC[NH+](Cc2ccc(F)cc2C#N)CC1,1,0.373134328358209,1.9424659585175417,0.9975223492691472
35772359_625,35772359,Cn1cc[nH+]c1CN1CC[NH+](Cc2ccc(F)cc2C#N)CC1,1,0.3787878787878788,1.839192757706228,0.9977216737954512
35772359_626,35772359,Cn1ccnc1C[NH+]1CCN(Cc2ccc(F)cc2C#N)CC1,1,0.373134328358209,1.5642445460986005,0.999133618139244
222769009_3203,222769009,CC(C)Cc1cc(CN2CCN(S(=O)(=O)N3CCOCC3)CC2)n[nH]1,1,0.43636363636363634,2.090994021990605,0.9982546041814215
222769009_3202,222769009,CC(C)Cc1cc(CN2CCN(S(=O)(=O)N3CCOCC3)CC2)[nH]n1,1,0.43636363636363634,2.29311469403492,0.9986568330232121
222769009_3201,222769009,CC(C)Cc1cc(C[NH+]2CCN(S(=O)(=O)N3CCOCC3)CC2)n[nH]1,1,0.43859649122807015,1.599124135268832,0.9989374673092649
222769009_3204,222769009,CC(C)Cc1cc(C[NH+]2CCN(S(=O)(=O)N3CCOCC3)CC2)[nH]n1,1,0.43859649122807015,1.6936617135658174,0.9987836119096097
45736512_1224,45736512,C[C@@H]1Cc2ccccc2N1C(=O)CN1CCC(n2c(=O)[nH]c3ccccc32)CC1,1,0.484375,2.5119597926716413,0.999190948636755
3596324_1976,3596324,O=C(CN1CCC(n2c(=O)[nH]c3ccccc32)CC1)N1CCc2ccccc21,1,0.5081967213114754,2.4315803503074247,0.9978390090809073
45736512_1225,45736512,C[C@@H]1Cc2ccccc2N1C(=O)C[N@H+]1CC[C@H](n2c(=O)[nH]c3ccccc32)CC1,1,0.515625,2.6348349094392813,0.9984380981267407
3596324_1977,3596324,O=C(C[N@H+]1CC[C@H](n2c(=O)[nH]c3ccccc32)CC1)N1CCc2ccccc21,1,0.5079365079365079,2.5767807434862653,0.9989143034775987
1536151_1816,1536151,COc1cc(OC)c(OC)cc1CNc1ccc(N2CCOCC2)c(C(=O)[O-])c1,1,0.3142857142857143,2.3643603786224383,0.9982129084186807
48276932_1550,48276932,O=C1CCCN1c1ccc(NCc2ccccn2)[nH+]c1,1,0.36764705882352944,1.6686854107353757,0.9993949478569139
48276932_1549,48276932,O=C1CCCN1c1ccc(NCc2ccccn2)nc1,1,0.3582089552238806,1.416835205660608,0.9995980927737167
42956770_1292,42956770,CN(Cc1ccccn1)c1nc2ccccc2o1,1,0.42857142857142855,1.474266597328904,0.9987151392749078
36680675_719,36680675,CCSCc1nc(N)c2ccccc2n1,1,0.2982456140350877,1.1528031054781984,0.9991072690218269
36680675_720,36680675,CCSCc1nc(=[NH2+])c2ccccc2[nH]1,1,0.31746031746031744,1.9175802460392228,0.9990788238238337
49041846_2323,49041846,C[N@H+]1CC[C@@](O)(C[N-]S(=O)(=O)CC2CCCCC2)CC1,1,0.23728813559322035,1.9763931795065954,0.9985969117587438
49041846_2322,49041846,C[N@H+]1CC[C@@](O)(CNS(=O)(=O)CC2CCCCC2)CC1,1,0.25396825396825395,1.9578575024753158,0.9988535538050108
43657264_1859,43657264,O=C(NCCc1csc(N2CCCC2)n1)N1CCSCC1,1,0.5272727272727272,1.4865587778487426,0.9991964337855611
43140484_1164,43140484,CCOC(=O)c1cccnc1-c1cccc2ccnn12,1,0.41379310344827586,1.2601404683606714,0.9996131321815588
495451_3316,495451,c1ccc(CC2=[NH+]CCN2)cc1,1,0.2926829268292683,3.5837808247714973,0.9953168919836237
495451_3317,495451,c1ccc(CC2=NCCN2)cc1,1,0.325,1.3592542072767757,0.9993392076162717
48764100_3105,48764100,CCc1nnc(N2CCCO2)c(C#N)c1CC,1,0.35714285714285715,1.2191874343182676,0.9981756681616216
232870003_2642,232870003,CSc1ccc(C(=O)Nc2cccc(C(=O)NCC(C)C)c2)cc1,1,0.3793103448275862,1.6282094459863978,0.9981514515965254
36447805_1246,36447805,N#Cc1cccc(-c2ccc3[nH]ccc3c2)n1,1,0.27586206896551724,1.6971641052061548,0.9991319888253992
53766760_2724,53766760,Cc1cc(Br)cn(Cc2ccc(C#N)cc2F)c1=O,1,0.4339622641509434,0.6348818787776644,0.9991526600561843
Z57841791_1911,Z57841791,Cn1c(CNC(=O)Cc2ccccc2)nc2ccccc21,1,0.4230769230769231,0.9663648379378224,0.9995644423749211
Z102329238_943,Z102329238,Cn1c(CNC(=O)Cc2cccc3ccccc23)nc2ccccc21,1,0.5,1.451263242833216,0.9987921337927375
Z102329238_944,Z102329238,Cn1c(CNC(=O)Cc2cccc3ccccc23)[nH+]c2ccccc21,1,0.421875,1.4992851630025987,0.9983907600924921
Z57841791_1912,Z57841791,Cn1c(CNC(=O)Cc2ccccc2)[nH+]c2ccccc21,1,0.4,1.6114546223831288,0.9981112452903034
49144354_884,49144354,Cc1ccc2nc(C)c(-c3nc(C)nn3CCO)cc2c1,1,0.3508771929824561,2.2265206039918284,0.9988782971863597
49144354_885,49144354,Cc1ccc2nc(C)c(-c3[nH+]c(C)nn3CCO)cc2c1,1,0.373134328358209,1.6328900759086058,0.9988302723003208
6180154_1318,6180154,Cc1cccc2sc(NC(=O)C(C)(C)C)nc12,1,0.5833333333333334,1.1991434442969982,0.9986183494436833
29577392_1312,29577392,O=C(NCc1ncc(-c2ccccc2)o1)C1CCCCC1,1,0.45,0.9235437185105794,0.9992915963522303
53744945_2650,53744945,O=C([O-])c1cnn(-c2[nH]c3cc(OC(F)(F)F)c(Cl)cc3[nH+]2)c1,1,0.21333333333333335,6.929759808247144,0.9913117074635784
53744945_2648,53744945,O=C([O-])c1cnn(-c2nc3cc(OC(F)(F)F)c(Cl)cc3[nH]2)c1,1,0.225,2.8085542544161726,0.9975017995763881
53744945_2649,53744945,O=C([O-])c1cnn(-c2nc3cc(Cl)c(OC(F)(F)F)cc3[nH]2)c1,1,0.225,2.5661145726564802,0.9980545679288965
48931495_2293,48931495,Cc1ccc(NC(=O)CN(C)C2CCCCC2)cc1S(=O)(=O)N(C)C,1,0.5423728813559322,2.1746590537368835,0.9984762054435985
48931495_2292,48931495,Cc1ccc(NC(=O)C[N@@H+](C)C2CCCCC2)cc1S(=O)(=O)N(C)C,1,0.532258064516129,2.6045341234087434,0.9972472652979347
48306804_2959,48306804,Cc1ccc(O)c(CN2CCC(c3nc4ccccc4o3)CC2)n1,1,0.4225352112676056,1.7573326378350584,0.9985855351677015
48306804_2958,48306804,Cc1ccc([O-])c(C[N@H+]2CC[C@H](c3nc4ccccc4o3)CC2)n1,1,0.3972602739726027,3.230416381830508,0.9982084718802708
48306804_2955,48306804,Cc1ccc(O)c(C[N@H+]2CC[C@H](c3nc4ccccc4o3)CC2)n1,1,0.4166666666666667,1.5881656084931413,0.9992935609954237
48306804_2956,48306804,Cc1ccc([O-])c(C[N@H+]2CC[C@H](c3nc4ccccc4o3)CC2)[nH+]1,1,0.40540540540540543,2.0553992312934395,0.9973943836793484
48306804_2957,48306804,Cc1ccc([O-])c(CN2CCC(c3nc4ccccc4o3)CC2)[nH+]1,1,0.3918918918918919,1.6433228532459316,0.9984899548043565
1520446_452,1520446,Cc1ccc2[nH]c(-c3ccc(N(C)C)cc3)[nH+]c2c1,1,0.4166666666666667,1.9727234981110766,0.9977284781650895
1520446_450,1520446,Cc1ccc2nc(-c3ccc(N(C)C)cc3)[nH]c2c1,1,0.425531914893617,1.2946570974582923,0.9989870270741986
1520446_451,1520446,Cc1ccc2[nH]c(-c3ccc(N(C)C)cc3)nc2c1,1,0.4166666666666667,1.263148843168902,0.9992983452894837
49943582_1594,49943582,CC[C@H](Nc1cnn(C)c1)c1ccc2c(c1)OCCO2,1,0.3225806451612903,1.5085771441991263,0.9988021632744407
49682290_1999,49682290,Cc1cc(C)nc(NCc2cnc(C)c(C)c2)n1,1,0.38636363636363635,1.3578818063442322,0.9995516121031482
49682290_2000,49682290,Cc1cc(C)[nH+]c(NCc2cnc(C)c(C)c2)n1,1,0.38,1.0799699069886812,0.9992657460092105
36909737_1144,36909737,Cc1cccc(Oc2cc(CN)ccn2)c1C,1,0.4772727272727273,1.3228960654565542,0.9987218098776086
36909737_1143,36909737,Cc1cccc(Oc2cc(C[NH3+])ccn2)c1C,1,0.4444444444444444,1.724253751627062,0.9975087113888839
43241548_1437,43241548,CC(=O)Nc1cc(CCC2CC[NH2+]CC2)ccn1,1,0.3114754098360656,2.359235469384132,0.9983894629150801
165195_435,165195,O=C(c1ccc2[nH]ccc2c1)N1CCC[C@H](c2cccc(-c3ccc(F)cc3)[nH+]2)C1,1,0.47368421052631576,3.1768898312657377,0.9982016515981784
165195_434,165195,O=C(c1ccc2[nH]ccc2c1)N1CCC[C@@H](c2cccc(-c3ccc(F)cc3)n2)C1,1,0.463768115942029,2.1011906148655455,0.9971058606717311
35741477_1017,35741477,O=C(NCc1ccc2c(c1)OCCO2)c1sccc1C1CC1,1,0.43636363636363634,1.6221300810972477,0.999502207032872
36322410_2177,36322410,Cc1ccsc1C(=O)NCc1ccc2c(c1)OCCCO2,1,0.4107142857142857,1.6582355080028066,0.9989476409807209
43241226_2059,43241226,Cn1nc(C2CC[NH2+]CC2)c2cccnc21,1,0.29411764705882354,1.859452607623912,0.9986813833015051
50614392_111,50614392,COc1ccc(CCC[N@@H+]2CCN(c3cnn(C)c3)C(=O)C2)cc1F,1,0.34210526315789475,1.325211303905894,0.9991126606280452
50614392_110,50614392,COc1ccc(CCCN2CCN(c3cnn(C)c3)C(=O)C2)cc1F,1,0.3194444444444444,2.094265981197199,0.9982922973999101
6922052_3542,6922052,CCOc1nc(-c2ccc(Cl)c(Cl)c2)n(-c2cccc(NC(=O)c3ccc(F)cc3)c2)n1,1,0.4305555555555556,1.6199552462953168,0.9988321589113293
300062043_1680,300062043,c1ccc(COc2ccc(C[NH2+]CC3CC[NH2+]CC3)cc2)cc1,1,0.3018867924528302,2.1925081527784074,0.9967610203341374
44053085_3256,44053085,COc1cccc(C(=O)NCC(=O)Nc2cccc3c2CCCC3)c1,1,0.39344262295081966,1.9757563108846206,0.9977863975269907
232884320_3137,232884320,C[N@H+]1CC[C@H](CNc2[nH+]ccc3cccnc23)CC1,1,0.3157894736842105,2.9132310241377923,0.9979283190103119
232884320_3136,232884320,C[N@H+]1CC[C@H](CNc2nccc3cccnc23)CC1,1,0.3333333333333333,1.4594440722416158,0.9994118844795602
232877422_3072,232877422,CC(=O)N1CCC(CNc2[nH+]ccc3cccnc23)CC1,1,0.4107142857142857,1.6265435745774737,0.9991043569504771
232877422_3071,232877422,CC(=O)N1CCC(CNc2nccc3cccnc23)CC1,1,0.4339622641509434,1.4420904964670327,0.9994024738090519
30434191_483,30434191,COc1ccc(S(=O)(=O)CCC(=O)Nc2ccc3c(c2)N(C)C(=O)CO3)cc1,1,0.5606060606060606,1.3561515402052833,0.9984318864686774
48798145_3241,48798145,Fc1ccc(CC/[NH+]=c2/nc[nH]c3ncccc23)cc1,1,0.3728813559322034,2.1974883389909237,0.9985205233753283
48798145_3240,48798145,Fc1ccc(CCNc2ncnc3ncccc23)cc1,1,0.3508771929824561,1.3676066686001427,0.9994952923811065
49951746_2364,49951746,Cc1cccc(NCCc2cc(F)cc3c2OCOC3)n1,1,0.38596491228070173,1.5128069936378392,0.9989868404139262
49951746_2365,49951746,Cc1cccc(NCCc2cc(F)cc3c2OCOC3)[nH+]1,1,0.38596491228070173,1.440740434637182,0.9988949334136972
315631672_1542,315631672,COc1c(N)ncnc1N1CCCC(C)(C)CC1,1,0.2857142857142857,1.752429741815664,0.9983213704699779
315631672_1543,315631672,COc1c(N)nc[nH+]c1N1CCCC(C)(C)CC1,1,0.2727272727272727,1.899022380068067,0.9983123074482468
299985775_5,299985775,CC(C)[NH2+]C[C@H](O)COc1cccc2ccccc12,1,0.3064516129032258,2.202281317180144,0.9959533399751416
42961772_747,42961772,Cc1cccnc1CNc1ccc(C#N)cc1F,1,0.3392857142857143,0.8161341801441947,0.9990611063076528
313515615_3065,313515615,O=c1cc(-c2cc(F)c(Cl)nc2Cl)[nH]c2c(-c3ccccc3)c(C(F)(F)F)nn12,1,0.225,2.3430081092475494,0.9998001160921702
49314549_838,49314549,CN(Cc1cccnc1)Cc1ccc(C#N)o1,1,0.328125,1.7467103366042107,0.9993963169878125
49314549_839,49314549,C[N@@H+](Cc1cccnc1)Cc1ccc(C#N)o1,1,0.35714285714285715,2.0020851630237533,0.9997350712507035
53873925_1531,53873925,COc1ccc(CCC(=O)N2CCN(C(=O)c3cc4n(n3)CCCC4)CC2)cc1,1,0.5172413793103449,2.2036984820976007,0.9974640411405794
49939748_3422,49939748,N#Cc1ccc(CNc2cnc3ccccc3c2)o1,1,0.2982456140350877,1.3179787555199216,0.9994547785435712
157255_1401,157255,Cc1nc(NC2CCCC2)cc(CC2CCN(S(=O)(=O)c3c(C)noc3C)CC2)[nH+]1,1,0.3142857142857143,2.745724858757759,0.9975045025014956
157255_1402,157255,Cc1nc(CC2CCN(S(=O)(=O)c3c(C)noc3C)CC2)cc(NC2CCCC2)n1,1,0.29850746268656714,2.878293591696464,0.9989273015082922
1284117_1544,1284117,COc1ccc(-c2nnc(-c3ccccc3)o2)cc1OC,1,0.4117647058823529,0.8973299281759087,0.9986539353114993
50282751_3535,50282751,CC(C)OC(=O)N1CCC(Oc2ncnc3c2cnn3-c2ccc(S(C)(=O)=O)cc2F)CC1,1,0.24210526315789474,2.0255241297008437,0.9985129564186475
44466308_1832,44466308,Cn1nc[nH+]c1COc1nn2c(-c3c(F)cccc3F)nnc2cc1C1CCC1,1,0.52,0.38421218096324294,0.999922922443281
44466308_1831,44466308,Cn1ncnc1COc1nn2c(-c3c(F)cccc3F)nnc2cc1C1CCC1,1,0.5068493150684932,0.4081360067442017,0.9999198672897418
222756631_3363,222756631,COc1ccc(OC)c(S(=O)(=O)[N-]CCC(=O)Nc2ccccc2C)c1,1,0.38028169014084506,2.0049660845013464,0.9985270356301009
222758283_2876,222758283,COc1ccc(C)cc1S(=O)(=O)[N-]CCC(=O)Nc1ccccc1C,1,0.3880597014925373,1.6979134253547739,0.9991553879309621
222756631_3362,222756631,COc1ccc(OC)c(S(=O)(=O)NCCC(=O)Nc2ccccc2C)c1,1,0.38571428571428573,1.8496321255859767,0.9980450482093447
222758283_2875,222758283,COc1ccc(C)cc1S(=O)(=O)NCCC(=O)Nc1ccccc1C,1,0.3939393939393939,2.0083791972632237,0.9983856857215738
53798267_3249,53798267,COCCN(C)c1ccc(CN2CCc3nn(C)c(=O)cc3C2)cn1,1,0.4788732394366197,1.9754315984108977,0.9982243213658414
53798267_3250,53798267,COCCN(C)c1ccc(CN2CCc3nn(C)c(=O)cc3C2)c[nH+]1,1,0.3333333333333333,1.6924830870647574,0.9985828266161509
53798267_3248,53798267,COCCN(C)c1ccc(C[N@H+]2CCc3nn(C)c(=O)cc3C2)cn1,1,0.4722222222222222,1.6619449449365777,0.9983944840520416
24883050_1411,24883050,COc1ccc(C2([NH2+]Cc3cccc4ncccc34)CC2)cc1,1,0.3888888888888889,1.2622638392983463,0.9985409477093766
320364216_127,320364216,Cn1cc(Nc2nc(N)nc(-c3cccc(-n4ccc5cc(C6CC6)cc(F)c5c4=O)c3CO)n2)cn1,1,0.25510204081632654,5.925376865651613,0.9935906758232996
50131633_1826,50131633,CCCC(=O)NCC(=O)Nc1cnc(N2CCN(C)CC2)nc1,2,0.3728813559322034,1.5408672882503234,0.9983996707222731
44398457_1524,44398457,CCCC(=O)Nc1cnc(N2CC[NH+](C)CC2)nc1,2,0.41818181818181815,1.300881624130455,0.9989650894459814
50131633_1825,50131633,CCCC(=O)NCC(=O)Nc1cnc(N2CC[NH+](C)CC2)nc1,2,0.36065573770491804,1.8481804565572533,0.9987160987563247
44398457_1525,44398457,CCCC(=O)Nc1cnc(N2CCN(C)CC2)nc1,2,0.4339622641509434,1.5514973412805586,0.9990561607761133
15279096_491,15279096,Cc1cc(C)c(C#N)c(N2CCN(CC(=O)Nc3ccccc3Cl)CC2)[nH+]1,2,0.453125,1.8450403789617222,0.9992961577672981
15279096_490,15279096,Cc1cc(C)c(C#N)c(N2CCN(CC(=O)Nc3ccccc3Cl)CC2)n1,2,0.46153846153846156,1.3310687435291813,0.9990431281952032
53833498_3040,53833498,Cc1cc(N2CC[NH+](CC3CCN(C(=O)CC(C)C)CC3)CC2)n[nH]1,2,0.36619718309859156,2.329684527999534,0.9982336294873734
53833498_3041,53833498,Cc1cc(N2CC[NH+](CC3CCN(C(=O)CC(C)C)CC3)CC2)[nH]n1,2,0.36619718309859156,2.3020336661308063,0.9981956409775242
53833498_3042,53833498,Cc1cc(N2CCN(CC3CCN(C(=O)CC(C)C)CC3)CC2)n[nH]1,2,0.3055555555555556,2.3131655798924045,0.9980743161013631
222751269_2889,222751269,COCC1(CNC(=O)c2ccc(-n3cccn3)cc2)CCC1,2,0.4444444444444444,1.6368426925027217,0.9990485162009812
42961078_674,42961078,Cc1nc(Cl)cc(Nc2cnn(C(C)(C)C)c2)n1,2,0.3148148148148148,1.3135223637235456,0.9994152372073236
324007832_126,324007832,C#C[C@@](C)(CC)NC(=O)c1cc(F)cnc1NC1CC(F)(F)C1,2,0.25609756097560976,1.9730440947937244,0.9991640581206588
177370206_3344,177370206,Cc1cc(C)n2nc(C)c(C(=O)NCCc3nnc(C)s3)c2n1,2,0.5714285714285714,1.5661813432679568,0.9992486713313999
15211082_1039,15211082,CCN(C(C)=O)c1ccc(C)cc1C(=O)[O-],2,0.38636363636363635,2.1517125737422114,0.9963854215917315
11880948_3259,11880948,CC[NH+]1CCN(c2ccc(Nc3ncnc4sccc34)cc2)CC1,2,0.3181818181818182,2.174325642584318,0.9983448637901788
11880948_3260,11880948,CCN1CCN(c2ccc(Nc3ncnc4sccc34)cc2)CC1,2,0.3026315789473684,2.1913263107078493,0.9984773044117923
313515615_3065,313515615,O=c1cc(-c2cc(F)c(Cl)nc2Cl)[nH]c2c(-c3ccccc3)c(C(F)(F)F)nn12,2,0.2222222222222222,2.3430081092475494,0.9994417600493021
36890321_1563,36890321,Cc1ccc(-n2cc(C(=O)NCC[NH+](C)C)nn2)cc1C,2,0.2894736842105263,1.0363131766019045,0.9992172309166278
139117_68,139117,CN(C)C(=O)C1(Cc2ccccc2-c2ccccc2)CCN(C(=O)[C@H]2CCCO2)CC1,2,0.5909090909090909,1.7023395665963819,0.9996069907245593
44114971_2490,44114971,CSc1ccc(C)c(C(=O)NCC[N@H+]2CC[C@@H](C)CC2)c1,2,0.5283018867924528,2.475261198338135,0.9979516073994806
50897886_2447,50897886,Cc1c(C[N@H+]2CC[C@H](Nc3ncnc4sc(CC(F)(F)F)cc34)CC2)ccc2[nH]c(C#N)cc12,2,0.4588235294117647,3.3907012549038718,0.9987873425142825
50897890_1369,50897890,Cc1c(C[N@H+]2CC[C@H](Nc3nc[nH+]c4sc(CC(F)(F)F)cc34)CC2)ccc2c1cc(C#N)n2Cc1cn[nH]c1,2,0.4387755102040816,6.218206252610395,0.9973530730659482
50897890_1368,50897890,Cc1c(C[N@H+]2CC[C@@H](Nc3ncnc4sc(CC(F)(F)F)cc34)CC2)ccc2c1cc(C#N)n2Cc1cn[nH]c1,2,0.41237113402061853,6.569633779747447,0.9973297149120863
50897886_2448,50897886,Cc1c(C[N@H+]2CC[C@H](Nc3nc[nH+]c4sc(CC(F)(F)F)cc34)CC2)ccc2[nH]c(C#N)cc12,2,0.4883720930232558,5.388107274358881,0.9983999870965325
23998049_813,23998049,O=C(Cc1ccc2c(c1)CCC2)Nc1nc2ccccc2o1,2,0.33783783783783783,1.2556432614402622,0.9992774516085622
48262457_2185,48262457,CC(C)(C)c1nccc(NCc2ccncc2)n1,2,0.43478260869565216,1.2440554650015636,0.9996584491662287
48262457_2186,48262457,CC(C)(C)c1nc(NCc2ccncc2)cc[nH+]1,2,0.2982456140350877,1.494238936716504,0.9990182292521508
31935468_2028,31935468,O=C(NCCc1nnc2n1CCC2)c1ccc2c(c1)CCC2,2,0.484375,1.616485694338216,0.9994290472181491
44018989_3169,44018989,CN(Cc1cccc(Cl)c1Cl)Cc1cc(=O)n(C)c(=O)n1C,2,0.4827586206896552,1.8853845761543035,0.9977498117248296
44018989_3170,44018989,Cn1c(C[N@@H+](C)Cc2cccc(Cl)c2Cl)cc(=O)n(C)c1=O,2,0.4827586206896552,1.6495211426349277,0.9992594879769771
36909737_1144,36909737,Cc1cccc(Oc2cc(CN)ccn2)c1C,2,0.40425531914893614,1.3228960654565542,0.9987218098776086
36909737_1143,36909737,Cc1cccc(Oc2cc(C[NH3+])ccn2)c1C,2,0.375,1.724253751627062,0.9975087113888839
46632506_3399,46632506,Cc1cccc2cc(C(=O)NCCCn3nnc4ccccc43)n(C)c12,2,0.32857142857142857,2.024683678997777,0.9997326129778795
222773330_2641,222773330,CCn1cnnc1CN(C)C1CCN(c2ccccc2F)CC1,2,0.34328358208955223,1.6052314474864158,0.9987564914087455
222774264_3103,222774264,CN(Cc1nncn1C)C1CCN(c2ccccc2F)CC1,2,0.3114754098360656,1.7352391765978215,0.9993896371711466
222773330_2640,222773330,CCn1cnnc1C[N@H+](C)C1CCN(c2ccccc2F)CC1,2,0.3283582089552239,1.2688940066054426,0.9987439559728208
222774264_3102,222774264,Cn1cnnc1C[N@H+](C)C1CCN(c2ccccc2F)CC1,2,0.31666666666666665,1.9457044996607185,0.9989657796962955
56766469_669,56766469,CCOc1ccc(C(=O)Nc2cnn(C3CCOCC3)c2)cn1,2,0.3333333333333333,2.6180114591037826,0.9990823600897054
56767825_2192,56767825,Cn1cc(NC(=O)c2ccc(OCC3CCOCC3)nc2)cn1,2,0.38095238095238093,2.039995833329345,0.9991762353175234
23671374_358,23671374,Cc1ccc(C(=O)Nc2ncccc2C)s1,2,0.41818181818181815,1.0290932902320216,0.9997928591666723
32021126_1403,32021126,CN(Cc1ccccc1N1CCCC1)C(=O)c1cccc(Cn2ccnc2)c1,2,0.39436619718309857,2.158097078446522,0.9979868423149568
32021126_1404,32021126,CN(Cc1ccccc1N1CCCC1)C(=O)c1cccc(Cn2cc[nH+]c2)c1,2,0.4142857142857143,2.272294875230613,0.9985830732205301
136115_2157,136115,CCC(C)(C)NC(=O)C1(Cc2ccc(-c3cc(F)ccc3OC)cc2)CCOCC1,2,0.5538461538461539,2.4699119417499635,0.9991167052965375
49939748_3422,49939748,N#Cc1ccc(CNc2cnc3ccccc3c2)o1,2,0.2982456140350877,1.3874267548238706,0.9993794936037967
30063543_1221,30063543,O=C(CN1CCc2ccccc21)N1CCC(c2[nH]c3ccccc3[nH+]2)CC1,2,0.47058823529411764,2.189921459778914,0.9986946903416325
30063543_1220,30063543,O=C(CN1CCc2ccccc21)N1CCC(c2nc3ccccc3[nH]2)CC1,2,0.4925373134328358,1.984545036022815,0.9992826712346308
45697439_3161,45697439,Cn1ccc(CSc2nnc(-c3cc(F)cc(F)c3)[nH]2)n1,2,0.29411764705882354,1.7427455350686376,0.9997127405763464
11904640_2934,11904640,O=C1c2ccccc2C(=O)N1CCNc1ccc(F)cc1,2,0.35555555555555557,0.7711128322107536,0.9996362427502834
31847077_2052,31847077,O=C(NC1CC1)c1cccc2cccnc12,2,0.5555555555555556,1.6094747590439105,0.9995516121031482
300620222_227,300620222,CC[NH+](CC)Cc1ccc2cc(COC(=O)Nc3ccc(C(=O)N[O-])cc3)ccc2c1,2,0.352112676056338,2.4006653244465372,0.9959892727096371
300620222_228,300620222,CC[NH+](CC)Cc1ccc2cc(COC(=O)Nc3ccc(C(=O)NO)cc3)ccc2c1,2,0.3380281690140845,2.9894059610564607,0.9933477882373196
49953010_2720,49953010,Cc1nc(NCCN2C(=O)CCC2=O)c2c(C)csc2n1,2,0.4423076923076923,1.403737154883577,0.9996597010325863
49953010_2721,49953010,Cc1nc(NCCN2C(=O)CCC2=O)c2c(C)csc2[nH+]1,2,0.42592592592592593,1.9117583529309703,0.9995238802956512
49992227_560,49992227,Cn1cc([C@H]2CC[N@H+](CC(=O)N3CCc4sccc4C3)CC2)cn1,2,0.5230769230769231,3.3443401441836493,0.997726094444374
49992227_561,49992227,Cn1cc(C2CCN(CC(=O)N3CCc4sccc4C3)CC2)cn1,2,0.515625,1.7530752978700732,0.9995404212981284
31397498_1028,31397498,O=C(Nc1ccccc1-n1ccnc1)c1cccs1,2,0.6122448979591837,1.9729807398957686,0.9997556186125794
31397498_1029,31397498,O=C(Nc1ccccc1-n1cc[nH+]c1)c1cccs1,2,0.6122448979591837,2.0127590516496245,0.9990699800710661
29676888_3534,29676888,N#C/C(=C\c1cnn(Cc2ccccc2)c1)c1nc2cc(Cl)ccc2c(=O)[nH]1,2,0.27710843373493976,1.990214310068201,0.9989851953491208
29676888_3533,29676888,N#C/C(=C\c1cnn(Cc2ccccc2)c1)c1nc(=O)c2ccc(Cl)cc2[nH]1,2,0.27710843373493976,1.878915644727231,0.99965124345422
53829686_3281,53829686,O=C(CSCCc1ccncc1)Nc1ccccc1,2,0.4375,2.0370542457185685,0.9982678871452881
53829712_2692,53829712,O=C(CSCCc1ccccn1)Nc1ccccc1,2,0.4,1.8284758680385147,0.9990494271375479
49089949_2663,49089949,O=C(Nc1ccc(Cl)nc1)N[C@H]1CC[N@H+](C2CCCC2)CC1,2,0.47540983606557374,2.3220079672557956,0.9973957748039602
140213_1127,140213,C=CCNC(=O)C1(Cc2ccc(-c3ccccc3)cc2)CCN(C(=O)c2cccnc2)CC1,2,0.42857142857142855,2.219775664341245,0.9983337936283547
30748239_569,30748239,Cc1cccnc1NC(=O)CCn1c[nH+]c2ccccc21,2,0.42857142857142855,1.0159950787287915,0.9993991705279126
30748239_568,30748239,Cc1cccnc1NC(=O)CCn1cnc2ccccc21,2,0.4426229508196721,1.3818672150394817,0.9995718634902808
49041846_2323,49041846,C[N@H+]1CC[C@@](O)(C[N-]S(=O)(=O)CC2CCCCC2)CC1,2,0.4375,1.9763931795065954,0.9985969117587438
49041846_2322,49041846,C[N@H+]1CC[C@@](O)(CNS(=O)(=O)CC2CCCCC2)CC1,2,0.5333333333333333,1.7144748467092052,0.9988535538050108
32007436_2116,32007436,Cc1cc(C)n(-c2ccc(CNC(=O)c3ccc4c(c3)CCO4)cn2)n1,2,0.5538461538461539,0.8997471867124052,0.9997859253381778
29963741_1792,29963741,Cc1cc2occ(CC(=O)N[C@H]3CC[N@H+](C)CC3)c2cc1C(C)C,2,0.43333333333333335,2.126748927353322,0.9988228724492825
53882535_2132,53882535,CCNC(=O)N1CCc2[nH+]c3ccc(F)cn3c(=O)c2C1,2,0.34782608695652173,1.5669716015295045,0.9988007630594529
53882535_2133,53882535,CCNC(=O)N1CCc2nc3ccc(F)cn3c(=O)c2C1,2,0.34782608695652173,1.0726402006265487,0.9993645660452536
189741166_74,189741166,Cc1cc(F)ccc1[C@@H]1C(=O)NCCN1C(=O)c1ccc2[nH+]ccn2c1,2,0.38028169014084506,2.872401086199621,0.9986235038044419
189638257_73,189638257,O=C1NCCN(C(=O)c2ccc3[nH+]ccn3c2)[C@@H]1c1ccccc1C(F)(F)F,2,0.44776119402985076,2.1217855688071845,0.9989988159106076
49301499_2543,49301499,O=C(Cc1cccnc1)Nc1ncccc1Cl,2,0.3793103448275862,1.6886373204449623,0.9993740333539821
44551318_380,44551318,CON(C)C(=O)c1cc(C)ccc1NS(C)(=O)=O,2,0.58,1.598660689452309,0.9983653938256047
44551318_381,44551318,CON(C)C(=O)c1cc(C)ccc1[N-]S(C)(=O)=O,2,0.58,1.7541470861931658,0.996564716228813
36655350_3367,36655350,OCC[NH+]1CCN(c2ccnc3ccc(Br)cc23)CC1,2,0.32786885245901637,1.5538246361801444,0.9987889476268829
36655350_3368,36655350,OCC[NH+]1CCN(c2cc[nH+]c3ccc(Br)cc23)CC1,2,0.2923076923076923,1.839192757706228,0.9985046833889913
36655350_3370,36655350,OCCN1CCN(c2ccnc3ccc(Br)cc23)CC1,2,0.3050847457627119,1.4740522378804923,0.99853804125207
36655350_3369,36655350,OCCN1CCN(c2cc[nH+]c3ccc(Br)cc23)CC1,2,0.2698412698412698,2.284301206058255,0.9970247490324302
49883411_583,49883411,COc1ccc(F)c(C[N@H+]2CC[C@H](Cc3noc(C)n3)CC2)c1,2,0.47761194029850745,1.0165466049326572,0.9990995083624978
36466247_523,36466247,CCOc1ncccc1-c1cc(Cl)ccc1[O-],2,0.43137254901960786,1.9286531569981866,0.9974861495477717
36466247_522,36466247,CCOc1ncccc1-c1cc(Cl)ccc1O,2,0.43137254901960786,1.09950079581577,0.9993206382967729
35720088_1026,35720088,CC(=O)N1CCN(CCNC(=O)N2CCc3sccc3C2)CC1,2,0.5964912280701754,1.5496948086634847,0.9990053783993921
35720088_1025,35720088,CC(=O)N1CC[NH+](CCNC(=O)N2CCc3sccc3C2)CC1,2,0.576271186440678,2.1805109492953085,0.9993636002187118
142671_428,142671,CCCNC(=O)C1(Cc2ccccn2)CCOCC1,2,0.41935483870967744,1.4392334765422683,0.9991492667123852
6922052_3542,6922052,CCOc1nc(-c2ccc(Cl)c(Cl)c2)n(-c2cccc(NC(=O)c3ccc(F)cc3)c2)n1,2,0.4305555555555556,1.6199552462953168,0.9988321589113293
29586826_3610,29586826,CC(C)C(=O)Nc1ncc(-c2ccccc2)s1,2,0.41818181818181815,0.7374693213959229,0.9995063902346514
82728121_3122,82728121,Cc1cc2[nH]c(CCC(=O)N3CCc4[nH]ncc4C3)[nH+]c2cc1C,2,0.47368421052631576,2.852417220534239,0.9981515089026054
82728121_3120,82728121,Cc1cc2nc(CCC(=O)N3CCc4[nH]ncc4C3)[nH]c2cc1C,2,0.47297297297297297,2.315202582928821,0.9991362566207771
82728121_3121,82728121,Cc1cc2nc(CCC(=O)N3CCc4n[nH]cc4C3)[nH]c2cc1C,2,0.4605263157894737,2.1562949705454764,0.9988809339137641
3301360_696,3301360,COc1ccc(Nc2ncnc3sccc23)c(OC)c1,2,0.3620689655172414,1.7725202396589121,0.9994791744882667
4338859_3579,4338859,c1ccc2c(c1)nnn2Cc1ccc2c(c1)OCO2,2,0.37037037037037035,1.273777845622779,0.9995271674757781
32146431_1342,32146431,CN(CC(=O)Nc1cc[nH+]cc1)C1CCCC1,2,0.5294117647058824,0.6503691259578669,0.9994647775764418
32146431_1340,32146431,C[N@H+](CC(=O)Nc1ccncc1)C1CCCC1,2,0.5185185185185185,1.346512903763017,0.9987319830677119
32146431_1341,32146431,CN(CC(=O)Nc1ccncc1)C1CCCC1,2,0.5294117647058824,1.401154880803546,0.9978186752692841
49947026_2946,49947026,Cc1nn(C)c(NCc2ccc(F)cc2)[nH+]1,2,0.5581395348837209,1.8898052809747552,0.9983296496177799
49946976_891,49946976,Cc1nn(C)c(NCc2ccc(F)c(Cl)c2)[nH+]1,2,0.4897959183673469,1.1507519280886125,0.9989891513537428
18877730_231,18877730,O=C(CSc1nccn1C1CC1)Nc1c(Cl)cc(Cl)cc1C(=O)[O-],2,0.28,1.9778430170266452,0.9992383372492872
18877730_232,18877730,O=C(CSc1[nH+]ccn1C1CC1)Nc1c(Cl)cc(Cl)cc1C(=O)[O-],2,0.23076923076923078,1.983951360291127,0.9993387108910243
177435260_2885,177435260,Cc1cc(C(=O)N2CCN(C(=O)C3CCC3)CC2)c([O-])cn1,2,0.43137254901960786,2.816532797607647,0.9975373277145003
177435260_2887,177435260,Cc1cc(C(=O)N2CCN(C(=O)C3CCC3)CC2)c(O)cn1,2,0.44,1.501871832081561,0.9989420094072641
177435260_2886,177435260,Cc1cc(C(=O)N2CCN(C(=O)C3CCC3)CC2)c([O-])c[nH+]1,2,0.4230769230769231,1.2622638392983463,0.9987609631122298
49155578_1354,49155578,Fc1ccc(-n2nc(C3CCOCC3)[nH+]c2-c2cn[nH]c2)c(F)c1,2,0.4925373134328358,2.0298467922486245,0.9988504931529265
49155578_1355,49155578,Fc1ccc(-n2nc(C3CCOCC3)nc2-c2cn[nH]c2)c(F)c1,2,0.48484848484848486,2.4973149581102825,0.9993679791163732
36662114_1714,36662114,CS(=O)(=O)Cc1ccn(-c2ccccc2)n1,2,0.5227272727272727,1.6479359817663128,0.9990015713076456
32443301_2020,32443301,Cc1nc(=O)c2c([nH]1)C[N@@H+](Cc1ccccc1)CC2,2,0.4,1.7231459601555448,0.9993050685068953
32443301_2019,32443301,Cc1nc(=O)c2c([nH]1)CN(Cc1ccccc1)CC2,2,0.36538461538461536,0.6846276360182357,0.9995217094802836
227979253_1228,227979253,COCCNc1cc(NC(=O)N2CCCc3cc(CN4CCN(C)CC4=O)c(C=O)nc32)ncc1C#N,2,0.25742574257425743,5.032292121886424,0.9993169335497852
227979253_1229,227979253,COCCNc1cc(NC(=O)N2CCCc3cc(CN4CCN(C)CC4=O)c(C=O)nc32)[nH+]cc1C#N,2,0.26732673267326734,5.398551194534209,0.9989719168214632
42961554_350,42961554,Cc1cccn(Cc2cccc(F)c2)c1=O,2,0.6428571428571429,0.6062713913749826,0.9992710033786094
45491581_1661,45491581,Cc1cccc(Oc2ncccc2N)c1C,2,0.2978723404255319,0.7377689340163461,0.9992298169107733
48788735_2782,48788735,Cc1ccccc1S(=O)(=O)Nc1c(C)ccnc1Cl,2,0.2698412698412698,1.4270984549077776,0.9991750149007315
48788735_2783,48788735,Cc1ccccc1S(=O)(=O)[N-]c1c(C)ccnc1Cl,2,0.2653061224489796,2.0123148362021417,0.9989496300262398
29261445_125,29261445,COc1ccc(CNC(=O)c2sc3nc(C)cc(C)c3c2N)cc1,2,0.43548387096774194,2.0619432581911723,0.9992794072014383
89942282_67,89942282,CCc1[nH+]c2c(C)cc(N3CC[NH+](CC(=O)N4CC(O)C4)CC3)cn2c1N(C)c1nc(-c2ccc(F)cc2)c(C#N)s1,2,0.25,6.231250035105281,0.9989309274552376
89942282_66,89942282,CCc1[nH+]c2c(C)cc(N3CCN(CC(=O)N4CC(O)C4)CC3)cn2c1N(C)c1nc(-c2ccc(F)cc2)c(C#N)s1,2,0.24731182795698925,4.1630258226439905,0.998493754899001
36913784_1647,36913784,O=C(CCCc1[nH]c2ccccc2[nH+]1)N1CCCC1,2,0.4583333333333333,1.0471418242053143,0.9988404974279282
36913784_1646,36913784,O=C(CCCc1nc2ccccc2[nH]1)N1CCCC1,2,0.4583333333333333,1.4917865128767558,0.9993450194839726
48250318_2278,48250318,C#CCNC(=O)N(Cc1ccccc1F)C1CCOCC1,2,0.3333333333333333,1.6048688419930142,0.9989781904497632
31837160_1258,31837160,CN(C)C(=O)c1ccc(NC(=O)c2cccc(F)c2)cc1,2,0.5102040816326531,1.6100350927852873,0.9983360178938132
49093836_2966,49093836,Cc1ccc(S(=O)(=O)N2CCOc3ccncc32)cc1,2,0.3125,1.3491319431396709,0.9970862500367708
48278518_2108,48278518,Cc1nnnn1CCN(C)c1ccccc1,2,0.45454545454545453,1.572227400855298,0.9980537726503398
31845178_828,31845178,CC(C)(C)c1ccc(C[N@H+]2CC[C@H](C(N)=O)CC2)cc1,2,0.39622641509433965,2.3849113191057616,0.9993756735612653
152135_1121,152135,O=S(=O)(c1cn[nH]c1)N1CCC[C@@H](c2cccc(-c3cccc(Cl)c3)[nH+]2)C1,2,0.5352112676056338,2.6232153933669404,0.9976859694131378
152135_1120,152135,O=S(=O)(c1cn[nH]c1)N1CCC[C@H](c2cccc(-c3cccc(Cl)c3)n2)C1,2,0.5142857142857142,1.9404396409063311,0.9977843850788097
11894372_3113,11894372,O=C1NC2(CCCCC2)C(=O)N1Cc1csc(-c2ccccc2)n1,2,0.4262295081967213,2.0276207732220364,0.9989477743048959
53766760_2724,53766760,Cc1cc(Br)cn(Cc2ccc(C#N)cc2F)c1=O,2,0.45614035087719296,0.6348818787776644,0.9991526600561843
25831727_557,25831727,COC(=O)CC1=NN(c2ccc(OC)cc2)C(=O)/C1=C(/C)NCc1ccc(OC)cc1,2,0.42424242424242425,2.0919610417018544,0.9991871365504732
49964398_3025,49964398,Cn1cnnc1NC(=O)c1cnn2c1CCCC2,2,0.3548387096774194,1.6448851023699602,0.9996107638422738
46223555_1423,46223555,Cc1nc(N(C)C)nc(C)c1NC(=O)C1CCCCC1,2,0.5869565217391305,1.3939196533515166,0.9991110045894723
31882595_990,31882595,CS(=O)(=O)NC1CCN(C(=O)NCCc2ccc(F)cc2)CC1,2,0.44,1.741731609634542,0.9988671920107096
31882595_991,31882595,CS(=O)(=O)[N-]C1CCN(C(=O)NCCc2ccc(F)cc2)CC1,2,0.43137254901960786,2.1366038472305866,0.9978557731558775
383970_2309,383970,Cc1ccc(S(=O)(=O)N2CC[C@@H](c3nnc(-c4cccnc4)o3)C2)cc1,2,0.352112676056338,1.564350024770954,0.9993124127721853
82700463_2915,82700463,COc1cccc(OC)c1-c1ccc(OCC[NH+]2CCCC2)cc1,2,0.42857142857142855,1.9893697494435267,0.9980127232731386
177444153_2283,177444153,Cn1cc(-c2cccc3c(C(N)=O)cccc23)cn1,2,0.35185185185185186,1.5821567558240062,0.9993271410710528
27429921_447,27429921,Cc1nc(C(C)C)sc1C(=O)Nc1nc(C(C)(C)C)cs1,2,0.4897959183673469,1.3196275989835338,0.9991943333480698
323968411_137,323968411,C[C@@](O)(C#Cc1ccc2c(c1)N(c1nc(N)[nH+]cc1Cl)CC2)c1nccs1,2,0.21978021978021978,3.0785735333108515,0.9984990420726387
323968411_136,323968411,C[C@@](O)(C#Cc1ccc2c(c1)N(c1nc(N)ncc1Cl)CC2)c1nccs1,2,0.2247191011235955,3.5831851752325994,0.9991898963519671
104388935_708,104388935,CSc1ccc(NC(=O)Cn2nc(C3CC3)ccc2=O)cc1,2,0.32894736842105265,1.3896571519624368,0.9992075953555661
104388935_709,104388935,CSc1ccc(N/C(O)=C/n2nc(C3CC3)ccc2=O)cc1,2,0.328125,1.9982084475854434,0.9982681857162757
232853784_3283,232853784,Cc1nc(=O)c(Cl)c(N(C)C[C@H]2CC[N@H+](C)CC2)[nH]1,2,0.3508771929824561,1.3922007757507595,0.9992471866050577
232853784_3284,232853784,Cc1nc(N(C)C[C@H]2CC[N@H+](C)CC2)c(Cl)c(=O)[nH]1,2,0.3508771929824561,1.793504112066797,0.9982898962955046
49954362_3216,49954362,N#CCN1CCC(CNC(=O)c2c(F)ccc(F)c2F)CC1,2,0.39344262295081966,1.469340668463173,0.9977356847972161
31618239_2231,31618239,CSc1ccc(CN(CCO)C(=O)CCc2cccc(F)c2)cc1,2,0.296875,2.0848378833857106,0.9985831410593222
177482615_2637,177482615,Cn1cccc(C(=O)NCc2nc(C(C)(C)C)no2)c1=O,2,0.31343283582089554,1.1274617510144926,0.9991993722030196
7716996_1233,7716996,O=C(Nc1ccc(C(=O)[O-])c(O)c1)c1ccc(NC(=O)c2cccs2)cc1,2,0.3888888888888889,2.8771334692708996,0.998386977701488
7716996_1234,7716996,O=C(Nc1ccc(C(=O)[O-])c([O-])c1)c1ccc(NC(=O)c2cccs2)cc1,2,0.3888888888888889,5.674805723546807,0.9960945281779325
34501664_1944,34501664,O=C(Nc1nc(-c2ccccn2)cs1)c1ccc(F)cc1Cl,2,0.5454545454545454,1.37332188506619,0.9996153165273621
48305854_458,48305854,Cc1nc(CCN2C(=O)NC(C)(C)C2=O)cs1,2,0.41509433962264153,1.816691773526451,0.9994426319251513
25678159_3227,25678159,Cn1ncnc1COc1nn2c(-c3cc(F)ccc3F)nnc2cc1C(C)(C)C,2,0.5068493150684932,0.4081360067442017,0.9999198672897418
25678159_3228,25678159,Cn1nc[nH+]c1COc1nn2c(-c3cc(F)ccc3F)nnc2cc1C(C)(C)C,2,0.52,0.38421218096324294,0.999922922443281
30191309_1049,30191309,Cc1cc(NC(=O)CCc2c(C)nn(C)c2C)no1,2,0.45098039215686275,2.172576811069483,0.9995531088184224
25642172_774,25642172,CCN(CC)S(=O)(=O)c1ccc2c(c1)CCN2CC(=O)NCc1ccccc1F,2,0.34328358208955223,1.738903390070775,0.999173007218327
27398627_2214,27398627,O=C(c1ccc(F)cc1)N1CCN(CC(=O)N2CCCC2=O)CC1,2,0.4117647058823529,1.7941574624321937,0.9994145764381428
50550848_2982,50550848,COc1cn(-c2ccc(-n3cccn3)cc2F)nc(-c2ccnn2-c2ccccc2)c1=O,2,0.2916666666666667,1.6447066607762681,0.9988481273918381
17268136_85,17268136,c1ccc(Oc2cccc(C[N@@H+](CC[NH+]3CCOCC3)Cc3cccnc3)c2)cc1,2,0.6333333333333333,1.9414646532966864,0.9984771900347447
17268136_84,17268136,c1ccc(Oc2cccc(CN(CC[NH+]3CCOCC3)Cc3cccnc3)c2)cc1,2,0.6333333333333333,1.6412199730688306,0.9991426624710863
17268136_83,17268136,c1ccc(Oc2cccc(C[N@@H+](CCN3CCOCC3)Cc3cccnc3)c2)cc1,2,0.6333333333333333,1.952688659258924,0.9993029837010413
48764146_1873,48764146,COc1ccc2nc(C)nc(N3CC(CO)C3)c2c1,2,0.5636363636363636,1.9878566346696116,0.9982176902206538
48764146_1874,48764146,COc1ccc2[nH+]c(C)nc(N3CC(CO)C3)c2c1,2,0.5789473684210527,1.5915649531201266,0.9986100303972479
48764146_1875,48764146,COc1ccc2nc(C)[nH+]c(N3CC(CO)C3)c2c1,2,0.5689655172413793,2.0358828551762382,0.9976905858462739
7687079_3586,7687079,COc1ccc(-c2cnn3c(N)c(-c4ccccc4)cnc23)cc1OC,2,0.4117647058823529,1.0327502118126883,0.9993779217061975
7687079_3587,7687079,COc1ccc(-c2cnn3c(=[NH2+])c(-c4ccccc4)c[nH]c23)cc1OC,2,0.39622641509433965,1.8790425753555309,0.9989779680869928
82702441_2442,82702441,CC1(C)CC(CC(=O)NCCn2ccnn2)CC(C)(C)[NH2+]1,2,0.4807692307692308,1.9150697115251012,0.998629625016617
11654209_574,11654209,Brc1ccc(-c2nnc(Cn3cnc4ccccc43)o2)o1,2,0.5849056603773585,1.2781247982892907,0.9995634965902352
11654209_575,11654209,Brc1ccc(-c2nnc(Cn3c[nH+]c4ccccc43)o2)o1,2,0.5925925925925926,1.4403881421337863,0.9991172111549357
6630813_862,6630813,Cc1ccc(CNC(=O)CN2CCC(n3nnc4cc(C)ccc43)CC2)cc1,2,0.375,1.7177074838280708,0.9987345735655048
6630813_863,6630813,Cc1ccc(CNC(=O)C[N@H+]2CC[C@H](n3nnc4cc(C)ccc43)CC2)cc1,2,0.3698630136986301,2.3710828749750577,0.9981104179302291
49925402_3097,49925402,NC(=O)c1csc(C[N@H+]2CCc3cc(F)ccc3C2)c1,2,0.3235294117647059,2.284994310715008,0.9986776092827848
49925402_3098,49925402,NC(=O)c1csc(CN2CCc3cc(F)ccc3C2)c1,2,0.3283582089552239,1.88615243286414,0.9979556391763914
902055_2519,902055,CCC[C@@H]1C[C@@H](C(=O)N[C@@H]([C@H]2O[C@H](SC)[C@H](O)[C@@H](O)[C@@H]2O)[C@@H](C)O)N(C)C1,2,0.175,5.703897877767488,0.9962909675338495
902055_2518,902055,CCC[C@@H]1C[C@@H](C(=O)N[C@@H]([C@H]2O[C@H](SC)[C@H](O)[C@@H](O)[C@@H]2O)[C@@H](C)O)[N@@H+](C)C1,2,0.16883116883116883,4.741829182921234,0.9976115233673967
24142070_566,24142070,O=C(Cc1cccc2ccccc12)NCc1nnc2n1-c1ccccc1CC2,2,0.6101694915254238,1.8191585967145893,0.9996612495161409
36332254_816,36332254,Cc1nc(C)c2c(C)c(C(=O)N(C)CC[NH+]3CCCC3)sc2n1,2,0.543859649122807,2.2555083684170403,0.9989865836396118
32037496_1980,32037496,N#Cc1ccccc1OCc1csc(-c2ncccn2)n1,2,0.30158730158730157,1.407067873274114,0.9992895638552413
49352627_1965,49352627,CCN(C(=O)N1CCC(CC(=O)N2CCN(C)CC2)CC1)C(C)C,2,0.3617021276595745,1.3914575092329158,0.9990887973981888
49352627_1964,49352627,CCN(C(=O)N1CCC(CC(=O)N2CC[NH+](C)CC2)CC1)C(C)C,2,0.3541666666666667,2.3282437587164297,0.9981273639717514
36258440_1651,36258440,C[NH+](C)C(C)(C)C/[NH+]=c1\nc[nH]c2ccccc12,2,0.4716981132075472,2.1513035583107145,0.9984265948181594
36258440_1650,36258440,C[NH+](C)C(C)(C)CNc1ncnc2ccccc12,2,0.45098039215686275,1.13722425229141,0.9991270033303961
68907961_2986,68907961,CC(C)CN(Cc1cnn(C)c1)C(=O)c1cccc(-c2cnccn2)c1,2,0.3974358974358974,2.061962172301034,0.9993815539615865
73020370_2790,73020370,O=S(=O)(c1cccnc1)N1CCC2(Cc3ccccc3C2)C1,2,0.4807692307692308,1.320447272707053,0.9994032123093093
48826448_2515,48826448,Cc1nc2n(c1C[NH+]1CCN(c3ncccn3)CC1)CCCC2,2,0.46296296296296297,1.8332304819633358,0.9989660379355743
48826448_2513,48826448,Cc1[nH+]c2n(c1CN1CCN(c3ncccn3)CC1)CCCC2,2,0.4339622641509434,1.9199263006688183,0.9986524813045377
48826448_2514,48826448,Cc1nc2n(c1CN1CCN(c3ncccn3)CC1)CCCC2,2,0.4423076923076923,1.6715259495439634,0.9988966952393605
48826448_2516,48826448,Cc1[nH+]c2n(c1C[NH+]1CCN(c3ncccn3)CC1)CCCC2,2,0.45454545454545453,2.632277530960428,0.9974984118421714
73014754_3494,73014754,CNc1nc(C(=O)Nc2ccc3[nH]ncc3c2)cc(C)[nH+]1,2,0.4126984126984127,3.8531509184044737,0.9995941010699495
73014754_3493,73014754,CNc1nc(C)cc(C(=O)Nc2ccc3[nH]ncc3c2)n1,2,0.4262295081967213,1.9731606624905473,0.9990778785083122
32071082_478,32071082,Cc1cccc(NC(=O)c2cccnc2N2CCCCC2)[nH+]1,2,0.49056603773584906,1.583996843430879,0.9992375290860026
32071082_477,32071082,Cc1cccc(NC(=O)c2cccnc2N2CCCCC2)n1,2,0.5,1.6141152375221692,0.9992109009887483
232861350_2329,232861350,COc1ccc(-c2cc(C(C)(C)C)nc(-c3ncccn3)n2)cc1,2,0.6136363636363636,1.2475495982124962,0.9985515203182981
19996324_3119,19996324,O=C(CSc1ccc2c(c1)OCCO2)NC1CCCC1,2,0.6304347826086957,1.1827865403363762,0.9991168588863727
306432_2330,306432,Cc1nc2ncc3c(n2n1)CCCC3=O,2,0.6190476190476191,1.1341838475310637,0.99938531975443
306432_2331,306432,Cc1nn2c3c(cnc2[nH+]1)C(=O)CCC3,2,0.6363636363636364,4.647841326895785,0.9722355796416718
37153227_2816,37153227,CCc1c(O)cc([O-])c(C(=O)c2ccc(OCC[NH+]3CCOCC3)c(OC)c2)c1CC(=O)N(CCOC)CCOC,2,0.3069306930693069,4.498091817648792,0.9978772359675062
37153227_2818,37153227,CCc1c([O-])cc(O)c(C(=O)c2ccc(OCC[NH+]3CCOCC3)c(OC)c2)c1CC(=O)N(CCOC)CCOC,2,0.3069306930693069,4.990869964244765,0.9982735155086989
37153227_2820,37153227,CCc1c(O)cc(O)c(C(=O)c2ccc(OCC[NH+]3CCOCC3)c(OC)c2)c1CC(=O)N(CCOC)CCOC,2,0.31313131313131315,4.165665493051674,0.9983411252260213
37153227_2815,37153227,CCc1c(O)cc([O-])c(C(=O)c2ccc(OCCN3CCOCC3)c(OC)c2)c1CC(=O)N(CCOC)CCOC,2,0.31,4.4199676469407505,0.9984796423387844
37153227_2817,37153227,CCc1c([O-])cc(O)c(C(=O)c2ccc(OCCN3CCOCC3)c(OC)c2)c1CC(=O)N(CCOC)CCOC,2,0.31,3.7720261133773794,0.9987524883069294
37153227_2819,37153227,CCc1c(O)cc(O)c(C(=O)c2ccc(OCCN3CCOCC3)c(OC)c2)c1CC(=O)N(CCOC)CCOC,2,0.3163265306122449,3.6154117331225026,0.9985356849816159
46088801_138,46088801,COCCc1noc(CN2CC(c3ccccc3)(c3ccccc3)CCC2=O)n1,2,0.3888888888888889,2.216380608108652,0.9984408508399787
49336815_2865,49336815,Cc1[nH+]cn(Cc2noc(-c3ccccc3[O-])n2)c1C,2,0.3188405797101449,2.212956619547665,0.9976951647065685
49336815_2862,49336815,Cc1ncn(Cc2noc(-c3ccccc3O)n2)c1C,2,0.31343283582089554,1.6285751441062004,0.9994981733046397
49336815_2863,49336815,Cc1ncn(Cc2noc(-c3ccccc3[O-])n2)c1C,2,0.31343283582089554,2.6123862654666232,0.9978156565349449
49336815_2864,49336815,Cc1[nH+]cn(Cc2noc(-c3ccccc3O)n2)c1C,2,0.3188405797101449,2.749429213491674,0.9995481123843782
48798145_3241,48798145,Fc1ccc(CC/[NH+]=c2/nc[nH]c3ncccc23)cc1,2,0.3728813559322034,2.1974883389909237,0.9985205233753283
48798145_3240,48798145,Fc1ccc(CCNc2ncnc3ncccc23)cc1,2,0.5531914893617021,1.3676066686001427,0.9994952923811065
207623013_36,207623013,Cc1c(-c2c(F)cc(C(N)=O)c3[nH]c4c(c23)CC[C@H](C(C)(C)O)C4)cccc1-n1c(=O)c2cccc(F)c2n(C)c1=O,2,0.24528301886792453,6.305523055227234,0.9996609723857828
202901_1523,202901,Cc1nc(=[NH2+])c2c(C(F)(F)F)cc(C3CCN(C(=O)Cc4ccc(F)cc4)CC3)nc2[nH]1,2,0.3717948717948718,2.857622963233609,0.9984246840029113
202901_1522,202901,Cc1nc(N)c2c(C(F)(F)F)cc(C3CCN(C(=O)Cc4ccc(F)cc4)CC3)nc2n1,2,0.37662337662337664,1.6456251091909266,0.9986439381863282
36922204_1933,36922204,Cc1nnc(N2CCCSCC2)c(C#N)c1C,2,0.3333333333333333,1.6568596802384739,0.9981577760569649
540123_779,540123,COc1cc2nc(N)sc2cc1OC,2,0.4444444444444444,0.9526263695702845,0.9993414873061344
32236728_80,32236728,OC[C@@H]1CCCC[N@H+]1Cc1ccc(Cl)c(Cl)c1,2,0.6046511627906976,1.759642577343428,0.9982865722681394
49670792_1407,49670792,COc1ccc2ccccc2c1CNC(=O)c1cnc(C2CC2)nc1,2,0.41333333333333333,1.4058648583701416,0.9990949654468878
32126735_833,32126735,N#Cc1cc(F)c(N2CCN(CCO)CC2)c(F)c1,2,0.36538461538461536,1.4965777627640338,0.9969310960880825
32126735_832,32126735,N#Cc1cc(F)c(N2CC[NH+](CCO)CC2)c(F)c1,2,0.3888888888888889,1.3317034204356923,0.9984285720617194
177407455_2487,177407455,CCCN(CCC1=CCCCC1)C(=O)[c-]1cc(C(F)F)nn1,2,0.46153846153846156,2.0220210186838625,0.99791063481857
31876232_1226,31876232,Cc1ccc(NC(=O)C(C)(C)c2ccccc2)nc1,2,0.44680851063829785,0.32998939376769454,0.9998599663966066
31239684_601,31239684,O=c1c(-c2ccc(F)cc2)c(-c2ccncc2)[nH]n1-c1ccc(Cl)cc1,2,0.3392857142857143,1.5492891918554943,0.9996209743115746
31239684_603,31239684,Oc1c(-c2ccc(F)cc2)c(-c2ccncc2)nn1-c1ccc(Cl)cc1,2,0.32727272727272727,1.576800558092249,0.9997151679360432
31239684_602,31239684,[O-]c1c(-c2ccc(F)cc2)c(-c2ccncc2)nn1-c1ccc(Cl)cc1,2,0.35185185185185186,2.46224937810924,0.9979674136451605
177285754_2282,177285754,CCC(C)(C)[NH+]1CCN(C(=O)Nc2cnn(CC(C)C)c2C(F)F)CC1,2,0.4,2.1067076209103424,0.9984639798413192
29596013_1416,29596013,CN(C)c1cc(CNc2ccc(C#N)cn2)ccn1,2,0.45098039215686275,0.8259128283297029,0.9994587199143158
29596013_1417,29596013,CN(C)c1cc(CNc2ccc(C#N)cn2)cc[nH+]1,2,0.4230769230769231,1.3933075755200808,0.999280282606391
32015702_1119,32015702,CC(=O)N1CCCN(C(=O)Nc2ccc(N(C)C3CCCCC3)c(F)c2)CC1,2,0.38461538461538464,1.9559373711851995,0.9992270578295149
31592368_1597,31592368,Cn1c(CNc2ccc(C(N)=[NH2+])cc2)[nH+]c2cc(C(=O)N(CCC(=O)[O-])c3ccccn3)ccc21,2,0.3037974683544304,3.593946159863526,0.9981061562753213
31592368_1596,31592368,Cn1c(CNc2ccc(C(N)=[NH2+])cc2)nc2cc(C(=O)N(CCC(=O)[O-])c3ccccn3)ccc21,2,0.3037974683544304,3.2113329008367426,0.9981494494164148
25610913_886,25610913,COc1ccc(-c2nnc3ccc(C(F)(F)F)cn23)cc1OC(C)C,2,0.29310344827586204,1.3483174700346552,0.9991938573138155
49127244_3218,49127244,NS(=O)(=O)N1CC[NH+](Cc2c(F)cccc2N2CCCC2)CC1,2,0.5636363636363636,1.8610781821300433,0.9981978181494284
49127244_3217,49127244,NS(=O)(=O)N1CCN(Cc2c(F)cccc2N2CCCC2)CC1,2,0.58,1.8459412233329107,0.9984877229593522
152649_2043,152649,CCCC(=O)N1CCC(c2cccc(C)[nH+]2)CC1,2,0.4745762711864407,1.9769974709140434,0.9987339399538446
152649_2042,152649,CCCC(=O)N1CCC(c2cccc(C)n2)CC1,2,0.4745762711864407,1.4995092530557816,0.9989890058755169
173035_2143,173035,Cc1noc([C@H]2CC[N@H+](CCc3ccccc3)CC2)n1,2,0.359375,1.6688858558934687,0.9988861170662465
299994993_1262,299994993,C[n+]1cc2c3c(ccc2c2ccc4cc5c(cc4c21)OCO5)OCO3,2,0.2459016393442623,2.044315777956253,0.997958926109239
27513231_762,27513231,Nc1nnc(-c2ccc3c(c2)OCCO3)o1,2,0.5454545454545454,2.411233916483334,0.9975518880977848
44699501_1557,44699501,OCCCCCn1cc(-c2ccccc2-c2ccco2)nn1,2,0.2898550724637681,1.422023206561657,0.9990082914173901
31326902_3543,31326902,Cc1cc(F)ccc1NC(=O)c1cccc2cccnc12,2,0.4262295081967213,0.956927896970679,0.999323432516101
1311623_974,1311623,COc1ccc(C[NH2+]Cc2cccc3ccccc23)cc1,2,0.3888888888888889,1.8646972944690634,0.9987677575035284
1311623_975,1311623,COc1ccc(CNCc2cccc3ccccc23)cc1,2,0.3392857142857143,1.636949602156344,0.9997545772638785
44583632_852,44583632,CCc1nn(Cc2nc(C)cs2)c(CC)[nH+]1,2,0.2903225806451613,1.8508514256960027,0.998757029644977
44583632_853,44583632,CCc1nc(CC)n(Cc2nc(C)cs2)n1,2,0.26666666666666666,1.103006346310157,0.9993300946364129
50614392_111,50614392,COc1ccc(CCC[N@@H+]2CCN(c3cnn(C)c3)C(=O)C2)cc1F,2,0.3037974683544304,1.325211303905894,0.9991126606280452
50614392_110,50614392,COc1ccc(CCCN2CCN(c3cnn(C)c3)C(=O)C2)cc1F,2,0.3194444444444444,2.3408707781507863,0.9982922973999101
171948518_3427,171948518,Cc1ccc(Cl)c(OC[C@@]2(O)CN(C3CCC3)CC[C@@H]2O)c1,2,0.3888888888888889,2.1476987684495943,0.9971463127619346
171948518_3426,171948518,Cc1ccc(Cl)c(OC[C@@]2(O)C[N@@H+](C3CCC3)CC[C@@H]2O)c1,2,0.39436619718309857,1.5335260023873827,0.9991601736853918
316271501_2489,316271501,CCC(CC)[N@H+]1CC[C@H](O)[C@@](O)(COc2cc(C)ccc2Cl)C1,2,0.3835616438356164,2.4655364527825347,0.9983953522119209
316272522_3251,316272522,Cc1ccc(Cl)c(OC[C@@]2(O)C[N@H+](C3CCCC3)CC[C@@H]2O)c1,2,0.39436619718309857,2.720721779234371,0.9985822550504695
36918888_1585,36918888,Cc1cccc(N2CCN(C(=O)c3cncnc3C(C)C)CC2)c1,2,0.3230769230769231,1.5698541333513092,0.999013998323835
36988038_3020,36988038,CCc1ccc(CC)c(C(=O)CSc2nncs2)c1,2,0.5918367346938775,2.126590698747681,0.9988459399786291
531049_2643,531049,COc1cc([C@@H]2c3cc4c(cc3[C@H](O)[C@H]3COC(=O)[C@@H]23)OCO4)cc(OC)c1OC,2,0.2542372881355932,3.1775038945686602,0.9984597312054693
82737865_2897,82737865,O=C(c1n[nH]c2c1COCC2)N1CCC2(C=Cc3ccccc32)CC1,2,0.3283582089552239,2.376045243676543,0.9996065941486808
49951580_2713,49951580,Cc1ccsc1-c1nsc(NC(=O)CN(C)C)n1,2,0.3389830508474576,1.544139890036093,0.9991534793560963
49951580_2714,49951580,Cc1ccsc1-c1nsc(NC(=O)C[NH+](C)C)n1,2,0.3225806451612903,2.058126332371252,0.998943819753841
53744804_2652,53744804,Cc1ncc(C)n2nc([C@@H]3C[C@H]3c3[nH+]c4c5cccnc5ccn4c3C)[nH+]c12,2,0.2236842105263158,4.154444607887178,0.9990737951554411
53744804_2651,53744804,Cc1ncc(C)n2nc([C@@H]3C[C@H]3c3[nH+]c4c5cccnc5ccn4c3C)nc12,2,0.22972972972972974,4.32783976135936,0.9992686199557527
301023837_3313,301023837,COc1cc(CN2CCC[NH2+]CC2)cc2c1OCO2,2,0.328125,1.3600272056103009,0.9989208814177823
301023837_3314,301023837,COc1cc(C[N@H+]2CCC[NH2+]CC2)cc2c1OCO2,2,0.3125,1.9353335629803285,0.9983823202255069
301023837_3315,301023837,COc1cc(C[N@@H+]2CCCNCC2)cc2c1OCO2,2,0.3125,1.4196605228015462,0.9996947965279642
295413823_2908,295413823,CC[C@@H]1C(=O)N(C)c2cnc(-n3cc[nH+]c3-c3ccc(F)cc3)nc2N1c1ccn(C)n1,2,0.23863636363636365,2.627303370378538,0.9994194022526324
295413823_2907,295413823,CC[C@@H]1C(=O)N(C)c2cnc(-n3ccnc3-c3ccc(F)cc3)nc2N1c1ccn(C)n1,2,0.22727272727272727,2.36974724390657,0.9996359598419653
316928211_3475,316928211,O=C(Nc1cccc(N2CCNC2=O)c1)[C@H]1[NH2+]CC12CCCC2,2,0.5645161290322581,2.2790438784718408,0.9981740909869968
316928211_3474,316928211,O=C(Nc1cccc(N2CCNC2=O)c1)[C@H]1NCC12CCCC2,2,0.5737704918032787,2.123355363569574,0.998008230637683
44466255_3625,44466255,CC(C)c1ccccc1OC(=O)NCCc1ccc2ccccc2c1,2,0.3770491803278688,2.1261453383996907,0.9982462331459749
33297195_347,33297195,NC(=O)COc1ccccc1-c1ccccc1,2,0.40476190476190477,1.8548458156946224,0.9948745191025523
3506779_516,3506779,Cc1ccc(-c2cc(NC(=O)CN3CCOCC3)on2)cc1,2,0.40298507462686567,1.2331009691017385,0.9994060124452926
294504_1443,294504,CC(C)(C)NC(=O)Cn1nc(C(c2ccccc2)c2ccccc2)oc1=O,2,0.3220338983050847,1.5750596814086812,0.9994888689524529
36675429_239,36675429,C#CCNC(=O)CN1CCCN(C(=O)c2cccc(C)n2)CC1,2,0.4142857142857143,1.2132753191259245,0.9993717506471994
36675429_240,36675429,C#CCNC(=O)C[N@H+]1CCCN(C(=O)c2cccc(C)n2)CC1,2,0.4305555555555556,1.4678480847824296,0.9994055547115045
194963090_3,194963090,CC(C)(Oc1ccc(-c2c[nH+]c(N)c(-c3ccc(Cl)cc3)c2)cc1)C(=O)[O-],2,0.288135593220339,1.9424659585175417,0.9983437236788253
194963090_2,194963090,CC(C)(Oc1ccc(-c2cnc(N)c(-c3ccc(Cl)cc3)c2)cc1)C(=O)[O-],2,0.288135593220339,3.116683012434907,0.9974148285550432
232859591_2563,232859591,Cc1ncc(-c2ccc(C)c(S(=O)(=O)[N-]Cc3cnn(C)c3C)c2)o1,2,0.578125,3.225254098516794,0.9982223489379006
232859591_2562,232859591,Cc1ncc(-c2ccc(C)c(S(=O)(=O)NCc3cnn(C)c3C)c2)o1,2,0.578125,2.3334202364771324,0.9995411895532216
44053085_3256,44053085,COc1cccc(C(=O)NCC(=O)Nc2cccc3c2CCCC3)c1,2,0.43548387096774194,1.9757563108846206,0.9970324497376829
104352855_1624,104352855,O=C(CSC1CCCC1)NCCn1nc2c(cc1=O)CCCC2,2,0.5714285714285714,1.8215685548449836,0.9985387940252398
49045390_2446,49045390,CCc1cc(CNC(=O)N[C@H]2CC[N@@H+](CC3CCCCC3)CC2)on1,2,0.4461538461538462,2.8958570406702253,0.9987196075787691
235805596_1379,235805596,CC(C)(C)c1ccc(=O)n(CC2CN(CC3(O)CCCC3)C2)n1,2,0.3793103448275862,2.0653970562582917,0.9996656043053895
205724941_1381,205724941,O=c1ccc(C2CC2)nn1CC1CN(CC2(O)CCCC2)C1,2,0.3620689655172414,1.5583988578032768,0.9993551688688764
235805596_1378,235805596,CC(C)(C)c1ccc(=O)n(C[C@H]2C[N@H+](CC3(O)CCCC3)C2)n1,2,0.3898305084745763,2.3528892876630416,0.9982805220071436
205724941_1380,205724941,O=c1ccc(C2CC2)nn1C[C@H]1C[N@@H+](CC2(O)CCCC2)C1,2,0.3728813559322034,1.7794501959872782,0.9989082176120586
49934036_2463,49934036,CC(C)c1cc(N(C)Cc2nnc(C3CC3)[nH]2)n[nH]1,2,0.25,2.025042221781143,0.9993982076733122
49934036_2464,49934036,CC(C)c1cc(N(C)Cc2nnc(C3CC3)[nH]2)[nH]n1,2,0.25,1.7897186929792621,0.9996167903716933
32005722_968,32005722,O=C1NCCCC[C@@H]1NC(=O)N1CCc2sccc2C1,2,0.4090909090909091,1.883256488107009,0.9997750337010273
157723_785,157723,CNC(=O)c1cn(C)nc1C[C@H]1CC[N@H+](Cc2cnc(-c3ccc(OC)cc3)nc2)CC1,2,0.39436619718309857,2.277470965786489,0.9982016515981784
24128634_835,24128634,O=C(NCc1cccnc1)c1cnn(-c2ccccc2)c1,2,0.5087719298245614,0.729004801082099,0.9997482774435508
316900455_3037,316900455,Cn1cc(NC(=O)c2cnn3cccnc23)c(C2CCCCC2)n1,2,0.4675324675324675,2.187071786658992,0.9994894803677157
3565214_777,3565214,CN1C(=O)N(CC(=O)Nc2ccccc2-c2ccccc2)C(=O)C1(C)C,2,0.3888888888888889,1.8747167786093106,0.9994197562816347
49972886_2402,49972886,CCc1nc(CNc2ccc(C#N)nc2)cs1,2,0.42592592592592593,1.2905347728760208,0.9996730517586051
310102_2821,310102,OC1CCN(c2nccc(-c3cccs3)n2)CC1,2,0.5925925925925926,2.2103287085864225,0.9978530429482336
31854715_1833,31854715,CNC(=O)CCc1nc(-c2ccccn2)no1,2,0.4716981132075472,1.5113417879489537,0.9993517041327498
35754541_1581,35754541,C[N@@H+]1CCc2ncnc(N3CCCN(c4nccs4)CC3)c2C1,2,0.3770491803278688,2.2807439575718287,0.9984332816846632
35754541_1582,35754541,CN1CCc2ncnc(N3CCCN(c4nccs4)CC3)c2C1,2,0.42105263157894735,1.4179446392571555,0.998922795555975
42946564_1850,42946564,COc1cc(CNc2nc3ccccc3nc2C)ccn1,2,0.3709677419354839,1.488431053156798,0.9995683048886496
42946564_1851,42946564,COc1cc(CNc2[nH+]c3ccccc3nc2C)ccn1,2,0.3582089552238806,1.5393748731219545,0.9994308591727198
49160264_2063,49160264,CN(C)c1ccc(-c2ccc(COCc3cccs3)cc2)nn1,2,0.3188405797101449,1.9428849682880562,0.9989581560800253
44568872_439,44568872,Cc1cc(Nc2ccc3c(c2)oc(=O)n3C)nc(C2CC2)[nH+]1,2,0.3709677419354839,1.692808317560133,0.9991337529826175
44568872_438,44568872,Cc1cc(Nc2ccc3c(c2)oc(=O)n3C)nc(C2CC2)n1,2,0.3389830508474576,1.3043055623584745,0.9997088439870672
1533629_538,1533629,COc1ccc(C(=O)c2ccccc2)c(Oc2nc3c(c(=O)n(C)c(=O)n3C)n2C)c1,2,0.43859649122807015,1.899851309971169,0.9984634653105009
338392_781,338392,CCOC(=O)[C@]1(Cc2cc(-c3ccc(F)cc3)no2)CC[N@H+](Cc2ccccc2[O-])CC1,2,0.3333333333333333,3.297214582037476,0.9974012713184934
338392_780,338392,CCOC(=O)[C@]1(Cc2cc(-c3ccc(F)cc3)no2)CC[N@H+](Cc2ccccc2O)CC1,2,0.33766233766233766,2.062036129654121,0.9987866800382829
32278042_580,32278042,CCCCc1nc2cc(/C=C/C(=O)N[O-])ccc2n1CC[NH+](CC)CC,2,0.2345679012345679,3.713382420381754,0.995638194947444
32278042_581,32278042,CCCCc1[nH+]c2cc(/C=C/C(=O)N[O-])ccc2n1CC[NH+](CC)CC,2,0.23170731707317074,5.674553550721023,0.9946897003562339
32278042_582,32278042,CCCCc1nc2cc(/C=C/C(=O)NO)ccc2n1CC[NH+](CC)CC,2,0.24050632911392406,2.9539292476292123,0.9965197854456227
31878068_1396,31878068,Cc1ccc(C(=O)NCCc2csc(C)n2)cn1,2,0.4528301886792453,1.226607516690093,0.999488154853184
177498530_2422,177498530,Cc1cc(C(=O)N(C)CCCC2CCCC2)cc(C)[nH+]1,2,0.5,2.016334793629301,0.9977868849184489
177498530_2421,177498530,Cc1cc(C(=O)N(C)CCCC2CCCC2)cc(C)n1,2,0.5,1.3165485179056808,0.9987287459037177
13329162_2861,13329162,CN1CCN(S(=O)(=O)Cc2ccc(Cl)c(Cl)c2)CC1,2,0.2982456140350877,2.107724128058426,0.9956311702792838
13329162_2860,13329162,C[NH+]1CCN(S(=O)(=O)Cc2ccc(Cl)c(Cl)c2)CC1,2,0.3333333333333333,1.6620475324128743,0.9973804247020678
13329354_101,13329354,CCN1CCN(S(=O)(=O)Cc2ccc(Cl)c(Cl)c2)CC1,2,0.3103448275862069,2.400013749960564,0.9956890492382486
13329354_100,13329354,CC[NH+]1CCN(S(=O)(=O)Cc2ccc(Cl)c(Cl)c2)CC1,2,0.30357142857142855,2.0267412266986105,0.9980382351793803
48780034_1870,48780034,CC(=O)N1CCC[N@@H+](Cc2c(C)nn(C)c2Cl)CC1,2,0.38235294117647056,1.3066587159621628,0.9992507912209291
48780034_1871,48780034,CC(=O)N1CCCN(Cc2c(C)nn(C)c2Cl)CC1,2,0.36363636363636365,0.767379958038769,0.9995358720997806
49953876_310,49953876,COc1nc(C)[nH+]c(N(C)Cc2nccs2)c1C,2,0.2647058823529412,1.567287146632696,0.9984254054786681
49953876_309,49953876,COc1nc(C)nc(N(C)Cc2nccs2)c1C,2,0.26865671641791045,1.008715519857726,0.9991399580797581
49945934_1105,49945934,Cc1cnn(/C=C2/NN=C(c3ccccc3)S2)c1,2,0.23728813559322035,1.4550230238732722,0.9996911561676538
48276932_1550,48276932,O=C1CCCN1c1ccc(NCc2ccccn2)[nH+]c1,2,0.36764705882352944,1.6686854107353757,0.9993949478569139
48276932_1549,48276932,O=C1CCCN1c1ccc(NCc2ccccn2)nc1,2,0.3582089552238806,1.0356307256934623,0.9995980927737167
48749260_759,48749260,Cc1csc(CN(C)c2ccnc(N(C)C)[nH+]2)n1,2,0.33962264150943394,1.5598721101422017,0.9992848841886285
48749260_757,48749260,Cc1csc(CN(C)c2cc[nH+]c(N(C)C)n2)n1,2,0.37037037037037035,1.556679800087587,0.998194491395659
48749260_758,48749260,Cc1csc(CN(C)c2ccnc(N(C)C)n2)n1,2,0.4166666666666667,1.0634608596468873,0.9990582934023479
324135965_2548,324135965,CC(C)(O)CCn1cc2cc(NC(=O)c3cccc(C(F)F)n3)c(OCC3COC3)cc2n1,2,0.5625,2.704640086961596,0.9991677021931222
324134429_2549,324134429,CC(C)(O)CCn1cc2cc(NC(=O)c3ccn(C(F)F)n3)c(OCC3COC3)cc2n1,2,0.7714285714285715,2.772242594001601,0.9990267002547311
324056965_1,324056965,CCOc1cc2nn(CCC(C)(C)O)cc2cc1NC(=O)c1cccc(C(F)F)n1,2,0.6027397260273972,2.417769012954396,0.9989253447163291
232859404_2267,232859404,COc1cccc(C)c1C(=O)N(C)Cc1[nH]cc[nH+]1,2,0.45901639344262296,2.0292749936862364,0.9984947609899564
232859404_2266,232859404,COc1cccc(C)c1C(=O)N(C)Cc1ncc[nH]1,2,0.5344827586206896,1.9397053900012273,0.9981790222385598
31834534_3062,31834534,Cc1ccc(NC(=O)CN2C(=O)CN(C)C2=O)cc1C,2,0.42424242424242425,2.883131457287552,0.9952021975492917
410858_307,410858,Cc1ccc(-c2nc(NCc3ccco3)ncc2-c2cc(C)no2)cn1,2,0.5373134328358209,2.1645983461147207,0.9992923327635085
410858_308,410858,Cc1ccc(-c2[nH+]c(NCc3ccco3)ncc2-c2cc(C)no2)cn1,2,0.42028985507246375,2.8956589923546936,0.9990677047926642
17107056_3635,17107056,O=c1c2cc(OCc3ccc(Cl)cc3)ccc2nc2n1CCCCC2,2,0.40625,1.49184147951427,0.9992137402291789
29569223_510,29569223,Cc1ccc(-c2nc(C(=O)N3CCc4ccccc4C3)cs2)o1,2,0.35526315789473684,1.223723007874088,0.9991953168065126
49667242_782,49667242,COc1cc(C[N@H+]2CC[C@H](c3ccnc(C)n3)CC2)ccc1F,2,0.5263157894736842,1.4363752991471683,0.9989545320465921
271815_2482,271815,Cc1ncsc1-c1cncc(C[C@@H]2CCC[N@H+](C)C2)n1,2,0.4032258064516129,1.6328211782066082,0.9994489712362634
1557497_3690,1557497,COc1cccc(-n2c(COc3cccc4ccccc34)n[nH+]c2[S-])c1,2,0.4,2.262470331297056,0.9970070884249433
1557473_3682,1557473,COc1cc(OC)cc(-n2c(COc3cccc4ccccc34)n[nH+]c2[S-])c1,2,0.36363636363636365,2.585780346433305,0.9956537847290615
49352631_2016,49352631,CCN(C(=O)N1CCC(OC2CCOCC2)CC1)C(C)C,2,0.3617021276595745,1.9813452500765911,0.9990240699240399
30039419_1794,30039419,Nc1ccccc1OCCn1ccnc1,2,0.4666666666666667,1.3442611353454375,0.9995045598255742
30039419_1795,30039419,Nc1ccccc1OCCn1cc[nH+]c1,2,0.45652173913043476,1.9646371166198335,0.9978671086736193
32106793_2130,32106793,Cc1cc(C)n(-c2cc(Nc3ccccc3C)ncn2)n1,2,0.32142857142857145,1.556240662621779,0.9992282543981784
168892617_57,168892617,CCc1nc(C)cn2nc(-c3cc(=O)n4cc([C@H]5CC[N@H+](C)CC5)cc(C)c4[nH+]3)cc12,2,0.32222222222222224,4.281577629799638,0.9987440156430046
168892617_56,168892617,CCc1nc(C)cn2nc(-c3cc(=O)n4cc([C@H]5CC[N@H+](C)CC5)cc(C)c4n3)cc12,2,0.27472527472527475,3.156339018546237,0.9984380981267407
168892617_58,168892617,CCc1[nH+]c(C)cn2nc(-c3cc(=O)n4cc([C@H]5CC[N@H+](C)CC5)cc(C)c4n3)cc12,2,0.3448275862068966,3.4531191696786174,0.9979458982413401
322812_3285,322812,O[C@]1(c2cccnc2F)CC[N@H+](Cc2ccc(-c3ccc(F)cc3)o2)CC1,2,0.34285714285714286,1.8939324169570964,0.9994716443274215
322812_3286,322812,OC1(c2cccnc2F)CCN(Cc2ccc(-c3ccc(F)cc3)o2)CC1,2,0.3380281690140845,1.6415931286404604,0.998984264746793
16154631_3684,16154631,O=c1c(=O)n(-c2ccc(F)c(F)c2)ccn1Cc1ccccc1Cl,2,0.625,1.419243108138803,0.9989917557065354
48309286_1281,48309286,Cc1nccn1CCCN1C(=O)SC(C)(C)C1=O,2,0.40816326530612246,1.0829995383203557,0.9994373296095058
48309286_1282,48309286,Cc1[nH+]ccn1CCCN1C(=O)SC(C)(C)C1=O,2,0.4,1.4148989363211097,0.998586877554446
49065818_778,49065818,Cc1nc(Cl)cc(Nc2ccc3c(c2)N(C)C(=O)CO3)n1,2,0.47619047619047616,0.9734726498473142,0.9992302426606223
1933753_3135,1933753,C[NH+]1CCC(=C2c3ccccc3CCc3sccc32)CC1,2,0.25925925925925924,2.079599721100228,0.9991104295054215
171813311_2415,171813311,CCc1c(C(=O)N2CC[C@@](O)(CC(C)C)[C@@H](Oc3ccc(F)cc3)C2)[nH]c2ccc(C)cc12,2,0.2903225806451613,3.3832596707908666,0.9994777834425261
171813288_2879,171813288,CCOc1ccc2[nH]c(C(=O)N3CC[C@@](O)(CC(C)C)[C@@H](Oc4ccc(F)cc4)C3)c(C)c2c1,2,0.2988505747126437,4.713008381066439,0.9994468545650005
171813207_3354,171813207,Cc1cc(C)c2[nH]c(C(=O)N3CC[C@@](O)(CC(C)C)[C@@H](Oc4ccc(F)cc4)C3)c(C)c2c1,2,0.26136363636363635,4.495730085314034,0.9995032822697382
26239500_3590,26239500,CNC(=O)c1ccc(/C=C/c2nc3cc(Cl)ccc3o2)cc1,2,0.375,2.578349665968551,0.9959886737018262
177420398_3144,177420398,CC(C)Cc1nnc(-c2ccc(N3CCN(C)CC3)cc2)[nH]1,2,0.2698412698412698,1.4300818158416222,0.9986861707745621
177420398_3143,177420398,CC(C)Cc1nnc(-c2ccc(N3CC[NH+](C)CC3)cc2)[nH]1,2,0.2923076923076923,1.6019803369581458,0.9982994452890439
222788220_2525,222788220,COCCc1nnc(-c2ccc(N3CC[NH+](C)CC3)cc2)[nH]1,2,0.3387096774193548,2.2389187122359546,0.9987253042102668
222788220_2526,222788220,COCCc1nnc(-c2ccc(N3CCN(C)CC3)cc2)[nH]1,2,0.35,2.000940029086314,0.9983327945996688
49343397_3414,49343397,COc1cc(C#N)ccc1Cn1ccnc1C(C)C,2,0.3793103448275862,1.7221173014635047,0.9987203803352731
49343397_3415,49343397,COc1cc(C#N)ccc1Cn1cc[nH+]c1C(C)C,2,0.3728813559322034,1.7836712140974582,0.9992380881477443
36919308_2167,36919308,O=C(NCCc1cnn(-c2ccccc2)c1)N1CCC1,2,0.5283018867924528,1.222885930903078,0.9994845919540419
258731_3720,258731,COc1cccc(S(=O)(=O)N2CCO[C@@H](c3c(C(N)=O)sc4ncccc34)C2)c1,2,0.32989690721649484,2.555061643092149,0.9986658968328188
30451421_1576,30451421,O=C(NC1=NS(=O)(=O)c2ccccc21)c1cc(-c2ccc(F)cc2)no1,2,0.3,2.5972086939636028,0.9993295566876743
25614739_648,25614739,Cc1cc(-c2nnc3ccc4ccccc4n23)n(C)n1,2,0.3448275862068966,1.1258339131506192,0.9992859652122218
53777805_1276,53777805,Cc1cccn(Cc2cccnc2)c1=O,2,0.5333333333333333,1.2262495667685778,0.9991225854448927
24879320_1739,24879320,O=C(NCCN1CCC(O)(c2cccc(F)c2)CC1)c1cccc(F)c1,2,0.3484848484848485,1.5240390414946199,0.998136121131539
24879320_1738,24879320,O=C(NCC[N@H+]1CC[C@](O)(c2cccc(F)c2)CC1)c1cccc(F)c1,2,0.38461538461538464,2.234307051414371,0.9974062216906203
19991792_1925,19991792,C#CCNC(=O)CCc1c(C)nn(C)c1C,2,0.5,0.7130021037846752,0.9996269910972861
48337566_997,48337566,CN1CCCN(c2nc(C(F)(F)F)nc3cc4c(cc23)OCO4)CC1,2,0.2857142857142857,1.119800875155641,0.9991064372262848
48337566_996,48337566,C[N@H+]1CCCN(c2nc(C(F)(F)F)nc3cc4c(cc23)OCO4)CC1,2,0.3194444444444444,1.8331361106039483,0.9988963488665479
18915110_899,18915110,Cc1ccc(C)c(C(=O)Nc2cnc3c(c2)c(C)nn3C)c1,2,0.46875,1.4732348760465201,0.9989308736529112
48297162_3667,48297162,C1CCN(c2nc(NC3CC3)nc(N3CCCCC3)n2)CC1,2,0.32558139534883723,5.885328792854297,0.9813736297683227
152525_466,152525,CN(C)c1cccc(C(=O)N2CCC[C@H](c3cccc(-c4cccs4)n3)C2)c1,2,0.4788732394366197,2.528202721302223,0.9978757445479836
152525_467,152525,CN(C)c1cccc(C(=O)N2CCC[C@H](c3cccc(-c4cccs4)[nH+]3)C2)c1,2,0.47368421052631576,1.999049774267747,0.9982430741036679
2868274_2873,2868274,Cc1csc(Cc2nc(-c3ccc(O)cc3)no2)n1,2,0.40425531914893614,1.459944519493807,0.9990612674273617
2868274_2874,2868274,Cc1csc(Cc2nc(-c3ccc([O-])cc3)no2)n1,2,0.40425531914893614,1.6296392238776796,0.9983871790918105
49979686_3224,49979686,Cc1ccnc(N2CC(O)(c3ccc(F)cc3)C2)c1C#N,2,0.4262295081967213,1.6684873388792527,0.9988550535072209
43251541_528,43251541,Cc1cc(C(=O)N(C)C2CCC2)n2nccc2n1,2,0.5490196078431373,1.4515312604282413,0.9989571447330114
36571105_208,36571105,Cc1ccccc1-c1nc(Cn2ccnc2C(C)C)c(C)o1,2,0.44642857142857145,1.866704582948016,0.9990767698291341
36571105_209,36571105,Cc1ccccc1-c1nc(Cn2cc[nH+]c2C(C)C)c(C)o1,2,0.45614035087719296,1.5099920529595239,0.9986365532938604
38281327_3149,38281327,O=C([O-])Cc1ccc(Oc2ccncc2)cc1,2,0.38095238095238093,1.6453771604104037,0.9975227290855996
300480727_1806,300480727,CCc1noc(-c2ccc(CC[NH3+])cc2)n1,2,0.3333333333333333,1.834509743773481,0.9974873089437226
147149_1085,147149,Cc1[nH+]c([C@H]2CC[C@H](CNC(=O)C[N@H+]3CC[C@@H](c4ccccc4)CC3)CC2)ccc1C(N)=O,2,0.35714285714285715,4.0586059182927405,0.9973177674436945
147149_1083,147149,Cc1nc([C@H]2CC[C@@H](CNC(=O)C[N@H+]3CC[C@H](c4ccccc4)CC3)CC2)ccc1C(N)=O,2,0.527027027027027,4.369029297223831,0.996658057418293
147149_1084,147149,Cc1nc([C@H]2CC[C@H](CNC(=O)CN3CCC(c4ccccc4)CC3)CC2)ccc1C(N)=O,2,0.527027027027027,2.4220177538574044,0.9984364399134228
36997483_1036,36997483,COc1ccc(CN2CCN(c3cc(C)[nH+]c(N)n3)CC2)cc1OC,2,0.4225352112676056,2.1436580884085643,0.9962108804767679
36997483_1035,36997483,COc1ccc(C[NH+]2CCN(c3cc(C)[nH+]c(N)n3)CC2)cc1OC,2,0.4383561643835616,2.2967289783518656,0.9972878526080311
36997483_1038,36997483,COc1ccc(CN2CCN(c3cc(C)nc(N)n3)CC2)cc1OC,2,0.4057971014492754,2.6216580631349937,0.9964209876930226
36997483_1037,36997483,COc1ccc(C[NH+]2CCN(c3cc(C)nc(N)n3)CC2)cc1OC,2,0.4225352112676056,1.80743713583621,0.9989596129614954
2332052_2102,2332052,O=C1c2cccc3cccc(c23)C(=O)N1CC[NH+]1CCOCC1,2,0.3387096774193548,1.8242508051252537,0.9993632744975224
2332052_2101,2332052,O=C1c2cccc3cccc(c23)C(=O)N1CCN1CCOCC1,2,0.3389830508474576,1.9167503749838914,0.998578942151092
177414009_3343,177414009,Cc1nc(-c2ccc(S(=O)(=O)N(C)C)cc2)cc(C(C)C)n1,2,0.46808510638297873,1.5216343187506463,0.998884540253245
36568125_1993,36568125,CCC[N@@H+]1CCn2nc(-c3nc4cc(OC)ccc4[nH]3)cc2C1,2,0.27848101265822783,2.05336139050105,0.9989778188448695
36568125_1994,36568125,CCC[N@@H+]1CCn2nc(-c3nc4ccc(OC)cc4[nH]3)cc2C1,2,0.27848101265822783,2.136949227286414,0.9990806703388163
36568125_1997,36568125,CCC[N@H+]1CCn2nc(-c3[nH]c4cc(OC)ccc4[nH+]3)cc2C1,2,0.2911392405063291,5.326539871248491,0.9938801846093445
36568125_1998,36568125,CCCN1CCn2nc(-c3[nH]c4cc(OC)ccc4[nH+]3)cc2C1,2,0.28378378378378377,3.4037488156443887,0.9970808933811134
36568125_1996,36568125,CCCN1CCn2nc(-c3nc4ccc(OC)cc4[nH]3)cc2C1,2,0.2777777777777778,1.5814423796015258,0.9990214196375267
36568125_1995,36568125,CCCN1CCn2nc(-c3nc4cc(OC)ccc4[nH]3)cc2C1,2,0.2602739726027397,1.4498944789188528,0.9989760985982479
177360703_2105,177360703,Cn1c(C(=O)N2CCN(CCc3ccccc3)C(=O)C2)cc(=O)n(C)c1=O,2,0.5517241379310345,1.9551393812206659,0.9991540576773018
49936164_820,49936164,CN(Cc1ccncc1)Cc1cc2ccccc2[nH]c1=O,2,0.3442622950819672,1.099367545454762,0.9989662379180472
49936164_819,49936164,C[N@@H+](Cc1ccncc1)Cc1cc2ccccc2[nH]c1=O,2,0.2982456140350877,1.330748285740278,0.9994925226544006
45697853_1836,45697853,N#CC1(CN2CCc3cc(-c4ccccc4)oc3C2)CC1,2,0.24285714285714285,2.3354151665174574,0.9979122801260014
45697853_1837,45697853,N#CC1(C[N@H+]2CCc3cc(-c4ccccc4)oc3C2)CC1,2,0.2463768115942029,2.3063022351807354,0.9971621837226096
30571034_1761,30571034,C[N@@H+]1CCc2nc(NC(=O)c3ccc(Cl)s3)sc2C1,2,0.5573770491803278,2.472079893531272,0.9993907223411888
30571034_1762,30571034,CN1CCc2nc(NC(=O)c3ccc(Cl)s3)sc2C1,2,0.35714285714285715,2.1122431204763323,0.9992563175571831
300636138_1145,300636138,CC(C)(C)Sc1c(CC(C)(C)C(=O)[O-])n(Cc2ccc(Cl)cc2)c2ccc(OCc3ccc4ccccc4n3)cc12,2,0.2962962962962963,8.225166502873998,0.9975220676453878
38522400_1941,38522400,CC(C)n1nnnc1-c1ccc(N)cc1F,2,0.25,1.5344145463335654,0.9987281586008135
408502_1031,408502,Cc1nc2c(c(N(C)Cc3ccccc3)n1)CCN(Cc1ccccc1)C2,2,0.3582089552238806,1.8129933811242354,0.998563323744623
408502_1033,408502,Cc1nc(N(C)Cc2ccccc2)c2c([nH+]1)C[N@@H+](Cc1ccccc1)CC2,2,0.32857142857142857,3.4097649479104954,0.9969640311898103
408502_1030,408502,Cc1nc2c(c(N(C)Cc3ccccc3)n1)CC[N@@H+](Cc1ccccc1)C2,2,0.36363636363636365,2.026972126103474,0.9983163640941942
408502_1032,408502,Cc1nc(N(C)Cc2ccccc2)c2c([nH+]1)CN(Cc1ccccc1)CC2,2,0.3333333333333333,2.555141874729947,0.997635957300449
300011391_120,300011391,O=c1[nH]ccc2c(S(=O)(=O)N3CCCNCC3)cccc12,2,0.5686274509803921,1.763592923551345,0.9984978346087938
300011391_119,300011391,O=c1[nH]ccc2c(S(=O)(=O)N3CCC[NH2+]CC3)cccc12,2,0.5576923076923077,1.6342894480476693,0.9975814512071322
49679970_691,49679970,CCCN(C(=O)c1c(CC)noc1C)C1Cc2ccccc2C1,2,0.2923076923076923,1.902543297798799,0.9986762159906797
1296389_266,1296389,CC(=O)Nc1ccc2[nH]c(C)cc(=O)c2c1,2,0.35384615384615387,1.1054795339579981,0.9992614024641892
38477365_2397,38477365,Cc1ccc(C[NH3+])c(-n2cc(Cl)cn2)n1,2,0.23728813559322035,2.1619061034194615,0.9985226000659014
38477365_2398,38477365,Cc1ccc(CN)c(-n2cc(Cl)cn2)n1,2,0.23728813559322035,1.9545168200860707,0.9992352917507856
31407175_2711,31407175,COc1cc(OC)c(OC)cc1C[NH2+]C(C)(C)C,2,0.25862068965517243,2.117693320573157,0.9976315475942166
299971700_608,299971700,COc1cc2c(cc1OC)-c1cc3ccc(OC)c(OC)c3c[n+]1CC2,2,0.3333333333333333,1.7402221122606767,0.9989270113885944
177407455_2485,177407455,CCCN(CCC1=CCCCC1)C(=O)c1cc(C(F)F)[nH]n1,2,0.5573770491803278,1.9692277674252079,0.9979100715071029
177407455_2486,177407455,CCCN(CCC1=CCCCC1)C(=O)c1cc(C(F)F)n[nH]1,2,0.532258064516129,1.9714565681239997,0.9983418011177491
45636709_95,45636709,O=C(Nc1ccc2ccccc2n1)c1ccc(N2CCOC2=O)cc1,2,0.38596491228070173,1.1849569612435602,0.9992320939999997
50132153_1268,50132153,CCc1ccc(S(=O)(=O)NCc2ccnc(N3CCCC3)n2)cc1,2,0.31746031746031744,1.868798009416707,0.9992036360829776
50132153_1269,50132153,CCc1ccc(S(=O)(=O)[N-]Cc2ccnc(N3CCCC3)n2)cc1,2,0.31746031746031744,2.0820247356840245,0.9974251374153345
708404_3082,708404,Cc1nsc(Nc2ccccc2)c1C#N,2,0.3191489361702128,1.086416586765705,0.9995022235206427
44447553_1482,44447553,Cn1cnnc1CCn1ccnc1-c1cc2ccccc2s1,2,0.47692307692307695,1.8872469366777709,0.9991735834270483
44447553_1481,44447553,Cn1cnnc1CCn1cc[nH+]c1-c1cc2ccccc2s1,2,0.4696969696969697,2.7314541914520305,0.9992969116929676
48430874_623,48430874,CCc1cc(NCc2cccc(OCCOC)c2)nc[nH+]1,2,0.373134328358209,1.823432751707597,0.9982494003145284
48430874_622,48430874,CCc1cc(NCc2cccc(OCCOC)c2)ncn1,2,0.3787878787878788,1.3561515402052833,0.9985250872728184
30658737_2073,30658737,CN(Cc1cccc(C#N)c1)c1cnc2ccccc2n1,2,0.47058823529411764,1.7194624159893503,0.998325089732237
30658737_2074,30658737,CN(Cc1cccc(C#N)c1)c1cnc2ccccc2[nH+]1,2,0.4727272727272727,1.8889338262629307,0.9973374741302214
136829_2209,136829,O=C(NCc1ccc(F)cc1)C1(Cc2ccc(-c3cccnc3)cc2)CCOCC1,2,0.5454545454545454,2.116352050108908,0.9983800915060651
53808517_2665,53808517,CCCS(=O)(=O)N[C@H]1CC[N@H+](Cc2ccc(C)c(OC)c2)CC1,2,0.5,1.7596897453814238,0.9986475850410023
53808517_2666,53808517,CCCS(=O)(=O)[N-][C@H]1CC[N@H+](Cc2ccc(C)c(OC)c2)CC1,2,0.5,2.963098884613757,0.995210654080317
48301846_1790,48301846,CN(C)C1CN(c2nc(-c3cnccn3)nc3sc4c(c23)CCCC4)C1,2,0.4931506849315068,2.51204478463205,0.9992585216279858
48301846_1789,48301846,C[NH+](C)C1CN(c2nc(-c3cnccn3)nc3sc4c(c23)CCCC4)C1,2,0.5,3.0444590652527523,0.9992703129916058
232847546_2684,232847546,CCCc1cc(C(=O)Nc2ccc(-c3nnc(C)[nH]3)cc2)no1,2,0.46774193548387094,1.2764677825934234,0.9993991763258209
32093544_233,32093544,CC[N@H+]1CC[C@H](CNC(=O)c2cc(C)nc3cc(F)ccc23)CC1,2,0.44776119402985076,1.6619449449365777,0.9991429497218934
49299793_1598,49299793,Brc1cc2c(cc1Cn1cncn1)OCCCO2,2,0.36538461538461536,3.747875798369028,0.9771332028108166
139303_123,139303,CN(C)C(=O)C1(Cc2ccccc2-c2cccc(F)c2)CCN(C(=O)[C@H]2CC=CCC2)CC1,2,0.49333333333333335,3.694607286302427,0.9996087285013135
32278090_2004,32278090,COc1ccc2cc(-c3[nH]c(-c4ccc([S@@](C)=O)cc4)[nH+]c3-c3ccncc3)ccc2c1,2,0.4025974025974026,1.6636595204545417,0.9984745692884067
32278090_2005,32278090,COc1ccc2cc(-c3[nH]c(-c4ccc([S@](C)=O)cc4)nc3-c3ccncc3)ccc2c1,2,0.4,1.2007010452230749,0.9995584607453215
32278090_2006,32278090,COc1ccc2cc(-c3nc(-c4ccc([S@](C)=O)cc4)[nH]c3-c3ccncc3)ccc2c1,2,0.36363636363636365,1.47456095160519,0.9991102917140908
49132706_2478,49132706,CC(=O)N1CCN(Cc2nc([O-])cc(C(F)(F)F)n2)C(C)(C)C1,2,0.3076923076923077,2.0566424093654083,0.9985200601509707
49132706_2477,49132706,CC(=O)N1CC[N@H+](Cc2nc(=O)cc(C(F)(F)F)[nH]2)C(C)(C)C1,2,0.3055555555555556,1.6027476407722208,0.9989652593151199
49132706_2476,49132706,CC(=O)N1CCN(Cc2nc(=O)cc(C(F)(F)F)[nH]2)C(C)(C)C1,2,0.28169014084507044,1.186749341689441,0.998931754718546
49937270_850,49937270,CC(C)c1nnc(CNC(=O)C2(C)CCC2)n1C,2,0.42,1.0402932278932706,0.999229143600959
44492208_994,44492208,CN(CC(=O)NC1CC1)C(=O)[C@H]1[C@@H]2C[C@H]3C[C@@H](C2)C[C@@H]1C3,2,0.4230769230769231,1.2561683804325756,0.9991214520066674
31247054_1485,31247054,CC(C)c1noc(-c2ccc(N(C)Cc3cccnc3)nc2)n1,2,0.3787878787878788,1.1423296371887663,0.9994794510545882
49969712_3323,49969712,c1cnc(NCc2cnc3ccsc3c2)[nH+]c1,2,0.4716981132075472,1.5043739561686584,0.9991826007227624
49969712_3322,49969712,c1cnc(NCc2cnc3ccsc3c2)nc1,2,0.4222222222222222,1.2334309871254368,0.9996274521502274
60174709_3531,60174709,Nc1nc2cccc(OC[C@H]3CC[N@H+](Cc4c(Cl)cccc4Cl)CC3)c2c(N)[nH+]1,2,0.35294117647058826,3.844590615397116,0.9940453078748579
60174709_3529,60174709,Nc1nc(N)c2c(OC[C@H]3CC[N@H+](Cc4c(Cl)cccc4Cl)CC3)cccc2[nH+]1,2,0.3389830508474576,3.408214341851195,0.9952392241379033
60174709_3530,60174709,Nc1nc(N)c2c(OC[C@H]3CC[N@H+](Cc4c(Cl)cccc4Cl)CC3)cccc2n1,2,0.36363636363636365,2.892984963666385,0.995804273508861
200967_79,200967,Cc1ncsc1C(=O)N1CCCC[C@H]1c1nc(N(C)C)ncc1-c1cccc(Cl)c1,2,0.6282051282051282,2.433606993744092,0.9990502108561257
32674428_2695,32674428,COc1cc(OC)cc(C(=O)NCc2noc(-c3ccccc3)n2)c1,2,0.3548387096774194,0.9583261448997111,0.999208224094953
43366906_1204,43366906,CCc1cc2c(cc1N1CCC(N3CCOCC3)CC1)C(C)(C)c1[nH]c3cc(C#N)ccc3c1C2=O,2,0.30303030303030304,3.574367916149687,0.9973197236676257
43366906_1203,43366906,CCc1cc2c(cc1N1CCC([NH+]3CCOCC3)CC1)C(C)(C)c1[nH]c3cc(C#N)ccc3c1C2=O,2,0.3448275862068966,4.274322051506726,0.998672371092308
49176076_404,49176076,Nc1cncc(-c2ccc(C[NH+]3CCCCC3)cc2)c1,2,0.5526315789473685,1.8912998175856481,0.9968816513100571
49945424_2340,49945424,CCc1cnccc1C(=O)Nc1cnccn1,2,0.39215686274509803,1.393953729505105,0.9991850311883432
43141052_1045,43141052,N#Cc1ccccc1-c1ccc(-c2[nH+]ccn2-c2cccnc2)o1,2,0.26666666666666666,3.2467918011478845,0.9988645886244416
43141052_1044,43141052,N#Cc1ccccc1-c1ccc(-c2nccn2-c2cccnc2)o1,2,0.27419354838709675,1.438573946657555,0.9987886752456852
53882383_2134,53882383,CNC(=O)N1CCc2[nH+]c3ccc(Cl)cn3c(=O)c2C1,2,0.34328358208955223,1.8554546612623393,0.9995636155839145
53882383_2135,53882383,CNC(=O)N1CCc2nc3ccc(Cl)cn3c(=O)c2C1,2,0.34328358208955223,1.6022861791823402,0.999646173205693
104336630_412,104336630,CC(C)(C)NC(=O)c1cncn1C1CCN(c2ccc(-c3nnc(C(F)(F)F)o3)cn2)CC1,2,0.27586206896551724,1.808512372088619,0.9990190447975298
104336630_411,104336630,CC(C)(C)NC(=O)c1c[nH+]cn1C1CCN(c2ccc(-c3nnc(C(F)(F)F)o3)cn2)CC1,2,0.27380952380952384,1.284777023455747,0.9994968144888031
49968164_1448,49968164,CCc1cc(N(C)Cc2ccc(N)nc2)nc(C)n1,2,0.6444444444444445,1.2819348657400358,0.9990530300925131
49968164_1447,49968164,CCc1cc(N(C)Cc2ccc(N)nc2)nc(C)[nH+]1,2,0.625,1.9693834060437985,0.9986358178374675
49968164_1449,49968164,CCc1cc(N(C)Cc2ccc(N)[nH+]c2)nc(C)[nH+]1,2,0.5,2.71583836043302,0.99626059777525
32176636_3703,32176636,Cc1ccc(C(=O)Nc2ccc(CN3CC[NH+](C)CC3)c(C(F)(F)F)c2)cc1C#Cc1c[nH+]c2cccnn12,2,0.26956521739130435,3.425974313972464,0.9966832058589845
32176636_3704,32176636,Cc1ccc(C(=O)Nc2ccc(C[NH+]3CCN(C)CC3)c(C(F)(F)F)c2)cc1C#Cc1c[nH+]c2cccnn12,2,0.2696629213483146,3.80055903782581,0.9947410479197752
32176636_3705,32176636,Cc1ccc(C(=O)Nc2ccc(CN3CC[NH+](C)CC3)c(C(F)(F)F)c2)cc1C#Cc1cnc2cccnn12,2,0.2743362831858407,3.6350005502064984,0.998549774202769
265647_2943,265647,CCc1nnc(Nc2cc(C)nc([C@@H]3CN(C(=O)C(C)C)CCO3)c2)s1,2,0.5945945945945946,1.5729901461865474,0.9996031772369213
265647_2945,265647,CCc1n[nH]/c(=N/c2cc(C)nc([C@@H]3CN(C(=O)C(C)C)CCO3)c2)s1,2,0.5974025974025974,1.947632665571118,0.9989024795464001
265647_2944,265647,CCc1nnc(Nc2cc(C)[nH+]c([C@@H]3CN(C(=O)C(C)C)CCO3)c2)s1,2,0.5844155844155844,1.6731431498831755,0.9989217651075453
13484208_1146,13484208,Cc1ccc2c(CC(=O)N(C)Cc3nnc4n3CCC4)coc2c1C,2,0.4057971014492754,2.1155327934117225,0.999483388637216
49330914_3303,49330914,c1cc(-c2noc(CN3CCOCC3)n2)ccn1,2,0.36065573770491804,1.4641656327066648,0.9988747751560504
41560058_1450,41560058,CCC1(O)CN(c2ncccc2C#N)C1,2,0.5,0.9343206087850994,0.9986172904803958
Z1169976242_382,Z1169976242,C#CC[N@H+]1CC[C@H](c2nc(Cc3noc(C)n3)no2)CC1,2,0.35384615384615387,1.9260314119969315,0.9993477417747124
Z1169976242_383,Z1169976242,C#CCN1CCC(c2nc(Cc3noc(C)n3)no2)CC1,2,0.33962264150943394,1.4061145045836367,0.9990357308987373
82723223_2920,82723223,C[N@H+]1CC[C@H](N(Cc2cccnc2)C(=O)NCCCc2ccccc2)CC1,2,0.35714285714285715,2.2019189358372393,0.9988794710388217
82737563_3084,82737563,Cc1ccccc1CCNC(=O)N(Cc1cccnc1)[C@H]1CC[N@H+](C)CC1,2,0.3424657534246575,2.320414402644345,0.9986263429526081
31875350_1913,31875350,Cc1ccnc(NC(=O)CN2CCCC2=O)c1,2,0.4461538461538462,1.085094465934022,0.9994448362182992
48750988_3207,48750988,CN(C(=O)CSC(C)(C)C)c1ccccc1C#N,2,0.3541666666666667,1.8397372094948954,0.9992556845480224
177506724_2727,177506724,Cc1[nH]nc(CCC(=O)NCCCOC2CCCCC2)c1C,2,0.29850746268656714,2.7890455356625905,0.9962487009304126
177377491_3264,177377491,Cc1[nH]nc(CCC(=O)NCCCOC2CCCC2)c1C,2,0.2923076923076923,1.6819429241205242,0.9989104012851923
177377491_3265,177377491,Cc1n[nH]c(CCC(=O)NCCCOC2CCCC2)c1C,2,0.2923076923076923,1.854470814005897,0.9991969390310552
177506724_2728,177506724,Cc1n[nH]c(CCC(=O)NCCCOC2CCCCC2)c1C,2,0.29850746268656714,2.590939211946265,0.99632385729886
35774799_962,35774799,c1ccc(-c2noc(NCC3CCC3)[nH+]2)cc1,2,0.5952380952380952,1.3572534766947895,0.9979968810714838
35774799_961,35774799,c1ccc(-c2noc(NCC3CCC3)n2)cc1,2,0.5853658536585366,1.6243063134766722,0.9994415836021965
324071116_3450,324071116,N#Cc1cc(F)c(NS(=O)(=O)c2c[nH]c3cc(Cl)ccc23)cc1F,2,0.5,3.5573365036218187,0.9984459142444242
324071116_3449,324071116,N#Cc1cc(F)c([N-]S(=O)(=O)c2c[nH]c3cc(Cl)ccc23)cc1F,2,0.49206349206349204,2.397367514587885,0.9992989203105094
48306804_2959,48306804,Cc1ccc(O)c(CN2CCC(c3nc4ccccc4o3)CC2)n1,2,0.4225352112676056,1.7573326378350584,0.9985855351677015
48306804_2958,48306804,Cc1ccc([O-])c(C[N@H+]2CC[C@H](c3nc4ccccc4o3)CC2)n1,2,0.3972602739726027,3.230416381830508,0.9982084718802708
48306804_2955,48306804,Cc1ccc(O)c(C[N@H+]2CC[C@H](c3nc4ccccc4o3)CC2)n1,2,0.4166666666666667,1.9398095267316893,0.9992935609954237
48306804_2956,48306804,Cc1ccc([O-])c(C[N@H+]2CC[C@H](c3nc4ccccc4o3)CC2)[nH+]1,2,0.40540540540540543,2.4877304918339878,0.9973943836793484
48306804_2957,48306804,Cc1ccc([O-])c(CN2CCC(c3nc4ccccc4o3)CC2)[nH+]1,2,0.3918918918918919,1.6433228532459316,0.9984503579179291
29954871_2757,29954871,c1ccc(OCCN2CCN(c3ncccn3)CC2)cc1,2,0.4883720930232558,1.3919561774713838,0.998794995138726
29954871_2756,29954871,c1ccc(OCC[NH+]2CCN(c3ncccn3)CC2)cc1,2,0.5111111111111111,1.5471480213605182,0.9991153317652125
344474_3087,344474,CC(C)N(C(=O)Cn1cccc2cc(-c3ccco3)[nH+]c1-2)C(C)C,2,0.2753623188405797,1.9777158542119229,0.9990217421002336
44051475_2401,44051475,COC(=O)c1cccc2c1CCCN2C(=O)c1ccc(F)cc1F,2,0.37142857142857144,1.2581931489242648,0.9990388673896681
44051471_3421,44051471,COC(=O)c1cccc2c1CCCN2C(=O)c1ccccc1,2,0.3484848484848485,1.954044523546012,0.9986833285784501
49144354_884,49144354,Cc1ccc2nc(C)c(-c3nc(C)nn3CCO)cc2c1,2,0.3508771929824561,1.3924403039267286,0.9988491577043911
49144354_885,49144354,Cc1ccc2nc(C)c(-c3[nH+]c(C)nn3CCO)cc2c1,2,0.373134328358209,1.6328900759086058,0.9991782863387446
71010653_1370,71010653,O=C1[NH+]=C2C=CC=CN2C12Cc1ccccc1C2,2,0.2786885245901639,1.0963936336920608,0.9994062643775008
71010653_1371,71010653,O=C1N=C2C=CC=CN2C12Cc1ccccc1C2,2,0.234375,1.6405913567977268,0.998819718506496
48439112_1754,48439112,O=C([O-])c1cccc(N2CCC(Oc3ccc(Cl)cc3)CC2)n1,2,0.3333333333333333,2.0499824389491588,0.9979193350527694
53800443_3150,53800443,CCc1[nH]nc(N[C@H]2CC[C@H](C(=O)OC)CC2)c1C,2,0.5510204081632653,1.5793938710786288,0.9992401683185349
53800443_3151,53800443,CCc1n[nH]c(N[C@H]2CC[C@H](C(=O)OC)CC2)c1C,2,0.5510204081632653,1.2253554586321609,0.9995491871733599
49314549_838,49314549,CN(Cc1cccnc1)Cc1ccc(C#N)o1,2,0.32727272727272727,1.7467103366042107,0.9991508394815095
49314549_839,49314549,C[N@@H+](Cc1cccnc1)Cc1ccc(C#N)o1,2,0.35714285714285715,2.6720217064986906,0.9997350712507035
32043132_1612,32043132,Cc1nc(N2CCOc3ccccc3C2)c2cnn(C)c2n1,2,0.5294117647058824,1.5744783263036597,0.9991882434638261
32043132_1613,32043132,Cc1nc(N2CCOc3ccccc3C2)c2cnn(C)c2[nH+]1,2,0.3442622950819672,1.6130985710734793,0.9985629448641102
32043132_1611,32043132,Cc1nc2c(cnn2C)c(N2CCOc3ccccc3C2)[nH+]1,2,0.5471698113207547,0.9957800962067859,0.999395962226361
48421225_1094,48421225,Cn1c(=O)n(C)c2cc(C[N@H+]3CC[C@H](c4ccc(Cc5ccccc5F)cn4)CC3)ccc21,2,0.3235294117647059,3.3751308122801196,0.9975155909922457
31384184_235,31384184,COc1ccc(CCC(=O)N2CCCNCC2)cc1,2,0.5172413793103449,1.7620919385777265,0.9982552630658885
31384184_234,31384184,COc1ccc(CCC(=O)N2CCC[NH2+]CC2)cc1,2,0.5172413793103449,1.4955330153493454,0.9989077261680375
289474_2677,289474,Cc1ccc(C)c2nc3c(cc12)C[NH2+]CCO3,2,0.5,1.33544112562086,0.9982799668202661
289474_2676,289474,Cc1ccc(C)c2nc3c(cc12)CNCCO3,2,0.5,1.1444457173667946,0.998814991696651
31895184_890,31895184,CC(C)C(=O)N1CCC(Nc2nc[nH+]c3ccsc23)CC1,2,0.5535714285714286,0.9990620601350096,0.9997351252770984
31895184_889,31895184,CC(C)C(=O)N1CCC(Nc2ncnc3ccsc23)CC1,2,0.5370370370370371,2.4965442115048675,0.9987742889725069
53749740_2370,53749740,Clc1ccc(CSc2[nH]cc(-c3ccccc3)[nH+]2)cn1,2,0.4230769230769231,1.2613143937974252,0.9988069311595685
53749740_2369,53749740,Clc1ccc(CSc2nc(-c3ccccc3)c[nH]2)cn1,2,0.43137254901960786,0.9536755213390129,0.999457566683764
315631672_1542,315631672,COc1c(N)ncnc1N1CCCC(C)(C)CC1,2,0.29310344827586204,1.752429741815664,0.9983213704699779
315631672_1543,315631672,COc1c(N)nc[nH+]c1N1CCCC(C)(C)CC1,2,0.3220338983050847,1.899022380068067,0.9978871645211846
49320295_1298,49320295,Cc1cc(C)nc(NC(=O)N(C)C2CCC2)c1,2,0.35294117647058826,1.0809523578769076,0.9991359287961167
49320295_1299,49320295,Cc1cc(C)[nH+]c(NC(=O)N(C)C2CCC2)c1,2,0.30158730158730157,1.7031773248842128,0.9984577070111091
318732407_3702,318732407,Cc1cc(C)n2ncc(C(=O)N[C@H]3CC[C@H](C(C)C)CC3)c2n1,2,0.4918032786885246,1.5962318127389534,0.9984767354718781
1249615_1908,1249615,Cc1cc(C)n2ncc(C(=O)NC3CCCCC3)c2n1,2,0.5,1.5002849729301815,0.9990002923367524
73039342_2766,73039342,CC(=O)c1ccc2c(c1)CC[N@@H+](CCC1OCCO1)CC2,2,0.5769230769230769,1.99277545147464,0.9989211234507649
44811798_3225,44811798,CCOC(=O)c1ccc(-n2cc(Cc3cnc(OCC)nc3)c(=O)nc2SCc2ccc(F)cc2)cc1,2,0.3116883116883117,1.8814350905629185,0.9984086740196892
314102886_630,314102886,CCOC(=O)CNC(=O)c1ccc(O)cc1[O-],2,0.40384615384615385,2.963958164347333,0.9985749462418942
314102886_631,314102886,CCOC(=O)CNC(=O)c1ccc(O)cc1O,2,0.38,3.1248235150164607,0.9971890239767346
314102886_632,314102886,CCOC(=O)CNC(=O)c1ccc([O-])cc1O,2,0.40384615384615385,2.578485602053804,0.9992292872138018
49083485_2236,49083485,CC(C)c1nc(S(=O)(=O)N2CC3(CC3)c3ccccc32)c[nH]1,2,0.5714285714285714,2.3793948810566827,0.9996191480356064
15283106_1358,15283106,COc1ccc(NC(=O)[C@@H](C)N2CCCN(c3ccc(C(F)(F)F)cn3)CC2)cc1,2,0.5441176470588235,1.7044732324098457,0.998999103743187
15283106_1359,15283106,COc1ccc(NC(=O)[C@H](C)[N@H+]2CCCN(c3ccc(C(F)(F)F)cn3)CC2)cc1,2,0.5492957746478874,1.2817554368911652,0.9991244763912652
2873332_2709,2873332,COc1cccc(Cc2cnc(N)s2)c1,2,0.40425531914893614,0.8659474579903137,0.998940238011321
30713459_541,30713459,CC(C)CC(=O)NCC(=O)N1CCCC1,2,0.4666666666666667,1.6100527941654184,0.9988497854900361
35715808_989,35715808,CC(C)NC(=O)c1cc(-c2ccccc2)n(-c2ccccn2)n1,2,0.4107142857142857,0.9197592076179862,0.999532087300985
50613596_2522,50613596,CCCNC(=O)C1([NH2+]Cc2csnn2)CCCCC1,2,0.6,2.0085985163792333,0.998517459520611
50613596_2521,50613596,CCCNC(=O)C1(NCc2csnn2)CCCCC1,2,0.5882352941176471,1.9256915640877663,0.9986909531740534
11477618_2051,11477618,O=C(NCCCNC(=O)c1cc2ccccc2[nH]1)c1ccc2c(c1)OCCO2,2,0.42857142857142855,3.000140830027784,0.997500484651532
48923065_3464,48923065,COc1ccc(C(=O)N2CCN(C(=O)/C=C/c3ccc(Br)cc3)CC2)cc1,2,0.3584905660377358,1.5842152631505526,0.9987785194694949
95699457_3520,95699457,O=C1N/C(=[N+]2\CCCCN2)S/C1=C\c1ccc(F)cc1O,2,0.37142857142857144,1.8921088763599705,0.9986904662554423
95699457_3518,95699457,O=C1N=C(N2CCCCN2)S/C1=C\c1ccc(F)cc1O,2,0.47619047619047616,1.6882375425274387,0.9987882560444721
95699457_3519,95699457,O=C1N/C(=[N+]2/CCCCN2)S/C1=C\c1ccc(F)cc1[O-],2,0.43283582089552236,2.6355792532194084,0.9976739205967612
95699457_3517,95699457,O=C1N=C(N2CCCCN2)S/C1=C\c1ccc(F)cc1[O-],2,0.46153846153846156,1.2198844207547286,0.9992650897792323
260568164_1672,260568164,CN(C)c1nc(N)nc(Sc2ccccc2)n1,2,0.32,2.1005642099205937,0.9983980996990659
177444466_2822,177444466,Cc1cnc(C(=O)NCC2([NH+]3CCCCC3)CCCC2)[nH]1,2,0.5769230769230769,2.12274162346727,0.9984107697487016
177444466_2823,177444466,Cc1c[nH]c(C(=O)NCC2([NH+]3CCCCC3)CCCC2)n1,2,0.5769230769230769,1.6320156249257791,0.9992902225665315
30448845_1303,30448845,CC1(C)Cc2cc(C[N@H+]3CC[C@]4(CC3)NC(=O)N(Cc3ccccc3)C4=O)ccc2O1,2,0.29577464788732394,3.451752743172821,0.9988527034059284
30448845_1304,30448845,CC1(C)Cc2cc(CN3CCC4(CC3)NC(=O)N(Cc3ccccc3)C4=O)ccc2O1,2,0.3150684931506849,2.7130746395923775,0.998787051525869
1456984_1367,1456984,CCOC(=O)Cc1c(C)[nH]c2c(-c3ccccc3)cnn2c1=O,2,0.373134328358209,1.464368464560775,0.9995922881227277
232838707_2954,232838707,COCC(=O)Nc1ccc(NC(=O)Cc2ccc(C(F)(F)F)cc2)cc1,2,0.5,1.940423665079384,0.9983762039549512
2711872_3196,2711872,CC(C)CCNC(=O)CSc1nc2ccccc2[nH]1,2,0.5555555555555556,1.742767052707061,0.9991899882571076
2711872_3197,2711872,CC(C)CCNC(=O)CSc1[nH]c2ccccc2[nH+]1,2,0.5555555555555556,2.0144900099031426,0.9977738401274321
151085_342,151085,COc1ccc(-c2cccc([C@H]3CCCN(CC(=O)Nc4ccccn4)C3)n2)cc1,2,0.5757575757575758,1.833502658847412,0.9985247570104704
151085_343,151085,COc1ccc(-c2cccc([C@H]3CCC[N@@H+](CC(=O)Nc4ccccn4)C3)n2)cc1,2,0.5061728395061729,1.6683851473806406,0.9994200134812269
177454167_3364,177454167,CCOCCC(=O)N1CCC2(CCC[N@H+](C)CC2)CC1,2,0.3064516129032258,1.718489452978426,0.9992203769550856
538570_7,538570,COc1ccc(Cl)cc1C(=O)NCCc1ccc(S(=O)(=O)NC(=O)NC2CCCCC2)cc1,2,0.5857142857142857,3.6015073233300883,0.9953164344561052
538570_6,538570,COc1ccc(Cl)cc1C(=O)NCCc1ccc(S(=O)(=O)/N=C(/[O-])NC2CCCCC2)cc1,2,0.5972222222222222,2.7265784419302763,0.9977468163661228
32434890_1406,32434890,Cc1cnc(NCc2ccccc2-n2ccnc2)[nH+]c1N(C)C,2,0.5079365079365079,2.9310312178484352,0.9990598287384924
32434890_1405,32434890,Cc1c[nH+]c(NCc2ccccc2-n2ccnc2)nc1N(C)C,2,0.49206349206349204,1.4949581933954763,0.9993203176726098
323264_494,323264,Cc1nccc(-c2ccc(-c3noc(CN4CCOCC4)n3)cc2)n1,2,0.375,1.7853571071359036,0.9987179181905292
25000719_553,25000719,CC(=O)N1CCC(Nc2nc[nH+]c3cc(-c4ccc(Br)cc4)sc23)CC1,2,0.34782608695652173,2.0345343447584177,0.9985347490150097
25000719_552,25000719,CC(=O)N1CCC(Nc2ncnc3cc(-c4ccc(Br)cc4)sc23)CC1,2,0.3283582089552239,2.558487443783382,0.9993711360782679
44508907_1605,44508907,Cc1cnn(/C=C2\NC(Cn3cccn3)=NO2)c1,2,0.42105263157894735,5.867514976546337,0.999316119957179
23998653_2087,23998653,O=C(Nc1cccnc1)c1ccccc1Cc1ccccc1,2,0.39622641509433965,1.1020263154752048,0.998820663212251
1195337_729,1195337,Nc1ccc2[nH]c(CCc3ccccc3)nc2c1,2,0.425531914893617,1.3946580225994907,0.998789900791924
1195337_728,1195337,Nc1ccc2nc(CCc3ccccc3)[nH]c2c1,2,0.3958333333333333,1.4293208177312744,0.999001255019874
1195337_730,1195337,Nc1ccc2[nH+]c(CCc3ccccc3)[nH]c2c1,2,0.3958333333333333,1.7760563054137388,0.9981739755602835
31873876_1021,31873876,O=S(=O)(N1CCOCC1)N1CC[NH+](Cc2ccccc2F)CC1,2,0.5434782608695652,1.7045104869144536,0.9973253426978301
31873876_1020,31873876,O=S(=O)(N1CCOCC1)N1CCN(Cc2ccccc2F)CC1,2,0.5111111111111111,1.831509486735069,0.9980123054563612
42924873_492,42924873,O=C(NCCCn1ccnc1)N1CCC12CCC2,2,0.2786885245901639,1.7989458024075053,0.9992272797971755
42924873_493,42924873,O=C(NCCCn1cc[nH+]c1)N1CCC12CCC2,2,0.27419354838709675,2.4465868061443516,0.997188364474328
11909115_2300,11909115,O=c1c2ccccc2nnn1CCOc1ccc(F)cc1,2,0.44642857142857145,0.8973299281759087,0.9986539353114993
7683299_3527,7683299,COc1ccccc1N1CCN(c2nc(-c3ccc(C)cc3)cc(=O)[nH]2)CC1,2,0.3582089552238806,1.828846084283916,0.9991893373859204
4759628_3564,4759628,COc1ccccc1N1CCN(c2nc(=O)cc(-c3ccc(F)cc3)[nH]2)CC1,2,0.3582089552238806,1.2536299294448072,0.9991268913602654
7683299_3526,7683299,COc1ccccc1N1CCN(c2nc(=O)cc(-c3ccc(C)cc3)[nH]2)CC1,2,0.3582089552238806,1.737129816680367,0.9994028251343479
4759628_3565,4759628,COc1ccccc1N1CCN(c2nc(-c3ccc(F)cc3)cc(=O)[nH]2)CC1,2,0.3582089552238806,1.8008928341241248,0.9989579419577884
50141257_1868,50141257,O=C(CSC1CCCC1)N1CCC(n2ccnn2)CC1,2,0.5384615384615384,1.6811861883800499,0.9991369494993065
313519451_200,313519451,CC(=O)NCCNc1cc(Cl)nn2c(-c3cccc(S(=O)(=O)N(C)C)c3)c(C)[nH+]c12,2,0.25,2.7758982330047197,0.9988615092809064
3665537_3634,3665537,Cc1sc2ncnc(OCC(=O)Nc3ccc4c(c3)OCO4)c2c1C,2,0.5396825396825397,1.7210191747913293,0.9996748989327235
3573849_3589,3573849,COc1ccc(-c2csc(CC(N)=O)n2)cc1,2,0.6363636363636364,1.9990960457165008,0.9983201461502877
2171363_12,2171363,COc1ccc(S(=O)(=O)N2CCC([N@H+]3CC[C@@H](C)CC3)CC2)cc1,2,0.3620689655172414,1.8244728005641608,0.9990538715641913
1069906_3550,1069906,Cc1oc2cc(OCC(=O)Nc3nccs3)ccc2c(=O)c1Oc1ccc(F)cc1,2,0.3333333333333333,2.513303006006554,0.9969844056460563
32033578_1236,32033578,C[C@H](C(=O)N1CCc2sccc2C1)N1CCCN(c2ccccc2C#N)CC1,2,0.39473684210526316,2.235599472177493,0.998960214594363
32033578_1235,32033578,C[C@@H](C(=O)N1CCc2sccc2C1)[N@@H+]1CCCN(c2ccccc2C#N)CC1,2,0.40540540540540543,2.289122102466043,0.9987762565623328
49064492_2589,49064492,CC(C)n1cnnc1SC[C@]1(O)CC[C@H](C)CC1,2,0.5306122448979592,1.4663972858678662,0.9985734640113874
49292072_253,49292072,Cc1cc(OCC(=O)N(C)C2CCCCCCC2)no1,2,0.3793103448275862,1.8324355377475714,0.9988110419527207
49953992_2683,49953992,CN1CCc2ccc(C(=O)NCCC(=O)Nc3cccnc3)cc21,2,0.3939393939393939,2.6984278756338584,0.9993201721765042
1542039_3640,1542039,CCc1nnc2c3ccccc3nc(Nc3ccc(OC)cc3)n12,2,0.3150684931506849,1.5389662114552891,0.9993611670288813
1542039_3641,1542039,CCc1nnc2c3ccccc3[nH]/c(=N\c3ccc(OC)cc3)n12,2,0.2898550724637681,1.6358973072901222,0.9993159695723766
31856931_389,31856931,CNC(=O)Cc1csc(-c2ccc(C)cc2)n1,2,0.4489795918367347,0.8226992159957278,0.9995459416754163
4742397_2154,4742397,Cc1ccc(-c2nc(CC(=O)NCCC(C)C)cs2)cc1,2,0.4444444444444444,1.2969676171746982,0.9993001413735415
177391578_2542,177391578,COc1cc(OC)cc(-c2c(C)ncnc2OC)c1,2,0.5853658536585366,1.7584353840844018,0.9977082450777459
43112807_1916,43112807,CC(C)c1c/c(=[N+]2/CCc3[nH]nc(C4CC4)c3C2)n2nccc2[nH]1,2,0.2857142857142857,4.402693493760596,0.9995845013791327
43112807_1917,43112807,CC(C)c1c/c(=[N+]2/CCc3n[nH]c(C4CC4)c3C2)n2nccc2[nH]1,2,0.30120481927710846,4.220489189655334,0.9995781630737317
43112807_1919,43112807,CC(C)c1cc(N2CCc3n[nH]c(C4CC4)c3C2)n2nccc2n1,2,0.2839506172839506,2.5790645590989842,0.999487694112016
43112807_1918,43112807,CC(C)c1cc(N2CCc3[nH]nc(C4CC4)c3C2)n2nccc2n1,2,0.28205128205128205,2.6113703299226083,0.999452634947351
171789858_2544,171789858,CC(=O)N1CC[NH+]([C@H]2CCN(C(=O)c3cc4cc(C)ccc4o3)CC[C@@H]2O)CC1,2,0.3125,2.850299633371854,0.999451907641406
171789858_2545,171789858,CC(=O)N1CCN([C@H]2CCN(C(=O)c3cc4cc(C)ccc4o3)CC[C@@H]2O)CC1,2,0.3026315789473684,2.878293591696464,0.9986116293459525
171789496_3320,171789496,Cc1ccc2oc(C(=O)N3CC[C@H](O)[C@@H]([NH+]4CCOCC4)CC3)cc2c1,2,0.32432432432432434,2.082156574323951,0.9994071167577616
171789564_2352,171789564,CC(=O)N1CCN([C@H]2CCN(C(=O)c3cc4cc(Cl)ccc4o3)CC[C@@H]2O)CC1,2,0.2878787878787879,2.611376839906755,0.9989056377737948
171789564_2351,171789564,CC(=O)N1CC[NH+]([C@H]2CCN(C(=O)c3cc4cc(Cl)ccc4o3)CC[C@@H]2O)CC1,2,0.30303030303030304,2.352567321034937,0.9991620339521565
171789496_3321,171789496,Cc1ccc2oc(C(=O)N3CC[C@H](O)[C@@H](N4CCOCC4)CC3)cc2c1,2,0.3108108108108108,1.8431630421637675,0.998908045399972
33303147_297,33303147,CNC(=O)c1ccc(N2CCCC2)nc1,2,0.4583333333333333,1.0351758304764067,0.9992657554763229
36703704_972,36703704,Cc1[nH+]ccn1-c1ccc(F)cc1CNC(=O)C(C)C,2,0.34375,1.308935445313757,0.998835997433028
36703704_971,36703704,Cc1nccn1-c1ccc(F)cc1CNC(=O)C(C)C,2,0.34375,0.5361939947445573,0.9997750686355816
53789119_2529,53789119,O=C(NCCN1CCc2ccccc2C1=O)c1ccon1,2,0.31343283582089554,2.005838727315679,0.998131278561468
150193_905,150193,O=C(C[N@H+]1CCC[C@@H](c2cccc(-c3cccc(Cl)c3)n2)C1)N1CCCC1,2,0.5652173913043478,2.328598290817671,0.9986735407427866
150193_906,150193,O=C(CN1CCC[C@@H](c2cccc(-c3cccc(Cl)c3)[nH+]2)C1)N1CCCC1,2,0.6451612903225806,2.611080044732527,0.9978996046630753
168323_909,168323,O=C(C[N@@H+]1CCC[C@H](c2cncc(-c3cccc(Cl)c3)n2)C1)N1CCCC1,2,0.5373134328358209,2.197482650671174,0.9990344935661439
150193_904,150193,O=C(CN1CCC[C@H](c2cccc(-c3cccc(Cl)c3)n2)C1)N1CCCC1,2,0.639344262295082,1.3619963289229495,0.9995795375538407
168323_908,168323,O=C(CN1CCC[C@@H](c2cncc(-c3cccc(Cl)c3)n2)C1)N1CCCC1,2,0.6,1.919050025403414,0.999155874786709
3595726_2103,3595726,O=C(NC1CCCC1)c1cc(C2CC2)nc2ccccc12,2,0.40350877192982454,1.4622725464154147,0.9984374879446478
36791100_1308,36791100,Nc1nncc(-c2ccccc2OC(F)F)n1,2,0.3,2.7391449395749823,0.9968001217524094
310450_2348,310450,COc1cc(CN2C[C@H]3CCc4c([nH]c(C)nc4=O)[C@H]3C2)cc(OC)c1OC,2,0.30666666666666664,2.253131154638016,0.9987264521832871
310450_2347,310450,COc1cc(C[N@@H+]2C[C@H]3CCc4c([nH]c(C)nc4=O)[C@H]3C2)cc(OC)c1OC,2,0.3108108108108108,2.0353893976335415,0.9986014272779041
42859262_1698,42859262,Cc1n[nH]c(C)c1CCC(=O)N1CCOCC1,2,0.3333333333333333,1.266821218641673,0.9993929139677091
24034759_3085,24034759,CCc1nnc(Sc2nc3cc(C)nn3c3ccccc23)[nH]1,2,0.5818181818181818,1.2837336172272265,0.9994232896768003
300070232_2925,300070232,CCc1c2c(nc3ccc(OC(=O)N4CCC([NH+]5CCCCC5)CC4)cc13)-c1cc3c(c(=O)n1C2)COC(=O)[C@]3(O)CC,2,0.6506024096385542,4.52851664455335,0.9959660479863849
43663244_1707,43663244,CC(=O)Nc1cccc(CN2CCCN(C(C)=O)c3ccccc32)c1,2,0.48333333333333334,1.2254546095224945,0.9987729750146869
1541141_1807,1541141,O=C([O-])CCC(=O)Nc1ccccc1-c1nc2ccccc2[nH]c1=O,2,0.3559322033898305,1.6701380182491614,0.9992254876621706
Z86139961_1477,Z86139961,Fc1cccc(Cl)c1C[NH2+]CCc1c[nH]c2ccccc12,2,0.5,1.985157172618708,0.999079695949322
Z86139961_1478,Z86139961,Fc1cccc(Cl)c1CNCCc1c[nH]c2ccccc12,2,0.3448275862068966,1.2244549807971041,0.9994083560635174
49969658_3094,49969658,c1ccc(-c2ncc(CNc3ncccn3)s2)nc1,2,0.3617021276595745,1.820023076777255,0.9994147525158303
265767_2459,265767,Cc1cc(/N=c2\[nH]nc(C)s2)cc([C@@H]2CN(C(=O)c3c(C(C)C)noc3C)CCO2)n1,2,0.620253164556962,2.2801611785133495,0.9995121589469523
265767_2457,265767,Cc1cc(Nc2nnc(C)s2)cc([C@H]2CN(C(=O)c3c(C(C)C)noc3C)CCO2)n1,2,0.6025641025641025,2.097052932092722,0.9993385046620421
265767_2458,265767,Cc1cc(Nc2nnc(C)s2)cc([C@@H]2CN(C(=O)c3c(C(C)C)noc3C)CCO2)[nH+]1,2,0.6,2.2514433148536455,0.9996515915139265
104389046_3566,104389046,Cc1cc(NC(=O)Cn2nc(C3CC3)ccc2=O)ccc1Cl,2,0.36486486486486486,1.357022107410141,0.9986025820591353
104389046_3567,104389046,Cc1cc(N/C(O)=C/n2nc(C3CC3)ccc2=O)ccc1Cl,2,0.35384615384615387,7.487757541480671,0.96964296845067
45649160_314,45649160,CN1CCN(Cc2noc(Cc3ccccc3)n2)c2ccccc21,2,0.43333333333333335,1.2324848883456363,0.9983666447607469
36698232_1040,36698232,CCc1ncc2c(n1)CN(c1ccnc(-c3ccccc3)n1)CC2,2,0.31746031746031744,0.9950829111187146,0.9989565462485311
36698232_1041,36698232,CCc1ncc2c(n1)CN(c1cc[nH+]c(-c3ccccc3)n1)CC2,2,0.2972972972972973,1.7867548796634183,0.9978666696130278
49948742_2706,49948742,CCOc1cc(N2CCOC3(CCCC3)C2)ncn1,2,0.3382352941176471,1.1073969478014498,0.9987195738662048
313516125_3618,313516125,N#Cc1c(C2CC2)[nH]c(SCc2cccc(F)c2F)nc1=O,2,0.25,1.1742448637316287,0.9987726996778552
300566847_3141,300566847,CCN(CC)C(=O)c1ccc(C2=CC3(CC[NH2+]CC3)Oc3cccc(O)c32)cc1,2,0.31666666666666665,1.5414194756781952,0.9990974920388818
300566847_3142,300566847,CCN(CC)C(=O)c1ccc(C2=CC3(CC[NH2+]CC3)Oc3cccc([O-])c32)cc1,2,0.3114754098360656,3.5424439303961375,0.9972193417273808
31956373_445,31956373,O=C(NCc1ccc(-n2cncn2)nc1)c1csc2c1CCCC2,2,0.3333333333333333,2.6491487311963984,0.9995017175587864
48347951_2144,48347951,O=C(Nc1ccc2sccc2c1)N1CCCN(C(=O)Oc2ccccc2)CC1,2,0.38095238095238093,1.4841145508348552,0.9990304008847677
60174406_1469,60174406,Cc1cc2c(C(N)=O)cccc2n1-c1nc(NCc2ccccc2)c2c([nH+]1)CCOC2,2,0.25925925925925924,2.599194682973894,0.9983635186485865
60174406_1468,60174406,Cc1cc2c(C(N)=O)cccc2n1-c1nc2c(c(NCc3ccccc3)n1)COCC2,2,0.27380952380952384,2.0889868357655974,0.9992536421903728
44579402_2991,44579402,O=C(Nc1cnc2ccccc2n1)c1ccncc1,2,0.5227272727272727,1.3706275934779435,0.999338093554143
32494828_1385,32494828,CCCCc1c(C)[nH]c2nc(N(Cc3cccs3)C(C)=O)nn2c1=O,2,0.3,2.487389796553871,0.9994099852956626
42968116_2140,42968116,Cc1ncc(C(=O)Nc2ncnc3oc(C)c(C)c23)s1,2,0.26666666666666666,3.177295548104241,0.9995069714075558
1324972_1827,1324972,COc1cc2c(cc1NC(C)=O)oc1ccccc12,2,0.3709677419354839,1.2861792254581343,0.9993058363690385
44587026_865,44587026,O=C(Nc1ccn(Cc2ccccn2)n1)c1c(F)cccc1I,2,0.49230769230769234,2.6892997229759574,0.9993980912013664
30173146_930,30173146,Cc1c(-c2ccc([O-])cc2)n(Cc2ccc(OCC[NH+]3CCCCCC3)cc2)c2ccc(O)cc12,2,0.33783783783783783,6.046600697912863,0.9934244538539444
30173146_929,30173146,Cc1c(-c2ccc(O)cc2)n(Cc2ccc(OCC[NH+]3CCCCCC3)cc2)c2ccc(O)cc12,2,0.35714285714285715,4.998974094751749,0.9969308732083635
414840_2613,414840,Cc1cc(C(=O)N2CCC(C(=O)c3ccnn3C)CC2)sc1C,2,0.3194444444444444,1.5038380896891024,0.9990274893204591
168890455_43,168890455,C=CC(=O)N1CCC([C@@H]2CCNc3c(C(N)=O)c(-c4ccc(Oc5ccccc5)cc4)nn32)CC1,2,0.4268292682926829,3.6107792787707065,0.9994500091758333
44106917_1170,44106917,CCCS(=O)(=O)N1CCC[C@H](C(=O)N2CCc3ccccc3C2)C1,2,0.5161290322580645,1.7635648556259027,0.999334703714705
24068092_1675,24068092,O=C(NCC1CC1)c1c[nH+]cn1-c1ccc(F)cc1,2,0.58,1.986889528886792,0.9975759793865565
31981926_1139,31981926,CC(=O)NCC1CCN(C(=O)c2c[nH+]cn2-c2ccc(F)cc2)CC1,2,0.5,1.993400361191966,0.9988640557683798
31981926_1138,31981926,CC(=O)NCC1CCN(C(=O)c2cncn2-c2ccc(F)cc2)CC1,2,0.5084745762711864,1.453871727491803,0.9991938552573171
24068092_1674,24068092,O=C(NCC1CC1)c1cncn1-c1ccc(F)cc1,2,0.58,0.9688281581380318,0.9991519251580611
222760478_2258,222760478,Cc1cnn(CC(=O)NCCCn2cc(Cl)cn2)c1,2,0.5555555555555556,1.524758997350179,0.9992360791528934
MCULE-6181763916_1962,MCULE-6181763916,Cc1noc(OCC(=O)N2CCCCCC2)n1,2,0.3888888888888889,1.4554099078953713,0.9994514954876745
177388619_2935,177388619,CCc1nc(N2CCCC3(CC[NH2+]CC3)CC2)cc(C)[nH+]1,2,0.4909090909090909,2.3629716460420087,0.9980183239772789
177388619_2936,177388619,CCc1nc(C)cc(N2CCCC3(CC[NH2+]CC3)CC2)n1,2,0.5094339622641509,2.0442458267047767,0.9977559970789591
36646466_817,36646466,Cc1ccc2nc3c(c(C(=O)NCc4cnn(C)c4)c2c1)CCCC3,2,0.6212121212121212,1.4568658139997617,0.9990715316349171
31888771_1852,31888771,CC[N@@H+]1CCc2nc(NC(=O)Cc3ccc(Cl)cc3)sc2C1,2,0.3888888888888889,1.6921651810622518,0.9994704145651782
2460976_3263,2460976,Cc1nc(-c2ccccc2)c(C(=O)Nc2ccc(Cl)c(Cl)c2)s1,2,0.45,0.8847592892983532,0.9993429847471498
3110901_3583,3110901,Cc1nc(-c2ccccc2)c(C(=O)Nc2ccc(Cl)c(C(F)(F)F)c2)s1,2,0.4090909090909091,1.1962023240237571,0.999410530978132
5466232_3460,5466232,Cc1nc(-c2ccccc2)c(C(=O)Nc2ccccc2)s1,2,0.49056603773584906,1.131623612337704,0.9992220364852886
2461065_3620,2461065,Nc1nc(-c2ccccc2)c(C(=O)Nc2ccc(Cl)c(Cl)c2)s1,2,0.3384615384615385,2.060328129206721,0.998707291564742
48974948_3648,48974948,Cc1nc(-c2ccccc2)c(C(=O)Nc2ccc(Cl)cc2)s1,2,0.423728813559322,1.1231714027699695,0.9994444555920827
902539_1092,902539,CCCCCN/C(N)=N/N=C/c1c[nH]c2ccc(OC)cc12,2,0.2727272727272727,3.0376681846438798,0.998216880015232
902539_1091,902539,CCCCCNC(=[NH2+])N/N=C/c1c[nH]c2ccc(OC)cc12,2,0.2537313432835821,2.2546975406912586,0.9964792528703811
46061355_912,46061355,CCc1ccccc1-c1cn(CCc2cnccn2)nn1,2,0.34328358208955223,1.539167957046606,0.9995815229119993
35697150_711,35697150,O=C(NCCc1ccc2c(c1)OCO2)N1CCc2sccc2C1,2,0.6,1.4325051483316416,0.999536664904539
181775_2738,181775,CNCc1cc(N(C)C)nc([C@@H]2CCCN2C(=O)c2oc3ccc(Cl)cc3c2C)n1,2,0.5897435897435898,2.3000502168430907,0.9992522830589269
181775_2737,181775,C[NH2+]Cc1cc(N(C)C)nc([C@H]2CCCN2C(=O)c2oc3ccc(Cl)cc3c2C)n1,2,0.5897435897435898,2.1730770810073246,0.9989871657312458
181775_2739,181775,CNCc1cc(N(C)C)nc([C@@H]2CCCN2C(=O)c2oc3ccc(Cl)cc3c2C)[nH+]1,2,0.589041095890411,3.706684637246635,0.9984458145124565
72973189_91,72973189,CC1(C)CC(Oc2ccc(-c3ccc(-c4cn[nH]c4)cc3O)nn2)CC(C)(C)[NH2+]1,2,0.2972972972972973,2.793990336418382,0.9979691205839345
72973189_92,72973189,CC1(C)CC(Oc2ccc(-c3ccc(-c4cn[nH]c4)cc3[O-])nn2)CC(C)(C)[NH2+]1,2,0.2835820895522388,3.493012024027535,0.994259575851891
2951118_427,2951118,CC(=O)Nc1ccc(Oc2ncnc3scc(-c4ccccc4)c23)cc1,2,0.5,1.3703517796539424,0.9990204217569487
36686539_1579,36686539,CCc1nnc2n1CCN(C(=O)c1ccccc1Oc1cccnc1)C2,2,0.3333333333333333,0.9893720230531532,0.9993789294049487
205729574_3643,205729574,O=S(=O)(c1ccccc1Cl)N1CCCc2c[nH+]c(N3CCOCC3)nc21,2,0.6507936507936508,2.212407060194679,0.9983926881667152
205729574_3642,205729574,O=S(=O)(c1ccccc1Cl)N1CCCc2cnc(N3CCOCC3)nc21,2,0.6451612903225806,2.423632810472842,0.9967485358461088
24881110_733,24881110,COc1ccc2nc(CN3CCC(O)(c4ccc(C)cc4)CC3)ccc2c1,2,0.3880597014925373,1.8872781988883405,0.9979047907858598
24881110_732,24881110,COc1ccc2nc(C[N@H+]3CC[C@@](O)(c4ccc(C)cc4)CC3)ccc2c1,2,0.40298507462686567,1.9179976538045567,0.9983602119175661
11005871_3651,11005871,CCOc1ccc(S(=O)(=O)N(CC)CC(=O)Nc2ccc3c(c2)OCO3)cc1,2,0.36363636363636365,1.2496943626344097,0.9989075918148266
32449297_87,32449297,COc1ccc([C@H]2CN(C(C)=O)[C@@H]3CCCN(Cc4cccc(F)c4)[C@H]23)cc1,2,0.31645569620253167,1.367690023360276,0.9997154984132692
32449297_86,32449297,COc1ccc([C@H]2CN(C(C)=O)[C@@H]3CCC[N@@H+](Cc4cccc(F)c4)[C@H]23)cc1,2,0.3150684931506849,2.6482701901429677,0.9981160543356002
197945_2012,197945,Cc1cc(Nc2ccccn2)cc([C@H]2CCCN(CC(=O)Nc3ncc(C)s3)C2)n1,2,0.6052631578947368,2.35426655245283,0.9993700225182286
197945_2011,197945,Cc1cc(Nc2ccccn2)cc([C@@H]2CCCN(CC(=O)Nc3ncc(C)s3)C2)[nH+]1,2,0.6103896103896104,2.654226817738643,0.9989293916608915
316949638_3496,316949638,O=C(Nc1ccc(C[NH+]2CCCCC2)cc1)c1ccnc2nc[nH]c12,2,0.42857142857142855,3.9113511731881556,0.994344783097598
316949638_3495,316949638,O=C(Nc1ccc(C[NH+]2CCCCC2)cc1)c1ccnc2[nH]cnc12,2,0.43548387096774194,4.466133562714033,0.995160652790049
48281908_2603,48281908,Cc1oc2nc[nH+]c(NCc3cc(F)cc4c3OCOC4)c2c1C,2,0.43283582089552236,1.9934424997977334,0.9996463246609482
48281908_2602,48281908,Cc1oc2ncnc(NCc3cc(F)cc4c3OCOC4)c2c1C,2,0.4393939393939394,1.7095294674265809,0.9995312740548659
217047_502,217047,Cc1cn[nH]c1[C@]1(C)CC[N@H+](Cc2cnn(C)c2)CC1,2,0.3484848484848485,1.8603376037698505,0.9994014853446828
217047_503,217047,Cc1c[nH]nc1[C@]1(C)CC[N@H+](Cc2cnn(C)c2)CC1,2,0.34328358208955223,1.73045543138244,0.9993243539839062
48759724_3255,48759724,Cc1cc(C(=O)NC(C)(C)C#N)nn1-c1ccc(F)cc1,2,0.3384615384615385,1.2067766984825674,0.9993485165841743
5799127_1161,5799127,Nc1ccc(Oc2ccccc2F)nc1,2,0.3333333333333333,1.1936125837137574,0.9991870538951976
2873705_1274,2873705,Cc1ccccc1-n1nc(C(C)(C)C)cc1N,2,0.4090909090909091,1.4805444944343686,0.9993061239273503
49159718_945,49159718,CS(=O)(=O)CCc1nc(C2(c3ccccc3)CC2)nn1-c1ccccc1,2,0.34375,0.9085692048488018,0.9997379526831792
49159718_946,49159718,CS(=O)(=O)CCc1[nH+]c(C2(c3ccccc3)CC2)nn1-c1ccccc1,2,0.35384615384615387,1.568979604711423,0.9979222473124968
55628764_2438,55628764,Cc1cccnc1CN1CCC(O)(c2ccccc2)CC1,2,0.3787878787878788,1.1739263179601842,0.9989187774068296
55628764_2437,55628764,Cc1cccnc1C[N@H+]1CC[C@@](O)(c2ccccc2)CC1,2,0.3787878787878788,1.7849859943430173,0.99899839090386
31940641_471,31940641,N#Cc1ccc(OCCn2cccn2)cc1,2,0.4,1.9723143765637463,0.9968945907735483
177400083_2265,177400083,O=c1c2cccc(C(F)(F)F)c2ncn1C1CCCC1,2,0.32142857142857145,1.387834284055865,0.9978303611232205
35732653_201,35732653,Cc1c[nH]c(=O)n1-c1ccc(C(=O)Nc2ccc3ccccc3n2)cc1,2,0.43636363636363634,1.2881696316865148,0.9994408027298919
6843283_2758,6843283,CCOc1c2c(c(OCC)c3ccccc13)C(=O)N(c1ccc(C/C([O-])=N\S(=O)(=O)c3ccccc3)cc1)C2,2,0.2717391304347826,3.008865899304936,0.9980853431848574
3389897_1009,3389897,O=C(Nc1nccs1)c1c2c(nc3ccccc13)CCC2,2,0.5517241379310345,1.7729407773527708,0.9995040940589774
31841658_1458,31841658,Cc1ccc(CNC(=O)c2cccnc2)n1C,2,0.5208333333333334,1.3828474247004299,0.9996527016595244
43033977_461,43033977,c1ccc(OCc2cc(CC3(NCc4cnc5ccccc5c4)COC3)no2)cc1,2,0.296875,1.5565754077460703,0.9990647670315994
43033977_462,43033977,c1ccc(OCc2cc(CC3([NH2+]Cc4cnc5ccccc5c4)COC3)no2)cc1,2,0.2923076923076923,1.6803469879758346,0.9987627113741909
157063_1744,157063,NC(=O)c1cnc(NC2CC2)nc1CCNC(=O)C1(c2cccc(F)c2)CCOCC1,2,0.4024390243902439,3.0193408220996973,0.99787368148171
157063_1745,157063,NC(=O)c1cnc(NC2CC2)[nH+]c1CCNC(=O)C1(c2cccc(F)c2)CCOCC1,2,0.4024390243902439,3.05075564409872,0.9979914488755057
2566233_157,2566233,CC1(C)CC(=O)C2=C(C1)NC(=O)C[C@@H]2c1ccc(Br)cc1,2,0.23376623376623376,0.985520167221523,0.9989494399881272
25670537_2201,25670537,O=C(c1ccccc1-c1ncc(-c2ccccc2F)o1)N1CCC1,2,0.3492063492063492,1.1053614793358906,0.9987432110476941
32033566_390,32033566,COc1ccccc1CNC(=O)[C@H](C)N1CCCN(c2ccccc2C#N)CC1,2,0.3698630136986301,2.0937385223565426,0.998161340479863
32033566_391,32033566,COc1ccccc1CNC(=O)[C@@H](C)[N@H+]1CCCN(c2ccccc2C#N)CC1,2,0.38666666666666666,2.002368347732297,0.9992157627875816
5514552_207,5514552,O=C(c1sc(N2CCOCC2)nc1-c1ccccc1)N1CCCCC1,2,0.3709677419354839,1.9330072426146305,0.9992151000874503
5514558_3582,5514558,O=C(Nc1ccccc1)c1sc(N2CCOCC2)nc1-c1ccccc1,2,0.4406779661016949,1.8509600211781752,0.9991968983079667
49646610_265,49646610,CC[N@@H+](C/C=C/c1ccc(F)cc1)Cc1nc(COC)no1,2,0.2835820895522388,1.9207404822099734,0.998691743350636
49646610_264,49646610,CCN(C/C=C/c1ccc(F)cc1)Cc1nc(COC)no1,2,0.2835820895522388,1.888929591064863,0.9979088545618707
31968914_2010,31968914,Cc1ccc(CNC(=O)c2cccs2)cn1,2,0.42,1.3690818090972032,0.999518121520752
11938711_1972,11938711,O=c1[nH]c2ccccc2n1C1CCN(Cc2nc(-c3ccsc3)no2)CC1,2,0.5223880597014925,2.119915564356609,0.9996048411492848
316806315_1446,316806315,CC(C)c1noc(C[N@H+]2CC[C@H](n3c(=O)[nH]c4ccccc43)CC2)n1,2,0.5303030303030303,2.0706286485024554,0.9991207583888433
316806315_1445,316806315,CC(C)c1noc(CN2CCC(n3c(=O)[nH]c4ccccc43)CC2)n1,2,0.5230769230769231,1.8713439021195795,0.9993313185993249
11938711_1973,11938711,O=c1[nH]c2ccccc2n1[C@H]1CC[N@@H+](Cc2nc(-c3ccsc3)no2)CC1,2,0.5294117647058824,2.524458951934188,0.9995300759703157
1152113_3617,1152113,COc1ccc(OCc2nn3c(-c4ccc(OC)cc4)nnc3s2)cc1,2,0.36363636363636365,1.4039244993946451,0.9985379023035805
36467131_507,36467131,CCOc1ccc(-c2ccccc2NC(=O)COC)cc1,2,0.359375,0.7998274813983333,0.999096391830723
1498988_3655,1498988,Cc1ccc2c(c1)c1nc3ccccc3nc1n2CC(N)=O,2,0.31666666666666665,1.2787517350909465,0.999409395333914
315276693_177,315276693,COc1cc(Nc2cc(-c3cccc(C#N)c3)cc[nH+]2)ccc1N1CC[NH+](C)CC1,2,0.3333333333333333,2.6281048304814587,0.9981113989210794
315276693_176,315276693,COc1cc(Nc2cc(-c3cccc(C#N)c3)ccn2)ccc1N1CC[NH+](C)CC1,2,0.3709677419354839,1.8529028576801456,0.9988410541079312
43397821_540,43397821,Cc1cc(C)cc(C(=O)Nc2nn(C(C)(C)C)cc2C#N)c1,2,0.5098039215686274,1.404111462812397,0.9990246677974861
3566966_940,3566966,Cc1nc2cc(NC(=O)Cc3c(C)nc4ccccc4c3C)ccc2o1,2,0.5666666666666667,1.5207172649778178,0.9995468678956851
31930262_220,31930262,Cc1cc(CN(C)Cc2cscn2)no1,2,0.39285714285714285,0.6426608748005511,0.99970853342153
31930262_219,31930262,Cc1cc(C[N@@H+](C)Cc2cscn2)no1,2,0.3157894736842105,1.1523935959559017,0.9997492210584767
32435950_690,32435950,COc1cc(F)ccc1-c1ncccc1NC(=O)C(C)C,2,0.32432432432432434,1.3800644912465154,0.9984698482683424
232887473_3257,232887473,Clc1cccc(Cl)c1Cc1nnc(CCCn2cccn2)[nH]1,2,0.5471698113207547,0.9644806892841947,0.9995227296013613
46016546_2302,46016546,CC(C)[C@H]1C(=O)N[C@H](CO)Cc2cc(NC(=O)/C=C/C=C/c3ccc(C(F)(F)F)cc3)ccc2N1C,2,0.25252525252525254,4.380811911050252,0.9969257814965964
36269102_1185,36269102,Cc1cc(C(=O)N2CCOC(C)(C)C2)cc(C)c1OCc1cccnc1,2,0.4838709677419355,1.6738094276231505,0.9990732954675328
42961772_747,42961772,Cc1cccnc1CNc1ccc(C#N)cc1F,2,0.3392857142857143,1.1566948603675624,0.9988784457215911
24884318_256,24884318,COc1c(C)cccc1C[N@H+]1CC[C@@](O)(c2ccc(F)cc2)CC1,2,0.47540983606557374,1.7848829093249174,0.9995335612535422
24884318_257,24884318,COc1c(C)cccc1CN1CCC(O)(c2ccc(F)cc2)CC1,2,0.3283582089552239,1.8697596102174596,0.998967641817214
20740589_1727,20740589,CC(=O)Nc1ccnn1C1CCN(Cc2ccccc2C#Cc2ccccc2)CC1,2,0.323943661971831,3.5097353176554993,0.9962428610126774
20740589_1726,20740589,CC(=O)Nc1ccnn1[C@H]1CC[N@H+](Cc2ccccc2C#Cc2ccccc2)CC1,2,0.38666666666666666,2.5990467483290427,0.9977640759276525
48237764_306,48237764,Clc1cccc(CNc2[nH+]c(C3CC3)no2)c1,2,0.41379310344827586,0.9681100144096862,0.9989551224164017
48237764_305,48237764,Clc1cccc(CNc2nc(C3CC3)no2)c1,2,0.40350877192982454,0.6879404043953073,0.9994160252426462
49916996_3291,49916996,Cc1cc(N(CCO)CCCO)ncc1Br,2,0.23333333333333334,1.9921726832784041,0.997290801041794
49125344_2835,49125344,C[C@H]1CC[C@@H](N(Cc2nnc(C3CCC3)o2)[C@H]2CC[C@H](O)CC2)CC1,2,0.3064516129032258,2.9506792438352583,0.9991353586440569
49125344_2834,49125344,C[C@H]1CC[C@@H]([N@H+](Cc2nnc(C3CCC3)o2)[C@H]2CC[C@H](O)CC2)CC1,2,0.3114754098360656,2.9965393373027536,0.9979935321926215
37038179_1011,37038179,CC(C)(C)c1ccc(C2=NC3(CCNCC3)NC2=O)cc1,3,0.42105263157894735,1.705778707804731,0.9987047777274907
37038179_1010,37038179,CC(C)(C)c1ccc(C2=NC3(CC[NH2+]CC3)NC2=O)cc1,3,0.41379310344827586,2.330380011929596,0.9990130910311972
36275216_763,36275216,N#CCCC[NH+]1CCN(c2cc(C#N)ccn2)CC1,3,0.39655172413793105,1.4511474769987764,0.9982022255067072
36275216_764,36275216,N#CCCCN1CCN(c2cc(C#N)ccn2)CC1,3,0.36538461538461536,1.5135474885185203,0.9984372530014199
194348513_2146,194348513,COc1cc(N2CC[NH+](C)CC2)ccc1Nc1nc2c(c[nH+]1)NC(=O)c1ccccc1N2C,3,0.36363636363636365,2.7072626396415487,0.9984967847560885
194348513_2145,194348513,COc1cc(N2CC[NH+](C)CC2)ccc1Nc1ncc2c(n1)N(C)c1ccccc1C(=O)N2,3,0.45652173913043476,2.6356124525425377,0.999015093897879
31878740_1310,31878740,O=C([C@H]1CCC[N@H+](Cc2cc3c(cc2O)OCO3)C1)N1CCOCC1,3,0.39705882352941174,1.5414340725442233,0.9990641379989399
31878740_1311,31878740,O=C([C@@H]1CCC[N@H+](Cc2cc3c(cc2[O-])OCO3)C1)N1CCOCC1,3,0.39705882352941174,1.6898872743470936,0.9983752670761177
29596013_1416,29596013,CN(C)c1cc(CNc2ccc(C#N)cn2)ccn1,3,0.45098039215686275,0.8259128283297029,0.9994587199143158
29596013_1417,29596013,CN(C)c1cc(CNc2ccc(C#N)cn2)cc[nH+]1,3,0.4230769230769231,1.5938695053232783,0.9994007995330153
177445050_2251,177445050,O=C(c1ccc(-c2ccncc2)cc1)N1CCC(O)(C[NH+]2CCCC2)CC1,3,0.352112676056338,2.3127712813852774,0.9984189068443283
104336618_2611,104336618,CN1CCCn2c1cc(OCc1cc(F)c(Oc3ccc(C(F)(F)F)nc3)c(F)c1)nc2=O,3,0.5714285714285714,1.3935774108386063,0.9986655956320131
43280049_121,43280049,Cc1ccc(NC(=O)CN2[C@H](Cc3ccccc3)C[C@]3(C)NC(=O)CCC[C@H]23)cc1F,3,0.3146067415730337,2.784638217076137,0.9994028259217386
43278877_116,43278877,Cc1c(F)cccc1NC(=O)C[N@@H+]1[C@H](Cc2ccccc2)C[C@]2(C)NC(=O)CCC[C@H]12,3,0.28205128205128205,3.4902591594320684,0.9995525824656618
43278877_115,43278877,Cc1c(F)cccc1NC(=O)CN1[C@H](Cc2ccccc2)C[C@]2(C)NC(=O)CCC[C@H]12,3,0.3157894736842105,3.6653129470757246,0.9993743240278496
43280049_122,43280049,Cc1ccc(NC(=O)C[N@@H+]2[C@H](Cc3ccccc3)C[C@]3(C)NC(=O)CCC[C@H]23)cc1F,3,0.32222222222222224,2.7810560943639135,0.998869701011156
232884320_3137,232884320,C[N@H+]1CC[C@H](CNc2[nH+]ccc3cccnc23)CC1,3,0.3157894736842105,2.2650867533052437,0.9977738401274321
232884320_3136,232884320,C[N@H+]1CC[C@H](CNc2nccc3cccnc23)CC1,3,0.3333333333333333,1.4594440722416158,0.9993173482883068
232877422_3072,232877422,CC(=O)N1CCC(CNc2[nH+]ccc3cccnc23)CC1,3,0.4107142857142857,1.8897785584560018,0.9991043569504771
232877422_3071,232877422,CC(=O)N1CCC(CNc2nccc3cccnc23)CC1,3,0.4339622641509434,1.4420904964670327,0.9990570012577644
872402_3334,872402,COc1cc2c(cc1OC)[C@@H]1Cc3ccc(OC)c(OC)c3C[N@H+]1CC2,3,0.3064516129032258,1.9943357290080053,0.9989211234507649
872402_3335,872402,COc1cc2c(cc1OC)[C@@H]1Cc3ccc(OC)c(OC)c3CN1CC2,3,0.3333333333333333,2.884930501762598,0.9989044764926104
17074467_800,17074467,CCc1ccccc1NC(=O)c1cc(C)nc2onc(C)c12,3,0.5961538461538461,1.3635211769533884,0.9993521624248364
36924312_456,36924312,O=C1CNC(=O)N1CCC[N@H+]1CCc2sccc2C1,3,0.31343283582089554,1.7524126226438232,0.9995721643259006
310428_2780,310428,COc1cc2cc3c(nc2cc1OC)OCC[N@@H+](C1CCCCC1)C3,3,0.3442622950819672,2.079599721100228,0.9989545320465921
310428_2781,310428,COc1cc2cc3c(nc2cc1OC)OCCN(C1CCCCC1)C3,3,0.3442622950819672,0.8937376572576836,0.999480291278964
222754320_3345,222754320,CN(C)S(=O)(=O)CCC[N@H+]1CC[C@H](CCC(N)=O)CC1,3,0.4583333333333333,2.1011242228866034,0.9969934312320975
1456984_1367,1456984,CCOC(=O)Cc1c(C)[nH]c2c(-c3ccccc3)cnn2c1=O,3,0.373134328358209,1.5019810251797052,0.9995922881227277
2972727_1158,2972727,Cc1nn(CCC#N)c(C)c1Oc1ccccc1[O-],3,0.25396825396825395,1.5006185391364752,0.9989542578897417
2972727_1157,2972727,Cc1nn(CCC#N)c(C)c1Oc1ccccc1O,3,0.25396825396825395,1.3247105344189656,0.9987705537078436
193725_1518,193725,COc1ccc(NC(=O)C[N@H+]2CC[C@@H](c3cc(-c4cnc(N)nc4)cc(C)[nH+]3)CC2)cc1,3,0.5061728395061729,3.13100974128163,0.9979920303974299
193725_1517,193725,COc1ccc(NC(=O)CN2CCC(c3cc(-c4cnc(N)nc4)cc(C)[nH+]3)CC2)cc1,3,0.43902439024390244,2.425141026827191,0.9979275402586898
193725_1515,193725,COc1ccc(NC(=O)CN2CCC(c3cc(-c4cnc(N)nc4)cc(C)n3)CC2)cc1,3,0.43209876543209874,1.5777566352260786,0.9986393021595514
193725_1516,193725,COc1ccc(NC(=O)C[N@H+]2CC[C@H](c3cc(-c4cnc(N)nc4)cc(C)n3)CC2)cc1,3,0.5,2.2117723662258566,0.998463950160687
15267170_388,15267170,Cc1ccc(NC(=O)C[N@H+]2CCCN(c3ccc(C(F)(F)F)cn3)CC2)c(F)c1,3,0.45569620253164556,2.080423514575659,0.99839020499426
15276004_1489,15276004,O=C(CN1CCCN(c2ccc(C(F)(F)F)cn2)CC1)Nc1cccc(F)c1,3,0.4788732394366197,1.7881434506211473,0.9985816285638351
15288168_2118,15288168,O=C(CN1CCCN(c2ccc(C(F)(F)F)cn2)CC1)Nc1ccccc1,3,0.5072463768115942,1.5508323571551592,0.9988328147629738
15267170_387,15267170,Cc1ccc(NC(=O)CN2CCCN(c3ccc(C(F)(F)F)cn3)CC2)c(F)c1,3,0.44155844155844154,1.4196485480568755,0.9994075122661188
16678763_330,16678763,Cc1cccc(NC(=O)CN2CCCN(c3ccc(C(F)(F)F)cn3)CC2)c1,3,0.4722222222222222,1.772950365915508,0.999062083109681
15270501_1488,15270501,Cc1ccc(NC(=O)C[N@H+]2CCCN(c3ccc(C(F)(F)F)cn3)CC2)cc1,3,0.5492957746478874,1.8842937669055184,0.9989329416540315
16678763_331,16678763,Cc1cccc(NC(=O)C[N@H+]2CCCN(c3ccc(C(F)(F)F)cn3)CC2)c1,3,0.4864864864864865,1.8636971320472926,0.9988251294910138
15275058_329,15275058,O=C(C[N@@H+]1CCCN(c2ccc(C(F)(F)F)cn2)CC1)Nc1ccccc1F,3,0.4605263157894737,1.6745850232222579,0.9989549862288956
15267776_1572,15267776,Cc1ccc(C)c(NC(=O)CN2CCCN(c3ccc(C(F)(F)F)cn3)CC2)c1,3,0.4473684210526316,1.7301170480634356,0.9983950737314111
15275058_328,15275058,O=C(CN1CCCN(c2ccc(C(F)(F)F)cn2)CC1)Nc1ccccc1F,3,0.4782608695652174,1.5260570107302562,0.9991477714250432
43423180_2287,43423180,COc1ccc(Cl)cc1NC(=O)C[N@@H+]1CCCN(c2ccc(C(F)(F)F)cn2)CC1,3,0.4875,1.778359637418734,0.9988672906257752
15267772_1571,15267772,O=C(C[N@H+]1CCCN(c2ccc(C(F)(F)F)cn2)CC1)Nc1ccccc1Cl,3,0.45454545454545453,1.8602236424686684,0.9981889536208955
15270501_1487,15270501,Cc1ccc(NC(=O)CN2CCCN(c3ccc(C(F)(F)F)cn3)CC2)cc1,3,0.5441176470588235,1.2688940066054426,0.9993061840555194
15276004_1490,15276004,O=C(C[N@@H+]1CCCN(c2ccc(C(F)(F)F)cn2)CC1)Nc1cccc(F)c1,3,0.4931506849315068,1.6320251223553743,0.9984040550496841
15267772_1570,15267772,O=C(CN1CCCN(c2ccc(C(F)(F)F)cn2)CC1)Nc1ccccc1Cl,3,0.4507042253521127,2.0423902663304627,0.9984361689568767
15267776_1573,15267776,Cc1ccc(C)c(NC(=O)C[N@@H+]2CCCN(c3ccc(C(F)(F)F)cn3)CC2)c1,3,0.46153846153846156,1.5962318127389534,0.9992848604512032
15288168_2119,15288168,O=C(C[N@H+]1CCCN(c2ccc(C(F)(F)F)cn2)CC1)Nc1ccccc1,3,0.5211267605633803,1.8064454046550058,0.998901545638597
43423180_2286,43423180,COc1ccc(Cl)cc1NC(=O)CN1CCCN(c2ccc(C(F)(F)F)cn2)CC1,3,0.47435897435897434,1.7312680323971033,0.9988964036975244
177485348_2597,177485348,O=C(CN1CCCC1=O)NCC1(CO)CCCC1,3,0.4528301886792453,1.2757672201459551,0.9988728409765728
43137136_2170,43137136,Cn1c(=O)n(C)c2cc(-n3ccnc3-c3cc(C[NH+](C)C)cs3)ccc21,3,0.2839506172839506,2.8885960257534857,0.9991938694288529
43137136_2169,43137136,Cn1c(=O)n(C)c2cc(-n3cc[nH+]c3-c3cc(C[NH+](C)C)cs3)ccc21,3,0.25301204819277107,4.320920388065958,0.9986737135336178
44492208_994,44492208,CN(CC(=O)NC1CC1)C(=O)[C@H]1[C@@H]2C[C@H]3C[C@@H](C2)C[C@@H]1C3,3,0.3958333333333333,2.2293658291088896,0.9988975729950131
49942166_141,49942166,Cc1oc2ccccc2c1CNc1nnc(-c2ccncc2)o1,3,0.5185185185185185,2.566589565940866,0.9996139787787199
49942166_142,49942166,Cc1oc2ccccc2c1CNc1[nH+]nc(-c2ccncc2)o1,3,0.5357142857142857,2.494551061814015,0.9990737951554411
49942166_143,49942166,Cc1oc2ccccc2c1C/N=c1\[nH]nc(-c2ccncc2)o1,3,0.5357142857142857,2.620433742722322,0.9996435789670095
3665537_3634,3665537,Cc1sc2ncnc(OCC(=O)Nc3ccc4c(c3)OCO4)c2c1C,3,0.5396825396825397,1.7210191747913293,0.9996748989327235
49344419_2833,49344419,Cc1ccc(OCN2CCCCC2=O)nc1,3,0.4126984126984127,1.2224148232086065,0.9994931711625561
36419852_1966,36419852,Cc1cccc(-n2cnnc2CCC[NH+]2CCOCC2)c1,3,0.4603174603174603,1.4714829254872432,0.9984715227726012
36419852_1967,36419852,Cc1cccc(-n2cnnc2CCCN2CCOCC2)c1,3,0.45161290322580644,0.8998566552513473,0.999516157275327
320420210_1195,320420210,CCN(Cc1ccccc1)C(=O)c1ccc(O)cc1O,3,0.5319148936170213,1.993367000830711,0.9974796811497604
320420210_1194,320420210,CCN(Cc1ccccc1)C(=O)c1ccc(O)cc1[O-],3,0.5102040816326531,1.9412866867106338,0.9974298697067646
320420210_1196,320420210,CCN(Cc1ccccc1)C(=O)c1ccc([O-])cc1O,3,0.5102040816326531,1.665318888381419,0.9990873341646554
30742732_1061,30742732,Cc1nc(C)c2c(C)c(C(=O)N(C)Cc3ccc(C)o3)sc2n1,3,0.296875,1.7569225936280362,0.9988621764550587
222778471_2843,222778471,Cc1n[nH]c(C)c1CCCN(C)c1cncc(C(=O)N(C)C)n1,3,0.4745762711864407,2.23313725507481,0.9988907378437499
82713457_3016,82713457,O=C(Cn1nc(Cc2ccccc2)c2ccccc2c1=O)NCCc1cnc[nH]1,3,0.30303030303030304,2.8657634235924054,0.9975168319777574
82713457_3017,82713457,O=C(Cn1nc(Cc2ccccc2)c2ccccc2c1=O)NCCc1c[nH]cn1,3,0.2835820895522388,2.876470406592043,0.9971009478416838
82713457_3018,82713457,O=C(Cn1nc(Cc2ccccc2)c2ccccc2c1=O)NCCc1c[nH]c[nH+]1,3,0.28,2.497773408458297,0.9966568989369997
50613596_2522,50613596,CCCNC(=O)C1([NH2+]Cc2csnn2)CCCCC1,3,0.6,2.0910047823955122,0.998517459520611
50613596_2521,50613596,CCCNC(=O)C1(NCc2csnn2)CCCCC1,3,0.5882352941176471,2.129029591151488,0.9986909531740534
27448904_3626,27448904,Fc1ccc(Nc2nc(N3CCCCC3)c3nccnc3n2)cc1,3,0.375,1.7000029411733464,0.9996952014070009
27448904_3627,27448904,Fc1ccc(Nc2nc(N3CCCCC3)c3nccnc3[nH+]2)cc1,3,0.2903225806451613,2.027687845798992,0.9981546366601932
177405420_3019,177405420,Cc1cc(CNC(=O)N(C)Cc2c(C)nn(C)c2C)cnc1C,3,0.5454545454545454,1.4785891924397319,0.999536664904539
315782_1814,315782,Cc1[nH]c2cc(-c3[nH+]ccn3C)nn2/c(=[NH+]/Cc2cccnc2)c1C,3,0.6190476190476191,4.401033969421833,0.9991743444329801
315782_1815,315782,Cc1[nH]c2cc(-c3[nH+]ccn3C)nn2/c(=N\Cc2cccnc2)c1C,3,0.6190476190476191,2.4337966225628156,0.9993642137299351
315782_1813,315782,Cc1nc2cc(-c3[nH+]ccn3C)nn2c(NCc2cccnc2)c1C,3,0.6129032258064516,2.6083199573675118,0.9993319005136079
222763049_2698,222763049,CC(C)N(C)S(=O)(=O)NCCCc1[nH]c2cc(Cl)ccc2[nH+]1,3,0.31666666666666665,1.9271590489627934,0.9978734742194114
222763049_2699,222763049,CC(C)N(C)S(=O)(=O)[N-]CCCc1nc2cc(Cl)ccc2[nH]1,3,0.31666666666666665,1.910240037272941,0.9984841392432106
222763049_2697,222763049,CC(C)N(C)S(=O)(=O)NCCCc1nc2ccc(Cl)cc2[nH]1,3,0.35714285714285715,2.1547607755853506,0.9987784852497794
222763049_2696,222763049,CC(C)N(C)S(=O)(=O)NCCCc1nc2cc(Cl)ccc2[nH]1,3,0.35714285714285715,2.2760305358233426,0.9986919616506987
1543632_1817,1543632,CCOc1ccc(C(=O)Nc2cc(C(=O)OC)ccc2N2CCN(C(C)=O)CC2)cc1,3,0.45614035087719296,1.8044162490951121,0.9990419278061182
31997330_1254,31997330,C[C@H]1CC[N@H+](Cc2ccc(NC(=O)c3ccccn3)cc2)CC1,3,0.43548387096774194,2.4006653244465372,0.9983935385242396
31231105_1256,31231105,O=C([O-])c1ccc(Nc2ncc3c(n2)-c2ccc(Cl)cc2C(c2c(F)cccc2F)=NC3)cc1,3,0.29545454545454547,2.2012630465260172,0.998065880041421
31231103_1567,31231103,COc1cc(Nc2ncc3c(n2)-c2ccc(Cl)cc2C(c2c(F)cccc2OC)=NC3)ccc1C(=O)[O-],3,0.2978723404255319,2.239242282558877,0.997811775161007
31231103_1568,31231103,COc1cc(Nc2ncc3c(n2)-c2ccc(Cl)cc2C(c2c(F)cccc2OC)=[NH+]C3)ccc1C(=O)[O-],3,0.30851063829787234,2.5832334389286604,0.9988057024054361
31231105_1257,31231105,O=C([O-])c1ccc(Nc2ncc3c(n2)-c2ccc(Cl)cc2C(c2c(F)cccc2F)=[NH+]C3)cc1,3,0.29213483146067415,1.8138709987206554,0.9986579955589932
16785188_2033,16785188,Cn1ncc2c(Oc3cccc(Oc4ccccn4)c3)ncnc21,3,0.4098360655737705,2.2402595831736805,0.9984134907084283
16780289_1288,16780289,Cn1ncc2c(Oc3cccc(C(C)(C)C)c3)ncnc21,3,0.3709677419354839,1.221033578572049,0.9988941967862246
53751988_2930,53751988,O=C(c1ccc([N-]S(=O)(=O)c2cccc3cnccc23)cc1)N1CCCC1,3,0.4426229508196721,3.137718438610998,0.9952732883966537
53751988_2931,53751988,O=C(c1ccc(NS(=O)(=O)c2cccc3cnccc23)cc1)N1CCCC1,3,0.4666666666666667,1.681835604332162,0.9985308393206926
324086_2800,324086,Cc1cnccc1-c1cnc(N(C)C)nc1-c1ccco1,3,0.323943661971831,1.3658396684828822,0.9996359598419653
152833_1706,152833,CC(=O)Nc1cnn(C[C@H]2CC[N@@H+](C)CC2)c1,3,0.36065573770491804,1.7761444198036753,0.9992696489900658
165247_1879,165247,Cc1nccc(C2CCN(Cc3ncc[nH]3)CC2)n1,3,0.38596491228070173,1.266821218641673,0.9989979755393186
165247_1878,165247,Cc1nccc([C@H]2CC[N@H+](Cc3ncc[nH]3)CC2)n1,3,0.5263157894736842,1.793504112066797,0.9986825609386424
46016546_2302,46016546,CC(C)[C@H]1C(=O)N[C@H](CO)Cc2cc(NC(=O)/C=C/C=C/c3ccc(C(F)(F)F)cc3)ccc2N1C,3,0.25252525252525254,3.47745553530135,0.9969257814965964
60180599_185,60180599,CC(C)(C)OC(=O)c1ccc(-n2ncc(-n3ccnn3)c2[O-])nc1,3,0.42424242424242425,2.319114701777478,0.9981372813879817
60180599_187,60180599,CC(C)(C)OC(=O)c1ccc(-n2ncc(-n3ccnn3)c2O)nc1,3,0.4307692307692308,2.852166369621683,0.9985463401312588
60180599_186,60180599,CC(C)(C)OC(=O)c1ccc(-n2[nH]cc(-n3ccnn3)c2=O)nc1,3,0.43283582089552236,2.8804944020083902,0.9980849615734377
2853111_2131,2853111,O=C(CC(=O)N1CCCC1)N1CCCC1,3,0.4666666666666667,1.211652177813391,0.9986605165759461
42907173_247,42907173,CSCC(=O)N1CCN(C(=O)CSC)C2(CCCCC2)C1,3,0.3,1.3676900233603175,0.9991749952820788
53803937_3279,53803937,CNC(=O)Cc1cccc(OCC[NH+]2CCCCC2)c1,3,0.41818181818181815,1.9440992773005585,0.9968067007904333
44587026_865,44587026,O=C(Nc1ccn(Cc2ccccn2)n1)c1c(F)cccc1I,3,0.49230769230769234,2.5632834412139665,0.999320186868681
31603444_1725,31603444,O=C(CCn1cncn1)N(CC#Cc1ccccc1)C1CCCC1,3,0.4507042253521127,2.3828961370566026,0.9982095486258586
36435318_1729,36435318,Cc1nnc(-c2ccccc2-c2ccc([O-])cc2)s1,3,0.35185185185185186,0.757083218675496,0.9991857004948524
36435318_1728,36435318,Cc1nnc(-c2ccccc2-c2ccc(O)cc2)s1,3,0.37735849056603776,1.4096786867934292,0.9977861579185778
43559227_1189,43559227,CCc1ccc(-c2nccn2CC(=O)Nc2ccc(C)cc2F)nc1,3,0.3333333333333333,1.6213041047258718,0.9993520066113892
43559227_1188,43559227,CCc1ccc(-c2[nH+]ccn2CC(=O)Nc2ccc(C)cc2F)nc1,3,0.32098765432098764,1.4122007647642056,0.9993135349102316
158151_959,158151,Cc1[nH]c2ccc(Cl)cc2c1CC(=O)N1CCC(Cc2ncncc2C(N)=O)CC1,3,0.3372093023255814,2.0210823832775087,0.9994095628671088
181775_2738,181775,CNCc1cc(N(C)C)nc([C@@H]2CCCN2C(=O)c2oc3ccc(Cl)cc3c2C)n1,3,0.5897435897435898,2.19475192220011,0.9992522830589269
181775_2737,181775,C[NH2+]Cc1cc(N(C)C)nc([C@H]2CCCN2C(=O)c2oc3ccc(Cl)cc3c2C)n1,3,0.5897435897435898,2.312619078014982,0.9992763639659868
181775_2739,181775,CNCc1cc(N(C)C)nc([C@@H]2CCCN2C(=O)c2oc3ccc(Cl)cc3c2C)[nH+]1,3,0.589041095890411,2.5540277993786313,0.9988868287111797
313516892_54,313516892,Cc1nccc(-c2cn(Cc3ccccc3)c3cnccc23)n1,3,0.3333333333333333,1.8299516387051349,0.9991065240653265
313516892_55,313516892,Cc1nccc(-c2cn(Cc3ccccc3)c3c[nH+]ccc23)n1,3,0.3275862068965517,1.6906779705197488,0.9989652593151199
49150113_470,49150113,CNc1ncc(-c2nc(C3(c4ccccc4)CC3)nn2C(C)(C)C)c[nH+]1,3,0.3235294117647059,2.141324590061029,0.9984285720617194
49150113_469,49150113,CNc1ncc(-c2nc(C3(c4ccccc4)CC3)nn2C(C)(C)C)cn1,3,0.34375,1.6447896522046646,0.9983248665445074
49150113_468,49150113,CNc1ncc(-c2[nH+]c(C3(c4ccccc4)CC3)nn2C(C)(C)C)cn1,3,0.35384615384615387,1.7737632310993607,0.9993572303197971
3476517_3689,3476517,O=C(Nc1nc(-c2cccnc2)cs1)C1CCCCC1,3,0.43137254901960786,1.4302880828698843,0.9992262624083028
316779701_3490,316779701,O=C(N[C@@]12CCC[C@@H]1[NH2+]CC2)c1ccc(-c2cn[nH]c2)cc1,3,0.37681159420289856,2.50426516167917,0.998576894163444
1284751_76,1284751,C[C@@H]1CN(C(=O)CC(c2ccccc2)c2ccccc2)C[C@H](C)O1,3,0.3793103448275862,1.2360509698222089,0.9995170525255455
50897900_2068,50897900,CCc1nc(C(N)=O)c(Nc2ccc(N3CCC(N4CC[NH+](C)CC4)CC3)c(OC)c2)nc1NC1CCOCC1,3,0.3368421052631579,5.4695752120249335,0.9981970157037435
50897900_2069,50897900,CCc1nc(C(N)=O)c(Nc2ccc(N3CCC([N@H+]4CC[N@@H+](C)CC4)CC3)c(OC)c2)nc1NC1CCOCC1,3,0.3238095238095238,8.097290534493775,0.9977321540968577
50897900_2070,50897900,CCc1nc(C(N)=O)c(Nc2ccc(N3CCC([NH+]4CCN(C)CC4)CC3)c(OC)c2)[nH+]c1NC1CCOCC1,3,0.3055555555555556,3.169334472724567,0.9980374554004727
50897900_2067,50897900,CCc1nc(C(N)=O)c(Nc2ccc(N3CCC([NH+]4CCN(C)CC4)CC3)c(OC)c2)nc1NC1CCOCC1,3,0.3113207547169811,5.156554372834449,0.997806655824549
177361051_3059,177361051,COc1ccc(OC)c(Cn2cnc3cn(C)nc3c2=O)c1,3,0.34285714285714286,1.430589389027911,0.999409395333914
30173146_930,30173146,Cc1c(-c2ccc([O-])cc2)n(Cc2ccc(OCC[NH+]3CCCCCC3)cc2)c2ccc(O)cc12,3,0.36764705882352944,4.924535917221017,0.9934244538539444
30173146_929,30173146,Cc1c(-c2ccc(O)cc2)n(Cc2ccc(OCC[NH+]3CCCCCC3)cc2)c2ccc(O)cc12,3,0.390625,4.998974094751749,0.9969308732083635
42960950_425,42960950,Cc1ccc(CNC/C=C/c2ccccc2)cn1,3,0.38461538461538464,1.1798944868079937,0.9994046394674414
42960950_424,42960950,Cc1ccc(C[NH2+]C/C=C/c2ccccc2)cn1,3,0.3148148148148148,2.5752366881511968,0.998586853618918
32172391_834,32172391,CC(C)c1nnc(CN2CCN(c3nccs3)CC2)o1,3,0.38095238095238093,1.490423094292318,0.9993027884283405
25609569_2009,25609569,COc1cccc(-c2cccc(N)[nH+]2)c1F,3,0.3695652173913043,2.4171826575581448,0.9963866336647769
25609569_2008,25609569,COc1cccc(-c2cccc(N)n2)c1F,3,0.3695652173913043,1.6000965595864214,0.9962356979647
49148489_1082,49148489,Fc1ccc(F)c(-c2[nH+]c(C3CCOCC3)nn2-c2cccnc2)c1,3,0.4925373134328358,1.4632146117366673,0.9991511849923251
49148489_1081,49148489,Fc1ccc(F)c(-c2nc(C3CCOCC3)nn2-c2cccnc2)c1,3,0.48484848484848486,1.4334200361376024,0.9990355684372587
53750832_3378,53750832,COc1cccc(Cc2nc3sc4c(c3c(=O)[nH]2)CCSC4)c1,3,0.359375,2.2176304922144174,0.9998151106276977
53750832_3377,53750832,COc1cccc(Cc2nc(=O)c3c4c(sc3[nH]2)CSCC4)c1,3,0.35384615384615387,2.4952094100492763,0.9995155836186072
24121594_296,24121594,O=C(NCc1cnn(-c2ccccc2)c1)C1CCC1,3,0.5094339622641509,1.0029077724297575,0.9991804068812987
36966070_2199,36966070,CC1(c2nnc(-c3ccc4c(c3)OCCO4)o2)CCOCC1,3,0.5454545454545454,1.1683535423836133,0.9992355451938737
32135801_923,32135801,CC(C)C(=O)Nc1ccc2cnn(C(C)C)c2c1,3,0.32786885245901637,0.6604453043214427,0.9996691992900333
32113613_1713,32113613,Cc1cccc(C)c1OCC(=O)N(C)C1(C#N)CCC1,3,0.48148148148148145,1.2149156349305954,0.9996189454101748
31247054_1485,31247054,CC(C)c1noc(-c2ccc(N(C)Cc3cccnc3)nc2)n1,3,0.3787878787878788,1.1423296371887663,0.9994794510545882
48752236_2081,48752236,Cc1cccc(N[C@H]2CC[N@H+](Cc3ccncc3)CC2)[nH+]1,3,0.41509433962264153,2.632277530960428,0.9984434399835568
48752236_2082,48752236,Cc1cccc(NC2CCN(Cc3ccncc3)CC2)n1,3,0.37037037037037035,1.2555504768830101,0.9992207889625765
48752236_2080,48752236,Cc1cccc(N[C@H]2CC[N@H+](Cc3ccncc3)CC2)n1,3,0.4230769230769231,2.089200086157283,0.9992326478203363
351738_1307,351738,COc1cc2cc(N)c(C3CCN(C(=O)C(C)(C)C)CC3)nc2cc1OC,3,0.3918918918918919,2.0617436795103448,0.9990722206758587
MCULE-4852587261_3504,MCULE-4852587261,[NH3+][C@H]1CCC[C@@H](C(=O)Nc2cccc(N3CCNC3=O)c2)C1,3,0.5737704918032787,2.5070239328732384,0.9986027732168237
232862626_2483,232862626,CC(=O)NCCCC(=O)Nc1ccc(Oc2ccccc2Cl)cc1,3,0.3620689655172414,1.7585965995644426,0.9978520889005552
11957669_640,11957669,Cc1sc2nc(C[N@H+]3CC[C@H](C)CC3)nc(N3CCN(c4cnccn4)CC3)c2c1C,3,0.5142857142857142,2.700451628894409,0.9987581557945094
11957669_641,11957669,Cc1sc2nc(CN3CCC(C)CC3)nc(N3CCN(c4cnccn4)CC3)c2c1C,3,0.5538461538461539,2.850299633371854,0.999149048778186
49090047_2517,49090047,O=C(Nc1ccn(CC(F)F)n1)N[C@H]1CC[N@H+](C2CCCC2)CC1,3,0.47540983606557374,3.9217033289115664,0.9973530966722756
43106737_1788,43106737,Cc1nn(C)c2nc[nH+]c(N(C)Cc3cccc(Cl)c3)c12,3,0.36923076923076925,2.1964302857138707,0.9990156648752003
43106737_1787,43106737,Cc1nn(C)c2ncnc(N(C)Cc3cccc(Cl)c3)c12,3,0.373134328358209,1.1416636982930368,0.9990424366461947
1512339_3661,1512339,COC(=O)c1ccc(NS(=O)(=O)c2ccc3c(c2)n(C)c(=O)n3C)cc1,3,0.29411764705882354,1.4856193994420956,0.9992478880706174
1512339_3660,1512339,COC(=O)c1ccc([N-]S(=O)(=O)c2ccc3c(c2)n(C)c(=O)n3C)cc1,3,0.30434782608695654,3.3142374688605964,0.9970718944405186
82741701_2605,82741701,CCc1c(C)nn(CCNC(=O)CCc2cnccn2)c1C,3,0.5818181818181818,1.5406855616903075,0.9991421325474312
48758078_2941,48758078,CCc1nnc(N2CC([NH+](C)C)C2)c(C#N)c1CC,3,0.5102040816326531,1.936518525602189,0.9980972270334434
48758078_2942,48758078,CCc1nnc(N2CC(N(C)C)C2)c(C#N)c1CC,3,0.5102040816326531,1.9167503749838914,0.9988544095474942
18817053_423,18817053,CC(=O)Nc1ccc2nc(N3CCOCC3)sc2c1,3,0.4406779661016949,1.1734871111352068,0.9991279070079442
49679970_691,49679970,CCCN(C(=O)c1c(CC)noc1C)C1Cc2ccccc2C1,3,0.2923076923076923,1.7205516557195497,0.9986762159906797
43283831_2723,43283831,O=C(NC[C@]1(O)CCN(Cc2ccsc2)C[C@H]1O)c1c[nH]cn1,3,0.25,4.975831990732694,0.9986289867583861
43283831_2722,43283831,O=C(NC[C@]1(O)CC[N@@H+](Cc2ccsc2)C[C@H]1O)c1c[nH]cn1,3,0.28,4.860298550500892,0.9992630286863357
31968180_302,31968180,C[NH+]1CCN(c2ccc(NC(=O)c3ccccc3Cl)nc2)CC1,3,0.4,1.2553636923223037,0.9990567522138406
31968180_303,31968180,CN1CCN(c2ccc(NC(=O)c3ccccc3Cl)nc2)CC1,3,0.4126984126984127,1.3881394022217832,0.9987532162127521
11882682_2086,11882682,CN(C)c1nc(C[NH+]2CCOCC2)nc2scc(-c3cccs3)c12,3,0.35135135135135137,1.3350524334276777,0.9994651347518341
11882682_2085,11882682,CN(C)c1nc(CN2CCOCC2)nc2scc(-c3cccs3)c12,3,0.38571428571428573,1.6568213542800854,0.9992737318615743
24142070_566,24142070,O=C(Cc1cccc2ccccc12)NCc1nnc2n1-c1ccccc1CC2,3,0.6101694915254238,1.8191585967145893,0.9996612495161409
25020465_1168,25020465,COc1cc2c(cc1OC)CN(C(=O)[C@H]1CCCN(S(=O)(=O)c3ccc(F)cc3)C1)CC2,3,0.6166666666666667,2.0193082974127137,0.9990325933956393
3683577_1926,3683577,COc1cc2c(cc1OC)CN(C(=O)[C@@H]1CCCN(S(=O)(=O)c3cccs3)C1)CC2,3,0.5967741935483871,2.492729828922686,0.9986215059281167
18867454_967,18867454,COc1ccc(-c2nc(CC(N)=O)sc2C)cc1,3,0.5869565217391305,1.6821135514584813,0.9996824680161406
32423148_1891,32423148,Clc1ccc(Cc2nnc(-c3ccccc3)[nH]2)cn1,3,0.43137254901960786,1.2872637647352072,0.9996167903716933
301758325_3476,301758325,[NH3+]C[C@H]1CCC[C@H]1NC(=O)c1cc(N2CCNC2=O)ccc1F,3,0.5,2.320999999999843,0.998727537323911
3416569_3657,3416569,Cc1ccc(-c2nc(CN3C(=O)C(=O)N(C4CCCC4)C3=O)cs2)cc1,3,0.42857142857142855,1.910039528386682,0.9990767698291341
29665944_1710,29665944,Cc1cccnc1NC(=O)Cc1coc2c(C)c(C)ccc12,3,0.41818181818181815,1.2892389227755061,0.9996832335607737
82712955_3208,82712955,CC(C)Oc1ccc(C2(C(=O)NC3CCS(=O)(=O)CC3)CCCC2)cc1,3,0.2676056338028169,1.8609368608311792,0.9993813724839322
16219171_3584,16219171,Cc1ccc(S(=O)(=O)Cc2nc(-c3ccc(C(=O)NCc4cccnc4)cc3)oc2C)cc1,3,0.44285714285714284,2.301227063981333,0.9985148207530041
44114971_2490,44114971,CSc1ccc(C)c(C(=O)NCC[N@H+]2CC[C@@H](C)CC2)c1,3,0.5283018867924528,2.475261198338135,0.9970082514360454
48876547_3342,48876547,CCn1c(C(=O)N(C2CC2)C2CC2)cc2c3c(ncn3C)c(Nc3cc(C)n(C)n3)[nH+]c21,3,0.25287356321839083,6.746719647354669,0.9989684260456022
48876547_3341,48876547,CCn1c(C(=O)N(C2CC2)C2CC2)cc2c3c(ncn3C)c(Nc3cc(C)n(C)n3)nc21,3,0.27058823529411763,6.242257364127243,0.9985432047911422
19625558_386,19625558,CCN(C(=O)CN1CCNC(=O)C1)c1ccc(F)cc1,3,0.45098039215686275,1.7021363047652784,0.998785309812899
29618437_1331,29618437,Cc1ccc(CCNC(=O)c2ccncc2)o1,3,0.5510204081632653,1.2334309871253908,0.9997127530401397
31362621_3572,31362621,COc1ccc2nc(C(=O)Nc3cnc4c(cnn4C(C)C)c3)ccc2c1,3,0.4626865671641791,0.8997471867124052,0.9997859253381778
24034759_3085,24034759,CCc1nnc(Sc2nc3cc(C)nn3c3ccccc23)[nH]1,3,0.5818181818181818,1.2837336172272265,0.9994750261034997
45475529_1431,45475529,CCN1CC[NH+](Cc2ccc(Nc3ncc(F)c(-c4cc(F)c5nc(C)n(C(C)C)c5c4)n3)nc2)CC1,3,0.27848101265822783,3.9325668462214267,0.9978189397016783
45475529_1430,45475529,CC[NH+]1CCN(Cc2ccc(Nc3ncc(F)c(-c4cc(F)c5nc(C)n(C(C)C)c5c4)n3)nc2)CC1,3,0.23958333333333334,2.6727014423610096,0.9988546738013566
195351220_1540,195351220,CCOc1ccc(CC(=O)NCCn2cccnc2=O)cc1,3,0.32894736842105265,0.9733940620323167,0.9991766768189039
195351193_2219,195351193,O=C(Cc1ccc(F)cc1)NCCn1cccnc1=O,3,0.40384615384615385,1.1685837582307175,0.9993124127721853
300011391_120,300011391,O=c1[nH]ccc2c(S(=O)(=O)N3CCCNCC3)cccc12,3,0.5686274509803921,1.763592923551345,0.9984978346087938
300011391_119,300011391,O=c1[nH]ccc2c(S(=O)(=O)N3CCC[NH2+]CC3)cccc12,3,0.5576923076923077,1.7527407110006836,0.9975814512071322
49911442_2244,49911442,Cc1ccc(CCNc2ccc(C#N)nc2)cn1,3,0.42592592592592593,0.9531668269512898,0.9997750337010273
53815325_2389,53815325,C[N@H+](CCSc1ccc2nnnn2n1)Cc1ccccc1,3,0.6111111111111112,2.107575621419017,0.9982961430209499
313516125_3618,313516125,N#Cc1c(C2CC2)[nH]c(SCc2cccc(F)c2F)nc1=O,3,0.25,0.8526253573517828,0.9993088012097243
177444469_2824,177444469,CC(=O)NCc1cc2n(n1)CC[N@H+](C1Cc3ccccc3C1)C2,3,0.3561643835616438,1.829724296171142,0.9989526590448428
177444469_2825,177444469,CC(=O)NCc1cc2n(n1)CCN(C1Cc3ccccc3C1)C2,3,0.4117647058823529,1.6959478175934704,0.999382722835345
177475488_3288,177475488,CS(=O)(=O)NCc1cc2n(n1)CC[N@H+](C1Cc3ccccc3C1)C2,3,0.32,2.244693074787699,0.9993002469105735
177475488_3290,177475488,CS(=O)(=O)[N-]Cc1cc2n(n1)CC[N@H+](C1Cc3ccccc3C1)C2,3,0.32,3.230416381830508,0.9978816761204933
177475488_3289,177475488,CS(=O)(=O)NCc1cc2n(n1)CCN(C1Cc3ccccc3C1)C2,3,0.37142857142857144,1.8889677075060083,0.9992485036881502
24879868_1896,24879868,CCC(=O)N1CCCc2cc([C@@H](O)CN3CCN(c4ccc(OC)cc4)CC3)ccc21,3,0.32051282051282054,2.8265526706574238,0.9982755942978196
24879868_1895,24879868,CCC(=O)N1CCCc2cc([C@@H](O)C[NH+]3CCN(c4ccc(OC)cc4)CC3)ccc21,3,0.40540540540540543,2.4220177538574044,0.9986735407427866
49942032_2294,49942032,CC(C)Oc1ccc(C#N)cc1N[C@H]1CC[N@@H+](C)CC1,3,0.42105263157894735,2.136494558851021,0.9984445777055532
24465856_546,24465856,O=C(c1cccc(Cl)c1)N1CCN(C(=O)c2ccc3ccccc3c2[O-])CC1,3,0.5454545454545454,0.5092592659937086,0.9997511278693811
24465856_547,24465856,O=C(c1cccc(Cl)c1)N1CCN(C(=O)c2ccc3ccccc3c2O)CC1,3,0.5370370370370371,1.4888475408853175,0.998247883531121
11883158_1865,11883158,COC(=O)c1c(C)[nH]c(C(=O)OCC(=O)N(C)Cc2cccs2)c1C,3,0.44776119402985076,2.677395002609711,0.9995531088184224
149593_917,149593,CNC(=O)CC1CCN(c2ncccn2)CC1,3,0.4772727272727273,1.4727182351013415,0.9982176902206538
209461_1872,209461,NC(=O)CC1CCN(c2ncccn2)CC1,3,0.5121951219512195,1.6591199474418283,0.9971848011426144
207509_3580,207509,O=C(CCOc1ccccc1)N1CCC[C@H](c2[nH]ncc2-c2ccc(Cl)cc2)C1,3,0.6197183098591549,1.7512321376673947,0.9993819238164704
207509_3581,207509,O=C(CCOc1ccccc1)N1CCC[C@H](c2n[nH]cc2-c2ccc(Cl)cc2)C1,3,0.6376811594202898,1.8369148047748656,0.9991692732814261
36686539_1579,36686539,CCc1nnc2n1CCN(C(=O)c1ccccc1Oc1cccnc1)C2,3,0.3333333333333333,1.5461963006031056,0.9991136729825432
49383433_2057,49383433,CCOC(=O)Nc1cc(-c2ccc(C)c(NS(C)(=O)=O)c2)nn2c(C)nnc12,3,0.3492063492063492,2.225434788979181,0.9983385768235904
49383433_2058,49383433,CCOC(=O)Nc1cc(-c2ccc(C)c([N-]S(C)(=O)=O)c2)nn2c(C)nnc12,3,0.3384615384615385,2.662653000298751,0.9992674024972537
11015786_1452,11015786,Cc1ccc(C(=O)[O-])cc1[N-]S(=O)(=O)c1csc(C(=O)Nc2ccccc2)c1,3,0.35,1.835819980281007,0.9992189036910294
11015786_1451,11015786,Cc1ccc(C(=O)[O-])cc1NS(=O)(=O)c1csc(C(=O)Nc2ccccc2)c1,3,0.35,2.403342256108984,0.9991857310793582
6666291_3639,6666291,COc1cccc(N2CCN(c3[nH+]c(C)cc(C)c3C#N)CC2)c1,3,0.3064516129032258,1.478395752158361,0.9993707125591285
6666291_3638,6666291,COc1cccc(N2CCN(c3nc(C)cc(C)c3C#N)CC2)c1,3,0.30158730158730157,1.4780074424709009,0.9994790588488615
48780034_1870,48780034,CC(=O)N1CCC[N@@H+](Cc2c(C)nn(C)c2Cl)CC1,3,0.38235294117647056,1.3066587159621628,0.9992507912209291
48780034_1871,48780034,CC(=O)N1CCCN(Cc2c(C)nn(C)c2Cl)CC1,3,0.36363636363636365,0.767379958038769,0.9995358720997806
43033977_461,43033977,c1ccc(OCc2cc(CC3(NCc4cnc5ccccc5c4)COC3)no2)cc1,3,0.296875,1.9443713637058098,0.9995224907672363
43033977_462,43033977,c1ccc(OCc2cc(CC3([NH2+]Cc4cnc5ccccc5c4)COC3)no2)cc1,3,0.2923076923076923,1.7051712523966225,0.9991603407600175
3962718_1080,3962718,O=C(Nc1nncs1)c1cccnc1,3,0.5,1.2583755401307992,0.9994748507367102
32042022_2691,32042022,Cc1[nH]c(-c2ccccc2)nc(=O)c1C,3,0.3137254901960784,1.3894480918694507,0.9993061239273503
177465976_3294,177465976,O=C1CN(C(=O)c2ccc(Cl)cn2)CCN1CCc1ccccc1,3,0.5517241379310345,1.6077067518671628,0.9991990581069492
31341176_1160,31341176,Cc1cc(C(=O)NCCc2ccccn2)c(C)s1,3,0.43636363636363634,4.545789700371132,0.9891596499486148
32125849_606,32125849,Cn1ccnc1CCNC(=O)c1cccc2cccnc12,3,0.52,1.12275019483401,0.9995808196762265
32125849_607,32125849,Cn1cc[nH+]c1CCNC(=O)c1cccc2cccnc12,3,0.46296296296296297,1.7823891269866856,0.9993462714770446
3669743_995,3669743,CCc1nnc(NC(=O)Cc2c(C)noc2C)s1,3,0.48148148148148145,0.980497322790999,0.9996542634336626
1300953_684,1300953,Cc1ccccc1OCCn1c(N)[nH+]c2ccccc21,3,0.5111111111111111,1.1795634785805615,0.9986927231163941
1300953_685,1300953,Cc1ccccc1OCCn1c(N)nc2ccccc21,3,0.5,1.7669083168064545,0.9995176497195865
329184_1617,329184,Cc1cnc(-c2[nH+]c(NCc3ccccn3)ncc2-c2onc(C)c2C)cn1,3,0.36363636363636365,3.3225104965976238,0.9990631272327174
329184_1616,329184,Cc1cnc(-c2nc(NCc3ccccn3)ncc2-c2onc(C)c2C)cn1,3,0.3466666666666667,2.284611564358879,0.9994957861792162
44384801_170,44384801,CCC[N-]S(=O)(=O)/N=c1/[nH]cnc(OCCOc2ncc(Br)cn2)c1-c1ccc(Br)cc1,3,0.23376623376623376,2.520151185941336,0.9983097943521274
44384801_168,44384801,CCCNS(=O)(=O)/N=c1\nc[nH]c(OCCOc2ncc(Br)cn2)c1-c1ccc(Br)cc1,3,0.2236842105263158,3.559317209802957,0.9975518880977848
44384801_169,44384801,CCCNS(=O)(=O)/N=c1\[nH]cnc(OCCOc2ncc(Br)cn2)c1-c1ccc(Br)cc1,3,0.22666666666666666,3.4198384464762746,0.9969023542645228
44384801_171,44384801,CCC[N-]S(=O)(=O)/N=c1/nc[nH]c(OCCOc2ncc(Br)cn2)c1-c1ccc(Br)cc1,3,0.2236842105263158,2.9348965910233993,0.9981647657904553
32538596_108,32538596,COc1ccc(Nc2c(C#N)cnc3cc(OC)c(OC)cc23)cc1Cl,3,0.5285714285714286,1.2863553163880923,0.9989920879575694
32538596_109,32538596,COc1ccc(Nc2c(C#N)c[nH+]c3cc(OC)c(OC)cc23)cc1Cl,3,0.5211267605633803,1.5309800782504623,0.9976850703943668
3572643_1326,3572643,CC(=O)N1CCC(C(=O)Nc2nccs2)(c2ccccc2)CC1,3,0.37681159420289856,1.6221300810972477,0.9988543398883157
17125201_3549,17125201,COc1cc2ncn(-c3cc(OCc4ccccc4S(C)(=O)=O)c(C#N)s3)c2cc1OC,3,0.2564102564102564,1.3747963485549595,0.9987410930707616
25618066_1963,25618066,Cc1csc(NC(=O)c2ccc(-c3ccncc3)cc2)n1,3,0.5652173913043478,1.7394369778753636,0.9991314418947297
45816980_63,45816980,COc1nn(C)cc1C(=O)Nc1cccc(-c2c[nH+]c3n2CCC3)c1,3,0.35,2.2020479104685418,0.9988718586197326
49081113_3132,49081113,CC(C)(C)c1cnc(CN2CCC(=O)Nc3cc(F)ccc32)o1,3,0.576271186440678,0.9683222604071855,0.9993535546300988
36748737_3009,36748737,Cc1ccc(Oc2ccc(N)cc2)nn1,3,0.45652173913043476,1.6490421462170144,0.9968459849936852
44811321_2969,44811321,N#Cc1cc(C[N@H+]2CC[C@H](Nc3ncnc4sc(Cl)cc34)CC2)ccc1F,3,0.4588235294117647,2.174325642584318,0.9991762353175234
44811321_2970,44811321,N#Cc1cc(C[N@H+]2CC[C@@H](Nc3nc[nH+]c4sc(Cl)cc34)CC2)ccc1F,3,0.4883720930232558,2.987686395858717,0.9979307729046442
320383153_3652,320383153,CC(C)(C)Nc1cc(NCC2CCOCC2)c2[nH+]cc(-c3ccc(C(=O)NC4CC4)cc3)n2n1,3,0.3125,5.446551018764364,0.998885185147635
320383153_3653,320383153,CC(C)(C)Nc1cc(NCC2CCOCC2)c2ncc(-c3ccc(C(=O)NC4CC4)cc3)n2n1,3,0.3125,3.45906099975097,0.998493754899001
48749865_3252,48749865,CN(Cc1nc2c(s1)CCCC2)c1cnccn1,3,0.3235294117647059,1.3101786137771556,0.9992631494431139
8296397_290,8296397,NCc1cccc(C(=O)N2CCCC2)c1,3,0.48148148148148145,1.2800039062438926,0.99851876170049
8296397_289,8296397,[NH3+]Cc1cccc(C(=O)N2CCCC2)c1,3,0.48148148148148145,1.064455729469097,0.9980195554412314
416572_2968,416572,COc1ccc(-c2nc(NC(C)C)ncc2-c2ncc[nH]2)cc1,3,0.32786885245901637,2.0444840424912347,0.9987829682720953
416572_2967,416572,COc1ccc(-c2nc(NC(C)C)ncc2-c2[nH]cc[nH+]2)cc1,3,0.296875,1.4949581933954763,0.9993203176726098
316762184_3594,316762184,COc1cc2c(cc1OC)-c1[nH]nc(NCc3c(Cl)cccc3Cl)c1C2=O,3,0.328125,2.9119076221613063,0.9991476690017791
316762184_3593,316762184,COc1cc2c(cc1OC)-c1n[nH]c(NCc3c(Cl)cccc3Cl)c1C2=O,3,0.3333333333333333,3.139762092898289,0.9995422608368386
335958_3361,335958,O=c1c2sccc2nc2n1CC[N@H+](Cc1cc(F)ccc1F)CC2,3,0.5,2.0848503543420547,0.9989460706162884
417952_2917,417952,O=c1c2sccc2nc2n1CC[N@H+](Cc1ccc(F)cc1F)CC2,3,0.5,1.6328211782066082,0.9990444554492425
335958_3360,335958,O=c1c2sccc2nc2n1CCN(Cc1cc(F)ccc1F)CC2,3,0.4918032786885246,2.4018850930053808,0.9990848826680266
417952_2916,417952,O=c1c2sccc2nc2n1CCN(Cc1ccc(F)cc1F)CC2,3,0.4918032786885246,2.1800128439986897,0.9992733907801407
LN01343314_2534,LN01343314,CCc1c(C(=O)NCCc2ccc(N3CCCCC3)cc2)[nH]c2ccc(Cl)cc12,3,0.3333333333333333,3.5454235290018725,0.9973789393096041
301023837_3313,301023837,COc1cc(CN2CCC[NH2+]CC2)cc2c1OCO2,3,0.3064516129032258,1.3600272056103009,0.9989208814177823
301023837_3314,301023837,COc1cc(C[N@H+]2CCC[NH2+]CC2)cc2c1OCO2,3,0.29411764705882354,1.9353335629803285,0.9984140558486468
301023837_3315,301023837,COc1cc(C[N@@H+]2CCCNCC2)cc2c1OCO2,3,0.29411764705882354,1.4196605228015462,0.9996947965279642
1934410_788,1934410,Cc1ccc(NC(=O)c2cccc(N(C)C)c2)cc1NC(=O)c1ccc([O-])cc1,3,0.4107142857142857,1.1060976448761295,0.9992770833103328
1934410_787,1934410,Cc1ccc(NC(=O)c2cccc(N(C)C)c2)cc1NC(=O)c1ccc(O)cc1,3,0.41818181818181815,2.0295169375985753,0.9985110372095141
32069322_1456,32069322,Cc1noc2ncc(C(=O)Nc3nc(C4CC4)cs3)cc12,3,0.38571428571428573,1.4934416627378304,0.9993605317195078
31895184_890,31895184,CC(C)C(=O)N1CCC(Nc2nc[nH+]c3ccsc23)CC1,3,0.5535714285714286,0.9990620601350096,0.9997351252770984
31895184_889,31895184,CC(C)C(=O)N1CCC(Nc2ncnc3ccsc23)CC1,3,0.5370370370370371,1.887759518582712,0.9992612681723649
43881453_3088,43881453,Cc1cccc(NC(=O)CN(C)Cc2nc(=O)c3ccccc3[nH]2)c1C,3,0.36764705882352944,1.6921651810622518,0.9995800633344744
43881453_3089,43881453,Cc1cccc(NC(=O)CN(C)Cc2nc3ccccc3c(=O)[nH]2)c1C,3,0.323943661971831,2.051316894095051,0.998969751511505
43964901_3398,43964901,Cc1cccc(NC(=O)CN(C)Cc2nc3ccc(Cl)cc3c(=O)[nH]2)c1C,3,0.30666666666666664,1.9982084475854434,0.9991448607293504
43964901_3397,43964901,Cc1cccc(NC(=O)CN(C)Cc2nc(=O)c3cc(Cl)ccc3[nH]2)c1C,3,0.30666666666666664,1.5378215110992537,0.998991645836824
73019704_2298,73019704,O=C(Nc1ccc2c(c1)N(CC(F)F)C(=O)CS2)C1CC=CC1,3,0.2619047619047619,0.8296595687388522,0.9994201232882555
33351514_3574,33351514,Cc1ccc(C(N)=O)c(OCc2c(Cl)ccc3cccnc23)c1,3,0.3770491803278688,1.4032305583901825,0.9984957198739955
6630813_862,6630813,Cc1ccc(CNC(=O)CN2CCC(n3nnc4cc(C)ccc43)CC2)cc1,3,0.3424657534246575,1.9226130655956302,0.9987345735655048
6630813_863,6630813,Cc1ccc(CNC(=O)C[N@H+]2CC[C@H](n3nnc4cc(C)ccc43)CC2)cc1,3,0.33783783783783783,2.3710828749750577,0.9981104179302291
415550_2324,415550,COCCCNc1ncc(-c2cc(C)no2)c(C(C)C)n1,3,0.47761194029850745,1.48097231574436,0.9994060124452926
415550_2325,415550,COCCCNc1ncc(-c2cc(C)no2)c(C(C)C)[nH+]1,3,0.42028985507246375,1.3217896958289674,0.9994925226544006
49946784_3003,49946784,Cc1ccc(CNc2[nH+]cnn2C)nc1,3,0.48936170212765956,2.1842119860490636,0.9990585220636887
49946784_3004,49946784,Cc1ccc(CNc2ncnn2C)nc1,3,0.4888888888888889,1.18663726555351,0.9994662174633516
3434817_612,3434817,Cc1ccc2c(CC(=O)NCc3cccs3)coc2c1,3,0.46551724137931033,1.622064733604515,0.9993376622250392
3301360_696,3301360,COc1ccc(Nc2ncnc3sccc23)c(OC)c1,3,0.4,1.6315176983410136,0.9994791744882667
49300421_2702,49300421,Cc1noc(NCc2ccc(F)cc2C)n1,3,0.4339622641509434,1.3376662513500381,0.9987976779850404
49300421_2703,49300421,Cc1noc(NCc2ccc(F)cc2C)[nH+]1,3,0.4444444444444444,2.1007015494828467,0.9988829663015643
13535869_2868,13535869,COc1ccc(NC(C)=O)cc1NC(=O)C[N@@H+](Cc1ccccc1)C(C)C,3,0.3709677419354839,1.750749268170623,0.9987749864084692
13535869_2867,13535869,COc1ccc(NC(C)=O)cc1NC(=O)CN(Cc1ccccc1)C(C)C,3,0.36923076923076925,1.5240390414946199,0.9982850868446352
168892617_57,168892617,CCc1nc(C)cn2nc(-c3cc(=O)n4cc([C@H]5CC[N@H+](C)CC5)cc(C)c4[nH+]3)cc12,3,0.32222222222222224,4.281577629799638,0.9987440156430046
168892617_56,168892617,CCc1nc(C)cn2nc(-c3cc(=O)n4cc([C@H]5CC[N@H+](C)CC5)cc(C)c4n3)cc12,3,0.27472527472527475,3.2331970246183133,0.9984380981267407
168892617_58,168892617,CCc1[nH+]c(C)cn2nc(-c3cc(=O)n4cc([C@H]5CC[N@H+](C)CC5)cc(C)c4n3)cc12,3,0.3448275862068966,3.4531191696786174,0.9983950012420918
36655350_3367,36655350,OCC[NH+]1CCN(c2ccnc3ccc(Br)cc23)CC1,3,0.35714285714285715,1.5538246361801444,0.9987889476268829
36655350_3368,36655350,OCC[NH+]1CCN(c2cc[nH+]c3ccc(Br)cc23)CC1,3,0.35714285714285715,1.839192757706228,0.9985046833889913
36655350_3370,36655350,OCCN1CCN(c2ccnc3ccc(Br)cc23)CC1,3,0.3333333333333333,1.4740522378804923,0.997733972902102
36655350_3369,36655350,OCCN1CCN(c2cc[nH+]c3ccc(Br)cc23)CC1,3,0.3333333333333333,1.8573306113882466,0.9970247490324302
323968411_137,323968411,C[C@@](O)(C#Cc1ccc2c(c1)N(c1nc(N)[nH+]cc1Cl)CC2)c1nccs1,3,0.21978021978021978,3.0785735333108515,0.9984990420726387
323968411_136,323968411,C[C@@](O)(C#Cc1ccc2c(c1)N(c1nc(N)ncc1Cl)CC2)c1nccs1,3,0.2247191011235955,3.6840146579512,0.9991898963519671
89942347_3160,89942347,CC(C)(O)Cn1nc(-c2ccccc2)c2c(Cl)c(-c3ccccc3)nnc21,3,0.25806451612903225,1.8545344429264043,0.9988550535072209
1556512_1982,1556512,Nc1ccc2c(c1)[nH+]cn2CCc1ccccc1,3,0.3958333333333333,1.7760563054137388,0.997188364474328
1556512_1981,1556512,Nc1ccc2c(c1)ncn2CCc1ccccc1,3,0.425531914893617,1.5034550209433342,0.99920825842579
222766824_2238,222766824,C[N@H+]1CC[C@](O)(CNC(=O)C2CCCCCC2)CC1,3,0.5333333333333333,1.5335260023873827,0.9992472332075254
294504_1443,294504,CC(C)(C)NC(=O)Cn1nc(C(c2ccccc2)c2ccccc2)oc1=O,3,0.3220338983050847,1.5750596814086812,0.9992901062517006
43725006_2621,43725006,CCCNC(=O)CSc1nc2ccc(C)cc2[nH]1,3,0.5555555555555556,1.4770541628526899,0.9996154160157315
43725006_2623,43725006,CCCNC(=O)CSc1[nH]c2cc(C)ccc2[nH+]1,3,0.5555555555555556,1.346512903763017,0.9990182292521508
43725006_2622,43725006,CCCNC(=O)CSc1nc2cc(C)ccc2[nH]1,3,0.5555555555555556,1.523955051830608,0.9994517908511577
32176505_2735,32176505,CC(C)(C)c1[nH]cnc1/C=c1\[nH]c(=O)/c(=C/c2ccccc2)[nH]c1=O,3,0.2222222222222222,2.8996737747549988,0.9992619070156694
32176505_2736,32176505,CC(C)(C)c1[nH+]c[nH]c1/C=c1\[nH]c(=O)/c(=C/c2ccccc2)[nH]c1=O,3,0.2,1.8790425753555309,0.9990563305063237
152135_1121,152135,O=S(=O)(c1cn[nH]c1)N1CCC[C@@H](c2cccc(-c3cccc(Cl)c3)[nH+]2)C1,3,0.5352112676056338,2.6232153933669404,0.9969249162791691
152135_1120,152135,O=S(=O)(c1cn[nH]c1)N1CCC[C@H](c2cccc(-c3cccc(Cl)c3)n2)C1,3,0.5147058823529411,1.9404396409063311,0.9967859835753503
31981950_836,31981950,CC(=O)NCC1CCN(C(=O)c2ccc(C)nc2)CC1,3,0.47368421052631576,1.4138875485691629,0.9989276974565098
49976216_2032,49976216,CNC(=O)Cc1nc(-c2cncc(C)c2)cs1,3,0.4423076923076923,0.913720416757766,0.9994652261812307
232902536_2280,232902536,COCC1(CNS(=O)(=O)c2ccccc2)CCC1,3,0.5882352941176471,1.4079641330661457,0.9978561515719292
232902536_2281,232902536,COCC1(C[N-]S(=O)(=O)c2ccccc2)CCC1,3,0.5769230769230769,2.338327821328631,0.9953452537027833
49435320_3375,49435320,CNc1nc(C)nc(N[C@H]2CCC[C@@H](C(=O)NCc3ccc(C#N)cc3C(F)(F)F)C2)n1,3,0.2926829268292683,2.773804787651726,0.9965471775767902
32048916_1356,32048916,CC(C)(C)c1nc(Cn2nnc3ccccc3c2=O)no1,3,0.4,1.4030124732163702,0.99938531975443
43581803_2062,43581803,Cc1cccc(OC2CN(C(=O)Cn3c(C)nn(-c4ccccc4)c3=O)C2)c1,3,0.421875,1.4865587778487426,0.9995736435723307
43659306_655,43659306,CCc1noc(CN2CCCN(C(C)=O)c3ccccc32)n1,3,0.48333333333333334,1.971055301101565,0.9990615827111419
49144758_520,49144758,CSCCc1nc(-c2cc(C)nc3cc(F)ccc23)n(CCO)n1,3,0.4032258064516129,1.204767612445958,0.9994032123093093
49144758_521,49144758,CSCCc1nn(CCO)c(-c2cc(C)nc3cc(F)ccc23)[nH+]1,3,0.3939393939393939,1.52192739642845,0.9984011835867325
49950940_3051,49950940,C[N@H+]1CC[C@H](CNC(=O)c2ncoc2-c2ccc(F)cc2)CC1,3,0.38571428571428573,1.3922007757507595,0.9988947021340622
31923278_2151,31923278,Cc1cc2ccccc2n1CC(=O)N1CCc2ccc(O)cc2C1,3,0.4,2.190229896609233,0.9986116293459525
31923278_2152,31923278,Cc1cc2ccccc2n1CC(=O)N1CCc2ccc([O-])cc2C1,3,0.4090909090909091,3.620469997113272,0.9989666413668786
48224722_1940,48224722,c1csc(-c2csc3[nH+]c(CN4CCOCC4)nc(N4CCc5[nH]ncc5C4)c23)c1,3,0.3902439024390244,2.3701613869113793,0.9994711454634578
48224722_1938,48224722,c1csc(-c2csc3nc(CN4CCOCC4)nc(N4CCc5n[nH]cc5C4)c23)c1,3,0.375,4.204997265159851,0.9990715875863634
48224722_1939,48224722,c1csc(-c2csc3nc(C[NH+]4CCOCC4)nc(N4CCc5[nH]ncc5C4)c23)c1,3,0.3855421686746988,2.3145807395730307,0.999441859350234
48224722_1937,48224722,c1csc(-c2csc3nc(CN4CCOCC4)nc(N4CCc5[nH]ncc5C4)c23)c1,3,0.3924050632911392,4.42267023414613,0.9994551809849136
313516885_1043,313516885,CC(C)c1nnc(-c2ccc(-c3ccccc3)nc2)n1-c1cccc2nonc12,3,0.2727272727272727,1.9557067776126384,0.9992895638552413
49149249_879,49149249,Cc1ccccc1OC1CCN(C(=O)Nc2ccc3c(c2)[nH+]cn3C)CC1,3,0.4714285714285714,1.6959604948228697,0.9988389622088144
49149249_878,49149249,Cc1ccccc1OC1CCN(C(=O)Nc2ccc3c(c2)ncn3C)CC1,3,0.4714285714285714,2.257610240941237,0.9992987737656491
50279769_2473,50279769,COc1cc(Br)c2c(=O)[nH]c(C)nc2c1,3,0.26229508196721313,1.3856803383173903,0.9989015682413398
50279769_2472,50279769,COc1cc(Br)c2c(=O)nc(C)[nH]c2c1,3,0.2727272727272727,1.237861058439052,0.9989920710582635
44598735_1265,44598735,CCOCC(=O)N1CCC2(CCc3ccccc3O2)CC1,3,0.64,1.7635648556259027,0.9997154984132692
25831315_910,25831315,Cc1nc2ccccc2c(N)c1C(=O)/C=C/c1ccccc1,3,0.30158730158730157,0.9912265129626582,0.9992075953555661
25831315_911,25831315,Cc1[nH+]c2ccccc2c(N)c1C(=O)/C=C/c1ccccc1,3,0.296875,1.358992273708844,0.9992189758832526
25831317_2217,25831317,COc1ccc(/C=C/C(=O)c2c(C)[nH+]c3ccccc3c2N)cc1,3,0.3492063492063492,1.6470385544970816,0.9977404124905276
25831317_2216,25831317,COc1ccc(/C=C/C(=O)c2c(C)nc3ccccc3c2N)cc1,3,0.328125,1.3072245407733425,0.9988161990464792
147155_1141,147155,Cc1cc(CCCC(=O)NC[C@H]2CC[C@H](c3ccc(C(N)=O)c(C)n3)CC2)ccc1F,3,0.527027027027027,2.6548306913997317,0.9974893611417226
1536313_2018,1536313,C(=C/c1ccccc1)\C[NH2+]Cc1ccc2c(c1)OCO2,3,0.46938775510204084,2.1696167864395166,0.9978063115015671
24055786_419,24055786,CCc1cc2c(N(C)CCO)ncnc2s1,3,0.2807017543859649,1.5377194152383806,0.9994630966800504
171974149_2445,171974149,CC(=O)NC[C@H]1C[C@]2(C)[C@@H](CCCC[C@]2(C)O)N1CC1(O)CCOCC1,3,0.2571428571428571,3.3832596707908666,0.9985813748218444
171975111_3280,171975111,CC(=O)NC[C@H]1C[C@]2(C)[C@@H](CCCC[C@]2(C)O)[N@@H+]1CC1(O)CCCC1,3,0.25396825396825395,4.624913188374543,0.9983582024330354
171974149_2444,171974149,CC(=O)NC[C@H]1C[C@]2(C)[C@@H](CCCC[C@]2(C)O)[N@H+]1CC1(O)CCOCC1,3,0.24324324324324326,3.732595477680547,0.9988599272021931
4847598_969,4847598,O=C([O-])c1ccc(=O)n(CCc2c[nH]c3ccccc23)c1,3,0.37142857142857144,2.1894661449771093,0.9979685170243316
48745204_2689,48745204,CS(=O)(=O)[N-][C@@H]1CCCN(c2nc3ccccc3o2)C1,3,0.35714285714285715,2.459089465635478,0.9990028625915618
48745204_2688,48745204,CS(=O)(=O)N[C@@H]1CCCN(c2nc3ccccc3o2)C1,3,0.37681159420289856,1.7218222904816558,0.9992431090770891
36997025_2137,36997025,Cc1cc(C)nc(-n2nc(C)c(CC(=O)NC3CCCCCC3)c2C)n1,3,0.4528301886792453,2.3943623368234745,0.9985948153049078
48764932_2847,48764932,Cc1ncccc1CNc1ccc(CC#N)cc1,3,0.43137254901960786,1.23193912187239,0.9992369463665038
171745752_457,171745752,CCCc1nc(N2CCc3ccccc3C2)ncc1C(=O)[O-],3,0.4090909090909091,1.953355062450252,0.996316337900183
48835672_1869,48835672,CC(C)(C)C(=O)N1CCC(CN2C(=O)C(=O)N(C3CCCC3)C2=O)CC1,3,0.41818181818181815,2.646547940241799,0.9988588783394194
300445634_2334,300445634,C[NH+](C)CCOc1cc(-c2cn[nH]c2)ccc1NC(=O)[C@@H]1COc2ccccc2O1,3,0.27906976744186046,2.484314191079733,0.9983595638195827
300445634_2335,300445634,CN(C)CCOc1cc(-c2cn[nH]c2)ccc1NC(=O)[C@H]1COc2ccccc2O1,3,0.27058823529411763,2.4239084141111245,0.9983108606539735
11812085_1313,11812085,CC1CCN(CC(=O)Nc2nc(-c3c[nH]c4ccccc34)cs2)CC1,3,0.3582089552238806,2.9103687051644407,0.99849718780291
11812085_1314,11812085,C[C@H]1CC[N@H+](CC(=O)Nc2nc(-c3c[nH]c4ccccc34)cs2)CC1,3,0.3188405797101449,2.6386530654863614,0.9981382908542143
30658737_2073,30658737,CN(Cc1cccc(C#N)c1)c1cnc2ccccc2n1,3,0.47058823529411764,1.5289996729888744,0.9994543667112571
30658737_2074,30658737,CN(Cc1cccc(C#N)c1)c1cnc2ccccc2[nH+]1,3,0.4444444444444444,1.8889338262629307,0.9973374741302214
300635762_2561,300635762,COc1ccc(C[C@H]2C[N@@H+]3CCN(C(=O)OCc4ccccc4)C[C@H]3CO2)cc1,3,0.352112676056338,1.8089458256120687,0.9989205692910588
300635762_2560,300635762,COc1ccc(C[C@@H]2CN3CCN(C(=O)OCc4ccccc4)C[C@H]3CO2)cc1,3,0.34328358208955223,1.9446912351322654,0.999334703714705
41949940_771,41949940,CCc1c(N)cnn1-c1ccccc1C,3,0.4090909090909091,0.6879404043953073,0.9994160252426462
299994993_1262,299994993,C[n+]1cc2c3c(ccc2c2ccc4cc5c(cc4c21)OCO5)OCO3,3,0.2459016393442623,2.044315777956253,0.9975616691905747
1313043_415,1313043,CCOC(=O)N1CCN(C(=O)c2ccc3c(c2)OCO3)CC1,3,0.5094339622641509,1.6979134253547739,0.9982323072580547
184567_1775,184567,CNC(=O)c1sc2ncccc2c1[C@H]1CC[C@H](CNC(=O)CCc2ccccc2)CC1,3,0.3023255813953488,3.1065120312014165,0.998475082769845
184569_721,184569,CNC(=O)c1sc2ncccc2c1[C@H]1CC[C@H](CNC(=O)COc2ccccc2)CC1,3,0.3176470588235294,2.7394448342688222,0.9987376250827006
46075643_524,46075643,Cc1nc(N[C@H](c2nccn2C)C2CC2)c2sccc2[nH+]1,3,0.2898550724637681,2.5114700874191795,0.9992589632969835
46075643_525,46075643,Cc1nc(N[C@H](c2nccn2C)C2CC2)c2sccc2n1,3,0.2878787878787879,2.2423195579574626,0.9996475123059696
46075643_526,46075643,Cc1nc(N[C@@H](c2[nH+]ccn2C)C2CC2)c2sccc2[nH+]1,3,0.2898550724637681,3.094316564283585,0.9989757374089429
46075643_527,46075643,Cc1nc(N[C@@H](c2[nH+]ccn2C)C2CC2)c2sccc2n1,3,0.2647058823529412,2.8790883973925703,0.9997350712507035
32033566_390,32033566,COc1ccccc1CNC(=O)[C@H](C)N1CCCN(c2ccccc2C#N)CC1,3,0.4794520547945205,2.321860676268307,0.998161340479863
32033566_391,32033566,COc1ccccc1CNC(=O)[C@@H](C)[N@H+]1CCCN(c2ccccc2C#N)CC1,3,0.49333333333333335,2.002368347732297,0.9992157627875816
35692276_1985,35692276,CCONC(=O)c1sc(C)nc1C,3,0.3888888888888889,0.309598126611585,0.9999111126061211
49925402_3097,49925402,NC(=O)c1csc(C[N@H+]2CCc3cc(F)ccc3C2)c1,3,0.3235294117647059,1.280990241961543,0.9989678831524358
49925402_3098,49925402,NC(=O)c1csc(CN2CCc3cc(F)ccc3C2)c1,3,0.3283582089552239,1.88615243286414,0.9979556391763914
31231716_2261,31231716,C[C@H](Cc1cc2c(c(C(N)=O)c1)N(CCCO)CC2)[NH2+]CCOc1ccccc1OCC(F)(F)F,3,0.26744186046511625,2.3296845279995098,0.9975995834131832
194963090_3,194963090,CC(C)(Oc1ccc(-c2c[nH+]c(N)c(-c3ccc(Cl)cc3)c2)cc1)C(=O)[O-],3,0.234375,1.9034673624726401,0.9983437236788253
194963090_2,194963090,CC(C)(Oc1ccc(-c2cnc(N)c(-c3ccc(Cl)cc3)c2)cc1)C(=O)[O-],3,0.27419354838709675,3.116683012434907,0.9974148285550432
48820442_1057,48820442,O=C(Cc1ccc(Cl)c(Cl)c1)N1CC(n2ccnn2)C1,3,0.3728813559322034,1.5519455531685664,0.9971699987791129
36356108_1067,36356108,CCCc1cc(N2CCc3c(nc(C(C)C)n3C)C2)n2ncnc2n1,3,0.3246753246753247,2.229612970899097,0.999483388637216
44507857_25,44507857,CCCc1cc(N2CCc3c([nH+]c(C4CC4)n3C)C2)n2nc[nH+]c2n1,3,0.25287356321839083,1.7497616980603816,0.9991894095031708
44507857_21,44507857,CCCc1cc(N2CCc3c(nc(C4CC4)n3C)C2)n2ncnc2n1,3,0.24705882352941178,2.282109550394288,0.9994777225791768
44507857_22,44507857,CCCc1cc(N2CCc3c(nc(C4CC4)n3C)C2)n2nc[nH+]c2n1,3,0.2413793103448276,2.6852243854098363,0.9993673517651865
36356108_1070,36356108,CCCc1c/c(=[N+]2\CCc3c(nc(C(C)C)n3C)C2)n2ncnc2[nH]1,3,0.25,2.669755044942973,0.9997974310839417
36356108_1071,36356108,CCCc1cc(N2CCc3c([nH+]c(C(C)C)n3C)C2)n2nc[nH+]c2n1,3,0.32051282051282054,1.6937735976214323,0.9991969498460277
36356108_1068,36356108,CCCc1cc(N2CCc3c(nc(C(C)C)n3C)C2)n2nc[nH+]c2n1,3,0.32051282051282054,2.748027292440906,0.9992427803226589
44507857_24,44507857,CCCc1c/c(=[N+]2\CCc3c(nc(C4CC4)n3C)C2)n2ncnc2[nH]1,3,0.2345679012345679,2.8034396729734135,0.9998322197203682
36356108_1069,36356108,CCCc1cc(N2CCc3c([nH+]c(C(C)C)n3C)C2)n2ncnc2n1,3,0.32051282051282054,1.897288064580475,0.9993346738029619
44507857_23,44507857,CCCc1cc(N2CCc3c([nH+]c(C4CC4)n3C)C2)n2ncnc2n1,3,0.24358974358974358,1.8918937602303696,0.9993102009336124
35765811_1252,35765811,CN1CCN(C(=O)C2(NC(=O)c3ccc(C(F)(F)F)cc3)CCCC2)CC1,3,0.375,2.163111878752555,0.998425250063465
35765811_1251,35765811,C[NH+]1CCN(C(=O)C2(NC(=O)c3ccc(C(F)(F)F)cc3)CCCC2)CC1,3,0.34328358208955223,2.198037988752746,0.9989581038103322
344474_3087,344474,CC(C)N(C(=O)Cn1cccc2cc(-c3ccco3)[nH+]c1-2)C(C)C,3,0.23170731707317074,1.9777158542119229,0.9990217421002336
3330721_3670,3330721,CSCC(=O)Nc1nc(-c2ccc(C3CCCCC3)cc2)cs1,3,0.3220338983050847,2.561712903508093,0.9977969617024623
2937124_1838,2937124,CCOC(=S)SCC(=O)Nc1nc(-c2ccc(C3CCCCC3)cc2)cs1,3,0.3116883116883117,2.4524269611955605,0.9970127874086051
29626233_2471,29626233,COC(=O)CCCNC(=O)C[N@H+]1CC[C@H](C(=O)c2ccc(C)cc2C)CC1,3,0.5645161290322581,2.0029750372882416,0.9976124420503197
29626233_2470,29626233,COC(=O)CCCNC(=O)CN1CCC(C(=O)c2ccc(C)cc2C)CC1,3,0.5714285714285714,2.303582427437465,0.998693120797817
46088801_138,46088801,COCCc1noc(CN2CC(c3ccccc3)(c3ccccc3)CCC2=O)n1,3,0.3888888888888889,2.216380608108652,0.9984408508399787
207623013_36,207623013,Cc1c(-c2c(F)cc(C(N)=O)c3[nH]c4c(c23)CC[C@H](C(C)(C)O)C4)cccc1-n1c(=O)c2cccc(F)c2n(C)c1=O,3,0.24528301886792453,6.305523055227234,0.9996609723857828
25835159_3516,25835159,O=C1NC(=[N+]2CCN(c3ccccc3)CC2)S/C1=C\c1ccc(O)cc1[O-],3,0.24285714285714285,2.865673917248567,0.9975110813029573
25835159_3515,25835159,O=C1N=C(N2CCN(c3ccccc3)CC2)S/C1=C\c1ccc([O-])cc1O,3,0.2537313432835821,1.669469376778635,0.9990971800520219
25835159_3514,25835159,O=C1N=C(N2CCN(c3ccccc3)CC2)S/C1=C\c1ccc(O)cc1[O-],3,0.2537313432835821,1.8616602805022646,0.9992638287620935
25835159_3513,25835159,O=C1N=C(N2CCN(c3ccccc3)CC2)S/C1=C\c1ccc(O)cc1O,3,0.26153846153846155,1.0519030373563023,0.9993870549521291
202525_69,202525,CC(=O)Nc1ccc(C(=O)N2CCCC[C@H]2c2nc(N)ncc2-c2ccc(Cl)cc2)cc1,3,0.5333333333333333,2.4530187524760545,0.9978223489974369
202527_70,202527,CC(=O)Nc1ccc(C(=O)N2CCCC[C@H]2c2nc(N)ncc2-c2cccc(Cl)c2)cc1,3,0.6081081081081081,2.540588120888268,0.9981810294124017
157723_785,157723,CNC(=O)c1cn(C)nc1C[C@H]1CC[N@H+](Cc2cnc(-c3ccc(OC)cc3)nc2)CC1,3,0.39436619718309857,2.277470965786489,0.9982016515981784
31618239_2231,31618239,CSc1ccc(CN(CCO)C(=O)CCc2cccc(F)c2)cc1,3,0.296875,1.950522750444119,0.9985831410593222
42942710_1823,42942710,Cc1cc(N(C)C)nc(-n2ccnc2)n1,3,0.45652173913043476,1.5220693151105564,0.9988912427483482
42942710_1824,42942710,Cc1cc(N(C)C)nc(-n2cc[nH+]c2)n1,3,0.4166666666666667,2.127418153537411,0.9986849017262309
13484504_1623,13484504,CCc1[nH+]c2ccccc2n1CC(=O)Nc1ncc(C)s1,3,0.4307692307692308,1.9696334684405765,0.9992842940640254
13484504_1622,13484504,CCc1nc2ccccc2n1CC(=O)Nc1ncc(C)s1,3,0.4375,1.7994460258645122,0.999326843519172
49127244_3218,49127244,NS(=O)(=O)N1CC[NH+](Cc2c(F)cccc2N2CCCC2)CC1,3,0.5636363636363636,2.29977759794261,0.9981978181494284
49127244_3217,49127244,NS(=O)(=O)N1CCN(Cc2c(F)cccc2N2CCCC2)CC1,3,0.58,1.8459412233329107,0.9979764506788728
43081435_1722,43081435,COc1ccc(-c2[nH+]c3cc(C)ccc3cc2CN(C)Cc2nccn2C)cc1,3,0.39436619718309857,2.2143676298209205,0.9990999676152871
43081435_1721,43081435,COc1ccc(-c2nc3cc(C)ccc3cc2CN(C)Cc2[nH+]ccn2C)cc1,3,0.39705882352941174,1.919050025403414,0.9991350902150032
43081435_1720,43081435,COc1ccc(-c2nc3cc(C)ccc3cc2C[N@@H+](C)Cc2nccn2C)cc1,3,0.3287671232876712,1.6740916940241002,0.9986289026669415
43081435_1719,43081435,COc1ccc(-c2nc3cc(C)ccc3cc2CN(C)Cc2nccn2C)cc1,3,0.4057971014492754,1.8814350905629185,0.9997892062534741
2353222_955,2353222,Fc1ccc(F)c(CN2CC[NH+](Cc3ccc4c(c3)OCO4)CC2)c1,3,0.373134328358209,1.1705661023624931,0.9989305466141949
2353222_956,2353222,Fc1ccc(F)c(C[NH+]2CCN(Cc3ccc4c(c3)OCO4)CC2)c1,3,0.3787878787878788,1.0165466049326572,0.9990995083624978
30506974_2557,30506974,O=C(CCCC(=O)N1CCN(c2[nH+]sc3ccccc23)CC1)Nc1nccs1,3,0.37662337662337664,2.7399149621839536,0.9970935357399846
30506974_2556,30506974,O=C(CCCC(=O)N1CCN(c2nsc3ccccc23)CC1)Nc1nccs1,3,0.3815789473684211,2.6628041610302815,0.9977962413953001
82723223_2920,82723223,C[N@H+]1CC[C@H](N(Cc2cccnc2)C(=O)NCCCc2ccccc2)CC1,3,0.35714285714285715,2.2019189358372393,0.9988794710388217
82737563_3084,82737563,Cc1ccccc1CCNC(=O)N(Cc1cccnc1)[C@H]1CC[N@H+](C)CC1,3,0.3424657534246575,2.3710044285069722,0.9986263429526081
177307791_2670,177307791,CC(C)Nc1ccc(-c2cc3c(cc2CO)OCCO3)c[nH+]1,3,0.2786885245901639,2.3623084049294354,0.9980795319409845
177307791_2669,177307791,CC(C)Nc1ccc(-c2cc3c(cc2CO)OCCO3)cn1,3,0.30158730158730157,1.495675432705439,0.9986812412358617
35724598_823,35724598,CN(CC(N)=O)Cc1cc2c(cc1Br)OCO2,3,0.32142857142857145,1.519892101433741,0.9984259820966997
35724598_824,35724598,C[N@@H+](CC(N)=O)Cc1cc2c(cc1Br)OCO2,3,0.32142857142857145,1.9314191673483059,0.9995481123843782
36659962_864,36659962,COC(=O)N1CCCN(C(=O)C(=O)Nc2cccc(C(C)C)c2)CC1,3,0.36666666666666664,1.2969676171746982,0.9989063310768538
43583679_1857,43583679,O=C1CCCc2c1[nH]c1cc(-n3cc[nH+]c3-c3ccncc3)ccc21,3,0.26666666666666666,1.6153334021187469,0.999770555324746
43583679_1858,43583679,O=C1CCCc2c1[nH]c1cc(-n3ccnc3-c3ccncc3)ccc21,3,0.2535211267605634,1.403737154883577,0.9997201607865255
2868274_2873,2868274,Cc1csc(Cc2nc(-c3ccc(O)cc3)no2)n1,3,0.40425531914893614,1.459944519493807,0.998963349906025
2868274_2874,2868274,Cc1csc(Cc2nc(-c3ccc([O-])cc3)no2)n1,3,0.40425531914893614,1.6296392238776796,0.9996054612148324
7683299_3527,7683299,COc1ccccc1N1CCN(c2nc(-c3ccc(C)cc3)cc(=O)[nH]2)CC1,3,0.3582089552238806,1.9193829737704486,0.9982321381678891
4759628_3564,4759628,COc1ccccc1N1CCN(c2nc(=O)cc(-c3ccc(F)cc3)[nH]2)CC1,3,0.3582089552238806,1.2536299294448072,0.9991799331567077
7683299_3526,7683299,COc1ccccc1N1CCN(c2nc(=O)cc(-c3ccc(C)cc3)[nH]2)CC1,3,0.3582089552238806,1.737129816680367,0.9994028251343479
4759628_3565,4759628,COc1ccccc1N1CCN(c2nc(-c3ccc(F)cc3)cc(=O)[nH]2)CC1,3,0.3582089552238806,1.8008928341241248,0.9990393119876878
43249211_1148,43249211,O=C([O-])c1ccccc1-n1cnc(C[NH+]2CCCC2)c1,3,0.3181818181818182,1.859452607623912,0.9979024039821776
43249211_1149,43249211,O=C([O-])c1ccccc1-n1cnc(CN2CCCC2)c1,3,0.3125,2.155077260795583,0.9986832974907548
49064514_3130,49064514,C[C@H]1CC[C@@](O)(CSc2nnnn2C2CC2)CC1,3,0.5306122448979592,1.858146926376188,0.9988672564284061
53870877_942,53870877,Cc1ccccc1-n1c(CC2CCN(C(=O)C3CC3)CC2)n[nH]c1=O,3,0.34375,2.045533671196643,0.9984389502194381
29658635_1317,29658635,CCOC(=O)N1CCN(C(=O)Nc2cccc3c2CCCC3)CC1,3,0.43548387096774194,1.6828478837970706,0.9991938573138155
44579402_2991,44579402,O=C(Nc1cnc2ccccc2n1)c1ccncc1,3,0.5227272727272727,1.297140316235033,0.999338093554143
2292167_1607,2292167,COc1ccccc1CC(=O)Nc1ncc(C)s1,3,0.4444444444444444,0.8851502697283968,0.9995491871733599
30457837_1639,30457837,Fc1cccc(OC2CCN(Cc3nc4ccccc4[nH]3)CC2)c1,3,0.5178571428571429,1.5999190604525788,0.9992901026773644
30457837_1638,30457837,Fc1cccc(O[C@H]2CC[N@@H+](Cc3nc4ccccc4[nH]3)CC2)c1,3,0.5272727272727272,1.8833510028666014,0.9985833760744339
30457837_1640,30457837,Fc1cccc(OC2CCN(Cc3[nH]c4ccccc4[nH+]3)CC2)c1,3,0.5178571428571429,1.2822402271026807,0.9985748670361536
31966128_657,31966128,Cc1nc(Cn2ncc3ccccc3c2=O)cs1,3,0.43103448275862066,1.4192110484351315,0.9991091937590098
29994713_699,29994713,CN(CCc1ccccn1)c1cnc2ccccc2[nH+]1,3,0.37735849056603776,1.8146906072385782,0.9990634369341089
29994713_698,29994713,CN(CCc1ccccn1)c1cnc2ccccc2n1,3,0.42857142857142855,0.8386864730042018,0.9995271674757781
31873876_1021,31873876,O=S(=O)(N1CCOCC1)N1CC[NH+](Cc2ccccc2F)CC1,3,0.5434782608695652,1.624134846618519,0.9974343956975336
31873876_1020,31873876,O=S(=O)(N1CCOCC1)N1CCN(Cc2ccccc2F)CC1,3,0.5111111111111111,2.34125521889428,0.9980123054563612
222751269_2889,222751269,COCC1(CNC(=O)c2ccc(-n3cccn3)cc2)CCC1,3,0.4444444444444444,1.6368426925027217,0.9988378092419891
45769048_716,45769048,CN(CCN1CCOC1=O)C(=O)c1cc2cc(Br)ccc2o1,3,0.3870967741935484,1.5808424968979717,0.999255440664088
73050098_2385,73050098,Cc1ccnc(N2CCC(OCC3CCCC3)CC2)n1,3,0.34615384615384615,1.7429601257632312,0.9991419148138796
43242674_2147,43242674,Cc1nc(C2CC[NH2+]CC2)cc(N(C)C)n1,3,0.5,1.9576927746713177,0.9986861760251688
43242674_2148,43242674,Cc1nc(N(C)C)cc(C2CC[NH2+]CC2)[nH+]1,3,0.5227272727272727,2.160903746121083,0.9977122279867843
320451104_3302,320451104,CNc1ccc(/C=C/c2ccc(OCCOCCOCCF)nc2)cc1,3,0.2898550724637681,2.0065599916273857,0.9978889816137615
36258440_1651,36258440,C[NH+](C)C(C)(C)C/[NH+]=c1\nc[nH]c2ccccc12,3,0.4716981132075472,2.1513035583107145,0.9984265948181594
36258440_1650,36258440,C[NH+](C)C(C)(C)CNc1ncnc2ccccc12,3,0.45098039215686275,1.13722425229141,0.9991270033303961
48749260_759,48749260,Cc1csc(CN(C)c2ccnc(N(C)C)[nH+]2)n1,3,0.33962264150943394,1.8065281619727993,0.9991055962787644
48749260_757,48749260,Cc1csc(CN(C)c2cc[nH+]c(N(C)C)n2)n1,3,0.37037037037037035,1.556679800087587,0.9986094008369469
48749260_758,48749260,Cc1csc(CN(C)c2ccnc(N(C)C)n2)n1,3,0.4166666666666667,1.0634608596468873,0.9990582934023479
177502491_3006,177502491,CCn1nc(CNC(=O)C2CCOCC2)c2ccccc21,3,0.5254237288135594,1.466788328286893,0.9994545265886864
49937270_850,49937270,CC(C)c1nnc(CNC(=O)C2(C)CCC2)n1C,3,0.42,1.9049784775687228,0.9990557386298112
207447_53,207447,Fc1ccccc1-c1cn[nH]c1[C@H]1CCCN1Cc1ccc2ncccc2c1,3,0.3068181818181818,1.835481953057604,0.9992932023440473
207447_51,207447,Fc1ccccc1-c1cn[nH]c1[C@@H]1CCC[N@@H+]1Cc1ccc2ncccc2c1,3,0.2716049382716049,1.4565232576238392,0.9993425548629294
207447_52,207447,Fc1ccccc1-c1c[nH]nc1[C@@H]1CCC[N@H+]1Cc1ccc2ncccc2c1,3,0.2911392405063291,1.5211643566687059,0.9990509876265651
32444518_986,32444518,Nc1cnc(Cc2ccc(F)cc2)nc1,3,0.3170731707317073,1.2593772270452415,0.9980302084110901
6843283_2758,6843283,CCOc1c2c(c(OCC)c3ccccc13)C(=O)N(c1ccc(C/C([O-])=N\S(=O)(=O)c3ccccc3)cc1)C2,3,0.2717391304347826,3.008865899304936,0.9980853431848574
189882719_672,189882719,O=C(/C=C/c1ccc(Cl)cc1)N1CCC2(CC1)CN(Cc1ccc(Cl)c(Cl)c1)C(=O)O2,3,0.3287671232876712,1.7089280265713085,0.9987470784082828
89937183_3209,89937183,C[C@@H]1CC(=O)Nc2cccc(-c3ccc4c(c3)c(-c3cnn(C)c3)nn4C)c2N1,3,0.3142857142857143,1.557942874433997,0.9995600849544961
44554243_3540,44554243,CN(C(=O)c1cc2ccc(C(C)(C)C)cc2[nH]1)C1(C#N)CCC1,3,0.5660377358490566,1.5623424720591534,0.998562183728363
44014989_206,44014989,Cc1ccc(Oc2ccc(Cl)cc2NC(=O)CN(C)CC(=O)N(C)C)cc1,3,0.3333333333333333,1.4058648583701416,0.9988497854900361
95699457_3520,95699457,O=C1N/C(=[N+]2\CCCCN2)S/C1=C\c1ccc(F)cc1O,3,0.2191780821917808,1.8921088763599705,0.9986904662554423
95699457_3518,95699457,O=C1N=C(N2CCCCN2)S/C1=C\c1ccc(F)cc1O,3,0.2465753424657534,1.6882375425274387,0.9987882560444721
95699457_3519,95699457,O=C1N/C(=[N+]2/CCCCN2)S/C1=C\c1ccc(F)cc1[O-],3,0.20270270270270271,2.6355792532194084,0.9979296107774807
95699457_3517,95699457,O=C1N=C(N2CCCCN2)S/C1=C\c1ccc(F)cc1[O-],3,0.22972972972972974,2.2045947473403245,0.9985878640164162
49973650_2631,49973650,CCCc1nn(CCC[NH+]2CCCCC2)c(=O)o1,3,0.288135593220339,0.9935461740662456,0.9991703534988188
49961090_2632,49961090,COCc1nn(CCC[NH+]2CCCCC2)c(=O)o1,3,0.2857142857142857,1.9328184084389635,0.9991429497218934
104389046_3566,104389046,Cc1cc(NC(=O)Cn2nc(C3CC3)ccc2=O)ccc1Cl,3,0.6481481481481481,1.357022107410141,0.9986025820591353
104389046_3567,104389046,Cc1cc(N/C(O)=C/n2nc(C3CC3)ccc2=O)ccc1Cl,3,0.6545454545454545,7.487757541480671,0.96964296845067
531049_2643,531049,COc1cc([C@@H]2c3cc4c(cc3[C@H](O)[C@H]3COC(=O)[C@@H]23)OCO4)cc(OC)c1OC,3,0.2542372881355932,3.1775038945686602,0.9984597312054693
31929526_72,31929526,O=C1CN(c2ccc(Nc3nccc(C(F)(F)F)n3)c[nH+]2)CCN1,3,0.2972972972972973,2.489670460121284,0.9975740740843493
31929526_71,31929526,O=C1CN(c2ccc(Nc3nccc(C(F)(F)F)n3)cn2)CCN1,3,0.3055555555555556,2.3380451236020474,0.9975139004397227
36922204_1933,36922204,Cc1nnc(N2CCCSCC2)c(C#N)c1C,3,0.3333333333333333,1.6445351926911511,0.9981140565000599
3112768_3521,3112768,N#Cc1ccc(COc2cnc3ccccc3n2)cc1,3,0.3275862068965517,1.4302450838930978,0.9993367790462029
44466255_3625,44466255,CC(C)c1ccccc1OC(=O)NCCc1ccc2ccccc2c1,3,0.3770491803278688,2.1261453383996907,0.9982462331459749
25041311_3461,25041311,Cc1nnc(-c2ccc(N3CCC(Oc4cc(F)ccc4Cl)CC3)nn2)o1,3,0.43661971830985913,1.9344063688895727,0.9962244306137625
1533629_538,1533629,COc1ccc(C(=O)c2ccccc2)c(Oc2nc3c(c(=O)n(C)c(=O)n3C)n2C)c1,3,0.3013698630136986,1.899851309971169,0.9988782971863597
46745630_2426,46745630,Cn1nc(CNC(=O)C2CCC2)c2ccccc21,3,0.43333333333333335,0.9663648379378224,0.999551088739225
222774912_2564,222774912,Cc1noc(C)c1-c1cc(-c2ccccc2Cl)nc(C2CC2)n1,3,0.3333333333333333,1.342008196696055,0.9992638810106568
30748239_569,30748239,Cc1cccnc1NC(=O)CCn1c[nH+]c2ccccc21,3,0.42857142857142855,2.047401523883531,0.9989352298874414
30748239_568,30748239,Cc1cccnc1NC(=O)CCn1cnc2ccccc21,3,0.4426229508196721,1.3359921406952542,0.9995718634902808
35701590_269,35701590,CC[N@H+]1CC[C@H](N(C)c2ncnc3c2cnn3C)CC1,3,0.5961538461538461,2.096214206611624,0.9994489712362634
35701590_270,35701590,CC[N@H+]1CC[C@H](N(C)c2[nH+]cnc3c2cnn3C)CC1,3,0.6111111111111112,2.238853947893525,0.9983814821966885
73048893_2609,73048893,CC1=C(Br)C[N@@H+](CCc2nc3ccccc3c(=O)[nH]2)CC1,3,0.3492063492063492,1.6106424184159087,0.9989930337435557
73048893_2608,73048893,CC1=C(Br)C[N@H+](CCc2nc(=O)c3ccccc3[nH]2)CC1,3,0.3492063492063492,1.4910449356068531,0.9991593744241617
73048893_2610,73048893,CC1=C(Br)CN(CCc2nc(=O)c3ccccc3[nH]2)CC1,3,0.36507936507936506,1.8057220162580925,0.9985655280566225
414840_2613,414840,Cc1cc(C(=O)N2CCC(C(=O)c3ccnn3C)CC2)sc1C,3,0.3194444444444444,1.5038380896891024,0.9990274893204591
36988038_3020,36988038,CCc1ccc(CC)c(C(=O)CSc2nncs2)c1,3,0.5918367346938775,2.1095504260388442,0.9988459399786291
14371708_3674,14371708,CC(C)NC(=O)c1cn(-c2ccccc2)nc1-c1ccccc1,3,0.4107142857142857,1.29230027470402,0.9995568061313348
877450_1652,877450,OC(Cn1cncn1)(Cn1cncn1)c1ccc(F)cc1F,3,0.37254901960784315,1.3606891636227545,0.9993779432346812
877450_1653,877450,O[C@@](Cn1cncn1)(Cn1c[nH+]cn1)c1ccc(F)cc1F,3,0.31666666666666665,1.6435425154222731,0.9988224616737029
24068092_1675,24068092,O=C(NCC1CC1)c1c[nH+]cn1-c1ccc(F)cc1,3,0.58,1.986889528886792,0.9975759793865565
31981926_1139,31981926,CC(=O)NCC1CCN(C(=O)c2c[nH+]cn2-c2ccc(F)cc2)CC1,3,0.5,1.993400361191966,0.9982644094334464
31981926_1138,31981926,CC(=O)NCC1CCN(C(=O)c2cncn2-c2ccc(F)cc2)CC1,3,0.5,1.453871727491803,0.9991938552573171
24068092_1674,24068092,O=C(NCC1CC1)c1cncn1-c1ccc(F)cc1,3,0.58,0.9688281581380318,0.9991519251580611
300566847_3141,300566847,CCN(CC)C(=O)c1ccc(C2=CC3(CC[NH2+]CC3)Oc3cccc(O)c32)cc1,3,0.31666666666666665,1.5414194756781952,0.9990974920388818
300566847_3142,300566847,CCN(CC)C(=O)c1ccc(C2=CC3(CC[NH2+]CC3)Oc3cccc([O-])c32)cc1,3,0.3114754098360656,3.5424439303961375,0.9972193417273808
31836142_715,31836142,Cc1ccc(C(=O)Nc2ccccc2-c2ccccc2)o1,3,0.3958333333333333,1.3731533053520588,0.9991834817284391
43370379_395,43370379,N#CCCN(c1ncnc2sccc12)C1CC1,3,0.31666666666666665,1.392792159656375,0.9996632637689761
317654466_2644,317654466,Nc1ncnc2ccc(-c3ccnc(F)c3)nc12,3,0.2916666666666667,2.19785600074243,0.9984459142444242
317654466_2645,317654466,[NH2+]=c1nc[nH]c2ccc(-c3ccnc(F)c3)nc12,3,0.2463768115942029,2.736989587119466,0.9978033549294465
1527152_515,1527152,Cn1c(-c2ccccc2)c[nH+]c1NCc1ccccc1,3,0.4642857142857143,1.8385361024464848,0.9981449145013376
1527130_907,1527130,COc1cccc(CNc2[nH+]cc(-c3ccccc3)n2C)c1,3,0.47619047619047616,1.0471418242053143,0.9988404974279282
36662966_880,36662966,CC(C)c1nnc(CN2CCN(c3ccccc3Cl)CC2)o1,3,0.3709677419354839,1.4710268522361678,0.9981964461769471
36662966_881,36662966,CC(C)c1nnc(C[NH+]2CCN(c3ccccc3Cl)CC2)o1,3,0.35384615384615387,1.336314334279363,0.9986733358523802
493944_2235,493944,Cn1c(=O)c2c([nH+]cn2C)n(C)c1=O,3,0.2982456140350877,2.1619061034194615,0.9988413325878726
493944_2234,493944,Cn1c(=O)c2c(ncn2C)n(C)c1=O,3,0.2553191489361702,2.9613981495234785,0.9990332778086721
68933234_2965,68933234,Cc1cccc(-c2cccc(C(=O)NCCC3(O)CCCC3)c2)[nH+]1,3,0.373134328358209,2.085324914731344,0.9984788433016475
68933234_2964,68933234,Cc1cccc(-c2cccc(C(=O)NCCC3(O)CCCC3)c2)n1,3,0.4,2.157346981827441,0.9979874862557853
222793668_2971,222793668,CN(CC[NH+]1CCCCC1)c1cncc(C(N)=O)n1,3,0.43103448275862066,2.5237279964372137,0.9989493535842449
43112807_1916,43112807,CC(C)c1c/c(=[N+]2/CCc3[nH]nc(C4CC4)c3C2)n2nccc2[nH]1,3,0.2777777777777778,4.402693493760596,0.9995845013791327
43112807_1917,43112807,CC(C)c1c/c(=[N+]2/CCc3n[nH]c(C4CC4)c3C2)n2nccc2[nH]1,3,0.2777777777777778,4.220489189655334,0.9995781630737317
43112807_1919,43112807,CC(C)c1cc(N2CCc3n[nH]c(C4CC4)c3C2)n2nccc2n1,3,0.2676056338028169,2.5790645590989842,0.999487694112016
43112807_1918,43112807,CC(C)c1cc(N2CCc3[nH]nc(C4CC4)c3C2)n2nccc2n1,3,0.2676056338028169,2.6113703299226083,0.999452634947351
13397114_700,13397114,Cc1ccc(Cn2nc(C)c(C(N)=O)c2Cl)cc1,3,0.37735849056603776,1.435342816194052,0.9986069068381571
49169918_1128,49169918,Cc1ccc(-c2nc(CN3CCOCC3)n(Cc3ccc(F)cc3)n2)o1,3,0.30158730158730157,1.9021921564341655,0.9986835988045637
49169918_1129,49169918,Cc1ccc(-c2nc(C[NH+]3CCOCC3)n(Cc3ccc(F)cc3)n2)o1,3,0.2894736842105263,1.8831845368947606,0.9991620339521565
49829625_2584,49829625,Cc1cc(N2CCOCC2)ccc1Nc1nc2[nH]cnc2c(NC2CCCCC2)[nH+]1,3,0.3010752688172043,3.5629985966876103,0.9985225054976673
49829625_2583,49829625,Cc1cc(N2CCOCC2)ccc1Nc1nc(NC2CCCCC2)c2nc[nH]c2[nH+]1,3,0.3118279569892473,3.0756142475932307,0.9975492800214478
49829625_2586,49829625,Cc1cc(N2CCOCC2)ccc1Nc1nc(NC2CCCCC2)c2[nH]cnc2[nH+]1,3,0.3118279569892473,3.750008133324872,0.9985500632689718
49829625_2585,49829625,Cc1cc(N2CCOCC2)ccc1Nc1nc(NC2CCCCC2)c2nc[nH]c2n1,3,0.367816091954023,5.004210227398737,0.9991144020126455
197915_153,197915,Cc1cc(Nc2cnccn2)cc([C@H]2CCCN(CC(=O)N3CCCC3)C2)n1,3,0.6268656716417911,2.421143118446236,0.9984677977568389
197915_151,197915,Cc1cc(Nc2cnccn2)cc([C@@H]2CCCN(CC(=O)N3CCCC3)C2)[nH+]1,3,0.5641025641025641,2.7939903364184024,0.9979691205839345
197915_152,197915,Cc1cc(Nc2cnccn2)cc([C@H]2CCC[N@@H+](CC(=O)N3CCCC3)C2)[nH+]1,3,0.5333333333333333,3.940020812127777,0.9962948573711456
53873925_1531,53873925,COc1ccc(CCC(=O)N2CCN(C(=O)c3cc4n(n3)CCCC4)CC2)cc1,3,0.5172413793103449,2.2036984820976007,0.9990473548487844
300136806_928,300136806,O=C([O-])/C=C/c1ccc(Cn2cc[nH+]c2)cc1,3,0.3235294117647059,2.5903621368448055,0.9943985445505648
300136806_927,300136806,O=C([O-])/C=C/c1ccc(Cn2ccnc2)cc1,3,0.3235294117647059,2.2543353787758833,0.9975227290855996
13509338_3546,13509338,Cc1cc(C)c(N/C(O)=C\n2nnn(-c3cccs3)c2=O)c(C)c1,3,0.34375,2.5708084331586347,0.9986602782010592
13509338_3545,13509338,Cc1cc(C)c(NC(=O)Cn2nnn(-c3cccs3)c2=O)c(C)c1,3,0.43333333333333335,1.776649655953613,0.9991919290737917
48242285_1586,48242285,CCc1cnc(CN2C(=O)NC3(CCC3)C2=O)o1,3,0.4444444444444444,1.0363758970565486,0.9995792734031463
300449850_376,300449850,O=C(CC1CC[NH2+]CC1)NCCc1ccccc1F,3,0.34545454545454546,1.3609173376810892,0.9982646304031331
49916996_3291,49916996,Cc1cc(N(CCO)CCCO)ncc1Br,3,0.23333333333333334,2.134789685191571,0.997290801041794
32018130_1415,32018130,CSCc1csc(NC(C)=O)n1,3,0.45454545454545453,1.4242520844291642,0.9997185006147211
232838707_2954,232838707,COCC(=O)Nc1ccc(NC(=O)Cc2ccc(C(F)(F)F)cc2)cc1,3,0.5,1.940423665079384,0.9983762039549512
23829815_925,23829815,O=C(c1ccccc1-n1cccn1)N1CCN(Cc2cccnc2)CC1,3,0.4090909090909091,1.4790608506755423,0.9992852244096414
23829815_924,23829815,O=C(c1ccccc1-n1cccn1)N1CC[NH+](Cc2cccnc2)CC1,3,0.37681159420289856,2.1192578889791243,0.9992935609954237
53817229_1001,53817229,Fc1cncc(-c2cnc(NCc3ccc(Cl)c(F)c3)[nH+]c2)c1,3,0.3333333333333333,2.1288259675230927,0.9988089450539124
53817229_1000,53817229,Fc1cncc(-c2cnc(NCc3ccc(Cl)c(F)c3)nc2)c1,3,0.36538461538461536,1.1421024472438743,0.9993522764022047
45762658_1087,45762658,CN(Cc1nnc(C2CC2)n1C)C(=O)[C@H]1[C@@H]2C[C@H]3C[C@@H](C2)C[C@@H]1C3,3,0.2903225806451613,2.795676304581785,0.999464509632687
295311420_2801,295311420,Cn1cnc2ncn(Cc3nc(CCc4ccc(Cl)cc4)no3)c(=O)c21,3,0.3484848484848485,3.028023943102532,0.9982403875586715
48303504_1595,48303504,CC(C)c1cccc(CN2C(=O)N(C)C3(CCCCC3)C2=O)n1,3,0.4098360655737705,1.849200367726573,0.9995119503649788
48788735_2782,48788735,Cc1ccccc1S(=O)(=O)Nc1c(C)ccnc1Cl,3,0.2698412698412698,1.4270984549077776,0.9991750149007315
48788735_2783,48788735,Cc1ccccc1S(=O)(=O)[N-]c1c(C)ccnc1Cl,3,0.2653061224489796,2.0123148362021417,0.9989496300262398
146921_273,146921,Cc1cc2[nH]c(CCC(=O)N3CCC(c4ccc(C(=O)N(C)C)c(N)n4)CC3)[nH+]c2cc1C,3,0.47368421052631576,2.948964564046023,0.9980311545358528
146921_272,146921,Cc1cc2nc(CCC(=O)N3CCC(c4ccc(C(=O)N(C)C)c(N)n4)CC3)[nH]c2cc1C,3,0.47297297297297297,3.395799169562157,0.9982458359645378
53744945_2650,53744945,O=C([O-])c1cnn(-c2[nH]c3cc(OC(F)(F)F)c(Cl)cc3[nH+]2)c1,3,0.21333333333333335,6.929759808247144,0.9913117074635784
53744945_2648,53744945,O=C([O-])c1cnn(-c2nc3cc(OC(F)(F)F)c(Cl)cc3[nH]2)c1,3,0.225,2.8085542544161726,0.9975017995763881
53744945_2649,53744945,O=C([O-])c1cnn(-c2nc3cc(Cl)c(OC(F)(F)F)cc3[nH]2)c1,3,0.225,2.5661145726564802,0.9980545679288965
3967714_2279,3967714,CCc1cccc(C)c1NC(=O)c1ccc(C)o1,3,0.4166666666666667,0.8631303493672141,0.9995612956532061
258731_3720,258731,COc1cccc(S(=O)(=O)N2CCO[C@@H](c3c(C(N)=O)sc4ncccc34)C2)c1,3,0.32989690721649484,2.5726591301608024,0.9987220070007602
207921_670,207921,Cc1nc(=O)cc(C2CCN(c3cnccn3)CC2)[nH]1,3,0.46153846153846156,1.6724673389929552,0.9991934156582785
35747521_1457,35747521,Cc1noc(C)c1CS(=O)(=O)Cc1cccc2c1OCCO2,3,0.39344262295081966,1.3394995334076776,0.9987126923729281
53882535_2132,53882535,CCNC(=O)N1CCc2[nH+]c3ccc(F)cn3c(=O)c2C1,3,0.603448275862069,1.5669716015295045,0.9989193526577569
53882535_2133,53882535,CCNC(=O)N1CCc2nc3ccc(F)cn3c(=O)c2C1,3,0.603448275862069,1.0726402006265487,0.9993645660452536
16692987_1635,16692987,COc1ccc(C(=O)Nc2ccc3oc(C)nc3c2)c(OC)c1,3,0.4444444444444444,1.3483894096291507,0.999311369542055
205729574_3643,205729574,O=S(=O)(c1ccccc1Cl)N1CCCc2c[nH+]c(N3CCOCC3)nc21,3,0.6507936507936508,2.212407060194679,0.9983926881667152
205729574_3642,205729574,O=S(=O)(c1ccccc1Cl)N1CCCc2cnc(N3CCOCC3)nc21,3,0.6451612903225806,2.423632810472842,0.9967485358461088
53751990_2929,53751990,Cc1ccc(F)cc1S(=O)(=O)Nc1ccc(C(=O)N2CCCC2)cc1,3,0.43333333333333335,1.8290049207151329,0.9986671783927908
53751990_2928,53751990,Cc1ccc(F)cc1S(=O)(=O)[N-]c1ccc(C(=O)N2CCCC2)cc1,3,0.43333333333333335,2.024371260416523,0.9953547637660024
6670067_3623,6670067,NC(=O)c1ccc(N2CCCCC2)c(NC(=O)c2ncoc2-c2ccc3ccccc3c2)c1,3,0.3466666666666667,2.098972605824084,0.9987030975972314
48613628_326,48613628,COc1ccccc1C(=O)NCc1nc(N2CCCCC2)cc(C)[nH+]1,3,0.37142857142857144,2.5196152484061383,0.9988455743975151
48613632_324,48613632,Cc1cc(N2CCCCC2)nc(CNC(=O)c2ccccc2Cl)[nH+]1,3,0.36764705882352944,2.488212611494599,0.9976691111608879
48613628_325,48613628,COc1ccccc1C(=O)NCc1nc(C)cc(N2CCCCC2)n1,3,0.3717948717948718,1.605114326145864,0.9984785124926439
48613632_323,48613632,Cc1cc(N2CCCCC2)nc(CNC(=O)c2ccccc2Cl)n1,3,0.36363636363636365,1.328446084717028,0.99877265948959
2171363_12,2171363,COc1ccc(S(=O)(=O)N2CCC([N@H+]3CC[C@@H](C)CC3)CC2)cc1,3,0.3620689655172414,1.8244728005641608,0.9990538715641913
43397821_540,43397821,Cc1cc(C)cc(C(=O)Nc2nn(C(C)(C)C)cc2C#N)c1,3,0.5098039215686274,1.5367566495707814,0.9990246677974861
36627798_3282,36627798,O=C(Cc1cn2ccccc2[nH+]1)N1CCC(n2c(=O)[nH]c3ccccc32)CC1,3,0.463768115942029,2.2086944107331785,0.9995300759703157
422202_2262,422202,CC(C)N(C(=O)C[n+]1cccc2cc(C(F)F)[nH]c21)C(C)C,3,0.2236842105263158,1.9577673508360347,0.9989778193708089
32176681_368,32176681,CN(C)C(=O)c1ccc2c(c1)NC(=O)/C2=C(\Nc1cccc(C[NH+](C)C)c1)c1ccccc1,3,0.3188405797101449,2.66998333328145,0.9991899882571076
1311623_974,1311623,COc1ccc(C[NH2+]Cc2cccc3ccccc23)cc1,3,0.3888888888888889,1.8646972944690634,0.9987677575035284
1311623_975,1311623,COc1ccc(CNCc2cccc3ccccc23)cc1,3,0.3392857142857143,1.636949602156344,0.9997545772638785
48746727_2892,48746727,CN(C)C(=O)C(C)(C)NC(=O)OC(C)(C)C,3,0.3023255813953488,1.46958429496204,0.9987100033407035
43366900_163,43366900,Cc1[nH+]c(C(=O)NCC(=O)[O-])c([O-])c2ccc(Oc3ccccc3)cc12,3,0.3,2.0420374629276092,0.9979924676645563
43366900_162,43366900,Cc1nc(C(=O)NCC(=O)[O-])c([O-])c2ccc(Oc3ccccc3)cc12,3,0.30158730158730157,2.190782052145087,0.9988076403448373
11826916_3524,11826916,Nc1nc2c3ccccc3oc2c2ccccc12,3,0.34,1.2601404683606714,0.9996131321815588
11826916_3525,11826916,Nc1[nH+]c2c3ccccc3oc2c2ccccc12,3,0.2641509433962264,1.7364780447791925,0.9995268798764134
36919308_2167,36919308,O=C(NCCc1cnn(-c2ccccc2)c1)N1CCC1,3,0.4426229508196721,1.222885930903078,0.9990049298590682
3664558_1052,3664558,CCc1nnsc1C(=O)Nc1cccc(-c2nnc3n2CCCCC3)c1,3,0.6060606060606061,1.6683674655184884,0.9987187548582667
195031_1336,195031,COc1cccc(N(C)CCC(=O)N2CCC(c3ccc(-c4ccc(N)nc4)cn3)CC2)c1,3,0.43529411764705883,2.5761013178832215,0.9977160093831541
195031_1337,195031,COc1cccc(N(C)CCC(=O)N2CCC(c3ccc(-c4ccc(N)[nH+]c4)cn3)CC2)c1,3,0.35106382978723405,2.6252051348415675,0.9989045607028505
222754562_2625,222754562,CCCn1cnnc1C[N@@H+](C)Cc1ccc(C(F)(F)F)nc1,3,0.4576271186440678,1.3301413458729814,0.9990428243060745
222754562_2624,222754562,CCCn1cnnc1CN(C)Cc1ccc(C(F)(F)F)nc1,3,0.4827586206896552,1.3423460805621745,0.9989033421523589
32376162_1945,32376162,Cc1nnc(-c2c(C)c3cc(F)ccc3n2C)[nH]1,3,0.27692307692307694,1.1902067047365383,0.9994618590381465
222769009_3203,222769009,CC(C)Cc1cc(CN2CCN(S(=O)(=O)N3CCOCC3)CC2)n[nH]1,3,0.27419354838709675,2.090994021990605,0.9982546041814215
222769009_3202,222769009,CC(C)Cc1cc(CN2CCN(S(=O)(=O)N3CCOCC3)CC2)[nH]n1,3,0.27419354838709675,2.421621564158689,0.9986568330232121
222769009_3201,222769009,CC(C)Cc1cc(C[NH+]2CCN(S(=O)(=O)N3CCOCC3)CC2)n[nH]1,3,0.323943661971831,1.599124135268832,0.9989374673092649
222769009_3204,222769009,CC(C)Cc1cc(C[NH+]2CCN(S(=O)(=O)N3CCOCC3)CC2)[nH]n1,3,0.3055555555555556,1.6936617135658174,0.9987836119096097
68907961_2986,68907961,CC(C)CN(Cc1cnn(C)c1)C(=O)c1cccc(-c2cnccn2)c1,3,0.3974358974358974,1.8834805547179663,0.9994031061406065
218757_2811,218757,Cn1cc(C[N@H+]2CCC[C@@H](c3ccnc(Nc4cnccn4)c3)C2)cn1,3,0.3380281690140845,4.4760111706742,0.9980664165900062
27429921_447,27429921,Cc1nc(C(C)C)sc1C(=O)Nc1nc(C(C)(C)C)cs1,3,0.4897959183673469,2.15274290150938,0.9992646462503941
36662662_814,36662662,Cc1cc(C(=O)Nc2c(C)nn(C(C)C)c2C)c2ccc(F)cc2n1,3,0.44776119402985076,1.4325051483316416,0.9994713296424867
313517655_2582,313517655,CC(C)Cc1nn(C)c(=O)c2c(SCCCO)n(Cc3cccc4ccccc34)cc12,3,0.28205128205128205,2.684395648930881,0.9988641814851873
20173881_374,20173881,Cc1cc(C)cc(Oc2cc(C#N)ccn2)c1,3,0.37777777777777777,1.7776712294459425,0.9989781904497632
35785818_2155,35785818,O=C(Nc1ccc(F)cc1)c1cc(C2CC2)nn1-c1ccccc1,3,0.4909090909090909,1.2058959324922762,0.9994807475482309
5536034_1444,5536034,Cc1ccccc1CSc1ccc(-c2ccccn2)nn1,3,0.26666666666666666,1.539145217320683,0.9988539147687409
11652485_776,11652485,O=C(Cc1csc(-c2ccccn2)n1)NC1CCCCCC1,3,0.39285714285714285,1.379017766383191,0.9992983452894837
36356120_1154,36356120,CC(C)c1nc2c(n1C)CCN(c1ncnc3ccccc13)C2,3,0.4098360655737705,1.229088279985519,0.999372232165367
36356102_485,36356102,CC(C)c1[nH+]c2c(n1C)CCN(c1ncnc3ccsc13)C2,3,0.3611111111111111,1.9745829939506299,0.998597520766887
36356102_486,36356102,CC(C)c1nc2c(n1C)CCN(c1nc[nH+]c3ccsc13)C2,3,0.3561643835616438,1.676231189304665,0.9991067508291834
36356120_1155,36356120,CC(C)c1[nH+]c2c(n1C)CCN(c1ncnc3ccccc13)C2,3,0.4262295081967213,1.8226648073630047,0.9985561043962293
36356120_1156,36356120,CC(C)c1nc2c(n1C)CC/[N+](=c1\nc[nH]c3ccccc13)C2,3,0.4307692307692308,1.2376703923089079,0.9994399453339401
36356102_484,36356102,CC(C)c1nc2c(n1C)CCN(c1ncnc3ccsc13)C2,3,0.36619718309859156,1.6810785228542016,0.9991349153603495
32278090_2004,32278090,COc1ccc2cc(-c3[nH]c(-c4ccc([S@@](C)=O)cc4)[nH+]c3-c3ccncc3)ccc2c1,3,0.4025974025974026,1.6636595204545417,0.9984745692884067
32278090_2005,32278090,COc1ccc2cc(-c3[nH]c(-c4ccc([S@](C)=O)cc4)nc3-c3ccncc3)ccc2c1,3,0.4,1.5032727630068923,0.9990914258107039
32278090_2006,32278090,COc1ccc2cc(-c3nc(-c4ccc([S@](C)=O)cc4)[nH]c3-c3ccncc3)ccc2c1,3,0.36363636363636365,1.8306583515226933,0.9991102917140908
68874464_2660,68874464,Cc1cc(C(=O)N(C)C2CCSCC2)c(=O)n(C)c1C,3,0.4,1.3169749428140636,0.9995550112082282
49915301_285,49915301,CCNC(=O)C1CN(c2cccc(C#N)n2)C1,3,0.39344262295081966,0.9812818147708121,0.9993456867373621
32157229_1499,32157229,Fc1ccc(F)c2c(NCc3ccc(N4CCOCC4)nc3)cc[nH+]c12,3,0.3194444444444444,1.3836979439172032,0.9990472765181365
32157229_1498,32157229,Fc1ccc(F)c2c(NCc3ccc(N4CCOCC4)nc3)ccnc12,3,0.30434782608695654,1.0327502118126883,0.9993779217061975
49156244_1351,49156244,CCCCn1nc(-c2ccc(C)o2)nc1C[NH2+]C,3,0.23880597014925373,1.2258083047519615,0.9993949478569139
49156244_1350,49156244,CCCCn1nc(-c2ccc(C)o2)nc1CNC,3,0.24615384615384617,1.1274617510144926,0.9996554530324093
49125344_2835,49125344,C[C@H]1CC[C@@H](N(Cc2nnc(C3CCC3)o2)[C@H]2CC[C@H](O)CC2)CC1,3,0.3064516129032258,2.9506792438352583,0.9991353586440569
49125344_2834,49125344,C[C@H]1CC[C@@H]([N@H+](Cc2nnc(C3CCC3)o2)[C@H]2CC[C@H](O)CC2)CC1,3,0.3114754098360656,2.9965393373027536,0.9988103137864961
43132553_1755,43132553,C(=C1/NC(C(c2ccccc2)c2ccccc2)=NO1)\n1cnc(C2CC2)n1,3,0.2463768115942029,1.4444382991326274,0.9990461178548425
43132553_1756,43132553,C(=C1/NC(C(c2ccccc2)c2ccccc2)=NO1)\n1c[nH+]c(C2CC2)n1,3,0.2361111111111111,3.3428825884258053,0.9983163095778346
49160264_2063,49160264,CN(C)c1ccc(-c2ccc(COCc3cccs3)cc2)nn1,3,0.3188405797101449,1.9428849682880562,0.9989581560800253
30196760_2719,30196760,Cc1cc(NC(=O)CN(C)CCOc2ccccc2)on1,3,0.5272727272727272,1.8235701247828997,0.9981121303176834
31878068_1396,31878068,Cc1ccc(C(=O)NCCc2csc(C)n2)cn1,3,0.4528301886792453,1.226607516690093,0.999488154853184
27425362_1810,27425362,Cc1cc(C)n(-c2cccc(NC(=O)c3ccc(F)c(F)c3)c2)n1,3,0.43103448275862066,1.598262181245296,0.9991041914198155
18918409_2041,18918409,Cc1c(-c2ccccc2)oc2c(C(=O)NCCC[NH+]3CCCCC3)cccc2c1=O,3,0.47761194029850745,2.3081979984394927,0.9974369510700657
177508549_2411,177508549,O=C(CCc1cn[nH]c1)NCCCn1cc(Cl)cn1,3,0.5555555555555556,2.6968464917386012,0.9982449583661409
49953664_954,49953664,COc1ccc2nc(C)[nH+]c(N3CC(O)(c4ccc(F)cc4)C3)c2c1,3,0.5689655172413793,1.9485658828993557,0.998300787100919
49953664_952,49953664,COc1ccc2nc(C)nc(N3CC(O)(c4ccc(F)cc4)C3)c2c1,3,0.5636363636363636,1.7472887569031244,0.9989917557065354
49953664_953,49953664,COc1ccc2[nH+]c(C)nc(N3CC(O)(c4ccc(F)cc4)C3)c2c1,3,0.5789473684210527,1.6318854126439142,0.9986100303972479
177388619_2935,177388619,CCc1nc(N2CCCC3(CC[NH2+]CC3)CC2)cc(C)[nH+]1,3,0.4909090909090909,2.888295518121357,0.9976674585756512
177388619_2936,177388619,CCc1nc(C)cc(N2CCCC3(CC[NH2+]CC3)CC2)n1,3,0.5094339622641509,1.556406437920463,0.998447657297078
43272847_1375,43272847,Cc1n[nH]c(C)c1Cc1ccc(NCCC(C)C)cc1,3,0.25862068965517243,1.78947198916304,0.9993453051538604
31908762_3246,31908762,NC(=O)c1cccc(Cn2cnc3c(oc4ccccc43)c2=O)c1,3,0.6428571428571429,1.553644425214546,0.99895285655741
44581824_2854,44581824,O=c1oc2cccnc2n1Cc1ncc(-c2ccc(F)cc2)o1,3,0.5294117647058824,1.8651115248154044,0.9990042621615826
36304724_3671,36304724,Cc1cccc(CNc2cccc3c2CCN(S(C)(=O)=O)C3)c1,3,0.5,1.1827865403363762,0.9985568775339825
316786090_3491,316786090,Cc1nc(=O)c2ccc(C(=O)N[C@@]34CCC[C@@H]3[NH2+]CC4)cc2[nH]1,3,0.2916666666666667,2.164103047453949,0.999079695949322
316786090_3492,316786090,Cc1nc2cc(C(=O)N[C@@]34CCC[C@H]3[NH2+]CC4)ccc2c(=O)[nH]1,3,0.2777777777777778,2.3241262874464366,0.9986849700005006
49968166_2773,49968166,CN(Cc1ccc(N)[nH+]c1)c1nc2cc(F)ccc2o1,3,0.47058823529411764,2.0839587327968774,0.9982762369554457
49968166_2772,49968166,CN(Cc1ccc(N)nc1)c1nc2cc(F)ccc2o1,3,0.46938775510204084,2.0478464297891885,0.9981682178984868
49040700_2243,49040700,Brc1nnc(N2CCC(OC3CCCC3)CC2)s1,3,0.25,2.098387237856801,0.9976742698015921
44855101_1575,44855101,C/C=C/CC(=O)N1CCC(c2cc(Cc3ccccc3)[nH]n2)CC1,3,0.42028985507246375,2.133001640880606,0.9984862024692258
44855101_1574,44855101,C/C=C/CC(=O)N1CCC(c2cc(Cc3ccccc3)n[nH]2)CC1,3,0.4264705882352941,2.3456907298278247,0.998988816285776
49972816_1260,49972816,Cc1cccc(NC(=O)CN(C)c2ncccc2F)[nH+]1,3,0.41935483870967744,1.9806307076284346,0.9985964487387372
49972816_1259,49972816,Cc1cccc(NC(=O)CN(C)c2ncccc2F)n1,3,0.4098360655737705,2.1501132528310016,0.9974349483837097
114695027_650,114695027,Clc1ccc(NCc2ccoc2)nn1,3,0.26,1.9405836750832228,0.9989568875406521
82709621_3014,82709621,O=C(Cn1nc(Cc2ccccc2)c2ccccc2c1=O)NCc1[nH]cc[nH+]1,3,0.3108108108108108,2.9329977838381813,0.9979914488755057
82709621_3013,82709621,O=C(Cn1nc(Cc2ccccc2)c2ccccc2c1=O)NCc1ncc[nH]1,3,0.2972972972972973,2.0605829272323533,0.9983364210996692
48762192_2963,48762192,Cc1[nH+]ccc(NC(=O)CCc2ccncc2)c1Cl,3,0.5490196078431373,1.7519109566418787,0.9989216721944446
48762192_2962,48762192,Cc1nccc(NC(=O)CCc2ccncc2)c1Cl,3,0.5306122448979592,1.3204041048100872,0.9995937765920577
36262171_609,36262171,Cc1nn(C)c(C)c1CCC(=O)N1CCCc2ncccc21,3,0.5932203389830508,2.2802820001042328,0.9995404212981284
194974866_27,194974866,Fc1ccc(-c2ccc3c(c2)[nH]c2cc[nH+]cc23)cn1,3,0.22580645161290322,1.809249568191618,0.9982652000504818
194974866_26,194974866,Fc1ccc(-c2ccc3c(c2)[nH]c2ccncc23)cn1,3,0.28846153846153844,1.2015252806326826,0.9992406069253548
11963582_1100,11963582,Cc1cccc(NC(=O)c2cccc3ncccc23)c1,3,0.5306122448979592,0.8060297761249142,0.9994812605766888
100221253_3124,100221253,O=C(c1ccc(Cl)cc1)N1CCC(c2nnc3n2CCCC3)CC1,3,0.39285714285714285,1.4025786965445284,0.9989194212265938
33665609_3309,33665609,COc1ccc(C(=O)c2ccc(Cl)cc2)c(OC)c1,3,0.34,1.0388281859868231,0.9978651310142859
36811266_3308,36811266,COc1ccc(C(=O)c2ccc(C)cc2)c(OC)c1,3,0.37254901960784315,2.0201895950628974,0.9990133822831336
17107056_3635,17107056,O=c1c2cc(OCc3ccc(Cl)cc3)ccc2nc2n1CCCCC2,3,0.40625,1.49184147951427,0.9992137402291789
197589_1682,197589,Nc1nc(-c2ccccc2)nc2nc([C@H]3CCCN(CC(=O)N4CCCC4)C3)ccc12,3,0.5555555555555556,2.198147401791094,0.9991014069696034
197589_1683,197589,Nc1nc(-c2ccccc2)nc2nc([C@@H]3CCC[N@H+](CC(=O)N4CCCC4)C3)ccc12,3,0.5757575757575758,2.6170231179721437,0.9981317803266994
197589_1684,197589,Nc1nc(-c2ccccc2)[nH+]c2nc([C@H]3CCCN(CC(=O)N4CCCC4)C3)ccc12,3,0.5217391304347826,1.9414646532966864,0.998296490143502
15279096_491,15279096,Cc1cc(C)c(C#N)c(N2CCN(CC(=O)Nc3ccccc3Cl)CC2)[nH+]1,3,0.36363636363636365,1.9632595345494415,0.9992961577672981
15279096_490,15279096,Cc1cc(C)c(C#N)c(N2CCN(CC(=O)Nc3ccccc3Cl)CC2)n1,3,0.41333333333333333,1.6152807805456484,0.9990431281952032
48263071_3293,48263071,Cn1cc(C(C)(C)NC(=O)C#Cc2ccc3c(c2)OCO3)cn1,3,0.32786885245901637,2.014320977401405,0.9992820632491654
82737865_2897,82737865,O=C(c1n[nH]c2c1COCC2)N1CCC2(C=Cc3ccccc32)CC1,3,0.3283582089552239,2.645999244141969,0.9996065941486808
30693076_1095,30693076,O=C(NC1CC1)c1cccnc1Oc1ccccc1,3,0.5555555555555556,0.6773278379043898,0.9994828928707776
48305854_458,48305854,Cc1nc(CCN2C(=O)NC(C)(C)C2=O)cs1,3,0.41509433962264153,0.8639456001387353,0.9996444757525622
25614739_648,25614739,Cc1cc(-c2nnc3ccc4ccccc4n23)n(C)n1,3,0.3448275862068966,1.4400763868631046,0.9994337932213009
13329162_2861,13329162,CN1CCN(S(=O)(=O)Cc2ccc(Cl)c(Cl)c2)CC1,3,0.2982456140350877,2.107724128058426,0.9956311702792838
13329162_2860,13329162,C[NH+]1CCN(S(=O)(=O)Cc2ccc(Cl)c(Cl)c2)CC1,3,0.3333333333333333,1.6620475324128743,0.9977589412023746
13329354_101,13329354,CCN1CCN(S(=O)(=O)Cc2ccc(Cl)c(Cl)c2)CC1,3,0.3103448275862069,2.400013749960564,0.9958905611947471
13329354_100,13329354,CC[NH+]1CCN(S(=O)(=O)Cc2ccc(Cl)c(Cl)c2)CC1,3,0.3148148148148148,1.8703569178102015,0.9980382351793803
49953876_310,49953876,COc1nc(C)[nH+]c(N(C)Cc2nccs2)c1C,3,0.2647058823529412,1.567287146632696,0.9985266013344304
49953876_309,49953876,COc1nc(C)nc(N(C)Cc2nccs2)c1C,3,0.26865671641791045,1.008715519857726,0.9991399580797581
43485719_706,43485719,O=C(CSC1CCCC1)N1CCC(Cn2cccn2)CC1,3,0.5384615384615384,1.8123967556802174,0.9991369494993065
181831_2497,181831,C[NH2+]Cc1cc(N(C)C)nc([C@@H]2CCCN2C(=O)c2ccccc2-c2ccccc2)n1,3,0.640625,2.425144119428677,0.9987441429535233
181831_2498,181831,CNCc1cc(N(C)C)nc([C@@H]2CCCN2C(=O)c2ccccc2-c2ccccc2)n1,3,0.640625,1.7731221052143797,0.9990471826012477
181831_2499,181831,CNCc1cc(N(C)C)nc([C@H]2CCCN2C(=O)c2ccccc2-c2ccccc2)[nH+]1,3,0.6515151515151515,1.9555431470564555,0.9988472387655111
43370641_875,43370641,COc1cc(CNC(=O)NC2CCCCC2)cc(OC)c1[O-],3,0.4264705882352941,1.4923488198141277,0.9984562553028656
43370641_874,43370641,COc1cc(CNC(=O)NC2CCCCC2)cc(OC)c1O,3,0.4117647058823529,1.724988115900935,0.9981530782996604
222755004_2878,222755004,COC(C)(C)CCNC(=O)CC1CC(C)(C)[NH2+]C(C)(C)C1,3,0.4807692307692308,2.068854272296028,0.9990835522158977
49953992_2683,49953992,CN1CCc2ccc(C(=O)NCCC(=O)Nc3cccnc3)cc21,3,0.3939393939393939,2.573071316539244,0.9993201721765042
48339892_1555,48339892,Cc1ccc(CC(=O)Nc2nc(C)no2)cn1,3,0.36363636363636365,1.5113417879489537,0.9994317975856547
31856310_1578,31856310,Cc1cc(C[NH+]2CCN(c3ncccn3)CC2)on1,3,0.4897959183673469,1.509749979301032,0.9986604681106155
31856310_1577,31856310,Cc1cc(CN2CCN(c3ncccn3)CC2)on1,3,0.46808510638297873,1.2073520613308366,0.9990782450583143
11904640_2934,11904640,O=C1c2ccccc2C(=O)N1CCNc1ccc(F)cc1,3,0.35555555555555557,0.7711128322107536,0.9996362427502834
36646466_817,36646466,Cc1ccc2nc3c(c(C(=O)NCc4cnn(C)c4)c2c1)CCCC3,3,0.6212121212121212,1.4568658139997617,0.9990715316349171
24497238_2117,24497238,O=C(NCCc1ccc2c(c1)OCO2)C1CCCC1,3,0.5490196078431373,1.783669251851531,0.999040707287868
265767_2459,265767,Cc1cc(/N=c2\[nH]nc(C)s2)cc([C@@H]2CN(C(=O)c3c(C(C)C)noc3C)CCO2)n1,3,0.620253164556962,2.2801611785133495,0.9995121589469523
265767_2457,265767,Cc1cc(Nc2nnc(C)s2)cc([C@H]2CN(C(=O)c3c(C(C)C)noc3C)CCO2)n1,3,0.6025641025641025,2.097052932092722,0.9993385046620421
265767_2458,265767,Cc1cc(Nc2nnc(C)s2)cc([C@@H]2CN(C(=O)c3c(C(C)C)noc3C)CCO2)[nH+]1,3,0.6,2.2514433148536455,0.9996515915139265
49956374_2296,49956374,CCc1cc(NS(C)(=O)=O)n(C)n1,3,0.2608695652173913,1.8710478347703565,0.9997579333198654
49956374_2295,49956374,CCc1c/c(=N\S(C)(=O)=O)n(C)[nH]1,3,0.2727272727272727,1.5885559480228735,0.9996680412839676
106928257_174,106928257,O=C(Nc1nn2c(NC3CC3)cc(C(F)(F)F)cc2[nH+]1)c1cccnc1,3,0.3150684931506849,2.8874443717584386,0.9995427741314927
106928257_175,106928257,O=C(Nc1nc2cc(C(F)(F)F)cc(NC3CC3)n2n1)c1cccnc1,3,0.3194444444444444,2.3113054752669466,0.999330366948574
35754387_1473,35754387,CNC(=O)c1cccc(Oc2ncnc3c2C[N@H+](C)CC3)c1,3,0.4264705882352941,1.48588828651427,0.9983764476892564
35754387_1474,35754387,CNC(=O)c1cccc(Oc2ncnc3c2CN(C)CC3)c1,3,0.4264705882352941,1.7503596773235262,0.9970813359017688
44699501_1557,44699501,OCCCCCn1cc(-c2ccccc2-c2ccco2)nn1,3,0.3333333333333333,1.422023206561657,0.9990082914173901
36994254_1086,36994254,O=C(NC1(c2ccccc2)CCC1)c1cc(C2CC2)on1,3,0.3142857142857143,1.4826048023664764,0.9994602461717733
31205261_1880,31205261,CCCC(=O)Nc1ccc(C)c2ncccc12,3,0.41818181818181815,1.1524608453218255,0.9992444001101117
48286431_743,48286431,Cc1nc(-c2ccc(Cl)c(Cl)c2)n(CC(C)(C)O)n1,3,0.32142857142857145,1.233525030147303,0.9985267916822431
48286431_744,48286431,Cc1nn(CC(C)(C)O)c(-c2ccc(Cl)c(Cl)c2)[nH+]1,3,0.31666666666666665,1.5796464794378964,0.9986358178374675
33362309_1374,33362309,COc1ccc(-c2csc3ncnc(Oc4ccc(C)nc4)c23)cc1,3,0.5,1.5675952921592655,0.9994999315577513
31213616_2106,31213616,Cc1noc(-c2ccc(NC(=O)Cc3ccccc3)cc2)n1,3,0.36666666666666664,1.4785161480348215,0.9992955669613175
49067448_3329,49067448,CC1(CNC(=O)N2CCN(Cc3ccon3)CC2)CCCC1,3,0.6071428571428571,1.7110000000000536,0.9989187128471854
49067448_3330,49067448,CC1(CNC(=O)N2CC[NH+](Cc3ccon3)CC2)CCCC1,3,0.6206896551724138,1.8126916450407835,0.9986801098789077
43248547_1491,43248547,O=C([O-])c1ccccc1-c1ccc(C[NH+]2CCCCC2)cc1,3,0.5641025641025641,3.3032809447576947,0.995210654080317
13656111_3047,13656111,COCCNC(=O)c1nnc2n(c1=O)CCN2c1ccccc1,3,0.31746031746031744,1.556240662621779,0.9994706336742302
44466340_3692,44466340,N#Cc1c(N)nc(SCC(N)=O)c(C#N)c1-c1ccc(OCC2CC2)cc1,3,0.27380952380952384,2.2546975406912715,0.9973300490427035
48759724_3255,48759724,Cc1cc(C(=O)NC(C)(C)C#N)nn1-c1ccc(F)cc1,3,0.3384615384615385,1.2067766984825674,0.9993485165841743
49010170_2407,49010170,CC(C)CCCNC(=O)c1[nH]ncc1Br,3,0.2786885245901639,2.084250224901202,0.998653696877662
49010170_2406,49010170,CC(C)CCCNC(=O)c1n[nH]cc1Br,3,0.2786885245901639,2.4383293460894873,0.9987084174926647
49956416_2972,49956416,CCOc1ccc/c(=N/S(C)(=O)=O)[nH]1,3,0.26,2.1035743390713293,0.9970245984269692
43470233_2914,43470233,N#Cc1ccnc(Nc2ccc(F)cc2)c1,3,0.3709677419354839,1.6028396675902783,0.999864784856483
31406035_3176,31406035,CN1CCNc2[nH+]c3ccccc3nc21,3,0.3829787234042553,1.5576796846593421,0.9975532298107851
31406035_3175,31406035,CN1CCNc2nc3ccccc3nc21,3,0.375,1.5063170317033818,0.9992646981062586
36340866_2100,36340866,CCS(=O)(=O)Cc1ccn(-c2cccc(F)c2)n1,3,0.5227272727272727,1.3774817603147442,0.9990015713076456
43068693_3597,43068693,COCc1noc(-c2ccc(-c3cc(C)cc(C)c3)nc2)n1,3,0.3898305084745763,1.4622222813235146,0.9986148161896303
31348116_3537,31348116,Fc1cccc(Cn2nnc(-c3ccccc3)n2)c1F,3,0.5813953488372093,2.04477064728543,0.9974213115939432
Z1373904915_1734,Z1373904915,CN1CCN(C(=O)c2cc(Br)cnc2Cl)c2cnccc21,3,0.3188405797101449,1.8279225913588475,0.9989181574371168
Z1373904915_1733,Z1373904915,CN1CCN(C(=O)c2cc(Br)cnc2Cl)c2c[nH+]ccc21,3,0.3055555555555556,1.822568242892507,0.9987118952230761
177361869_2806,177361869,Cc1c[nH+]c(NCC2(CO)CCCC2)nc1N(C)C,3,0.4482758620689655,2.5023560897680706,0.9972472513106675
177361869_2807,177361869,Cc1cnc(NCC2(CO)CCCC2)nc1N(C)C,3,0.43859649122807015,1.4369603334815861,0.9991206972827188
177361869_2808,177361869,Cc1cnc(NCC2(CO)CCCC2)[nH+]c1N(C)C,3,0.4482758620689655,2.4787551311088873,0.9981112452903034
30455813_965,30455813,COc1cccc(OCCCn2c[nH+]cc2-c2cc3c(cc2OC)OCCCO3)c1,3,0.5522388059701493,1.7596897453814238,0.9986475850410023
30455813_966,30455813,COc1cccc(OCCCn2cncc2-c2cc3c(cc2OC)OCCCO3)c1,3,0.5454545454545454,1.964912720708131,0.9986550861829933
24065064_1484,24065064,Cc1ccc(C(=O)Nc2cccc(C(=O)N(C)C)c2)cn1,3,0.5102040816326531,1.2625153464410508,0.9989386111742665
32434626_1842,32434626,c1ccc(Cc2nnc(CSc3ccccc3)[nH]2)cc1,3,0.325,1.1633481851967076,0.999507004218109
MCULE-7051565077_1048,MCULE-7051565077,COCCNC(=O)CN1CCN(c2nccn2-c2cccc(Cl)c2)CC1,3,0.40540540540540543,2.072364350204787,0.9987175708154596
MCULE-7051565077_1047,MCULE-7051565077,COCCNC(=O)CN1CCN(c2[nH+]ccn2-c2cccc(Cl)c2)CC1,3,0.34615384615384615,1.9247893391227877,0.9992940810616512
42968116_2140,42968116,Cc1ncc(C(=O)Nc2ncnc3oc(C)c(C)c23)s1,3,0.3382352941176471,3.177295548104241,0.999568023658004
10645209_3718,10645209,Cc1cn(-c2cc(NC(=O)c3ccc(C)c(Nc4nccc(-c5cccnc5)n4)c3)cc(C(F)(F)F)c2)c[nH+]1,3,0.28846153846153844,1.284777023455747,0.9994968144888031
10645209_3717,10645209,Cc1cn(-c2cc(NC(=O)c3ccc(C)c(Nc4nccc(-c5cccnc5)n4)c3)cc(C(F)(F)F)c2)cn1,3,0.29213483146067415,1.808512372088619,0.9994061290156975
32494828_1385,32494828,CCCCc1c(C)[nH]c2nc(N(Cc3cccs3)C(C)=O)nn2c1=O,3,0.2976190476190476,2.487389796553871,0.9994099852956626
11000834_1847,11000834,CCOC(=O)c1cc2ccccc2n1CC(=O)c1ccc(F)cc1,3,0.3888888888888889,1.6830359473284633,0.9991225854448927
49947026_2946,49947026,Cc1nn(C)c(NCc2ccc(F)cc2)[nH+]1,3,0.5581395348837209,2.0450706589259293,0.9982996336902323
49946976_891,49946976,Cc1nn(C)c(NCc2ccc(F)c(Cl)c2)[nH+]1,3,0.4897959183673469,2.264016121850573,0.9990094208999374
36332254_816,36332254,Cc1nc(C)c2c(C)c(C(=O)N(C)CC[NH+]3CCCC3)sc2n1,3,0.3220338983050847,2.0553345226509063,0.9989865836396118
25831603_1715,25831603,CC1=NN(c2ccc(F)cc2)C(=O)/C1=C(/C)Nc1ccc(S(N)(=O)=O)cc1,3,0.29577464788732394,2.607949961176042,0.9987730290936495
25831601_460,25831601,COc1ccc(N2N=C(C)[C@@H](/C(C)=N/c3ccc(S(N)(=O)=O)cc3)C2=O)cc1,3,0.2972972972972973,1.8478714782144652,0.9988745209704046
25831603_1716,25831603,CC1=NN(c2ccc(F)cc2)C(=O)[C@H]1/C(C)=N\c1ccc(S(N)(=O)=O)cc1,3,0.2597402597402597,1.3481476180301368,0.9986453044341
25831601_459,25831601,COc1ccc(N2N=C(C)/C(=C(\C)Nc3ccc(S(N)(=O)=O)cc3)C2=O)cc1,3,0.42424242424242425,1.6983715730070328,0.9989694590113237
319188_3416,319188,CC(C)CC[N@H+]1CCc2[nH]c3cc(C4CC4)nn3c(=O)c2C1,3,0.2753623188405797,2.2272512206755892,0.9990544885184076
319188_3417,319188,CC(C)CCN1CCc2[nH]c3cc(C4CC4)nn3c(=O)c2C1,3,0.2602739726027397,1.2264986750917748,0.999192638316365
411872_2802,411872,CCCC[N@H+]1CCc2[nH]c3cc(C4CC4)nn3c(=O)c2C1,3,0.2911392405063291,2.092185460229931,0.9995339984017121
411872_2803,411872,CCCCN1CCc2[nH]c3cc(C4CC4)nn3c(=O)c2C1,3,0.28378378378378377,1.3804013909004247,0.9992438663201326
313144331_3180,313144331,N#Cc1ccc2ncnc(N[C@H]3CC[C@H]([NH+]4CCOCC4)CC3)c2c1,3,0.43333333333333335,1.5149125387295663,0.9994252057989289
313144331_3181,313144331,N#Cc1ccc2[nH]cn/c(=[NH+]/[C@H]3CC[C@@H]([NH+]4CCOCC4)CC3)c2c1,3,0.3448275862068966,1.8651940917772443,0.9981658258889272
36918888_1585,36918888,Cc1cccc(N2CCN(C(=O)c3cncnc3C(C)C)CC2)c1,4,0.3230769230769231,1.5698541333513092,0.999013998323835
48755148_646,48755148,CCNC(=O)C1CN(c2nc(C3CC3)nc3c2CCC3)C1,4,0.39344262295081966,1.7319275388995283,0.9992207889625765
48755148_647,48755148,CCNC(=O)C1CN(c2nc(C3CC3)[nH+]c3c2CCC3)C1,4,0.38095238095238093,1.6687998681688783,0.9988140872030933
177360703_2105,177360703,Cn1c(C(=O)N2CCN(CCc3ccccc3)C(=O)C2)cc(=O)n(C)c1=O,4,0.3333333333333333,1.9551393812206659,0.9975263689368825
177428613_3365,177428613,Cc1nnc(C2CCN(C(=O)NC3CCN(c4ccc(F)cc4)CC3)CC2)[nH]1,4,0.45161290322580644,1.3618777478177286,0.9992885484074421
139133_65,139133,Cc1ccc(C(=O)N2CCC(Cc3ccccc3-c3ccccc3)(C(=O)N(C)C)CC2)s1,4,0.5757575757575758,3.0040096537794163,0.9981669675075984
139135_156,139135,CN(C)C(=O)C1(Cc2ccccc2-c2ccccc2)CCN(C(=O)c2cnn(C)c2)CC1,4,0.5909090909090909,3.0489145609545716,0.9992357132241133
36368094_3423,36368094,c1ccn2cc(CSc3ccc(-n4cccn4)nn3)[nH+]c2c1,4,0.4918032786885246,2.472079893531272,0.9988992480295383
73044938_2433,73044938,NC(=O)C[N@H+]1CC[C@H](COc2ccccc2C(F)(F)F)CC1,4,0.42105263157894735,1.7796685084589803,0.9971559263314376
73044938_2434,73044938,NC(=O)CN1CCC(COc2ccccc2C(F)(F)F)CC1,4,0.42105263157894735,2.5500709794043757,0.9960711659026433
32070902_1853,32070902,Cn1ccnc1CN(C(=O)c1[nH]c2ccccc2c1Cl)C1CC1,4,0.3333333333333333,2.672281609411866,0.9996828084579558
32070902_1854,32070902,Cn1cc[nH+]c1CN(C(=O)c1[nH]c2ccccc2c1Cl)C1CC1,4,0.3380281690140845,2.704112608601755,0.9995154169510249
16159378_362,16159378,O=C(Cn1c(=O)c2cccn2c2ccccc21)NCCC[NH+]1CCCC1,4,0.46875,2.799473521932349,0.9987655103224504
48638440_1849,48638440,Cc1ccccc1COC1CN(C(=O)Cn2c(=O)[nH]c3ccccc32)C1,4,0.5862068965517241,1.7546221815538918,0.9980569807570471
181837_2496,181837,CNCc1cc(N(C)C)nc([C@H]2CCCN2C(=O)C2CCCC2)[nH+]1,4,0.6515151515151515,2.2418913889839374,0.9989635537470394
181837_2495,181837,CNCc1cc(N(C)C)nc([C@@H]2CCCN2C(=O)C2CCCC2)n1,4,0.640625,2.327472019165626,0.9989675141084228
181787_2565,181787,C[NH2+]Cc1cc(N(C)C)nc([C@@H]2CCCN2C(=O)COC)n1,4,0.7419354838709677,2.047314826791208,0.998187316876398
181787_2567,181787,CNCc1cc(N(C)C)nc([C@@H]2CCCN2C(=O)COC)[nH+]1,4,0.75,1.8026810588670157,0.9976437740751426
181837_2494,181837,C[NH2+]Cc1cc(N(C)C)nc([C@@H]2CCCN2C(=O)C2CCCC2)n1,4,0.640625,2.6185516989360114,0.99864117307425
181767_2744,181767,CNCc1cc(N(C)C)nc([C@H]2CCCN2C(=O)[C@H]2C[N@@H+](Cc3ccc(Cl)cc3)C2)[nH+]1,4,0.5853658536585366,2.938283172193977,0.9982865722681394
181767_2741,181767,C[NH2+]Cc1cc(N(C)C)nc([C@H]2CCCN2C(=O)C2CN(Cc3ccc(Cl)cc3)C2)n1,4,0.5897435897435898,2.440688632333208,0.9979148635506451
181767_2743,181767,CNCc1cc(N(C)C)nc([C@H]2CCCN2C(=O)C2CN(Cc3ccc(Cl)cc3)C2)n1,4,0.5897435897435898,2.4077379425510514,0.9987139404729269
181787_2566,181787,CNCc1cc(N(C)C)nc([C@H]2CCCN2C(=O)COC)n1,4,0.7419354838709677,1.4790608506755423,0.998740643747568
181767_2740,181767,C[NH2+]Cc1cc(N(C)C)nc([C@@H]2CCCN2C(=O)[C@H]2C[N@H+](Cc3ccc(Cl)cc3)C2)n1,4,0.575,2.660116726762284,0.998165065790853
181767_2742,181767,CNCc1cc(N(C)C)nc([C@@H]2CCCN2C(=O)[C@H]2C[N@H+](Cc3ccc(Cl)cc3)C2)n1,4,0.575,2.194809558936691,0.9982452146714642
104336630_412,104336630,CC(C)(C)NC(=O)c1cncn1C1CCN(c2ccc(-c3nnc(C(F)(F)F)o3)cn2)CC1,4,0.27586206896551724,1.808512372088619,0.9990190447975298
104336630_411,104336630,CC(C)(C)NC(=O)c1c[nH+]cn1C1CCN(c2ccc(-c3nnc(C(F)(F)F)o3)cn2)CC1,4,0.27380952380952384,1.284777023455747,0.9994968144888031
48314264_1534,48314264,Cc1nccn1-c1cncc(N2CCN(CC3CCCC3)C(=O)C2)n1,4,0.2857142857142857,2.1913263107078493,0.9983111541654297
48314264_1535,48314264,Cc1[nH+]ccn1-c1cncc(N2CCN(CC3CCCC3)C(=O)C2)n1,4,0.29577464788732394,0.9990620601350096,0.9997351252770984
LN00194655_3012,LN00194655,C=C1C[C@@H]2[C@H](CC[C@]3(C)C(=O)CC[C@@H]23)[C@@]2(C)C=CC(=O)C=C12,4,0.3142857142857143,5.214259391322868,0.9960723081349654
36340866_2100,36340866,CCS(=O)(=O)Cc1ccn(-c2cccc(F)c2)n1,4,0.5227272727272727,1.3774817603147442,0.9990015713076456
48745068_2598,48745068,CN(CCc1ccncc1)c1ncccc1C#N,4,0.38461538461538464,1.2262495667685778,0.9994045553909442
LN01305527_2536,LN01305527,O=C(c1cn(Cc2c[nH+]cn2Cc2ccc(Br)cc2)cc1-c1cccc2ccccc12)N1CCOCC1,4,0.3037974683544304,3.451752743172821,0.9990377684501052
LN01305527_2535,LN01305527,O=C(c1cn(Cc2cncn2Cc2ccc(Br)cc2)cc1-c1cccc2ccccc12)N1CCOCC1,4,0.3,3.77236835423075,0.9971118913362242
25002833_274,25002833,CNC(=O)C1CCN(Cc2ncc(-c3ccc(F)cc3)o2)CC1,4,0.421875,1.438603837058764,0.9993334558566562
25002833_275,25002833,CNC(=O)[C@H]1CC[N@H+](Cc2ncc(-c3ccc(F)cc3)o2)CC1,4,0.36764705882352944,1.5313676893548944,0.9989203452249886
18861554_987,18861554,Cc1ccc(F)cc1NC(=O)c1cnc2onc(C(C)C)c2c1,4,0.38571428571428573,1.2787517350909465,0.9995336690133779
17943398_2088,17943398,CCN(CC)C(=O)N1CCC(C(=O)[O-])CC1,4,0.5625,2.935024361057412,0.9963854215917315
49067788_3351,49067788,CCN(CC)CC(=O)Nc1ccc(Oc2ccc(C)nn2)cc1,4,0.45652173913043476,1.6368045087913712,0.9986671783927908
49067788_3350,49067788,CC[NH+](CC)CC(=O)Nc1ccc(Oc2ccc(C)nn2)cc1,4,0.45652173913043476,1.6994569720942507,0.9984055586118685
32126735_833,32126735,N#Cc1cc(F)c(N2CCN(CCO)CC2)c(F)c1,4,0.36538461538461536,1.65690223006671,0.9951403419836733
32126735_832,32126735,N#Cc1cc(F)c(N2CC[NH+](CCO)CC2)c(F)c1,4,0.3888888888888889,1.3317034204356923,0.9984285720617194
36997483_1036,36997483,COc1ccc(CN2CCN(c3cc(C)[nH+]c(N)n3)CC2)cc1OC,4,0.4225352112676056,2.1436580884085643,0.9962108804767679
36997483_1035,36997483,COc1ccc(C[NH+]2CCN(c3cc(C)[nH+]c(N)n3)CC2)cc1OC,4,0.4383561643835616,2.2967289783518656,0.9972878526080311
36997483_1038,36997483,COc1ccc(CN2CCN(c3cc(C)nc(N)n3)CC2)cc1OC,4,0.4057971014492754,2.6216580631349937,0.9964209876930226
36997483_1037,36997483,COc1ccc(C[NH+]2CCN(c3cc(C)nc(N)n3)CC2)cc1OC,4,0.4225352112676056,1.80743713583621,0.9989596129614954
177503755_3050,177503755,Cc1cc(C(F)(F)F)nc(CCNC(=O)N(C)Cc2ccncc2C)n1,4,0.3291139240506329,1.606749202582262,0.9987624795305774
44457145_1951,44457145,CNC(=O)c1ccccc1Nc1nc(Nc2ccc(N3CCOCC3)cc2OC)ncc1Cl,4,0.4772727272727273,2.1484315209010156,0.998924090220879
17125201_3549,17125201,COc1cc2ncn(-c3cc(OCc4ccccc4S(C)(=O)=O)c(C#N)s3)c2cc1OC,4,0.25925925925925924,1.4274014852172157,0.998728100773808
49972886_2402,49972886,CCc1nc(CNc2ccc(C#N)nc2)cs1,4,0.42592592592592593,1.2905347728760208,0.9996730517586051
4899313_2454,4899313,O=c1c2oc3ccccc3c2ncn1Cc1ccc(Cl)cc1,4,0.6296296296296297,1.5786373871159545,0.9992859652122218
53747827_3376,53747827,O=c1c2oc3ccccc3c2ncn1Cc1ccc(F)c(F)c1,4,0.6428571428571429,1.008715519857726,0.9993555757799326
60180599_185,60180599,CC(C)(C)OC(=O)c1ccc(-n2ncc(-n3ccnn3)c2[O-])nc1,4,0.42424242424242425,2.319114701777478,0.9976934564965749
60180599_187,60180599,CC(C)(C)OC(=O)c1ccc(-n2ncc(-n3ccnn3)c2O)nc1,4,0.4307692307692308,2.852166369621683,0.9983685448115621
60180599_186,60180599,CC(C)(C)OC(=O)c1ccc(-n2[nH]cc(-n3ccnn3)c2=O)nc1,4,0.43283582089552236,2.8804944020083902,0.9980457452179834
31925740_418,31925740,CCCn1nccc1NC(=O)c1c(C)noc1C,4,0.39655172413793105,1.890187821355058,0.9997579333198654
49169918_1128,49169918,Cc1ccc(-c2nc(CN3CCOCC3)n(Cc3ccc(F)cc3)n2)o1,4,0.30158730158730157,1.708343934926331,0.9990341060390887
49169918_1129,49169918,Cc1ccc(-c2nc(C[NH+]3CCOCC3)n(Cc3ccc(F)cc3)n2)o1,4,0.2894736842105263,1.6088094977345808,0.9988304911350028
36284654_1324,36284654,Cc1c(C(=O)N[C@H]2CC[N@H+](CC3CCCCC3)CC2)cnn1C,4,0.4461538461538462,1.7630357341811795,0.9987119970274516
48832018_1988,48832018,O=C(Cc1cccc(I)c1)N1CC(CO)C1,4,0.4888888888888889,2.3233639404966246,0.9972061927520461
73053174_2553,73053174,CC[NH+]1CCN(C(=O)CNc2ncnc3onc(C)c23)CC1,4,0.3880597014925373,3.2119978206716615,0.9986336214144226
73053174_2554,73053174,CCN1CCN(C(=O)CNc2ncnc3onc(C)c23)CC1,4,0.421875,1.9411249315803565,0.9992334903897656
48761324_346,48761324,COCC1CCN(c2noc(-c3cccs3)n2)CC1,4,0.3898305084745763,1.6784623915950954,0.9982913401921293
31845870_2184,31845870,C#CCNC(=O)c1ccc2c(c1)OCO2,4,0.44,1.086416586765705,0.9993082733139551
49155578_1354,49155578,Fc1ccc(-n2nc(C3CCOCC3)[nH+]c2-c2cn[nH]c2)c(F)c1,4,0.4925373134328358,2.0298467922486245,0.9988504931529265
49155578_1355,49155578,Fc1ccc(-n2nc(C3CCOCC3)nc2-c2cn[nH]c2)c(F)c1,4,0.48484848484848486,2.4973149581102825,0.9981632713342394
24121680_295,24121680,Cc1ccccc1CNC(=O)c1ccc(-n2cc[nH+]c2)nc1,4,0.6428571428571429,2.3342913271484336,0.9980189431564165
24121680_294,24121680,Cc1ccccc1CNC(=O)c1ccc(-n2ccnc2)nc1,4,0.6363636363636364,1.76939594212288,0.9990005381012108
4599098_3438,4599098,CN1CCN(c2oc(-c3cccc4ccccc34)nc2C#N)CC1,4,0.328125,1.1683535423836133,0.9988183379721364
4599098_3437,4599098,C[NH+]1CCN(c2oc(-c3cccc4ccccc34)nc2C#N)CC1,4,0.3484848484848485,1.1487388737220257,0.998932216826261
20072667_1230,20072667,CC(C)(C(=O)NCc1ccccn1)c1ccccc1,4,0.44680851063829785,0.7651855984001018,0.9993118872453169
26239500_3590,26239500,CNC(=O)c1ccc(/C=C/c2nc3cc(Cl)ccc3o2)cc1,4,0.375,2.578349665968551,0.9959789533284473
82713843_2979,82713843,CCc1cc(-c2ccc(OC)c3ncccc23)nc(N2CCOCC2)n1,4,0.30434782608695654,1.6328371014893757,0.9982794418654419
82709477_2828,82709477,CCc1cc(-c2ccc(OC)c3nc(C)ccc23)nc(N2CCOCC2)n1,4,0.3283582089552239,2.305188712448654,0.9980792018719976
33312531_1270,33312531,Cc1noc(C2CCN(C(=O)C3(c4cccc(F)c4)CCC3)CC2)n1,4,0.37142857142857144,1.7035615633137762,0.9991441678911818
48793753_2777,48793753,O=C(c1ccc([O-])cc1)N1CCN(c2ncnc3c2CCC3)CC1,4,0.39285714285714285,3.152041719267078,0.9975647142370332
48793753_2776,48793753,O=C(c1ccc(O)cc1)N1CCN(c2ncnc3c2CCC3)CC1,4,0.3508771929824561,1.6905315732039805,0.9987552821185286
48793753_2778,48793753,O=C(c1ccc(O)cc1)N1CCN(c2nc[nH+]c3c2CCC3)CC1,4,0.3448275862068966,2.1707800441314333,0.9984278264203436
LN01342817_2981,LN01342817,C[C@H]1CC[C@H](n2c3c[nH+]ccc3c3cnc(Nc4ccc5c(n4)CCN(C(=O)CO)C5)nc32)CC1,4,0.3333333333333333,2.6727014423610096,0.999351633845188
LN01342817_2980,LN01342817,C[C@H]1CC[C@H](n2c3cnccc3c3cnc(Nc4ccc5c(n4)CCN(C(=O)CO)C5)nc32)CC1,4,0.3402061855670103,2.700451628894409,0.998761407475075
106928257_174,106928257,O=C(Nc1nn2c(NC3CC3)cc(C(F)(F)F)cc2[nH+]1)c1cccnc1,4,0.3283582089552239,2.8874443717584386,0.9991905829791046
106928257_175,106928257,O=C(Nc1nc2cc(C(F)(F)F)cc(NC3CC3)n2n1)c1cccnc1,4,0.3333333333333333,2.314643385059835,0.999330366948574
49096260_2851,49096260,CC(C)CC[N@H+]1CC[C@H](CNS(C)(=O)=O)CC1,4,0.5217391304347826,1.9440992773005585,0.9978063115015671
49096260_2852,49096260,CC(C)CC[N@H+]1CC[C@H](C[N-]S(C)(=O)=O)CC1,4,0.42857142857142855,3.3032809447576947,0.9946638987907895
49924914_2707,49924914,CN(CCn1cnc(C#N)c1C#N)c1ccccc1,4,0.4716981132075472,1.6274003809757231,0.9990875497361134
170720716_2193,170720716,CC(C)(C)NC(=O)NCCn1nc2c(cc1=O)CCCC2,4,0.5714285714285714,1.591069451657952,0.999173007218327
338392_781,338392,CCOC(=O)[C@]1(Cc2cc(-c3ccc(F)cc3)no2)CC[N@H+](Cc2ccccc2[O-])CC1,4,0.33766233766233766,3.1260807731088627,0.9974012713184934
338392_780,338392,CCOC(=O)[C@]1(Cc2cc(-c3ccc(F)cc3)no2)CC[N@H+](Cc2ccccc2O)CC1,4,0.34210526315789475,2.062036129654121,0.9990000180438107
17400188_371,17400188,COc1cc(C(C)C)c2c(c1)S(=O)(=O)N(COc1cc(=O)n3cccc(OCC[NH+]4CCCCC4)c3n1)C2=O,4,0.32098765432098764,3.4531191696786174,0.9982554830739553
17400188_372,17400188,COc1cc(C(C)C)c2c(c1)S(=O)(=O)N(COc1cc(=O)n3cccc(OCC[NH+]4CCCCC4)c3[nH+]1)C2=O,4,0.3170731707317073,4.530027041861834,0.9984639798413192
395728_3292,395728,Cc1ccc(-c2cnn3c(=O)cc(Cn4cccn4)[nH]c23)cc1,4,0.373134328358209,2.6521900384401116,0.9992233106807537
49293741_3261,49293741,Cc1cc(C[N@H+]2CC[C@H](N(C)c3ncc(Cl)cn3)CC2)on1,4,0.44642857142857145,1.8571946586182009,0.9991279070079442
49293741_3262,49293741,Cc1cc(CN2CCC(N(C)c3ncc(Cl)cn3)CC2)on1,4,0.46296296296296297,2.3690132967122652,0.9971033618040405
209889_1701,209889,Cn1nccc1C[C@H]1CC[N@H+](C2CCCC2)CC1,4,0.35185185185185186,2.271603618591757,0.998672371092308
31397498_1028,31397498,O=C(Nc1ccccc1-n1ccnc1)c1cccs1,4,0.6122448979591837,1.8138889161134875,0.9996409686467782
31397498_1029,31397498,O=C(Nc1ccccc1-n1cc[nH+]c1)c1cccs1,4,0.6122448979591837,2.0127590516496245,0.9990699800710661
49350315_1773,49350315,Fc1ccc(CNc2[nH+]nc(-c3ccc4c(c3)OCO4)o2)cc1,4,0.39285714285714285,1.887426554862668,0.9990203424870363
49350315_1772,49350315,Fc1ccc(CNc2nnc(-c3ccc4c(c3)OCO4)o2)cc1,4,0.4032258064516129,1.7181548242225033,0.9993887507667671
53880275_1006,53880275,O=C(Cc1ccccc1F)N1CCN(c2nccn3nc4c(c23)CCCC4)CC1,4,0.5692307692307692,2.6076585282588156,0.9982319884237808
53880275_1007,53880275,O=C(Cc1ccccc1F)N1CCN(c2[nH+]ccn3nc4c(c23)CCCC4)CC1,4,0.5606060606060606,2.5724414473414283,0.9987488392581242
265767_2459,265767,Cc1cc(/N=c2\[nH]nc(C)s2)cc([C@@H]2CN(C(=O)c3c(C(C)C)noc3C)CCO2)n1,4,0.620253164556962,2.2801611785133495,0.9995121589469523
265767_2457,265767,Cc1cc(Nc2nnc(C)s2)cc([C@H]2CN(C(=O)c3c(C(C)C)noc3C)CCO2)n1,4,0.6025641025641025,2.097052932092722,0.999208808997923
265767_2458,265767,Cc1cc(Nc2nnc(C)s2)cc([C@@H]2CN(C(=O)c3c(C(C)C)noc3C)CCO2)[nH+]1,4,0.6,2.2514433148536455,0.9996515915139265
53766760_2724,53766760,Cc1cc(Br)cn(Cc2ccc(C#N)cc2F)c1=O,4,0.4339622641509434,0.6348818787776644,0.9991526600561843
43947755_3230,43947755,COc1ccccc1CNc1cnnc([O-])c1Cl,4,0.3389830508474576,2.198173105103462,0.9981001589059648
43947755_3231,43947755,COc1ccccc1CNc1cn[nH]c(=O)c1Cl,4,0.3559322033898305,2.2459632677317902,0.9983457655408372
49383435_3244,49383435,CCCCOc1nc(N)c2c(n1)N(Cc1cccc(C[NH+]3CCCC3)c1)CC(=O)N2,4,0.3116883116883117,3.25019014828354,0.9973449931495757
49383435_3245,49383435,CCCCOc1nc2c(c(N)[nH+]1)NC(=O)CN2Cc1cccc(C[NH+]2CCCC2)c1,4,0.3037974683544304,4.491595039626821,0.995439525722076
12602676_544,12602676,Clc1ccc(-c2ccc(CNC[C@H]3CCCO3)o2)c(Cl)c1,4,0.26865671641791045,1.7460544092327637,0.9991334560993267
12602676_545,12602676,Clc1ccc(-c2ccc(C[NH2+]C[C@@H]3CCCO3)o2)c(Cl)c1,4,0.25,2.3581950725078444,0.9978884719122326
32009682_1140,32009682,Cn1cc(CCNC(=O)N2CCc3sccc3C2)cn1,4,0.6,1.5208967749333362,0.9992190311765523
24070010_1345,24070010,Cc1sc2nc(CN3CCOCC3)nc(N3CCN(c4ccncc4)CC3)c2c1C,4,0.5538461538461539,3.602031371323488,0.9983696978633624
24070010_1347,24070010,Cc1sc2[nH+]c(CN3CCOCC3)nc(N3CCN(c4cc[nH+]cc4)CC3)c2c1C,4,0.3902439024390244,5.419391478754802,0.9980325992020692
24070010_1344,24070010,Cc1sc2nc(CN3CCOCC3)nc(N3CCN(c4cc[nH+]cc4)CC3)c2c1C,4,0.5,2.94898389280089,0.9985277304782062
24070010_1346,24070010,Cc1sc2nc(C[NH+]3CCOCC3)nc(N3CCN(c4cc[nH+]cc4)CC3)c2c1C,4,0.5142857142857142,3.6715901187358897,0.9987477909436638
31912359_1737,31912359,CN(C)c1cc(CNC(=O)C2CCOCC2)cc[nH+]1,4,0.574468085106383,1.440740434637182,0.9982570913703092
31912359_1736,31912359,CN(C)c1cc(CNC(=O)C2CCOCC2)ccn1,4,0.5833333333333334,1.0809523578769076,0.9990561607761133
222774342_3420,222774342,CCCc1nnc(N2CCC3(CCCC3)C2)s1,4,0.37735849056603776,2.4185855370440708,0.9992556845480224
71008775_184,71008775,Cc1cc(F)c(C(=O)Nc2cccc(-c3nncn3C(C)C)n2)cc1-n1c[nH+]c(C2CC2)c1,4,0.37894736842105264,2.8315668807215433,0.9993406679174012
71008775_183,71008775,Cc1cc(F)c(C(=O)Nc2cccc(-c3nncn3C(C)C)n2)cc1-n1cnc(C2CC2)c1,4,0.37362637362637363,2.7547959997064186,0.9993932629857659
25645386_702,25645386,O=C1CN(C(=O)c2cccc(Oc3cccc(C(F)(F)F)c3)c2)CCN1,4,0.5,1.5690831717917284,0.9966455779870855
49165262_500,49165262,CCCn1ccnc1CNc1nc2c(s1)c(C)nn2C,4,0.2833333333333333,1.9155469192898618,0.9996516374286267
49165262_501,49165262,CCCn1cc[nH+]c1CNc1nc2c(s1)c(C)nn2C,4,0.29508196721311475,2.162203274440372,0.9993832915928894
31928328_534,31928328,Cn1cc(NC(=O)c2ccccc2C(F)(F)F)cn1,4,0.48148148148148145,1.5431620135294006,0.9997729551344541
29590164_1667,29590164,N#Cc1ccc(CCC(=O)Nc2cc[nH+]cc2)cc1,4,0.44680851063829785,2.719509514600036,0.995045232776002
29590164_1666,29590164,N#Cc1ccc(CCC(=O)Nc2ccncc2)cc1,4,0.44680851063829785,1.580272128463968,0.9971288549533697
3660163_2664,3660163,Cc1cc2nc(Sc3nnc(C)n3C)c3ccccc3n2n1,4,0.5818181818181818,1.5698168683005842,0.9995579302305909
324054153_410,324054153,CC1(C)Cc2cc(NC(=O)c3cnn4cccnc34)c(N3CCN(CC(F)F)CC3)nc2O1,4,0.620253164556962,2.659785329683249,0.9992159348180129
342116_1691,342116,COc1cccc(C[N@H+]2Cc3ccccc3OC3(CCOCC3)C2)c1,4,0.2972972972972973,1.718489452978426,0.9988966938987884
342116_1692,342116,COc1cccc(CN2Cc3ccccc3OC3(CCOCC3)C2)c1,4,0.30434782608695654,1.2360509698222089,0.9996116312105715
278832_792,278832,O=C(C(c1ccccc1)c1ccccc1)N1CCOC[C@H](Cc2ccc3cnccc3c2)C1,4,0.43037974683544306,1.5524406590919817,0.9989920657250586
157315_453,157315,Cc1nc(NC2CCCC2)cc(CC2CCN(S(=O)(=O)c3cn(C)cn3)CC2)[nH+]1,4,0.3142857142857143,1.8775499993338904,0.9985711726917329
157315_454,157315,Cc1nc(CC2CCN(S(=O)(=O)c3cn(C)cn3)CC2)cc(NC2CCCC2)n1,4,0.29850746268656714,3.127589966731725,0.9987603403468942
31326902_3543,31326902,Cc1cc(F)ccc1NC(=O)c1cccc2cccnc12,4,0.48,0.956927896970679,0.999323432516101
56766469_669,56766469,CCOc1ccc(C(=O)Nc2cnn(C3CCOCC3)c2)cn1,4,0.32989690721649484,2.4306295480791973,0.9993167236111216
56767825_2192,56767825,Cn1cc(NC(=O)c2ccc(OCC3CCOCC3)nc2)cn1,4,0.3787878787878788,2.039995833329345,0.9991762353175234
32148273_724,32148273,CC(C)C(=O)Nc1ncn(Cc2cccnc2)n1,4,0.3793103448275862,1.0290932902320216,0.9997975164712395
300566847_3141,300566847,CCN(CC)C(=O)c1ccc(C2=CC3(CC[NH2+]CC3)Oc3cccc(O)c32)cc1,4,0.31666666666666665,1.5414194756781952,0.9990974920388818
300566847_3142,300566847,CCN(CC)C(=O)c1ccc(C2=CC3(CC[NH2+]CC3)Oc3cccc([O-])c32)cc1,4,0.3114754098360656,3.5424439303961375,0.9972193417273808
43366944_1208,43366944,CC(C)c1cc(C(=O)N2Cc3ccc(CN4CC[NH+](C)CC4)cc3C2)c(O)cc1O,4,0.3088235294117647,3.0176124668353155,0.9981052201861305
43366944_1213,43366944,CC(C)c1cc(C(=O)N2Cc3ccc(C[N@H+]4CC[N@H+](C)CC4)cc3C2)c([O-])cc1O,4,0.30985915492957744,4.185384450680558,0.9969423022175888
43366944_1210,43366944,CC(C)c1cc(C(=O)N2Cc3ccc(C[NH+]4CCN(C)CC4)cc3C2)c([O-])cc1O,4,0.34782608695652173,3.5942369148401068,0.9967251099986678
43366944_1212,43366944,CC(C)c1cc(C(=O)N2Cc3ccc(C[NH+]4CCN(C)CC4)cc3C2)c(O)cc1[O-],4,0.34782608695652173,3.1208244103119243,0.9982946120094257
43366944_1207,43366944,CC(C)c1cc(C(=O)N2Cc3ccc(CN4CC[NH+](C)CC4)cc3C2)c([O-])cc1O,4,0.29577464788732394,3.383807618645058,0.9973705513895963
43366944_1209,43366944,CC(C)c1cc(C(=O)N2Cc3ccc(CN4CC[NH+](C)CC4)cc3C2)c(O)cc1[O-],4,0.29577464788732394,2.948964564046023,0.9988173810697581
43366944_1211,43366944,CC(C)c1cc(C(=O)N2Cc3ccc(C[NH+]4CCN(C)CC4)cc3C2)c(O)cc1O,4,0.36363636363636365,2.6170231179721437,0.9985062800083744
902539_1092,902539,CCCCCN/C(N)=N/N=C/c1c[nH]c2ccc(OC)cc12,4,0.2727272727272727,3.0376681846438798,0.998216880015232
902539_1091,902539,CCCCCNC(=[NH2+])N/N=C/c1c[nH]c2ccc(OC)cc12,4,0.2537313432835821,2.2546975406912586,0.9964792528703811
36981448_1766,36981448,Cc1cccc(N(C)C(=O)COC2CCCC2)[nH+]1,4,0.3389830508474576,1.7591091495413924,0.9988547852082635
36981448_1765,36981448,Cc1cccc(N(C)C(=O)COC2CCCC2)n1,4,0.3793103448275862,0.7755501273289361,0.9992515958830938
168890455_43,168890455,C=CC(=O)N1CCC([C@@H]2CCNc3c(C(N)=O)c(-c4ccc(Oc5ccccc5)cc4)nn32)CC1,4,0.30434782608695654,3.996640464189944,0.9992387380197617
49067448_3329,49067448,CC1(CNC(=O)N2CCN(Cc3ccon3)CC2)CCCC1,4,0.6071428571428571,1.7110000000000536,0.9989027452485001
49067448_3330,49067448,CC1(CNC(=O)N2CC[NH+](Cc3ccon3)CC2)CCCC1,4,0.6206896551724138,1.8126916450407835,0.9986801098789077
72973086_1332,72973086,CC(C)(O)CNc1ncc(-c2ccnc(Nc3ccnc(Cl)c3)n2)c(CC2CC2)n1,4,0.3815789473684211,2.9346526199870544,0.9986310557470661
72973086_1333,72973086,CC(C)(O)CNc1ncc(-c2ccnc(Nc3ccnc(Cl)c3)n2)c(CC2CC2)[nH+]1,4,0.345679012345679,2.599194682973894,0.9983053493858395
36701026_688,36701026,Clc1cccc(-c2nnc(Cn3cnc4ccccc43)o2)c1,4,0.5849056603773585,1.6022861791823402,0.9988665140048131
36701026_689,36701026,Clc1cccc(-c2nnc(Cn3c[nH+]c4ccccc43)o2)c1,4,0.5925925925925926,2.0106454187648257,0.9982402777134761
30745331_855,30745331,Cc1nc(CC(=O)NCc2ccccc2)cs1,4,0.4489795918367347,0.7540079575178515,0.9993604292178223
114309331_30,114309331,C=CC(=O)N1CCC(CNc2ncnc(N)c2-c2ccc(Oc3ccccc3)cc2)CC1,4,0.3466666666666667,2.988391875239845,0.9991908271595874
114309331_32,114309331,C=CC(=O)N1CCC(CNc2[nH+]cnc(N)c2-c2ccc(Oc3ccccc3)cc2)CC1,4,0.358974358974359,2.256047871832732,0.9991642234664617
114309331_31,114309331,C=CC(=O)N1CCC(CNc2nc[nH+]c(N)c2-c2ccc(Oc3ccccc3)cc2)CC1,4,0.33766233766233766,2.40088421211859,0.9977860095171115
49130614_2531,49130614,O=C(Cn1cc(NCc2cccc(Cl)c2)cn1)N1CCOCC1,4,0.3484848484848485,1.2018639690082376,0.9992537792353973
36356120_1154,36356120,CC(C)c1nc2c(n1C)CCN(c1ncnc3ccccc13)C2,4,0.45454545454545453,1.866704582948016,0.999372232165367
36356102_485,36356102,CC(C)c1[nH+]c2c(n1C)CCN(c1ncnc3ccsc13)C2,4,0.45588235294117646,1.9745829939506299,0.998597520766887
36356102_486,36356102,CC(C)c1nc2c(n1C)CCN(c1nc[nH+]c3ccsc13)C2,4,0.45714285714285713,1.9902311423544976,0.9991067508291834
36356120_1155,36356120,CC(C)c1[nH+]c2c(n1C)CCN(c1ncnc3ccccc13)C2,4,0.44776119402985076,1.8290658818095116,0.998233007248543
36356120_1156,36356120,CC(C)c1nc2c(n1C)CC/[N+](=c1\nc[nH]c3ccccc13)C2,4,0.43661971830985913,2.0706286485024554,0.9994118844795602
36356102_484,36356102,CC(C)c1nc2c(n1C)CCN(c1ncnc3ccsc13)C2,4,0.45588235294117646,2.024683678997777,0.9991819192313884
49837375_3419,49837375,Cc1c(C(=O)Nc2ccc(N3CCC(N4CCOCC4)CC3)c(C#N)c2)cnn1-c1ccc(Cl)cc1,4,0.30303030303030304,3.5487238551343716,0.9976133697472295
49837375_3418,49837375,Cc1c(C(=O)Nc2ccc(N3CCC([NH+]4CCOCC4)CC3)c(C#N)c2)cnn1-c1ccc(Cl)cc1,4,0.3238095238095238,2.627720114471874,0.9974148131693961
48826448_2515,48826448,Cc1nc2n(c1C[NH+]1CCN(c3ncccn3)CC1)CCCC2,4,0.46296296296296297,1.8332304819633358,0.9987448605510449
48826448_2513,48826448,Cc1[nH+]c2n(c1CN1CCN(c3ncccn3)CC1)CCCC2,4,0.4339622641509434,1.9199263006688183,0.9986524813045377
48826448_2514,48826448,Cc1nc2n(c1CN1CCN(c3ncccn3)CC1)CCCC2,4,0.4423076923076923,1.6715259495439634,0.9988966952393605
48826448_2516,48826448,Cc1[nH+]c2n(c1C[NH+]1CCN(c3ncccn3)CC1)CCCC2,4,0.45454545454545453,2.632277530960428,0.9984140558486468
46038339_2093,46038339,c1cnc(N2CC(c3nc4ccccc4[nH]3)C2)nc1,4,0.38333333333333336,1.4901526767416209,0.9997151679360432
46038339_2094,46038339,c1cnc(N2CC(c3[nH]c4ccccc4[nH+]3)C2)nc1,4,0.3770491803278688,1.8300150272604694,0.998357929337513
290047753_2577,290047753,CC(C)N(C)S(=O)(=O)N1CCC(CNC(=O)CCCn2cccn2)CC1,4,0.3142857142857143,2.3807414811358383,0.9975242245035761
49964732_1948,49964732,Cc1nn(C)c(NCC(C)(C)c2ccccc2)[nH+]1,4,0.4782608695652174,1.7198348757948976,0.9985597143462968
31882595_990,31882595,CS(=O)(=O)NC1CCN(C(=O)NCCc2ccc(F)cc2)CC1,4,0.44,1.5268421660406601,0.9993122649329089
31882595_991,31882595,CS(=O)(=O)[N-]C1CCN(C(=O)NCCc2ccc(F)cc2)CC1,4,0.43137254901960786,2.1366038472305866,0.9978557731558775
222754320_3345,222754320,CN(C)S(=O)(=O)CCC[N@H+]1CC[C@H](CCC(N)=O)CC1,4,0.4583333333333333,2.1011242228866034,0.9969934312320975
53751988_2930,53751988,O=C(c1ccc([N-]S(=O)(=O)c2cccc3cnccc23)cc1)N1CCCC1,4,0.5,3.137718438610998,0.9952732883966537
53751988_2931,53751988,O=C(c1ccc(NS(=O)(=O)c2cccc3cnccc23)cc1)N1CCCC1,4,0.5,1.681835604332162,0.9988769934386375
49935944_3206,49935944,COc1cc(OC)cc(N2CCC([NH2+]CC3(C)CCOCC3)CC2)c1,4,0.2714285714285714,1.7870856163040054,0.9992407982674137
31855457_3606,31855457,Cc1ccc(-c2csc(CC(N)=O)n2)cc1C,4,0.6363636363636364,1.5301104535294283,0.99920825842579
31854734_3706,31854734,Cc1cc(C)c(-c2csc(CC(N)=O)n2)cc1C,4,0.5217391304347826,1.3204582537888858,0.9991443206166679
44501962_2071,44501962,Cc1cc(C(=O)NC2CCN(C(=O)c3cc(C)sc3C)CC2)no1,4,0.3230769230769231,1.7782075244470783,0.9996013050393753
29578860_299,29578860,Cc1cc(C(=O)Nc2cccc3ncccc23)on1,4,0.46296296296296297,1.1628938042658257,0.9996435789670095
299971700_608,299971700,COc1cc2c(cc1OC)-c1cc3ccc(OC)c(OC)c3c[n+]1CC2,4,0.3333333333333333,1.7402221122606767,0.999253669626476
49335777_1712,49335777,Cn1cc(CN2CCN(c3ccccc3O)CC2)c(-c2ccncc2)n1,4,0.328125,1.738753576560316,0.9991938552573166
49335777_1711,49335777,Cn1cc(C[NH+]2CCN(c3ccccc3O)CC2)c(-c2ccncc2)n1,4,0.3559322033898305,1.9094713928203233,0.9991677021931222
197915_153,197915,Cc1cc(Nc2cnccn2)cc([C@H]2CCCN(CC(=O)N3CCCC3)C2)n1,4,0.6268656716417911,2.421143118446236,0.9984677977568389
197915_151,197915,Cc1cc(Nc2cnccn2)cc([C@@H]2CCCN(CC(=O)N3CCCC3)C2)[nH+]1,4,0.5641025641025641,2.9539292476291927,0.9979648742664022
197915_152,197915,Cc1cc(Nc2cnccn2)cc([C@H]2CCC[N@@H+](CC(=O)N3CCCC3)C2)[nH+]1,4,0.5333333333333333,3.940020812127777,0.9962948573711456
55540581_3688,55540581,Cc1ccc(-n2nc(C(C)(C)C)cc2NC(=O)NCc2cc(F)ccc2Oc2ccc3c(cnn3CCO)c2)cc1,4,0.38,3.5910838196846715,0.9982024146876655
316779701_3490,316779701,O=C(N[C@@]12CCC[C@@H]1[NH2+]CC2)c1ccc(-c2cn[nH]c2)cc1,4,0.37681159420289856,2.50426516167917,0.9979007741423446
49969658_3094,49969658,c1ccc(-c2ncc(CNc3ncccn3)s2)nc1,4,0.3617021276595745,1.5354761476499685,0.9998001160921702
17268136_85,17268136,c1ccc(Oc2cccc(C[N@@H+](CC[NH+]3CCOCC3)Cc3cccnc3)c2)cc1,4,0.6333333333333333,1.9414646532966864,0.9984151452735295
17268136_84,17268136,c1ccc(Oc2cccc(CN(CC[NH+]3CCOCC3)Cc3cccnc3)c2)cc1,4,0.6333333333333333,1.6412199730688306,0.9991426624710863
17268136_83,17268136,c1ccc(Oc2cccc(C[N@@H+](CCN3CCOCC3)Cc3cccnc3)c2)cc1,4,0.6333333333333333,1.8307506657104855,0.9993029837010413
29577392_1312,29577392,O=C(NCc1ncc(-c2ccccc2)o1)C1CCCCC1,4,0.44642857142857145,0.9235437185105794,0.9992915963522303
27419746_1280,27419746,O=C(NCc1nncn1-c1ccccc1)C1CCCC1,4,0.5094339622641509,1.357022107410141,0.9994415836021965
42942540_1774,42942540,Cc1oc(C)c(C(=O)NCC#Cc2ccccc2)c1C,4,0.5319148936170213,1.4917865128767558,0.9992916314553162
1536855_1502,1536855,COc1cc(CNCC[NH+]2CCOCC2)cc(Cl)c1OCc1ccccc1,4,0.34146341463414637,2.13210717366636,0.9976586564803364
1536855_1501,1536855,COc1cc(C[NH2+]CCN2CCOCC2)cc(Cl)c1OCc1ccccc1,4,0.32926829268292684,2.1565915236781024,0.9973593338925829
1317203_793,1317203,COc1ccc(OCC(=O)N2CC[NH+](C)CC2)cc1,4,0.4230769230769231,1.207139594247601,0.9980694872901851
1317203_794,1317203,COc1ccc(OCC(=O)N2CCN(C)CC2)cc1,4,0.42105263157894735,1.5360195311257299,0.9989661676516918
208343_1178,208343,Cc1nc(=O)cc(C2CN(C3CCCCC3)C2)[nH]1,4,0.46153846153846156,1.7050000000000929,0.9979454475488814
208343_1177,208343,Cc1nc(=O)cc([C@H]2C[N@H+](C3CCCCC3)C2)[nH]1,4,0.4423076923076923,3.04456975613961,0.9937296062287617
MCULE-2007854892_2381,MCULE-2007854892,Cc1cc(C)nc(N2Cc3ccccc3C2=[NH2+])n1,4,0.26153846153846155,1.8508514256960027,0.9991073981400806
309652_2576,309652,Oc1cc2c(nn1)-c1cnc(N3CCCCC3)nc1CC2,4,0.27450980392156865,1.1929618602455931,0.9981893763988523
309592_2249,309592,[O-]c1cc2c(nn1)-c1cnc(N3CCCC3)nc1CC2,4,0.28,1.9395123098346136,0.9990094573842222
309592_2250,309592,Oc1cc2c(nn1)-c1cnc(N3CCCC3)nc1CC2,4,0.28,1.428856185905295,0.9985266905153823
309652_2575,309652,[O-]c1cc2c(nn1)-c1cnc(N3CCCCC3)nc1CC2,4,0.27450980392156865,2.1237370364523196,0.9971851000969254
29566339_377,29566339,N#Cc1ccc(-c2csc(CCN3CCCC3=O)n2)cc1,4,0.5901639344262295,1.8067589767315142,0.9985856639675356
36987396_3503,36987396,NC(=O)c1cnc(N2CCc3[nH]nc(C(F)(F)F)c3C2)c(Cl)c1,4,0.24691358024691357,2.290637902419278,0.9984786165951364
316786090_3491,316786090,Cc1nc(=O)c2ccc(C(=O)N[C@@]34CCC[C@@H]3[NH2+]CC4)cc2[nH]1,4,0.2916666666666667,2.363082943952593,0.999079695949322
316786090_3492,316786090,Cc1nc2cc(C(=O)N[C@@]34CCC[C@H]3[NH2+]CC4)ccc2c(=O)[nH]1,4,0.2777777777777778,2.2591467415818003,0.9986849700005006
36343702_661,36343702,Cc1ncc2c(n1)CN(CCCc1nc3ccccc3o1)CC2,4,0.3055555555555556,1.9428849682880562,0.9982243213658414
36343702_660,36343702,Cc1ncc2c(n1)C[N@@H+](CCCc1nc3ccccc3o1)CC2,4,0.3055555555555556,2.204736038622285,0.998657984973196
32021126_1403,32021126,CN(Cc1ccccc1N1CCCC1)C(=O)c1cccc(Cn2ccnc2)c1,4,0.35714285714285715,2.158097078446522,0.9979868423149568
32021126_1404,32021126,CN(Cc1ccccc1N1CCCC1)C(=O)c1cccc(Cn2cc[nH+]c2)c1,4,0.35714285714285715,2.272294875230613,0.998091351802056
35741477_1017,35741477,O=C(NCc1ccc2c(c1)OCCO2)c1sccc1C1CC1,4,0.43636363636363634,1.2852085433899745,0.999502207032872
36322410_2177,36322410,Cc1ccsc1C(=O)NCc1ccc2c(c1)OCCCO2,4,0.4107142857142857,1.6162153321884267,0.9984847836097305
1360373_1565,1360373,CCOC(=O)Nc1ccc2c(c1)N(C(=O)C[NH+](CC)CC)c1ccccc1CC2,4,0.352112676056338,1.5836088532210362,0.9987609971344344
1360373_1566,1360373,CCOC(=O)Nc1ccc2c(c1)N(C(=O)CN(CC)CC)c1ccccc1CC2,4,0.3188405797101449,1.7762899538082555,0.9980548846828201
35715808_989,35715808,CC(C)NC(=O)c1cc(-c2ccccc2)n(-c2ccccn2)n1,4,0.4107142857142857,0.9197592076179862,0.999532087300985
49132706_2478,49132706,CC(=O)N1CCN(Cc2nc([O-])cc(C(F)(F)F)n2)C(C)(C)C1,4,0.2753623188405797,2.3839960150974417,0.9975126460765692
49132706_2477,49132706,CC(=O)N1CC[N@H+](Cc2nc(=O)cc(C(F)(F)F)[nH]2)C(C)(C)C1,4,0.3055555555555556,1.6027476407722208,0.9989652593151199
49132706_2476,49132706,CC(=O)N1CCN(Cc2nc(=O)cc(C(F)(F)F)[nH]2)C(C)(C)C1,4,0.28169014084507044,2.0562358814103088,0.998931754718546
36355642_754,36355642,CC(=O)N1CCN(C(=O)c2ccc(-c3ccc(F)cc3)cc2F)CC1,4,0.4375,1.8433187461749567,0.9984861481137575
32071082_478,32071082,Cc1cccc(NC(=O)c2cccnc2N2CCCCC2)[nH+]1,4,0.49056603773584906,1.583996843430879,0.9992375290860026
32071082_477,32071082,Cc1cccc(NC(=O)c2cccnc2N2CCCCC2)n1,4,0.5,1.6141152375221692,0.9992109009887483
232863503_2420,232863503,CC[N@H+]1CC[C@@H](CCNc2ncc(C)c(N(C)C)[nH+]2)CC1,4,0.4482758620689655,1.6738870929663932,0.9987916535185103
232863503_2418,232863503,CC[N@H+]1CC[C@H](CCNc2nc(N(C)C)c(C)c[nH+]2)CC1,4,0.4482758620689655,2.2920517009872756,0.9988804193564208
232863503_2419,232863503,CC[N@H+]1CC[C@H](CCNc2ncc(C)c(N(C)C)n2)CC1,4,0.43859649122807015,1.6005395965115232,0.9989072343735068
104336605_3073,104336605,Cc1c(C(=O)Nc2ccc(CO)cc2)nnn1Cc1ccc(Cl)c(Cl)c1,4,0.3333333333333333,1.6194613301958012,0.9992465806029862
33362309_1374,33362309,COc1ccc(-c2csc3ncnc(Oc4ccc(C)nc4)c23)cc1,4,0.5,1.4831153023285448,0.9994999315577513
3669743_995,3669743,CCc1nnc(NC(=O)Cc2c(C)noc2C)s1,4,0.48148148148148145,0.980497322790999,0.9996542634336626
32063538_251,32063538,Cc1ccc(C(=O)N2CCN(C(=O)NCC(=O)N3CCCC3)CC2)cc1F,4,0.47058823529411764,1.6362512032081526,0.998787051525869
50282202_180,50282202,CCS(=O)(=O)N1CCN(c2ccc(Nc3nc(NC4CC4)c(C(N)=O)c[nH+]3)cc2)CC1,4,0.30612244897959184,4.2310525877137035,0.9936547552025867
50282202_179,50282202,CCS(=O)(=O)N1CCN(c2ccc(Nc3ncc(C(N)=O)c(NC4CC4)n3)cc2)CC1,4,0.32,3.4144219130040554,0.9951031946104876
30020148_1591,30020148,N#CCSCC(=O)NC1CCCCCC1,4,0.3877551020408163,1.7224616106027741,0.9989764576626259
538570_7,538570,COc1ccc(Cl)cc1C(=O)NCCc1ccc(S(=O)(=O)NC(=O)NC2CCCCC2)cc1,4,0.4268292682926829,3.3911276885427037,0.9953164344561052
538570_6,538570,COc1ccc(Cl)cc1C(=O)NCCc1ccc(S(=O)(=O)/N=C(/[O-])NC2CCCCC2)cc1,4,0.4457831325301205,2.7265784419302763,0.9977468163661228
49040700_2243,49040700,Brc1nnc(N2CCC(OC3CCCC3)CC2)s1,4,0.2545454545454545,2.098387237856801,0.9976742698015921
31997330_1254,31997330,C[C@H]1CC[N@H+](Cc2ccc(NC(=O)c3ccccn3)cc2)CC1,4,0.43548387096774194,2.4006653244465372,0.9976906826458315
49125034_2725,49125034,C[C@H]1CC[C@@H](C[NH2+]C2(CCO)CCOCC2)CC1,4,0.44680851063829785,1.76164582138385,0.9981507631991644
82702219_2990,82702219,CCCCN1CCN(C(=O)c2cccc(-c3ccc(CO)cc3)c2)CC1,4,0.6181818181818182,2.444496880750642,0.998061092067095
82702219_2989,82702219,CCCC[NH+]1CCN(C(=O)c2cccc(-c3ccc(CO)cc3)c2)CC1,4,0.5166666666666667,2.0055812125166406,0.9979274351304589
30666181_1305,30666181,Cc1oc(C)c(C(=O)N(C)Cc2ccccc2N2CCOCC2)c1C,4,0.35714285714285715,1.9807412753816194,0.99883936278994
496510_129,496510,Cc1cnc(C(=O)NCCc2ccc(S(=O)(=O)NC(=O)NC3CCCCC3)cc2)cn1,4,0.47368421052631576,2.8168228556306416,0.9971289452864496
496510_128,496510,Cc1cnc(C(=O)NCCc2ccc(S(=O)(=O)/N=C(/[O-])NC3CCCCC3)cc2)cn1,4,0.4935064935064935,2.703760529337111,0.9968871455483064
232861350_2329,232861350,COc1ccc(-c2cc(C(C)(C)C)nc(-c3ncccn3)n2)cc1,4,0.6136363636363636,1.2475495982124962,0.9985515203182981
324135709_2547,324135709,COc1cc2nn(CCC(C)(C)O)cc2cc1NC(=O)c1ccn(C(F)F)n1,4,0.7714285714285715,2.7588423296732145,0.9991479878880756
195031_1336,195031,COc1cccc(N(C)CCC(=O)N2CCC(c3ccc(-c4ccc(N)nc4)cn3)CC2)c1,4,0.36363636363636365,2.308528968845543,0.9977160093831541
195031_1337,195031,COc1cccc(N(C)CCC(=O)N2CCC(c3ccc(-c4ccc(N)[nH+]c4)cn3)CC2)c1,4,0.34408602150537637,2.385229548701368,0.9989045607028505
323968411_137,323968411,C[C@@](O)(C#Cc1ccc2c(c1)N(c1nc(N)[nH+]cc1Cl)CC2)c1nccs1,4,0.21978021978021978,3.0785735333108515,0.9984990420726387
323968411_136,323968411,C[C@@](O)(C#Cc1ccc2c(c1)N(c1nc(N)ncc1Cl)CC2)c1nccs1,4,0.2247191011235955,3.5831851752325994,0.9991898963519671
49138606_2792,49138606,C[N@H+]1CCN(S(=O)(=O)c2ccc(C(F)(F)F)nc2)C(C)(C)C1,4,0.2878787878787879,1.7352532956314366,0.9982000838925941
49138606_2793,49138606,CN1CCN(S(=O)(=O)c2ccc(C(F)(F)F)nc2)C(C)(C)C1,4,0.2894736842105263,1.6100527941654184,0.99746797857339
31618239_2231,31618239,CSc1ccc(CN(CCO)C(=O)CCc2cccc(F)c2)cc1,4,0.2903225806451613,1.763989795888862,0.9985831410593222
49985873_2183,49985873,COc1ncccc1CNc1[nH+]cnc2c1cnn2C,4,0.3484848484848485,2.56768105495988,0.9993812630213059
49985873_2182,49985873,COc1ncccc1CNc1ncnc2c1cnn2C,4,0.4098360655737705,2.7749349541923447,0.9994493091097328
32785616_3658,32785616,CCCCOc1ccc(-c2cc3c(=O)[nH]ccn3n2)cc1,4,0.29333333333333333,2.079144295136888,0.9966425564278507
11841196_1717,11841196,C[N@H+]1CC[C@H](OC(=O)Nc2ccc(Cl)c(Cl)c2)CC1,4,0.3333333333333333,1.3895855497236564,0.9985109896391562
301065487_861,301065487,CCCN(Cc1ccccc1)C(=O)CC1([NH3+])CCC1,4,0.35185185185185186,2.1808259903074387,0.9979461280882719
23808246_1748,23808246,Cn1nc(C2CC2)c2[nH]c(-c3cccc(CN4CCOCC4)c3)nc21,4,0.2948717948717949,2.2186051924579364,0.9989351003340455
23808246_1749,23808246,Cn1nc(C2CC2)c2nc(-c3cccc(C[NH+]4CCOCC4)c3)[nH]c21,4,0.3026315789473684,2.0996202037510137,0.9986998156061966
23808246_1747,23808246,Cn1nc(C2CC2)c2[nH]c(-c3cccc(C[NH+]4CCOCC4)c3)nc21,4,0.2857142857142857,2.391191962181065,0.9981758158749209
49968166_2773,49968166,CN(Cc1ccc(N)[nH+]c1)c1nc2cc(F)ccc2o1,4,0.47058823529411764,2.0839587327968774,0.9982762369554457
49968166_2772,49968166,CN(Cc1ccc(N)nc1)c1nc2cc(F)ccc2o1,4,0.46938775510204084,2.098514712838426,0.9981682178984868
49155634_2175,49155634,COCC1(c2nc(-c3ccncc3)nn2Cc2cccc(Cl)c2)CC1,4,0.26865671641791045,1.1888687900687556,0.9988941974234372
49155634_2176,49155634,COCC1(c2[nH+]c(-c3ccncc3)nn2Cc2cccc(Cl)c2)CC1,4,0.28169014084507044,2.021151651905309,0.9977576313220972
Z1373904915_1734,Z1373904915,CN1CCN(C(=O)c2cc(Br)cnc2Cl)c2cnccc21,4,0.3188405797101449,1.8279225913588475,0.9989181574371168
Z1373904915_1733,Z1373904915,CN1CCN(C(=O)c2cc(Br)cnc2Cl)c2c[nH+]ccc21,4,0.3055555555555556,1.5977916009293163,0.9987118952230761
193781_790,193781,COc1ccc2c(c1)C=C(C[N@H+]1CC[C@H](c3cc(-c4cncnc4)cc(C)n3)CC1)CO2,4,0.3253012048192771,3.1103988490223458,0.9982681542581602
193785_518,193785,COc1ccc2c(c1)C=C(C[N@H+]1CC[C@H](c3cc(-c4ccc(N)nc4)cc(C)[nH+]3)CC1)CO2,4,0.313953488372093,4.0586059182927405,0.9962984278150568
193785_517,193785,COc1ccc2c(c1)C=C(C[N@H+]1CC[C@@H](c3cc(-c4ccc(N)nc4)cc(C)n3)CC1)CO2,4,0.3333333333333333,3.008865899304936,0.9983735096913741
193781_791,193781,COc1ccc2c(c1)C=C(C[N@H+]1CC[C@@H](c3cc(-c4cncnc4)cc(C)[nH+]3)CC1)CO2,4,0.3058823529411765,3.103768999136736,0.9989718033323982
48286431_743,48286431,Cc1nc(-c2ccc(Cl)c(Cl)c2)n(CC(C)(C)O)n1,4,0.36363636363636365,1.233525030147303,0.9991118066628109
48286431_744,48286431,Cc1nn(CC(C)(C)O)c(-c2ccc(Cl)c(Cl)c2)[nH+]1,4,0.3508771929824561,1.5796464794378964,0.9986358178374675
36946295_509,36946295,CNC(=O)c1cnc(/C=C/c2csc(-c3cccs3)n2)s1,4,0.5166666666666667,2.3043886390970463,0.998046097697112
36264533_1808,36264533,O=C(NCCc1cn2c(n1)CCCC2)c1ccccn1,4,0.5245901639344263,1.3043055623584745,0.9997088439870672
36264533_1809,36264533,O=C(NCCc1cn2c([nH+]1)CCCC2)c1ccccn1,4,0.5409836065573771,2.1360280897030064,0.9990806703388163
222760478_2258,222760478,Cc1cnn(CC(=O)NCCCn2cc(Cl)cn2)c1,4,0.5555555555555556,1.524758997350179,0.9995052730203888
31951751_1250,31951751,CC(C)c1csc(NC(=O)C2CCN(c3ncccn3)CC2)n1,4,0.4339622641509434,1.9325509048922467,0.9987913590626416
165195_435,165195,O=C(c1ccc2[nH]ccc2c1)N1CCC[C@H](c2cccc(-c3ccc(F)cc3)[nH+]2)C1,4,0.48,2.253394772337987,0.9986876249868594
165195_434,165195,O=C(c1ccc2[nH]ccc2c1)N1CCC[C@@H](c2cccc(-c3ccc(F)cc3)n2)C1,4,0.5142857142857142,2.1011906148655455,0.9974953556238663
153307_1024,153307,CCn1c(SC)nnc1[C@H]1CC[N@H+](C)CC1,4,0.2857142857142857,1.7154378449831202,0.9996039773459959
29658437_1316,29658437,C#CCNC(=O)c1cc(C(C)C)nn1CC,4,0.32075471698113206,0.6604453043214427,0.9996691992900333
276241705_3297,276241705,Cc1cnc(CNCc2ccccc2CC(C)C)[nH]1,4,0.3392857142857143,1.7639716551016373,0.9984529177198153
276241705_3299,276241705,Cc1c[nH]c(CNCc2ccccc2CC(C)C)n1,4,0.3333333333333333,2.1843033214279832,0.998261311943533
276241705_3296,276241705,Cc1cnc(C[NH2+]Cc2ccccc2CC(C)C)[nH]1,4,0.5,2.4706916035798634,0.9982412361484447
276241705_3300,276241705,Cc1c[nH]c(CNCc2ccccc2CC(C)C)[nH+]1,4,0.3333333333333333,2.3996785201355424,0.9969382878286804
276241705_3298,276241705,Cc1c[nH]c(C[NH2+]Cc2ccccc2CC(C)C)n1,4,0.49019607843137253,2.4418533944524903,0.997651737262356
316762184_3594,316762184,COc1cc2c(cc1OC)-c1[nH]nc(NCc3c(Cl)cccc3Cl)c1C2=O,4,0.26666666666666666,3.267070553263194,0.9992284982077363
316762184_3593,316762184,COc1cc2c(cc1OC)-c1n[nH]c(NCc3c(Cl)cccc3Cl)c1C2=O,4,0.2876712328767123,3.6738255266144826,0.9995422608368386
423170_2297,423170,Cc1ncc(-c2ccccn2)c(CCNC(=O)C2CCCC2)n1,4,0.36507936507936506,1.3464976791661991,0.9993454513428482
32033566_390,32033566,COc1ccccc1CNC(=O)[C@H](C)N1CCCN(c2ccccc2C#N)CC1,4,0.4794520547945205,2.0937385223565426,0.9988748030433361
32033566_391,32033566,COc1ccccc1CNC(=O)[C@@H](C)[N@H+]1CCCN(c2ccccc2C#N)CC1,4,0.49333333333333335,2.002368347732297,0.9992157627875816
416572_2968,416572,COc1ccc(-c2nc(NC(C)C)ncc2-c2ncc[nH]2)cc1,4,0.32786885245901637,2.0444840424912347,0.9988026952865797
416572_2967,416572,COc1ccc(-c2nc(NC(C)C)ncc2-c2[nH]cc[nH+]2)cc1,4,0.296875,1.4949581933954763,0.9993203176726098
139895_550,139895,NC(=O)[C@]1(Cc2ccc(-c3cccnc3)cc2)CC[N@H+](Cc2cccc(Cl)c2)CC1,4,0.5942028985507246,1.033066309585265,0.9994199418663126
139887_1275,139887,COc1cccc(C[N@H+]2CC[C@@](Cc3ccc(-c4cccnc4)cc3)(C(N)=O)CC2)c1,4,0.5915492957746479,1.7794501959872782,0.9993509337435185
27425362_1810,27425362,Cc1cc(C)n(-c2cccc(NC(=O)c3ccc(F)c(F)c3)c2)n1,4,0.43103448275862066,1.6439194019172083,0.9991041914198155
6887028_673,6887028,Cc1cc(N)n(-c2ncnc3sc(C)c(-c4ccc(Cl)cc4)c23)n1,4,0.25,4.093769412167705,0.999303815209599
49863827_59,49863827,Nc1ncnc2c1c(-c1ccc(Oc3ccccc3)cc1)nn2[C@@H]1CCC[NH2+]C1,4,0.4492753623188406,2.717286146138945,0.9983120675367455
49863827_60,49863827,Nc1[nH+]cnc2c1c(-c1ccc(Oc3ccccc3)cc1)nn2[C@@H]1CCC[NH2+]C1,4,0.4647887323943662,3.03412722211839,0.9983163095778346
36951097_1520,36951097,c1ccc(-c2nsc(N3CCCN(c4nccs4)CC3)n2)cc1,4,0.46551724137931033,1.587357237675015,0.9990661452684436
36951097_1521,36951097,c1ccc(-c2ns/c(=[N+]3\CCCN(c4nccs4)CC3)[nH]2)cc1,4,0.36764705882352944,1.7400701135299326,0.9995485557581877
24142070_566,24142070,O=C(Cc1cccc2ccccc12)NCc1nnc2n1-c1ccccc1CC2,4,0.6101694915254238,1.8191585967145893,0.9996612495161409
201873_2218,201873,CCn1ncc(C[N@H+]2CC[C@H](c3nc(N(C)C)ncc3-c3ccc(OC)cc3)CC2)c1C,4,0.32098765432098764,2.86656397102908,0.9986175255290267
201887_898,201887,CCn1cc(C[N@H+]2CC[C@@H](c3nc(N(C)C)ncc3-c3ccc(OC)cc3)CC2)c(C)n1,4,0.3333333333333333,2.684395648930881,0.9978709699018792
177465976_3294,177465976,O=C1CN(C(=O)c2ccc(Cl)cn2)CCN1CCc1ccccc1,4,0.3333333333333333,1.5232842807566496,0.9991990581069492
20593051_1657,20593051,Cc1ccc(CN(C)C(=O)c2cn(Cc3ccccc3F)nn2)cc1,4,0.36065573770491804,1.3072245407733425,0.9983530280457804
25831603_1715,25831603,CC1=NN(c2ccc(F)cc2)C(=O)/C1=C(/C)Nc1ccc(S(N)(=O)=O)cc1,4,0.29577464788732394,2.607949961176042,0.9986966064545102
25831601_460,25831601,COc1ccc(N2N=C(C)[C@@H](/C(C)=N/c3ccc(S(N)(=O)=O)cc3)C2=O)cc1,4,0.2972972972972973,1.8478714782144652,0.9988745209704046
25831603_1716,25831603,CC1=NN(c2ccc(F)cc2)C(=O)[C@H]1/C(C)=N\c1ccc(S(N)(=O)=O)cc1,4,0.2597402597402597,1.3481476180301368,0.9986453044341
25831601_459,25831601,COc1ccc(N2N=C(C)/C(=C(\C)Nc3ccc(S(N)(=O)=O)cc3)C2=O)cc1,4,0.42424242424242425,1.6983715730070328,0.9989694590113237
45636709_95,45636709,O=C(Nc1ccc2ccccc2n1)c1ccc(N2CCOC2=O)cc1,4,0.5517241379310345,1.1849569612435602,0.9992320939999997
30431093_1929,30431093,Cn1ncc2c1CCc1sc(NC(=O)c3cccnc3)nc1-2,4,0.46774193548387094,1.4934416627378304,0.9997127530401397
53827576_3287,53827576,CCN(CC(N)=O)CC(=O)N1c2ccccc2CCc2ccccc21,4,0.32142857142857145,1.6579511452389541,0.998654658473547
31929988_595,31929988,COc1cccc(NC(=O)CNc2cccc(-c3ccnc(C)n3)c2)c1,4,0.5873015873015873,1.8496321255859767,0.9989565139259053
73039342_2766,73039342,CC(=O)c1ccc2c(c1)CC[N@@H+](CCC1OCCO1)CC2,4,0.37735849056603776,1.9193222762214264,0.9993397001552893
48747142_799,48747142,COc1c(C)c[nH+]c(CN(C)S(N)(=O)=O)c1C,4,0.25806451612903225,1.8371230225544675,0.9968046777178396
48747142_798,48747142,COc1c(C)cnc(CN(C)S(N)(=O)=O)c1C,4,0.25,1.519892101433741,0.9987548466034677
415648_3430,415648,CCCOc1c2c(nc3cc(C4CCOCC4)nn13)CCC2,4,0.28378378378378377,2.1312454105520477,0.999182684686368
42768719_202,42768719,CNC(=O)c1cccc(NC(=O)N2CCC(Oc3ccccc3Cl)CC2)c1,4,0.4714285714285714,1.600678606091814,0.9984258373381506
24501994_248,24501994,CCCCNC(=O)c1cccc2ncccc12,4,0.5306122448979592,0.8060297761249142,0.9993457772658039
300764697_1690,300764697,Cc1sc(C)c(C(=O)NC2(c3ccc(C(=O)[O-])cc3)CC2)c1Cc1ccc(C(F)(F)F)cc1,4,0.323943661971831,3.079151668885295,0.9978499234737599
31254852_1627,31254852,CCC(=O)N(C)c1ccccc1C(=O)[O-],4,0.38636363636363635,1.6520735455784186,0.9988185349034989
495451_3316,495451,c1ccc(CC2=[NH+]CCN2)cc1,4,0.28,3.5837808247714973,0.9953168919836237
495451_3317,495451,c1ccc(CC2=NCCN2)cc1,4,0.2727272727272727,1.3592542072767757,0.9993392076162717
32146223_1126,32146223,c1ccc(-c2cc3c(N4CCC(c5[nH]cc[nH+]5)CC4)ncnc3s2)cc1,4,0.3188405797101449,2.0536465129125845,0.999121434057555
32146223_1125,32146223,c1ccc(-c2cc3c(N4CCC(c5ncc[nH]5)CC4)ncnc3s2)cc1,4,0.35384615384615387,2.367790108940584,0.9990694490376142
13484504_1623,13484504,CCc1[nH+]c2ccccc2n1CC(=O)Nc1ncc(C)s1,4,0.45,1.9696334684405765,0.9991718682290052
13484504_1622,13484504,CCc1nc2ccccc2n1CC(=O)Nc1ncc(C)s1,4,0.4576271186440678,2.0327009125786857,0.9995261213691006
177380774_2985,177380774,Cc1cc(C)cc(OCCN(C)C(=O)NCCS(=O)(=O)N(C)C)c1,4,0.5517241379310345,1.6646555199199589,0.9981489361460145
73052466_3708,73052466,CCOC(=O)CCN1CCC=C(Br)C1,4,0.2777777777777778,2.320236625863794,0.9981716689271745
73052466_3707,73052466,CCOC(=O)CC[N@@H+]1CCC=C(Br)C1,4,0.26785714285714285,0.5765544206753688,0.9994047724192675
16154631_3684,16154631,O=c1c(=O)n(-c2ccc(F)c(F)c2)ccn1Cc1ccccc1Cl,4,0.625,1.1695469208200984,0.9989917557065354
2890746_1514,2890746,O=C(Cc1ccc2ccccc2c1)NCCc1[nH]c2ccccc2[nH+]1,4,0.4067796610169492,1.4992851630025987,0.9983907600924921
2890746_1513,2890746,O=C(Cc1ccc2ccccc2c1)NCCc1nc2ccccc2[nH]1,4,0.41379310344827586,2.050798868733872,0.9984418421036477
31378111_1219,31378111,CN(Cc1cnn(C)c1)C(=O)c1ccccc1-c1ccccc1C#N,4,0.4375,1.7458436356100224,0.998675282420728
5514552_207,5514552,O=C(c1sc(N2CCOCC2)nc1-c1ccccc1)N1CCCCC1,4,0.3709677419354839,1.9330072426146305,0.9992151000874503
5514558_3582,5514558,O=C(Nc1ccccc1)c1sc(N2CCOCC2)nc1-c1ccccc1,4,0.5714285714285714,1.8509600211781752,0.9991968983079667
322812_3285,322812,O[C@]1(c2cccnc2F)CC[N@H+](Cc2ccc(-c3ccc(F)cc3)o2)CC1,4,0.3582089552238806,1.8939324169570964,0.9990436220979267
322812_3286,322812,OC1(c2cccnc2F)CCN(Cc2ccc(-c3ccc(F)cc3)o2)CC1,4,0.3582089552238806,1.6415931286404604,0.998984264746793
60174709_3531,60174709,Nc1nc2cccc(OC[C@H]3CC[N@H+](Cc4c(Cl)cccc4Cl)CC3)c2c(N)[nH+]1,4,0.3389830508474576,3.6941534889605925,0.9938264564102871
60174709_3529,60174709,Nc1nc(N)c2c(OC[C@H]3CC[N@H+](Cc4c(Cl)cccc4Cl)CC3)cccc2[nH+]1,4,0.3389830508474576,3.3954796421124147,0.9952392241379033
60174709_3530,60174709,Nc1nc(N)c2c(OC[C@H]3CC[N@H+](Cc4c(Cl)cccc4Cl)CC3)cccc2n1,4,0.3157894736842105,2.892984963666385,0.995804273508861
45689545_1958,45689545,N#CCN(C(=O)c1cn(-c2ccc(Br)cc2)cn1)C1CC1,4,0.2916666666666667,1.2176781183877219,0.999410530978132
43245209_1812,43245209,O=C([O-])c1c2ccccc2nn1Cc1ccccc1,4,0.3584905660377358,1.5006185391364752,0.9989542578897417
3686549_1673,3686549,Cc1c(C(=O)N2CCC(C(=O)Nc3ccc4c(c3)OCO4)CC2)oc2c(F)cccc12,4,0.34177215189873417,2.248059385336476,0.9989992234577523
177485348_2597,177485348,O=C(CN1CCCC1=O)NCC1(CO)CCCC1,4,0.4528301886792453,1.2757672201459551,0.9988728409765728
2047138_746,2047138,CC(=O)Nc1cccc(OC(=O)N2CCOCC2)c1,4,0.5192307692307693,1.5958787547932154,0.9981926342303906
50132153_1268,50132153,CCc1ccc(S(=O)(=O)NCc2ccnc(N3CCCC3)n2)cc1,4,0.31746031746031744,1.868798009416707,0.9988182866001856
50132153_1269,50132153,CCc1ccc(S(=O)(=O)[N-]Cc2ccnc(N3CCCC3)n2)cc1,4,0.31746031746031744,2.417994003301074,0.9974251374153345
317396814_2076,317396814,Cc1ccc(-c2ccnc([O-])c2C#N)cc1,4,0.34782608695652173,2.518110402663076,0.9983762731251682
317396814_2075,317396814,Cc1ccc(-c2cc[nH]c(=O)c2C#N)cc1,4,0.35714285714285715,1.7311377761460887,0.998512379425416
205729567_3697,205729567,Cc1cc(F)ccc1S(=O)(=O)N1CCCc2c[nH+]c(N3CCOCC3)nc21,4,0.6507936507936508,2.021606044707859,0.9979544726417157
205729567_3696,205729567,Cc1cc(F)ccc1S(=O)(=O)N1CCCc2cnc(N3CCOCC3)nc21,4,0.6451612903225806,2.423632810472842,0.9984845649871927
11964390_252,11964390,COC(=O)c1c(C)[nH]c(C(=O)N(C)Cc2ccc(OC)c(F)c2)c1C,4,0.5084745762711864,1.6475348251257316,0.9992538855854867
177370206_3344,177370206,Cc1cc(C)n2nc(C)c(C(=O)NCCc3nnc(C)s3)c2n1,4,0.5714285714285714,1.5661813432679568,0.9992938251853715
177469670_2314,177469670,Cc1cc(C(F)(F)F)nc(CCNC(=O)N(C)Cc2c(C)noc2C)n1,4,0.40625,1.6134559182078079,0.9986745178067253
27429921_447,27429921,Cc1nc(C(C)C)sc1C(=O)Nc1nc(C(C)(C)C)cs1,4,0.4897959183673469,1.3196275989835338,0.9992646462503941
32131885_1686,32131885,CC(C)(C)[N@@H+]1CCCN(C(=O)CNc2ccc(C#N)cc2)CC1,4,0.4528301886792453,1.8661395982079967,0.9981098708399875
43033977_461,43033977,c1ccc(OCc2cc(CC3(NCc4cnc5ccccc5c4)COC3)no2)cc1,4,0.29577464788732394,1.5565754077460703,0.9995224907672363
43033977_462,43033977,c1ccc(OCc2cc(CC3([NH2+]Cc4cnc5ccccc5c4)COC3)no2)cc1,4,0.2857142857142857,1.6803469879758346,0.9987627113741909
104336618_2612,104336618,CN1CCC[n+]2c1cc(OCc1cc(F)c(Oc3ccc(C(F)(F)F)nc3)c(F)c1)[nH]c2=O,4,0.5714285714285714,2.232829147068484,0.9984485540013536
48759010_659,48759010,Cc1ncccc1CNc1[nH+]nc(C(C)(C)C)s1,4,0.41509433962264153,1.0570009460734828,0.9990434404366265
48759010_658,48759010,Cc1ncccc1CNc1nnc(C(C)(C)C)s1,4,0.43137254901960786,1.1914625466208872,0.9994878190630891
31323694_1382,31323694,Cc1nnc(NCc2cccnc2)c2ccccc12,4,0.4888888888888889,0.9428255405959479,0.9993338483147662
33339849_1556,33339849,CCCn1c(=O)n(Cc2ccc(C#N)cc2F)c2ccccc21,4,0.42592592592592593,1.7359357707012675,0.9986903923483602
48752280_1002,48752280,O=C1CCC(=O)N1CCN1CCCCc2ccccc21,4,0.4444444444444444,1.4780074424708818,0.9992305226552768
48613628_326,48613628,COc1ccccc1C(=O)NCc1nc(N2CCCCC2)cc(C)[nH+]1,4,0.3625,2.5196152484061383,0.9980243079783748
48613632_324,48613632,Cc1cc(N2CCCCC2)nc(CNC(=O)c2ccccc2Cl)[nH+]1,4,0.373134328358209,2.488212611494599,0.9976691111608879
48613628_325,48613628,COc1ccccc1C(=O)NCc1nc(C)cc(N2CCCCC2)n1,4,0.3717948717948718,1.605114326145864,0.9984785124926439
48613632_323,48613632,Cc1cc(N2CCCCC2)nc(CNC(=O)c2ccccc2Cl)n1,4,0.36363636363636365,1.577085920296991,0.99877265948959
44113727_3683,44113727,Cc1ccc(CC(=O)NCc2cccc(C(=O)Nc3ccccc3)c2)cc1,4,0.39285714285714285,1.4906847419895013,0.9980922616152944
228285_1884,228285,CCn1nccc1-c1cc(CC2CC[NH2+]CC2)ncn1,4,0.3728813559322034,1.2459526475749454,0.9992055373310614
68918136_2600,68918136,CCOCCNC(=O)c1cccc(-c2cc(F)ccc2OC)c1,4,0.4782608695652174,1.5926138891774353,0.9988472387655111
300964829_3619,300964829,Cn1cc(-c2ccnc(/C=C/c3ccc(F)cc3Br)n2)cn1,4,0.2911392405063291,2.2873567714722656,0.9980928056775255
44811774_2492,44811774,C[C@@H]1C[N@@H+](Cc2ccccc2)C[C@H]1c1nc2c(cnn2C2CCOCC2)c(=O)[nH]1,4,0.32432432432432434,3.084241073587163,0.9991294246677148
44811774_2493,44811774,C[C@@H]1C[N@H+](Cc2ccccc2)C[C@H]1c1nc(=O)c2cnn(C3CCOCC3)c2[nH]1,4,0.30666666666666664,3.2376346304057306,0.9993050685068953
44811418_9,44811418,CC(C)NC(=O)COc1cccc(-c2nc(Nc3ccc4[nH]ncc4c3)c3ccccc3[nH+]2)c1,4,0.35526315789473684,2.6270262655703167,0.9984289959715519
44811418_8,44811418,CC(C)NC(=O)COc1cccc(-c2nc(Nc3ccc4[nH]ncc4c3)c3ccccc3n2)c1,4,0.3424657534246575,3.59455769184438,0.9980087253548265
232885372_2850,232885372,Cc1[nH]c(C[N@H+]2CC[C@H](CNC(=O)COc3ccccc3Cl)CC2)c[nH+]1,4,0.32142857142857145,2.408993565786188,0.997613081194393
232885372_2849,232885372,Cc1ncc(C[N@H+]2CC[C@H](CNC(=O)COc3ccccc3Cl)CC2)[nH]1,4,0.4189189189189189,2.237280715511693,0.9989522804969441
232885372_2848,232885372,Cc1nc(C[N@H+]2CC[C@H](CNC(=O)COc3ccccc3Cl)CC2)c[nH]1,4,0.41333333333333333,2.337369889427151,0.9984739484310412
48306804_2959,48306804,Cc1ccc(O)c(CN2CCC(c3nc4ccccc4o3)CC2)n1,4,0.4225352112676056,1.7573326378350584,0.9985855351677015
48306804_2958,48306804,Cc1ccc([O-])c(C[N@H+]2CC[C@H](c3nc4ccccc4o3)CC2)n1,4,0.3972602739726027,3.230416381830508,0.9982084718802708
48306804_2955,48306804,Cc1ccc(O)c(C[N@H+]2CC[C@H](c3nc4ccccc4o3)CC2)n1,4,0.4166666666666667,1.9398095267316893,0.9992935609954237
48306804_2956,48306804,Cc1ccc([O-])c(C[N@H+]2CC[C@H](c3nc4ccccc4o3)CC2)[nH+]1,4,0.40540540540540543,2.0553992312934395,0.9973943836793484
48306804_2957,48306804,Cc1ccc([O-])c(CN2CCC(c3nc4ccccc4o3)CC2)[nH+]1,4,0.3918918918918919,1.904638548386818,0.9984899548043565
344474_3087,344474,CC(C)N(C(=O)Cn1cccc2cc(-c3ccco3)[nH+]c1-2)C(C)C,4,0.2753623188405797,1.9777158542119229,0.9990217421002336
42923335_375,42923335,Cc1cc(NC(=O)C2CCOCC2)sn1,4,0.34,1.2680973937364324,0.9996584491662287
1373175_1631,1373175,Cc1ccccc1N(CC(=O)N(C)C)S(C)(=O)=O,4,0.30612244897959184,1.5621289959539646,0.9982657440108605
552358_2097,552358,C[NH+](C)CCNc1c2c(c(C#N)c3nc4ccccc4n13)CCCC2,4,0.28,2.5676380196592885,0.998882538994524
552358_2096,552358,C[NH+](C)CCNc1c2c(c(C#N)c3[nH+]c4ccccc4n13)CCCC2,4,0.28,3.6864987454224316,0.9983802577865305
48250318_2278,48250318,C#CCNC(=O)N(Cc1ccccc1F)C1CCOCC1,4,0.3424657534246575,2.0228005339132897,0.9989781904497632
177465521_2328,177465521,Cc1ccc(-c2ccc(N(C)CCO)nn2)c(-n2cccn2)c1,4,0.323943661971831,1.564350024770954,0.9992256407415202
29659409_985,29659409,Cn1cc(C[N@@H+](C)Cc2cccc(C#N)c2)cn1,4,0.37037037037037035,0.9912779630357225,0.9990418667892929
49936164_820,49936164,CN(Cc1ccncc1)Cc1cc2ccccc2[nH]c1=O,4,0.3442622950819672,1.099367545454762,0.9989662379180472
49936164_819,49936164,C[N@@H+](Cc1ccncc1)Cc1cc2ccccc2[nH]c1=O,4,0.28846153846153844,1.330748285740278,0.9994925226544006
48923065_3464,48923065,COc1ccc(C(=O)N2CCN(C(=O)/C=C/c3ccc(Br)cc3)CC2)cc1,4,0.3584905660377358,1.5603025347667736,0.9987785194694949
222782930_2260,222782930,CN(CCCC1CCCC1)Cc1cc(=O)[nH]c(=O)[nH]1,4,0.3888888888888889,2.0702801742759958,0.9988561355559086
222782930_2259,222782930,C[N@@H+](CCCC1CCCC1)Cc1cc(=O)[nH]c(=O)[nH]1,4,0.35185185185185186,2.999051350010597,0.9963225215202497
36259510_1599,36259510,COCCNc1ncnc2ccsc12,4,0.44,1.6732136743411516,0.9994591458830914
36259510_1600,36259510,COCCNc1nc[nH+]c2ccsc12,4,0.46153846153846156,2.4903188550867683,0.999122945283177
43657158_654,43657158,C[NH+](C)C1(CNC(=O)N2CCCC(C)(C)CC2)CCOCC1,4,0.5084745762711864,2.380699267022193,0.9993632744975224
50613596_2522,50613596,CCCNC(=O)C1([NH2+]Cc2csnn2)CCCCC1,4,0.6,2.0085985163792333,0.998517459520611
50613596_2521,50613596,CCCNC(=O)C1(NCc2csnn2)CCCCC1,4,0.5882352941176471,1.9256915640877663,0.9986909531740534
300095105_3409,300095105,Cc1cncc(C[NH+]2CCC(=C3c4ccc(Cl)cc4CCc4cccnc43)CC2)c1,4,0.2535211267605634,2.635096962163035,0.998448511580898
300095105_3410,300095105,Cc1cncc(CN2CCC(=C3c4ccc(Cl)cc4CCc4cccnc43)CC2)c1,4,0.2571428571428571,1.521442736352018,0.9991051100305697
2858011_766,2858011,CC(C)Cn1cnc2c1c(=O)[nH]c(=O)n2CC(C)C,4,0.47058823529411764,1.6626045831765621,0.9995922881227277
2858011_767,2858011,CC(C)Cn1c[nH+]c2c1c(=O)[nH]c(=O)n2CC(C)C,4,0.47058823529411764,1.2678458108152268,0.9992958094766033
11010047_1708,11010047,Cc1nc2ccccc2n1Cc1ccc(C(=O)[O-])cc1,4,0.3484848484848485,2.4221684499639187,0.9966507660844747
11010047_1709,11010047,Cc1[nH+]c2ccccc2n1Cc1ccc(C(=O)[O-])cc1,4,0.3484848484848485,3.028513331653094,0.9947906476571545
27513231_762,27513231,Nc1nnc(-c2ccc3c(c2)OCCO3)o1,4,0.5454545454545454,2.295104572780938,0.9975518880977848
43079475_474,43079475,Cc1nccc(-c2cccc(-n3ccnc3C(C)C)c2)n1,4,0.38095238095238093,1.5374049564118981,0.9990431281952032
43079475_475,43079475,Cc1nccc(-c2cccc(-n3cc[nH+]c3C(C)C)c2)n1,4,0.36363636363636365,1.7799511229244482,0.9987890125356933
LN01309001_2973,LN01309001,CCCc1cc(C)[nH]c(=O)c1CNC(=O)c1cc(-c2ccc(N3CC[NH+](C(C)C)CC3)nc2)cc2c1cnn2C(C)C,4,0.3153153153153153,5.156554372834449,0.9980636470650057
LN01309001_2974,LN01309001,CCCc1cc(C)[nH]c(=O)c1CNC(=O)c1cc(-c2ccc(N3CC[NH+](C(C)C)CC3)[nH+]c2)cc2c1cnn2C(C)C,4,0.30701754385964913,5.274205911793506,0.9966226190992143
49945104_3324,49945104,Cc1nn(C)c2ncc(CNc3ccon3)cc12,4,0.3709677419354839,1.9615585640001358,0.9992989203105094
48247166_318,48247166,CNC(=O)c1ccc(N(C)C2CCC2)nn1,4,0.34615384615384615,0.9579436309093827,0.9984791892717003
23280366_2136,23280366,COc1ccc(CC(=O)N2CCc3[nH]c4ccc(Cl)cc4c3C2)cc1OC,4,0.4657534246575342,1.8081755998791722,0.9990572685945076
49953992_2683,49953992,CN1CCc2ccc(C(=O)NCCC(=O)Nc3cccnc3)cc21,4,0.3939393939393939,2.573071316539244,0.9989065848690108
49934036_2463,49934036,CC(C)c1cc(N(C)Cc2nnc(C3CC3)[nH]2)n[nH]1,4,0.2777777777777778,2.025042221781143,0.9993982076733122
49934036_2464,49934036,CC(C)c1cc(N(C)Cc2nnc(C3CC3)[nH]2)[nH]n1,4,0.25,1.7897186929792621,0.9996167903716933
36268414_1569,36268414,Cc1nccc(-c2cccc(NCc3cc(C)on3)c2)n1,4,0.5254237288135594,1.2819348657400358,0.9991271048938881
1520446_452,1520446,Cc1ccc2[nH]c(-c3ccc(N(C)C)cc3)[nH+]c2c1,4,0.4166666666666667,1.9727234981110766,0.9977284781650895
1520446_450,1520446,Cc1ccc2nc(-c3ccc(N(C)C)cc3)[nH]c2c1,4,0.425531914893617,1.2946570974582923,0.9989870270741986
1520446_451,1520446,Cc1ccc2[nH]c(-c3ccc(N(C)C)cc3)nc2c1,4,0.4166666666666667,1.263148843168902,0.9992983452894837
44107241_363,44107241,O=C(CCCc1nnc(-c2ccccc2)o1)Nc1cccc2ccccc12,4,0.36231884057971014,1.094383844909899,0.9990117488418874
53882277_1387,53882277,O=c1c2c(nc3ccccn13)CCN(S(=O)(=O)C1CCCCC1)C2,4,0.34782608695652173,1.7253808275275233,0.9989390668549893
53882277_1386,53882277,O=c1c2c([nH+]c3ccccn13)CCN(S(=O)(=O)C1CCCCC1)C2,4,0.34782608695652173,2.9682211844806035,0.9938885246703385
29963741_1792,29963741,Cc1cc2occ(CC(=O)N[C@H]3CC[N@H+](C)CC3)c2cc1C(C)C,4,0.43333333333333335,2.126748927353322,0.9988228724492825
42924873_492,42924873,O=C(NCCCn1ccnc1)N1CCC12CCC2,4,0.2786885245901639,1.8314436928281854,0.9983085063423097
42924873_493,42924873,O=C(NCCCn1cc[nH+]c1)N1CCC12CCC2,4,0.27419354838709675,2.542151647718872,0.9982323528209134
784983_2163,784983,O=C([O-])c1cc(/N=N/c2ccc(S(=O)(=O)/N=c3/cccc[nH]3)cc2)ccc1[O-],4,0.25675675675675674,3.999779243908361,0.9960945281779325
784983_2164,784983,O=C([O-])C1=C/C(=N/Nc2ccc(S(=O)(=O)/N=c3\cccc[nH]3)cc2)C=CC1=O,4,0.2894736842105263,2.285204586027312,0.9978232923510373
784983_2165,784983,O=C([O-])c1cc(/N=N/c2ccc(S(=O)(=O)/N=c3\cccc[nH]3)cc2)ccc1O,4,0.25675675675675674,1.7989663698915443,0.9984125543333152
784983_2166,784983,O=C(O)c1cc(/N=N/c2ccc(S(=O)(=O)/N=c3\cccc[nH]3)cc2)ccc1[O-],4,0.273972602739726,2.0666400267097638,0.9991084812459391
43881116_2813,43881116,Cc1ccc2[nH+]c(CN(C)Cc3cccc(Cl)c3Cl)cc(=O)n2c1,4,0.4827586206896552,1.3348288279774734,0.9989269099909438
43881116_2814,43881116,Cc1ccc2[nH+]c(C[N@@H+](C)Cc3cccc(Cl)c3Cl)cc(=O)n2c1,4,0.4827586206896552,1.0314475265364194,0.9992232928133886
177427275_2987,177427275,O=c1c2c(C(F)(F)F)cccc2ncn1CCc1ncc[nH]1,4,0.31746031746031744,1.48577589158035,0.9984979937312033
177461018_2762,177461018,Cc1cccc2ncn(CCc3ncc[nH]3)c(=O)c12,4,0.3492063492063492,1.510073508144765,0.9994536612302211
177461018_2763,177461018,Cc1cccc2ncn(CCc3[nH]cc[nH+]3)c(=O)c12,4,0.3384615384615385,0.987841586490566,0.9993107333128056
177427275_2988,177427275,O=c1c2c(C(F)(F)F)cccc2ncn1CCc1[nH]cc[nH+]1,4,0.3076923076923077,1.7713873094273214,0.9985011720964057
49156244_1351,49156244,CCCCn1nc(-c2ccc(C)o2)nc1C[NH2+]C,4,0.22727272727272727,1.2258083047519615,0.9993949478569139
49156244_1350,49156244,CCCCn1nc(-c2ccc(C)o2)nc1CNC,4,0.24615384615384617,1.1274617510144926,0.9996554530324093
49064812_2998,49064812,CC(C)=CCOc1cccc(C(=O)NN2CCOCC2)c1,4,0.32894736842105265,1.8811065892181689,0.9983441324614838
4338859_3579,4338859,c1ccc2c(c1)nnn2Cc1ccc2c(c1)OCO2,4,0.37037037037037035,1.273777845622779,0.9995271674757781
231817334_1055,231817334,CSc1ncccc1C(=O)Nc1ccc(N2CCCCC2=O)cc1,4,0.5,1.5642445460986005,0.9990997873674529
32132063_221,32132063,Cc1occc1C(=O)NCC(=O)Nc1nc2cc(Cl)ccc2n1C,4,0.31343283582089554,3.2319156857819893,0.9987417781830547
32132063_222,32132063,Cc1occc1C(=O)NCC(=O)Nc1[nH+]c2cc(Cl)ccc2n1C,4,0.2898550724637681,3.811902674518545,0.9992630286863357
73045134_2881,73045134,CC(=O)c1ccc2c(c1)CC[N@H+](CC1CCC3(CC1)OCCO3)CC2,4,0.36507936507936506,1.8688887072264762,0.9983290864471985
11479585_1961,11479585,CC(C)(C)OC(=O)NCc1ccc(C(=[NH2+])NC(=O)OCc2ccccc2)cc1,4,0.3157894736842105,2.994072644409303,0.9958242716736141
37038179_1011,37038179,CC(C)(C)c1ccc(C2=NC3(CCNCC3)NC2=O)cc1,4,0.42105263157894735,1.705778707804731,0.9987047777274907
37038179_1010,37038179,CC(C)(C)c1ccc(C2=NC3(CC[NH2+]CC3)NC2=O)cc1,4,0.41379310344827586,2.330380011929596,0.9990130910311972
313516125_3618,313516125,N#Cc1c(C2CC2)[nH]c(SCc2cccc(F)c2F)nc1=O,4,0.25,0.8526253573517828,0.9993088012097243
48210000_587,48210000,CC[N@H+]1CC[C@H](Nc2[nH+]cnc3c2cnn3C)CC1,4,0.6111111111111112,2.238853947893525,0.9981139057263148
48210000_586,48210000,CC[N@H+]1CC[C@H](Nc2ncnc3c2cnn3C)CC1,4,0.5961538461538461,2.175496724888372,0.9988718586197326
48373672_2333,48373672,[O-]/N=C1/CCCc2c1cnc1[nH+]cnn21,4,0.36538461538461536,1.4777814452753664,0.9989692161094922
48373672_2332,48373672,[O-]/N=C1/CCCc2c1cnc1ncnn21,4,0.3673469387755102,1.1223270468096382,0.9993318963067851
50283565_3111,50283565,c1cc(Nc2cc(C3CC3)n[nH]2)nc(Nc2ccc3[nH]cnc3c2)n1,4,0.3508771929824561,5.674539981355371,0.998790250317682
50283565_3109,50283565,c1nc2ccc(Nc3nc(Nc4cc(C5CC5)[nH]n4)cc[nH+]3)cc2[nH]1,4,0.3620689655172414,4.401033969421833,0.9995941010699495
50283565_3112,50283565,c1nc2ccc(Nc3nc(Nc4cc(C5CC5)n[nH]4)cc[nH+]3)cc2[nH]1,4,0.3559322033898305,4.913049155056522,0.9994143990034868
50283565_3107,50283565,c1cc(Nc2cc(C3CC3)[nH]n2)nc(Nc2ccc3[nH]cnc3c2)n1,4,0.35714285714285715,5.634793962515329,0.9988491420141185
50283565_3106,50283565,c1cc(Nc2cc(C3CC3)[nH]n2)nc(Nc2ccc3nc[nH]c3c2)n1,4,0.35714285714285715,5.4417393359112545,0.9988107044724579
50283565_3110,50283565,c1nc2cc(Nc3nc(Nc4cc(C5CC5)[nH]n4)cc[nH+]3)ccc2[nH]1,4,0.3620689655172414,4.775727693242465,0.9994625918544601
50283565_3108,50283565,c1cc(Nc2cc(C3CC3)n[nH]2)nc(Nc2ccc3nc[nH]c3c2)n1,4,0.3508771929824561,5.173376363652681,0.9989779835045592
233697_2210,233697,Cc1cncc([C@H]2CC[N@H+](Cc3cnccn3)CC2)n1,4,0.5384615384615384,1.962122065520051,0.9992620162113819
233697_2211,233697,Cc1cncc(C2CCN(Cc3cnccn3)CC2)n1,4,0.38596491228070173,1.7316021483006354,0.9992483256789435
31835712_1548,31835712,Cc1cc2[nH+]cn(CC(=O)NC(C)(C)C)c2cc1C,4,0.3728813559322034,1.685938907552878,0.9989551224164017
31835712_1547,31835712,Cc1cc2ncn(CC(=O)NC(C)(C)C)c2cc1C,4,0.3728813559322034,1.4753457221951196,0.9995568061313348
43133355_765,43133355,CCc1ccccc1NC(=O)CCn1cc[nH+]c1-c1ccc2c(c1)OCO2,4,0.3783783783783784,2.30210164849421,0.9984841786237445
49943582_1594,49943582,CC[C@H](Nc1cnn(C)c1)c1ccc2c(c1)OCCO2,4,0.3225806451612903,1.5287645338636497,0.9988021632744407
44579402_2991,44579402,O=C(Nc1cnc2ccccc2n1)c1ccncc1,4,0.42857142857142855,1.297140316235033,0.9995730211109867
48347951_2144,48347951,O=C(Nc1ccc2sccc2c1)N1CCCN(C(=O)Oc2ccccc2)CC1,4,0.3382352941176471,1.4841145508348552,0.9990942371450932
313520210_2551,313520210,C[C@H](c1nc2c(cnn2C2CCOCC2)c(=O)[nH]1)N1CC(Oc2ccccc2)C1,4,0.3037974683544304,3.159831957557478,0.9995176497195865
313520210_2552,313520210,C[C@H](c1nc(=O)c2cnn(C3CCOCC3)c2[nH]1)N1CC(Oc2ccccc2)C1,4,0.2875,3.1100495172909586,0.9993403597806766
232865232_3373,232865232,COc1cccc(Oc2ccc(NC(=O)CN3CCCCC3=O)cn2)c1,4,0.4461538461538462,2.0152272824674253,0.9989393109585023
232833340_2313,232833340,COc1cccc(Oc2ccc(NC(=O)CN3CCOCC3)cn2)c1,4,0.40298507462686567,1.5970062617285619,0.9989875090746487
300636138_1145,300636138,CC(C)(C)Sc1c(CC(C)(C)C(=O)[O-])n(Cc2ccc(Cl)cc2)c2ccc(OCc3ccc4ccccc4n3)cc12,4,0.2727272727272727,6.546418333715217,0.9975220676453878
157255_1401,157255,Cc1nc(NC2CCCC2)cc(CC2CCN(S(=O)(=O)c3c(C)noc3C)CC2)[nH+]1,4,0.3142857142857143,1.2782847882998716,0.9993042626630999
157255_1402,157255,Cc1nc(CC2CCN(S(=O)(=O)c3c(C)noc3C)CC2)cc(NC2CCCC2)n1,4,0.29850746268656714,3.0382945874289553,0.9989273015082922
82721257_2546,82721257,O=C(NCc1nnc(-c2cnccn2)[nH]1)C1Cc2ccccc2C1,4,0.4166666666666667,3.9946544281074874,0.9987382937675608
82717689_2636,82717689,NCCOc1cccc(CC(=O)N2CCCN(C(=O)C3CCC3)CC2)c1,4,0.625,1.9327001836807285,0.9982951092224722
82717689_2635,82717689,[NH3+]CCOc1cccc(CC(=O)N2CCCN(C(=O)C3CCC3)CC2)c1,4,0.625,2.1977461181854583,0.9977971546519906
294504_1443,294504,CC(C)(C)NC(=O)Cn1nc(C(c2ccccc2)c2ccccc2)oc1=O,4,0.29508196721311475,1.5750596814086812,0.9992901062517006
31406035_3176,31406035,CN1CCNc2[nH+]c3ccccc3nc21,4,0.3829787234042553,1.5576796846593421,0.9975986508461588
31406035_3175,31406035,CN1CCNc2nc3ccccc3nc21,4,0.375,1.3945339723360561,0.9993151843150496
35785818_2155,35785818,O=C(Nc1ccc(F)cc1)c1cc(C2CC2)nn1-c1ccccc1,4,0.4909090909090909,1.0076452748868125,0.9994807475482309
3434817_612,3434817,Cc1ccc2c(CC(=O)NCc3cccs3)coc2c1,4,0.46551724137931033,1.622064733604515,0.9993703482493891
29686205_476,29686205,CN(Cc1cnn(C)c1)c1ncnc2c1oc1ccccc12,4,0.359375,1.912224620697031,0.9992038466111915
31507610_2158,31507610,Cn1cc(-c2ccc3nnc(C(F)(F)c4ccc5ncccc5c4)n3n2)cn1,4,0.2894736842105263,2.4602329158032297,0.9995827429475217
49925402_3097,49925402,NC(=O)c1csc(C[N@H+]2CCc3cc(F)ccc3C2)c1,4,0.3235294117647059,1.280990241961543,0.9989678831524358
49925402_3098,49925402,NC(=O)c1csc(CN2CCc3cc(F)ccc3C2)c1,4,0.3283582089552239,1.88615243286414,0.9971811762700987
222773330_2641,222773330,CCn1cnnc1CN(C)C1CCN(c2ccccc2F)CC1,4,0.34328358208955223,1.6052314474864158,0.9979726653363219
222774264_3103,222774264,CN(Cc1nncn1C)C1CCN(c2ccccc2F)CC1,4,0.3114754098360656,1.7352391765978215,0.9980800782755728
222773330_2640,222773330,CCn1cnnc1C[N@H+](C)C1CCN(c2ccccc2F)CC1,4,0.3283582089552239,1.2688940066054426,0.9987439559728208
222774264_3102,222774264,Cn1cnnc1C[N@H+](C)C1CCN(c2ccccc2F)CC1,4,0.31666666666666665,1.9457044996607185,0.9986695585883886
44447021_1909,44447021,Cc1ccc(N2CCN(C(=O)c3c(C)[nH+]c4sccn34)CC2=O)cc1,4,0.44776119402985076,1.9566586314425038,0.9985175964901463
44447021_1910,44447021,Cc1ccc(N2CCN(C(=O)c3c(C)nc4sccn34)CC2=O)cc1,4,0.47692307692307695,1.616485694338216,0.9987039534200544
29601204_1200,29601204,CCCNC(=O)c1ccnc(N(C)C)c1,4,0.5111111111111111,0.7350387744877058,0.9993254346358872
36924312_456,36924312,O=C1CNC(=O)N1CCC[N@H+]1CCc2sccc2C1,4,0.31343283582089554,1.7524126226438232,0.9995721643259006
43195213_695,43195213,CCc1ccc(-c2nccn2Cc2c(C)nn(CC)c2C)o1,4,0.3387096774193548,1.7569225936280362,0.9988621764550587
43195213_694,43195213,CCc1ccc(-c2[nH+]ccn2Cc2c(C)nn(CC)c2C)o1,4,0.359375,3.8337275594381857,0.9995845013791327
49953010_2720,49953010,Cc1nc(NCCN2C(=O)CCC2=O)c2c(C)csc2n1,4,0.4423076923076923,1.403737154883577,0.9996597010325863
49953010_2721,49953010,Cc1nc(NCCN2C(=O)CCC2=O)c2c(C)csc2[nH+]1,4,0.42592592592592593,2.9577723036097883,0.9995238802956512
35743833_570,35743833,CNC(=O)c1ccc(CN(C)c2c(F)cc(C#N)cc2F)cc1,4,0.375,1.5817123632316867,0.9958046881058334
50354657_2424,50354657,Cc1ccc(=O)n(CCOc2cc(F)cc(Br)c2)n1,4,0.6078431372549019,1.0419285004258718,0.9987589637277298
2258308_1899,2258308,O=C(Nc1nc2ccccc2[nH]1)c1ccncc1,4,0.5217391304347826,2.0081274859925915,0.9991324084257088
27448206_3723,27448206,O=C(Nc1nc2ccccc2[nH]1)c1ccc(-n2cccc2)cc1,4,0.47058823529411764,2.568047312648584,0.9990715442126227
27448206_3724,27448206,O=C(Nc1[nH]c2ccccc2[nH+]1)c1ccc(-n2cccc2)cc1,4,0.47058823529411764,2.9273546078329806,0.9981061562753213
2258308_1900,2258308,O=C(Nc1[nH]c2ccccc2[nH+]1)c1ccncc1,4,0.5106382978723404,2.0483998633078744,0.9993907223411888
310422_3011,310422,COCC[N@H+]1CCOc2nc3c(C)cccc3cc2C1,4,0.3389830508474576,1.5272455598233536,0.9988944423515185
310422_3010,310422,COCCN1CCOc2nc3c(C)cccc3cc2C1,4,0.3389830508474576,1.1814876216027483,0.9997379526831792
36308604_311,36308604,O=C(c1ccc2c(c1)OCO2)N1CCC(c2nnc(C3CC3)[nH]2)CC1,4,0.5094339622641509,1.863239651789059,0.9990458636786993
20536111_2658,20536111,O=C(CC1c2ccccc2CCc2ccccc21)NCCN1CCOCC1,4,0.3157894736842105,0.9624588302889384,0.9995035100648667
20536111_2657,20536111,O=C(CC1c2ccccc2CCc2ccccc21)NCC[NH+]1CCOCC1,4,0.3389830508474576,2.287246816589784,0.9978266882527727
1321458_662,1321458,COc1cc(Br)c(Nc2nc(-c3c(C)[nH+]c4ncccn34)cs2)c(Br)c1,4,0.4714285714285714,1.7995557785187695,0.9992347666991073
1321458_663,1321458,COc1cc(Br)c(Nc2nc(-c3c(C)nc4ncccn34)cs2)c(Br)c1,4,0.3835616438356164,0.9644806892841947,0.9995835065280766
227979253_1228,227979253,COCCNc1cc(NC(=O)N2CCCc3cc(CN4CCN(C)CC4=O)c(C=O)nc32)ncc1C#N,4,0.25742574257425743,5.032292121886424,0.9993169335497852
227979253_1229,227979253,COCCNc1cc(NC(=O)N2CCCc3cc(CN4CCN(C)CC4=O)c(C=O)nc32)[nH+]cc1C#N,4,0.26732673267326734,5.398551194534209,0.9989719168214632
45751322_1253,45751322,CN(CCc1ccccn1)C(=O)Nc1nncs1,4,0.4,0.729004801082099,0.9996965515887726
36933671_112,36933671,Cc1noc(C(C)C)c1C(=O)N1C[C@@H](c2ccccc2)O[C@@H](C)C1,4,0.4696969696969697,2.2764322963792023,0.9989048746435405
324058573_3463,324058573,N#Cc1ccc([N-]S(=O)(=O)c2c[nH]c3nc(Cl)ccc23)c(F)c1,4,0.49206349206349204,3.339242878258751,0.9960738926224217
324058573_3462,324058573,N#Cc1ccc(NS(=O)(=O)c2c[nH]c3nc(Cl)ccc23)c(F)c1,4,0.5,3.4200410816248565,0.9977265929161031
49144354_884,49144354,Cc1ccc2nc(C)c(-c3nc(C)nn3CCO)cc2c1,4,0.3508771929824561,1.3924403039267286,0.9988782971863597
49144354_885,49144354,Cc1ccc2nc(C)c(-c3[nH+]c(C)nn3CCO)cc2c1,4,0.373134328358209,1.6328900759086058,0.9991782863387446
177382586_3306,177382586,Cc1ccc2[nH]c(CNC(=O)c3ncoc3C)[nH+]c2c1C,4,0.27692307692307694,2.555558451688941,0.9988132823561959
177382586_3304,177382586,Cc1ccc2[nH]c(CNC(=O)c3ncoc3C)nc2c1C,4,0.2777777777777778,2.16830394548361,0.9993110055281124
177382586_3305,177382586,Cc1ccc2nc(CNC(=O)c3ncoc3C)[nH]c2c1C,4,0.2777777777777778,2.13114992433619,0.9993803168965633
32434626_1842,32434626,c1ccc(Cc2nnc(CSc3ccccc3)[nH]2)cc1,4,0.34782608695652173,1.1388582001284957,0.999507004218109
55628764_2438,55628764,Cc1cccnc1CN1CCC(O)(c2ccccc2)CC1,4,0.44642857142857145,1.1739263179601842,0.9989187774068296
55628764_2437,55628764,Cc1cccnc1C[N@H+]1CC[C@@](O)(c2ccccc2)CC1,4,0.44642857142857145,1.786179722200516,0.99899839090386
MCULE-1169396424_1500,MCULE-1169396424,CCOc1ccccc1C[NH2+]CCc1c[nH]c2ccccc12,4,0.66,1.1627729787025416,0.9991789852819251
177414009_3343,177414009,Cc1nc(-c2ccc(S(=O)(=O)N(C)C)cc2)cc(C(C)C)n1,4,0.46808510638297873,1.564470197862411,0.998884540253245
24883078_315,24883078,COc1ccc(C2([NH2+]Cc3ccc(N4CCCC4=O)cc3)CC2)cc1,4,0.4098360655737705,2.2510497551141673,0.9990733601586251
48934153_3219,48934153,CN(CCOc1ccccc1)CC(=O)NCCc1ccccc1,4,0.5272727272727272,1.5396158611809923,0.9976915555233498
48934153_3220,48934153,C[N@H+](CCOc1ccccc1)CC(=O)NCCc1ccccc1,4,0.37735849056603776,1.318644758833973,0.9989917294011509
36000452_2882,36000452,C=CCn1c(=O)c2cnc(Nc3ccc(N4CC[NH+](C)CC4)cc3)nc2n1-c1cccc(C(C)(C)O)n1,4,0.3238095238095238,4.306035996134148,0.9979646306140504
36000452_2883,36000452,C=CCn1c(=O)c2cnc(Nc3ccc(N4CCN(C)CC4)cc3)nc2n1-c1cccc(C(C)(C)O)n1,4,0.3106796116504854,3.3926281847561777,0.998264558110627
43106737_1788,43106737,Cc1nn(C)c2nc[nH+]c(N(C)Cc3cccc(Cl)c3)c12,4,0.36923076923076925,2.1964302857138707,0.9990156648752003
43106737_1787,43106737,Cc1nn(C)c2ncnc(N(C)Cc3cccc(Cl)c3)c12,4,0.373134328358209,1.1416636982930368,0.9990424366461947
31507581_2952,31507581,Cc1cc(Nc2nc(N[C@@H](C)c3ncc(F)cn3)[nH+]cc2Cl)n[nH]1,4,0.25333333333333335,4.592159187135935,0.9987786096254788
31507581_2951,31507581,Cc1cc(Nc2nc(N[C@@H](C)c3ncc(F)cn3)ncc2Cl)[nH]n1,4,0.2318840579710145,3.8072597757446327,0.9984687280801392
31507581_2953,31507581,Cc1cc(Nc2nc(N[C@@H](C)c3ncc(F)cn3)[nH+]cc2Cl)[nH]n1,4,0.25675675675675674,4.7985995873793525,0.9988519315441755
31507581_2950,31507581,Cc1cc(Nc2nc(N[C@@H](C)c3ncc(F)cn3)ncc2Cl)n[nH]1,4,0.22857142857142856,3.5852329073577143,0.9991349053842047
48269211_2704,48269211,COc1ccc(CC(=O)Nc2ccc(F)nc2)cc1,4,0.45098039215686275,1.5660775842850798,0.998969751511505
157063_1744,157063,NC(=O)c1cnc(NC2CC2)nc1CCNC(=O)C1(c2cccc(F)c2)CCOCC1,4,0.4024390243902439,3.0193408220996973,0.9980517195886138
157063_1745,157063,NC(=O)c1cnc(NC2CC2)[nH+]c1CCNC(=O)C1(c2cccc(F)c2)CCOCC1,4,0.4024390243902439,3.05075564409872,0.9986817128553437
36304724_3671,36304724,Cc1cccc(CNc2cccc3c2CCN(S(C)(=O)=O)C3)c1,4,0.5,1.1827865403363762,0.9985568775339825
202517_94,202517,Cc1ncsc1C(=O)N1CCCC[C@@H]1c1nc(N)ncc1-c1cccc(C(F)(F)F)c1,4,0.6282051282051282,2.9595457421705995,0.999282342088425
202119_48,202119,Nc1ncc(-c2cccc(C(F)(F)F)c2)c([C@@H]2CCCCN2C(=O)c2ccccc2)n1,4,0.6081081081081081,2.8566653636712624,0.9970037181470053
32402718_643,32402718,Cc1ccncc1-c1ccc(-c2cc[nH]n2)cc1,4,0.425531914893617,1.9712825774101683,0.997520541399491
32402718_644,32402718,Cc1ccncc1-c1ccc(-c2ccn[nH]2)cc1,4,0.43478260869565216,2.0131430649611026,0.9978391885799214
313519451_200,313519451,CC(=O)NCCNc1cc(Cl)nn2c(-c3cccc(S(=O)(=O)N(C)C)c3)c(C)[nH+]c12,4,0.23076923076923078,2.7758982330047197,0.9988615092809064
49925834_2661,49925834,CC(C)c1nccn1Cc1nc2ccccc2[nH]1,4,0.44642857142857145,1.488431053156798,0.9996520640673329
49925834_2662,49925834,CC(C)c1[nH+]ccn1Cc1nc2ccccc2[nH]1,4,0.45614035087719296,1.983951360291127,0.9992022389252764
36318534_894,36318534,Cn1ccc2c(C(=O)Nc3ncn(Cc4cccnc4)n3)cccc21,4,0.34328358208955223,1.9011604351032725,0.9995100512727084
49336073_512,49336073,CC(=O)N[C@H]1CC[N@H+](Cc2cccc(-c3cccnc3)c2)CC1,4,0.45714285714285713,1.3820738041068554,0.9987092977402854
27415022_312,27415022,C[N@@H+](Cc1cccc(C#N)c1)Cc1ccccc1C#N,4,0.6086956521739131,2.555277088693082,0.9987677575035284
27415022_313,27415022,CN(Cc1cccc(C#N)c1)Cc1ccccc1C#N,4,0.6086956521739131,3.369959792044935,0.9953855814440524
17107056_3635,17107056,O=c1c2cc(OCc3ccc(Cl)cc3)ccc2nc2n1CCCCC2,4,0.40625,1.49184147951427,0.9992137402291789
232898989_2921,232898989,Cc1nn(CCNS(=O)(=O)N2CCOCC2)c(C)c1C,4,0.2786885245901639,1.446266918656552,0.9992948048406002
232847331_2859,232847331,Cc1nn(CC[N-]S(=O)(=O)N2CCCCC2)c(C)c1C,4,0.26666666666666666,2.816532797607647,0.9973475105107577
232847331_2858,232847331,Cc1nn(CCNS(=O)(=O)N2CCCCC2)c(C)c1C,4,0.288135593220339,1.1431474095671572,0.9991283191364925
232898989_2922,232898989,Cc1nn(CC[N-]S(=O)(=O)N2CCOCC2)c(C)c1C,4,0.265625,2.8974312761482532,0.997308045216968
89942016_90,89942016,Nc1ncc(C(=O)NC2CN(C(=O)C3CC3)C2)c2ccc(-c3cccc(F)c3)nc12,4,0.3188405797101449,2.6647491439153215,0.9991448607293504
44053085_3256,44053085,COc1cccc(C(=O)NCC(=O)Nc2cccc3c2CCCC3)c1,4,0.43548387096774194,1.9757563108846206,0.9978131855773534
1933590_1905,1933590,C[C@@H]([C@H](O)c1ccc([O-])cc1)[N@H+]1CC[C@H](Cc2ccccc2)CC1,4,0.288135593220339,2.2619938107783764,0.9975028719341009
1933590_1904,1933590,C[C@@H]([C@H](O)c1ccc(O)cc1)[N@H+]1CC[C@H](Cc2ccccc2)CC1,4,0.29310344827586204,2.2874879234652754,0.9993756735612653
45748880_1660,45748880,CON(C)C(=O)Cc1c(C)[nH]c2ccccc12,4,0.42,1.4768060129885083,0.9996213062285535
35754411_1803,35754411,CC[N@H+]1CCc2ncnc(N3CCNc4ccccc4C3)c2C1,4,0.43333333333333335,1.961030851363146,0.9990269695758266
35754411_1804,35754411,CCN1CCc2ncnc(N3CCNc4ccccc4C3)c2C1,4,0.4482758620689655,1.6984849130916724,0.9989996039808652
32136137_539,32136137,COc1ccc(OC)c(-c2cc(C(=O)N3CCCN(C(C)=O)CC3)no2)c1,4,0.4166666666666667,1.5464553016491835,0.9995508943981928
31384184_235,31384184,COc1ccc(CCC(=O)N2CCCNCC2)cc1,4,0.5172413793103449,1.9955818700320682,0.9982552630658885
31384184_234,31384184,COc1ccc(CCC(=O)N2CCC[NH2+]CC2)cc1,4,0.5172413793103449,1.7080509360087603,0.9989077261680375
48760016_3146,48760016,CCc1ccc(CNc2nncs2)o1,4,0.3404255319148936,1.4795320206074132,0.9995812676345519
48760016_3147,48760016,CCc1ccc(C/N=c2/[nH]ncs2)o1,4,0.32,1.4627323747015406,0.9996107638422738
183407_1023,183407,COc1ccc(-c2nc(C3CCN(C(=O)c4sc(C)nc4C)CC3)[nH]c2C(N)=O)cc1,4,0.6338028169014085,2.6402719556890526,0.999176860852732
183407_1022,183407,COc1ccc(-c2[nH]c(C3CCN(C(=O)c4sc(C)nc4C)CC3)nc2C(N)=O)cc1,4,0.6338028169014085,2.35426655245283,0.9993113715395907
53851976_421,53851976,Cc1cc(C)n(CCNC(=O)NC2CCOCC2)n1,4,0.4444444444444444,1.691916369091966,0.9994355957316613
29627941_1486,29627941,CCc1nc(NC(=O)c2ccccc2F)sc1C,4,0.5319148936170213,0.9268732383669426,0.999224948772039
30151761_373,30151761,O=C([O-])c1ccc(N2CCCC2)c(F)c1,4,0.3333333333333333,2.5903621368448055,0.9972737180544043
53870877_942,53870877,Cc1ccccc1-n1c(CC2CCN(C(=O)C3CC3)CC2)n[nH]c1=O,4,0.34375,1.828846084283916,0.998769292285152
37544502_3001,37544502,Cn1nc(-c2cc(F)cc(F)c2)cc1N,4,0.3023255813953488,1.426395807621373,0.9993620543367379
206931104_443,206931104,C[NH+](C)CCOc1ccc(-c2nc(-c3ccncc3)c(-c3ccc4c(c3)CC/C4=N\[O-])[nH]2)cc1,4,0.4266666666666667,3.0847111696236142,0.9988296865777546
206931104_442,206931104,C[NH+](C)CCOc1ccc(-c2[nH]c(-c3ccc4c(c3)CC/C4=N\[O-])c(-c3ccncc3)[nH+]2)cc1,4,0.4025974025974026,3.959111642780145,0.9987440156430046
206931104_444,206931104,C[NH+](C)CCOc1ccc(-c2nc(-c3cc[nH+]cc3)c(-c3ccc4c(c3)CC/C4=N\[O-])[nH]2)cc1,4,0.44,2.688280491318375,0.9984630963209492
233948224_2224,233948224,c1cc2c(N3CC[NH2+]CC3)nc(-c3cc[nH+]c(NC4CCCCC4)c3)cc2cn1,4,0.3150684931506849,3.1600308542798294,0.9987225430953485
233948224_2225,233948224,c1cc2c(N3CC[NH2+]CC3)nc(-c3ccnc(NC4CCCCC4)c3)cc2cn1,4,0.32857142857142857,2.1067076209103424,0.9994055547115045
233948224_2227,233948224,c1cc2c(N3CCNCC3)nc(-c3ccnc(NC4CCCCC4)c3)cc2cn1,4,0.30985915492957744,3.0793262250047233,0.998659617730202
233948224_2226,233948224,c1cc2c(N3CCNCC3)nc(-c3cc[nH+]c(NC4CCCCC4)c3)cc2cn1,4,0.2972972972972973,2.465079106236053,0.9983372039779055
233948224_2228,233948224,c1cc2c(N3CC[NH2+]CC3)[nH+]c(-c3ccnc(NC4CCCCC4)c3)cc2cn1,4,0.3382352941176471,3.570133891046315,0.9984434399835568
18898062_821,18898062,CCC(CC)NC(=O)c1cc(C)nc2onc(C)c12,4,0.5961538461538461,1.307791267748893,0.9996228810686528
32130783_46,32130783,COc1ccccc1-c1cc(NC(=O)c2cccc(N3CCNC3=O)c2)n[nH]1,4,0.43478260869565216,3.1585784777332133,0.9983966648403051
32130783_47,32130783,COc1ccccc1-c1cc(NC(=O)c2cccc(N3CCNC3=O)c2)[nH]n1,4,0.43478260869565216,2.7580496732291175,0.9986916230289768
18894115_2095,18894115,Cc1cc(C)cc(C(=O)Nc2c(C#N)cnn2C)c1,4,0.5098039215686274,1.3554585939819555,0.9991919290737917
1119882_1453,1119882,CC(C)(C)C(=O)Nc1nnc(Cc2ccccc2)s1,4,0.46,1.5029647367787164,0.9994602461717733
49972454_843,49972454,Cc1ccc(CCNC(=O)N2CC(C)(C)OC(C)(C)C2)cn1,4,0.3870967741935484,1.8583508818305505,0.9987404377532367
49127244_3218,49127244,NS(=O)(=O)N1CC[NH+](Cc2c(F)cccc2N2CCCC2)CC1,4,0.5636363636363636,1.8610781821300433,0.9980968006432319
49127244_3217,49127244,NS(=O)(=O)N1CCN(Cc2c(F)cccc2N2CCCC2)CC1,4,0.58,1.8459412233329107,0.9984877229593522
MCULE-8889700922_1263,MCULE-8889700922,Cc1ccc(C)c(S(=O)(=O)N2CCC[N@H+](CCn3cccn3)CC2)c1,4,0.5,2.053532809574784,0.9984440763553042
MCULE-8889700922_1264,MCULE-8889700922,Cc1ccc(C)c(S(=O)(=O)N2CCCN(CCn3cccn3)CC2)c1,4,0.4426229508196721,1.757618843776823,0.99851876170049
42942714_1835,42942714,Cc1cc(N(C)C)nc(-n2cnc(C#N)n2)n1,4,0.45652173913043476,1.6495326610890557,0.998208023428873
48258569_3371,48258569,Cc1cccc(C)c1OCCn1nnnc1C,4,0.45454545454545453,0.8873787241081627,0.9989028212006783
13329162_2861,13329162,CN1CCN(S(=O)(=O)Cc2ccc(Cl)c(Cl)c2)CC1,4,0.2982456140350877,2.107724128058426,0.9956311702792838
13329162_2860,13329162,C[NH+]1CCN(S(=O)(=O)Cc2ccc(Cl)c(Cl)c2)CC1,4,0.3269230769230769,1.6620475324128743,0.9977589412023746
13329354_101,13329354,CCN1CCN(S(=O)(=O)Cc2ccc(Cl)c(Cl)c2)CC1,4,0.3103448275862069,2.2073742319778944,0.9956890492382486
13329354_100,13329354,CC[NH+]1CCN(S(=O)(=O)Cc2ccc(Cl)c(Cl)c2)CC1,4,0.3148148148148148,1.8703569178102015,0.9980365168116851
8049874_3678,8049874,c1ccc(OCc2nc3cc4ccccc4cc3[nH]2)cc1,4,0.391304347826087,1.9370756309446253,0.996633585240734
48754146_2891,48754146,O=c1n(CCn2cc[nH+]c2)nnn1-c1cccs1,4,0.4262295081967213,2.513604185229062,0.9989503478159358
48754146_2890,48754146,O=c1n(CCn2ccnc2)nnn1-c1cccs1,4,0.43333333333333335,2.5188652206896953,0.9992518564564694
193725_1518,193725,COc1ccc(NC(=O)C[N@H+]2CC[C@@H](c3cc(-c4cnc(N)nc4)cc(C)[nH+]3)CC2)cc1,4,0.43902439024390244,3.558091763853097,0.9979920303974299
193725_1517,193725,COc1ccc(NC(=O)CN2CCC(c3cc(-c4cnc(N)nc4)cc(C)[nH+]3)CC2)cc1,4,0.43902439024390244,2.425141026827191,0.9972627809449205
193725_1515,193725,COc1ccc(NC(=O)CN2CCC(c3cc(-c4cnc(N)nc4)cc(C)n3)CC2)cc1,4,0.43209876543209874,1.5777566352260786,0.9986393021595514
193725_1516,193725,COc1ccc(NC(=O)C[N@H+]2CC[C@H](c3cc(-c4cnc(N)nc4)cc(C)n3)CC2)cc1,4,0.39285714285714285,2.2117723662258566,0.998463950160687
24881110_733,24881110,COc1ccc2nc(CN3CCC(O)(c4ccc(C)cc4)CC3)ccc2c1,4,0.40625,1.8872781988883405,0.9988103137864961
24881110_732,24881110,COc1ccc2nc(C[N@H+]3CC[C@@](O)(c4ccc(C)cc4)CC3)ccc2c1,4,0.40625,1.4495240598209502,0.9988384513682166
45634538_3215,45634538,CONC(=O)c1c(C)nn(C)c1Cl,4,0.3541666666666667,1.2583755401307992,0.999267309885223
134995_937,134995,CCn1c(C)[nH+]c2cc(NC(=O)c3ccc(=O)n(CC(=O)N4CCCCC4)c3)ccc21,4,0.3783783783783784,2.3071577752725303,0.9989760819680942
134995_936,134995,CCn1c(C)nc2cc(NC(=O)c3ccc(=O)n(CC(=O)N4CCCCC4)c3)ccc21,4,0.36,2.50775397517402,0.9983449067501441
149747_1968,149747,Cc1ccnc([C@H]2CC[N@H+](C3CCCC3)CC2)n1,4,0.3333333333333333,1.990477580883368,0.9991138766427421
36716227_2189,36716227,Cc1c(C(=O)NCc2c[nH+]c(N(C)C)n2C)sc2ccccc12,4,0.31746031746031744,1.7592458611576698,0.9994443169368908
36716227_2190,36716227,Cc1c(C(=O)NCc2cnc(N(C)C)n2C)sc2ccccc12,4,0.34375,1.676248788218861,0.9995879561153846
300062043_1680,300062043,c1ccc(COc2ccc(C[NH2+]CC3CC[NH2+]CC3)cc2)cc1,4,0.3018867924528302,2.1925081527784074,0.9967610203341374
36258440_1651,36258440,C[NH+](C)C(C)(C)C/[NH+]=c1\nc[nH]c2ccccc12,4,0.4716981132075472,2.1513035583107145,0.997551135043532
36258440_1650,36258440,C[NH+](C)C(C)(C)CNc1ncnc2ccccc12,4,0.45098039215686275,1.13722425229141,0.9991270033303961
48305854_458,48305854,Cc1nc(CCN2C(=O)NC(C)(C)C2=O)cs1,4,0.41509433962264153,0.8639456001387353,0.9996444757525622
82703737_2615,82703737,CCN(CCOC)C(=O)Nc1ccc2occc(=O)c2c1,4,0.30357142857142855,1.4739762548968893,0.9989973937172201
232855284_2366,232855284,COCC1(CNS(=O)(=O)c2ccc3[nH]cnc3c2)CCC1,4,0.5769230769230769,1.8711766351684576,0.9982201483073312
232855284_2368,232855284,COCC1(C[N-]S(=O)(=O)c2ccc3[nH]cnc3c2)CCC1,4,0.5769230769230769,1.930015284913777,0.997618055279913
232855284_2367,232855284,COCC1(CNS(=O)(=O)c2ccc3nc[nH]c3c2)CCC1,4,0.5882352941176471,2.2233231883830906,0.9979757261867955
48953611_1603,48953611,C[NH+]1CCN(c2ccc(NC(=O)c3ccc(S(=O)(=O)N4CCCc5ccccc54)cc3)cc2)CC1,4,0.3698630136986301,2.919400452147578,0.9968086066416296
48953611_1604,48953611,CN1CCN(c2ccc(NC(=O)c3ccc(S(=O)(=O)N4CCCc5ccccc54)cc3)cc2)CC1,4,0.3835616438356164,2.8853304836706957,0.9951161161723733
43241226_2059,43241226,Cn1nc(C2CC[NH2+]CC2)c2cccnc21,4,0.30357142857142855,1.859452607623912,0.9986813833015051
49064514_3130,49064514,C[C@H]1CC[C@@](O)(CSc2nnnn2C2CC2)CC1,4,0.5306122448979592,2.3631487469053782,0.9988672564284061
49012602_3236,49012602,CCOC1CCN(c2ccnc(C(=O)NCc3ccccc3)c2)CC1,4,0.38333333333333336,1.8070077476316693,0.998530151394126
184567_1775,184567,CNC(=O)c1sc2ncccc2c1[C@H]1CC[C@H](CNC(=O)CCc2ccccc2)CC1,4,0.3068181818181818,3.1065120312014165,0.998475082769845
184569_721,184569,CNC(=O)c1sc2ncccc2c1[C@H]1CC[C@H](CNC(=O)COc2ccccc2)CC1,4,0.32222222222222224,2.7394448342688222,0.9987376250827006
50612838_2926,50612838,CC(C)(C)C(=O)N1CCC(C[N@@H+](CC(N)=O)C2CCCC2)CC1,4,0.41818181818181815,1.9559373711851995,0.9995335612535422
50612838_2927,50612838,CC(C)(C)C(=O)N1CCC(CN(CC(N)=O)C2CCCC2)CC1,4,0.41818181818181815,2.0596111283441765,0.998967641817214
11844078_1497,11844078,CSCc1c(C(=O)NC(C)C)oc2ccccc12,4,0.4067796610169492,0.5009431105423952,0.9998020607813864
114695027_650,114695027,Clc1ccc(NCc2ccoc2)nn1,4,0.26,1.9405836750832228,0.9989568875406521
877481_2888,877481,Clc1ccc2c(c1)CCc1cccnc1C2=C1CC[NH2+]CC1,4,0.27586206896551724,1.9832639763784334,0.9983163640941942
31888771_1852,31888771,CC[N@@H+]1CCc2nc(NC(=O)Cc3ccc(Cl)cc3)sc2C1,4,0.4603174603174603,1.6921651810622518,0.9994704145651782
177470998_3039,177470998,COc1cc(-c2ccc(Cn3nc(C)cc3C)cn2)cc(OC)c1OC,4,0.3230769230769231,1.9300370462766396,0.9989581560800253
82702429_3239,82702429,COc1ccc(-c2ccc(Cn3nc(C)cc3C)cn2)cc1,4,0.3220338983050847,1.9704661884944943,0.998804524932282
36334458_3665,36334458,CCC(=O)Nc1cccc(C(=O)N2CC[N@H+](C)Cc3ccccc32)c1,4,0.4117647058823529,1.213973640570894,0.9992341460664548
36334458_3666,36334458,CCC(=O)Nc1cccc(C(=O)N2CCN(C)Cc3ccccc32)c1,4,0.4090909090909091,1.2254546095224945,0.9986854753354685
3301248_3592,3301248,Cc1cnc(NC(=O)c2cc(S(=O)(=O)N(C)C)ccc2N2CCCC2)s1,4,0.3188405797101449,2.464876670342566,0.9988853706048235
49055884_2902,49055884,CSC1(CNc2cc(C)[nH+]c(C)n2)CCOCC1,4,0.31343283582089554,1.478395752158361,0.9989026184605401
49055884_2903,49055884,CSC1(CNc2cc(C)nc(C)n2)CCOCC1,4,0.3230769230769231,0.9098637260608708,0.9993140881466531
3477427_1658,3477427,Cc1nnc(NC(=O)c2ccccc2-c2ccc(C(F)(F)F)cc2)s1,4,0.41818181818181815,0.6846276360182357,0.9995217094802836
177400113_2264,177400113,CCn1ncc(CN(C)C(=O)c2ccc(-c3nc(C)cc(C)n3)cc2)c1C,4,0.3333333333333333,1.964673764267539,0.9990473548487844
72973189_91,72973189,CC1(C)CC(Oc2ccc(-c3ccc(-c4cn[nH]c4)cc3O)nn2)CC(C)(C)[NH2+]1,4,0.2878787878787879,2.966270385517874,0.9965673073669438
72973189_92,72973189,CC1(C)CC(Oc2ccc(-c3ccc(-c4cn[nH]c4)cc3[O-])nn2)CC(C)(C)[NH2+]1,4,0.2835820895522388,3.493012024027535,0.994259575851891
46075643_524,46075643,Cc1nc(N[C@H](c2nccn2C)C2CC2)c2sccc2[nH+]1,4,0.3150684931506849,3.155377473457075,0.9990701371060267
46075643_525,46075643,Cc1nc(N[C@H](c2nccn2C)C2CC2)c2sccc2n1,4,0.3142857142857143,3.115101121953671,0.9995620270332993
46075643_526,46075643,Cc1nc(N[C@@H](c2[nH+]ccn2C)C2CC2)c2sccc2[nH+]1,4,0.3150684931506849,3.477746540506109,0.9989757374089429
46075643_527,46075643,Cc1nc(N[C@@H](c2[nH+]ccn2C)C2CC2)c2sccc2n1,4,0.2916666666666667,3.1425954241673373,0.9997350712507035
45657759_3563,45657759,O=C(Nc1nncs1)c1ccc(N2CCC3(CCCCC3)C2)nc1,4,0.4482758620689655,2.5779214495405225,0.9978734349487831
48242285_1586,48242285,CCc1cnc(CN2C(=O)NC3(CCC3)C2=O)o1,4,0.4444444444444444,1.7611206659395648,0.999416263030465
49956350_2770,49956350,CS(=O)(=O)/N=C1/C=CC=CC1=C1C=CNC=C1,4,0.2727272727272727,1.419480186547337,0.9977997160086728
49956350_2769,49956350,CS(=O)(=O)Nc1ccccc1-c1ccncc1,4,0.3157894736842105,1.4007026808000778,0.9985518677086334
49956350_2771,49956350,CS(=O)(=O)[N-]c1ccccc1-c1ccncc1,4,0.30434782608695654,1.6453771604104037,0.9990028625915618
49089949_2663,49089949,O=C(Nc1ccc(Cl)nc1)N[C@H]1CC[N@H+](C2CCCC2)CC1,4,0.47540983606557374,2.7405758518965775,0.9972384081484902
31611971_1648,31611971,C=CCN(Cc1cccnc1)c1nc(C)nc2sccc12,4,0.31666666666666665,2.50355766859873,0.9994999544993757
31611971_1649,31611971,C=CCN(Cc1cccnc1)c1nc(C)[nH+]c2sccc12,4,0.296875,1.7403238204423606,0.9987223564851433
16692987_1635,16692987,COc1ccc(C(=O)Nc2ccc3oc(C)nc3c2)c(OC)c1,4,0.4444444444444444,1.5270599202389963,0.9986148305994031
3572643_1326,3572643,CC(=O)N1CCC(C(=O)Nc2nccs2)(c2ccccc2)CC1,4,0.38028169014084506,1.7087717811340348,0.9992264579388503
33351514_3574,33351514,Cc1ccc(C(N)=O)c(OCc2c(Cl)ccc3cccnc23)c1,4,0.3770491803278688,1.4032305583901825,0.9984957198739955
222782402_3074,222782402,O=C(C1CC1)N1CCC(CNS(=O)(=O)N2CCCCCC2)CC1,4,0.4642857142857143,1.5583988578032768,0.9992740188549643
222782402_3075,222782402,O=C(C1CC1)N1CCC(C[N-]S(=O)(=O)N2CCCCCC2)CC1,4,0.4642857142857143,3.2125578594010236,0.9953034400874025
1933753_3135,1933753,C[NH+]1CCC(=C2c3ccccc3CCc3sccc32)CC1,4,0.25925925925925924,2.079599721100228,0.998107268145452
11326025_3523,11326025,CCCNC(=O)Nc1ccc(Oc2ncnc3cc(OC)c(OC)cc23)cc1Cl,4,0.34065934065934067,2.3771272578470612,0.9967979094423407
36986676_3577,36986676,CN(C(=O)OC(C)(C)C)c1ccc2ccccc2n1,4,0.3448275862068966,1.6884652794771735,0.9985101013799329
73014952_2308,73014952,CCN(CC)C(=O)CSCc1cncc(F)c1,4,0.288135593220339,1.8973012412371333,0.9988122005542812
49992529_417,49992529,CCn1cc([C@H]2CC[N@@H+](Cc3ccc(C#N)cc3)CC2)cn1,4,0.42857142857142855,1.329558949426391,0.9985969117587438
31881571_897,31881571,CCCC(=O)Nc1ccc(-n2cccn2)nc1,4,0.45614035087719296,1.8217483360771505,0.9994596429209948
11480248_3624,11480248,Cc1nc(Nc2ccc(F)cc2)nc2c1ncn2-c1ccc(F)cc1,4,0.375,1.4682261406202461,0.9994076040807209
171789858_2544,171789858,CC(=O)N1CC[NH+]([C@H]2CCN(C(=O)c3cc4cc(C)ccc4o3)CC[C@@H]2O)CC1,4,0.3125,2.850299633371854,0.999451907641406
171789858_2545,171789858,CC(=O)N1CCN([C@H]2CCN(C(=O)c3cc4cc(C)ccc4o3)CC[C@@H]2O)CC1,4,0.3026315789473684,2.901627474366659,0.9986116293459525
171789496_3320,171789496,Cc1ccc2oc(C(=O)N3CC[C@H](O)[C@@H]([NH+]4CCOCC4)CC3)cc2c1,4,0.32432432432432434,2.082156574323951,0.9994071167577616
171789564_2352,171789564,CC(=O)N1CCN([C@H]2CCN(C(=O)c3cc4cc(Cl)ccc4o3)CC[C@@H]2O)CC1,4,0.2835820895522388,2.611376839906755,0.9989056377737948
171789564_2351,171789564,CC(=O)N1CC[NH+]([C@H]2CCN(C(=O)c3cc4cc(Cl)ccc4o3)CC[C@@H]2O)CC1,4,0.2875,2.352567321034937,0.9992763639659868
171789496_3321,171789496,Cc1ccc2oc(C(=O)N3CC[C@H](O)[C@@H](N4CCOCC4)CC3)cc2c1,4,0.3108108108108108,1.8431630421637675,0.9990536807211821
11995039_751,11995039,O=C(Nc1ccc(F)cc1F)N1CCn2c1[nH+]c1ccccc12,4,0.3235294117647059,1.432585076007725,0.9993189080009256
11995039_750,11995039,O=C(Nc1ccc(F)cc1F)N1CCn2c1nc1ccccc12,4,0.3235294117647059,1.3658396684828822,0.9996348540097189
49942182_2393,49942182,Cc1ncsc1CNc1[nH+]nc(-c2ccncc2)o1,4,0.6458333333333334,2.2296723974611483,0.9991541254967757
49942182_2394,49942182,Cc1ncsc1C/N=c1\[nH]nc(-c2ccncc2)o1,4,0.6326530612244898,1.872863048918228,0.9991896251710076
49942182_2392,49942182,Cc1ncsc1CNc1nnc(-c2ccncc2)o1,4,0.6304347826086957,1.7574743241377346,0.9992517483640942
36647090_334,36647090,COc1ccccc1NC(=O)CN1CCCN(c2nc(C)cs2)CC1,4,0.44871794871794873,1.4179446392571555,0.9993408568657365
36647090_335,36647090,COc1ccccc1NC(=O)C[N@@H+]1CCCN(c2nc(C)cs2)CC1,4,0.4625,2.9493034770941744,0.9958541158122536
36919308_2167,36919308,O=C(NCCc1cnn(-c2ccccc2)c1)N1CCC1,4,0.5283018867924528,1.222885930903078,0.9994845919540419
3140960_2555,3140960,O=C(NN1CCOCC1)c1ccc(Cl)c(Cl)c1,4,0.375,1.8552220891310844,0.9981459724083713
16744002_681,16744002,CCONC(=O)c1c[nH+]cn1-c1ccc(F)cc1,4,0.58,1.0554430349389035,0.9991788565858258
16744002_680,16744002,CCONC(=O)c1cncn1-c1ccc(F)cc1,4,0.58,0.7602308859811979,0.9996432645862657
33303147_297,33303147,CNC(=O)c1ccc(N2CCCC2)nc1,4,0.4583333333333333,1.0351758304764067,0.9992657554763229
13656111_3047,13656111,COCCNC(=O)c1nnc2n(c1=O)CCN2c1ccccc1,4,0.3561643835616438,1.556240662621779,0.9994706336742302
1548054_3532,1548054,Cc1ccc(NC(=O)c2c([O-])n(-c3ccc(C)cc3)n[n+]2Cc2ccccc2)cc1,4,0.3968253968253968,2.154930625333345,0.9983847571733456
1548060_3613,1548060,O=C(Nc1ccccc1)c1c([O-])n(-c2ccccc2)n[n+]1Cc1ccccc1,4,0.45614035087719296,4.855544562662292,0.9905981830963894
315272596_191,315272596,Nc1ncc(-c2cc([C@@H]3[C@@H]4C[N@@H+](C5COC5)C[C@@H]43)n(CC3CC3)n2)cc1C(F)(F)F,4,0.21505376344086022,3.863344147238364,0.9987885258591339
315272596_192,315272596,Nc1ncc(-c2cc([C@H]3[C@@H]4CN(C5COC5)C[C@@H]43)n(CC3CC3)n2)cc1C(F)(F)F,4,0.21052631578947367,3.80850154260203,0.9981571138926347
49944040_3424,49944040,COc1cc(CC[NH2+]C2CCC3(CC2)OCCO3)ccc1F,4,0.3484848484848485,2.634523676113043,0.9988081036764905
LN01345100_42,LN01345100,CC#CC(=O)N1CC[C@@H](n2c(=O)n(-c3ccc(Oc4ccccc4)cc3)c3c(N)ncnc32)C1,4,0.29,3.237808209267684,0.9995459416754163
420214_2248,420214,CCCn1ncc(C[N@H+]2CC[C@H](c3cc4cccnc4[nH]3)CC2)c1C,4,0.3380281690140845,3.294226768150614,0.9990765408827403
82713457_3016,82713457,O=C(Cn1nc(Cc2ccccc2)c2ccccc2c1=O)NCCc1cnc[nH]1,4,0.59375,2.6827949977593204,0.9975168319777574
82713457_3017,82713457,O=C(Cn1nc(Cc2ccccc2)c2ccccc2c1=O)NCCc1c[nH]cn1,4,0.59375,2.876470406592043,0.9971009478416838
82713457_3018,82713457,O=C(Cn1nc(Cc2ccccc2)c2ccccc2c1=O)NCCc1c[nH]c[nH+]1,4,0.6,2.8487660486603006,0.996431617686469
2711872_3196,2711872,CC(C)CCNC(=O)CSc1nc2ccccc2[nH]1,4,0.5555555555555556,1.742767052707061,0.9991899882571076
2711872_3197,2711872,CC(C)CCNC(=O)CSc1[nH]c2ccccc2[nH+]1,4,0.5555555555555556,2.0144900099031426,0.9977738401274321
38522400_1941,38522400,CC(C)n1nnnc1-c1ccc(N)cc1F,4,0.25,1.5344145463335654,0.9987281586008135
1556723_585,1556723,Cc1ccc(C)c(-n2c(-c3ccc([O-])cc3)n[nH+]c2[S-])c1,4,0.3064516129032258,1.8384963965151357,0.9958105586763314
1556709_1533,1556709,Cc1ccc(-n2c(-c3ccc([O-])cc3)n[nH+]c2[S-])c(C)c1,4,0.3064516129032258,1.9024681337671328,0.9952279590361425
1556723_584,1556723,Cc1ccc(C)c(-n2c(-c3ccc(O)cc3)n[nH+]c2[S-])c1,4,0.3064516129032258,1.8701024036130784,0.9981519348941637
1556709_1532,1556709,Cc1ccc(-n2c(-c3ccc(O)cc3)n[nH+]c2[S-])c(C)c1,4,0.3064516129032258,1.901507033907561,0.9986049624359474
31412719_2467,31412719,CCCc1noc2nc(-c3ccncc3)cc(C(=O)[O-])c12,4,0.41379310344827586,1.6296392238776796,0.9991130145101839
49078022_2527,49078022,CCCn1cc(NC(=O)Nc2ccc(N3CCSCC3)cc2)cn1,4,0.4918032786885246,2.261293214070304,0.9991075062370546
5536034_1444,5536034,Cc1ccccc1CSc1ccc(-c2ccccn2)nn1,4,0.26666666666666666,1.539145217320683,0.9993504752774797
29665944_1710,29665944,Cc1cccnc1NC(=O)Cc1coc2c(C)c(C)ccc12,4,0.41818181818181815,1.2892389227755061,0.9996832335607737
193881_1844,193881,Cc1cc(-c2ccc(N)nc2)cc(C2CCN(C(=O)CCCc3ccc(F)c(C)c3)CC2)[nH+]1,4,0.41304347826086957,2.9048958673246315,0.9974215307430184
193881_1843,193881,Cc1cc(-c2ccc(N)nc2)cc(C2CCN(C(=O)CCCc3ccc(F)c(C)c3)CC2)n1,4,0.4117647058823529,2.6548306913997317,0.9974467659733968
301191566_2194,301191566,COc1cc2nc(/C=C/c3cocn3)sc2cc1OC,4,0.4444444444444444,2.2095438443261335,0.9993292570230751
68907961_2986,68907961,CC(C)CN(Cc1cnn(C)c1)C(=O)c1cccc(-c2cnccn2)c1,4,0.3974358974358974,1.8703844524586597,0.9994031061406065
317744209_98,317744209,C=CC(=O)Nc1cccc(Oc2nc(Nc3ccc(N4CC[NH+](C)CC4)cc3)nc3ccoc23)c1,4,0.5681818181818182,2.815858483659889,0.9985167391889119
75542235_40,75542235,C=CC(=O)Nc1cccc(Oc2nc(Nc3ccc(N4CC[NH+](C)CC4)cc3)nc3ccsc23)c1,4,0.5681818181818182,2.3062458672053823,0.9988408195945837
75542235_41,75542235,C=CC(=O)Nc1cccc(Oc2nc(Nc3ccc(N4CCN(C)CC4)cc3)nc3ccsc23)c1,4,0.4725274725274725,3.4699239184746777,0.9983909013273585
317744209_99,317744209,C=CC(=O)Nc1cccc(Oc2nc(Nc3ccc(N4CCN(C)CC4)cc3)nc3ccoc23)c1,4,0.46236559139784944,1.9073859074661348,0.9988252928728473
50897886_2447,50897886,Cc1c(C[N@H+]2CC[C@H](Nc3ncnc4sc(CC(F)(F)F)cc34)CC2)ccc2[nH]c(C#N)cc12,4,0.4588235294117647,3.3907012549038718,0.9987873425142825
50897890_1369,50897890,Cc1c(C[N@H+]2CC[C@H](Nc3nc[nH+]c4sc(CC(F)(F)F)cc34)CC2)ccc2c1cc(C#N)n2Cc1cn[nH]c1,4,0.4387755102040816,6.218206252610395,0.9964128303087093
50897890_1368,50897890,Cc1c(C[N@H+]2CC[C@@H](Nc3ncnc4sc(CC(F)(F)F)cc34)CC2)ccc2c1cc(C#N)n2Cc1cn[nH]c1,4,0.41237113402061853,6.569633779747447,0.9973297149120863
50897886_2448,50897886,Cc1c(C[N@H+]2CC[C@H](Nc3nc[nH+]c4sc(CC(F)(F)F)cc34)CC2)ccc2[nH]c(C#N)cc12,4,0.4883720930232558,5.388107274358881,0.9983999870965325
42964650_1287,42964650,COCc1nc(-c2cc(F)ccc2F)c(C)s1,4,0.32727272727272727,1.7025988958060554,0.9995111388184508
43179665_980,43179665,CCCn1cnnc1Cn1cc[nH+]c1-c1ccc2occc2c1,4,0.3472222222222222,1.8691013883674719,0.9996550902417297
43179665_981,43179665,CCCn1cnnc1Cn1ccnc1-c1ccc2occc2c1,4,0.3380281690140845,1.8882356844421064,0.9994604511112044
36922856_1834,36922856,O=C(CN1CCCc2ccc(F)cc21)N1CCNC1=O,4,0.6,1.7389232300477464,0.9976614694085582
30455813_965,30455813,COc1cccc(OCCCn2c[nH+]cc2-c2cc3c(cc2OC)OCCCO3)c1,4,0.5522388059701493,1.7596897453814238,0.9986475850410023
30455813_966,30455813,COc1cccc(OCCCn2cncc2-c2cc3c(cc2OC)OCCCO3)c1,4,0.5454545454545454,1.964912720708073,0.9986550861829933
49084049_2810,49084049,Cc1cc(C(=O)NCC2CCC3(CC2)OCCO3)n[nH]1,5,0.543859649122807,1.945155777823174,0.9985606782203538
171948518_3427,171948518,Cc1ccc(Cl)c(OC[C@@]2(O)CN(C3CCC3)CC[C@@H]2O)c1,5,0.3888888888888889,2.1476987684495943,0.9971463127619346
171948518_3426,171948518,Cc1ccc(Cl)c(OC[C@@]2(O)C[N@@H+](C3CCC3)CC[C@@H]2O)c1,5,0.39436619718309857,0.6375201957580848,0.9997554375446758
316271501_2489,316271501,CCC(CC)[N@H+]1CC[C@H](O)[C@@](O)(COc2cc(C)ccc2Cl)C1,5,0.3835616438356164,2.4655364527825347,0.9983953522119209
316272522_3251,316272522,Cc1ccc(Cl)c(OC[C@@]2(O)C[N@H+](C3CCCC3)CC[C@@H]2O)c1,5,0.39436619718309857,2.720721779234371,0.9985822550504695
31879758_921,31879758,O=C(CCc1cccs1)Nc1ccc(N2CCOCC2)cn1,5,0.40625,1.6843559600036935,0.99903702673809
48355585_651,48355585,CCOCC(=O)NCc1cc(C2CC2)n(C2CCCC2)n1,5,0.30303030303030304,1.4739314773765197,0.9998665390690904
48355573_1008,48355573,CCC(=O)NCc1cc(C2CC2)n(C2CCCC2)n1,5,0.32142857142857145,0.7983864978816902,0.9996186005744511
49933492_3026,49933492,N#Cc1ccc(C(=O)N2CCCO2)nc1,5,0.3392857142857143,1.714302773724679,0.9993322253773379
49935944_3206,49935944,COc1cc(OC)cc(N2CCC([NH2+]CC3(C)CCOCC3)CC2)c1,5,0.3387096774193548,1.7870856163040054,0.9992407982674137
48753166_2439,48753166,CCc1nccn1Cc1nc(N)nc(N(C)C)n1,5,0.32,1.9219373038682792,0.999664266184648
48753166_2440,48753166,CCc1[nH+]ccn1Cc1nc(N)nc(N(C)C)n1,5,0.3137254901960784,2.173957681280977,0.9989141027009232
24881110_733,24881110,COc1ccc2nc(CN3CCC(O)(c4ccc(C)cc4)CC3)ccc2c1,5,0.40625,1.8872781988883405,0.9988103137864961
24881110_732,24881110,COc1ccc2nc(C[N@H+]3CC[C@@](O)(c4ccc(C)cc4)CC3)ccc2c1,5,0.40625,1.4495240598209502,0.9988384513682166
44581824_2854,44581824,O=c1oc2cccnc2n1Cc1ncc(-c2ccc(F)cc2)o1,5,0.5294117647058824,1.8651115248154044,0.9990042621615826
48758418_319,48758418,CC#CCNc1ccc(-n2cnnn2)c(C)c1,5,0.3548387096774194,1.5907683678021112,0.9989875090746487
35785818_2155,35785818,O=C(Nc1ccc(F)cc1)c1cc(C2CC2)nn1-c1ccccc1,5,0.4909090909090909,1.0076452748868125,0.9994807475482309
177502491_3006,177502491,CCn1nc(CNC(=O)C2CCOCC2)c2ccccc21,5,0.6153846153846154,1.466788328286893,0.9994545265886864
24880306_3481,24880306,CC(C)(C)c1ccc([C@@H](O)C[N@H+]2CC[C@@](O)(c3ccc4c(c3)OCO4)CC2)cc1,5,0.2876712328767123,7.588881076944148,0.977477280386259
24880306_3482,24880306,CC(C)(C)c1ccc([C@@H](O)CN2CCC(O)(c3ccc4c(c3)OCO4)CC2)cc1,5,0.28169014084507044,4.200715177204981,0.9979170561889751
1542057_3659,1542057,c1ccc(CNc2nn3nnnc3c3ccccc23)cc1,5,0.37254901960784315,0.9688281581380318,0.9991519251580611
17074465_2123,17074465,CCn1ncc(-c2cc(C(F)F)nc(NCCCOC)[nH+]2)c1C,5,0.36619718309859156,1.5946046531979294,0.999225021974787
17074465_2122,17074465,CCn1ncc(-c2cc(C(F)F)nc(NCCCOC)n2)c1C,5,0.35714285714285715,1.9300121761280238,0.9995238019519502
178528031_1483,178528031,CC(=O)N1CCc2ccc(N(C(=O)/C=C/c3cccc(C#N)c3)[C@H]3CC[N@H+](CCC4CCCC4)CC3)cc21,5,0.2543859649122807,6.43314837385248,0.9972546187430762
222753013_3027,222753013,C[NH+](C)C1(CNC(=O)Cn2ccc(=O)cc2)CCCCC1,5,0.5918367346938775,2.1630996278488563,0.9982004152415538
11909115_2300,11909115,O=c1c2ccccc2nnn1CCOc1ccc(F)cc1,5,0.44642857142857145,0.8973299281759087,0.9986539353114993
29627143_1876,29627143,Nc1ccc(C(=O)N2CCOCC2)c(Cl)c1,5,0.375,1.7228319709129858,0.998740643747568
82703737_2615,82703737,CCN(CCOC)C(=O)Nc1ccc2occc(=O)c2c1,5,0.30357142857142855,1.3650509148011998,0.9989973937172201
36748737_3009,36748737,Cc1ccc(Oc2ccc(N)cc2)nn1,5,0.45652173913043476,1.7355875085975976,0.9955205389640137
53873925_1531,53873925,COc1ccc(CCC(=O)N2CCN(C(=O)c3cc4n(n3)CCCC4)CC2)cc1,5,0.5172413793103449,2.2036984820976007,0.9990473548487844
3321097_455,3321097,CCC(CC)NC(=O)c1ccc2ncsc2c1,5,0.3333333333333333,1.3401462606742445,0.9993201299576178
53766760_2724,53766760,Cc1cc(Br)cn(Cc2ccc(C#N)cc2F)c1=O,5,0.45614035087719296,0.6348818787776644,0.9991526600561843
139133_65,139133,Cc1ccc(C(=O)N2CCC(Cc3ccccc3-c3ccccc3)(C(=O)N(C)C)CC2)s1,5,0.5757575757575758,3.0040096537794163,0.9981669675075984
139135_156,139135,CN(C)C(=O)C1(Cc2ccccc2-c2ccccc2)CCN(C(=O)c2cnn(C)c2)CC1,5,0.5909090909090909,3.0489145609545716,0.9982333849820171
48788735_2782,48788735,Cc1ccccc1S(=O)(=O)Nc1c(C)ccnc1Cl,5,0.2698412698412698,1.4270984549077776,0.9991750149007315
48788735_2783,48788735,Cc1ccccc1S(=O)(=O)[N-]c1c(C)ccnc1Cl,5,0.2653061224489796,2.0123148362021417,0.9989496300262398
43583679_1857,43583679,O=C1CCCc2c1[nH]c1cc(-n3cc[nH+]c3-c3ccncc3)ccc21,5,0.2727272727272727,1.6153334021187469,0.999770555324746
43583679_1858,43583679,O=C1CCCc2c1[nH]c1cc(-n3ccnc3-c3ccncc3)ccc21,5,0.28,2.294969280840582,0.9996198035913478
33308690_1147,33308690,CC(C)(C)c1nnnn1CC(=O)N[C@]12C[C@H]3C[C@H](C[C@H](C3)C1)C2,5,0.5531914893617021,2.3780805284936073,0.9990437842774429
53808517_2665,53808517,CCCS(=O)(=O)N[C@H]1CC[N@H+](Cc2ccc(C)c(OC)c2)CC1,5,0.5,1.7596897453814238,0.9986814676735635
53808517_2666,53808517,CCCS(=O)(=O)[N-][C@H]1CC[N@H+](Cc2ccc(C)c(OC)c2)CC1,5,0.5,3.096770898855747,0.995210654080317
16664610_710,16664610,Cc1nc2cc(NC(=O)CCc3c(C)nc4c(c(C)nn4C)c3C)ccc2o1,5,0.639344262295082,2.12704513351287,0.999016051811523
177444469_2824,177444469,CC(=O)NCc1cc2n(n1)CC[N@H+](C1Cc3ccccc3C1)C2,5,0.3561643835616438,1.829724296171142,0.9989526590448428
177444469_2825,177444469,CC(=O)NCc1cc2n(n1)CCN(C1Cc3ccccc3C1)C2,5,0.4117647058823529,1.6959478175934704,0.999382722835345
177475488_3288,177475488,CS(=O)(=O)NCc1cc2n(n1)CC[N@H+](C1Cc3ccccc3C1)C2,5,0.32,2.244693074787699,0.9993002469105735
177475488_3290,177475488,CS(=O)(=O)[N-]Cc1cc2n(n1)CC[N@H+](C1Cc3ccccc3C1)C2,5,0.32,4.111927285349324,0.9978816761204933
177475488_3289,177475488,CS(=O)(=O)NCc1cc2n(n1)CCN(C1Cc3ccccc3C1)C2,5,0.37142857142857144,1.1935032467489646,0.9993126852234986
13535869_2868,13535869,COc1ccc(NC(C)=O)cc1NC(=O)C[N@@H+](Cc1ccccc1)C(C)C,5,0.3709677419354839,1.750749268170623,0.9988319992991737
13535869_2867,13535869,COc1ccc(NC(C)=O)cc1NC(=O)CN(Cc1ccccc1)C(C)C,5,0.36923076923076925,1.5240390414946199,0.9982850868446352
45766450_1952,45766450,COc1ccc(C(=O)N2CCCC2)cc1NC(C)C,5,0.3877551020408163,1.101453585041214,0.9990139307640781
48286431_743,48286431,Cc1nc(-c2ccc(Cl)c(Cl)c2)n(CC(C)(C)O)n1,5,0.36363636363636365,1.233525030147303,0.9991118066628109
48286431_744,48286431,Cc1nn(CC(C)(C)O)c(-c2ccc(Cl)c(Cl)c2)[nH+]1,5,0.3508771929824561,1.861080600081665,0.9986358178374675
43021930_3508,43021930,CCCCOc1ccccc1-c1cc(C(=O)NCc2ccccc2C)n[nH]1,5,0.640625,2.0683435401303343,0.9984628121387732
43021930_3509,43021930,CCCCOc1ccccc1-c1cc(C(=O)NCc2ccccc2C)[nH]n1,5,0.625,1.738903390070775,0.9987382953257096
303172217_2449,303172217,Cc1cc(Nc2cc(N)ncn2)c(=O)n2c1C(=O)NC21CCCCC1,5,0.26865671641791045,3.768974528966892,0.9989326310047801
303172217_2450,303172217,Cc1cc(Nc2cc(N)[nH+]cn2)c(=O)n2c1C(=O)NC21CCCCC1,5,0.23943661971830985,3.0785735333108515,0.9988165346316532
LN00194655_3012,LN00194655,C=C1C[C@@H]2[C@H](CC[C@]3(C)C(=O)CC[C@@H]23)[C@@]2(C)C=CC(=O)C=C12,5,0.3142857142857143,5.214259391322868,0.9985607575876932
49314549_838,49314549,CN(Cc1cccnc1)Cc1ccc(C#N)o1,5,0.3448275862068966,1.7467103366042107,0.9993963169878125
49314549_839,49314549,C[N@@H+](Cc1cccnc1)Cc1ccc(C#N)o1,5,0.35714285714285715,2.0020851630237533,0.9996535882956634
49911406_2690,49911406,Cc1cc(C)c(NC(=O)CN(C)c2ccc(C#N)nc2)c(C)c1,5,0.35384615384615387,1.634137387124951,0.9993205366965765
49352631_2016,49352631,CCN(C(=O)N1CCC(OC2CCOCC2)CC1)C(C)C,5,0.5,1.9813452500765911,0.999253669626476
53777863_3312,53777863,COC(=O)C1=NO[C@]2(CC[N@@H+](CCC(C)(C)C)CC2)C1,5,0.2571428571428571,1.7417674930942795,0.9986386918948591
53839716_3099,53839716,COC(=O)C1=NO[C@]2(CC[N@H+](CCCCCF)CC2)C1,5,0.3125,1.4063701504229462,0.9985828266161509
93438921_44,93438921,C=CC(=O)Nc1cccc(Oc2nc(Nc3ccc(N4CC[NH+](C)CC4)c(F)c3)nc3[nH]ccc23)c1,5,0.5681818181818182,4.4089973916980645,0.9982612404093975
93438921_45,93438921,C=CC(=O)Nc1cccc(Oc2nc(Nc3ccc(N4CC[NH+](C)CC4)c(F)c3)[nH+]c3[nH]ccc23)c1,5,0.4842105263157895,5.080206787129694,0.9976750601385579
14383848_1732,14383848,CCCNC(=O)c1c(C)nn(-c2ccccc2)c1C,5,0.5,0.8392323873631662,0.9994253547663773
32033566_390,32033566,COc1ccccc1CNC(=O)[C@H](C)N1CCCN(c2ccccc2C#N)CC1,5,0.4794520547945205,2.321860676268307,0.9988748030433361
32033566_391,32033566,COc1ccccc1CNC(=O)[C@@H](C)[N@H+]1CCCN(c2ccccc2C#N)CC1,5,0.49333333333333335,2.002368347732297,0.9992157627875816
24065064_1484,24065064,Cc1ccc(C(=O)Nc2cccc(C(=O)N(C)C)c2)cn1,5,0.5102040816326531,1.2625153464410508,0.9994199301628242
44529882_1142,44529882,COC1CCN(C(=O)Nc2cc(C(F)(F)F)cc(C(F)(F)F)c2)CC1,5,0.38095238095238093,1.7834379720081446,0.9987247544741855
3333585_1422,3333585,O=C(CSc1nnc(-c2cccs2)[nH]1)N1CCCCCC1,5,0.39622641509433965,1.9912455900772081,0.9989777148577006
602991_465,602991,CCOc1ccc(-c2csc(N)n2)cc1,5,0.43478260869565216,0.8659474579903137,0.998940238011321
23827295_1284,23827295,Cc1ccc(-c2ccccc2-c2nc3cnn([C@H]4CC[N@@H+](C)CC4)c3[nH]2)o1,5,0.5901639344262295,3.1414442538426446,0.9990945469364331
23827295_1283,23827295,Cc1ccc(-c2ccccc2-c2nc3c(cnn3[C@H]3CC[N@@H+](C)CC3)[nH]2)o1,5,0.5901639344262295,2.3701613869113793,0.9995620697911806
32446521_1248,32446521,O=C([O-])c1nc(-c2ccccc2)oc1-c1ccccc1,5,0.3076923076923077,1.8638151732401758,0.998364398024243
49929056_2627,49929056,CC(C)CCn1ccc(N[C@H]2CC[N@H+](C(C)C)CC2)[nH+]1,5,0.3508771929824561,2.411001659061976,0.9977139409239265
49929056_2626,49929056,CC(C)CCn1ccc(N[C@H]2CC[N@@H+](C(C)C)CC2)n1,5,0.375,2.062036129654121,0.9994252057989289
31929992_1907,31929992,Cc1nccc(-c2cccc(NCC(=O)N(C)c3ccccc3)c2)n1,5,0.5932203389830508,1.5606332048242189,0.9990777879785038
Z86139961_1477,Z86139961,Fc1cccc(Cl)c1C[NH2+]CCc1c[nH]c2ccccc12,5,0.5,1.280990241961543,0.9989678831524358
Z86139961_1478,Z86139961,Fc1cccc(Cl)c1CNCCc1c[nH]c2ccccc12,5,0.3448275862068966,1.2244549807971041,0.9994083560635174
49964694_3254,49964694,Cc1cc(C[N@H+]2C[C@@](O)(CC#N)C2)ccc1F,5,0.2923076923076923,1.759642577343428,0.9992472332075254
49964694_3253,49964694,Cc1cc(CN2CC(O)(CC#N)C2)ccc1F,5,0.27419354838709675,1.840811505831095,0.9975815201067885
31910305_3091,31910305,Cc1nc(C)c(C(=O)Nc2cccc(-c3cc[nH]n3)c2)s1,5,0.49056603773584906,1.6704071359994672,0.9992793988960715
31910305_3092,31910305,Cc1nc(C)c(C(=O)Nc2cccc(-c3ccn[nH]3)c2)s1,5,0.49056603773584906,1.2764677825934234,0.9993991763258209
31918332_2786,31918332,Cc1nc(Cc2ccccc2)sc1C(=O)Nc1cccc(-c2cc[nH]n2)c1,5,0.4032258064516129,1.9716490559935316,0.9983741660585561
31918332_2787,31918332,Cc1nc(Cc2ccccc2)sc1C(=O)Nc1cccc(-c2ccn[nH]2)c1,5,0.4032258064516129,2.4366189689817217,0.9983327969139746
11938711_1972,11938711,O=c1[nH]c2ccccc2n1C1CCN(Cc2nc(-c3ccsc3)no2)CC1,5,0.5223880597014925,2.119915564356609,0.9996048411492848
316806315_1446,316806315,CC(C)c1noc(C[N@H+]2CC[C@H](n3c(=O)[nH]c4ccccc43)CC2)n1,5,0.5303030303030303,2.211577265210773,0.9994854128338992
316806315_1445,316806315,CC(C)c1noc(CN2CCC(n3c(=O)[nH]c4ccccc43)CC2)n1,5,0.5230769230769231,1.8713439021195795,0.9993313185993249
11938711_1973,11938711,O=c1[nH]c2ccccc2n1[C@H]1CC[N@@H+](Cc2nc(-c3ccsc3)no2)CC1,5,0.5294117647058824,2.524458951934188,0.9995300759703157
72972985_3654,72972985,CC(C)(O)CNc1nc(Nc2ccnc(C(F)(F)F)c2)nc(-c2cccc(C(F)(F)F)n2)n1,5,0.3815789473684211,2.4637402460486566,0.9991039280711839
31378111_1219,31378111,CN(Cc1cnn(C)c1)C(=O)c1ccccc1-c1ccccc1C#N,5,0.4375,1.7458436356100224,0.998675282420728
13529886_2241,13529886,O=C1C[C@H](N2CCCN(c3ccc(C(F)(F)F)cn3)CC2)C(=O)N1c1ccccc1,5,0.5,1.902543297798799,0.9987757883733792
MCULE-3550646247_1645,MCULE-3550646247,N#CC1(NC(=O)CN2CCOCC2)CCCCCC1,5,0.40384615384615385,1.2585034763555742,0.9994107995995412
36368096_2395,36368096,c1ccc(-c2nc(CSc3ccc(-n4cccn4)nn3)cs2)cc1,5,0.3088235294117647,1.539167957046606,0.9984571782549206
Z29433525_164,Z29433525,O=C(Nc1nc2c(s1)COc1ccccc1-2)c1cnc(Cl)c(Cl)c1,5,0.28378378378378377,1.8385654734058843,0.9992563175571831
32093544_233,32093544,CC[N@H+]1CC[C@H](CNC(=O)c2cc(C)nc3cc(F)ccc23)CC1,5,0.44776119402985076,1.6619449449365777,0.9989146370707972
25831727_557,25831727,COC(=O)CC1=NN(c2ccc(OC)cc2)C(=O)/C1=C(/C)NCc1ccc(OC)cc1,5,0.42424242424242425,2.3007839968146175,0.9991871365504732
11880948_3259,11880948,CC[NH+]1CCN(c2ccc(Nc3ncnc4sccc34)cc2)CC1,5,0.3870967741935484,2.913751533675686,0.9975543408661399
11880948_3260,11880948,CCN1CCN(c2ccc(Nc3ncnc4sccc34)cc2)CC1,5,0.4,2.1913263107078493,0.9982404672101496
48340662_1496,48340662,CCC[N@H+]1CCCN(c2ncccc2C#N)CC1,5,0.3275862068965517,2.052732569040523,0.9979450709399296
49644632_960,49644632,O=C(NCC[N@H+]1CC[C@H](c2ccccc2)CC1)c1ccc2ncsc2c1,5,0.41935483870967744,2.3695826636774138,0.9975206714001318
11957669_640,11957669,Cc1sc2nc(C[N@H+]3CC[C@H](C)CC3)nc(N3CCN(c4cnccn4)CC3)c2c1C,5,0.5142857142857142,2.700451628894409,0.9987581557945094
11957669_641,11957669,Cc1sc2nc(CN3CCC(C)CC3)nc(N3CCN(c4cnccn4)CC3)c2c1C,5,0.5538461538461539,2.850299633371854,0.9986196388916352
50897900_2068,50897900,CCc1nc(C(N)=O)c(Nc2ccc(N3CCC(N4CC[NH+](C)CC4)CC3)c(OC)c2)nc1NC1CCOCC1,5,0.3368421052631579,5.4695752120249335,0.9977950912072312
50897900_2069,50897900,CCc1nc(C(N)=O)c(Nc2ccc(N3CCC([N@H+]4CC[N@@H+](C)CC4)CC3)c(OC)c2)nc1NC1CCOCC1,5,0.3229166666666667,7.799403054080252,0.9976859694131378
50897900_2070,50897900,CCc1nc(C(N)=O)c(Nc2ccc(N3CCC([NH+]4CCN(C)CC4)CC3)c(OC)c2)[nH+]c1NC1CCOCC1,5,0.2871287128712871,3.169334472724567,0.9980374554004727
50897900_2067,50897900,CCc1nc(C(N)=O)c(Nc2ccc(N3CCC([NH+]4CCN(C)CC4)CC3)c(OC)c2)nc1NC1CCOCC1,5,0.30927835051546393,5.156554372834449,0.997806655824549
29703212_3538,29703212,O=C([O-])c1ccc(-c2c[nH]c3ncc(-c4ccccc4)cc23)cc1C1CCCC1,5,0.33783783783783783,2.8880439747344875,0.99835075392561
362022_3404,362022,O=C(NC1CCCCC1)C1=CCN(C(=O)C2CC2)C1,5,0.35714285714285715,1.289031807210495,0.9987478109386339
362026_2798,362026,O=C(NC1CCCC1)C1=CCN(C(=O)C2CC2)C1,5,0.3392857142857143,1.1487388737220257,0.9991992581942192
300055299_1101,300055299,O=C([O-])CNc1nc(-c2ccccc2)nc2ccccc12,5,0.3424657534246575,1.7689140736619318,0.9988535879744942
300055299_1102,300055299,O=C([O-])CNc1nc(-c2ccccc2)[nH+]c2ccccc12,5,0.35526315789473684,2.658465911009608,0.9979024039821776
300055299_1103,300055299,O=C([O-])CNc1[nH+]c(-c2ccccc2)nc2ccccc12,5,0.3220338983050847,1.9407673740045586,0.9976034415718299
29577392_1312,29577392,O=C(NCc1ncc(-c2ccccc2)o1)C1CCCCC1,5,0.45,0.9235437185105794,0.9992915963522303
29954871_2757,29954871,c1ccc(OCCN2CCN(c3ncccn3)CC2)cc1,5,0.43478260869565216,1.3919561774713838,0.998794995138726
29954871_2756,29954871,c1ccc(OCC[NH+]2CCN(c3ncccn3)CC2)cc1,5,0.4583333333333333,1.5471480213605182,0.9987453498063947
1542039_3640,1542039,CCc1nnc2c3ccccc3nc(Nc3ccc(OC)cc3)n12,5,0.3150684931506849,1.3452929049099678,0.9993611670288813
1542039_3641,1542039,CCc1nnc2c3ccccc3[nH]/c(=N\c3ccc(OC)cc3)n12,5,0.2898550724637681,1.279758570981223,0.9993159695723766
142671_428,142671,CCCNC(=O)C1(Cc2ccccn2)CCOCC1,5,0.41935483870967744,1.4392334765422683,0.9991492667123852
43179665_980,43179665,CCCn1cnnc1Cn1cc[nH+]c1-c1ccc2occc2c1,5,0.3472222222222222,1.8691013883674719,0.999442804961065
43179665_981,43179665,CCCn1cnnc1Cn1ccnc1-c1ccc2occc2c1,5,0.3380281690140845,1.497753985139405,0.9995863205533452
32785534_2078,32785534,Cc1ccc(-n2cc[nH]c(=O)c2=O)cc1,5,0.35714285714285715,1.9999604996098945,0.9971673741092026
232902536_2280,232902536,COCC1(CNS(=O)(=O)c2ccccc2)CCC1,5,0.5882352941176471,1.419480186547337,0.9978561515719292
232902536_2281,232902536,COCC1(C[N-]S(=O)(=O)c2ccccc2)CCC1,5,0.5769230769230769,2.338327821328631,0.9953452537027833
24873612_1410,24873612,COc1ccc(-c2ccc(C[N@H+](CC[NH+]3CCOCC3)Cc3cccnc3)cc2)cc1,5,0.6333333333333333,2.5639914196425724,0.9990474449383464
24873612_1409,24873612,COc1ccc(-c2ccc(CN(CC[NH+]3CCOCC3)Cc3cccnc3)cc2)cc1,5,0.6333333333333333,2.582849008362555,0.9994783287190747
24873612_1408,24873612,COc1ccc(-c2ccc(C[N@H+](CCN3CCOCC3)Cc3cccnc3)cc2)cc1,5,0.6333333333333333,2.4192587707806883,0.9996584513970448
32441961_499,32441961,COc1ccc(Br)c(-c2nnc(N)o2)c1,5,0.3404255319148936,2.447635389513821,0.994610575793607
44440551_1508,44440551,Cc1ccc(-n2cc[nH+]c2-c2ccoc2)c2cccnc12,5,0.3333333333333333,2.618973653933571,0.9988372139300591
44440551_1507,44440551,Cc1ccc(-n2ccnc2-c2ccoc2)c2cccnc12,5,0.34545454545454546,0.7535137689520373,0.9996485044613329
73050302_2508,73050302,c1ccc(N2CCOCC2)c(CNc2cc(N3CCCC3)nc[nH+]2)c1,5,0.32857142857142857,3.6393502167281606,0.9923506793429127
73050302_2506,73050302,c1ccc(N2CCOCC2)c(CNc2cc(N3CCCC3)ncn2)c1,5,0.3333333333333333,1.8436960161589149,0.9992606493204347
73050302_2507,73050302,c1ccc(N2CCOCC2)c(CNc2cc(N3CCCC3)[nH+]cn2)c1,5,0.34328358208955223,1.5062546265487762,0.9987033965445352
49064492_2589,49064492,CC(C)n1cnnc1SC[C@]1(O)CC[C@H](C)CC1,5,0.5306122448979592,1.4663972858678662,0.9985734640113874
36682965_1472,36682965,CC(=O)NC1(C(=O)N2CCCN(c3cccnn3)CC2)CCCCC1,5,0.35384615384615387,1.737129816680367,0.999070980946525
326092_1750,326092,Fc1cccc(CC[NH2+]Cc2cc(-c3ccccc3)cn3nnnc23)c1,5,0.3088235294117647,1.525709015507272,0.9982233336808375
326092_1751,326092,Fc1cccc(CCNCc2cc(-c3ccccc3)cn3nnnc23)c1,5,0.34328358208955223,0.9111816503860252,0.9992680070499103
324412_2797,324412,c1cc(CNc2ncc(-c3cnccn3)c(C3CC3)[nH+]2)ccn1,5,0.3508771929824561,2.0620732285736216,0.9992300891894293
324412_2796,324412,c1cc(CNc2ncc(-c3cnccn3)c(C3CC3)n2)ccn1,5,0.3283582089552239,1.6724673389929552,0.9995937765920577
324396_3046,324396,C=CCNc1ncc(-c2cnccn2)c(C2CC2)[nH+]1,5,0.2676056338028169,1.5827684606414505,0.9995268798764134
324396_3045,324396,C=CCNc1ncc(-c2cnccn2)c(C2CC2)n1,5,0.2898550724637681,1.307791267748893,0.9991733157100942
6630813_862,6630813,Cc1ccc(CNC(=O)CN2CCC(n3nnc4cc(C)ccc43)CC2)cc1,5,0.375,1.7177074838280708,0.9984406793189678
6630813_863,6630813,Cc1ccc(CNC(=O)C[N@H+]2CC[C@H](n3nnc4cc(C)ccc43)CC2)cc1,5,0.3698630136986301,2.7194339484531542,0.9981104179302291
36256386_384,36256386,Cc1ccc(Cn2nccc2NC(=O)c2ccncc2)o1,5,0.39655172413793105,3.177295548104241,0.9992041652258787
49041586_2375,49041586,CC(C)c1nnc(C[N@@H+](C(C)C)C2CCOCC2)o1,5,0.3333333333333333,1.838417254053244,0.9976618977668763
49041586_2376,49041586,CC(C)c1nnc(CN(C(C)C)C2CCOCC2)o1,5,0.3275862068965517,1.5459663644462882,0.9990388673896681
43947755_3230,43947755,COc1ccccc1CNc1cnnc([O-])c1Cl,5,0.3389830508474576,2.198173105103462,0.9981001589059648
43947755_3231,43947755,COc1ccccc1CNc1cn[nH]c(=O)c1Cl,5,0.3559322033898305,2.2459632677317902,0.9983457655408372
11964390_252,11964390,COC(=O)c1c(C)[nH]c(C(=O)N(C)Cc2ccc(OC)c(F)c2)c1C,5,0.5084745762711864,1.7411924075187042,0.9992538855854867
23808246_1748,23808246,Cn1nc(C2CC2)c2[nH]c(-c3cccc(CN4CCOCC4)c3)nc21,5,0.2948717948717949,2.281308177340172,0.9987114517321176
23808246_1749,23808246,Cn1nc(C2CC2)c2nc(-c3cccc(C[NH+]4CCOCC4)c3)[nH]c21,5,0.32432432432432434,2.1511794439326515,0.9985550796375503
23808246_1747,23808246,Cn1nc(C2CC2)c2[nH]c(-c3cccc(C[NH+]4CCOCC4)c3)nc21,5,0.32432432432432434,2.406731601155448,0.9981635271954217
299989682_77,299989682,C[N@@H+]1[C@@H]2CC[C@H]1C[C@H](OC(c1ccccc1)c1ccccc1)C2,5,0.23636363636363636,1.4452892444073646,0.9989197860847917
16219171_3584,16219171,Cc1ccc(S(=O)(=O)Cc2nc(-c3ccc(C(=O)NCc4cccnc4)cc3)oc2C)cc1,5,0.44285714285714284,2.301227063981333,0.9985148207530041
30438633_1364,30438633,CN1C(=O)COc2ccc(NC(=O)CCN3C(=O)COc4ccc(Cl)cc43)cc21,5,0.5606060606060606,1.5348872922789447,0.9984562772111831
32148273_724,32148273,CC(C)C(=O)Nc1ncn(Cc2cccnc2)n1,5,0.5932203389830508,1.1294060385891003,0.9997975164712395
49155634_2175,49155634,COCC1(c2nc(-c3ccncc3)nn2Cc2cccc(Cl)c2)CC1,5,0.2716049382716049,1.1888687900687556,0.9988941974234372
49155634_2176,49155634,COCC1(c2[nH+]c(-c3ccncc3)nn2Cc2cccc(Cl)c2)CC1,5,0.2839506172839506,2.021151651905309,0.9985075044732589
36987134_531,36987134,C[S@](=O)Cc1c(C(=O)N[C@H]2CC[C@H](C)CC2)oc2ccccc12,5,0.4067796610169492,1.8025753798379893,0.998882538994524
1543632_1817,1543632,CCOc1ccc(C(=O)Nc2cc(C(=O)OC)ccc2N2CCN(C(C)=O)CC2)cc1,5,0.45614035087719296,1.8044162490951121,0.9984465481885195
1296389_266,1296389,CC(=O)Nc1ccc2[nH]c(C)cc(=O)c2c1,5,0.35384615384615387,1.1054795339579981,0.9992763940107164
324007832_126,324007832,C#C[C@@](C)(CC)NC(=O)c1cc(F)cnc1NC1CC(F)(F)C1,5,0.24,1.9730440947937244,0.9991640581206588
1313043_415,1313043,CCOC(=O)N1CCN(C(=O)c2ccc3c(c2)OCO3)CC1,5,0.5094339622641509,1.6979134253547739,0.9988261622411729
49943582_1594,49943582,CC[C@H](Nc1cnn(C)c1)c1ccc2c(c1)OCCO2,5,0.3225806451612903,1.3243164274449248,0.998763328643918
38813764_2240,38813764,Cc1cc(-n2cc[nH+]c2)ccc1C(=O)[O-],5,0.36666666666666664,3.587572577663088,0.9964325649084763
38813764_2239,38813764,Cc1cc(-n2ccnc2)ccc1C(=O)[O-],5,0.36065573770491804,3.5457561957923076,0.9933457538318683
46041909_1799,46041909,Cc1cc2cc(C(=O)N(Cc3ccc4c(c3)OCO4)C3CC3)ccc2o1,5,0.35384615384615387,1.992469573167552,0.9990873341646554
36913784_1647,36913784,O=C(CCCc1[nH]c2ccccc2[nH+]1)N1CCCC1,5,0.4583333333333333,1.0471418242053143,0.9988404974279282
36913784_1646,36913784,O=C(CCCc1nc2ccccc2[nH]1)N1CCCC1,5,0.4583333333333333,1.2484073854315967,0.9993450194839726
18894115_2095,18894115,Cc1cc(C)cc(C(=O)Nc2c(C#N)cnn2C)c1,5,0.5098039215686274,1.3554585939819555,0.9991919290737917
35754185_1983,35754185,COc1cccc(CN(C)c2ncnc3c2C[N@H+](C)CC3)c1,5,0.5076923076923077,1.2260216148176881,0.9988208088283629
35754185_1984,35754185,COc1cccc(CN(C)c2ncnc3c2CN(C)CC3)c1,5,0.5076923076923077,0.8998566552513473,0.9995617007055804
41630506_2749,41630506,Cc1cc(Cl)n(-c2ccc(C#N)cc2)n1,5,0.32608695652173914,0.8780797230319841,0.9984255600808122
32611176_3560,32611176,CCOC(=O)C1CCN(C(=O)c2cc3occc3c(Nc3ccc(F)cc3)n2)CC1,5,0.325,3.19647071001772,0.9987742889725069
151085_342,151085,COc1ccc(-c2cccc([C@H]3CCCN(CC(=O)Nc4ccccn4)C3)n2)cc1,5,0.49382716049382713,1.9676635891330405,0.9983900545360378
151085_343,151085,COc1ccc(-c2cccc([C@H]3CCC[N@@H+](CC(=O)Nc4ccccn4)C3)n2)cc1,5,0.4605263157894737,1.6683851473806406,0.9994200134812269
49985873_2183,49985873,COc1ncccc1CNc1[nH+]cnc2c1cnn2C,5,0.4126984126984127,2.589255105237758,0.9993812630213059
49985873_2182,49985873,COc1ncccc1CNc1ncnc2c1cnn2C,5,0.39344262295081966,2.7749349541923447,0.9998754004443481
39127879_3295,39127879,Cc1ccc(F)c(-c2noc(N)c2C)c1,5,0.28846153846153844,1.5860882699272207,0.9991870538951976
48755678_2079,48755678,Cc1nc(C)c(CNc2cnn(-c3ccccc3)c2)s1,5,0.45098039215686275,1.2892389227755061,0.999457566683764
323952813_2468,323952813,CC(C)n1cnnc1-c1cccc(N2Cc3ccc(Br)cc3C2=O)n1,5,0.35294117647058826,2.3373786599519732,0.9995552432083468
43371947_3662,43371947,CS(=O)(=O)N1CCc2c(cccc2NC(=O)c2ccc(F)cc2)C1,5,0.5,1.3651670227481394,0.9974552711643001
49956558_2396,49956558,CCS(=O)(=O)N(C)c1ccc(N(C)C)cc1,5,0.2857142857142857,1.0388281859868231,0.9975979419901769
89942308_64,89942308,COc1cc(F)ccc1-c1ncnc(Nc2cccc(C[S@@+](C)(N)=O)c2)n1,5,0.32432432432432434,2.0048673272810884,0.997689850345762
177380774_2985,177380774,Cc1cc(C)cc(OCCN(C)C(=O)NCCS(=O)(=O)N(C)C)c1,5,0.5517241379310345,1.6646555199199589,0.9981489361460145
31247054_1485,31247054,CC(C)c1noc(-c2ccc(N(C)Cc3cccnc3)nc2)n1,5,0.3787878787878788,1.1423296371887663,0.9994794510545882
29665183_3686,29665183,COc1cccc(-c2nnn(Cc3cc(F)cc4cccnc34)n2)c1,5,0.4067796610169492,1.3197060278712303,0.9990355684372587
31888771_1852,31888771,CC[N@@H+]1CCc2nc(NC(=O)Cc3ccc(Cl)cc3)sc2C1,5,0.4603174603174603,1.6921651810622518,0.9994704145651782
49948650_2427,49948650,CN(Cc1ccc(N)nc1)c1nc(C(F)(F)F)cs1,5,0.5,1.7392481134101636,0.9981245357794839
49948650_2428,49948650,CN(Cc1ccc(N)[nH+]c1)c1nc(C(F)(F)F)cs1,5,0.5106382978723404,1.3389566833916802,0.9987126536697115
49149249_879,49149249,Cc1ccccc1OC1CCN(C(=O)Nc2ccc3c(c2)[nH+]cn3C)CC1,5,0.4714285714285714,1.6959604948228697,0.9988389622088144
49149249_878,49149249,Cc1ccccc1OC1CCN(C(=O)Nc2ccc3c(c2)ncn3C)CC1,5,0.4714285714285714,2.257610240941237,0.9992987737656491
177428613_3365,177428613,Cc1nnc(C2CCN(C(=O)NC3CCN(c4ccc(F)cc4)CC3)CC2)[nH]1,5,0.45161290322580644,1.3618777478177286,0.9992885484074421
Z1169976242_382,Z1169976242,C#CC[N@H+]1CC[C@H](c2nc(Cc3noc(C)n3)no2)CC1,5,0.38596491228070173,1.9260314119969315,0.9993477417747124
Z1169976242_383,Z1169976242,C#CCN1CCC(c2nc(Cc3noc(C)n3)no2)CC1,5,0.33962264150943394,1.4061145045836367,0.9990357308987373
149593_917,149593,CNC(=O)CC1CCN(c2ncccn2)CC1,5,0.4772727272727273,1.5835816998185852,0.9982176902206538
209461_1872,209461,NC(=O)CC1CCN(c2ncccn2)CC1,5,0.5121951219512195,1.7277184377090542,0.9965177380209239
68933234_2965,68933234,Cc1cccc(-c2cccc(C(=O)NCCC3(O)CCCC3)c2)[nH+]1,5,0.373134328358209,2.085324914731344,0.9977775140978954
68933234_2964,68933234,Cc1cccc(-c2cccc(C(=O)NCCC3(O)CCCC3)c2)n1,5,0.4,2.157346981827441,0.9984753551914562
16298385_1470,16298385,Fc1ccccc1CNc1nc(-c2ccccc2)no1,5,0.5217391304347826,1.3064386705846582,0.9989431059190078
16298385_1471,16298385,Fc1ccccc1CNc1[nH+]c(-c2ccccc2)no1,5,0.5319148936170213,0.9681100144096862,0.9988403164284025
25670537_2201,25670537,O=C(c1ccccc1-c1ncc(-c2ccccc2F)o1)N1CCC1,5,0.3492063492063492,1.1053614793358906,0.9987432110476941
53755274_1062,53755274,Cc1cccn(Cc2cccc(C#N)c2)c1=O,5,0.6428571428571429,1.436357546017113,0.9986303491181965
276241702_3192,276241702,CC(C)Cc1ccccc1C[NH2+]Cc1ccc2[nH]c[nH+]c2c1,5,0.46153846153846156,3.129781462019341,0.9931170734450113
276241702_3190,276241702,CC(C)Cc1ccccc1C[NH2+]Cc1ccc2[nH]cnc2c1,5,0.5,2.18192827563144,0.9965663170671272
276241702_3191,276241702,CC(C)Cc1ccccc1C[NH2+]Cc1ccc2nc[nH]c2c1,5,0.5,2.1246376161595237,0.9975605133783271
49970980_3128,49970980,N#Cc1cc(Oc2ccc3c(c2)CCC3)ncn1,5,0.32,1.4574511998691049,0.9991272028196215
334892_3649,334892,COc1ccc(-c2[nH]c3ncccc3c2C[N@H+](C)CCOc2ccccc2OC)cc1,5,0.30303030303030304,2.2014084128121927,0.9985833760744339
334892_3650,334892,COc1ccc(-c2[nH]c3ncccc3c2CN(C)CCOc2ccccc2OC)cc1,5,0.2753623188405797,1.22986340704988,0.9991868875135845
49344419_2833,49344419,Cc1ccc(OCN2CCCCC2=O)nc1,5,0.4126984126984127,1.2224148232086065,0.9994931711625561
46075643_524,46075643,Cc1nc(N[C@H](c2nccn2C)C2CC2)c2sccc2[nH+]1,5,0.3150684931506849,3.155377473457075,0.9994007292391962
46075643_525,46075643,Cc1nc(N[C@H](c2nccn2C)C2CC2)c2sccc2n1,5,0.3142857142857143,3.115101121953671,0.9995999513183204
46075643_526,46075643,Cc1nc(N[C@@H](c2[nH+]ccn2C)C2CC2)c2sccc2[nH+]1,5,0.3150684931506849,3.094316564283585,0.9989757374089429
46075643_527,46075643,Cc1nc(N[C@@H](c2[nH+]ccn2C)C2CC2)c2sccc2n1,5,0.2916666666666667,3.1425954241673373,0.9996570829994867
33317735_1279,33317735,Cc1cnn(CC2CC2)c1NC(=O)/C=C/c1ccccc1,5,0.30158730158730157,1.451263242833216,0.9983658302106689
36997025_2137,36997025,Cc1cc(C)nc(-n2nc(C)c(CC(=O)NC3CCCCCC3)c2C)n1,5,0.4528301886792453,2.3943623368234745,0.9987916102542863
48280740_645,48280740,CN(CC1(O)CCCC1)c1ncccn1,5,0.36585365853658536,1.2191874343182676,0.9979404940991169
23280366_2136,23280366,COc1ccc(CC(=O)N2CCc3[nH]c4ccc(Cl)cc4c3C2)cc1OC,5,0.4657534246575342,1.8081755998791722,0.9990572685945076
43571023_2142,43571023,Cc1ccc2c(c1)c(Cn1ccnc1-c1cccc(C)n1)nn2C,5,0.28,2.0539174764332238,0.9988795741868778
43571023_2141,43571023,Cc1ccc2c(c1)c(Cn1cc[nH+]c1-c1cccc(C)n1)nn2C,5,0.29577464788732394,9989.960902579898,0.17450860511303284
31929988_595,31929988,COc1cccc(NC(=O)CNc2cccc(-c3ccnc(C)n3)c2)c1,5,0.5873015873015873,1.8496321255859767,0.9989565139259053
29965110_775,29965110,CNC(=O)CN(C)c1cccc(F)c1C#N,5,0.3559322033898305,2.011248368551205,0.9968340835165007
32180530_398,32180530,CCCCOc1ccc(C(=O)NCc2cc(C)on2)cc1,5,0.35,1.6523958363539208,0.9984418421036477
48544545_20,48544545,N#Cc1ccc2c(c1)/C(=C1\C=CC(CN3CCOCC3)=CN1)C(=O)N2,5,0.28888888888888886,2.0676917081620942,0.999001255019874
48544545_19,48544545,N#Cc1ccc2c(c1)/C(=C1/C=CC(C[NH+]3CCOCC3)=CN1)C(=O)N2,5,0.29347826086956524,2.542892054334994,0.9986235881154559
29683420_1492,29683420,CN1CC(=O)N(CCCC(=O)Nc2cccc(C#Cc3cccs3)c2)C1=O,5,0.42424242424242425,2.594636390710448,0.9987691726315924
36890321_1563,36890321,Cc1ccc(-n2cc(C(=O)NCC[NH+](C)C)nn2)cc1C,5,0.2894736842105263,1.8018274057194847,0.9985550347412846
6180154_1318,6180154,Cc1cccc2sc(NC(=O)C(C)(C)C)nc12,5,0.5833333333333334,0.6438012115554407,0.9996017735331774
1933753_3135,1933753,C[NH+]1CCC(=C2c3ccccc3CCc3sccc32)CC1,5,0.25925925925925924,2.4211402272484626,0.9991104295054215
177503755_3050,177503755,Cc1cc(C(F)(F)F)nc(CCNC(=O)N(C)Cc2ccncc2C)n1,5,0.609375,1.606749202582262,0.9987966111619424
404346_2617,404346,COc1ccc2nc3c(cc2c1)CNCCO3,5,0.5,1.1087601183303613,0.9988153587906182
404346_2618,404346,COc1ccc2nc3c(cc2c1)C[NH2+]CCO3,5,0.5,1.4692913257759903,0.9982285060776381
11841196_1717,11841196,C[N@H+]1CC[C@H](OC(=O)Nc2ccc(Cl)c(Cl)c2)CC1,5,0.3333333333333333,1.5486180936565663,0.9985109896391562
14097435_1361,14097435,Cc1ccc(C(=O)N(C)C)cc1[N-]S(C)(=O)=O,5,0.44680851063829785,1.461811547361683,0.9966264374211637
14097435_1360,14097435,Cc1ccc(C(=O)N(C)C)cc1NS(C)(=O)=O,5,0.44680851063829785,1.5864119893644488,0.9969195932486262
73032016_255,73032016,CC(C)CNc1[nH+]nc(SCc2ccncc2)s1,5,0.288135593220339,1.0570009460734828,0.9990434404366265
73032016_254,73032016,CC(C)CNc1nnc(SCc2ccncc2)s1,5,0.3793103448275862,0.9792308205941951,0.9993719425180512
218757_2811,218757,Cn1cc(C[N@H+]2CCC[C@@H](c3ccnc(Nc4cnccn4)c3)C2)cn1,5,0.4125,4.134884037068385,0.9980664165900062
36260547_935,36260547,N#CCCC[N@H+]1CC[C@H](c2c[nH]c3ccccc32)CC1,5,0.3939393939393939,1.325211303905894,0.9991320223819256
49335777_1712,49335777,Cn1cc(CN2CCN(c3ccccc3O)CC2)c(-c2ccncc2)n1,5,0.328125,1.738753576560316,0.9991938552573171
49335777_1711,49335777,Cn1cc(C[NH+]2CCN(c3ccccc3O)CC2)c(-c2ccncc2)n1,5,0.35384615384615387,2.0783154236065005,0.9991677021931222
49948742_2706,49948742,CCOc1cc(N2CCOC3(CCCC3)C2)ncn1,5,0.3382352941176471,0.7752941377306489,0.9993532540078938
1536151_1816,1536151,COc1cc(OC)c(OC)cc1CNc1ccc(N2CCOCC2)c(C(=O)[O-])c1,5,0.3,2.252945849327241,0.9982129084186807
3473190_3528,3473190,c1ccc(Cc2ccccc2-c2nnc(-c3cccnc3)o2)cc1,5,0.39622641509433965,1.131464979573045,0.9988986671793273
53851976_421,53851976,Cc1cc(C)n(CCNC(=O)NC2CCOCC2)n1,5,0.4444444444444444,1.691916369091966,0.9994355957316613
43249441_1654,43249441,Cc1nc(N(C)C)cc(C2(C)CC[NH2+]CC2)n1,5,0.5,1.7582184164659955,0.9984588617299582
43249441_1655,43249441,Cc1nc(N(C)C)cc(C2(C)CC[NH2+]CC2)[nH+]1,5,0.5227272727272727,2.3058989570231208,0.9963506691828627
45475529_1431,45475529,CCN1CC[NH+](Cc2ccc(Nc3ncc(F)c(-c4cc(F)c5nc(C)n(C(C)C)c5c4)n3)nc2)CC1,5,0.27848101265822783,3.9325668462214267,0.9978189397016783
45475529_1430,45475529,CC[NH+]1CCN(Cc2ccc(Nc3ncc(F)c(-c4cc(F)c5nc(C)n(C(C)C)c5c4)n3)nc2)CC1,5,0.25,2.6727014423610096,0.9986736443153136
48339568_345,48339568,Cc1noc(C)c1C(=O)N1CCCN(c2ccc(F)cc2)CC1,5,0.4727272727272727,1.9569831373827322,0.9974995821317084
784983_2163,784983,O=C([O-])c1cc(/N=N/c2ccc(S(=O)(=O)/N=c3/cccc[nH]3)cc2)ccc1[O-],5,0.25675675675675674,3.999779243908361,0.9960945281779325
784983_2164,784983,O=C([O-])C1=C/C(=N/Nc2ccc(S(=O)(=O)/N=c3\cccc[nH]3)cc2)C=CC1=O,5,0.2894736842105263,2.285204586027312,0.9978232923510373
784983_2165,784983,O=C([O-])c1cc(/N=N/c2ccc(S(=O)(=O)/N=c3\cccc[nH]3)cc2)ccc1O,5,0.25675675675675674,1.7989663698915443,0.9983976191466751
784983_2166,784983,O=C(O)c1cc(/N=N/c2ccc(S(=O)(=O)/N=c3\cccc[nH]3)cc2)ccc1[O-],5,0.273972602739726,2.066640026709819,0.9991084812459391
48304378_304,48304378,Cc1cc(OCc2ncc(C(C)(C)C)o2)nn1C,5,0.3076923076923077,1.5093932555835303,0.9994759979651374
35720088_1026,35720088,CC(=O)N1CCN(CCNC(=O)N2CCc3sccc3C2)CC1,5,0.5964912280701754,1.5496948086634847,0.9990942371450932
35720088_1025,35720088,CC(=O)N1CC[NH+](CCNC(=O)N2CCc3sccc3C2)CC1,5,0.576271186440678,2.1805109492953085,0.9993636002187118
342116_1691,342116,COc1cccc(C[N@H+]2Cc3ccccc3OC3(CCOCC3)C2)c1,5,0.3333333333333333,2.162598437065901,0.9988966938987884
342116_1692,342116,COc1cccc(CN2Cc3ccccc3OC3(CCOCC3)C2)c1,5,0.3026315789473684,1.2360509698222089,0.9996116312105715
36467131_507,36467131,CCOc1ccc(-c2ccccc2NC(=O)COC)cc1,5,0.38596491228070173,0.7998274813983333,0.999096391830723
310422_3011,310422,COCC[N@H+]1CCOc2nc3c(C)cccc3cc2C1,5,0.3389830508474576,1.660124392929791,0.9976927312365047
310422_3010,310422,COCCN1CCOc2nc3c(C)cccc3cc2C1,5,0.3389830508474576,1.23034588632617,0.9985499887168884
14371708_3674,14371708,CC(C)NC(=O)c1cn(-c2ccccc2)nc1-c1ccccc1,5,0.4107142857142857,1.29230027470402,0.9995568061313348
45736512_1224,45736512,C[C@@H]1Cc2ccccc2N1C(=O)CN1CCC(n2c(=O)[nH]c3ccccc32)CC1,5,0.4696969696969697,2.5119597926716413,0.999190948636755
3596324_1976,3596324,O=C(CN1CCC(n2c(=O)[nH]c3ccccc32)CC1)N1CCc2ccccc21,5,0.49206349206349204,2.4315803503074247,0.9978390090809073
45736512_1225,45736512,C[C@@H]1Cc2ccccc2N1C(=O)C[N@H+]1CC[C@H](n2c(=O)[nH]c3ccccc32)CC1,5,0.47761194029850745,2.6348349094392813,0.9985768627057422
3596324_1977,3596324,O=C(C[N@H+]1CC[C@H](n2c(=O)[nH]c3ccccc32)CC1)N1CCc2ccccc21,5,0.49230769230769234,2.5767807434862653,0.9989143034775987
49946784_3003,49946784,Cc1ccc(CNc2[nH+]cnn2C)nc1,5,0.48936170212765956,2.1842119860490636,0.9990585220636887
49946784_3004,49946784,Cc1ccc(CNc2ncnn2C)nc1,5,0.4888888888888889,1.18663726555351,0.9994662174633516
50310131_876,50310131,COCc1ccccc1CNc1ccc2nnc(-c3ccccc3)n2n1,5,0.3548387096774194,1.7714959779800292,0.9996430624222667
43133355_765,43133355,CCc1ccccc1NC(=O)CCn1cc[nH+]c1-c1ccc2c(c1)OCO2,5,0.3783783783783784,2.30210164849421,0.9984841786237445
49326735_3400,49326735,COc1ccnc(N2CC(O)(C3CC3)C2)n1,5,0.46153846153846156,1.5463220880529263,0.9980070620542608
31863944_1881,31863944,CC(C)Cn1c(=O)[nH]c(=O)c2c1[nH+]c1n2CCCCC1,5,0.47058823529411764,1.791909316902786,0.9996051152064904
31863944_1882,31863944,CC(C)Cn1c(=O)[nH]c(=O)c2c1nc1n2CCCCC1,5,0.47058823529411764,2.2760542612153123,0.9993807973281352
50334305_1074,50334305,Cc1sc(NC(=O)CN2CCO[C@H]([C@@H]3CCCO3)C2)c(C)c1C,5,0.30666666666666664,1.948341602491709,0.9992209843995079
48784525_2237,48784525,NC(=O)COc1ccccc1C(=O)Nc1cccc(-c2ccc3ccccc3c2)n1,5,0.3898305084745763,1.9935192499698402,0.9975025076932865
271815_2482,271815,Cc1ncsc1-c1cncc(C[C@@H]2CCC[N@H+](C)C2)n1,5,0.4032258064516129,1.6328211782066082,0.9994489712362634
316875519_3478,316875519,Cn1c(-c2[nH]nc3c2CCCC3)nnc1N1CC[C@]2(CNC(=O)C2)C1,5,0.26666666666666666,2.7246174043340474,0.9986086240227219
316875519_3477,316875519,Cn1c(-c2n[nH]c3c2CCCC3)nnc1N1CC[C@]2(CNC(=O)C2)C1,5,0.26666666666666666,2.563026726352984,0.9988819250420584
222761300_2604,222761300,CN(Cc1cnc2ccccc2n1)S(=O)(=O)N1CCCCCC1,5,0.375,1.4826048023664764,0.9987040421174543
222761855_2417,222761855,CN(Cc1cnc2ccccc2n1)S(=O)(=O)N1CCCC1,5,0.38181818181818183,4.135200841555241,0.9907775928941145
425680_236,425680,Cc1cc(-c2cnn(CCNC(=O)c3sc(C)nc3C)c2C2CC2)on1,5,0.38961038961038963,2.0813685401676834,0.9995303590419876
35771333_2149,35771333,NC(=O)c1ccc(Oc2ccc(C(=O)N3CCCCCC3)cc2)cc1,5,0.46511627906976744,2.58346763091774,0.9974513352413347
232887379_2358,232887379,COCC1(CNC(=O)c2cc(Cl)cnc2[O-])CCC1,5,0.4444444444444444,2.3534578815013716,0.9977746628035823
232887379_2359,232887379,COCC1(CNC(=O)c2cc(Cl)c[nH]c2=O)CCC1,5,0.42857142857142855,2.233125612230561,0.9992897282085976
36303318_271,36303318,CN(CC#N)C(=O)c1cccc(C[NH+]2CCCC2)c1,5,0.41379310344827586,2.117693320573157,0.9984391037825099
4851238_2382,4851238,O=C([O-])c1csc(Cc2ccc(Cl)cc2)n1,5,0.3673469387755102,1.492442628713086,0.998495191046379
258223286_2304,258223286,c1nn(C2CCOCC2)cc1Nc1ncc2nnn(-c3ccc4cn[nH]c4c3)c2n1,5,0.32926829268292684,3.402837639382936,0.9991486204285985
36706256_2092,36706256,Cc1ccc(OCc2noc(-c3ccsc3)n2)cn1,5,0.3898305084745763,1.7390957420454671,0.9998027643082541
11894372_3113,11894372,O=C1NC2(CCCCC2)C(=O)N1Cc1csc(-c2ccccc2)n1,5,0.4262295081967213,2.1714476737882404,0.9992473897295566
2344317_735,2344317,Fc1ccccc1C[NH+]1CCN(c2ncccn2)CC1,5,0.5909090909090909,0.5103635958796431,0.9996989077394184
2344317_734,2344317,Fc1ccccc1CN1CCN(c2ncccn2)CC1,5,0.5714285714285714,0.3658442291474205,0.999786352292645
53790787_62,53790787,Cc1nnc(C[N@@H+](C)C[C@H](C)Oc2ccc(Cl)c(Cl)c2)n1C,5,0.26153846153846155,1.4157270217100826,0.9985347482376459
53790787_61,53790787,Cc1nnc(CN(C)C[C@@H](C)Oc2ccc(Cl)c(Cl)c2)n1C,5,0.25757575757575757,1.9146628946111013,0.995944167956841
48758078_2941,48758078,CCc1nnc(N2CC([NH+](C)C)C2)c(C#N)c1CC,5,0.5102040816326531,1.936518525602189,0.9980972270334434
48758078_2942,48758078,CCc1nnc(N2CC(N(C)C)C2)c(C#N)c1CC,5,0.5102040816326531,1.9141896457771712,0.9988544095474942
49008924_3184,49008924,CN(CC1CCC1)C(=O)C1CCN(c2ccc3nncn3n2)CC1,5,0.546875,1.799353217131019,0.9985547227498976
46603974_1990,46603974,Cc1nc2onc(C)c2c(NC2(c3cccc(Cl)c3)CC2)[nH+]1,5,0.3088235294117647,1.8586102334812862,0.998880344333515
46603974_1989,46603974,Cc1nc(NC2(c3cccc(Cl)c3)CC2)c2c(C)noc2n1,5,0.30158730158730157,1.676073089098302,0.99901326402134
48793753_2777,48793753,O=C(c1ccc([O-])cc1)N1CCN(c2ncnc3c2CCC3)CC1,5,0.39285714285714285,3.152041719267078,0.9975647142370332
48793753_2776,48793753,O=C(c1ccc(O)cc1)N1CCN(c2ncnc3c2CCC3)CC1,5,0.3508771929824561,1.6905315732039805,0.9987552821185286
48793753_2778,48793753,O=C(c1ccc(O)cc1)N1CCN(c2nc[nH+]c3c2CCC3)CC1,5,0.3448275862068966,2.10116562888314,0.9984278264203436
3434817_612,3434817,Cc1ccc2c(CC(=O)NCc3cccs3)coc2c1,5,0.46551724137931033,1.6478537556468822,0.9993703482493891
171974271_3034,171974271,CC(=O)N(C)[C@@H]1CO[C@@H]2CC[N@H+](C[C@]3(O)CC[C@@H](C(C)(C)C)CC3)C[C@@H]2C[C@@]1(C)O,5,0.3048780487804878,3.6686530225684764,0.9993029837010413
11813315_2065,11813315,O=C(NC1CCCCCC1)c1ccc(CSc2nc3ccccc3[nH]2)cc1,5,0.42857142857142855,2.5860320957021736,0.9980625926014975
11813315_2066,11813315,O=C(NC1CCCCCC1)c1ccc(CSc2[nH]c3ccccc3[nH+]2)cc1,5,0.42857142857142855,2.3176272349107894,0.9984433471131678
48755148_646,48755148,CCNC(=O)C1CN(c2nc(C3CC3)nc3c2CCC3)C1,5,0.2676056338028169,1.834594778145525,0.9992207889625765
48755148_647,48755148,CCNC(=O)C1CN(c2nc(C3CC3)[nH+]c3c2CCC3)C1,5,0.2876712328767123,1.6687998681688783,0.9988140872030933
177258756_2700,177258756,Cn1cc(C[N@H+](C)Cc2ccc(OC(F)(F)F)cc2)nn1,5,0.31746031746031744,1.3870468629428319,0.9987488392581242
177258756_2701,177258756,CN(Cc1ccc(OC(F)(F)F)cc1)Cc1cn(C)nn1,5,0.3225806451612903,1.7693476198870215,0.9981382646409812
222760478_2258,222760478,Cc1cnn(CC(=O)NCCCn2cc(Cl)cn2)c1,5,0.5555555555555556,1.524758997350179,0.9995052730203888
31908762_3246,31908762,NC(=O)c1cccc(Cn2cnc3c(oc4ccccc43)c2=O)c1,5,0.3157894736842105,1.553644425214546,0.9988087347456862
30431093_1929,30431093,Cn1ncc2c1CCc1sc(NC(=O)c3cccnc3)nc1-2,5,0.46774193548387094,1.4934416627378304,0.9996527016595244
49945934_1105,49945934,Cc1cnn(/C=C2/NN=C(c3ccccc3)S2)c1,5,0.3333333333333333,1.4550230238732722,0.9996911561676538
3330721_3670,3330721,CSCC(=O)Nc1nc(-c2ccc(C3CCCCC3)cc2)cs1,5,0.45,2.561712903508093,0.9977969617024623
2937124_1838,2937124,CCOC(=S)SCC(=O)Nc1nc(-c2ccc(C3CCCCC3)cc2)cs1,5,0.391304347826087,2.4524269611955605,0.9970127874086051
48309286_1281,48309286,Cc1nccn1CCCN1C(=O)SC(C)(C)C1=O,5,0.40816326530612246,1.0829995383203557,0.9994373296095058
48309286_1282,48309286,Cc1[nH+]ccn1CCCN1C(=O)SC(C)(C)C1=O,5,0.4,1.4148989363211097,0.998586877554446
31205261_1880,31205261,CCCC(=O)Nc1ccc(C)c2ncccc12,5,0.41818181818181815,1.1524608453218255,0.9992444001101117
104348771_2114,104348771,c1ccc2c(c1)CCN(Cc1nnc3n1CCC3)C2,5,0.39655172413793105,1.3720149416097722,0.9990270260974674
104348771_2113,104348771,c1ccc2c(c1)CC[N@H+](Cc1nnc3n1CCC3)C2,5,0.38333333333333336,1.2960362649248882,0.9989269099909438
44097664_3174,44097664,Cc1ccc(C(=O)[C@H]2CC[N@H+](CC(=O)NC(=O)Nc3ccccc3)CC2)c(C)c1,5,0.5645161290322581,2.871946726525282,0.9953961091493658
44097664_3173,44097664,Cc1ccc(C(=O)C2CCN(CC(=O)NC(=O)Nc3ccccc3)CC2)c(C)c1,5,0.5714285714285714,1.9290360286941848,0.9971890277421198
50136169_1215,50136169,CC(=O)Nc1ccc(C(=O)N2CCc3ncncc3C2)cc1,5,0.3492063492063492,1.6060663124540426,0.9993334558566562
46034633_348,46034633,Cc1nc(NCc2cc(-c3ccc(F)cc3)no2)c(C)c(C)[nH+]1,5,0.33766233766233766,1.4506639859046564,0.9990753170201296
46034633_349,46034633,Cc1nc(C)c(C)c(NCc2cc(-c3ccc(F)cc3)no2)n1,5,0.32894736842105265,1.3742292385188994,0.9995138570354216
36310332_487,36310332,Cc1ccnc(NC(=O)CN(C)C(=O)c2ccc(Cl)cc2)c1,5,0.49056603773584906,1.6702221409142173,0.9983273029057411
48306804_2959,48306804,Cc1ccc(O)c(CN2CCC(c3nc4ccccc4o3)CC2)n1,5,0.4225352112676056,1.7573326378350584,0.9985855351677015
48306804_2958,48306804,Cc1ccc([O-])c(C[N@H+]2CC[C@H](c3nc4ccccc4o3)CC2)n1,5,0.3972602739726027,3.297623538246694,0.9982084718802708
48306804_2955,48306804,Cc1ccc(O)c(C[N@H+]2CC[C@H](c3nc4ccccc4o3)CC2)n1,5,0.4166666666666667,1.5881656084931413,0.9993448559190254
48306804_2956,48306804,Cc1ccc([O-])c(C[N@H+]2CC[C@H](c3nc4ccccc4o3)CC2)[nH+]1,5,0.40540540540540543,2.4877304918339878,0.9966722291564339
48306804_2957,48306804,Cc1ccc([O-])c(CN2CCC(c3nc4ccccc4o3)CC2)[nH+]1,5,0.3918918918918919,1.6433228532459316,0.9984899548043565
49383433_2057,49383433,CCOC(=O)Nc1cc(-c2ccc(C)c(NS(C)(=O)=O)c2)nn2c(C)nnc12,5,0.2898550724637681,2.225434788979181,0.9987637380380846
49383433_2058,49383433,CCOC(=O)Nc1cc(-c2ccc(C)c([N-]S(C)(=O)=O)c2)nn2c(C)nnc12,5,0.28169014084507044,2.5018665032331286,0.9992674024972537
49055884_2902,49055884,CSC1(CNc2cc(C)[nH+]c(C)n2)CCOCC1,5,0.31343283582089554,1.478395752158361,0.9989026184605401
49055884_2903,49055884,CSC1(CNc2cc(C)nc(C)n2)CCOCC1,5,0.3230769230769231,0.9098637260608708,0.9993140881466531
177285116_1464,177285116,FC(F)(F)COc1ccc(CN2CCc3c(cnn3-c3ccccc3)C2)nn1,5,0.2987012987012987,1.6318118764124143,0.9989675141084228
177285116_1463,177285116,FC(F)(F)COc1ccc(C[N@@H+]2CCc3c(cnn3-c3ccccc3)C2)nn1,5,0.3037974683544304,1.2902631514536704,0.9989447192423732
30708810_1058,30708810,Cc1oc(C)c(C(=O)Nc2ccn(C)n2)c1C,5,0.4107142857142857,1.7574743241377346,0.9993917362138479
49316037_3167,49316037,N#Cc1ccc2[nH+]c(NCCn3ccnc3)ccc2c1,5,0.3283582089552239,2.3136376120731095,0.9990431189079934
49316037_3168,49316037,N#Cc1ccc2nc(NCCn3cc[nH+]c3)ccc2c1,5,0.30303030303030304,2.0436188490031655,0.998216880015232
49316037_3166,49316037,N#Cc1ccc2nc(NCCn3ccnc3)ccc2c1,5,0.3076923076923077,1.48577589158035,0.9994536612302211
49144354_884,49144354,Cc1ccc2nc(C)c(-c3nc(C)nn3CCO)cc2c1,5,0.3508771929824561,1.3924403039267286,0.9988782971863597
49144354_885,49144354,Cc1ccc2nc(C)c(-c3[nH+]c(C)nn3CCO)cc2c1,5,0.373134328358209,1.7400948250027777,0.9991782863387446
33351514_3574,33351514,Cc1ccc(C(N)=O)c(OCc2c(Cl)ccc3cccnc23)c1,5,0.3770491803278688,1.6146854182778811,0.9984957198739955
49078022_2527,49078022,CCCn1cc(NC(=O)Nc2ccc(N3CCSCC3)cc2)cn1,5,0.4918032786885246,2.261293214070304,0.9991075062370546
50550848_2982,50550848,COc1cn(-c2ccc(-n3cccn3)cc2F)nc(-c2ccnn2-c2ccccc2)c1=O,5,0.2916666666666667,1.6447066607762681,0.9988280443573283
2205552_1700,2205552,CN(CCOCCOc1ccccc1-c1ccccc1)Cc1ccccc1,5,0.3829787234042553,3.2359658527244872,0.9993247097679808
2205552_1699,2205552,C[N@@H+](CCOCCOc1ccccc1-c1ccccc1)Cc1ccccc1,5,0.391304347826087,2.3298860487156334,0.9976591266099926
301817626_3483,301817626,CN(C(=O)c1cc(N2CCNC2=O)ccc1F)[C@H]1CC[C@H]([NH3+])CC1,5,0.5,2.2009979554734405,0.9980264516154016
301693590_3472,301693590,CN(C(=O)c1cc(N2CCNC2=O)ccc1F)[C@H]1CC[NH2+]C1,5,0.463768115942029,1.7860988214543416,0.999525355671031
301693590_3473,301693590,CN(C(=O)c1cc(N2CCNC2=O)ccc1F)[C@@H]1CCNC1,5,0.47761194029850745,1.5793938710786288,0.9990254365528755
17660388_1668,17660388,Cn1c(=O)c2c([nH+]c3n2CCN3Cc2c(F)cccc2Cl)n(C)c1=O,5,0.3333333333333333,1.3621787694722567,0.9990444554492425
3347988_288,3347988,Cc1cc(C(=O)N(C)Cc2ccc(Br)cc2)no1,5,0.6444444444444445,1.5519455531685664,0.9976088371281655
2258308_1899,2258308,O=C(Nc1nc2ccccc2[nH]1)c1ccncc1,5,0.5217391304347826,2.0081274859925915,0.9991324084257088
27448206_3723,27448206,O=C(Nc1nc2ccccc2[nH]1)c1ccc(-n2cccc2)cc1,5,0.47058823529411764,2.568047312648584,0.9993982260744209
27448206_3724,27448206,O=C(Nc1[nH]c2ccccc2[nH+]1)c1ccc(-n2cccc2)cc1,5,0.47058823529411764,2.9273546078329806,0.9981061562753213
2258308_1900,2258308,O=C(Nc1[nH]c2ccccc2[nH+]1)c1ccncc1,5,0.5106382978723404,2.0483998633078744,0.9993907223411888
1152113_3617,1152113,COc1ccc(OCc2nn3c(-c4ccc(OC)cc4)nnc3s2)cc1,5,0.36363636363636365,1.4039244993946451,0.9985379023035805
35690264_1427,35690264,O=C(Nc1ccc(N2CCOCC2)[nH+]c1)N1CCc2sccc2C1,5,0.4,2.5414690633565495,0.998972948418007
35690264_1426,35690264,O=C(Nc1ccc(N2CCOCC2)nc1)N1CCc2sccc2C1,5,0.43283582089552236,2.602715697113505,0.9975246203251491
31362621_3572,31362621,COc1ccc2nc(C(=O)Nc3cnc4c(cnn4C(C)C)c3)ccc2c1,5,0.4626865671641791,1.7135358181263067,0.9993061779806899
48760182_2906,48760182,Cc1ncc(CCN2C(=O)NC3(CCCC3)C2=O)s1,5,0.4444444444444444,1.5595066527589811,0.9994419603141068
17107056_3635,17107056,O=c1c2cc(OCc3ccc(Cl)cc3)ccc2nc2n1CCCCC2,5,0.40625,1.49184147951427,0.9992137402291789
35743833_570,35743833,CNC(=O)c1ccc(CN(C)c2c(F)cc(C#N)cc2F)cc1,5,0.375,1.4965777627640338,0.9958046881058334
31873876_1021,31873876,O=S(=O)(N1CCOCC1)N1CC[NH+](Cc2ccccc2F)CC1,5,0.43859649122807015,1.624134846618519,0.9974343956975336
31873876_1020,31873876,O=S(=O)(N1CCOCC1)N1CCN(Cc2ccccc2F)CC1,5,0.43636363636363634,2.4507445807346198,0.9980123054563612
48754146_2891,48754146,O=c1n(CCn2cc[nH+]c2)nnn1-c1cccs1,5,0.4262295081967213,2.6350793156944965,0.9989503478159358
48754146_2890,48754146,O=c1n(CCn2ccnc2)nnn1-c1cccs1,5,0.43333333333333335,2.6708725166132488,0.9992518564564694
38477365_2397,38477365,Cc1ccc(C[NH3+])c(-n2cc(Cl)cn2)n1,5,0.22033898305084745,2.1619061034194615,0.9985226000659014
38477365_2398,38477365,Cc1ccc(CN)c(-n2cc(Cl)cn2)n1,5,0.22033898305084745,1.9545168200860707,0.9997457384656664
48276932_1550,48276932,O=C1CCCN1c1ccc(NCc2ccccn2)[nH+]c1,5,0.36764705882352944,1.797940766543853,0.9994007995330153
48276932_1549,48276932,O=C1CCCN1c1ccc(NCc2ccccn2)nc1,5,0.3582089552238806,1.4168352056606883,0.9995255559568964
35717800_1414,35717800,O=C([O-])c1cc(/C=C/c2csnn2)[nH+]c2ccccc12,5,0.48214285714285715,2.2046167467384876,0.9974205428983492
35717800_1413,35717800,O=C([O-])c1cc(/C=C/c2csnn2)nc2ccccc12,5,0.46153846153846156,1.7409026394373788,0.9982223489379006
26060327_1227,26060327,O=C(NCc1ccc(F)cc1)C1CCN(C(=O)/C=C/c2ccccc2)CC1,5,0.3870967741935484,0.997326927341313,0.9992805012858089
53752451_2017,53752451,O=C(NCc1ccc(F)cc1)C1CCN(C(=O)/C=C/c2ccc(F)cc2)CC1,5,0.36507936507936506,1.700474345587105,0.9992143927849076
29658437_1316,29658437,C#CCNC(=O)c1cc(C(C)C)nn1CC,5,0.35294117647058826,0.6604453043214427,0.9996691992900333
316977624_3497,316977624,CCc1c[nH]c2ncnc(N3CCC(C[NH+]4CCN(C)CC4)CC3)c12,5,0.3108108108108108,2.7104123302555077,0.9986160967067279
316977624_3498,316977624,CCc1c[nH]c2ncnc(N3CCC(CN4CC[NH+](C)CC4)CC3)c12,5,0.2835820895522388,3.116181798291239,0.9982038568411467
316977624_3499,316977624,CCc1c[nH]c2nc[nH+]c(N3CCC(C[NH+]4CCN(C)CC4)CC3)c12,5,0.3026315789473684,2.882576451717504,0.9983267909318976
316977624_3500,316977624,CCc1c[nH]c2nc[nH+]c(N3CCC(CN4CC[NH+](C)CC4)CC3)c12,5,0.2753623188405797,3.0760331597689614,0.9988852555648317
316977624_3501,316977624,CCc1c[nH]c2ncnc(N3CCC(C[N@H+]4CC[N@H+](C)CC4)CC3)c12,5,0.29333333333333333,3.3456316294535693,0.9979862349070199
316977624_3502,316977624,CCc1c[nH]c2nc[nH+]c(N3CCC(C[N@H+]4CC[N@H+](C)CC4)CC3)c12,5,0.2857142857142857,4.246835527778477,0.9973892021389539
300445634_2334,300445634,C[NH+](C)CCOc1cc(-c2cn[nH]c2)ccc1NC(=O)[C@@H]1COc2ccccc2O1,5,0.27906976744186046,2.398399466311063,0.9984425741973815
300445634_2335,300445634,CN(C)CCOc1cc(-c2cn[nH]c2)ccc1NC(=O)[C@H]1COc2ccccc2O1,5,0.27058823529411763,2.4239084141111245,0.9983108606539735
89942282_67,89942282,CCc1[nH+]c2c(C)cc(N3CC[NH+](CC(=O)N4CC(O)C4)CC3)cn2c1N(C)c1nc(-c2ccc(F)cc2)c(C#N)s1,5,0.2818181818181818,6.231250035105281,0.9989309274552376
89942282_66,89942282,CCc1[nH+]c2c(C)cc(N3CCN(CC(=O)N4CC(O)C4)CC3)cn2c1N(C)c1nc(-c2ccc(F)cc2)c(C#N)s1,5,0.26605504587155965,4.1630258226439905,0.998603715017936
16785188_2033,16785188,Cn1ncc2c(Oc3cccc(Oc4ccccn4)c3)ncnc21,5,0.3389830508474576,2.129490314606295,0.9986409258343459
16780289_1288,16780289,Cn1ncc2c(Oc3cccc(C(C)(C)C)c3)ncnc21,5,0.3333333333333333,1.221033578572049,0.9988941967862246
49953010_2720,49953010,Cc1nc(NCCN2C(=O)CCC2=O)c2c(C)csc2n1,5,0.4423076923076923,2.473578379595135,0.999332650516636
49953010_2721,49953010,Cc1nc(NCCN2C(=O)CCC2=O)c2c(C)csc2[nH+]1,5,0.42592592592592593,1.9117583529309703,0.9995238802956512
901943_117,901943,CCC1=C(C)CN(C(=O)NCCc2ccc(S(=O)(=O)/N=C(\[O-])N[C@H]3CC[C@H](C)CC3)cc2)C1=O,5,0.4935064935064935,3.1114541616422566,0.9971395064522214
901943_118,901943,CCC1=C(C)CN(C(=O)NCCc2ccc(S(=O)(=O)NC(=O)N[C@H]3CC[C@H](C)CC3)cc2)C1=O,5,0.47368421052631576,3.588422355297779,0.9969540997186358
49317565_3165,49317565,OC1(Cc2nc(-c3ccsc3)no2)CCCCC1,5,0.3333333333333333,1.1384801271872889,0.9989618896853334
29686205_476,29686205,CN(Cc1cnn(C)c1)c1ncnc2c1oc1ccccc12,5,0.359375,1.912224620697031,0.9992038466111915
43079475_474,43079475,Cc1nccc(-c2cccc(-n3ccnc3C(C)C)c2)n1,5,0.38095238095238093,1.5374049564118981,0.9990431281952032
43079475_475,43079475,Cc1nccc(-c2cccc(-n3cc[nH+]c3C(C)C)c2)n1,5,0.36363636363636365,1.700263508989405,0.9987890125356933
32394390_1093,32394390,COc1ccc(CCn2c(C3CC3)n[nH]c2=O)cc1,5,0.3484848484848485,2.0674564082468545,0.998015381685293
4899313_2454,4899313,O=c1c2oc3ccccc3c2ncn1Cc1ccc(Cl)cc1,5,0.3484848484848485,1.5786373871159545,0.9992859652122218
53747827_3376,53747827,O=c1c2oc3ccccc3c2ncn1Cc1ccc(F)c(F)c1,5,0.3148148148148148,1.008715519857726,0.9992895785014689
43251081_1637,43251081,O=C(NCC1CC1)c1ccc(-n2cc[nH+]c2)nc1,5,0.6296296296296297,2.538755403736522,0.9986311060527739
43251081_1636,43251081,O=C(NCC1CC1)c1ccc(-n2ccnc2)nc1,5,0.6226415094339622,1.4028278582928204,0.9990459226809358
32419804_2178,32419804,CCNc1ccnc(N(C)Cc2nc3ccccc3n2C)n1,5,0.3793103448275862,1.5342421582007966,0.9994443279835069
32419804_2181,32419804,CCNc1ccnc(N(C)Cc2[nH+]c3ccccc3n2C)n1,5,0.36065573770491804,1.492033846801197,0.9995636155839145
32419804_2180,32419804,CCNc1ccnc(N(C)Cc2nc3ccccc3n2C)[nH+]1,5,0.3548387096774194,1.575503094253081,0.9994614281188567
32419804_2179,32419804,CCNc1cc[nH+]c(N(C)Cc2nc3ccccc3n2C)n1,5,0.36065573770491804,1.9230564214293142,0.9993798615259862
44426195_1678,44426195,Cc1cc(C(=O)NCCC2=CSC3=[NH+]CCCN23)c2cccc(C)c2n1,5,0.31645569620253167,1.675235505831709,0.9994600460825712
44426195_1679,44426195,Cc1cc(C(=O)NCCC2=CSC3=NCCCN23)c2cccc(C)c2n1,5,0.3108108108108108,1.972836283121323,0.9992005373408274
177453659_3266,177453659,c1ccc2nc(N3CCCC4(CC[NH2+]CC4)CC3)cnc2c1,5,0.5094339622641509,1.9673545689577403,0.9986958321439235
177453659_3267,177453659,c1ccc2[nH+]c(N3CCCC4(CC[NH2+]CC4)CC3)cnc2c1,5,0.4666666666666667,2.345530004071367,0.9988685569726656
32434626_1842,32434626,c1ccc(Cc2nnc(CSc3ccccc3)[nH]2)cc1,5,0.34782608695652173,1.1388582001284957,0.999507004218109
32146291_3630,32146291,Cc1cc(C(=O)NC2CCN(c3nc(-c4cccs4)nc4ccccc34)CC2)on1,5,0.36486486486486486,2.4549450095684158,0.9993134420157401
32146291_3631,32146291,Cc1cc(C(=O)NC2CCN(c3nc(-c4cccs4)[nH+]c4ccccc34)CC2)on1,5,0.32051282051282054,2.7852581567963814,0.9988132094096056
44457145_1951,44457145,CNC(=O)c1ccccc1Nc1nc(Nc2ccc(N3CCOCC3)cc2OC)ncc1Cl,5,0.4772727272727273,2.1484315209010156,0.9989685591983343
106928257_174,106928257,O=C(Nc1nn2c(NC3CC3)cc(C(F)(F)F)cc2[nH+]1)c1cccnc1,5,0.3283582089552239,2.8874443717584386,0.9995427741314927
106928257_175,106928257,O=C(Nc1nc2cc(C(F)(F)F)cc(NC3CC3)n2n1)c1cccnc1,5,0.3333333333333333,2.3113054752669466,0.999330366948574
48817782_3129,48817782,O=C(Nc1cncc(Cl)c1Cl)c1cccc(-n2cccn2)n1,5,0.40625,3.745679377629997,0.9984063076222373
29618437_1331,29618437,Cc1ccc(CCNC(=O)c2ccncc2)o1,5,0.44680851063829785,1.2334309871253908,0.9994762782964214
50279769_2473,50279769,COc1cc(Br)c2c(=O)[nH]c(C)nc2c1,5,0.2923076923076923,1.3856803383173903,0.9989015682413398
50279769_2472,50279769,COc1cc(Br)c2c(=O)nc(C)[nH]c2c1,5,0.3076923076923077,1.237861058439052,0.9989920710582635
35741943_1583,35741943,Cc1cc(N(C)C)nc(N(C)Cc2csc(C)n2)[nH+]1,5,0.34545454545454546,1.7410824219435235,0.9994106268952637
35741943_1584,35741943,Cc1cc(N(C)C)nc(N(C)Cc2csc(C)n2)n1,5,0.375,1.2231483965570529,0.998829790157037
42960950_425,42960950,Cc1ccc(CNC/C=C/c2ccccc2)cn1,5,0.38461538461538464,1.1798944868079937,0.9985969277260142
42960950_424,42960950,Cc1ccc(C[NH2+]C/C=C/c2ccccc2)cn1,5,0.5106382978723404,1.3188385041389745,0.9985469941226156
32230796_1619,32230796,Cc1ccc(C)c(OCCN(C)C(=O)c2ccc3c(c2)nnn3C)c1,5,0.3382352941176471,1.9322310938396876,0.9981811214557711
49033160_2346,49033160,O=C(CC/C=C/c1ccccc1)Nc1ccccc1N1CCOC1=O,5,0.47619047619047616,1.761791417847296,0.9989090279988083
32278090_2004,32278090,COc1ccc2cc(-c3[nH]c(-c4ccc([S@@](C)=O)cc4)[nH+]c3-c3ccncc3)ccc2c1,5,0.4025974025974026,1.6636595204545417,0.9984745692884067
32278090_2005,32278090,COc1ccc2cc(-c3[nH]c(-c4ccc([S@](C)=O)cc4)nc3-c3ccncc3)ccc2c1,5,0.4,1.5032727630068923,0.9990914258107039
32278090_2006,32278090,COc1ccc2cc(-c3nc(-c4ccc([S@](C)=O)cc4)[nH]c3-c3ccncc3)ccc2c1,5,0.36363636363636365,1.8306583515226933,0.9993159067905039
49951746_2364,49951746,Cc1cccc(NCCc2cc(F)cc3c2OCOC3)n1,5,0.4393939393939394,1.5128069936378392,0.9988327810633181
49951746_2365,49951746,Cc1cccc(NCCc2cc(F)cc3c2OCOC3)[nH+]1,5,0.43283582089552236,1.440740434637182,0.9988949334136972
193725_1518,193725,COc1ccc(NC(=O)C[N@H+]2CC[C@@H](c3cc(-c4cnc(N)nc4)cc(C)[nH+]3)CC2)cc1,5,0.5061728395061729,3.13100974128163,0.9979920303974299
193725_1517,193725,COc1ccc(NC(=O)CN2CCC(c3cc(-c4cnc(N)nc4)cc(C)[nH+]3)CC2)cc1,5,0.43902439024390244,2.425141026827191,0.9979275402586898
193725_1515,193725,COc1ccc(NC(=O)CN2CCC(c3cc(-c4cnc(N)nc4)cc(C)n3)CC2)cc1,5,0.43209876543209874,1.5777566352260786,0.9986393021595514
193725_1516,193725,COc1ccc(NC(=O)C[N@H+]2CC[C@H](c3cc(-c4cnc(N)nc4)cc(C)n3)CC2)cc1,5,0.5,2.8706370373142653,0.998463950160687
33314123_1614,33314123,COCC(=O)Nc1cccc(-n2cccc2)c1,5,0.42,1.3670793685810778,0.9993982076733122
177405420_3019,177405420,Cc1cc(CNC(=O)N(C)Cc2c(C)nn(C)c2C)cnc1C,5,0.5454545454545454,1.4785891924397319,0.9995604536408218
30569846_3685,30569846,Cc1ccc(Cn2ccn(-c3ccc(F)c(F)c3)c(=O)c2=O)cc1,5,0.625,1.6265125268498961,0.9995736435723307
19991792_1925,19991792,C#CCNC(=O)CCc1c(C)nn(C)c1C,5,0.5306122448979592,0.7130021037846752,0.9996269910972861
198953_155,198953,Cc1cccnc1Nc1cccc([C@@H]2CCC[N@H+](CC(=O)Nc3nccs3)C2)n1,5,0.4819277108433735,2.2086944107331785,0.9994188532953064
198953_154,198953,Cc1cccnc1Nc1cccc([C@@H]2CCCN(CC(=O)Nc3nccs3)C2)n1,5,0.5,2.3676025848947853,0.9987910204889315
20650033_1920,20650033,Fc1ccccc1-c1noc(-c2ccc(NCCc3cnccn3)nc2)n1,5,0.2876712328767123,2.0205887755799345,0.9986813039402869
20650033_1921,20650033,Fc1ccccc1-c1noc(-c2ccc(NCCc3cnccn3)[nH+]c2)n1,5,0.27631578947368424,3.269378075414229,0.9982617195546493
53777805_1276,53777805,Cc1cccn(Cc2cccnc2)c1=O,5,0.5714285714285714,1.2262495667685778,0.9991225854448927
319188_3416,319188,CC(C)CC[N@H+]1CCc2[nH]c3cc(C4CC4)nn3c(=O)c2C1,5,0.2753623188405797,2.468958687382018,0.9990544885184076
319188_3417,319188,CC(C)CCN1CCc2[nH]c3cc(C4CC4)nn3c(=O)c2C1,5,0.28205128205128205,1.2264986750917748,0.999192638316365
411872_2802,411872,CCCC[N@H+]1CCc2[nH]c3cc(C4CC4)nn3c(=O)c2C1,5,0.2911392405063291,2.076121865401912,0.9995339984017121
411872_2803,411872,CCCCN1CCc2[nH]c3cc(C4CC4)nn3c(=O)c2C1,5,0.28378378378378377,1.883522497874438,0.9992438663201326
35765811_1252,35765811,CN1CCN(C(=O)C2(NC(=O)c3ccc(C(F)(F)F)cc3)CCCC2)CC1,5,0.323943661971831,2.245013585705192,0.998425250063465
35765811_1251,35765811,C[NH+]1CCN(C(=O)C2(NC(=O)c3ccc(C(F)(F)F)cc3)CCCC2)CC1,5,0.3333333333333333,1.9108715289105425,0.9989581038103322
183257_1800,183257,CCOc1ccccc1C(=O)N1CCC(c2nc(C(N)=O)c(-c3ccc(OC)cc3)[nH]2)CC1,5,0.6338028169014085,2.1976821881245874,0.9987656448179558
183257_1801,183257,CCOc1ccccc1C(=O)N1CCC(c2nc(-c3ccc(OC)cc3)c(C(N)=O)[nH]2)CC1,5,0.6338028169014085,2.2368377232155865,0.9991964813125724
531049_2643,531049,COc1cc([C@@H]2c3cc4c(cc3[C@H](O)[C@H]3COC(=O)[C@@H]23)OCO4)cc(OC)c1OC,5,0.2542372881355932,3.1775038945686602,0.9984597312054693
46622380_1681,46622380,CN(C)c1cnn(CCC(C#N)(c2ccccc2)c2ccccc2)c(=O)c1,5,0.24193548387096775,1.7140338386390612,0.9991988337634524
45748055_1042,45748055,CON(C)C(=O)c1cccc2c(C)c(C)[nH]c12,5,0.39215686274509803,1.4455338114346876,0.9997761604457914
31875350_1913,31875350,Cc1ccnc(NC(=O)CN2CCCC2=O)c1,5,0.4461538461538462,1.085094465934022,0.999568442902249
180601629_82,180601629,COc1ccccc1C(=O)Nc1ccc2cc[nH]c2c1,5,0.5294117647058824,2.168421315150721,0.9978726499392655
73016246_2305,73016246,C1CN(c2nc(N3CCSCC3)c3c([nH+]2)CCS3)CCS1,5,0.4418604651162791,2.3148023673739075,0.9995525824656618
73016246_2306,73016246,C1CN(c2nc3c(c(N4CCSCC4)n2)SCC3)CCS1,5,0.43902439024390244,1.9330072426146305,0.9981908589979168
31856931_389,31856931,CNC(=O)Cc1csc(-c2ccc(C)cc2)n1,5,0.4489795918367347,0.8226992159957278,0.9995459416754163
4742397_2154,4742397,Cc1ccc(-c2nc(CC(=O)NCCC(C)C)cs2)cc1,5,0.4444444444444444,1.2969676171746982,0.9993001413735415
45639971_869,45639971,O=C(COCC1CC1)N1CCCc2ncccc21,5,0.4918032786885246,0.7755501273289361,0.9992515958830938
48835672_1869,48835672,CC(C)(C)C(=O)N1CCC(CN2C(=O)C(=O)N(C3CCCC3)C2=O)CC1,5,0.41818181818181815,2.646547940241799,0.9988588783394194
49997748_2619,49997748,Cc1ccc(-n2nc(NCc3cnn(C)c3)cc2C)cc1,5,0.43859649122807015,1.9406449958713465,0.9989768691616955
31991615_2633,31991615,Cc1noc(C)c1CS(=O)(=O)[C@@H]1CCCc2ccccc21,5,0.39344262295081966,1.1865517266432768,0.9988918744201615
23998591_3664,23998591,Cc1ccsc1C(=O)Nc1nc2ccccc2s1,5,0.42,1.3828474247004299,0.999318194653847
49300421_2702,49300421,Cc1noc(NCc2ccc(F)cc2C)n1,5,0.4339622641509434,1.3376662513500381,0.9987976779850404
49300421_2703,49300421,Cc1noc(NCc2ccc(F)cc2C)[nH+]1,5,0.4444444444444444,2.1007015494828467,0.998924903921761
1269126_2488,1269126,COc1cccc(C(=O)Nc2nccs2)c1,5,0.39344262295081966,0.9526263695702845,0.9995312740548659
151187_2222,151187,COc1ccc(-c2cccc([C@H]3CCCN(C(=O)C4CCCC4)C3)n2)cc1,5,0.5737704918032787,1.7277360909583228,0.9992041157832815
151187_2223,151187,COc1ccc(-c2cccc([C@H]3CCCN(C(=O)C4CCCC4)C3)[nH+]2)cc1,5,0.5645161290322581,1.8318067583674764,0.9988310700428744
49837375_3419,49837375,Cc1c(C(=O)Nc2ccc(N3CCC(N4CCOCC4)CC3)c(C#N)c2)cnn1-c1ccc(Cl)cc1,5,0.30303030303030304,3.5487238551343716,0.9976133697472295
49837375_3418,49837375,Cc1c(C(=O)Nc2ccc(N3CCC([NH+]4CCOCC4)CC3)c(C#N)c2)cnn1-c1ccc(Cl)cc1,5,0.3137254901960784,2.627720114471874,0.9975975026271405
331526_2574,331526,COCCCNc1nnc(-c2cc[nH+]cc2)s1,5,0.32786885245901637,0.9459550729286772,0.9992882555522455
331526_2573,331526,COCCCNc1nnc(-c2ccncc2)s1,5,0.2857142857142857,1.0351758304764067,0.9992657554763229
6843283_2758,6843283,CCOc1c2c(c(OCC)c3ccccc13)C(=O)N(c1ccc(C/C([O-])=N\S(=O)(=O)c3ccccc3)cc1)C2,5,0.25316455696202533,3.008865899304936,0.9980853431848574
27432296_1932,27432296,O=C(c1cccc(N2CCNC2=O)c1)N1CCc2ccccc2C1,5,0.43478260869565216,2.1546995150138937,0.9984729509130021
14858512_934,14858512,N#Cc1ccc[nH+]c1NCCc1ccc(F)cc1,5,0.5,1.2163913843825507,0.997760797859415
14858512_933,14858512,N#Cc1cccnc1NCCc1ccc(F)cc1,5,0.5531914893617021,1.350415491617197,0.9993923551930571
50285533_3602,50285533,C=CC(=O)Nc1cc(-n2c(=O)ccc3cnc4ccc(-c5ccc(NS(C)(=O)=O)cc5)cc4c32)ccc1C,5,0.24271844660194175,2.4663718292260097,0.9989276974565098
50285533_3603,50285533,C=CC(=O)Nc1cc(-n2c(=O)ccc3cnc4ccc(-c5ccc([N-]S(C)(=O)=O)cc5)cc4c32)ccc1C,5,0.22580645161290322,3.079151668885295,0.9968014580421469
134495_3675,134495,O=C(Cn1cccc(C(=O)Nc2cccc(-n3cccn3)c2)c1=O)NC1CCCCC1,5,0.3142857142857143,2.7645182220415707,0.999158867930116
49924914_2707,49924914,CN(CCn1cnc(C#N)c1C#N)c1ccccc1,5,0.4716981132075472,1.6481544223767695,0.9990875497361134
315782_1814,315782,Cc1[nH]c2cc(-c3[nH+]ccn3C)nn2/c(=[NH+]/Cc2cccnc2)c1C,5,0.6190476190476191,4.401033969421833,0.9991743444329801
315782_1815,315782,Cc1[nH]c2cc(-c3[nH+]ccn3C)nn2/c(=N\Cc2cccnc2)c1C,5,0.6190476190476191,2.4337966225628156,0.9993642137299351
315782_1813,315782,Cc1nc2cc(-c3[nH+]ccn3C)nn2c(NCc2cccnc2)c1C,5,0.6129032258064516,2.6083199573675118,0.9993319005136079
82716591_2872,82716591,COc1cccc(C(=O)N(C)CC(F)(F)F)c1OCCC[NH3+],5,0.30434782608695654,2.262470331297056,0.9959564273663071
48258569_3371,48258569,Cc1cccc(C)c1OCCn1nnnc1C,5,0.3018867924528302,0.8873787241081627,0.9986274406569262
53751990_2929,53751990,Cc1ccc(F)cc1S(=O)(=O)Nc1ccc(C(=O)N2CCCC2)cc1,5,0.5,1.4570260807547135,0.9986671783927908
53751990_2928,53751990,Cc1ccc(F)cc1S(=O)(=O)[N-]c1ccc(C(=O)N2CCCC2)cc1,5,0.5,2.024371260416523,0.9953547637660024
33324457_336,33324457,CC(C)(C)c1cc(NC(=O)c2cccc3cn[nH]c23)n[nH]1,5,0.3050847457627119,3.374227911685783,0.9988382422406704
33324457_337,33324457,CC(C)(C)c1cc(NC(=O)c2cccc3cn[nH]c23)[nH]n1,5,0.30303030303030304,3.2319156857819893,0.9990340047063321
37038179_1011,37038179,CC(C)(C)c1ccc(C2=NC3(CCNCC3)NC2=O)cc1,5,0.42105263157894735,1.705778707804731,0.9987047777274907
37038179_1010,37038179,CC(C)(C)c1ccc(C2=NC3(CC[NH2+]CC3)NC2=O)cc1,5,0.41379310344827586,2.330380011929596,0.9990130910311972
232885372_2850,232885372,Cc1[nH]c(C[N@H+]2CC[C@H](CNC(=O)COc3ccccc3Cl)CC2)c[nH+]1,5,0.325,2.408993565786188,0.9967593710263825
232885372_2849,232885372,Cc1ncc(C[N@H+]2CC[C@H](CNC(=O)COc3ccccc3Cl)CC2)[nH]1,5,0.4189189189189189,2.237280715511693,0.9989522804969441
232885372_2848,232885372,Cc1nc(C[N@H+]2CC[C@H](CNC(=O)COc3ccccc3Cl)CC2)c[nH]1,5,0.41333333333333333,2.337369889427151,0.9984739484310412
41560058_1450,41560058,CCC1(O)CN(c2ncccc2C#N)C1,5,0.41509433962264153,0.8090315197816035,0.9990221411372976
82721257_2546,82721257,O=C(NCc1nnc(-c2cnccn2)[nH]1)C1Cc2ccccc2C1,5,0.3333333333333333,3.9946544281074874,0.9987382937675608
49936164_820,49936164,CN(Cc1ccncc1)Cc1cc2ccccc2[nH]c1=O,5,0.2982456140350877,1.099367545454762,0.9989662379180472
49936164_819,49936164,C[N@@H+](Cc1ccncc1)Cc1cc2ccccc2[nH]c1=O,5,0.2982456140350877,1.330748285740278,0.9994925226544006
31600959_948,31600959,Cc1nc2ncccn2c1C(=O)N(CC#Cc1ccccc1)C1CCCC1,5,0.31645569620253167,2.0680592351286062,0.9985221442269321
31600959_947,31600959,Cc1[nH+]c2ncccn2c1C(=O)N(CC#Cc1ccccc1)C1CCCC1,5,0.3125,2.256047871832732,0.9983418011177491
MCULE-3611790330_135,MCULE-3611790330,CCOc1cc(CC(=O)N[C@@H](CC(C)C)c2ccccc2N2CCCCC2)ccc1C(=O)[O-],5,0.29545454545454547,3.5841261138526583,0.9971263943374237
36368094_3423,36368094,c1ccn2cc(CSc3ccc(-n4cccn4)nn3)[nH+]c2c1,5,0.27631578947368424,2.472079893531272,0.9988992480295383
32042022_2691,32042022,Cc1[nH]c(-c2ccccc2)nc(=O)c1C,5,0.3137254901960784,1.830033333029754,0.9993061239273503
29261445_125,29261445,COc1ccc(CNC(=O)c2sc3nc(C)cc(C)c3c2N)cc1,5,0.43548387096774194,2.0619432581911723,0.9988646931789327
32402718_643,32402718,Cc1ccncc1-c1ccc(-c2cc[nH]n2)cc1,5,0.425531914893617,1.9712825774101683,0.997520541399491
32402718_644,32402718,Cc1ccncc1-c1ccc(-c2ccn[nH]2)cc1,5,0.43478260869565216,2.0131430649611026,0.9978391885799214
49915301_285,49915301,CCNC(=O)C1CN(c2cccc(C#N)n2)C1,5,0.3055555555555556,0.9812818147708121,0.9993456867373621
24053614_3247,24053614,Cn1c(=O)n(Cc2cccnc2)c(=O)c2ccc(C(F)(F)F)nc21,5,0.36363636363636365,1.6664774225888295,0.9984767547772574
11654209_574,11654209,Brc1ccc(-c2nnc(Cn3cnc4ccccc43)o2)o1,5,0.5849056603773585,1.2781247982892907,0.999568023658004
11654209_575,11654209,Brc1ccc(-c2nnc(Cn3c[nH+]c4ccccc43)o2)o1,5,0.5925925925925926,2.736989587119466,0.998317510774235
32113613_1713,32113613,Cc1cccc(C)c1OCC(=O)N(C)C1(C#N)CCC1,5,0.48148148148148145,2.0179558964457014,0.9996189454101748
36907186_1237,36907186,COc1ccc(C(=O)N(C)Cc2nccn2C)c(F)c1,5,0.4057971014492754,1.3380265318745759,0.9992733907801407
36907186_1238,36907186,COc1ccc(C(=O)N(C)Cc2[nH+]ccn2C)c(F)c1,5,0.39705882352941174,1.4854541393122043,0.998700789421171
50897886_2447,50897886,Cc1c(C[N@H+]2CC[C@H](Nc3ncnc4sc(CC(F)(F)F)cc34)CC2)ccc2[nH]c(C#N)cc12,5,0.32098765432098764,3.3907012549038718,0.9987873425142825
50897890_1369,50897890,Cc1c(C[N@H+]2CC[C@H](Nc3nc[nH+]c4sc(CC(F)(F)F)cc34)CC2)ccc2c1cc(C#N)n2Cc1cn[nH]c1,5,0.2708333333333333,6.218206252610395,0.9973530730659482
50897890_1368,50897890,Cc1c(C[N@H+]2CC[C@@H](Nc3ncnc4sc(CC(F)(F)F)cc34)CC2)ccc2c1cc(C#N)n2Cc1cn[nH]c1,5,0.2872340425531915,6.569633779747447,0.9973297149120863
50897886_2448,50897886,Cc1c(C[N@H+]2CC[C@H](Nc3nc[nH+]c4sc(CC(F)(F)F)cc34)CC2)ccc2[nH]c(C#N)cc12,5,0.3132530120481928,5.388107274358881,0.9983999870965325
49165262_500,49165262,CCCn1ccnc1CNc1nc2c(s1)c(C)nn2C,5,0.2833333333333333,1.2848630277191386,0.9996941747132575
49165262_501,49165262,CCCn1cc[nH+]c1CNc1nc2c(s1)c(C)nn2C,5,0.29508196721311475,1.7109868497447278,0.9994163140371742
43423042_3541,43423042,COc1ccc(C(C)(C)C)cc1NC(=O)C1(C#N)CCCC1,5,0.3484848484848485,1.2576959091923812,0.9991488592548995
29936179_3446,29936179,C[C@@H](CCc1ccccc1)[NH2+]C[C@H](O)c1ccc([O-])c(C(N)=O)c1,5,0.28125,3.666946958983558,0.9968386682816776
29936179_3447,29936179,C[C@H](CCc1ccccc1)[NH2+]C[C@@H](O)c1ccc(O)c(C(N)=O)c1,5,0.2698412698412698,3.317276141656,0.9947609211991882
43241548_1437,43241548,CC(=O)Nc1cc(CCC2CC[NH2+]CC2)ccn1,5,0.3114754098360656,2.359235469384132,0.9983894629150801
3035918_2022,3035918,O=C(COc1ncnc2ccccc12)N[C@]12C[C@H]3C[C@H](C[C@H](C3)C1)C2,5,0.5416666666666666,2.0985256729425807,0.9984762054435985
165629_802,165629,OCC[N@H+]1CC[C@H](c2ccncn2)CC1,5,0.3877551020408163,1.7472624302034019,0.9983556350997882
49973650_2631,49973650,CCCc1nn(CCC[NH+]2CCCCC2)c(=O)o1,5,0.288135593220339,0.9935461740662456,0.9991703534988188
49961090_2632,49961090,COCc1nn(CCC[NH+]2CCCCC2)c(=O)o1,5,0.2857142857142857,2.1566075210847666,0.9989921019204481
1520446_452,1520446,Cc1ccc2[nH]c(-c3ccc(N(C)C)cc3)[nH+]c2c1,5,0.4166666666666667,1.9727234981110766,0.9977284781650895
1520446_450,1520446,Cc1ccc2nc(-c3ccc(N(C)C)cc3)[nH]c2c1,5,0.425531914893617,1.341461889134102,0.9989870270741986
1520446_451,1520446,Cc1ccc2[nH]c(-c3ccc(N(C)C)cc3)nc2c1,5,0.4166666666666667,1.304132661963323,0.9992983452894837
48210605_3383,48210605,c1ccc2nc(NCCn3ccnc3)cnc2c1,5,0.3090909090909091,2.1001968955320964,0.9994926203412672
48210605_3384,48210605,c1ccc2nc(NCCn3cc[nH+]c3)cnc2c1,5,0.2878787878787879,2.0127590516496245,0.9990699800710661
32063538_251,32063538,Cc1ccc(C(=O)N2CCN(C(=O)NCC(=O)N3CCCC3)CC2)cc1F,5,0.47058823529411764,1.6362512032081526,0.9990312998217589
27425362_1810,27425362,Cc1cc(C)n(-c2cccc(NC(=O)c3ccc(F)c(F)c3)c2)n1,5,0.43103448275862066,1.4857065659143063,0.9991041914198155
25649639_1111,25649639,COc1ccc2nc(C)c(C(=O)Nc3ccccc3N3CCCC3)cc2c1,5,0.3939393939393939,1.8219344115524128,0.9994812605766888
25002955_3663,25002955,Cc1cc(NC(=O)N2Cc3cc4c(cc3C3(CCCC3)C2)OCCO4)no1,5,0.3125,2.1435528918127975,0.9986320502866023
36275216_763,36275216,N#CCCC[NH+]1CCN(c2cc(C#N)ccn2)CC1,5,0.39655172413793105,1.4511474769987764,0.9982022255067072
36275216_764,36275216,N#CCCCN1CCN(c2cc(C#N)ccn2)CC1,5,0.36538461538461536,1.6469963570086574,0.9984372530014199
82711525_3211,82711525,Cc1cc(C)c2ccc(C(=O)N3CCN(c4ncc[nH]c4=O)CC3)cc2n1,5,0.6229508196721312,2.024955555068188,0.9990981421027546
82711525_3212,82711525,Cc1cc(C)c2ccc(C(=O)N3CCN(c4nccnc4[O-])CC3)cc2n1,5,0.6,2.152010223023661,0.9978935342038174
36268414_1569,36268414,Cc1nccc(-c2cccc(NCc3cc(C)on3)c2)n1,5,0.5254237288135594,1.2819348657400358,0.999311369542055
49064812_2998,49064812,CC(C)=CCOc1cccc(C(=O)NN2CCOCC2)c1,5,0.4716981132075472,1.4955330153493454,0.9987795528218592
46092427_401,46092427,COc1ccc(Cc2[nH+]cnn2-c2ccc3c(c2)OCO3)c(OC)c1,5,0.45588235294117646,1.48588828651427,0.9992940810616512
46092427_400,46092427,COc1ccc(Cc2ncnn2-c2ccc3c(c2)OCO3)c(OC)c1,5,0.4411764705882353,1.1287931608578463,0.9990898459329449
48755664_2461,48755664,COc1ccc2[nH+]c(C)nc(NCc3ncc(C)o3)c2c1,5,0.41935483870967744,1.7823891269866856,0.9990953395959583
48755664_2462,48755664,COc1ccc2nc(C)[nH+]c(NCc3ncc(C)o3)c2c1,5,0.41935483870967744,1.8144089946866835,0.9996463246609482
48755664_2460,48755664,COc1ccc2nc(C)nc(NCc3ncc(C)o3)c2c1,5,0.4,1.2843947991174292,0.9993798745595994
36640365_3388,36640365,N#Cc1cnc2cc(F)cc(F)c2c1N[C@H]1CC[N@H+](CC(N)=O)CC1,5,0.3582089552238806,2.1737414749686934,0.9993420655438789
36640365_3387,36640365,N#Cc1cnc2cc(F)cc(F)c2c1NC1CCN(CC(N)=O)CC1,5,0.3582089552238806,1.5780497457301357,0.998553332630706
36640365_3389,36640365,N#Cc1c[nH+]c2cc(F)cc(F)c2c1NC1CCN(CC(N)=O)CC1,5,0.36363636363636365,2.8006493889809514,0.9973708196808914
53880265_1005,53880265,O=C(NC1CCCC1)N1CCN(c2[nH+]ccn3nc4c(c23)CCCC4)CC1,5,0.5606060606060606,2.5351863836810855,0.9988774129845904
53880265_1004,53880265,O=C(NC1CCCC1)N1CCN(c2nccn3nc4c(c23)CCCC4)CC1,5,0.5692307692307692,2.94898389280089,0.9988614294419753
44435341_988,44435341,O=C(CCCc1ccc(F)cc1)N1CCN(c2ccccc2)C(=O)C1,5,0.3939393939393939,1.4461203269434002,0.9990872812487923
37009025_359,37009025,CC(C)(C)C(=O)N1CCN(C(=O)CCN2CCOC2=O)CC1,5,0.328125,1.4025786965445284,0.9988122005542812
104336618_2611,104336618,CN1CCCn2c1cc(OCc1cc(F)c(Oc3ccc(C(F)(F)F)nc3)c(F)c1)nc2=O,5,0.5714285714285714,1.3935774108386063,0.9986655956320131
49159718_945,49159718,CS(=O)(=O)CCc1nc(C2(c3ccccc3)CC2)nn1-c1ccccc1,5,0.34375,1.7025049192293302,0.9983279445784476
49159718_946,49159718,CS(=O)(=O)CCc1[nH+]c(C2(c3ccccc3)CC2)nn1-c1ccccc1,5,0.35384615384615387,1.568979604711423,0.9979222473124968
314102886_630,314102886,CCOC(=O)CNC(=O)c1ccc(O)cc1[O-],5,0.40384615384615385,2.7052626489860407,0.9985749462418942
314102886_631,314102886,CCOC(=O)CNC(=O)c1ccc(O)cc1O,5,0.38,3.3137812239193836,0.9971890239767346
314102886_632,314102886,CCOC(=O)CNC(=O)c1ccc([O-])cc1O,5,0.40384615384615385,2.56683306819908,0.9992292872138018
49913437_2932,49913437,CS(=O)(=O)NCC[N@@H+]1CCc2c(Cl)cc(Cl)cc2C1,5,0.2631578947368421,1.7673641390500348,0.9982379786668035
49913437_2933,49913437,CS(=O)(=O)[N-]CC[N@@H+]1CCc2c(Cl)cc(Cl)cc2C1,5,0.2631578947368421,1.8384963965151357,0.9963521729780611
50615550_2687,50615550,CC(C)N1CC[NH+](CCCSc2ccccn2)CC1,5,0.3442622950819672,2.644187398805176,0.9989718033323982
50615550_2685,50615550,CC(C)[NH+]1CCN(CCCSc2ccccn2)CC1,5,0.3442622950819672,2.3058655641645154,0.9982681542581602
50615550_2686,50615550,CC(C)[N@H+]1CC[N@H+](CCCSc2ccccn2)CC1,5,0.2903225806451613,2.2766312832780633,0.996859009379855
49960790_3177,49960790,CC1(C)CCCN1C(=O)c1c(F)cc(C#N)cc1F,5,0.34615384615384615,1.6568596802384739,0.9978515254371719
46038339_2093,46038339,c1cnc(N2CC(c3nc4ccccc4[nH]3)C2)nc1,5,0.38333333333333336,1.5268123656822008,0.9997151679360432
46038339_2094,46038339,c1cnc(N2CC(c3[nH]c4ccccc4[nH+]3)C2)nc1,5,0.3770491803278688,1.8612678474633173,0.9990576895633365
42946564_1850,42946564,COc1cc(CNc2nc3ccccc3nc2C)ccn1,5,0.3709677419354839,1.488431053156798,0.9995683048886496
42946564_1851,42946564,COc1cc(CNc2[nH+]c3ccccc3nc2C)ccn1,5,0.3582089552238806,1.5393748731219545,0.9994308591727198
1422270_564,1422270,O=C(Cc1ccc(Cl)cc1)NCc1ccncc1,5,0.39622641509433965,1.3597676272067807,0.9978090106605871
42653736_1435,42653736,O=c1[nH]c2ccccc2n1[C@H]1CC[N@@H+](CCOc2ccccc2)CC1,5,0.6363636363636364,1.889046320236563,0.9993453051538604
42653736_1436,42653736,O=c1[nH]c2ccccc2n1C1CCN(CCOc2ccccc2)CC1,5,0.6296296296296297,1.7226090676646568,0.999193020194961
11312507_2504,11312507,CCC[N@H+](CCc1cccs1)[C@H]1CCc2c(O)cccc2C1,5,0.23170731707317074,1.6740916940241002,0.9986289026669415
11312507_2505,11312507,CCC[N@@H+](CCc1cccs1)[C@H]1CCc2c([O-])cccc2C1,5,0.2236842105263158,3.339905387881561,0.9969258649481448
44598735_1265,44598735,CCOCC(=O)N1CCC2(CCc3ccccc3O2)CC1,5,0.64,1.7635648556259027,0.9997154984132692
31378890_1924,31378890,O=C(NCC1(c2ccccc2)CC1)c1cccnc1,5,0.46938775510204084,0.8731540528452768,0.9991139045422869
24010647_2384,24010647,O=C(c1cc(F)ccc1F)N1CCN(C(=O)C2CC2)CC1,5,0.46938775510204084,1.6065434945870078,0.9989009893664995
53784330_2528,53784330,COc1cccc(F)c1NC(=O)N1CCC([NH+]2CC=CC2)CC1,5,0.5344827586206896,0.9524258501318064,0.9995105059564617
29703109_3336,29703109,CN(C)c1ccnc2sc3c(=O)n(N4CCCCCC4)cnc3c12,5,0.22058823529411764,1.6625639837307233,0.9991795648632071
29703109_3337,29703109,CN(C)c1cc[nH+]c2sc3c(=O)n(N4CCCCCC4)cnc3c12,5,0.21428571428571427,1.6450474157299158,0.9985940531025751
24093551_1319,24093551,Cc1cccc(NC(=O)c2ccccc2-c2ccccc2)n1,5,0.5333333333333333,0.32998939376769454,0.9998599663966066
24093551_1320,24093551,Cc1cccc(NC(=O)c2ccccc2-c2ccccc2)[nH+]1,5,0.5217391304347826,1.1795634785805615,0.9988547852082635
33368543_1986,33368543,O=C([O-])c1cnc(/C=C/c2csc(-c3ccsc3)n2)s1,5,0.5166666666666667,1.835819980281007,0.9992189036910294
276236010_3048,276236010,CCC(C)(C)[NH+]1CCN(C(=O)NCCc2cc(C)no2)CC1,5,0.4,2.353718972180052,0.9989760819680942
49003848_2318,49003848,CC(=O)Nc1ccc(C[NH2+]CCOc2ccc(F)cc2F)cc1,5,0.3709677419354839,1.8701024036130784,0.9975641427926648
49003848_2319,49003848,CC(=O)Nc1ccc(CNCCOc2ccc(F)cc2F)cc1,5,0.3548387096774194,2.0509675765355726,0.9982743078328283
324071116_3450,324071116,N#Cc1cc(F)c(NS(=O)(=O)c2c[nH]c3cc(Cl)ccc23)cc1F,5,0.5,3.5573365036218187,0.9984459142444242
324071116_3449,324071116,N#Cc1cc(F)c([N-]S(=O)(=O)c2c[nH]c3cc(Cl)ccc23)cc1F,5,0.49206349206349204,2.397367514587885,0.9992989203105094
45688619_756,45688619,COCc1ccccc1CNc1ccc2cc(C#N)ccc2[nH+]1,5,0.375,1.7042567294866127,0.9985067234524416
45688619_755,45688619,COCc1ccccc1CNc1ccc2cc(C#N)ccc2n1,5,0.3709677419354839,0.8027209976076208,0.9992771470250748
315631672_1542,315631672,COc1c(N)ncnc1N1CCCC(C)(C)CC1,5,0.29310344827586204,1.752429741815664,0.9983213704699779
315631672_1543,315631672,COc1c(N)nc[nH+]c1N1CCCC(C)(C)CC1,5,0.3220338983050847,1.899022380068067,0.9983123074482468
31931312_344,31931312,O=C1CCCN1CCc1nc(-c2ccc3[nH]c(=O)oc3c2)cs1,5,0.5901639344262295,3.06643490066264,0.998026591423825
313516125_3618,313516125,N#Cc1c(C2CC2)[nH]c(SCc2cccc(F)c2F)nc1=O,5,0.24242424242424243,0.8526253573517828,0.9993088012097243
314274_1768,314274,CC[NH+](CC)CCCNc1ncc(-c2cc(C)no2)c(-c2ccco2)n1,5,0.5373134328358209,4.105667424426898,0.9986336214144226
49954362_3216,49954362,N#CCN1CCC(CNC(=O)c2c(F)ccc(F)c2F)CC1,5,0.39344262295081966,1.469340668463173,0.9977589412023746
10645209_3718,10645209,Cc1cn(-c2cc(NC(=O)c3ccc(C)c(Nc4nccc(-c5cccnc5)n4)c3)cc(C(F)(F)F)c2)c[nH+]1,5,0.28846153846153844,1.284777023455747,0.9994968144888031
10645209_3717,10645209,Cc1cn(-c2cc(NC(=O)c3ccc(C)c(Nc4nccc(-c5cccnc5)n4)c3)cc(C(F)(F)F)c2)cn1,5,0.29213483146067415,1.7194478764997312,0.9994061290156975
30658737_2073,30658737,CN(Cc1cccc(C#N)c1)c1cnc2ccccc2n1,5,0.47058823529411764,1.5289996729888744,0.9994543667112571
30658737_2074,30658737,CN(Cc1cccc(C#N)c1)c1cnc2ccccc2[nH+]1,5,0.4727272727272727,1.8889338262629307,0.9973374741302214
31965105_725,31965105,Cc1csc(NC(=O)CCc2ccncc2)n1,5,0.5652173913043478,1.2708662400112463,0.9991934156582785
23998049_813,23998049,O=C(Cc1ccc2c(c1)CCC2)Nc1nc2ccccc2o1,5,0.33783783783783783,1.2247081284939243,0.999372698482185
17091023_258,17091023,Cc1nn(-c2ccc(C(=O)[O-])cc2C#Cc2ccccc2)c(C)c1C,5,0.3064516129032258,2.2934066364252432,0.9961461178380828
348408_3044,348408,Cc1ccc(=O)n(CC2(O)CCN(Cc3cccs3)CC2)n1,5,0.34328358208955223,1.4568658139997617,0.9992614281569222
348408_3043,348408,Cc1ccc(=O)n(C[C@]2(O)CC[N@H+](Cc3cccs3)CC2)n1,5,0.3188405797101449,2.312619078014982,0.9990004827810124
32378112_1327,32378112,O=C(NCC1=CCC[N@@H+](Cc2cc(F)ccc2Cl)C1)c1ccco1,5,0.4266666666666667,2.655029001725179,0.9986476472052427
32378112_1328,32378112,O=C(NCC1=CCCN(Cc2cc(F)ccc2Cl)C1)c1ccco1,5,0.42105263157894735,1.9404396409063311,0.9979213093590327
36922856_1834,36922856,O=C(CN1CCCc2ccc(F)cc21)N1CCNC1=O,5,0.6,1.7389232300477464,0.9975460281535731
46223555_1423,46223555,Cc1nc(N(C)C)nc(C)c1NC(=O)C1CCCCC1,5,0.5869565217391305,1.526726891097403,0.9989115715450306
25855068_2655,25855068,CC(C)(C(=O)c1ccccc1)/[N+]([O-])=C/c1ccc(F)cc1,5,0.26,1.9673916742732838,0.998296993090727
35762433_2111,35762433,Cc1nn(C)c(C)c1NC(=O)C[NH+]1CCC2(CCCCC2)CC1,5,0.38095238095238093,1.7630357341811795,0.9987119970274516
35762433_2112,35762433,Cc1nn(C)c(C)c1NC(=O)CN1CCC2(CCCCC2)CC1,5,0.5357142857142857,2.198147401791094,0.9991965571188534
157723_785,157723,CNC(=O)c1cn(C)nc1C[C@H]1CC[N@H+](Cc2cnc(-c3ccc(OC)cc3)nc2)CC1,5,0.39436619718309857,2.277470965786489,0.9982016515981784
301023837_3313,301023837,COc1cc(CN2CCC[NH2+]CC2)cc2c1OCO2,5,0.328125,1.3600272056103009,0.9989208814177823
301023837_3314,301023837,COc1cc(C[N@H+]2CCC[NH2+]CC2)cc2c1OCO2,5,0.3125,1.9353335629803285,0.9984140558486468
301023837_3315,301023837,COc1cc(C[N@@H+]2CCCNCC2)cc2c1OCO2,5,0.3125,1.4196605228015462,0.9996947965279642
29590164_1667,29590164,N#Cc1ccc(CCC(=O)Nc2cc[nH+]cc2)cc1,5,0.44680851063829785,2.719509514600036,0.995045232776002
29590164_1666,29590164,N#Cc1ccc(CCC(=O)Nc2ccncc2)cc1,5,0.44680851063829785,1.580272128463968,0.9972989451413604
49330914_3303,49330914,c1cc(-c2noc(CN3CCOCC3)n2)ccn1,5,0.6458333333333334,1.4641656327066648,0.9988747751560504
310428_2780,310428,COc1cc2cc3c(nc2cc1OC)OCC[N@@H+](C1CCCCC1)C3,5,0.2898550724637681,2.0442458267047767,0.9989545320465921
310428_2781,310428,COc1cc2cc3c(nc2cc1OC)OCCN(C1CCCCC1)C3,5,0.3283582089552239,0.8937376572576836,0.999480291278964
27429921_447,27429921,Cc1nc(C(C)C)sc1C(=O)Nc1nc(C(C)(C)C)cs1,5,0.4897959183673469,1.3196275989835338,0.9991943333480698
30039419_1794,30039419,Nc1ccccc1OCCn1ccnc1,5,0.4666666666666667,1.3442611353454375,0.9995045598255742
30039419_1795,30039419,Nc1ccccc1OCCn1cc[nH+]c1,5,0.45652173913043476,1.9646371166198335,0.9978671086736193
32007436_2116,32007436,Cc1cc(C)n(-c2ccc(CNC(=O)c3ccc4c(c3)CCO4)cn2)n1,5,0.5538461538461539,1.5406855616903075,0.9991820683790138
23971521_697,23971521,Cc1cccc(C(=O)NCC#Cc2ccccc2)n1,5,0.5869565217391305,0.8737265018298487,0.9990508996474751
161275_261,161275,Cc1cc(C)nc(Nc2ccc([C@@H]3CCCN(CC(=O)N4CCCC4)C3)[nH+]c2)n1,5,0.5352112676056338,2.858733985525606,0.9986016029369559
161275_259,161275,Cc1cc(C)nc(Nc2ccc([C@H]3CCCN(CC(=O)N4CCCC4)C3)nc2)n1,5,0.6268656716417911,2.2019189358372393,0.9984624226258444
161275_260,161275,Cc1cc(C)nc(Nc2ccc([C@H]3CCC[N@@H+](CC(=O)N4CCCC4)C3)nc2)n1,5,0.5757575757575758,1.2782847882998716,0.9993042626630999
48337674_81,48337674,CC(=O)N1CCN(c2nc(C(F)(F)F)nc3sc(C)c(C)c23)CC1,5,0.36363636363636365,2.5211822623524394,0.9994057085315763
82741579_2587,82741579,O=C(NCCc1cnn[nH]1)C1Cc2ccccc2C1,5,0.3384615384615385,1.6839976247015642,0.9987767610119357
82741579_2588,82741579,O=C(NCCc1c[nH]nn1)C1Cc2ccccc2C1,5,0.3181818181818182,1.7143173568509666,0.9986088134760273
49955148_1151,49955148,Cc1cc(C)c(CC(=O)N2CC(CO)C2)c(C)c1,5,0.4888888888888889,1.9266424162255662,0.9987343419432501
232838302_2412,232838302,Cc1nn(C)c(C)c1-c1cc(C(C)(C)C)nc(N(C)C)n1,5,0.5833333333333334,1.3214537449336423,0.9994708765021162
232838302_2413,232838302,Cc1nn(C)c(C)c1-c1cc(C(C)(C)C)[nH+]c(N(C)C)n1,5,0.44642857142857145,2.1054788054025164,0.9982373695497672
49146795_760,49146795,Cn1cc(C#N)cc1-c1[nH+]c(C2CC2)nn1CCc1ccccc1,5,0.36923076923076925,1.5099920529595239,0.998671302511599
49146795_761,49146795,Cn1cc(C#N)cc1-c1nc(C2CC2)nn1CCc1ccccc1,5,0.36507936507936506,1.7066200514467866,0.9982926655761656
31854715_1833,31854715,CNC(=O)CCc1nc(-c2ccccn2)no1,5,0.32857142857142857,1.0339970986414868,0.9993948642837496
300566847_3141,300566847,CCN(CC)C(=O)c1ccc(C2=CC3(CC[NH2+]CC3)Oc3cccc(O)c32)cc1,5,0.31666666666666665,1.5414194756781952,0.9990974920388818
300566847_3142,300566847,CCN(CC)C(=O)c1ccc(C2=CC3(CC[NH2+]CC3)Oc3cccc([O-])c32)cc1,5,0.3114754098360656,3.5424439303961375,0.9972193417273808
17400037_1615,17400037,CO[C@H]1CC[C@H](C(=O)c2ccc3nc4c(cc3c2)CCCO4)CC1,5,0.26373626373626374,1.3165485179056808,0.9989196303945976
53827576_3287,53827576,CCN(CC(N)=O)CC(=O)N1c2ccccc2CCc2ccccc21,5,0.5636363636363636,1.6579511452389541,0.998654658473547
2908077_1395,2908077,COc1ccc(-c2cn3c4ccccc4nc3n2CCO)cc1,5,0.3283582089552239,1.4524861445121675,0.9996874054505749
2908077_1394,2908077,COc1ccc(-c2cn3c4ccccc4[nH+]c3n2CCO)cc1,5,0.3235294117647059,1.6162153321884267,0.9994354572473767
45748880_1660,45748880,CON(C)C(=O)Cc1c(C)[nH]c2ccccc12,5,0.3220338983050847,1.6975656099251417,0.9996213062285535
50283346_16,50283346,CC1(C)CC[C@]2(NC(=O)C(C)(F)F)CC[C@]3(C)[C@H](C(=O)C=C4[C@@]5(C)C=C(C#N)C(=O)C(C)(C)[C@@H]5CC[C@]43C)[C@@H]2C1,5,0.18947368421052632,12.37440087438586,0.9986572842464502
50347911_2274,50347911,CC(C)n1cnnc1SCOCc1ccccc1,5,0.49019607843137253,1.6394849801080955,0.9982536577838182
50613596_2522,50613596,CCCNC(=O)C1([NH2+]Cc2csnn2)CCCCC1,5,0.6,2.0085985163792333,0.998517459520611
50613596_2521,50613596,CCCNC(=O)C1(NCc2csnn2)CCCCC1,5,0.5882352941176471,1.9256915640877663,0.9986909531740534
11478087_1724,11478087,Cc1ccc2c(c1)cc(CNCCc1ccccc1)c1nnnn12,5,0.2835820895522388,1.7050000000000929,0.9996612495161409
11478087_1723,11478087,Cc1ccc2c(c1)cc(C[NH2+]CCc1ccccc1)c1nnnn12,5,0.30303030303030304,1.3186447588339514,0.9989917294011509
3247549_446,3247549,Cc1sc2ncnc(OCC(=O)NC3CCCCC3)c2c1C,5,0.5396825396825397,1.6683674655184884,0.9991161088001758
152649_2043,152649,CCCC(=O)N1CCC(c2cccc(C)[nH+]2)CC1,5,0.4745762711864407,1.9193222762214264,0.9987339399538446
152649_2042,152649,CCCC(=O)N1CCC(c2cccc(C)n2)CC1,5,0.4745762711864407,1.4995092530557816,0.9989890058755169
MCULE-8889700922_1263,MCULE-8889700922,Cc1ccc(C)c(S(=O)(=O)N2CCC[N@H+](CCn3cccn3)CC2)c1,5,0.5,1.7849859943430173,0.9989657796962955
MCULE-8889700922_1264,MCULE-8889700922,Cc1ccc(C)c(S(=O)(=O)N2CCCN(CCn3cccn3)CC2)c1,5,0.4426229508196721,1.757618843776823,0.9993896371711466
32389082_731,32389082,Cc1ccc2c(C(=O)N(C)C)cc(-c3cnc(C(C)C)nc3)nc2c1C,5,0.2753623188405797,1.608114112866458,0.9986282556358528
177495339_2491,177495339,Cc1cnn(CCNC(=O)C2(Cn3cccn3)CC2)c1,5,0.38333333333333336,1.5915935410773836,0.999489253870604
23671374_358,23671374,Cc1ccc(C(=O)Nc2ncccc2C)s1,5,0.41818181818181815,1.3327760502049466,0.9997928591666723
31274390_1860,31274390,Cc1ccccc1-n1cc[nH]c(=O)c1=O,5,0.30434782608695654,2.040811603259879,0.9982305839159407
42901988_949,42901988,CC(C)c1noc2nc(C3CC3)cc(C(=O)N3CCN(C)C(=O)C3)c12,5,0.3,2.5517746765729576,0.9995081639949499
44811321_2969,44811321,N#Cc1cc(C[N@H+]2CC[C@H](Nc3ncnc4sc(Cl)cc34)CC2)ccc1F,5,0.3424657534246575,2.891003286058393,0.9991762353175234
44811321_2970,44811321,N#Cc1cc(C[N@H+]2CC[C@@H](Nc3nc[nH+]c4sc(Cl)cc34)CC2)ccc1F,5,0.32,2.987686395858717,0.9983385976542413
1527912_399,1527912,COc1cccc(C(=O)Cn2cc(-c3ccc(F)cc3)[n+](C)c2N)c1,5,0.3291139240506329,1.7031773248842128,0.9979542850330061
82728121_3122,82728121,Cc1cc2[nH]c(CCC(=O)N3CCc4[nH]ncc4C3)[nH+]c2cc1C,5,0.47368421052631576,2.852417220534239,0.9981515089026054
82728121_3120,82728121,Cc1cc2nc(CCC(=O)N3CCc4[nH]ncc4C3)[nH]c2cc1C,5,0.47297297297297297,2.315202582928821,0.9991362566207771
82728121_3121,82728121,Cc1cc2nc(CCC(=O)N3CCc4n[nH]cc4C3)[nH]c2cc1C,5,0.4605263157894737,2.1562949705454764,0.9987663002471319
49343751_3081,49343751,O=C(Nc1nnc2n1CCCC2)c1cscn1,5,0.5185185185185185,1.4622999008415714,0.9997562668675545
228285_1884,228285,CCn1nccc1-c1cc(CC2CC[NH2+]CC2)ncn1,5,0.3728813559322034,1.2459526475749454,0.9992055373310614
48278518_2108,48278518,Cc1nnnn1CCN(C)c1ccccc1,5,0.25,1.572227400855298,0.9980537726503398
43495449_3595,43495449,O=c1[nH]c2nc(N3CCc4ccccc4C3)ncc2c(=O)n1-c1ccccc1,5,0.4090909090909091,1.4122007647642056,0.9993471376113909
43798139_2712,43798139,CC(=O)Nc1ccccc1OCCOc1ccc(Cl)cc1,5,0.3620689655172414,1.7010467365712822,0.9970396237782334
50132153_1268,50132153,CCc1ccc(S(=O)(=O)NCc2ccnc(N3CCCC3)n2)cc1,5,0.31746031746031744,1.6391107345143017,0.9992036360829776
50132153_1269,50132153,CCc1ccc(S(=O)(=O)[N-]Cc2ccnc(N3CCCC3)n2)cc1,5,0.31746031746031744,2.0820247356840245,0.9971807603057673
45751322_1253,45751322,CN(CCc1ccccn1)C(=O)Nc1nncs1,5,0.4,0.729004801082099,0.9996965515887726
324059015_4,324059015,CC(C)(O)CCn1cc2cc(NC(=O)c3cccc(C(F)(F)F)n3)c(C(C)(C)O)cc2n1,5,0.5753424657534246,2.654226817738643,0.9986323830405096
38843428_3022,38843428,CCNc1nc(-c2cccnc2)nc(C)c1C,5,0.35714285714285715,0.9268732383669426,0.9996150979875384
38843428_3023,38843428,CCNc1nc(-c2cccnc2)[nH+]c(C)c1C,5,0.3620689655172414,1.6272393800543572,0.9991367274792345
36356120_1154,36356120,CC(C)c1nc2c(n1C)CCN(c1ncnc3ccccc13)C2,5,0.45454545454545453,1.229088279985519,0.999372232165367
36356102_485,36356102,CC(C)c1[nH+]c2c(n1C)CCN(c1ncnc3ccsc13)C2,5,0.45588235294117646,1.9745829939506299,0.998597520766887
36356102_486,36356102,CC(C)c1nc2c(n1C)CCN(c1nc[nH+]c3ccsc13)C2,5,0.45714285714285713,1.676231189304665,0.9991067508291834
36356120_1155,36356120,CC(C)c1[nH+]c2c(n1C)CCN(c1ncnc3ccccc13)C2,5,0.44776119402985076,1.8226648073630047,0.9985561043962293
36356120_1156,36356120,CC(C)c1nc2c(n1C)CC/[N+](=c1\nc[nH]c3ccccc13)C2,5,0.43661971830985913,2.220053828176086,0.9994118844795602
36356102_484,36356102,CC(C)c1nc2c(n1C)CCN(c1ncnc3ccsc13)C2,5,0.45588235294117646,1.6810785228542016,0.9991819192313884
36440866_1915,36440866,CC(=O)N1CCC(Cn2ccnc2-c2cc3ccccc3s2)CC1,5,0.47692307692307695,1.4760697815482309,0.998967867709642
36440866_1914,36440866,CC(=O)N1CCC(Cn2cc[nH+]c2-c2cc3ccccc3s2)CC1,5,0.4696969696969697,2.056966212653731,0.9988291508809882
177400551_3403,177400551,O=c1c2cccnc2ncn1Cc1ccc2c(c1)CCCC2,5,0.48333333333333334,1.1553324196957546,0.9986817512387606
49976216_2032,49976216,CNC(=O)Cc1nc(-c2cncc(C)c2)cs1,5,0.4423076923076923,1.1643435919011265,0.9993478717692862
232859404_2267,232859404,COc1cccc(C)c1C(=O)N(C)Cc1[nH]cc[nH+]1,5,0.45901639344262296,2.1223496413173235,0.9984947609899564
232859404_2266,232859404,COc1cccc(C)c1C(=O)N(C)Cc1ncc[nH]1,5,0.5344827586206896,1.9397053900012273,0.9992441218036703
Z1373904915_1734,Z1373904915,CN1CCN(C(=O)c2cc(Br)cnc2Cl)c2cnccc21,5,0.3188405797101449,1.8279225913588475,0.9989181574371168
Z1373904915_1733,Z1373904915,CN1CCN(C(=O)c2cc(Br)cnc2Cl)c2c[nH+]ccc21,5,0.3055555555555556,1.5977916009293163,0.9987118952230761
25835159_3516,25835159,O=C1NC(=[N+]2CCN(c3ccccc3)CC2)S/C1=C\c1ccc(O)cc1[O-],5,0.43283582089552236,2.865673917248567,0.9976278952678972
25835159_3515,25835159,O=C1N=C(N2CCN(c3ccccc3)CC2)S/C1=C\c1ccc([O-])cc1O,5,0.46153846153846156,1.669469376778635,0.9988039893698263
25835159_3514,25835159,O=C1N=C(N2CCN(c3ccccc3)CC2)S/C1=C\c1ccc(O)cc1[O-],5,0.46153846153846156,1.8616602805022646,0.9992638287620935
25835159_3513,25835159,O=C1N=C(N2CCN(c3ccccc3)CC2)S/C1=C\c1ccc(O)cc1O,5,0.47619047619047616,1.0519030373563023,0.9993870549521291
313833267_3466,313833267,Cc1cn2nc(-c3cc(=O)n4cc(N5CC[NH2+]C6(CC6)C5)ccc4[nH+]3)cc(C)c2[nH+]1,5,0.32222222222222224,3.4729137622467685,0.9973626582498036
313833267_3467,313833267,Cc1cn2nc(-c3cc(=O)n4cc(N5CCNC6(CC6)C5)ccc4n3)cc(C)c2[nH+]1,5,0.32954545454545453,2.815858483659889,0.9986372761228612
313833267_3465,313833267,Cc1cn2nc(-c3cc(=O)n4cc(N5CC[NH2+]C6(CC6)C5)ccc4n3)cc(C)c2[nH+]1,5,0.3448275862068966,3.4563088692998427,0.9983477699563786
36647090_334,36647090,COc1ccccc1NC(=O)CN1CCCN(c2nc(C)cs2)CC1,5,0.44871794871794873,1.2553999362752233,0.9993408568657365
36647090_335,36647090,COc1ccccc1NC(=O)C[N@@H+]1CCCN(c2nc(C)cs2)CC1,5,0.4625,2.9493034770941744,0.996110750697202
31412633_1247,31412633,Cc1ccc(-c2noc3nc(C)cc(C(=O)[O-])c23)cc1,5,0.41379310344827586,2.187327136027035,0.9980014448356114
31603444_1725,31603444,O=C(CCn1cncn1)N(CC#Cc1ccccc1)C1CCCC1,5,0.2857142857142857,2.1053565018778038,0.9982095486258586
316786090_3491,316786090,Cc1nc(=O)c2ccc(C(=O)N[C@@]34CCC[C@@H]3[NH2+]CC4)cc2[nH]1,5,0.5151515151515151,2.117462396360354,0.9982898074226569
316786090_3492,316786090,Cc1nc2cc(C(=O)N[C@@]34CCC[C@H]3[NH2+]CC4)ccc2c(=O)[nH]1,5,0.5230769230769231,1.89894602345656,0.9985264648007646
177454167_3364,177454167,CCOCCC(=O)N1CCC2(CCC[N@H+](C)CC2)CC1,5,0.3050847457627119,1.957535440291775,0.9993397001552893
49297145_1391,49297145,CN(C(=O)c1cncc(F)c1)c1cccc2ncccc12,5,0.35,1.1565863564817211,0.9994414445928135
49088739_2469,49088739,CC(C)OCCS(=O)(=O)N1CCc2ccccc2CC1,5,0.46938775510204084,1.9597510045920032,0.9990084759960316
30000529_1088,30000529,CN(Cc1nc(N)c2ccccc2n1)Cc1ccc(F)cc1F,5,0.44,1.7399474129983237,0.9977219562396686
30000529_1089,30000529,CN(Cc1nc(=[NH2+])c2ccccc2[nH]1)Cc1ccc(F)cc1F,5,0.46153846153846156,2.1243584914040556,0.9985629448641102
30000529_1090,30000529,C[N@H+](Cc1nc(N)c2ccccc2n1)Cc1ccc(F)cc1F,5,0.43137254901960786,1.6495744905889198,0.9985752081963134
36264533_1808,36264533,O=C(NCCc1cn2c(n1)CCCC2)c1ccccn1,5,0.5245901639344263,1.3043055623584745,0.9997088439870672
36264533_1809,36264533,O=C(NCCc1cn2c([nH+]1)CCCC2)c1ccccn1,5,0.5409836065573771,2.1360280897030064,0.9990806703388163
44579402_2991,44579402,O=C(Nc1cnc2ccccc2n1)c1ccncc1,5,0.42857142857142855,1.3706275934779435,0.9995730211109867
29689751_2023,29689751,O=C(NCc1cccnc1)c1sccc1-c1ccccc1,5,0.4909090909090909,1.289333936573226,0.9996387680652967
49045390_2446,49045390,CCc1cc(CNC(=O)N[C@H]2CC[N@@H+](CC3CCCCC3)CC2)on1,5,0.4461538461538462,2.8958570406702253,0.9987196075787691
73007305_2435,73007305,Nc1nnc(SCCSC2CCCCC2)n1C1CC1,5,0.23529411764705882,3.0065490183930224,0.9973442800952721
73007305_2436,73007305,Nc1[nH+]nc(SCCSC2CCCCC2)n1C1CC1,5,0.2459016393442623,2.1925081527784074,0.9971784724481368
53829602_3195,53829602,OCc1nnc(SCCSC2CCCCC2)n1C1CC1,5,0.29850746268656714,2.4602524260731697,0.9975506499082009
31232131_3311,31232131,Cn1nc(N)c2ccc(Br)cc21,5,0.2682926829268293,1.7618910295474044,0.998543539406515
49330926_2775,49330926,c1ccc(-c2noc(Cn3cc[nH+]c3)n2)nc1,5,0.323943661971831,3.266031536896587,0.9973027421845265
49330926_2774,49330926,c1ccc(-c2noc(Cn3ccnc3)n2)nc1,5,0.3333333333333333,1.3245387876541652,0.9994836422023101
36259510_1599,36259510,COCCNc1ncnc2ccsc12,5,0.44,0.5021702898459293,0.9998852607280055
36259510_1600,36259510,COCCNc1nc[nH+]c2ccsc12,5,0.46153846153846156,2.6472818134832807,0.999122945283177
53789119_2529,53789119,O=C(NCCN1CCc2ccccc2C1=O)c1ccon1,5,0.31343283582089554,1.3623501752483895,0.9990404348646373
33362309_1374,33362309,COc1ccc(-c2csc3ncnc(Oc4ccc(C)nc4)c23)cc1,5,0.5,1.4831153023285448,0.9994999315577513
210343_106,210343,Cc1nc(Nc2nccs2)cc(C2CN(c3ncccn3)C2)n1,5,0.31343283582089554,1.8744852626786415,0.9990916860874735
210343_107,210343,Cc1nc(Nc2nccs2)cc(C2CN(c3ncccn3)C2)[nH+]1,5,0.30434782608695654,1.9696334684405765,0.9994911183345807
49947026_2946,49947026,Cc1nn(C)c(NCc2ccc(F)cc2)[nH+]1,5,0.5581395348837209,2.0450706589259293,0.9983296496177799
49946976_891,49946976,Cc1nn(C)c(NCc2ccc(F)c(Cl)c2)[nH+]1,5,0.4897959183673469,2.264016121850573,0.9989891513537428
25041311_3461,25041311,Cc1nnc(-c2ccc(N3CCC(Oc4cc(F)ccc4Cl)CC3)nn2)o1,5,0.43661971830985913,1.9344063688895727,0.9971755057330867
89942016_90,89942016,Nc1ncc(C(=O)NC2CN(C(=O)C3CC3)C2)c2ccc(-c3cccc(F)c3)nc12,5,0.3188405797101449,2.6647491439153215,0.9991448607293504
31254852_1627,31254852,CCC(=O)N(C)c1ccccc1C(=O)[O-],5,0.38636363636363635,1.7670217882074106,0.9964225000535474
30063049_2456,30063049,CC(=O)N1c2ccc(S(=O)(=O)[N-]c3cccc(-c4cnco4)c3)cc2C[C@H]1C,5,0.3717948717948718,3.263512831291097,0.9970718944405186
30063049_2455,30063049,CC(=O)N1c2ccc(S(=O)(=O)Nc3cccc(-c4cnco4)c3)cc2C[C@@H]1C,5,0.38271604938271603,1.6661275461382552,0.9993932629857659
32144061_1903,32144061,CNC(=O)C[N@@H+]1CCCN(C(=O)c2c(C)nn(-c3ccccc3)c2Cl)CC1,5,0.4305555555555556,2.2326352142702115,0.9990209831346814
32144061_1902,32144061,CNC(=O)CN1CCCN(C(=O)c2c(C)nn(-c3ccccc3)c2Cl)CC1,5,0.4225352112676056,1.9645956326940355,0.9990322284139009
48840184_1593,48840184,Cc1cc(CNc2cc(C(=O)N(C)C)cc[nH+]2)sc1Br,5,0.5818181818181818,2.598360829446093,0.9985670053895024
48840184_1592,48840184,Cc1cc(CNc2cc(C(=O)N(C)C)ccn2)sc1Br,5,0.5818181818181818,2.105877964175828,0.9992341545387059
