Name,SMILES,outer_fold,max_similarity_to_train,min_euclidean_distance_to_train,max_cosine_similarity_to_train
4851238,OC(=O)c1csc(n1)Cc1ccc(cc1)Cl,1,0.32142857142857145,2.8825526881568657,0.9972225326276606
177360703,CN1C(=O)C=C(N(C)C1=O)C(=O)N1CCN(CCc2ccccc2)C(=O)C1,1,0.3333333333333333,1.7313416762728453,0.9991540576773018
207489,Fc1cccc(c1)-c1c[nH]nc1C1CCCN(C1)C(=O)CCc1ccc(cc1)Cl,1,0.6376811594202898,1.9179053678423545,0.9989223648998217
31908762,NC(=O)c1cccc(c1)CN1C=Nc2c(oc3ccccc23)C1=O,1,0.3157894736842105,1.6381916859762147,0.9991069802869261
29371307,Nc1ncnc2n(nc(c12)-c1cnc2[nH]ccc2c1)C1CCCC1,1,0.463768115942029,3.7842243590991664,0.9990234576897672
48597409,CN(C)c1ncn(n1)-c1cccc(c1)N,1,0.29411764705882354,1.3493276103302183,0.999206355559638
44000683,CCc1c([n+](c2c([n+]1[O-])CCCCC2)[O-])-c1ccccc1,1,0.2222222222222222,1.8026017308325653,0.9983129022512464
37544502,Cn1nc(cc1N)-c1cc(cc(c1)F)F,1,0.3023255813953488,1.426395807621373,0.999320186868681
45491581,Cc1cccc(c1C)Oc1ncccc1N,1,0.4772727272727273,0.8090315197816035,0.9990221411372976
LN01297365,CCN(C1CCOCC1)c1cc(cc(c1C)C(=O)NCc1c(cc(nc1O)C)C)-c1ccc(cc1)CN1CCOCC1,1,0.32407407407407407,6.07368915898757,0.9975247562675825
23671374,Cc1ccc(s1)C(=O)Nc1ncccc1C,1,0.41818181818181815,1.0290932902320216,0.999550917148986
44466308,Cn1ncnc1COc1nn2c(nnc2cc1C1CCC1)-c1c(cccc1F)F,1,0.5068493150684932,0.388361944584015,0.9999196107687125
36342874,Cc1nc(c2c(c(sc2n1)C)C)N1CCc2c(ncn2C)C1,1,0.3472222222222222,2.848042836756202,0.9976068633786528
53766760,CC1=CC(=CN(Cc2ccc(cc2F)C#N)C1=O)Br,1,0.45614035087719296,0.6348818787776644,0.9991526600561843
49045390,CCc1cc(on1)CNC(=O)NC1CCN(CC1)CC1CCCCC1,1,0.453125,3.7549965379481107,0.9987196075787691
31937832,CC(C)c1nc(cs1)CC(=O)N1CCCN(CC1)C(=O)C,1,0.30303030303030304,1.525286858265821,0.9995119503649788
29566339,O=C1CCCN1CCc1nc(cs1)-c1ccc(cc1)C#N,1,0.3380281690140845,1.801254007629249,0.9985856639675356
49956374,CCc1cc(n(n1)C)NS(=O)(=O)C,1,0.30434782608695654,1.6581519833837681,0.9997500227986602
48750988,CN(C(=O)CSC(C)(C)C)c1ccccc1C#N,1,0.3617021276595745,1.8397372094948954,0.9992556845480224
32278227,CC(C)c1cc(c(c(c1)C(C)C)CC(=O)NS(=O)(=O)Oc1c(cccc1C(C)C)C(C)C)C(C)C,1,0.28125,5.362226403276832,0.9988348891056003
214735,Cc1cc(nc(n1)C1CCNCC1)NC1CCCC1,1,0.3541666666666667,2.094890450596314,0.9976971706074609
30455849,COc1cccc(c1)OCCCn1cncc1-c1cc2c(cc1C)N(C)C(=O)N2C,1,0.5454545454545454,2.6017348058555414,0.9990906208158796
177361051,COc1ccc(c(c1)CN1C=Nc2cn(nc2C1=O)C)OC,1,0.34285714285714286,1.430589389027911,0.999409395333914
11835068,O=C(Nc1ccc2c(c1)OCCCO2)c1cnn(c1)Cc1ccccc1,1,0.421875,1.5002849729301815,0.9986257600251012
32423148,Clc1ccc(cn1)Cc1nc(n[nH]1)-c1ccccc1,1,0.4423076923076923,1.4695387031312848,0.9993724979584808
32136137,COc1ccc(c(c1)-c1cc(no1)C(=O)N1CCCN(CC1)C(=O)C)OC,1,0.4166666666666667,1.6325761850517984,0.9995508943981928
31409108,NCc1cccnc1OCc1ccccc1,1,0.3333333333333333,1.482844563668142,0.9978194178538677
49152821,COC(=O)c1ccc(cc1)NC(=O)N(C)Cc1ccccc1CN1CCCC1,1,0.5689655172413793,2.142422694054503,0.9977459269160921
37153227,CCc1c(cc(c(c1CC(=O)N(CCOC)CCOC)C(=O)c1ccc(c(c1)OC)OCCN1CCOCC1)O)O,1,0.3163265306122449,3.2087369789373796,0.9975500459825326
44855101,C/C=C/CC(=O)N1CCC(CC1)c1cc(n[nH]1)Cc1ccccc1,1,0.4264705882352941,2.1692351186533796,0.9990117703884265
344474,CC(C)N(C(C)C)C(=O)CN1C=CC=C2C=C(N=C12)c1ccco1,1,0.6181818181818182,3.008633909268531,0.998307816446179
24883078,COc1ccc(cc1)C1(CC1)NCc1ccc(cc1)N1CCCC1=O,1,0.4032258064516129,2.2510497551141673,0.9981787664571765
49953010,Cc1nc(c2c(csc2n1)C)NCCN1C(=O)CCC1=O,1,0.4423076923076923,1.705751447309549,0.9993807797753991
31611971,Cc1nc(c2ccsc2n1)N(CC=C)Cc1cccnc1,1,0.31666666666666665,1.9376849589137273,0.9980314365130248
299989682,CN1[C@@H]2CC[C@H]1C[C@@H](C2)OC(c1ccccc1)c1ccccc1 |r|,1,0.2653061224489796,1.4452892444073646,0.9989197860847917
134995,CCn1c(nc2cc(ccc12)NC(=O)C1=CN(CC(=O)N2CCCCC2)C(=O)C=C1)C,1,0.36,2.130970905479089,0.9989130727666552
31274390,Cc1ccccc1N1C=CNC(=O)C1=O,1,0.5555555555555556,0.7385891956970556,0.9991833760147245
177383138,Cc1nnc2ncc(cn12)-c1cccc(c1)-c1ccnn1C,1,0.5686274509803921,1.2077396242573657,0.9993271410710528
36264533,O=C(NCCc1cn2c(n1)CCCC2)c1ccccn1,1,0.5245901639344263,2.222259210803077,0.9980468518381466
42942540,Cc1oc(c(c1C)C(=O)NCC#Cc1ccccc1)C,1,0.5208333333333334,1.8495283182478972,0.9986248676794298
1933590,CC(C(O)c1ccc(cc1)O)N1CCC(CC1)Cc1ccccc1,1,0.32075471698113206,2.3735180639717375,0.9993994890659216
49934116,CCc1nc(c2ccsc2n1)N1CC(CO)C1,1,0.39285714285714285,1.997737970805891,0.99779315897768
36308604,O=C(N1CCC(CC1)c1n[nH]c(n1)C1CC1)c1ccc2c(c1)OCO2,1,0.47368421052631576,1.863239651789059,0.998886003683508
53815321,CN(CCSc1ccc2nnc(n2n1)C(F)F)Cc1ccccc1,1,0.6,2.1354758251968193,0.9977011598190727
151085,COc1ccc(cc1)-c1cccc(n1)C1CCCN(C1)CC(=O)Nc1ccccn1,1,0.5063291139240507,2.461520668204987,0.996937369760657
177394353,COCCN(C)C(=O)c1ccc(cc1)-c1cccc(c1)-c1noc(n1)C,1,0.375,1.9322310938396876,0.9981811214557711
23832549,CN1CCC(CC1)n1ncc2[nH]c(nc12)-c1ccc2ccccc2c1,1,0.5833333333333334,2.539005710903452,0.9990691021959247
300449850,Fc1ccccc1CCNC(=O)CC1CCNCC1,1,0.3508771929824561,1.3107669510635234,0.9985412308416921
49008924,CN(CC1CCC1)C(=O)C1CCN(CC1)c1ccc2nncn2n1,1,0.546875,1.964673764267539,0.9979567224594078
44462124,CN(C)CC(=O)N1CCC(CC1)c1ccc(c(c1)C1=CCCCC1)NC(=O)c1nc(c[nH]1)C#N,1,0.25274725274725274,4.592576618849041,0.9963061054961034
602991,CCOc1ccc(cc1)-c1csc(n1)N,1,0.4090909090909091,0.8659474579903137,0.998940238011321
36944203,Cc1cc(ccc1NC(=O)c1c(oc(c1C)C)C)Oc1ncccn1,1,0.4107142857142857,1.8857693390229462,0.9989905121686824
49644632,O=C(NCCN1CCC(CC1)c1ccccc1)c1ccc2ncsc2c1,1,0.4426229508196721,2.8210834797999027,0.9975206714001318
44554243,CN(C(=O)c1cc2ccc(cc2[nH]1)C(C)(C)C)C1(CCC1)C#N,1,0.5660377358490566,1.561209787312855,0.9988891476289706
226909,Cc1cc(nc(n1)CC1CCNCC1)-c1nccs1,1,0.38333333333333336,1.932565134736566,0.998638772891495
29689751,O=C(NCc1cccnc1)c1sccc1-c1ccccc1,1,0.4909090909090909,1.289333936573226,0.9996103246032383
49962786,CN(C)C(=O)c1ccnc(c1)NCc1cccc(c1)C#N,1,0.5172413793103449,1.3625123852648169,0.9990450178054866
73014952,CCN(CC)C(=O)CSCc1cncc(c1)F,1,0.288135593220339,1.8973012412371333,0.9988122005542812
145071,COc1ccccc1CNC(=O)c1cnc(nc1C)C1CCN(CC1)C(=O)C(C)(C)C,1,0.41333333333333333,2.0886110217076443,0.9989256333280738
36987396,NC(=O)c1cnc(c(c1)Cl)N1CCc2[nH]nc(c2C1)C(F)(F)F,1,0.24691358024691357,2.786189153664884,0.9992968647847922
45636709,O=C(Nc1ccc2ccccc2n1)c1ccc(cc1)N1CCOC1=O,1,0.5517241379310345,1.1849569612435602,0.9992320939999997
31348551,O=C1Nc2ccccc2N1C1CCN(CC1)CCc1ccccn1,1,0.6296296296296297,1.7244413588172387,0.9990966726742847
24873612,COc1ccc(cc1)-c1ccc(cc1)CN(CCN1CCOCC1)Cc1cccnc1,1,0.6333333333333333,2.8376287635980493,0.9972142875724901
46034633,Cc1nc(c(c(n1)NCc1cc(no1)-c1ccc(cc1)F)C)C,1,0.3508771929824561,1.348794276381906,0.9992337535960044
201873,CCn1ncc(c1C)CN1CCC(CC1)c1nc(ncc1-c1ccc(cc1)OC)N(C)C,1,0.33766233766233766,3.5802268084581175,0.9984567374830058
201887,CCn1cc(c(n1)C)CN1CCC(CC1)c1nc(ncc1-c1ccc(cc1)OC)N(C)C,1,0.3170731707317073,3.744410367467774,0.9987262319036118
315806,CN(C)CCCNc1c(c(nc2cc(nn12)-c1nccn1C)C)C,1,0.5967741935483871,5.049208254766241,0.9976422432490971
411164,COCCNc1c(c(nc2cc(nn12)-c1nccn1C)C)C,1,0.6166666666666667,4.736699167141382,0.9984921468500568
53784330,COc1cccc(c1NC(=O)N1CCC(CC1)N1CC=CC1)F,1,0.5263157894736842,1.9357200210769985,0.9993871829496644
49944040,COc1cc(ccc1F)CCNC1CCC2(CC1)OCCO2,1,0.3382352941176471,1.99277545147464,0.9988081036764905
30765753,Fc1ccc(cc1)C1=NN(Cc2ccncc2)C(=O)C=C1,1,0.3392857142857143,1.553275571172225,0.9986138028750104
29773508,Cc1ccc(cc1)C1=NN(Cc2ccncc2)C(=O)C=C1,1,0.3157894736842105,1.725040289384495,0.9986736138784201
68874464,CN(C1CCSCC1)C(=O)C1=CC(=C(C)N(C)C1=O)C,1,0.4,1.3169749428140636,0.9995550112082282
35747521,Cc1noc(c1CS(=O)(=O)Cc1cccc2c1OCCO2)C,1,0.30158730158730157,1.6428067445682721,0.9987126923729281
89942016,Nc1ncc(c2ccc(nc12)-c1cccc(c1)F)C(=O)NC1CN(C1)C(=O)C1CC1,1,0.3142857142857143,2.6647491439153215,0.9991021183724149
25616683,CNc1nc(ncc1F)-c1cc(cc(c1)OC)OC,1,0.26229508196721313,1.792548465174718,0.9992197405002676
19991792,Cc1nn(c(c1CCC(=O)NCC#C)C)C,1,0.5306122448979592,1.1069480565953926,0.9992646462503941
31835550,CC(=O)Nc1cccc(c1)OCC(=O)N1CCCCC1,1,0.5192307692307693,1.5771680316313978,0.9979665799346831
538570,COc1ccc(cc1C(=O)NCCc1ccc(cc1)S(=O)(=O)NC(=O)NC1CCCCC1)Cl,1,0.5857142857142857,2.6797085662437876,0.9970749175710334
30000529,CN(Cc1nc(c2ccccc2n1)N)Cc1ccc(cc1F)F,1,0.44,1.7502062735574415,0.9976825123391991
43251079,Cc1cc(n2nccc2n1)C(=O)NCC1CC1,1,0.5490196078431373,1.085094465934022,0.9993337413948538
177391578,COc1cc(cc(c1)-c1c(ncnc1OC)C)OC,1,0.5853658536585366,1.7584353840844018,0.9947242347362993
42960950,Cc1ccc(cn1)CNC/C=C/c1ccccc1,1,0.38461538461538464,2.1646935117933523,0.9983327564910425
17464371,O=C(Nc1ccc(cc1)C(=O)NCCc1ccccc1)N1CCCCc2ccccc21,1,0.3835616438356164,1.952675344239201,0.9980111468995153
49095542,CC(C)CCN1CCC(CC1)CNC(=O)C1CC=CC1,1,0.31666666666666665,2.3031930010312034,0.9974829313723419
13397114,Cc1ccc(cc1)Cn1nc(c(c1Cl)C(=O)N)C,1,0.3333333333333333,1.435342816194052,0.9984709484577007
177389272,CCCc1ncncc1C(=O)NCc1noc(n1)C1CC1,1,0.5079365079365079,1.7097084546790737,0.9987762043845616
48306804,Cc1ccc(c(n1)CN1CCC(CC1)c1nc2ccccc2o1)O,1,0.4225352112676056,1.5332266629562001,0.9984476468601724
11652485,O=C(Cc1csc(n1)-c1ccccn1)NC1CCCCCC1,1,0.39285714285714285,2.0472950446871803,0.9994113531044758
177285754,CCC(C)(C)N1CCN(CC1)C(=O)Nc1cnn(c1C(F)F)CC(C)C,1,0.38235294117647056,2.6620351237354685,0.9983236516267256
49128370,Fc1cccc(c1CN1CCN(CC1)Cc1ccon1)N1CCCC1,1,0.58,1.9930489206241448,0.9981773728499859
2500471,Cc1ccc(cc1NS(=O)(=O)c1ccc(cc1)Cl)-c1nc2ccccc2[nH]1,1,0.3114754098360656,1.4681113717973435,0.9991984902920429
4498619,Clc1ccc(cc1)S(=O)(=O)Nc1cccc(c1)-c1nc2ccccc2[nH]1,1,0.3380281690140845,1.4888149649979563,0.9993416491729035
48224722,C1CN(CCO1)Cc1nc(c2c(csc2n1)-c1cccs1)N1CCc2[nH]ncc2C1,1,0.5633802816901409,3.038074554714366,0.999010840791023
24958639,Cn1cnnc1CNc1ccccc1C#N,1,0.3269230769230769,1.6965535653200607,0.9988235954043754
151187,COc1ccc(cc1)-c1cccc(n1)C1CCCN(C1)C(=O)C1CCCC1,1,0.5737704918032787,1.8367836018428452,0.9984541945624045
48825778,CN1CCC(CC1)NS(=O)(=O)C1CN(C1)C(=O)c1cccc(c1)Cl,1,0.38095238095238093,1.3368821937628144,0.9987553277247696
177501206,CCCC1(CCC1)CNC(=O)CN1C=CC(=O)C=C1,1,0.6170212765957447,1.7475005007151754,0.9985765416295743
35762297,Cc1nnc(c(c1C)C#N)NCC(=O)N1CCc2sccc2C1,1,0.3972602739726027,1.5595066527589811,0.9994419603141068
181787,CNCc1cc(nc(n1)C1CCCN1C(=O)COC)N(C)C,1,0.6212121212121212,2.294124451724154,0.9985304711359797
181801,CNCc1cc(nc(n1)C1CCCN1C(=O)COc1ccc(cc1)F)N(C)C,1,0.5833333333333334,2.2026545348736635,0.9990718710750579
181837,CNCc1cc(nc(n1)C1CCCN1C(=O)C1CCCC1)N(C)C,1,0.7142857142857143,2.4899771083284103,0.99883153458164
43664822,Cc1nc(nc2ccccc12)CN1C(=O)CN(C2CCCC2)C1=O,1,0.3225806451612903,2.018299284050497,0.9994931711625561
318302594,O=C(NC[C@@H]1CCN(C1)c1ccccc1)N1CCc2ccccc2C1 |r|,1,0.38333333333333336,1.7885597557815138,0.9985880912335727
18815715,Fc1ccc(cc1)CNC(=O)c1ccc(nc1)-n1ccnc1,1,0.6363636363636364,2.1827947681817674,0.9985528446506728
36275216,N#CCCCN1CCN(CC1)c1cc(ccn1)C#N,1,0.375,1.439682256610923,0.9987478176566656
48337566,CN1CCCN(CC1)c1nc(nc2cc3c(cc12)OCO3)C(F)(F)F,1,0.29577464788732394,1.2259318904405017,0.9993178991662133
36997483,COc1ccc(cc1OC)CN1CCN(CC1)c1cc(nc(n1)N)C,1,0.38461538461538464,3.1523781499053287,0.993779452532955
48301846,CN(C)C1CN(C1)c1nc(nc2sc3c(c12)CCCC3)-c1cnccn1,1,0.4931506849315068,2.432640540646643,0.9986956631940483
49938986,CN(C)c1ccncc1CN1CCN(CC1)c1ccc(cc1)C(=O)N,1,0.32,2.207201848495055,0.9964650071988613
31923278,Cc1cc2ccccc2n1CC(=O)N1CCc2ccc(cc2C1)O,1,0.4,2.0068968583359403,0.9981391823717727
1123117,O=C1Nc2cnccc2N1Cc1ccccc1,1,0.3888888888888889,2.4323422867685833,0.9991646437734416
393408,CNC(=O)C1(CCN(Cc2ccc(cc2)F)C1)Cc1ccc(cc1)-c1cccnc1,1,0.5588235294117647,1.3253248658349153,0.9990817417195991
393410,CNC(=O)C1(CCN(Cc2ccccc2Cl)C1)Cc1ccc(cc1)-c1cccnc1,1,0.5352112676056338,1.2226467192123815,0.9991525949816077
393424,CNC(=O)C1(CCN(Cc2cccc(c2)F)C1)Cc1ccc(cc1)-c1cccnc1,1,0.5942028985507246,1.2286187366309214,0.9992082209387715
222751297,FC(F)Oc1ccc(cc1)S(=O)(=O)NCc1n[nH]c2c1CCCCC2,1,0.2898550724637681,1.8990679292749222,0.9987444722311054
48880634,C1CCN(C1)CCOc1ccc(cc1)-c1[nH]c2ncnc(c2c1-c1ccccc1)NCC1SCCS1,1,0.33766233766233766,4.105752793337704,0.997045756518441
48745068,CN(CCc1ccncc1)c1ncccc1C#N,1,0.38461538461538464,1.2262495667685778,0.9994045553909442
48229519,CC1=NC2=CC(=O)NN2C(=C1CC(=O)OC1CCCCC1)C,1,0.36923076923076925,2.0771275839487693,0.9975265705088964
3572643,CC(=O)N1CCC(CC1)(C(=O)Nc1nccs1)c1ccccc1,1,0.38028169014084506,1.6221300810972477,0.9988543398883157
42964650,COCc1nc(c(s1)C)-c1cc(ccc1F)F,1,0.32142857142857145,1.7511813155694373,0.9988786318883892
43366906,CCc1cc2c(cc1N1CCC(CC1)N1CCOCC1)C(C)(C)c1[nH]c3cc(ccc3c1C2=O)C#N,1,0.34523809523809523,4.466890529215998,0.9972684197503056
31619881,CC(C)c1cc(no1)CN(C)Cc1c[nH]nc1-c1ccc(cc1)F,1,0.4032258064516129,1.4889177277475294,0.9989970652552645
708404,Cc1nsc(c1C#N)Nc1ccccc1,1,0.3191489361702128,1.086416586765705,0.9995022235206427
291159,COc1ccc(cc1)CNc1c(nc2cnccn12)-c1ccc(c(c1)OC)OC,1,0.3188405797101449,2.1811655141232253,0.9986658120301767
35739191,CC(C)(C)NC(=O)c1cnc(s1)-c1ccc(s1)Cl,1,0.2857142857142857,2.125334326641245,0.9988927671862624
13509338,Cc1cc(c(c(c1)C)NC(=O)CN1N=NN(C1=O)c1cccs1)C,1,0.43333333333333335,1.5355640657427845,0.9985542411022983
232851609,COc1ccc(cc1)OCc1n[nH]c(n1)-c1ncoc1C(C)C,1,0.2835820895522388,1.8302595444362073,0.998259665862226
300481204,NC1CCN(CC1)c1ccccc1C#N,1,0.3269230769230769,1.5753317111008651,0.9965674880398275
32272128,Cc1nccn1CCNC(=O)C(C)(C)C,1,0.3275862068965517,1.6956824584811003,0.9978616742868011
194974866,Fc1ccc(cn1)-c1ccc2c(c1)[nH]c1ccncc12,1,0.28846153846153844,1.7947838309945858,0.9981689527361274
322812,OC1(CCN(CC1)Cc1ccc(o1)-c1ccc(cc1)F)c1cccnc1F,1,0.36507936507936506,1.4669826174838725,0.9993114527107813
11480138,COc1ccc(cc1)-n1cc2c(c1-c1ccccc1Br)C(=O)N(C)C(=O)N2C,1,0.3013698630136986,2.1402133071258915,0.9991105561148627
11480136,COc1ccccc1-n1cc2c(c1-c1ccccc1Br)C(=O)N(C)C(=O)N2C,1,0.28378378378378377,2.442300554804578,0.9986891468490343
48383292,CC1(C)[C@H]2C[C@H]3Oc4c(ccc(c4C(=O)NCCNS(=O)(=O)C)O)[C@H](O)[C@@]3(O)[C@@H]1C2 |r|,1,0.21686746987951808,3.9013038846006407,0.9959441952873428
48397445,CC1(C)[C@H]2C[C@H]3Oc4c(ccc(c4C(=O)NCCNc4ccccn4)O)[C@H](O)[C@@]3(O)[C@@H]1C2 |r|,1,0.25609756097560976,5.177490415249329,0.996335738233322
32135801,CC(C)C(=O)Nc1ccc2cnn(c2c1)C(C)C,1,0.375,0.6604453043214427,0.9996691992900333
24024401,O=C(Nn1cnc2ccccc12)c1c2c(nc3ccccc13)CCC2,1,0.5517241379310345,1.962087663688913,0.999260505839506
49132706,CC(=O)N1CCN(Cc2nc(cc(n2)C(F)(F)F)O)C(C)(C)C1,1,0.27941176470588236,2.472734923116565,0.9984189028459954
177444466,Cc1c[nH]c(n1)C(=O)NCC1(CCCC1)N1CCCCC1,1,0.4032258064516129,1.8427818644647034,0.9992051878834801
324135709,COc1cc2nn(cc2cc1NC(=O)c1ccn(n1)C(F)F)CCC(C)(C)O,1,0.7714285714285715,2.7588423296732145,0.9991479878880756
45688619,COCc1ccccc1CNc1ccc2cc(ccc2n1)C#N,1,0.4576271186440678,1.699463738948289,0.9984019425836188
48247754,Cc1ccc(cc1Br)C(=O)NC1CCN(CC1)CC#N,1,0.39344262295081966,1.4326081111036832,0.9991350784613382
2566233,CC1(C)CC(=O)C2=C(C1)NC(=O)CC2c1ccc(cc1)Br,1,0.23376623376623376,0.985520167221523,0.9989494399881272
31881571,CCCC(=O)Nc1ccc(nc1)-n1cccn1,1,0.45614035087719296,1.7447346503120809,0.9994596429209948
49067448,CC1(CCCC1)CNC(=O)N1CCN(CC1)Cc1ccon1,1,0.6071428571428571,1.5775519008896426,0.9985509384365826
24889188,Cc1ccc2c(c1)C(=O)CC1(CCN(CC1)C(=O)c1ccc3nc(cc(c3c1)O)C)O2,1,0.3698630136986301,1.9087509004582601,0.9984268268290409
3562110,NC(=O)COc1ncnc2ccccc12,1,0.40476190476190477,1.8637333500262305,0.9972417903778935
25014865,C1CC1N1CCC(CC1)Nc1ncnc2ccsc12,1,0.6274509803921569,2.906333600948402,0.997840019607908
31991615,Cc1noc(c1CS(=O)(=O)C1CCCc2ccccc21)C,1,0.28125,1.2463891848055746,0.9989028212006783
29261445,COc1ccc(cc1)CNC(=O)c1sc2nc(cc(c2c1N)C)C,1,0.43548387096774194,2.2848811785301355,0.9992794072014383
82726817,COc1ccc(c(c1OC)OC)-c1nc(ccc1OC)C,1,0.46511627906976744,1.835886706744024,0.9982657440108605
53755274,CC1=CC=CN(Cc2cccc(c2)C#N)C1=O,1,0.6428571428571429,1.891268357478714,0.9986303491181965
295413823,CC[C@H]1N(c2ccn(n2)C)c2nc(ncc2N(C)C1=O)-n1ccnc1-c1ccc(cc1)F |r|,1,0.2911392405063291,2.2018728391984905,0.9996727783311742
31901754,Cc1ccc2nc(c(cc2c1)C(=O)N1CCC(CC1)C(=O)Nc1ccncc1)C,1,0.42028985507246375,2.1189693249313555,0.9984715148537091
30745331,Cc1nc(cs1)CC(=O)NCc1ccccc1,1,0.4489795918367347,0.7540079575178515,0.9993604292178223
38477365,Cc1ccc(c(n1)-n1cc(cn1)Cl)CN,1,0.2631578947368421,2.6170078333853697,0.9985239256337319
48339568,Cc1noc(c1C(=O)N1CCCN(CC1)c1ccc(cc1)F)C,1,0.375,2.1825398049063223,0.9972088995013562
49925402,NC(=O)c1csc(c1)CN1CCc2cc(ccc2C1)F,1,0.3283582089552239,2.1173785679465764,0.9968959144398165
314102886,CCOC(=O)CNC(=O)c1ccc(cc1O)O,1,0.38,2.7167443751667473,0.9983724584401236
300014701,CC(C)CC(NC(=O)C(O)C(N)Cc1ccccc1)C(=O)O,1,0.27692307692307694,1.6675805827605943,0.9985756727654943
48931485,CN(CC(=O)Nc1cccc(c1)S(=O)(=O)N1CCCC1)C1CCCCC1,1,0.5,2.315538166388181,0.9967111998462164
313517655,CC(C)CC1=NN(C)C(=O)c2c(n(cc21)Cc1cccc2ccccc12)SCCCO,1,0.23255813953488372,4.40559814327167,0.998675282420728
270775,Fc1ccccc1C[C@@H]1C[C@@H]2NC(=O)CCCC[C@H]2N1C(=O)c1cccc2ncccc12 |r|,1,0.32432432432432434,2.9343115035727996,0.9994145764381428
49995595,CNC(=O)c1cccc(c1)Cn1nnc(n1)-c1ccccc1Cl,1,0.373134328358209,1.360012499942465,0.9983246734962519
31341176,Cc1cc(c(s1)C)C(=O)NCCc1ccccn1,1,0.43636363636363634,4.604209921365373,0.9890476229596717
73036824,OC1CCC(CC1)C(=O)N1CCCN(CC1)c1ccc(cc1)F,1,0.47368421052631576,1.7920624989103553,0.9982733758846523
1545812,Cc1cc(c(c(c1-n1cnnn1)C)S(=O)(=O)Nc1ccc2c(c1)OCO2)C,1,0.3466666666666667,2.040802293217043,0.9978109632161225
1553046,CN(C)c1ccc(cc1)NS(=O)(=O)c1c(cc(c(c1C)-n1cnnn1)C)C,1,0.3548387096774194,2.023109982180766,0.9971895446039426
42961772,Cc1cccnc1CNc1ccc(cc1F)C#N,1,0.3392857142857143,1.0652037363810862,0.999048646857429
82702441,CC1(C)CC(CC(=O)NCCn2ccnn2)CC(C)(C)N1,1,0.49056603773584906,1.9150697115251012,0.9980351883300573
49134782,OCCOc1ccccc1OCc1ncc(cc1Cl)Cl,1,0.2835820895522388,1.7100935646917428,0.9980509659475787
48347951,O=C(Nc1ccc2sccc2c1)N1CCCN(CC1)C(=O)Oc1ccccc1,1,0.38095238095238093,1.4841145508348552,0.9990304008847677
45763784,Cc1cc(no1)NC(=O)C1CCN(CC1)c1ccncc1Cl,1,0.5818181818181818,1.8848506572139114,0.9978050311020542
235805590,CN1C(=O)N(C2CCCC2)C(=O)c2c(cccc21)F,1,0.32142857142857145,1.6331631884167903,0.998691248846596
MCULE-9833651829,NC1CCCC(C1)C(=O)Nc1ccc2[nH]ncc2c1,1,0.4838709677419355,2.937360039218842,0.9983383961352686
73014318,Fc1ccc(nc1)NCc1cccc(c1)OCCN1CCOCC1,1,0.38028169014084506,2.600105959379352,0.9946930505502942
157723,CNC(=O)c1cn(nc1CC1CCN(CC1)Cc1cnc(nc1)-c1ccc(cc1)OC)C,1,0.37142857142857144,3.3936333037025355,0.9978473667756186
36294663,CCCN(CC)c1ccc(cc1)C(=O)N1CCCN(CC1)C(=O)C,1,0.36538461538461536,2.2213279811859294,0.9992189825807118
222774912,Cc1noc(c1-c1cc(nc(n1)C1CC1)-c1ccccc1Cl)C,1,0.3333333333333333,1.342008196696055,0.9987209644803577
316806315,CC(C)c1noc(n1)CN1CCC(CC1)N1C(=O)Nc2ccccc21,1,0.5230769230769231,2.026117716224625,0.9990619633512707
11938711,O=C1Nc2ccccc2N1C1CCN(CC1)Cc1nc(no1)-c1ccsc1,1,0.5223880597014925,1.9999047477316791,0.9992797002465958
50359676,CC1=NN(CCOc2ccc(c(c2)F)Cl)C(=O)C=C1,1,0.6078431372549019,1.0419285004258718,0.998020492802825
25645386,FC(F)(F)c1cccc(c1)Oc1cccc(c1)C(=O)N1CCNC(=O)C1,1,0.5,1.5690831717917284,0.9966455779870855
LN01331065,OCCn1cc(c(n1)-c1ccncc1)-c1ccc/2c(c1)CC\C2=N/O,1,0.43243243243243246,2.29228859439602,0.9993257380487474
300480727,CCc1noc(n1)-c1ccc(cc1)CCN,1,0.3333333333333333,1.9147292236763265,0.997214475065163
44585808,Cc1csc(n1)N(C1CC1)C(=O)c1ccc(c(c1)F)-n1cncn1,1,0.43661971830985913,1.1423296371887663,0.9993475255316954
198935,CCc1nnc(s1)Nc1cccc(n1)C1CCCN(C1)CC(=O)N1CCCC1,1,0.5142857142857142,2.093307191981175,0.9984645519170162
49977918,CCCn1cc(cn1)CN1CCC(CC1)c1nc(no1)N(C)C,1,0.38095238095238093,2.4958565663915797,0.9980722650231015
50570563,CC(C)n1cc(cn1)CN1CCC(CC1)c1nc(no1)N(C)C,1,0.36619718309859156,2.15274290150938,0.9980147608645059
32147565,CN(C1CCCCCCC1)C(=O)C1CCN(CC1)c1ncccn1,1,0.5217391304347826,1.7610539457948988,0.9991401535158319
1456984,CCOC(=O)CC1=C(C)Nc2c(cnn2C1=O)-c1ccccc1,1,0.30158730158730157,1.464368464560775,0.999568442902249
49063828,CCc1cc(on1)CNC(=O)Nc1ccc(cc1)N1CCSCC1,1,0.4918032786885246,2.697256569183149,0.9991075062370546
42885549,CC1(CCOCC1)c1nnc(o1)-c1cc(n[nH]1)-c1ccccc1,1,0.5,1.147924213526403,0.999313531485548
2344317,Fc1ccccc1CN1CCN(CC1)c1ncccn1,1,0.5714285714285714,0.38235847054851185,0.9997683142438194
53747118,CCOc1ccc(cc1)OCCN1CCN(CC1)C(=O)C,1,0.4782608695652174,2.0368107423127784,0.9989367188402829
36907186,COc1ccc(c(c1)F)C(=O)N(C)Cc1nccn1C,1,0.4057971014492754,1.357116059885673,0.9981619437743721
208359,CNC(=O)c1cc(ncn1)C1CCN(C)CC1,1,0.3333333333333333,2.021138787911473,0.998759220296125
43021928,CCCCOc1ccccc1-c1cc([nH]n1)C(=O)NCCc1cccs1,1,0.625,2.2041141077537945,0.9983088563099629
41630506,Cc1cc(n(n1)-c1ccc(cc1)C#N)Cl,1,0.32608695652173914,0.8780797230319841,0.9984255600808122
5536034,Cc1ccccc1CSc1ccc(nn1)-c1ccccn1,1,0.2698412698412698,1.539145217320683,0.9993504752774797
32061442,FC(F)(F)c1cccnc1NCCNC(=O)C1=CN=C2C=CC=CN2C1=O,1,0.30434782608695654,3.1992438169041413,0.9981963905385131
49933492,O=C(N1CCCO1)c1ccc(cn1)C#N,1,0.29508196721311475,1.6487777291073185,0.9993322253773379
53817229,Fc1cncc(c1)-c1cnc(nc1)NCc1ccc(c(c1)F)Cl,1,0.36538461538461536,1.5784460712995965,0.9982121959143945
38281327,OC(=O)Cc1ccc(cc1)Oc1ccncc1,1,0.38095238095238093,3.0421982183940073,0.9884339373950299
43583679,O=C1CCCc2c1[nH]c1cc(ccc21)-n1ccnc1-c1ccncc1,1,0.28,1.6755903437294242,0.9995429999757477
50612278,CCOc1cc(ncn1)N(C)CC1CCN(C)CC1,1,0.375,1.844486378371931,0.9977970448609899
31416534,OCc1cnnn1-c1cncc(n1)Cl,1,0.19230769230769232,4.375223537146476,0.9952841057687531
48762012,Cc1cc(n(n1)C)C(=O)Nc1nnc2n1CCCC2,1,0.5185185185185185,1.7784774387096887,0.9997975164712395
139117,CN(C)C(=O)C1(CCN(CC1)C(=O)C1CCCO1)Cc1ccccc1-c1ccccc1,1,0.5909090909090909,1.7023395665963819,0.9996069907245593
48832018,OCC1CN(C1)C(=O)Cc1cccc(c1)I,1,0.4888888888888889,2.1821569604407665,0.9972061927520461
82700463,COc1cccc(c1-c1ccc(cc1)OCCN1CCCC1)OC,1,0.42857142857142855,1.9510548428989372,0.9980127232731386
32018130,CSCc1csc(n1)NC(=O)C,1,0.45454545454545453,1.5585345681121492,0.9996191480356064
49154015,Clc1cc(cc2n(cnc12)CC=C)-c1ccc(o1)C(=O)NC1CC1,1,0.2602739726027397,1.5915935410773836,0.9995303590419876
24472719,Cc1noc(c1CCC(=O)Nc1cccnc1)C,1,0.5535714285714286,1.1294060385891003,0.9998027643082541
15987806,CCCc1nc2nc(c(c(n2n1)O)NS(=O)(=O)c1ccc(cc1)C1CCCCC1)C,1,0.3698630136986301,3.673486899391491,0.9968293961429707
177425312,CN(CC1(CO)CCCC1)C(=O)CCN1CCCCC1=O,1,0.36363636363636365,2.056069794535372,0.9987623524431816
177472658,CN(CC1(CO)CCC1)C(=O)CCN1CCCCC1=O,1,0.36363636363636365,1.614498683802692,0.9987014740102907
36811266,COc1ccc(c(c1)OC)C(=O)c1ccc(cc1)C,1,0.43859649122807015,2.0201895950628974,0.9990084759960316
33665609,COc1ccc(c(c1)OC)C(=O)c1ccc(cc1)Cl,1,0.43103448275862066,1.0388281859868231,0.9975979419901769
420214,CCCn1ncc(c1C)CN1CCC(CC1)c1cc2cccnc2[nH]1,1,0.3235294117647059,3.7668270467330234,0.9986369697244123
232862115,COc1ccccc1-c1cc(nc(n1)-c1ncccn1)C(C)(C)C,1,0.6136363636363636,1.2475495982124962,0.9985515203182981
232838302,CN(C)c1nc(cc(n1)C(C)(C)C)-c1c(nn(c1C)C)C,1,0.5833333333333334,1.4032654773777997,0.9986770749713751
53804145,CCC1=CC(=O)NC(=N1)SCCN1CCCCC1,1,0.509090909090909,2.2567711447995107,0.9989921019204481
11015786,Cc1ccc(cc1NS(=O)(=O)c1csc(c1)C(=O)Nc1ccccc1)C(=O)O,1,0.3620689655172414,2.4048918894619047,0.9984008172565976
49125034,CC1CCC(CC1)CNC1(CCO)CCOCC1,1,0.44680851063829785,1.4948514976409035,0.9986469480229331
177431642,O=C(NCC1(CCCC1)N1CCCCC1)c1cnn[nH]1,1,0.27941176470588236,1.528172110726103,0.9989280917536393
24970980,CC(C)CN(C1CC1)c1ncnc2n(ncc12)C,1,0.5384615384615384,1.5210193950113011,0.9987374755441135
46620326,CCc1nc(cs1)CN1C(=O)COc2ccc(cc21)F,1,0.3150684931506849,1.7484081331313004,0.9982990192500901
177380774,CN(C)S(=O)(=O)CCNC(=O)N(C)CCOc1cc(cc(c1)C)C,1,0.5517241379310345,1.6646555199199589,0.9981489361460145
342572,Cc1csc2c1C(=O)N1CCNCCC1=N2,1,0.2463768115942029,2.186125796929684,0.9987022273417488
1546088,COc1ccc(c(c1)S(=O)(=O)Nc1cccc(c1)CCc1ccccn1)OC,1,0.38571428571428573,2.043667781220731,0.9965540859700573
104336645,C[C@H]1CN(CCN1c1ccc(nc1)NC1=CC(=CN(C)C1=O)c1ccnc(c1CO)N1CCn2c3c(cc2C1=O)CC(C)(C)C3)C1COC1 |r|,1,0.21296296296296297,12.848124765894914,0.9978958786479044
48242285,CCc1cnc(o1)CN1C(=O)NC2(CCC2)C1=O,1,0.4444444444444444,1.9901213530841295,0.999416263030465
25610913,COc1ccc(cc1OC(C)C)-c1nnc2ccc(cn12)C(F)(F)F,1,0.29310344827586204,1.1527059468922929,0.9991938573138155
295412827,C1Cn2nccc2CN1Cc1ccccc1,1,0.38,1.6584580187631361,0.9981169355068329
31931312,O=C1Nc2ccc(cc2O1)-c1csc(n1)CCN1CCCC1=O,1,0.3026315789473684,3.06643490066264,0.998026591423825
48544545,Oc1[nH]c2ccc(cc2c1-c1ccc(cn1)CN1CCOCC1)C#N,1,0.32,2.8978038235876595,0.998401435557864
49176076,Nc1cncc(c1)-c1ccc(cc1)CN1CCCCC1,1,0.40816326530612246,2.6788251156056795,0.9970022821417915
1536313,C1Oc2ccc(cc2O1)CNC/C=C/c1ccccc1,1,0.37037037037037035,2.1696167864395166,0.9986407934736535
31873876,Fc1ccccc1CN1CCN(CC1)S(=O)(=O)N1CCOCC1,1,0.39622641509433965,1.7510662466053426,0.9966384645441035
23966628,Cc1ccc2nc3c(c(c2c1)C(=O)NCc1nnc2n1CCC2)CCCC3,1,0.6212121212121212,2.3541542005569482,0.9990376652590526
189725381,Cc1nnc(n1C1CC1)COc1cccc(c1)-n1ccnc1,1,0.3389830508474576,1.7493367314502941,0.9979605530412068
EN300-6477654,C[C@]12CCC3=C4CCC(=O)C=C4CC[C@H]3[C@@H]1CC[C@@]2(O)CC#N |r|,1,0.4696969696969697,3.763297888820211,0.999455556513577
13448534,Fc1ccc(cc1)CN1CCCN(CC1)c1ccc2nnnn2n1,1,0.3220338983050847,1.0694699621771941,0.9987244738101585
32146291,Cc1cc(on1)C(=O)NC1CCN(CC1)c1nc(nc2ccccc12)-c1cccs1,1,0.33783783783783783,2.0177554361214867,0.9991674628212457
232838707,COCC(=O)Nc1ccc(cc1)NC(=O)Cc1ccc(cc1)C(F)(F)F,1,0.35714285714285715,1.945621237548545,0.9954464667224155
43798139,CC(=O)Nc1ccccc1OCCOc1ccc(cc1)Cl,1,0.3620689655172414,1.8413685128186654,0.9970166911311287
37000875,Cc1nn(c(c1C(=O)O)C)Cc1cccc(c1)Br,1,0.37735849056603776,2.144237859939971,0.9984632699933911
50127813,Fc1cccc(c1)CNC(=O)c1[nH]nnc1-c1ccccc1,1,0.3382352941176471,2.2598163642208964,0.9990782287935002
29659409,CN(Cc1cccc(c1)C#N)Cc1cnn(c1)C,1,0.5531914893617021,1.9364036252805674,0.9989924842419231
2059266,CCN(CC)C(=O)c1ccc(cc1)NC(=O)C,1,0.4,1.9272571182900884,0.9987718591115357
24032918,Fc1cc(cc(c1)CNC(=O)c1ccccn1)F,1,0.4897959183673469,0.6289006280807679,0.9995117809135997
31836416,Fc1ccc(cc1)CNC(=O)c1ccccn1,1,0.54,1.5013610491816622,0.9995336690133779
49346047,Cc1nccc(c1Cl)NC(=O)c1ccncc1Cl,1,0.5306122448979592,2.738723790381341,0.9987033604669248
49155578,Fc1ccc(c(c1)F)-n1nc(nc1-c1cn[nH]c1)C1CCOCC1,1,0.48484848484848486,2.4067060476923845,0.9978383918200558
49144354,Cc1ccc2nc(c(cc2c1)-c1nc(nn1CCO)C)C,1,0.3508771929824561,1.7113561873557974,0.9989010183902763
49155634,COCC1(CC1)c1nc(nn1Cc1cccc(c1)Cl)-c1ccncc1,1,0.32051282051282054,1.3986840243603709,0.998422924295554
33314123,COCC(=O)Nc1cccc(c1)-n1cccc1,1,0.4074074074074074,1.3670793685810778,0.9993941455858122
53777863,COC(=O)C1=NOC2(CCN(CCC(C)(C)C)CC2)C1,1,0.265625,1.7539136238709283,0.9977567710278289
53839716,COC(=O)C1=NOC2(CCN(CCCCCF)CC2)C1,1,0.3225806451612903,1.4063701504229462,0.9983521277496766
36987134,CC1CCC(CC1)NC(=O)c1oc2ccccc2c1CS(=O)C,1,0.4067796610169492,1.7269559924906484,0.999114739267915
43060096,COc1cncc(c1)-c1ccnc2[nH]ccc12,1,0.4807692307692308,2.33041240985368,0.9987732545816779
18918409,CC1=C(Oc2c(cccc2C1=O)C(=O)NCCCN1CCCCC1)c1ccccc1,1,0.4925373134328358,2.7595659078919654,0.9977440426305982
36748737,Cc1ccc(nn1)Oc1ccc(cc1)N,1,0.45652173913043476,1.6490421462170144,0.9968459849936852
32043132,Cc1nc(c2cnn(c2n1)C)N1CCOc2ccccc2C1,1,0.5294117647058824,1.598704788258207,0.9986046975968501
44811418,CC(C)NC(=O)COc1cccc(c1)-c1nc(c2ccccc2n1)Nc1ccc2[nH]ncc2c1,1,0.352112676056338,3.1046307348858853,0.9972805842647832
323952813,CC(C)n1cnnc1-c1cccc(n1)N1Cc2ccc(cc2C1=O)Br,1,0.35294117647058826,2.6087092593850736,0.9995552432083468
320364216,Cn1cc(cn1)Nc1nc(nc(n1)-c1cccc(c1CO)N1C=Cc2cc(cc(c2C1=O)F)C1CC1)N,1,0.25510204081632654,8.06097580941654,0.9935906758232996
36516873,COc1cccc(c1)Nc1c(cnc2c(cc(cc12)S(=O)(=O)c1cccc(c1)C(=O)N(C)C)C)C(=O)N,1,0.28,1.9783187306394603,0.9983809180117325
31965105,Cc1csc(n1)NC(=O)CCc1ccncc1,1,0.5652173913043478,0.913720416757766,0.9994652261812307
45697439,Cn1ccc(n1)CSc1n[nH]c(n1)-c1cc(cc(c1)F)F,1,0.27419354838709675,1.7532743652939984,0.9997255920478982
17943398,CCN(CC)C(=O)N1CCC(CC1)C(=O)O,1,0.3695652173913043,3.8449325091606243,0.9963854215917315
48304378,Cc1cc(nn1C)OCc1ncc(o1)C(C)(C)C,1,0.3076923076923077,1.5694218680772085,0.9994713296424867
49921682,Cc1cc(c2ccccc2n1)Cn1cnc(c1C#N)C#N,1,0.4716981132075472,1.6062409532819215,0.9991357368904769
206429,CN1CCC(CC1)C(=O)N1CCC(CC1)c1cc(c2c(n1)CCNC2=O)C(F)(F)F,1,0.34146341463414637,2.4280566303117306,0.9988281735447118
206425,CN1C=C(C=CC1=O)C(=O)N1CCC(CC1)c1cc(c2c(n1)CCNC2=O)C(F)(F)F,1,0.3372093023255814,2.5556954043862037,0.9980151824265648
177485348,OCC1(CCCC1)CNC(=O)CN1CCCC1=O,1,0.4,1.9232508936695087,0.9981581983559421
43397821,Cc1cc(cc(c1)C(=O)Nc1nn(cc1C#N)C(C)(C)C)C,1,0.5098039215686274,1.404111462812397,0.9988286384236938
2057338,C1CCCN(CCC1)Cc1ccc(cc1)-c1ccccc1,1,0.6216216216216216,2.4761649783486446,0.9972904007205208
189882719,Clc1ccc(cc1)/C=C/C(=O)N1CCC2(CC1)CN(Cc1ccc(c(c1)Cl)Cl)C(=O)O2,1,0.3287671232876712,2.3354260853214477,0.9988207493782195
901943,CCC1=C(C)CN(C(=O)NCCc2ccc(cc2)S(=O)(=O)NC(=O)N[C@H]2CC[C@H](C)CC2)C1=O |r|,1,0.47368421052631576,3.094043632529989,0.9965021617631467
32176505,CC(C)(C)c1[nH]cnc1/C=C/1\NC(=O)/C(=C/c2ccccc2)NC1=O,1,0.21666666666666667,2.281409213622022,0.9994253044835802
314274,CCN(CC)CCCNc1ncc(c(n1)-c1ccco1)-c1cc(no1)C,1,0.5373134328358209,4.433960081011139,0.9985643346803204
29578860,Cc1cc(on1)C(=O)Nc1cccc2ncccc12,1,0.46296296296296297,1.3900672645595973,0.9995367541937132
306110,Fc1ccc(cc1)CN1CCN2C(=Nc3ccccc3C2=O)CC1,1,0.4918032786885246,1.9196101166644721,0.998856202506825
409118,Cn1cc(cn1)CN1CCN2C(=Nc3ccccc3C2=O)CC1,1,0.3880597014925373,1.697684894201498,0.9991793895602676
18877730,OC(=O)c1cc(cc(c1NC(=O)CSc1nccn1C1CC1)Cl)Cl,1,0.28378378378378377,2.1804118876950547,0.9988795498687786
25587599,COc1cccc(c1)-c1nc(n[nH]1)-c1cccnc1,1,0.35185185185185186,1.631740788238392,0.99951476924696
300042043,Clc1ccccc1CNCc1ccc2c(c1)OCCO2,1,0.44,2.1293891142766825,0.9971736334434552
3035918,O=C(COc1ncnc2ccccc12)NC12CC3CC(CC(C3)C2)C1,1,0.3387096774193548,2.1356940323929274,0.99800926761574
48248496,CN(C1CCS(=O)CC1)c1ncc(cn1)Br,1,0.3157894736842105,2.146064537706217,0.9969190570409686
7338408,O=C(NNc1ccccc1)c1ccncc1,1,0.42857142857142855,2.5798104581537307,0.9983340852798456
317654466,Nc1ncnc2ccc(nc12)-c1ccnc(c1)F,1,0.24074074074074073,2.7730164081736572,0.9976308208459204
171948773,Cc1ccc(cc1)OCC1(O)CCN(CC1)CC1(O)CCN(CC1)c1ccccc1C,1,0.3472222222222222,4.52304720293754,0.9981945279132027
49149133,CSc1cccc(c1)-c1ccccc1-c1nnc(o1)C,1,0.3050847457627119,1.5006601880505226,0.9983010346615705
31940641,N#Cc1ccc(cc1)OCCn1cccn1,1,0.4,2.3151710519959487,0.9968945907735483
30016064,Cc1nn(c2ncc(cc12)C(=O)Nc1ccc2c(c1)CCO2)C,1,0.46875,1.6478537556468822,0.9998020945277678
10645209,Cc1cn(cn1)-c1cc(cc(c1)C(F)(F)F)NC(=O)c1ccc(c(c1)Nc1nccc(n1)-c1cccnc1)C,1,0.3333333333333333,1.774702792019322,0.9992208814493065
25664405,Fc1ccc(cc1)-c1cnc([nH]1)SCCN1C(=O)CCC1=O,1,0.2711864406779661,2.45626810425876,0.9983975386408073
5662916,CC(C)(CO)NCCCCn1c2ccccc2c2ccccc12,1,0.40476190476190477,1.4811114070185265,0.9986057590186482
53819787,COC1=NN(Cc2noc3c2CCCC3)C(=O)C=C1,1,0.46296296296296297,1.2647592656311537,0.9990243269359184
320405235,CN(CCOc1c(ncnc1-c1cc(cc(c1C)NC(=O)c1ccc(cc1F)C1CC1)F)N)C(=O)C=C,1,0.25555555555555554,2.630990687934821,0.998060820018472
45751322,CN(CCc1ccccn1)C(=O)Nc1nncs1,1,0.4,0.729004801082099,0.9996965515887726
232902536,COCC1(CCC1)CNS(=O)(=O)c1ccccc1,1,0.5769230769230769,1.3860194803824917,0.9970726561250144
48309286,Cc1nccn1CCCN1C(=O)SC(C)(C)C1=O,1,0.2903225806451613,1.332567821914809,0.9986384825795315
329184,Cc1cnc(cn1)-c1nc(ncc1-c1onc(c1C)C)NCc1ccccn1,1,0.3466666666666667,2.270353276473949,0.9994247451472912
45716971,COc1ccc(cc1)CNC(=O)CCCOc1ccc(cc1)C(=O)C,1,0.43137254901960786,1.8811065892181689,0.9984423454984787
36436018,CCOc1ncccc1-c1nc(cc(n1)NC)C,1,0.43137254901960786,1.4462437553885097,0.999523717662611
49969712,C(Nc1ncccn1)c1cnc2ccsc2c1,1,0.4222222222222222,2.198661638361222,0.9988006228306755
23971521,Cc1cccc(n1)C(=O)NCC#Cc1ccccc1,1,0.5869565217391305,0.8737265018298487,0.9990508996474751
71010653,O=C1N=C2C=CC=CN2C21Cc1ccccc1C2,1,0.24561403508771928,1.5506021411050186,0.9996402305271084
53829602,OCc1nnc(n1C1CC1)SCCSC1CCCCC1,1,0.2835820895522388,3.1494812271228367,0.9975506499082009
73007305,Nc1nnc(n1C1CC1)SCCSC1CCCCC1,1,0.23529411764705882,2.4075113706897526,0.9955707812947859
33363767,COc1ccc(cc1-n1ccc(n1)C(=O)Nc1c2c(nn1C)CCC2)C,1,0.6101694915254238,2.1261834351721864,0.9992672822642581
24874030,COc1ccc(cc1)-c1ccc(cc1)CN(CCN(C)C)Cc1ccncc1,1,0.375,2.644989224930698,0.9970628213859956
168890455,NC(=O)c1c2n(nc1-c1ccc(cc1)Oc1ccccc1)[C@@H](CCN2)C1CCN(CC1)C(=O)C=C |r|,1,0.4268292682926829,3.6107792787707065,0.9991907299239634
48876547,CCn1c(cc2c1nc(c1ncn(c12)C)Nc1cc(n(n1)C)C)C(=O)N(C1CC1)C1CC1,1,0.27058823529411763,6.598747759992065,0.998935011849592
9879245,COc1ccc(c(c1)OC)NC(=O)c1snnc1C,1,0.3770491803278688,1.4991017310378068,0.9992790915205655
1300953,Cc1ccccc1OCCn1c(nc2ccccc12)N,1,0.5,1.378107760663025,0.9980594225932552
44014989,CN(C)C(=O)CN(C)CC(=O)Nc1cc(ccc1Oc1ccc(cc1)C)Cl,1,0.3466666666666667,1.4058648583701416,0.9988497854900361
265759,Cc1cc(cc(n1)C1CN(CCO1)C(=O)Cc1csc(n1)C)Nc1nnc(s1)C,1,0.6025641025641025,1.7123916024081776,0.9996227891904915
265683,COc1cccc(c1)CC(=O)N1CCOC(C1)c1cc(cc(n1)C)Nc1nnc(s1)C,1,0.5595238095238095,1.959738502963948,0.9995261545900012
290024482,COc1ccc(cc1)OCc1n[nH]c(n1)-c1n[nH]c2c1CCC2,1,0.29850746268656714,2.27008480017845,0.9980006562630419
43488186,Cc1ccc2[nH]c(nc2c1)C1CN(C1)C(=O)Cc1cccc2ccccc12,1,0.4576271186440678,1.76123820081236,0.9979904875781612
2266063,Cc1cccc2sc(nc12)NC(=O)c1cccnc1,1,0.5833333333333334,1.1643435919011265,0.9992817224523335
49125344,CC1CCC(CC1)N(Cc1nnc(o1)C1CCC1)C1CCC(O)CC1,1,0.3064516129032258,2.433410980496227,0.9992620044075405
265647,CCc1nnc(s1)Nc1cc(nc(c1)C1CN(CCO1)C(=O)C(C)C)C,1,0.5921052631578947,1.6526279073037244,0.9990997880261441
31417877,Cn1cc(c(n1)C1CCCCC1)C(=O)O,1,0.43859649122807015,2.954225448404463,0.9972737180544043
49972816,CN(CC(=O)Nc1cccc(n1)C)c1ncccc1F,1,0.4098360655737705,2.5005877309146047,0.9974896411901047
317396814,Cc1ccc(cc1)-c1ccnc(c1C#N)O,1,0.32075471698113206,2.667122606855527,0.9974580879416153
MCULE-1169396424,CCOc1ccccc1CNCCc1c[nH]c2ccccc12,1,0.6470588235294118,1.1627729787025416,0.9991789852819251
17120607,NCC(=O)Nc1ccc(cc1)-n1nc(cc1-c1ccc2c(ccc3ccccc32)c1)C(F)(F)F,1,0.27631578947368424,1.9800308078408448,0.9972186830047175
300136806,OC(=O)/C=C/c1ccc(cc1)Cn1ccnc1,1,0.3283582089552239,2.558965415944371,0.9925811928835014
44699501,OCCCCCn1cc(nn1)-c1ccccc1-c1ccco1,1,0.3333333333333333,2.15119385458402,0.9987166779752847
7716996,OC(=O)c1ccc(cc1O)NC(=O)c1ccc(cc1)NC(=O)c1cccs1,1,0.39622641509433965,2.819441611383442,0.9978250772913194
11813013,CC(N1CCC(CC1)N1C(=O)Nc2ccccc21)c1nnc(o1)-c1cccs1,1,0.4246575342465753,2.0145763822695404,0.9990504390281938
177400551,O=C1N(Cc2ccc3c(c2)CCCC3)C=Nc2ncccc21,1,0.48333333333333334,1.1553324196957546,0.9986817512387606
227571,CN(C)C(=O)c1sc2nc(ccc2c1N)C1(C)CCN(CC1)c1ncccn1,1,0.3382352941176471,2.9127382306001706,0.9995468678956851
171818667,CN([C@@H]1CCC[C@@H](O)[C@@H]1O)C(=O)COc1c(cccc1C)C |r|,1,0.48148148148148145,2.6140623557979983,0.9973304686535818
171818496,CO[C@@H]1CC[C@H]([C@H]1O)N(C)C(=O)COc1c(cccc1C)C |r|,1,0.44642857142857145,1.3065584564036419,0.9986546611617938
316162153,OC[C@@H]1CC[C@H](CO1)Nc1ncnc2[nH]cc(c12)C(=O)c1ccc(cc1Cl)Oc1ccccc1 |r|,1,0.3118279569892473,5.740562515990863,0.9990633511278363
5852446,CCC(=O)NCC[C@@H]1CCc2ccc3c(c21)CCO3 |r|,1,0.2903225806451613,1.6227680055999918,0.99909580823592
48613628,COc1ccccc1C(=O)NCc1nc(cc(n1)N1CCCCC1)C,1,0.36923076923076925,2.484792949120653,0.9976109481778012
48613632,Cc1cc(nc(n1)CNC(=O)c1ccccc1Cl)N1CCCCC1,1,0.36363636363636365,2.5517419540384814,0.997868240649973
35731142,CCOC1CCN(CC1)C(=O)CN1C(=O)Nc2ccccc21,1,0.5862068965517241,1.8081755998791722,0.9990572685945076
48281908,Cc1oc2ncnc(c2c1C)NCc1cc(cc2c1OCOC2)F,1,0.4393939393939394,2.408760469619304,0.9995024062545514
43249441,CN(C)c1cc(nc(n1)C)C1(C)CCNCC1,1,0.5,2.1003268793213996,0.995408220113961
423170,Cc1ncc(c(n1)CCNC(=O)C1CCCC1)-c1ccccn1,1,0.36923076923076925,1.3464976791661991,0.9990898202184602
53803937,CNC(=O)Cc1cccc(c1)OCCN1CCCCC1,1,0.4166666666666667,2.510075895266946,0.9974191679737928
49150113,CNc1ncc(cn1)-c1nc(nn1C(C)(C)C)C1(CC1)c1ccccc1,1,0.34375,2.4292815810438295,0.9970329499812679
53808517,CCCS(=O)(=O)NC1CCN(CC1)Cc1ccc(c(c1)OC)C,1,0.5081967213114754,2.5081840044142756,0.998521932842092
35754387,CNC(=O)c1cccc(c1)Oc1ncnc2c1CN(C)CC2,1,0.4264705882352941,1.9089743319385182,0.9970315555517113
232863503,CCN1CCC(CCNc2ncc(c(n2)N(C)C)C)CC1,1,0.43859649122807015,2.8705102333907684,0.9973898809635067
11880948,CCN1CCN(CC1)c1ccc(cc1)Nc1ncnc2sccc12,1,0.4,2.5709204577352494,0.99730455894223
48269211,COc1ccc(cc1)CC(=O)Nc1ccc(nc1)F,1,0.39344262295081966,1.713669746479628,0.99899477162364
177388619,CCc1nc(cc(n1)N1CCCC2(CCNCC2)CC1)C,1,0.5094339622641509,2.8281713173003227,0.9981743454699586
18855069,CC1CCN(CC1)C(=O)c1sc(nc1C)COc1ccc(cc1)F,1,0.38666666666666666,2.0065599916273857,0.9983431649698269
48780034,CC(=O)N1CCCN(CC1)Cc1c(nn(c1Cl)C)C,1,0.36363636363636365,1.7970703937240942,0.9989738150265617
46622380,CN(C)C1=CC(=O)N(CCC(C#N)(c2ccccc2)c2ccccc2)N=C1,1,0.2698412698412698,1.7140338386390612,0.9986223091068589
177370206,Cc1cc(n2nc(c(c2n1)C(=O)NCCc1nnc(s1)C)C)C,1,0.5714285714285714,1.7892576673024512,0.9992386045842419
1542910,CCOC(=O)c1ccc(cc1)NC(=O)Cn1cnc2ccccc12,1,0.4426229508196721,1.9797095746597442,0.9975930635870276
36427432,CCc1nc2cc(ccc2o1)-c1c(cccc1OC)OC,1,0.3137254901960784,1.4920599853893501,0.9990615827111419
82716591,COc1cccc(c1OCCCN)C(=O)N(C)CC(F)(F)F,1,0.3181818181818182,1.943260919176726,0.996705357018971
43643219,Clc1cccc(c1)NC(=O)CN1CCCN(CC1)c1nccs1,1,0.515625,1.3452817548751357,0.999570877303979
49149249,Cc1ccccc1OC1CCN(CC1)C(=O)Nc1ccc2n(cnc2c1)C,1,0.4714285714285714,2.247916813407246,0.9967884289745285
44507875,C1CC1c1nnc2n1CCN(C2)c1ncnc2ccccc12,1,0.2878787878787879,1.5260173655633353,0.999158411800601
45665715,CC(=O)N1CCC(CCNc2ccc3ccc(cc3n2)F)CC1,1,0.5,2.0342448230238994,0.9982906090043421
189638257,FC(F)(F)c1ccccc1C1N(CCNC1=O)C(=O)c1ccc2nccn2c1,1,0.47692307692307695,3.4444019800248378,0.9989988159106076
189741166,Cc1cc(ccc1C1N(CCNC1=O)C(=O)c1ccc2nccn2c1)F,1,0.4057971014492754,2.872401086199621,0.9987164993621582
Z344039182,Fc1ccc(cc1F)C(=O)N1CCN(CC1)C(=O)c1nc(ccc1Cl)Cl,1,0.36666666666666664,1.6806831944183427,0.9985355525145279
31847077,O=C(NC1CC1)c1cccc2cccnc12,1,0.5555555555555556,1.4696656082251431,0.9994807475482309
53747827,Fc1ccc(cc1F)CN1C=Nc2c(oc3ccccc23)C1=O,1,0.3235294117647059,1.1679511976105288,0.9993555757799326
4899313,Clc1ccc(cc1)CN1C=Nc2c(oc3ccccc23)C1=O,1,0.3484848484848485,1.5786373871159545,0.9992859652122218
177427275,FC(F)(F)c1cccc2c1C(=O)N(CCc1ncc[nH]1)C=N2,1,0.31746031746031744,1.2947690913829222,0.9988699668741517
177461018,Cc1cccc2c1C(=O)N(CCc1ncc[nH]1)C=N2,1,0.3492063492063492,1.4774075267171727,0.9991816414342521
48773349,OC(=O)c1ccccc1COc1cccc2cccnc12,1,0.3770491803278688,2.3184490505507815,0.9954503958876071
48765718,COc1ccc(c(c1)C(=O)N)OCC#C,1,0.3508771929824561,1.3225414927327457,0.9967182408767633
49041586,CC(C)N(Cc1nnc(o1)C(C)C)C1CCOCC1,1,0.3157894736842105,1.4165405041861556,0.998941795244843
49837375,Cc1c(cnn1-c1ccc(cc1)Cl)C(=O)Nc1ccc(c(c1)C#N)N1CCC(CC1)N1CCOCC1,1,0.30097087378640774,3.10584094892176,0.9965321127730719
36356120,CC(C)c1nc2c(n1C)CCN(C2)c1ncnc2ccccc12,1,0.45454545454545453,0.9937479559727305,0.9993593548122153
36356102,CC(C)c1nc2c(n1C)CCN(C2)c1ncnc2ccsc12,1,0.45588235294117646,2.019443240103609,0.9994632206945315
31837136,CCCC(=O)Nc1ccc(cc1)C(=O)N(C)C,1,0.4772727272727273,1.6429150921456768,0.9987438868679208
73023165,CC(=O)Nc1ccccc1CN1CCC(CC1)c1nnc2ccccn12,1,0.546875,2.110251643761898,0.9988734058426312
3112768,N#Cc1ccc(cc1)COc1cnc2ccccc2n1,1,0.4230769230769231,1.572375273273099,0.9982694574352148
300011391,Oc1nccc2c(cccc12)S(=O)(=O)N1CCCNCC1,1,0.6274509803921569,1.9329089476745474,0.9976066211773055
31412633,Cc1ccc(cc1)-c1noc2nc(cc(c12)C(=O)O)C,1,0.4074074074074074,2.890637127001624,0.9955748539055561
44498594,CC(=O)N1CCN(CC1)C(=O)CCc1ccc([nH]1)-c1ccccc1,1,0.35294117647058826,1.702263493116987,0.9994290472181491
49942182,Cc1ncsc1CNc1nnc(o1)-c1ccncc1,1,0.6304347826086957,2.3403820200979464,0.9990269945898822
72972996,CC(C)n1nccc1-c1ncccc1COc1cccc(c1C=O)O,1,0.29577464788732394,2.24767880267667,0.9992946336448424
73050302,C1CCN(C1)c1cc(ncn1)NCc1ccccc1N1CCOCC1,1,0.3333333333333333,3.8039605676188706,0.9913440237791811
45712854,CCN(c1ccccc1)S(=O)(=O)c1ccc(cc1)C(=O)Nc1ccccc1C(=O)C,1,0.4339622641509434,1.4852986231731378,0.9987057658111731
258731,COc1cccc(c1)S(=O)(=O)N1CCOC(C1)c1c(sc2ncccc12)C(=O)N,1,0.32222222222222224,2.5726591301608024,0.9986658968328188
32146223,C1CN(CCC1c1ncc[nH]1)c1ncnc2sc(cc12)-c1ccccc1,1,0.3484848484848485,2.039097839731818,0.9989309488283175
32117877,O=C(CNC(=O)c1ccccc1)N1CCN(CC1)C1CC1,1,0.37254901960784315,1.5488831460122339,0.9981012756532621
308044,CCOc1cc(ccc1OC)CN1CCc2c(nc(nc2C1)N1CCCC1)N,1,0.3333333333333333,2.7378913418906428,0.9980131526127224
49947006,Cc1nc(n(n1)C)NCc1sccc1C,1,0.6190476190476191,1.8202675627501914,0.9993524106911735
48753166,CCc1nccn1Cc1nc(nc(n1)N(C)C)N,1,0.32,2.1330977474084505,0.9989273339701095
25000719,CC(=O)N1CCC(CC1)Nc1ncnc2cc(sc12)-c1ccc(cc1)Br,1,0.47692307692307695,2.208882522905879,0.9990989649033919
395728,Cc1ccc(cc1)-c1cnn2c(cc(nc12)Cn1cccn1)O,1,0.3387096774193548,2.6521900384401116,0.9992233106807537
3416569,Cc1ccc(cc1)-c1nc(cs1)CN1C(=O)N(C2CCCC2)C(=O)C1=O,1,0.42857142857142855,2.576326260395101,0.9985116247118293
36340866,CCS(=O)(=O)Cc1ccn(n1)-c1cccc(c1)F,1,0.5227272727272727,1.0759433070565874,0.9990015713076456
53780028,CC(=O)NC1CCC(CC1)NCCc1c(cccc1C)C,1,0.5319148936170213,1.5360621732208448,0.998540953726891
232833340,COc1cccc(c1)Oc1ccc(cn1)NC(=O)CN1CCOCC1,1,0.40298507462686567,1.5970062617285619,0.9989875090746487
232865232,COc1cccc(c1)Oc1ccc(cn1)NC(=O)CN1CCCCC1=O,1,0.4461538461538462,1.8409483968869043,0.9989176452799713
48297162,C1CCN(CC1)c1nc(nc(n1)N1CCCCC1)NC1CC1,1,0.32558139534883723,5.996729942226906,0.9814303363448653
413444,OC1CCN(CC1)c1ncc(c(n1)-c1cccs1)-c1cnccn1,1,0.5925925925925926,2.292565157198397,0.999489253870604
49963976,CCCNC(=O)C1(CCCCC1)NCc1cncnc1,1,0.5882352941176471,2.208145375648828,0.9985808164271963
353778,CC(=O)N1CCC2(CC1)Oc1cc(c(cc1C=C2)C)C,1,0.29508196721311475,2.2040909690846155,0.9995170525255455
32090192,CC(=O)N(c1ccc(cc1)C)c1nc(cs1)Cn1ccnc1,1,0.3064516129032258,1.9727039818481271,0.9990668859929647
45753290,Cc1nnc(o1)-c1ccccc1NCc1ccsc1,1,0.28125,1.6701380182491614,0.9992262344909066
36950801,CN(CC1CCCC1)C(=O)Nc1ccccc1N1CCOC1=O,1,0.47619047619047616,1.7347377323387496,0.9993001413735415
314860,CCN1C(=Nc2ccccc2C1=O)CN1CCCCCC1,1,0.32727272727272727,1.5154553771068437,0.9983874201064772
Z1611059418,CC(C)c1nnc(o1)NCc1ccn(c1)C,1,0.5681818181818182,2.6093041217917867,0.9989439329043115
177455527,CN(C)c1cncc(n1)-c1ccc(cc1)C(=O)NC(C)(C)C,1,0.5106382978723404,1.397418333928584,0.9987298336391414
24065064,CN(C)C(=O)c1cccc(c1)NC(=O)c1ccc(nc1)C,1,0.5102040816326531,1.2625153464410508,0.9991157796851562
49064492,CC1CCC(O)(CC1)CSc1nncn1C(C)C,1,0.5306122448979592,1.3774617962035827,0.9987809597118386
16154631,Fc1ccc(cc1F)N1C=CN(Cc2ccccc2Cl)C(=O)C1=O,1,0.625,1.1695469208200984,0.9981723086941886
16784498,COc1cccc(c1OC)-c1nc(cs1)C(=O)O,1,0.3404255319148936,2.2717409623457967,0.9963945421068747
25428520,COc1ccccc1-c1nc(cs1)C(=O)O,1,0.34615384615384615,2.186582721965993,0.9956190835190372
139341,COCC(=O)N1CCC(CC1)(Cc1ccccc1-c1cccc(c1)F)C(=O)NC(C)C,1,0.4927536231884058,1.8330624648386329,0.998803085937335
177506724,Cc1[nH]nc(c1C)CCC(=O)NCCCOC1CCCCC1,1,0.2878787878787879,2.6979418081199884,0.9954401234606264
177377491,Cc1[nH]nc(c1C)CCC(=O)NCCCOC1CCCC1,1,0.2923076923076923,1.6630974114584443,0.9989474182335837
36946295,CNC(=O)c1cnc(s1)/C=C/c1csc(n1)-c1cccs1,1,0.5254237288135594,2.3043886390970463,0.998046097697112
193781,COc1ccc2c(c1)C=C(CO2)CN1CCC(CC1)c1cc(cc(n1)C)-c1cncnc1,1,0.4567901234567901,2.770736725132755,0.9974769154877706
193785,COc1ccc2c(c1)C=C(CO2)CN1CCC(CC1)c1cc(cc(n1)C)-c1ccc(nc1)N,1,0.4878048780487805,3.9854948249872795,0.9945614807527079
177304918,COC1(CCN(CC1)Cc1ncccc1Cl)c1nc(no1)Cc1ccccc1,1,0.3787878787878788,1.931863349204732,0.9987945747558868
177307724,COC1(CCN(CC1)Cc1cnc(o1)C)c1nc(no1)Cc1ccccc1,1,0.32857142857142857,1.2043712052352857,0.9990885782556942
48836360,O=C(N(CCC#N)C12CC3CC(CC(C3)C2)C1)c1cccs1,1,0.28125,2.28888378909902,0.9984213977103285
49961912,O=C(N(CCC#N)C12CC3CC(CC(C3)C2)C1)c1sccc1C#N,1,0.296875,2.4372453713156657,0.9975539505862464
49951308,O=C(Cc1n[nH]c2ccccc12)N1CCCO1,1,0.38181818181818183,1.0763363786472837,0.9996864804675307
48295458,Cn1ccnc1-c1noc(n1)NCc1ccccc1,1,0.41509433962264153,1.4354243275072833,0.9989683491764951
177472907,CCn1nccc1-c1cc(nc(n1)N1CCCC1)C,1,0.3728813559322034,1.274220546059355,0.999494536586582
3333585,O=C(CSc1nnc([nH]1)-c1cccs1)N1CCCCCC1,1,0.39622641509433965,1.777253499082482,0.9987477515248278
49088031,Cc1cnc(nc1N1CCSCC1)N1CCSCC1,1,0.43902439024390244,1.9559309803771603,0.9984501037898352
44529882,COC1CCN(CC1)C(=O)Nc1cc(cc(c1)C(F)(F)F)C(F)(F)F,1,0.38095238095238093,1.867059720523318,0.9987247544741855
7689820,Nc1nc(c2c(c(ccc2n1)Br)Cl)N,1,0.3333333333333333,6.408503803540984,0.9830824922115982
49953992,CN1CCc2ccc(cc21)C(=O)NCCC(=O)Nc1cccnc1,1,0.373134328358209,2.573071316539244,0.9991959169145197
316949638,O=C(Nc1ccc(cc1)CN1CCCCC1)c1ccnc2[nH]cnc12,1,0.4426229508196721,4.115023936746858,0.9945741917960669
2199776,O=C(NCc1cccs1)c1cccnc1,1,0.5208333333333334,1.541232947999755,0.999410486590134
11326025,CCCNC(=O)Nc1ccc(cc1Cl)Oc1ncnc2cc(c(cc12)OC)OC,1,0.34065934065934067,2.621441397399782,0.9968755883790585
177465976,Clc1ccc(nc1)C(=O)N1CCN(CCc2ccccc2)C(=O)C1,1,0.3333333333333333,1.6077067518671628,0.9990312998217589
Z57841791,Cn1c(nc2ccccc12)CNC(=O)Cc1ccccc1,1,0.3793103448275862,1.727803518922065,0.9983890140136504
Z102329238,Cn1c(nc2ccccc12)CNC(=O)Cc1cccc2ccccc12,1,0.5,1.5591228303117257,0.9987960734558361
49028063,Cc1nnc2ccc(nn12)NCCOC1CCCCCC1,1,0.3620689655172414,1.9236156060915484,0.9977980309749994
48210605,C(Cn1ccnc1)Nc1cnc2ccccc2n1,1,0.5094339622641509,1.5594499030104814,0.9993141718520177
30173146,Cc1c(n(c2ccc(cc12)O)Cc1ccc(cc1)OCCN1CCCCCC1)-c1ccc(cc1)O,1,0.34375,4.349389727306841,0.9975072441081286
171745752,CCCc1nc(ncc1C(=O)O)N1CCc2ccccc2C1,1,0.4375,1.953355062450252,0.9961226062315505
300620222,CCN(CC)Cc1ccc2cc(ccc2c1)COC(=O)Nc1ccc(cc1)C(=O)NO,1,0.3380281690140845,2.666318998169555,0.9965344721406308
171975111,CC(=O)NC[C@H]1C[C@]2(C)[C@@H](CCCC[C@]2(C)O)N1CC1(O)CCCC1 |r|,1,0.3103448275862069,5.033965732898822,0.9991323289890625
171974149,CC(=O)NC[C@H]1C[C@]2(C)[C@@H](CCCC[C@]2(C)O)N1CC1(O)CCOCC1 |r|,1,0.2857142857142857,4.000049249696855,0.9982438088150006
323968411,CC(O)(C#Cc1ccc2c(c1)N(CC2)c1nc(ncc1Cl)N)c1nccs1,1,0.2247191011235955,3.3193844308849494,0.9986920237603655
232900428,COCC(=O)Nc1ccc(cc1)NC(=O)Cc1cc(ccc1C)C,1,0.43137254901960786,2.077262862518548,0.9973281708963465
36705292,CCN(CC)C(=O)N1CCCN(CC1)C(=O)N(CC)CC,1,0.35714285714285715,2.8788996161728124,0.9983336816512332
23998049,O=C(Cc1ccc2c(c1)CCC2)Nc1nc2ccccc2o1,1,0.33783783783783783,1.2247081284939243,0.9993476785716707
32391674,O=C(NCC1=CCCN(C1)Cc1cccc(c1)C#N)c1cccs1,1,0.42105263157894735,2.3689083983978247,0.9974703252084944
48421225,CN1C(=O)N(C)c2cc(ccc21)CN1CCC(CC1)c1ccc(cn1)Cc1ccccc1F,1,0.3783783783783784,3.3751308122801196,0.9975155909922457
49156244,CCCCn1nc(nc1CNC)-c1ccc(o1)C,1,0.4032258064516129,1.3059207479784762,0.9990383260675217
2858011,CC(C)CN1C(=O)NC(=O)c2c1ncn2CC(C)C,1,0.47058823529411764,2.1322933663077,0.9991951604198237
3573849,COc1ccc(cc1)-c1csc(n1)CC(=O)N,1,0.6363636363636364,2.00969873364142,0.9983201461502877
36671973,CN1CCN(C(=O)CCc2c(nn(c2C)C)C)c2ccccc2C1,1,0.5932203389830508,1.8136976043436857,0.9984718757120541
300095105,Cc1cncc(c1)CN1CCC(=C2c3ccc(cc3CCc3cccnc32)Cl)CC1,1,0.55,2.114320458209313,0.9984645417792888
36332254,CN(CCN1CCCC1)C(=O)c1sc2nc(nc(c2c1C)C)C,1,0.5344827586206896,2.168559890803019,0.9976960463482062
11480017,COc1ccc(cc1)OCC(=O)Nc1cccc(c1N1CCN(CC1)C(=O)C)Cl,1,0.45588235294117646,1.4325061954489038,0.999070980946525
11480015,CC(C)c1ccc(cc1)OCC(=O)Nc1cccc(c1N1CCN(CC1)C(=O)C)Cl,1,0.44285714285714284,1.8215685548449836,0.9984629099803269
222769009,CC(C)Cc1cc(n[nH]1)CN1CCN(CC1)S(=O)(=O)N1CCOCC1,1,0.27419354838709675,2.0418141443332694,0.9979969551948403
42966292,COC(=O)c1cc(c(c(c1)NC(=O)CCCc1ccccn1)C)F,1,0.3492063492063492,1.5266129175401413,0.9992967710108851
24121594,O=C(NCc1cnn(c1)-c1ccccc1)C1CCC1,1,0.5283018867924528,1.4105846305698382,0.9991804068812987
177428613,Cc1n[nH]c(n1)C1CCN(CC1)C(=O)NC1CCN(CC1)c1ccc(cc1)F,1,0.4444444444444444,2.3339359459935065,0.9986154871273388
36421752,COc1ccc(cn1)-c1c(n[nH]c1C)C,1,0.28,1.1902067047365383,0.9996495372463813
300964829,Cn1cc(cn1)-c1ccnc(n1)/C=C/c1ccc(cc1Br)F,1,0.33783783783783783,2.2873567714722656,0.997951315451108
133851,Cc1ccc2n(c(cc2c1)C(=O)N1CCOC(C1)C(=O)N1CCc2ccccc2C1)C,1,0.37333333333333335,3.584948674667383,0.9994140712387046
48763678,C1CC(CCO1)Nc1nnc(s1)Cc1ccccc1,1,0.46,1.3151608266673898,0.9979726786382682
49096260,CC(C)CCN1CCC(CC1)CNS(=O)(=O)C,1,0.31666666666666665,2.840277803314319,0.9952074666841262
49829625,Cc1cc(ccc1Nc1nc(c2nc[nH]c2n1)NC1CCCCC1)N1CCOCC1,1,0.367816091954023,2.831642103091839,0.9973679708593793
316789943,NC1CC(NC(=O)c2ccc(cn2)-c2cn[nH]c2)C21CCC2,1,0.38235294117647056,3.4144772659955445,0.9973226594603641
29665183,COc1cccc(c1)-c1nnn(n1)Cc1cc(cc2cccnc12)F,1,0.4067796610169492,1.3197060278712303,0.9990207476039679
43258693,O=C(N1CCOCC1c1ccn[nH]1)c1ccc2c(c1)CCCC2,1,0.3230769230769231,2.00535807276416,0.9982030976003815
30446887,Cn1c(ncc1-c1ccc(cc1)F)NC(=O)CCC(=O)N1CC(=O)Nc2ccccc21,1,0.4155844155844156,2.50426516167917,0.999158867930116
7683299,COc1ccccc1N1CCN(CC1)C1=NC(=CC(=O)N1)c1ccc(cc1)C,1,0.3582089552238806,1.8562847303149164,0.9987489452319668
4759628,COc1ccccc1N1CCN(CC1)C1=NC(=CC(=O)N1)c1ccc(cc1)F,1,0.3582089552238806,1.7945428387196782,0.9989189467011219
309592,O=C1NN=C2C(=C1)CCc1nc(ncc12)N1CCCC1,1,0.2692307692307692,2.0120780302961223,0.9982662468675095
309652,O=C1NN=C2C(=C1)CCc1nc(ncc12)N1CCCCC1,1,0.2641509433962264,1.6858769231470303,0.9983616499749585
36695013,Cc1cnn(c1)C1CN(C1)CC1(O)CCCCC1,1,0.3793103448275862,1.743629834569391,0.9991192945531544
48931495,CN(C)S(=O)(=O)c1cc(ccc1C)NC(=O)CN(C)C1CCCCC1,1,0.5294117647058824,3.162409208182838,0.997292310897472
30197060,CN(Cc1c(cccc1Cl)F)C(=O)c1ccc(nc1)-n1ccnc1,2,0.4411764705882353,1.6516967033933247,0.9984880671011523
29640121,CN(Cc1ccc(cc1)Cl)C(=O)c1ccc(nc1)-n1ccnc1,2,0.5344827586206896,1.762841456285626,0.9971083919820033
30457837,Fc1cccc(c1)OC1CCN(CC1)Cc1nc2ccccc2[nH]1,2,0.5178571428571429,1.3447940362749107,0.9985765416295743
2868274,Cc1csc(n1)Cc1nc(no1)-c1ccc(cc1)O,2,0.3333333333333333,1.4613185826504929,0.9991545337809231
36635336,CN1CCN(CC1)C1=C2C=CC=CC2=Nc2ccc(cc2N1)Cl,2,0.2878787878787879,1.5978895456196989,0.9973210134805687
303172217,CC1=C2N(C(=O)C(=C1)Nc1cc(ncn1)N)C1(CCCCC1)NC2=O,2,0.26865671641791045,2.9997398220509677,0.9985772636180568
29676702,O=C1CCCN1C(=O)COc1cccc(c1)-c1nnco1,2,0.3484848484848485,1.4969238457584264,0.9983794843767008
5662916,CC(C)(CO)NCCCCn1c2ccccc2c2ccccc12,2,0.2542372881355932,1.4811114070185265,0.9986057590186482
327160,CNc1ncc(cn1)CN(C)CCN1CCCCC1,2,0.37254901960784315,2.664794551180304,0.9965344721406308
3030747,CCC(C)(C)c1ccc(cc1)Oc1ccc(cc1)NC(=O)CSc1cccc[n+]1[O-],2,0.3142857142857143,3.299402067041785,0.9963410129879067
133851,Cc1ccc2n(c(cc2c1)C(=O)N1CCOC(C1)C(=O)N1CCc2ccccc2C1)C,2,0.37333333333333335,3.347270679225017,0.9994140712387046
49292072,CN(C1CCCCCCC1)C(=O)COc1cc(on1)C,2,0.3793103448275862,1.736948473616867,0.9979665799346831
31378890,O=C(NCC1(CC1)c1ccccc1)c1cccnc1,2,0.46938775510204084,0.8731540528452768,0.999096772163489
49343751,O=C(Nc1nnc2n1CCCC2)c1cscn1,2,0.5185185185185185,1.8867578010967692,0.9997562668675545
3593598,Clc1ccccc1-c1ccc(o1)C(=O)N1CCN(CC1)C(=O)c1ccccc1,2,0.32786885245901637,1.7431095777371972,0.9990417009585347
44563083,COC(=O)N1CCCN(CC1)C(=O)c1ccc(o1)-c1ccccc1Cl,2,0.36507936507936506,1.3278192648096996,0.9989017931084473
276236010,CCC(C)(C)N1CCN(CC1)C(=O)NCCc1cc(no1)C,2,0.36363636363636365,2.5721347165342103,0.9989130727666552
30713459,CC(C)CC(=O)NCC(=O)N1CCCC1,2,0.4666666666666667,1.416858143922501,0.9988497854900361
48745653,CC(C)NC(=O)Cn1nnnc1C(C)(C)C,2,0.5531914893617021,1.4030124732163498,0.9991902113478427
313516885,CC(C)c1nnc(n1-c1cccc2nonc12)-c1ccc(nc1)-c1ccccc1,2,0.2727272727272727,2.1829241855821455,0.9987723466437423
23998049,O=C(Cc1ccc2c(c1)CCC2)Nc1nc2ccccc2o1,2,0.33783783783783783,1.2556432614402622,0.9992774516085622
24039580,CCC(=O)N(C)CC(=O)Nc1cccc(c1)F,2,0.5882352941176471,1.3554578562241304,0.9991806691279003
301693590,CN(C1CCNC1)C(=O)c1cc(ccc1F)N1CCNC1=O,2,0.47761194029850745,1.6179150163095097,0.9993895565794211
301817626,CN(C1CCC(N)CC1)C(=O)c1cc(ccc1F)N1CCNC1=O,2,0.5,2.033139690232895,0.9986154188841896
300042043,Clc1ccccc1CNCc1ccc2c(c1)OCCO2,2,0.44,2.1301631392925233,0.9971736334434552
48242285,CCc1cnc(o1)CN1C(=O)NC2(CCC2)C1=O,2,0.4444444444444444,1.9901213530841295,0.999416263030465
49350315,Fc1ccc(cc1)CNc1nnc(o1)-c1ccc2c(c1)OCO2,2,0.4032258064516129,1.812307369074327,0.9984645792503162
222764757,CCCc1ncncc1C(=O)NCc1nncn1CCC,2,0.5079365079365079,1.4205516534081284,0.9991154016619659
49829625,Cc1cc(ccc1Nc1nc(c2nc[nH]c2n1)NC1CCCCC1)N1CCOCC1,2,0.367816091954023,3.0251109070576767,0.9973679708593793
32007436,Cc1cc(n(n1)-c1ccc(cn1)CNC(=O)c1ccc2c(c1)CCO2)C,2,0.5538461538461539,0.8997471867124052,0.9997859253381778
36950373,CC(C)(C)c1csc(n1)CCNC(=O)N1CCSCC1,2,0.5272727272727272,2.272235463151044,0.9988569669527483
33312531,Cc1noc(n1)C1CCN(CC1)C(=O)C1(CCC1)c1cccc(c1)F,2,0.37142857142857144,1.9752792207684158,0.9987729750146869
44447021,Cc1ccc(cc1)N1CCN(CC1=O)C(=O)c1c(nc2sccn12)C,2,0.3235294117647059,1.777253499082482,0.9984009173909894
31325002,Cc1ccccc1CC(=O)N1CCN(CC1)C(=O)c1ccccc1,2,0.4,1.7140338386390612,0.9992189825807118
177361869,CN(C)c1nc(ncc1C)NCC1(CO)CCCC1,2,0.39344262295081966,2.5301035551926385,0.9964613524344796
48752236,Cc1cccc(n1)NC1CCN(CC1)Cc1ccncc1,2,0.4230769230769231,1.894962004896222,0.998829338645528
49825510,Nc1ccnc2ccc(cc12)Oc1ccccc1,2,0.3103448275862069,1.1954865118437088,0.9988266573753658
73050098,Cc1ccnc(n1)N1CCC(CC1)OCC1CCCC1,2,0.38461538461538464,1.7429601257632312,0.9991419148138796
44712587,CCCOc1ccccc1C(=O)N1CC(C1)Oc1cccc(c1)OC,2,0.3561643835616438,1.6710032914389292,0.9992070485835162
31937832,CC(C)c1nc(cs1)CC(=O)N1CCCN(CC1)C(=O)C,2,0.31666666666666665,1.525286858265821,0.9995119503649788
232859404,COc1cccc(c1C(=O)N(C)Cc1ncc[nH]1)C,2,0.5344827586206896,2.009331480866342,0.9983476140727746
36318534,Cn1ccc2c(cccc12)C(=O)Nc1ncn(n1)Cc1cccnc1,2,0.34328358208955223,1.9011604351032725,0.9994762782964214
49088031,Cc1cnc(nc1N1CCSCC1)N1CCSCC1,2,0.43902439024390244,1.9559309803771603,0.9981354803596266
49874322,COc1ccc(c(c1)F)CN1CCC(CC1)c1nc(no1)C(C)C,2,0.47761194029850745,1.6299929447699402,0.9985239763329816
49082955,O=C(OCC1CCSCC1)c1cccc(n1)-n1cccn1,2,0.40625,1.6523958363539208,0.9989401386262826
48784525,NC(=O)COc1ccccc1C(=O)Nc1cccc(n1)-c1ccc2ccccc2c1,2,0.3898305084745763,1.9213810137502843,0.9976684407607675
49942166,Cc1oc2ccccc2c1CNc1nnc(o1)-c1ccncc1,2,0.5185185185185185,2.0469298962094817,0.9988050296403919
36269102,Cc1cc(cc(c1OCc1cccnc1)C)C(=O)N1CCOC(C)(C)C1,2,0.4838709677419355,2.0798382148618133,0.9984627174994578
49155634,COCC1(CC1)c1nc(nn1Cc1cccc(c1)Cl)-c1ccncc1,2,0.26865671641791045,1.3986840243603709,0.9982602117504514
235805596,CC(C)(C)C1=NN(CC2CN(C2)CC2(O)CCCC2)C(=O)C=C1,2,0.3793103448275862,2.4900010040157263,0.9986226202472861
205724941,OC1(CCCC1)CN1CC(C1)CN1N=C(C=CC1=O)C1CC1,2,0.3620689655172414,2.031472618570008,0.9991968337479471
32099814,O=C(NC1CCCC1)C(=O)c1ccc2c(c1)CCC2,2,0.36538461538461536,1.167981592320714,0.9990881975180909
49045390,CCc1cc(on1)CNC(=O)NC1CCN(CC1)CC1CCCCC1,2,0.45454545454545453,3.7549965379481107,0.9987196075787691
280546,O=C(N1CCOCC(C1)Cc1cccc2ccncc12)c1cccc(c1)Nc1ncccn1,2,0.43037974683544306,2.0449090444321847,0.998318434152152
177258756,CN(Cc1ccc(cc1)OC(F)(F)F)Cc1cn(nn1)C,2,0.3225806451612903,1.9310668036088665,0.9966395515647797
36671973,CN1CCN(C(=O)CCc2c(nn(c2C)C)C)c2ccccc2C1,2,0.4090909090909091,1.8136976043436857,0.9984718757120541
232853784,CN1CCC(CC1)CN(C)c1nc(nc(c1Cl)O)C,2,0.31666666666666665,1.7247689700358821,0.9983819992684984
13329162,CN1CCN(CC1)S(=O)(=O)Cc1ccc(c(c1)Cl)Cl,2,0.36,1.3096144470796864,0.9966828577988227
13329354,CCN1CCN(CC1)S(=O)(=O)Cc1ccc(c(c1)Cl)Cl,2,0.34615384615384615,1.7632331099431613,0.9963741940296609
33351514,Cc1ccc(c(c1)OCc1c(ccc2cccnc12)Cl)C(=O)N,2,0.3770491803278688,1.6739689363903423,0.9984957198739955
89942288,CC1(C)OCCn2c1nc1c(nc(nc21)-c1cnc(nc1)N)N1CCOCC1,2,0.2289156626506024,2.358248078553227,0.9988092071277314
30063543,O=C(CN1CCc2ccccc21)N1CCC(CC1)c1nc2ccccc2[nH]1,2,0.4576271186440678,1.6945034670957662,0.9985769074935443
324054153,CC1(C)Cc2cc(c(nc2O1)N1CCN(CC1)CC(F)F)NC(=O)c1cnn2cccnc12,2,0.620253164556962,3.762189123369493,0.9992159348180129
43830470,Fc1ccc(cc1)CSc1nnc(s1)NC(=O)C1CCC1,2,0.3793103448275862,1.3302774146772272,0.9994514954876745
3477427,Cc1nnc(s1)NC(=O)c1ccccc1-c1ccc(cc1)C(F)(F)F,2,0.41818181818181815,1.3594969657927776,0.9985687834038349
36922856,Fc1ccc2c(c1)N(CCC2)CC(=O)N1CCNC1=O,2,0.6,1.908911731851566,0.9976614694085582
49307701,Clc1cc2ncc(nc2cc1Cl)-n1ccnc1,2,0.3191489361702128,1.94330903358148,0.9986407460264476
45736550,Cc1ccc(cc1)C(=O)C(=O)NC1CCCC1,2,0.4090909090909091,1.4657683991683037,0.999096391830723
232872526,Cc1cc(cnc1C)C(=O)NCC1CCN(CC1)c1ccc2ccccc2n1,2,0.40298507462686567,2.131854591664049,0.997651851033461
206931104,CN(C)CCOc1ccc(cc1)-c1nc(c([nH]1)-c1ccc/2c(c1)CC\C2=N/O)-c1ccncc1,2,0.43243243243243246,4.250104351660157,0.9970122077754188
153307,CCn1c(nnc1C1CCN(C)CC1)SC,2,0.32075471698113206,1.5816099392707388,0.9977157166793681
36303318,CN(CC#N)C(=O)c1cccc(c1)CN1CCCC1,2,0.4393939393939394,1.698020023439074,0.9981640993659818
16252179,CCOC(=O)c1c([nH]c(c1C)CN(Cc1ccccc1)C(=O)c1ccccc1Cl)C,2,0.3548387096774194,2.4530187524760545,0.9990830106244931
50282751,CC(C)OC(=O)N1CCC(CC1)Oc1ncnc2n(ncc12)-c1ccc(cc1F)S(=O)(=O)C,2,0.24468085106382978,2.2885266002388227,0.997489447013211
173035,Cc1noc(n1)C1CCN(CC1)CCc1ccccc1,2,0.423728813559322,1.6688858558934687,0.9984032769812996
222760164,CN(C)C(=O)c1cncc(n1)N(C)CCN(C)C1CCCC1,2,0.5,2.4136466187080505,0.9987239661584063
177499958,COc1ncnc(c1-c1cccc(c1)OC(C)C)C,2,0.5853658536585366,1.5006601880505226,0.999013998323835
49300427,Cc1nsc(n1)NCc1cncs1,2,0.3404255319148936,1.6735620693598299,0.9996708896126777
23829815,O=C(N1CCN(CC1)Cc1cccnc1)c1ccccc1-n1cccn1,2,0.3793103448275862,1.237997172856599,0.998895018098811
53744933,Nc1n[nH]cc1-c1cc(ccc1Oc1cc(c(cc1Cl)S(=O)(=O)Nc1cscn1)F)Cl,2,0.26506024096385544,4.668823620570476,0.9972811567922413
300003450,O=S(=O)(N1CCCNCC1)c1cccc2cnccc12,2,0.6274509803921569,1.0810707654915461,0.9986928490519844
50132153,CCc1ccc(cc1)S(=O)(=O)NCc1ccnc(n1)N1CCCC1,2,0.3220338983050847,1.5630099167954052,0.998799227536908
15283106,COc1ccc(cc1)NC(=O)C(C)N1CCCN(CC1)c1ccc(cn1)C(F)(F)F,2,0.5441176470588235,1.7359366347887126,0.9990975081370506
485897,OC(=O)CCn1c2ccccc2c2ccccc12,2,0.3,2.328686324947938,0.9964225000535474
36622590,CCN1CCC(CC1)Nc1nc(cc(c1C#N)C)C,2,0.40350877192982454,2.6911629456426818,0.9984004931556664
222782402,O=C(C1CC1)N1CCC(CC1)CNS(=O)(=O)N1CCCCCC1,2,0.4642857142857143,1.7609693353380658,0.9985909949325473
53927369,Cc1cn(c2ccccc12)CCN1CCN(CC1)c1ccccc1-c1cc(cc(c1)C(=O)NCCCN1CCCC1)C#N,2,0.43209876543209874,4.637414473604661,0.9957979985351124
222793392,CCCc1cc(on1)CNS(=O)(=O)c1cc(ccc1C)-c1cnc(o1)C,2,0.578125,2.0654096445981724,0.9990078685864576
208359,CNC(=O)c1cc(ncn1)C1CCN(C)CC1,2,0.3492063492063492,1.9052451285856824,0.9985296033363432
3434817,Cc1ccc2c(coc2c1)CC(=O)NCc1cccs1,2,0.46551724137931033,1.8177733632112225,0.999238537574024
31923278,Cc1cc2ccccc2n1CC(=O)N1CCc2ccc(cc2C1)O,2,0.4,1.4407029534217013,0.9988057640659137
784983,OC(=O)c1cc(ccc1O)/N=N/c1ccc(cc1)S(=O)(=O)Nc1ccccn1,2,0.273972602739726,2.8213463098317417,0.9992810531678146
324059015,CC(C)(O)CCn1cc2cc(c(cc2n1)C(C)(C)O)NC(=O)c1cccc(n1)C(F)(F)F,2,0.5753424657534246,2.704640086961596,0.9986073224335281
49080339,CNC(=O)c1ccc(nn1)N1CCCc2cc(ccc2C1)OC,2,0.3559322033898305,1.3725130236179268,0.9981519692846158
48759286,CN(C)c1noc(n1)-c1cc(nc(c1)O)C,2,0.30357142857142855,1.6581519833837681,0.9988013400248247
35743833,CNC(=O)c1ccc(cc1)CN(C)c1c(cc(cc1F)C#N)F,2,0.375,1.7563766680299515,0.9941841901471878
49951840,Cc1cccc(n1)NCCN1C(=O)CCC1=O,2,0.46153846153846156,4.259324124787768,0.9913961502247159
183407,COc1ccc(cc1)-c1nc([nH]c1C(=O)N)C1CCN(CC1)C(=O)c1sc(nc1C)C,2,0.38666666666666666,3.4227323880195435,0.9990974819047586
197921,Cc1cc(cc(n1)C1CCCN(C1)CC(=O)Nc1ccc(cc1)F)Nc1ncccn1,2,0.6052631578947368,2.3200334049317544,0.9984355739423022
49968826,Cc1cccc(c1Cl)NC(=O)N1CCC(CC1)N1CC=CC1,2,0.5263157894736842,1.8679775159246046,0.9992724627254385
31609908,CC(=C)COc1cccc(c1)C(=O)NCc1nncn1C1CCCCC1,2,0.37142857142857144,2.023409993056284,0.9989090279988083
50612278,CCOc1cc(ncn1)N(C)CC1CCN(C)CC1,2,0.3333333333333333,0.9165686008149625,0.9993861977482998
49968178,CN(Cc1ccc(nc1)N)c1ncccn1,2,0.6,1.9820098385224292,0.9978730600643323
49640518,Cc1nc2ccccn2c1CC(=O)NCCCSc1ccccc1,2,0.30158730158730157,2.261293214070304,0.9980877419795477
25616683,CNc1nc(ncc1F)-c1cc(cc(c1)OC)OC,2,0.32608695652173914,1.701954170945832,0.9992197405002676
1464553,Cc1ccc(cc1)NC(=O)Cc1c[nH]c2ccccc12,2,0.43137254901960786,1.28927188753947,0.9990765194471873
260568164,CN(C)c1nc(nc(n1)Sc1ccccc1)N,2,0.32,2.259704184179694,0.9983980996990659
36915937,O=C(CCNc1ncccn1)N1CCc2ccccc2C1,2,0.38333333333333336,1.3618781149578487,0.9985907718712905
49921682,Cc1cc(c2ccccc2n1)Cn1cnc(c1C#N)C#N,2,0.4716981132075472,1.6652441262470064,0.9991357368904769
3595726,O=C(NC1CCCC1)c1cc(nc2ccccc12)C1CC1,2,0.40350877192982454,1.6328371014893757,0.9985871524533906
36910847,O=C(CN1CCC(CC1)c1ccccc1)N1CCNC1=O,2,0.5,2.72989248872556,0.99540156397384
2873705,Cc1ccccc1-n1nc(cc1N)C(C)(C)C,2,0.4090909090909091,0.8526253573517828,0.9993088012097243
3409017,O=C(NCCc1ccc2c(c1)OCCO2)c1ccc2ccccc2n1,2,0.4406779661016949,1.778276975051921,0.998891473877245
16692987,COc1ccc(c(c1)OC)C(=O)Nc1ccc2oc(nc2c1)C,2,0.4444444444444444,1.3483894096291507,0.999311369542055
68882212,COc1ccc(cc1-c1cccc(c1)C(=O)NCCN1CCCC1=O)Cl,2,0.4383561643835616,1.7918627179559472,0.998098626436912
1755438,Fc1ccc(cc1)SCC(=O)N1CCCC1,2,0.39622641509433965,0.4302313331217896,0.9997206178717483
43140484,CCOC(=O)c1cccnc1-c1cccc2ccnn12,2,0.4576271186440678,1.1565863564817211,0.9991419522477876
36951097,C1CN(CCN(C1)c1nc(ns1)-c1ccccc1)c1nccs1,2,0.46551724137931033,0.9937479559727305,0.9993593548122153
43267241,O=C(CN1CCCC(C1)c1ccc2cn[nH]c2n1)N1CCCC1,2,0.5555555555555556,3.278356447978074,0.9959216097186616
104336618,CN1CCCN2C(=O)N=C(OCc3cc(c(c(c3)F)Oc3ccc(nc3)C(F)(F)F)F)C=C12,2,0.2894736842105263,1.5283900025844057,0.9982893024702156
184567,CNC(=O)c1sc2ncccc2c1[C@H]1CC[C@@H](CC1)CNC(=O)CCc1ccccc1 |r|,2,0.3068181818181818,2.9197794437252433,0.9978617273822601
184569,CNC(=O)c1sc2ncccc2c1[C@H]1CC[C@@H](CC1)CNC(=O)COc1ccccc1 |r|,2,0.313953488372093,3.226251075164797,0.9987376250827006
68874464,CN(C1CCSCC1)C(=O)C1=CC(=C(C)N(C)C1=O)C,2,0.4,1.3169749428140636,0.9995550112082282
36987134,CC1CCC(CC1)NC(=O)c1oc2ccccc2c1CS(=O)C,2,0.4067796610169492,1.7269559924906484,0.9988785947296049
28183660,COc1ccc(cc1)COc1ccc(cc1OC)Cc1cnc(nc1N)N,2,0.39622641509433965,3.5095040960227255,0.9921434647108472
43990384,CCN(CCO)CC1=Nc2cc(c(cc2C(=O)N1)OC)OC,2,0.5084745762711864,1.760533725891771,0.998311918927053
31327400,CN1CCc2nc(sc2C1)NC(=O)c1cncn1-c1ccccc1,2,0.5666666666666667,2.281409213622022,0.9986580563122186
Z2380426119,NC1CCC(C1)C(=O)N1CCC(CC1)c1c[nH]c2ncccc12,2,0.5,2.482562184518028,0.9978307385196991
301949755,NC1CCCC1C(=O)N1CCC(CC1)c1c[nH]c2ncccc12,2,0.5,1.8427818644647034,0.9987477515248278
301949756,NC1CCCC(C1)C(=O)N1CCC(CC1)c1c[nH]c2ncccc12,2,0.4852941176470588,2.3328872668862264,0.9978737777016216
18915110,Cc1ccc(c(c1)C(=O)Nc1cnc2n(nc(c2c1)C)C)C,2,0.3709677419354839,1.4732348760465201,0.9993526205532247
4742397,CC(C)CCNC(=O)Cc1csc(n1)-c1ccc(cc1)C,2,0.4444444444444444,1.2969676171746982,0.9993001413735415
31856931,CNC(=O)Cc1csc(n1)-c1ccc(cc1)C,2,0.4489795918367347,0.8226992159957278,0.9995459416754163
42966292,COC(=O)c1cc(c(c(c1)NC(=O)CCCc1ccccn1)C)F,2,0.3492063492063492,1.5266129175401413,0.9992967710108851
49144354,Cc1ccc2nc(c(cc2c1)-c1nc(nn1CCO)C)C,2,0.34375,1.7113561873557974,0.9989010183902763
265767,CC(C)c1noc(c1C(=O)N1CCOC(C1)c1cc(cc(n1)C)Nc1nnc(s1)C)C,2,0.6025641025641025,2.1838264583063483,0.9996227891904915
197589,Nc1nc(nc2nc(ccc12)C1CCCN(C1)CC(=O)N1CCCC1)-c1ccccc1,2,0.5454545454545454,1.952675344239201,0.9980704406141423
43137136,CN(C)Cc1csc(c1)-c1nccn1-c1ccc2c(c1)N(C)C(=O)N2C,2,0.28,2.5502697896496684,0.998676468370058
48755148,CCNC(=O)C1CN(C1)c1nc(nc2c1CCC2)C1CC1,2,0.39344262295081966,1.8802781709098806,0.9992654979748887
2521907,O=C(CSc1ncn[nH]1)N(C1CCCCC1)C1CCCCC1,2,0.27586206896551724,2.520420798200359,0.9969751989170468
45665715,CC(=O)N1CCC(CCNc2ccc3ccc(cc3n2)F)CC1,2,0.38461538461538464,2.0342448230238994,0.9978858455735421
25645386,FC(F)(F)c1cccc(c1)Oc1cccc(c1)C(=O)N1CCNC(=O)C1,2,0.5,1.5690831717917284,0.9966455779870855
53752266,FC(F)(F)COc1cccc(c1)CN1N=Cc2ccccc2C1=O,2,0.3,1.211652177813391,0.9991857188686757
36335290,NC(=O)NC(=O)CCN(Cc1cccs1)c1cccc(c1)C#C,2,0.2923076923076923,1.945155777823174,0.9975992382162714
36330868,NC(=O)NC(=O)CN(Cc1cccs1)c1cccc(c1)C#C,2,0.30158730158730157,2.5737748541784216,0.9990633511278363
316046283,CCN1CCOC(C1)C(=O)N1CCC(CC1)c1cn[nH]c1,2,0.3287671232876712,1.4868527163105327,0.9983741711278241
37544502,Cn1nc(cc1N)-c1cc(cc(c1)F)F,2,0.3023255813953488,1.426395807621373,0.999320186868681
44699501,OCCCCCn1cc(nn1)-c1ccccc1-c1ccco1,2,0.3333333333333333,1.422023206561657,0.9990082914173901
2017461,FC(F)(F)Oc1ccc(cc1)NC(=O)Nc1ccccc1,2,0.3902439024390244,1.7601789681731006,0.9969364174835885
43021928,CCCCOc1ccccc1-c1cc([nH]n1)C(=O)NCCc1cccs1,2,0.625,2.2041141077537945,0.9983088563099629
181210453,CCN(Cc1ccccc1)C(=O)c1cccnc1N,2,0.5319148936170213,1.7502062735574415,0.9983608343322213
602991,CCOc1ccc(cc1)-c1csc(n1)N,2,0.4090909090909091,0.8659474579903137,0.998940238011321
Z1169976242,Cc1nc(no1)Cc1noc(n1)C1CCN(CC1)CC#C,2,0.359375,1.8897222018064261,0.9981931361372071
36922204,Cc1nnc(c(c1C)C#N)N1CCCSCC1,2,0.3090909090909091,1.9269955889934762,0.9973253064622901
35721780,CN1CCCN(CC1)C(=O)NCCOc1ccc2c(c1)OCO2,2,0.4264705882352941,2.345624010791174,0.9992387056937643
27415022,CN(Cc1cccc(c1)C#N)Cc1ccccc1C#N,2,0.6086956521739131,3.8320422753408745,0.9967671381976267
299989682,CN1[C@@H]2CC[C@H]1C[C@@H](C2)OC(c1ccccc1)c1ccccc1 |r|,2,0.2653061224489796,1.4452892444073646,0.9989197860847917
1556512,Nc1ccc2n(cnc2c1)CCc1ccccc1,2,0.425531914893617,2.174361055574835,0.9968293961429707
49435320,CNc1nc(nc(n1)N[C@H]1CCC[C@H](C1)C(=O)NCc1ccc(cc1C(F)(F)F)C#N)C |r|,2,0.2926829268292683,2.9449842104838635,0.9972881376575524
3573849,COc1ccc(cc1)-c1csc(n1)CC(=O)N,2,0.6363636363636364,2.00969873364142,0.9983201461502877
177427275,FC(F)(F)c1cccc2c1C(=O)N(CCc1ncc[nH]1)C=N2,2,0.31746031746031744,1.2947690913829222,0.9988699668741517
177461018,Cc1cccc2c1C(=O)N(CCc1ncc[nH]1)C=N2,2,0.328125,1.2343577277275357,0.9991816414342521
30270890,Oc1ccc(cc1)-c1noc(n1)C1CC1,2,0.45098039215686275,1.8061849296237558,0.9974704652752597
232862115,COc1ccccc1-c1cc(nc(n1)-c1ncccn1)C(C)(C)C,2,0.6136363636363636,1.2475495982124962,0.9985515203182981
49346047,Cc1nccc(c1Cl)NC(=O)c1ccncc1Cl,2,0.5306122448979592,2.4919845505140352,0.9987033604669248
50897900,CCc1nc(c(nc1NC1CCOCC1)Nc1ccc(c(c1)OC)N1CCC(CC1)N1CCN(C)CC1)C(=O)N,2,0.3225806451612903,4.105752793337704,0.9965851348465699
44447553,Cn1cnnc1CCn1ccnc1-c1cc2ccccc2s1,2,0.47692307692307695,1.9817010369880896,0.998895674775203
43375385,CC1(C)CN(CC(=O)NCC#N)c2cccc(c21)Cl,2,0.2898550724637681,1.5101003277926681,0.9987117158486972
1545812,Cc1cc(c(c(c1-n1cnnn1)C)S(=O)(=O)Nc1ccc2c(c1)OCO2)C,2,0.3333333333333333,2.040802293217043,0.9977903307770869
1553046,CN(C)c1ccc(cc1)NS(=O)(=O)c1c(cc(c(c1C)-n1cnnn1)C)C,2,0.3548387096774194,2.023109982180766,0.9971895446039426
222782930,CN(CCCC1CCCC1)CC1=CC(=O)NC(=O)N1,2,0.30158730158730157,2.64577455577749,0.9946942864906599
27513231,Nc1nnc(o1)-c1ccc2c(c1)OCCO2,2,0.5454545454545454,2.2197720603701905,0.9969487961537725
171961096,Cc1cccc(c1)OC[C@@]1(O)CN(CC[C@@H]1O)C[C@]1(O)CC[C@H](CC1)C(C)(C)C |r|,2,0.3888888888888889,5.359314415109362,0.9965005722695404
32176610,Fc1ccc(c(c1)F)SC1=NN2C=NC(=O)C(=C2C=C1)c1c(cccc1Cl)Cl,2,0.23684210526315788,1.6636832631243847,0.9976667832077256
11904640,Fc1ccc(cc1)NCCN1C(=O)c2ccccc2C1=O,2,0.35555555555555557,1.3053857667369937,0.9996103246032383
23998591,Cc1ccsc1C(=O)Nc1nc2ccccc2s1,2,0.42,1.3828474247004299,0.9995429999757477
50285533,Cc1ccc(cc1NC(=O)C=C)N1C(=O)C=Cc2cnc3ccc(cc3c21)-c1ccc(cc1)NS(=O)(=O)C,2,0.2826086956521739,2.6640825813027713,0.9977978693690699
15967580,Cc1cc(n2ncc(c2n1)C(=O)Nc1cccc(c1)C(=O)O)C,2,0.5087719298245614,2.396655586437095,0.9983463473233511
43133355,CCc1ccccc1NC(=O)CCn1ccnc1-c1ccc2c(c1)OCO2,2,0.40625,2.0781046653137536,0.9985226243900925
36332254,CN(CCN1CCCC1)C(=O)c1sc2nc(nc(c2c1C)C)C,2,0.5344827586206896,2.168559890803019,0.9976960463482062
31384184,COc1ccc(cc1)CCC(=O)N1CCCNCC1,2,0.42,1.5046554422859482,0.998429444352513
49165848,CCn1nc(nc1Cc1sc(nc1C)C)Cc1ccc(cc1)OC,2,0.3157894736842105,1.420870155924942,0.9985682806762644
335958,Fc1ccc(c(c1)CN1CCN2C(=Nc3ccsc3C2=O)CC1)F,2,0.4918032786885246,2.1572804639174783,0.9987824111968696
417952,Fc1ccc(c(c1)F)CN1CCN2C(=Nc3ccsc3C2=O)CC1,2,0.4918032786885246,1.6848495481790917,0.9992125663129855
13448534,Fc1ccc(cc1)CN1CCCN(CC1)c1ccc2nnnn2n1,2,0.3220338983050847,1.651723947879991,0.997459466477141
50406372,CN(c1ccc(cc1)NC(=O)Nc1ccc(cc1)OC(F)(F)F)c1ccnc(n1)Nc1cccc(c1)S(=O)(=O)N,2,0.3020833333333333,2.855915264849033,0.9980602399124308
49944040,COc1cc(ccc1F)CCNC1CCC2(CC1)OCCO2,2,0.3382352941176471,1.99277545147464,0.9988081036764905
17268136,C1CN(CCO1)CCN(Cc1cccnc1)Cc1cccc(c1)Oc1ccccc1,2,0.6333333333333333,2.578919928962211,0.9979730199268694
89940865,FC1(F)CCN(C1)c1cc(cc(n1)Nc1cc(ccn1)C#N)C1CCN(CC1)C1COC1,2,0.3188405797101449,3.792304180838075,0.9961091014215161
82738853,O=C(NCc1cnn2cccnc12)c1ccccc1-n1cnnc1,2,0.5423728813559322,1.890187821355058,0.9993740333539821
17400188,COc1cc(c2c(c1)S(=O)(=O)N(COC1=CC(=O)N3C=CC=C(OCCN4CCCCC4)C3=N1)C2=O)C(C)C,2,0.325,4.492379213735328,0.9982595647841299
412756,COc1ccc(cc1)C1=C(N2C(=O)N(C)N=C2N=N1)c1ccc(cc1)OC,2,0.31666666666666665,1.342008196696055,0.9987209644803577
49994071,Cc1nc(c2cnn(c2n1)C)N1CCn2ccnc2C1,2,0.574468085106383,3.0836183291710086,0.9991161233218441
13534588,Clc1ccc2c(ncnc2c1)NCCN1CCOCC1,2,0.3333333333333333,1.727803518922065,0.9983890140136504
46078321,Cc1ccc(c2c(cc(nc12)CN1CC(C1)c1ccccn1)O)C,2,0.3508771929824561,1.6557276346066867,0.9985906391482523
270775,Fc1ccccc1C[C@@H]1C[C@@H]2NC(=O)CCCC[C@H]2N1C(=O)c1cccc2ncccc12 |r|,2,0.32432432432432434,2.9343115035727996,0.9994145764381428
324071118,CC(C)Oc1cc(ccc1Nc1ncnc2sc(c(c12)C)C(=O)NCCCN(C)C)F,2,0.2839506172839506,3.4552502080174734,0.9989253447163291
44436449,CCn1ccc2cc(ccc12)C(=O)N1CCN(C(=O)C1)c1ccc(cc1)C,2,0.3181818181818182,2.4399116787293296,0.9985856639675356
177431642,O=C(NCC1(CCCC1)N1CCCCC1)c1cnn[nH]1,2,0.5576923076923077,1.528172110726103,0.9989280917536393
11835068,O=C(Nc1ccc2c(c1)OCCCO2)c1cnn(c1)Cc1ccccc1,2,0.421875,1.5002849729301815,0.9985021715397593
321036,COc1ccc(c(c1C)C)CN1CCc2nc(nc(c2C1)O)-c1cccnc1,2,0.34285714285714286,1.8848204158487432,0.9980131526127224
36989933,Oc1cccc(c1)/C=C/c1nc2ccccc2o1,2,0.375,1.2452104239847699,0.9987304267368801
25831601,COc1ccc(cc1)N1N=C(C)/C(=C(\C)Nc2ccc(cc2)S(=O)(=O)N)C1=O,2,0.2948717948717949,1.890337800500261,0.9964925839379382
25831603,C/C(=C/1\C(=NN(C1=O)c1ccc(cc1)F)C)Nc1ccc(cc1)S(=O)(=O)N,2,0.2608695652173913,2.0447899647640564,0.996366299444018
13397114,Cc1ccc(cc1)Cn1nc(c(c1Cl)C(=O)N)C,2,0.38461538461538464,1.435342816194052,0.9986069068381571
32278090,COc1ccc2cc(ccc2c1)-c1[nH]c(nc1-c1ccncc1)-c1ccc(cc1)S(=O)C,2,0.2727272727272727,1.8280705675653437,0.9974311078045548
32148273,CC(C)C(=O)Nc1ncn(n1)Cc1cccnc1,2,0.375,1.1294060385891003,0.9997975164712395
48295458,Cn1ccnc1-c1noc(n1)NCc1ccccc1,2,0.41509433962264153,1.4354243275072833,0.9989683491764951
38281327,OC(=O)Cc1ccc(cc1)Oc1ccncc1,2,0.38095238095238093,3.0421982183940073,0.9869395145585536
44051471,COC(=O)c1cccc2c1CCCN2C(=O)c1ccccc1,2,0.3484848484848485,1.954044523546012,0.9983129022512464
44051475,COC(=O)c1cccc2c1CCCN2C(=O)c1ccc(cc1F)F,2,0.37142857142857144,1.835886706744024,0.996925719266363
16664610,Cc1nc2cc(ccc2o1)NC(=O)CCc1c(nc2n(nc(c2c1C)C)C)C,2,0.639344262295082,2.2406327231385896,0.999016051811523
30016064,Cc1nn(c2ncc(cc12)C(=O)Nc1ccc2c(c1)CCO2)C,2,0.36764705882352944,2.2582643777911655,0.9998020945277678
16154631,Fc1ccc(cc1F)N1C=CN(Cc2ccccc2Cl)C(=O)C1=O,2,0.42,1.1695469208200984,0.9981723086941886
276241702,CC(C)Cc1ccccc1CNCc1ccc2[nH]cnc2c1,2,0.4807692307692308,3.5681441955168545,0.9902475834648244
43251541,CN(C1CCC1)C(=O)c1cc(nc2ccnn12)C,2,0.5490196078431373,1.3966398963227213,0.9989571447330114
177498530,CN(CCCC1CCCC1)C(=O)c1cc(nc(c1)C)C,2,0.5,1.9510548428989372,0.9987012864431638
43427775,Cc1cc(c2ccccc2n1)NCc1ccnc(c1)N1CCCC1,2,0.3880597014925373,2.6346210353674167,0.9984141474295696
197317,CCCn1ncc2ccc(nc12)C1CCCN(C1)CC(=O)N1CCCC1,2,0.5072463768115942,1.791250401256185,0.9988606338105434
41560058,CCC1(O)CN(C1)c1ncccc1C#N,2,0.52,0.8090315197816035,0.9990221411372976
44385386,Nc1nc(cs1)CN1CCN(CC1)c1ccc(cc1)F,2,0.3148148148148148,1.7449982808014688,0.998539587714333
31239684,Fc1ccc(cc1)C1=C(NN(C1=O)c1ccc(cc1)Cl)c1ccncc1,2,0.3392857142857143,2.2061591057761554,0.9984515519018524
29621147,Oc1ccccc1N1CCN(CC1)C(=O)c1ccc(nc1)-n1cccn1,2,0.4727272727272727,1.9785332951458667,0.9983493076185526
1527294,COc1ccc(c(c1)OC)CNc1ncc(n1C)-c1ccc2c(c1)OCO2,2,0.47619047619047616,2.60906630808786,0.9975007658627204
53802705,COc1cccc(n1)CN(C)c1cc(ncn1)N1CCCC1,2,0.3181818181818182,1.4193375215224677,0.9993825058490624
3572643,CC(=O)N1CCC(CC1)(C(=O)Nc1nccs1)c1ccccc1,2,0.38028169014084506,1.6221300810972477,0.9986222177520172
36342840,N#Cc1ccc(nc1)N1CCc2c(ncn2C2CC2)C1,2,0.391304347826087,1.3935996555682044,0.9991417774217434
49084025,O=C(NCC1CCC2(CC1)OCCO2)c1[nH]nc2c1CCCC2,2,0.543859649122807,1.9783187306394603,0.99851072430102
82737339,NCCOc1cccc(c1)CC(=O)N1CCC(F)(F)CC1,2,0.625,2.1827730069800007,0.9961593096846281
44566730,CCc1nnnn1Cc1noc2c1CCCC2,2,0.46296296296296297,1.1679511976105288,0.9990243269359184
32083384,O=C(Nc1ccc2c3c(cccc13)CC2)c1ccnc(c1)-n1cncn1,2,0.4714285714285714,2.5938191918482087,0.9995017175587864
33339030,O=C(Nc1ccc2c3c(cccc13)CC2)c1ccc(cc1)-n1cncn1,2,0.3235294117647059,1.0864759546354033,0.9992753141924469
49330331,CN(CCC1CCCCC1)C(=O)c1ccon1,2,0.2982456140350877,1.5771680316313978,0.9975767502747712
300962268,Fc1ccc(cc1Cl)-n1cc(nn1)/C=C/c1ccnnc1,2,0.23076923076923078,1.3774817603147442,0.9981064156267648
49151417,COCCc1nc(n(n1)CCO)-c1ccccc1-c1ccccc1,2,0.4032258064516129,1.772024548362749,0.9971486160727258
232880886,O=C(N(Cc1ccccn1)C1CCCCC1)c1ccccc1N1CCOCC1,2,0.35714285714285715,1.8330624648386329,0.998803085937335
313833267,Cc1cn2nc(cc(c2n1)C)C1=CC(=O)N2C=C(C=CC2=N1)N1CCNC2(CC2)C1,2,0.35714285714285715,3.4154592663360286,0.9971340429525598
32437102,COCc1cc(ccc1OC)-c1nc(n[nH]1)CCc1ccccc1,2,0.4,1.094383844909899,0.9990898202184602
35689572,CN(Cc1ccc(o1)C)c1ncnc2n(ncc12)C,2,0.4642857142857143,1.3414193975048831,0.9995789452476004
177344381,COc1cccc(c1Cl)CN1C=NC2=C(COCC2)C1=O,2,0.34285714285714286,3.337862639474428,0.9883670916431233
1536313,C1Oc2ccc(cc2O1)CNC/C=C/c1ccccc1,2,0.37037037037037035,2.1696167864395166,0.9976875482247459
1308759,O=C(CCc1ccccc1)Nc1ccccc1C#N,2,0.44680851063829785,1.5197085246849265,0.9986606659068428
383970,Cc1ccc(cc1)S(=O)(=O)N1CCC(C1)c1nnc(o1)-c1cccnc1,2,0.352112676056338,1.564350024770954,0.9993124127721853
43251081,O=C(NCC1CC1)c1ccc(nc1)-n1ccnc1,2,0.6037735849056604,3.3429816032998336,0.9981963905385131
49088739,CC(C)OCCS(=O)(=O)N1CCc2ccccc2CC1,2,0.46938775510204084,1.9597510045920032,0.9990084759960316
31965105,Cc1csc(n1)NC(=O)CCc1ccncc1,2,0.5652173913043478,0.913720416757766,0.9994652261812307
496510,Cc1cnc(cn1)C(=O)NCCc1ccc(cc1)S(=O)(=O)NC(=O)NC1CCCCC1,2,0.5857142857142857,2.6665260171241343,0.9959602890150432
1520446,CN(C)c1ccc(cc1)-c1nc2ccc(cc2[nH]1)C,2,0.3114754098360656,2.6095467039315343,0.997606639910726
232863503,CCN1CCC(CCNc2ncc(c(n2)N(C)C)C)CC1,2,0.390625,2.6104798409488352,0.9973898809635067
45764946,CS(=O)(=O)CCNC(=O)N1CC2(CCCC2)c2ccccc21,2,0.3181818181818182,1.5298810411273285,0.9992466923176038
48786468,COc1nccnc1N1CCC(CC1)C(=O)Nc1cccc(c1)F,2,0.36619718309859156,2.127055711541481,0.9991041914198155
36265861,N#Cc1cccnc1NCCc1cn2c(n1)CCCC2,2,0.5344827586206896,2.1994476579360227,0.9981247433362731
222774264,CN(Cc1nncn1C)C1CCN(CC1)c1ccccc1F,2,0.3114754098360656,1.780891630616678,0.9991682547760005
222773330,CCn1cnnc1CN(C)C1CCN(CC1)c1ccccc1F,2,0.34328358208955223,1.2582531541782291,0.9987210789032661
1311623,COc1ccc(cc1)CNCc1cccc2ccccc12,2,0.3888888888888889,2.076462376254434,0.9989015522380762
49344419,Cc1ccc(nc1)OCN1CCCCC1=O,2,0.4126984126984127,1.2224148232086065,0.9994931711625561
93438921,CN1CCN(CC1)c1ccc(cc1F)Nc1nc(c2cc[nH]c2n1)Oc1cccc(c1)NC(=O)C=C,2,0.5714285714285714,5.761667466975176,0.9980018301161
44501962,Cc1cc(no1)C(=O)NC1CCN(CC1)C(=O)c1cc(sc1C)C,2,0.3230769230769231,1.7782075244470783,0.9995552432083468
44581824,Fc1ccc(cc1)-c1cnc(o1)CN1C(=O)Oc2cccnc21,2,0.5294117647058824,1.8651115248154044,0.9990042621615826
24053614,CN1C(=O)N(Cc2cccnc2)C(=O)c2ccc(nc21)C(F)(F)F,2,0.4,1.6664774225888295,0.9984364786161174
171790267,COc1cccc(c1)O[C@H]1CCN(CC[C@@H]1O)C(=O)c1cc(on1)-c1ccc(cc1)F |r|,2,0.4166666666666667,1.9090515969978223,0.9992135222684863
171790224,COc1cccc(c1)O[C@H]1CCN(CC[C@@H]1O)C(=O)c1cc(on1)-c1ccc(cc1)C |r|,2,0.4225352112676056,2.1666647179476044,0.9986736138784201
171790057,O[C@H]1CCN(CC[C@@H]1Oc1ccccc1F)C(=O)c1cc(on1)-c1ccc(cc1)F |r|,2,0.42028985507246375,2.196399781460426,0.9989363579050883
13419387,Cc1sc2nc(nc(c2c1C)N)CN1CCCC1,2,0.45614035087719296,1.9659020830135623,0.9991328770295967
6892467,COc1cc(cc(c1OCc1ccc(cc1)Cl)Br)CNc1nnn[nH]1,2,0.3333333333333333,2.6896735861439116,0.9927965949193306
6922052,CCOc1nc(n(n1)-c1cccc(c1)NC(=O)c1ccc(cc1)F)-c1ccc(c(c1)Cl)Cl,2,0.4305555555555556,1.6290030693649136,0.9988321589113293
53833498,CC(C)CC(=O)N1CCC(CC1)CN1CCN(CC1)c1cc([nH]n1)C,2,0.35294117647058826,1.8673601687943169,0.9979842913031185
73050408,CN(Cc1ccc(cc1C)Br)C(=O)CO,2,0.36,1.8548458156946224,0.9944223116592984
46036273,Cn1nc(c2c(cccc12)Cl)-c1cn(nn1)Cc1ccc(cc1)CO,2,0.3880597014925373,1.4577880504376217,0.9989116834276601
24032918,Fc1cc(cc(c1)CNC(=O)c1ccccn1)F,2,0.4897959183673469,0.6289006280807679,0.9995117809135997
31836416,Fc1ccc(cc1)CNC(=O)c1ccccn1,2,0.54,1.5013610491816622,0.9995721009970524
53835106,CSc1cnc(nc1)N1CCCN(CC1)c1ncc(cn1)SC,2,0.32608695652173914,2.267501047408629,0.9980571969066853
32018884,Nc1nc2ccccc2n1CCCc1ccccc1,2,0.5,1.7887311145054179,0.9984019425836188
53882277,O=C1N2C=CC=CC2=NC2=C1CN(CC2)S(=O)(=O)C1CCCCC1,2,0.34328358208955223,2.4788025334826216,0.9951872497907456
48269211,COc1ccc(cc1)CC(=O)Nc1ccc(nc1)F,2,0.45098039215686275,1.713669746479628,0.997787476379724
165247,Cc1nccc(n1)C1CCN(CC1)Cc1ncc[nH]1,2,0.5263157894736842,1.8051736758551622,0.9981138074190805
31966128,Cc1nc(cs1)CN1N=Cc2ccccc2C1=O,2,0.39622641509433965,1.1258339131506192,0.9991091937590098
49322283,CC(C)c1nc(n(n1)C)NCc1cccnc1,2,0.4583333333333333,1.60693217031728,0.99833678191
43245209,OC(=O)c1n(nc2ccccc12)Cc1ccccc1,2,0.3958333333333333,1.8638151732401758,0.998364398024243
23671374,Cc1ccc(s1)C(=O)Nc1ncccc1C,2,0.41818181818181815,1.3327760502049466,0.9997928591666723
49127244,NS(=O)(=O)N1CCN(CC1)Cc1c(cccc1N1CCCC1)F,2,0.58,2.161959527835782,0.9972206762229339
13509338,Cc1cc(c(c(c1)C)NC(=O)CN1N=NN(C1=O)c1cccs1)C,2,0.43333333333333335,1.5355640657427845,0.9985965152409699
49672228,CC(C)COc1cc(cc(c1)-c1cncc(n1)C(=O)N1CCCC1)F,2,0.2972972972972973,1.6187834938621146,0.9991964337855611
414840,Cc1cc(sc1C)C(=O)N1CCC(CC1)C(=O)c1ccnn1C,2,0.3013698630136986,2.6113689896294674,0.9985343546919133
329184,Cc1cnc(cn1)-c1nc(ncc1-c1onc(c1C)C)NCc1ccccn1,2,0.3466666666666667,2.270353276473949,0.9994247451472912
42964208,N#Cc1ccc(cc1)CN1CC(C1)n1cccn1,2,0.41818181818181815,2.0012478607109503,0.9952213611988566
50568787,CN(CC(=O)Nc1cc(cc(c1)F)F)c1ccnc(c1)C(=O)N,2,0.34375,2.503450219197512,0.9970737070818826
49972816,CN(CC(=O)Nc1cccc(n1)C)c1ncccc1F,2,0.4098360655737705,2.5005877309146047,0.9974896411901047
68918136,CCOCCNC(=O)c1cccc(c1)-c1cc(ccc1OC)F,2,0.36486486486486486,1.5626487129232267,0.9983672861227159
271815,CN1CCCC(C1)Cc1cncc(n1)-c1scnc1C,2,0.2923076923076923,1.6232732363955649,0.9987832913371366
24997821,Fc1cccc(c1CC(=O)Nc1cccc2cnccc12)Cl,2,0.453125,1.105856229353575,0.9988188293288841
177405420,CN(Cc1c(nn(c1C)C)C)C(=O)NCc1cnc(c(c1)C)C,2,0.5454545454545454,1.609205083262684,0.9995604536408218
49946784,Cc1ccc(nc1)CNc1ncnn1C,2,0.4888888888888889,1.9075101572468334,0.9990800541955724
43272847,CC(C)CCNc1ccc(cc1)Cc1c(n[nH]c1C)C,2,0.25862068965517243,1.7018284284853062,0.9989628174639148
MCULE-7418747203,Cc1noc(c1CSC(=N)N1CCOCC1)C,2,0.3333333333333333,1.7417092179807885,0.998532498601445
301143195,Oc1ccc2nc(ccc2c1Cl)/C=C/c1csnn1,2,0.48,1.7118942724361936,0.998804046988881
49964398,Cn1cnnc1NC(=O)c1cnn2c1CCCC2,2,0.3548387096774194,1.6448851023699602,0.9996244317467193
232887379,COCC1(CCC1)CNC(=O)c1cc(cnc1O)Cl,2,0.45161290322580644,2.485820991141615,0.9970176476814036
49316037,N#Cc1ccc2nc(ccc2c1)NCCn1ccnc1,2,0.5094339622641509,1.8969810225727954,0.9988830495050737
44568872,CN1C(=O)Oc2cc(ccc21)Nc1cc(nc(n1)C1CC1)C,2,0.3484848484848485,1.7571030134857042,0.9990097335837108
531049,COc1cc(cc(c1OC)OC)[C@H]1[C@H]2[C@H](COC2=O)[C@@H](O)c2cc3c(cc21)OCO3 |r|,2,0.25862068965517243,3.560696982333679,0.9983681931666257
82702441,CC1(C)CC(CC(=O)NCCn2ccnn2)CC(C)(C)N1,2,0.49056603773584906,1.9150697115251012,0.9980682631619917
313144331,N#Cc1ccc2ncnc(c2c1)N[C@H]1CC[C@@H](CC1)N1CCOCC1 |r|,2,0.43333333333333335,1.9842242816783382,0.9984713551925081
493944,CN1C(=O)N(C)c2ncn(c2C1=O)C,2,0.2982456140350877,2.7431642313215034,0.9973643654556671
35684677,COc1ccc(cc1CN1CCC(CC1)N1C(=O)Nc2ccccc21)F,2,0.5245901639344263,1.8873926459534462,0.9984064032900373
31929992,CN(C(=O)CNc1cccc(c1)-c1ccnc(n1)C)c1ccccc1,2,0.5932203389830508,1.5606332048242189,0.9990777879785038
73045134,CC(=O)c1ccc2c(c1)CCN(CC2)CC1CCC2(CC1)OCCO2,2,0.5660377358490566,1.8367836018428452,0.9984602716664455
32131885,CC(C)(C)N1CCCN(CC1)C(=O)CNc1ccc(cc1)C#N,2,0.47058823529411764,1.5146811545669026,0.9988233314623781
LN00201761,Oc1ccccc1-c1ccc(cc1)-c1csc2nc(c(c(c12)O)C#N)O,2,0.2608695652173913,2.0238695610138246,0.9986509170794498
317396814,Cc1ccc(cc1)-c1ccnc(c1C#N)O,2,0.3191489361702128,2.667122606855527,0.9957739186906991
32113613,CN(C(=O)COc1c(cccc1C)C)C1(CCC1)C#N,2,0.48148148148148145,2.0179558964457014,0.9994682836343896
37009919,FC(F)(F)Oc1ccc(cc1)N1CCC(CC1)NC(=O)N1CCC1,2,0.3620689655172414,1.6579511452389541,0.9977475444847014
181775,CNCc1cc(nc(n1)C1CCCN1C(=O)c1oc2ccc(cc2c1C)Cl)N(C)C,2,0.5897435897435898,2.9292879680906787,0.9990892950414407
44424625,Cc1ccc(cc1)-c1ccc(o1)-c1nccn1CCCn1cnnc1,2,0.3387096774193548,1.6714987286865932,0.9984349853503547
36913784,O=C(CCCc1nc2ccccc2[nH]1)N1CCCC1,2,0.4583333333333333,1.469624441821913,0.9986091454096372
3247549,Cc1sc2ncnc(c2c1C)OCC(=O)NC1CCCCC1,2,0.5396825396825397,1.5402571213923224,0.9989054677555059
43964901,CN(CC(=O)Nc1cccc(c1C)C)CC1=Nc2ccc(cc2C(=O)N1)Cl,2,0.3466666666666667,1.990214310067944,0.9991021183724149
43881453,CN(CC(=O)Nc1cccc(c1C)C)CC1=Nc2ccccc2C(=O)N1,2,0.352112676056338,1.9807241100163075,0.9989978490648448
495451,C1CN=C(Cc2ccccc2)N1,2,0.29545454545454547,3.9131486043849812,0.9940041511733462
53873925,COc1ccc(cc1)CCC(=O)N1CCN(CC1)C(=O)c1cc2n(n1)CCCC2,2,0.3728813559322034,2.2036984820976007,0.9990473548487844
171975111,CC(=O)NC[C@H]1C[C@]2(C)[C@@H](CCCC[C@]2(C)O)N1CC1(O)CCCC1 |r|,2,0.3103448275862069,5.033965732898822,0.9991323289890625
171974149,CC(=O)NC[C@H]1C[C@]2(C)[C@@H](CCCC[C@]2(C)O)N1CC1(O)CCOCC1 |r|,2,0.2857142857142857,4.000049249696855,0.9982438088150006
49343397,COc1cc(ccc1Cn1ccnc1C(C)C)C#N,2,0.3793103448275862,1.9865062295397522,0.9988323799272846
49942184,C(Nc1nnc(o1)-c1ccncc1)c1cncs1,2,0.6304347826086957,2.0311287502274125,0.9985454729569209
48247754,Cc1ccc(cc1Br)C(=O)NC1CCN(CC1)CC#N,2,0.39344262295081966,1.4326081111036832,0.9991350784613382
49028063,Cc1nnc2ccc(nn12)NCCOC1CCCCCC1,2,0.3620689655172414,1.9236156060915484,0.9974613373290342
177380774,CN(C)S(=O)(=O)CCNC(=O)N(C)CCOc1cc(cc(c1)C)C,2,0.5517241379310345,1.6646555199199589,0.9975990547887492
31912359,CN(C)c1cc(ccn1)CNC(=O)C1CCOCC1,2,0.5833333333333334,1.525996068146669,0.9985808164271963
42960950,Cc1ccc(cn1)CNC/C=C/c1ccccc1,2,0.38461538461538464,2.1646935117933523,0.9983327564910425
48763678,C1CC(CCO1)Nc1nnc(s1)Cc1ccccc1,2,0.46,1.3151608266673898,0.9979726786382682
32230796,CN(CCOc1cc(ccc1C)C)C(=O)c1ccc2n(nnc2c1)C,2,0.3382352941176471,1.7263890059892832,0.9981988073209707
29261445,COc1ccc(cc1)CNC(=O)c1sc2nc(cc(c2c1N)C)C,2,0.43548387096774194,2.0619432581911723,0.9987373714898495
31407175,COc1cc(c(cc1CNC(C)(C)C)OC)OC,2,0.32727272727272727,1.907813408067028,0.9976315475942166
30569846,Cc1ccc(cc1)CN1C=CN(C(=O)C1=O)c1ccc(c(c1)F)F,2,0.39215686274509803,1.6884652794771735,0.9995736435723307
104389046,Cc1cc(ccc1Cl)NC(=O)CN1N=C(C=CC1=O)C1CC1,2,0.39344262295081966,4.485446689015539,0.9786042991156263
49003848,CC(=O)Nc1ccc(cc1)CNCCOc1ccc(cc1F)F,2,0.3548387096774194,1.967228253151942,0.9971030771453682
177428613,Cc1n[nH]c(n1)C1CCN(CC1)C(=O)NC1CCN(CC1)c1ccc(cc1)F,2,0.35384615384615387,2.3339359459935065,0.9986154871273388
1933590,CC(C(O)c1ccc(cc1)O)N1CCC(CC1)Cc1ccccc1,2,0.32075471698113206,2.2737038065678177,0.9993994890659216
49139618,COCc1ccccc1COC(=O)c1ccc(nc1)C,2,0.40384615384615385,1.369757277768462,0.9988918744201615
43488186,Cc1ccc2[nH]c(nc2c1)C1CN(C1)C(=O)Cc1cccc2ccccc12,2,0.4576271186440678,1.76123820081236,0.9979904875781612
1516596,Cc1ccc(cc1)C(=O)COC(=O)c1cc(nc2ccccc12)O,2,0.328125,1.1972556118054136,0.997762116663588
260081695,COCCOCc1ccc(cc1)C1=Cc2onc(c2C(=O)N1C)-c1ccccc1,2,0.2916666666666667,2.039160121226224,0.9983233232192836
44508907,Cc1cnn(c1)Cc1nc(no1)Cn1cccn1,2,0.38333333333333336,2.7788240318521975,0.9985743994212964
25831727,COC(=O)CC/1=NN(C(=O)\C1=C(\C)NCc1ccc(cc1)OC)c1ccc(cc1)OC,2,0.4126984126984127,2.4604290276290133,0.9991871365504732
35754411,CCN1CCc2ncnc(c2C1)N1CCNc2ccccc2C1,2,0.4482758620689655,1.4325061954489038,0.9985900089406098
49946002,C(Nc1ncccn1)c1cccc(c1)-c1cccnc1,2,0.5869565217391305,1.162088206635289,0.9988749163145134
5799127,Nc1ccc(nc1)Oc1ccccc1F,2,0.3333333333333333,1.1936125837137574,0.9991870538951976
44466308,Cn1ncnc1COc1nn2c(nnc2cc1C1CCC1)-c1c(cccc1F)F,2,0.5068493150684932,0.388361944584015,0.9999196107687125
198953,Cc1cccnc1Nc1cccc(n1)C1CCCN(C1)CC(=O)Nc1nccs1,2,0.5063291139240507,2.0177554361214867,0.9988806082379965
365482,CC(C)C(=O)NC[C@H]1CC[C@@H](CC1)c1nn(cc1-c1cc(no1)C)C |r|,2,0.38961038961038963,2.6430367004640454,0.9981811955247364
5736788,CN1C(=O)N(Cc2ccccc2C)C(=O)c2c1nc1n(c(cn21)C)-c1ccccc1O,2,0.26506024096385544,2.563456455647898,0.9993461401648556
5736794,CN1C(=O)N(Cc2ccccc2Cl)C(=O)c2c1nc1n(c(cn21)C)-c1ccccc1O,2,0.31645569620253167,1.5489367320840628,0.9994241878401204
104388935,CSc1ccc(cc1)NC(=O)CN1N=C(C=CC1=O)C1CC1,2,0.32894736842105265,1.4846272259393192,0.9984787127039183
49328626,CC(C)CC(=O)Nc1cccnc1N(C)C,2,0.36538461538461536,1.2991485673314833,0.9981406958579111
36259510,COCCNc1ncnc2ccsc12,2,0.4117647058823529,2.5401999921265217,0.9983761914381888
177469670,CN(Cc1c(noc1C)C)C(=O)NCCc1nc(cc(n1)C(F)(F)F)C,2,0.609375,1.6091472897158425,0.9986745178067253
31348551,O=C1Nc2ccccc2N1C1CCN(CC1)CCc1ccccn1,2,0.6296296296296297,1.7244413588172387,0.9986706684922144
31619881,CC(C)c1cc(no1)CN(C)Cc1c[nH]nc1-c1ccc(cc1)F,2,0.4032258064516129,1.4889177277475294,0.9989970652552645
46092427,COc1ccc(c(c1)OC)Cc1ncnn1-c1ccc2c(c1)OCO2,2,0.3026315789473684,1.3619269437088277,0.9989306988451918
36262171,Cc1nn(c(c1CCC(=O)N1CCCc2ncccc21)C)C,2,0.4918032786885246,2.2802820001042328,0.9980818359792978
6809286,O=C(NCc1ccccc1)c1ccc(cc1)NS(=O)(=O)c1ccc(cc1)C1CCCCC1,2,0.3698630136986301,2.436060959828223,0.9981707054217832
49679970,CCCN(C1Cc2ccccc2C1)C(=O)c1c(onc1CC)C,2,0.3,1.902543297798799,0.9986762159906797
197915,Cc1cc(cc(n1)C1CCCN(C1)CC(=O)N1CCCC1)Nc1cnccn1,2,0.6268656716417911,3.2998943922493282,0.998442912950877
258223286,C1CC(CCO1)n1cc(cn1)Nc1ncc2nnn(c2n1)-c1ccc2cn[nH]c2c1,2,0.32926829268292684,4.599206996863744,0.999200019915651
301023837,COc1cc(cc2c1OCO2)CN1CCCNCC1,2,0.3389830508474576,1.9521516334546973,0.9976182497173024
53882535,CCNC(=O)N1CCC2=C(C1)C(=O)N1C=C(F)C=CC1=N2,2,0.603448275862069,1.6231515640880951,0.9987507191433441
48439112,OC(=O)c1cccc(n1)N1CCC(CC1)Oc1ccc(cc1)Cl,2,0.32786885245901637,2.239747753654358,0.9977355509201666
49944058,CCn1nccc1CNc1nnc(o1)-c1ccc(cc1)OC,2,0.46938775510204084,1.6885307222555668,0.9983475295493838
226819,CN1CCC(C1)Cc1cccc(n1)-c1nccs1,2,0.38333333333333336,1.4074743336912734,0.9986384825795315
876432,COc1cc2ncnc(c2cc1OCCCN1CCOCC1)Nc1ccc(c(c1)Cl)F,2,0.42857142857142855,2.3514134047421096,0.9985717110131065
206429,CN1CCC(CC1)C(=O)N1CCC(CC1)c1cc(c2c(n1)CCNC2=O)C(F)(F)F,2,0.34146341463414637,2.4280566303117306,0.9980370455713178
206425,CN1C=C(C=CC1=O)C(=O)N1CCC(CC1)c1cc(c2c(n1)CCNC2=O)C(F)(F)F,2,0.3372093023255814,2.935768042608313,0.9981546475885499
32033566,COc1ccccc1CNC(=O)C(C)N1CCCN(CC1)c1ccccc1C#N,2,0.4794520547945205,1.651544125962177,0.9988727499925203
33360977,O=C(CN1CCc2ccccc21)N1CCC(CC1)C(=O)Nc1nccs1,2,0.4426229508196721,1.7123916024081776,0.9993152076634242
14371708,CC(C)NC(=O)c1cn(nc1-c1ccccc1)-c1ccccc1,2,0.4107142857142857,1.29230027470402,0.9995736435645762
31919176,CN(Cc1c(noc1C)C)C(=O)c1ccc(nc1)C,2,0.3898305084745763,1.6301527535785114,0.9991930197959983
232861763,CCOCC(=O)Nc1cccc(c1)CN1CCCC1,2,0.4166666666666667,1.550098706534412,0.9973861981232269
35765811,CN1CCN(CC1)C(=O)C1(CCCC1)NC(=O)c1ccc(cc1)C(F)(F)F,2,0.375,2.0893621036095738,0.9983103546844151
36662114,CS(=O)(=O)Cc1ccn(n1)-c1ccccc1,2,0.5227272727272727,1.3534548385521712,0.9990015713076456
48819726,CC(C)c1nnc(n1C)CNc1ncc(cn1)Br,2,0.42,1.9905356063131132,0.9990242175948132
11995039,Fc1ccc(c(c1)F)NC(=O)N1CCn2c1nc1ccccc21,2,0.3235294117647059,0.9162079458291899,0.9994034616074148
16159378,O=C(CN1C(=O)c2cccn2-c2ccccc21)NCCCN1CCCC1,2,0.47540983606557374,3.004153291694706,0.9983019512292833
48788735,Cc1ccnc(c1NS(=O)(=O)c1ccccc1C)Cl,2,0.2698412698412698,1.0759433070565874,0.9990326027014694
30043512,CN(Cc1ccccc1Br)C(=O)Nc1ccc(cc1)C(=O)N1CCCC1,2,0.5689655172413793,1.6685062181486028,0.9989729821675128
50310131,COCc1ccccc1CNc1ccc2nnc(n2n1)-c1ccccc1,2,0.4098360655737705,1.8624282536517123,0.9991119817858175
139887,COc1cccc(c1)CN1CCC(CC1)(Cc1ccc(cc1)-c1cccnc1)C(=O)N,2,0.5915492957746479,2.472924179994024,0.9987224596040282
139895,NC(=O)C1(CCN(CC1)Cc1cccc(c1)Cl)Cc1ccc(cc1)-c1cccnc1,2,0.5942028985507246,1.2226467192123815,0.9991525949816077
50897890,Cc1c(ccc2n(c(cc12)C#N)Cc1cn[nH]c1)CN1CCC(CC1)Nc1ncnc2sc(cc12)CC(F)(F)F,2,0.42105263157894735,6.598747759992065,0.9965293988578556
50897886,Cc1c(ccc2[nH]c(cc12)C#N)CN1CCC(CC1)Nc1ncnc2sc(cc12)CC(F)(F)F,2,0.4588235294117647,4.784704902081622,0.9985217535160678
50550848,COC1=CN(N=C(C1=O)c1ccnn1-c1ccccc1)c1ccc(cc1F)-n1cccn1,2,0.2916666666666667,2.317173277940583,0.9988481273918381
32130309,Fc1ccc(cc1F)-c1cnc([nH]1)C1CCN(CC1)C(=O)C1CCC1,2,0.3793103448275862,2.695369733450405,0.9983077752881198
60174709,Nc1nc(c2c(cccc2n1)OCC1CCN(CC1)Cc1c(cccc1Cl)Cl)N,2,0.3582089552238806,3.7076702927849703,0.9939360775933244
411872,CCCCN1CCc2nc3cc(nn3c(c2C1)O)C1CC1,2,0.42424242424242425,2.3862833025442214,0.9989924842419231
319188,CC(C)CCN1CCc2nc3cc(nn3c(c2C1)O)C1CC1,2,0.37681159420289856,2.0096676342121036,0.9980947326561831
43212065,CCc1cc(on1)CN(C)c1nccc(n1)-c1ccc(nc1C)C,2,0.2878787878787879,1.5638247983707239,0.9986909552294171
231817334,CSc1ncccc1C(=O)Nc1ccc(cc1)N1CCCCC1=O,2,0.5,1.6039267439630465,0.9989624916918097
45668511,Cc1cc(c2c(c1)CCCN2C(=O)c1ccc(cc1)-c1nnc(o1)C)C,2,0.34210526315789475,1.6811861883800499,0.998939957050671
31341416,CCc1nc2ccccc2n1CC(=O)N1CCNC(=O)C1,2,0.4375,1.4430710308231565,0.9990167989585782
24140848,O=C(NCc1nnc2n1-c1ccccc1CC2)c1ccc2ccccc2c1,2,0.6101694915254238,1.8958673476802264,0.9984031459292405
104352855,O=C(CSC1CCCC1)NCCN1N=C2CCCCC2=CC1=O,2,0.5714285714285714,1.8215685548449836,0.9985387940252398
24465856,Oc1c(ccc2ccccc12)C(=O)N1CCN(CC1)C(=O)c1cccc(c1)Cl,2,0.5370370370370371,1.4238149458410803,0.9992466562593978
82721257,O=C(NCc1nc(n[nH]1)-c1cnccn1)C1Cc2ccccc2C1,2,0.4262295081967213,4.049736905034578,0.9990140584182853
49956558,CCS(=O)(=O)N(C)c1ccc(cc1)N(C)C,2,0.2857142857142857,1.0388281859868231,0.9975979419901769
1360373,CCOC(=O)Nc1ccc2c(c1)N(C(=O)CN(CC)CC)c1ccccc1CC2,2,0.5636363636363636,1.9785461834388989,0.9986444020534087
53808517,CCCS(=O)(=O)NC1CCN(CC1)Cc1ccc(c(c1)OC)C,2,0.5081967213114754,1.9432164058592158,0.998521932842092
30151586,CN(c1ccc2c(n(nc2c1)C)C)c1ccnc(n1)Nc1ccc(c(c1)S(=O)(=O)N)C,2,0.2727272727272727,3.280854309474619,0.9985975330486174
31854715,CNC(=O)CCc1nc(no1)-c1ccccn1,2,0.4716981132075472,1.0339970986414868,0.9993948642837496
32444473,CN1CCN(CCOc2ccccc2N)CC1,2,0.5,1.9820393537969587,0.9974689535024872
19996324,O=C(CSc1ccc2c(c1)OCCO2)NC1CCCC1,2,0.6304347826086957,1.1827865403363762,0.9991147761320529
552358,CN(C)CCNc1c2c(c(c3nc4ccccc4n13)C#N)CCCC2,2,0.28169014084507044,2.881195238091363,0.9973629453939733
177388619,CCc1nc(cc(n1)N1CCCC2(CCNCC2)CC1)C,2,0.5094339622641509,2.9073579071042044,0.9981216449515178
30599464,CCN1C(=O)Oc2cc(ccc21)NC(=O)c1ccc(cc1)C(C)(C)C,2,0.46938775510204084,2.019469732380177,0.9980310298770465
300014701,CC(C)CC(NC(=O)C(O)C(N)Cc1ccccc1)C(=O)O,2,0.27692307692307694,1.6675805827605943,0.9987240438434758
18815715,Fc1ccc(cc1)CNC(=O)c1ccc(nc1)-n1ccnc1,2,0.6363636363636364,2.382813463114784,0.9985528446506728
24034759,CCc1nnc([nH]1)Sc1nc2cc(nn2c2ccccc12)C,2,0.5818181818181818,1.859084989988317,0.9994050946364879
5536034,Cc1ccccc1CSc1ccc(nn1)-c1ccccn1,2,0.2698412698412698,1.539145217320683,0.9990193318984584
43389174,CS(=O)(=O)CCNc1ccc2ccc(cc2n1)F,2,0.2962962962962963,1.3202249808272646,0.9975430297620441
31618239,CSc1ccc(cc1)CN(CCO)C(=O)CCc1cccc(c1)F,2,0.296875,1.763989795888862,0.9982593127538426
177485348,OCC1(CCCC1)CNC(=O)CN1CCCC1=O,2,0.4528301886792453,1.9232508936695087,0.9981114691763633
49965014,CCC1(O)CN(C1)c1ncnc2n(nc(c12)Br)C,2,0.25757575757575757,2.46501947253986,0.9990644797220777
29578860,Cc1cc(on1)C(=O)Nc1cccc2ncccc12,2,0.46296296296296297,1.1628938042658257,0.9993179851556753
300445634,CN(C)CCOc1cc(ccc1NC(=O)C1COc2ccccc2O1)-c1cn[nH]c1,2,0.2857142857142857,1.9416428610841723,0.9983066809390249
32015702,CN(C1CCCCC1)c1ccc(cc1F)NC(=O)N1CCCN(CC1)C(=O)C,2,0.40298507462686567,1.9635511197824467,0.9992270578295149
82702429,COc1ccc(cc1)-c1ccc(cn1)Cn1nc(cc1C)C,2,0.3220338983050847,1.801254007629249,0.9991540576773018
177470998,COc1cc(cc(c1OC)OC)-c1ccc(cn1)Cn1nc(cc1C)C,2,0.3230769230769231,2.116459307428395,0.9989581560800253
49951580,CN(C)CC(=O)Nc1nc(ns1)-c1sccc1C,2,0.3225806451612903,1.552897292160785,0.9991414302306005
23966628,Cc1ccc2nc3c(c(c2c1)C(=O)NCc1nnc2n1CCC2)CCCC3,2,0.6212121212121212,1.910039528386682,0.9990376652590526
48237764,Clc1cccc(c1)CNc1nc(no1)C1CC1,2,0.40350877192982454,0.9673174246333555,0.9987574696886203
32176408,CC(=O)C1=C(C)c2cnc(nc2N(C2CCCC2)C1=O)Nc1ccc(cn1)N1CCNCC1,2,0.3402061855670103,2.7156630866142204,0.9991828996153854
320312,CCc1cc(nc(n1)C1CCN(CC1)C(=O)C1CC1)N1CCOCC1,2,0.373134328358209,2.624221979939931,0.9986882208945193
48355585,CCOCC(=O)NCc1cc(n(n1)C1CCCC1)C1CC1,2,0.2876712328767123,1.4739314773765197,0.9994079656680221
48355573,CCC(=O)NCc1cc(n(n1)C1CCCC1)C1CC1,2,0.32142857142857145,1.5931421782123123,0.9994777834425261
104348771,C1Cc2nnc(n2C1)CN1CCc2ccccc2C1,2,0.39655172413793105,1.092672412024998,0.9987014339030708
32009682,Cn1cc(cn1)CCNC(=O)N1CCc2sccc2C1,2,0.6,1.5208967749333362,0.9992190311765523
44053085,COc1cccc(c1)C(=O)NCC(=O)Nc1cccc2c1CCCC2,2,0.43548387096774194,2.0206397501781477,0.9970237129677276
177418075,COCC(C)(C)C(=O)N1CCCC2(CCNCC2)CC1,2,0.34545454545454546,1.99699198796573,0.9984844883026239
Z224124934,Cc1nn(c2sc(cc12)C(=O)N1CCC(CC1)(C(=O)O)c1ccccc1)C,2,0.391304347826087,3.2573740958015924,0.9947208998173909
140213,C=CCNC(=O)C1(CCN(CC1)C(=O)c1cccnc1)Cc1ccc(cc1)-c1ccccc1,2,0.4507042253521127,2.219775664341245,0.9983337936283547
136045,COc1ccccc1-c1ccc(cc1)CC1(CCOCC1)C(=O)NC1CC1,2,0.5538461538461539,1.5107124147234365,0.9992513715521057
31931312,O=C1Nc2ccc(cc2O1)-c1csc(n1)CCN1CCCC1=O,2,0.5901639344262295,2.8655728921108117,0.998026591423825
181831,CNCc1cc(nc(n1)C1CCCN1C(=O)c1ccccc1-c1ccccc1)N(C)C,2,0.640625,2.0003077263259468,0.9984489570636569
341560,Cc1ccc(cc1)C1(O)CCN(CC1)Cc1cn(c2ccc(cc12)F)C,2,0.48333333333333334,2.43080583346379,0.9985345388147985
11957669,CC1CCN(CC1)Cc1nc(c2c(c(sc2n1)C)C)N1CCN(CC1)c1cnccn1,2,0.5538461538461539,2.777253679446466,0.9985972479104279
43241548,CC(=O)Nc1cc(ccn1)CCC1CCNCC1,2,0.31666666666666665,1.6621684631829812,0.9977557883781005
415550,COCCCNc1ncc(c(n1)C(C)C)-c1cc(no1)C,2,0.47761194029850745,1.4445819464472622,0.9986911968615478
177285754,CCC(C)(C)N1CCN(CC1)C(=O)Nc1cnn(c1C(F)F)CC(C)C,2,0.28169014084507044,2.6620351237354685,0.9977386505595666
36311460,CN(CC(=O)Nc1ccc(cn1)C)C(=O)c1ccccc1F,2,0.42592592592592593,1.309760283410792,0.9993413895874792
313515615,Fc1cc(c(nc1Cl)Cl)C1=CC(=O)n2nc(c(c2N1)-c1ccccc1)C(F)(F)F,2,0.225,2.5337758385461506,0.9998001160921702
35700952,Cc1oc(c(c1Br)C(=O)N1CCNC(=O)C1)C,2,0.44680851063829785,1.4419934119131006,0.9996495372463813
73023165,CC(=O)Nc1ccccc1CN1CCC(CC1)c1nnc2ccccn12,2,0.546875,2.110251643761898,0.9988734058426312
82720833,CCC(=O)Nc1ccc(c(c1)NC(=O)N1CCC(=CC1)C)F,2,0.3333333333333333,1.8751138632097883,0.9986536841879431
11826916,Nc1nc2c3ccccc3oc2c2ccccc12,2,0.34,1.830807199024347,0.9991142109550937
32037496,N#Cc1ccccc1OCc1csc(n1)-c1ncccn1,2,0.3103448275862069,1.1695486308830625,0.9990659721120925
44585808,Cc1csc(n1)N(C1CC1)C(=O)c1ccc(c(c1)F)-n1cncn1,2,0.43661971830985913,1.1423296371887663,0.9993475255316954
48217798,CN(Cc1ccc(cc1)C(=O)O)C(=O)c1ccnn1C,2,0.42857142857142855,2.890637127001624,0.9945687780603538
72972951,CC#CC(=O)N1CCC[C@@H]1c1nc(c2c(nccn12)N)-c1ccc(cc1)C(=O)Nc1ccccn1 |r|,2,0.34523809523809523,3.4850942598444794,0.9975899361164229
25041311,Cc1nnc(o1)-c1ccc(nn1)N1CCC(CC1)Oc1cc(ccc1Cl)F,2,0.43661971830985913,2.3633903613241762,0.9951393129427205
72972985,CC(C)(O)CNc1nc(nc(n1)-c1cccc(n1)C(F)(F)F)Nc1ccnc(c1)C(F)(F)F,2,0.3815789473684211,4.510657823422404,0.998707291564742
31507610,Cn1cc(cn1)-c1ccc2nnc(n2n1)C(F)(F)c1ccc2ncccc2c1,2,0.2894736842105263,2.940638876162343,0.9995827429475217
18822495,O=C(CCN1C(=O)CCC1=O)Nc1cccc2ncccc12,2,0.41818181818181815,1.644062042624778,0.9993503766017624
49929056,CC(C)CCn1ccc(n1)NC1CCN(CC1)C(C)C,2,0.38181818181818183,2.9892539202949218,0.9979994138019674
258731,COc1cccc(c1)S(=O)(=O)N1CCOC(C1)c1c(sc2ncccc12)C(=O)N,2,0.32989690721649484,2.5726591301608024,0.9986658968328188
49939748,N#Cc1ccc(o1)CNc1cnc2ccccc2c1,2,0.3448275862068966,1.3179787555199216,0.9994547785435712
222751297,FC(F)Oc1ccc(cc1)S(=O)(=O)NCc1n[nH]c2c1CCCCC2,2,0.30434782608695654,1.9111619502277803,0.9987444722311054
49997748,Cc1ccc(cc1)-n1nc(cc1C)NCc1cnn(c1)C,2,0.43859649122807015,2.396967667700716,0.9987788852695119
48242383,Cc1cnc(s1)CNCc1cccc2c1OCO2,2,0.3114754098360656,1.6920685565303761,0.9988737051150897
30435883,Cn1cnnc1-c1cccc(c1)NS(=O)(=O)c1cc2c(cc1Cl)OCCO2,2,0.5072463768115942,1.8120742258527782,0.9977075258269228
30020911,Cn1cnnc1-c1cccc(c1)NS(=O)(=O)c1ccc2c(c1)OCCCO2,2,0.6,2.0651014502924903,0.9989422067936115
48347951,O=C(Nc1ccc2sccc2c1)N1CCCN(CC1)C(=O)Oc1ccccc1,2,0.38095238095238093,2.212506497165749,0.9987076072904502
147149,Cc1nc(ccc1C(=O)N)[C@H]1CC[C@@H](CC1)CNC(=O)CN1CCC(CC1)c1ccccc1 |r|,2,0.527027027027027,3.5577297536489527,0.9961060737562716
44462124,CN(C)CC(=O)N1CCC(CC1)c1ccc(c(c1)C1=CCCCC1)NC(=O)c1nc(c[nH]1)C#N,2,0.2441860465116279,4.592576618849041,0.9982769302531943
49093836,Cc1ccc(cc1)S(=O)(=O)N1CCOc2ccncc21,2,0.3125,1.1088990035165909,0.9981196126320018
48312238,O=C1CCCN1NC(=O)c1ccc(cc1)OCC#C,2,0.3188405797101449,0.9733940620323167,0.9991766768189039
49960790,CC1(C)CCCN1C(=O)c1c(cc(cc1F)C#N)F,2,0.34615384615384615,1.3860194803824917,0.9982545809958518
183257,CCOc1ccccc1C(=O)N1CCC(CC1)c1nc(c([nH]1)C(=O)N)-c1ccc(cc1)OC,2,0.32954545454545453,2.630990687934821,0.9984120387248748
207489,Fc1cccc(c1)-c1c[nH]nc1C1CCCN(C1)C(=O)CCc1ccc(cc1)Cl,2,0.6376811594202898,1.9179053678423545,0.9989223648998217
17120607,NCC(=O)Nc1ccc(cc1)-n1nc(cc1-c1ccc2c(ccc3ccccc32)c1)C(F)(F)F,2,0.27631578947368424,1.9800308078408448,0.9985647430445511
49055884,CSC1(CCOCC1)CNc1cc(nc(n1)C)C,2,0.3230769230769231,1.7905803528466782,0.9988768283260006
1543632,CCOc1ccc(cc1)C(=O)Nc1cc(ccc1N1CCN(CC1)C(=O)C)C(=O)OC,2,0.45614035087719296,1.8223523259787977,0.9990419278061182
300964829,Cn1cc(cn1)-c1ccnc(n1)/C=C/c1ccc(cc1Br)F,2,0.2875,2.2873567714722656,0.997951315451108
36931743,O=C(N1CCN(CC1)Cc1ccccn1)C1(CCCCC1)C#N,2,0.3484848484848485,1.9000868401208186,0.9990616236872292
301492332,O=C(NC1CCNCC1)c1ccc2[nH]ncc2c1,2,0.4067796610169492,2.8805659166213955,0.9983984030209525
299987327,COc1cc2nc(nc(c2cc1OC)N)N1CCN(CC1)C(=O)c1ccco1,2,0.33783783783783783,2.170643683334736,0.9983844631216432
104336605,Cc1c(nnn1Cc1ccc(c(c1)Cl)Cl)C(=O)Nc1ccc(cc1)CO,2,0.3333333333333333,1.7529771818251019,0.9987746777364631
54864400,CN1CCN(CC1)c1ncncc1-c1nc(no1)-c1ccccc1,2,0.3333333333333333,1.6024830732337112,0.9986893730105089
32236728,OCC1CCCCN1Cc1ccc(c(c1)Cl)Cl,3,0.6428571428571429,1.75225426237183,0.9987815113636409
1539152,COc1ccc(cc1)Nc1nc(nc(n1)CN1CCN(CC1)Cc1ccccc1)N,3,0.36923076923076925,3.123261596472239,0.9971880104901231
50283408,FC(F)(F)c1cc(cc(c1)C(F)(F)F)-c1ncn(n1)/C=C\C(=O)NNc1ccccn1,3,0.2604166666666667,3.346593641301577,0.9962614567413354
49383511,FC(F)(F)c1cc(cc(c1)C(F)(F)F)-c1ncn(n1)/C=C\C(=O)NNc1cnccn1,3,0.2736842105263158,4.910393670572638,0.994661964572907
43881116,CN(CC1=CC(=O)N2C=C(C)C=CC2=N1)Cc1cccc(c1Cl)Cl,3,0.25757575757575757,1.993739952952648,0.9981623666248318
8049874,C(Oc1ccccc1)c1nc2cc3ccccc3cc2[nH]1,3,0.391304347826087,2.205135143250731,0.9965076361503911
43195213,CCc1ccc(o1)-c1nccn1Cc1c(nn(c1C)CC)C,3,0.2676056338028169,1.9659020830135623,0.9992294801633006
1557473,COc1cc(cc(c1)-n1c(nnc1COc1cccc2ccccc12)S)OC,3,0.34375,2.6300517105184054,0.9949652335843926
1557497,COc1cccc(c1)-n1c(nnc1COc1cccc2ccccc12)S,3,0.38095238095238093,2.1673631444681423,0.9967319653653698
44501962,Cc1cc(no1)C(=O)NC1CCN(CC1)C(=O)c1cc(sc1C)C,3,0.3230769230769231,1.7782075244470783,0.9995552432083468
53804145,CCC1=CC(=O)NC(=N1)SCCN1CCCCC1,3,0.509090909090909,2.2567711447995107,0.9989921019204481
49055842,Cc1nnc2ccc(nn12)N1CCC2(CCCCC2)C1,3,0.37735849056603776,1.7431095777371972,0.9996731992029637
48832018,OCC1CN(C1)C(=O)Cc1cccc(c1)I,3,0.4888888888888889,2.1821569604407665,0.9970466206246215
168890455,NC(=O)c1c2n(nc1-c1ccc(cc1)Oc1ccccc1)[C@@H](CCN2)C1CCN(CC1)C(=O)C=C |r|,3,0.3333333333333333,3.6107792787707065,0.9987505821910088
31378111,CN(Cc1cnn(c1)C)C(=O)c1ccccc1-c1ccccc1C#N,3,0.4482758620689655,1.997343986397859,0.998675282420728
49667242,COc1cc(ccc1F)CN1CCC(CC1)c1ccnc(n1)C,3,0.5263157894736842,1.4363752991471683,0.9981155219480778
37544502,Cn1nc(cc1N)-c1cc(cc(c1)F)F,3,0.3023255813953488,1.426395807621373,0.999320186868681
44105331,Cc1cccc(c1)N1CCN(CCCCNC(=O)c2c(cccc2F)F)CC1,3,0.3787878787878788,2.724143718675532,0.9974076210752644
300053407,CN(C)C(=O)COC(=O)Cc1ccc(cc1)OC(=O)c1ccc(cc1)NC(=N)N,3,0.3064516129032258,1.7905602475204163,0.995267128323493
265759,Cc1cc(cc(n1)C1CN(CCO1)C(=O)Cc1csc(n1)C)Nc1nnc(s1)C,3,0.6025641025641025,1.7123916024081776,0.9996227891904915
265683,COc1cccc(c1)CC(=O)N1CCOC(C1)c1cc(cc(n1)C)Nc1nnc(s1)C,3,0.5595238095238095,1.959738502963948,0.9978703170589444
11480017,COc1ccc(cc1)OCC(=O)Nc1cccc(c1N1CCN(CC1)C(=O)C)Cl,3,0.45588235294117646,1.4325061954489038,0.9989115715450306
11480015,CC(C)c1ccc(cc1)OCC(=O)Nc1cccc(c1N1CCN(CC1)C(=O)C)Cl,3,0.44285714285714284,1.8215685548449836,0.9984629099803269
31888771,CCN1CCc2nc(sc2C1)NC(=O)Cc1ccc(cc1)Cl,3,0.4603174603174603,1.7733442982117917,0.9990691021959247
11015786,Cc1ccc(cc1NS(=O)(=O)c1csc(c1)C(=O)Nc1ccccc1)C(=O)O,3,0.3392857142857143,2.4888390868028787,0.9984008172565976
82741579,O=C(NCCc1cnn[nH]1)C1Cc2ccccc2C1,3,0.4262295081967213,1.484689866605137,0.9989928188922349
1392865,CCc1sc(nc1-c1ccc(cc1)OC)N,3,0.42857142857142855,0.8226992159957278,0.9991484764631221
48840184,CN(C)C(=O)c1ccnc(c1)NCc1cc(c(s1)Br)C,3,0.5818181818181818,2.4717309724160104,0.9979640156223236
25616683,CNc1nc(ncc1F)-c1cc(cc(c1)OC)OC,3,0.32608695652173914,1.701954170945832,0.9992197405002676
42923335,Cc1cc(sn1)NC(=O)C1CCOCC1,3,0.375,1.014560003154054,0.999282154955488
1527152,Cn1c(ncc1-c1ccccc1)NCc1ccccc1,3,0.45614035087719296,1.5662627493494485,0.9974146298515216
1527130,COc1cccc(c1)CNc1ncc(n1C)-c1ccccc1,3,0.47619047619047616,1.469624441821913,0.9986091454096372
15267772,FC(F)(F)c1ccc(nc1)N1CCCN(CC1)CC(=O)Nc1ccccc1Cl,3,0.4520547945205479,1.571634181354044,0.9992655971904901
15267776,Cc1ccc(c(c1)NC(=O)CN1CCCN(CC1)c1ccc(cn1)C(F)(F)F)C,3,0.4473684210526316,1.5146811545669026,0.9989729821675128
15276004,Fc1cccc(c1)NC(=O)CN1CCCN(CC1)c1ccc(cn1)C(F)(F)F,3,0.4788732394366197,1.646408211835749,0.9984421388676952
15270501,Cc1ccc(cc1)NC(=O)CN1CCCN(CC1)c1ccc(cn1)C(F)(F)F,3,0.5441176470588235,1.7320897782736977,0.9992082209387715
16678763,Cc1cccc(c1)NC(=O)CN1CCCN(CC1)c1ccc(cn1)C(F)(F)F,3,0.4722222222222222,1.6914484916777943,0.9989394547609585
15288168,FC(F)(F)c1ccc(nc1)N1CCCN(CC1)CC(=O)Nc1ccccc1,3,0.5072463768115942,1.2729532591574804,0.9990129200613623
15267170,Cc1ccc(c(c1)F)NC(=O)CN1CCCN(CC1)c1ccc(cn1)C(F)(F)F,3,0.44155844155844154,1.7188984844950312,0.9988425752448277
43423180,COc1ccc(cc1NC(=O)CN1CCCN(CC1)c1ccc(cn1)C(F)(F)F)Cl,3,0.47435897435897434,1.6227834113025832,0.998891473877245
15275058,Fc1ccccc1NC(=O)CN1CCCN(CC1)c1ccc(cn1)C(F)(F)F,3,0.4782608695652174,1.4610273782514926,0.9988238108963549
45751322,CN(CCc1ccccn1)C(=O)Nc1nncs1,3,0.39285714285714285,0.729004801082099,0.9996965515887726
1123117,O=C1Nc2cnccc2N1Cc1ccccc1,3,0.3888888888888889,2.4323422867685833,0.9991646437734416
MCULE-7418747203,Cc1noc(c1CSC(=N)N1CCOCC1)C,3,0.3333333333333333,1.7417092179807885,0.9985850948923577
48276932,O=C1CCCN1c1ccc(nc1)NCc1ccccn1,3,0.3582089552238806,1.4833199250329214,0.9994014329430734
14371708,CC(C)NC(=O)c1cn(nc1-c1ccccc1)-c1ccccc1,3,0.4107142857142857,1.29230027470402,0.9995736435645762
41630506,Cc1cc(n(n1)-c1ccc(cc1)C#N)Cl,3,0.2857142857142857,0.8780797230319841,0.9984255600808122
44018989,CN(CC1=CC(=O)N(C)C(=O)N1C)Cc1cccc(c1Cl)Cl,3,0.2571428571428571,1.7381668504487857,0.9982859973949425
145071,COc1ccccc1CNC(=O)c1cnc(nc1C)C1CCN(CC1)C(=O)C(C)(C)C,3,0.41333333333333333,2.0886110217076443,0.9989256333280738
33361007,Fc1cccc(c1)C1(CCOCC1)C(=O)Nc1cccc(c1)-c1cnco1,3,0.4024390243902439,2.0564350220709082,0.9978158234678122
33324451,O=C(NCC1CCC1)c1ccc(nn1)-n1ccnc1,3,0.6037735849056604,1.972519454910319,0.9986920237603655
232862626,CC(=O)NCCCC(=O)Nc1ccc(cc1)Oc1ccccc1Cl,3,0.3620689655172414,1.7585965995644426,0.9965761682893965
44466308,Cn1ncnc1COc1nn2c(nnc2cc1C1CCC1)-c1c(cccc1F)F,3,0.5068493150684932,0.388361944584015,0.9999196107687125
44855101,C/C=C/CC(=O)N1CCC(CC1)c1cc(n[nH]1)Cc1ccccc1,3,0.4264705882352941,2.0861035448895784,0.9990117703884265
265647,CCc1nnc(s1)Nc1cc(nc(c1)C1CN(CCO1)C(=O)C(C)C)C,3,0.5921052631578947,1.6526279073037244,0.9990997880261441
32785616,CCCCOc1ccc(cc1)-c1cc2n(n1)C=CNC2=O,3,0.29333333333333333,2.079144295136888,0.9965525613056824
177444469,CC(=O)NCc1cc2n(n1)CCN(C2)C1Cc2ccccc2C1,3,0.47692307692307695,2.0260977271592675,0.9979982419464551
177475488,CS(=O)(=O)NCc1cc2n(n1)CCN(C2)C1Cc2ccccc2C1,3,0.43283582089552236,2.1790709029309747,0.9980289977485424
1425831,Clc1ccc(cc1)Cc1nc(no1)-c1cccnc1,3,0.4727272727272727,1.6615074480724656,0.9986658968328188
44392699,Cc1[nH]nc2c1C1(CCCCC1)CC(=O)N2,3,0.25,2.1291646249174425,0.9981437152079758
3596324,O=C(CN1CCC(CC1)N1C(=O)Nc2ccccc21)N1CCc2ccccc21,3,0.4696969696969697,2.3328872668862264,0.9979145176522488
45736512,CC1Cc2ccccc2N1C(=O)CN1CCC(CC1)N1C(=O)Nc2ccccc21,3,0.45714285714285713,2.9197794437252433,0.9978617273822601
48247166,CNC(=O)c1ccc(nn1)N(C)C1CCC1,3,0.3442622950819672,0.9579436309093827,0.9984791892717003
48671463,COc1ccc(c(c1)OCc1ccccc1)N,3,0.40425531914893614,1.3059643946141783,0.9988672564284061
49067788,CCN(CC)CC(=O)Nc1ccc(cc1)Oc1ccc(nn1)C,3,0.45652173913043476,2.08479687259921,0.9971256216600475
49934120,OCC1CN(C1)c1nc2cc(ccc2o1)F,3,0.3508771929824561,1.8336253706797097,0.998940123694424
48250318,Fc1ccccc1CN(C1CCOCC1)C(=O)NCC#C,3,0.33783783783783783,1.4746538576898613,0.9989676066651187
49055884,CSC1(CCOCC1)CNc1cc(nc(n1)C)C,3,0.3230769230769231,1.7905803528466782,0.9988768283260006
36310332,CN(CC(=O)Nc1cc(ccn1)C)C(=O)c1ccc(cc1)Cl,3,0.49056603773584906,1.6702221409142173,0.9974290742542883
36701026,Clc1cccc(c1)-c1nnc(o1)Cn1cnc2ccccc12,3,0.5849056603773585,1.6858276898898252,0.9983027874050253
20173881,Cc1cc(cc(c1)Oc1cc(ccn1)C#N)C,3,0.35555555555555557,1.7776712294459425,0.9986250447041338
73014952,CCN(CC)C(=O)CSCc1cncc(c1)F,3,0.288135593220339,1.8973012412371333,0.9988122005542812
7689820,Nc1nc(c2c(c(ccc2n1)Br)Cl)N,3,0.3333333333333333,5.551241032417887,0.9830824922115982
300011391,Oc1nccc2c(cccc12)S(=O)(=O)N1CCCNCC1,3,0.2714285714285714,1.7771589686914684,0.9976066211773055
177400551,O=C1N(Cc2ccc3c(c2)CCCC3)C=Nc2ncccc21,3,0.48333333333333334,1.8530553148788416,0.9984431530946764
20593051,CN(Cc1ccc(cc1)C)C(=O)c1cn(nn1)Cc1ccccc1F,3,0.36065573770491804,1.5606332048242189,0.9982863673201489
25670537,Fc1ccccc1-c1cnc(o1)-c1ccccc1C(=O)N1CCC1,3,0.3492063492063492,1.1053614793358906,0.9987432110476941
177418075,COCC(C)(C)C(=O)N1CCCC2(CCNCC2)CC1,3,0.34545454545454546,1.99699198796573,0.9984844883026239
32449297,COc1ccc(cc1)[C@H]1CN([C@@H]2CCCN(Cc3cccc(c3)F)[C@@H]21)C(=O)C |r|,3,0.30985915492957744,1.2165077065111791,0.9992861134178688
42961556,CC1=CC=CN(Cc2ccccc2F)C1=O,3,0.5609756097560976,0.6062713913749826,0.9992710033786094
31871793,COc1ccccc1-c1nn(cc1CO)-c1ccccc1,3,0.34615384615384615,1.4967591656642765,0.9982846681078226
222763049,CC(C)N(C)S(=O)(=O)NCCCc1nc2cc(ccc2[nH]1)Cl,3,0.35714285714285715,2.5905530297602457,0.9967502059099915
32080176,OCc1ccc(cc1F)CNC(=O)Nc1ccccc1,3,0.4,2.0192325274719964,0.9976001696575246
46339059,COCCOc1ccc(cc1)Nc1ncc(c(n1)Nc1cccc(c1)NC(=O)C=C)F,3,0.3888888888888889,2.1484315209010156,0.998924090220879
49424084,CNC(=O)c1cc(ccn1)Oc1ccc(cc1)Nc1ncc(c(n1)Nc1cccc(c1)NC(=O)C=C)F,3,0.3894736842105263,2.7588423296732145,0.9991479878880756
33313717,Cn1cc(c(n1)-c1cccnc1)C(=O)NCCc1c[nH]c2ccccc12,3,0.37681159420289856,3.9822460998791422,0.9991473632601247
49965014,CCC1(O)CN(C1)c1ncnc2n(nc(c12)Br)C,3,0.41509433962264153,2.46501947253986,0.9990644797220777
3962718,O=C(Nc1nncs1)c1cccnc1,3,0.5,1.2583755401307992,0.9990715354906341
1536855,COc1cc(cc(c1OCc1ccccc1)Cl)CNCCN1CCOCC1,3,0.34146341463414637,2.4211970180057483,0.9972134838251165
35281979,CN(Cc1cnn(c1)C)C(=O)Cn1c(cc2ccccc12)C,3,0.3770491803278688,2.83077568874665,0.9990838783499575
25614739,Cc1cc(n(n1)C)-c1nnc2ccc3ccccc3n12,3,0.3448275862068966,1.1258339131506192,0.9992859652122218
32172391,CC(C)c1nnc(o1)CN1CCN(CC1)c1nccs1,3,0.5576923076923077,1.7522525502907809,0.9987304267368801
Z1227937331,Cc1nccc(n1)NC(=O)c1ccc(nc1Cl)Cl,3,0.33962264150943394,1.9405836750832228,0.9990603384985787
49934036,CC(C)c1cc(n[nH]1)N(C)Cc1nc(n[nH]1)C1CC1,3,0.2463768115942029,2.414616739774165,0.9993941455858122
708404,Cc1nsc(c1C#N)Nc1ccccc1,3,0.26785714285714285,1.086416586765705,0.9995022235206427
42924873,O=C(NCCCn1ccnc1)N1CCC21CCC2,3,0.2786885245901639,2.2383837919354965,0.9972743329604578
301143195,Oc1ccc2nc(ccc2c1Cl)/C=C/c1csnn1,3,0.48,1.778147631666025,0.998804046988881
36703704,CC(C)C(=O)NCc1cc(ccc1-n1ccnc1C)F,3,0.359375,1.2691457757089055,0.9985974546190559
43112807,CC(C)c1cc(n2nccc2n1)N1CCc2[nH]nc(c2C1)C1CC1,3,0.2682926829268293,2.131421825918595,0.9996130383211791
2205552,CN(CCOCCOc1ccccc1-c1ccccc1)Cc1ccccc1.OC(=O)C(=O)O,3,0.42857142857142855,3.24893890370362,0.9978710359831824
50282995,N#Cc1cc(ccn1)-c1n[nH]c(n1)-c1ccncc1,3,0.35185185185185186,2.0035476036283058,0.9993328555022835
42653736,O=C1Nc2ccccc2N1C1CCN(CCOc2ccccc2)CC1,3,0.5245901639344263,2.3355862219152765,0.9974703252084944
41482724,Cc1ncccc1NC(=O)OC(C)(C)C,3,0.36,0.9694529385172748,0.9990302216727416
30448845,CC1(C)Cc2cc(ccc2O1)CN1CCC2(CC1)NC(=O)N(Cc1ccccc1)C2=O,3,0.30434782608695654,3.2187278542928803,0.9983233232192836
3301248,CN(C)S(=O)(=O)c1ccc(c(c1)C(=O)Nc1ncc(s1)C)N1CCCC1,3,0.3287671232876712,2.5726591301608024,0.9989826443375973
45657759,O=C(Nc1nncs1)c1ccc(nc1)N1CCC2(CCCCC2)C1,3,0.3333333333333333,2.3220079672557956,0.9979885146851596
11652485,O=C(Cc1csc(n1)-c1ccccn1)NC1CCCCCC1,3,0.39285714285714285,1.7405237717424373,0.999497907009095
36790963,Cc1ccnc(c1)Oc1cc(ccc1C)N,3,0.40425531914893614,1.1566948603675624,0.9992467652709393
32018884,Nc1nc2ccccc2n1CCCc1ccccc1,3,0.5,1.7119421719205683,0.9984019425836188
36924312,O=C1CNC(=O)N1CCCN1CCc2sccc2C1,3,0.3548387096774194,2.099575433272363,0.9988790557530441
49992529,CCn1cc(cn1)C1CCN(CC1)Cc1ccc(cc1)C#N,3,0.41818181818181815,1.8589419033418089,0.9988606338105434
49155578,Fc1ccc(c(c1)F)-n1nc(nc1-c1cn[nH]c1)C1CCOCC1,3,0.2894736842105263,1.5648249103335223,0.9984849692614619
16692987,COc1ccc(c(c1)OC)C(=O)Nc1ccc2oc(nc2c1)C,3,0.4444444444444444,1.3483894096291507,0.999311369542055
1324972,COc1cc2c(cc1NC(=O)C)oc1ccccc12,3,0.3492063492063492,1.2861792254581343,0.9993058363690385
49942182,Cc1ncsc1CNc1nnc(o1)-c1ccncc1,3,0.5185185185185185,2.436193957795541,0.9990269945898822
44583632,CCc1nc(n(n1)Cc1nc(cs1)C)CC,3,0.3076923076923077,1.7500548562832687,0.997854268974962
11478087,Cc1ccc2c(c1)cc(c1nnnn21)CNCCc1ccccc1,3,0.32786885245901637,1.5488831460122339,0.9981012756532621
290036652,COc1cccc(c1C(=O)N(C)CCCn1cccn1)C,3,0.5344827586206896,1.802928451159352,0.9968563092964219
73032016,CC(C)CNc1nnc(s1)SCc1ccncc1,3,0.38461538461538464,1.044865063058442,0.9989927900165095
324071116,Fc1cc(c(cc1NS(=O)(=O)c1c[nH]c2cc(ccc12)Cl)F)C#N,3,0.5,2.4560553739685393,0.9992968647847922
222721,CC(C)C(=O)N1CC(C1)Cc1nccc2ccn(c12)C,3,0.3225806451612903,1.5510641508327871,0.9993341884892353
49343751,O=C(Nc1nnc2n1CCCC2)c1cscn1,3,0.5185185185185185,1.8867578010967692,0.9997562668675545
48835672,CC(C)(C)C(=O)N1CCC(CC1)CN1C(=O)N(C2CCCC2)C(=O)C1=O,3,0.41818181818181815,3.5885550016682526,0.9984718757120541
308044,CCOc1cc(ccc1OC)CN1CCc2c(nc(nc2C1)N1CCCC1)N,3,0.4057971014492754,3.05275809719687,0.9978058788138495
177501206,CCCC1(CCC1)CNC(=O)CN1C=CC(=O)C=C1,3,0.6170212765957447,1.7475005007151754,0.9985765416295743
36659962,COC(=O)N1CCCN(CC1)C(=O)C(=O)Nc1cccc(c1)C(C)C,3,0.36666666666666664,1.2969676171746982,0.9989063310768538
24140848,O=C(NCc1nnc2n1-c1ccccc1CC2)c1ccc2ccccc2c1,3,0.6101694915254238,1.8958673476802264,0.9981876805224537
23827295,CN1CCC(CC1)n1ncc2[nH]c(nc12)-c1ccccc1-c1ccc(o1)C,3,0.5833333333333334,3.9504831350103404,0.9994332146046359
49295738,CN(CCC(=O)O)C(=O)c1cc2cc(c(cc2o1)C)C,3,0.39344262295081966,2.167645035516566,0.9979635184285879
53835106,CSc1cnc(nc1)N1CCCN(CC1)c1ncc(cn1)SC,3,0.32608695652173914,2.267501047408629,0.9980571969066853
35762433,Cc1nn(c(c1NC(=O)CN1CCC2(CCCCC2)CC1)C)C,3,0.40384615384615385,3.103292767368226,0.9962591474382241
25721481,C/C(=C/COc1c2c(cc3ccoc13)C=CC(=O)O2)CO,3,0.2222222222222222,1.6361399695626875,0.9988153944994398
30663852,O=C(CSc1ccccn1)N1CCSc2ccccc21,3,0.3793103448275862,1.6594191754949488,0.9992305226552768
222761855,CN(Cc1cnc2ccccc2n1)S(=O)(=O)N1CCCC1,3,0.38181818181818183,4.135200841555241,0.9907775928941145
222761300,CN(Cc1cnc2ccccc2n1)S(=O)(=O)N1CCCCCC1,3,0.375,1.4826048023664764,0.9986472894416217
13482608,COc1ccc2cc(ccc2c1)C(=O)NCc1nnc2n1CCCCC2,3,0.484375,2.00535807276416,0.9990726163461284
49096260,CC(C)CCN1CCC(CC1)CNS(=O)(=O)C,3,0.5217391304347826,2.8764966539176853,0.9955819378869768
1152113,COc1ccc(cc1)OCc1nn2c(nnc2s1)-c1ccc(cc1)OC,3,0.35714285714285715,1.4039244993946451,0.9985379023035805
3247549,Cc1sc2ncnc(c2c1C)OCC(=O)NC1CCCCC1,3,0.5396825396825397,1.5402571213923224,0.9989054677555059
45750904,Cc1nc(cs1)CNC1CCN(CC1)C(=O)C1CC1,3,0.375,1.8352119768573674,0.9983028920905297
11477618,O=C(NCCCNC(=O)c1cc2ccccc2[nH]1)c1ccc2c(c1)OCCO2,3,0.42857142857142855,3.116344974485237,0.9969894323763623
136045,COc1ccccc1-c1ccc(cc1)CC1(CCOCC1)C(=O)NC1CC1,3,0.5538461538461539,1.5107124147234365,0.9992513715521057
35774799,C1CC(C1)CNc1nc(no1)-c1ccccc1,3,0.5217391304347826,1.3735723497508092,0.997868240649973
49941012,Cc1cc(ccc1-c1nc(no1)CCn1c(nc2ccccc12)C)F,3,0.3548387096774194,1.332567821914809,0.9993984041886416
49139348,CC(=O)c1cc(cc(c1OCc1ccccn1)F)Br,3,0.3559322033898305,2.011248368551205,0.9976373378937251
13397114,Cc1ccc(cc1)Cn1nc(c(c1Cl)C(=O)N)C,3,0.38461538461538464,1.435342816194052,0.9986069068381571
31507610,Cn1cc(cn1)-c1ccc2nnc(n2n1)C(F)(F)c1ccc2ncccc2c1,3,0.33783783783783783,2.986929192331183,0.9995827429475217
31875350,Cc1ccnc(c1)NC(=O)CN1CCCC1=O,3,0.41818181818181815,1.085094465934022,0.9992724434010031
36925778,O=C(N1CCN(CC1)c1ncccn1)c1noc2c1CCCC2,3,0.36363636363636365,1.5931603811291233,0.9992155958671367
50359676,CC1=NN(CCOc2ccc(c(c2)F)Cl)C(=O)C=C1,3,0.6078431372549019,1.0419285004258718,0.9983261569313014
56769871,Oc1nccn2c(nnc12)CNC(=O)C1CCCC1,3,0.3728813559322034,2.716713455630073,0.9988615092809064
30640320,Cc1nn(c(c1NC(=O)CN1CCN(CC1)c1nccs1)C)C,3,0.515625,2.44155995216174,0.9994419435853819
30697446,CC(C)(C)C(=O)N1CCC(CC1)NS(=O)(=O)C,3,0.44,1.729149501923069,0.9976854954525138
20536111,O=C(CC1c2ccccc2CCc2ccccc21)NCCN1CCOCC1,3,0.3389830508474576,1.703066058612984,0.9984100010217951
2908077,COc1ccc(cc1)-c1cn2c3ccccc3nc2n1CCO,3,0.3283582089552239,1.393733833987538,0.9987739286218787
53777863,COC(=O)C1=NOC2(CCN(CCC(C)(C)C)CC2)C1,3,0.2647058823529412,1.7539136238709283,0.9977567710278289
53839716,COC(=O)C1=NOC2(CCN(CCCCCF)CC2)C1,3,0.3225806451612903,1.4063701504229462,0.9983521277496766
31998416,O=C(NCCc1ccc2c(c1)OCO2)Nc1ccncc1,3,0.47540983606557374,2.9639998313092897,0.9989188759892258
49992227,Cn1cc(cn1)C1CCN(CC1)CC(=O)N1CCc2sccc2C1,3,0.515625,2.876804650997125,0.997506034519131
326092,Fc1cccc(c1)CCNCc1cc(cn2nnnc12)-c1ccccc1,3,0.3382352941176471,1.525709015507272,0.9982233336808375
31844110,O=C(CN1CCc2ccccc21)N1CCNC1=O,3,0.6,1.9397917413992924,0.9993492222626734
410858,Cc1ccc(cn1)-c1nc(ncc1-c1cc(no1)C)NCc1ccco1,3,0.5373134328358209,3.1031627414629965,0.9985992862553607
31842542,CC1CCN(CC1)C(=O)c1n[nH]c2ccccc12,3,0.38181818181818183,1.5793311875600968,0.9989629373032293
32149349,O=C(N1CCCCC1)c1cccc(c1)CNc1ccc2nccnc2n1,3,0.48148148148148145,2.532759562216709,0.9985717110131065
48764100,CCc1nnc(c(c1CC)C#N)N1CCCO1,3,0.5102040816326531,1.2191874343182676,0.9981756681616216
49336073,CC(=O)NC1CCN(CC1)Cc1cccc(c1)-c1cccnc1,3,0.4507042253521127,1.420870155924942,0.9985682806762644
31209008,C1CC1Nc1nc(no1)-c1ccccc1,3,0.4772727272727273,1.8203455715878722,0.999585210982837
33303147,CNC(=O)c1ccc(nc1)N1CCCC1,3,0.4583333333333333,1.6151089746523908,0.9989901826457573
14097435,CN(C)C(=O)c1ccc(c(c1)NS(=O)(=O)C)C,3,0.3888888888888889,2.451848078491017,0.9941216414740179
36931863,COc1ccc2c(c1)CN(CC2)C(=O)c1cc([nH]n1)C1CC1,3,0.352112676056338,1.7087717811340348,0.9990830106244931
171813413,C[C@]1(O)CN(CC[C@@H]1Oc1ccccc1)C(=O)CN1C=Nc2ccccc2C1=O |r|,3,0.2891566265060241,2.074846500346576,0.9985963835558673
171813474,C[C@]1(O)CN(CC[C@@H]1Oc1ccccc1)C(=O)Cn1cnc2ccccc12 |r|,3,0.36619718309859156,2.5801292603277486,0.9987960734558361
222783725,CC(C)n1nc(c(c1C)S(=O)(=O)NCC1CCN(CC1)C(=O)C1CC1)C,3,0.4642857142857143,2.561958235412835,0.9985026170282142
1545812,Cc1cc(c(c(c1-n1cnnn1)C)S(=O)(=O)Nc1ccc2c(c1)OCO2)C,3,0.3466666666666667,2.479015127021726,0.9978109632161225
1553046,CN(C)c1ccc(cc1)NS(=O)(=O)c1c(cc(c(c1C)-n1cnnn1)C)C,3,0.3548387096774194,2.023109982180766,0.9971895446039426
44435341,Fc1ccc(cc1)CCCC(=O)N1CCN(C(=O)C1)c1ccccc1,3,0.3968253968253968,1.4461203269434002,0.9990325933956393
404346,COc1ccc2nc3c(cc2c1)CNCCO3,3,0.5,1.4699217666258615,0.9987425615916186
104389046,Cc1cc(ccc1Cl)NC(=O)CN1N=C(C=CC1=O)C1CC1,3,0.6481481481481481,4.485446689015539,0.9786042991156263
31231103,COc1cccc(c1C1=NCc2cnc(nc2-c2ccc(cc21)Cl)Nc1ccc(c(c1)OC)C(=O)O)F,3,0.3333333333333333,2.212506497165749,0.997924704843783
31231105,OC(=O)c1ccc(cc1)Nc1ncc2c(n1)-c1ccc(cc1C(=NC2)c1c(cccc1F)F)Cl,3,0.27906976744186046,1.9726560774750501,0.9984349350207944
1317203,COc1ccc(cc1)OCC(=O)N1CCN(C)CC1,3,0.42,1.304267610576829,0.9988190530054021
197945,Cc1cc(cc(n1)C1CCCN(C1)CC(=O)Nc1ncc(s1)C)Nc1ccccn1,3,0.6052631578947368,2.764613535378414,0.998602225926344
36910847,O=C(CN1CCC(CC1)c1ccccc1)N1CCNC1=O,3,0.39655172413793105,2.72989248872556,0.99540156397384
31991615,Cc1noc(c1CS(=O)(=O)C1CCCc2ccccc21)C,3,0.39344262295081966,1.2463891848055746,0.9989028212006783
36647960,CN(Cc1cscn1)c1nc2c(cc1C#N)CCC2,3,0.39285714285714285,1.3111125047071446,0.9994057085315763
1487936,N#Cc1cc2c(nc1SCc1cccnc1)CCCCCC2,3,0.3492063492063492,1.49184147951427,0.9980950430059417
82719175,CN(C)c1ccc(nn1)-c1ccc(cc1)C(=O)NCCN1CCCC1=O,3,0.375,1.988337747969278,0.9973936202702237
49995595,CNC(=O)c1cccc(c1)Cn1nnc(n1)-c1ccccc1Cl,3,0.352112676056338,1.4692627402881024,0.9988026578125068
48224722,C1CN(CCO1)Cc1nc(c2c(csc2n1)-c1cccs1)N1CCc2[nH]ncc2C1,3,0.5633802816901409,3.798370966612191,0.999010840791023
29621147,Oc1ccccc1N1CCN(CC1)C(=O)c1ccc(nc1)-n1cccn1,3,0.45901639344262296,1.9785332951458667,0.9988132516062062
235805596,CC(C)(C)C1=NN(CC2CN(C2)CC2(O)CCCC2)C(=O)C=C1,3,0.3793103448275862,1.9803014921977113,0.9986226202472861
205724941,OC1(CCCC1)CN1CC(C1)CN1N=C(C=CC1=O)C1CC1,3,0.3870967741935484,2.0568806479712607,0.9991968337479471
784983,OC(=O)c1cc(ccc1O)/N=N/c1ccc(cc1)S(=O)(=O)Nc1ccccn1,3,0.273972602739726,2.367538172870832,0.9992810531678146
23673158,Oc1ccc(cn1)C(=O)N1CCN(CC1)c1ncccn1,3,0.38181818181818183,1.3684611795735238,0.9979682378486454
48780034,CC(=O)N1CCCN(CC1)Cc1c(nn(c1Cl)C)C,3,0.36363636363636365,1.7970703937240942,0.9988638674846865
3562110,NC(=O)COc1ncnc2ccccc12,3,0.5416666666666666,1.8637333500262305,0.9972417903778935
23998591,Cc1ccsc1C(=O)Nc1nc2ccccc2s1,3,0.42,1.3828474247004299,0.9995429999757477
43068693,COCc1noc(n1)-c1ccc(nc1)-c1cc(cc(c1)C)C,3,0.3333333333333333,1.4622222813235146,0.9981404871007131
35690264,O=C(Nc1ccc(nc1)N1CCOCC1)N1CCc2sccc2C1,3,0.43283582089552236,2.763664957985936,0.9969233464236605
300003450,O=S(=O)(N1CCCNCC1)c1cccc2cnccc12,3,0.4426229508196721,1.0810707654915461,0.9986928490519844
205729574,Clc1ccccc1S(=O)(=O)N1CCCc2cnc(nc21)N1CCOCC1,3,0.6451612903225806,2.243148456968354,0.9985017530453038
43571023,Cc1ccc2n(nc(c2c1)Cn1ccnc1-c1cccc(n1)C)C,3,0.30303030303030304,1.63300551131943,0.9991485582558381
89942274,CN1C(=N[C@@](C)(CS1(=O)=O)c1cc(ccc1F)NC(=O)c1ccc(cn1)F)N |r|,3,0.273972602739726,1.909280230872507,0.998215805932822
31835550,CC(=O)Nc1cccc(c1)OCC(=O)N1CCCCC1,3,0.5192307692307693,1.5771680316313978,0.9975767502747712
24997821,Fc1cccc(c1CC(=O)Nc1cccc2cnccc12)Cl,3,0.453125,1.105856229353575,0.9988188293288841
82737865,O=C(N1CCC2(CC1)C=Cc1ccccc12)c1n[nH]c2c1COCC2,3,0.2535211267605634,2.8381419978571176,0.9995335059842436
1541141,OC(=O)CCC(=O)Nc1ccccc1C1=Nc2ccccc2NC1=O,3,0.3508771929824561,1.846558149639937,0.9990736146152601
30231738,Fc1cccc(c1)-c1nnn(n1)Cc1ccc(cc1)C(=O)N1CCCC1,3,0.4,1.6688858558934687,0.9983431649698269
38522400,CC(C)n1nnnc1-c1ccc(cc1F)N,3,0.25,1.5344145463335654,0.997392590110996
19162470,O=C(Cc1ccc2c(c1)OCCO2)NC1CCCCCC1,3,0.6304347826086957,1.9559309803771603,0.9985808308887422
316806315,CC(C)c1noc(n1)CN1CCC(CC1)N1C(=O)Nc2ccccc21,3,0.5230769230769231,2.351360244624479,0.9992957043294509
11938711,O=C1Nc2ccccc2N1C1CCN(CC1)Cc1nc(no1)-c1ccsc1,3,0.5223880597014925,1.7096514264604314,0.9992797002465958
49945104,Cc1nn(c2ncc(cc12)CNc1ccon1)C,3,0.3225806451612903,1.9615585640001358,0.9988223666280592
82700463,COc1cccc(c1-c1ccc(cc1)OCCN1CCCC1)OC,3,0.42857142857142855,1.9510548428989372,0.9980127232731386
49951918,Cc1cccc(n1)NCC1CCN(CC1)C(=O)c1ccccc1,3,0.47368421052631576,1.6956169968481305,0.9977975915898195
44579402,O=C(Nc1cnc2ccccc2n1)c1ccncc1,3,0.5227272727272727,1.3955561615362275,0.9995730211109867
43429664,CC(N1CCCC(C1)c1nc2ccccc2o1)C(=O)Nc1ccccc1,3,0.5362318840579711,1.565534732926611,0.9992719773033398
30026467,CC(N1CCCC(C1)c1nc2ccccc2o1)C(=O)Nc1ccc(cc1)C(=O)N,3,0.5277777777777778,2.1578973562243933,0.9983130178791989
48880634,C1CCN(C1)CCOc1ccc(cc1)-c1[nH]c2ncnc(c2c1-c1ccccc1)NCC1SCCS1,3,0.3333333333333333,7.289530026003142,0.9955343505498052
29676888,Clc1ccc2c(c1)N=C(NC2=O)/C(=C/c1cnn(c1)Cc1ccccc1)C#N,3,0.27710843373493976,2.2614815939999944,0.9990384398981181
48825778,CN1CCC(CC1)NS(=O)(=O)C1CN(C1)C(=O)c1cccc(c1)Cl,3,0.38095238095238093,0.9165686008149625,0.9993861977482998
31929526,FC(F)(F)c1ccnc(n1)Nc1ccc(nc1)N1CCNC(=O)C1,3,0.3055555555555556,3.0189397145354646,0.9971344281932654
50279769,COc1cc(c2c(c1)N=C(C)NC2=O)Br,3,0.2727272727272727,1.3493276103302183,0.9986814215811806
49299793,Brc1cc2c(cc1Cn1cncn1)OCCCO2,3,0.36538461538461536,3.747875798369028,0.9768067032785868
208343,Cc1nc(cc(n1)C1CN(C1)C1CCCCC1)O,3,0.45098039215686275,3.260389700633913,0.99100280834474
49924914,CN(CCn1cnc(c1C#N)C#N)c1ccccc1,3,0.4716981132075472,1.6274003809757231,0.9988194543636432
316875519,Cn1c(nnc1-c1n[nH]c2c1CCCC2)N1CCC2(CNC(=O)C2)C1,3,0.22535211267605634,2.866828735728592,0.9985199443205811
32157229,Fc1ccc(c2c(ccnc12)NCc1ccc(nc1)N1CCOCC1)F,3,0.30434782608695654,1.4193375215224677,0.9993825058490624
36436018,CCOc1ncccc1-c1nc(cc(n1)NC)C,3,0.43137254901960786,1.4462437553885097,0.999523717662611
232887473,Clc1cccc(c1Cc1n[nH]c(n1)CCCn1cccn1)Cl,3,0.5789473684210527,2.153436323646995,0.9990459330687966
414840,Cc1cc(sc1C)C(=O)N1CCC(CC1)C(=O)c1ccnn1C,3,0.32857142857142857,2.6113689896294674,0.9985343546919133
198935,CCc1nnc(s1)Nc1cccc(n1)C1CCCN(C1)CC(=O)N1CCCC1,3,0.5142857142857142,2.093307191981175,0.9984645519170162
48373672,O/N=C\1/CCCc2c1cnc1ncnn21,3,0.23214285714285715,1.1127870416213097,0.9995997647339625
36922204,Cc1nnc(c(c1C)C#N)N1CCCSCC1,3,0.3333333333333333,1.6445351926911511,0.9977053508969528
48638440,Cc1ccccc1COC1CN(C1)C(=O)CN1C(=O)Nc2ccccc21,3,0.5862068965517241,1.9518317038103872,0.9982461373373653
53749740,Clc1ccc(cn1)CSc1nc(c[nH]1)-c1ccccc1,3,0.4423076923076923,1.60693217031728,0.99833678191
4758327,O=C(NCCNC(=O)c1cc(nc2ccccc12)-c1ccccc1)c1ccco1,3,0.38333333333333336,2.039995833329345,0.9979964549953502
5965122,CCC(=O)NCCNC(=O)c1cc(nc2ccccc12)-c1ccccc1,3,0.41818181818181815,1.9381181594525598,0.9991443206166679
49939748,N#Cc1ccc(o1)CNc1cnc2ccccc2c1,3,0.3448275862068966,1.3179787555199216,0.9994547785435712
207623013,CN1C(=O)N(C(=O)c2cccc(c21)F)c1cccc(c1C)-c1c(cc(c2[nH]c3c(c12)CC[C@@H](C3)C(C)(C)O)C(=O)N)F |r|,3,0.24528301886792453,6.564474160205211,0.9982702811701742
2873705,Cc1ccccc1-n1nc(cc1N)C(C)(C)C,3,0.4090909090909091,0.8526253573517828,0.9993088012097243
291159,COc1ccc(cc1)CNc1c(nc2cnccn12)-c1ccc(c(c1)OC)OC,3,0.3188405797101449,2.1811655141232253,0.9987661349796055
15967580,Cc1cc(n2ncc(c2n1)C(=O)Nc1cccc(c1)C(=O)O)C,3,0.5087719298245614,2.396655586437095,0.9983463473233511
50614392,COc1ccc(cc1F)CCCN1CCN(C(=O)C1)c1cnn(c1)C,3,0.2916666666666667,2.2414397158969015,0.997457304749821
131225,Cc1cc(cc(n1)C1CCN(C1)C(=O)COc1ccccc1F)Nc1ccc(cn1)F,3,0.4634146341463415,2.1553714297077278,0.9979499827675502
131201,Cc1cc(cc(n1)C1CCN(C1)C(=O)COc1ccccc1)Nc1ccc(cn1)F,3,0.4691358024691358,1.842508887360039,0.9977485299029893
131239,Cc1cc(cc(n1)C1CCN(C1)C(=O)CCc1cccc(c1)Cl)Nc1ccc(cn1)F,3,0.4418604651162791,2.6274858705615687,0.9960812801921742
131231,CC1=NN(CC(=O)N2CCC(C2)c2cc(cc(n2)C)Nc2ccc(cn2)F)C(=O)C=C1,3,0.4875,2.4468314204288,0.9983149114483312
131219,Cc1cc(cc(n1)C1CCN(C1)C(=O)CCn1ncc2ccccc12)Nc1ccc(cn1)F,3,0.4367816091954023,3.0997449895105964,0.9980589536029659
2292167,COc1ccccc1CC(=O)Nc1ncc(s1)C,3,0.4576271186440678,0.8851502697283968,0.9994643334881237
49942184,C(Nc1nnc(o1)-c1ccncc1)c1cncs1,3,0.5098039215686274,3.0354236936545127,0.9985454729569209
48328503,CC#CCCNC(=O)c1cccnc1C,3,0.43137254901960786,0.8119501216209265,0.9993834648015296
31413696,Cc1csc(n1)Nc1ccc(cc1)C#N,3,0.3559322033898305,1.5013610491816622,0.9994089829646573
18915110,Cc1ccc(c(c1)C(=O)Nc1cnc2n(nc(c2c1)C)C)C,3,0.35,1.2247081284939243,0.9993476785716707
49144354,Cc1ccc2nc(c(cc2c1)-c1nc(nn1CCO)C)C,3,0.34375,1.7113561873557974,0.9980257596330603
152939,Cc1cccc(c1)OC1CCN(CC1)CC(=O)N,3,0.421875,1.843852488676929,0.9979630218584231
152925,NC(=O)CN1CCC(CC1)Oc1cccc(c1)F,3,0.5178571428571429,1.5055540508397482,0.9955569874435246
13484208,CN(Cc1nnc2n1CCC2)C(=O)Cc1coc2c(c(ccc12)C)C,3,0.4057971014492754,1.8834805547179663,0.9993913312478564
32020284,Cc1cc(c2c(nn(c2n1)C)C)C(=O)Nc1cccc(c1)-c1cnco1,3,0.38271604938271603,1.6755903437294242,0.9996748989327235
35743833,CNC(=O)c1ccc(cc1)CN(C)c1c(cc(cc1F)C#N)F,3,0.375,1.7563766680299515,0.9941841901471878
338392,CCOC(=O)C1(CCN(CC1)Cc1ccccc1O)Cc1cc(no1)-c1ccc(cc1)F,3,0.32941176470588235,2.1862479273862223,0.9986273351113031
50136169,CC(=O)Nc1ccc(cc1)C(=O)N1CCc2ncncc2C1,3,0.3492063492063492,1.7234056400045956,0.9992967710108851
181210453,CCN(Cc1ccccc1)C(=O)c1cccnc1N,3,0.36507936507936506,1.7502062735574415,0.9983608343322213
232833340,COc1cccc(c1)Oc1ccc(cn1)NC(=O)CN1CCOCC1,3,0.40298507462686567,1.5970062617285619,0.9989875090746487
232865232,COc1cccc(c1)Oc1ccc(cn1)NC(=O)CN1CCCCC1=O,3,0.4126984126984127,1.8409483968869043,0.9989176452799713
36933237,CC(C)(C)n1ncc(c1C(F)(F)F)C(=O)N1CCCn2ncnc21,3,0.24285714285714285,1.8570271942004084,0.9980334725968665
53790787,CC(CN(C)Cc1nnc(n1C)C)Oc1ccc(c(c1)Cl)Cl,3,0.2537313432835821,1.891963794579811,0.9964460057212238
44424625,Cc1ccc(cc1)-c1ccc(o1)-c1nccn1CCCn1cnnc1,3,0.3088235294117647,1.6714987286865932,0.9984349853503547
32106793,Cc1cc(n(n1)-c1cc(ncn1)Nc1ccccc1C)C,3,0.32142857142857145,1.556240662621779,0.9991109341967924
49148489,Fc1ccc(c(c1)-c1nc(nn1-c1cccnc1)C1CCOCC1)F,3,0.2727272727272727,1.4350094076347917,0.9993304685575013
48337566,CN1CCCN(CC1)c1nc(nc2cc3c(cc12)OCO3)C(F)(F)F,3,0.29577464788732394,1.2259318904405017,0.9993178991662133
48210000,CCN1CCC(CC1)Nc1ncnc2n(ncc12)C,3,0.5882352941176471,3.0555834140143614,0.9978660652959835
49088739,CC(C)OCCS(=O)(=O)N1CCc2ccccc2CC1,3,0.46938775510204084,1.2149156349305954,0.9990084759960316
206429,CN1CCC(CC1)C(=O)N1CCC(CC1)c1cc(c2c(n1)CCNC2=O)C(F)(F)F,3,0.32,2.4280566303117306,0.9988281735447118
206425,CN1C=C(C=CC1=O)C(=O)N1CCC(CC1)c1cc(c2c(n1)CCNC2=O)C(F)(F)F,3,0.32857142857142857,2.5556954043862037,0.9979961482800268
29658635,CCOC(=O)N1CCN(CC1)C(=O)Nc1cccc2c1CCCC2,3,0.43548387096774194,1.6828478837970706,0.9991938573138155
177401551,COc1ccccc1-n1cc(cn1)CNC(=O)N(C)Cc1c(nn(c1C)C)C,3,0.373134328358209,1.7102403339884897,0.9995419833055165
49151417,COCCc1nc(n(n1)CCO)-c1ccccc1-c1ccccc1,3,0.4032258064516129,1.772024548362749,0.9971486160727258
1456984,CCOC(=O)CC1=C(C)Nc2c(cnn2C1=O)-c1ccccc1,3,0.30158730158730157,1.464368464560775,0.9993714392581303
24034759,CCc1nnc([nH]1)Sc1nc2cc(nn2c2ccccc12)C,3,0.5818181818181818,1.859084989988317,0.9994050946364879
3686549,Cc1c(oc2c(cccc12)F)C(=O)N1CCC(CC1)C(=O)Nc1ccc2c(c1)OCO2,3,0.34177215189873417,2.426640888141238,0.9990161680960007
45762658,CN(Cc1nnc(n1C)C1CC1)C(=O)C1C2CC3CC(C2)CC1C3,3,0.2903225806451613,2.2281994973524,0.9989039383688921
31876232,Cc1ccc(nc1)NC(=O)C(C)(C)c1ccccc1,3,0.44680851063829785,0.9980581145401842,0.9987872532569504
324053897,CC1(C)Cc2cc(c(nc2O1)OCC1CC1)NC(=O)c1cnn2cccnc12,3,0.4675324675324675,2.0154453602120554,0.9992392203417635
49944058,CCn1nccc1CNc1nnc(o1)-c1ccc(cc1)OC,3,0.46938775510204084,1.6885307222555668,0.9983475295493838
36635336,CN1CCN(CC1)C1=C2C=CC=CC2=Nc2ccc(cc2N1)Cl,3,0.2878787878787879,2.3651854049947767,0.9970641822287959
MCULE-7051565077,COCCNC(=O)CN1CCN(CC1)c1nccn1-c1cccc(c1)Cl,3,0.40540540540540543,1.6691839323454396,0.9985903708351628
13331036,CC(C)(C)c1csc(n1)NC(=O)C1CC1,3,0.4897959183673469,0.6438012115554407,0.9996017735331774
53750832,COc1cccc(c1)CC1=Nc2sc3c(c2C(=O)N1)CCSC3,3,0.359375,1.8636209378514978,0.9997282604924798
48749865,CN(Cc1nc2c(s1)CCCC2)c1cnccn1,3,0.3235294117647059,1.3101786137771556,0.9988601978179886
36951097,C1CN(CCN(C1)c1nc(ns1)-c1ccccc1)c1nccs1,3,0.46551724137931033,0.9937479559727305,0.9993593548122153
38281327,OC(=O)Cc1ccc(cc1)Oc1ccncc1,3,0.38095238095238093,3.4925566566628667,0.9884339373950299
24874030,COc1ccc(cc1)-c1ccc(cc1)CN(CCN(C)C)Cc1ccncc1,3,0.47368421052631576,2.585853050735587,0.9994555214783518
43272847,CC(C)CCNc1ccc(cc1)Cc1c(n[nH]c1C)C,3,0.25862068965517243,1.862563287514935,0.9989628174639148
2711872,CC(C)CCNC(=O)CSc1nc2ccccc2[nH]1,3,0.42857142857142855,2.0335119866867952,0.9984141474295696
177394353,COCCN(C)C(=O)c1ccc(cc1)-c1cccc(c1)-c1noc(n1)C,3,0.36619718309859156,1.9322310938396876,0.9981811214557711
72972951,CC#CC(=O)N1CCC[C@@H]1c1nc(c2c(nccn12)N)-c1ccc(cc1)C(=O)Nc1ccccn1 |r|,3,0.34523809523809523,3.4850942598444794,0.9975899361164229
35692276,CCONC(=O)c1sc(nc1C)C,3,0.36363636363636365,0.309598126611585,0.9999111126061211
36646466,Cc1ccc2nc3c(c(c2c1)C(=O)NCc1cnn(c1)C)CCCC3,3,0.6212121212121212,1.863239651789059,0.9990573828959323
30151761,OC(=O)c1ccc(c(c1)F)N1CCCC1,3,0.3333333333333333,2.558965415944371,0.9972737180544043
49159718,CS(=O)(=O)CCc1nc(nn1-c1ccccc1)C1(CC1)c1ccccc1,3,0.34375,1.8173076239317072,0.9978625759322158
5736788,CN1C(=O)N(Cc2ccccc2C)C(=O)c2c1nc1n(c(cn21)C)-c1ccccc1O,3,0.27631578947368424,2.766974340321878,0.9993461401648556
5736794,CN1C(=O)N(Cc2ccccc2Cl)C(=O)c2c1nc1n(c(cn21)C)-c1ccccc1O,3,0.31645569620253167,1.5489367320840628,0.9994241878401204
31890078,Cc1nnc(c(c1C)C#N)NCCc1ccc2c(c1)OCO2,3,0.3770491803278688,1.473850060216247,0.9988321589113293
30151586,CN(c1ccc2c(n(nc2c1)C)C)c1ccnc(n1)Nc1ccc(c(c1)S(=O)(=O)N)C,3,0.4166666666666667,3.280854309474619,0.9983330856890447
49346047,Cc1nccc(c1Cl)NC(=O)c1ccncc1Cl,3,0.5306122448979592,2.4919845505140352,0.9986208469129201
11894372,O=C1NC2(CCCCC2)C(=O)N1Cc1csc(n1)-c1ccccc1,3,0.4262295081967213,2.4566884214325735,0.9992473897295566
197589,Nc1nc(nc2nc(ccc12)C1CCCN(C1)CC(=O)N1CCCC1)-c1ccccc1,3,0.5454545454545454,1.952675344239201,0.9986407934736535
31834534,CN1CC(=O)N(CC(=O)Nc2ccc(c(c2)C)C)C1=O,3,0.42424242424242425,2.6859419204443014,0.9952021975492917
177394614,CN(CC1CCN(CCO)CC1)C(=O)c1cc(nc(c1)C)C,3,0.5,2.131854591664049,0.9979166504583635
30016064,Cc1nn(c2ncc(cc12)C(=O)Nc1ccc2c(c1)CCO2)C,3,0.39473684210526316,1.6478537556468822,0.9998020945277678
30020148,O=C(CSCC#N)NC1CCCCCC1,3,0.3877551020408163,1.7703652165584316,0.9989764576626259
44384801,CCCNS(=O)(=O)Nc1ncnc(c1-c1ccc(cc1)Br)OCCOc1ncc(cn1)Br,3,0.2289156626506024,3.059342576436627,0.9981954986066703
36318534,Cn1ccc2c(cccc12)C(=O)Nc1ncn(n1)Cc1cccnc1,3,0.5932203389830508,1.9011604351032725,0.9994762782964214
36340866,CCS(=O)(=O)Cc1ccn(n1)-c1cccc(c1)F,3,0.5227272727272727,1.0759433070565874,0.9990015713076456
2502094,Cn1cnnc1-c1cccc(c1)NS(=O)(=O)c1ccc(cc1)N1CCCC1=O,3,0.6,1.7140201282366345,0.9985972479104279
44064836,O=C1CCCN1c1ccc(cc1)S(=O)(=O)Nc1cccc(c1)-c1nnc2n1CCC2,3,0.4166666666666667,2.3285433214779876,0.9980034182116123
29578860,Cc1cc(on1)C(=O)Nc1cccc2ncccc12,3,0.46296296296296297,1.1628938042658257,0.9995367541937132
232862115,COc1ccccc1-c1cc(nc(n1)-c1ncccn1)C(C)(C)C,3,0.3877551020408163,2.607233016053445,0.9967130588712072
114309331,Nc1ncnc(c1-c1ccc(cc1)Oc1ccccc1)NCC1CCN(CC1)C(=O)C=C,3,0.3522727272727273,3.317128276084513,0.9985907718712905
49968158,CN(Cc1ccc(nc1)N)c1ccnc(n1)C,3,0.6444444444444445,1.9053157218687446,0.9984992415165711
82702429,COc1ccc(cc1)-c1ccc(cn1)Cn1nc(cc1C)C,3,0.31746031746031744,1.801254007629249,0.9991540576773018
177470998,COc1cc(cc(c1OC)OC)-c1ccc(cn1)Cn1nc(cc1C)C,3,0.3230769230769231,2.116459307428395,0.9989581560800253
177388619,CCc1nc(cc(n1)N1CCCC2(CCNCC2)CC1)C,3,0.5094339622641509,2.8281713173003227,0.9981743454699586
1412632,Cc1cc(no1)NC(=O)c1cccs1,3,0.42,2.5789466842102007,0.9985743994212964
49972886,CCc1nc(cs1)CNc1ccc(nc1)C#N,3,0.42592592592592593,1.6926674215566853,0.9990659498392497
25633058,CCOC(=O)N1CCC(CC1)Nc1nc2ccccc2s1,3,0.3870967741935484,1.320447272707053,0.9989538868870094
24497238,O=C(NCCc1ccc2c(c1)OCO2)C1CCCC1,3,0.4745762711864407,1.4032195124069267,0.9983568434391407
2343643,Fc1cccc(c1)CN1CCN(CC1)c1ncccn1,3,0.5714285714285714,0.38235847054851185,0.9997683142438194
73029963,CN(Cc1ccc(cc1)CO)Cc1cc(c(c(c1)F)F)F,3,0.30612244897959184,1.7632331099431613,0.995846367911882
35741943,CN(C)c1cc(nc(n1)N(C)Cc1csc(n1)C)C,3,0.375,1.7571937855569177,0.9988521189573533
93438708,Cc1nc(c2c(ncnn12)N1CCC1)-c1cnn(c1-c1ccc(cn1)C(F)(F)F)C,3,0.26506024096385544,2.9659490892462435,0.9988581978251593
139887,COc1cccc(c1)CN1CCC(CC1)(Cc1ccc(cc1)-c1cccnc1)C(=O)N,3,0.5915492957746479,2.0851309311404953,0.9987224596040282
139895,NC(=O)C1(CCN(CC1)Cc1cccc(c1)Cl)Cc1ccc(cc1)-c1cccnc1,3,0.5942028985507246,1.2226467192123815,0.9991525949816077
49148845,COCCc1nc(n(n1)C1Cc2ccccc2C1)CCCn1cccn1,3,0.30158730158730157,1.6945034670957662,0.9985769074935443
44114971,CSc1ccc(c(c1)C(=O)NCCN1CCC(C)CC1)C,3,0.5283018867924528,2.475261198338135,0.9973100280260504
202527,CC(=O)Nc1ccc(cc1)C(=O)N1CCCCC1c1nc(ncc1-c1cccc(c1)Cl)N,3,0.6081081081081081,2.540588120888268,0.997861436387815
202525,CC(=O)Nc1ccc(cc1)C(=O)N1CCCCC1c1nc(ncc1-c1ccc(cc1)Cl)N,3,0.5333333333333333,2.4530187524760545,0.9978300771658124
73052466,CCOC(=O)CCN1CCC=C(Br)C1,3,0.2777777777777778,2.2349093941366207,0.9954290055516907
73006343,Cc1noc2ncnc(c12)N1CCCN(CC1)C(=O)C1CC1,3,0.421875,1.741909871376601,0.9989564466861974
82728603,CN(CCO)C(=O)c1ccc(cc1)-c1cccc(n1)C(F)(F)F,3,0.3188405797101449,2.180109859617068,0.9973563907648313
49934116,CCc1nc(c2ccsc2n1)N1CC(CO)C1,3,0.39285714285714285,1.997737970805891,0.99779315897768
195793,Cc1cccc(n1)Nc1ccc(nc1)C1CCN(CC1)C(=O)c1cc2cc(ccc2n1C)F,3,0.37349397590361444,3.279682149233346,0.9976737041317909
32446521,OC(=O)c1nc(oc1-c1ccccc1)-c1ccccc1,3,0.32,1.8638151732401758,0.998364398024243
104336605,Cc1c(nnn1Cc1ccc(c(c1)Cl)Cl)C(=O)Nc1ccc(cc1)CO,3,0.3333333333333333,1.6194613301958012,0.9987976294827444
36639987,Cc1cc(n2nc(c(c2n1)C(=O)NCC1CC1)C)C,3,0.5,1.5704480252462358,0.9991926923493106
31348551,O=C1Nc2ccccc2N1C1CCN(CC1)CCc1ccccn1,3,0.5245901639344263,1.7244413588172387,0.9990966726742847
36662662,CC(C)n1nc(c(c1C)NC(=O)c1cc(nc2cc(ccc12)F)C)C,3,0.4696969696969697,1.4325051483316416,0.9994713296424867
24884318,COc1c(cccc1CN1CCC(O)(CC1)c1ccc(cc1)F)C,3,0.48333333333333334,1.2020956700696934,0.999322221610669
209889,Cn1nccc1CC1CCN(CC1)C1CCCC1,3,0.3958333333333333,2.3002723751763186,0.9974829313723419
157315,Cc1nc(cc(n1)NC1CCCC1)CC1CCN(CC1)S(=O)(=O)c1cn(cn1)C,3,0.6307692307692307,2.130970905479089,0.9980026720972579
48243153,N#CCn1ncnc1-c1cccc(c1)C#N,3,0.32727272727272727,3.419038461322114,0.9965628080548449
36303318,CN(CC#N)C(=O)c1cccc(c1)CN1CCCC1,3,0.4393939393939394,1.698020023439074,0.9981640993659818
32074520,Cc1ccccc1NC(=O)Cn1nnc(n1)C1CC1,3,0.38596491228070173,1.4706342169281474,0.9986738195619869
171745752,CCCc1nc(ncc1C(=O)O)N1CCc2ccccc2C1,3,0.4375,1.953355062450252,0.9961226062315505
1313043,CCOC(=O)N1CCN(CC1)C(=O)c1ccc2c(c1)OCO2,3,0.47368421052631576,2.0039685626276706,0.9988261622411729
44598735,CCOCC(=O)N1CCC2(CC1)CCc1ccccc1O2,3,0.64,1.7635648556259027,0.9996069907245593
290024482,COc1ccc(cc1)OCc1n[nH]c(n1)-c1n[nH]c2c1CCC2,3,0.5454545454545454,2.27008480017845,0.9980006562630419
320420210,CCN(Cc1ccccc1)C(=O)c1ccc(cc1O)O,3,0.38,1.197255611805366,0.997762116663588
48784525,NC(=O)COc1ccccc1C(=O)Nc1cccc(n1)-c1ccc2ccccc2c1,3,0.3898305084745763,1.9213810137502843,0.9976684407607675
49976216,CNC(=O)Cc1nc(cs1)-c1cncc(c1)C,3,0.4423076923076923,0.913720416757766,0.9994652261812307
31931312,O=C1Nc2ccc(cc2O1)-c1csc(n1)CCN1CCCC1=O,3,0.5901639344262295,2.8655728921108117,0.998026591423825
36367041,Cc1cccc(c1)/C=N/Nc1cc(nc(n1)OCCc1ccccn1)N1CCOCC1,3,0.3037974683544304,3.0732007744371588,0.9989306988451918
222778100,CCN(Cc1cnn(c1)C(C)C)C(=O)NCCC(C)(C)OC,3,0.2878787878787879,1.6039538646731775,0.9991234209973853
139135,CN(C)C(=O)C1(CCN(CC1)C(=O)c1cnn(c1)C)Cc1ccccc1-c1ccccc1,3,0.5909090909090909,3.0489145609545716,0.9985308474882262
139133,CN(C)C(=O)C1(CCN(CC1)C(=O)c1ccc(s1)C)Cc1ccccc1-c1ccccc1,3,0.5757575757575758,3.0040096537794163,0.9983210356885496
232861763,CCOCC(=O)Nc1cccc(c1)CN1CCCC1,3,0.4166666666666667,2.2118957932055023,0.9973621231561378
48312238,O=C1CCCN1NC(=O)c1ccc(cc1)OCC#C,3,0.3157894736842105,0.9733940620323167,0.9991766768189039
222778471,CN(C)C(=O)c1cncc(n1)N(C)CCCc1c(n[nH]c1C)C,3,0.5,2.23313725507481,0.9987815599841934
49292072,CN(C1CCCCCCC1)C(=O)COc1cc(on1)C,3,0.3793103448275862,1.736948473616867,0.9985843752073804
82717689,NCCOc1cccc(c1)CC(=O)N1CCCN(CC1)C(=O)C1CCC1,3,0.625,1.4948514976409035,0.9986469480229331
1556512,Nc1ccc2n(cnc2c1)CCc1ccccc1,3,0.425531914893617,2.174361055574835,0.9971728323393644
232861350,COc1ccc(cc1)-c1cc(nc(n1)-c1ncccn1)C(C)(C)C,3,0.3148148148148148,2.0179558964457014,0.9978991012379684
32272128,Cc1nccn1CCNC(=O)C(C)(C)C,3,0.40816326530612246,2.0009712641616155,0.9975428702779608
49335777,Cn1cc(c(n1)-c1ccncc1)CN1CCN(CC1)c1ccccc1O,3,0.328125,1.4669826174838725,0.9992687489540796
300962268,Fc1ccc(cc1Cl)-n1cc(nn1)/C=C/c1ccnnc1,3,0.24242424242424243,1.0109817011203404,0.9983139017778654
49078022,CCCn1cc(cn1)NC(=O)Nc1ccc(cc1)N1CCSCC1,3,0.4918032786885246,2.261293214070304,0.9991075062370546
43141052,N#Cc1ccccc1-c1ccc(o1)-c1nccn1-c1cccnc1,3,0.2857142857142857,1.8050155123990481,0.9981389699836951
36686539,CCc1nnc2n1CCN(C2)C(=O)c1ccccc1Oc1cccnc1,3,0.3333333333333333,1.7576777292781647,0.9991136729825432
11909115,Fc1ccc(cc1)OCCN1N=Nc2ccccc2C1=O,3,0.44642857142857145,0.8973299281759087,0.9986539353114993
177304918,COC1(CCN(CC1)Cc1ncccc1Cl)c1nc(no1)Cc1ccccc1,3,0.3787878787878788,1.931863349204732,0.9987945747558868
177307724,COC1(CCN(CC1)Cc1cnc(o1)C)c1nc(no1)Cc1ccccc1,3,0.32857142857142857,1.2043712052352857,0.9990885782556942
43267241,O=C(CN1CCCC(C1)c1ccc2cn[nH]c2n1)N1CCCC1,3,0.6,2.8291712567464695,0.9959216097186616
18861554,CC(C)c1noc2ncc(cc12)C(=O)Nc1cc(ccc1C)F,3,0.38571428571428573,1.2787517350909465,0.9995336690133779
31923278,Cc1cc2ccccc2n1CC(=O)N1CCc2ccc(cc2C1)O,3,0.3582089552238806,1.4407029534217013,0.9988057640659137
20689377,CC(C)N(Cc1cnn(c1)C)Cc1nc(oc1C)-c1cccc(c1)C,3,0.36486486486486486,1.9677428693811263,0.9994057485480585
195031,COc1cccc(c1)N(C)CCC(=O)N1CCC(CC1)c1ccc(cn1)-c1ccc(nc1)N,3,0.43529411764705883,1.8673601687943169,0.9979842913031185
49954362,Fc1ccc(c(c1F)C(=O)NCC1CCN(CC1)CC#N)F,3,0.39344262295081966,1.469340668463173,0.9977356847972161
16744002,CCONC(=O)c1cncn1-c1ccc(cc1)F,3,0.58,0.8556184897488497,0.9995142366519435
300481375,Fc1cc(ccc1CNCc1ccccn1)Br,3,0.42857142857142855,1.6533838029930357,0.9973596691065816
27415022,CN(Cc1cccc(c1)C#N)Cc1ccccc1C#N,3,0.6086956521739131,3.8320422753408745,0.9952518034070559
171789858,CC(=O)N1CCN(CC1)[C@H]1CCN(CC[C@@H]1O)C(=O)c1cc2cc(ccc2o1)C |r|,3,0.3026315789473684,3.6909756162837826,0.998035895972181
171789496,Cc1ccc2oc(cc2c1)C(=O)N1CC[C@H](O)[C@H](CC1)N1CCOCC1 |r|,3,0.3108108108108108,1.6354430592353963,0.9991484666089475
171789564,CC(=O)N1CCN(CC1)[C@H]1CCN(CC[C@@H]1O)C(=O)c1cc2cc(ccc2o1)Cl |r|,3,0.2878787878787879,2.062830337182607,0.9996284490281157
177405420,CN(Cc1c(nn(c1C)C)C)C(=O)NCc1cnc(c(c1)C)C,3,0.3793103448275862,1.609205083262684,0.999536664904539
25002955,Cc1cc(no1)NC(=O)N1Cc2cc3c(cc2C2(CCCC2)C1)OCCO3,3,0.30434782608695654,2.1189693249313555,0.9990657671850247
222754320,CN(C)S(=O)(=O)CCCN1CCC(CC1)CCC(=O)N,3,0.4489795918367347,2.207201848495055,0.9974437044451976
49945934,Cc1cnn(c1)Cc1nnc(s1)-c1ccccc1,3,0.34545454545454546,2.06287008800871,0.9992382430234404
44588358,CC(C)c1cnc(o1)COc1ccc(nc1)Br,3,0.2727272727272727,1.7456202336135496,0.9993008692843418
54864400,CN1CCN(CC1)c1ncncc1-c1nc(no1)-c1ccccc1,3,0.3333333333333333,1.6024830732337112,0.9986893730105091
31708035,Nc1ccc(cc1)CC(=O)Nc1ccccc1F,3,0.42857142857142855,1.9187605374302328,0.9980619956333309
270775,Fc1ccccc1C[C@@H]1C[C@@H]2NC(=O)CCCC[C@H]2N1C(=O)c1cccc2ncccc12 |r|,3,0.32432432432432434,3.3595261570645385,0.9994145764381428
3389897,O=C(Nc1nccs1)c1c2c(nc3ccccc13)CCC2,3,0.5517241379310345,0.8639456001387353,0.9996444757525622
321036,COc1ccc(c(c1C)C)CN1CCc2nc(nc(c2C1)O)-c1cccnc1,3,0.34285714285714286,2.557828571268918,0.9976795090462386
32394390,COc1ccc(cc1)CCN1C(=O)NN=C1C1CC1,3,0.3448275862068966,1.908911731851566,0.9976614694085582
49040700,Brc1nnc(s1)N1CCC(CC1)OC1CCCC1,3,0.2545454545454545,2.006463555612138,0.9976742698015921
36682965,CC(=O)NC1(CCCCC1)C(=O)N1CCCN(CC1)c1cccnn1,3,0.4098360655737705,1.8223523259787977,0.9991110045894723
177435260,Cc1cc(c(cn1)O)C(=O)N1CCN(CC1)C(=O)C1CCC1,3,0.44,1.5639120819279433,0.9991350784613382
48237764,Clc1cccc(c1)CNc1nc(no1)C1CC1,3,0.40350877192982454,0.9673174246333555,0.9987574696886203
49962786,CN(C)C(=O)c1ccnc(c1)NCc1cccc(c1)C#N,3,0.5172413793103449,1.3625123852648169,0.9990450178054866
49000996,CN(CCNC(=O)NC1CCOCC1)C1CCCC1,3,0.4444444444444444,2.6289425630849483,0.9970600417879527
27425362,Cc1cc(n(n1)-c1cccc(c1)NC(=O)c1ccc(c(c1)F)F)C,3,0.43103448275862066,1.598262181245296,0.9991041914198155
32135801,CC(C)C(=O)Nc1ccc2cnn(c2c1)C(C)C,3,0.375,0.6604453043214427,0.9996691992900333
165629,OCCN1CCC(CC1)c1ccncn1,3,0.36,1.62285797283681,0.9968472163374567
35785818,Fc1ccc(cc1)NC(=O)c1cc(nn1-c1ccccc1)C1CC1,3,0.4909090909090909,1.0076452748868125,0.9994807475482309
32636348,Cc1ccc(cc1)C1=NC2(CCN(CC2)Cc2ccc(cc2)F)NC1=O,3,0.42105263157894735,1.3774617962035827,0.9987809597118386
27419746,O=C(NCc1nncn1-c1ccccc1)C1CCCC1,3,0.5094339622641509,1.604918377986849,0.9980271585435683
43571967,CCc1nc(c(s1)Cn1ccnc1-c1cnc(nc1)N1CCCC1)C,3,0.3230769230769231,3.0525158476246377,0.9993339712743655
53882383,CNC(=O)N1CCC2=C(C1)C(=O)N1C=C(Cl)C=CC1=N2,3,0.603448275862069,1.6082129834073369,0.9991674628212457
222754562,CCCn1cnnc1CN(C)Cc1ccc(nc1)C(F)(F)F,3,0.4827586206896552,1.2702527307588807,0.9986222177520172
29569223,Cc1ccc(o1)-c1nc(cs1)C(=O)N1CCc2ccccc2C1,3,0.35526315789473684,1.223723007874088,0.9991953168065126
44503860,CCN(CC#N)C(=O)c1nn(c2c1CCCC2)-c1ccc(cc1)F,3,0.4126984126984127,1.4392334765422683,0.9992230568904369
MCULE-3550646247,O=C(CN1CCOCC1)NC1(CCCCCC1)C#N,3,0.40384615384615385,1.4165405041861556,0.9994107995995412
60180599,CC(C)(C)OC(=O)c1ccc(nc1)N1NC=C(C1=O)n1ccnn1,3,0.43283582089552236,2.039874015717961,0.9990234576897672
33324457,CC(C)(C)c1cc([nH]n1)NC(=O)c1cccc2cn[nH]c12,3,0.30303030303030304,3.732600300058964,0.9988142836115799
276241702,CC(C)Cc1ccccc1CNCc1ccc2[nH]cnc2c1,3,0.4807692307692308,3.5681441955168545,0.9902475834648244
342572,Cc1csc2c1C(=O)N1CCNCCC1=N2,3,0.3620689655172414,2.186125796929684,0.9987022273417488
408502,CN(Cc1ccccc1)c1nc(nc2c1CCN(Cc1ccccc1)C2)C,3,0.6530612244897959,2.2561159101432433,0.9989015522380763
36988038,CCc1ccc(c(c1)C(=O)CSc1nncs1)CC,3,0.5918367346938775,1.8502926795510737,0.9988459399786291
50897900,CCc1nc(c(nc1NC1CCOCC1)Nc1ccc(c(c1)OC)N1CCC(CC1)N1CCN(C)CC1)C(=O)N,3,0.3225806451612903,5.540737496037741,0.9959103657957079
23971521,Cc1cccc(n1)C(=O)NCC#Cc1ccccc1,3,0.5869565217391305,0.8737265018298487,0.9990508996474751
49968826,Cc1cccc(c1Cl)NC(=O)N1CCC(CC1)N1CC=CC1,3,0.5263157894736842,1.8679775159246046,0.9992724627254385
313833267,Cc1cn2nc(cc(c2n1)C)C1=CC(=O)N2C=C(C=CC2=N1)N1CCNC2(CC2)C1,3,0.35714285714285715,3.4154592663360286,0.9971340429525598
25831601,COc1ccc(cc1)N1N=C(C)/C(=C(\C)Nc2ccc(cc2)S(=O)(=O)N)C1=O,3,0.42424242424242425,2.435788168129499,0.9963144359124484
25831603,C/C(=C/1\C(=NN(C1=O)c1ccc(cc1)F)C)Nc1ccc(cc1)S(=O)(=O)N,3,0.29577464788732394,2.317451833372239,0.9963042037402557
32278090,COc1ccc2cc(ccc2c1)-c1[nH]c(nc1-c1ccncc1)-c1ccc(cc1)S(=O)C,3,0.4,1.2918831216483369,0.9988594049904503
104707925,CC(C)n1cc(c2c(ccnc12)NS(=O)(=O)c1ccn(n1)C)-c1ccc2c(c1)N(C)CC2,3,0.25842696629213485,4.905312426339788,0.9994096921365193
177508549,Clc1cnn(c1)CCCNC(=O)CCc1cn[nH]c1,3,0.5555555555555556,2.819441611383442,0.9978250772913194
46041909,Cc1cc2cc(ccc2o1)C(=O)N(Cc1ccc2c(c1)OCO2)C1CC1,3,0.3333333333333333,1.992469573167552,0.99903622163035
31878068,Cc1ccc(cn1)C(=O)NCCc1csc(n1)C,3,0.4528301886792453,1.226607516690093,0.999488154853184
16159378,O=C(CN1C(=O)c2cccn2-c2ccccc21)NCCCN1CCCC1,3,0.47540983606557374,3.1494064520159473,0.9983019512292833
36640365,NC(=O)CN1CCC(CC1)Nc1c(cnc2cc(cc(c12)F)F)C#N,3,0.32926829268292684,2.6259590628950598,0.9960259943701588
48791655,Cn1cc(cn1)CCNC(=O)N1CCCc2c(cccc21)F,3,0.4696969696969697,2.044606074528849,0.9988792087871113
44436449,CCn1ccc2cc(ccc12)C(=O)N1CCN(C(=O)C1)c1ccc(cc1)C,3,0.47692307692307695,2.4338165501943587,0.9985856639675356
32176408,CC(=O)C1=C(C)c2cnc(nc2N(C2CCCC2)C1=O)Nc1ccc(cn1)N1CCNCC1,3,0.3402061855670103,2.7156630866142204,0.9991630833722854
49993241,CN(C1CCCCC1)c1ncnc2n(ncc12)CCO,3,0.5370370370370371,1.528172110726103,0.9990989649033919
53808517,CCCS(=O)(=O)NC1CCN(CC1)Cc1ccc(c(c1)OC)C,3,0.5081967213114754,2.417641412616885,0.9978234209866015
44492208,CN(CC(=O)NC1CC1)C(=O)C1C2CC3CC(C2)CC1C3,3,0.3958333333333333,1.2561683804325756,0.9991214520066674
49951746,Cc1cccc(n1)NCCc1cc(cc2c1OCOC2)F,3,0.4393939393939394,1.525996068146669,0.9985936268138212
36706256,Cc1ccc(cn1)OCc1noc(n1)-c1ccsc1,3,0.2982456140350877,1.4613185826504929,0.9998027643082541
31254852,CCC(=O)N(C)c1ccccc1C(=O)O,3,0.3617021276595745,2.4003974670874535,0.9964225000535474
36568125,CCCN1CCn2nc(cc2C1)-c1nc2cc(ccc2[nH]1)OC,3,0.26865671641791045,2.9606543195717956,0.9963600768351861
306432,Cc1nc2ncc3c(n2n1)CCCC3=O,3,0.6190476190476191,3.4208102841286383,0.9763189923099874
43366900,Cc1nc(c(c2ccc(cc12)Oc1ccccc1)O)C(=O)NCC(=O)O,3,0.3103448275862069,2.4369663518398452,0.9986285274321302
233395,Cn1ccc(n1)CN1CCC(CC1)c1cnccn1,3,0.5490196078431373,2.74167375885567,0.9988248666698019
48753166,CCc1nccn1Cc1nc(nc(n1)N(C)C)N,3,0.32,1.62712076994938,0.999100906277457
48306804,Cc1ccc(c(n1)CN1CCC(CC1)c1nc2ccccc2o1)O,3,0.4225352112676056,1.9653221110035106,0.9984476468601724
49985873,COc1ncccc1CNc1ncnc2n(ncc12)C,3,0.4098360655737705,2.3583593873707387,0.9987285437275076
46613610,CCc1cnc(nc1)NCc1ccc(cc1)CN1CCCC1,3,0.40476190476190477,2.597277613194315,0.9965587804626991
202901,Cc1nc(c2c(cc(nc2n1)C1CCN(CC1)C(=O)Cc1ccc(cc1)F)C(F)(F)F)N,3,0.37662337662337664,2.173803348971223,0.9971910452195617
313515615,Fc1cc(c(nc1Cl)Cl)C1=CC(=O)n2nc(c(c2N1)-c1ccccc1)C(F)(F)F,3,0.225,2.5337758385461506,0.9998001160921702
48755664,COc1ccc2nc(nc(c2c1)NCc1ncc(o1)C)C,3,0.4,1.892387909494282,0.9995024062545514
31863944,CC(C)CN1C(=O)NC(=O)c2c1nc1n2CCCCC1,3,0.47058823529411764,1.815454488551014,0.999478198971302
LN00130941,COC([C@H](Oc1nc(cc(n1)C)C)C(=O)O)(c1ccccc1)c1ccccc1 |r|,3,0.2647058823529412,3.6133815187438594,0.9951637893123638
1533629,COc1ccc(c(c1)Oc1nc2c(n1C)C(=O)N(C)C(=O)N2C)C(=O)c1ccccc1,3,0.43859649122807015,2.1402133071258915,0.998630484312276
MCULE-3611790330,CCOc1cc(ccc1C(=O)O)CC(=O)N[C@@H](CC(C)C)c1ccccc1N1CCCCC1 |r|,3,0.33783783783783783,3.886994340104055,0.9971263943374237
43725006,CCCNC(=O)CSc1nc2cc(ccc2[nH]1)C,3,0.32857142857142857,1.446104422231941,0.9989597285112652
177370206,Cc1cc(n2nc(c(c2n1)C(=O)NCCc1nnc(s1)C)C)C,3,0.3333333333333333,1.7892576673024512,0.9992053315824527
48312888,CN(CCc1cnccn1)C(=O)c1cccc(c1)C,3,0.34782608695652173,1.578762806757429,0.9986154871273388
36627798,O=C(Cc1cn2ccccc2n1)N1CCC(CC1)N1C(=O)Nc2ccccc21,3,0.4225352112676056,4.134884037068385,0.9988478900179496
45753290,Cc1nnc(o1)-c1ccccc1NCc1ccsc1,3,0.36363636363636365,1.9549946291486018,0.9993236713470877
EN300-53017,C[C@@]12C=CC(=O)C=C2CC[C@H]2[C@@H]3CC[C@](O)(C(=O)CO)[C@@]3(C)C[C@H](O)[C@@H]21 |r|,3,0.3142857142857143,3.953936393013983,0.9986154649718226
14858512,Fc1ccc(cc1)CCNc1ncccc1C#N,3,0.5531914893617021,1.1954865118437088,0.997360920932876
42961472,Cc1ccc(cc1F)-c1noc(n1)CCC(=O)N1CCCC1(C)C,3,0.34328358208955223,1.9609117777196945,0.9986339359104093
43389174,CS(=O)(=O)CCNc1ccc2ccc(cc2n1)F,3,0.5,1.3202249808272646,0.9975430297620441
177425249,Clc1cnc(nc1)NCC1(CC1)CN1CCCC1,3,0.4222222222222222,1.6787569806260085,0.997773574786117
5536034,Cc1ccccc1CSc1ccc(nn1)-c1ccccn1,3,0.2698412698412698,1.539145217320683,0.9993504752774797
44551318,CON(C)C(=O)c1cc(ccc1NS(=O)(=O)C)C,3,0.58,1.7011869385813871,0.997116510070422
324054153,CC1(C)Cc2cc(c(nc2O1)N1CCN(CC1)CC(F)F)NC(=O)c1cnn2cccnc12,3,0.39285714285714285,3.153983354426273,0.9991835907593508
68882212,COc1ccc(cc1-c1cccc(c1)C(=O)NCCN1CCCC1=O)Cl,3,0.4782608695652174,1.7918627179559472,0.998098626436912
36322410,Cc1ccsc1C(=O)NCc1ccc2c(c1)OCCCO2,3,0.40350877192982454,1.1682174455122676,0.999064332419501
35741477,O=C(NCc1ccc2c(c1)OCCO2)c1sccc1C1CC1,3,0.38095238095238093,1.5391452173210152,0.999502207032872
49038326,OCC1CCN(CC1)C(=O)Nc1ccc(cc1)COC1CCCC1,3,0.3620689655172414,2.434817241601362,0.9973156557824235
49130722,CCN1CCCN(CC1)C(=O)Nc1ccc(cc1)COC1CCCC1,3,0.40298507462686567,2.377536750504612,0.9983327564910425
49916996,Cc1cc(ncc1Br)N(CCO)CCCO,3,0.23214285714285715,1.9921726832784041,0.997290801041794
36516782,FC(F)(F)c1ccc(cc1)Nc1nc2cc(ccc2[nH]1)Oc1ccnc(c1)-c1ncc([nH]1)C(F)(F)F,4,0.24210526315789474,4.009426268183493,0.9969894323763623
31965105,Cc1csc(n1)NC(=O)CCc1ccncc1,4,0.5,1.2708662400112463,0.9991430958287105
36659962,COC(=O)N1CCCN(CC1)C(=O)C(=O)Nc1cccc(c1)C(C)C,4,0.36065573770491804,1.2969676171746982,0.9989063310768538
82702429,COc1ccc(cc1)-c1ccc(cn1)Cn1nc(cc1C)C,4,0.3220338983050847,1.801254007629249,0.9977744177481407
177470998,COc1cc(cc(c1OC)OC)-c1ccc(cn1)Cn1nc(cc1C)C,4,0.3230769230769231,2.116459307428395,0.9971445840878841
300456235,COc1cc(c(cc1Cl)Cl)Nc1c(cnc2cc(c(cc12)OC)OCCCN1CCN(C)CC1)C#N,4,0.5522388059701493,2.9892539202949218,0.9963289616179033
1557197,Cc1cccc(c1)-n1c(nnc1CNc1ccc(cc1)F)S,4,0.38095238095238093,1.7499222839885873,0.9981406958579111
315276693,COc1cc(ccc1N1CCN(C)CC1)Nc1cc(ccn1)-c1cccc(c1)C#N,4,0.38333333333333336,2.315538166388181,0.9983186131912195
13419387,Cc1sc2nc(nc(c2c1C)N)CN1CCCC1,4,0.45614035087719296,1.9659020830135623,0.9991328770295967
222755004,COC(C)(C)CCNC(=O)CC1CC(C)(C)NC(C)(C)C1,4,0.49056603773584906,2.453636077334595,0.9976347047413532
32234428,CS(=O)c1ccc(cc1)-c1coc2ccc(cc12)-c1nnc(o1)C,4,0.3050847457627119,1.9200122395441845,0.9983367300790585
44527032,Fc1cc2c(cc1F)N(CCC2)C(=O)CCc1nnc(o1)-c1ccsc1,4,0.34210526315789475,1.5299568621369029,0.9982220458526222
17943398,CCN(CC)C(=O)N1CCC(CC1)C(=O)O,4,0.5806451612903226,3.2797002911852275,0.9963854215917315
300518355,Cc1nc(c2cnn(c2n1)C)N1CCNCC1,4,0.574468085106383,3.8790806900606927,0.9945242778757394
35720088,CC(=O)N1CCN(CCNC(=O)N2CCc3sccc3C2)CC1,4,0.5964912280701754,1.702263493116987,0.9984753831415432
48337566,CN1CCCN(CC1)c1nc(nc2cc3c(cc12)OCO3)C(F)(F)F,4,0.2835820895522388,1.2259318904405017,0.9993178991662133
2460976,Cc1nc(c(s1)C(=O)Nc1ccc(c(c1)Cl)Cl)-c1ccccc1,4,0.45,0.9784595035051757,0.999158635411424
48974948,Cc1nc(c(s1)C(=O)Nc1ccc(cc1)Cl)-c1ccccc1,4,0.4909090909090909,1.2411752495114907,0.9993946841195605
5466232,Cc1nc(c(s1)C(=O)Nc1ccccc1)-c1ccccc1,4,0.5714285714285714,1.1947865918227416,0.9992220364852886
2461065,Nc1nc(c(s1)C(=O)Nc1ccc(c(c1)Cl)Cl)-c1ccccc1,4,0.4406779661016949,2.168421315150721,0.998707291564742
3110901,Cc1nc(c(s1)C(=O)Nc1ccc(c(c1)C(F)(F)F)Cl)-c1ccccc1,4,0.4090909090909091,1.1962023240237571,0.999410530978132
31929992,CN(C(=O)CNc1cccc(c1)-c1ccnc(n1)C)c1ccccc1,4,0.5737704918032787,1.5606332048242189,0.9990777879785038
104336645,C[C@H]1CN(CCN1c1ccc(nc1)NC1=CC(=CN(C)C1=O)c1ccnc(c1CO)N1CCn2c3c(cc2C1=O)CC(C)(C)C3)C1COC1 |r|,4,0.21296296296296297,12.848124765894914,0.9978958786479044
31873876,Fc1ccccc1CN1CCN(CC1)S(=O)(=O)N1CCOCC1,4,0.5111111111111111,1.8688335934480689,0.9966384645441035
6670067,NC(=O)c1ccc(c(c1)NC(=O)c1ncoc1-c1ccc2ccccc2c1)N1CCCCC1,4,0.3466666666666667,2.471595638449001,0.9979445765262142
11868858,CC(=O)Nc1nc(cs1)-c1c(cc(cc1C)C)C,4,0.58,1.6833986455972874,0.9991119592777621
LN01342817,C[C@H]1CC[C@@H](CC1)n1c2cnccc2c2cnc(nc12)Nc1ccc2c(n1)CCN(C2)C(=O)CO |r|,4,0.3402061855670103,2.8485482267287616,0.9991630833722854
36640884,CCOC(=O)c1ccc(nc1)N1CCSCC1,4,0.4583333333333333,1.6808604939137375,0.9984115786984812
49307701,Clc1cc2ncc(nc2cc1Cl)-n1ccnc1,4,0.3275862068965517,1.94330903358148,0.9986407460264476
49646610,CCN(C/C=C/c1ccc(cc1)F)Cc1nc(no1)COC,4,0.2835820895522388,1.5626487129232267,0.9980731450574875
171948773,Cc1ccc(cc1)OCC1(O)CCN(CC1)CC1(O)CCN(CC1)c1ccccc1C,4,0.3472222222222222,4.52304720293754,0.9981945279132027
45665715,CC(=O)N1CCC(CCNc2ccc3ccc(cc3n2)F)CC1,4,0.5,2.1808968338735424,0.9982906090043421
222774264,CN(Cc1nncn1C)C1CCN(CC1)c1ccccc1F,4,0.3114754098360656,1.780891630616678,0.9991682547760005
222773330,CCn1cnnc1CN(C)C1CCN(CC1)c1ccccc1F,4,0.34328358208955223,1.2582531541782291,0.9987210789032661
177455527,CN(C)c1cncc(n1)-c1ccc(cc1)C(=O)NC(C)(C)C,4,0.5106382978723404,1.9565699578603664,0.9987075806420428
11880948,CCN1CCN(CC1)c1ccc(cc1)Nc1ncnc2sccc12,4,0.4,2.5709204577352494,0.99730455894223
326092,Fc1cccc(c1)CCNCc1cc(cn2nnnc12)-c1ccccc1,4,0.4461538461538462,1.525709015507272,0.9982233336808375
17400188,COc1cc(c2c(c1)S(=O)(=O)N(COC1=CC(=O)N3C=CC=C(OCCN4CCCCC4)C3=N1)C2=O)C(C)C,4,0.325,4.492379213735328,0.99854358601554
24880306,CC(C)(C)c1ccc(cc1)C(O)CN1CCC(O)(CC1)c1ccc2c(c1)OCO2,4,0.2876712328767123,5.944384577060939,0.9838674255783495
36310332,CN(CC(=O)Nc1cc(ccn1)C)C(=O)c1ccc(cc1)Cl,4,0.49056603773584906,1.6702221409142173,0.9974290742542883
3615737,C1COC(C1)CNc1nc(cs1)C12CC3CC(CC(C3)C2)C1,4,0.26865671641791045,2.443424850491668,0.9988187766649698
44114971,CSc1ccc(c(c1)C(=O)NCCN1CCC(C)CC1)C,4,0.5283018867924528,2.475261198338135,0.9973100280260504
152135,Clc1cccc(c1)-c1cccc(n1)C1CCCN(C1)S(=O)(=O)c1cn[nH]c1,4,0.5147058823529411,1.8991848251289558,0.9972881376575524
49956374,CCc1cc(n(n1)C)NS(=O)(=O)C,4,0.30434782608695654,1.6581519833837681,0.9997500227986602
45639971,O=C(COCC1CC1)N1CCCc2ncccc21,4,0.4918032786885246,1.1987022148974573,0.9988691347667578
Z1611059418,CC(C)c1nnc(o1)NCc1ccn(c1)C,4,0.5681818181818182,2.5161383109838815,0.9987941392064675
32018130,CSCc1csc(n1)NC(=O)C,4,0.3404255319148936,1.4242520844291642,0.9996191480356064
36922856,Fc1ccc2c(c1)N(CCC2)CC(=O)N1CCNC1=O,4,0.6,1.9061691950086146,0.9968424228128514
44014989,CN(C)C(=O)CN(C)CC(=O)Nc1cc(ccc1Oc1ccc(cc1)C)Cl,4,0.3466666666666667,1.4058648583701416,0.9992248965140678
48286431,Cc1nc(n(n1)CC(C)(C)O)-c1ccc(c(c1)Cl)Cl,4,0.36363636363636365,1.7390934419979718,0.9981177638068608
49067788,CCN(CC)CC(=O)Nc1ccc(cc1)Oc1ccc(nn1)C,4,0.45652173913043476,2.08479687259921,0.9971256216600475
44566730,CCc1nnnn1Cc1noc2c1CCCC2,4,0.46296296296296297,1.1679511976105288,0.9995450085927934
170720716,CC(C)(C)NC(=O)NCCN1N=C2CCCCC2=CC1=O,4,0.5714285714285714,1.9814217118022135,0.999173007218327
73044938,NC(=O)CN1CCC(CC1)COc1ccccc1C(F)(F)F,4,0.42105263157894735,2.7490385592058573,0.9944224328747551
50131633,CCCC(=O)NCC(=O)Nc1cnc(nc1)N1CCN(C)CC1,4,0.3728813559322034,1.7921459203983716,0.9979818700052222
44398457,CCCC(=O)Nc1cnc(nc1)N1CCN(C)CC1,4,0.4339622641509434,1.0810707654915461,0.9986928490519844
30455849,COc1cccc(c1)OCCCn1cncc1-c1cc2c(cc1C)N(C)C(=O)N2C,4,0.2972972972972973,2.6017348058555414,0.9990906208158796
49951746,Cc1cccc(n1)NCCc1cc(cc2c1OCOC2)F,4,0.4393939393939394,1.525996068146669,0.9985936268138212
48758418,CC#CCNc1ccc(c(c1)C)-n1cnnn1,4,0.3548387096774194,1.554826035284886,0.9989875090746487
48670752,CN(C)c1ccc2c(c1)Sc1cc(ccc1N2)N(C)C,4,0.2777777777777778,1.1494159386402536,0.9991381809629841
232847546,CCCc1cc(no1)C(=O)Nc1ccc(cc1)-c1nnc([nH]1)C,4,0.46774193548387094,1.673774477042043,0.9992827992759006
177431642,O=C(NCC1(CCCC1)N1CCCCC1)c1cnn[nH]1,4,0.27941176470588236,1.528172110726103,0.9989280917536393
29703212,OC(=O)c1ccc(cc1C1CCCC1)-c1c[nH]c2ncc(cc12)-c1ccccc1,4,0.3287671232876712,2.8880439747344875,0.9962004519990625
1296389,CC(=O)Nc1ccc2nc(cc(c2c1)O)C,4,0.3888888888888889,1.1054795339579981,0.9989257668804965
EN300-1590205,CC(C)(C)N1N=CC(=C(Cl)C1=O)OCc1ccc(nc1)OCCOCCO,4,0.2898550724637681,1.5283900025844057,0.9989422067936115
49825510,Nc1ccnc2ccc(cc12)Oc1ccccc1,4,0.2653061224489796,1.482844563668142,0.9988266573753658
830565,Nc1nc2ccccc2nc1N1CCCC1,4,0.3090909090909091,0.9433366313254208,0.9994479665406673
32029938,COC(=O)Nc1ccc(cc1)Oc1nc2ccccc2o1,4,0.3181818181818182,1.3670793685810778,0.9987133431279227
53808517,CCCS(=O)(=O)NC1CCN(CC1)Cc1ccc(c(c1)OC)C,4,0.5081967213114754,1.9432164058592158,0.998521932842092
2972727,Cc1nn(c(c1Oc1ccccc1O)C)CCC#N,4,0.25,1.3505943136265293,0.9985740488273275
89942016,Nc1ncc(c2ccc(nc12)-c1cccc(c1)F)C(=O)NC1CN(C1)C(=O)C1CC1,4,0.3188405797101449,2.6647491439153215,0.9991021183724149
18813553,Fc1ccc(c(c1)Cl)C(=O)NCc1ccccn1,4,0.5454545454545454,0.6289006280807679,0.9995117809135997
152833,CN1CCC(CC1)Cn1cc(cn1)NC(=O)C,4,0.3898305084745763,1.83132438415512,0.999075696444424
36366966,CCn1c(nc2cnc(cc12)Oc1cccc(c1)NC(=O)c1ccc(cc1)OCCN1CCOCC1)-c1nonc1N,4,0.3829787234042553,3.999644984245435,0.9918459739529188
209461,NC(=O)CC1CCN(CC1)c1ncccn1,4,0.5121951219512195,1.6591199474418283,0.9971848011426144
149593,CNC(=O)CC1CCN(CC1)c1ncccn1,4,0.4772727272727273,1.4727182351013415,0.9978823623710924
152649,CCCC(=O)N1CCC(CC1)c1cccc(n1)C,4,0.4745762711864407,1.5732224890332602,0.9985802399978991
177453659,C1CN(CCC2(C1)CCNCC2)c1cnc2ccccc2n1,4,0.46153846153846156,2.094890450596314,0.9976998569441188
46603974,Cc1nc(c2c(noc2n1)C)NC1(CC1)c1cccc(c1)Cl,4,0.29411764705882354,1.348794276381906,0.9989617408004281
35682807,CN(Cc1ccsc1)C(=O)c1cc(on1)C,4,0.6444444444444445,2.2294795356766204,0.9985077231129085
49937270,CC(C)c1nnc(n1C)CNC(=O)C1(C)CCC1,4,0.42,1.0402932278932706,0.999229143600959
48250662,Clc1cnccc1N1CCC(CC1)C(=O)NC1CCCCC1,4,0.5818181818181818,2.307505796309022,0.9981658705026151
53800443,CCc1[nH]nc(c1C)NC1CCC(CC1)C(=O)OC,4,0.5510204081632653,1.537980819126225,0.9992401683185349
30708810,Cc1oc(c(c1C)C(=O)Nc1ccn(n1)C)C,4,0.39215686274509803,1.3414193975048831,0.9995789452476004
31507466,Cc1cc(no1)-c1nncc2c(c(nn12)OCc1ncnn1C)C(C)(C)C,4,0.4025974025974026,2.270353276473949,0.9994056067178188
25002833,CNC(=O)C1CCN(CC1)Cc1ncc(o1)-c1ccc(cc1)F,4,0.4426229508196721,1.3843474997269467,0.99879428705468
17107056,Clc1ccc(cc1)COc1ccc2c(c1)C(=O)N1CCCCCC1=N2,4,0.40625,1.733431856174096,0.9992137402291789
313517655,CC(C)CC1=NN(C)C(=O)c2c(n(cc21)Cc1cccc2ccccc12)SCCCO,4,0.28205128205128205,2.684395648930881,0.998675282420728
299989682,CN1[C@@H]2CC[C@H]1C[C@@H](C2)OC(c1ccccc1)c1ccccc1 |r|,4,0.2653061224489796,1.4452892444073646,0.9989197860847917
300042043,Clc1ccccc1CNCc1ccc2c(c1)OCCO2,4,0.46938775510204084,2.1293891142766825,0.9971736334434552
3140960,Clc1ccc(cc1Cl)C(=O)NN1CCOCC1,4,0.4716981132075472,1.8552220891310844,0.9986369331246308
177388619,CCc1nc(cc(n1)N1CCCC2(CCNCC2)CC1)C,4,0.31666666666666665,3.2934527474978252,0.9971840127540876
30026463,Cc1ccc(cc1C)NC(=O)CN1CCCC(C1)c1nc2ccccc2o1,4,0.44871794871794873,2.4680314017450335,0.9984357640060384
30026465,FC(F)(F)Oc1ccc(cc1)NC(=O)CN1CCCC(C1)c1nc2ccccc2o1,4,0.4146341463414634,1.6206730083517384,0.9989624916918097
24022867,NC(=O)c1ccccc1NC(=O)CN1CCCC(C1)c1nc2ccccc2o1,4,0.375,2.7774144451269946,0.9988132543418965
104348771,C1Cc2nnc(n2C1)CN1CCc2ccccc2C1,4,0.39655172413793105,1.3721351974205855,0.9986369758946237
89942329,Cc1c(c(nn1Cc1ccc(cc1)C#N)C(F)(F)F)NC(=O)c1cc(nc2cc(ccc12)F)C(=O)N,4,0.43037974683544306,3.047587898650093,0.998595761115767
300445634,CN(C)CCOc1cc(ccc1NC(=O)C1COc2ccccc2O1)-c1cn[nH]c1,4,0.27058823529411763,1.9416428610841723,0.9983066809390249
48306804,Cc1ccc(c(n1)CN1CCC(CC1)c1nc2ccccc2o1)O,4,0.3492063492063492,1.5332266629562001,0.9984476468601724
141603,CC(C)CC(=O)N1CCC(CC1)(Cc1cccc(c1)-c1cncnc1)C(=O)NC(C)C,4,0.4605263157894737,2.219775664341245,0.9995123971172452
MCULE-2124560621,CCOc1cccc(c1)CNCCc1c[nH]c2ccccc12,4,0.6470588235294118,1.1627729787025416,0.9991789852819251
42957976,Cc1cc(no1)CNc1ncc(cc1Cl)C(F)(F)F,4,0.36065573770491804,2.2863658937274325,0.9988086250302376
33339330,Cc1ccc2nc(c(cc2c1)C(=O)NOCc1ccccc1)C,4,0.3939393939393939,1.3302774146772272,0.9987415313300152
29689751,O=C(NCc1cccnc1)c1sccc1-c1ccccc1,4,0.4909090909090909,1.3053857667369937,0.9996103246032383
171789858,CC(=O)N1CCN(CC1)[C@H]1CCN(CC[C@@H]1O)C(=O)c1cc2cc(ccc2o1)C |r|,4,0.3,3.6909756162837826,0.9984017915544149
171789496,Cc1ccc2oc(cc2c1)C(=O)N1CC[C@H](O)[C@H](CC1)N1CCOCC1 |r|,4,0.3108108108108108,1.6216383690579226,0.9996562875226384
171789564,CC(=O)N1CCN(CC1)[C@H]1CCN(CC[C@@H]1O)C(=O)c1cc2cc(ccc2o1)Cl |r|,4,0.2835820895522388,2.0512939818568854,0.9996284490281157
35732653,CC1=CNC(=O)N1c1ccc(cc1)C(=O)Nc1ccc2ccccc2n1,4,0.5517241379310345,1.2881696316865148,0.9994408027298919
184567,CNC(=O)c1sc2ncccc2c1[C@H]1CC[C@@H](CC1)CNC(=O)CCc1ccccc1 |r|,4,0.3068181818181818,2.9197794437252433,0.9978617273822601
184569,CNC(=O)c1sc2ncccc2c1[C@H]1CC[C@@H](CC1)CNC(=O)COc1ccccc1 |r|,4,0.32222222222222224,3.15718482195781,0.9990966726742847
177167,CN1CCC(CC1)c1nc2cc(ccc2[nH]1)C,4,0.3770491803278688,2.5469740870296596,0.9984004931556664
228285,CCn1nccc1-c1cc(ncn1)CC1CCNCC1,4,0.3728813559322034,1.6582554085540882,0.998826598325893
49310649,C1Cc2c(ncn2CCc2ccccc2)CN1c1ncccn1,4,0.37037037037037035,2.0419439267520265,0.9979769054900428
53927369,Cc1cn(c2ccccc12)CCN1CCN(CC1)c1ccccc1-c1cc(cc(c1)C(=O)NCCCN1CCCC1)C#N,4,0.43209876543209874,4.637414473604661,0.9959001914874089
48840184,CN(C)C(=O)c1ccnc(c1)NCc1cc(c(s1)Br)C,4,0.5818181818181818,2.606857303344567,0.998137994914577
48671463,COc1ccc(c(c1)OCc1ccccc1)N,4,0.40425531914893614,1.3059643946141783,0.9988672564284061
49968164,CCc1cc(nc(n1)C)N(C)Cc1ccc(nc1)N,4,0.6444444444444445,2.639256524099213,0.995643953249367
31997330,CC1CCN(CC1)Cc1ccc(cc1)NC(=O)c1ccccn1,4,0.4426229508196721,2.6794185936503783,0.9956304336457338
36284654,Cc1c(cnn1C)C(=O)NC1CCN(CC1)CC1CCCCC1,4,0.453125,2.093307191981175,0.9977749628270007
48631332,C1CN(Cc2nnc(o2)C2CC2)CC(C1)(c1ccccc1)c1ccccc1,4,0.32786885245901637,1.5107124147234365,0.9992513715521057
31966128,Cc1nc(cs1)CN1N=Cc2ccccc2C1=O,4,0.43103448275862066,1.1258339131506192,0.9991091937590098
42901988,CC(C)c1noc2nc(cc(c12)C(=O)N1CCN(C)C(=O)C1)C1CC1,4,0.28888888888888886,2.3278537325180424,0.999112157721773
73052466,CCOC(=O)CCN1CCC=C(Br)C1,4,0.2777777777777778,2.2349093941366207,0.996960832131469
316762184,COc1cc2c(cc1OC)-c1[nH]nc(c1C2=O)NCc1c(cccc1Cl)Cl,4,0.328125,2.9163506304971856,0.9991615040851375
222763049,CC(C)N(C)S(=O)(=O)NCCCc1nc2cc(ccc2[nH]1)Cl,4,0.35714285714285715,2.5875154105816933,0.9977557821780679
1360373,CCOC(=O)Nc1ccc2c(c1)N(C(=O)CN(CC)CC)c1ccccc1CC2,4,0.5636363636363636,1.9785461834388989,0.9986444020534087
1464553,Cc1ccc(cc1)NC(=O)Cc1c[nH]c2ccccc12,4,0.38596491228070173,1.28927188753947,0.9990765194471873
30173146,Cc1c(n(c2ccc(cc12)O)Cc1ccc(cc1)OCCN1CCCCCC1)-c1ccc(cc1)O,4,0.3968253968253968,4.710130146821996,0.9975072441081286
89942308,COc1cc(ccc1-c1ncnc(n1)Nc1cccc(c1)C[S@@](=N)(=O)C)F |r|,4,0.3333333333333333,2.0048673272810884,0.9976001696575246
31399424,Cc1cc(c(c(n1)C)NC(=O)c1cc(ccc1F)Cl)C,4,0.3709677419354839,1.2991485673314833,0.999585210982837
299988347,CN(C)C(=O)C(CCN1CCC(O)(CC1)c1ccc(cc1)Cl)(c1ccccc1)c1ccccc1,4,0.30985915492957744,3.496357819217149,0.9990616236872292
43366944,CC(C)c1cc(c(cc1O)O)C(=O)N1Cc2ccc(cc2C1)CN1CCN(C)CC1,4,0.28125,2.701444428449226,0.9979634073315942
24889188,Cc1ccc2c(c1)C(=O)CC1(CCN(CC1)C(=O)c1ccc3nc(cc(c3c1)O)C)O2,4,0.3698630136986301,1.9087509004582601,0.9984268268290409
48762012,Cc1cc(n(n1)C)C(=O)Nc1nnc2n1CCCC2,4,0.5185185185185185,1.7784774387096887,0.9997975164712395
177425312,CN(CC1(CO)CCCC1)C(=O)CCN1CCCCC1=O,4,0.4528301886792453,2.1447083717838917,0.9987623524431816
177472658,CN(CC1(CO)CCC1)C(=O)CCN1CCCCC1=O,4,0.42592592592592593,1.6084899751010324,0.9987382119485999
49297123,Cc1cc(c(c(n1)C)NC(=O)c1ccnc(c1)OC1CCC1)C,4,0.3384615384615385,1.9864750187201,0.9983476610148746
37817860,CC(C)(C)n1cc(cn1)CNc1cccnc1,4,0.36,1.3389970126928363,0.9990200899295714
165629,OCCN1CCC(CC1)c1ccncn1,4,0.37735849056603776,1.8206009996699493,0.9967348106975794
11883158,COC(=O)c1c([nH]c(c1C)C(=O)OCC(=O)N(C)Cc1cccs1)C,4,0.44776119402985076,2.9881174675710844,0.9995531088184224
49350315,Fc1ccc(cc1)CNc1nnc(o1)-c1ccc2c(c1)OCO2,4,0.4117647058823529,1.812307369074327,0.9984645792503162
49156244,CCCCn1nc(nc1CNC)-c1ccc(o1)C,4,0.4032258064516129,1.3059207479784762,0.9991195357799615
73016554,Cc1cc(cc(n1)N1CCc2c(ncn2CCc2ccccc2)C1)C#N,4,0.391304347826087,1.661614275335836,0.9981623666248318
11005871,CCOc1ccc(cc1)S(=O)(=O)N(CC)CC(=O)Nc1ccc2c(c1)OCO2,4,0.3918918918918919,1.2496943626344097,0.9989075918148266
49946784,Cc1ccc(nc1)CNc1ncnn1C,4,0.4888888888888889,2.517415937027455,0.9990800541955724
23808246,Cn1nc(c2[nH]c(nc12)-c1cccc(c1)CN1CCOCC1)C1CC1,4,0.32432432432432434,2.1796231325619373,0.9988568620548978
36987134,CC1CCC(CC1)NC(=O)c1oc2ccccc2c1CS(=O)C,4,0.4067796610169492,1.7269559924906484,0.9988785947296049
181767,CNCc1cc(nc(n1)C1CCCN1C(=O)C1CN(C1)Cc1ccc(cc1)Cl)N(C)C,4,0.7142857142857143,2.427213216839605,0.9977579875365614
35715808,CC(C)NC(=O)c1cc(n(n1)-c1ccccn1)-c1ccccc1,4,0.4107142857142857,1.4587741429018672,0.9991800037475872
50282202,CCS(=O)(=O)N1CCN(CC1)c1ccc(cc1)Nc1ncc(c(n1)NC1CC1)C(=O)N,4,0.32608695652173914,4.462457058617235,0.9915496625197678
30697446,CC(C)(C)C(=O)N1CCC(CC1)NS(=O)(=O)C,4,0.44,1.9582527926699584,0.9976854954525138
30658737,CN(Cc1cccc(c1)C#N)c1cnc2ccccc2n1,4,0.4716981132075472,1.3096144470796864,0.99677511834136
49945424,CCc1cnccc1C(=O)Nc1cnccn1,4,0.39215686274509803,1.393953729505105,0.9993010711253008
24879320,OC1(CCN(CCNC(=O)c2cccc(c2)F)CC1)c1cccc(c1)F,4,0.3787878787878788,1.9436841307166064,0.9976265311233473
6809286,O=C(NCc1ccccc1)c1ccc(cc1)NS(=O)(=O)c1ccc(cc1)C1CCCCC1,4,0.3698630136986301,2.436060959828223,0.9981707054217832
49972816,CN(CC(=O)Nc1cccc(n1)C)c1ncccc1F,4,0.4098360655737705,2.5005877309146047,0.9973074867196101
44392699,Cc1[nH]nc2c1C1(CCCCC1)CC(=O)N2,4,0.25,2.1291646249174425,0.9981437152079758
Z1411035575,Cc1ccc(c(c1)N(Cc1nccn1C(F)F)C#N)F,4,0.27941176470588236,1.8664324257793865,0.9986738195619869
44508995,CN(C)S(=O)(=O)CCCN1CCc2ccccc2CC1,4,0.4489795918367347,2.313710872170563,0.9988081036764905
35731142,CCOC1CCN(CC1)C(=O)CN1C(=O)Nc2ccccc21,4,0.5862068965517241,1.8081755998791722,0.9990572685945076
49176076,Nc1cncc(c1)-c1ccc(cc1)CN1CCCCC1,4,0.5526315789473685,2.6788251156056795,0.9970022821417915
36673851,CCNC(=O)N1CCC(CC1)c1nc(no1)-c1ccccc1,4,0.45098039215686275,0.8296595687388522,0.9994201232882555
53839672,CN(C)c1nccc(n1)N1CCN(CCCCCF)CC1,4,0.375,3.118861811622954,0.9920385002004759
43141052,N#Cc1ccccc1-c1ccc(o1)-c1nccn1-c1cccnc1,4,0.2857142857142857,1.8949517144248145,0.9981389699836951
784983,OC(=O)c1cc(ccc1O)/N=N/c1ccc(cc1)S(=O)(=O)Nc1ccccn1,4,0.273972602739726,2.367538172870832,0.9992810531678146
93428812,CCS(=O)(=O)Nc1ccc(c(c1)C1=CN(C)C(=O)c2[nH]ccc21)Oc1ccc(cc1F)F,4,0.26582278481012656,2.7843699466847256,0.9992346505577365
35743833,CNC(=O)c1ccc(cc1)CN(C)c1c(cc(cc1F)C#N)F,4,0.375,1.7563766680299515,0.9941841901471878
271693,Cn1cncc1-c1ncccc1C(=O)N1CCCC1,4,0.3442622950819672,1.4681113717973435,0.9989300770758011
32176418,CCCS(=O)(=O)Nc1ccc(c(c1F)C(=O)c1c[nH]c2ncc(cc12)-c1ccc(cc1)Cl)F,4,0.27710843373493976,2.7162260583386133,0.9987944678551773
42885549,CC1(CCOCC1)c1nnc(o1)-c1cc(n[nH]1)-c1ccccc1,4,0.2807017543859649,1.147924213526403,0.999313531485548
210343,Cc1nc(cc(n1)C1CN(C1)c1ncccn1)Nc1nccs1,4,0.358974358974359,1.201715856598671,0.9993725122036884
35785818,Fc1ccc(cc1)NC(=O)c1cc(nn1-c1ccccc1)C1CC1,4,0.4909090909090909,1.0076452748868125,0.9994807475482309
18877730,OC(=O)c1cc(cc(c1NC(=O)CSc1nccn1C1CC1)Cl)Cl,4,0.28378378378378377,2.1804118876950547,0.9988795498687786
48312888,CN(CCc1cnccn1)C(=O)c1cccc(c1)C,4,0.34782608695652173,1.578762806757429,0.9986154871273388
232877422,CC(=O)N1CCC(CC1)CNc1nccc2cccnc12,4,0.4339622641509434,1.4418436114918785,0.9983373719671579
232884320,CN1CCC(CC1)CNc1nccc2cccnc12,4,0.3333333333333333,2.525266520587463,0.9979317369744258
43366900,Cc1nc(c(c2ccc(cc12)Oc1ccccc1)O)C(=O)NCC(=O)O,4,0.3,2.4369663518398452,0.9986285274321302
177454167,CCOCCC(=O)N1CCC2(CCCN(C)CC2)CC1,4,0.34545454545454546,1.957535440291775,0.9993397001552893
36849731,Cc1ccnc(n1)NCc1cccnc1,4,0.4883720930232558,2.1227027582778835,0.9994253044835802
49951580,CN(C)CC(=O)Nc1nc(ns1)-c1sccc1C,4,0.3225806451612903,1.552897292160785,0.9991414302306005
MCULE-6181763916,Cc1noc(n1)OCC(=O)N1CCCCCC1,4,0.3888888888888889,1.1695469208200984,0.9994514954876745
48421225,CN1C(=O)N(C)c2cc(ccc21)CN1CCC(CC1)c1ccc(cn1)Cc1ccccc1F,4,0.3384615384615385,3.3751308122801196,0.9975155909922457
31603444,O=C(CCn1cncn1)N(CC#Cc1ccccc1)C1CCCC1,4,0.2857142857142857,2.1053565018778038,0.9982095486258586
222077,CC1(CCN(CC1)Cc1ccco1)c1ccn[nH]1,4,0.3333333333333333,2.1883911898927977,0.9991365962370353
43278877,Cc1c(cccc1NC(=O)CN1[C@H](Cc2ccccc2)C[C@]2(C)NC(=O)CCC[C@H]12)F |r|,4,0.2875,2.828321233523445,0.9988661254017596
43280049,Cc1ccc(cc1F)NC(=O)CN1[C@H](Cc2ccccc2)C[C@]2(C)NC(=O)CCC[C@H]12 |r|,4,0.3116883116883117,2.0704434307653092,0.998950843868247
36931863,COc1ccc2c(c1)CN(CC2)C(=O)c1cc([nH]n1)C1CC1,4,0.352112676056338,1.7087717811340348,0.9990830106244931
33339849,CCCN1C(=O)N(Cc2ccc(cc2F)C#N)c2ccccc21,4,0.45614035087719296,1.7359357707012675,0.9986903923483602
49939748,N#Cc1ccc(o1)CNc1cnc2ccccc2c1,4,0.3448275862068966,1.3179787555199216,0.9994547785435712
14097435,CN(C)C(=O)c1ccc(c(c1)NS(=O)(=O)C)C,4,0.44680851063829785,2.451848078491017,0.9941216414740179
MCULE-2007854892,Cc1cc(nc(n1)N1Cc2ccccc2C1=N)C,4,0.26153846153846155,1.7500548562832687,0.998233272585075
32394390,COc1ccc(cc1)CCN1C(=O)NN=C1C1CC1,4,0.3389830508474576,2.316848937673794,0.997323636942638
29780390,CC(C)Cc1sc(nc1-c1ccc(o1)P(=O)(O)O)N,4,0.30357142857142855,2.4750979778587086,0.9987160316946099
314860,CCN1C(=Nc2ccccc2C1=O)CN1CCCCCC1,4,0.4,1.5154553771068437,0.9981264853053097
31901754,Cc1ccc2nc(c(cc2c1)C(=O)N1CCC(CC1)C(=O)Nc1ccncc1)C,4,0.42028985507246375,2.1189693249313555,0.9984715148537091
16692987,COc1ccc(c(c1)OC)C(=O)Nc1ccc2oc(nc2c1)C,4,0.4444444444444444,1.3483894096291507,0.999311369542055
218757,Cn1cc(cn1)CN1CCCC(C1)c1ccnc(c1)Nc1cnccn1,4,0.4025974025974026,4.134884037068385,0.9980664165900062
50359676,CC1=NN(CCOc2ccc(c(c2)F)Cl)C(=O)C=C1,4,0.6078431372549019,1.0419285004258718,0.9983261569313014
49297145,CN(C(=O)c1cncc(c1)F)c1cccc2ncccc12,4,0.35,1.1565863564817211,0.9993555757799326
36322410,Cc1ccsc1C(=O)NCc1ccc2c(c1)OCCCO2,4,0.40350877192982454,1.1682174455122676,0.999064332419501
35741477,O=C(NCc1ccc2c(c1)OCCO2)c1sccc1C1CC1,4,0.43636363636363634,1.5391452173210152,0.999502207032872
43245209,OC(=O)c1n(nc2ccccc12)Cc1ccccc1,4,0.3958333333333333,1.8638151732401758,0.998364398024243
48745068,CN(CCc1ccncc1)c1ncccc1C#N,4,0.34,1.2262495667685778,0.9994045553909442
36440866,CC(=O)N1CCC(CC1)Cn1ccnc1-c1cc2ccccc2s1,4,0.47692307692307695,1.9419727083556186,0.9984103665465536
31406035,CN1CCNc2nc3ccccc3nc21,4,0.3469387755102041,1.8565645693052615,0.9966087233110862
43488186,Cc1ccc2[nH]c(nc2c1)C1CN(C1)C(=O)Cc1cccc2ccccc12,4,0.35135135135135137,1.76123820081236,0.9979904875781612
82713457,O=C(CN1N=C(Cc2ccccc2)c2ccccc2C1=O)NCCc1c[nH]cn1,4,0.59375,2.752986378462467,0.9971463539370364
31845178,CC(C)(C)c1ccc(cc1)CN1CCC(CC1)C(=O)N,4,0.4489795918367347,2.3849113191057616,0.9993994890659216
8049874,C(Oc1ccccc1)c1nc2cc3ccccc3cc2[nH]1,4,0.3275862068965517,2.154976565997777,0.9965076361503911
50282148,CS(=O)(=O)c1ccc(nc1)-c1nnc(n1-c1ccccc1Cl)/C=C/c1nnc(o1)-c1ccc(cc1)C#N,4,0.2727272727272727,2.643270512074449,0.9979106570667662
42942714,CN(C)c1cc(nc(n1)-n1cnc(n1)C#N)C,4,0.45652173913043476,2.6086423672095185,0.9980794246616842
1590696,CC(C)(C)c1ccc(cc1)C(=O)Nc1ccc(cc1)C(=O)Nc1ccccc1,4,0.46938775510204084,2.311136084266815,0.9976785680311121
49953992,CN1CCc2ccc(cc21)C(=O)NCCC(=O)Nc1cccnc1,4,0.373134328358209,2.573071316539244,0.9991959169145197
29683420,CN1CC(=O)N(CCCC(=O)Nc2cccc(c2)C#Cc2cccs2)C1=O,4,0.42424242424242425,2.594636390710448,0.9985343546919133
50136169,CC(=O)Nc1ccc(cc1)C(=O)N1CCc2ncncc2C1,4,0.3492063492063492,1.7234056400045956,0.9992967710108851
2047138,CC(=O)Nc1cccc(c1)OC(=O)N1CCOCC1,4,0.5192307692307693,1.5631570618463007,0.9981926342303906
48831256,Cc1nn(cc1CNc1nc(nc2sc3c(c12)CCCC3)-c1cnccn1)C,4,0.4931506849315068,4.083230338837426,0.999164688907108
53802705,COc1cccc(n1)CN(C)c1cc(ncn1)N1CCCC1,4,0.3142857142857143,1.6541036847792854,0.9988880866105798
177386071,CC(C)C(=O)N1CCn2nc(cc2C1)CNC1CCc2ccccc2CC1,4,0.47692307692307695,3.152161163392464,0.9986633732817879
177400083,FC(F)(F)c1cccc2c1N=CN(C1CCCC1)C2=O,4,0.32142857142857145,1.6854302121417388,0.9982782083121944
222751297,FC(F)Oc1ccc(cc1)S(=O)(=O)NCc1n[nH]c2c1CCCCC2,4,0.30434782608695654,1.8990679292749222,0.9987444722311054
1527294,COc1ccc(c(c1)OC)CNc1ncc(n1C)-c1ccc2c(c1)OCO2,4,0.48484848484848486,2.60906630808786,0.9977981099340001
232887379,COCC1(CCC1)CNC(=O)c1cc(cnc1O)Cl,4,0.45161290322580644,2.3381535450009556,0.9970176476814036
207921,Cc1nc(cc(n1)C1CCN(CC1)c1cnccn1)O,4,0.45098039215686275,1.6753417561795498,0.9991545337809231
294504,CC(C)(C)NC(=O)CN1N=C(OC1=O)C(c1ccccc1)c1ccccc1,4,0.3220338983050847,2.4651478657478183,0.9994888689524529
4851238,OC(=O)c1csc(n1)Cc1ccc(cc1)Cl,4,0.3541666666666667,1.6089555618477038,0.9975722651279499
45751322,CN(CCc1ccccn1)C(=O)Nc1nncs1,4,0.4,0.729004801082099,0.9996965515887726
177444466,Cc1c[nH]c(n1)C(=O)NCC1(CCCC1)N1CCCCC1,4,0.4032258064516129,1.8427818644647034,0.9992051878834801
23671374,Cc1ccc(s1)C(=O)Nc1ncccc1C,4,0.41818181818181815,1.0290932902320216,0.999550917148986
205729538,O=C(Nc1ccccc1)N1CCCc2cnc(nc21)N1CCOCC1,4,0.515625,1.6887735194516156,0.9987523827154218
278832,O=C(C(c1ccccc1)c1ccccc1)N1CCOCC(C1)Cc1ccc2cnccc2c1,4,0.43037974683544306,2.4910072260033913,0.9982375764344472
48761324,COCC1CCN(CC1)c1noc(n1)-c1cccs1,4,0.3898305084745763,1.927512905274507,0.9985285060624401
365482,CC(C)C(=O)NC[C@H]1CC[C@@H](CC1)c1nn(cc1-c1cc(no1)C)C |r|,4,0.3387096774193548,1.4841145508348552,0.9990304008847677
36647090,COc1ccccc1NC(=O)CN1CCCN(CC1)c1nc(cs1)C,4,0.44871794871794873,2.9741176842887884,0.9951335426591688
31923278,Cc1cc2ccccc2n1CC(=O)N1CCc2ccc(cc2C1)O,4,0.4,1.4407029534217013,0.9988057640659137
318302594,O=C(NC[C@@H]1CCN(C1)c1ccccc1)N1CCc2ccccc2C1 |r|,4,0.38333333333333336,1.7885597557815138,0.9985880912335727
31507610,Cn1cc(cn1)-c1ccc2nnc(n2n1)C(F)(F)c1ccc2ncccc2c1,4,0.33783783783783783,2.940638876162343,0.9995827429475217
295413823,CC[C@H]1N(c2ccn(n2)C)c2nc(ncc2N(C)C1=O)-n1ccnc1-c1ccc(cc1)F |r|,4,0.2911392405063291,2.918543472350833,0.9996727783311742
36914406,CC1(C)CN(CCO1)C(=O)c1cncc(c1)Br,4,0.4838709677419355,1.6100350927852873,0.9982759020070072
877481,Clc1ccc2c(c1)CCc1cccnc1C2=C1CCNCC1,4,0.27586206896551724,1.9832639763784334,0.9986532622726728
10645209,Cc1cn(cn1)-c1cc(cc(c1)C(F)(F)F)NC(=O)c1ccc(c(c1)Nc1nccc(n1)-c1cccnc1)C,4,0.3333333333333333,1.774702792019322,0.9992208814493065
49068002,CC(C)(C)CCCNC(=O)N1CCN(CC1)Cc1ccon1,4,0.6071428571428571,1.5775519008896426,0.9985509384365826
139135,CN(C)C(=O)C1(CCN(CC1)C(=O)c1cnn(c1)C)Cc1ccccc1-c1ccccc1,4,0.5909090909090909,3.0489145609545716,0.9985308474882262
139133,CN(C)C(=O)C1(CCN(CC1)C(=O)c1ccc(s1)C)Cc1ccccc1-c1ccccc1,4,0.5757575757575758,3.69387601307913,0.9976998432022396
45676719,Cc1ccc(cc1)-n1nc(c2c1CCCC2)C(=O)N1CC(O)C1,4,0.4126984126984127,2.090776171664435,0.9985331445782937
177450733,COCCc1noc(n1)CN(C)C(=O)c1ccc2c(c1)CCC2,4,0.3888888888888889,1.6645557966011693,0.9996001961731547
48934153,CN(CCOc1ccccc1)CC(=O)NCCc1ccccc1,4,0.5272727272727272,1.162633218173156,0.9985478868525236
49292072,CN(C1CCCCCCC1)C(=O)COc1cc(on1)C,4,0.3793103448275862,1.736948473616867,0.9985843752073804
43429664,CC(N1CCCC(C1)c1nc2ccccc2o1)C(=O)Nc1ccccc1,4,0.4264705882352941,1.8201269186514277,0.9992719773033398
30026467,CC(N1CCCC(C1)c1nc2ccccc2o1)C(=O)Nc1ccc(cc1)C(=O)N,4,0.35526315789473684,2.1578973562243933,0.9983130178791989
31845870,O=C(NCC#C)c1ccc2c(c1)OCO2,4,0.44,1.086416586765705,0.998963323153099
1527366,CN(C)CCN(Cc1ccccc1)Cc1ccccc1O,4,0.375,1.8104651336052358,0.9965805824203778
29586826,CC(C)C(=O)Nc1ncc(s1)-c1ccccc1,4,0.37735849056603776,0.7374693213959229,0.9995063902346514
49134782,OCCOc1ccccc1OCc1ncc(cc1Cl)Cl,4,0.2909090909090909,1.4692627402881024,0.9988026578125068
43251541,CN(C1CCC1)C(=O)c1cc(nc2ccnn12)C,4,0.5490196078431373,1.3966398963227213,0.9989571447330114
36447805,N#Cc1cccc(n1)-c1ccc2[nH]ccc2c1,4,0.359375,1.6971641052061548,0.9988838965782776
181759,CNCc1cc(nc(n1)C1CCCN1C(=O)COc1ccccc1OC)NC,4,0.5833333333333334,2.7335590353966275,0.998556564561299
46091137,OCc1ccc(cc1)Cn1cc(nn1)-c1cc(ccc1-n1cccn1)F,4,0.323943661971831,1.807380701457247,0.9991211318745725
171975111,CC(=O)NC[C@H]1C[C@]2(C)[C@@H](CCCC[C@]2(C)O)N1CC1(O)CCCC1 |r|,4,0.3103448275862069,5.033965732898822,0.998491309654001
171974149,CC(=O)NC[C@H]1C[C@]2(C)[C@@H](CCCC[C@]2(C)O)N1CC1(O)CCOCC1 |r|,4,0.2857142857142857,4.000049249696855,0.9982173206091447
49942184,C(Nc1nnc(o1)-c1ccncc1)c1cncs1,4,0.6304347826086957,2.0311287502274125,0.9985454729569209
25587599,COc1cccc(c1)-c1nc(n[nH]1)-c1cccnc1,4,0.35185185185185186,1.4244153186480375,0.99951476924696
35739549,COc1ccc(cc1-n1ccc(n1)C(=O)NC(C)C)C,4,0.6101694915254238,0.9583261448997111,0.9993360049234138
313520210,C[C@@H](N1CC(C1)Oc1ccccc1)C1=NC(=O)c2cnn(c2N1)C1CCOCC1 |r|,4,0.3902439024390244,2.9775323675822865,0.9992693036638768
222760164,CN(C)C(=O)c1cncc(n1)N(C)CCN(C)C1CCCC1,4,0.5,1.9138490013581726,0.9987239661584063
901943,CCC1=C(C)CN(C(=O)NCCc2ccc(cc2)S(=O)(=O)NC(=O)N[C@H]2CC[C@H](C)CC2)C1=O |r|,4,0.47368421052631576,3.0054741722396567,0.9972841863518265
50347915,Cn1c(nnc1C1CC1)SCOCc1ccccc1,4,0.49019607843137253,1.5728537757850134,0.9981070475911528
6892467,COc1cc(cc(c1OCc1ccc(cc1)Cl)Br)CNc1nnn[nH]1,4,0.3333333333333333,2.6896735861439116,0.9927965949193306
49160264,CN(C)c1ccc(nn1)-c1ccc(cc1)COCc1cccs1,4,0.23333333333333334,1.6745856203850378,0.9975483154409214
35762297,Cc1nnc(c(c1C)C#N)NCC(=O)N1CCc2sccc2C1,4,0.39473684210526316,1.422023206561657,0.9994419603141068
2059266,CCN(CC)C(=O)c1ccc(cc1)NC(=O)C,4,0.48717948717948717,1.2918908622634502,0.9987718591115357
45659871,O=C1C=C(CN2CCCCc3ccccc32)Nc2ccnn21,4,0.4444444444444444,2.0891443224440995,0.9988648961064619
44466308,Cn1ncnc1COc1nn2c(nnc2cc1C1CCC1)-c1c(cccc1F)F,4,0.5068493150684932,0.388361944584015,0.9999196107687125
902055,CCC[C@@H]1C[C@H](N(C)C1)C(=O)N[C@H]([C@@H](C)O)[C@H]1O[C@H](SC)[C@H](O)[C@@H](O)[C@@H]1O |r|,4,0.17567567567567569,6.664135352767362,0.9981375797021327
32433398,Clc1cccc(c1)N1C(=O)NN=C1CCCN1CCOCC1,4,0.45161290322580644,2.0180698699500277,0.9980913502944415
30455813,COc1cccc(c1)OCCCn1cncc1-c1cc2c(cc1OC)OCCCO2,4,0.3026315789473684,2.4719617715489264,0.9977253382303054
35721780,CN1CCCN(CC1)C(=O)NCCOc1ccc2c(c1)OCO2,4,0.4264705882352941,1.9251623308178338,0.9989089348378256
425680,Cc1cc(on1)-c1cnn(c1C1CC1)CCNC(=O)c1sc(nc1C)C,4,0.328125,2.0813685401676834,0.9995303590419876
24472719,Cc1noc(c1CCC(=O)Nc1cccnc1)C,4,0.5535714285714286,1.1294060385891003,0.9998027643082541
50612278,CCOc1cc(ncn1)N(C)CC1CCN(C)CC1,4,0.375,0.9165686008149625,0.9993861977482998
315272596,Nc1ncc(cc1C(F)(F)F)-c1cc(n(n1)CC1CC1)C1C2CN(CC21)C1COC1,4,0.20652173913043478,2.490401975585781,0.9993341884892353
295412827,C1Cn2nccc2CN1Cc1ccccc1,4,0.38,1.6584580187631361,0.9981169355068329
30016064,Cc1nn(c2ncc(cc12)C(=O)Nc1ccc2c(c1)CCO2)C,4,0.46875,1.6478537556468822,0.9998020945277678
13448534,Fc1ccc(cc1)CN1CCCN(CC1)c1ccc2nnnn2n1,4,0.3220338983050847,1.0694699621771941,0.9987244738101585
37000875,Cc1nn(c(c1C(=O)O)C)Cc1cccc(c1)Br,4,0.38461538461538464,2.1972496444417025,0.9984632699933911
323968411,CC(O)(C#Cc1ccc2c(c1)N(CC2)c1nc(ncc1Cl)N)c1nccs1,4,0.2079207920792079,3.3193844308849494,0.9986920237603655
49383448,CN1CCN(CC1)S(=O)(=O)c1ccc(cc1)-c1cnc(c(n1)C(=O)Nc1cccnc1)N,4,0.32432432432432434,3.116344974485237,0.9966140372834141
43241226,Cn1nc(c2cccnc12)C1CCNCC1,4,0.32727272727272727,2.064654692678678,0.9984690495937321
49082955,O=C(OCC1CCSCC1)c1cccc(n1)-n1cccn1,4,0.40625,1.3567317347210877,0.9989401386262826
226819,CN1CCC(C1)Cc1cccc(n1)-c1nccs1,4,0.4032258064516129,1.4074743336912734,0.9986384825795315
49946976,Cc1nc(n(n1)C)NCc1ccc(c(c1)Cl)F,4,0.44,1.8424041359049015,0.9986882489804859
49947026,Cc1nc(n(n1)C)NCc1ccc(cc1)F,4,0.5,2.2445505117951523,0.9980958690110306
49146795,Cn1cc(cc1-c1nc(nn1CCc1ccccc1)C1CC1)C#N,4,0.36507936507936506,1.3986840243603709,0.9984704146754397
82709477,CCc1cc(nc(n1)N1CCOCC1)-c1ccc(c2nc(ccc12)C)OC,4,0.3283582089552239,2.116839389278237,0.9984600370804573
82713843,CCc1cc(nc(n1)N1CCOCC1)-c1ccc(c2ncccc12)OC,4,0.30434782608695654,1.6328371014893757,0.9979180992342095
44588358,CC(C)c1cnc(o1)COc1ccc(nc1)Br,4,0.288135593220339,1.5822654644527656,0.9991779764818343
31416534,OCc1cnnn1-c1cncc(n1)Cl,4,0.19047619047619047,4.375223537146476,0.9952841057687531
31356688,O=C(CCN1N=Nc2ccccc2C1=O)Nc1ccncc1,4,0.44642857142857145,1.3292971827244144,0.9986738562219983
Z1373904915,CN1CCN(C(=O)c2cc(cnc2Cl)Br)c2cnccc21,4,0.3188405797101449,1.7252243332392487,0.9982960205309762
32278227,CC(C)c1cc(c(c(c1)C(C)C)CC(=O)NS(=O)(=O)Oc1c(cccc1C(C)C)C(C)C)C(C)C,4,0.28125,5.362226403276832,0.9988348891056003
178528031,CC(=O)N1CCc2ccc(cc21)N(C1CCN(CCC2CCCC2)CC1)C(=O)/C=C/c1cccc(c1)C#N,4,0.26744186046511625,6.07368915898757,0.9952378435197905
1195337,Nc1ccc2[nH]c(nc2c1)CCc1ccccc1,4,0.425531914893617,2.174361055574835,0.9979808594947692
49055842,Cc1nnc2ccc(nn12)N1CCC2(CCCCC2)C1,4,0.37735849056603776,1.7564279091379433,0.9996731992029637
552358,CN(C)CCNc1c2c(c(c3nc4ccccc4n13)C#N)CCCC2,4,0.28169014084507044,2.8240805583411612,0.9973629453939733
13458787,CC(C)C(=O)Nc1ccc(cc1)-c1nc(sc1C)-c1ccccn1,4,0.42424242424242425,1.697684894201498,0.9982486640308256
20650033,Fc1ccccc1-c1noc(n1)-c1ccc(nc1)NCCc1cnccn1,4,0.30666666666666664,3.136898149445715,0.9977222583948088
171948518,Cc1ccc(c(c1)OC[C@@]1(O)CN(CC[C@@H]1O)C1CCC1)Cl |r|,4,0.3888888888888889,2.6140623557979983,0.9983406128107646
316272522,Cc1ccc(c(c1)OC[C@@]1(O)CN(CC[C@@H]1O)C1CCCC1)Cl |r|,4,0.3888888888888889,2.333108012930687,0.9982213236656493
316271501,CCC(CC)N1CC[C@H](O)[C@@](O)(COc2cc(ccc2Cl)C)C1 |r|,4,0.3835616438356164,2.1545825581767795,0.9983141967723204
43583679,O=C1CCCc2c1[nH]c1cc(ccc21)-n1ccnc1-c1ccncc1,4,0.28,1.6755903437294242,0.9994268040479936
300417634,N#Cc1cccc(c1)CNCc1ccccn1,4,0.42857142857142855,2.0607539882285426,0.9980594225932552
36944203,Cc1cc(ccc1NC(=O)c1c(oc(c1C)C)C)Oc1ncccn1,4,0.3559322033898305,1.8857693390229462,0.9989905121686824
232900428,COCC(=O)Nc1ccc(cc1)NC(=O)Cc1cc(ccc1C)C,4,0.5,2.077262862518548,0.997488725669828
24034759,CCc1nnc([nH]1)Sc1nc2cc(nn2c2ccccc12)C,4,0.5818181818181818,1.859084989988317,0.9994050946364879
300014701,CC(C)CC(NC(=O)C(O)C(N)Cc1ccccc1)C(=O)O,4,0.27692307692307694,1.6675805827605943,0.9987240438434758
49095542,CC(C)CCN1CCC(CC1)CNC(=O)C1CC=CC1,4,0.5217391304347826,2.3031930010312034,0.9974829313723419
36966070,CC1(CCOCC1)c1nnc(o1)-c1ccc2c(c1)OCCO2,4,0.5454545454545454,1.7212724944065103,0.9980571969066853
73050408,CN(Cc1ccc(cc1C)Br)C(=O)CO,4,0.36,1.8548458156946224,0.9944223116592984
316789943,NC1CC(NC(=O)c2ccc(cn2)-c2cn[nH]c2)C21CCC2,4,0.38235294117647056,3.4144772659955445,0.99844345810104
55628764,Cc1cccnc1CN1CCC(O)(CC1)c1ccccc1,4,0.44642857142857145,1.7430413075999684,0.9985842806377787
49090047,FC(F)Cn1ccc(n1)NC(=O)NC1CCN(CC1)C1CCCC1,4,0.48333333333333334,3.4154592663360286,0.9992463721521613
23998591,Cc1ccsc1C(=O)Nc1nc2ccccc2s1,4,0.42,1.3828474247004299,0.999318194653847
1533629,COc1ccc(c(c1)Oc1nc2c(n1C)C(=O)N(C)C(=O)N2C)C(=O)c1ccccc1,4,0.43859649122807015,2.1402133071258915,0.998630484312276
16744002,CCONC(=O)c1cncn1-c1ccc(cc1)F,4,0.58,1.4354243275072833,0.9985728660178403
1487936,N#Cc1cc2c(nc1SCc1cccnc1)CCCCCC2,4,0.3492063492063492,1.5118819398355603,0.9980219866574243
31364239,O=C(CC1CCCC1)NCc1nnc2n1CCC2,4,0.41935483870967744,0.9235437185105794,0.9992915963522303
53744945,OC(=O)c1cnn(c1)-c1nc2cc(c(cc2[nH]1)OC(F)(F)F)Cl,4,0.22784810126582278,5.934005561170129,0.9932636403258422
2873705,Cc1ccccc1-n1nc(cc1N)C(C)(C)C,4,0.4090909090909091,0.8526253573517828,0.9993088012097243
301693590,CN(C1CCNC1)C(=O)c1cc(ccc1F)N1CCNC1=O,4,0.47761194029850745,1.6179150163095097,0.9993895565794211
301817626,CN(C1CCC(N)CC1)C(=O)c1cc(ccc1F)N1CCNC1=O,4,0.5,2.033139690232895,0.9986154188841896
351738,COc1cc2cc(c(nc2cc1OC)C1CCN(CC1)C(=O)C(C)(C)C)N,4,0.3918918918918919,2.0489126384499343,0.9990722206758587
36516873,COc1cccc(c1)Nc1c(cnc2c(cc(cc12)S(=O)(=O)c1cccc(c1)C(=O)N(C)C)C)C(=O)N,4,0.33766233766233766,2.5434832415408524,0.9983809180117325
24873612,COc1ccc(cc1)-c1ccc(cc1)CN(CCN1CCOCC1)Cc1cccnc1,4,0.6333333333333333,2.8376287635980493,0.9994555214783518
316900455,Cn1cc(c(n1)C1CCCCC1)NC(=O)c1cnn2cccnc12,4,0.4675324675324675,3.1001148365826214,0.9990659498392497
177361869,CN(C)c1nc(ncc1C)NCC1(CO)CCCC1,4,0.43859649122807015,2.5301035551926385,0.9964613524344796
31600959,Cc1nc2ncccn2c1C(=O)N(CC#Cc1ccccc1)C1CCCC1,4,0.31645569620253167,2.263184040240792,0.9984176117024743
49935002,CN(C)C(=O)CNC(C)(C)c1ncc(s1)C,4,0.29310344827586204,1.3688111630168145,0.9988492059772035
306342,O=C1Oc2nc3cc4c(cc3cc2CN1CCN1CCOCC1)OCO4,4,0.3,1.4358857893297106,0.9989258436532854
306388,O=C1Oc2nc3cc4c(cc3cc2CN1CCN1CCOCC1)OCCO4,4,0.3,1.7320897782736977,0.998025468412487
23728018,Cc1ccc(cn1)C(=O)NCC#Cc1ccccc1,4,0.5869565217391305,0.8737265018298487,0.9990726163461284
32157229,Fc1ccc(c2c(ccnc12)NCc1ccc(nc1)N1CCOCC1)F,4,0.2972972972972973,1.6284246989041546,0.9984184880779075
13656111,COCCNC(=O)C1=NN=C2N(CCN2c2ccccc2)C1=O,4,0.3561643835616438,1.556240662621779,0.9993131093669987
1422270,Clc1ccc(cc1)CC(=O)NCc1ccncc1,4,0.39622641509433965,1.8434245305950394,0.9978090106605871
232872526,Cc1cc(cnc1C)C(=O)NCC1CCN(CC1)c1ccc2ccccc2n1,4,0.40298507462686567,2.131854591664049,0.9988281735447118
49008924,CN(CC1CCC1)C(=O)C1CCN(CC1)c1ccc2nncn2n1,4,0.546875,1.964673764267539,0.9979567224594078
15274760,Fc1ccccc1NC(=O)CN1CCSC1=O,4,0.42857142857142855,1.105856229353575,0.9991508645463492
53804145,CCC1=CC(=O)NC(=N1)SCCN1CCCCC1,4,0.509090909090909,2.2567711447995107,0.9989921019204481
49028063,Cc1nnc2ccc(nn12)NCCOC1CCCCCC1,4,0.3548387096774194,1.9236156060915484,0.9974613373290342
43104263,CCc1ccc2nc(cc(c2c1)C(=O)N1CC(C1)c1cccnc1)C,4,0.30666666666666664,1.525286858265821,0.9994140712387046
14858512,Fc1ccc(cc1)CCNc1ncccc1C#N,4,0.5531914893617021,1.6650501493947774,0.9976762795352965
11826916,Nc1nc2c3ccccc3oc2c2ccccc12,4,0.34,1.830807199024347,0.9991142109550937
36264533,O=C(NCCc1cn2c(n1)CCCC2)c1ccccn1,4,0.5245901639344263,2.405386247570187,0.9980468518381466
36925778,O=C(N1CCN(CC1)c1ncccn1)c1noc2c1CCCC2,4,0.4423076923076923,1.490423094292318,0.9992155958671367
49829589,NC(=O)CCCSc1nc(nc(n1)-c1c(cc2c3c(cccc13)COC2)Cl)N,4,0.22988505747126436,2.8313648652196544,0.9979120333324948
35709702,CNC(=O)Cn1ccc2cc(ccc12)OC,4,0.421875,1.611470756793606,0.9993492222626734
315782,Cc1nc2cc(nn2c(c1C)NCc1cccnc1)-c1nccn1C,4,0.6166666666666667,1.7594999289568167,0.9994071224162834
30448845,CC1(C)Cc2cc(ccc2O1)CN1CCC2(CC1)NC(=O)N(Cc1ccccc1)C2=O,4,0.34782608695652173,3.2187278542928803,0.9983233232192836
48955399,CC(C)c1ccc(cc1)CN1CCN(CC1)C(=O)C1CCN(CC1)C(=O)C1CC1,4,0.4482758620689655,5.36873942373804,0.9972904007205208
43958394,COc1ccc(cc1)CN1CCN(CC1)C(=O)C1CCN(CC1)C(=O)C1CC1,4,0.5555555555555556,1.9222757346438908,0.9990027776209416
2258851,O=C(NCCc1ccccc1)c1cnccn1,4,0.3958333333333333,1.6741463496363118,0.9985472842557628
18822495,O=C(CCN1C(=O)CCC1=O)Nc1cccc2ncccc12,4,0.43103448275862066,1.8048390509957617,0.9993503766017624
32135801,CC(C)C(=O)Nc1ccc2cnn(c2c1)C(C)C,4,0.375,0.6604453043214427,0.9996691992900333
73050302,C1CCN(C1)c1cc(ncn1)NCc1ccccc1N1CCOCC1,4,0.3333333333333333,3.8039605676188706,0.9913440237791811
9879245,COc1ccc(c(c1)OC)NC(=O)c1snnc1C,4,0.37254901960784315,1.4991017310378068,0.9995721009970524
33360977,O=C(CN1CCc2ccccc21)N1CCC(CC1)C(=O)Nc1nccs1,4,0.4925373134328358,1.7123916024081776,0.9993152076634242
42949037,Cn1cc(cn1)NC(=O)c1cn(nn1)Cc1ccccc1,4,0.48148148148148145,2.5238110071876023,0.9996485279603927
48953611,CN1CCN(CC1)c1ccc(cc1)NC(=O)c1ccc(cc1)S(=O)(=O)N1CCCc2ccccc21,4,0.3835616438356164,2.948043079739646,0.9972134838251165
267985,Cc1nccc(n1)C1(C)CCN(CC1)CC(=O)N,4,0.3448275862068966,1.6858769231470303,0.9973133626043055
48597409,CN(C)c1ncn(n1)-c1cccc(c1)N,4,0.29411764705882354,1.3493276103302183,0.999206355559638
276241702,CC(C)Cc1ccccc1CNCc1ccc2[nH]cnc2c1,4,0.4807692307692308,3.5681441955168545,0.9902475834648244
44507857,CCCc1cc(n2ncnc2n1)N1CCc2c(nc(n2C)C2CC2)C1,4,0.2987012987012987,1.5853012332046386,0.9993055432548581
36356108,CCCc1cc(n2ncnc2n1)N1CCc2c(nc(n2C)C(C)C)C1,4,0.45588235294117646,1.6634891042623166,0.9993984041886416
46026615,FC(F)(F)c1nccc(n1)NCCSc1nc2ccccc2o1,4,0.3050847457627119,1.226607516690093,0.9994666052944768
36332254,CN(CCN1CCCC1)C(=O)c1sc2nc(nc(c2c1C)C)C,4,0.5344827586206896,2.168559890803019,0.9976960463482062
24093551,Cc1cccc(n1)NC(=O)c1ccccc1-c1ccccc1,4,0.5333333333333333,1.378107760663025,0.9976266711992069
49863827,Nc1ncnc2n(nc(c12)-c1ccc(cc1)Oc1ccccc1)[C@@H]1CCCNC1 |r|,4,0.463768115942029,3.469181892031554,0.9990362011954685
31847933,COc1ccc(cc1F)CN(C)C(=O)Nc1ccccc1,4,0.5084745762711864,1.3651670227481394,0.9983591129424535
2171363,COc1ccc(cc1)S(=O)(=O)N1CCC(CC1)N1CCC(C)CC1,4,0.3333333333333333,1.5312256528674388,0.9990538715641913
31407175,COc1cc(c(cc1CNC(C)(C)C)OC)OC,4,0.32727272727272727,1.907813408067028,0.9970153161656661
31232131,Cn1nc(c2ccc(cc12)Br)N,4,0.2682926829268293,1.7618910295474044,0.9979829828731146
31326902,Cc1cc(ccc1NC(=O)c1cccc2cccnc12)F,4,0.48,1.517598431733812,0.999323432516101
177360703,CN1C(=O)C=C(N(C)C1=O)C(=O)N1CCN(CCc2ccccc2)C(=O)C1,4,0.5517241379310345,1.7313416762728453,0.9980271775202749
48752652,COc1cc(ncn1)NC(=O)c1ccc(cc1C)F,4,0.3125,1.4808798060611807,0.999312804367064
49971700,Cc1cccc(n1)NCCc1cn2c(n1)CCCC2,4,0.5344827586206896,2.902795032378209,0.9984159292254158
177469670,CN(Cc1c(noc1C)C)C(=O)NCCc1nc(cc(n1)C(F)(F)F)C,4,0.609375,1.6091472897158425,0.9986745178067253
44582746,OC1CCN(CC1)C(=O)CCCc1cc(sc1Cl)Cl,4,0.37037037037037035,1.7140201282366345,0.9978147906281825
49950940,CN1CCC(CC1)CNC(=O)c1ncoc1-c1ccc(cc1)F,4,0.4032258064516129,1.9055020335859933,0.9991583113867614
32161047,C1CN(CCC1c1nc(n[nH]1)-c1ccccc1)c1cnc2ccccc2n1,4,0.4107142857142857,1.9551498663786928,0.9984662154837483
48234480,C1CN(CCC1c1nc(n[nH]1)-c1ccccc1)c1ccccn1,4,0.3484848484848485,1.889787818777656,0.9991417774217434
13529886,FC(F)(F)c1ccc(nc1)N1CCCN(CC1)C1CC(=O)N(C1=O)c1ccccc1,4,0.5,1.902543297798799,0.99876872039329
48316168,Cn1cc(cn1)CCNc1cncc(c1)Br,4,0.3492063492063492,1.5563935877538049,0.9990382579265528
49383509,CCC(=O)Nc1cccc(c1)Oc1nc(ncc1Cl)Nc1ccc(cc1OC)N1CCN(C)CC1,4,0.4772727272727273,1.6526279073037244,0.9985229855379553
35695446,Clc1ccc(nc1)NC(=O)C1(CC1)c1cccc(c1)Cl,4,0.34328358208955223,1.1685837582307175,0.9989192451399299
44134429,COc1cc2c(cc1OC)C(=O)NC(=N2)CN1CCC(CO)CC1,4,0.5084745762711864,2.267607990813188,0.998382467202166
181210453,CCN(Cc1ccccc1)C(=O)c1cccnc1N,4,0.5319148936170213,1.7502062735574415,0.9972236531750279
44811754,Cc1c[nH]c2nccc(c12)Oc1c(cc(cc1F)Nc1cc(nc(n1)N)Cl)F,4,0.2571428571428571,4.368424658844782,0.9982525134436127
290047753,CC(C)N(C)S(=O)(=O)N1CCC(CC1)CNC(=O)CCCn1cccn1,4,0.32,1.9930489206241448,0.9972437842041317
348408,CC1=NN(CC2(O)CCN(CC2)Cc2cccs2)C(=O)C=C1,4,0.34328358208955223,1.184711779294054,0.999292984772323
25831601,COc1ccc(cc1)N1N=C(C)/C(=C(\C)Nc2ccc(cc2)S(=O)(=O)N)C1=O,4,0.42424242424242425,1.890337800500261,0.9964925839379382
25831603,C/C(=C/1\C(=NN(C1=O)c1ccc(cc1)F)C)Nc1ccc(cc1)S(=O)(=O)N,4,0.29577464788732394,2.0447899647640564,0.996366299444018
48758078,CCc1nnc(c(c1CC)C#N)N1CC(C1)N(C)C,4,0.5102040816326531,1.8887747351129163,0.9990067469421468
33362309,COc1ccc(cc1)-c1csc2ncnc(c12)Oc1ccc(nc1)C,4,0.5,1.5675952921592655,0.9993181378830979
1527152,Cn1c(ncc1-c1ccccc1)NCc1ccccc1,4,0.45614035087719296,1.5662627493494485,0.9974146298515216
1527130,COc1cccc(c1)CNc1ncc(n1C)-c1ccccc1,4,0.3880597014925373,1.469624441821913,0.9986091454096372
181831,CNCc1cc(nc(n1)C1CCCN1C(=O)c1ccccc1-c1ccccc1)N(C)C,4,0.640625,2.0003077263259468,0.998914977180696
32069322,Cc1noc2ncc(cc12)C(=O)Nc1nc(cs1)C1CC1,4,0.38571428571428573,1.4934416627378304,0.9994247451472912
189882719,Clc1ccc(cc1)/C=C/C(=O)N1CCC2(CC1)CN(Cc1ccc(c(c1)Cl)Cl)C(=O)O2,4,0.3287671232876712,2.3354260853214477,0.9987470784082828
44550372,CC1CN(CC(O1)c1ccccc1)C(=O)c1cccnc1N1CCOCC1,4,0.4696969696969697,2.3939022536435033,0.9984664389802559
11480248,Cc1nc(nc2n(cnc12)-c1ccc(cc1)F)Nc1ccc(cc1)F,4,0.375,1.756299518874954,0.9987713363030619
300095105,Cc1cncc(c1)CN1CCC(=C2c3ccc(cc3CCc3cccnc32)Cl)CC1,4,0.27380952380952384,2.176356818170881,0.9984627174994578
36951097,C1CN(CCN(C1)c1nc(ns1)-c1ccccc1)c1nccs1,4,0.46551724137931033,0.9937479559727305,0.9993593548122153
49968826,Cc1cccc(c1Cl)NC(=O)N1CCC(CC1)N1CC=CC1,4,0.5263157894736842,1.8679775159246046,0.9992724627254385
49964732,Cc1nc(n(n1)C)NCC(C)(C)c1ccccc1,4,0.4166666666666667,1.5184350496483339,0.9988233314623781
318732407,CC(C)[C@H]1CC[C@H](CC1)NC(=O)c1cnn2c(cc(nc12)C)C |r|,4,0.5,2.2924048508061774,0.9985295141688367
1249615,Cc1cc(n2ncc(c2n1)C(=O)NC1CCCCC1)C,4,0.5087719298245614,1.4952561653438938,0.9989574612215599
73014754,CNc1nc(cc(n1)C(=O)Nc1ccc2[nH]ncc2c1)C,4,0.4262295081967213,3.612406538583168,0.9986322210850399
177401551,COc1ccccc1-n1cc(cn1)CNC(=O)N(C)Cc1c(nn(c1C)C)C,4,0.5454545454545454,1.7102403339884897,0.9995419833055165
24024401,O=C(Nn1cnc2ccccc12)c1c2c(nc3ccccc13)CCC2,4,0.5517241379310345,1.7654656609517931,0.999260505839506
53749740,Clc1ccc(cn1)CSc1nc(c[nH]1)-c1ccccc1,4,0.4423076923076923,1.60693217031728,0.99833678191
177303970,Fc1c(cccc1OC1CC1)CN1CCC(CC1)c1nnc2ccccn12,4,0.546875,1.159667193638539,0.9990964056039935
82719175,CN(C)c1ccc(nn1)-c1ccc(cc1)C(=O)NCCN1CCCC1=O,4,0.4383561643835616,1.988337747969278,0.9973936202702237
43571967,CCc1nc(c(s1)Cn1ccnc1-c1cnc(nc1)N1CCCC1)C,4,0.3230769230769231,3.0402728495971134,0.9990167989585782
49947006,Cc1nc(n(n1)C)NCc1sccc1C,4,0.6190476190476191,1.8202675627501914,0.9993524106911735
320312,CCc1cc(nc(n1)C1CCN(CC1)C(=O)C1CC1)N1CCOCC1,4,0.373134328358209,2.624221979939931,0.9986882208945193
36355642,CC(=O)N1CCN(CC1)C(=O)c1ccc(cc1F)-c1ccc(cc1)F,4,0.4375,1.8433187461749567,0.9984861481137575
177444153,Cn1cc(cn1)-c1cccc2c(cccc12)C(=O)N,4,0.35185185185185186,1.8180024752459525,0.9993271410710528
49325135,CN(C(=O)c1cc(nc(c1)O)C)c1nc2ccccc2s1,4,0.30357142857142855,1.5758715049142902,0.9989996679495688
320383153,CC(C)(C)Nc1cc(c2ncc(n2n1)-c1ccc(cc1)C(=O)NC1CC1)NCC1CCOCC1,4,0.3125,3.7680471069244006,0.9985743323197943
49667242,COc1cc(ccc1F)CN1CCC(CC1)c1ccnc(n1)C,4,0.5263157894736842,1.4363752991471683,0.9981155219480778
30693076,O=C(NC1CC1)c1cccnc1Oc1ccccc1,4,0.5555555555555556,1.2861792254581343,0.9992467652709393
Z224124934,Cc1nn(c2sc(cc12)C(=O)N1CCC(CC1)(C(=O)O)c1ccccc1)C,4,0.391304347826087,4.122823789588845,0.9947501061038384
4758327,O=C(NCCNC(=O)c1cc(nc2ccccc12)-c1ccccc1)c1ccco1,4,0.38333333333333336,2.039995833329345,0.9979964549953502
5965122,CCC(=O)NCCNC(=O)c1cc(nc2ccccc12)-c1ccccc1,4,0.41818181818181815,1.9935192499698402,0.9991443206166679
36675429,Cc1cccc(n1)C(=O)N1CCCN(CC1)CC(=O)NCC#C,4,0.4142857142857143,1.3529135227351188,0.9991492540891844
195793,Cc1cccc(n1)Nc1ccc(nc1)C1CCN(CC1)C(=O)c1cc2cc(ccc2n1C)F,4,0.391304347826087,3.0428969749232686,0.9987676344409473
2937124,CCOC(=S)SCC(=O)Nc1nc(cs1)-c1ccc(cc1)C1CCCCC1,4,0.391304347826087,2.497549799302989,0.9973774677532504
3330721,CSCC(=O)Nc1nc(cs1)-c1ccc(cc1)C1CCCCC1,4,0.45,2.724143718675532,0.9975057847703916
89942288,CC1(C)OCCn2c1nc1c(nc(nc21)-c1cnc(nc1)N)N1CCOCC1,4,0.2289156626506024,2.358248078553227,0.9990189571662448
49083449,CCN1CCN(c2ccccc21)S(=O)(=O)c1c[nH]c(n1)C(C)C,4,0.5714285714285714,2.768888405118518,0.9986011543370527
49976216,CNC(=O)Cc1nc(cs1)-c1cncc(c1)C,4,0.4423076923076923,1.1643435919011265,0.9992817224523335
49992227,Cn1cc(cn1)C1CCN(CC1)CC(=O)N1CCc2sccc2C1,4,0.515625,2.9199998287672297,0.997506034519131
197945,Cc1cc(cc(n1)C1CCCN(C1)CC(=O)Nc1ncc(s1)C)Nc1ccccn1,4,0.6052631578947368,2.764613535378414,0.998602225926344
11009421,COc1ccc(cc1)CNC(=O)c1nnn(c1N)-c1ccc(cc1)OC,4,0.43548387096774194,2.3706239684945434,0.9981967581955694
49084025,O=C(NCC1CCC2(CC1)OCCO2)c1[nH]nc2c1CCCC2,4,0.543859649122807,2.102390544118593,0.9991146299629865
32431408,COc1ccc(cc1-c1cccnc1O)C,4,0.3877551020408163,1.3225414927327457,0.998011210210846
31323694,Cc1nnc(c2ccccc12)NCc1cccnc1,4,0.40384615384615385,0.9428255405959479,0.9993338483147662
49933864,CN(C)C(=O)OCCN1CCC(CC1)c1c[nH]c2ncccc12,4,0.5,2.523382055892415,0.9975583224101446
32436924,CCc1oc2c(cccc2c1C)-n1cnnc1,4,0.25,1.786146130639786,0.9995887701937347
49151417,COCCc1nc(n(n1)CCO)-c1ccccc1-c1ccccc1,4,0.4032258064516129,1.772024548362749,0.9971486160727258
49946970,Cc1nc(n(n1)C)NCc1cn(nc1-c1cccs1)C,4,0.4528301886792453,2.058988586660678,0.9991035424111392
50897890,Cc1c(ccc2n(c(cc12)C#N)Cc1cn[nH]c1)CN1CCC(CC1)Nc1ncnc2sc(cc12)CC(F)(F)F,4,0.42105263157894735,6.598747759992065,0.9964342284712886
50897886,Cc1c(ccc2[nH]c(cc12)C#N)CN1CCC(CC1)Nc1ncnc2sc(cc12)CC(F)(F)F,4,0.4588235294117647,4.784704902081622,0.9985217535160678
36325996,Clc1snnc1CN1CCCN(CC1)c1nc2ccccc2[nH]1,4,0.5737704918032787,1.5304656154258642,0.998582149828674
306440,Cc1nc2ncc3c(n2n1)CC(C)(C)CC3=O,4,0.6190476190476191,1.524841959023922,0.9981716997215058
30063049,CC1Cc2cc(ccc2N1C(=O)C)S(=O)(=O)Nc1cccc(c1)-c1cnco1,4,0.38271604938271603,1.0864759546354033,0.9992753141924469
300962268,Fc1ccc(cc1Cl)-n1cc(nn1)/C=C/c1ccnnc1,4,0.24242424242424243,1.0109817011203404,0.9983139017778654
313091037,OC(=O)C1CN(C1)Cc1ccc(cc1)OCc1ccc(c(c1)Cl)Cl,4,0.3442622950819672,2.3391673732334737,0.9966487006435008
49963976,CCCNC(=O)C1(CCCCC1)NCc1cncnc1,4,0.5882352941176471,2.043476694263911,0.9985808164271963
50550848,COC1=CN(N=C(C1=O)c1ccnn1-c1ccccc1)c1ccc(cc1F)-n1cccn1,4,0.2916666666666667,2.317173277940583,0.9988481273918381
46613610,CCc1cnc(nc1)NCc1ccc(cc1)CN1CCCC1,4,0.40476190476190477,2.695369733450405,0.9965587804626991
35733771,COc1ccc2nc(ccc2c1)NCc1cnn(c1)C,4,0.43859649122807015,1.6885307222555668,0.9987590225914896
75983310,CC(C)c1nc2c(n1C)CCN(C2)C(=O)c1cccc(c1F)C(F)(F)F,4,0.38235294117647056,1.6685062181486028,0.9985739491151306
140075,CC(C)(C)C(=O)N1CCC(CC1)(Cc1ccc(cc1)-c1cccs1)C(=O)N1CCCC1,4,0.32857142857142857,5.807906679691024,0.9978702004093732
25616683,CNc1nc(ncc1F)-c1cc(cc(c1)OC)OC,4,0.32608695652173914,1.792548465174718,0.9992197405002676
16760340,Fc1ccc(cc1C(=O)Nn1cnc2ccccc12)Cl,4,0.31746031746031744,1.4850744089100711,0.9988598854874183
232862626,CC(=O)NCCCC(=O)Nc1ccc(cc1)Oc1ccccc1Cl,4,0.3620689655172414,1.7585965995644426,0.9967790995329188
31619881,CC(C)c1cc(no1)CN(C)Cc1c[nH]nc1-c1ccc(cc1)F,4,0.4032258064516129,1.4889177277475294,0.9989970652552645
46036273,Cn1nc(c2c(cccc12)Cl)-c1cn(nn1)Cc1ccc(cc1)CO,4,0.28169014084507044,1.4577880504376217,0.9989116834276601
35705370,Cc1nccc(n1)-c1cccc(c1)NCC(=O)N1CCCCCCC1,4,0.5737704918032787,2.006648449529923,0.998720645616299
32077202,Cc1nccc(n1)-c1cccc(c1)NCC(=O)NCC(=O)N1CCCC1,4,0.5873015873015873,2.0085815890820093,0.9982441558066371
49354187,FC(F)(F)CN1CCC(CC1)N1CCS(=O)(=O)CC1,4,0.20588235294117646,1.6497193700750181,0.9985488590132124
146921,CN(C)C(=O)c1ccc(nc1N)C1CCN(CC1)C(=O)CCc1nc2cc(c(cc2[nH]1)C)C,4,0.4605263157894737,3.2007638150915083,0.9979356812213511
300481375,Fc1cc(ccc1CNCc1ccccn1)Br,4,0.4074074074074074,1.7507267062564627,0.9973596691065816
73032016,CC(C)CNc1nnc(s1)SCc1ccncc1,4,0.38461538461538464,1.044865063058442,0.9989927900165095
31836142,Cc1ccc(o1)C(=O)Nc1ccccc1-c1ccccc1,4,0.46808510638297873,1.2531400560187542,0.9994643334881237
38477365,Cc1ccc(c(n1)-n1cc(cn1)Cl)CN,4,0.2631578947368421,2.4919845505140352,0.9986208469129201
43267241,O=C(CN1CCCC(C1)c1ccc2cn[nH]c2n1)N1CCCC1,4,0.6,2.8291712567464695,0.9959216097186616
48613628,COc1ccccc1C(=O)NCc1nc(cc(n1)N1CCCCC1)C,4,0.3717948717948718,2.484792949120653,0.9963144832246934
48613632,Cc1cc(nc(n1)CNC(=O)c1ccccc1Cl)N1CCCCC1,4,0.36363636363636365,2.5517419540384814,0.997868240649973
3593598,Clc1ccccc1-c1ccc(o1)C(=O)N1CCN(CC1)C(=O)c1ccccc1,4,0.38461538461538464,2.081796339702677,0.9990417009585347
44563083,COC(=O)N1CCCN(CC1)C(=O)c1ccc(o1)-c1ccccc1Cl,4,0.3492063492063492,1.3278192648096996,0.9989017931084473
25618066,Cc1csc(n1)NC(=O)c1ccc(cc1)-c1ccncc1,4,0.3877551020408163,1.9550242965245157,0.9991314418947297
420214,CCCn1ncc(c1C)CN1CCC(CC1)c1cc2cccnc2[nH]1,4,0.4050632911392405,3.8559745849786244,0.9986369697244123
177445050,OC1(CCN(CC1)C(=O)c1ccc(cc1)-c1ccncc1)CN1CCCC1,4,0.3770491803278688,2.4280566303117306,0.9980370455713178
45753290,Cc1nnc(o1)-c1ccccc1NCc1ccsc1,4,0.36363636363636365,1.6701380182490932,0.9993236713470875
46620326,CCc1nc(cs1)CN1C(=O)COc2ccc(cc21)F,5,0.3150684931506849,1.7484081331313004,0.9989835076785015
181831,CNCc1cc(nc(n1)C1CCCN1C(=O)c1ccccc1-c1ccccc1)N(C)C,5,0.640625,2.0003077263259468,0.9986432020931343
27425362,Cc1cc(n(n1)-c1cccc(c1)NC(=O)c1ccc(c(c1)F)F)C,5,0.43103448275862066,1.4857065659143063,0.9991041914198155
43216036,CCS(=O)(=O)N1CC(CC#N)(C1)n1cc(cn1)-c1ncnc2[nH]ccc12,5,0.29411764705882354,3.5964597870683432,0.997989567975757
16744002,CCONC(=O)c1cncn1-c1ccc(cc1)F,5,0.58,0.8556184897488497,0.9995142366519435
31844110,O=C(CN1CCc2ccccc21)N1CCNC1=O,5,0.6,1.414337300647102,0.9993492222626734
31362621,COc1ccc2nc(ccc2c1)C(=O)Nc1cnc2n(ncc2c1)C(C)C,5,0.4626865671641791,0.8997471867124052,0.9997859253381778
30400370,Oc1cc(c2sc(nc2n1)SCC(=O)c1ccc(cc1)-c1ccccc1)O,5,0.3225806451612903,4.035728310974238,0.9927510275764877
49955148,Cc1cc(c(c(c1)C)CC(=O)N1CC(CO)C1)C,5,0.296875,2.009275740161133,0.9982593127538426
49339585,OC(=O)c1ccc(cc1)CCC(=O)N1CCc2c(cc(cc2C1)F)F,5,0.3968253968253968,2.3246171727836913,0.9966487006435008
36981448,CN(C(=O)COC1CCCC1)c1cccc(n1)C,5,0.3793103448275862,1.5639120819279433,0.9980813615004859
33368543,OC(=O)c1cnc(s1)/C=C/c1csc(n1)-c1ccsc1,5,0.5254237288135594,2.8563791765099915,0.9966431279087682
200967,CN(C)c1ncc(c(n1)C1CCCCN1C(=O)c1scnc1C)-c1cccc(c1)Cl,5,0.6282051282051282,2.433606993744092,0.9990502108561257
49964732,Cc1nc(n(n1)C)NCC(C)(C)c1ccccc1,5,0.44680851063829785,2.1696167864395166,0.9988233314623781
32149349,O=C(N1CCCCC1)c1cccc(c1)CNc1ccc2nccnc2n1,5,0.34285714285714286,2.532759562216709,0.9985717110131065
73006343,Cc1noc2ncnc(c12)N1CCCN(CC1)C(=O)C1CC1,5,0.421875,1.741909871376601,0.9989564466861974
6666291,COc1cccc(c1)N1CCN(CC1)c1nc(cc(c1C#N)C)C,5,0.46153846153846156,1.5732224890332602,0.9992616456735932
15283106,COc1ccc(cc1)NC(=O)C(C)N1CCCN(CC1)c1ccc(cn1)C(F)(F)F,5,0.5441176470588235,1.7359366347887126,0.9990975081370506
32234428,CS(=O)c1ccc(cc1)-c1coc2ccc(cc12)-c1nnc(o1)C,5,0.30434782608695654,2.0513939163406203,0.9983367300790585
36303318,CN(CC#N)C(=O)c1cccc(c1)CN1CCCC1,5,0.4393939393939394,1.698020023439074,0.9981640993659818
48210000,CCN1CCC(CC1)Nc1ncnc2n(ncc12)C,5,0.5882352941176471,3.0555834140143614,0.9978660652959835
50283346,CC1(C)CC[C@@]2(CC[C@]3(C)[C@@H]([C@@H]2C1)C(=O)C=C1[C@@]3(C)CC[C@H]2C(C)(C)C(=O)C(=C[C@@]21C)C#N)NC(=O)C(C)(F)F |r|,5,0.18947368421052632,12.37440087438586,0.9985863708954358
42964208,N#Cc1ccc(cc1)CN1CC(C1)n1cccn1,5,0.41818181818181815,2.0012478607109503,0.9952213611988566
31412719,CCCc1noc2nc(cc(c12)C(=O)O)-c1ccncc1,5,0.40350877192982454,2.9506622985357245,0.9991130145101839
222761855,CN(Cc1cnc2ccccc2n1)S(=O)(=O)N1CCCC1,5,0.38181818181818183,4.135200841555241,0.9907775928941145
222761300,CN(Cc1cnc2ccccc2n1)S(=O)(=O)N1CCCCCC1,5,0.375,1.4826048023664764,0.9986472894416217
48224722,C1CN(CCO1)Cc1nc(c2c(csc2n1)-c1cccs1)N1CCc2[nH]ncc2C1,5,0.5633802816901409,3.538619928729538,0.998895674775203
35693197,O=C(CNc1ccc(cc1)C(=O)N1CCCC1)N1CCCCC1,5,0.47058823529411764,1.8038561472581662,0.9992270578295149
43366900,Cc1nc(c(c2ccc(cc12)Oc1ccccc1)O)C(=O)NCC(=O)O,5,0.3103448275862069,2.4369663518398452,0.9986285274321302
49925834,CC(C)c1nccn1Cc1nc2ccccc2[nH]1,5,0.3548387096774194,2.7939316383904638,0.9985757380305027
95699457,Oc1cc(ccc1/C=C/1\SC(=NC1=O)N1CCCCN1)F,5,0.47619047619047616,1.8443725220248541,0.9991735275439847
31873876,Fc1ccccc1CN1CCN(CC1)S(=O)(=O)N1CCOCC1,5,0.5111111111111111,1.7510662466053426,0.9964890130119248
48763678,C1CC(CCO1)Nc1nnc(s1)Cc1ccccc1,5,0.46,1.3151608266673898,0.9979726786382682
49336815,Cc1ncn(c1C)Cc1noc(n1)-c1ccccc1O,5,0.31343283582089554,2.754216767068097,0.9981816683399313
41560058,CCC1(O)CN(C1)c1ncccc1C#N,5,0.52,0.8090315197816035,0.9990221411372976
37022061,COc1cc(c(cc1OC)NCC(=O)Nc1ccc(cc1)C)F,5,0.3559322033898305,2.1623295308532744,0.9974505702686712
97290253,CCCS(=O)(=O)c1nc(cc(n1)-c1ccc2n(ccc2c1)C1CC(C)(C)NC(C)(C)C1)NC1CC1,5,0.22988505747126436,5.288722435522528,0.9977520378332495
32136137,COc1ccc(c(c1)-c1cc(no1)C(=O)N1CCCN(CC1)C(=O)C)OC,5,0.4166666666666667,1.6325761850517984,0.9995508943981928
49939748,N#Cc1ccc(o1)CNc1cnc2ccccc2c1,5,0.2982456140350877,1.3179787555199216,0.9994547785435712
EN300-53017,C[C@@]12C=CC(=O)C=C2CC[C@H]2[C@@H]3CC[C@](O)(C(=O)CO)[C@@]3(C)C[C@H](O)[C@@H]21 |r|,5,0.3142857142857143,3.953936393013983,0.9973446875740162
49913437,CS(=O)(=O)NCCN1CCc2c(cc(cc2C1)Cl)Cl,5,0.26865671641791045,1.1779821730403084,0.9986097315025857
32441961,COc1ccc(c(c1)-c1nnc(o1)N)Br,5,0.3404255319148936,2.769472332412835,0.9944664402618109
232838707,COCC(=O)Nc1ccc(cc1)NC(=O)Cc1ccc(cc1)C(F)(F)F,5,0.39215686274509803,1.945621237548545,0.9985647430445511
24069164,FC(F)Oc1ccccc1NC(=O)CN1CCOC(C1)c1ccc(cc1)F,5,0.4307692307692308,2.1338235634651577,0.9977356847972161
45763784,Cc1cc(no1)NC(=O)C1CCN(CC1)c1ccncc1Cl,5,0.5818181818181818,1.8848506572139114,0.9978050311020542
49165262,CCCn1ccnc1CNc1nc2n(nc(c2s1)C)C,5,0.2833333333333333,1.9007509042486983,0.9990083175874779
29577392,O=C(NCc1ncc(o1)-c1ccccc1)C1CCCCC1,5,0.44642857142857145,1.860980118109999,0.9986653547916594
49956558,CCS(=O)(=O)N(C)c1ccc(cc1)N(C)C,5,0.2857142857142857,1.0388281859868231,0.9975979419901769
46016546,CC(C)[C@@H]1N(C)c2ccc(cc2C[C@@H](CO)NC1=O)NC(=O)/C=C/C=C/c1ccc(cc1)C(F)(F)F |r|,5,0.25252525252525254,4.4948682961796464,0.9967533494361384
49973650,CCCC1=NN(CCCN2CCCCC2)C(=O)O1,5,0.3157894736842105,2.025198261899355,0.9984357640060384
49961090,COCC1=NN(CCCN2CCCCC2)C(=O)O1,5,0.2909090909090909,2.1566075210847666,0.9991429497218934
30435883,Cn1cnnc1-c1cccc(c1)NS(=O)(=O)c1cc2c(cc1Cl)OCCO2,5,0.5072463768115942,1.8120742258527782,0.9977075258269228
30020911,Cn1cnnc1-c1cccc(c1)NS(=O)(=O)c1ccc2c(c1)OCCCO2,5,0.6,2.0651014502924903,0.9989422067936115
30724831,CC(C)c1onc(c1C(=O)Nc1ccccn1)C,5,0.4098360655737705,1.689648780072527,0.9991779174925464
152135,Clc1cccc(c1)-c1cccc(n1)C1CCCN(C1)S(=O)(=O)c1cn[nH]c1,5,0.5147058823529411,1.8991848251289558,0.9972881376575524
36356154,COc1ccnc(n1)N1CC(C1)n1nc(cc1C)C,5,0.46153846153846156,1.3246486326569884,0.9983326346846378
31397498,O=C(Nc1ccccc1-n1ccnc1)c1cccs1,5,0.6122448979591837,2.1330977474084505,0.9989273339701095
708404,Cc1nsc(c1C#N)Nc1ccccc1,5,0.3191489361702128,1.086416586765705,0.9995022235206427
29627143,Nc1ccc(c(c1)Cl)C(=O)N1CCOCC1,5,0.32142857142857145,1.389448091869461,0.9980957155120008
68918136,CCOCCNC(=O)c1cccc(c1)-c1cc(ccc1OC)F,5,0.4782608695652174,1.5626487129232267,0.998744718022402
485897,OC(=O)CCn1c2ccccc2c2ccccc12,5,0.40476190476190477,2.328686324947938,0.9964225000535474
3030747,CCC(C)(C)c1ccc(cc1)Oc1ccc(cc1)NC(=O)CSc1cccc[n+]1[O-],5,0.3142857142857143,2.614302775119663,0.9963410129879067
29954871,C(CN1CCN(CC1)c1ncccn1)Oc1ccccc1,5,0.4883720930232558,1.304267610576829,0.9988727499925203
31356688,O=C(CCN1N=Nc2ccccc2C1=O)Nc1ccncc1,5,0.44642857142857145,1.3292971827244144,0.9986738562219983
42653736,O=C1Nc2ccccc2N1C1CCN(CCOc2ccccc2)CC1,5,0.6296296296296297,1.8848204158487432,0.998272920416128
46339059,COCCOc1ccc(cc1)Nc1ncc(c(n1)Nc1cccc(c1)NC(=O)C=C)F,5,0.375,2.1484315209010156,0.998924090220879
49424084,CNC(=O)c1cc(ccn1)Oc1ccc(cc1)Nc1ncc(c(n1)Nc1cccc(c1)NC(=O)C=C)F,5,0.3763440860215054,2.7588423296732145,0.9991479878880756
11841196,CN1CCC(CC1)OC(=O)Nc1ccc(c(c1)Cl)Cl,5,0.375,1.3745130046677498,0.9983494209452539
157723,CNC(=O)c1cn(nc1CC1CCN(CC1)Cc1cnc(nc1)-c1ccc(cc1)OC)C,5,0.37142857142857144,2.4793275297952397,0.9978473667756186
19625558,CCN(C(=O)CN1CCNC(=O)C1)c1ccc(cc1)F,5,0.45098039215686275,1.7021363047652784,0.997459466477141
30173146,Cc1c(n(c2ccc(cc12)O)Cc1ccc(cc1)OCCN1CCCCCC1)-c1ccc(cc1)O,5,0.36231884057971014,3.918973590112619,0.9975072441081286
49343397,COc1cc(ccc1Cn1ccnc1C(C)C)C#N,5,0.31746031746031744,1.7119421719205683,0.9988323799272846
48788735,Cc1ccnc(c1NS(=O)(=O)c1ccccc1C)Cl,5,0.2653061224489796,1.0109817011203404,0.9990635995582358
177258756,CN(Cc1ccc(cc1)OC(F)(F)F)Cc1cn(nn1)C,5,0.3225806451612903,1.9310668036088665,0.9967985140136393
420214,CCCn1ncc(c1C)CN1CCC(CC1)c1cc2cccnc2[nH]1,5,0.4050632911392405,3.8559745849786244,0.9986369697244123
44113727,Cc1ccc(cc1)CC(=O)NCc1cccc(c1)C(=O)Nc1ccccc1,5,0.39285714285714285,1.6282094459863978,0.9983464942026805
89942274,CN1C(=N[C@@](C)(CS1(=O)=O)c1cc(ccc1F)NC(=O)c1ccc(cn1)F)N |r|,5,0.2727272727272727,1.909280230872507,0.9985975330486174
310450,COc1cc(cc(c1OC)OC)CN1C[C@H]2CCC3=C(N=C(C)NC3=O)[C@H]2C1 |r|,5,0.30666666666666664,2.2080527620508126,0.9984421388676952
44505466,CC1CCC(CC1)(NC(=O)C)C(=O)N1CCCN(CC1)C1CC1,5,0.4098360655737705,2.380699267022193,0.998856202506825
27369500,Cc1ccc(cc1)C(=O)C(=O)Nc1c(nn(c1C)C)C,5,0.4090909090909091,1.218975799596087,0.9994089829646573
32278040,CCCCC1=NC2(CCCC2)C(=O)N1Cc1ccc(cc1)-c1ccccc1-c1nn[nH]n1,5,0.27848101265822783,3.4313845602029374,0.9968483810751678
901986,CCCCC1=NC2(CCCC2)C(=O)N1Cc1ccc(cc1)-c1ccccc1-c1nnn[nH]1,5,0.275,3.2381944042936053,0.9971649890580353
11868858,CC(=O)Nc1nc(cs1)-c1c(cc(cc1C)C)C,5,0.58,1.542311901010864,0.9991119592777621
902539,CCCCCNC(=N)N/N=C/c1c[nH]c2ccc(cc12)OC,5,0.2537313432835821,2.8090822344674256,0.9954021162886858
300449850,Fc1ccccc1CCNC(=O)CC1CCNCC1,5,0.3508771929824561,1.3107669510635234,0.9985412308416921
5514552,O=C(N1CCCCC1)c1sc(nc1-c1ccccc1)N1CCOCC1,5,0.3709677419354839,1.9535731365883633,0.9992151000874503
5514558,O=C(Nc1ccccc1)c1sc(nc1-c1ccccc1)N1CCOCC1,5,0.5714285714285714,1.5363765814413006,0.9989417337966641
36910847,O=C(CN1CCC(CC1)c1ccccc1)N1CCNC1=O,5,0.39655172413793105,2.72989248872556,0.99540156397384
30506974,O=C(CCCC(=O)N1CCN(CC1)c1nsc2ccccc12)Nc1nccs1,5,0.3815789473684211,2.907499097162479,0.9973981574150428
24055786,CCc1cc2c(ncnc2s1)N(C)CCO,5,0.26229508196721313,1.756299518874954,0.9993556382103843
89942016,Nc1ncc(c2ccc(nc12)-c1cccc(c1)F)C(=O)NC1CN(C1)C(=O)C1CC1,5,0.3188405797101449,2.6647491439153215,0.9991021183724149
228285,CCn1nccc1-c1cc(ncn1)CC1CCNCC1,5,0.3728813559322034,1.3625145870772957,0.998777927385349
210343,Cc1nc(cc(n1)C1CN(C1)c1ncccn1)Nc1nccs1,5,0.358974358974359,1.201715856598671,0.9993725122036884
31231716,C[C@H](Cc1cc2c(c(c1)C(=O)N)N(CCCO)CC2)NCCOc1ccccc1OCC(F)(F)F |r|,5,0.26744186046511625,3.4387001904789707,0.9953063115187918
222721,CC(C)C(=O)N1CC(C1)Cc1nccc2ccn(c12)C,5,0.3225806451612903,1.5510641508327871,0.9993341884892353
24121680,Cc1ccccc1CNC(=O)c1ccc(nc1)-n1ccnc1,5,0.6363636363636364,2.3925166666086484,0.9983199622932215
3140960,Clc1ccc(cc1Cl)C(=O)NN1CCOCC1,5,0.2857142857142857,1.8552220891310844,0.9986369331246308
18877730,OC(=O)c1cc(cc(c1NC(=O)CSc1nccn1C1CC1)Cl)Cl,5,0.28378378378378377,2.434300104753265,0.9988795498687786
49644632,O=C(NCCN1CCC(CC1)c1ccccc1)c1ccc2ncsc2c1,5,0.4426229508196721,2.8210834797999027,0.9975206714001318
31612429,Cc1cccc(c1)-c1ncc(cn1)CNCc1ccccc1-n1cccn1,5,0.323943661971831,1.6920839222688413,0.9995365706482322
25041311,Cc1nnc(o1)-c1ccc(nn1)N1CCC(CC1)Oc1cc(ccc1Cl)F,5,0.43661971830985913,2.2610886758373496,0.9954569912169677
29676702,O=C1CCCN1C(=O)COc1cccc(c1)-c1nnco1,5,0.3484848484848485,1.442406669424716,0.9987688273151533
48638440,Cc1ccccc1COC1CN(C1)C(=O)CN1C(=O)Nc2ccccc21,5,0.5862068965517241,1.9518317038103872,0.9991907299239634
232900428,COCC(=O)Nc1ccc(cc1)NC(=O)Cc1cc(ccc1C)C,5,0.43137254901960786,2.077262862518548,0.997488725669828
44811452,Cc1nc(sc1C(=O)Nc1ccccc1-c1cn2c(csc2n1)CN1CCOCC1)-c1cccnc1,5,0.30526315789473685,3.4552502080174734,0.9991756601902076
48934153,CN(CCOc1ccccc1)CC(=O)NCCc1ccccc1,5,0.5272727272727272,1.7459621989034666,0.9977793053572761
173035,Cc1noc(n1)C1CCN(CC1)CCc1ccccc1,5,0.423728813559322,1.6688858558934687,0.9987285184828181
49383509,CCC(=O)Nc1cccc(c1)Oc1nc(ncc1Cl)Nc1ccc(cc1OC)N1CCN(C)CC1,5,0.4772727272727273,1.6526279073037244,0.9985229855379552
49911442,Cc1ccc(cn1)CCNc1ccc(nc1)C#N,5,0.42592592592592593,0.9531668269512898,0.9997750337010273
48760058,CC(C)c1nnc(o1)NCc1cc(cc(c1)F)F,5,0.5681818181818182,1.3202249808272646,0.9980169383281423
315631672,COc1c(ncnc1N1CCCC(C)(C)CC1)N,5,0.29310344827586204,2.161959527835782,0.9988266573753658
46092427,COc1ccc(c(c1)OC)Cc1ncnn1-c1ccc2c(c1)OCO2,5,0.48484848484848486,1.57063904191914,0.9985903708351628
271693,Cn1cncc1-c1ncccc1C(=O)N1CCCC1,5,0.3442622950819672,1.9131176126936549,0.9989300770758011
43657264,O=C(NCCc1csc(n1)N1CCCC1)N1CCSCC1,5,0.5272727272727272,1.4865587778487426,0.9991964337855611
341560,Cc1ccc(cc1)C1(O)CCN(CC1)Cc1cn(c2ccc(cc12)F)C,5,0.48333333333333334,2.43080583346379,0.9990497215929334
300481375,Fc1cc(ccc1CNCc1ccccn1)Br,5,0.42857142857142855,1.6533838029930357,0.9973596691065816
2944765,COc1ccc2c(cc3nnnn3c2c1)-c1ccccc1,5,0.3018867924528302,0.8873787241081627,0.9986274406569262
232861350,COc1ccc(cc1)-c1cc(nc(n1)-c1ncccn1)C(C)(C)C,5,0.6136363636363636,1.2475495982124962,0.9985515203182981
43674916,Cc1csc(n1)N1CCN(CC1)Cc1ccc(nc1)OCC(F)(F)F,5,0.36486486486486486,1.7141726867497944,0.9979961482800268
2047138,CC(=O)Nc1cccc(c1)OC(=O)N1CCOCC1,5,0.5192307692307693,1.6690203713556813,0.9978159621009187
301143195,Oc1ccc2nc(ccc2c1Cl)/C=C/c1csnn1,5,0.48,1.7118942724361936,0.998804046988881
48257421,CCc1nnc(c(c1CC)C#N)Oc1cccnc1,5,0.46,1.5551906635523527,0.998923446493726
320312,CCc1cc(nc(n1)C1CCN(CC1)C(=O)C1CC1)N1CCOCC1,5,0.373134328358209,2.624221979939931,0.9985854419665616
320405235,CN(CCOc1c(ncnc1-c1cc(cc(c1C)NC(=O)c1ccc(cc1F)C1CC1)F)N)C(=O)C=C,5,0.25555555555555554,2.630990687934821,0.998060820018472
82700463,COc1cccc(c1-c1ccc(cc1)OCCN1CCCC1)OC,5,0.42857142857142855,1.9510548428989372,0.9980127232731386
222755004,COC(C)(C)CCNC(=O)CC1CC(C)(C)NC(C)(C)C1,5,0.49056603773584906,2.453636077334595,0.9983874201064772
181775,CNCc1cc(nc(n1)C1CCCN1C(=O)c1oc2ccc(cc2c1C)Cl)N(C)C,5,0.5897435897435898,2.9292879680906787,0.9990892950414407
45750904,Cc1nc(cs1)CNC1CCN(CC1)C(=O)C1CC1,5,0.375,1.8352119768573674,0.9983028920905297
35741943,CN(C)c1cc(nc(n1)N(C)Cc1csc(n1)C)C,5,0.375,1.5630367877948723,0.9988521189573533
11963582,Cc1cccc(c1)NC(=O)c1cccc2ncccc12,5,0.46296296296296297,1.2176781183877219,0.9994812605766888
258731,COc1cccc(c1)S(=O)(=O)N1CCOC(C1)c1c(sc2ncccc12)C(=O)N,5,0.32989690721649484,2.5726591301608024,0.9986658968328188
178526390,Cc1cnc(nc1-c1ccc(cc1)N(Cc1ccc(cc1)CNC(=O)C(F)F)C(=O)c1ccc(cc1O)O)Cl,5,0.32,2.9449842104838635,0.9968755883790585
11480138,COc1ccc(cc1)-n1cc2c(c1-c1ccccc1Br)C(=O)N(C)C(=O)N2C,5,0.3013698630136986,2.1402133071258915,0.9991105561148627
11480136,COc1ccccc1-n1cc2c(c1-c1ccccc1Br)C(=O)N(C)C(=O)N2C,5,0.28378378378378377,2.442300554804578,0.9983140480334926
44402919,NC(=O)Cn1cc(cn1)-c1ccc(cc1)F,5,0.28846153846153844,1.426395807621373,0.9988594649946806
36516782,FC(F)(F)c1ccc(cc1)Nc1nc2cc(ccc2[nH]1)Oc1ccnc(c1)-c1ncc([nH]1)C(F)(F)F,5,0.2361111111111111,4.009426268183493,0.9969894323763623
50894425,NC(=O)Cn1ccc(n1)-c1ccccc1,5,0.3488372093023256,1.6741463496363118,0.9983611602058847
4758327,O=C(NCCNC(=O)c1cc(nc2ccccc12)-c1ccccc1)c1ccco1,5,0.31343283582089554,2.039995833329345,0.9979964549953502
5965122,CCC(=O)NCCNC(=O)c1cc(nc2ccccc12)-c1ccccc1,5,0.31746031746031744,1.9935192499698402,0.9991443206166679
36659962,COC(=O)N1CCCN(CC1)C(=O)C(=O)Nc1cccc(c1)C(C)C,5,0.36065573770491804,1.2969676171746982,0.9986366343150044
208343,Cc1nc(cc(n1)C1CN(C1)C1CCCCC1)O,5,0.45098039215686275,3.093478462831188,0.99100280834474
53880275,Fc1ccccc1CC(=O)N1CCN(CC1)c1nccn2nc3c(c12)CCCC3,5,0.5692307692307692,2.661630515304639,0.9988238108963549
295412827,C1Cn2nccc2CN1Cc1ccccc1,5,0.38,1.6584580187631361,0.9981169355068329
48856634,CCc1c2c(nc3ccc(cc13)O)C1=CC3=C(COC(=O)[C@]3(O)CC)C(=O)N1C2 |r|,5,0.6385542168674698,2.4681736162595445,0.9992101494799243
31406035,CN1CCNc2nc3ccccc3nc21,5,0.375,1.9061747034312204,0.9966087233110862
89942308,COc1cc(ccc1-c1ncnc(n1)Nc1cccc(c1)C[S@@](=N)(=O)C)F |r|,5,0.3333333333333333,2.427064894064377,0.9976001696575246
323952813,CC(C)n1cnnc1-c1cccc(n1)N1Cc2ccc(cc2C1=O)Br,5,0.26153846153846155,2.6087092593850736,0.9995552432083468
43485719,O=C(CSC1CCCC1)N1CCC(CC1)Cn1cccn1,5,0.5384615384615384,2.1053565018778038,0.9991369494993065
49160264,CN(C)c1ccc(nn1)-c1ccc(cc1)COCc1cccs1,5,0.23333333333333334,1.6745856203850378,0.9989581560800253
49292072,CN(C1CCCCCCC1)C(=O)COc1cc(on1)C,5,0.3793103448275862,1.736948473616867,0.9985843752073804
48210605,C(Cn1ccnc1)Nc1cnc2ccccc2n1,5,0.5094339622641509,1.62712076994938,0.999100906277457
49084025,O=C(NCC1CCC2(CC1)OCCO2)c1[nH]nc2c1CCCC2,5,0.543859649122807,1.9783187306394603,0.9991146299629865
177455527,CN(C)c1cncc(n1)-c1ccc(cc1)C(=O)NC(C)(C)C,5,0.5106382978723404,1.9502110142240439,0.9987075806420428
300055299,OC(=O)CNc1nc(nc2ccccc12)-c1ccccc1,5,0.3333333333333333,1.710085377985459,0.9982884598836759
82719175,CN(C)c1ccc(nn1)-c1ccc(cc1)C(=O)NCCN1CCCC1=O,5,0.4383561643835616,1.988337747969278,0.9973936202702237
3660163,Cc1cc2nc(c3ccccc3n2n1)Sc1nnc(n1C)C,5,0.3448275862068966,1.5698168683005842,0.9993334479405827
49948742,CCOc1cc(ncn1)N1CCOC2(CCCC2)C1,5,0.3382352941176471,0.7752941377306489,0.9993532540078938
18861554,CC(C)c1noc2ncc(cc12)C(=O)Nc1cc(ccc1C)F,5,0.38571428571428573,1.2787517350909465,0.9995336690133779
49681766,CCNC(=O)c1ccc(nc1)-c1cc(cc(c1OC)OC)C,5,0.32727272727272727,1.3725130236179268,0.9983616499749585
42901988,CC(C)c1noc2nc(cc(c12)C(=O)N1CCN(C)C(=O)C1)C1CC1,5,0.28888888888888886,2.3278537325180424,0.999112157721773
19996324,O=C(CSc1ccc2c(c1)OCCO2)NC1CCCC1,5,0.6304347826086957,1.1827865403363762,0.9987208329473732
49951308,O=C(Cc1n[nH]c2ccccc12)N1CCCO1,5,0.38181818181818183,1.0763363786472837,0.9996864804675307
31405077,Cc1c(c2c(ncnc2n1Cc1ccccc1)N)C,5,0.29508196721311475,1.9972768961767253,0.9985631285606336
177360703,CN1C(=O)C=C(N(C)C1=O)C(=O)N1CCN(CCc2ccccc2)C(=O)C1,5,0.5517241379310345,1.7313416762728453,0.9991540576773018
48746727,CN(C)C(=O)C(C)(C)NC(=O)OC(C)(C)C,5,0.3023255813953488,1.46958429496204,0.9987100033407035
23827295,CN1CCC(CC1)n1ncc2[nH]c(nc12)-c1ccccc1-c1ccc(o1)C,5,0.5833333333333334,3.2770447052189247,0.999443334376536
26239500,CNC(=O)c1ccc(cc1)/C=C/c1nc2cc(ccc2o1)Cl,5,0.375,2.6335529233338892,0.9969760339341622
49946976,Cc1nc(n(n1)C)NCc1ccc(c(c1)Cl)F,5,0.46938775510204084,1.8424041359049015,0.9986882489804859
49947026,Cc1nc(n(n1)C)NCc1ccc(cc1)F,5,0.5348837209302325,2.2445505117951523,0.9982731877356603
44498594,CC(=O)N1CCN(CC1)C(=O)CCc1ccc([nH]1)-c1ccccc1,5,0.35294117647058826,1.702263493116987,0.9989909824182058
280546,O=C(N1CCOCC(C1)Cc1cccc2ccncc12)c1cccc(c1)Nc1ncccn1,5,0.43037974683544306,2.032546186437026,0.998318434152152
25002833,CNC(=O)C1CCN(CC1)Cc1ncc(o1)-c1ccc(cc1)F,5,0.421875,1.3843474997269467,0.99879428705468
147149,Cc1nc(ccc1C(=O)N)[C@H]1CC[C@@H](CC1)CNC(=O)CN1CCC(CC1)c1ccccc1 |r|,5,0.527027027027027,3.5577297536489527,0.9961060737562716
23728018,Cc1ccc(cn1)C(=O)NCC#Cc1ccccc1,5,0.5869565217391305,0.8737265018298487,0.9990726163461284
114309331,Nc1ncnc(c1-c1ccc(cc1)Oc1ccccc1)NCC1CCN(CC1)C(=O)C=C,5,0.4268292682926829,2.7378913418906428,0.9985907718712905
48836360,O=C(N(CCC#N)C12CC3CC(CC(C3)C2)C1)c1cccs1,5,0.2465753424657534,2.28888378909902,0.9984213977103285
49961912,O=C(N(CCC#N)C12CC3CC(CC(C3)C2)C1)c1sccc1C#N,5,0.22857142857142856,2.4372453713156657,0.9975539505862464
36647960,CN(Cc1cscn1)c1nc2c(cc1C#N)CCC2,5,0.39285714285714285,1.3111125047071446,0.9994057085315763
16252179,CCOC(=O)c1c([nH]c(c1C)CN(Cc1ccccc1)C(=O)c1ccccc1Cl)C,5,0.36507936507936506,1.7846632735610735,0.9990830106244931
36944203,Cc1cc(ccc1NC(=O)c1c(oc(c1C)C)C)Oc1ncccn1,5,0.4107142857142857,1.8857693390229462,0.9989905121686824
24881110,COc1ccc2nc(ccc2c1)CN1CCC(O)(CC1)c1ccc(cc1)C,5,0.40625,2.2266820608247033,0.998720645616299
173261,O=C(N1CCC(CC1)c1cnccn1)c1ccncc1,5,0.45652173913043476,1.2077396242573657,0.9990626199591633
411314,COc1ccc(cc1)N1CCCN(CC1)CC1CCN(CC1)C(=O)C1CC1,5,0.5555555555555556,2.357271515969478,0.9992407982674137
35739191,CC(C)(C)NC(=O)c1cnc(s1)-c1ccc(s1)Cl,5,0.2923076923076923,2.125334326641245,0.9987341900796645
43427775,Cc1cc(c2ccccc2n1)NCc1ccnc(c1)N1CCCC1,5,0.3880597014925373,3.195195142710032,0.9984141474295696
214735,Cc1cc(nc(n1)C1CCNCC1)NC1CCCC1,5,0.3541666666666667,2.094890450596314,0.9976971706074609
49682290,Cc1cc(nc(n1)NCc1cnc(c(c1)C)C)C,5,0.32608695652173914,1.5106640923778052,0.9985787479845115
25678159,Cn1ncnc1COc1nn2c(nnc2cc1C(C)(C)C)-c1cc(ccc1F)F,5,0.4025974025974026,2.4080602151938053,0.9993081009141741
71008775,CC(C)n1cnnc1-c1cccc(n1)NC(=O)c1cc(c(cc1F)C)-n1cnc(c1)C1CC1,5,0.37362637362637363,2.8257386644911215,0.9984037955682482
49969708,Fc1cc(ccc1CNc1ncccn1)-c1ccncc1,5,0.41304347826086957,1.5923645939293052,0.9979227015823775
53827576,CCN(CC(=O)N)CC(=O)N1c2ccccc2CCc2ccccc21,5,0.5636363636363636,1.8257820242296823,0.998654658473547
53798267,COCCN(C)c1ccc(cn1)CN1CCC2=NN(C)C(=O)C=C2C1,5,0.4788732394366197,1.7502085590007612,0.9983521277496766
82712955,CC(C)Oc1ccc(cc1)C1(CCCC1)C(=O)NC1CCS(=O)(=O)CC1,5,0.27692307692307694,1.2561683804325756,0.9993813724839322
222783725,CC(C)n1nc(c(c1C)S(=O)(=O)NCC1CCN(CC1)C(=O)C1CC1)C,5,0.328125,2.561958235412835,0.9985026170282142
50132153,CCc1ccc(cc1)S(=O)(=O)NCc1ccnc(n1)N1CCCC1,5,0.3220338983050847,1.5630099167954052,0.998799227536908
316928211,O=C(Nc1cccc(c1)N1CCNC1=O)C1NCC21CCCC2,5,0.5737704918032787,2.369235741753079,0.9984355739423022
31611971,Cc1nc(c2ccsc2n1)N(CC=C)Cc1cccnc1,5,0.29411764705882354,1.8037333505812985,0.9987236723284375
11652485,O=C(Cc1csc(n1)-c1ccccn1)NC1CCCCCC1,5,0.39285714285714285,1.7405237717424373,0.999497907009095
43397821,Cc1cc(cc(c1)C(=O)Nc1nn(cc1C#N)C(C)(C)C)C,5,0.5098039215686274,1.404111462812397,0.9984437187444977
49067448,CC1(CCCC1)CNC(=O)N1CCN(CC1)Cc1ccon1,5,0.6071428571428571,1.5775519008896426,0.9985509384365826
50131633,CCCC(=O)NCC(=O)Nc1cnc(nc1)N1CCN(C)CC1,5,0.3728813559322034,1.7921459203983716,0.9979818700052222
44398457,CCCC(=O)Nc1cnc(nc1)N1CCN(C)CC1,5,0.4339622641509434,1.0810707654915461,0.9986928490519844
1487936,N#Cc1cc2c(nc1SCc1cccnc1)CCCCCC2,5,0.3492063492063492,1.49184147951427,0.9980950430059417
14004708,C(Nc1ncccn1)c1cnn(c1)-c1ccccc1,5,0.43137254901960786,2.035978880047579,0.9991646437734416
84836387,Clc1cc2c(nnc(c2cc1Cl)-c1ccncc1)NC1CCCC1,5,0.30434782608695654,1.4418436114918785,0.9985158980246452
315276693,COc1cc(ccc1N1CCN(C)CC1)Nc1cc(ccn1)-c1cccc(c1)C#N,5,0.38333333333333336,2.315538166388181,0.9983186131912195
50354657,CC1=NN(CCOc2cc(cc(c2)Br)F)C(=O)C=C1,5,0.6078431372549019,1.0419285004258718,0.9987589637277298
49951580,CN(C)CC(=O)Nc1nc(ns1)-c1sccc1C,5,0.3389830508474576,1.552897292160785,0.9991414302306005
49000996,CN(CCNC(=O)NC1CCOCC1)C1CCCC1,5,0.4444444444444444,2.6289425630849483,0.9970538549250294
48745068,CN(CCc1ccncc1)c1ncccc1C#N,5,0.3103448275862069,1.2262495667685778,0.9994045553909442
32148273,CC(C)C(=O)Nc1ncn(n1)Cc1cccnc1,5,0.5932203389830508,1.1294060385891003,0.9997975164712395
48328503,CC#CCCNC(=O)c1cccnc1C,5,0.38596491228070173,1.5840363000892843,0.9993834648015296
3572643,CC(=O)N1CCC(CC1)(C(=O)Nc1nccs1)c1ccccc1,5,0.37681159420289856,1.6221300810972477,0.9986222177520172
306432,Cc1nc2ncc3c(n2n1)CCCC3=O,5,0.6190476190476191,3.4208102841286383,0.976182019723469
53825026,CCC1=CC(=O)NC(=N1)SCCCCC1CCOCC1,5,0.509090909090909,2.6432109261274177,0.9981749546292883
11010047,Cc1nc2ccccc2n1Cc1ccc(cc1)C(=O)O,5,0.3958333333333333,3.115868257805494,0.9956175503016409
3665537,Cc1sc2ncnc(c2c1C)OCC(=O)Nc1ccc2c(c1)OCO2,5,0.5396825396825397,1.9498240946312233,0.9996367364848436
43370379,N#CCCN(C1CC1)c1ncnc2sccc12,5,0.31666666666666665,1.392792159656375,0.9989175284262204
168892617,CCc1nc(cn2nc(cc12)C1=CC(=O)N2C=C(C=C(C)C2=N1)C1CCN(C)CC1)C,5,0.35714285714285715,3.7026953695923934,0.9978549020911688
171975111,CC(=O)NC[C@H]1C[C@]2(C)[C@@H](CCCC[C@]2(C)O)N1CC1(O)CCCC1 |r|,5,0.3103448275862069,5.195589186993279,0.9991323289890625
171974149,CC(=O)NC[C@H]1C[C@]2(C)[C@@H](CCCC[C@]2(C)O)N1CC1(O)CCOCC1 |r|,5,0.2857142857142857,5.535501603287651,0.9982438088150006
35774799,C1CC(C1)CNc1nc(no1)-c1ccccc1,5,0.5853658536585366,1.3735723497508092,0.997868240649973
320383153,CC(C)(C)Nc1cc(c2ncc(n2n1)-c1ccc(cc1)C(=O)NC1CC1)NCC1CCOCC1,5,0.3125,3.7680471069244006,0.9985743323197943
49912141,CN(Cc1nc(no1)-c1cccnc1)c1ccnc(n1)C,5,0.4727272727272727,2.0135486087998227,0.9980389634614418
13484504,CCc1nc2ccccc2n1CC(=O)Nc1ncc(s1)C,5,0.4375,1.7900508372672785,0.9991029223351596
2500471,Cc1ccc(cc1NS(=O)(=O)c1ccc(cc1)Cl)-c1nc2ccccc2[nH]1,5,0.3114754098360656,2.019208755924145,0.9991984902920429
4498619,Clc1ccc(cc1)S(=O)(=O)Nc1cccc(c1)-c1nc2ccccc2[nH]1,5,0.3380281690140845,1.2343577277275357,0.9993416491729035
49028063,Cc1nnc2ccc(nn12)NCCOC1CCCCCC1,5,0.3548387096774194,1.9236156060915484,0.9974613373290342
197945,Cc1cc(cc(n1)C1CCCN(C1)CC(=O)Nc1ncc(s1)C)Nc1ccccn1,5,0.6052631578947368,2.764613535378414,0.998602225926344
146921,CN(C)C(=O)c1ccc(nc1N)C1CCN(CC1)C(=O)CCc1nc2cc(c(cc2[nH]1)C)C,5,0.4605263157894737,3.2007638150915083,0.9964394409565187
25616683,CNc1nc(ncc1F)-c1cc(cc(c1)OC)OC,5,0.32608695652173914,1.701954170945832,0.9992197405002676
301928950,CC1CC(N)CCN1C(=O)c1cc(c(cc1F)F)N1CCNC1=O,5,0.4117647058823529,1.9416428610841723,0.9993895565794211
31205261,CCCC(=O)Nc1ccc(c2ncccc12)C,5,0.41818181818181815,1.520463087351891,0.9992490737322143
49067788,CCN(CC)CC(=O)Nc1ccc(cc1)Oc1ccc(nn1)C,5,0.45652173913043476,2.217853917642228,0.997443679700651
32042968,C1CN(Cc2ccccc2N1)c1cnc2ccccc2n1,5,0.46153846153846156,1.6355567859291267,0.9985304711359797
306342,O=C1Oc2nc3cc4c(cc3cc2CN1CCN1CCOCC1)OCO4,5,0.3,1.4358857893297106,0.9989258436532854
306388,O=C1Oc2nc3cc4c(cc3cc2CN1CCN1CCOCC1)OCCO4,5,0.3,1.7320897782736977,0.9983286816570568
48347951,O=C(Nc1ccc2sccc2c1)N1CCCN(CC1)C(=O)Oc1ccccc1,5,0.3333333333333333,1.4841145508348552,0.9990304008847677
6630813,Cc1ccc(cc1)CNC(=O)CN1CCC(CC1)n1nnc2cc(ccc12)C,5,0.375,2.1692351186533796,0.9982535877473028
25646720,O=C(CCc1ccc2c(c1)OCO2)Nc1nc2c(s1)CCC2,5,0.515625,1.9057801552120504,0.9992320939999997
11478087,Cc1ccc2c(c1)cc(c1nnnn21)CNCCc1ccccc1,5,0.4461538461538462,1.5488831460122339,0.9981012756532621
276241702,CC(C)Cc1ccccc1CNCc1ccc2[nH]cnc2c1,5,0.4807692307692308,3.5681441955168545,0.9902475834648244
31600959,Cc1nc2ncccn2c1C(=O)N(CC#Cc1ccccc1)C1CCCC1,5,0.4507042253521127,2.263184040240792,0.9984176117024743
49944058,CCn1nccc1CNc1nnc(o1)-c1ccc(cc1)OC,5,0.46938775510204084,1.6885307222555668,0.9983475295493838
33362309,COc1ccc(cc1)-c1csc2ncnc(c12)Oc1ccc(nc1)C,5,0.5,1.797062603250274,0.9991419522477876
48269211,COc1ccc(cc1)CC(=O)Nc1ccc(nc1)F,5,0.39344262295081966,1.763985260709433,0.99899477162364
48295458,Cn1ccnc1-c1noc(n1)NCc1ccccc1,5,0.41509433962264153,1.4850744089100711,0.9989683491764951
100221253,Clc1ccc(cc1)C(=O)N1CCC(CC1)c1nnc2n1CCCC2,5,0.34285714285714286,2.0074580942077893,0.9988057094934887
177502491,CCn1nc(c2ccccc12)CNC(=O)C1CCOCC1,5,0.6153846153846154,1.466788328286893,0.9995736435645762
222077,CC1(CCN(CC1)Cc1ccco1)c1ccn[nH]1,5,0.3333333333333333,2.1883911898927977,0.9991365962370353
171813288,CCOc1ccc2[nH]c(c(c2c1)C)C(=O)N1CC[C@@](O)(CC(C)C)[C@H](C1)Oc1ccc(cc1)F |r|,5,0.2988505747126437,5.543659531392713,0.9991517849243733
171813207,CC(C)C[C@]1(O)CCN(C[C@@H]1Oc1ccc(cc1)F)C(=O)c1[nH]c2c(cc(cc2c1C)C)C |r|,5,0.26136363636363635,4.567515517214876,0.9994712981373394
171813311,CCc1c([nH]c2ccc(cc12)C)C(=O)N1CC[C@@](O)(CC(C)C)[C@H](C1)Oc1ccc(cc1)F |r|,5,0.25555555555555554,5.062584221521712,0.9994777834425261
36436018,CCOc1ncccc1-c1nc(cc(n1)NC)C,5,0.43137254901960786,1.6024609199602788,0.999523717662611
50282751,CC(C)OC(=O)N1CCC(CC1)Oc1ncnc2n(ncc12)-c1ccc(cc1F)S(=O)(=O)C,5,0.24468085106382978,2.0255241297008437,0.9980388741276022
48247166,CNC(=O)c1ccc(nn1)N(C)C1CCC1,5,0.3442622950819672,1.0838311676636474,0.998427013805242
177361869,CN(C)c1nc(ncc1C)NCC1(CO)CCCC1,5,0.43859649122807015,2.5301035551926385,0.9964613524344796
36571105,CC(C)c1nccn1Cc1nc(oc1C)-c1ccccc1C,5,0.296875,1.857697499594418,0.9992724627254385
53751988,O=C(N1CCCC1)c1ccc(cc1)NS(=O)(=O)c1cccc2cnccc12,5,0.5,1.4032195124069267,0.9983165138201749
31364239,O=C(CC1CCCC1)NCc1nnc2n1CCC2,5,0.41935483870967744,1.5363437115439749,0.9989978979664447
425680,Cc1cc(on1)-c1cnn(c1C1CC1)CCNC(=O)c1sc(nc1C)C,5,0.38961038961038963,2.0813685401676834,0.9995303590419876
2042658,Fc1ccccc1CNC(=O)Cc1cccs1,5,0.4444444444444444,1.3554585939819555,0.9990332305046905
24880306,CC(C)(C)c1ccc(cc1)C(O)CN1CCC(O)(CC1)c1ccc2c(c1)OCO2,5,0.28378378378378377,6.349646998062225,0.983547666107894
231820085,Cc1ccc(c(c1)S(=O)(=O)N1CCCN(CC1)C1CCC1)C,5,0.5,1.5183523965143184,0.9990494266552047
49977918,CCCn1cc(cn1)CN1CCC(CC1)c1nc(no1)N(C)C,5,0.36923076923076925,2.4958565663915797,0.9980722650231015
50570563,CC(C)n1cc(cn1)CN1CCC(CC1)c1nc(no1)N(C)C,5,0.359375,2.15274290150938,0.9981484859513973
49149133,CSc1cccc(c1)-c1ccccc1-c1nnc(o1)C,5,0.36363636363636365,1.5006601880505226,0.9983010346615705
LN01265151,C[C@]12C=CC3=C4CCC(=O)C=C4CC[C@H]3[C@@H]1CC[C@@]2(O)CC=C |r|,5,0.4696969696969697,3.8813935641725337,0.999455556513577
14858512,Fc1ccc(cc1)CCNc1ncccc1C#N,5,0.5531914893617021,1.1954865118437088,0.9976762795352965
50334305,Cc1sc(c(c1C)C)NC(=O)CN1CCOC(C1)C1CCCO1,5,0.2948717948717949,2.0765878262189976,0.9992209843995079
11880948,CCN1CCN(CC1)c1ccc(cc1)Nc1ncnc2sccc12,5,0.4,2.5709204577352494,0.997323258863126
49951746,Cc1cccc(n1)NCCc1cc(cc2c1OCOC2)F,5,0.4393939393939394,1.525996068146669,0.9985936268138212
110220963,Cc1ccc(cc1)S(=O)(=O)N1CCC[C@@H](C1)C(=O)NC1CCOCC1 |r|,5,0.39436619718309857,1.3065584564036419,0.998843304132595
177501206,CCCC1(CCC1)CNC(=O)CN1C=CC(=O)C=C1,5,0.6170212765957447,1.7475005007151754,0.9985765416295743
49951918,Cc1cccc(n1)NCC1CCN(CC1)C(=O)c1ccccc1,5,0.47368421052631576,1.6956169968481305,0.9977975915898195
72973189,CC1(C)CC(CC(C)(C)N1)Oc1ccc(nn1)-c1ccc(cc1O)-c1cn[nH]c1,5,0.27692307692307694,2.188813605586462,0.9973512923852631
3962718,O=C(Nc1nncs1)c1cccnc1,5,0.46808510638297873,1.2583755401307992,0.9994748507367102
82700885,Cc1cc(c2ccc(cc2n1)C(=O)N1CCN(CC1)c1nc[nH]n1)C,5,0.6229508196721312,1.1682174455122676,0.9991596233867511
11964390,COC(=O)c1c([nH]c(c1C)C(=O)N(C)Cc1ccc(c(c1)F)OC)C,5,0.5084745762711864,2.3408323306039263,0.9991922391885719
177405420,CN(Cc1c(nn(c1C)C)C)C(=O)NCc1cnc(c(c1)C)C,5,0.5454545454545454,1.609205083262684,0.9995604536408218
24121594,O=C(NCc1cnn(c1)-c1ccccc1)C1CCC1,5,0.5094339622641509,1.4105846305698382,0.9991804068812987
1527152,Cn1c(ncc1-c1ccccc1)NCc1ccccc1,5,0.45614035087719296,2.1047655451377887,0.997365139447092
1527130,COc1cccc(c1)CNc1ncc(n1C)-c1ccccc1,5,0.47619047619047616,1.6196937982224329,0.9979994138019674
LN01343314,CCc1c([nH]c2ccc(cc12)Cl)C(=O)NCCc1ccc(cc1)N1CCCCC1,5,0.3333333333333333,3.673486899391491,0.997397245098028
3563624,FC(F)(F)c1nc(c2ccccc2n1)Nc1ccc(cc1)-n1cnnn1,5,0.30158730158730157,1.5938478597406571,0.9992946336448424
33351514,Cc1ccc(c(c1)OCc1c(ccc2cccnc12)Cl)C(=O)N,5,0.3770491803278688,1.6739689363903423,0.9984957198739955
177344381,COc1cccc(c1Cl)CN1C=NC2=C(COCC2)C1=O,5,0.34285714285714286,3.337862639474428,0.9883670916431233
49963610,CC(=O)NC1CCC(CC1)NCCSc1ccc(cc1)C,5,0.5319148936170213,1.892291203805478,0.9981707054217832
45699341,CN1C(=O)N(Cc2ccccc2)C(=C(C(=O)CSc2nc3ccccc3n2C)C1=O)N,5,0.36363636363636365,2.800313375320887,0.9994632206945315
32437102,COCc1cc(ccc1OC)-c1nc(n[nH]1)CCc1ccccc1,5,0.4,1.094383844909899,0.9990898202184602
49038326,OCC1CCN(CC1)C(=O)Nc1ccc(cc1)COC1CCCC1,5,0.3620689655172414,2.031472618570008,0.9973302647029214
49130722,CCN1CCCN(CC1)C(=O)Nc1ccc(cc1)COC1CCCC1,5,0.40298507462686567,2.377536750504612,0.9983327564910425
2292167,COc1ccccc1CC(=O)Nc1ncc(s1)C,5,0.4444444444444444,0.9428255405959479,0.9994643334881237
49314549,CN(Cc1cccnc1)Cc1ccc(o1)C#N,5,0.35714285714285715,1.874590355250909,0.9992294801633006
49346047,Cc1nccc(c1Cl)NC(=O)c1ccncc1Cl,5,0.5306122448979592,2.4919845505140352,0.9987033604669248
36427432,CCc1nc2cc(ccc2o1)-c1c(cccc1OC)OC,5,0.3137254901960784,1.4920599853893501,0.9990615827111419
31837160,CN(C)C(=O)c1ccc(cc1)NC(=O)c1cccc(c1)F,5,0.4772727272727273,1.6100350927852873,0.998734535494933
36913784,O=C(CCCc1nc2ccccc2[nH]1)N1CCCC1,5,0.4583333333333333,2.0666480106684664,0.9982997330195584
89942282,CCc1nc2c(cc(cn2c1N(C)c1nc(c(s1)C#N)-c1ccc(cc1)F)N1CCN(CC1)CC(=O)N1CC(O)C1)C,5,0.25961538461538464,4.901713883939356,0.9980246082064987
36435318,Cc1nnc(s1)-c1ccccc1-c1ccc(cc1)O,5,0.37735849056603776,1.1088990035165909,0.9981196126320018
30043512,CN(Cc1ccccc1Br)C(=O)Nc1ccc(cc1)C(=O)N1CCCC1,5,0.5689655172413793,1.6685062181486028,0.9989729821675128
13523780,Cc1nc2ccc(cc2s1)NC(=O)c1sc(nc1C)-c1ccccn1,5,0.45454545454545453,1.5208967749333362,0.9998020945277678
410858,Cc1ccc(cn1)-c1nc(ncc1-c1cc(no1)C)NCc1ccco1,5,0.5373134328358209,2.743085124454339,0.9990097999410998
49322427,O=C1Oc2cccnc2N1Cc1ccccn1,5,0.5294117647058824,2.1344434871883498,0.9977894963311724
11812085,CC1CCN(CC1)CC(=O)Nc1nc(cs1)-c1c[nH]c2ccccc12,5,0.3582089552238806,2.8953262337777446,0.9992463721521613
35771333,NC(=O)c1ccc(cc1)Oc1ccc(cc1)C(=O)N1CCCCCC1,5,0.3877551020408163,2.58346763091774,0.9974262949922678
49995595,CNC(=O)c1cccc(c1)Cn1nnc(n1)-c1ccccc1Cl,5,0.373134328358209,1.360012499942465,0.9988026578125068
49317565,OC1(CCCCC1)Cc1nc(no1)-c1ccsc1,5,0.3880597014925373,1.147924213526403,0.9989447138217371
8296397,NCc1cccc(c1)C(=O)N1CCCC1,5,0.4074074074074074,1.581367130049221,0.997046599032476
35732653,CC1=CNC(=O)N1c1ccc(cc1)C(=O)Nc1ccc2ccccc2n1,5,0.5517241379310345,1.2881696316865148,0.9994408027298919
32434890,CN(C)c1nc(ncc1C)NCc1ccccc1-n1ccnc1,5,0.5081967213114754,1.6439318720673715,0.9992961082317803
72972951,CC#CC(=O)N1CCC[C@@H]1c1nc(c2c(nccn12)N)-c1ccc(cc1)C(=O)Nc1ccccn1 |r|,5,0.34523809523809523,3.4850942598444794,0.9975899361164229
157255,Cc1nc(cc(n1)NC1CCCC1)CC1CCN(CC1)S(=O)(=O)c1c(noc1C)C,5,0.6307692307692307,2.8278270809935293,0.9968845575996665
43060096,COc1cncc(c1)-c1ccnc2[nH]ccc12,5,0.4807692307692308,2.33041240985368,0.9987732545816779
73048893,CC1=C(Br)CN(CC1)CCC1=Nc2ccccc2C(=O)N1,5,0.352112676056338,1.7740332578618097,0.9990718710750579
540123,COc1cc2nc(sc2cc1OC)N,5,0.4444444444444444,0.9526263695702845,0.9993414873061344
48670752,CN(C)c1ccc2c(c1)Sc1cc(ccc1N2)N(C)C,5,0.26666666666666666,1.1494159386402536,0.9991381809629841
32785616,CCCCOc1ccc(cc1)-c1cc2n(n1)C=CNC2=O,5,0.29333333333333333,2.079144295136888,0.9969148236946488
31507581,C[C@H](Nc1ncc(c(n1)Nc1cc([nH]n1)C)Cl)c1ncc(cn1)F |r|,5,0.23863636363636365,5.327374024789694,0.9981033314509207
348408,CC1=NN(CC2(O)CCN(CC2)Cc2cccs2)C(=O)C=C1,5,0.34328358208955223,1.184711779294054,0.999292984772323
36367041,Cc1cccc(c1)/C=N/Nc1cc(nc(n1)OCCc1ccccn1)N1CCOCC1,5,0.3037974683544304,3.0732007744371588,0.9981906932612363
49041586,CC(C)N(Cc1nnc(o1)C(C)C)C1CCOCC1,5,0.3157894736842105,1.4165405041861556,0.9989441233252304
49055842,Cc1nnc2ccc(nn12)N1CCC2(CCCCC2)C1,5,0.37735849056603776,1.7564279091379433,0.9996731992029637
46091137,OCc1ccc(cc1)Cn1cc(nn1)-c1cc(ccc1-n1cccn1)F,5,0.3880597014925373,1.807380701457247,0.9991211318745725
37009919,FC(F)(F)Oc1ccc(cc1)N1CCC(CC1)NC(=O)N1CCC1,5,0.34615384615384615,1.5998193648033558,0.9977904445076896
55628764,Cc1cccnc1CN1CCC(O)(CC1)c1ccccc1,5,0.44642857142857145,1.7430413075999684,0.9985842806377787
6892467,COc1cc(cc(c1OCc1ccc(cc1)Cl)Br)CNc1nnn[nH]1,5,0.3333333333333333,2.6896735861439116,0.9927965949193306
24065064,CN(C)C(=O)c1cccc(c1)NC(=O)c1ccc(nc1)C,5,0.4,1.2625153464410508,0.9991157796851562
17480068,O=C1CC2(CCN(CC2)C(=O)NCc2ccccc2)Oc2ccccc21,5,0.5,1.3442559280137356,0.9992297785583154
44527032,Fc1cc2c(cc1F)N(CCC2)C(=O)CCc1nnc(o1)-c1ccsc1,5,0.34210526315789475,1.5299568621369029,0.998035689659352
43212065,CCc1cc(on1)CN(C)c1nccc(n1)-c1ccc(nc1C)C,5,0.2878787878787879,1.5638247983707239,0.9986909552294171
1557197,Cc1cccc(c1)-n1c(nnc1CNc1ccc(cc1)F)S,5,0.38095238095238093,1.879605277711375,0.9981406958579111
9879245,COc1ccc(c(c1)OC)NC(=O)c1snnc1C,5,0.3770491803278688,1.4991017310378068,0.9995721009970524
222754320,CN(C)S(=O)(=O)CCCN1CCC(CC1)CCC(=O)N,5,0.4489795918367347,2.1929156390523654,0.9966800218685549
46034633,Cc1nc(c(c(n1)NCc1cc(no1)-c1ccc(cc1)F)C)C,5,0.3508771929824561,1.348794276381906,0.9992337535960044
3595726,O=C(NC1CCCC1)c1cc(nc2ccccc12)C1CC1,5,0.38461538461538464,1.6328371014893757,0.9985871524533906
36342840,N#Cc1ccc(nc1)N1CCc2c(ncn2C2CC2)C1,5,0.391304347826087,1.3935996555682044,0.9991417774217434
232832319,COc1ccc(cc1Cn1cccn1)CN1CC(C1)c1ccncc1,5,0.32857142857142857,2.090776171664435,0.998014559088044
3593598,Clc1ccccc1-c1ccc(o1)C(=O)N1CCN(CC1)C(=O)c1ccccc1,5,0.38461538461538464,2.124349076775862,0.9990417009585347
44563083,COC(=O)N1CCCN(CC1)C(=O)c1ccc(o1)-c1ccccc1Cl,5,0.3492063492063492,1.3278192648096996,0.9989017931084473
49937270,CC(C)c1nnc(n1C)CNC(=O)C1(C)CCC1,5,0.42,1.0402932278932706,0.999229143600959
1553084,O=C(Nc1ccc(cc1)S(=O)(=O)Nc1ccnn1-c1ccccc1)c1ccco1,5,0.38095238095238093,3.612406538583168,0.9981645465893957
1321458,COc1cc(c(c(c1)Br)Nc1nc(cs1)-c1c(nc2ncccn12)C)Br,5,0.45588235294117646,2.0730822463183056,0.9992002327627323
32391674,O=C(NCC1=CCCN(C1)Cc1cccc(c1)C#N)c1cccs1,5,0.42105263157894735,2.3689083983978247,0.9984796830728386
207509,Clc1ccc(cc1)-c1c[nH]nc1C1CCCN(C1)C(=O)CCOc1ccccc1,5,0.6376811594202898,1.9179053678423545,0.9983234834898401
43366906,CCc1cc2c(cc1N1CCC(CC1)N1CCOCC1)C(C)(C)c1[nH]c3cc(ccc3c1C2=O)C#N,5,0.34523809523809523,4.406692183486569,0.9972684197503056
31890078,Cc1nnc(c(c1C)C#N)NCCc1ccc2c(c1)OCO2,5,0.3870967741935484,1.473850060216247,0.9988321589113293
323968411,CC(O)(C#Cc1ccc2c(c1)N(CC2)c1nc(ncc1Cl)N)c1nccs1,5,0.2247191011235955,3.3193844308849494,0.9986920237603655
31968914,Cc1ccc(cn1)CNC(=O)c1cccs1,5,0.42,1.3690818090972032,0.9994370979912239
30658737,CN(Cc1cccc(c1)C#N)c1cnc2ccccc2n1,5,0.4716981132075472,1.6341563572682392,0.99677511834136
32394390,COc1ccc(cc1)CCN1C(=O)NN=C1C1CC1,5,0.3448275862068966,1.908911731851566,0.9976614694085582
2890746,O=C(Cc1ccc2ccccc2c1)NCCc1nc2ccccc2[nH]1,5,0.39344262295081966,1.5591228303117257,0.9985916880238774
36294663,CCCN(CC)c1ccc(cc1)C(=O)N1CCCN(CC1)C(=O)C,5,0.35555555555555557,2.2213279811859294,0.9992189825807118
48832018,OCC1CN(C1)C(=O)Cc1cccc(c1)I,5,0.3508771929824561,2.3233639404966246,0.9969751989170468
93438921,CN1CCN(CC1)c1ccc(cc1F)Nc1nc(c2cc[nH]c2n1)Oc1cccc(c1)NC(=O)C=C,5,0.5714285714285714,5.761667466975176,0.9978356691191884
37000875,Cc1nn(c(c1C(=O)O)C)Cc1cccc(c1)Br,5,0.38461538461538464,2.144237859939971,0.9984632699933911
31416534,OCc1cnnn1-c1cncc(n1)Cl,5,0.19230769230769232,4.375223537146476,0.9952841057687531
53815321,CN(CCSc1ccc2nnc(n2n1)C(F)F)Cc1ccccc1,5,0.6,2.1354758251968193,0.9977011598190727
29703109,CN(C)c1ccnc2sc3c(c12)N=CN(N1CCCCCC1)C3=O,5,0.22058823529411764,1.5696681177878755,0.9988773698808328
36986676,CN(C(=O)OC(C)(C)C)c1ccc2ccccc2n1,5,0.3448275862068966,1.6884652794771735,0.9984838183238498
49064812,CC(=CCOc1cccc(c1)C(=O)NN1CCOCC1)C,5,0.3333333333333333,1.5046554422859482,0.998625503072402
49176426,CCCn1ncnc1-c1ccccc1SC,5,0.37254901960784315,1.626738762063532,0.9983777907063748
323264,Cc1nccc(n1)-c1ccc(cc1)-c1noc(n1)CN1CCOCC1,5,0.6458333333333334,1.7853571071359036,0.9987179181905292
300053407,CN(C)C(=O)COC(=O)Cc1ccc(cc1)OC(=O)c1ccc(cc1)NC(=N)N,5,0.3064516129032258,1.7905602475204163,0.9958553720339075
82720833,CCC(=O)Nc1ccc(c(c1)NC(=O)N1CCC(=CC1)C)F,5,0.3333333333333333,1.8751138632097883,0.9986536841879431
260081695,COCCOCc1ccc(cc1)C1=Cc2onc(c2C(=O)N1C)-c1ccccc1,5,0.2676056338028169,2.039160121226224,0.9983233232192836
31341176,Cc1cc(c(s1)C)C(=O)NCCc1ccccn1,5,0.43636363636363634,4.577450709729007,0.9890476229596717
41287015,CN(CCc1ccccc1)C(=O)CC#N,5,0.391304347826087,2.3888748397519364,0.9991070636559564
48544545,Oc1[nH]c2ccc(cc2c1-c1ccc(cn1)CN1CCOCC1)C#N,5,0.32,2.7320481328116473,0.998401435557864
177167,CN1CCC(CC1)c1nc2cc(ccc2[nH]1)C,5,0.4576271186440678,2.5469740870296596,0.9984004931556664
46078321,Cc1ccc(c2c(cc(nc12)CN1CC(C1)c1ccccn1)O)C,5,0.3508771929824561,1.189370001303189,0.999023270046852
24142070,O=C(Cc1cccc2ccccc12)NCc1nnc2n1-c1ccccc1CC2,5,0.6101694915254238,2.2617281003694965,0.99830067431043
31841658,Cc1ccc(n1C)CNC(=O)c1cccnc1,5,0.5208333333333334,1.3828474247004299,0.9996527016595244
153321,C1CN(CCC1c1ccn[nH]1)Cc1ccncc1,5,0.4230769230769231,2.3344855964431908,0.9989934991974321
44579402,O=C(Nc1cnc2ccccc2n1)c1ccncc1,5,0.5227272727272727,1.3706275934779435,0.9995730211109867
73036824,OC1CCC(CC1)C(=O)N1CCCN(CC1)c1ccc(cc1)F,5,0.4727272727272727,1.7920624989103553,0.9982733758846523
44554243,CN(C(=O)c1cc2ccc(cc2[nH]1)C(C)(C)C)C1(CCC1)C#N,5,0.5660377358490566,1.561209787312855,0.9988891476289706
424596,CC(C)NC(=O)C1(CCOCC1)Cc1ccccc1-c1ccncc1,5,0.4927536231884058,2.2764322963792023,0.9990500759796761
11833271,COc1ccc2c(coc2c1)CC(=O)NCC#C,5,0.46551724137931033,1.295905089117235,0.9996228810686528
45697439,Cn1ccc(n1)CSc1n[nH]c(n1)-c1cc(cc(c1)F)F,5,0.28846153846153844,1.7532743652939984,0.9997255920478982
46088801,COCCc1noc(n1)CN1CC(CCC1=O)(c1ccccc1)c1ccccc1,5,0.35714285714285715,2.3486568502020875,0.9984408508399787
31935468,O=C(NCCc1nnc2n1CCC2)c1ccc2c(c1)CCC2,5,0.484375,1.6975175993198055,0.9990969298736453
42961554,CC1=CC=CN(Cc2cccc(c2)F)C1=O,5,0.6428571428571429,0.6062713913749826,0.9992710033786094
53873925,COc1ccc(cc1)CCC(=O)N1CCN(CC1)C(=O)c1cc2n(n1)CCCC2,5,0.5172413793103449,1.9903499692262083,0.9990473548487845
353778,CC(=O)N1CCC2(CC1)Oc1cc(c(cc1C=C2)C)C,5,0.29508196721311475,2.2040909690846155,0.9995170525255455
177428613,Cc1n[nH]c(n1)C1CCN(CC1)C(=O)NC1CCN(CC1)c1ccc(cc1)F,5,0.352112676056338,2.3339359459935065,0.9979907917263316
2266063,Cc1cccc2sc(nc12)NC(=O)c1cccnc1,5,0.5833333333333334,1.1643435919011265,0.9994268040479936
552358,CN(C)CCNc1c2c(c(c3nc4ccccc4n13)C#N)CCCC2,5,0.28169014084507044,2.8240805583411612,0.9972727736844798
32048916,CC(C)(C)c1nc(no1)CN1N=Nc2ccccc2C1=O,5,0.39655172413793105,1.4030124732163702,0.9991902113478427
48759286,CN(C)c1noc(n1)-c1cc(nc(c1)O)C,5,0.30357142857142855,1.6581519833837681,0.9988013400248247
177425249,Clc1cnc(nc1)NCC1(CC1)CN1CCCC1,5,0.4222222222222222,1.6787569806260085,0.997773574786117
414840,Cc1cc(sc1C)C(=O)N1CCC(CC1)C(=O)c1ccnn1C,5,0.32857142857142857,2.6113689896294674,0.9985343546919133
32444518,Nc1cnc(nc1)Cc1ccc(cc1)F,5,0.3170731707317073,1.2593772270452415,0.9979487070124953
276236010,CCC(C)(C)N1CCN(CC1)C(=O)NCCc1cc(no1)C,5,0.38235294117647056,2.5721347165342103,0.9989130727666552
53744804,Cc1cnc(c2nc(nn12)[C@@H]1C[C@H]1c1nc2c3cccnc3ccn2c1C)C |r|,5,0.2571428571428571,4.083230338837426,0.9988482493591085
189725381,Cc1nnc(n1C1CC1)COc1cccc(c1)-n1ccnc1,5,0.3389830508474576,1.7493367314502941,0.9979605530412068
44811418,CC(C)NC(=O)COc1cccc(c1)-c1nc(c2ccccc2n1)Nc1ccc2[nH]ncc2c1,5,0.30864197530864196,3.1046307348858853,0.9972805842647832
177445050,OC1(CCN(CC1)C(=O)c1ccc(cc1)-c1ccncc1)CN1CCCC1,5,0.36231884057971014,2.4280566303117306,0.9980370455713178
222782402,O=C(C1CC1)N1CCC(CC1)CNS(=O)(=O)N1CCCCCC1,5,0.3148148148148148,1.7609693353380658,0.9985909949325473
2566233,CC1(C)CC(=O)C2=C(C1)NC(=O)CC2c1ccc(cc1)Br,5,0.23376623376623376,0.985520167221523,0.9989494399881272
24501994,CCCCNC(=O)c1cccc2ncccc12,5,0.41818181818181815,1.38351219727194,0.9993457772658039
32020284,Cc1cc(c2c(nn(c2n1)C)C)C(=O)Nc1cccc(c1)-c1cnco1,5,0.39473684210526316,1.6755903437294242,0.999255741587288
1545812,Cc1cc(c(c(c1-n1cnnn1)C)S(=O)(=O)Nc1ccc2c(c1)OCO2)C,5,0.3333333333333333,2.479015127021726,0.9978109632161225
1553046,CN(C)c1ccc(cc1)NS(=O)(=O)c1c(cc(c(c1C)-n1cnnn1)C)C,5,0.3548387096774194,2.023109982180766,0.9971895446039426
53800443,CCc1[nH]nc(c1C)NC1CCC(CC1)C(=O)OC,5,0.2923076923076923,1.537980819126225,0.9992401683185349
32113613,CN(C(=O)COc1c(cccc1C)C)C1(CCC1)C#N,5,0.48148148148148145,1.2149156349305954,0.9994682836343896
1392865,CCc1sc(nc1-c1ccc(cc1)OC)N,5,0.42857142857142855,0.8226992159957278,0.9991484764631221
31923278,Cc1cc2ccccc2n1CC(=O)N1CCc2ccc(cc2C1)O,5,0.4,1.4407029534217013,0.9988057640659137
44385386,Nc1nc(cs1)CN1CCN(CC1)c1ccc(cc1)F,5,0.3148148148148148,1.3567317347210877,0.9987268575572907
49874322,COc1ccc(c(c1)F)CN1CCC(CC1)c1nc(no1)C(C)C,5,0.47761194029850745,1.6299929447699402,0.9985239763329816
227571,CN(C)C(=O)c1sc2nc(ccc2c1N)C1(C)CCN(CC1)c1ncccn1,5,0.3382352941176471,2.8031860444852588,0.9995468678956851
MCULE-9833651829,NC1CCCC(C1)C(=O)Nc1ccc2[nH]ncc2c1,5,0.4838709677419355,2.937360039218842,0.99844345810104
LN01331065,OCCn1cc(c(n1)-c1ccncc1)-c1ccc/2c(c1)CC\C2=N/O,5,0.43243243243243246,2.29228859439602,0.9993257380487474
3679149,Cc1cccc(c1)NC(=O)CSc1nncs1,5,0.44642857142857145,1.6094747590439105,0.9991901549130667
36919308,O=C(NCCc1cnn(c1)-c1ccccc1)N1CCC1,5,0.4426229508196721,1.222885930903078,0.9994845919540419
32785534,Cc1ccc(cc1)N1C=CNC(=O)C1=O,5,0.5555555555555556,0.7385891956970556,0.9991833760147245
177482615,CN1C=CC=C(C(=O)NCc2nc(no2)C(C)(C)C)C1=O,5,0.31343283582089554,1.8124185498942493,0.9989700721018824
49994071,Cc1nc(c2cnn(c2n1)C)N1CCn2ccnc2C1,5,0.574468085106383,2.3829131331205495,0.9991161233218441
177388619,CCc1nc(cc(n1)N1CCCC2(CCNCC2)CC1)C,5,0.5094339622641509,2.9073579071042044,0.9981743454699586
42961078,Cc1nc(cc(n1)Nc1cnn(c1)C(C)(C)C)Cl,5,0.4107142857142857,2.0731939127832137,0.999202028589936
36440866,CC(=O)N1CCC(CC1)Cn1ccnc1-c1cc2ccccc2s1,5,0.47692307692307695,1.760287760566146,0.9983890736932337
45688619,COCc1ccccc1CNc1ccc2cc(ccc2n1)C#N,5,0.4576271186440678,1.699463738948289,0.9984019425836188
49863827,Nc1ncnc2n(nc(c12)-c1ccc(cc1)Oc1ccccc1)[C@@H]1CCCNC1 |r|,5,0.463768115942029,3.469181892031554,0.9990362011954685
33317735,Cc1cnn(c1NC(=O)/C=C/c1ccccc1)CC1CC1,5,0.3188405797101449,1.5373883699311823,0.9983658302106689
44426195,Cc1cc(c2cccc(c2n1)C)C(=O)NCCC1=CSC2=NCCCN12,5,0.3048780487804878,1.8539207102790114,0.9994057485480585
44466308,Cn1ncnc1COc1nn2c(nnc2cc1C1CCC1)-c1c(cccc1F)F,5,0.34146341463414637,2.25209746680696,0.9993218394183379
49012602,CCOC1CCN(CC1)c1ccnc(c1)C(=O)NCc1ccccc1,5,0.38333333333333336,1.8070077476316693,0.9980433675506254
193725,COc1ccc(cc1)NC(=O)CN1CCC(CC1)c1cc(cc(n1)C)-c1cnc(nc1)N,5,0.4878048780487805,2.0880134099187484,0.9971727112328085
602991,CCOc1ccc(cc1)-c1csc(n1)N,5,0.43478260869565216,0.8659474579903137,0.998940238011321
44811754,Cc1c[nH]c2nccc(c12)Oc1c(cc(cc1F)Nc1cc(nc(n1)N)Cl)F,5,0.25,5.77513783385251,0.9984873744378718
49083485,CC(C)c1nc(c[nH]1)S(=O)(=O)N1CC2(CC2)c2ccccc21,5,0.5714285714285714,2.169346675844814,0.9996191480356064
46650374,CC(C)CCN(C)c1ncnc2nc(cc(c12)C)C,5,0.2857142857142857,1.4945624777840165,0.9982929210855539
177285116,FC(F)(F)COc1ccc(nn1)CN1CCc2c(cnn2-c2ccccc2)C1,5,0.29411764705882354,1.7068588107985772,0.9991849629559161
36950801,CN(CC1CCCC1)C(=O)Nc1ccccc1N1CCOC1=O,5,0.47619047619047616,1.7347377323387496,0.9993001413735415
232828909,Clc1cccc(c1Cc1n[nH]c(n1)CCCN1CCCC1=O)Cl,5,0.5789473684210527,1.7662998046765006,0.9991487193872628
48764100,CCc1nnc(c(c1CC)C#N)N1CCCO1,5,0.5102040816326531,1.2191874343182676,0.9983466728025848
37009025,CC(C)(C)C(=O)N1CCN(CC1)C(=O)CCN1CCOC1=O,5,0.328125,1.9328460880267069,0.9988122005542812
13329162,CN1CCN(CC1)S(=O)(=O)Cc1ccc(c(c1)Cl)Cl,5,0.36,1.8986329292413742,0.9962396629980139
13329354,CCN1CCN(CC1)S(=O)(=O)Cc1ccc(c(c1)Cl)Cl,5,0.34615384615384615,1.7632331099431613,0.9960582934879391
36458355,CCOC(=O)c1cccnc1-c1ccc2[nH]ccc2c1,5,0.4576271186440678,1.4415796890915127,0.9992346505577365
177450733,COCCc1noc(n1)CN(C)C(=O)c1ccc2c(c1)CCC2,5,0.36619718309859156,1.6645557966011693,0.9996001961731547
180601629,COc1ccccc1C(=O)Nc1ccc2cc[nH]c2c1,5,0.5294117647058824,1.484689866605137,0.9989928188922349
29965110,CNC(=O)CN(C)c1cccc(c1C#N)F,5,0.3684210526315789,1.6490421462170144,0.9968340835165007
50610014,COC(=O)N1CC(C1)NCc1c(nn(c1C)C(C)(C)C)C,5,0.2982456140350877,1.7269559924906484,0.998417402014799
23671374,Cc1ccc(s1)C(=O)Nc1ncccc1C,5,0.41818181818181815,1.4565057500747742,0.9997928591666723
49008924,CN(CC1CCC1)C(=O)C1CCN(CC1)c1ccc2nncn2n1,5,0.546875,1.964673764267539,0.9979567224594078
2343133,Oc1ccc(cc1)CN1CCN(CC1)c1cccc(c1)Cl,5,0.36,1.827154892175348,0.9971427700903789
136829,Fc1ccc(cc1)CNC(=O)C1(CCOCC1)Cc1ccc(cc1)-c1cccnc1,5,0.5454545454545454,2.444642714181308,0.9983800915060651
171789858,CC(=O)N1CCN(CC1)[C@H]1CCN(CC[C@@H]1O)C(=O)c1cc2cc(ccc2o1)C |r|,5,0.3026315789473684,3.7860586366299667,0.9984017915544149
171789496,Cc1ccc2oc(cc2c1)C(=O)N1CC[C@H](O)[C@H](CC1)N1CCOCC1 |r|,5,0.3108108108108108,1.6216383690579226,0.9996562875226384
171789564,CC(=O)N1CCN(CC1)[C@H]1CCN(CC[C@@H]1O)C(=O)c1cc2cc(ccc2o1)Cl |r|,5,0.2878787878787879,2.0512939818568854,0.9996284490281157
177509728,Cc1nnc2ncc(cn12)-c1cccc2ccnn12,5,0.5686274509803921,1.520278921777402,0.9995827429475217
48743317,O=C(Cc1coc(n1)-c1ccccc1)NCC#C,5,0.36363636363636365,0.9575306783599894,0.9994029371610221
43571023,Cc1ccc2n(nc(c2c1)Cn1ccnc1-c1cccc(n1)C)C,5,0.30303030303030304,1.63300551131943,0.9991485582558381
16664610,Cc1nc2cc(ccc2o1)NC(=O)CCc1c(nc2n(nc(c2c1C)C)C)C,5,0.639344262295082,2.12704513351287,0.999016051811523
48312888,CN(CCc1cnccn1)C(=O)c1cccc(c1)C,5,0.34782608695652173,1.578762806757429,0.9983418089789512
152939,Cc1cccc(c1)OC1CCN(CC1)CC(=O)N,5,0.421875,2.279063184731839,0.9951333507234467
152925,NC(=O)CN1CCC(CC1)Oc1cccc(c1)F,5,0.5178571428571429,1.5055540508397482,0.9955569874435246
49964694,Cc1cc(ccc1F)CN1CC(O)(CC#N)C1,5,0.29310344827586204,1.8960508959412923,0.9967881513201069
30063049,CC1Cc2cc(ccc2N1C(=O)C)S(=O)(=O)Nc1cccc(c1)-c1cnco1,5,0.35802469135802467,1.0864759546354033,0.9992753141924469
49311027,Clc1ccccc1C1N(CCNC1=O)C(=O)c1ccncc1,5,0.47692307692307695,1.4885150318353144,0.9986610187808851
300011391,Oc1nccc2c(cccc12)S(=O)(=O)N1CCCNCC1,5,0.6274509803921569,1.9329089476745474,0.9976066211773055
165629,OCCN1CCC(CC1)c1ccncn1,5,0.3541666666666667,1.8206009996699493,0.9976109438690731
36262171,Cc1nn(c(c1CCC(=O)N1CCCc2ncccc21)C)C,5,0.5932203389830508,2.2802820001042328,0.9980818359792978
35754387,CNC(=O)c1cccc(c1)Oc1ncnc2c1CN(C)CC2,5,0.4264705882352941,1.9089743319385182,0.9972755334185451
232855284,COCC1(CCC1)CNS(=O)(=O)c1ccc2[nH]cnc2c1,5,0.5769230769230769,1.929328121393412,0.9988132543418965
43249441,CN(C)c1cc(nc(n1)C)C1(C)CCNCC1,5,0.5,2.1003268793213996,0.995408220113961
36849731,Cc1ccnc(n1)NCc1cccnc1,5,0.4888888888888889,1.9075101572468334,0.9994253044835802
24034759,CCc1nnc([nH]1)Sc1nc2cc(nn2c2ccccc12)C,5,0.3064516129032258,1.859084989988317,0.9994050946364879
53882277,O=C1N2C=CC=CC2=NC2=C1CN(CC2)S(=O)(=O)C1CCCCC1,5,0.34782608695652173,2.4788025334826216,0.9956488511529479
49165848,CCn1nc(nc1Cc1sc(nc1C)C)Cc1ccc(cc1)OC,5,0.31746031746031744,1.2918831216483369,0.9988594049904503
421362,Cc1ccccc1C(=O)N1CCC(O)(CC1)Cn1ccnc1C,5,0.3448275862068966,1.9800308078408448,0.9972186830047175
32070902,Cn1ccnc1CN(C1CC1)C(=O)c1[nH]c2ccccc2c1Cl,5,0.3333333333333333,1.9833867499807407,0.99952241958251
30656579,Cc1ccc(cn1)C(=O)Nc1ccccc1C(C)(C)C,5,0.4074074074074074,1.167981592320714,0.9990881975180909
2059266,CCN(CC)C(=O)c1ccc(cc1)NC(=O)C,5,0.48717948717948717,1.2918908622634502,0.9987134919923086
60174709,Nc1nc(c2c(cccc2n1)OCC1CCN(CC1)Cc1c(cccc1Cl)Cl)N,5,0.3582089552238806,3.171654773143057,0.9948856979979461
233395,Cn1ccc(n1)CN1CCC(CC1)c1cnccn1,5,0.5490196078431373,2.624379164678619,0.9988248666698019
49953010,Cc1nc(c2c(csc2n1)C)NCCN1C(=O)CCC1=O,5,0.4423076923076923,2.885319566355886,0.9993245911244447
324054153,CC1(C)Cc2cc(c(nc2O1)N1CCN(CC1)CC(F)F)NC(=O)c1cnn2cccnc12,5,0.620253164556962,3.153983354426273,0.9992159348180129
177394614,CN(CC1CCN(CCO)CC1)C(=O)c1cc(nc(c1)C)C,5,0.5,2.131854591664049,0.9979166504583635
46026615,FC(F)(F)c1nccc(n1)NCCSc1nc2ccccc2o1,5,0.3050847457627119,1.226607516690093,0.9994666052944768
1590696,CC(C)(C)c1ccc(cc1)C(=O)Nc1ccc(cc1)C(=O)Nc1ccccc1,5,0.46938775510204084,2.311136084266815,0.9976785680311121
49973690,C1CCC(CC1)OCc1noc(n1)C1CC1,5,0.37735849056603776,1.338955189690699,0.9989063083569074
49929048,CCc1[nH]nc(c1C)NC1CCN(CC1)C(C)C,5,0.38181818181818183,2.2872293282482,0.9989357787348973
31856310,Cc1cc(on1)CN1CCN(CC1)c1ncccn1,5,0.46808510638297873,1.4429320843337914,0.9987626245162425
