Name,SMILES,outer_fold,max_similarity_to_train,min_euclidean_distance_to_train,max_cosine_similarity_to_train
15283106,COc1ccc(cc1)NC(=O)C(C)N1CCCN(CC1)c1ccc(cn1)C(F)(F)F,1,0.463768115942029,1.794166380244683,0.9990975081370506
15267776,Cc1ccc(c(c1)NC(=O)CN1CCCN(CC1)c1ccc(cn1)C(F)(F)F)C,1,0.4189189189189189,1.5146811545669026,0.9986873946574939
15276004,Fc1cccc(c1)NC(=O)CN1CCCN(CC1)c1ccc(cn1)C(F)(F)F,1,0.4788732394366197,1.6987724980115835,0.9984421388676952
15270501,Cc1ccc(cc1)NC(=O)CN1CCCN(CC1)c1ccc(cn1)C(F)(F)F,1,0.42857142857142855,1.7320897782736977,0.9992082209387715
16678763,Cc1cccc(c1)NC(=O)CN1CCCN(CC1)c1ccc(cn1)C(F)(F)F,1,0.4722222222222222,1.6914484916777943,0.9989394547609585
15288168,FC(F)(F)c1ccc(nc1)N1CCCN(CC1)CC(=O)Nc1ccccc1,1,0.5,1.5914421133048944,0.9990129200613623
15267170,Cc1ccc(c(c1)F)NC(=O)CN1CCCN(CC1)c1ccc(cn1)C(F)(F)F,1,0.41333333333333333,1.6403014966764908,0.9988425752448277
15267772,FC(F)(F)c1ccc(nc1)N1CCCN(CC1)CC(=O)Nc1ccccc1Cl,1,0.4520547945205479,1.571634181354044,0.9982759020070072
43423180,COc1ccc(cc1NC(=O)CN1CCCN(CC1)c1ccc(cn1)C(F)(F)F)Cl,1,0.44871794871794873,1.6227834113025832,0.998891473877245
15275058,Fc1ccccc1NC(=O)CN1CCCN(CC1)c1ccc(cn1)C(F)(F)F,1,0.4782608695652174,1.4610273782514926,0.9988238108963549
12013114,CN1C(=O)N(CC(=O)NCc2ccc(cc2)Cl)C(=O)C21CCCCC2,1,0.4098360655737705,2.00056442035761,0.9991517849243733
303172217,CC1=C2N(C(=O)C(=C1)Nc1cc(ncn1)N)C1(CCCCC1)NC2=O,1,0.26865671641791045,3.2609001824650963,0.9985772636180568
24093551,Cc1cccc(n1)NC(=O)c1ccccc1-c1ccccc1,1,0.5333333333333333,1.378107760663025,0.9976266711992069
56767825,Cn1cc(cn1)NC(=O)c1ccc(nc1)OCC1CCOCC1,1,0.6610169491525424,2.039995833329345,0.9977801849097291
222766824,CN1CCC(O)(CC1)CNC(=O)C1CCCCCC1,1,0.32727272727272727,2.272963044134228,0.998491309654001
168892617,CCc1nc(cn2nc(cc12)C1=CC(=O)N2C=C(C=C(C)C2=N1)C1CCN(C)CC1)C,1,0.2641509433962264,3.7026953695923934,0.9982121802851432
413444,OC1CCN(CC1)c1ncc(c(n1)-c1cccs1)-c1cnccn1,1,0.5925925925925926,2.292565157198397,0.999489253870604
49008924,CN(CC1CCC1)C(=O)C1CCN(CC1)c1ccc2nncn2n1,1,0.546875,1.964673764267539,0.9979567224594078
23998591,Cc1ccsc1C(=O)Nc1nc2ccccc2s1,1,0.42,1.7147956146437568,0.9995429999757477
3593846,COc1cc2c(cc1OC)CN(CC2)C(=O)C1CCCN(C1)C(=O)c1ccc(cc1)Cl,1,0.6349206349206349,1.8326524493196972,0.9991523620400914
43423841,CN(C)C(=O)CN1CCN(CC1)C(=O)c1ccc2ccccc2c1O,1,0.5370370370370371,1.4238149458410603,0.9989676066651187
423170,Cc1ncc(c(n1)CCNC(=O)C1CCCC1)-c1ccccn1,1,0.36923076923076925,1.3464976791661991,0.9993454513428482
48340662,CCCN1CCCN(CC1)c1ncccc1C#N,1,0.52,2.0811775512917667,0.9973989819356154
197317,CCCn1ncc2ccc(nc12)C1CCCN(C1)CC(=O)N1CCCC1,1,0.6,1.791250401256185,0.9982799021283704
36635336,CN1CCN(CC1)C1=C2C=CC=CC2=Nc2ccc(cc2N1)Cl,1,0.2878787878787879,1.5978895456196989,0.9973210134805687
44105331,Cc1cccc(c1)N1CCN(CCCCNC(=O)c2c(cccc2F)F)CC1,1,0.3787878787878788,2.724143718675532,0.9974076210752644
43021930,CCCCOc1ccccc1-c1cc([nH]n1)C(=O)NCc1ccccc1C,1,0.625,1.8080724543003175,0.9986213665220496
48931495,CN(C)S(=O)(=O)c1cc(ccc1C)NC(=O)CN(C)C1CCCCC1,1,0.5423728813559322,2.895495812464485,0.9972923108974721
49985873,COc1ncccc1CNc1ncnc2n(ncc12)C,1,0.4,2.3583593873707387,0.9987285437275076
3473190,C(c1ccccc1)c1ccccc1-c1nnc(o1)-c1cccnc1,1,0.39622641509433965,1.1633481851967076,0.9988986671793273
300566847,CCN(CC)C(=O)c1ccc(cc1)C1=CC2(CCNCC2)Oc2cccc(c21)O,1,0.31666666666666665,2.453636077334595,0.9985188150335816
50136169,CC(=O)Nc1ccc(cc1)C(=O)N1CCc2ncncc2C1,1,0.3492063492063492,1.7234056400045956,0.9987373318108054
33297195,NC(=O)COc1ccccc1-c1ccccc1,1,0.40476190476190477,1.8548458156946224,0.9939688872877034
36467131,CCOc1ccc(cc1)-c1ccccc1NC(=O)COC,1,0.3584905660377358,1.375487913433076,0.999096391830723
68918136,CCOCCNC(=O)c1cccc(c1)-c1cc(ccc1OC)F,1,0.4782608695652174,1.5626487129232267,0.998914977180696
11000834,CCOC(=O)c1cc2ccccc2n1CC(=O)c1ccc(cc1)F,1,0.3888888888888889,1.6830359473284633,0.9991225854448927
36924312,O=C1CNC(=O)N1CCCN1CCc2sccc2C1,1,0.3548387096774194,2.0883656289066392,0.9990746425566489
53752451,Fc1ccc(cc1)CNC(=O)C1CCN(CC1)C(=O)/C=C/c1ccc(cc1)F,1,0.36507936507936506,1.700474345587105,0.9992143927849076
26060327,Fc1ccc(cc1)CNC(=O)C1CCN(CC1)C(=O)/C=C/c1ccccc1,1,0.3870967741935484,0.997326927341313,0.9992805012858089
31911519,CCn1cc(cn1)NC(=O)c1ccccc1C,1,0.42857142857142855,0.9531668269512898,0.9996832335607737
31928328,Cn1cc(cn1)NC(=O)c1ccccc1C(F)(F)F,1,0.48148148148148145,1.6704885512927004,0.9987788852695119
50282202,CCS(=O)(=O)N1CCN(CC1)c1ccc(cc1)Nc1ncc(c(n1)NC1CC1)C(=O)N,1,0.32608695652173914,4.462457058617235,0.9919670803835219
44424625,Cc1ccc(cc1)-c1ccc(o1)-c1nccn1CCCn1cnnc1,1,0.3387096774193548,1.6714987286865932,0.9984349853503547
53789119,O=C(NCCN1CCc2ccccc2C1=O)c1ccon1,1,0.31343283582089554,1.762841456285626,0.9975770909021038
177388619,CCc1nc(cc(n1)N1CCCC2(CCNCC2)CC1)C,1,0.5094339622641509,2.8281713173003227,0.9981743454699586
412756,COc1ccc(cc1)C1=C(N2C(=O)N(C)N=C2N=N1)c1ccc(cc1)OC,1,0.31666666666666665,1.342008196696055,0.9987209644803577
231820085,Cc1ccc(c(c1)S(=O)(=O)N1CCCN(CC1)C1CCC1)C,1,0.5,2.152705739296716,0.998673759107801
43798139,CC(=O)Nc1ccccc1OCCOc1ccc(cc1)Cl,1,0.3620689655172414,1.8987577517945606,0.9970166911311287
44699501,OCCCCCn1cc(nn1)-c1ccccc1-c1ccco1,1,0.2898550724637681,1.422023206561657,0.9990082914173901
3112768,N#Cc1ccc(cc1)COc1cnc2ccccc2n1,1,0.4230769230769231,1.5362978226893909,0.9982694574352148
31910305,Cc1nc(c(s1)C(=O)Nc1cccc(c1)-c1ccn[nH]1)C,1,0.7192982456140351,1.673774477042043,0.9992827992759006
48670752,CN(C)c1ccc2c(c1)Sc1cc(ccc1N2)N(C)C,1,0.2777777777777778,1.1494159386402536,0.9991147761320529
33324451,O=C(NCC1CCC1)c1ccc(nn1)-n1ccnc1,1,0.38095238095238093,1.7344353548054592,0.9986920237603655
217047,Cc1cn[nH]c1C1(C)CCN(CC1)Cc1cnn(c1)C,1,0.36507936507936506,2.444568673611156,0.9993257380487474
141603,CC(C)CC(=O)N1CCC(CC1)(Cc1cccc(c1)-c1cncnc1)C(=O)NC(C)C,1,0.37037037037037035,2.114320458209313,0.9995123971172452
18898062,CCC(CC)NC(=O)c1cc(nc2onc(c12)C)C,1,0.5961538461538461,1.3635211769533884,0.9996228810686528
29261445,COc1ccc(cc1)CNC(=O)c1sc2nc(cc(c2c1N)C)C,1,0.34375,2.0619432581911723,0.9992794072014383
7695671,Cc1cccc(c1)OCC(=O)Nc1ccc2c(c1)C(=O)N(C2=O)c1ccccc1,1,0.4067796610169492,1.7733442982117917,0.9981665262271795
25670537,Fc1ccccc1-c1cnc(o1)-c1ccccc1C(=O)N1CCC1,1,0.3492063492063492,1.1053614793358906,0.9987432110476941
43258693,O=C(N1CCOCC1c1ccn[nH]1)c1ccc2c(c1)CCCC2,1,0.3230769230769231,2.00535807276416,0.9982030976003815
3333585,O=C(CSc1nnc([nH]1)-c1cccs1)N1CCCCCC1,1,0.39622641509433965,1.777253499082482,0.9988334854967169
49159718,CS(=O)(=O)CCc1nc(nn1-c1ccccc1)C1(CC1)c1ccccc1,1,0.3333333333333333,2.0957165838919254,0.998521932842092
49041586,CC(C)N(Cc1nnc(o1)C(C)C)C1CCOCC1,1,0.3157894736842105,1.4165405041861556,0.9989441233252304
171948773,Cc1ccc(cc1)OCC1(O)CCN(CC1)CC1(O)CCN(CC1)c1ccccc1C,1,0.3472222222222222,4.52304720293754,0.9981945279132027
29665183,COc1cccc(c1)-c1nnn(n1)Cc1cc(cc2cccnc12)F,1,0.4067796610169492,1.3197060278712303,0.9990207476039679
45751322,CN(CCc1ccccn1)C(=O)Nc1nncs1,1,0.4,0.729004801082099,0.9996965515887726
3477427,Cc1nnc(s1)NC(=O)c1ccccc1-c1ccc(cc1)C(F)(F)F,1,0.38181818181818183,1.0694699621771941,0.9987244738101585
31997330,CC1CCN(CC1)Cc1ccc(cc1)NC(=O)c1ccccn1,1,0.4426229508196721,2.6794185936503783,0.9983935385242396
36334458,CCC(=O)Nc1cccc(c1)C(=O)N1CCN(C)Cc2ccccc21,1,0.4090909090909091,1.576271867413678,0.9987765926480359
150507,Fc1ccc(cc1)Cc1cccc(n1)C1CCN(CC1)C(=O)CCc1ccccc1,1,0.5076923076923077,1.469489707347497,0.999275108703135
1542910,CCOC(=O)c1ccc(cc1)NC(=O)Cn1cnc2ccccc12,1,0.4426229508196721,1.9797095746597442,0.9975930635870276
35747521,Cc1noc(c1CS(=O)(=O)Cc1cccc2c1OCCO2)C,1,0.39344262295081966,1.6428067445682721,0.9983681931666257
177307724,COC1(CCN(CC1)Cc1cnc(o1)C)c1nc(no1)Cc1ccccc1,1,0.6666666666666666,1.2043712052352857,0.9990885782556942
139133,CN(C)C(=O)C1(CCN(CC1)C(=O)c1ccc(s1)C)Cc1ccccc1-c1ccccc1,1,0.6612903225806451,3.5366313067663158,0.9983210356885496
3565214,CN1C(=O)N(CC(=O)Nc2ccccc2-c2ccccc2)C(=O)C1(C)C,1,0.3888888888888889,1.8747167786093106,0.9994197562816347
183257,CCOc1ccccc1C(=O)N1CCC(CC1)c1nc(c([nH]1)C(=O)N)-c1ccc(cc1)OC,1,0.6338028169014085,2.630990687934821,0.9984120387248748
49969678,Cn1cc(c(n1)C(C)(C)C)CNc1ncccn1,1,0.36363636363636365,1.6251027659811583,0.9995022235206427
43251081,O=C(NCC1CC1)c1ccc(nc1)-n1ccnc1,1,0.6226415094339622,2.1827947681817674,0.9978062999980595
36444864,Cc1cnc(c(c1)-c1cccc(c1Cl)Cl)-n1cnnc1,1,0.25757575757575757,2.205415153661666,0.9969707211670026
43423819,Cc1ccc(cc1)Nc1ccnc(n1)Nc1ccc(cc1)C,1,0.32558139534883723,3.0874322664637126,0.996901501901263
46339059,COCCOc1ccc(cc1)Nc1ncc(c(n1)Nc1cccc(c1)NC(=O)C=C)F,1,0.676056338028169,2.675724201033751,0.9983720910360454
43657158,CN(C)C1(CCOCC1)CNC(=O)N1CCCC(C)(C)CC1,1,0.5172413793103449,2.380699267022193,0.9980850316521317
31413696,Cc1csc(n1)Nc1ccc(cc1)C#N,1,0.3559322033898305,1.5013610491816622,0.9994089829646573
1152113,COc1ccc(cc1)OCc1nn2c(nnc2s1)-c1ccc(cc1)OC,1,0.35714285714285715,1.4039244993946451,0.9985379023035805
42768719,CNC(=O)c1cccc(c1)NC(=O)N1CCC(CC1)Oc1ccccc1Cl,1,0.4714285714285714,2.0771275839487693,0.9984258373381506
3301248,CN(C)S(=O)(=O)c1ccc(c(c1)C(=O)Nc1ncc(s1)C)N1CCCC1,1,0.3287671232876712,2.5726591301608024,0.9989826443375973
48397445,CC1(C)[C@H]2C[C@H]3Oc4c(ccc(c4C(=O)NCCNc4ccccn4)O)[C@H](O)[C@@]3(O)[C@@H]1C2 |r|,1,0.25609756097560976,5.177490415249329,0.996335738233322
13331036,CC(C)(C)c1csc(n1)NC(=O)C1CC1,1,0.4897959183673469,0.6438012115554407,0.9996017735331774
49150113,CNc1ncc(cn1)-c1nc(nn1C(C)(C)C)C1(CC1)c1ccccc1,1,0.26153846153846155,2.4292815810438295,0.9970329499812679
177407455,CCCN(CCC1=CCCCC1)C(=O)c1cc(n[nH]1)C(F)F,1,0.532258064516129,1.736948473616867,0.9977579875365614
36421752,COc1ccc(cn1)-c1c(n[nH]c1C)C,1,0.2826086956521739,1.1902067047365383,0.9997127405763464
49084025,O=C(NCC1CCC2(CC1)OCCO2)c1[nH]nc2c1CCCC2,1,0.543859649122807,1.9783187306394603,0.9989818903677925
49149133,CSc1cccc(c1)-c1ccccc1-c1nnc(o1)C,1,0.36363636363636365,1.5006601880505226,0.9983010346615705
1308759,O=C(CCc1ccccc1)Nc1ccccc1C#N,1,0.44680851063829785,1.5197085246849265,0.998766652575757
2205552,CN(CCOCCOc1ccccc1-c1ccccc1)Cc1ccccc1.OC(=O)C(=O)O,1,0.35,4.421945725582666,0.9978710359831824
48281626,O=C(NCC1(CC1)C1CC1)C1(CCCCC1)C#N,1,0.3103448275862069,1.6710032914389292,0.9985029288507072
72972981,COc1cc(cc(c1)N(CCNC(C)C)c1ccc2ncc(nc2c1)-c1cnn(c1)C)OC,1,0.3561643835616438,3.533690280711872,0.9979982419464551
232868057,CSc1ncccc1C(=O)Nc1ccc(cc1)-c1nnc([nH]1)C,1,0.5,1.2881696316864706,0.9994408027298919
171790224,COc1cccc(c1)O[C@H]1CCN(CC[C@@H]1O)C(=O)c1cc(on1)-c1ccc(cc1)C |r|,1,0.4225352112676056,2.032546186437026,0.9986736138784201
171790057,O[C@H]1CCN(CC[C@@H]1Oc1ccccc1F)C(=O)c1cc(on1)-c1ccc(cc1)F |r|,1,0.42028985507246375,2.196399781460426,0.9989363579050883
171790267,COc1cccc(c1)O[C@H]1CCN(CC[C@@H]1O)C(=O)c1cc(on1)-c1ccc(cc1)F |r|,1,0.4166666666666667,1.9090515969978223,0.9992135222684863
158151,Cc1[nH]c2ccc(cc2c1CC(=O)N1CCC(CC1)Cc1ncncc1C(=O)N)Cl,1,0.3372093023255814,2.0145763822695404,0.9988875400475107
50283346,CC1(C)CC[C@@]2(CC[C@]3(C)[C@@H]([C@@H]2C1)C(=O)C=C1[C@@]3(C)CC[C@H]2C(C)(C)C(=O)C(=C[C@@]21C)C#N)NC(=O)C(C)(F)F |r|,1,0.18947368421052632,12.37440087438586,0.9986572842464502
222760478,Cc1cnn(c1)CC(=O)NCCCn1cc(cn1)Cl,1,0.5555555555555556,1.524758997350179,0.9992360791528934
36647960,CN(Cc1cscn1)c1nc2c(cc1C#N)CCC2,1,0.39285714285714285,1.3111125047071446,0.9994057085315763
43280049,Cc1ccc(cc1F)NC(=O)CN1[C@H](Cc2ccccc2)C[C@]2(C)NC(=O)CCC[C@H]12 |r|,1,0.3116883116883117,2.2259281210316817,0.998950843868247
43278877,Cc1c(cccc1NC(=O)CN1[C@H](Cc2ccccc2)C[C@]2(C)NC(=O)CCC[C@H]12)F |r|,1,0.2839506172839506,2.828321233523445,0.9991323289890625
48373672,O/N=C\1/CCCc2c1cnc1ncnn21,1,0.208955223880597,1.1127870416213097,0.9982225998267452
36922204,Cc1nnc(c(c1C)C#N)N1CCCSCC1,1,0.3333333333333333,1.6445351926911511,0.9977053508969528
177501206,CCCC1(CCC1)CNC(=O)CN1C=CC(=O)C=C1,1,0.6170212765957447,1.7475005007151754,0.9985765416295743
73008556,CCc1noc(n1)C1CCC(CC1)NCC1CCC(F)(F)CC1,1,0.37735849056603776,2.193203592920441,0.9981728285341462
82702441,CC1(C)CC(CC(=O)NCCn2ccnn2)CC(C)(C)N1,1,0.49056603773584906,1.9150697115251012,0.9980682631619917
207489,Fc1cccc(c1)-c1c[nH]nc1C1CCCN(C1)C(=O)CCc1ccc(cc1)Cl,1,0.6376811594202898,1.9179053678423545,0.9989223648998217
31412633,Cc1ccc(cc1)-c1noc2nc(cc(c12)C(=O)O)C,1,0.39655172413793105,2.890637127001624,0.9969363227352338
1520446,CN(C)c1ccc(cc1)-c1nc2ccc(cc2[nH]1)C,1,0.3114754098360656,2.6095467039315343,0.9970229160711799
48305854,Cc1nc(cs1)CCN1C(=O)NC(C)(C)C1=O,1,0.41509433962264153,0.8639456001387353,0.9996727783311742
232902536,COCC1(CCC1)CNS(=O)(=O)c1ccccc1,1,0.5769230769230769,1.3860194803824917,0.9970726561250144
6630813,Cc1ccc(cc1)CNC(=O)CN1CCC(CC1)n1nnc2cc(ccc12)C,1,0.375,2.1692351186533796,0.9982535877473028
32149349,O=C(N1CCCCC1)c1cccc(c1)CNc1ccc2nccnc2n1,1,0.48148148148148145,2.532759562216709,0.9985717110131065
14858512,Fc1ccc(cc1)CCNc1ncccc1C#N,1,0.5531914893617021,1.1954865118437088,0.9976762795352965
50347915,Cn1c(nnc1C1CC1)SCOCc1ccccc1,1,0.49019607843137253,1.5728537757850134,0.9981070475911528
171745752,CCCc1nc(ncc1C(=O)O)N1CCc2ccccc2C1,1,0.3188405797101449,1.953355062450252,0.9961226062315505
45762658,CN(Cc1nnc(n1C)C1CC1)C(=O)C1C2CC3CC(C2)CC1C3,1,0.2413793103448276,2.2281994973524,0.9989039383688921
44492208,CN(CC(=O)NC1CC1)C(=O)C1C2CC3CC(C2)CC1C3,1,0.26,1.2561683804325756,0.9991214520066674
49055842,Cc1nnc2ccc(nn12)N1CCC2(CCCCC2)C1,1,0.37735849056603776,1.7431095777371972,0.9994468545650005
44811839,CCN1CCC(CC1)n1cc(nn1)CNc1cc(c2ncc(c(c2c1)Nc1ccc(c(c1)Cl)F)C#N)Cl,1,0.3372093023255814,3.4942434088082184,0.9988765560593974
1249615,Cc1cc(n2ncc(c2n1)C(=O)NC1CCCCC1)C,1,0.5087719298245614,1.4952561653438938,0.9989574612215599
318732407,CC(C)[C@H]1CC[C@H](CC1)NC(=O)c1cnn2c(cc(nc12)C)C |r|,1,0.5,2.2924048508061774,0.9985295141688367
31895184,CC(C)C(=O)N1CCC(CC1)Nc1ncnc2ccsc12,1,0.6274509803921569,1.8763589741840443,0.9988108383559553
33339849,CCCN1C(=O)N(Cc2ccc(cc2F)C#N)c2ccccc21,1,0.42592592592592593,1.7359357707012675,0.9986762159906797
1542039,CCc1nnc2c3ccccc3nc(n12)Nc1ccc(cc1)OC,1,0.34328358208955223,2.1007660507535224,0.9994119204492484
342116,COc1cccc(c1)CN1Cc2ccccc2OC2(CCOCC2)C1,1,0.3333333333333333,1.9114769158947145,0.9993130947659858
49320295,CN(C1CCC1)C(=O)Nc1cc(cc(n1)C)C,1,0.3392857142857143,1.5455384175103868,0.9980429760081989
49012602,CCOC1CCN(CC1)c1ccnc(c1)C(=O)NCc1ccccc1,1,0.38333333333333336,1.8070077476316693,0.9982863412247273
49945424,CCc1cnccc1C(=O)Nc1cnccn1,1,0.39215686274509803,1.393953729505105,0.9993010711253008
73016246,C1CN(CCS1)c1nc2c(c(n1)N1CCSCC1)SCC2,1,0.43902439024390244,1.9535731365883633,0.9987915531077439
49934036,CC(C)c1cc(n[nH]1)N(C)Cc1nc(n[nH]1)C1CC1,1,0.2638888888888889,2.3078756465632018,0.9993941455858122
315631672,COc1c(ncnc1N1CCCC(C)(C)CC1)N,1,0.29310344827586204,2.161959527835782,0.9988266573753658
30438633,CN1C(=O)COc2ccc(cc21)NC(=O)CCN1C(=O)COc2ccc(cc21)Cl,1,0.5606060606060606,1.5348872922789447,0.9981938271864214
35754411,CCN1CCc2ncnc(c2C1)N1CCNc2ccccc2C1,1,0.36619718309859156,1.88014706871572,0.9985900089406098
16785188,Cn1ncc2c(ncnc12)Oc1cccc(c1)Oc1ccccn1,1,0.66,2.4722805261542824,0.9984134907084283
82700885,Cc1cc(c2ccc(cc2n1)C(=O)N1CCN(CC1)c1nc[nH]n1)C,1,0.6229508196721312,1.1682174455122676,0.999064332419501
35765811,CN1CCN(CC1)C(=O)C1(CCCC1)NC(=O)c1ccc(cc1)C(F)(F)F,1,0.375,2.0893621036095738,0.9983103546844151
31873876,Fc1ccccc1CN1CCN(CC1)S(=O)(=O)N1CCOCC1,1,0.5111111111111111,1.7510662466053426,0.9966384645441035
24958639,Cn1cnnc1CNc1ccccc1C#N,1,0.3114754098360656,1.5775113311796418,0.9988535047550184
49080339,CNC(=O)c1ccc(nn1)N1CCCc2cc(ccc2C1)OC,1,0.3559322033898305,1.3725130236179268,0.9981519692846158
45699341,CN1C(=O)N(Cc2ccccc2)C(=C(C(=O)CSc2nc3ccccc3n2C)C1=O)N,1,0.375,2.800313375320887,0.9994632206945315
32391674,O=C(NCC1=CCCN(C1)Cc1cccc(c1)C#N)c1cccs1,1,0.42105263157894735,2.3689083983978247,0.9984796830728386
301492332,O=C(NC1CCNCC1)c1ccc2[nH]ncc2c1,1,0.4067796610169492,2.8805659166213955,0.9983984030209525
49094148,CC(C)c1nsc(n1)N1CCC(CC1)Nc1cccnc1,1,0.31746031746031744,1.4358857893297106,0.9989258436532854
44582746,OC1CCN(CC1)C(=O)CCCc1cc(sc1Cl)Cl,1,0.37037037037037035,1.7140201282366345,0.9978147906281825
177431642,O=C(NCC1(CCCC1)N1CCCCC1)c1cnn[nH]1,1,0.5576923076923077,1.528172110726103,0.998647624100093
276231421,CCc1ccccc1S(=O)(=O)NCCc1cn[nH]c1,1,0.2923076923076923,2.1984123816970906,0.997298460366609
46622380,CN(C)C1=CC(=O)N(CCC(C#N)(c2ccccc2)c2ccccc2)N=C1,1,0.2698412698412698,1.7140338386390612,0.9982038145667176
24055786,CCc1cc2c(ncnc2s1)N(C)CCO,1,0.2807017543859649,1.5377194152383806,0.9993556382103843
1557497,COc1cccc(c1)-n1c(nnc1COc1cccc2ccccc12)S,1,0.38095238095238093,2.04138017037484,0.9962621134441746
1557473,COc1cc(cc(c1)-n1c(nnc1COc1cccc2ccccc12)S)OC,1,0.34375,2.331654348311485,0.9950663975921057
383970,Cc1ccc(cc1)S(=O)(=O)N1CCC(C1)c1nnc(o1)-c1cccnc1,1,0.36363636363636365,1.6353916962006374,0.9993124127721853
177503755,CN(Cc1ccncc1C)C(=O)NCCc1nc(cc(n1)C(F)(F)F)C,1,0.609375,1.237997172856599,0.998895018098811
43137136,CN(C)Cc1csc(c1)-c1nccn1-c1ccc2c(c1)N(C)C(=O)N2C,1,0.28,2.5502697896496684,0.998676468370058
316046283,CCN1CCOC(C1)C(=O)N1CCC(CC1)c1cn[nH]c1,1,0.3287671232876712,1.4868527163105327,0.9983741711278241
44591290,O=C(N1CCOC2(CCCC2)C1)c1cnc(s1)-c1ccccc1,1,0.3283582089552239,1.409173516640364,0.9984940969756707
53815321,CN(CCSc1ccc2nnc(n2n1)C(F)F)Cc1ccccc1,1,0.6,2.1354758251968193,0.9977011598190727
73045134,CC(=O)c1ccc2c(c1)CCN(CC2)CC1CCC2(CC1)OCCO2,1,0.5660377358490566,1.8367836018428452,0.9984602716664455
50127813,Fc1cccc(c1)CNC(=O)c1[nH]nnc1-c1ccccc1,1,0.42592592592592593,2.2598163642208964,0.9990782287935002
53752266,FC(F)(F)COc1cccc(c1)CN1N=Cc2ccccc2C1=O,1,0.43103448275862066,1.211652177813391,0.9991857188686757
43990384,CCN(CCO)CC1=Nc2cc(c(cc2C(=O)N1)OC)OC,1,0.5084745762711864,1.760533725891771,0.998311918927053
24472719,Cc1noc(c1CCC(=O)Nc1cccnc1)C,1,0.3939393939393939,1.3690818090972032,0.9998027643082541
53825026,CCC1=CC(=O)NC(=N1)SCCCCC1CCOCC1,1,0.509090909090909,2.7145872614450695,0.9981749546292883
300635762,COc1ccc(cc1)CC1CN2CCN(CC2CO1)C(=O)OCc1ccccc1,1,0.34328358208955223,2.008331396956341,0.9990027776209416
49965014,CCC1(O)CN(C1)c1ncnc2n(nc(c12)Br)C,1,0.41509433962264153,2.5954408103444098,0.9990644797220777
37153210,Cc1csc(c1)-c1nnc(c2ccccc12)Nc1ccc(cc1)Oc1ncccc1-c1ccnc(n1)N,1,0.26436781609195403,3.197307460973672,0.999016051811523
31412719,CCCc1noc2nc(cc(c12)C(=O)O)-c1ccncc1,1,0.3125,2.9506622985357245,0.9967449994925055
32176636,CN1CCN(CC1)Cc1ccc(cc1C(F)(F)F)NC(=O)c1ccc(c(c1)C#Cc1cnc2cccnn12)C,1,0.27927927927927926,4.1971966835018915,0.9955997630411637
32148273,CC(C)C(=O)Nc1ncn(n1)Cc1cccnc1,1,0.5932203389830508,1.0290932902320216,0.9997975164712395
25678159,Cn1ncnc1COc1nn2c(nnc2cc1C(C)(C)C)-c1cc(ccc1F)F,1,0.5068493150684932,0.388361944584015,0.9999196107687125
31841658,Cc1ccc(n1C)CNC(=O)c1cccnc1,1,0.5208333333333334,1.6731069900040094,0.9994056067178188
44018989,CN(CC1=CC(=O)N(C)C(=O)N1C)Cc1cccc(c1Cl)Cl,1,0.4827586206896552,1.8468275501519453,0.9982859973949425
45475529,CCN1CCN(CC1)Cc1ccc(nc1)Nc1ncc(c(n1)-c1cc(c2nc(n(c2c1)C(C)C)C)F)F.CS(=O)(=O)O,1,0.2716049382716049,3.180600415016115,0.998730204989892
36368094,C(Sc1ccc(nn1)-n1cccn1)c1cn2ccccc2n1,1,0.27941176470588236,3.314625619885151,0.9987858352134006
104336605,Cc1c(nnn1Cc1ccc(c(c1)Cl)Cl)C(=O)Nc1ccc(cc1)CO,1,0.3333333333333333,1.6194613301958012,0.9987976294827444
48746727,CN(C)C(=O)C(C)(C)NC(=O)OC(C)(C)C,1,0.3023255813953488,1.46958429496204,0.9987100033407035
31935468,O=C(NCCc1nnc2n1CCC2)c1ccc2c(c1)CCC2,1,0.484375,1.6975175993198055,0.9994290472181491
71010653,O=C1N=C2C=CC=CN2C21Cc1ccccc1C2,1,0.24561403508771928,1.5506021411050186,0.9996402305271084
177498530,CN(CCCC1CCCC1)C(=O)c1cc(nc(c1)C)C,1,0.5,1.9510548428989372,0.9987012864431638
36368096,C(Sc1ccc(nn1)-n1cccn1)c1csc(n1)-c1ccccc1,1,0.3088235294117647,2.6515636895991164,0.997400197662401
49165262,CCCn1ccnc1CNc1nc2n(nc(c2s1)C)C,1,0.2833333333333333,1.5356721655351961,0.9994643451351013
136045,COc1ccccc1-c1ccc(cc1)CC1(CCOCC1)C(=O)NC1CC1,1,0.4117647058823529,1.5107124147234365,0.9992513715521057
48242285,CCc1cnc(o1)CN1C(=O)NC2(CCC2)C1=O,1,0.4444444444444444,1.9901213530841295,0.999416263030465
181799,CNCc1cc(nc(n1)C1CCCN1C(=O)CCc1c[nH]c2ccccc12)N(C)C,1,0.6056338028169014,2.7156630866142204,0.9984297665729438
150563,Clc1cccc(c1)-c1cccc(n1)C1CCCN(C1)C(=O)c1cccnc1,1,0.6885245901639344,0.6255197838594792,0.999660321737913
48793753,Oc1ccc(cc1)C(=O)N1CCN(CC1)c1ncnc2c1CCC2,1,0.38181818181818183,2.4155610114422403,0.9971801747759085
300636138,CC(C)(C)Sc1c(n(c2ccc(cc12)OCc1ccc2ccccc2n1)Cc1ccc(cc1)Cl)CC(C)(C)C(=O)O,1,0.3103448275862069,8.225166502873998,0.994941780351631
23825625,CCCn1ncc2[nH]c(nc12)-c1cc(c(cc1C)C)Cn1cncn1,1,0.38095238095238093,1.557942874433997,0.99937109750882
43106737,CN(Cc1cccc(c1)Cl)c1ncnc2n(nc(c12)C)C,1,0.373134328358209,1.218975799596087,0.9990359203213995
27042311,COc1cccc2c1O/C(=N\Nc1ccccc1)C(=C2)C(=S)N,1,0.296875,1.604918377986849,0.9979559939050902
36640884,CCOC(=O)c1ccc(nc1)N1CCSCC1,1,0.4583333333333333,1.6808604939137375,0.9992355451938737
9879245,COc1ccc(c(c1)OC)NC(=O)c1snnc1C,1,0.3770491803278688,1.4991017310378068,0.9995721009970524
152925,NC(=O)CN1CCC(CC1)Oc1cccc(c1)F,1,0.5178571428571429,1.5055540508397482,0.9955569874435246
152939,Cc1cccc(c1)OC1CCN(CC1)CC(=O)N,1,0.421875,1.843852488676929,0.9979630218584231
48613632,Cc1cc(nc(n1)CNC(=O)c1ccccc1Cl)N1CCCCC1,1,0.36363636363636365,2.5517419540384814,0.9962947160792532
48613628,COc1ccccc1C(=O)NCc1nc(cc(n1)N1CCCCC1)C,1,0.3717948717948718,2.484792949120653,0.9963144832246934
15274760,Fc1ccccc1NC(=O)CN1CCSC1=O,1,0.42857142857142855,1.2755465495231733,0.9991508645463492
53829686,O=C(CSCCc1ccncc1)Nc1ccccc1,1,0.6666666666666666,1.1068821075433228,0.9987181174384842
2353222,Fc1ccc(c(c1)CN1CCN(CC1)Cc1ccc2c(c1)OCO2)F,1,0.39622641509433965,0.7589703551523239,0.9994887189950761
36915937,O=C(CCNc1ncccn1)N1CCc2ccccc2C1,1,0.38333333333333336,1.3618781149578487,0.9985907718712905
173035,Cc1noc(n1)C1CCN(CC1)CCc1ccccc1,1,0.423728813559322,1.6688858558934687,0.9984984448694089
53808457,COc1cc(ccc1C)CN1CCC(CC1)C(=O)N1CCOCC1,1,0.5272727272727272,1.76164582138385,0.9990538715641913
Z60745180,O=C(Nc1ccccn1)c1ccc2c(c1)C(=O)N(C1CCCCC1)C2=O,1,0.3492063492063492,2.5499268616956927,0.9989572297441184
104336618,CN1CCCN2C(=O)N=C(OCc3cc(c(c(c3)F)Oc3ccc(nc3)C(F)(F)F)F)C=C12,1,0.2619047619047619,2.182816987289193,0.998835926740934
31348551,O=C1Nc2ccccc2N1C1CCN(CC1)CCc1ccccn1,1,0.6296296296296297,1.7244413588172387,0.9990966726742847
36269102,Cc1cc(cc(c1OCc1cccnc1)C)C(=O)N1CCOC(C)(C)C1,1,0.4838709677419355,2.0798382148618133,0.9984627174994578
18877730,OC(=O)c1cc(cc(c1NC(=O)CSc1nccn1C1CC1)Cl)Cl,1,0.28378378378378377,2.1804118876950547,0.9988795498687786
50282995,N#Cc1cc(ccn1)-c1n[nH]c(n1)-c1ccncc1,1,0.25925925925925924,1.3706275934779435,0.9993328555022835
226909,Cc1cc(nc(n1)CC1CCNCC1)-c1nccs1,1,0.38333333333333336,1.932565134736566,0.9987230468567425
31209008,C1CC1Nc1nc(no1)-c1ccccc1,1,0.4772727272727273,1.6991300715366269,0.999585210982837
17074465,CCn1ncc(c1C)-c1cc(nc(n1)NCCCOC)C(F)F,1,0.35714285714285715,1.6058334284728348,0.9994429156066755
232838302,CN(C)c1nc(cc(n1)C(C)(C)C)-c1c(nn(c1C)C)C,1,0.26785714285714285,1.7296282837648513,0.9986770749713751
49945104,Cc1nn(c2ncc(cc12)CNc1ccon1)C,1,0.3709677419354839,1.9615585640001358,0.9988223666280592
2728688,COc1ccccc1Oc1c(nc(nc1OCCO)-c1ncccn1)NS(=O)(=O)c1ccc(cc1)C(C)(C)C,1,0.35714285714285715,3.295843291177467,0.9971037604283022
73052466,CCOC(=O)CCN1CCC=C(Br)C1,1,0.2777777777777778,2.2349093941366207,0.996960832131469
11883158,COC(=O)c1c([nH]c(c1C)C(=O)OCC(=O)N(C)Cc1cccs1)C,1,0.44776119402985076,2.9881174675710844,0.9995531088184224
50406372,CN(c1ccc(cc1)NC(=O)Nc1ccc(cc1)OC(F)(F)F)c1ccnc(n1)Nc1cccc(c1)S(=O)(=O)N,1,0.421875,2.855915264849033,0.9980602399124308
901943,CCC1=C(C)CN(C(=O)NCCc2ccc(cc2)S(=O)(=O)NC(=O)N[C@H]2CC[C@H](C)CC2)C1=O |r|,1,0.47368421052631576,3.0054741722396567,0.9965021617631467
424596,CC(C)NC(=O)C1(CCOCC1)Cc1ccccc1-c1ccncc1,1,0.41935483870967744,1.9968049479106673,0.9988216929830285
50283565,C1CC1c1cc(n[nH]1)Nc1ccnc(n1)Nc1ccc2nc[nH]c2c1,1,0.23863636363636365,8.355599439896709,0.9986322210850399
3967714,CCc1cccc(c1NC(=O)c1ccc(o1)C)C,1,0.46808510638297873,0.9784595035051757,0.9995612956532061
36330868,NC(=O)NC(=O)CN(Cc1cccs1)c1cccc(c1)C#C,1,0.30158730158730157,2.5737748541784216,0.9989988159106076
36335290,NC(=O)NC(=O)CCN(Cc1cccs1)c1cccc(c1)C#C,1,0.2923076923076923,1.945155777823174,0.9975992382162714
49948650,CN(Cc1ccc(nc1)N)c1nc(cs1)C(F)(F)F,1,0.5,1.5621875687633484,0.9987164993621582
24027900,CON(C)C(=O)c1cc2ccc(cc2[nH]1)C(C)(C)C,1,0.5660377358490566,1.4302880828698843,0.9992262624083028
45748055,CON(C)C(=O)c1cccc2c(c([nH]c12)C)C,1,0.39215686274509803,1.4455338114346876,0.9994168439664116
902539,CCCCCNC(=N)N/N=C/c1c[nH]c2ccc(cc12)OC,1,0.24,2.8090822344674256,0.9954021162886858
35709702,CNC(=O)Cn1ccc2cc(ccc12)OC,1,0.421875,1.611470756793606,0.9993492222626734
45748880,CON(C)C(=O)Cc1c([nH]c2ccccc12)C,1,0.32075471698113206,1.7126797715860336,0.9995040940589774
36747881,Cc1cccc(c1)NC1CCN(CC1)C(=O)OC(C)(C)C,1,0.3870967741935484,1.763414301858508,0.998811660253621
49942032,CC(C)Oc1ccc(cc1NC1CCN(C)CC1)C#N,1,0.42105263157894735,2.058374844385508,0.9985016845400304
36436988,CSc1nccc(n1)N1Cc2cnn(c2C1)Cc1ccc(cc1)F,1,0.28378378378378377,2.2013143800919055,0.9991142109550937
32146431,CN(CC(=O)Nc1ccncc1)C1CCCC1,1,0.5,2.449085135310654,0.9963253430611352
36008838,CCCCCCNc1ncnc2[nH]ccc12,1,0.2982456140350877,5.334503257098905,0.9976712678786447
157255,Cc1nc(cc(n1)NC1CCCC1)CC1CCN(CC1)S(=O)(=O)c1c(noc1C)C,1,0.6307692307692307,2.8278270809935293,0.9968845575996665
11009421,COc1ccc(cc1)CNC(=O)c1nnn(c1N)-c1ccc(cc1)OC,1,0.4126984126984127,2.5399326762730987,0.9982193649248843
48743317,O=C(Cc1coc(n1)-c1ccccc1)NCC#C,1,0.39655172413793105,0.9575306783599894,0.9994029371610221
49976422,Cn1cc(cn1)-c1nnc(o1)NCc1ccc2ccccc2c1,1,0.4032258064516129,1.6914334157749527,0.9982744112203039
48269211,COc1ccc(cc1)CC(=O)Nc1ccc(nc1)F,1,0.45098039215686275,1.713669746479628,0.99899477162364
324054153,CC1(C)Cc2cc(c(nc2O1)N1CCN(CC1)CC(F)F)NC(=O)c1cnn2cccnc12,1,0.620253164556962,3.153983354426273,0.9992159348180129
31842542,CC1CCN(CC1)C(=O)c1n[nH]c2ccccc12,1,0.38181818181818183,1.5793311875600968,0.9989629373032293
53839716,COC(=O)C1=NOC2(CCN(CCCCCF)CC2)C1,1,0.3225806451612903,1.4063701504229462,0.9983521277496766
53777863,COC(=O)C1=NOC2(CCN(CCC(C)(C)C)CC2)C1,1,0.265625,1.7539136238709283,0.998004212914635
36987134,CC1CCC(CC1)NC(=O)c1oc2ccccc2c1CS(=O)C,1,0.4067796610169492,1.7269559924906484,0.999114739267915
49911406,CN(CC(=O)Nc1c(cc(cc1C)C)C)c1ccc(nc1)C#N,1,0.34375,1.634137387124951,0.9994079656680221
316162153,OC[C@@H]1CC[C@H](CO1)Nc1ncnc2[nH]cc(c12)C(=O)c1ccc(cc1Cl)Oc1ccccc1 |r|,1,0.3118279569892473,5.740562515990863,0.9985647682064757
35772359,Cn1ccnc1CN1CCN(CC1)Cc1ccc(cc1C#N)F,1,0.3508771929824561,1.9990310152671484,0.996937369760657
32176610,Fc1ccc(c(c1)F)SC1=NN2C=NC(=O)C(=C2C=C1)c1c(cccc1Cl)Cl,1,0.23684210526315788,1.8122138394792402,0.9974970445675188
24997821,Fc1cccc(c1CC(=O)Nc1cccc2cnccc12)Cl,1,0.453125,1.255806513759429,0.9988188293288841
313833267,Cc1cn2nc(cc(c2n1)C)C1=CC(=O)N2C=C(C=CC2=N1)N1CCNC2(CC2)C1,1,0.22826086956521738,3.4154592663360286,0.9971340429525598
32014834,Clc1cc(cc2c1OCO2)C(=O)NCCN1C(=O)CSC1=O,1,0.3225806451612903,1.6075304040667087,0.9992781227970269
16159378,O=C(CN1C(=O)c2cccn2-c2ccccc21)NCCCN1CCCC1,1,0.47540983606557374,3.004153291694706,0.9979673015340612
177428613,Cc1n[nH]c(n1)C1CCN(CC1)C(=O)NC1CCN(CC1)c1ccc(cc1)F,1,0.4444444444444444,2.3339359459935065,0.9986154871273388
49168678,COCCc1nc(n(n1)Cc1ccc(cc1)F)-c1cnc(nc1)C1CC1,1,0.375,1.6968906859309965,0.9983499915169847
300480727,CCc1noc(n1)-c1ccc(cc1)CCN,1,0.3090909090909091,1.9147292236763265,0.997214475065163
43251541,CN(C1CCC1)C(=O)c1cc(nc2ccnn12)C,1,0.5490196078431373,1.3966398963227213,0.9989571447330114
32007436,Cc1cc(n(n1)-c1ccc(cn1)CNC(=O)c1ccc2c(c1)CCO2)C,1,0.5538461538461539,0.8997471867124052,0.9997859253381778
222768389,CN(Cc1cnn(c1C)C)Cc1nnc(s1)C,1,0.25862068965517243,1.7915437477218357,0.9995211876551903
30569846,Cc1ccc(cc1)CN1C=CN(C(=O)C1=O)c1ccc(c(c1)F)F,1,0.3541666666666667,1.6265125268498961,0.9995736435723307
16154631,Fc1ccc(cc1F)N1C=CN(Cc2ccccc2Cl)C(=O)C1=O,1,0.2923076923076923,1.1695469208200984,0.9981723086941886
11904640,Fc1ccc(cc1)NCCN1C(=O)c2ccccc2C1=O,1,0.35555555555555557,1.3053857667369937,0.9996103246032383
326092,Fc1cccc(c1)CCNCc1cc(cn2nnnc12)-c1ccccc1,1,0.4461538461538462,1.525709015507272,0.9982233336808375
214735,Cc1cc(nc(n1)C1CCNCC1)NC1CCCC1,1,0.3541666666666667,2.094890450596314,0.9976971706074609
29371307,Nc1ncnc2n(nc(c12)-c1cnc2[nH]ccc2c1)C1CCCC1,1,0.463768115942029,3.7842243590991664,0.9990234576897672
171789858,CC(=O)N1CCN(CC1)[C@H]1CCN(CC[C@@H]1O)C(=O)c1cc2cc(ccc2o1)C |r|,1,0.7962962962962963,3.6909756162837826,0.9984300992742668
171789564,CC(=O)N1CCN(CC1)[C@H]1CCN(CC[C@@H]1O)C(=O)c1cc2cc(ccc2o1)Cl |r|,1,0.6333333333333333,2.0512939818568854,0.9996284490281157
308044,CCOc1cc(ccc1OC)CN1CCc2c(nc(nc2C1)N1CCCC1)N,1,0.4057971014492754,2.7378913418906428,0.9980131526127224
42966292,COC(=O)c1cc(c(c(c1)NC(=O)CCCc1ccccn1)C)F,1,0.3492063492063492,1.5266129175401413,0.9983477287624938
50568787,CN(CC(=O)Nc1cc(cc(c1)F)F)c1ccnc(c1)C(=O)N,1,0.38596491228070173,2.367538172870832,0.9974242304609
1536855,COc1cc(cc(c1OCc1ccccc1)Cl)CNCCN1CCOCC1,1,0.34146341463414637,2.4211970180057483,0.9972134838251165
Z344039182,Fc1ccc(cc1F)C(=O)N1CCN(CC1)C(=O)c1nc(ccc1Cl)Cl,1,0.3559322033898305,1.6806831944183427,0.9985355525145279
38843428,CCNc1nc(nc(c1C)C)-c1cccnc1,1,0.36363636363636365,1.75450420347198,0.9993472868857114
36436018,CCOc1ncccc1-c1nc(cc(n1)NC)C,1,0.2777777777777778,1.4462437553885097,0.999523717662611
38281327,OC(=O)Cc1ccc(cc1)Oc1ccncc1,1,0.38095238095238093,3.978064730493947,0.9884339373950299
30063049,CC1Cc2cc(ccc2N1C(=O)C)S(=O)(=O)Nc1cccc(c1)-c1cnco1,1,0.38271604938271603,1.0864759546354033,0.9992753141924469
207447,Fc1ccccc1-c1c[nH]nc1C1CCCN1Cc1ccc2ncccc2c1,1,0.2911392405063291,1.184711779294054,0.999570877303979
49343751,O=C(Nc1nnc2n1CCCC2)c1cscn1,1,0.5185185185185185,2.1191682330568096,0.9997562668675545
232868125,CN1CCN(CC1)c1nc(cc(n1)C(C)(C)C)-c1c(nn(c1C)C)C,1,0.26666666666666666,1.9113853614592262,0.9987262319036118
53749740,Clc1ccc(cn1)CSc1nc(c[nH]1)-c1ccccc1,1,0.4423076923076923,1.60693217031728,0.99833678191
149747,Cc1ccnc(n1)C1CCN(CC1)C1CCCC1,1,0.3958333333333333,1.9488193861924659,0.9983970500911508
232859591,Cc1ccc(cc1S(=O)(=O)NCc1cnn(c1C)C)-c1cnc(o1)C,1,0.578125,2.018387227466583,0.9993503766017624
232865232,COc1cccc(c1)Oc1ccc(cn1)NC(=O)CN1CCCCC1=O,1,0.6774193548387096,1.9820176588516845,0.9996138749225386
31890078,Cc1nnc(c(c1C)C#N)NCCc1ccc2c(c1)OCO2,1,0.3870967741935484,1.473850060216247,0.9988321589113293
48788735,Cc1ccnc(c1NS(=O)(=O)c1ccccc1C)Cl,1,0.2698412698412698,1.0109817011203404,0.9990635995582358
33351514,Cc1ccc(c(c1)OCc1c(ccc2cccnc12)Cl)C(=O)N,1,0.3770491803278688,1.6739689363903423,0.9984957198739955
46061355,CCc1ccccc1-c1cn(nn1)CCc1cnccn1,1,0.34328358208955223,2.05907503505799,0.998431030127082
44508907,Cc1cnn(c1)Cc1nc(no1)Cn1cccn1,1,0.38333333333333336,2.7788240318521975,0.9985743994212964
49971700,Cc1cccc(n1)NCCc1cn2c(n1)CCCC2,1,0.46153846153846156,2.085412429233005,0.9984159292254158
36265861,N#Cc1cccnc1NCCc1cn2c(n1)CCCC2,1,0.296875,2.1994476579360227,0.9981247433362731
177377491,Cc1[nH]nc(c1C)CCC(=O)NCCCOC1CCCC1,1,0.9782608695652174,1.6630974114584443,0.9989474182335837
48825778,CN1CCC(CC1)NS(=O)(=O)C1CN(C1)C(=O)c1cccc(c1)Cl,1,0.38095238095238093,0.9165686008149625,0.9993861977482998
45649160,CN1CCN(Cc2noc(n2)Cc2ccccc2)c2ccccc21,1,0.43333333333333335,1.4874555455543632,0.9985427734899406
271693,Cn1cncc1-c1ncccc1C(=O)N1CCCC1,1,0.3235294117647059,1.4681113717973435,0.9985057054869327
299987327,COc1cc2nc(nc(c2cc1OC)N)N1CCN(CC1)C(=O)c1ccco1,1,0.3150684931506849,2.170643683334736,0.9983844631216432
136115,CCC(C)(C)NC(=O)C1(CCOCC1)Cc1ccc(cc1)-c1cc(ccc1OC)F,1,0.410958904109589,2.8925540617248777,0.9990800140685093
25000139,CN(CC(=O)Nc1cccc(c1)F)C(=O)c1cccc(c1)C#N,1,0.5882352941176471,1.4554099078953713,0.9984338758471074
36264533,O=C(NCCc1cn2c(n1)CCCC2)c1ccccn1,1,0.4107142857142857,2.222259210803077,0.9980468518381466
48638440,Cc1ccccc1COC1CN(C1)C(=O)CN1C(=O)Nc2ccccc21,1,0.5862068965517241,1.9518317038103872,0.9991907299239634
36356120,CC(C)c1nc2c(n1C)CCN(C2)c1ncnc2ccccc12,1,0.6851851851851852,0.9937479559727305,0.9993593548122153
11930272,Cc1cc(c(c(c1)C)-c1csc(n1)NC(=O)Cn1cnnn1)C,1,0.58,1.28927188753947,0.9990765194471873
33313717,Cn1cc(c(n1)-c1cccnc1)C(=O)NCCc1c[nH]c2ccccc12,1,0.37681159420289856,3.9822460998791422,0.9993892297348879
31412367,Cc1nn(c2nc(cc(c12)C(=O)O)C1CC1)-c1ccccn1,1,0.3620689655172414,2.9707229759772256,0.9979897935526636
44502768,CCNC(=O)c1cc(nc2n(nc(c12)C)-c1ccccn1)C1CC1,1,0.3380281690140845,1.7892576673024512,0.9993371816013946
36640365,NC(=O)CN1CCC(CC1)Nc1c(cnc2cc(cc(c12)F)F)C#N,1,0.32926829268292684,2.8446426840639254,0.9960259943701588
56769871,Oc1nccn2c(nnc12)CNC(=O)C1CCCC1,1,0.45454545454545453,2.559686308906024,0.9988615092809064
205729538,O=C(Nc1ccccc1)N1CCCc2cnc(nc21)N1CCOCC1,1,0.515625,1.6887735194516156,0.9987523827154218
32106016,CN(CC(=O)NC1(CCCCC1)C#N)c1cccc(c1)C#N,1,0.7291666666666666,1.8033823776450542,0.9989764576626259
30696460,COc1cc2c(cc1OC)CN(CC2)C(=O)C1CCCN(C1)C(=O)OC(C)(C)C,1,0.639344262295082,1.7903086326103932,0.9989599957170497
16732808,COc1cc2c(cc1OC)CN(CC2)C(=O)C1CCCN(C1)C(=O)C,1,0.6964285714285714,1.7920624989103553,0.9989777596289018
44106917,CCCS(=O)(=O)N1CCCC(C1)C(=O)N1CCc2ccccc2C1,1,0.5161290322580645,1.7635648556259027,0.999198433512153
17159117,COc1cccc(c1)CC(=O)Nc1ccc2nc(sc2c1)C,1,0.45454545454545453,1.223723007874088,0.999502207032872
31856931,CNC(=O)Cc1csc(n1)-c1ccc(cc1)C,1,0.4489795918367347,0.8226992159957278,0.9995459416754163
25428520,COc1ccccc1-c1nc(cs1)C(=O)O,1,0.3541666666666667,1.6089555618477038,0.9975722651279499
4742397,CC(C)CCNC(=O)Cc1csc(n1)-c1ccc(cc1)C,1,0.4444444444444444,1.2969676171746982,0.9993001413735415
16784498,COc1cccc(c1OC)-c1nc(cs1)C(=O)O,1,0.3404255319148936,2.2717409623457967,0.9971672532212348
48248496,CN(C1CCS(=O)CC1)c1ncc(cn1)Br,1,0.25,2.146064537706217,0.9969190570409686
36639987,Cc1cc(n2nc(c(c2n1)C(=O)NCC1CC1)C)C,1,0.5714285714285714,1.8029148621051527,0.9991926923493106
104348771,C1Cc2nnc(n2C1)CN1CCc2ccccc2C1,1,0.34545454545454546,1.3721351974205855,0.9986369758946237
49041846,CN1CCC(O)(CC1)CNS(=O)(=O)CC1CCCCC1,1,0.26785714285714285,2.132740724982791,0.9985412308416921
30656579,Cc1ccc(cn1)C(=O)Nc1ccccc1C(C)(C)C,1,0.4897959183673469,1.167981592320714,0.9990881975180909
24065064,CN(C)C(=O)c1cccc(c1)NC(=O)c1ccc(nc1)C,1,0.5102040816326531,1.2625153464410508,0.9991157796851562
43068693,COCc1noc(n1)-c1ccc(nc1)-c1cc(cc(c1)C)C,1,0.3898305084745763,1.4622222813235146,0.9984031459292405
46223729,CN1CCN(CC1)c1nc(c(c(n1)C)NC(=O)C1CCCCC1)C,1,0.5777777777777777,1.9700428929344125,0.998233995612257
89942044,Oc1ccc(c(c1)C(F)(F)F)Cn1ccc(n1)NC(=O)c1c(cccc1F)F,1,0.49230769230769234,1.9845649397285712,0.9993131093669987
45652159,Cc1csc(n1)N(C1CC1)C(=O)c1cc2c(nn(c2s1)C)C,1,0.43661971830985913,2.6710280792235235,0.9990838783499575
49336073,CC(=O)NC1CCN(CC1)Cc1cccc(c1)-c1cccnc1,1,0.45714285714285713,1.420870155924942,0.9985682806762644
15987806,CCCc1nc2nc(c(c(n2n1)O)NS(=O)(=O)c1ccc(cc1)C1CCCCC1)C,1,0.3698630136986301,3.673486899391491,0.9968293961429707
49138606,CN1CCN(C(C)(C)C1)S(=O)(=O)c1ccc(nc1)C(F)(F)F,1,0.28,1.416858143922501,0.9979126617889046
48247380,CN(C)c1ccc2c(c1)OCCN2C(=O)NCc1cccnc1,1,0.36619718309859156,1.1962023240237571,0.9989075918148266
82738853,O=C(NCc1cnn2cccnc12)c1ccccc1-n1cnnc1,1,0.5423728813559322,1.890187821355058,0.9993740333539821
31406035,CN1CCNc2nc3ccccc3nc21,1,0.375,1.8565645693052615,0.9966087233110862
27425362,Cc1cc(n(n1)-c1cccc(c1)NC(=O)c1ccc(c(c1)F)F)C,1,0.43103448275862066,1.4857065659143063,0.9991041914198155
1541141,OC(=O)CCC(=O)Nc1ccccc1C1=Nc2ccccc2NC1=O,1,0.3508771929824561,1.6701380182491614,0.9991921900175776
53790787,CC(CN(C)Cc1nnc(n1C)C)Oc1ccc(c(c1)Cl)Cl,1,0.25757575757575757,1.891963794579811,0.9966517149640528
42961078,Cc1nc(cc(n1)Nc1cnn(c1)C(C)(C)C)Cl,1,0.4107142857142857,2.0731939127832137,0.999202028589936
44385386,Nc1nc(cs1)CN1CCN(CC1)c1ccc(cc1)F,1,0.3148148148148148,1.3567317347210877,0.998539587714333
43366944,CC(C)c1cc(c(cc1O)O)C(=O)N1Cc2ccc(cc2C1)CN1CCN(C)CC1,1,0.34375,2.701444428449226,0.9979634073315942
36427432,CCc1nc2cc(ccc2o1)-c1c(cccc1OC)OC,1,0.32727272727272727,1.4920599853893501,0.9990615827111419
1525474,CCC(=O)N1CCN(CC1)c1ccc(cc1NC(=O)COc1ccccc1)Cl,1,0.4142857142857143,1.9208138899955334,0.9990949654468878
11480015,CC(C)c1ccc(cc1)OCC(=O)Nc1cccc(c1N1CCN(CC1)C(=O)C)Cl,1,0.3698630136986301,1.8215685548449836,0.9984629099803269
11480017,COc1ccc(cc1)OCC(=O)Nc1cccc(c1N1CCN(CC1)C(=O)C)Cl,1,0.42105263157894735,1.5938622901620663,0.999070980946525
45816980,COc1nn(cc1C(=O)Nc1cccc(c1)-c1cnc2n1CCC2)C,1,0.38961038961038963,2.9679914083433854,0.9985643346803204
35705370,Cc1nccc(n1)-c1cccc(c1)NCC(=O)N1CCCCCCC1,1,0.8490566037735849,2.006648449529923,0.998720645616299
177383138,Cc1nnc2ncc(cn12)-c1cccc(c1)-c1ccnn1C,1,0.5686274509803921,1.2077396242573657,0.9993271410710528
30451421,Fc1ccc(cc1)-c1cc(on1)C(=O)NC1=NS(=O)(=O)c2ccccc21,1,0.3,2.786189153664884,0.9993295566876743
32434890,CN(C)c1nc(ncc1C)NCc1ccccc1-n1ccnc1,1,0.5081967213114754,1.6439318720673715,0.9992961082317803
35697150,O=C(NCCc1ccc2c(c1)OCO2)N1CCc2sccc2C1,1,0.6,1.4325051483316416,0.999536664904539
36716227,CN(C)c1ncc(n1C)CNC(=O)c1sc2ccccc2c1C,1,0.328125,2.0989885659527685,0.9991429996924241
324135709,COc1cc2nn(cc2cc1NC(=O)c1ccn(n1)C(F)F)CCC(C)(C)O,1,0.7714285714285715,2.7588423296732145,0.9991479878880756
49155634,COCC1(CC1)c1nc(nn1Cc1cccc(c1)Cl)-c1ccncc1,1,0.32051282051282054,1.3986840243603709,0.998422924295554
48439112,OC(=O)c1cccc(n1)N1CCC(CC1)Oc1ccc(cc1)Cl,1,0.32142857142857145,2.239747753654358,0.9972580806189107
5736794,CN1C(=O)N(Cc2ccccc2Cl)C(=O)c2c1nc1n(c(cn21)C)-c1ccccc1O,1,0.31645569620253167,1.7681490321795232,0.9994241878401204
5736788,CN1C(=O)N(Cc2ccccc2C)C(=O)c2c1nc1n(c(cn21)C)-c1ccccc1O,1,0.27631578947368424,2.2831480460101554,0.9993461401648556
11326025,CCCNC(=O)Nc1ccc(cc1Cl)Oc1ncnc2cc(c(cc12)OC)OC,1,0.34065934065934067,2.621441397399782,0.9968755883790585
73006343,Cc1noc2ncnc(c12)N1CCCN(CC1)C(=O)C1CC1,1,0.4067796610169492,2.1807572079442066,0.9989564466861974
43132553,C1CC1c1ncn(n1)Cc1nc(no1)C(c1ccccc1)c1ccccc1,1,0.3194444444444444,2.778717509931495,0.9979269205105462
29703212,OC(=O)c1ccc(cc1C1CCCC1)-c1c[nH]c2ncc(cc12)-c1ccccc1,1,0.3287671232876712,2.8880439747344875,0.9962004519990625
73053174,CCN1CCN(CC1)C(=O)CNc1ncnc2onc(c12)C,1,0.30303030303030304,2.8202086802225286,0.9982184224500809
2858011,CC(C)CN1C(=O)NC(=O)c2c1ncn2CC(C)C,1,0.47058823529411764,1.7654656609517931,0.9991951604198237
493944,CN1C(=O)N(C)c2ncn(c2C1=O)C,1,0.2982456140350877,2.7431642313215034,0.9978069088468294
133851,Cc1ccc2n(c(cc2c1)C(=O)N1CCOC(C1)C(=O)N1CCc2ccccc2C1)C,1,0.37333333333333335,3.347270679225017,0.9994140712387046
35743833,CNC(=O)c1ccc(cc1)CN(C)c1c(cc(cc1F)C#N)F,1,0.375,1.7563766680299515,0.9941841901471878
25587599,COc1cccc(c1)-c1nc(n[nH]1)-c1cccnc1,1,0.34285714285714286,1.4244153186480375,0.99951476924696
36791100,Nc1nncc(n1)-c1ccccc1OC(F)F,1,0.3,2.295104572780938,0.9968001217524094
25616683,CNc1nc(ncc1F)-c1cc(cc(c1)OC)OC,1,0.32608695652173914,1.701954170945832,0.9992197405002676
35774799,C1CC(C1)CNc1nc(no1)-c1ccccc1,1,0.5217391304347826,1.3735723497508092,0.9969529253751772
1527130,COc1cccc(c1)CNc1ncc(n1C)-c1ccccc1,1,0.47619047619047616,1.469624441821913,0.9986091454096372
1527152,Cn1c(ncc1-c1ccccc1)NCc1ccccc1,1,0.45614035087719296,1.5662627493494485,0.9974146298515216
82723223,CN1CCC(CC1)N(Cc1cccnc1)C(=O)NCCCc1ccccc1,1,0.75,0.9255333597449834,0.9995974883358069
222077,CC1(CCN(CC1)Cc1ccco1)c1ccn[nH]1,1,0.29508196721311475,2.1883911898927977,0.9991365962370353
177425249,Clc1cnc(nc1)NCC1(CC1)CN1CCCC1,1,0.4222222222222222,1.6787569806260085,0.997773574786117
31835550,CC(=O)Nc1cccc(c1)OCC(=O)N1CCCCC1,1,0.5192307692307693,1.5771680316313978,0.9979665799346831
50310131,COCc1ccccc1CNc1ccc2nnc(n2n1)-c1ccccc1,1,0.4098360655737705,1.8624282536517123,0.9988784457215911
24062566,Cc1noc(c1CC(=O)N1CCc2[nH]c3ccc(cc3c2C1)Br)C,1,0.4657534246575342,1.8951139807415378,0.9989911081054155
17268136,C1CN(CCO1)CCN(Cc1cccnc1)Cc1cccc(c1)Oc1ccccc1,1,0.6333333333333333,1.9803014921977113,0.9981010150095397
25041311,Cc1nnc(o1)-c1ccc(nn1)N1CCC(CC1)Oc1cc(ccc1Cl)F,1,0.43661971830985913,2.2610886758373496,0.9954569912169677
36356108,CCCc1cc(n2ncnc2n1)N1CCc2c(nc(n2C)C(C)C)C1,1,0.7213114754098361,0.18241162243674552,0.9999826655789096
EN300-1590205,CC(C)(C)N1N=CC(=C(Cl)C1=O)OCc1ccc(nc1)OCCOCCO,1,0.2898550724637681,2.3285433214779876,0.9989422067936115
316756775,[2H]C([2H])([2H])NC(=O)c1nnc(cc1Nc1cccc(c1OC)-c1ncn(n1)C)NC(=O)C1CC1,1,0.29411764705882354,2.724402870355034,0.9989188759892258
32029938,COC(=O)Nc1ccc(cc1)Oc1nc2ccccc2o1,1,0.3548387096774194,1.3670793685810778,0.9990720990895489
3506779,Cc1ccc(cc1)-c1cc(on1)NC(=O)CN1CCOCC1,1,0.40298507462686567,1.4346330541293366,0.9990657523517142
49992529,CCn1cc(cn1)C1CCN(CC1)Cc1ccc(cc1)C#N,1,0.41818181818181815,1.8589419033418089,0.9985739491151306
32063538,Cc1ccc(cc1F)C(=O)N1CCN(CC1)C(=O)NCC(=O)N1CCCC1,1,0.47058823529411764,1.8869623737638852,0.9990312998217589
29596013,CN(C)c1cc(ccn1)CNc1ccc(cn1)C#N,1,0.45098039215686275,1.6251473779324168,0.9994014329430734
44811754,Cc1c[nH]c2nccc(c12)Oc1c(cc(cc1F)Nc1cc(nc(n1)N)Cl)F,1,0.24358974358974358,4.368424658844782,0.9984873744378718
45712854,CCN(c1ccccc1)S(=O)(=O)c1ccc(cc1)C(=O)Nc1ccccc1C(=O)C,1,0.4339622641509434,1.4852986231731378,0.9987057658111731
25664405,Fc1ccc(cc1)-c1cnc([nH]1)SCCN1C(=O)CCC1=O,1,0.2711864406779661,2.45626810425876,0.9983975386408073
32071082,Cc1cccc(n1)NC(=O)c1cccnc1N1CCCCC1,1,0.42592592592592593,1.6541036847792854,0.9983913762070968
1436740,O=C(CCCOc1ccccc1)N1CCCC1,1,0.8484848484848485,1.539145217320683,0.9994734886629827
48257681,Cn1ccnc1CNc1cc(ccc1-n1cccn1)Br,1,0.3064516129032258,1.6264510444525593,0.9988128244591185
43495449,O=C1Nc2nc(ncc2C(=O)N1c1ccccc1)N1CCc2ccccc2C1,1,0.3,1.6123861200101393,0.9988825168482557
36466247,CCOc1ncccc1-c1cc(ccc1O)Cl,1,0.3137254901960784,1.3494180227047423,0.9983165700443443
30043512,CN(Cc1ccccc1Br)C(=O)Nc1ccc(cc1)C(=O)N1CCCC1,1,0.5689655172413793,1.6685062181486028,0.9982337428585486
177465521,CN(CCO)c1ccc(nn1)-c1ccc(cc1-n1cccn1)C,1,0.323943661971831,2.159081054523084,0.9983225796817289
24884318,COc1c(cccc1CN1CCC(O)(CC1)c1ccc(cc1)F)C,1,0.48333333333333334,1.2020956700696934,0.999322221610669
32033578,CC(N1CCCN(CC1)c1ccccc1C#N)C(=O)N1CCc2sccc2C1,1,0.4794520547945205,1.9087509004582601,0.9984268268290409
48597409,CN(C)c1ncn(n1)-c1cccc(c1)N,1,0.29411764705882354,1.3493276103302183,0.999206355559638
177414009,CC(C)c1cc(nc(n1)C)-c1ccc(cc1)S(=O)(=O)N(C)C,1,0.46808510638297873,1.5791076594075195,0.9987208329473732
97290253,CCCS(=O)(=O)c1nc(cc(n1)-c1ccc2n(ccc2c1)C1CC(C)(C)NC(C)(C)C1)NC1CC1,1,0.23863636363636365,5.288722435522528,0.9979356812213511
5799127,Nc1ccc(nc1)Oc1ccccc1F,1,0.3170731707317073,1.1936125837137574,0.9991870538951976
20173881,Cc1cc(cc(c1)Oc1cc(ccn1)C#N)C,1,0.35555555555555557,2.2840503497077203,0.9989781904497632
36790963,Cc1ccnc(c1)Oc1cc(ccc1C)N,1,0.29545454545454547,1.1566948603675624,0.9992467652709393
36909737,Cc1cccc(c1C)Oc1cc(ccn1)CN,1,0.32142857142857145,2.0607539882285426,0.9977132661723203
45491581,Cc1cccc(c1C)Oc1ncccc1N,1,0.2916666666666667,0.8090315197816035,0.9990611063076528
278832,O=C(C(c1ccccc1)c1ccccc1)N1CCOCC(C1)Cc1ccc2cnccc2c1,1,0.43037974683544306,2.4342588194359713,0.9982375764344472
267729,CS(=O)(=O)N1CC(C1)c1n[nH]c2ncccc12,1,0.32727272727272727,2.379239374253771,0.9990769235323096
30431093,Cn1ncc-2c1CCc1sc(nc12)NC(=O)c1cccnc1,1,0.46774193548387094,1.4934416627378304,0.9997127530401397
48234480,C1CN(CCC1c1nc(n[nH]1)-c1ccccc1)c1ccccn1,1,0.7083333333333334,1.6353137313676456,0.9991417774217434
89940865,FC1(F)CCN(C1)c1cc(cc(n1)Nc1cc(ccn1)C#N)C1CCN(CC1)C1COC1,1,0.3188405797101449,2.831642103091839,0.9971728323393644
48629606,Cc1cc(no1)-c1nc(nn1CCc1ccccc1)C,1,0.36507936507936506,1.0652037363810862,0.999048646857429
49944040,COc1cc(ccc1F)CCNC1CCC2(CC1)OCCO2,1,0.3382352941176471,1.99277545147464,0.9988081036764905
82728121,Cc1cc2nc([nH]c2cc1C)CCC(=O)N1CCc2n[nH]cc2C1,1,0.4605263157894737,2.77705707539474,0.9971844833922786
48304378,Cc1cc(nn1C)OCc1ncc(o1)C(C)(C)C,1,0.3076923076923077,1.5694218680772085,0.9994713296424867
48313236,CC(C)S(=O)(=O)C1CCN(CC1)C(=O)c1c(nn(c1Cl)-c1ccc(cc1)F)C,1,0.4225352112676056,1.5298810411273285,0.9987315260133818
13159362,CN(C(=O)COc1cccc2ccc(nc12)C)c1ccccc1,1,0.4,1.1987022148974573,0.9992151000874503
50427820,CCCOc1ccn2c(cc(c2c1)-c1ccccc1S(=O)(=O)C)C(=O)C,1,0.28205128205128205,2.119537685439592,0.9991354743000841
49293741,CN(C1CCN(CC1)Cc1cc(no1)C)c1ncc(cn1)Cl,1,0.46296296296296297,1.8569722668902624,0.9974781940012116
49920814,Cc1noc(n1)NCc1cccc(c1)-c1cccnc1,1,0.5869565217391305,1.5923645939293052,0.9991195020977439
1546088,COc1ccc(c(c1)S(=O)(=O)Nc1cccc(c1)CCc1ccccn1)OC,1,0.38571428571428573,2.043667781220731,0.9965540859700573
Z1611059418,CC(C)c1nnc(o1)NCc1ccn(c1)C,1,0.5681818181818182,2.5161383109838815,0.9989439329043115
49979686,Cc1ccnc(c1C#N)N1CC(O)(C1)c1ccc(cc1)F,1,0.4262295081967213,1.4176889644771637,0.9988550535072209
2292167,COc1ccccc1CC(=O)Nc1ncc(s1)C,1,0.4576271186440678,0.9428255405959479,0.9994643334881237
306432,Cc1nc2ncc3c(n2n1)CCCC3=O,1,0.2545454545454545,3.4208102841286383,0.9763189923099874
306440,Cc1nc2ncc3c(n2n1)CC(C)(C)CC3=O,1,0.22033898305084745,1.6778486224925846,0.9981716997215058
73048893,CC1=C(Br)CN(CC1)CCC1=Nc2ccccc2C(=O)N1,1,0.352112676056338,1.7740332578618097,0.9990718710750579
50614022,CSc1ccccc1S(=O)(=O)NC1CCC(CC1)CN(C)C,1,0.24285714285714285,2.034205004418398,0.99843343324012
3566194,Cc1nc2cc(ccc2o1)NC(=O)CCc1c(noc1C)C,1,0.639344262295082,1.6753417561795498,0.9996367364848436
48835672,CC(C)(C)C(=O)N1CCC(CC1)CN1C(=O)N(C2CCCC2)C(=O)C1=O,1,0.41818181818181815,2.9343115035727996,0.9984718757120541
32042968,C1CN(Cc2ccccc2N1)c1cnc2ccccc2n1,1,0.46153846153846156,1.6355567859291267,0.9985304711359797
3664558,CCc1nnsc1C(=O)Nc1cccc(c1)-c1nnc2n1CCCCC2,1,0.6060606060606061,1.5491481530182933,0.9987270967816393
11894372,O=C1NC2(CCCCC2)C(=O)N1Cc1csc(n1)-c1ccccc1,1,0.4262295081967213,2.219907655737498,0.9992473897295566
139341,COCC(=O)N1CCC(CC1)(Cc1ccccc1-c1cccc(c1)F)C(=O)NC(C)C,1,0.4810126582278481,1.8330624648386329,0.998803085937335
36944794,C1COc2ccc(cc2OC1)CNc1ccccn1,1,0.4444444444444444,1.6809705529840187,0.9966236879429645
32061442,FC(F)(F)c1cccnc1NCCNC(=O)C1=CN=C2C=CC=CN2C1=O,1,0.3013698630136986,3.1992438169041413,0.9980751625325642
206425,CN1C=C(C=CC1=O)C(=O)N1CCC(CC1)c1cc(c2c(n1)CCNC2=O)C(F)(F)F,1,0.6567164179104478,2.5556954043862037,0.9980151824265648
16252179,CCOC(=O)c1c([nH]c(c1C)CN(Cc1ccccc1)C(=O)c1ccccc1Cl)C,1,0.36507936507936506,2.4530187524760545,0.9990830106244931
50570563,CC(C)n1cc(cn1)CN1CCC(CC1)c1nc(no1)N(C)C,1,0.36619718309859156,2.15274290150938,0.9981484859513973
49977918,CCCn1cc(cn1)CN1CCC(CC1)c1nc(no1)N(C)C,1,0.3333333333333333,2.4958565663915797,0.9980722650231015
30026467,CC(N1CCCC(C1)c1nc2ccccc2o1)C(=O)Nc1ccc(cc1)C(=O)N,1,0.35526315789473684,2.1578973562243933,0.9983130178791989
43429664,CC(N1CCCC(C1)c1nc2ccccc2o1)C(=O)Nc1ccccc1,1,0.4264705882352941,1.565534732926611,0.9992719773033398
30026465,FC(F)(F)Oc1ccc(cc1)NC(=O)CN1CCCC(C1)c1nc2ccccc2o1,1,0.4146341463414634,1.819199824098368,0.9989624916918097
30026463,Cc1ccc(cc1C)NC(=O)CN1CCCC(C1)c1nc2ccccc2o1,1,0.44871794871794873,2.148010242061202,0.9984357640060384
24022867,NC(=O)c1ccccc1NC(=O)CN1CCCC(C1)c1nc2ccccc2o1,1,0.39436619718309857,2.7774144451269946,0.9988132543418965
32674428,COc1cc(cc(c1)C(=O)NCc1noc(n1)-c1ccccc1)OC,1,0.3548387096774194,0.9583261448997111,0.999208224094953
30151761,OC(=O)c1ccc(c(c1)F)N1CCCC1,1,0.32608695652173914,2.942799517466284,0.9972737180544043
33665609,COc1ccc(c(c1)OC)C(=O)c1ccc(cc1)Cl,1,0.43103448275862066,1.0388281859868231,0.9975979419901769
36811266,COc1ccc(c(c1)OC)C(=O)c1ccc(cc1)C,1,0.43859649122807015,2.0201895950628974,0.9990084759960316
48383292,CC1(C)[C@H]2C[C@H]3Oc4c(ccc(c4C(=O)NCCNS(=O)(=O)C)O)[C@H](O)[C@@]3(O)[C@@H]1C2 |r|,1,0.21686746987951808,3.9013038846006407,0.9959441952873428
43664822,Cc1nc(nc2ccccc12)CN1C(=O)CN(C2CCCC2)C1=O,1,0.32786885245901637,2.018299284050497,0.9994931711625561
6666291,COc1cccc(c1)N1CCN(CC1)c1nc(cc(c1C#N)C)C,1,0.46153846153846156,1.3685674992488799,0.9986882208945193
193725,COc1ccc(cc1)NC(=O)CN1CCC(CC1)c1cc(cc(n1)C)-c1cnc(nc1)N,1,0.4878048780487805,2.0880134099187484,0.9971727112328085
37038179,CC(C)(C)c1ccc(cc1)C1=NC2(CCNCC2)NC1=O,1,0.42105263157894735,2.1968268024582103,0.998582902686188
30151586,CN(c1ccc2c(n(nc2c1)C)C)c1ccnc(n1)Nc1ccc(c(c1)S(=O)(=O)N)C,1,0.24096385542168675,3.280854309474619,0.9985975330486174
300136806,OC(=O)/C=C/c1ccc(cc1)Cn1ccnc1,1,0.3283582089552239,3.115868257805494,0.9925811928835014
49343397,COc1cc(ccc1Cn1ccnc1C(C)C)C#N,1,0.3793103448275862,1.7119421719205683,0.9988323799272846
49948742,CCOc1cc(ncn1)N1CCOC2(CCCC2)C1,1,0.3382352941176471,1.3552638119570737,0.9987229148652184
49130614,Clc1cccc(c1)CNc1cnn(c1)CC(=O)N1CCOCC1,1,0.3484848484848485,1.5360774720049366,0.9988297423891102
11001656,Cc1ccc(o1)-c1ccc(cc1)NC(=O)c1ncoc1-c1ccccc1,1,0.3787878787878788,1.8177733632112225,0.9992048291784046
31612429,Cc1cccc(c1)-c1ncc(cn1)CNCc1ccccc1-n1cccn1,1,0.30303030303030304,1.6920839222688413,0.9995365706482322
49316037,N#Cc1ccc2nc(ccc2c1)NCCn1ccnc1,1,0.5094339622641509,1.8969810225727954,0.9988830495050737
299989682,CN1[C@@H]2CC[C@H]1C[C@@H](C2)OC(c1ccccc1)c1ccccc1 |r|,1,0.2653061224489796,1.4452892444073646,0.9989197860847917
49938986,CN(C)c1ccncc1CN1CCN(CC1)c1ccc(cc1)C(=O)N,1,0.3125,2.207201848495055,0.9964650071988613
49945934,Cc1cnn(c1)Cc1nnc(s1)-c1ccccc1,1,0.2786885245901639,1.561153740027331,0.99925505696818
153321,C1CN(CCC1c1ccn[nH]1)Cc1ccncc1,1,0.4230769230769231,2.3344855964431908,0.9989934991974321
53755274,CC1=CC=CN(Cc2cccc(c2)C#N)C1=O,1,0.5333333333333333,1.891268357478714,0.9986303491181965
53766760,CC1=CC(=CN(Cc2ccc(cc2F)C#N)C1=O)Br,1,0.4339622641509434,0.6348818787776644,0.9991526600561843
42961554,CC1=CC=CN(Cc2cccc(c2)F)C1=O,1,0.5714285714285714,1.9454999357492189,0.9989009893664995
42961556,CC1=CC=CN(Cc2ccccc2F)C1=O,1,0.4883720930232558,1.5621289959539646,0.9982751843307593
171974149,CC(=O)NC[C@H]1C[C@]2(C)[C@@H](CCCC[C@]2(C)O)N1CC1(O)CCOCC1 |r|,1,0.8571428571428571,2.4218214219881036,0.9982173206091447
29578498,CN(CC(=O)NC1CC1)c1nc(cc(n1)C)C,1,0.4528301886792453,1.3800644912465154,0.9984698482683424
32494828,CCCCC1=C(C)Nc2nc(nn2C1=O)N(Cc1cccs1)C(=O)C,1,0.2976190476190476,2.487389796553871,0.9994099852956626
300430678,CCN(CC)Cc1cccc(n1)/C=C/C1=Nc2ccc(cc2C(=O)N1c1ccccc1Cl)F,1,0.25,2.490524041241285,0.9980141846875108
2057338,C1CCCN(CCC1)Cc1ccc(cc1)-c1ccccc1,1,0.6216216216216216,2.4761649783486446,0.9972904007205208
53882277,O=C1N2C=CC=CC2=NC2=C1CN(CC2)S(=O)(=O)C1CCCCC1,1,0.34782608695652173,2.5533199956136032,0.9956488511529479
901986,CCCCC1=NC2(CCCC2)C(=O)N1Cc1ccc(cc1)-c1ccccc1-c1nnn[nH]1,1,0.275,2.7219432396727887,0.9971649890580353
32278040,CCCCC1=NC2(CCCC2)C(=O)N1Cc1ccc(cc1)-c1ccccc1-c1nn[nH]n1,1,0.27848101265822783,2.8204145085431103,0.9968483810751678
44457145,CNC(=O)c1ccccc1Nc1nc(ncc1Cl)Nc1ccc(cc1OC)N1CCOCC1,1,0.4772727272727273,2.8629741528694748,0.9983157527796215
43947755,COc1ccccc1CNC1=C(Cl)C(=O)NN=C1,1,0.328125,1.9475818339675741,0.9969714915032099
2353222,Fc1ccc(c(c1)CN1CCN(CC1)Cc1ccc2c(c1)OCO2)F,2,0.39622641509433965,0.7589703551523239,0.9994887189950761
32230796,CN(CCOc1cc(ccc1C)C)C(=O)c1ccc2n(nnc2c1)C,2,0.3382352941176471,1.7263890059892832,0.9981988073209707
319188,CC(C)CCN1CCc2nc3cc(nn3c(c2C1)O)C1CC1,2,0.37681159420289856,2.0096676342121036,0.9990497215929334
411872,CCCCN1CCc2nc3cc(nn3c(c2C1)O)C1CC1,2,0.42424242424242425,1.9138490013581726,0.9989924842419231
32113613,CN(C(=O)COc1c(cccc1C)C)C1(CCC1)C#N,2,0.48148148148148145,2.0179558964457014,0.9994682836343896
48755664,COc1ccc2nc(nc(c2c1)NCc1ncc(o1)C)C,2,0.4,1.892387909494282,0.9986678251344667
31879758,O=C(CCc1cccs1)Nc1ccc(cn1)N1CCOCC1,2,0.36764705882352944,1.9009892161715203,0.9989572297441184
31612429,Cc1cccc(c1)-c1ncc(cn1)CNCc1ccccc1-n1cccn1,2,0.323943661971831,1.6920839222688413,0.9995365706482322
310450,COc1cc(cc(c1OC)OC)CN1C[C@H]2CCC3=C(N=C(C)NC3=O)[C@H]2C1 |r|,2,0.2857142857142857,1.8430854565102122,0.9987209066439082
48880634,C1CCN(C1)CCOc1ccc(cc1)-c1[nH]c2ncnc(c2c1-c1ccccc1)NCC1SCCS1,2,0.33766233766233766,4.105752793337704,0.997045756518441
24010647,Fc1ccc(c(c1)C(=O)N1CCN(CC1)C(=O)C1CC1)F,2,0.46938775510204084,1.5624858399358825,0.9975392886028375
82700463,COc1cccc(c1-c1ccc(cc1)OCCN1CCCC1)OC,2,0.42857142857142855,1.9510548428989372,0.9980127232731386
11326025,CCCNC(=O)Nc1ccc(cc1Cl)Oc1ncnc2cc(c(cc12)OC)OC,2,0.34065934065934067,2.621441397399782,0.9968755883790585
300055299,OC(=O)CNc1nc(nc2ccccc12)-c1ccccc1,2,0.352112676056338,1.710085377985459,0.9982884598836759
38477365,Cc1ccc(c(n1)-n1cc(cn1)Cl)CN,2,0.2631578947368421,2.4919845505140352,0.9986208469129201
31881571,CCCC(=O)Nc1ccc(nc1)-n1cccn1,2,0.4,1.7447346503120809,0.9992844391199575
48242871,C1CCC2(CC1)CCN(C2)c1ncnc2[nH]ncc12,2,0.3333333333333333,3.4444019800248378,0.9986285274321302
36933237,CC(C)(C)n1ncc(c1C(F)(F)F)C(=O)N1CCCn2ncnc21,2,0.23880597014925373,1.8570271942004084,0.9979546124213448
49339585,OC(=O)c1ccc(cc1)CCC(=O)N1CCc2c(cc(cc2C1)F)F,2,0.3968253968253968,2.3246171727836913,0.9934932068036604
232859591,Cc1ccc(cc1S(=O)(=O)NCc1cnn(c1C)C)-c1cnc(o1)C,2,0.578125,2.018387227466583,0.9993503766017624
44384801,CCCNS(=O)(=O)Nc1ncnc(c1-c1ccc(cc1)Br)OCCOc1ncc(cn1)Br,2,0.2289156626506024,3.059342576436627,0.9981954986066703
31997330,CC1CCN(CC1)Cc1ccc(cc1)NC(=O)c1ccccn1,2,0.4426229508196721,2.6794185936503783,0.9983935385242396
30599464,CCN1C(=O)Oc2cc(ccc21)NC(=O)c1ccc(cc1)C(C)(C)C,2,0.46938775510204084,1.938011867868431,0.9980310298770465
31981926,CC(=O)NCC1CCN(CC1)C(=O)c1cncn1-c1ccc(cc1)F,2,0.660377358490566,1.6179150163095097,0.9981904893006642
48210000,CCN1CCC(CC1)Nc1ncnc2n(ncc12)C,2,0.40350877192982454,3.0555834140143614,0.9978660652959835
35701590,CCN1CCC(CC1)N(C)c1ncnc2n(ncc12)C,2,0.5370370370370371,2.8397837945874955,0.998307816446179
177285754,CCC(C)(C)N1CCN(CC1)C(=O)Nc1cnn(c1C(F)F)CC(C)C,2,0.38235294117647056,3.423499233240908,0.9978177387882416
177450733,COCCc1noc(n1)CN(C)C(=O)c1ccc2c(c1)CCC2,2,0.3888888888888889,1.6645557966011693,0.9996001961731547
32033578,CC(N1CCCN(CC1)c1ccccc1C#N)C(=O)N1CCc2sccc2C1,2,0.4794520547945205,1.9087509004582601,0.9984268268290409
82736647,CC(=O)c1ccccc1-c1cccc(c1)C(=O)NCCCN1CCCC1,2,0.4925373134328358,2.754084602912507,0.996275521409768
31397498,O=C(Nc1ccccc1-n1ccnc1)c1cccs1,2,0.6122448979591837,2.783547197372904,0.9983071952980673
32611176,CCOC(=O)C1CCN(CC1)C(=O)c1cc2occc2c(n1)Nc1ccc(cc1)F,2,0.325,3.132050606231814,0.998740230195335
37038179,CC(C)(C)c1ccc(cc1)C1=NC2(CCNCC2)NC1=O,2,0.42105263157894735,2.1968268024582103,0.998582902686188
35743833,CNC(=O)c1ccc(cc1)CN(C)c1c(cc(cc1F)C#N)F,2,0.375,1.7563766680299515,0.9941841901471878
36419852,Cc1cccc(c1)-n1cnnc1CCCN1CCOCC1,2,0.45161290322580644,1.3721351974205855,0.9986606659068428
177407455,CCCN(CCC1=CCCCC1)C(=O)c1cc(n[nH]1)C(F)F,2,0.532258064516129,1.942185367054034,0.9977579875365614
49825510,Nc1ccnc2ccc(cc12)Oc1ccccc1,2,0.3103448275862069,1.1954865118437088,0.9988266573753658
43881116,CN(CC1=CC(=O)N2C=C(C)C=CC2=N1)Cc1cccc(c1Cl)Cl,2,0.4827586206896552,1.5332266629562001,0.9974525108922205
53870877,Cc1ccccc1N1C(=O)NN=C1CC1CCN(CC1)C(=O)C1CC1,2,0.34375,1.8562847303149164,0.9987489452319668
1516596,Cc1ccc(cc1)C(=O)COC(=O)c1cc(nc2ccccc12)O,2,0.328125,1.197255611805366,0.997762116663588
50282202,CCS(=O)(=O)N1CCN(CC1)c1ccc(cc1)Nc1ncc(c(n1)NC1CC1)C(=O)N,2,0.32608695652173914,4.462457058617235,0.9915496625197678
5536034,Cc1ccccc1CSc1ccc(nn1)-c1ccccn1,2,0.2698412698412698,1.816024228913362,0.9993504752774797
49297123,Cc1cc(c(c(n1)C)NC(=O)c1ccnc(c1)OC1CCC1)C,2,0.3384615384615385,1.4561758135607945,0.9985774374037327
49964398,Cn1cnnc1NC(=O)c1cnn2c1CCCC2,2,0.3548387096774194,1.96092784160965,0.9993792586186445
226819,CN1CCC(C1)Cc1cccc(n1)-c1nccs1,2,0.4032258064516129,1.9672287614818458,0.9983633721112783
32106793,Cc1cc(n(n1)-c1cc(ncn1)Nc1ccccc1C)C,2,0.32142857142857145,1.556240662621779,0.9991109341967924
300764697,Cc1sc(c(c1Cc1ccc(cc1)C(F)(F)F)C(=O)NC1(CC1)c1ccc(cc1)C(=O)O)C,2,0.2753623188405797,3.5029904367552502,0.9970015469189522
36262171,Cc1nn(c(c1CCC(=O)N1CCCc2ncccc21)C)C,2,0.5932203389830508,2.2802820001042328,0.9980818359792978
24879868,CCC(=O)N1CCCc2cc(ccc21)C(O)CN1CCN(CC1)c1ccc(cc1)OC,2,0.3835616438356164,3.4264164954074228,0.9980333599555752
48277570,COc1ccncc1NCc1ccc2c(c1)OCCO2,2,0.38181818181818183,1.3625123852648169,0.9976603002769029
31901754,Cc1ccc2nc(c(cc2c1)C(=O)N1CCC(CC1)C(=O)Nc1ccncc1)C,2,0.42028985507246375,2.1189693249313555,0.9984715148537091
877450,OC(Cn1cncn1)(Cn1cncn1)c1ccc(cc1F)F,2,0.37254901960784315,1.6264510444525593,0.9989683491764951
48281908,Cc1oc2ncnc(c2c1C)NCc1cc(cc2c1OCOC2)F,2,0.4393939393939394,2.408760469619304,0.9989901826457573
207489,Fc1cccc(c1)-c1c[nH]nc1C1CCCN(C1)C(=O)CCc1ccc(cc1)Cl,2,0.6376811594202898,1.9179053678423545,0.9989223648998217
36918888,CC(C)c1ncncc1C(=O)N1CCN(CC1)c1cccc(c1)C,2,0.34782608695652173,1.5698541333513092,0.999013998323835
136829,Fc1ccc(cc1)CNC(=O)C1(CCOCC1)Cc1ccc(cc1)-c1cccnc1,2,0.5454545454545454,2.0713034543492133,0.9983800915060651
32077202,Cc1nccc(n1)-c1cccc(c1)NCC(=O)NCC(=O)N1CCCC1,2,0.8490566037735849,2.3247367592911816,0.9982441558066371
315272596,Nc1ncc(cc1C(F)(F)F)-c1cc(n(n1)CC1CC1)C1C2CN(CC21)C1COC1,2,0.21052631578947367,4.080431472283565,0.9993341884892353
316271501,CCC(CC)N1CC[C@H](O)[C@@](O)(COc2cc(ccc2Cl)C)C1 |r|,2,0.6666666666666666,2.1545825581767795,0.9983141967723204
4851238,OC(=O)c1csc(n1)Cc1ccc(cc1)Cl,2,0.3541666666666667,1.6089555618477038,0.9975722651279499
48303504,CC(C)c1cccc(n1)CN1C(=O)N(C)C2(CCCCC2)C1=O,2,0.4098360655737705,2.433606993744092,0.9995119503649788
11000834,CCOC(=O)c1cc2ccccc2n1CC(=O)c1ccc(cc1)F,2,0.35384615384615387,1.7269047454914,0.9991225854448927
2502094,Cn1cnnc1-c1cccc(c1)NS(=O)(=O)c1ccc(cc1)N1CCCC1=O,2,0.7049180327868853,2.381942484612315,0.9972481322817796
2205552,CN(CCOCCOc1ccccc1-c1ccccc1)Cc1ccccc1.OC(=O)C(=O)O,2,0.42857142857142855,3.24893890370362,0.9978710359831824
49292072,CN(C1CCCCCCC1)C(=O)COc1cc(on1)C,2,0.3793103448275862,1.8324355377475714,0.9979665799346831
30190454,NC(=O)C1CCN(CC1)C(=O)CCc1ccc(cc1)Cl,2,0.4489795918367347,1.5690831717917284,0.9975219498224491
35741477,O=C(NCc1ccc2c(c1)OCCO2)c1sccc1C1CC1,2,0.6538461538461539,1.5391452173210152,0.999502207032872
24881110,COc1ccc2nc(ccc2c1)CN1CCC(O)(CC1)c1ccc(cc1)C,2,0.4090909090909091,2.2266820608247033,0.998720645616299
300481375,Fc1cc(ccc1CNCc1ccccn1)Br,2,0.4074074074074074,1.4930693219002524,0.9973596691065816
300417634,N#Cc1cccc(c1)CNCc1ccccn1,2,0.42857142857142855,2.0607539882285426,0.9980594225932552
324007832,CC[C@@](C)(NC(=O)c1cc(cnc1NC1CC(F)(F)C1)F)C#C |r|,2,0.25609756097560976,2.25209746680696,0.9989960490475585
1321458,COc1cc(c(c(c1)Br)Nc1nc(cs1)-c1c(nc2ncccn12)C)Br,2,0.45588235294117646,2.0395793683993704,0.9992002327627323
48759758,COC(C)(C)C(=O)Nc1ccnc(n1)C(C)(C)C,2,0.43478260869565216,1.330060900861296,0.9991806691279003
139133,CN(C)C(=O)C1(CCN(CC1)C(=O)c1ccc(s1)C)Cc1ccccc1-c1ccccc1,2,0.6612903225806451,3.0040096537794163,0.9983210356885496
37112493,Fc1ccc(cc1)CNC(=O)NCC#CCN1CCc2ccccc2C1,2,0.3620689655172414,3.03682366955997,0.9945414703901042
48974948,Cc1nc(c(s1)C(=O)Nc1ccc(cc1)Cl)-c1ccccc1,2,0.4909090909090909,1.2411752495114907,0.9993946841195605
5466232,Cc1nc(c(s1)C(=O)Nc1ccccc1)-c1ccccc1,2,0.5714285714285714,1.1947865918227416,0.9992220364852886
2461065,Nc1nc(c(s1)C(=O)Nc1ccc(c(c1)Cl)Cl)-c1ccccc1,2,0.4406779661016949,2.168421315150721,0.998707291564742
3110901,Cc1nc(c(s1)C(=O)Nc1ccc(c(c1)C(F)(F)F)Cl)-c1ccccc1,2,0.4090909090909091,1.1962023240237571,0.999410530978132
2460976,Cc1nc(c(s1)C(=O)Nc1ccc(c(c1)Cl)Cl)-c1ccccc1,2,0.45,0.9784595035051757,0.999158635411424
49156244,CCCCn1nc(nc1CNC)-c1ccc(o1)C,2,0.4032258064516129,1.3059207479784762,0.9991195357799615
13159362,CN(C(=O)COc1cccc2ccc(nc12)C)c1ccccc1,2,0.3968253968253968,1.1987022148974573,0.9992151000874503
189882719,Clc1ccc(cc1)/C=C/C(=O)N1CCC2(CC1)CN(Cc1ccc(c(c1)Cl)Cl)C(=O)O2,2,0.3287671232876712,2.3617288159313903,0.9988207493782195
31918332,Cc1nc(sc1C(=O)Nc1cccc(c1)-c1ccn[nH]1)Cc1ccccc1,2,0.7192982456140351,1.9785332951458667,0.9983493076185526
36994254,O=C(NC1(CCC1)c1ccccc1)c1cc(on1)C1CC1,2,0.3142857142857143,1.0402932278932706,0.999229143600959
315782,Cc1nc2cc(nn2c(c1C)NCc1cccnc1)-c1nccn1C,2,0.43103448275862066,1.7594999289568167,0.9994071224162834
MCULE-7418747203,Cc1noc(c1CSC(=N)N1CCOCC1)C,2,0.3333333333333333,1.7417092179807885,0.998532498601445
82741701,CCc1c(nn(c1C)CCNC(=O)CCc1cnccn1)C,2,0.5818181818181818,1.7135358181263067,0.9990092662484122
49330926,C(c1nc(no1)-c1ccccn1)n1ccnc1,2,0.35185185185185186,1.4287309053840336,0.9992266051132167
43079475,CC(C)c1nccn1-c1cccc(c1)-c1ccnc(n1)C,2,0.38333333333333336,1.6527498298292025,0.9987875657962632
30724831,CC(C)c1onc(c1C(=O)Nc1ccccn1)C,2,0.4098360655737705,1.2964308697343432,0.9992631270937498
31239684,Fc1ccc(cc1)C1=C(NN(C1=O)c1ccc(cc1)Cl)c1ccncc1,2,0.3392857142857143,2.2114816300388673,0.9983791986712205
30231738,Fc1cccc(c1)-c1nnn(n1)Cc1ccc(cc1)C(=O)N1CCCC1,2,0.4,1.1553324196957546,0.9986817512387606
30434191,COc1ccc(cc1)S(=O)(=O)CCC(=O)Nc1ccc2c(c1)N(C)C(=O)CO2,2,0.5606060606060606,1.7853571071359036,0.9984035723454059
36260547,N#CCCCN1CCC(CC1)c1c[nH]c2ccccc12,2,0.3939393939393939,1.5510641508327871,0.9990906208158796
53798259,COCCN(C)c1ccc(cn1)CN1CCOC2(CCCC2)C1,2,0.4788732394366197,1.5312256528674388,0.9985918161991593
36440866,CC(=O)N1CCC(CC1)Cn1ccnc1-c1cc2ccccc2s1,2,0.40298507462686567,1.760287760566146,0.9984103665465536
49331719,Fc1ccc(cc1NCC(=O)N1CCCCCC1)N1CCCC1=O,2,0.4074074074074074,1.935432509802339,0.9992905873288601
313514585,COc1cccc(c1)-n1nc(cc1-c1ccc(c(c1)Cl)C1CCCCC1)C(=O)O,2,0.3108108108108108,1.6914484916777943,0.9987630300657775
27369500,Cc1ccc(cc1)C(=O)C(=O)Nc1c(nn(c1C)C)C,2,0.4090909090909091,1.218975799596087,0.9994089829646573
48439112,OC(=O)c1cccc(n1)N1CCC(CC1)Oc1ccc(cc1)Cl,2,0.32786885245901637,2.239747753654358,0.9977355509201666
49925402,NC(=O)c1csc(c1)CN1CCc2cc(ccc2C1)F,2,0.3225806451612903,2.1173785679465764,0.9968959144398165
68907961,CC(C)CN(Cc1cnn(c1)C)C(=O)c1cccc(c1)-c1cnccn1,2,0.3974358974358974,1.8703844524586597,0.9989119931450884
280546,O=C(N1CCOCC(C1)Cc1cccc2ccncc12)c1cccc(c1)Nc1ncccn1,2,0.43037974683544306,2.032546186437026,0.998318434152152
36922204,Cc1nnc(c(c1C)C#N)N1CCCSCC1,2,0.3333333333333333,1.6445351926911511,0.9977053508969528
25002833,CNC(=O)C1CCN(CC1)Cc1ncc(o1)-c1ccc(cc1)F,2,0.4426229508196721,1.3843474997269467,0.99879428705468
48321050,CN(C)S(=O)(=O)Nc1ccc(cc1)-n1ncc2ccccc12,2,0.27586206896551724,1.7168887558601664,0.9979017386371056
48745204,CS(=O)(=O)NC1CCCN(C1)c1nc2ccccc2o1,2,0.3064516129032258,1.3246486326569669,0.9983326346846378
1557497,COc1cccc(c1)-n1c(nnc1COc1cccc2ccccc12)S,2,0.38095238095238093,2.04138017037484,0.9967319653653698
1557473,COc1cc(cc(c1)-n1c(nnc1COc1cccc2ccccc12)S)OC,2,0.34375,2.331654348311485,0.9950663975921057
3416569,Cc1ccc(cc1)-c1nc(cs1)CN1C(=O)N(C2CCCC2)C(=O)C1=O,2,0.42857142857142855,1.910039528386682,0.9984069255288825
206429,CN1CCC(CC1)C(=O)N1CCC(CC1)c1cc(c2c(n1)CCNC2=O)C(F)(F)F,2,0.6567164179104478,2.4280566303117306,0.9988281735447118
11478087,Cc1ccc2c(c1)cc(c1nnnn21)CNCCc1ccccc1,2,0.4461538461538462,1.5488831460122339,0.9981012756532621
171961096,Cc1cccc(c1)OC[C@@]1(O)CN(CC[C@@H]1O)C[C@]1(O)CC[C@H](CC1)C(C)(C)C |r|,2,0.3888888888888889,5.359314415109362,0.9965005722695404
312296,COc1ccc(cc1)C(=O)CN1C(=O)N(c2ccccc2F)c2nc(nc(c21)C(=O)N)C,2,0.27380952380952384,2.2439309258529008,0.9985453525509593
312262,CCOc1ccc(cc1)C(=O)CN1C(=O)N(c2ccc(cc2)F)c2nc(nc(c21)C(=O)N)C,2,0.2967032967032967,2.7489572568524907,0.9990511066120771
139895,NC(=O)C1(CCN(CC1)Cc1cccc(c1)Cl)Cc1ccc(cc1)-c1cccnc1,2,0.5942028985507246,1.2226467192123815,0.9991525949816077
139887,COc1cccc(c1)CN1CCC(CC1)(Cc1ccc(cc1)-c1cccnc1)C(=O)N,2,0.5915492957746479,2.0851309311404953,0.9987224596040282
53751074,CN1C=CC(=CC1=O)CN1C(=O)c2ccccc2C1=O,2,0.35555555555555557,2.1091586000109306,0.9984366820854955
197945,Cc1cc(cc(n1)C1CCCN(C1)CC(=O)Nc1ncc(s1)C)Nc1ccccn1,2,0.6052631578947368,2.764613535378414,0.998602225926344
LN01331065,OCCn1cc(c(n1)-c1ccncc1)-c1ccc/2c(c1)CC\C2=N/O,2,0.43243243243243246,2.3328493307538865,0.9993257380487474
43021928,CCCCOc1ccccc1-c1cc([nH]n1)C(=O)NCCc1cccs1,2,0.625,2.2041141077537945,0.9983088563099629
30742732,CN(Cc1ccc(o1)C)C(=O)c1sc2nc(nc(c2c1C)C)C,2,0.5344827586206896,2.1874000548603245,0.9987308495006831
89942016,Nc1ncc(c2ccc(nc12)-c1cccc(c1)F)C(=O)NC1CN(C1)C(=O)C1CC1,2,0.3188405797101449,2.6647491439153215,0.9981158102849506
317964046,Cc1nnc(s1)-c1ccc(nn1)N1CCC(CC1)Oc1ccccc1C(F)(F)F,2,0.43661971830985913,1.2582531541782291,0.9987210789032661
48671463,COc1ccc(c(c1)OCc1ccccc1)N,2,0.40425531914893614,1.3059643946141783,0.9988672564284061
48760016,CCc1ccc(o1)CNc1nncs1,2,0.3404255319148936,1.3900672645595973,0.9993452394957335
177360703,CN1C(=O)C=C(N(C)C1=O)C(=O)N1CCN(CCc2ccccc2)C(=O)C1,2,0.5517241379310345,2.2644343664585436,0.9991540576773018
29994713,CN(CCc1ccccn1)c1cnc2ccccc2n1,2,0.42857142857142855,0.9177428833831246,0.9992654979748887
708404,Cc1nsc(c1C#N)Nc1ccccc1,2,0.3191489361702128,1.086416586765705,0.9995022235206427
13458787,CC(C)C(=O)Nc1ccc(cc1)-c1nc(sc1C)-c1ccccn1,2,0.42424242424242425,1.697684894201498,0.9982486640308256
151551,Cn1ccc(n1)C(=O)N1CCCC(C1)c1cccc(n1)-c1cccc(c1)Cl,2,0.7049180327868853,2.039160121226224,0.997091885695506
50347915,Cn1c(nnc1C1CC1)SCOCc1ccccc1,2,0.49019607843137253,1.092672412024998,0.9987014339030708
177382586,Cc1ccc2[nH]c(nc2c1C)CNC(=O)c1ncoc1C,2,0.2777777777777778,2.329790977748487,0.9983509678476405
49972886,CCc1nc(cs1)CNc1ccc(nc1)C#N,2,0.42592592592592593,1.6460470831668377,0.9990659498392497
43141052,N#Cc1ccccc1-c1ccc(o1)-c1nccn1-c1cccnc1,2,0.2857142857142857,1.8050155123990481,0.9983808237111779
3333585,O=C(CSc1nnc([nH]1)-c1cccs1)N1CCCCCC1,2,0.39622641509433965,1.777253499082482,0.9988334854967169
29665944,Cc1ccc2c(coc2c1C)CC(=O)Nc1ncccc1C,2,0.41818181818181815,1.2892389227755061,0.9996832335607737
46223729,CN1CCN(CC1)c1nc(c(c(n1)C)NC(=O)C1CCCCC1)C,2,0.5777777777777777,1.7637732280541605,0.998233995612257
36356120,CC(C)c1nc2c(n1C)CCN(C2)c1ncnc2ccccc12,2,0.6851851851851852,0.9937479559727305,0.9993593548122153
50359676,CC1=NN(CCOc2ccc(c(c2)F)Cl)C(=O)C=C1,2,0.3333333333333333,1.332876588435689,0.9983261569313014
50354657,CC1=NN(CCOc2cc(cc(c2)Br)F)C(=O)C=C1,2,0.3333333333333333,1.618805114891925,0.9987589637277298
49122070,Cc1cccc(c1CNC1(CCO)CCOCC1)C,2,0.44680851063829785,1.9793620184292524,0.9980924552227132
48250318,Fc1ccccc1CN(C1CCOCC1)C(=O)NCC#C,2,0.33783783783783783,1.4746538576898613,0.9989781904497632
49832746,O=C1N(NC=C1n1ccnn1)c1cc(ncn1)N1CCOCC1,2,0.43283582089552236,2.9087347764964346,0.9990593090196492
310102,OC1CCN(CC1)c1nccc(n1)-c1cccs1,2,0.5925925925925926,2.0646839951920413,0.9978530429482336
48762192,Cc1nccc(c1Cl)NC(=O)CCc1ccncc1,2,0.5306122448979592,1.7621018699272926,0.9979632831785481
294504,CC(C)(C)NC(=O)CN1N=C(OC1=O)C(c1ccccc1)c1ccccc1,2,0.3220338983050847,2.1152134644051555,0.9994888689524529
48753166,CCc1nccn1Cc1nc(nc(n1)N(C)C)N,2,0.32,3.49980956624806,0.9981223344862777
11312507,CCCN(CCc1cccs1)[C@H]1CCc2c(cccc2C1)O |r|,2,0.3,1.9905258099309355,0.9977338370646099
300449850,Fc1ccccc1CCNC(=O)CC1CCNCC1,2,0.3508771929824561,1.3107669510635234,0.9985412308416921
11791483,CC(C)CN1C(=O)N(Cc2ccccn2)C(=O)C1=O,2,0.3877551020408163,1.5352120374719598,0.9989349166286771
48773349,OC(=O)c1ccccc1COc1cccc2cccnc12,2,0.4,2.3184490505507815,0.994490596829918
31409108,NCc1cccnc1OCc1ccccc1,2,0.29411764705882354,1.5933386331849928,0.9982273456888322
32436924,CCc1oc2c(cccc2c1C)-n1cnnc1,2,0.25,1.786146130639786,0.9995887701937347
44097664,Cc1ccc(c(c1)C)C(=O)C1CCN(CC1)CC(=O)NC(=O)Nc1ccccc1,2,0.5714285714285714,3.5184922907404315,0.9940214300200395
46650374,CC(C)CCN(C)c1ncnc2nc(cc(c12)C)C,2,0.2857142857142857,1.5729272074703327,0.9982929210855539
50550848,COC1=CN(N=C(C1=O)c1ccnn1-c1ccccc1)c1ccc(cc1F)-n1cccn1,2,0.2916666666666667,2.4429291844014935,0.9988481273918381
300962268,Fc1ccc(cc1Cl)-n1cc(nn1)/C=C/c1ccnnc1,2,0.24242424242424243,1.3774817603147442,0.9981064156267648
18877730,OC(=O)c1cc(cc(c1NC(=O)CSc1nccn1C1CC1)Cl)Cl,2,0.23255813953488372,2.1804118876950547,0.9988795498687786
31412719,CCCc1noc2nc(cc(c12)C(=O)O)-c1ccncc1,2,0.40350877192982454,2.9506622985357245,0.9967449994925055
44402919,NC(=O)Cn1cc(cn1)-c1ccc(cc1)F,2,0.2909090909090909,1.7618910295474044,0.9987456688694816
48544545,Oc1[nH]c2ccc(cc2c1-c1ccc(cn1)CN1CCOCC1)C#N,2,0.32,2.7320481328116473,0.998401435557864
11957669,CC1CCN(CC1)Cc1nc(c2c(c(sc2n1)C)C)N1CCN(CC1)c1cnccn1,2,0.41935483870967744,2.777253679446466,0.9985162857097167
24970980,CC(C)CN(C1CC1)c1ncnc2n(ncc12)C,2,0.42857142857142855,1.5210193950113011,0.9987374755441135
3593598,Clc1ccccc1-c1ccc(o1)C(=O)N1CCN(CC1)C(=O)c1ccccc1,2,0.38461538461538464,1.7431095777371972,0.9986139164128308
49320295,CN(C1CCC1)C(=O)Nc1cc(cc(n1)C)C,2,0.4230769230769231,1.5455384175103868,0.9980429760081989
53800443,CCc1[nH]nc(c1C)NC1CCC(CC1)C(=O)OC,2,0.2923076923076923,1.537980819126225,0.9992401683185349
34501664,Fc1ccc(c(c1)Cl)C(=O)Nc1nc(cs1)-c1ccccn1,2,0.3620689655172414,1.4419934119131006,0.9997255920478982
177369616,O=C1N(Cc2ccc3c(c2)CCCO3)C=Nc2ccncc21,2,0.48333333333333334,1.2702527307588807,0.9984106507800445
24070010,Cc1sc2nc(nc(c2c1C)N1CCN(CC1)c1ccncc1)CN1CCOCC1,2,0.45614035087719296,4.434975535445728,0.9992808862614485
49330331,CN(CCC1CCCCC1)C(=O)c1ccon1,2,0.4423076923076923,1.5771680316313978,0.9975767502747712
24069164,FC(F)Oc1ccccc1NC(=O)CN1CCOC(C1)c1ccc(cc1)F,2,0.4307692307692308,2.1338235634651577,0.9977356847972161
49040700,Brc1nnc(s1)N1CCC(CC1)OC1CCCC1,2,0.2545454545454545,2.006463555612138,0.9976742698015921
49655478,COc1cccc(c1)-c1ccc(o1)C(=O)N(C)Cc1c(nn(c1C)C(C)C)C,2,0.3176470588235294,2.8136486987541627,0.9993913312478564
30066231,CC(C)Oc1cccc(c1)C(C)NC(=O)c1ccnc(c1)-n1cncn1,2,0.4714285714285714,2.6557304080045068,0.9985606782203538
48749260,CN(C)c1nccc(n1)N(C)Cc1nc(cs1)C,2,0.4166666666666667,2.274312643415705,0.9993218394183379
49953876,COc1nc(nc(c1C)N(C)Cc1nccs1)C,2,0.26865671641791045,2.098563556340483,0.9992918716106892
49955148,Cc1cc(c(c(c1)C)CC(=O)N1CC(CO)C1)C,2,0.29411764705882354,2.009275740161133,0.9982593127538426
48832018,OCC1CN(C1)C(=O)Cc1cccc(c1)I,2,0.3508771929824561,2.1821569604407665,0.9972061927520461
43249211,OC(=O)c1ccccc1-n1cnc(c1)CN1CCCC1,2,0.45098039215686275,2.167645035516566,0.996815371026761
36008838,CCCCCCNc1ncnc2[nH]ccc12,2,0.2909090909090909,5.119968456933917,0.9976712678786447
1284751,C[C@@H]1CN(C[C@H](C)O1)C(=O)CC(c1ccccc1)c1ccccc1 |r|,2,0.3793103448275862,2.375820279398337,0.9995170525255455
1412632,Cc1cc(no1)NC(=O)c1cccs1,2,0.42,3.165710504768396,0.9987083627577215
32048916,CC(C)(C)c1nc(no1)CN1N=Nc2ccccc2C1=O,2,0.4,1.4030124732163702,0.9991902113478427
43068693,COCc1noc(n1)-c1ccc(nc1)-c1cc(cc(c1)C)C,2,0.3898305084745763,1.4622222813235146,0.9984031459292405
53789119,O=C(NCCN1CCc2ccccc2C1=O)c1ccon1,2,0.31343283582089554,1.762841456285626,0.9976421919162782
32080176,OCc1ccc(cc1F)CNC(=O)Nc1ccccc1,2,0.39285714285714285,2.0192325274719964,0.9976001696575246
31847933,COc1ccc(cc1F)CN(C)C(=O)Nc1ccccc1,2,0.5084745762711864,1.3651670227481394,0.9983591129424535
44811774,C[C@@H]1CN(C[C@H]1C1=Nc2c(cnn2C2CCOCC2)C(=O)N1)Cc1ccccc1 |r|,2,0.3902439024390244,3.5050621963102992,0.9984009173909894
56769871,Oc1nccn2c(nnc12)CNC(=O)C1CCCC1,2,0.3728813559322034,2.559686308906024,0.9988615092809064
36582188,CN(Cc1noc(n1)C)C(=O)C1c2ccccc2-c2ccccc21,2,0.3230769230769231,1.6119084961619565,0.9978336112236278
301065487,CCCN(Cc1ccccc1)C(=O)CC1(N)CCC1,2,0.36363636363636365,2.1808259903074387,0.9973988152028499
48210605,C(Cn1ccnc1)Nc1cnc2ccccc2n1,2,0.5094339622641509,3.029453581093107,0.9988142836115799
32423148,Clc1ccc(cn1)Cc1nc(n[nH]1)-c1ccccc1,2,0.3220338983050847,1.4244153186480375,0.9993724979584808
49970980,N#Cc1cc(ncn1)Oc1ccc2c(c1)CCC2,2,0.32,1.6274003809757143,0.9991272028196215
3615737,C1COC(C1)CNc1nc(cs1)C12CC3CC(CC(C3)C2)C1,2,0.26865671641791045,2.443424850491668,0.9988187766649698
30270890,Oc1ccc(cc1)-c1noc(n1)C1CC1,2,0.45098039215686275,1.4095623434243163,0.9978109632161225
MCULE-1169396424,CCOc1ccccc1CNCCc1c[nH]c2ccccc12,2,0.375,2.2273818711663886,0.9973830146545146
Z86139961,Fc1cccc(c1CNCCc1c[nH]c2ccccc12)Cl,2,0.3448275862068966,2.160620744138202,0.9984872080061122
MCULE-2124560621,CCOc1cccc(c1)CNCCc1c[nH]c2ccccc12,2,0.35,2.5204684088477545,0.9987196075787691
31878736,CN(Cc1ccccc1)C(=O)c1ccc(nc1)-n1cccn1,2,0.5344827586206896,1.631734353379948,0.9984362744290521
30063049,CC1Cc2cc(ccc2N1C(=O)C)S(=O)(=O)Nc1cccc(c1)-c1cnco1,2,0.35802469135802467,1.0864759546354033,0.9992753141924469
7695671,Cc1cccc(c1)OCC(=O)Nc1ccc2c(c1)C(=O)N(C2=O)c1ccccc1,2,0.4067796610169492,1.7733442982117917,0.9981553441390716
44582746,OC1CCN(CC1)C(=O)CCCc1cc(sc1Cl)Cl,2,0.3050847457627119,2.2115471959692963,0.9978971821109431
49646610,CCN(C/C=C/c1ccc(cc1)F)Cc1nc(no1)COC,2,0.28169014084507044,1.5626487129232267,0.9980731450574875
49083449,CCN1CCN(c2ccccc21)S(=O)(=O)c1c[nH]c(n1)C(C)C,2,0.5714285714285714,2.5100804767975613,0.9986011543370527
165195,Fc1ccc(cc1)-c1cccc(n1)C1CCCN(C1)C(=O)c1ccc2[nH]ccc2c1,2,0.5142857142857142,2.5395737831374996,0.9978473667756186
7723164,Cc1cccc(n1)NC(=O)c1ccc2ccccc2c1,2,0.5333333333333333,1.3735723497508092,0.9985936268138212
36627798,O=C(Cc1cn2ccccc2n1)N1CCC(CC1)N1C(=O)Nc2ccccc21,2,0.4626865671641791,3.2770447052189247,0.9990746425566489
73019704,FC(F)CN1C(=O)CSc2ccc(cc21)NC(=O)C1CC=CC1,2,0.2608695652173913,0.8296595687388522,0.9994201232882555
29578498,CN(CC(=O)NC1CC1)c1nc(cc(n1)C)C,2,0.4528301886792453,1.3800644912465154,0.9984698482683424
16664610,Cc1nc2cc(ccc2o1)NC(=O)CCc1c(nc2n(nc(c2c1C)C)C)C,2,0.639344262295082,2.12704513351287,0.999016051811523
6892467,COc1cc(cc(c1OCc1ccc(cc1)Cl)Br)CNc1nnn[nH]1,2,0.3333333333333333,3.2013731428872543,0.9895687919932703
30708674,CN(C)c1ccc(cn1)CN1C(=O)Nc2ccccc2C1=O,2,0.3888888888888889,1.7529446654130925,0.9994429156066755
35717800,OC(=O)c1cc(nc2ccccc12)/C=C/c1csnn1,2,0.3050847457627119,2.381860407328614,0.9979635184285879
301143195,Oc1ccc2nc(ccc2c1Cl)/C=C/c1csnn1,2,0.21794871794871795,1.7118942724361936,0.998804046988881
49127244,NS(=O)(=O)N1CCN(CC1)Cc1c(cccc1N1CCCC1)F,2,0.58,2.028083578159602,0.9973046133879018
89942288,CC1(C)OCCn2c1nc1c(nc(nc21)-c1cnc(nc1)N)N1CCOCC1,2,0.2289156626506024,2.9773412636106995,0.9990189571662448
27042311,COc1cccc2c1O/C(=N\Nc1ccccc1)C(=C2)C(=S)N,2,0.2711864406779661,1.9176185752123287,0.9979559939050902
43830470,Fc1ccc(cc1)CSc1nnc(s1)NC(=O)C1CCC1,2,0.3793103448275862,1.3302774146772272,0.9994514954876745
49969708,Fc1cc(ccc1CNc1ncccn1)-c1ccncc1,2,0.41304347826086957,1.5923645939293052,0.9979227015823775
29963741,CC(C)c1cc2c(coc2cc1C)CC(=O)NC1CCN(C)CC1,2,0.43333333333333335,1.6354430592353617,0.9989838354696742
48876547,CCn1c(cc2c1nc(c1ncn(c12)C)Nc1cc(n(n1)C)C)C(=O)N(C1CC1)C1CC1,2,0.2222222222222222,6.598747759992065,0.998935011849592
45668511,Cc1cc(c2c(c1)CCCN2C(=O)c1ccc(cc1)-c1nnc(o1)C)C,2,0.34210526315789475,1.6811861883800499,0.998939957050671
31968180,CN1CCN(CC1)c1ccc(nc1)NC(=O)c1ccccc1Cl,2,0.4126984126984127,1.3935996555682044,0.9989918191962875
1119882,CC(C)(C)C(=O)Nc1nnc(s1)Cc1ccccc1,2,0.46,1.4964554787897348,0.9994197562816347
43366906,CCc1cc2c(cc1N1CCC(CC1)N1CCOCC1)C(C)(C)c1[nH]c3cc(ccc3c1C2=O)C#N,2,0.34523809523809523,4.406692183486569,0.9972684197503056
EN300-1590205,CC(C)(C)N1N=CC(=C(Cl)C1=O)OCc1ccc(nc1)OCCOCCO,2,0.2898550724637681,1.5283900025844057,0.9982893024702156
48248496,CN(C1CCS(=O)CC1)c1ncc(cn1)Br,2,0.3157894736842105,2.146064537706217,0.9969190570409686
316779701,O=C(NC12CCCC2NCC1)c1ccc(cc1)-c1cn[nH]c1,2,0.5076923076923077,1.8695068868555162,0.9984357238549185
3686549,Cc1c(oc2c(cccc12)F)C(=O)N1CCC(CC1)C(=O)Nc1ccc2c(c1)OCO2,2,0.34177215189873417,2.426640888141238,0.9990161680960007
24472719,Cc1noc(c1CCC(=O)Nc1cccnc1)C,2,0.5535714285714286,1.1294060385891003,0.9998027643082541
30026467,CC(N1CCCC(C1)c1nc2ccccc2o1)C(=O)Nc1ccc(cc1)C(=O)N,2,0.35526315789473684,2.1578973562243933,0.9983130178791989
43429664,CC(N1CCCC(C1)c1nc2ccccc2o1)C(=O)Nc1ccccc1,2,0.4264705882352941,1.565534732926611,0.9992719773033398
30026465,FC(F)(F)Oc1ccc(cc1)NC(=O)CN1CCCC(C1)c1nc2ccccc2o1,2,0.4146341463414634,1.6206730083517384,0.9989624916918097
30026463,Cc1ccc(cc1C)NC(=O)CN1CCCC(C1)c1nc2ccccc2o1,2,0.44871794871794873,2.148010242061202,0.9984357640060384
24022867,NC(=O)c1ccccc1NC(=O)CN1CCCC(C1)c1nc2ccccc2o1,2,0.39436619718309857,2.7774144451269946,0.9988132543418965
30658737,CN(Cc1cccc(c1)C#N)c1cnc2ccccc2n1,2,0.4716981132075472,1.6341563572682392,0.99677511834136
50897886,Cc1c(ccc2[nH]c(cc12)C#N)CN1CCC(CC1)Nc1ncnc2sc(cc12)CC(F)(F)F,2,0.6666666666666666,4.784704902081622,0.9985217535160678
49953664,COc1ccc2nc(nc(c2c1)N1CC(O)(C1)c1ccc(cc1)F)C,2,0.5636363636363636,1.6987724980115835,0.9984356554179858
36662966,CC(C)c1nnc(o1)CN1CCN(CC1)c1ccccc1Cl,2,0.5576923076923077,1.2463891848055746,0.998858407952277
168892617,CCc1nc(cn2nc(cc12)C1=CC(=O)N2C=C(C=C(C)C2=N1)C1CCN(C)CC1)C,2,0.35714285714285715,4.241122728712426,0.9982121802851432
36944794,C1COc2ccc(cc2OC1)CNc1ccccn1,2,0.44,1.5531532442097458,0.9967677052927874
232868057,CSc1ncccc1C(=O)Nc1ccc(cc1)-c1nnc([nH]1)C,2,0.5,1.2881696316864706,0.9994408027298919
43241548,CC(=O)Nc1cc(ccn1)CCC1CCNCC1,2,0.31666666666666665,1.6621684631829812,0.9977557883781005
48292374,O=C(Nc1cncc2ccccc12)c1ncccn1,2,0.3508771929824561,1.9259036839887365,0.9984624406759648
19996324,O=C(CSc1ccc2c(c1)OCCO2)NC1CCCC1,2,0.6304347826086957,1.3685674992488799,0.9991147761320529
53755274,CC1=CC=CN(Cc2cccc(c2)C#N)C1=O,2,0.5333333333333333,1.891268357478714,0.9986303491181965
53766760,CC1=CC(=CN(Cc2ccc(cc2F)C#N)C1=O)Br,2,0.45614035087719296,0.6348818787776644,0.9991526600561843
42961554,CC1=CC=CN(Cc2cccc(c2)F)C1=O,2,0.5714285714285714,1.7776712294459425,0.9981189086574879
42961556,CC1=CC=CN(Cc2ccccc2F)C1=O,2,0.4883720930232558,1.5621289959539646,0.996679332842023
31274390,Cc1ccccc1N1C=CNC(=O)C1=O,2,0.2765957446808511,2.040811603259879,0.9982305839159407
32785534,Cc1ccc(cc1)N1C=CNC(=O)C1=O,2,0.3541666666666667,1.9999604996098945,0.9969364174835885
140075,CC(C)(C)C(=O)N1CCC(CC1)(Cc1ccc(cc1)-c1cccs1)C(=O)N1CCCC1,2,0.32051282051282054,4.2527626315138365,0.9978702004093732
423170,Cc1ncc(c(n1)CCNC(=O)C1CCCC1)-c1ccccn1,2,0.36923076923076925,1.3464976791661991,0.9993454513428482
50614022,CSc1ccccc1S(=O)(=O)NC1CCC(CC1)CN(C)C,2,0.23880597014925373,2.034205004418398,0.9987527587606707
43881453,CN(CC(=O)Nc1cccc(c1C)C)CC1=Nc2ccccc2C(=O)N1,2,0.352112676056338,1.9807241100163075,0.9989978490648448
43964901,CN(CC(=O)Nc1cccc(c1C)C)CC1=Nc2ccc(cc2C(=O)N1)Cl,2,0.3466666666666667,1.990214310067944,0.9982038044423509
49985873,COc1ncccc1CNc1ncnc2n(ncc12)C,2,0.4098360655737705,2.3583593873707387,0.9987285437275076
36516873,COc1cccc(c1)Nc1c(cnc2c(cc(cc12)S(=O)(=O)c1cccc(c1)C(=O)N(C)C)C)C(=O)N,2,0.33766233766233766,1.9783187306394603,0.9980371716575406
48613632,Cc1cc(nc(n1)CNC(=O)c1ccccc1Cl)N1CCCCC1,2,0.36363636363636365,2.5517419540384814,0.997868240649973
48613628,COc1ccccc1C(=O)NCc1nc(cc(n1)N1CCCCC1)C,2,0.3717948717948718,2.484792949120653,0.9976109481778012
30457837,Fc1cccc(c1)OC1CCN(CC1)Cc1nc2ccccc2[nH]1,2,0.5178571428571429,1.3447940362749107,0.9985765416295743
31412367,Cc1nn(c2nc(cc(c12)C(=O)O)C1CC1)-c1ccccn1,2,0.3620689655172414,2.9707229759772256,0.9979897935526636
44502768,CCNC(=O)c1cc(nc2n(nc(c12)C)-c1ccccn1)C1CC1,2,0.3380281690140845,1.7892576673024512,0.9996021927374089
36325996,Clc1snnc1CN1CCCN(CC1)c1nc2ccccc2[nH]1,2,0.5737704918032787,1.5304656154258642,0.9993339712743655
902055,CCC[C@@H]1C[C@H](N(C)C1)C(=O)N[C@H]([C@@H](C)O)[C@H]1O[C@H](SC)[C@H](O)[C@@H](O)[C@@H]1O |r|,2,0.20270270270270271,6.664135352767362,0.9981375797021327
49067788,CCN(CC)CC(=O)Nc1ccc(cc1)Oc1ccc(nn1)C,2,0.3157894736842105,2.08479687259921,0.997443679700651
36748737,Cc1ccc(nn1)Oc1ccc(cc1)N,2,0.29545454545454547,1.6490421462170144,0.9968459849936852
299989682,CN1[C@@H]2CC[C@H]1C[C@@H](C2)OC(c1ccccc1)c1ccccc1 |r|,2,0.2463768115942029,1.4452892444073646,0.9989197860847917
72973086,CC(C)(O)CNc1ncc(c(n1)CC1CC1)-c1ccnc(n1)Nc1ccnc(c1)Cl,2,0.3815789473684211,2.4570457871192652,0.9983714577003018
299987327,COc1cc2nc(nc(c2cc1OC)N)N1CCN(CC1)C(=O)c1ccco1,2,0.33783783783783783,2.170643683334736,0.9983844631216432
3566966,Cc1nc2cc(ccc2o1)NC(=O)Cc1c(nc2ccccc2c1C)C,2,0.5666666666666667,1.6848495481790917,0.9995468678956851
214735,Cc1cc(nc(n1)C1CCNCC1)NC1CCCC1,2,0.3541666666666667,2.094890450596314,0.9976971706074609
49956416,CCOc1cccc(n1)NS(=O)(=O)C,2,0.30434782608695654,2.1035743390713293,0.9970245984269692
49932658,CCCCN(C)C(=O)Nc1cc(ccn1)C,2,0.49056603773584906,1.4105846305698382,0.9991804068812987
49426796,Cc1ccc(cn1)NC(=O)OCC(F)(F)F,2,0.35185185185185186,1.1936125837137574,0.9990782287935002
73014952,CCN(CC)C(=O)CSCc1cncc(c1)F,2,0.288135593220339,1.9382306364310684,0.9988122005542812
29601204,CCCNC(=O)c1ccnc(c1)N(C)C,2,0.4074074074074074,1.4101343907586095,0.9986964320900916
48747142,COc1c(cnc(c1C)CN(C)S(=O)(=O)N)C,2,0.23809523809523808,2.503283244061838,0.9963638840355619
41482724,Cc1ncccc1NC(=O)OC(C)(C)C,2,0.36,0.9812818147708121,0.9989111896617552
48328503,CC#CCCNC(=O)c1cccnc1C,2,0.38596491228070173,0.9760578876277293,0.9993834648015296
49328626,CC(C)CC(=O)Nc1cccnc1N(C)C,2,0.3275862068965517,1.357116059885673,0.9981406958579111
29574117,CCC(=O)NCc1ccnc(c1)N(C)C,2,0.5833333333333334,1.8424041359049015,0.9976399274771264
49916996,Cc1cc(ncc1Br)N(CCO)CCCO,2,0.23333333333333334,1.9921726832784041,0.997290801041794
30062609,CC(=O)N1CCN(CC1)C(=O)CS(=O)(=O)C12CC3CC(CC(C3)C2)C1,2,0.2857142857142857,1.7610539457948988,0.9991401535158319
45649160,CN1CCN(Cc2noc(n2)Cc2ccccc2)c2ccccc21,2,0.43333333333333335,1.4874555455543632,0.9982451843500835
2258308,O=C(Nc1nc2ccccc2[nH]1)c1ccncc1,2,0.6590909090909091,2.576277935316892,0.9987483955707752
32138137,Cc1noc(n1)CCNc1ncnc2ccccc12,2,0.45098039215686275,1.7790935894437554,0.9990373031673745
316272522,Cc1ccc(c(c1)OC[C@@]1(O)CN(CC[C@@H]1O)C1CCCC1)Cl |r|,2,0.9583333333333334,2.333108012930687,0.9982213236656493
82730349,COc1ccc(c(c1OC)OC)-c1nn(c2ccccc12)C,2,0.46511627906976744,1.1053614793358906,0.9987882288436154
25835159,Oc1ccc(c(c1)O)/C=C/1\SC(=NC1=O)N1CCN(CC1)c1ccccc1,2,0.47619047619047616,1.8253985866103315,0.9992139476915994
49968150,CN(Cc1ccc(nc1)N)c1cc(nc(n1)-c1ccncc1)C,2,0.56,1.8848506572139114,0.9988311308103752
3683577,COc1cc2c(cc1OC)CN(CC2)C(=O)C1CCCN(C1)S(=O)(=O)c1cccs1,2,0.6923076923076923,2.6770939468016945,0.998098626436912
36304724,Cc1cccc(c1)CNc1cccc2c1CCN(C2)S(=O)(=O)C,2,0.5,1.6065291780730309,0.9983310465122203
46603974,Cc1nc(c2c(noc2n1)C)NC1(CC1)c1cccc(c1)Cl,2,0.30158730158730157,1.348794276381906,0.9989617408004281
16780289,Cn1ncc2c(ncnc12)Oc1cccc(c1)C(C)(C)C,2,0.66,1.8059296774791405,0.9988941967862246
2972727,Cc1nn(c(c1Oc1ccccc1O)C)CCC#N,2,0.25806451612903225,1.3505943136265293,0.9986530273788783
Z102329238,Cn1c(nc2ccccc12)CNC(=O)Cc1cccc2ccccc12,2,0.7021276595744681,1.5591228303117257,0.9987960734558361
31919176,CN(Cc1c(noc1C)C)C(=O)c1ccc(nc1)C,2,0.40625,1.6301527535785114,0.9991930197959983
49383435,CCCCOc1nc(c2c(n1)N(CC(=O)N2)Cc1cccc(c1)CN1CCCC1)N,2,0.29069767441860467,3.9529915254147117,0.9959216097186616
290024482,COc1ccc(cc1)OCc1n[nH]c(n1)-c1n[nH]c2c1CCC2,2,0.5454545454545454,2.27008480017845,0.9980006562630419
36950801,CN(CC1CCCC1)C(=O)Nc1ccccc1N1CCOC1=O,2,0.47619047619047616,1.7347377323387496,0.9993001413735415
365482,CC(C)C(=O)NC[C@H]1CC[C@@H](CC1)c1nn(cc1-c1cc(no1)C)C |r|,2,0.28378378378378377,1.4841145508348552,0.9990304008847677
49335777,Cn1cc(c(n1)-c1ccncc1)CN1CCN(CC1)c1ccccc1O,2,0.3275862068965517,1.4669826174838725,0.9992687489540796
35785818,Fc1ccc(cc1)NC(=O)c1cc(nn1-c1ccccc1)C1CC1,2,0.4909090909090909,1.0076452748868125,0.9994807475482309
LN00194655,C[C@]12CC[C@H]3[C@@H](CC(=C)C4=CC(=O)C=C[C@]34C)[C@@H]1CCC2=O |r|,2,0.3142857142857143,5.214259391322868,0.9935633840659986
37009919,FC(F)(F)Oc1ccc(cc1)N1CCC(CC1)NC(=O)N1CCC1,2,0.4444444444444444,1.5998193648033558,0.9977904445076896
44134429,COc1cc2c(cc1OC)C(=O)NC(=N2)CN1CCC(CO)CC1,2,0.3150684931506849,1.8778985595607933,0.998382467202166
195031,COc1cccc(c1)N(C)CCC(=O)N1CCC(CC1)c1ccc(cn1)-c1ccc(nc1)N,2,0.43529411764705883,1.8673601687943169,0.9979842913031185
36264533,O=C(NCCc1cn2c(n1)CCCC2)c1ccccn1,2,0.5245901639344263,2.222259210803077,0.9980468518381466
48276932,O=C1CCCN1c1ccc(nc1)NCc1ccccn1,2,0.3582089552238806,1.4833199250329214,0.9994014329430734
44811754,Cc1c[nH]c2nccc(c12)Oc1c(cc(cc1F)Nc1cc(nc(n1)N)Cl)F,2,0.2571428571428571,4.368424658844782,0.9984873744378718
36318534,Cn1ccc2c(cccc12)C(=O)Nc1ncn(n1)Cc1cccnc1,2,0.5932203389830508,1.9011604351032725,0.9994762782964214
48309286,Cc1nccn1CCCN1C(=O)SC(C)(C)C1=O,2,0.40816326530612246,1.332567821914809,0.9986105465438724
44462124,CN(C)CC(=O)N1CCC(CC1)c1ccc(c(c1)C1=CCCCC1)NC(=O)c1nc(c[nH]1)C#N,2,0.25274725274725274,4.592576618849041,0.9982769302531943
48631332,C1CN(Cc2nnc(o2)C2CC2)CC(C1)(c1ccccc1)c1ccccc1,2,0.32786885245901637,1.5107124147234365,0.9992513715521057
314860,CCN1C(=Nc2ccccc2C1=O)CN1CCCCCC1,2,0.4,1.5154553771068437,0.9983874201064772
43674916,Cc1csc(n1)N1CCN(CC1)Cc1ccc(nc1)OCC(F)(F)F,2,0.36486486486486486,1.7141726867497944,0.9979961482800268
1324972,COc1cc2c(cc1NC(=O)C)oc1ccccc12,2,0.3492063492063492,1.2861792254581343,0.9993058363690385
36464307,C(Cc1n[nH]c(n1)-c1cccc2cnccc12)c1ccccc1,2,0.4,1.222885930903078,0.9993114527107813
313091037,OC(=O)C1CN(C1)Cc1ccc(cc1)OCc1ccc(c(c1)Cl)Cl,2,0.3448275862068966,2.3391673732334737,0.9962004288806483
50279769,COc1cc(c2c(c1)N=C(C)NC2=O)Br,2,0.2923076923076923,1.3493276103302183,0.9986814215811806
30713459,CC(C)CC(=O)NCC(=O)N1CCCC1,2,0.4666666666666667,1.416858143922501,0.9988497854900361
301817626,CN(C1CCC(N)CC1)C(=O)c1cc(ccc1F)N1CCNC1=O,2,0.7454545454545455,2.033139690232895,0.9986154188841896
25831603,C/C(=C/1\C(=NN(C1=O)c1ccc(cc1)F)C)Nc1ccc(cc1)S(=O)(=O)N,2,0.29577464788732394,2.0447899647640564,0.996366299444018
25831601,COc1ccc(cc1)N1N=C(C)/C(=C(\C)Nc2ccc(cc2)S(=O)(=O)N)C1=O,2,0.42424242424242425,1.890337800500261,0.9964925839379382
18861554,CC(C)c1noc2ncc(cc12)C(=O)Nc1cc(ccc1C)F,2,0.3283582089552239,1.2787517350909465,0.9995336690133779
300445634,CN(C)CCOc1cc(ccc1NC(=O)C1COc2ccccc2O1)-c1cn[nH]c1,2,0.2857142857142857,2.668389776625496,0.9984520968526202
43245209,OC(=O)c1n(nc2ccccc12)Cc1ccccc1,2,0.3958333333333333,1.8638151732401758,0.998364398024243
425680,Cc1cc(on1)-c1cnn(c1C1CC1)CCNC(=O)c1sc(nc1C)C,2,0.328125,2.2018728391984905,0.999488154853184
324396,C=CCNc1ncc(c(n1)C1CC1)-c1cnccn1,2,0.673469387755102,1.5239963910715617,0.9993472868857114
49154015,Clc1cc(cc2n(cnc12)CC=C)-c1ccc(o1)C(=O)NC1CC1,2,0.2753623188405797,1.5915935410773836,0.9993061779806899
53751990,Cc1ccc(cc1S(=O)(=O)Nc1ccc(cc1)C(=O)N1CCCC1)F,2,0.5,1.9716642716243782,0.9971230858357246
48355573,CCC(=O)NCc1cc(n(n1)C1CCCC1)C1CC1,2,0.3088235294117647,1.5660191569711932,0.9995872132410346
48355585,CCOCC(=O)NCc1cc(n(n1)C1CCCC1)C1CC1,2,0.2876712328767123,1.4739314773765197,0.9998665390690904
27398627,Fc1ccc(cc1)C(=O)N1CCN(CC1)CC(=O)N1CCCC1=O,2,0.4117647058823529,1.7222952708521564,0.9994145764381428
42902190,CC1CN(CCC1Nc1ccc2nnnn2n1)Cc1cnc(s1)C,2,0.2857142857142857,1.7873494342183232,0.9990974819047586
43990384,CCN(CCO)CC1=Nc2cc(c(cc2C(=O)N1)OC)OC,2,0.2545454545454545,1.760533725891771,0.998311918927053
49948742,CCOc1cc(ncn1)N1CCOC2(CCCC2)C1,2,0.3333333333333333,1.3552638119570737,0.9986227950046422
13329354,CCN1CCN(CC1)S(=O)(=O)Cc1ccc(c(c1)Cl)Cl,2,0.34615384615384615,1.7632331099431613,0.9963741940296609
13329162,CN1CCN(CC1)S(=O)(=O)Cc1ccc(c(c1)Cl)Cl,2,0.36,1.8986329292413742,0.9962396629980139
36701026,Clc1cccc(c1)-c1nnc(o1)Cn1cnc2ccccc12,2,0.5849056603773585,1.6858276898898252,0.9983027874050253
306110,Fc1ccc(cc1)CN1CCN2C(=Nc3ccccc3C2=O)CC1,2,0.6792452830188679,1.9196101166644721,0.998856202506825
210343,Cc1nc(cc(n1)C1CN(C1)c1ncccn1)Nc1nccs1,2,0.358974358974359,1.201715856598671,0.9993725122036884
49125344,CC1CCC(CC1)N(Cc1nnc(o1)C1CCC1)C1CCC(O)CC1,2,0.27586206896551724,2.433410980496227,0.9992620044075405
265759,Cc1cc(cc(n1)C1CN(CCO1)C(=O)Cc1csc(n1)C)Nc1nnc(s1)C,2,0.6842105263157895,1.7123916024081776,0.9996227891904915
411164,COCCNc1c(c(nc2cc(nn12)-c1nccn1C)C)C,2,0.2835820895522388,4.736699167141382,0.9984921468500568
315806,CN(C)CCCNc1c(c(nc2cc(nn12)-c1nccn1C)C)C,2,0.2753623188405797,5.049208254766241,0.9976422432490971
44424625,Cc1ccc(cc1)-c1ccc(o1)-c1nccn1CCCn1cnnc1,2,0.3387096774193548,1.6714987286865932,0.9984349853503547
45753290,Cc1nnc(o1)-c1ccccc1NCc1ccsc1,2,0.36363636363636365,1.6701380182491614,0.9993236713470877
177307791,CC(C)Nc1ccc(cn1)-c1cc2c(cc1CO)OCCO2,2,0.30158730158730157,2.3643424032909026,0.9977847846002427
27419746,O=C(NCc1nncn1-c1ccccc1)C1CCCC1,2,0.5094339622641509,1.6193918611624063,0.9980271585435683
49146795,Cn1cc(cc1-c1nc(nn1CCc1ccccc1)C1CC1)C#N,2,0.36507936507936506,1.3986840243603709,0.9984704146754397
25664405,Fc1ccc(cc1)-c1cnc([nH]1)SCCN1C(=O)CCC1=O,2,0.2711864406779661,2.45626810425876,0.9983975386408073
193781,COc1ccc2c(c1)C=C(CO2)CN1CCC(CC1)c1cc(cc(n1)C)-c1cncnc1,2,0.7714285714285715,2.770736725132755,0.9974769154877706
31856310,Cc1cc(on1)CN1CCN(CC1)c1ncccn1,2,0.46808510638297873,1.3581973347049985,0.9986399111108598
53851976,Cc1cc(n(n1)CCNC(=O)NC1CCOCC1)C,2,0.4444444444444444,1.4889177277475294,0.9991729003871201
49972816,CN(CC(=O)Nc1cccc(n1)C)c1ncccc1F,2,0.4098360655737705,2.52641089294677,0.9974896411901047
49300421,Cc1noc(n1)NCc1ccc(cc1C)F,2,0.4339622641509434,1.9186612520191577,0.9982738112619044
48931485,CN(CC(=O)Nc1cccc(c1)S(=O)(=O)N1CCCC1)C1CCCCC1,2,0.5423728813559322,2.315538166388181,0.9967111998462164
3409017,O=C(NCCc1ccc2c(c1)OCCO2)c1ccc2ccccc2n1,2,0.4406779661016949,1.596462965433259,0.998891473877245
32007436,Cc1cc(n(n1)-c1ccc(cn1)CNC(=O)c1ccc2c(c1)CCO2)C,2,0.5538461538461539,0.8997471867124052,0.9997859253381778
342116,COc1cccc(c1)CN1Cc2ccccc2OC2(CCOCC2)C1,2,0.30434782608695654,2.545706778087359,0.9993130947659858
44398457,CCCC(=O)Nc1cnc(nc1)N1CCN(C)CC1,2,0.375,1.0810707654915461,0.9986928490519844
50131633,CCCC(=O)NCC(=O)Nc1cnc(nc1)N1CCN(C)CC1,2,0.3157894736842105,1.839366738853142,0.9979818700052222
29683420,CN1CC(=O)N(CCCC(=O)Nc2cccc(c2)C#Cc2cccs2)C1=O,2,0.42424242424242425,2.7897888809009377,0.9985343546919133
29676702,O=C1CCCN1C(=O)COc1cccc(c1)-c1nnco1,2,0.3484848484848485,1.442406669424716,0.9987688273151533
2246274,COc1ccccc1C(=O)Nc1cccc(c1)C#N,2,0.5294117647058824,3.2866546821958558,0.9803865888741615
232870003,CSc1ccc(cc1)C(=O)Nc1cccc(c1)C(=O)NCC(C)C,2,0.3793103448275862,1.6282094459863978,0.9986186776638697
31837160,CN(C)C(=O)c1ccc(cc1)NC(=O)c1cccc(c1)F,2,0.5102040816326531,1.6100350927852873,0.998734535494933
44492208,CN(CC(=O)NC1CC1)C(=O)C1C2CC3CC(C2)CC1C3,2,0.4230769230769231,1.2561683804325756,0.9991214520066674
32020284,Cc1cc(c2c(nn(c2n1)C)C)C(=O)Nc1cccc(c1)-c1cnco1,2,0.39473684210526316,1.6755903437294242,0.999255741587288
44048515,CN(C)CC(C)(C)CNC1=C(Br)C(=O)NN=C1,2,0.3050847457627119,1.809024046274544,0.9980228783484894
2332052,O=C1N(CCN2CCOCC2)C(=O)c2cccc3cccc1c23,2,0.3389830508474576,1.8502926795510737,0.9990626965340379
71008775,CC(C)n1cnnc1-c1cccc(n1)NC(=O)c1cc(c(cc1F)C)-n1cnc(c1)C1CC1,2,0.37362637362637363,2.8257386644911215,0.9984037955682482
151187,COc1ccc(cc1)-c1cccc(n1)C1CCCN(C1)C(=O)C1CCCC1,2,0.5757575757575758,1.8367836018428452,0.9984541945624045
232880886,O=C(N(Cc1ccccn1)C1CCCCC1)c1ccccc1N1CCOCC1,2,0.35714285714285715,1.8330624648386329,0.998803085937335
50894425,NC(=O)Cn1ccc(n1)-c1ccccc1,2,0.3488372093023256,1.6741463496363118,0.9983611602058847
37544502,Cn1nc(cc1N)-c1cc(cc(c1)F)F,2,0.3023255813953488,2.4846023826762065,0.999320186868681
24879320,OC1(CCN(CCNC(=O)c2cccc(c2)F)CC1)c1cccc(c1)F,2,0.3787878787878788,1.9436841307166064,0.9970442651931213
222764757,CCCc1ncncc1C(=O)NCc1nncn1CCC,2,0.5079365079365079,1.4205516534081284,0.9991154016619659
306432,Cc1nc2ncc3c(n2n1)CCCC3=O,2,0.3673469387755102,3.4208102841286383,0.976182019723469
306440,Cc1nc2ncc3c(n2n1)CC(C)(C)CC3=O,2,0.23214285714285715,1.524841959023922,0.9981716997215058
49081113,CC(C)(C)c1cnc(o1)CN1CCC(=O)Nc2cc(ccc21)F,2,0.5396825396825397,1.5931603811291233,0.999323432516101
32005722,O=C1NCCCCC1NC(=O)N1CCc2sccc2C1,2,0.42857142857142855,2.039097839731818,0.9997750337010273
49354187,FC(F)(F)CN1CCC(CC1)N1CCS(=O)(=O)CC1,2,0.2037037037037037,2.1226702523000407,0.9985488590132124
25642172,CCN(CC)S(=O)(=O)c1ccc2c(c1)CCN2CC(=O)NCc1ccccc1F,2,0.34328358208955223,1.8080724543003175,0.999173007218327
53749740,Clc1ccc(cn1)CSc1nc(c[nH]1)-c1ccccc1,2,0.24561403508771928,1.60693217031728,0.99833678191
43216036,CCS(=O)(=O)N1CC(CC#N)(C1)n1cc(cn1)-c1ncnc2[nH]ccc12,2,0.25333333333333335,3.5964597870683432,0.997989567975757
48747071,O=S(=O)(Cc1csc(n1)C1CCCC1)C1CCCC1,2,0.26666666666666666,1.2576959091923812,0.9991488592548995
53880265,O=C(NC1CCCC1)N1CCN(CC1)c1nccn2nc3c(c12)CCCC3,2,0.5692307692307692,3.2923136241860442,0.9988411306698284
73016554,Cc1cc(cc(n1)N1CCc2c(ncn2CCc2ccccc2)C1)C#N,2,0.576271186440678,1.661614275335836,0.9982215257139107
11882682,CN(C)c1nc(nc2scc(c12)-c1cccs1)CN1CCOCC1,2,0.5633802816901409,1.51281459538108,0.9995211876551903
23998049,O=C(Cc1ccc2c(c1)CCC2)Nc1nc2ccccc2o1,2,0.3225806451612903,1.2247081284939243,0.9993476785716707
20478041,O=C(N1CCC(CC1)Oc1cccnc1)c1ccc2oc(nc2c1)CCCc1ccccc1,2,0.3333333333333333,1.791250401256185,0.9982799021283704
1527294,COc1ccc(c(c1)OC)CNc1ncc(n1C)-c1ccc2c(c1)OCO2,2,0.48484848484848486,2.60906630808786,0.9977981099340001
36639987,Cc1cc(n2nc(c(c2n1)C(=O)NCC1CC1)C)C,2,0.5714285714285714,1.5704480252462358,0.9991926923493106
18894115,Cc1cc(cc(c1)C(=O)Nc1c(cnn1C)C#N)C,2,0.5098039215686274,1.2947690913829222,0.9989733967980544
43370641,COc1cc(cc(c1O)OC)CNC(=O)NC1CCCCC1,2,0.4117647058823529,1.9387217438300233,0.9983494209452539
30020911,Cn1cnnc1-c1cccc(c1)NS(=O)(=O)c1ccc2c(c1)OCCCO2,2,0.6721311475409836,2.0651014502924903,0.998835926740934
30194144,COc1ccccc1C(=O)CSc1nncn1C1CC1,2,0.31746031746031744,1.9898045130113193,0.9983463902087175
181831,CNCc1cc(nc(n1)C1CCCN1C(=O)c1ccccc1-c1ccccc1)N(C)C,2,0.640625,2.0003077263259468,0.998914977180696
45652159,Cc1csc(n1)N(C1CC1)C(=O)c1cc2c(nn(c2s1)C)C,2,0.43661971830985913,2.9003553230590624,0.9990838783499575
784983,OC(=O)c1cc(ccc1O)/N=N/c1ccc(cc1)S(=O)(=O)Nc1ccccn1,2,0.273972602739726,2.367538172870832,0.9992810531678146
300566847,CCN(CC)C(=O)c1ccc(cc1)C1=CC2(CCNCC2)Oc2cccc(c21)O,2,0.31666666666666665,2.453636077334595,0.9992616456735932
31951751,CC(C)c1csc(n1)NC(=O)C1CCN(CC1)c1ncccn1,2,0.4339622641509434,1.6455840908325308,0.998886003683508
48305854,Cc1nc(cs1)CCN1C(=O)NC(C)(C)C1=O,2,0.41509433962264153,0.8639456001387353,0.9996727783311742
150507,Fc1ccc(cc1)Cc1cccc(n1)C1CCN(CC1)C(=O)CCc1ccccc1,2,0.4745762711864407,1.469489707347497,0.9990243226618793
177304918,COC1(CCN(CC1)Cc1ncccc1Cl)c1nc(no1)Cc1ccccc1,2,0.6666666666666666,1.931863349204732,0.9985531589792817
2908077,COc1ccc(cc1)-c1cn2c3ccccc3nc2n1CCO,2,0.3283582089552239,1.393733833987538,0.9993908802007283
43389174,CS(=O)(=O)CCNc1ccc2ccc(cc2n1)F,2,0.5,1.3202249808272646,0.9975430297620441
222754040,CCN(C)S(=O)(=O)N(C)Cc1cnc2ccccc2c1,2,0.38181818181818183,1.402358727287709,0.9985768028118641
24501994,CCCCNC(=O)c1cccc2ncccc12,2,0.5306122448979592,0.8060297761249142,0.9993457772658039
31205261,CCCC(=O)Nc1ccc(c2ncccc12)C,2,0.41818181818181815,1.2916485590127795,0.9994596561772187
36986676,CN(C(=O)OC(C)(C)C)c1ccc2ccccc2n1,2,0.3448275862068966,1.6884652794771735,0.9979515527938186
48788735,Cc1ccnc(c1NS(=O)(=O)c1ccccc1C)Cl,2,0.2698412698412698,1.0759433070565874,0.9990635995582358
43485719,O=C(CSC1CCCC1)N1CCC(CC1)Cn1cccn1,2,0.5384615384615384,2.1053565018778038,0.9991369494993065
25614739,Cc1cc(n(n1)C)-c1nnc2ccc3ccccc3n12,2,0.3448275862068966,1.1258339131506192,0.9992859652122218
1543632,CCOc1ccc(cc1)C(=O)Nc1cc(ccc1N1CCN(CC1)C(=O)C)C(=O)OC,2,0.45614035087719296,1.8223523259787977,0.9990419278061182
49944058,CCn1nccc1CNc1nnc(o1)-c1ccc(cc1)OC,2,0.46938775510204084,1.6885307222555668,0.9983156663448731
1422270,Clc1ccc(cc1)CC(=O)NCc1ccncc1,2,0.39622641509433965,1.8434245305950394,0.9978090106605871
32069322,Cc1noc2ncc(cc12)C(=O)Nc1nc(cs1)C1CC1,2,0.3333333333333333,1.4934416627378304,0.9994247451472912
49837463,O=C(Nc1nc2cccc(n2n1)-c1ccc(cc1)CN1CCS(=O)(=O)CC1)C1CC1,2,0.3037974683544304,1.8873926459534462,0.9978976930187722
EN300-6477654,C[C@]12CCC3=C4CCC(=O)C=C4CC[C@H]3[C@@H]1CC[C@@]2(O)CC#N |r|,2,0.4696969696969697,3.571700575356076,0.999455556513577
55540581,Cc1ccc(cc1)-n1nc(cc1NC(=O)NCc1cc(ccc1Oc1ccc2n(ncc2c1)CCO)F)C(C)(C)C,2,0.38,2.8485482267288016,0.9983493411759033
48312238,O=C1CCCN1NC(=O)c1ccc(cc1)OCC#C,2,0.3188405797101449,0.9733940620323167,0.9991766768189039
6809286,O=C(NCc1ccccc1)c1ccc(cc1)NS(=O)(=O)c1ccc(cc1)C1CCCCC1,2,0.3698630136986301,2.436060959828223,0.9981707054217832
44447553,Cn1cnnc1CCn1ccnc1-c1cc2ccccc2s1,2,0.3380281690140845,1.9817010369880896,0.998895674775203
222788220,COCCc1n[nH]c(n1)-c1ccc(cc1)N1CCN(C)CC1,2,0.3709677419354839,2.077262862518548,0.9979336353899193
177420398,CC(C)Cc1n[nH]c(n1)-c1ccc(cc1)N1CCN(C)CC1,2,0.27692307692307694,1.7241995244166477,0.9982884622096296
49929056,CC(C)CCn1ccc(n1)NC1CCN(CC1)C(C)C,2,0.3230769230769231,2.9892539202949218,0.9982997330195584
49929048,CCc1[nH]nc(c1C)NC1CCN(CC1)C(C)C,2,0.3050847457627119,2.2872293282482,0.9989357787348973
32278227,CC(C)c1cc(c(c(c1)C(C)C)CC(=O)NS(=O)(=O)Oc1c(cccc1C(C)C)C(C)C)C(C)C,2,0.28125,5.362226403276832,0.9988348891056003
17660388,CN1C(=O)N(C)c2nc3n(c2C1=O)CCN3Cc1c(cccc1Cl)F,2,0.31645569620253167,1.7571030134857042,0.9990840213890085
43280049,Cc1ccc(cc1F)NC(=O)CN1[C@H](Cc2ccccc2)C[C@]2(C)NC(=O)CCC[C@H]12 |r|,2,0.3116883116883117,2.0704434307653092,0.9988395937253636
43278877,Cc1c(cccc1NC(=O)CN1[C@H](Cc2ccccc2)C[C@]2(C)NC(=O)CCC[C@H]12)F |r|,2,0.3157894736842105,2.828321233523445,0.9991323289890625
151211,COc1ccc(cc1)Cc1cccc(n1)C1CCN(CC1)C(=O)C1CCCC1,2,0.5,2.076432035969466,0.9983263359713903
49352631,CCN(C(C)C)C(=O)N1CCC(CC1)OC1CCOCC1,2,0.5,1.9813452500765911,0.999253669626476
142671,CCCNC(=O)C1(CCOCC1)Cc1ccccn1,2,0.41935483870967744,1.4392334765422683,0.9987100033407035
49205553,O=C/1N(N=C(Nc2ccccc2)\C1=C\1/CCCCCN1)c1ccccc1,2,0.25396825396825395,2.7772257740410797,0.9995612956532061
31399424,Cc1cc(c(c(n1)C)NC(=O)c1cc(ccc1F)Cl)C,2,0.39285714285714285,1.8597212156663316,0.999585210982837
3665537,Cc1sc2ncnc(c2c1C)OCC(=O)Nc1ccc2c(c1)OCO2,2,0.5396825396825397,1.9498240946312233,0.9996367364848436
32070902,Cn1ccnc1CN(C1CC1)C(=O)c1[nH]c2ccccc2c1Cl,2,0.3333333333333333,1.5356721655351961,0.99952241958251
49139618,COCc1ccccc1COC(=O)c1ccc(nc1)C,2,0.40384615384615385,1.369757277768462,0.9988918744201615
30173146,Cc1c(n(c2ccc(cc12)O)Cc1ccc(cc1)OCCN1CCCCCC1)-c1ccc(cc1)O,2,0.36231884057971014,3.918973590112619,0.9975072441081286
316756775,[2H]C([2H])([2H])NC(=O)c1nnc(cc1Nc1cccc(c1OC)-c1ncn(n1)C)NC(=O)C1CC1,2,0.29411764705882354,2.724402870355034,0.9989188759892258
31854715,CNC(=O)CCc1nc(no1)-c1ccccn1,2,0.32857142857142857,1.0339970986414868,0.9993948642837496
31417877,Cn1cc(c(n1)C1CCCCC1)C(=O)O,2,0.43859649122807015,2.562846464382965,0.9972737180544043
18813553,Fc1ccc(c(c1)Cl)C(=O)NCc1ccccn1,2,0.5,0.6289006280807679,0.9995117809135997
29261445,COc1ccc(cc1)CNC(=O)c1sc2nc(cc(c2c1N)C)C,2,0.43548387096774194,2.0619432581911723,0.9992794072014383
1527130,COc1cccc(c1)CNc1ncc(n1C)-c1ccccc1,2,0.3880597014925373,1.469624441821913,0.9986091454096372
1527152,Cn1c(ncc1-c1ccccc1)NCc1ccccc1,2,0.45614035087719296,1.5662627493494485,0.9974146298515216
49088739,CC(C)OCCS(=O)(=O)N1CCc2ccccc2CC1,2,0.46938775510204084,1.9597510045920032,0.9990084759960316
44508995,CN(C)S(=O)(=O)CCCN1CCc2ccccc2CC1,2,0.4489795918367347,1.6895067327476474,0.9988081036764905
31956373,O=C(NCc1ccc(nc1)-n1cncn1)c1csc2c1CCCC2,2,0.3333333333333333,2.573071316539244,0.9995017175587864
208343,Cc1nc(cc(n1)C1CN(C1)C1CCCCC1)O,2,0.34,3.093478462831188,0.99100280834474
53829712,O=C(CSCCc1ccccn1)Nc1ccccc1,2,0.6666666666666666,1.1068821075433228,0.9990494271375479
49951308,O=C(Cc1n[nH]c2ccccc12)N1CCCO1,2,0.38181818181818183,1.0763363786472837,0.9996864804675307
49973690,C1CCC(CC1)OCc1noc(n1)C1CC1,2,0.37735849056603776,1.338955189690699,0.9989063083569074
1436740,O=C(CCCOc1ccccc1)N1CCCC1,2,0.8484848484848485,2.1748009104284463,0.9994734886629827
43488186,Cc1ccc2[nH]c(nc2c1)C1CN(C1)C(=O)Cc1cccc2ccccc12,2,0.4576271186440678,1.76123820081236,0.9979904875781612
49130722,CCN1CCCN(CC1)C(=O)Nc1ccc(cc1)COC1CCCC1,2,0.660377358490566,2.377536750504612,0.9983327564910425
16223443,CCOc1ccc(cc1)CNC(=O)Cn1ccc2cc(ccc12)S(=O)(=O)N1CCCC1,2,0.421875,3.32657060649557,0.9983027823557921
29371307,Nc1ncnc2n(nc(c12)-c1cnc2[nH]ccc2c1)C1CCCC1,2,0.463768115942029,4.034350753218101,0.9990234576897672
43251079,Cc1cc(n2nccc2n1)C(=O)NCC1CC1,2,0.5490196078431373,1.085094465934022,0.9993010075645812
301928950,CC1CC(N)CCN1C(=O)c1cc(c(cc1F)F)N1CCNC1=O,2,0.352112676056338,2.0707264425800536,0.9993895565794211
11813315,O=C(NC1CCCCCC1)c1ccc(cc1)CSc1nc2ccccc2[nH]1,2,0.42857142857142855,2.142422694054503,0.9983077752881198
6843283,CCOc1c2c(c(c3ccccc13)OCC)C(=O)N(C2)c1ccc(cc1)CC(=O)NS(=O)(=O)c1ccccc1,2,0.2948717948717949,3.238563416084325,0.9980853431848574
53780028,CC(=O)NC1CCC(CC1)NCCc1c(cccc1C)C,2,0.5319148936170213,1.5360621732208448,0.998540953726891
1933753,CN1CCC(=C2c3ccccc3CCc3sccc32)CC1,2,0.2571428571428571,2.970068181035742,0.998107268145452
207921,Cc1nc(cc(n1)C1CCN(CC1)c1cnccn1)O,2,0.38596491228070173,1.6753417561795498,0.9993478717692862
44563083,COC(=O)N1CCCN(CC1)C(=O)c1ccc(o1)-c1ccccc1Cl,2,0.36507936507936506,1.3278192648096996,0.9989017931084473
43241226,Cn1nc(c2cccnc12)C1CCNCC1,2,0.32727272727272727,2.234003804831059,0.9984690495937321
232868125,CN1CCN(CC1)c1nc(cc(n1)C(C)(C)C)-c1c(nn(c1C)C)C,2,0.5833333333333334,2.1046177800255337,0.9987262319036118
64016648,CN(C(=O)CNC(=O)c1ccccc1OCC(=O)Nc1ccc(cc1)Br)c1ccccc1,2,0.3287671232876712,2.22429561884176,0.998044539961356
49945934,Cc1cnn(c1)Cc1nnc(s1)-c1ccccc1,2,0.34545454545454546,1.561153740027331,0.99925505696818
104707925,CC(C)n1cc(c2c(ccnc12)NS(=O)(=O)c1ccn(n1)C)-c1ccc2c(c1)N(C)CC2,2,0.25842696629213485,4.905312426339788,0.9994096921365193
35765811,CN1CCN(CC1)C(=O)C1(CCCC1)NC(=O)c1ccc(cc1)C(F)(F)F,2,0.375,2.1243707303577244,0.9979728284678794
232861763,CCOCC(=O)Nc1cccc(c1)CN1CCCC1,2,0.4166666666666667,1.6465670347724282,0.9973621231561378
36303318,CN(CC#N)C(=O)c1cccc(c1)CN1CCCC1,2,0.4393939393939394,1.698020023439074,0.9981640993659818
32074520,Cc1ccccc1NC(=O)Cn1nnc(n1)C1CC1,2,0.38596491228070173,1.4706342169281474,0.9986738195619869
301191566,COc1cc2nc(sc2cc1OC)/C=C/c1cocn1,2,0.4444444444444444,1.4305373116417388,0.9989896311138157
232832319,COc1ccc(cc1Cn1cccn1)CN1CC(C1)c1ccncc1,3,0.3387096774193548,2.090776171664435,0.998184147463755
29659409,CN(Cc1cccc(c1)C#N)Cc1cnn(c1)C,3,0.5531914893617021,1.9364036252805674,0.9989924842419231
49297145,CN(C(=O)c1cncc(c1)F)c1cccc2ncccc12,3,0.35,1.1565863564817211,0.9993475255316954
299985775,CC(C)NCC(O)COc1cccc2ccccc12,3,0.31666666666666665,1.8104651336052358,0.9965805824203778
32007466,Cc1cc(n(n1)-c1ccc(cn1)CNC(=O)C1CCC1)C,3,0.5538461538461539,1.8669322430127195,0.9990384398981181
222782402,O=C(C1CC1)N1CCC(CC1)CNS(=O)(=O)N1CCCCCC1,3,0.4642857142857143,1.7609693353380658,0.9985909949325473
36646466,Cc1ccc2nc3c(c(c2c1)C(=O)NCc1cnn(c1)C)CCCC3,3,0.4142857142857143,1.863239651789059,0.9993908802007283
299994993,C[n+]1cc2c3c(ccc2c2ccc4cc5c(cc4c12)OCO5)OCO3,3,0.2459016393442623,2.1811978360522586,0.997958926109239
42859262,Cc1n[nH]c(c1CCC(=O)N1CCOCC1)C,3,0.3333333333333333,1.8200453291060488,0.9993929139677091
23998049,O=C(Cc1ccc2c(c1)CCC2)Nc1nc2ccccc2o1,3,0.33783783783783783,1.2247081284939243,0.9993476785716707
50282202,CCS(=O)(=O)N1CCN(CC1)c1ccc(cc1)Nc1ncc(c(n1)NC1CC1)C(=O)N,3,0.32608695652173914,4.462457058617235,0.9919670803835219
32127001,Cc1nc(no1)C1(CCCC1)NCc1cccc(c1)C#N,3,0.3728813559322034,1.4533843263224915,0.9985016845400304
31412367,Cc1nn(c2nc(cc(c12)C(=O)O)C1CC1)-c1ccccn1,3,0.3620689655172414,3.4226904621947014,0.9991130145101839
44502768,CCNC(=O)c1cc(nc2n(nc(c12)C)-c1ccccn1)C1CC1,3,0.3380281690140845,1.7892576673024512,0.9996021927374089
17125201,COc1cc2ncn(c2cc1OC)-c1cc(c(s1)C#N)OCc1ccccc1S(=O)(=O)C,3,0.25925925925925924,1.5996255811907318,0.998728100773808
24873612,COc1ccc(cc1)-c1ccc(cc1)CN(CCN1CCOCC1)Cc1cccnc1,3,0.6333333333333333,2.8376287635980493,0.9994555214783518
54864400,CN1CCN(CC1)c1ncncc1-c1nc(no1)-c1ccccc1,3,0.3333333333333333,1.6024830732337112,0.9986893730105091
133851,Cc1ccc2n(c(cc2c1)C(=O)N1CCOC(C1)C(=O)N1CCc2ccccc2C1)C,3,0.37333333333333335,3.347270679225017,0.9994140712387046
323968411,CC(O)(C#Cc1ccc2c(c1)N(CC2)c1nc(ncc1Cl)N)c1nccs1,3,0.2247191011235955,4.1813922322594275,0.9982753925516346
36256386,Cc1ccc(o1)Cn1nccc1NC(=O)c1ccncc1,3,0.5510204081632653,3.177295548104241,0.9991813193499579
73053174,CCN1CCN(CC1)C(=O)CNc1ncnc2onc(c12)C,3,0.421875,2.8202086802225286,0.9982184224500809
36286506,CCCN(C)C(=O)Nc1cccc(c1)-c1nnc2n1CCCCC2,3,0.6060606060606061,1.5623424720591534,0.9992719773033398
30724831,CC(C)c1onc(c1C(=O)Nc1ccccn1)C,3,0.3620689655172414,1.2964308697343432,0.9992631270937498
876432,COc1cc2ncnc(c2cc1OCCCN1CCOCC1)Nc1ccc(c(c1)Cl)F,3,0.43661971830985913,2.3514134047421096,0.9985717110131065
177394614,CN(CC1CCN(CCO)CC1)C(=O)c1cc(nc(c1)C)C,3,0.5,2.131854591664049,0.9979166504583635
24121594,O=C(NCc1cnn(c1)-c1ccccc1)C1CCC1,3,0.5283018867924528,1.6234789804614647,0.998866227345601
48247380,CN(C)c1ccc2c(c1)OCCN2C(=O)NCc1cccnc1,3,0.36619718309859156,1.1962023240237571,0.9989075918148266
300764697,Cc1sc(c(c1Cc1ccc(cc1)C(F)(F)F)C(=O)NC1(CC1)c1ccc(cc1)C(=O)O)C,3,0.2753623188405797,3.5029904367552502,0.9970015469189522
48292374,O=C(Nc1cncc2ccccc12)c1ncccn1,3,0.3508771929824561,1.9623465545109378,0.9984624406759648
31618239,CSc1ccc(cc1)CN(CCO)C(=O)CCc1cccc(c1)F,3,0.296875,1.763989795888862,0.9985831410593222
36268414,Cc1nccc(n1)-c1cccc(c1)NCc1cc(on1)C,3,0.5254237288135594,1.3483894096291507,0.999311369542055
24068092,Fc1ccc(cc1)-n1cncc1C(=O)NCC1CC1,3,0.660377358490566,1.8410735998324095,0.9975787128227824
49343751,O=C(Nc1nnc2n1CCCC2)c1cscn1,3,0.5185185185185185,1.8867578010967692,0.9997562668675545
49947026,Cc1nc(n(n1)C)NCc1ccc(cc1)F,3,0.5348837209302325,2.2445505117951523,0.9982731877356603
49354299,Cn1ncnc1NCc1cc(cc(c1)F)F,3,0.4772727272727273,2.4627525251231654,0.9984696801815589
49946976,Cc1nc(n(n1)C)NCc1ccc(c(c1)Cl)F,3,0.46938775510204084,1.9186612520191577,0.998667599239246
53873925,COc1ccc(cc1)CCC(=O)N1CCN(CC1)C(=O)c1cc2n(n1)CCCC2,3,0.5172413793103449,1.9903499692262083,0.9982983198137463
4752649,c1ccc(cc1)-n1ncc2c(ncnc12)-n1ccnc1,3,0.2909090909090909,1.393953729505105,0.9993295566876743
43571023,Cc1ccc2n(nc(c2c1)Cn1ccnc1-c1cccc(n1)C)C,3,0.30303030303030304,1.63300551131943,0.9991485582558381
49946784,Cc1ccc(nc1)CNc1ncnn1C,3,0.4888888888888889,1.9075101572468334,0.998869579615697
36933671,CC1CN(CC(O1)c1ccccc1)C(=O)c1c(noc1C(C)C)C,3,0.4696969696969697,2.116839389278237,0.9989048746435405
1530850,CCOC(=O)c1ccc(cc1)OCC(=O)c1c[nH]c2ccccc12,3,0.3333333333333333,1.8235701247828842,0.9979962631926962
181801,CNCc1cc(nc(n1)C1CCCN1C(=O)COc1ccc(cc1)F)N(C)C,3,0.7419354838709677,2.3759038280197573,0.9990718710750579
181759,CNCc1cc(nc(n1)C1CCCN1C(=O)COc1ccccc1OC)NC,3,0.582089552238806,2.7335590353966275,0.998556564561299
181731,CNCc1cc(nc(n1)C1CCCN1C(=O)C(C)(C)c1ccc(cc1)C)NC,3,0.4852941176470588,2.1545825581767795,0.9983141967723204
48312888,CN(CCc1cnccn1)C(=O)c1cccc(c1)C,3,0.34782608695652173,1.578762806757429,0.9986154871273388
43657158,CN(C)C1(CCOCC1)CNC(=O)N1CCCC(C)(C)CC1,3,0.5172413793103449,2.380699267022193,0.9981855488758206
4899313,Clc1ccc(cc1)CN1C=Nc2c(oc3ccccc23)C1=O,3,0.3484848484848485,1.5786373871159545,0.9992859652122218
31908762,NC(=O)c1cccc(c1)CN1C=Nc2c(oc3ccccc23)C1=O,3,0.3157894736842105,1.6381916859762147,0.9991069802869261
53747827,Fc1ccc(cc1F)CN1C=Nc2c(oc3ccccc23)C1=O,3,0.3235294117647059,1.1679511976105288,0.9992895785014689
43127347,Cn1ncc2cc(ccc12)-c1ccnc2[nH]ccc12,3,0.4807692307692308,0.9726093768824409,0.999794979961693
44598735,CCOCC(=O)N1CCC2(CC1)CCc1ccccc1O2,3,0.3448275862068966,1.781738476881551,0.9991482265618349
44598747,CCNC(=O)N1CCC2(CC1)CCc1ccccc1O2,3,0.39344262295081966,1.4861103592936868,0.9987036545323281
44114971,CSc1ccc(c(c1)C(=O)NCCN1CCC(C)CC1)C,3,0.5283018867924528,2.475261198338135,0.9972923108974721
301693590,CN(C1CCNC1)C(=O)c1cc(ccc1F)N1CCNC1=O,3,0.7454545454545455,1.6179150163095097,0.9993895565794211
20593051,CN(Cc1ccc(cc1)C)C(=O)c1cn(nn1)Cc1ccccc1F,3,0.36065573770491804,1.5606332048242189,0.9982863673201489
42942710,CN(C)c1cc(nc(n1)-n1ccnc1)C,3,0.45652173913043476,2.3414525406251774,0.9983761914381888
24062566,Cc1noc(c1CC(=O)N1CCc2[nH]c3ccc(cc3c2C1)Br)C,3,0.4657534246575342,1.8951139807415378,0.9989911081054155
50283408,FC(F)(F)c1cc(cc(c1)C(F)(F)F)-c1ncn(n1)/C=C\C(=O)NNc1ccccn1,3,0.7586206896551724,2.9175016709509625,0.995851316907251
72972985,CC(C)(O)CNc1nc(nc(n1)-c1cccc(n1)C(F)(F)F)Nc1ccnc(c1)C(F)(F)F,3,0.3815789473684211,5.157409039430449,0.998707291564742
3476517,O=C(Nc1nc(cs1)-c1cccnc1)C1CCCCC1,3,0.45,1.4302880828698843,0.9992262624083028
32433398,Clc1cccc(c1)N1C(=O)NN=C1CCCN1CCOCC1,3,0.3389830508474576,2.0180698699500277,0.9980913502944415
49945104,Cc1nn(c2ncc(cc12)CNc1ccon1)C,3,0.3709677419354839,1.9615585640001358,0.9988223666280592
36269102,Cc1cc(cc(c1OCc1cccnc1)C)C(=O)N1CCOC(C)(C)C1,3,0.4838709677419355,2.0798382148618133,0.9984627174994578
46650374,CC(C)CCN(C)c1ncnc2nc(cc(c12)C)C,3,0.2857142857142857,1.4945624777840165,0.9982210846039984
7695671,Cc1cccc(c1)OCC(=O)Nc1ccc2c(c1)C(=O)N(C2=O)c1ccccc1,3,0.4067796610169492,1.7733442982117917,0.9981665262271795
31882595,CS(=O)(=O)NC1CCN(CC1)C(=O)NCCc1ccc(cc1)F,3,0.4074074074074074,1.7236182872085324,0.998734535494933
177285754,CCC(C)(C)N1CCN(CC1)C(=O)Nc1cnn(c1C(F)F)CC(C)C,3,0.38235294117647056,2.6620351237354685,0.9983236516267256
222599,C1CCC(C1)N1CC(C1)Cc1nccc2cc[nH]c12,3,0.37735849056603776,2.358144821676558,0.9980696985020391
36568125,CCCN1CCn2nc(cc2C1)-c1nc2cc(ccc2[nH]1)OC,3,0.26865671641791045,2.9606543195717956,0.9963600768351861
28183660,COc1ccc(cc1)COc1ccc(cc1OC)Cc1cnc(nc1N)N,3,0.39622641509433965,3.5095040960227255,0.9921434647108472
43488186,Cc1ccc2[nH]c(nc2c1)C1CN(C1)C(=O)Cc1cccc2ccccc12,3,0.4576271186440678,1.76123820081236,0.9979869687326198
35697150,O=C(NCCc1ccc2c(c1)OCO2)N1CCc2sccc2C1,3,0.6,1.4325051483316416,0.999536664904539
316046283,CCN1CCOC(C1)C(=O)N1CCC(CC1)c1cn[nH]c1,3,0.3188405797101449,1.4868527163105327,0.9982113004034355
531049,COc1cc(cc(c1OC)OC)[C@H]1[C@H]2[C@H](COC2=O)[C@@H](O)c2cc3c(cc21)OCO3 |r|,3,0.25862068965517243,3.0155336177864642,0.9984597312054693
24879868,CCC(=O)N1CCCc2cc(ccc21)C(O)CN1CCN(CC1)c1ccc(cc1)OC,3,0.3835616438356164,3.4264164954074228,0.9980333599555752
49937270,CC(C)c1nnc(n1C)CNC(=O)C1(C)CCC1,3,0.42,1.0402932278932706,0.999229143600959
13529886,FC(F)(F)c1ccc(nc1)N1CCCN(CC1)C1CC(=O)N(C1=O)c1ccccc1,3,0.5,1.902543297798799,0.9985715230027904
49300427,Cc1nsc(n1)NCc1cncs1,3,0.3404255319148936,1.7013391784117686,0.9996708896126777
49953664,COc1ccc2nc(nc(c2c1)N1CC(O)(C1)c1ccc(cc1)F)C,3,0.5636363636363636,1.6987724980115835,0.9984356554179858
17480068,O=C1CC2(CCN(CC2)C(=O)NCc2ccccc2)Oc2ccccc21,3,0.3698630136986301,1.3442559280137356,0.9992297785583154
318302594,O=C(NC[C@@H]1CCN(C1)c1ccccc1)N1CCc2ccccc2C1 |r|,3,0.38333333333333336,2.023409993056284,0.9985880912335727
48755664,COc1ccc2nc(nc(c2c1)NCc1ncc(o1)C)C,3,0.4,1.892387909494282,0.9995024062545514
23832549,CN1CCC(CC1)n1ncc2[nH]c(nc12)-c1ccc2ccccc2c1,3,0.5833333333333334,2.539005710903452,0.9990691021959247
146921,CN(C)C(=O)c1ccc(nc1N)C1CCN(CC1)C(=O)CCc1nc2cc(c(cc2[nH]1)C)C,3,0.4605263157894737,3.2007638150915083,0.9961745906290582
49950940,CN1CCC(CC1)CNC(=O)c1ncoc1-c1ccc(cc1)F,3,0.38571428571428573,1.9055020335859933,0.9991583113867614
31981950,CC(=O)NCC1CCN(CC1)C(=O)c1ccc(nc1)C,3,0.5084745762711864,1.2056367612174026,0.9992124875291156
36444864,Cc1cnc(c(c1)-c1cccc(c1Cl)Cl)-n1cnnc1,3,0.24074074074074073,2.205415153661666,0.9969707211670026
36466247,CCOc1ncccc1-c1cc(ccc1O)Cl,3,0.43137254901960786,1.3494180227047423,0.9995997647339625
48242383,Cc1cnc(s1)CNCc1cccc2c1OCO2,3,0.3114754098360656,1.6920685565303761,0.9988737051150897
31878068,Cc1ccc(cn1)C(=O)NCCc1csc(n1)C,3,0.4528301886792453,1.226607516690093,0.999488154853184
30599464,CCN1C(=O)Oc2cc(ccc21)NC(=O)c1ccc(cc1)C(C)(C)C,3,0.3333333333333333,1.938011867868431,0.9980310298770465
5799127,Nc1ccc(nc1)Oc1ccccc1F,3,0.3170731707317073,1.6400271339219405,0.9991870538951976
20173881,Cc1cc(cc(c1)Oc1cc(ccn1)C#N)C,3,0.35555555555555557,1.7776712294459425,0.9989781904497632
36790963,Cc1ccnc(c1)Oc1cc(ccc1C)N,3,0.29545454545454547,1.1566948603675624,0.9992467652709393
36909737,Cc1cccc(c1C)Oc1cc(ccn1)CN,3,0.2631578947368421,2.0607539882285426,0.9971235681975591
45491581,Cc1cccc(c1C)Oc1ncccc1N,3,0.2916666666666667,0.8161341801441947,0.9990611063076528
89942347,CC(C)(O)Cn1nc(c2c(c(nnc12)-c1ccccc1)Cl)-c1ccccc1,3,0.25806451612903225,2.2718080904866187,0.9988550535072209
49913437,CS(=O)(=O)NCCN1CCc2c(cc(cc2C1)Cl)Cl,3,0.26865671641791045,1.1779821730403084,0.9986097315025857
177461018,Cc1cccc2c1C(=O)N(CCc1ncc[nH]1)C=N2,3,0.3492063492063492,1.2343577277275357,0.9991816414342521
177427275,FC(F)(F)c1cccc2c1C(=O)N(CCc1ncc[nH]1)C=N2,3,0.31746031746031744,1.6024609199602788,0.9986799203971588
36366966,CCn1c(nc2cnc(cc12)Oc1cccc(c1)NC(=O)c1ccc(cc1)OCCN1CCOCC1)-c1nonc1N,3,0.3829787234042553,3.999644984245435,0.9918459739529188
1590696,CC(C)(C)c1ccc(cc1)C(=O)Nc1ccc(cc1)C(=O)Nc1ccccc1,3,0.4,2.311136084266815,0.9976785680311121
32436924,CCc1oc2c(cccc2c1C)-n1cnnc1,3,0.25,1.786146130639786,0.9992038466111915
27042311,COc1cccc2c1O/C(=N\Nc1ccccc1)C(=C2)C(=S)N,3,0.296875,1.604918377986849,0.9979559939050902
49964732,Cc1nc(n(n1)C)NCC(C)(C)c1ccccc1,3,0.44680851063829785,1.5184350496483339,0.9988233314623781
56769871,Oc1nccn2c(nnc12)CNC(=O)C1CCCC1,3,0.45454545454545453,2.559686308906024,0.9988615092809064
MCULE-9833651829,NC1CCCC(C1)C(=O)Nc1ccc2[nH]ncc2c1,3,0.4838709677419355,2.937360039218842,0.99844345810104
1533629,COc1ccc(c(c1)Oc1nc2c(n1C)C(=O)N(C)C(=O)N2C)C(=O)c1ccccc1,3,0.43859649122807015,2.1402133071258915,0.9984634653105009
29371307,Nc1ncnc2n(nc(c12)-c1cnc2[nH]ccc2c1)C1CCCC1,3,0.463768115942029,3.7842243590991664,0.9990234576897672
49969708,Fc1cc(ccc1CNc1ncccn1)-c1ccncc1,3,0.41304347826086957,1.5923645939293052,0.9979227015823775
3565214,CN1C(=O)N(CC(=O)Nc2ccccc2-c2ccccc2)C(=O)C1(C)C,3,0.3888888888888889,2.465935319508437,0.9994197562816347
24128634,O=C(NCc1cccnc1)c1cnn(c1)-c1ccccc1,3,0.5087719298245614,0.729004801082099,0.9996965515887726
43423841,CN(C)C(=O)CN1CCN(CC1)C(=O)c1ccc2ccccc2c1O,3,0.5370370370370371,1.4238149458410603,0.9989676066651187
32176418,CCCS(=O)(=O)Nc1ccc(c(c1F)C(=O)c1c[nH]c2ncc(cc12)-c1ccc(cc1)Cl)F,3,0.30120481927710846,2.7162260583386133,0.9991940875682708
48745204,CS(=O)(=O)NC1CCCN(C1)c1nc2ccccc2o1,3,0.37681159420289856,2.1051268370336933,0.9971188907210407
165247,Cc1nccc(n1)C1CCN(CC1)Cc1ncc[nH]1,3,0.5263157894736842,1.929328121393412,0.9981138074190805
320548501,CCN(c1ccc(cc1)C(C)C)S(=O)(=O)c1ccccc1,3,0.4339622641509434,1.8397372094948954,0.9980617407000407
48876547,CCn1c(cc2c1nc(c1ncn(c12)C)Nc1cc(n(n1)C)C)C(=O)N(C1CC1)C1CC1,3,0.23376623376623376,6.741291493474901,0.998935011849592
72972981,COc1cc(cc(c1)N(CCNC(C)C)c1ccc2ncc(nc2c1)-c1cnn(c1)C)OC,3,0.3561643835616438,3.533690280711872,0.997472572723142
43990384,CCN(CCO)CC1=Nc2cc(c(cc2C(=O)N1)OC)OC,3,0.5084745762711864,1.760533725891771,0.998311918927053
36275216,N#CCCCN1CCN(CC1)c1cc(ccn1)C#N,3,0.375,1.439682256610923,0.9987478176566656
49921682,Cc1cc(c2ccccc2n1)Cn1cnc(c1C#N)C#N,3,0.4716981132075472,1.6062409532819215,0.9988478352271554
222077,CC1(CCN(CC1)Cc1ccco1)c1ccn[nH]1,3,0.3333333333333333,2.1883911898927977,0.9991365962370353
30640320,Cc1nn(c(c1NC(=O)CN1CCN(CC1)c1nccs1)C)C,3,0.515625,2.0251873987358455,0.9994419435853819
171948518,Cc1ccc(c(c1)OC[C@@]1(O)CN(CC[C@@H]1O)C1CCC1)Cl |r|,3,0.9583333333333334,2.6140623557979983,0.9950381168436363
49946970,Cc1nc(n(n1)C)NCc1cn(nc1-c1cccs1)C,3,0.5098039215686274,2.058988586660678,0.9989151308599704
MCULE-1169396424,CCOc1ccccc1CNCCc1c[nH]c2ccccc12,3,0.375,2.0740315812445487,0.9974768017253777
Z86139961,Fc1cccc(c1CNCCc1c[nH]c2ccccc12)Cl,3,0.3448275862068966,2.160620744138202,0.9984872080061122
MCULE-2124560621,CCOc1cccc(c1)CNCCc1c[nH]c2ccccc12,3,0.35,2.5204684088477545,0.9987196075787691
3333585,O=C(CSc1nnc([nH]1)-c1cccs1)N1CCCCCC1,3,0.39622641509433965,1.777253499082482,0.9988334854967169
97290253,CCCS(=O)(=O)c1nc(cc(n1)-c1ccc2n(ccc2c1)C1CC(C)(C)NC(C)(C)C1)NC1CC1,3,0.23863636363636365,5.288722435522528,0.9977520378332495
11011932,CN(C)CCN(Cc1ccccc1)C(=O)CCC(=O)Nc1ncc(n1C)-c1ccccc1,3,0.45614035087719296,2.6517186879457832,0.9973732830870135
31918332,Cc1nc(sc1C(=O)Nc1cccc(c1)-c1ccn[nH]1)Cc1ccccc1,3,0.7192982456140351,1.9785332951458667,0.9983493076185526
30696460,COc1cc2c(cc1OC)CN(CC2)C(=O)C1CCCN(C1)C(=O)OC(C)(C)C,3,0.65,2.4699119417499635,0.9991428992297035
16732808,COc1cc2c(cc1OC)CN(CC2)C(=O)C1CCCN(C1)C(=O)C,3,0.7090909090909091,1.7920624989103553,0.9989777596289018
44106917,CCCS(=O)(=O)N1CCCC(C1)C(=O)N1CCc2ccccc2C1,3,0.5161290322580645,1.8341758367178538,0.999198433512153
53751988,O=C(N1CCCC1)c1ccc(cc1)NS(=O)(=O)c1cccc2cnccc12,3,0.5,1.4032195124069267,0.9980894969501078
32389082,CC(C)c1ncc(cn1)-c1cc(c2ccc(c(c2n1)C)C)C(=O)N(C)C,3,0.2753623188405797,2.033672294151631,0.9986282556358528
42961078,Cc1nc(cc(n1)Nc1cnn(c1)C(C)(C)C)Cl,3,0.4107142857142857,2.0731939127832137,0.999202028589936
48355573,CCC(=O)NCc1cc(n(n1)C1CCCC1)C1CC1,3,0.2909090909090909,1.5660191569711932,0.9995872132410346
48355585,CCOCC(=O)NCc1cc(n(n1)C1CCCC1)C1CC1,3,0.27848101265822783,2.074846500346576,0.9998665390690904
43179665,CCCn1cnnc1Cn1ccnc1-c1ccc2occc2c1,3,0.3380281690140845,1.9007509042486983,0.99952241958251
48316168,Cn1cc(cn1)CCNc1cncc(c1)Br,3,0.3492063492063492,1.5563935877538049,0.9990382579265528
313144331,N#Cc1ccc2ncnc(c2c1)N[C@H]1CC[C@@H](CC1)N1CCOCC1 |r|,3,0.43333333333333335,2.533444098455709,0.9970370721192862
49912141,CN(Cc1nc(no1)-c1cccnc1)c1ccnc(n1)C,3,0.4727272727272727,1.8638599732814374,0.9980389634614418
44113727,Cc1ccc(cc1)CC(=O)NCc1cccc(c1)C(=O)Nc1ccccc1,3,0.39285714285714285,1.6282094459863978,0.9983464942026805
43133355,CCc1ccccc1NC(=O)CCn1ccnc1-c1ccc2c(c1)OCO2,3,0.40625,2.0781046653137536,0.9985226243900925
157063,NC(=O)c1cnc(nc1CCNC(=O)C1(CCOCC1)c1cccc(c1)F)NC1CC1,3,0.4024390243902439,3.946061327449993,0.9981375797021327
3615737,C1COC(C1)CNc1nc(cs1)C12CC3CC(CC(C3)C2)C1,3,0.26865671641791045,2.443424850491668,0.9988187766649698
139133,CN(C)C(=O)C1(CCN(CC1)C(=O)c1ccc(s1)C)Cc1ccccc1-c1ccccc1,3,0.6612903225806451,3.0040096537794163,0.9983210356885496
362026,O=C(NC1CCCC1)C1=CCN(C1)C(=O)C1CC1,3,0.9714285714285714,1.5035664268662838,0.9991992581942192
32234428,CS(=O)c1ccc(cc1)-c1coc2ccc(cc12)-c1nnc(o1)C,3,0.3050847457627119,2.090605653871923,0.9983367300790585
49330331,CN(CCC1CCCCC1)C(=O)c1ccon1,3,0.4423076923076923,1.5771680316313978,0.9985843752073804
44440551,Cc1ccc(c2cccnc12)-n1ccnc1-c1ccoc1,3,0.34545454545454546,1.8718207713349206,0.9991828164550416
1557197,Cc1cccc(c1)-n1c(nnc1CNc1ccc(cc1)F)S,3,0.38095238095238093,1.7499222839885873,0.9977080498301417
38522400,CC(C)n1nnnc1-c1ccc(cc1F)N,3,0.25,1.5344145463335654,0.9987281586008135
48312238,O=C1CCCN1NC(=O)c1ccc(cc1)OCC#C,3,0.3188405797101449,0.9733940620323167,0.9991766768189039
49088739,CC(C)OCCS(=O)(=O)N1CCc2ccccc2CC1,3,0.46938775510204084,3.2212804907365182,0.9990084759960316
44508995,CN(C)S(=O)(=O)CCCN1CCc2ccccc2CC1,3,0.3090909090909091,1.6895067327476474,0.9988081036764905
49963976,CCCNC(=O)C1(CCCCC1)NCc1cncnc1,3,0.5882352941176471,2.043476694263911,0.9985808164271963
49095542,CC(C)CCN1CCC(CC1)CNC(=O)C1CC=CC1,3,0.3114754098360656,2.3031930010312034,0.9974829313723419
35731142,CCOC1CCN(CC1)C(=O)CN1C(=O)Nc2ccccc21,3,0.5862068965517241,1.8081755998791722,0.9990572685945076
35765811,CN1CCN(CC1)C(=O)C1(CCCC1)NC(=O)c1ccc(cc1)C(F)(F)F,3,0.375,2.0893621036095738,0.9979240898802653
322812,OC1(CCN(CC1)Cc1ccc(o1)-c1ccc(cc1)F)c1cccnc1F,3,0.36507936507936506,1.4669826174838725,0.9993114527107813
222778471,CN(C)C(=O)c1cncc(n1)N(C)CCCc1c(n[nH]c1C)C,3,0.24615384615384617,2.23313725507481,0.9987815599841934
20650033,Fc1ccccc1-c1noc(n1)-c1ccc(nc1)NCCc1cnccn1,3,0.30666666666666664,3.023484248346515,0.9977222583948088
1195337,Nc1ccc2[nH]c(nc2c1)CCc1ccccc1,3,0.391304347826087,3.038174451870793,0.9979808594947692
53747118,CCOc1ccc(cc1)OCCN1CCN(CC1)C(=O)C,3,0.4782608695652174,2.0368107423127784,0.9989367188402829
32444473,CN1CCN(CCOc2ccccc2N)CC1,3,0.5,1.9820393537969587,0.9974689535024872
25642172,CCN(CC)S(=O)(=O)c1ccc2c(c1)CCN2CC(=O)NCc1ccccc1F,3,0.34328358208955223,1.8080724543003175,0.999173007218327
31965105,Cc1csc(n1)NC(=O)CCc1ccncc1,3,0.5652173913043478,0.913720416757766,0.9994652261812307
Z102329238,Cn1c(nc2ccccc12)CNC(=O)Cc1cccc2ccccc12,3,0.7021276595744681,2.280507618930425,0.9987960734558361
265683,COc1cccc(c1)CC(=O)N1CCOC(C1)c1cc(cc(n1)C)Nc1nnc(s1)C,3,0.6842105263157895,2.7256292851378534,0.9995261545900012
32419804,CCNc1ccnc(n1)N(C)Cc1nc2ccccc2n1C,3,0.3793103448275862,1.4833199250329214,0.9992688374668854
18894115,Cc1cc(cc(c1)C(=O)Nc1c(cnn1C)C#N)C,3,0.2903225806451613,1.3554585939819555,0.9989733967980544
23809094,CCCn1ncc2[nH]c(nc12)C1CCCCC1,3,0.38095238095238093,1.4952561653438938,0.999038997116073
44492208,CN(CC(=O)NC1CC1)C(=O)C1C2CC3CC(C2)CC1C3,3,0.4230769230769231,1.8575446158838504,0.9988975729950131
48755678,Cc1nc(c(s1)CNc1cnn(c1)-c1ccccc1)C,3,0.45098039215686275,1.2892389227755061,0.999263709844203
300962268,Fc1ccc(cc1Cl)-n1cc(nn1)/C=C/c1ccnnc1,3,0.21428571428571427,1.3774817603147442,0.9981064156267648
44498516,O=C(Nc1ccc(cn1)N1CCCC1)c1ccc(cc1)-c1cnco1,3,0.5,2.170643683334736,0.9988478900179495
43581803,CC1=NN(C(=O)N1CC(=O)N1CC(C1)Oc1cccc(c1)C)c1ccccc1,3,0.421875,1.6187834938621146,0.9987802705559852
49311027,Clc1ccccc1C1N(CCNC1=O)C(=O)c1ccncc1,3,0.47692307692307695,1.4885150318353144,0.9986610187808851
24010647,Fc1ccc(c(c1)C(=O)N1CCN(CC1)C(=O)C1CC1)F,3,0.46938775510204084,1.5624858399358825,0.9989009893664995
50614392,COc1ccc(cc1F)CCCN1CCN(C(=O)C1)c1cnn(c1)C,3,0.3194444444444444,2.2414397158969015,0.998272920416128
35281979,CN(Cc1cnn(c1)C)C(=O)Cn1c(cc2ccccc12)C,3,0.4375,2.908989859040282,0.9981112152492465
320451104,CNc1ccc(cc1)/C=C/c1ccc(nc1)OCCOCCOCCF,3,0.2898550724637681,2.0065599916273857,0.9978915309981028
48262457,CC(C)(C)c1nccc(n1)NCc1ccncc1,3,0.43478260869565216,1.446104422231941,0.9989597285112652
110220963,Cc1ccc(cc1)S(=O)(=O)N1CCC[C@@H](C1)C(=O)NC1CCOCC1 |r|,3,0.39436619718309857,1.3065584564036419,0.998843304132595
89942016,Nc1ncc(c2ccc(nc12)-c1cccc(c1)F)C(=O)NC1CN(C1)C(=O)C1CC1,3,0.3188405797101449,2.6647491439153215,0.9991021183724149
48856634,CCc1c2c(nc3ccc(cc13)O)C1=CC3=C(COC(=O)[C@]3(O)CC)C(=O)N1C2 |r|,3,0.6385542168674698,2.6060991922792156,0.9992101494799243
11654209,Brc1ccc(o1)-c1nnc(o1)Cn1cnc2ccccc12,3,0.30303030303030304,1.4287309053840336,0.9992266051132167
29689751,O=C(NCc1cccnc1)c1sccc1-c1ccccc1,3,0.4339622641509434,1.289333936573226,0.9996103246032383
151187,COc1ccc(cc1)-c1cccc(n1)C1CCCN(C1)C(=O)C1CCCC1,3,0.5757575757575758,1.8367836018428452,0.9984541945624045
82700885,Cc1cc(c2ccc(cc2n1)C(=O)N1CCN(CC1)c1nc[nH]n1)C,3,0.36065573770491804,1.1682174455122676,0.9991596233867511
408502,CN(Cc1ccccc1)c1nc(nc2c1CCN(Cc1ccccc1)C2)C,3,0.6530612244897959,2.2561159101432433,0.9989015522380763
222753013,CN(C)C1(CCCCC1)CNC(=O)CN1C=CC(=O)C=C1,3,0.6170212765957447,2.2815119986532446,0.9973416810163582
36931863,COc1ccc2c(c1)CN(CC2)C(=O)c1cc([nH]n1)C1CC1,3,0.352112676056338,1.782655042345326,0.9988941967862246
LN00194655,C[C@]12CC[C@H]3[C@@H](CC(=C)C4=CC(=O)C=C[C@]34C)[C@@H]1CCC2=O |r|,3,0.3142857142857143,5.214259391322868,0.993603552000917
201887,CCn1cc(c(n1)C)CN1CCC(CC1)c1nc(ncc1-c1ccc(cc1)OC)N(C)C,3,0.32098765432098764,2.684395648930881,0.9987262319036118
201873,CCn1ncc(c1C)CN1CCC(CC1)c1nc(ncc1-c1ccc(cc1)OC)N(C)C,3,0.4050632911392405,3.1215558620664376,0.9984567374830058
207623013,CN1C(=O)N(C(=O)c2cccc(c21)F)c1cccc(c1C)-c1c(cc(c2[nH]c3c(c12)CC[C@@H](C3)C(C)(C)O)C(=O)N)F |r|,3,0.24528301886792453,6.564474160205211,0.9982702811701742
49969712,C(Nc1ncccn1)c1cnc2ccsc2c1,3,0.4222222222222222,2.198661638361222,0.9988006228306755
177414009,CC(C)c1cc(nc(n1)C)-c1ccc(cc1)S(=O)(=O)N(C)C,3,0.46808510638297873,1.5791076594075195,0.998884540253245
82711525,Cc1cc(c2ccc(cc2n1)C(=O)N1CCN(CC1)C1=NC=CNC1=O)C,3,0.3375,1.537980819126225,0.9990202823824585
32090192,CC(=O)N(c1ccc(cc1)C)c1nc(cs1)Cn1ccnc1,3,0.32786885245901637,1.8055816237435083,0.9990668859929647
48788735,Cc1ccnc(c1NS(=O)(=O)c1ccccc1C)Cl,3,0.2698412698412698,1.0759433070565874,0.9990635995582358
45816980,COc1nn(cc1C(=O)Nc1cccc(c1)-c1cnc2n1CCC2)C,3,0.3875,2.4947222290270394,0.9985643346803204
44811418,CC(C)NC(=O)COc1cccc(c1)-c1nc(c2ccccc2n1)Nc1ccc2[nH]ncc2c1,3,0.352112676056338,3.1046307348858853,0.9972805842647832
177407455,CCCN(CCC1=CCCCC1)C(=O)c1cc(n[nH]1)C(F)F,3,0.532258064516129,1.736948473616867,0.9977579875365614
3572643,CC(=O)N1CCC(CC1)(C(=O)Nc1nccs1)c1ccccc1,3,0.38028169014084506,1.6221300810972477,0.9986222177520172
44551324,CN(C(=O)c1cc(ccc1NS(=O)(=O)C)C)c1ccc2ccccc2c1,3,0.58,1.1494159386402536,0.998811660253621
157315,Cc1nc(cc(n1)NC1CCCC1)CC1CCN(CC1)S(=O)(=O)c1cn(cn1)C,3,0.29850746268656714,3.087298171541127,0.9975201733060766
49316037,N#Cc1ccc2nc(ccc2c1)NCCn1ccnc1,3,0.5094339622641509,1.8969810225727954,0.9988830495050737
232861763,CCOCC(=O)Nc1cccc(c1)CN1CCCC1,3,0.4166666666666667,1.6465670347724282,0.9973621231561378
36303318,CN(CC#N)C(=O)c1cccc(c1)CN1CCCC1,3,0.4393939393939394,1.698020023439074,0.9981640993659818
20072667,CC(C)(C(=O)NCc1ccccn1)c1ccccc1,3,0.44680851063829785,0.8731540528452768,0.999096772163489
1543632,CCOc1ccc(cc1)C(=O)Nc1cc(ccc1N1CCN(CC1)C(=O)C)C(=O)OC,3,0.4142857142857143,1.8223523259787977,0.9990419278061182
36695013,Cc1cnn(c1)C1CN(C1)CC1(O)CCCCC1,3,0.3793103448275862,1.743629834569391,0.9991192945531544
49956416,CCOc1cccc(n1)NS(=O)(=O)C,3,0.30434782608695654,2.1035743390713293,0.9970245984269692
49932658,CCCCN(C)C(=O)Nc1cc(ccn1)C,3,0.49056603773584906,1.5185400883744937,0.9985744106072995
49426796,Cc1ccc(cn1)NC(=O)OCC(F)(F)F,3,0.35185185185185186,1.987928067109159,0.9990782287935002
73014952,CCN(CC)C(=O)CSCc1cncc(c1)F,3,0.288135593220339,1.9382306364310684,0.9988122005542812
29601204,CCCNC(=O)c1ccnc(c1)N(C)C,3,0.4074074074074074,1.4101343907586095,0.9986964320900916
48747142,COc1c(cnc(c1C)CN(C)S(=O)(=O)N)C,3,0.2413793103448276,1.824431144220202,0.9964200392989071
41482724,Cc1ncccc1NC(=O)OC(C)(C)C,3,0.36,1.5206367087506336,0.9990302216727416
48328503,CC#CCCNC(=O)c1cccnc1C,3,0.43137254901960786,0.8119501216209265,0.9993834648015296
49328626,CC(C)CC(=O)Nc1cccnc1N(C)C,3,0.36538461538461536,1.2991485673314833,0.9980358624809963
29574117,CCC(=O)NCc1ccnc(c1)N(C)C,3,0.5833333333333334,2.1636099463627447,0.9976399274771264
49916996,Cc1cc(ncc1Br)N(CCO)CCCO,3,0.23214285714285715,1.9921726832784041,0.997290801041794
45652159,Cc1csc(n1)N(C1CC1)C(=O)c1cc2c(nn(c2s1)C)C,3,0.43661971830985913,2.6710280792235235,0.9990643126460722
36008838,CCCCCCNc1ncnc2[nH]ccc12,3,0.2982456140350877,5.334503257098905,0.9976712678786447
31341176,Cc1cc(c(s1)C)C(=O)NCCc1ccccn1,3,0.43636363636363634,4.604209921365373,0.9890009565323857
177453659,C1CN(CCC2(C1)CCNCC2)c1cnc2ccccc2n1,3,0.5094339622641509,2.094890450596314,0.9976998569441188
222793668,CN(CCN1CCCCC1)c1cncc(n1)C(=O)N,3,0.35714285714285715,1.6714987286865932,0.9989493535842449
49972886,CCc1nc(cs1)CNc1ccc(nc1)C#N,3,0.42592592592592593,1.6460470831668377,0.9990659498392497
32135801,CC(C)C(=O)Nc1ccc2cnn(c2c1)C(C)C,3,0.375,0.6604453043214427,0.9996691992900333
31232131,Cn1nc(c2ccc(cc12)Br)N,3,0.2682926829268293,1.7618910295474044,0.9979835529992144
33368543,OC(=O)c1cnc(s1)/C=C/c1csc(n1)-c1ccsc1,3,0.5254237288135594,2.8563791765099915,0.9966431279087682
49968826,Cc1cccc(c1Cl)NC(=O)N1CCC(CC1)N1CC=CC1,3,0.3770491803278688,1.8679775159246046,0.9989887229278814
53784330,COc1cccc(c1NC(=O)N1CCC(CC1)N1CC=CC1)F,3,0.3442622950819672,1.7405237717424373,0.9993871829496644
260568164,CN(C)c1nc(nc(n1)Sc1ccccc1)N,3,0.32,2.1005642099205937,0.9983980996990659
316949638,O=C(Nc1ccc(cc1)CN1CCCCC1)c1ccnc2[nH]cnc12,3,0.4426229508196721,4.115023936746858,0.9945741917960669
50897890,Cc1c(ccc2n(c(cc12)C#N)Cc1cn[nH]c1)CN1CCC(CC1)Nc1ncnc2sc(cc12)CC(F)(F)F,3,0.6666666666666666,7.170448382075483,0.9974982736125028
48760182,Cc1ncc(s1)CCN1C(=O)NC2(CCCC2)C1=O,3,0.4444444444444444,1.5595066527589811,0.999450568112825
342116,COc1cccc(c1)CN1Cc2ccccc2OC2(CCOCC2)C1,3,0.3333333333333333,1.9114769158947145,0.9993130947659858
1556512,Nc1ccc2n(cnc2c1)CCc1ccccc1,3,0.375,2.69311678172347,0.9968293961429707
43212065,CCc1cc(on1)CN(C)c1nccc(n1)-c1ccc(nc1C)C,3,0.27631578947368424,1.5638247983707239,0.9986909552294171
104388935,CSc1ccc(cc1)NC(=O)CN1N=C(C=CC1=O)C1CC1,3,0.32894736842105265,1.4846272259393192,0.9984787127039183
104389046,Cc1cc(ccc1Cl)NC(=O)CN1N=C(C=CC1=O)C1CC1,3,0.39344262295081966,4.485446689015539,0.9774715923937751
31968180,CN1CCN(CC1)c1ccc(nc1)NC(=O)c1ccccc1Cl,3,0.40625,1.3935996555682044,0.9989918191962875
48224722,C1CN(CCO1)Cc1nc(c2c(csc2n1)-c1cccs1)N1CCc2[nH]ncc2C1,3,0.3924050632911392,3.038074554714366,0.998895674775203
48305854,Cc1nc(cs1)CCN1C(=O)NC(C)(C)C1=O,3,0.34545454545454546,0.8639456001387353,0.9996727783311742
31206173,CC1=C(C(CC(=O)N1)c1ccc(cc1)C(F)(F)F)C(=O)Nc1cc2cn[nH]c2cc1F,3,0.3116883116883117,3.1268453751344034,0.9980860451278827
324135965,CC(C)(O)CCn1cc2cc(c(cc2n1)OCC1COC1)NC(=O)c1cccc(n1)C(F)F,3,0.7777777777777778,2.704640086961596,0.9985098380645855
171745752,CCCc1nc(ncc1C(=O)O)N1CCc2ccccc2C1,3,0.4375,1.953355062450252,0.9961226062315505
43657264,O=C(NCCc1csc(n1)N1CCCC1)N1CCSCC1,3,0.5272727272727272,1.553574909684182,0.9991964337855611
222760164,CN(C)C(=O)c1cncc(n1)N(C)CCN(C)C1CCCC1,3,0.37037037037037035,1.9138490013581726,0.9987349392274156
32083468,CCN(C1CCCC1)C(=O)c1cc(ccc1F)NC(=O)C,3,0.4,0.985520167221523,0.9989494399881272
177502491,CCn1nc(c2ccccc12)CNC(=O)C1CCOCC1,3,0.5254237288135594,1.466788328286893,0.9995736435645762
32130309,Fc1ccc(cc1F)-c1cnc([nH]1)C1CCN(CC1)C(=O)C1CCC1,3,0.3548387096774194,2.6190549822408262,0.9983077752881198
2890746,O=C(Cc1ccc2ccccc2c1)NCCc1nc2ccccc2[nH]1,3,0.41379310344827586,2.6729287308120147,0.9970600417879527
200967,CN(C)c1ncc(c(n1)C1CCCCN1C(=O)c1scnc1C)-c1cccc(c1)Cl,3,0.524390243902439,2.433606993744092,0.9990502108561257
202517,Cc1ncsc1C(=O)N1CCCCC1c1nc(ncc1-c1cccc(c1)C(F)(F)F)N,3,0.7285714285714285,2.9595457421705995,0.9985687834038349
177400551,O=C1N(Cc2ccc3c(c2)CCCC3)C=Nc2ncccc21,3,0.48333333333333334,1.1553324196957546,0.9986817512387606
46745630,Cn1nc(c2ccccc12)CNC(=O)C1CCC1,3,0.42857142857142855,1.0076452748868125,0.9991854655768111
41560058,CCC1(O)CN(C1)c1ncccc1C#N,3,0.52,0.9579436309093827,0.9984791892717003
49915301,CCNC(=O)C1CN(C1)c1cccc(n1)C#N,3,0.39344262295081966,1.6964339067584726,0.9988790935922559
872402,COc1ccc2c(c1OC)CN1CCc3cc(c(cc3[C@@H]1C2)OC)OC |r|,3,0.3333333333333333,2.495165525571247,0.9992466889071813
50282148,CS(=O)(=O)c1ccc(nc1)-c1nnc(n1-c1ccccc1Cl)/C=C/c1nnc(o1)-c1ccc(cc1)C#N,3,0.2727272727272727,2.643270512074449,0.9978830720097647
32033578,CC(N1CCCN(CC1)c1ccccc1C#N)C(=O)N1CCc2sccc2C1,3,0.4794520547945205,1.9087509004582601,0.9984268268290409
32074520,Cc1ccccc1NC(=O)Cn1nnc(n1)C1CC1,3,0.38596491228070173,1.6748468586708658,0.9986738195619869
177435263,CCN(Cc1nc(no1)C)C(=O)C1=CC(=C(C)N(C)C1=O)C,3,0.4,1.29230027470402,0.9987359148603714
177482615,CN1C=CC=C(C(=O)NCc2nc(no2)C(C)(C)C)C1=O,3,0.31343283582089554,1.571956742407408,0.9989700721018824
177472658,CN(CC1(CO)CCC1)C(=O)CCN1CCCCC1=O,3,0.9523809523809523,1.6084899751010324,0.9988233173829679
32113613,CN(C(=O)COc1c(cccc1C)C)C1(CCC1)C#N,3,0.48148148148148145,2.8506029186822257,0.9992643001041144
48309286,Cc1nccn1CCCN1C(=O)SC(C)(C)C1=O,3,0.40816326530612246,1.332567821914809,0.9986384825795315
3030747,CCC(C)(C)c1ccc(cc1)Oc1ccc(cc1)NC(=O)CSc1cccc[n+]1[O-],3,0.3142857142857143,2.614302775119663,0.9963410129879067
43397821,Cc1cc(cc(c1)C(=O)Nc1nn(cc1C#N)C(C)(C)C)C,3,0.30158730158730157,1.404111462812397,0.9985382778965625
49985873,COc1ncccc1CNc1ncnc2n(ncc12)C,3,0.4,2.3583593873707387,0.9987285437275076
316875519,Cn1c(nnc1-c1n[nH]c2c1CCCC2)N1CCC2(CNC(=O)C2)C1,3,0.25,2.588815173008968,0.9988155191444333
31878740,Oc1cc2c(cc1CN1CCCC(C1)C(=O)N1CCOCC1)OCO2,3,0.3787878787878788,1.9354449100920865,0.9990997880261441
Z60745180,O=C(Nc1ccccn1)c1ccc2c(c1)C(=O)N(C1CCCCC1)C2=O,3,0.34523809523809523,2.5499268616956927,0.9989572297441184
2877070,COc1ccc(cc1NC(=O)CN1CCc2ccccc2C1)C,3,0.4142857142857143,1.6065291780730309,0.997359888096034
901477,Cc1ccc(cc1)-n1nc(cc1NC(=O)Nc1ccc(c2ccccc12)OCCN1CCOCC1)C(C)(C)C,3,0.38,4.710130146821996,0.9972587912997445
36356120,CC(C)c1nc2c(n1C)CCN(C2)c1ncnc2ccccc12,3,0.6851851851851852,0.9937479559727305,0.9993593548122153
32449297,COc1ccc(cc1)[C@H]1CN([C@@H]2CCCN(Cc3cccc(c3)F)[C@@H]21)C(=O)C |r|,3,0.30985915492957744,1.2165077065111791,0.9992861134178688
495451,C1CN=C(Cc2ccccc2)N1,3,0.29545454545454547,4.5357357727275085,0.9947756527485008
48397445,CC1(C)[C@H]2C[C@H]3Oc4c(ccc(c4C(=O)NCCNc4ccccn4)O)[C@H](O)[C@@]3(O)[C@@H]1C2 |r|,3,0.6944444444444444,5.177490415249329,0.9967742973925663
222769009,CC(C)Cc1cc(n[nH]1)CN1CCN(CC1)S(=O)(=O)N1CCOCC1,3,0.43636363636363634,2.0418141443332694,0.9979969551948403
104352855,O=C(CSC1CCCC1)NCCN1N=C2CCCCC2=CC1=O,3,0.5714285714285714,1.8215685548449836,0.9985387940252398
48243153,N#CCn1ncnc1-c1cccc(c1)C#N,3,0.32075471698113206,3.419038461322114,0.9965628080548449
49176426,CCCn1ncnc1-c1ccccc1SC,3,0.26,1.5030791728978854,0.9983777907063748
48286431,Cc1nc(n(n1)CC(C)(C)O)-c1ccc(c(c1)Cl)Cl,3,0.32142857142857145,1.7390934419979718,0.9981177638068608
43805996,CCc1nnc(s1)NC(=O)Cc1cccc(c1)F,3,0.48148148148148145,1.2874901941372314,0.9994029371610221
16252179,CCOC(=O)c1c([nH]c(c1C)CN(Cc1ccccc1)C(=O)c1ccccc1Cl)C,3,0.36507936507936506,2.4530187524760545,0.9988308183683079
48339892,Cc1ccc(cn1)CC(=O)Nc1nc(no1)C,3,0.4444444444444444,1.5113417879489537,0.9991754220890668
36419852,Cc1cccc(c1)-n1cnnc1CCCN1CCOCC1,3,0.3382352941176471,1.3721351974205855,0.9986606659068428
421362,Cc1ccccc1C(=O)N1CCC(O)(CC1)Cn1ccnc1C,3,0.3770491803278688,1.9800308078408448,0.9972186830047175
35682807,CN(Cc1ccsc1)C(=O)c1cc(on1)C,3,0.6444444444444445,2.007960158967402,0.9985077231129085
306110,Fc1ccc(cc1)CN1CCN2C(=Nc3ccccc3C2=O)CC1,3,0.6792452830188679,1.9462373955919625,0.998856202506825
227979253,COCCNc1cc(ncc1C#N)NC(=O)N1CCCc2cc(c(nc21)C=O)CN1CCN(C)CC1=O,3,0.25742574257425743,5.45287557165961,0.9980374922922339
30569846,Cc1ccc(cc1)CN1C=CN(C(=O)C1=O)c1ccc(c(c1)F)F,3,0.39215686274509803,1.6265125268498961,0.9992905873288601
16154631,Fc1ccc(cc1F)N1C=CN(Cc2ccccc2Cl)C(=O)C1=O,3,0.42,1.1695469208200984,0.9981723086941886
45697439,Cn1ccc(n1)CSc1n[nH]c(n1)-c1cc(cc(c1)F)F,3,0.28846153846153844,1.7532743652939984,0.9997127405763464
177383138,Cc1nnc2ncc(cn12)-c1cccc(c1)-c1ccnn1C,3,0.5686274509803921,1.6343368685799728,0.9993271410710528
45903948,COc1ccc(nc1OC)CNC(=O)c1cc(ncc1-c1nccs1)-c1cncc(c1)C,3,0.3466666666666667,2.487389796553871,0.9994666052944768
43195213,CCc1ccc(o1)-c1nccn1Cc1c(nn(c1C)CC)C,3,0.3387096774193548,1.9659020830135623,0.999443334376536
36427432,CCc1nc2cc(ccc2o1)-c1c(cccc1OC)OC,3,0.32727272727272727,1.4920599853893501,0.9990615827111419
424596,CC(C)NC(=O)C1(CCOCC1)Cc1ccccc1-c1ccncc1,3,0.4927536231884058,1.9968049479106673,0.9988216929830285
147155,Cc1cc(ccc1F)CCCC(=O)NC[C@H]1CC[C@@H](CC1)c1ccc(c(n1)C)C(=O)N |r|,3,0.527027027027027,2.5285659967656864,0.9972684197503056
43280049,Cc1ccc(cc1F)NC(=O)CN1[C@H](Cc2ccccc2)C[C@]2(C)NC(=O)CCC[C@H]12 |r|,3,0.3146067415730337,2.0704434307653092,0.998950843868247
43278877,Cc1c(cccc1NC(=O)CN1[C@H](Cc2ccccc2)C[C@]2(C)NC(=O)CCC[C@H]12)F |r|,3,0.3157894736842105,2.828321233523445,0.9991323289890625
46632506,Cc1cccc2cc(n(c12)C)C(=O)NCCCn1nnc2ccccc12,3,0.3088235294117647,2.1554781372116647,0.9995419833055165
23998591,Cc1ccsc1C(=O)Nc1nc2ccccc2s1,3,0.42,1.3828474247004299,0.9995429999757477
181775,CNCc1cc(nc(n1)C1CCCN1C(=O)c1oc2ccc(cc2c1C)Cl)N(C)C,3,0.5897435897435898,2.9292879680906787,0.9990892950414407
49953992,CN1CCc2ccc(cc21)C(=O)NCCC(=O)Nc1cccnc1,3,0.3939393939393939,2.573071316539244,0.9991959169145197
313520210,C[C@@H](N1CC(C1)Oc1ccccc1)C1=NC(=O)c2cnn(c2N1)C1CCOCC1 |r|,3,0.3902439024390244,2.9775323675822865,0.9992693036638768
320368312,Clc1ccc(cc1)-c1ccncc1NC(=O)c1ccnc(c1)NC(=O)C1CC1,3,0.5789473684210527,2.2439309258529008,0.9989109602984441
42946564,COc1cc(ccn1)CNc1nc2ccccc2nc1C,3,0.3709677419354839,1.4888149649979563,0.9991195020977439
13329354,CCN1CCN(CC1)S(=O)(=O)Cc1ccc(c(c1)Cl)Cl,3,0.34615384615384615,1.7632331099431613,0.9963741940296609
13329162,CN1CCN(CC1)S(=O)(=O)Cc1ccc(c(c1)Cl)Cl,3,0.36,1.3096144470796864,0.9966828577988227
168890455,NC(=O)c1c2n(nc1-c1ccc(cc1)Oc1ccccc1)[C@@H](CCN2)C1CCN(CC1)C(=O)C=C |r|,3,0.4268292682926829,3.6107792787707065,0.9991907299239634
49972816,CN(CC(=O)Nc1cccc(n1)C)c1ncccc1F,3,0.4098360655737705,2.5005877309146047,0.9974896411901047
45753290,Cc1nnc(o1)-c1ccccc1NCc1ccsc1,3,0.36363636363636365,1.6701380182491614,0.9993236713470877
49064514,CC1CCC(O)(CC1)CSc1nnnn1C1CC1,3,0.5306122448979592,1.920453071543417,0.9988672564284061
1933753,CN1CCC(=C2c3ccccc3CCc3sccc32)CC1,3,0.2571428571428571,2.6064011586859395,0.998107268145452
48257421,CCc1nnc(c(c1CC)C#N)Oc1cccnc1,3,0.46,1.5551906635523527,0.998358671544897
3679149,Cc1cccc(c1)NC(=O)CSc1nncs1,3,0.44642857142857145,1.6094747590439105,0.9991901549130667
35720088,CC(=O)N1CCN(CCNC(=O)N2CCc3sccc3C2)CC1,3,0.5964912280701754,1.702263493116987,0.9984753831415432
33324451,O=C(NCC1CCC1)c1ccc(nn1)-n1ccnc1,3,0.6037735849056604,1.7344353548054592,0.9983305946298815
49083449,CCN1CCN(c2ccccc21)S(=O)(=O)c1c[nH]c(n1)C(C)C,3,0.5714285714285714,2.5100804767975613,0.9984957198739955
31397498,O=C(Nc1ccccc1-n1ccnc1)c1cccs1,3,0.6122448979591837,1.5594499030104814,0.9993141718520177
32176408,CC(=O)C1=C(C)c2cnc(nc2N(C2CCCC2)C1=O)Nc1ccc(cn1)N1CCNCC1,3,0.3402061855670103,2.7156630866142204,0.9991828996153854
416572,COc1ccc(cc1)-c1nc(ncc1-c1ncc[nH]1)NC(C)C,3,0.32786885245901637,1.6439318720673715,0.9992961082317803
16785188,Cn1ncc2c(ncnc12)Oc1cccc(c1)Oc1ccccn1,3,0.66,2.129490314606295,0.9984134907084283
27369500,Cc1ccc(cc1)C(=O)C(=O)Nc1c(nn(c1C)C)C,3,0.4090909090909091,1.218975799596087,0.9994089829646573
49942184,C(Nc1nnc(o1)-c1ccncc1)c1cncs1,3,0.5098039215686274,2.0311287502274125,0.9985454729569209
49942182,Cc1ncsc1CNc1nnc(o1)-c1ccncc1,3,0.5185185185185185,2.436193957795541,0.9990269945898822
LN00130941,COC([C@H](Oc1nc(cc(n1)C)C)C(=O)O)(c1ccccc1)c1ccccc1 |r|,3,0.26785714285714285,2.976163301971172,0.9951637893123638
31507581,C[C@H](Nc1ncc(c(n1)Nc1cc([nH]n1)C)Cl)c1ncc(cn1)F |r|,3,0.23863636363636365,4.368424658844782,0.9982525134436127
84836387,Clc1cc2c(nnc(c2cc1Cl)-c1ccncc1)NC1CCCC1,3,0.30434782608695654,1.4418436114918785,0.9985158980246452
32176610,Fc1ccc(c(c1)F)SC1=NN2C=NC(=O)C(=C2C=C1)c1c(cccc1Cl)Cl,3,0.22988505747126436,1.6636832631243847,0.9976667832077256
1545904,CS(=O)(=O)N1CCc2cc(ccc21)C(=O)NCCOc1ccc2ccccc2c1,3,0.3698630136986301,1.6630974114584443,0.9992139476915994
31274390,Cc1ccccc1N1C=CNC(=O)C1=O,3,0.30434782608695654,2.040811603259879,0.9982305839159407
32785534,Cc1ccc(cc1)N1C=CNC(=O)C1=O,3,0.2545454545454545,1.9999604996098945,0.9969364174835885
Z1611059418,CC(C)c1nnc(o1)NCc1ccn(c1)C,3,0.3728813559322034,2.434300104753265,0.9986931593897564
5852446,CCC(=O)NCC[C@@H]1CCc2ccc3c(c21)CCO3 |r|,3,0.2903225806451613,1.4407029534217013,0.99909580823592
53752266,FC(F)(F)COc1cccc(c1)CN1N=Cc2ccccc2C1=O,3,0.43103448275862066,1.211652177813391,0.9991857188686757
49168678,COCCc1nc(n(n1)Cc1ccc(cc1)F)-c1cnc(nc1)C1CC1,3,0.375,1.2729532591574804,0.9987553277247696
43033977,C(NC1(COC1)Cc1cc(on1)COc1ccccc1)c1cnc2ccccc2c1,3,0.296875,1.7231619192637384,0.9986189226000203
43371947,CS(=O)(=O)N1CCc2c(cccc2NC(=O)c2ccc(cc2)F)C1,3,0.5,1.3651670227481394,0.9975547735369947
35986174,Cc1ccccc1OCCCNc1cc(nc(n1)N)Cn1c(nc2ccccc12)C,3,0.5,3.123261596472239,0.9959118900446297
35986106,Cc1cccc(c1)OCCCNc1cc(nc(n1)N)Cn1c(nc2ccccc12)C,3,0.3382352941176471,3.599179350907072,0.9946111265495793
139117,CN(C)C(=O)C1(CCN(CC1)C(=O)C1CCCO1)Cc1ccccc1-c1ccccc1,3,0.5909090909090909,1.7023395665963819,0.9993391377381812
36701026,Clc1cccc(c1)-c1nnc(o1)Cn1cnc2ccccc12,3,0.31746031746031744,1.6858276898898252,0.9983027874050253
173261,O=C(N1CCC(CC1)c1cnccn1)c1ccncc1,3,0.45652173913043476,1.8406898163457943,0.9989319385933562
50612278,CCOc1cc(ncn1)N(C)CC1CCN(C)CC1,3,0.375,0.9165686008149625,0.9993861977482998
313516125,Oc1nc(nc(c1C#N)C1CC1)SCc1cccc(c1F)F,3,0.25757575757575757,0.8526253573517828,0.9993088012097243
31895184,CC(C)C(=O)N1CCC(CC1)Nc1ncnc2ccsc12,3,0.6274509803921569,1.8763589741840443,0.9989280917536393
177485348,OCC1(CCCC1)CNC(=O)CN1CCCC1=O,3,0.4528301886792453,1.9232508936695087,0.9981581983559421
23966628,Cc1ccc2nc3c(c(c2c1)C(=O)NCc1nnc2n1CCC2)CCCC3,3,0.4788732394366197,1.910039528386682,0.9988711176809413
LN01309001,CCCc1cc(nc(c1CNC(=O)c1cc(cc2n(ncc12)C(C)C)-c1ccc(nc1)N1CCN(CC1)C(C)C)O)C,3,0.32407407407407407,5.540737496037741,0.9961111790025533
205724941,OC1(CCCC1)CN1CC(C1)CN1N=C(C=CC1=O)C1CC1,3,0.6730769230769231,2.031472618570008,0.9991968337479471
48759010,Cc1ncccc1CNc1nnc(s1)C(C)(C)C,3,0.43137254901960786,1.044865063058442,0.9989927900165095
48746727,CN(C)C(=O)C(C)(C)NC(=O)OC(C)(C)C,3,0.2608695652173913,1.5355409470281915,0.9987100033407035
36261251,O=C(CCc1cc2ccccc2o1)N1CCN(CC1)c1cnccn1,3,0.3283582089552239,2.767835797152414,0.9993070367243477
82737949,COc1ncc(cn1)C(=O)NCc1cnn2cccnc12,3,0.5423728813559322,1.89022115108284,0.9993517257306427
27398627,Fc1ccc(cc1)C(=O)N1CCN(CC1)CC(=O)N1CCCC1=O,3,0.4117647058823529,1.9900407031014637,0.9994145764381428
316977624,CCc1c[nH]c2ncnc(c12)N1CCC(CC1)CN1CCN(C)CC1,3,0.3013698630136986,3.5817793064342176,0.9968779510792753
321036,COc1ccc(c(c1C)C)CN1CCc2nc(nc(c2C1)O)-c1cccnc1,3,0.34285714285714286,1.8848204158487432,0.9976795090462386
36571105,CC(C)c1nccn1Cc1nc(oc1C)-c1ccccc1C,3,0.44642857142857145,1.6582554085540882,0.9984939491545219
44712587,CCCOc1ccccc1C(=O)N1CC(C1)Oc1cccc(c1)OC,3,0.38961038961038963,1.5620681803299203,0.9992070485835162
49096260,CC(C)CCN1CCC(CC1)CNS(=O)(=O)C,3,0.31666666666666665,2.840277803314319,0.9969908136771937
30697446,CC(C)(C)C(=O)N1CCC(CC1)NS(=O)(=O)C,3,0.3673469387755102,1.729149501923069,0.9976854954525138
222755004,COC(C)(C)CCNC(=O)CC1CC(C)(C)NC(C)(C)C1,3,0.49056603773584906,2.453636077334595,0.9983874201064772
222754320,CN(C)S(=O)(=O)CCCN1CCC(CC1)CCC(=O)N,3,0.2898550724637681,2.1929156390523654,0.9974437044451976
301229871,CC(C)(C)CC(=O)N1CCC(CC1)OCCCN,3,0.2909090909090909,1.2020956700696934,0.9990710125000384
17943398,CCN(CC)C(=O)N1CCC(CC1)C(=O)O,3,0.3695652173913043,3.8449325091606243,0.9963854215917315
177400113,CCn1ncc(c1C)CN(C)C(=O)c1ccc(cc1)-c1nc(cc(n1)C)C,3,0.3333333333333333,1.8136976043436857,0.99784778196756
50279769,COc1cc(c2c(c1)N=C(C)NC2=O)Br,3,0.2923076923076923,1.3493276103302183,0.9986814215811806
303172217,CC1=C2N(C(=O)C(=C1)Nc1cc(ncn1)N)C1(CCCCC1)NC2=O,3,0.26865671641791045,2.9997398220509677,0.9985772636180568
308044,CCOc1cc(ccc1OC)CN1CCc2c(nc(nc2C1)N1CCCC1)N,3,0.4057971014492754,2.7378913418906428,0.9978611996351211
34501664,Fc1ccc(c(c1)Cl)C(=O)Nc1nc(cs1)-c1ccccn1,3,0.5454545454545454,1.4419934119131006,0.9996346832615637
258223286,C1CC(CCO1)n1cc(cn1)Nc1ncc2nnn(c2n1)-c1ccc2cn[nH]c2c1,3,0.32926829268292684,5.393893120928347,0.999200019915651
43657166,CC1(C)CCN(C1)C(=O)NCCOc1cccnc1,3,0.3870967741935484,1.6368426925027217,0.9985979808542128
46603974,Cc1nc(c2c(noc2n1)C)NC1(CC1)c1cccc(c1)Cl,3,0.30158730158730157,2.0986352708369838,0.998813497801489
43798139,CC(=O)Nc1ccccc1OCCOc1ccc(cc1)Cl,3,0.3620689655172414,1.8413685128186654,0.9970166911311287
177508549,Clc1cnn(c1)CCCNC(=O)CCc1cn[nH]c1,3,0.5555555555555556,2.819441611383442,0.9978250772913194
300062043,C1CC(CCN1)CNCc1ccc(cc1)OCc1ccccc1,3,0.3508771929824561,2.356872928267499,0.9963110828344488
48749865,CN(Cc1nc2c(s1)CCCC2)c1cnccn1,3,0.3235294117647059,1.3101786137771556,0.9993748173739313
177475488,CS(=O)(=O)NCc1cc2n(n1)CCN(C2)C1Cc2ccccc2C1,3,0.43283582089552236,2.1790709029309747,0.9980289977485424
177444469,CC(=O)NCc1cc2n(n1)CCN(C2)C1Cc2ccccc2C1,3,0.47692307692307695,2.0260977271592675,0.9980582759109605
Z1227937331,Cc1nccc(n1)NC(=O)c1ccc(nc1Cl)Cl,3,0.35185185185185186,1.9405836750832228,0.9994748507367102
31406035,CN1CCNc2nc3ccccc3nc21,3,0.375,1.9061747034312204,0.9966087233110862
301191566,COc1cc2nc(sc2cc1OC)/C=C/c1cocn1,3,0.4444444444444444,1.4305373116417388,0.9989896311138157
32409538,CCn1ncnc1-c1[nH]cnc1-c1ccccc1,3,0.27450980392156865,2.0582813218801,0.9985509368301233
177303970,Fc1c(cccc1OC1CC1)CN1CCC(CC1)c1nnc2ccccn12,3,0.546875,1.159667193638539,0.9990964056039935
294504,CC(C)(C)NC(=O)CN1N=C(OC1=O)C(c1ccccc1)c1ccccc1,3,0.3220338983050847,2.1152134644051555,0.9994888689524529
11835068,O=C(Nc1ccc2c(c1)OCCCO2)c1cnn(c1)Cc1ccccc1,3,0.421875,1.5002849729301815,0.9986257600251012
LN01331065,OCCn1cc(c(n1)-c1ccncc1)-c1ccc/2c(c1)CC\C2=N/O,3,0.43243243243243246,2.29228859439602,0.9993257380487474
53819787,COC1=NN(Cc2noc3c2CCCC3)C(=O)C=C1,3,0.46296296296296297,1.2647592656311537,0.999087598643179
11000834,CCOC(=O)c1cc2ccccc2n1CC(=O)c1ccc(cc1)F,3,0.3888888888888889,1.6830359473284633,0.9991225854448927
29963741,CC(C)c1cc2c(coc2cc1C)CC(=O)NC1CCN(C)CC1,3,0.43333333333333335,1.6354430592353617,0.9989838354696742
30190454,NC(=O)C1CCN(CC1)C(=O)CCc1ccc(cc1)Cl,3,0.4489795918367347,2.0762225314256244,0.9975219498224491
53815325,CN(CCSc1ccc2nnnn2n1)Cc1ccccc1,3,0.6,2.467832247134962,0.9984645519170162
334892,COc1ccc(cc1)-c1[nH]c2ncccc2c1CN(C)CCOc1ccccc1OC,3,0.30303030303030304,2.3339359459935065,0.9989628174639148
134995,CCn1c(nc2cc(ccc12)NC(=O)C1=CN(CC(=O)N2CCCCC2)C(=O)C=C1)C,3,0.3235294117647059,2.39966122609024,0.9989130727666552
410858,Cc1ccc(cn1)-c1nc(ncc1-c1cc(no1)C)NCc1ccco1,3,0.5373134328358209,2.743085124454339,0.9990097999410998
32069322,Cc1noc2ncc(cc12)C(=O)Nc1nc(cs1)C1CC1,3,0.38571428571428573,1.4934416627378304,0.9994247451472912
73019704,FC(F)CN1C(=O)CSc2ccc(cc21)NC(=O)C1CC=CC1,3,0.2619047619047619,0.8296595687388522,0.9994201232882555
36686539,CCc1nnc2n1CCN(C2)C(=O)c1ccccc1Oc1cccnc1,3,0.3333333333333333,1.7576777292781647,0.9989424067873329
72972996,CC(C)n1nccc1-c1ncccc1COc1cccc(c1C=O)O,3,0.3181818181818182,2.906032174633011,0.9992946336448424
12013114,CN1C(=O)N(CC(=O)NCc2ccc(cc2)Cl)C(=O)C21CCCCC2,3,0.4098360655737705,1.899035018107388,0.9996731992029637
136967,CCCn1cc(cn1)C(=O)N1CCC(CC1)c1n[nH]cc1C(=O)N1CCOCC1,3,0.6818181818181818,3.4227323880195435,0.9995335059842436
42942540,Cc1oc(c(c1C)C(=O)NCC#Cc1ccccc1)C,3,0.5319148936170213,1.8495283182478972,0.9986248676794298
323986453,FC(F)(F)COCCn1cc(c(n1)-c1ccccn1)NC(=O)c1coc(n1)-c1cn[nH]c1,3,0.29473684210526313,3.732600300058964,0.9982498315260039
82712955,CC(C)Oc1ccc(cc1)C1(CCCC1)C(=O)NC1CCS(=O)(=O)CC1,3,0.27692307692307694,1.7966969694413586,0.9993813724839322
49939748,N#Cc1ccc(o1)CNc1cnc2ccccc2c1,3,0.3448275862068966,1.4943232582013617,0.9994547785435712
48760058,CC(C)c1nnc(o1)NCc1cc(cc(c1)F)F,3,0.36363636363636365,1.3202249808272646,0.9980169383281423
877481,Clc1ccc2c(c1)CCc1cccnc1C2=C1CCNCC1,3,0.55,2.195034396085907,0.9986532622726728
49956350,CS(=O)(=O)Nc1ccccc1-c1ccncc1,3,0.3125,3.104859578145215,0.984018577079433
232861350,COc1ccc(cc1)-c1cc(nc(n1)-c1ncccn1)C(C)(C)C,3,0.3157894736842105,2.839970950555723,0.9977826637189252
232862115,COc1ccccc1-c1cc(nc(n1)-c1ncccn1)C(C)(C)C,3,0.3877551020408163,3.3376547155150424,0.9967130588712072
46088801,COCCc1noc(n1)CN1CC(CCC1=O)(c1ccccc1)c1ccccc1,3,0.3888888888888889,2.3486568502020875,0.9984408508399787
33308690,CC(C)(C)c1nnnn1CC(=O)NC12CC3CC(CC(C3)C2)C1,3,0.5531914893617021,2.0003077263259468,0.9992466562593978
140075,CC(C)(C)C(=O)N1CCC(CC1)(Cc1ccc(cc1)-c1cccs1)C(=O)N1CCCC1,3,0.32051282051282054,4.2527626315138365,0.9972803560946834
189882719,Clc1ccc(cc1)/C=C/C(=O)N1CCC2(CC1)CN(Cc1ccc(c(c1)Cl)Cl)C(=O)O2,3,0.3287671232876712,2.3617288159313903,0.9988207493782195
171790224,COc1cccc(c1)O[C@H]1CCN(CC[C@@H]1O)C(=O)c1cc(on1)-c1ccc(cc1)C |r|,3,0.4225352112676056,2.032546186437026,0.9986736138784201
171790057,O[C@H]1CCN(CC[C@@H]1Oc1ccccc1F)C(=O)c1cc(on1)-c1ccc(cc1)F |r|,3,0.42028985507246375,2.196399781460426,0.9989363579050883
171790267,COc1cccc(c1)O[C@H]1CCN(CC[C@@H]1O)C(=O)c1cc(on1)-c1ccc(cc1)F |r|,3,0.4166666666666667,2.040365408450165,0.9986011330569318
25645386,FC(F)(F)c1cccc(c1)Oc1cccc(c1)C(=O)N1CCNC(=O)C1,3,0.5,2.7978908127372866,0.9959523684351907
37022061,COc1cc(c(cc1OC)NCC(=O)Nc1ccc(cc1)C)F,3,0.3888888888888889,2.2187201265595373,0.9974505702686712
43881116,CN(CC1=CC(=O)N2C=C(C)C=CC2=N1)Cc1cccc(c1Cl)Cl,3,0.4827586206896552,1.5332266629562001,0.9981623666248318
50406372,CN(c1ccc(cc1)NC(=O)Nc1ccc(cc1)OC(F)(F)F)c1ccnc(n1)Nc1cccc(c1)S(=O)(=O)N,3,0.421875,2.855915264849033,0.9980602399124308
306342,O=C1Oc2nc3cc4c(cc3cc2CN1CCN1CCOCC1)OCO4,3,0.8958333333333334,1.4358857893297106,0.9989258436532854
6630813,Cc1ccc(cc1)CNC(=O)CN1CCC(CC1)n1nnc2cc(ccc12)C,3,0.375,2.1692351186533796,0.9982535877473028
24881110,COc1ccc2nc(ccc2c1)CN1CCC(O)(CC1)c1ccc(cc1)C,3,0.4090909090909091,2.2266820608247033,0.998720645616299
324007832,CC[C@@](C)(NC(=O)c1cc(cnc1NC1CC(F)(F)C1)F)C#C |r|,3,0.25609756097560976,2.25209746680696,0.9990174763448518
46651868,CCCc1nnc(o1)NCc1cn2ccc(cc2n1)C,3,0.2857142857142857,4.390851170331293,0.9968202586773202
MCULE-3611790330,CCOc1cc(ccc1C(=O)O)CC(=O)N[C@@H](CC(C)C)c1ccccc1N1CCCCC1 |r|,3,0.33783783783783783,3.886994340104055,0.9971263943374237
49310649,C1Cc2c(ncn2CCc2ccccc2)CN1c1ncccn1,3,0.576271186440678,2.0419439267520265,0.9979769054900428
36343702,Cc1ncc2c(n1)CN(CCCc1nc3ccccc3o1)CC2,3,0.3230769230769231,1.6745856203850378,0.9981809244380553
316762184,COc1cc2c(cc1OC)-c1[nH]nc(c1C2=O)NCc1c(cccc1Cl)Cl,3,0.328125,2.9163506304971856,0.9991615040851375
49968164,CCc1cc(nc(n1)C)N(C)Cc1ccc(nc1)N,3,0.5471698113207547,2.639256524099213,0.995643953249367
49968158,CN(Cc1ccc(nc1)N)c1ccnc(n1)C,3,0.6,1.9053157218687446,0.9984992415165711
49968176,CCc1ncnc(c1F)N(C)Cc1ccc(nc1)N,3,0.5111111111111111,1.3292971827244144,0.9986738562219983
49837463,O=C(Nc1nc2cccc(n2n1)-c1ccc(cc1)CN1CCS(=O)(=O)CC1)C1CC1,3,0.3194444444444444,1.8873926459534462,0.9978976930187722
49352627,CCN(C(C)C)C(=O)N1CCC(CC1)CC(=O)N1CCN(C)CC1,3,0.5,2.034970024348845,0.9991523620400914
36639987,Cc1cc(n2nc(c(c2n1)C(=O)NCC1CC1)C)C,3,0.5714285714285714,1.5704480252462358,0.9991926923493106
36356154,COc1ccnc(n1)N1CC(C1)n1nc(cc1C)C,3,0.46153846153846156,2.0703837808483625,0.9981341837886871
46034633,Cc1nc(c(c(n1)NCc1cc(no1)-c1ccc(cc1)F)C)C,3,0.3508771929824561,1.7529446654130925,0.9992337535960044
198953,Cc1cccnc1Nc1cccc(n1)C1CCCN(C1)CC(=O)Nc1nccs1,3,0.5063291139240507,2.0177554361214867,0.9988806082379965
31246617,CN(Cc1ccccc1)C1(Cc2ccccc2C1)C(=O)N1CCNC(=O)CC1,3,0.3125,2.6770939468016945,0.9981150636068589
36705292,CCN(CC)C(=O)N1CCCN(CC1)C(=O)N(CC)CC,3,0.35714285714285715,2.8788996161728124,0.9976090792652206
25587599,COc1cccc(c1)-c1nc(n[nH]1)-c1cccnc1,3,0.35185185185185186,1.4244153186480375,0.9994791744882667
177465521,CN(CCO)c1ccc(nn1)-c1ccc(cc1-n1cccn1)C,3,0.323943661971831,1.564350024770954,0.9983360645694718
32136137,COc1ccc(c(c1)-c1cc(no1)C(=O)N1CCCN(CC1)C(=O)C)OC,3,0.3548387096774194,1.6325761850517984,0.9995508943981928
49670792,COc1ccc2ccccc2c1CNC(=O)c1cnc(nc1)C1CC1,3,0.41333333333333333,1.4058648583701416,0.9990949654468878
46075643,Cc1nc(c2sccc2n1)NC(C1CC1)c1nccn1C,3,0.3076923076923077,2.9154570825171033,0.9986580563122186
320405235,CN(CCOc1c(ncnc1-c1cc(cc(c1C)NC(=O)c1ccc(cc1F)C1CC1)F)N)C(=O)C=C,3,0.25555555555555554,2.630990687934821,0.998060820018472
49139618,COCc1ccccc1COC(=O)c1ccc(nc1)C,3,0.40384615384615385,1.369757277768462,0.9988918744201615
48934153,CN(CCOc1ccccc1)CC(=O)NCCc1ccccc1,3,0.5272727272727272,1.162633218173156,0.9985478868525236
MCULE-8889700922,Cc1ccc(c(c1)S(=O)(=O)N1CCCN(CC1)CCn1cccn1)C,3,0.5,1.8388490965817768,0.9991682547760005
23998653,O=C(Nc1cccnc1)c1ccccc1Cc1ccccc1,3,0.39622641509433965,1.1020263154752048,0.9989223648998217
157255,Cc1nc(cc(n1)NC1CCCC1)CC1CCN(CC1)S(=O)(=O)c1c(noc1C)C,3,0.29850746268656714,3.094043632529989,0.9978031820229308
324086,CN(C)c1ncc(c(n1)-c1ccco1)-c1ccncc1C,3,0.34285714285714286,1.846558149639937,0.9989201280498726
13448534,Fc1ccc(cc1)CN1CCCN(CC1)c1ccc2nnnn2n1,3,0.3220338983050847,1.0694699621771941,0.9987244738101585
53790787,CC(CN(C)Cc1nnc(n1C)C)Oc1ccc(c(c1)Cl)Cl,3,0.25757575757575757,1.891963794579811,0.9966517149640528
35739191,CC(C)(C)NC(=O)c1cnc(s1)-c1ccc(s1)Cl,3,0.29310344827586204,2.1578811366712873,0.9987341900796645
24053614,CN1C(=O)N(Cc2cccnc2)C(=O)c2ccc(nc21)C(F)(F)F,3,0.4,1.9332102834402098,0.9984767547772574
89940865,FC1(F)CCN(C1)c1cc(cc(n1)Nc1cc(ccn1)C#N)C1CCN(CC1)C1COC1,3,0.3188405797101449,2.831642103091839,0.9969573858559646
49299793,Brc1cc2c(cc1Cn1cncn1)OCCCO2,3,0.36538461538461536,3.747875798369028,0.9768067032785868
13509338,Cc1cc(c(c(c1)C)NC(=O)CN1N=NN(C1=O)c1cccs1)C,3,0.43333333333333335,1.5355640657427845,0.9985965152409699
35762433,Cc1nn(c(c1NC(=O)CN1CCC2(CCCCC2)CC1)C)C,3,0.3157894736842105,3.0909077954543878,0.9962591474382241
177304918,COC1(CCN(CC1)Cc1ncccc1Cl)c1nc(no1)Cc1ccccc1,3,0.6666666666666666,1.931863349204732,0.9987945747558868
49863653,C[C@H](N1C2CCC1CC(C2)C(=O)O)c1ccc2ccc(c(c2c1)C(F)(F)F)O[C@H]1CC[C@H](CC1)C(F)(F)F |r|,3,0.2463768115942029,4.56234161368936,0.9977797676023308
150507,Fc1ccc(cc1)Cc1cccc(n1)C1CCN(CC1)C(=O)CCc1ccccc1,3,0.5076923076923077,1.469489707347497,0.999275108703135
82713457,O=C(CN1N=C(Cc2ccccc2)c2ccccc2C1=O)NCCc1c[nH]cn1,3,0.59375,2.752986378462467,0.9965456121062026
13484504,CCc1nc2ccccc2n1CC(=O)Nc1ncc(s1)C,3,0.4576271186440678,1.7900508372672785,0.9991029223351596
11882682,CN(C)c1nc(nc2scc(c12)-c1cccs1)CN1CCOCC1,3,0.38571428571428573,1.5648153245664138,0.9995211876551903
48248900,Clc1cnc(nc1)N1CCC(CC1)CC(=O)N1CCOCC1,3,0.4489795918367347,1.625829326836249,0.9988691347667578
324134429,CC(C)(O)CCn1cc2cc(c(cc2n1)OCC1COC1)NC(=O)c1ccn(n1)C(F)F,3,0.7714285714285715,3.5794221600698197,0.9983358145450606
29676702,O=C1CCCN1C(=O)COc1cccc(c1)-c1nnco1,3,0.3484848484848485,1.442406669424716,0.9987688273151533
3593846,COc1cc2c(cc1OC)CN(CC2)C(=O)C1CCCN(C1)C(=O)c1ccc(cc1)Cl,4,0.7090909090909091,1.8326524493196972,0.9991523620400914
43251081,O=C(NCC1CC1)c1ccc(nc1)-n1ccnc1,4,0.6037735849056604,3.3429816032998336,0.9981963905385131
48397445,CC1(C)[C@H]2C[C@H]3Oc4c(ccc(c4C(=O)NCCNc4ccccn4)O)[C@H](O)[C@@]3(O)[C@@H]1C2 |r|,4,0.6944444444444444,5.177490415249329,0.9967742973925663
45716971,COc1ccc(cc1)CNC(=O)CCCOc1ccc(cc1)C(=O)C,4,0.43137254901960786,1.7834379720081446,0.9984423454984787
136967,CCCn1cc(cn1)C(=O)N1CCC(CC1)c1n[nH]cc1C(=O)N1CCOCC1,4,0.6818181818181818,3.4227323880195435,0.9995335059842436
89942308,COc1cc(ccc1-c1ncnc(n1)Nc1cccc(c1)C[S@@](=N)(=O)C)F |r|,4,0.3333333333333333,2.0048673272810884,0.9976001696575246
295413823,CC[C@H]1N(c2ccn(n2)C)c2nc(ncc2N(C)C1=O)-n1ccnc1-c1ccc(cc1)F |r|,4,0.2911392405063291,2.2018728391984905,0.9993928941782446
193725,COc1ccc(cc1)NC(=O)CN1CCC(CC1)c1cc(cc(n1)C)-c1cnc(nc1)N,4,0.4878048780487805,2.0880134099187484,0.9971727112328085
314274,CCN(CC)CCCNc1ncc(c(n1)-c1ccco1)-c1cc(no1)C,4,0.5373134328358209,4.433960081011139,0.9985643346803204
177369616,O=C1N(Cc2ccc3c(c2)CCCO3)C=Nc2ccncc21,4,0.30985915492957744,1.2702527307588807,0.9984106507800445
49911442,Cc1ccc(cn1)CCNc1ccc(nc1)C#N,4,0.42592592592592593,0.9531668269512898,0.9997750337010273
30438633,CN1C(=O)COc2ccc(cc21)NC(=O)CCN1C(=O)COc2ccc(cc21)Cl,4,0.5606060606060606,1.5348872922789447,0.9980524908989649
291159,COc1ccc(cc1)CNc1c(nc2cnccn12)-c1ccc(c(c1)OC)OC,4,0.3188405797101449,2.5351335270553834,0.9987661349796055
49383383,C[C@H](NC(=O)CCC(F)(F)F)C(=O)N[C@@H]1C(=O)N(CCO)c2ncccc2-c2ccccc21 |r|,4,0.25609756097560976,2.6647491439153215,0.998901825357315
53815321,CN(CCSc1ccc2nnc(n2n1)C(F)F)Cc1ccccc1,4,0.25757575757575757,2.1354758251968193,0.9972841863518265
89937183,C[C@@H]1CC(=O)Nc2cccc(c2N1)-c1ccc2n(nc(c2c1)-c1cnn(c1)C)C |r|,4,0.3142857142857143,1.557942874433997,0.9992331212657932
177389272,CCCc1ncncc1C(=O)NCc1noc(n1)C1CC1,4,0.5079365079365079,1.7097084546790737,0.9987762043845616
31895184,CC(C)C(=O)N1CCC(CC1)Nc1ncnc2ccsc12,4,0.6274509803921569,1.8763589741840443,0.9988108383559553
36464307,C(Cc1n[nH]c(n1)-c1cccc2cnccc12)c1ccccc1,4,0.4,1.222885930903078,0.9993114527107813
177405420,CN(Cc1c(nn(c1C)C)C)C(=O)NCc1cnc(c(c1)C)C,4,0.5454545454545454,1.609205083262684,0.9995604536408218
300042043,Clc1ccccc1CNCc1ccc2c(c1)OCCO2,4,0.46938775510204084,2.1293891142766825,0.9971736334434552
31213616,Cc1noc(n1)-c1ccc(cc1)NC(=O)Cc1ccccc1,4,0.4444444444444444,1.4785161480348215,0.998421719452566
425314,CCOc1ccc(cc1OC)CN[C@@H]1CCC[C@H]1Cc1cc(no1)C |r|,4,0.27380952380952384,1.4811114070185265,0.9986057590186482
425292,COc1ccc(cc1OC)CN[C@@H]1CCC[C@H]1Cc1cc(no1)C |r|,4,0.30434782608695654,1.794166380244683,0.9987224596040282
25000139,CN(CC(=O)Nc1cccc(c1)F)C(=O)c1cccc(c1)C#N,4,0.38461538461538464,1.4554099078953713,0.9983043628528012
48373672,O/N=C\1/CCCc2c1cnc1ncnn21,4,0.3673469387755102,1.1127870416213097,0.9995997647339625
30063543,O=C(CN1CCc2ccccc21)N1CCC(CC1)c1nc2ccccc2[nH]1,4,0.4925373134328358,1.6945034670957662,0.9985769074935443
43674916,Cc1csc(n1)N1CCN(CC1)Cc1ccc(nc1)OCC(F)(F)F,4,0.36486486486486486,1.7141726867497944,0.9979961482800268
LN00130941,COC([C@H](Oc1nc(cc(n1)C)C)C(=O)O)(c1ccccc1)c1ccccc1 |r|,4,0.26785714285714285,3.7276893647405154,0.9951637893123638
177394614,CN(CC1CCN(CCO)CC1)C(=O)c1cc(nc(c1)C)C,4,0.5,2.131854591664049,0.9979166504583635
36464053,CCc1cnc(nc1-c1ccc(cc1)-c1ccn[nH]1)C,4,0.43478260869565216,1.631734353379948,0.9985600026617252
25018171,CN(Cc1ccc2c(c1)OCO2)Cc1ccccc1C#N,4,0.3770491803278688,1.0195959984228264,0.9984172502381851
48295458,Cn1ccnc1-c1noc(n1)NCc1ccccc1,4,0.41509433962264153,1.4354243275072833,0.9989683491764951
49041586,CC(C)N(Cc1nnc(o1)C(C)C)C1CCOCC1,4,0.3157894736842105,1.4165405041861556,0.9989441233252304
25616683,CNc1nc(ncc1F)-c1cc(cc(c1)OC)OC,4,0.2727272727272727,1.792548465174718,0.9992197405002676
42942540,Cc1oc(c(c1C)C(=O)NCC#Cc1ccccc1)C,4,0.5319148936170213,1.8495283182478972,0.9986248676794298
104336605,Cc1c(nnn1Cc1ccc(c(c1)Cl)Cl)C(=O)Nc1ccc(cc1)CO,4,0.3333333333333333,1.6194613301958012,0.9987976294827444
35739191,CC(C)(C)NC(=O)c1cnc(s1)-c1ccc(s1)Cl,4,0.29310344827586204,2.125334326641245,0.9988927671862624
48752652,COc1cc(ncn1)NC(=O)c1ccc(cc1C)F,4,0.39655172413793105,1.4808798060611807,0.999312804367064
25587599,COc1cccc(c1)-c1nc(n[nH]1)-c1cccnc1,4,0.35185185185185186,1.6363550959372941,0.9992345551588186
235805596,CC(C)(C)C1=NN(CC2CN(C2)CC2(O)CCCC2)C(=O)C=C1,4,0.6730769230769231,1.9803014921977113,0.9986226202472861
53825026,CCC1=CC(=O)NC(=N1)SCCCCC1CCOCC1,4,0.30158730158730157,2.754084602912507,0.9968739118853919
49944058,CCn1nccc1CNc1nnc(o1)-c1ccc(cc1)OC,4,0.41818181818181815,1.6885307222555668,0.9983475295493838
36987134,CC1CCC(CC1)NC(=O)c1oc2ccccc2c1CS(=O)C,4,0.4067796610169492,1.7269559924906484,0.999114739267915
6666291,COc1cccc(c1)N1CCN(CC1)c1nc(cc(c1C#N)C)C,4,0.46153846153846156,1.3685674992488799,0.9986882208945193
2017461,FC(F)(F)Oc1ccc(cc1)NC(=O)Nc1ccccc1,4,0.421875,1.7601789681731006,0.9969364174835885
24039580,CCC(=O)N(C)CC(=O)Nc1cccc(c1)F,4,0.38596491228070173,1.3554578562241304,0.9988373402281151
31254852,CCC(=O)N(C)c1ccccc1C(=O)O,4,0.3,4.042652223479028,0.9964225000535474
314102886,CCOC(=O)CNC(=O)c1ccc(cc1O)O,4,0.38,2.7167443751667473,0.9983724584401236
48765718,COc1ccc(c(c1)C(=O)N)OCC#C,4,0.3508771929824561,1.3225414927327457,0.9967182408767633
44551318,CON(C)C(=O)c1cc(ccc1NS(=O)(=O)C)C,4,0.58,1.7011869385813871,0.9954735133384123
511449,CCCCNC(=O)NS(=O)(=O)c1ccc(cc1)C,4,0.34375,2.2552702720516087,0.9924339247361436
32441825,CN(C)C(=O)COc1ccc(c(c1)F)N,4,0.3220338983050847,1.0109574669588601,0.9985344575632563
73050408,CN(Cc1ccc(cc1C)Br)C(=O)CO,4,0.36,1.8548458156946224,0.9944223116592984
29965110,CNC(=O)CN(C)c1cccc(c1C#N)F,4,0.3684210526315789,1.6490421462170144,0.9968340835165007
13475108,CCNC(=O)c1ccc(cc1)CS(=O)(=O)C,4,0.30612244897959184,1.4278273705177693,0.9974437977619047
300014701,CC(C)CC(NC(=O)C(O)C(N)Cc1ccccc1)C(=O)O,4,0.27692307692307694,1.6675805827605943,0.9987240438434758
525100,COc1cc(c(c(c1OC)OC)N)C(=O)O,4,0.3404255319148936,1.8474219875274167,0.9970164836347193
48750988,CN(C(=O)CSC(C)(C)C)c1ccccc1C#N,4,0.3018867924528302,1.8397372094948954,0.9992243373069606
15211082,CCN(C(=O)C)c1ccc(cc1C(=O)O)C,4,0.28846153846153844,3.877300220514302,0.9963854215917315
14097435,CN(C)C(=O)c1ccc(c(c1)NS(=O)(=O)C)C,4,0.3888888888888889,2.451848078491017,0.9936429505749712
29683998,CN(C)C(=O)CN(C)Cc1cc(ccc1F)C#N,4,0.375,1.5753317111008651,0.9984490233866911
1373175,CN(C)C(=O)CN(c1ccccc1C)S(=O)(=O)C,4,0.2631578947368421,1.5621289959539646,0.995401407614791
49956558,CCS(=O)(=O)N(C)c1ccc(cc1)N(C)C,4,0.2857142857142857,1.0388281859868231,0.9975979419901769
31837136,CCCC(=O)Nc1ccc(cc1)C(=O)N(C)C,4,0.4,1.8079900442203412,0.9993454513428482
2059266,CCN(CC)C(=O)c1ccc(cc1)NC(=O)C,4,0.4,1.6509536637953863,0.9987718591115357
31407175,COc1cc(c(cc1CNC(C)(C)C)OC)OC,4,0.32727272727272727,1.907813408067028,0.9976315475942166
177380774,CN(C)S(=O)(=O)CCNC(=O)N(C)CCOc1cc(cc(c1)C)C,4,0.5517241379310345,1.765547223950651,0.9981489361460145
41287015,CN(CCc1ccccc1)C(=O)CC#N,4,0.391304347826087,2.3888748397519364,0.9991070636559564
537527,NC(=N)N/N=C/c1c(cccc1Cl)Cl,4,0.1896551724137931,7.428627800610272,0.9273944221836284
82716591,COc1cccc(c1OCCCN)C(=O)N(C)CC(F)(F)F,4,0.3181818181818182,1.943260919176726,0.9962958303468509
299994993,C[n+]1cc2c3c(ccc2c2ccc4cc5c(cc4c12)OCO5)OCO3,4,0.24561403508771928,2.1811978360522586,0.9966351521773574
73050302,C1CCN(C1)c1cc(ncn1)NCc1ccccc1N1CCOCC1,4,0.3333333333333333,3.8039605676188706,0.9913440237791811
43488186,Cc1ccc2[nH]c(nc2c1)C1CN(C1)C(=O)Cc1cccc2ccccc12,4,0.4576271186440678,1.76123820081236,0.9979904875781612
36646466,Cc1ccc2nc3c(c(c2c1)C(=O)NCc1cnn(c1)C)CCCC3,4,0.6212121212121212,1.863239651789059,0.9993908802007283
11909115,Fc1ccc(cc1)OCCN1N=Nc2ccccc2C1=O,4,0.44642857142857145,0.8973299281759087,0.9986539353114993
53815325,CN(CCSc1ccc2nnnn2n1)Cc1ccccc1,4,0.3220338983050847,2.275461271918317,0.9984645519170162
44501962,Cc1cc(no1)C(=O)NC1CCN(CC1)C(=O)c1cc(sc1C)C,4,0.3230769230769231,1.7782075244470783,0.9995552432083468
49944040,COc1cc(ccc1F)CCNC1CCC2(CC1)OCCO2,4,0.3382352941176471,1.99277545147464,0.9988081036764905
36635336,CN1CCN(CC1)C1=C2C=CC=CC2=Nc2ccc(cc2N1)Cl,4,0.2878787878787879,1.5978895456196989,0.9973210134805687
MCULE-7051565077,COCCNC(=O)CN1CCN(CC1)c1nccn1-c1cccc(c1)Cl,4,0.40540540540540543,1.6691839323454396,0.9985903708351628
217047,Cc1cn[nH]c1C1(C)CCN(CC1)Cc1cnn(c1)C,4,0.36507936507936506,2.444568673611156,0.9993257380487474
31888771,CCN1CCc2nc(sc2C1)NC(=O)Cc1ccc(cc1)Cl,4,0.4603174603174603,1.7733442982117917,0.9990691021959247
294504,CC(C)(C)NC(=O)CN1N=C(OC1=O)C(c1ccccc1)c1ccccc1,4,0.3220338983050847,2.1152134644051555,0.9994888689524529
44585808,Cc1csc(n1)N(C1CC1)C(=O)c1ccc(c(c1)F)-n1cncn1,4,0.43661971830985913,1.1423296371887663,0.9993475255316954
184569,CNC(=O)c1sc2ncccc2c1[C@H]1CC[C@@H](CC1)CNC(=O)COc1ccccc1 |r|,4,0.7538461538461538,3.15718482195781,0.9987376250827006
49945424,CCc1cnccc1C(=O)Nc1cnccn1,4,0.39215686274509803,1.3955561615362275,0.9993010711253008
139117,CN(C)C(=O)C1(CCN(CC1)C(=O)C1CCCO1)Cc1ccccc1-c1ccccc1,4,0.5909090909090909,4.066500338128515,0.9991926081568017
17107056,Clc1ccc(cc1)COc1ccc2c(c1)C(=O)N1CCCCCC1=N2,4,0.40625,1.49184147951427,0.9992137402291789
6892467,COc1cc(cc(c1OCc1ccc(cc1)Cl)Br)CNc1nnn[nH]1,4,0.3333333333333333,2.6896735861439116,0.9927965949193306
362026,O=C(NC1CCCC1)C1=CCN(C1)C(=O)C1CC1,4,0.9714285714285714,1.5035664268662838,0.9991992581942192
49085431,COCc1ccc(cc1)SCC(=O)NC1CCCC1,4,0.54,2.009275740161133,0.9993813724839322
23728018,Cc1ccc(cn1)C(=O)NCC#Cc1ccccc1,4,0.5869565217391305,0.8737265018298487,0.9990726163461284
32042968,C1CN(Cc2ccccc2N1)c1cnc2ccccc2n1,4,0.46153846153846156,1.6355567859291267,0.9985304711359797
41560058,CCC1(O)CN(C1)c1ncccc1C#N,4,0.52,0.8090315197816035,0.9990221411372976
49915301,CCNC(=O)C1CN(C1)c1cccc(n1)C#N,4,0.39344262295081966,0.9812818147708121,0.9989111896617552
31878068,Cc1ccc(cn1)C(=O)NCCc1csc(n1)C,4,0.4074074074074074,1.5916821290703924,0.999488154853184
30000529,CN(Cc1nc(c2ccccc2n1)N)Cc1ccc(cc1F)F,4,0.44,1.7502062735574415,0.9975013936298501
36264533,O=C(NCCc1cn2c(n1)CCCC2)c1ccccn1,4,0.5245901639344263,2.222259210803077,0.9980468518381466
30231738,Fc1cccc(c1)-c1nnn(n1)Cc1ccc(cc1)C(=O)N1CCCC1,4,0.3793103448275862,1.945311543172621,0.9987057056692394
23808246,Cn1nc(c2[nH]c(nc12)-c1cccc(c1)CN1CCOCC1)C1CC1,4,0.32432432432432434,2.1796231325619373,0.9988568620548978
49130722,CCN1CCCN(CC1)C(=O)Nc1ccc(cc1)COC1CCCC1,4,0.660377358490566,2.377536750504612,0.9983327564910425
31239684,Fc1ccc(cc1)C1=C(NN(C1=O)c1ccc(cc1)Cl)c1ccncc1,4,0.3392857142857143,2.2061591057761554,0.9984515519018524
48749260,CN(C)c1nccc(n1)N(C)Cc1nc(cs1)C,4,0.4166666666666667,2.142918570548111,0.9993218394183379
49953876,COc1nc(nc(c1C)N(C)Cc1nccs1)C,4,0.26865671641791045,1.93293481524848,0.9991965067449593
36294663,CCCN(CC)c1ccc(cc1)C(=O)N1CCCN(CC1)C(=O)C,4,0.35555555555555557,2.2213279811859294,0.9990508257050591
49960790,CC1(C)CCCN1C(=O)c1c(cc(cc1F)C#N)F,4,0.34615384615384615,1.6568596802384739,0.997752975828826
45766450,COc1ccc(cc1NC(C)C)C(=O)N1CCCC1,4,0.3877551020408163,1.2849182853398544,0.9990991425842257
8296397,NCc1cccc(c1)C(=O)N1CCCC1,4,0.48148148148148145,1.581367130049221,0.997046599032476
136829,Fc1ccc(cc1)CNC(=O)C1(CCOCC1)Cc1ccc(cc1)-c1cccnc1,4,0.5454545454545454,2.0713034543492133,0.9983228368486965
36915937,O=C(CCNc1ncccn1)N1CCc2ccccc2C1,4,0.38333333333333336,1.3618781149578487,0.9985907718712905
24093551,Cc1cccc(n1)NC(=O)c1ccccc1-c1ccccc1,4,0.5333333333333333,1.378107760663025,0.998089678592562
48753166,CCc1nccn1Cc1nc(nc(n1)N(C)C)N,4,0.32,1.62712076994938,0.999100906277457
3563624,FC(F)(F)c1nc(c2ccccc2n1)Nc1ccc(cc1)-n1cnnn1,4,0.30158730158730157,1.5938478597406571,0.9992946336448424
3434817,Cc1ccc2c(coc2c1)CC(=O)NCc1cccs1,4,0.46551724137931033,1.6478537556468822,0.999238537574024
301048201,CC(C)(C)c1ccc(cc1)C(=O)Nc1cn2cc(ccc2n1)-n1ccnc1,4,0.38181818181818183,5.471927265598644,0.9933047732996476
53790787,CC(CN(C)Cc1nnc(n1C)C)Oc1ccc(c(c1)Cl)Cl,4,0.25757575757575757,2.2577814331774952,0.9966517149640528
53829712,O=C(CSCCc1ccccn1)Nc1ccccc1,4,0.6666666666666666,1.1068821075433228,0.9990494271375479
75542235,CN1CCN(CC1)c1ccc(cc1)Nc1nc(c2sccc2n1)Oc1cccc(c1)NC(=O)C=C,4,0.7534246575342466,2.9430006795783874,0.998730204989892
48752236,Cc1cccc(n1)NC1CCN(CC1)Cc1ccncc1,4,0.4230769230769231,1.894962004896222,0.998829338645528
36914406,CC1(C)CN(CCO1)C(=O)c1cncc(c1)Br,4,0.3076923076923077,1.7568619752273442,0.9982759020070072
49972816,CN(CC(=O)Nc1cccc(n1)C)c1ncccc1F,4,0.4098360655737705,2.5005877309146047,0.9973074867196101
53804145,CCC1=CC(=O)NC(=N1)SCCN1CCCCC1,4,0.3157894736842105,2.2567711447995107,0.9989921019204481
82737949,COc1ncc(cn1)C(=O)NCc1cnn2cccnc12,4,0.5423728813559322,2.33041240985368,0.9994317975856547
46016546,CC(C)[C@@H]1N(C)c2ccc(cc2C[C@@H](CO)NC1=O)NC(=O)/C=C/C=C/c1ccc(cc1)C(F)(F)F |r|,4,0.25252525252525254,4.537741618911164,0.9967533494361384
43947755,COc1ccccc1CNC1=C(Cl)C(=O)NN=C1,4,0.3559322033898305,1.9475818339675741,0.9969714915032099
44598735,CCOCC(=O)N1CCC2(CC1)CCc1ccccc1O2,4,0.36507936507936506,1.7635648556259027,0.9994682836343896
44598747,CCNC(=O)N1CCC2(CC1)CCc1ccccc1O2,4,0.5,1.4861103592936868,0.9987036545323281
48759758,COC(C)(C)C(=O)Nc1ccnc(n1)C(C)(C)C,4,0.43478260869565216,1.330060900861296,0.9982981815256633
3347103,CN(CC(=O)NC1(CCCC1)C#N)c1ccccc1,4,0.7291666666666666,1.338955189690699,0.9994107995995412
36791100,Nc1nncc(n1)-c1ccccc1OC(F)F,4,0.2711864406779661,2.295104572780938,0.9968001217524094
177388619,CCc1nc(cc(n1)N1CCCC2(CCNCC2)CC1)C,4,0.5094339622641509,2.8281713173003227,0.9981216449515178
49825510,Nc1ccnc2ccc(cc12)Oc1ccccc1,4,0.3103448275862069,1.482844563668142,0.9988266573753658
323264,Cc1nccc(n1)-c1ccc(cc1)-c1noc(n1)CN1CCOCC1,4,0.6458333333333334,1.7853571071359036,0.9987179181905292
13535869,COc1ccc(cc1NC(=O)CN(Cc1ccccc1)C(C)C)NC(=O)C,4,0.36923076923076925,1.9436841307166064,0.9981188083200305
1553046,CN(C)c1ccc(cc1)NS(=O)(=O)c1c(cc(c(c1C)-n1cnnn1)C)C,4,0.6551724137931034,2.023109982180766,0.9971895446039426
42885549,CC1(CCOCC1)c1nnc(o1)-c1cc(n[nH]1)-c1ccccc1,4,0.5,1.147924213526403,0.9989447138217371
50127813,Fc1cccc(c1)CNC(=O)c1[nH]nnc1-c1ccccc1,4,0.42592592592592593,2.2598163642208964,0.9990782287935002
30026467,CC(N1CCCC(C1)c1nc2ccccc2o1)C(=O)Nc1ccc(cc1)C(=O)N,4,0.35526315789473684,2.1578973562243933,0.9983130178791989
43429664,CC(N1CCCC(C1)c1nc2ccccc2o1)C(=O)Nc1ccccc1,4,0.4264705882352941,1.565534732926611,0.9992719773033398
30026465,FC(F)(F)Oc1ccc(cc1)NC(=O)CN1CCCC(C1)c1nc2ccccc2o1,4,0.4146341463414634,1.6206730083517384,0.9989624916918097
30026463,Cc1ccc(cc1C)NC(=O)CN1CCCC(C1)c1nc2ccccc2o1,4,0.44871794871794873,2.148010242061202,0.9984357640060384
24022867,NC(=O)c1ccccc1NC(=O)CN1CCCC(C1)c1nc2ccccc2o1,4,0.39436619718309857,2.7774144451269946,0.9988132543418965
49953664,COc1ccc2nc(nc(c2c1)N1CC(O)(C1)c1ccc(cc1)F)C,4,0.5636363636363636,1.6987724980115835,0.9984356554179858
49322427,O=C1Oc2cccnc2N1Cc1ccccn1,4,0.3877551020408163,2.1344434871883498,0.9977894963311724
36994254,O=C(NC1(CCC1)c1ccccc1)c1cc(on1)C1CC1,4,0.3142857142857143,1.0402932278932706,0.9994602461717733
LN01341916,NC[C@@](O)(c1ccc(cc1)Cl)c1ccc(cc1)-c1cn[nH]c1 |r|,4,0.4583333333333333,2.527985759453968,0.9981501677201298
48746727,CN(C)C(=O)C(C)(C)NC(=O)OC(C)(C)C,4,0.3023255813953488,1.46958429496204,0.9987100033407035
147149,Cc1nc(ccc1C(=O)N)[C@H]1CC[C@@H](CC1)CNC(=O)CN1CCC(CC1)c1ccccc1 |r|,4,0.527027027027027,3.5577297536489527,0.9961060737562716
48806523,Cc1ncsc1CN1CCCN(CC1)c1nc2ccccc2[nH]1,4,0.5737704918032787,2.5947722443404007,0.9983633721112783
25678159,Cn1ncnc1COc1nn2c(nnc2cc1C(C)(C)C)-c1cc(ccc1F)F,4,0.5068493150684932,0.388361944584015,0.9999196107687125
23998049,O=C(Cc1ccc2c(c1)CCC2)Nc1nc2ccccc2o1,4,0.3333333333333333,1.2247081284939243,0.9993476785716707
Z29433525,Clc1cc(cnc1Cl)C(=O)Nc1nc-2c(s1)COc1ccccc12,4,0.28378378378378377,1.8385654734058843,0.9992051973967919
48760016,CCc1ccc(o1)CNc1nncs1,4,0.3404255319148936,1.3900672645595973,0.9996244317467193
177407455,CCCN(CCC1=CCCCC1)C(=O)c1cc(n[nH]1)C(F)F,4,0.24285714285714285,1.736948473616867,0.9976287741480449
1542057,C(Nc1nn2nnnc2c2ccccc12)c1ccccc1,4,0.37254901960784315,1.3441023026547474,0.9990511066120771
183257,CCOc1ccccc1C(=O)N1CCC(CC1)c1nc(c([nH]1)C(=O)N)-c1ccc(cc1)OC,4,0.6338028169014085,2.630990687934821,0.9987268575572907
32180530,CCCCOc1ccc(cc1)C(=O)NCc1cc(on1)C,4,0.3333333333333333,1.6523958363539208,0.9970311820886911
24128634,O=C(NCc1cccnc1)c1cnn(c1)-c1ccccc1,4,0.5087719298245614,0.729004801082099,0.9996965515887726
50615550,CC(C)N1CCN(CCCSc2ccccn2)CC1,4,0.3793103448275862,2.3971693724058905,0.9974769154877706
14858512,Fc1ccc(cc1)CCNc1ncccc1C#N,4,0.5531914893617021,1.4930693219002524,0.9976762795352965
48820442,Clc1ccc(cc1Cl)CC(=O)N1CC(C1)n1ccnn1,4,0.3728813559322034,1.5519455531685664,0.9966164792847001
49168678,COCCc1nc(n(n1)Cc1ccc(cc1)F)-c1cnc(nc1)C1CC1,4,0.375,1.2729532591574804,0.9987553277247696
36356154,COc1ccnc(n1)N1CC(C1)n1nc(cc1C)C,4,0.46153846153846156,1.3246486326569884,0.9983326346846378
3683577,COc1cc2c(cc1OC)CN(CC2)C(=O)C1CCCN(C1)S(=O)(=O)c1cccs1,4,0.6923076923076923,2.6770939468016945,0.998098626436912
13534588,Clc1ccc2c(ncnc2c1)NCCN1CCOCC1,4,0.43661971830985913,1.727803518922065,0.9983890140136504
36284654,Cc1c(cnn1C)C(=O)NC1CCN(CC1)CC1CCCCC1,4,0.453125,2.093307191981175,0.9983935385242396
32037496,N#Cc1ccccc1OCc1csc(n1)-c1ncccn1,4,0.3103448275862069,1.1695486308830625,0.9992895638552413
35695446,Clc1ccc(nc1)NC(=O)C1(CC1)c1cccc(c1)Cl,4,0.34328358208955223,1.4245441376104133,0.9989192451399299
300096535,CC(COc1ccccc1Cc1ccccc1)N1CCCCC1,4,0.3090909090909091,1.4452892444073646,0.9989197860847917
177450733,COCCc1noc(n1)CN(C)C(=O)c1ccc2c(c1)CCC2,4,0.3888888888888889,1.6645557966011693,0.9996001961731547
165247,Cc1nccc(n1)C1CCN(CC1)Cc1ncc[nH]1,4,0.5263157894736842,1.8051736758551622,0.9978968228164699
42768719,CNC(=O)c1cccc(c1)NC(=O)N1CCC(CC1)Oc1ccccc1Cl,4,0.4714285714285714,2.0282073365414126,0.9984258373381506
1734240,CS(=O)(=O)N(CC(=O)Nc1ccccc1C(=O)NCc1ccco1)c1ccc(cc1)F,4,0.35714285714285715,2.906032174633011,0.9986444453270712
181799,CNCc1cc(nc(n1)C1CCCN1C(=O)CCc1c[nH]c2ccccc12)N(C)C,4,0.6056338028169014,2.7156630866142204,0.9984297665729438
36647960,CN(Cc1cscn1)c1nc2c(cc1C#N)CCC2,4,0.39285714285714285,1.5490287279457617,0.9994057085315763
18861554,CC(C)c1noc2ncc(cc12)C(=O)Nc1cc(ccc1C)F,4,0.38571428571428573,1.2787517350909465,0.9995336690133779
6670067,NC(=O)c1ccc(c(c1)NC(=O)c1ncoc1-c1ccc2ccccc2c1)N1CCCCC1,4,0.3466666666666667,2.581961463693785,0.9985021315927348
36671973,CN1CCN(C(=O)CCc2c(nn(c2C)C)C)c2ccccc2C1,4,0.5932203389830508,1.8136976043436857,0.9984718757120541
31325002,Cc1ccccc1CC(=O)N1CCN(CC1)C(=O)c1ccccc1,4,0.4,1.5620681803299203,0.9990240699240399
48788735,Cc1ccnc(c1NS(=O)(=O)c1ccccc1C)Cl,4,0.2698412698412698,1.0109817011203404,0.9990635995582358
Z1611059418,CC(C)c1nnc(o1)NCc1ccn(c1)C,4,0.5681818181818182,2.434300104753265,0.9989439329043115
207489,Fc1cccc(c1)-c1c[nH]nc1C1CCCN(C1)C(=O)CCc1ccc(cc1)Cl,4,0.6376811594202898,1.9179053678423545,0.9989223648998217
232902536,COCC1(CCC1)CNS(=O)(=O)c1ccccc1,4,0.5769230769230769,1.9713071805275542,0.9966904813119095
32674428,COc1cc(cc(c1)C(=O)NCc1noc(n1)-c1ccccc1)OC,4,0.34782608695652173,0.9583261448997111,0.999208224094953
13419387,Cc1sc2nc(nc(c2c1C)N)CN1CCCC1,4,0.45614035087719296,1.9659020830135623,0.9991328770295967
44581824,Fc1ccc(cc1)-c1cnc(o1)CN1C(=O)Oc2cccnc21,4,0.421875,1.8651115248154044,0.9990042621615826
25609569,COc1cccc(c1F)-c1cccc(n1)N,4,0.3137254901960784,1.880697211142683,0.9973596691065816
49681766,CCNC(=O)c1ccc(nc1)-c1cc(cc(c1OC)OC)C,4,0.3230769230769231,1.3725130236179268,0.9983616499749585
32435950,COc1cc(ccc1-c1ncccc1NC(=O)C(C)C)F,4,0.359375,1.4176889644771637,0.9981716997215058
32398880,CCOc1cccc(c1)-c1cccc(n1)N,4,0.4090909090909091,2.3046370647023546,0.9962791835161393
82726817,COc1ccc(c(c1OC)OC)-c1nc(ccc1OC)C,4,0.46511627906976744,1.835886706744024,0.996679332842023
82728603,CN(CCO)C(=O)c1ccc(cc1)-c1cccc(n1)C(F)(F)F,4,0.375,2.079505229615971,0.9973563907648313
27398627,Fc1ccc(cc1)C(=O)N1CCN(CC1)CC(=O)N1CCCC1=O,4,0.4117647058823529,1.7222952708521564,0.9994145764381428
36673851,CCNC(=O)N1CCC(CC1)c1nc(no1)-c1ccccc1,4,0.45098039215686275,0.8296595687388522,0.9994201232882555
258731,COc1cccc(c1)S(=O)(=O)N1CCOC(C1)c1c(sc2ncccc12)C(=O)N,4,0.32989690721649484,2.5726591301608024,0.9986658968328188
46038339,C1C(CN1c1ncccn1)c1nc2ccccc2[nH]1,4,0.35294117647058826,2.2189188808966582,0.9981199847360113
Z1227937331,Cc1nccc(n1)NC(=O)c1ccc(nc1Cl)Cl,4,0.35185185185185186,1.9405836750832228,0.9994748507367102
45750904,Cc1nc(cs1)CNC1CCN(CC1)C(=O)C1CC1,4,0.375,1.8352119768573674,0.9979089003556133
49300421,Cc1noc(n1)NCc1ccc(cc1C)F,4,0.4339622641509434,1.9186612520191577,0.9982738112619044
36419852,Cc1cccc(c1)-n1cnnc1CCCN1CCOCC1,4,0.45161290322580644,1.3721351974205855,0.9986606659068428
44097664,Cc1ccc(c(c1)C)C(=O)C1CCN(CC1)CC(=O)NC(=O)Nc1ccccc1,4,0.5714285714285714,1.8303040730982663,0.9973883114119172
152135,Clc1cccc(c1)-c1cccc(n1)C1CCCN(C1)S(=O)(=O)c1cn[nH]c1,4,0.5147058823529411,1.8991848251289558,0.9972881376575524
38843428,CCNc1nc(nc(c1C)C)-c1cccnc1,4,0.36363636363636365,1.7082092963100284,0.9993472868857114
36436018,CCOc1ncccc1-c1nc(cc(n1)NC)C,4,0.43137254901960786,1.6783980457567818,0.999523717662611
44498516,O=C(Nc1ccc(cn1)N1CCCC1)c1ccc(cc1)-c1cnco1,4,0.5,2.170643683334736,0.9981037131192299
32611176,CCOC(=O)C1CCN(CC1)C(=O)c1cc2occc2c(n1)Nc1ccc(cc1)F,4,0.325,3.132050606231814,0.998740230195335
50132153,CCc1ccc(cc1)S(=O)(=O)NCc1ccnc(n1)N1CCCC1,4,0.3220338983050847,1.5630099167954052,0.998799227536908
300055299,OC(=O)CNc1nc(nc2ccccc12)-c1ccccc1,4,0.352112676056338,2.148108237496243,0.9982884598836759
48278518,CN(CCn1nnnc1C)c1ccccc1,4,0.45454545454545453,1.572227400855298,0.9963832524653832
48817782,Clc1cncc(c1Cl)NC(=O)c1cccc(n1)-n1cccn1,4,0.40625,2.7788240318521975,0.9984063076222373
48243153,N#CCn1ncnc1-c1cccc(c1)C#N,4,0.32727272727272727,3.419038461322114,0.9965628080548449
49176426,CCCn1ncnc1-c1ccccc1SC,4,0.37254901960784315,1.626738762063532,0.9974592862695636
48286431,Cc1nc(n(n1)CC(C)(C)O)-c1ccc(c(c1)Cl)Cl,4,0.36363636363636365,1.7390934419979718,0.9981177638068608
48758078,CCc1nnc(c(c1CC)C#N)N1CC(C1)N(C)C,4,0.5102040816326531,1.7510662466053426,0.9990067469421468
50282148,CS(=O)(=O)c1ccc(nc1)-c1nnc(n1-c1ccccc1Cl)/C=C/c1nnc(o1)-c1ccc(cc1)C#N,4,0.2727272727272727,3.2395758981694645,0.9979106570667662
303172217,CC1=C2N(C(=O)C(=C1)Nc1cc(ncn1)N)C1(CCCCC1)NC2=O,4,0.26865671641791045,2.9997398220509677,0.9985772636180568
145071,COc1ccccc1CNC(=O)c1cnc(nc1C)C1CCN(CC1)C(=O)C(C)(C)C,4,0.41333333333333333,2.0886110217076443,0.9982842640671585
181837,CNCc1cc(nc(n1)C1CCCN1C(=O)C1CCCC1)N(C)C,4,0.7192982456140351,2.2559219844665708,0.99883153458164
49946968,Cc1nc(n(n1)C)NCc1scnc1C,4,0.6190476190476191,1.8202675627501914,0.9993524106911735
49946792,Cc1nc(c(s1)CNc1ncnn1C)C,4,0.4888888888888889,2.6305267533329393,0.998869579615697
49134782,OCCOc1ccccc1OCc1ncc(cc1Cl)Cl,4,0.2909090909090909,1.4692627402881024,0.9988026578125068
49139348,CC(=O)c1cc(cc(c1OCc1ccccn1)F)Br,4,0.4074074074074074,2.0635578499281095,0.9976373378937251
222774342,CCCc1nnc(s1)N1CCC2(CCCC2)C1,4,0.30357142857142855,2.4430902562120647,0.9989417530506941
48631332,C1CN(Cc2nnc(o2)C2CC2)CC(C1)(c1ccccc1)c1ccccc1,4,0.31343283582089554,1.5107124147234365,0.9992513715521057
276236010,CCC(C)(C)N1CCN(CC1)C(=O)NCCc1cc(no1)C,4,0.38235294117647056,2.5721347165342103,0.9989130727666552
24027900,CON(C)C(=O)c1cc2ccc(cc2[nH]1)C(C)(C)C,4,0.5660377358490566,1.4302880828698843,0.9992262624083028
45748055,CON(C)C(=O)c1cccc2c(c([nH]c12)C)C,4,0.2727272727272727,1.5066632005857983,0.9996021927374089
902539,CCCCCNC(=N)N/N=C/c1c[nH]c2ccc(cc12)OC,4,0.2537313432835821,3.275233884778338,0.9954021162886858
35709702,CNC(=O)Cn1ccc2cc(ccc12)OC,4,0.421875,1.611470756793606,0.9993492222626734
45748880,CON(C)C(=O)Cc1c([nH]c2ccccc12)C,4,0.30357142857142855,1.7126797715860336,0.9995040940589774
LN01297365,CCN(C1CCOCC1)c1cc(cc(c1C)C(=O)NCc1c(cc(nc1O)C)C)-c1ccc(cc1)CN1CCOCC1,4,0.32407407407407407,6.07368915898757,0.9976624495028467
27415022,CN(Cc1cccc(c1)C#N)Cc1ccccc1C#N,4,0.5531914893617021,4.543786856796805,0.9967671381976267
1527366,CN(C)CCN(Cc1ccccc1)Cc1ccccc1O,4,0.375,1.8104651336052358,0.9965805824203778
73029963,CN(Cc1ccc(cc1)CO)Cc1cc(c(c(c1)F)F)F,4,0.3018867924528302,1.7632331099431613,0.9962272868668486
49992227,Cn1cc(cn1)C1CCN(CC1)CC(=O)N1CCc2sccc2C1,4,0.515625,2.876804650997125,0.997506034519131
3565214,CN1C(=O)N(CC(=O)Nc2ccccc2-c2ccccc2)C(=O)C1(C)C,4,0.3888888888888889,1.8747167786093106,0.9994197562816347
11480248,Cc1nc(nc2n(cnc12)-c1ccc(cc1)F)Nc1ccc(cc1)F,4,0.375,1.756299518874954,0.9987713363030619
46026615,FC(F)(F)c1nccc(n1)NCCSc1nc2ccccc2o1,4,0.3050847457627119,1.289333936573226,0.9994666052944768
317396814,Cc1ccc(cc1)-c1ccnc(c1C#N)O,4,0.32075471698113206,2.667122606855527,0.9974580879416153
177508549,Clc1cnn(c1)CCCNC(=O)CCc1cn[nH]c1,4,0.5555555555555556,2.6968464917386012,0.9978250772913194
30151761,OC(=O)c1ccc(c(c1)F)N1CCCC1,4,0.3333333333333333,2.942799517466284,0.9956175503016409
48305854,Cc1nc(cs1)CCN1C(=O)NC(C)(C)C1=O,4,0.34545454545454546,0.8639456001387353,0.9996444757525622
35762297,Cc1nnc(c(c1C)C#N)NCC(=O)N1CCc2sccc2C1,4,0.39473684210526316,1.422023206561657,0.9993108428329194
53744945,OC(=O)c1cnn(c1)-c1nc2cc(c(cc2[nH]1)OC(F)(F)F)Cl,4,0.22784810126582278,5.934005561170129,0.9932636403258422
300566847,CCN(CC)C(=O)c1ccc(cc1)C1=CC2(CCNCC2)Oc2cccc(c21)O,4,0.2647058823529412,2.453636077334595,0.9985188150335816
32130663,OC1(CCCCC1)Cn1nnc(n1)-c1cccnc1,4,0.31666666666666665,1.7076311077047173,0.998911145964949
32494828,CCCCC1=C(C)Nc2nc(nn2C1=O)N(Cc1cccs1)C(=O)C,4,0.3,2.487389796553871,0.9994099852956626
11312507,CCCN(CCc1cccs1)[C@H]1CCc2c(cccc2C1)O |r|,4,0.3,1.9905258099309355,0.9986736681779051
31348551,O=C1Nc2ccccc2N1C1CCN(CC1)CCc1ccccn1,4,0.6296296296296297,1.7244413588172387,0.9986706684922144
48217798,CN(Cc1ccc(cc1)C(=O)O)C(=O)c1ccnn1C,4,0.42857142857142855,2.890637127001624,0.9945687780603538
31842542,CC1CCN(CC1)C(=O)c1n[nH]c2ccccc12,4,0.3582089552238806,1.5793311875600968,0.998931024251972
13458787,CC(C)C(=O)Nc1ccc(cc1)-c1nc(sc1C)-c1ccccn1,4,0.42424242424242425,1.697684894201498,0.9987691726315924
29578498,CN(CC(=O)NC1CC1)c1nc(cc(n1)C)C,4,0.4528301886792453,1.5835816998185852,0.9976891880315305
49964694,Cc1cc(ccc1F)CN1CC(O)(CC#N)C1,4,0.29310344827586204,1.843852488676929,0.9979630218584231
29640121,CN(Cc1ccc(cc1)Cl)C(=O)c1ccc(nc1)-n1ccnc1,4,0.5344827586206896,1.762841456285626,0.9971083919820033
24121680,Cc1ccccc1CNC(=O)c1ccc(nc1)-n1ccnc1,4,0.3939393939393939,2.3925166666086484,0.9983199622932215
30197060,CN(Cc1c(cccc1Cl)F)C(=O)c1ccc(nc1)-n1ccnc1,4,0.4393939393939394,1.6516967033933247,0.9984880671011523
18815715,Fc1ccc(cc1)CNC(=O)c1ccc(nc1)-n1ccnc1,4,0.45614035087719296,2.757765399739726,0.9985528446506728
48794033,CC1(C)CN(C(=O)C2(CCC2)C(=O)N2CC(C)(C)C2(C)C)C1(C)C,4,0.24489795918367346,3.694607286302427,0.9992643001041144
177501206,CCCC1(CCC1)CNC(=O)CN1C=CC(=O)C=C1,4,0.6170212765957447,1.8855898281439107,0.997389707638595
50282425,COc1ccc(cc1)C(=O)C1CCN(CC1)CC(=O)N(CC1CC1)CC1=NC2=C(COCC2)C(=O)N1,4,0.2808988764044944,3.2087369789373796,0.9974995142362313
37153210,Cc1csc(c1)-c1nnc(c2ccccc12)Nc1ccc(cc1)Oc1ncccc1-c1ccnc(n1)N,4,0.26436781609195403,3.197307460973672,0.999016051811523
60180599,CC(C)(C)OC(=O)c1ccc(nc1)N1NC=C(C1=O)n1ccnn1,4,0.43283582089552236,2.039874015717961,0.9990234576897672
300764697,Cc1sc(c(c1Cc1ccc(cc1)C(F)(F)F)C(=O)NC1(CC1)c1ccc(cc1)C(=O)O)C,4,0.32857142857142857,4.144407919112276,0.9970015469189522
49344419,Cc1ccc(nc1)OCN1CCCCC1=O,4,0.4126984126984127,1.2224148232086065,0.9994931711625561
32444518,Nc1cnc(nc1)Cc1ccc(cc1)F,4,0.3170731707317073,1.3020384018914752,0.9979487070124953
53839672,CN(C)c1nccc(n1)N1CCN(CCCCCF)CC1,4,0.375,3.118861811622954,0.9918606269162242
31416534,OCc1cnnn1-c1cncc(n1)Cl,4,0.19230769230769232,5.123317284728536,0.9931273106368653
2858011,CC(C)CN1C(=O)NC(=O)c2c1ncn2CC(C)C,4,0.47058823529411764,1.7654656609517931,0.999168774161367
493944,CN1C(=O)N(C)c2ncn(c2C1=O)C,4,0.2982456140350877,2.7431642313215034,0.9978069088468294
157255,Cc1nc(cc(n1)NC1CCCC1)CC1CCN(CC1)S(=O)(=O)c1c(noc1C)C,4,0.6307692307692307,2.8278270809935293,0.9968845575996665
316977624,CCc1c[nH]c2ncnc(c12)N1CCC(CC1)CN1CCN(C)CC1,4,0.3013698630136986,3.5817793064342176,0.9968779510792753
29621147,Oc1ccccc1N1CCN(CC1)C(=O)c1ccc(nc1)-n1cccn1,4,0.45901639344262296,1.9785332951458667,0.9988132516062062
232851609,COc1ccc(cc1)OCc1n[nH]c(n1)-c1ncoc1C(C)C,4,0.5454545454545454,1.9847904171473325,0.9986069068381571
2289263,COc1ccccc1CC(=O)NC1CCN(C)CC1,4,0.4716981132075472,1.3609173376810892,0.9982646304031331
222782402,O=C(C1CC1)N1CCC(CC1)CNS(=O)(=O)N1CCCCCC1,4,0.32786885245901637,1.7609693353380658,0.9985909949325473
316046283,CCN1CCOC(C1)C(=O)N1CCC(CC1)c1cn[nH]c1,4,0.3188405797101449,1.4868527163105327,0.9983741711278241
177461018,Cc1cccc2c1C(=O)N(CCc1ncc[nH]1)C=N2,4,0.3492063492063492,1.2343577277275357,0.998886234438167
177427275,FC(F)(F)c1cccc2c1C(=O)N(CCc1ncc[nH]1)C=N2,4,0.31746031746031744,1.2947690913829222,0.9988699668741517
140075,CC(C)(C)C(=O)N1CCC(CC1)(Cc1ccc(cc1)-c1cccs1)C(=O)N1CCCC1,4,0.32857142857142857,4.2527626315138365,0.9972716907684062
313516892,Cc1nccc(n1)-c1cn(c2cnccc12)Cc1ccccc1,4,0.3333333333333333,1.274220546059355,0.999494536586582
36747881,Cc1cccc(c1)NC1CCN(CC1)C(=O)OC(C)(C)C,4,0.3870967741935484,1.763414301858508,0.9991381809629841
49942032,CC(C)Oc1ccc(cc1NC1CCN(C)CC1)C#N,4,0.42105263157894735,2.058374844385508,0.9985016845400304
177431642,O=C(NCC1(CCCC1)N1CCCCC1)c1cnn[nH]1,4,0.5576923076923077,1.528172110726103,0.998647624100093
231820085,Cc1ccc(c(c1)S(=O)(=O)N1CCCN(CC1)C1CCC1)C,4,0.5,1.5183523965143184,0.9990494266552047
36997483,COc1ccc(cc1OC)CN1CCN(CC1)c1cc(nc(n1)N)C,4,0.4057971014492754,2.553726492794561,0.993779452532955
177507264,COCC1(CCC1)C(=O)N(C)Cc1ccc2ccccc2n1,4,0.3448275862068966,1.5118819398355603,0.9986282556358528
11652485,O=C(Cc1csc(n1)-c1ccccn1)NC1CCCCCC1,4,0.39285714285714285,1.7405237717424373,0.9994113531044758
11963582,Cc1cccc(c1)NC(=O)c1cccc2ncccc12,4,0.5306122448979592,0.8060297761249142,0.9994812605766888
49084049,Cc1cc([nH]n1)C(=O)NCC1CCC2(CC1)OCCO2,4,0.38333333333333336,1.945155777823174,0.9985606782203538
232861763,CCOCC(=O)Nc1cccc(c1)CN1CCCC1,4,0.4166666666666667,1.550098706534412,0.9973861981232269
36303318,CN(CC#N)C(=O)c1cccc(c1)CN1CCCC1,4,0.4393939393939394,1.698020023439074,0.9981640993659818
11826916,Nc1nc2c3ccccc3oc2c2ccccc12,4,0.34,1.8693437351113007,0.9991142109550937
35754411,CCN1CCc2ncnc(c2C1)N1CCNc2ccccc2C1,4,0.3484848484848485,1.4325061954489038,0.9985900089406098
32070902,Cn1ccnc1CN(C1CC1)C(=O)c1[nH]c2ccccc2c1Cl,4,0.3333333333333333,1.5356721655351961,0.99952241958251
36269102,Cc1cc(cc(c1OCc1cccnc1)C)C(=O)N1CCOC(C)(C)C1,4,0.3424657534246575,2.0798382148618133,0.9984627174994578
209889,Cn1nccc1CC1CCN(CC1)C1CCCC1,4,0.3958333333333333,2.49600681088819,0.9974829313723419
313515615,Fc1cc(c(nc1Cl)Cl)C1=CC(=O)n2nc(c(c2N1)-c1ccccc1)C(F)(F)F,4,0.225,2.5337758385461506,0.9998001160921702
1543632,CCOc1ccc(cc1)C(=O)Nc1cc(ccc1N1CCN(CC1)C(=O)C)C(=O)OC,4,0.45614035087719296,1.8223523259787977,0.9990419278061182
181767,CNCc1cc(nc(n1)C1CCCN1C(=O)C1CN(C1)Cc1ccc(cc1)Cl)N(C)C,4,0.5942028985507246,2.427213216839605,0.9977179682579871
2343133,Oc1ccc(cc1)CN1CCN(CC1)c1cccc(c1)Cl,4,0.36,1.5417230620314992,0.9969067087214109
24140848,O=C(NCc1nnc2n1-c1ccccc1CC2)c1ccc2ccccc2c1,4,0.6101694915254238,1.8958673476802264,0.9984031459292405
49973152,Cc1ccc(c(n1)NCc1ccccc1-n1ccnc1)C#N,4,0.5081967213114754,1.5480510327506594,0.9992688374668854
173035,Cc1noc(n1)C1CCN(CC1)CCc1ccccc1,4,0.40625,1.8944949194972405,0.9987285184828181
1512339,COC(=O)c1ccc(cc1)NS(=O)(=O)c1ccc2c(c1)N(C)C(=O)N2C,4,0.3125,1.4305373116417388,0.9993070367243477
49084025,O=C(NCC1CCC2(CC1)OCCO2)c1[nH]nc2c1CCCC2,4,0.3088235294117647,1.9783187306394603,0.9989818903677925
36944794,C1COc2ccc(cc2OC1)CNc1ccccn1,4,0.4444444444444444,1.5531532442097458,0.9967677052927874
177391578,COc1cc(cc(c1)-c1c(ncnc1OC)C)OC,4,0.3148148148148148,1.8214455797524225,0.9947242347362993
177499958,COc1ncnc(c1-c1cccc(c1)OC(C)C)C,4,0.3088235294117647,1.5006601880505226,0.999013998323835
56769871,Oc1nccn2c(nnc12)CNC(=O)C1CCCC1,4,0.45454545454545453,2.559686308906024,0.9988615092809064
141603,CC(C)CC(=O)N1CCC(CC1)(Cc1cccc(c1)-c1cncnc1)C(=O)NC(C)C,4,0.37037037037037035,2.114320458209313,0.9995123971172452
13509338,Cc1cc(c(c(c1)C)NC(=O)CN1N=NN(C1=O)c1cccs1)C,4,0.43333333333333335,1.5355640657427845,0.9985542411022983
31417877,Cn1cc(c(n1)C1CCCCC1)C(=O)O,4,0.43859649122807015,2.562846464382965,0.9964400368170359
45670925,Cc1nn(c(c1C#N)N)Cc1csc(n1)-c1cccs1,4,0.2923076923076923,0.9726093768824409,0.999794979961693
214735,Cc1cc(nc(n1)C1CCNCC1)NC1CCCC1,4,0.3541666666666667,2.094890450596314,0.9976971706074609
46620326,CCc1nc(cs1)CN1C(=O)COc2ccc(cc21)F,4,0.3125,1.7484081331313004,0.9989835076785015
31929526,FC(F)(F)c1ccnc(n1)Nc1ccc(nc1)N1CCNC(=O)C1,4,0.3055555555555556,2.545810479984906,0.9971344281932654
139341,COCC(=O)N1CCC(CC1)(Cc1ccccc1-c1cccc(c1)F)C(=O)NC(C)C,4,0.4810126582278481,1.8330624648386329,0.998803085937335
11882682,CN(C)c1nc(nc2scc(c12)-c1cccs1)CN1CCOCC1,4,0.5633802816901409,1.5648153245664138,0.9995211876551903
31231716,C[C@H](Cc1cc2c(c(c1)C(=O)N)N(CCCO)CC2)NCCOc1ccccc1OCC(F)(F)F |r|,4,0.26744186046511625,3.4387001904789707,0.9952127042889037
31834534,CN1CC(=O)N(CC(=O)Nc2ccc(c(c2)C)C)C1=O,4,0.42424242424242425,2.6859419204443014,0.9952021975492917
48248900,Clc1cnc(nc1)N1CCC(CC1)CC(=O)N1CCOCC1,4,0.4489795918367347,1.740852664644497,0.9988691347667578
194348513,COc1cc(ccc1Nc1ncc2c(n1)N(C)c1ccccc1C(=O)N2)N1CCN(C)CC1,4,0.449438202247191,3.0251109070576767,0.998170933379489
31364239,O=C(CC1CCCC1)NCc1nnc2n1CCC2,4,0.41935483870967744,1.715145474879516,0.9985447173204414
31612429,Cc1cccc(c1)-c1ncc(cn1)CNCc1ccccc1-n1cccn1,4,0.323943661971831,1.752999429549467,0.9982917019015939
49068002,CC(C)(C)CCCNC(=O)N1CCN(CC1)Cc1ccon1,4,0.6071428571428571,1.5775519008896426,0.9985509384365826
49951580,CN(C)CC(=O)Nc1nc(ns1)-c1sccc1C,4,0.3389830508474576,1.6790821897693506,0.9991414302306005
300011391,Oc1nccc2c(cccc12)S(=O)(=O)N1CCCNCC1,4,0.6274509803921569,1.7771589686914684,0.9976066211773055
131231,CC1=NN(CC(=O)N2CCC(C2)c2cc(cc(n2)C)Nc2ccc(cn2)F)C(=O)C=C1,4,0.6891891891891891,2.4468314204288,0.9992811485780763
12602676,Clc1ccc(c(c1)Cl)-c1ccc(o1)CNCC1CCCO1,4,0.25,1.9880817387620549,0.9977148236530295
1311623,COc1ccc(cc1)CNCc1cccc2ccccc12,4,0.3888888888888889,2.076462376254434,0.9989015522380763
36944203,Cc1cc(ccc1NC(=O)c1c(oc(c1C)C)C)Oc1ncccn1,4,0.4107142857142857,1.8857693390229462,0.9989905121686824
4338859,C1Oc2ccc(cc2O1)Cn1nnc2ccccc12,4,0.39622641509433965,1.273777845622779,0.9992258589958997
49951308,O=C(Cc1n[nH]c2ccccc12)N1CCCO1,4,0.3392857142857143,1.0763363786472837,0.9994525657935519
12013114,CN1C(=O)N(CC(=O)NCc2ccc(cc2)Cl)C(=O)C21CCCCC2,4,0.4098360655737705,2.00056442035761,0.9991517849243733
25664405,Fc1ccc(cc1)-c1cnc([nH]1)SCCN1C(=O)CCC1=O,4,0.2711864406779661,2.45626810425876,0.9983975386408073
49976422,Cn1cc(cn1)-c1nnc(o1)NCc1ccc2ccccc2c1,4,0.4032258064516129,1.6914334157749527,0.9983200242989072
49125344,CC1CCC(CC1)N(Cc1nnc(o1)C1CCC1)C1CCC(O)CC1,4,0.20967741935483872,2.8970642036379943,0.9992620044075405
53751988,O=C(N1CCCC1)c1ccc(cc1)NS(=O)(=O)c1cccc2cnccc12,4,0.5,1.4032195124069267,0.9983165138201749
2521907,O=C(CSc1ncn[nH]1)N(C1CCCCC1)C1CCCCC1,4,0.3275862068965517,2.520420798200359,0.9969751989170468
48761324,COCC1CCN(CC1)c1noc(n1)-c1cccs1,4,0.3898305084745763,1.7115627362148604,0.9985285060624401
50285533,Cc1ccc(cc1NC(=O)C=C)N1C(=O)C=Cc2cnc3ccc(cc3c21)-c1ccc(cc1)NS(=O)(=O)C,4,0.2826086956521739,2.5556954043862037,0.9977978693690699
342572,Cc1csc2c1C(=O)N1CCNCCC1=N2,4,0.3620689655172414,2.186125796929684,0.9986820914510096
31937832,CC(C)c1nc(cs1)CC(=O)N1CCCN(CC1)C(=O)C,4,0.31666666666666665,1.525286858265821,0.9995119503649788
189882719,Clc1ccc(cc1)/C=C/C(=O)N1CCC2(CC1)CN(Cc1ccc(c(c1)Cl)Cl)C(=O)O2,4,0.3287671232876712,2.3354260853214477,0.9987470784082828
1313043,CCOC(=O)N1CCN(CC1)C(=O)c1ccc2c(c1)OCO2,4,0.47368421052631576,1.5738109797557354,0.9988261622411729
35705370,Cc1nccc(n1)-c1cccc(c1)NCC(=O)N1CCCCCCC1,4,0.8490566037735849,2.1139940870306835,0.9975321851942925
104707925,CC(C)n1cc(c2c(ccnc12)NS(=O)(=O)c1ccn(n1)C)-c1ccc2c(c1)N(C)CC2,4,0.25842696629213485,4.905312426339788,0.9994096921365193
49968178,CN(Cc1ccc(nc1)N)c1ncccn1,4,0.6,1.9820098385224292,0.9978730600643323
36849731,Cc1ccnc(n1)NCc1cccnc1,4,0.4888888888888889,1.9075101572468334,0.9994253044835802
49682290,Cc1cc(nc(n1)NCc1cnc(c(c1)C)C)C,4,0.32608695652173914,1.3619269437088277,0.9985787479845115
351738,COc1cc2cc(c(nc2cc1OC)C1CCN(CC1)C(=O)C(C)(C)C)N,4,0.3283582089552239,2.0489126384499343,0.9990722206758587
49948742,CCOc1cc(ncn1)N1CCOC2(CCCC2)C1,4,0.3382352941176471,0.7752941377306489,0.9993532540078938
44811798,CCOC(=O)c1ccc(cc1)N1C=C(Cc2cnc(nc2)OCC)C(=O)N=C1SCc1ccc(cc1)F,4,0.3116883116883117,2.2830878213509247,0.9982900228342181
48316168,Cn1cc(cn1)CCNc1cncc(c1)Br,4,0.3492063492063492,1.5563935877538049,0.9990382579265528
73020372,COCCS(=O)(=O)N1CCC2(C1)Cc1ccccc1C2,4,0.4807692307692308,1.526726891097403,0.9989041383199017
36913784,O=C(CCCc1nc2ccccc2[nH]1)N1CCCC1,4,0.4583333333333333,1.469624441821913,0.9986091454096372
165195,Fc1ccc(cc1)-c1cccc(n1)C1CCCN(C1)C(=O)c1ccc2[nH]ccc2c1,4,0.5142857142857142,2.5395737831374996,0.9978473667756186
49205553,O=C/1N(N=C(Nc2ccccc2)\C1=C\1/CCCCCN1)c1ccccc1,4,0.25396825396825395,2.7772257740410797,0.9995612956532061
177506724,Cc1[nH]nc(c1C)CCC(=O)NCCCOC1CCCCC1,4,0.9782608695652174,2.6979418081199884,0.9955076157477423
43881453,CN(CC(=O)Nc1cccc(c1C)C)CC1=Nc2ccccc2C(=O)N1,4,0.352112676056338,2.0085815890820093,0.9989978490648448
43964901,CN(CC(=O)Nc1cccc(c1C)C)CC1=Nc2ccc(cc2C(=O)N1)Cl,4,0.3466666666666667,1.990214310067944,0.9991021183724149
50614392,COc1ccc(cc1F)CCCN1CCN(C(=O)C1)c1cnn(c1)C,4,0.3194444444444444,2.2414397158969015,0.998272920416128
33351514,Cc1ccc(c(c1)OCc1c(ccc2cccnc12)Cl)C(=O)N,4,0.3770491803278688,1.6739689363903423,0.9984957198739955
49033160,O=C(CC/C=C/c1ccccc1)Nc1ccccc1N1CCOC1=O,4,0.47619047619047616,1.6956169968481305,0.9989090279988083
36946295,CNC(=O)c1cnc(s1)/C=C/c1csc(n1)-c1cccs1,4,0.5254237288135594,2.3043886390970463,0.998046097697112
27448206,O=C(Nc1nc2ccccc2[nH]1)c1ccc(cc1)-n1cccc1,4,0.6590909090909091,3.539683742935299,0.9972682295546277
49138606,CN1CCN(C(C)(C)C1)S(=O)(=O)c1ccc(nc1)C(F)(F)F,4,0.2894736842105263,1.416858143922501,0.9979126617889046
35785818,Fc1ccc(cc1)NC(=O)c1cc(nn1-c1ccccc1)C1CC1,4,0.4909090909090909,1.0076452748868125,0.9994807475482309
173261,O=C(N1CCC(CC1)c1cnccn1)c1ccncc1,4,0.45652173913043476,1.2077396242573657,0.9990626199591633
171948518,Cc1ccc(c(c1)OC[C@@]1(O)CN(CC[C@@H]1O)C1CCC1)Cl |r|,4,0.9583333333333334,3.425873319315894,0.9983406128107646
53835106,CSc1cnc(nc1)N1CCCN(CC1)c1ncc(cn1)SC,4,0.32608695652173914,2.267501047408629,0.9980571969066853
42957976,Cc1cc(no1)CNc1ncc(cc1Cl)C(F)(F)F,4,0.36065573770491804,2.2863658937274325,0.9988086250302376
177370206,Cc1cc(n2nc(c(c2n1)C(=O)NCCc1nnc(s1)C)C)C,4,0.5714285714285714,1.7892576673024512,0.9992386045842419
82702219,CCCCN1CCN(CC1)C(=O)c1cccc(c1)-c1ccc(cc1)CO,4,0.3582089552238806,2.984870348943148,0.9970592154560831
177363859,CCCc1ccc(cc1)-c1cccc(c1)C(=O)N1CCN(CC1)CC(=O)N,4,0.3548387096774194,2.8092369070622234,0.9945094354860632
49055842,Cc1nnc2ccc(nn12)N1CCC2(CCCCC2)C1,4,0.375,1.7431095777371972,0.9994468545650005
50897890,Cc1c(ccc2n(c(cc12)C#N)Cc1cn[nH]c1)CN1CCC(CC1)Nc1ncnc2sc(cc12)CC(F)(F)F,4,0.6666666666666666,6.598747759992065,0.9974982736125028
30457837,Fc1cccc(c1)OC1CCN(CC1)Cc1nc2ccccc2[nH]1,4,0.5178571428571429,1.3447940362749107,0.998114816153536
4759628,COc1ccccc1N1CCN(CC1)C1=NC(=CC(=O)N1)c1ccc(cc1)F,4,0.3582089552238806,1.7945428387196782,0.9989189467011219
7683299,COc1ccccc1N1CCN(CC1)C1=NC(=CC(=O)N1)c1ccc(cc1)C,4,0.3582089552238806,1.8562847303149164,0.9992248965140678
1521515,COc1ccc(cc1)-c1nn2c(nnc2c2ccccc12)-c1ccco1,4,0.3225806451612903,1.8663448234449571,0.9990563629706593
415550,COCCCNc1ncc(c(n1)C(C)C)-c1cc(no1)C,4,0.4117647058823529,1.4445819464472622,0.9986911968615478
313517655,CC(C)CC1=NN(C)C(=O)c2c(n(cc21)Cc1cccc2ccccc12)SCCCO,4,0.28205128205128205,2.684395648930881,0.998675282420728
168892617,CCc1nc(cn2nc(cc12)C1=CC(=O)N2C=C(C=C(C)C2=N1)C1CCN(C)CC1)C,4,0.35714285714285715,3.7026953695923934,0.9978549020911688
177501347,CCCN(CCC1=CCCCC1)C(=O)CC1=NNC(=O)N1,4,0.2727272727272727,3.3156299552272377,0.9965651423570957
49176076,Nc1cncc(c1)-c1ccc(cc1)CN1CCCCC1,4,0.5526315789473685,2.6788251156056795,0.9963506222335548
Z224124934,Cc1nn(c2sc(cc12)C(=O)N1CCC(CC1)(C(=O)O)c1ccccc1)C,4,0.391304347826087,3.2573740958015924,0.9947501061038384
30599464,CCN1C(=O)Oc2cc(ccc21)NC(=O)c1ccc(cc1)C(C)(C)C,4,0.46938775510204084,1.938011867868431,0.9980310298770465
232853784,CN1CCC(CC1)CN(C)c1nc(nc(c1Cl)O)C,4,0.375,1.7247689700358821,0.9983819992684984
4752649,c1ccc(cc1)-n1ncc2c(ncnc12)-n1ccnc1,4,0.2909090909090909,2.1933093717029024,0.9993295566876743
24881110,COc1ccc2nc(ccc2c1)CN1CCC(O)(CC1)c1ccc(cc1)C,4,0.4090909090909091,2.2266820608247033,0.9976105236555584
29954871,C(CN1CCN(CC1)c1ncccn1)Oc1ccccc1,4,0.4883720930232558,1.304267610576829,0.9988727499925203
49970070,CCn1nccc1CNc1ncccn1,4,0.38636363636363635,1.6896730452961184,0.9991615040851375
1548054,Cc1ccc(cc1)NC(=O)c1c(n(n[n+]1Cc1ccccc1)-c1ccc(cc1)C)[O-],4,0.36507936507936506,1.63300551131943,0.9987182322794192
1548060,[O-]c1c([n+](nn1-c1ccccc1)Cc1ccccc1)C(=O)Nc1ccccc1,4,0.38095238095238093,4.855544562662292,0.9913961502247159
151211,COc1ccc(cc1)Cc1cccc(n1)C1CCN(CC1)C(=O)C1CCCC1,4,0.5737704918032787,2.076432035969466,0.999275108703135
4758327,O=C(NCCNC(=O)c1cc(nc2ccccc12)-c1ccccc1)c1ccco1,4,0.6666666666666666,2.039995833329345,0.9979964549953502
32148273,CC(C)C(=O)Nc1ncn(n1)Cc1cccnc1,4,0.5932203389830508,1.0290932902320216,0.9997975164712395
35690264,O=C(Nc1ccc(nc1)N1CCOCC1)N1CCc2sccc2C1,4,0.43283582089552236,2.763664957985936,0.9969233464236605
82725547,CCSCCC(=O)NCCn1nc(c(c1C)CC)C,4,0.5818181818181818,1.860793379179834,0.9984344599524986
49038938,Cc1nn(c(c1CC(=O)NCCNC(C)(C)C)C)C(F)F,4,0.3387096774193548,2.0080079681118566,0.9986476890264475
45634538,CONC(=O)c1c(nn(c1Cl)C)C,4,0.3541666666666667,1.2583755401307992,0.9990715354906341
222778100,CCN(Cc1cnn(c1)C(C)C)C(=O)NCCC(C)(C)OC,4,0.2878787878787879,1.6039538646731775,0.9996562875226384
49956374,CCc1cc(n(n1)C)NS(=O)(=O)C,4,0.30434782608695654,1.6581519833837681,0.9997500227986602
49010170,CC(C)CCCNC(=O)c1[nH]ncc1Br,4,0.2786885245901639,2.642030279917665,0.9976712678786447
29658437,CCn1nc(cc1C(=O)NCC#C)C(C)C,4,0.35294117647058826,0.6604453043214427,0.9996691992900333
19991792,Cc1nn(c(c1CCC(=O)NCC#C)C)C,4,0.5306122448979592,0.7130021037846752,0.9996269910972861
29581584,CON(C)C(=O)CCc1c(nn(c1C)C)C,4,0.45098039215686275,1.4298909049294153,0.9985860000105458
300136806,OC(=O)/C=C/c1ccc(cc1)Cn1ccnc1,4,0.3283582089552239,3.115868257805494,0.9925811928835014
49343397,COc1cc(ccc1Cn1ccnc1C(C)C)C#N,4,0.3793103448275862,1.7119421719205683,0.9988323799272846
3615737,C1COC(C1)CNc1nc(cs1)C12CC3CC(CC(C3)C2)C1,4,0.24193548387096775,2.7411351663134025,0.9988187766649698
306342,O=C1Oc2nc3cc4c(cc3cc2CN1CCN1CCOCC1)OCO4,4,0.8958333333333334,1.4358857893297106,0.9989258436532854
3301360,COc1ccc(c(c1)OC)Nc1ncnc2sccc12,4,0.4,1.6315176983410136,0.9992755022789316
324071118,CC(C)Oc1cc(ccc1Nc1ncnc2sc(c(c12)C)C(=O)NCCCN(C)C)F,4,0.2727272727272727,3.4552502080174734,0.9989253447163291
2266063,Cc1cccc2sc(nc12)NC(=O)c1cccnc1,4,0.5833333333333334,1.1643435919011265,0.9994268040479936
42942714,CN(C)c1cc(nc(n1)-n1cnc(n1)C#N)C,4,0.45652173913043476,2.6086423672095185,0.9980794246616842
30640320,Cc1nn(c(c1NC(=O)CN1CCN(CC1)c1nccs1)C)C,4,0.5357142857142857,2.44155995216174,0.9994419435853819
830565,Nc1nc2ccccc2nc1N1CCCC1,4,0.375,0.9433366313254208,0.9994479665406673
36568125,CCCN1CCn2nc(cc2C1)-c1nc2cc(ccc2[nH]1)OC,4,0.26865671641791045,2.9606543195717956,0.9963600768351861
53802705,COc1cccc(n1)CN(C)c1cc(ncn1)N1CCCC1,4,0.31746031746031744,1.6541036847792854,0.9988880866105798
49939748,N#Cc1ccc(o1)CNc1cnc2ccccc2c1,4,0.3448275862068966,1.4943232582013617,0.99925505696818
30043512,CN(Cc1ccccc1Br)C(=O)Nc1ccc(cc1)C(=O)N1CCCC1,4,0.5689655172413793,1.6685062181486028,0.9989729821675128
EN300-6477654,C[C@]12CCC3=C4CCC(=O)C=C4CC[C@H]3[C@@H]1CC[C@@]2(O)CC#N |r|,4,0.2375,5.123480067297974,0.9986685514492039
901477,Cc1ccc(cc1)-n1nc(cc1NC(=O)Nc1ccc(c2ccccc12)OCCN1CCOCC1)C(C)(C)C,4,0.38,4.710130146821996,0.997396873295708
35754209,CCN1CCc2ncnc(c2C1)N(C)Cc1ccc2c(c1)OCCO2,4,0.5076923076923077,1.3442559280137356,0.9993030199487503
29577392,O=C(NCc1ncc(o1)-c1ccccc1)C1CCCCC1,4,0.44642857142857145,2.003849794770105,0.9974835032818933
35986174,Cc1ccccc1OCCCNc1cc(nc(n1)N)Cn1c(nc2ccccc12)C,4,0.5,3.123261596472239,0.9959118900446297
35986106,Cc1cccc(c1)OCCCNc1cc(nc(n1)N)Cn1c(nc2ccccc12)C,4,0.3382352941176471,3.599179350907072,0.9946111265495793
LN01265151,C[C@]12C=CC3=C4CCC(=O)C=C4CC[C@H]3[C@@H]1CC[C@@]2(O)CC=C |r|,4,0.25,3.8813935641725337,0.9989201220975532
181775,CNCc1cc(nc(n1)C1CCCN1C(=O)c1oc2ccc(cc2c1C)Cl)N(C)C,4,0.5714285714285714,2.9292879680906787,0.9990892950414407
49929056,CC(C)CCn1ccc(n1)NC1CCN(CC1)C(C)C,4,0.3230769230769231,2.9892539202949218,0.9979994138019674
49929048,CCc1[nH]nc(c1C)NC1CCN(CC1)C(C)C,4,0.5510204081632653,2.2872293282482,0.9989357787348973
28183660,COc1ccc(cc1)COc1ccc(cc1OC)Cc1cnc(nc1N)N,4,0.39622641509433965,3.5095040960227255,0.9893361992896429
35693197,O=C(CNc1ccc(cc1)C(=O)N1CCCC1)N1CCCCC1,4,0.47058823529411764,1.8038561472581662,0.9992270578295149
177400551,O=C1N(Cc2ccc3c(c2)CCCC3)C=Nc2ncccc21,4,0.3770491803278688,1.8324355377475559,0.9984431530946764
31959693,CC1CCN(CCNC(=O)c2ccncc2)CC1,4,0.5283018867924528,2.308032278803514,0.9978259509503901
24880306,CC(C)(C)c1ccc(cc1)C(O)CN1CCC(O)(CC1)c1ccc2c(c1)OCO2,4,0.2876712328767123,6.349646998062225,0.983547666107894
48819726,CC(C)c1nnc(n1C)CNc1ncc(cn1)Br,4,0.42,2.0232535678954124,0.9990242175948132
424596,CC(C)NC(=O)C1(CCOCC1)Cc1ccccc1-c1ccncc1,4,0.4307692307692308,1.9968049479106673,0.9990500759796761
36627798,O=C(Cc1cn2ccccc2n1)N1CCC(CC1)N1C(=O)Nc2ccccc21,4,0.4583333333333333,3.2770447052189247,0.9990746425566489
30455849,COc1cccc(c1)OCCCn1cncc1-c1cc2c(cc1C)N(C)C(=O)N2C,4,0.5454545454545454,2.6017348058555414,0.9990906208158796
23673158,Oc1ccc(cn1)C(=O)N1CCN(CC1)c1ncccn1,4,0.4423076923076923,1.3684611795735238,0.9979682378486454
48764932,Cc1ncccc1CNc1ccc(cc1)CC#N,4,0.43137254901960786,1.6584580187631361,0.9989977430719293
44507875,C1CC1c1nnc2n1CCN(C2)c1ncnc2ccccc12,4,0.4098360655737705,1.5260173655633353,0.999158411800601
195351193,Fc1ccc(cc1)CC(=O)NCCN1C=CC=NC1=O,4,0.40384615384615385,1.447094675548457,0.9994845919540419
195351220,CCOc1ccc(cc1)CC(=O)NCCN1C=CC=NC1=O,4,0.32894736842105265,0.9733940620323167,0.9991766768189039
49997748,Cc1ccc(cc1)-n1nc(cc1C)NCc1cnn(c1)C,4,0.43859649122807015,2.3822625799857864,0.9992794072014383
1533629,COc1ccc(c(c1)Oc1nc2c(n1C)C(=O)N(C)C(=O)N2C)C(=O)c1ccccc1,4,0.43859649122807015,2.1402133071258915,0.998630484312276
43470233,Fc1ccc(cc1)Nc1cc(ccn1)C#N,4,0.38333333333333336,1.6028396675902783,0.9996056684196631
2246274,COc1ccccc1C(=O)Nc1cccc(c1)C#N,4,0.5294117647058824,2.9289830999854267,0.9803865888741615
232870003,CSc1ccc(cc1)C(=O)Nc1cccc(c1)C(=O)NCC(C)C,4,0.3793103448275862,1.6282094459863978,0.9986186776638697
31837160,CN(C)C(=O)c1ccc(cc1)NC(=O)c1cccc(c1)F,4,0.5102040816326531,1.6693166266471782,0.998734535494933
1548090,COc1cccc(c1)NC(=O)c1c(n(n[n+]1C)-c1cccc(c1)OC)[O-],4,0.3620689655172414,1.6731069900040094,0.9992262083890708
32157229,Fc1ccc(c2c(ccnc12)NCc1ccc(nc1)N1CCOCC1)F,4,0.2972972972972973,2.3148825024177895,0.9984184880779075
171818667,CN([C@@H]1CCC[C@@H](O)[C@@H]1O)C(=O)COc1c(cccc1C)C |r|,4,0.6875,3.4371252523002327,0.9973304686535818
27369500,Cc1ccc(cc1)C(=O)C(=O)Nc1c(nn(c1C)C)C,4,0.4090909090909091,1.218975799596087,0.9994089829646573
36000452,CN1CCN(CC1)c1ccc(cc1)Nc1ncc2c(n1)N(N(CC=C)C2=O)c1cccc(n1)C(C)(C)O,4,0.3333333333333333,3.1806004150160434,0.9983027823557921
30431093,Cn1ncc-2c1CCc1sc(nc12)NC(=O)c1cccnc1,4,0.423728813559322,1.4934416627378304,0.9997127530401397
2332052,O=C1N(CCN2CCOCC2)C(=O)c2cccc3cccc1c23,4,0.3389830508474576,1.8502926795510737,0.9992364074971734
46075643,Cc1nc(c2sccc2n1)NC(C1CC1)c1nccn1C,4,0.3076923076923077,3.3027717147877453,0.9990800541955724
73023165,CC(=O)Nc1ccccc1CN1CCC(CC1)c1nnc2ccccn12,4,0.546875,2.110251643761898,0.9988734058426312
48760182,Cc1ncc(s1)CCN1C(=O)NC2(CCCC2)C1=O,4,0.4444444444444444,1.9052094373055004,0.999450568112825
1542039,CCc1nnc2c3ccccc3nc(n12)Nc1ccc(cc1)OC,4,0.34328358208955223,1.5704480252462358,0.9994119204492484
45762658,CN(Cc1nnc(n1C)C1CC1)C(=O)C1C2CC3CC(C2)CC1C3,4,0.4230769230769231,2.2281994973524,0.9989039383688921
177454167,CCOCCC(=O)N1CCC2(CCCN(C)CC2)CC1,4,0.32,2.147171395114884,0.9993397001552893
177418075,COCC(C)(C)C(=O)N1CCCC2(CCNCC2)CC1,4,0.2833333333333333,2.3202142142481,0.9984844883026239
44462124,CN(C)CC(=O)N1CCC(CC1)c1ccc(c(c1)C1=CCCCC1)NC(=O)c1nc(c[nH]1)C#N,4,0.25274725274725274,5.327969125285821,0.9982769302531943
151551,Cn1ccc(n1)C(=O)N1CCCC(C1)c1cccc(n1)-c1cccc(c1)Cl,4,0.7049180327868853,1.7313416762728453,0.9980271775202749
222783725,CC(C)n1nc(c(c1C)S(=O)(=O)NCC1CCN(CC1)C(=O)C1CC1)C,4,0.328125,2.561958235412835,0.9985026170282142
13484208,CN(Cc1nnc2n1CCC2)C(=O)Cc1coc2c(c(ccc12)C)C,4,0.4057971014492754,1.8834805547179663,0.9993913312478564
36571105,CC(C)c1nccn1Cc1nc(oc1C)-c1ccccc1C,4,0.44642857142857145,1.6582554085540882,0.9992724627254385
36890321,CN(C)CCNC(=O)c1cn(nn1)-c1ccc(c(c1)C)C,4,0.2903225806451613,1.839366738853142,0.9990362011954685
32423148,Clc1ccc(cn1)Cc1nc(n[nH]1)-c1ccccc1,4,0.4423076923076923,1.4695387031312848,0.9993724979584808
43021930,CCCCOc1ccccc1-c1cc([nH]n1)C(=O)NCc1ccccc1C,4,0.625,1.8080724543003175,0.9986213665220496
53752266,FC(F)(F)COc1cccc(c1)CN1N=Cc2ccccc2C1=O,4,0.43103448275862066,1.211652177813391,0.9991857188686757
136115,CCC(C)(C)NC(=O)C1(CCOCC1)Cc1ccc(cc1)-c1cc(ccc1OC)F,4,0.5538461538461539,2.4699119417499635,0.9991167052965375
73019382,CN(C)C1(CCOCC1)CNC(=O)N1CCC=C(C1)c1ccccc1,4,0.5172413793103449,1.9635511197824467,0.9987478176566656
53839506,CSC1(CCOCC1)CNC(=O)N1CCC=C(C1)c1ccccc1,4,0.3484848484848485,2.3762049574900335,0.9985683018161524
208143,C1CN(CCC1Cc1ccncc1)c1ncccn1,4,0.5121951219512195,1.4920599853893501,0.9979180992342095
49150113,CNc1ncc(cn1)-c1nc(nn1C(C)(C)C)C1(CC1)c1ccccc1,4,0.34375,2.4292815810438295,0.9970329499812679
23809094,CCCn1ncc2[nH]c(nc12)C1CCCCC1,4,0.38095238095238093,1.4952561653438938,0.9990927654935827
89940865,FC1(F)CCN(C1)c1cc(cc(n1)Nc1cc(ccn1)C#N)C1CCN(CC1)C1COC1,4,0.2976190476190476,2.831642103091839,0.9971728323393644
395728,Cc1ccc(cc1)-c1cnn2c(cc(nc12)Cn1cccn1)O,5,0.29310344827586204,2.6521900384401116,0.9992233106807537
49941012,Cc1cc(ccc1-c1nc(no1)CCn1c(nc2ccccc12)C)F,5,0.3548387096774194,1.332567821914809,0.9993984041886416
205729538,O=C(Nc1ccccc1)N1CCCc2cnc(nc21)N1CCOCC1,5,0.515625,1.6887735194516156,0.9987523827154218
44018989,CN(CC1=CC(=O)N(C)C(=O)N1C)Cc1cccc(c1Cl)Cl,5,0.4827586206896552,1.7381668504487857,0.9982859973949425
177472907,CCn1nccc1-c1cc(nc(n1)N1CCCC1)C,5,0.3728813559322034,1.274220546059355,0.999494536586582
31362621,COc1ccc2nc(ccc2c1)C(=O)Nc1cnc2n(ncc2c1)C(C)C,5,0.4626865671641791,0.8997471867124052,0.9997859253381778
43427775,Cc1cc(c2ccccc2n1)NCc1ccnc(c1)N1CCCC1,5,0.3880597014925373,2.6346210353674167,0.9984141474295696
48761324,COCC1CCN(CC1)c1noc(n1)-c1cccs1,5,0.3898305084745763,1.7115627362148604,0.9985285060624401
49165848,CCn1nc(nc1Cc1sc(nc1C)C)Cc1ccc(cc1)OC,5,0.31746031746031744,1.2918831216483369,0.9988594049904503
30194144,COc1ccccc1C(=O)CSc1nncn1C1CC1,5,0.3055555555555556,2.0078441174552326,0.9971559755249028
2292167,COc1ccccc1CC(=O)Nc1ncc(s1)C,5,0.37735849056603776,0.8851502697283968,0.9993413895874792
49945934,Cc1cnn(c1)Cc1nnc(s1)-c1ccccc1,5,0.2786885245901639,1.561153740027331,0.99925505696818
49033160,O=C(CC/C=C/c1ccccc1)Nc1ccccc1N1CCOC1=O,5,0.47619047619047616,1.6956169968481305,0.9985568428314743
200967,CN(C)c1ncc(c(n1)C1CCCCN1C(=O)c1scnc1C)-c1cccc(c1)Cl,5,0.524390243902439,2.7940238009006855,0.9990502108561257
202517,Cc1ncsc1C(=O)N1CCCCC1c1nc(ncc1-c1cccc(c1)C(F)(F)F)N,5,0.7285714285714285,2.9595457421705995,0.9985687834038349
177444466,Cc1c[nH]c(n1)C(=O)NCC1(CCCC1)N1CCCCC1,5,0.5576923076923077,1.8427818644647034,0.9988334854967169
6887028,Cc1cc(n(n1)-c1ncnc2sc(c(c12)-c1ccc(cc1)Cl)C)N,5,0.2535211267605634,2.9163506304971856,0.999303815209599
36673851,CCNC(=O)N1CCC(CC1)c1nc(no1)-c1ccccc1,5,0.45098039215686275,0.8296595687388522,0.9994201232882555
32063538,Cc1ccc(cc1F)C(=O)N1CCN(CC1)C(=O)NCC(=O)N1CCCC1,5,0.47058823529411764,1.8869623737638852,0.9987777305930722
25721481,C/C(=C/COc1c2c(cc3ccoc13)C=CC(=O)O2)CO,5,0.2222222222222222,1.6361399695626875,0.9988153944994398
49152821,COC(=O)c1ccc(cc1)NC(=O)N(C)Cc1ccccc1CN1CCCC1,5,0.5689655172413793,2.3745784889113493,0.9977459269160921
11813315,O=C(NC1CCCCCC1)c1ccc(cc1)CSc1nc2ccccc2[nH]1,5,0.42857142857142855,2.6517186879457832,0.9983077752881198
209889,Cn1nccc1CC1CCN(CC1)C1CCCC1,5,0.3958333333333333,2.3002723751763186,0.9974829313723419
44551324,CN(C(=O)c1cc(ccc1NS(=O)(=O)C)C)c1ccc2ccccc2c1,5,0.58,1.1494159386402536,0.998811660253621
299987327,COc1cc2nc(nc(c2cc1OC)N)N1CCN(CC1)C(=O)c1ccco1,5,0.33783783783783783,2.170643683334736,0.9982911307635471
133851,Cc1ccc2n(c(cc2c1)C(=O)N1CCOC(C1)C(=O)N1CCc2ccccc2C1)C,5,0.3448275862068966,3.347270679225017,0.9994140712387046
48262457,CC(C)(C)c1nccc(n1)NCc1ccncc1,5,0.3333333333333333,1.446104422231941,0.9989597285112652
177508549,Clc1cnn(c1)CCCNC(=O)CCc1cn[nH]c1,5,0.5555555555555556,2.819441611383442,0.9978250772913194
1123117,O=C1Nc2cnccc2N1Cc1ccccc1,5,0.3888888888888889,2.4323422867685833,0.9991646437734416
44527032,Fc1cc2c(cc1F)N(CCC2)C(=O)CCc1nnc(o1)-c1ccsc1,5,0.34210526315789475,1.5299568621369029,0.9982220458526222
11010047,Cc1nc2ccccc2n1Cc1ccc(cc1)C(=O)O,5,0.3958333333333333,3.115868257805494,0.9956175503016409
315782,Cc1nc2cc(nn2c(c1C)NCc1cccnc1)-c1nccn1C,5,0.6166666666666667,1.7594999289568167,0.9994071224162834
42946564,COc1cc(ccn1)CNc1nc2ccccc2nc1C,5,0.3148148148148148,1.6635843831920467,0.9991195020977439
15279096,Cc1cc(c(c(n1)N1CCN(CC1)CC(=O)Nc1ccccc1Cl)C#N)C,5,0.46153846153846156,1.6227834113025832,0.9988794561460187
73036824,OC1CCC(CC1)C(=O)N1CCCN(CC1)c1ccc(cc1)F,5,0.47368421052631576,1.7920624989103553,0.9982733758846523
43141052,N#Cc1ccccc1-c1ccc(o1)-c1nccn1-c1cccnc1,5,0.2857142857142857,1.8050155123990481,0.9983808237111779
29972621,Clc1snnc1CN1CCC(CC1)N1C(=O)Nc2ccccc21,5,0.5245901639344263,1.7873494342182914,0.9990510739363976
23971521,Cc1cccc(n1)C(=O)NCC#Cc1ccccc1,5,0.5869565217391305,0.8737265018298487,0.9990508996474751
44507857,CCCc1cc(n2ncnc2n1)N1CCc2c(nc(n2C)C2CC2)C1,5,0.7213114754098361,0.18241162243674552,0.9999826655789096
48759758,COC(C)(C)C(=O)Nc1ccnc(n1)C(C)(C)C,5,0.32075471698113206,1.330060900861296,0.9991806691279003
43375385,CC1(C)CN(CC(=O)NCC#N)c2cccc(c21)Cl,5,0.2898550724637681,1.5101003277926681,0.998894760985326
49951580,CN(C)CC(=O)Nc1nc(ns1)-c1sccc1C,5,0.3225806451612903,1.552897292160785,0.9991414302306005
50610014,COC(=O)N1CC(C1)NCc1c(nn(c1C)C(C)(C)C)C,5,0.2982456140350877,1.7269559924906484,0.998417402014799
320548501,CCN(c1ccc(cc1)C(C)C)S(=O)(=O)c1ccccc1,5,0.4339622641509434,1.8397372094948954,0.9980617407000407
49965014,CCC1(O)CN(C1)c1ncnc2n(nc(c12)Br)C,5,0.25757575757575757,2.46501947253986,0.9990644797220777
23998591,Cc1ccsc1C(=O)Nc1nc2ccccc2s1,5,0.4107142857142857,1.3828474247004299,0.9992294135827559
177465976,Clc1ccc(nc1)C(=O)N1CCN(CCc2ccccc2)C(=O)C1,5,0.5517241379310345,1.6077067518671628,0.9985701550632007
29621147,Oc1ccccc1N1CCN(CC1)C(=O)c1ccc(nc1)-n1cccn1,5,0.4727272727272727,1.9785332951458667,0.9988132516062062
313516885,CC(C)c1nnc(n1-c1cccc2nonc12)-c1ccc(nc1)-c1ccccc1,5,0.2361111111111111,2.1829241855821455,0.9987723466437423
29569223,Cc1ccc(o1)-c1nc(cs1)C(=O)N1CCc2ccccc2C1,5,0.34375,1.223723007874088,0.9991953168065126
49330914,C1CN(CCO1)Cc1nc(no1)-c1ccncc1,5,0.390625,1.3684611795735238,0.9986020636091036
43272847,CC(C)CCNc1ccc(cc1)Cc1c(n[nH]c1C)C,5,0.25862068965517243,1.7018284284853062,0.9989628174639148
49944058,CCn1nccc1CNc1nnc(o1)-c1ccc(cc1)OC,5,0.3709677419354839,1.6885307222555668,0.9983475295493838
36686539,CCc1nnc2n1CCN(C2)C(=O)c1ccccc1Oc1cccnc1,5,0.3333333333333333,1.7642383625799012,0.9991136729825432
44585808,Cc1csc(n1)N(C1CC1)C(=O)c1ccc(c(c1)F)-n1cncn1,5,0.27692307692307694,1.1423296371887663,0.9991382823579504
1321458,COc1cc(c(c(c1)Br)Nc1nc(cs1)-c1c(nc2ncccn12)C)Br,5,0.45588235294117646,2.0395793683993704,0.9992002327627323
17480068,O=C1CC2(CCN(CC2)C(=O)NCc2ccccc2)Oc2ccccc21,5,0.5,1.3442559280137356,0.9992297785583154
30434191,COc1ccc(cc1)S(=O)(=O)CCC(=O)Nc1ccc2c(c1)N(C)C(=O)CO2,5,0.5606060606060606,1.8167030577396428,0.9984035723454059
36705292,CCN(CC)C(=O)N1CCCN(CC1)C(=O)N(CC)CC,5,0.5806451612903226,2.8788996161728124,0.9983336816512332
49149249,Cc1ccccc1OC1CCN(CC1)C(=O)Nc1ccc2n(cnc2c1)C,5,0.4714285714285714,2.247916813407246,0.9978058788138495
48755148,CCNC(=O)C1CN(C1)c1nc(nc2c1CCC2)C1CC1,5,0.2676056338028169,1.8802781709098806,0.9992654979748887
1296389,CC(=O)Nc1ccc2nc(cc(c2c1)O)C,5,0.3888888888888889,1.1054795339579981,0.9992614024641892
265647,CCc1nnc(s1)Nc1cc(nc(c1)C1CN(CCO1)C(=O)C(C)C)C,5,0.5945945945945946,2.272963484088419,0.9990997880261441
30026467,CC(N1CCCC(C1)c1nc2ccccc2o1)C(=O)Nc1ccc(cc1)C(=O)N,5,0.35526315789473684,2.1578973562243933,0.9983130178791989
43429664,CC(N1CCCC(C1)c1nc2ccccc2o1)C(=O)Nc1ccccc1,5,0.4264705882352941,1.565534732926611,0.9992719773033398
30026465,FC(F)(F)Oc1ccc(cc1)NC(=O)CN1CCCC(C1)c1nc2ccccc2o1,5,0.4146341463414634,1.6206730083517384,0.9981581037605725
30026463,Cc1ccc(cc1C)NC(=O)CN1CCCC(C1)c1nc2ccccc2o1,5,0.44871794871794873,2.148010242061202,0.9984357640060384
24022867,NC(=O)c1ccccc1NC(=O)CN1CCCC(C1)c1nc2ccccc2o1,5,0.39436619718309857,2.7774144451269946,0.9988132543418965
2944765,COc1ccc2c(cc3nnnn3c2c1)-c1ccccc1,5,0.2903225806451613,0.8873787241081627,0.9986274406569262
35986174,Cc1ccccc1OCCCNc1cc(nc(n1)N)Cn1c(nc2ccccc12)C,5,0.5,3.123261596472239,0.9959118900446297
35986106,Cc1cccc(c1)OCCCNc1cc(nc(n1)N)Cn1c(nc2ccccc12)C,5,0.3333333333333333,3.599179350907072,0.9946111265495793
50335071,CSc1nnc(n1C1CCCC1)CCCNc1cc(ccn1)C,5,0.30434782608695654,2.2924048508061774,0.9977634214269075
300525339,CC(C)c1cnn2c(cc(nc12)NCCCCCCN)NCc1ccccc1,5,0.27692307692307694,3.7680471069244006,0.9985743323197943
33339030,O=C(Nc1ccc2c3c(cccc13)CC2)c1ccc(cc1)-n1cncn1,5,0.7142857142857143,1.0864759546354033,0.9992815073896626
36944794,C1COc2ccc(cc2OC1)CNc1ccccn1,5,0.4444444444444444,1.5531532442097458,0.9967677052927874
30455849,COc1cccc(c1)OCCCn1cncc1-c1cc2c(cc1C)N(C)C(=O)N2C,5,0.3142857142857143,2.6017348058555414,0.9980939481441609
13484208,CN(Cc1nnc2n1CCC2)C(=O)Cc1coc2c(c(ccc12)C)C,5,0.4057971014492754,1.8732434438697625,0.9993913312478564
11480248,Cc1nc(nc2n(cnc12)-c1ccc(cc1)F)Nc1ccc(cc1)F,5,0.375,1.756299518874954,0.9987713363030619
231820085,Cc1ccc(c(c1)S(=O)(=O)N1CCCN(CC1)C1CCC1)C,5,0.5,1.5183523965143184,0.9990494266552047
27415022,CN(Cc1cccc(c1)C#N)Cc1ccccc1C#N,5,0.6086956521739131,3.8320422753408745,0.9967671381976267
1527366,CN(C)CCN(Cc1ccccc1)Cc1ccccc1O,5,0.375,1.8104651336052358,0.9965805824203778
73029963,CN(Cc1ccc(cc1)CO)Cc1cc(c(c(c1)F)F)F,5,0.30612244897959184,1.8960508959412923,0.9962272868668486
36342874,Cc1nc(c2c(c(sc2n1)C)C)N1CCc2c(ncn2C)C1,5,0.3472222222222222,2.848042836756202,0.9976068633786528
49084049,Cc1cc([nH]n1)C(=O)NCC1CCC2(CC1)OCCO2,5,0.543859649122807,2.698895514835549,0.9985606782203538
301928950,CC1CC(N)CCN1C(=O)c1cc(c(cc1F)F)N1CCNC1=O,5,0.352112676056338,1.9416428610841723,0.9993895565794211
44466340,NC(=O)CSc1nc(c(c(c1C#N)-c1ccc(cc1)OCC1CC1)C#N)N,5,0.27380952380952384,2.9336460250001686,0.9965651423570957
43485719,O=C(CSC1CCCC1)N1CCC(CC1)Cn1cccn1,5,0.5384615384615384,2.1053565018778038,0.9991369494993065
189882719,Clc1ccc(cc1)/C=C/C(=O)N1CCC2(CC1)CN(Cc1ccc(c(c1)Cl)Cl)C(=O)O2,5,0.3088235294117647,2.3354260853214477,0.9988207493782195
11652485,O=C(Cc1csc(n1)-c1ccccn1)NC1CCCCCC1,5,0.39285714285714285,1.7405237717424373,0.999497907009095
48355573,CCC(=O)NCc1cc(n(n1)C1CCCC1)C1CC1,5,0.32142857142857145,1.5660191569711932,0.9995872132410346
48355585,CCOCC(=O)NCc1cc(n(n1)C1CCCC1)C1CC1,5,0.3230769230769231,1.4739314773765197,0.9998665390690904
49970070,CCn1nccc1CNc1ncccn1,5,0.38636363636363635,1.6896730452961184,0.9993167782757035
46223729,CN1CCN(CC1)c1nc(c(c(n1)C)NC(=O)C1CCCCC1)C,5,0.5777777777777777,1.7637732280541605,0.998233995612257
306432,Cc1nc2ncc3c(n2n1)CCCC3=O,5,0.25,3.6053076151696564,0.9763189923099874
306440,Cc1nc2ncc3c(n2n1)CC(C)(C)CC3=O,5,0.22033898305084745,1.524841959023922,0.9981716997215058
300964829,Cn1cc(cn1)-c1ccnc(n1)/C=C/c1ccc(cc1Br)F,5,0.33783783783783783,2.2873567714722656,0.997951315451108
193881,Cc1cc(cc(n1)C1CCN(CC1)C(=O)CCCc1ccc(c(c1)C)F)-c1ccc(nc1)N,5,0.43529411764705883,2.770736725132755,0.9967449631829038
73007305,Nc1nnc(n1C1CC1)SCCSC1CCCCC1,5,0.23333333333333334,2.8299008816561932,0.9943412089340641
53829602,OCc1nnc(n1C1CC1)SCCSC1CCCCC1,5,0.2459016393442623,2.969355485623052,0.9970385838208481
49945104,Cc1nn(c2ncc(cc12)CNc1ccon1)C,5,0.3709677419354839,1.9615585640001358,0.9988223666280592
177472658,CN(CC1(CO)CCC1)C(=O)CCN1CCCCC1=O,5,0.9523809523809523,1.6084899751010324,0.9988233173829679
233697,Cc1cncc(n1)C1CCN(CC1)Cc1cnccn1,5,0.5490196078431373,1.6045011685880328,0.9994366217318913
53751988,O=C(N1CCCC1)c1ccc(cc1)NS(=O)(=O)c1cccc2cnccc12,5,0.5,1.4032195124069267,0.9983165138201749
42924873,O=C(NCCCn1ccnc1)N1CCC21CCC2,5,0.2786885245901639,2.2383837919354965,0.9968162328756766
322748925,O=C(Nc1cc(ccn1)C(=O)Nc1cccnc1)C1CC1,5,0.5789473684210527,2.32939004891873,0.9992844391199575
2289263,COc1ccccc1CC(=O)NC1CCN(C)CC1,5,0.4716981132075472,1.3609173376810892,0.9982646304031331
165247,Cc1nccc(n1)C1CCN(CC1)Cc1ncc[nH]1,5,0.5263157894736842,1.8051736758551622,0.9981138074190805
31836142,Cc1ccc(o1)C(=O)Nc1ccccc1-c1ccccc1,5,0.46808510638297873,1.2531400560187542,0.9989248653729089
35717800,OC(=O)c1cc(nc2ccccc12)/C=C/c1csnn1,5,0.3114754098360656,2.225651589984332,0.9979635184285879
301143195,Oc1ccc2nc(ccc2c1Cl)/C=C/c1csnn1,5,0.21794871794871795,1.778147631666025,0.998804046988881
36330868,NC(=O)NC(=O)CN(Cc1cccs1)c1cccc(c1)C#C,5,0.30158730158730157,2.5737748541784216,0.9990633511278363
36335290,NC(=O)NC(=O)CCN(Cc1cccs1)c1cccc(c1)C#C,5,0.2923076923076923,3.275310061658289,0.9975650122156192
31619881,CC(C)c1cc(no1)CN(C)Cc1c[nH]nc1-c1ccc(cc1)F,5,0.4032258064516129,1.4889177277475294,0.9989620120833193
49979686,Cc1ccnc(c1C#N)N1CC(O)(C1)c1ccc(cc1)F,5,0.4262295081967213,1.4176889644771637,0.9988550535072209
25646720,O=C(CCc1ccc2c(c1)OCO2)Nc1nc2c(s1)CCC2,5,0.4126984126984127,1.882319314038271,0.9992320939999997
32443301,Cc1nc(c2c(n1)CN(CC2)Cc1ccccc1)O,5,0.6530612244897959,1.5288168628061427,0.9972351727593927
25670537,Fc1ccccc1-c1cnc(o1)-c1ccccc1C(=O)N1CCC1,5,0.3492063492063492,1.9256736483629056,0.9987085708829401
35695446,Clc1ccc(nc1)NC(=O)C1(CC1)c1cccc(c1)Cl,5,0.34328358208955223,1.1685837582307175,0.998917591348085
48793753,Oc1ccc(cc1)C(=O)N1CCN(CC1)c1ncnc2c1CCC2,5,0.38181818181818183,2.4155610114422403,0.9985739505912685
MCULE-6181763916,Cc1noc(n1)OCC(=O)N1CCCCCC1,5,0.3442622950819672,1.1695469208200984,0.9994514954876745
13509338,Cc1cc(c(c(c1)C)NC(=O)CN1N=NN(C1=O)c1cccs1)C,5,0.43333333333333335,1.5355640657427845,0.9985965152409699
315272596,Nc1ncc(cc1C(F)(F)F)-c1cc(n(n1)CC1CC1)C1C2CN(CC21)C1COC1,5,0.21052631578947367,2.490401975585781,0.9993341884892353
25000719,CC(=O)N1CCC(CC1)Nc1ncnc2cc(sc12)-c1ccc(cc1)Br,5,0.31746031746031744,2.2872293282482,0.9990989649033919
1590696,CC(C)(C)c1ccc(cc1)C(=O)Nc1ccc(cc1)C(=O)Nc1ccccc1,5,0.46938775510204084,2.311136084266815,0.9976785680311121
313833267,Cc1cn2nc(cc(c2n1)C)C1=CC(=O)N2C=C(C=CC2=N1)N1CCNC2(CC2)C1,5,0.35714285714285715,3.4154592663360286,0.9971340429525598
24884318,COc1c(cccc1CN1CCC(O)(CC1)c1ccc(cc1)F)C,5,0.48333333333333334,1.2020956700696934,0.999322221610669
46034633,Cc1nc(c(c(n1)NCc1cc(no1)-c1ccc(cc1)F)C)C,5,0.3508771929824561,1.348794276381906,0.9992337535960044
49144758,CSCCc1nc(n(n1)CCO)-c1cc(nc2cc(ccc12)F)C,5,0.4032258064516129,1.5373883699311823,0.9983845049510757
316756775,[2H]C([2H])([2H])NC(=O)c1nnc(cc1Nc1cccc(c1OC)-c1ncn(n1)C)NC(=O)C1CC1,5,0.29411764705882354,2.724402870355034,0.9989188759892258
178528031,CC(=O)N1CCc2ccc(cc21)N(C1CCN(CCC2CCCC2)CC1)C(=O)/C=C/c1cccc(c1)C#N,5,0.26744186046511625,6.07368915898757,0.9952378435197905
4899313,Clc1ccc(cc1)CN1C=Nc2c(oc3ccccc23)C1=O,5,0.3559322033898305,1.5786373871159545,0.9992859652122218
31908762,NC(=O)c1cccc(c1)CN1C=Nc2c(oc3ccccc23)C1=O,5,0.3333333333333333,1.6381916859762147,0.9991069802869261
53747827,Fc1ccc(cc1F)CN1C=Nc2c(oc3ccccc23)C1=O,5,0.3770491803278688,1.5478126501617226,0.9992895785014689
13535869,COc1ccc(cc1NC(=O)CN(Cc1ccccc1)C(C)C)NC(=O)C,5,0.36923076923076925,1.6920839222688413,0.9995365706482322
2171363,COc1ccc(cc1)S(=O)(=O)N1CCC(CC1)N1CCC(C)CC1,5,0.3,1.5312256528674388,0.9988239853286335
177307791,CC(C)Nc1ccc(cn1)-c1cc2c(cc1CO)OCCO2,5,0.30158730158730157,2.3643424032909026,0.9981635466999184
49954298,CCC1(CC)NC(=O)N(CC(=O)N2CCOCC3(CCCC3)C2)C1=O,5,0.3,2.943672875847547,0.9986698143484287
46036273,Cn1nc(c2c(cccc12)Cl)-c1cn(nn1)Cc1ccc(cc1)CO,5,0.3880597014925373,1.4577880504376217,0.9989116834276601
11654209,Brc1ccc(o1)-c1nnc(o1)Cn1cnc2ccccc12,5,0.5849056603773585,2.759815211205251,0.9982220490751652
49945424,CCc1cnccc1C(=O)Nc1cnccn1,5,0.39215686274509803,1.393953729505105,0.9993010711253008
43079475,CC(C)c1nccn1-c1cccc(c1)-c1ccnc(n1)C,5,0.38333333333333336,1.6527498298292025,0.998609988021999
13159362,CN(C(=O)COc1cccc2ccc(nc12)C)c1ccccc1,5,0.4,1.7355238402282227,0.9992151000874503
45639971,O=C(COCC1CC1)N1CCCc2ncccc21,5,0.4918032786885246,1.387834284055865,0.9988691347667578
177454167,CCOCCC(=O)N1CCC2(CCCN(C)CC2)CC1,5,0.3448275862068966,1.957535440291775,0.9993397001552893
177418075,COCC(C)(C)C(=O)N1CCCC2(CCNCC2)CC1,5,0.31666666666666665,2.1250204704892917,0.9984844883026239
55628764,Cc1cccnc1CN1CCC(O)(CC1)c1ccccc1,5,0.3787878787878788,1.7430413075999684,0.9985842806377787
104352855,O=C(CSC1CCCC1)NCCN1N=C2CCCCC2=CC1=O,5,0.5714285714285714,1.8215685548449836,0.9984737200909917
152525,CN(C)c1cccc(c1)C(=O)N1CCCC(C1)c1cccc(n1)-c1cccs1,5,0.4788732394366197,2.2829653961459475,0.9981682779552719
49316037,N#Cc1ccc2nc(ccc2c1)NCCn1ccnc1,5,0.5094339622641509,2.095376099892455,0.9988830495050737
1548054,Cc1ccc(cc1)NC(=O)c1c(n(n[n+]1Cc1ccccc1)-c1ccc(cc1)C)[O-],5,0.3968253968253968,1.63300551131943,0.9987182322794192
1548060,[O-]c1c([n+](nn1-c1ccccc1)Cc1ccccc1)C(=O)Nc1ccccc1,5,0.45614035087719296,4.855544562662292,0.988552707273111
207509,Clc1ccc(cc1)-c1c[nH]nc1C1CCCN(C1)C(=O)CCOc1ccccc1,5,0.6376811594202898,1.9179053678423545,0.9983234834898401
222782930,CN(CCCC1CCCC1)CC1=CC(=O)NC(=O)N1,5,0.3888888888888889,2.7564673043589303,0.9934708064068571
36260547,N#CCCCN1CCC(CC1)c1c[nH]c2ccccc12,5,0.3939393939393939,1.5510641508327871,0.9987208795452972
48337674,CC(=O)N1CCN(CC1)c1nc(nc2sc(c(c12)C)C)C(F)(F)F,5,0.36363636363636365,2.9607411234351813,0.9994057085315763
280546,O=C(N1CCOCC(C1)Cc1cccc2ccncc12)c1cccc(c1)Nc1ncccn1,5,0.43037974683544306,2.032546186437026,0.998318434152152
49056878,CCOC(=O)c1cccnc1SCc1cccnc1,5,0.41379310344827586,1.520463087351891,0.9994045553909442
31878736,CN(Cc1ccccc1)C(=O)c1ccc(nc1)-n1cccn1,5,0.4745762711864407,1.631734353379948,0.9984362744290521
49925402,NC(=O)c1csc(c1)CN1CCc2cc(ccc2C1)F,5,0.3225806451612903,2.1173785679465764,0.9968959144398165
82728121,Cc1cc2nc([nH]c2cc1C)CCC(=O)N1CCc2n[nH]cc2C1,5,0.4605263157894737,2.6929168201041787,0.9963719931255139
324134429,CC(C)(O)CCn1cc2cc(c(cc2n1)OCC1COC1)NC(=O)c1ccn(n1)C(F)F,5,0.7714285714285715,3.5794221600698197,0.9983049951990541
42897127,FC(F)c1nc2cc(ccc2[nH]1)C(=O)OCc1cc(ccn1)Cl,5,0.26666666666666666,2.740307282039524,0.9992810531678146
43583679,O=C1CCCc2c1[nH]c1cc(ccc21)-n1ccnc1-c1ccncc1,5,0.28,1.6755903437294242,0.9994268040479936
49300427,Cc1nsc(n1)NCc1cncs1,5,0.27450980392156865,1.7071646083490695,0.9996708896126777
60174406,Cc1cc2c(cccc2n1-c1nc2c(c(n1)NCc1ccccc1)COCC2)C(=O)N,5,0.27380952380952384,2.2041141077537945,0.9983714577003018
44492208,CN(CC(=O)NC1CC1)C(=O)C1C2CC3CC(C2)CC1C3,5,0.4230769230769231,1.2561683804325756,0.9991214520066674
41560058,CCC1(O)CN(C1)c1ncccc1C#N,5,0.52,0.9579436309093827,0.9985196515798122
49915301,CCNC(=O)C1CN(C1)c1cccc(n1)C#N,5,0.3055555555555556,0.9812818147708121,0.9989111896617552
36427432,CCc1nc2cc(ccc2o1)-c1c(cccc1OC)OC,5,0.32727272727272727,1.4920599853893501,0.9990615827111419
46041909,Cc1cc2cc(ccc2o1)C(=O)N(Cc1ccc2c(c1)OCO2)C1CC1,5,0.35384615384615387,1.992469573167552,0.99903622163035
49132706,CC(=O)N1CCN(Cc2nc(cc(n2)C(F)(F)F)O)C(C)(C)C1,5,0.2878787878787879,2.472734923116565,0.9984189028459954
321036,COc1ccc(c(c1C)C)CN1CCc2nc(nc(c2C1)O)-c1cccnc1,5,0.32098765432098764,2.4916053058220813,0.9980131526127224
42961772,Cc1cccnc1CNc1ccc(cc1F)C#N,5,0.3392857142857143,1.6170191711912425,0.9983531510124075
49672228,CC(C)COc1cc(cc(c1)-c1cncc(n1)C(=O)N1CCCC1)F,5,0.2972972972972973,1.5445779358776635,0.9991964337855611
43397821,Cc1cc(cc(c1)C(=O)Nc1nn(cc1C#N)C(C)(C)C)C,5,0.5098039215686274,1.404111462812397,0.9988286384236938
44105331,Cc1cccc(c1)N1CCN(CCCCNC(=O)c2c(cccc2F)F)CC1,5,0.3787878787878788,2.724143718675532,0.9974076210752644
25678159,Cn1ncnc1COc1nn2c(nnc2cc1C(C)(C)C)-c1cc(ccc1F)F,5,0.5068493150684932,0.388361944584015,0.9999196107687125
43249211,OC(=O)c1ccccc1-n1cnc(c1)CN1CCCC1,5,0.3333333333333333,2.064654692678678,0.9972896820836767
232885372,Cc1nc(c[nH]1)CN1CCC(CC1)CNC(=O)COc1ccccc1Cl,5,0.4189189189189189,2.369235741753079,0.9973784732791742
23280366,COc1ccc(cc1OC)CC(=O)N1CCc2[nH]c3ccc(cc3c2C1)Cl,5,0.4657534246575342,1.7244413588172387,0.9990572685945076
338392,CCOC(=O)C1(CCN(CC1)Cc1ccccc1O)Cc1cc(no1)-c1ccc(cc1)F,5,0.32941176470588235,1.9959158298890933,0.9984703251220818
Z224124934,Cc1nn(c2sc(cc12)C(=O)N1CCC(CC1)(C(=O)O)c1ccccc1)C,5,0.35294117647058826,3.2573740958015924,0.9947501061038384
23829815,O=C(N1CCN(CC1)Cc1cccnc1)c1ccccc1-n1cccn1,5,0.3793103448275862,1.237997172856599,0.998895018098811
48931485,CN(CC(=O)Nc1cccc(c1)S(=O)(=O)N1CCCC1)C1CCCCC1,5,0.5423728813559322,2.315538166388181,0.9966947723412325
73052466,CCOC(=O)CCN1CCC=C(Br)C1,5,0.2777777777777778,2.2349093941366207,0.996960832131469
49159718,CS(=O)(=O)CCc1nc(nn1-c1ccccc1)C1(CC1)c1ccccc1,5,0.34375,1.8173076239317072,0.998521932842092
73016554,Cc1cc(cc(n1)N1CCc2c(ncn2CCc2ccccc2)C1)C#N,5,0.576271186440678,1.661614275335836,0.9982215257139107
36695013,Cc1cnn(c1)C1CN(C1)CC1(O)CCCCC1,5,0.3793103448275862,1.743629834569391,0.9980848216434216
320451104,CNc1ccc(cc1)/C=C/c1ccc(nc1)OCCOCCOCCF,5,0.2898550724637681,2.0065599916273857,0.9978915309981028
48671463,COc1ccc(c(c1)OCc1ccccc1)N,5,0.40425531914893614,1.3059643946141783,0.9988672564284061
48597409,CN(C)c1ncn(n1)-c1cccc(c1)N,5,0.29411764705882354,1.3493276103302183,0.999206355559638
82709621,O=C(CN1N=C(Cc2ccccc2)c2ccccc2C1=O)NCc1ncc[nH]1,5,0.59375,3.5330345313911704,0.9965379442771851
31357352,O=C(CCc1ccc2c(c1)OCO2)Nc1cccc2cnccc12,5,0.47540983606557374,1.1849569612435602,0.9989604967326736
32433398,Clc1cccc(c1)N1C(=O)NN=C1CCCN1CCOCC1,5,0.45161290322580644,2.0180698699500277,0.9980913502944415
73053174,CCN1CCN(CC1)C(=O)CNc1ncnc2onc(c12)C,5,0.421875,2.716713455630073,0.9979615332049997
48745204,CS(=O)(=O)NC1CCCN(C1)c1nc2ccccc2o1,5,0.3064516129032258,1.3246486326569669,0.9983326346846378
31895184,CC(C)C(=O)N1CCC(CC1)Nc1ncnc2ccsc12,5,0.3333333333333333,2.1510450948318307,0.9989280917536393
260568164,CN(C)c1nc(nc(n1)Sc1ccccc1)N,5,0.25,2.1005642099205937,0.9983980996990659
11813013,CC(N1CCC(CC1)N1C(=O)Nc2ccccc21)c1nnc(o1)-c1cccs1,5,0.4225352112676056,2.282857200965477,0.9985532830349695
49942184,C(Nc1nnc(o1)-c1ccncc1)c1cncs1,5,0.5098039215686274,2.0311287502274125,0.998526390655725
49942182,Cc1ncsc1CNc1nnc(o1)-c1ccncc1,5,0.5185185185185185,2.436193957795541,0.9987858352134006
32021126,CN(Cc1ccccc1N1CCCC1)C(=O)c1cccc(c1)Cn1ccnc1,5,0.4393939393939394,2.116833720441449,0.9987815113636409
36988038,CCc1ccc(c(c1)C(=O)CSc1nncs1)CC,5,0.44642857142857145,1.8502926795510737,0.9988459399786291
36905836,CCCc1ccc(cc1)C(=O)CSc1nncs1,5,0.43636363636363634,1.0195959984228264,0.9984172502381851
42961472,Cc1ccc(cc1F)-c1noc(n1)CCC(=O)N1CCCC1(C)C,5,0.34328358208955223,2.0346476353413285,0.9986339359104093
49088739,CC(C)OCCS(=O)(=O)N1CCc2ccccc2CC1,5,0.3728813559322034,1.2149156349305954,0.9990084759960316
44508995,CN(C)S(=O)(=O)CCCN1CCc2ccccc2CC1,5,0.4489795918367347,1.6895067327476474,0.9988081036764905
36966070,CC1(CCOCC1)c1nnc(o1)-c1ccc2c(c1)OCCO2,5,0.5454545454545454,1.7212724944065103,0.9992355451938737
35754411,CCN1CCc2ncnc(c2C1)N1CCNc2ccccc2C1,5,0.4482758620689655,1.4325061954489038,0.9985900089406098
75983310,CC(C)c1nc2c(n1C)CCN(C2)C(=O)c1cccc(c1F)C(F)(F)F,5,0.38235294117647056,1.6685062181486028,0.9982535877473028
25014865,C1CC1N1CCC(CC1)Nc1ncnc2ccsc12,5,0.43333333333333335,2.7371096068665,0.997840019607908
902055,CCC[C@@H]1C[C@H](N(C)C1)C(=O)N[C@H]([C@@H](C)O)[C@H]1O[C@H](SC)[C@H](O)[C@@H](O)[C@@H]1O |r|,5,0.20270270270270271,6.664135352767362,0.9981375797021327
25633058,CCOC(=O)N1CCC(CC1)Nc1nc2ccccc2s1,5,0.3870967741935484,1.320447272707053,0.9989538868870094
177405420,CN(Cc1c(nn(c1C)C)C)C(=O)NCc1cnc(c(c1)C)C,5,0.5454545454545454,1.609205083262684,0.9995604536408218
295413823,CC[C@H]1N(c2ccn(n2)C)c2nc(ncc2N(C)C1=O)-n1ccnc1-c1ccc(cc1)F |r|,5,0.2911392405063291,2.2018728391984905,0.9994333784117315
Z57841791,Cn1c(nc2ccccc12)CNC(=O)Cc1ccccc1,5,0.7021276595744681,1.727803518922065,0.9983890140136504
48373672,O/N=C\1/CCCc2c1cnc1ncnn21,5,0.2112676056338028,1.1127870416213097,0.9995997647339625
50612278,CCOc1cc(ncn1)N(C)CC1CCN(C)CC1,5,0.3333333333333333,0.9165686008149625,0.9993861977482998
31246617,CN(Cc1ccccc1)C1(Cc2ccccc2C1)C(=O)N1CCNC(=O)CC1,5,0.3125,1.7885597557815138,0.9982856804015252
301949756,NC1CCCC(C1)C(=O)N1CCC(CC1)c1c[nH]c2ncccc12,5,0.8846153846153846,2.3328872668862264,0.9981622547979883
27368582,O=C(C1CCCN(C1)C(=O)c1cccc2ccccc12)N1CCc2ccccc2C1,5,0.5161290322580645,2.4045652413687915,0.9996087285013135
12602676,Clc1ccc(c(c1)Cl)-c1ccc(o1)CNCC1CCCO1,5,0.26865671641791045,2.5955766218704857,0.997530668406386
49912141,CN(Cc1nc(no1)-c1cccnc1)c1ccnc(n1)C,5,0.4727272727272727,2.0135486087998227,0.9980389634614418
31835550,CC(=O)Nc1cccc(c1)OCC(=O)N1CCCCC1,5,0.5192307692307693,1.5771680316313978,0.9979665799346831
45753290,Cc1nnc(o1)-c1ccccc1NCc1ccsc1,5,0.36363636363636365,1.6701380182491614,0.9993236713470877
50282148,CS(=O)(=O)c1ccc(nc1)-c1nnc(n1-c1ccccc1Cl)/C=C/c1nnc(o1)-c1ccc(cc1)C#N,5,0.24096385542168675,2.643270512074449,0.9979106570667662
50127813,Fc1cccc(c1)CNC(=O)c1[nH]nnc1-c1ccccc1,5,0.42592592592592593,2.2598163642208964,0.9990782287935002
16664610,Cc1nc2cc(ccc2o1)NC(=O)CCc1c(nc2n(nc(c2c1C)C)C)C,5,0.639344262295082,2.12704513351287,0.9989562455514416
29640121,CN(Cc1ccc(cc1)Cl)C(=O)c1ccc(nc1)-n1ccnc1,5,0.4666666666666667,1.762841456285626,0.9971083919820033
24121680,Cc1ccccc1CNC(=O)c1ccc(nc1)-n1ccnc1,5,0.6,2.8118543703399292,0.9980602399124308
30197060,CN(Cc1c(cccc1Cl)F)C(=O)c1ccc(nc1)-n1ccnc1,5,0.42424242424242425,1.6516967033933247,0.9984880671011523
18815715,Fc1ccc(cc1)CNC(=O)c1ccc(nc1)-n1ccnc1,5,0.6226415094339622,2.1827947681817674,0.9985528446506728
177369616,O=C1N(Cc2ccc3c(c2)CCCO3)C=Nc2ccncc21,5,0.48333333333333334,1.2702527307588807,0.9984106507800445
30455813,COc1cccc(c1)OCCCn1cncc1-c1cc2c(cc1OC)OCCCO2,5,0.32051282051282054,2.4719617715489264,0.9977253382303054
49307701,Clc1cc2ncc(nc2cc1Cl)-n1ccnc1,5,0.3191489361702128,1.94330903358148,0.9986407460264476
27352131,FC(F)Oc1ccccc1NC(=O)CCc1ccco1,5,0.4307692307692308,1.6363550959372941,0.9989883885451792
48339892,Cc1ccc(cn1)CC(=O)Nc1nc(no1)C,5,0.4444444444444444,1.6886373204449623,0.9988634137075914
48760016,CCc1ccc(o1)CNc1nncs1,5,0.29411764705882354,1.3900672645595973,0.9996244317467193
48304378,Cc1cc(nn1C)OCc1ncc(o1)C(C)(C)C,5,0.3076923076923077,1.5694218680772085,0.9994713296424867
316806315,CC(C)c1noc(n1)CN1CCC(CC1)N1C(=O)Nc2ccccc21,5,0.6666666666666666,2.026117716224625,0.9992957043294509
36259510,COCCNc1ncnc2ccsc12,5,0.3064516129032258,2.5401999921265217,0.9983761914381888
31609908,CC(=C)COc1cccc(c1)C(=O)NCc1nncn1C1CCCCC1,5,0.352112676056338,2.023409993056284,0.9986186776638697
48758078,CCc1nnc(c(c1CC)C#N)N1CC(C1)N(C)C,5,0.5102040816326531,1.7510662466053426,0.9990067469421468
32074520,Cc1ccccc1NC(=O)Cn1nnc(n1)C1CC1,5,0.35384615384615387,1.4706342169281474,0.9986738195619869
300636138,CC(C)(C)Sc1c(n(c2ccc(cc12)OCc1ccc2ccccc2n1)Cc1ccc(cc1)Cl)CC(C)(C)C(=O)O,5,0.3103448275862069,8.225166502873998,0.994941780351631
45475529,CCN1CCN(CC1)Cc1ccc(nc1)Nc1ncc(c(n1)-c1cc(c2nc(n(c2c1)C(C)C)C)F)F.CS(=O)(=O)O,5,0.2716049382716049,3.1806004150160434,0.998730204989892
30400370,Oc1cc(c2sc(nc2n1)SCC(=O)c1ccc(cc1)-c1ccccc1)O,5,0.30303030303030304,3.2228459472956925,0.9927510275764877
43248547,OC(=O)c1ccccc1-c1ccc(cc1)CN1CCCCC1,5,0.6216216216216216,3.7221336622963705,0.9912871040567569
2066408,OCC1CCCCN1Cc1ccc(cc1)-c1ccccc1,5,0.6428571428571429,2.1003792514686306,0.9981945279132027
1487936,N#Cc1cc2c(nc1SCc1cccnc1)CCCCCC2,5,0.3235294117647059,1.49184147951427,0.9980950430059417
231817334,CSc1ncccc1C(=O)Nc1ccc(cc1)N1CCCCC1=O,5,0.5,1.596462965433259,0.9988874258994457
31507466,Cc1cc(no1)-c1nncc2c(c(nn12)OCc1ncnn1C)C(C)(C)C,5,0.34146341463414637,2.270353276473949,0.9994056067178188
42957976,Cc1cc(no1)CNc1ncc(cc1Cl)C(F)(F)F,5,0.36065573770491804,2.3272754456658986,0.9988086250302376
44566730,CCc1nnnn1Cc1noc2c1CCCC2,5,0.26229508196721313,1.392792159656375,0.9995450085927934
44811418,CC(C)NC(=O)COc1cccc(c1)-c1nc(c2ccccc2n1)Nc1ccc2[nH]ncc2c1,5,0.352112676056338,3.1046307348858853,0.9972805842647832
49976422,Cn1cc(cn1)-c1nnc(o1)NCc1ccc2ccccc2c1,5,0.4032258064516129,1.6914334157749527,0.9982744112203039
300062043,C1CC(CCN1)CNCc1ccc(cc1)OCc1ccccc1,5,0.3508771929824561,2.356872928267499,0.9963110828344488
49933492,O=C(N1CCCO1)c1ccc(cn1)C#N,5,0.3392857142857143,1.714302773724679,0.9986466266914875
48817782,Clc1cncc(c1Cl)NC(=O)c1cccc(n1)-n1cccn1,5,0.40625,4.375223537146476,0.9984063076222373
44529882,COC1CCN(CC1)C(=O)Nc1cc(cc(c1)C(F)(F)F)C(F)(F)F,5,0.38095238095238093,1.7834379720081446,0.9982013095533547
49383448,CN1CCN(CC1)S(=O)(=O)c1ccc(cc1)-c1cnc(c(n1)C(=O)Nc1cccnc1)N,5,0.3333333333333333,3.116344974485237,0.9966140372834141
73019382,CN(C)C1(CCOCC1)CNC(=O)N1CCC=C(C1)c1ccccc1,5,0.5172413793103449,1.9635511197824467,0.9987478176566656
53839506,CSC1(CCOCC1)CNC(=O)N1CCC=C(C1)c1ccccc1,5,0.3484848484848485,2.3762049574900335,0.9990626965340379
49992529,CCn1cc(cn1)C1CCN(CC1)Cc1ccc(cc1)C#N,5,0.41818181818181815,2.0485328896553243,0.9988606338105434
46092427,COc1ccc(c(c1)OC)Cc1ncnn1-c1ccc2c(c1)OCO2,5,0.48484848484848486,1.3619269437088277,0.9989306988451918
50310131,COCc1ccccc1CNc1ccc2nnc(n2n1)-c1ccccc1,5,0.3548387096774194,2.2936760887274588,0.998931024251972
3347988,CN(Cc1ccc(cc1)Br)C(=O)c1cc(on1)C,5,0.6444444444444445,1.5519455531685664,0.996067327746758
540123,COc1cc2nc(sc2cc1OC)N,5,0.4444444444444444,1.1580544028675255,0.9993414873061344
6180154,Cc1cccc2sc(nc12)NC(=O)C(C)(C)C,5,0.5833333333333334,0.6438012115554407,0.9996017735331774
3321097,CCC(CC)NC(=O)c1ccc2ncsc2c1,5,0.4426229508196721,1.5922188919866935,0.9996284490281157
82717689,NCCOc1cccc(c1)CC(=O)N1CCCN(CC1)C(=O)C1CCC1,5,0.625,1.4948514976409035,0.9986469480229331
310450,COc1cc(cc(c1OC)OC)CN1C[C@H]2CCC3=C(N=C(C)NC3=O)[C@H]2C1 |r|,5,0.30666666666666664,1.8430854565102122,0.9987209066439082
LN01342817,C[C@H]1CC[C@@H](CC1)n1c2cnccc2c2cnc(nc12)Nc1ccc2c(n1)CCN(C2)C(=O)CO |r|,5,0.3402061855670103,2.8485482267287616,0.9992387056937643
35281979,CN(Cc1cnn(c1)C)C(=O)Cn1c(cc2ccccc12)C,5,0.4375,2.83077568874665,0.9981112152492465
43664822,Cc1nc(nc2ccccc12)CN1C(=O)CN(C2CCCC2)C1=O,5,0.3225806451612903,2.018299284050497,0.9986903923483602
151085,COc1ccc(cc1)-c1cccc(n1)C1CCCN(C1)CC(=O)Nc1ccccn1,5,0.4520547945205479,2.078347661003942,0.9984796830728386
194348513,COc1cc(ccc1Nc1ncc2c(n1)N(C)c1ccccc1C(=O)N2)N1CCN(C)CC1,5,0.43023255813953487,3.0251109070576767,0.998170933379489
2258851,O=C(NCCc1ccccc1)c1cnccn1,5,0.3958333333333333,1.6741463496363118,0.9985472842557631
265683,COc1cccc(c1)CC(=O)N1CCOC(C1)c1cc(cc(n1)C)Nc1nnc(s1)C,5,0.6842105263157895,1.959738502963948,0.9995261545900012
301758325,NCC1CCCC1NC(=O)c1cc(ccc1F)N1CCNC1=O,5,0.47761194029850745,1.9820093339840172,0.9982200968668241
32674428,COc1cc(cc(c1)C(=O)NCc1noc(n1)-c1ccccc1)OC,5,0.3548387096774194,0.9583261448997111,0.999208224094953
32441961,COc1ccc(c(c1)-c1nnc(o1)N)Br,5,0.3404255319148936,2.769472332412835,0.9944664402618109
48224722,C1CN(CCO1)Cc1nc(c2c(csc2n1)-c1cccs1)N1CCc2[nH]ncc2C1,5,0.5633802816901409,3.038074554714366,0.999010840791023
53815325,CN(CCSc1ccc2nnnn2n1)Cc1ccccc1,5,0.6,2.275461271918317,0.9984645519170162
158151,Cc1[nH]c2ccc(cc2c1CC(=O)N1CCC(CC1)Cc1ncncc1C(=O)N)Cl,5,0.2894736842105263,2.564814223290746,0.998284667943931
48791655,Cn1cc(cn1)CCNC(=O)N1CCCc2c(cccc21)F,5,0.4696969696969697,2.044606074528849,0.9992092058729614
45688619,COCc1ccccc1CNc1ccc2cc(ccc2n1)C#N,5,0.3709677419354839,1.7533639097459262,0.9984019425836188
35689572,CN(Cc1ccc(o1)C)c1ncnc2n(ncc12)C,5,0.4642857142857143,1.3414193975048831,0.9995789452476004
49969678,Cn1cc(c(n1)C(C)(C)C)CNc1ncccn1,5,0.3404255319148936,1.6251027659811583,0.9995022235206427
45816980,COc1nn(cc1C(=O)Nc1cccc(c1)-c1cnc2n1CCC2)C,5,0.38961038961038963,2.4947222290270394,0.9981527503280816
1530850,CCOC(=O)c1ccc(cc1)OCC(=O)c1c[nH]c2ccccc12,5,0.3387096774193548,1.8235701247828842,0.9979962631926962
43423819,Cc1ccc(cc1)Nc1ccnc(n1)Nc1ccc(cc1)C,5,0.35714285714285715,3.0874322664637126,0.996901501901263
46339059,COCCOc1ccc(cc1)Nc1ncc(c(n1)Nc1cccc(c1)NC(=O)C=C)F,5,0.676056338028169,2.1484315209010156,0.998924090220879
9879245,COc1ccc(c(c1)OC)NC(=O)c1snnc1C,5,0.3770491803278688,1.7577047533644004,0.9995721009970524
43881453,CN(CC(=O)Nc1cccc(c1C)C)CC1=Nc2ccccc2C(=O)N1,5,0.352112676056338,1.9807241100163075,0.9989978490648448
43964901,CN(CC(=O)Nc1cccc(c1C)C)CC1=Nc2ccc(cc2C(=O)N1)Cl,5,0.3466666666666667,1.990214310067944,0.9982038044423509
24126665,Clc1ccc2c(ncnc2c1)Oc1cccnc1,5,0.3389830508474576,2.062403209850139,0.9969707211670026
89937183,C[C@@H]1CC(=O)Nc2cccc(c2N1)-c1ccc2n(nc(c2c1)-c1cnn(c1)C)C |r|,5,0.3142857142857143,1.557942874433997,0.9992331212657932
197945,Cc1cc(cc(n1)C1CCCN(C1)CC(=O)Nc1ncc(s1)C)Nc1ccccn1,5,0.6052631578947368,2.764613535378414,0.998602225926344
314274,CCN(CC)CCCNc1ncc(c(n1)-c1ccco1)-c1cc(no1)C,5,0.5373134328358209,4.433960081011139,0.9972018454641544
232902536,COCC1(CCC1)CNS(=O)(=O)c1ccccc1,5,0.5769230769230769,1.3860194803824917,0.9970726561250144
42653736,O=C1Nc2ccccc2N1C1CCN(CCOc2ccccc2)CC1,5,0.6296296296296297,2.3355862219152765,0.998272920416128
LN01309001,CCCc1cc(nc(c1CNC(=O)c1cc(cc2n(ncc12)C(C)C)-c1ccc(nc1)N1CCN(CC1)C(C)C)O)C,5,0.32407407407407407,5.540737496037741,0.9964394409565187
35771333,NC(=O)c1ccc(cc1)Oc1ccc(cc1)C(=O)N1CCCCCC1,5,0.46511627906976744,2.2464351760067696,0.9974262949922678
43212065,CCc1cc(on1)CN(C)c1nccc(n1)-c1ccc(nc1C)C,5,0.2878787878787879,1.5638247983707239,0.9986909552294171
150731,Clc1cccc(c1)-c1cccc(n1)C1CCCN(C1)C(=O)c1ccccn1,5,0.7049180327868853,0.6255197838594792,0.999660321737913
53819787,COC1=NN(Cc2noc3c2CCCC3)C(=O)C=C1,5,0.28125,1.9673810002130827,0.9983136046579479
313516125,Oc1nc(nc(c1C#N)C1CC1)SCc1cccc(c1F)F,5,0.25757575757575757,0.8526253573517828,0.9993088012097243
49435320,CNc1nc(nc(n1)N[C@H]1CCC[C@H](C1)C(=O)NCc1ccc(cc1C(F)(F)F)C#N)C |r|,5,0.2926829268292683,2.9449842104838635,0.9972881376575524
31991615,Cc1noc(c1CS(=O)(=O)C1CCCc2ccccc21)C,5,0.39344262295081966,1.2463891848055746,0.9989028212006783
49383509,CCC(=O)Nc1cccc(c1)Oc1nc(ncc1Cl)Nc1ccc(cc1OC)N1CCN(C)CC1,5,0.4772727272727273,2.7834334912116527,0.9974138532082598
414840,Cc1cc(sc1C)C(=O)N1CCC(CC1)C(=O)c1ccnn1C,5,0.3188405797101449,2.6113689896294674,0.9985343546919133
31854715,CNC(=O)CCc1nc(no1)-c1ccccn1,5,0.31343283582089554,1.0339970986414868,0.9993948642837496
11835068,O=C(Nc1ccc2c(c1)OCCCO2)c1cnn(c1)Cc1ccccc1,5,0.421875,1.5002849729301815,0.9986257600251012
2258308,O=C(Nc1nc2ccccc2[nH]1)c1ccncc1,5,0.6590909090909091,2.576277935316892,0.9985550721719932
15987806,CCCc1nc2nc(c(c(n2n1)O)NS(=O)(=O)c1ccc(cc1)C1CCCCC1)C,5,0.3698630136986301,3.673486899391491,0.9968293961429707
53752451,Fc1ccc(cc1)CNC(=O)C1CCN(CC1)C(=O)/C=C/c1ccc(cc1)F,5,0.36507936507936506,1.8038561472581662,0.9992143927849076
26060327,Fc1ccc(cc1)CNC(=O)C1CCN(CC1)C(=O)/C=C/c1ccccc1,5,0.3870967741935484,1.9785461834388989,0.9988467334283145
20593051,CN(Cc1ccc(cc1)C)C(=O)c1cn(nn1)Cc1ccccc1F,5,0.3484848484848485,1.5606332048242189,0.9982863673201489
48314264,Cc1nccn1-c1cncc(n1)N1CCN(CC2CCCC2)C(=O)C1,5,0.2753623188405797,2.5709204577352494,0.9986204294305886
36910847,O=C(CN1CCC(CC1)c1ccccc1)N1CCNC1=O,5,0.5,2.72989248872556,0.99540156397384
25610913,COc1ccc(cc1OC(C)C)-c1nnc2ccc(cn12)C(F)(F)F,5,0.29310344827586204,1.1527059468922929,0.9991938573138155
37153210,Cc1csc(c1)-c1nnc(c2ccccc12)Nc1ccc(cc1)Oc1ncccc1-c1ccnc(n1)N,5,0.26436781609195403,3.675370729599795,0.9987164934745261
30748239,Cc1cccnc1NC(=O)CCn1cnc2ccccc12,5,0.4426229508196721,1.3581049296723708,0.9992296141860908
48303504,CC(C)c1cccc(n1)CN1C(=O)N(C)C2(CCCCC2)C1=O,5,0.4098360655737705,1.9113853614592262,0.9995119503649788
36918888,CC(C)c1ncncc1C(=O)N1CCN(CC1)c1cccc(c1)C,5,0.3230769230769231,1.5698541333513092,0.999013998323835
29703109,CN(C)c1ccnc2sc3c(c12)N=CN(N1CCCCCC1)C3=O,5,0.22058823529411764,1.5696681177878755,0.9988773698808328
49094148,CC(C)c1nsc(n1)N1CCC(CC1)Nc1cccnc1,5,0.31746031746031744,1.4358857893297106,0.9989258436532854
422202,CC(C)N(C(C)C)C(=O)CN1C=CC=C2C=C(N=C12)C(F)F,5,0.6181818181818182,1.622261692822585,0.9992125663129855
31901754,Cc1ccc2nc(c(cc2c1)C(=O)N1CCC(CC1)C(=O)Nc1ccncc1)C,5,0.3939393939393939,2.1189693249313555,0.9984715148537091
42901988,CC(C)c1noc2nc(cc(c12)C(=O)N1CCN(C)C(=O)C1)C1CC1,5,0.28888888888888886,2.5517746765729576,0.9991394522420849
4498619,Clc1ccc(cc1)S(=O)(=O)Nc1cccc(c1)-c1nc2ccccc2[nH]1,5,0.3287671232876712,1.2343577277275357,0.9993416491729035
2500471,Cc1ccc(cc1NS(=O)(=O)c1ccc(cc1)Cl)-c1nc2ccccc2[nH]1,5,0.3055555555555556,1.4681113717973435,0.9991984902920429
45657759,O=C(Nc1nncs1)c1ccc(nc1)N1CCC2(CCCCC2)C1,5,0.4482758620689655,3.013614938906254,0.9970720432943633
43127347,Cn1ncc2cc(ccc12)-c1ccnc2[nH]ccc12,5,0.4807692307692308,0.9726093768824409,0.999794979961693
32106016,CN(CC(=O)NC1(CCCCC1)C#N)c1cccc(c1)C#N,5,0.7291666666666666,1.6004986722895744,0.9989764576626259
31911519,CCn1cc(cn1)NC(=O)c1ccccc1C,5,0.4107142857142857,0.9531668269512898,0.9996832335607737
31928328,Cn1cc(cn1)NC(=O)c1ccccc1C(F)(F)F,5,0.48148148148148145,1.6704885512927004,0.9987788852695119
1311623,COc1ccc(cc1)CNCc1cccc2ccccc12,5,0.3888888888888889,2.076462376254434,0.9989015522380763
LN01341916,NC[C@@](O)(c1ccc(cc1)Cl)c1ccc(cc1)-c1cn[nH]c1 |r|,5,0.4583333333333333,2.527985759453968,0.9980781825463789
49976216,CNC(=O)Cc1nc(cs1)-c1cncc(c1)C,5,0.4423076923076923,0.913720416757766,0.9994652261812307
13329354,CCN1CCN(CC1)S(=O)(=O)Cc1ccc(c(c1)Cl)Cl,5,0.34615384615384615,2.040889756944303,0.9963741940296609
13329162,CN1CCN(CC1)S(=O)(=O)Cc1ccc(c(c1)Cl)Cl,5,0.36,1.3096144470796864,0.9966828577988227
30173146,Cc1c(n(c2ccc(cc12)O)Cc1ccc(cc1)OCCN1CCCCCC1)-c1ccc(cc1)O,5,0.3968253968253968,3.918973590112619,0.9975072441081286
31858299,CCc1ccccc1NC(=O)Cn1nc(cc1C)C,5,0.42105263157894735,1.2660446279657172,0.9991180529287165
383970,Cc1ccc(cc1)S(=O)(=O)N1CCC(C1)c1nnc(o1)-c1cccnc1,5,0.36363636363636365,1.564350024770954,0.9993124127721853
184567,CNC(=O)c1sc2ncccc2c1[C@H]1CC[C@@H](CC1)CNC(=O)CCc1ccccc1 |r|,5,0.3068181818181818,2.9197794437252433,0.9978617273822601
48755678,Cc1nc(c(s1)CNc1cnn(c1)-c1ccccc1)C,5,0.45098039215686275,1.2892389227755061,0.9992740268693286
36791100,Nc1nncc(n1)-c1ccccc1OC(F)F,5,0.3,2.295104572780938,0.9968001217524094
2344317,Fc1ccccc1CN1CCN(CC1)c1ncccn1,5,0.5111111111111111,1.4657683991683037,0.9992912154998718
2343643,Fc1cccc(c1)CN1CCN(CC1)c1ncccn1,5,0.46808510638297873,1.439682256610923,0.9993030199487503
218757,Cn1cc(cn1)CN1CCCC(C1)c1ccnc(c1)Nc1cnccn1,5,0.4025974025974026,4.134884037068385,0.9980664165900062
1527912,COc1cccc(c1)C(=O)C[n+]1cc(n(c1N)C)-c1ccc(cc1)F,5,0.3125,1.5455384175103868,0.99762136762478
3686549,Cc1c(oc2c(cccc12)F)C(=O)N1CCC(CC1)C(=O)Nc1ccc2c(c1)OCO2,5,0.3375,2.426640888141238,0.9990161680960007
48234480,C1CN(CCC1c1nc(n[nH]1)-c1ccccc1)c1ccccn1,5,0.7083333333333334,1.6353137313676456,0.9991417774217434
49344419,Cc1ccc(nc1)OCN1CCCCC1=O,5,0.4126984126984127,1.2224148232086065,0.9992230568904369
53798267,COCCN(C)c1ccc(cn1)CN1CCC2=NN(C)C(=O)C=C2C1,5,0.4788732394366197,1.7502085590007612,0.9983521277496766
299989682,CN1[C@@H]2CC[C@H]1C[C@@H](C2)OC(c1ccccc1)c1ccccc1 |r|,5,0.2653061224489796,1.4452892444073646,0.9989197860847917
5799127,Nc1ccc(nc1)Oc1ccccc1F,5,0.3170731707317073,1.1936125837137574,0.9991870538951976
20173881,Cc1cc(cc(c1)Oc1cc(ccn1)C#N)C,5,0.35555555555555557,1.7776712294459425,0.9989781904497632
36790963,Cc1ccnc(c1)Oc1cc(ccc1C)N,5,0.29545454545454547,1.3554578562241304,0.9992467652709393
36909737,Cc1cccc(c1C)Oc1cc(ccn1)CN,5,0.2631578947368421,2.0607539882285426,0.9977132661723203
45491581,Cc1cccc(c1C)Oc1ncccc1N,5,0.2916666666666667,1.0838311676636474,0.9988987135421151
49938986,CN(C)c1ccncc1CN1CCN(CC1)c1ccc(cc1)C(=O)N,5,0.3125,2.207201848495055,0.9964650071988613
34501664,Fc1ccc(c(c1)Cl)C(=O)Nc1nc(cs1)-c1ccccn1,5,0.5454545454545454,1.4419934119131006,0.9996346832615637
25831317,COc1ccc(cc1)/C=C/C(=O)c1c(nc2ccccc2c1N)C,5,0.328125,1.3107669510635234,0.9988323799272846
25831315,Cc1nc2ccccc2c(c1C(=O)/C=C/c1ccccc1)N,5,0.30158730158730157,1.3151608266673898,0.9988768283260006
152907,CC(C)N1CCC(O)(CC1)c1ccccc1F,5,0.29508196721311475,1.4063701504229462,0.99883153458164
68882212,COc1ccc(cc1-c1cccc(c1)C(=O)NCCN1CCCC1=O)Cl,5,0.4782608695652174,1.7918627179559472,0.9979567224594078
177303970,Fc1c(cccc1OC1CC1)CN1CCC(CC1)c1nnc2ccccn12,5,0.546875,1.5360621732208448,0.998939957050671
53808457,COc1cc(ccc1C)CN1CCC(CC1)C(=O)N1CCOCC1,5,0.5272727272727272,1.76164582138385,0.9987527587606707
49951840,Cc1cccc(n1)NCCN1C(=O)CCC1=O,5,0.46153846153846156,4.259324124787768,0.9872206817833564
32037496,N#Cc1ccccc1OCc1csc(n1)-c1ncccn1,5,0.3103448275862069,1.497420782545744,0.9990659721120925
48780034,CC(=O)N1CCCN(CC1)Cc1c(nn(c1Cl)C)C,5,0.32727272727272727,1.6057804955844108,0.9989738150265617
31968914,Cc1ccc(cn1)CNC(=O)c1cccs1,5,0.42,1.3690818090972032,0.9994370979912239
49863653,C[C@H](N1C2CCC1CC(C2)C(=O)O)c1ccc2ccc(c(c2c1)C(F)(F)F)O[C@H]1CC[C@H](CC1)C(F)(F)F |r|,5,0.2159090909090909,4.56234161368936,0.9977797676023308
46650374,CC(C)CCN(C)c1ncnc2nc(cc(c12)C)C,5,0.2857142857142857,1.4945624777840165,0.9982929210855539
342116,COc1cccc(c1)CN1Cc2ccccc2OC2(CCOCC2)C1,5,0.3333333333333333,1.9114769158947145,0.9993130947659858
36322410,Cc1ccsc1C(=O)NCc1ccc2c(c1)OCCCO2,5,0.6538461538461539,1.1682174455122676,0.999064332419501
295311420,Cn1cnc2c1C(=O)N(Cc1nc(no1)CCc1ccc(cc1)Cl)C=N2,5,0.3026315789473684,3.358398725583496,0.9982403875586715
300620222,CCN(CC)Cc1ccc2cc(ccc2c1)COC(=O)Nc1ccc(cc1)C(=O)NO,5,0.3380281690140845,2.666318998169555,0.9965344721406308
226909,Cc1cc(nc(n1)CC1CCNCC1)-c1nccs1,5,0.38333333333333336,1.7123758349147211,0.9987230468567425
48819726,CC(C)c1nnc(n1C)CNc1ncc(cn1)Br,5,0.42,1.9905356063131132,0.9986935194821996
323264,Cc1nccc(n1)-c1ccc(cc1)-c1noc(n1)CN1CCOCC1,5,0.359375,2.085169297682953,0.9987179181905292
177428613,Cc1n[nH]c(n1)C1CCN(CC1)C(=O)NC1CCN(CC1)c1ccc(cc1)F,5,0.4444444444444444,2.3339359459935065,0.9986154871273388
82730349,COc1ccc(c(c1OC)OC)-c1nn(c2ccccc12)C,5,0.46511627906976744,1.6331631884167903,0.9987882288436154
73008556,CCc1noc(n1)C1CCC(CC1)NCC1CCC(F)(F)CC1,5,0.37735849056603776,2.193203592920441,0.9981728285341462
424596,CC(C)NC(=O)C1(CCOCC1)Cc1ccccc1-c1ccncc1,5,0.4927536231884058,1.9968049479106673,0.9990500759796761
50282995,N#Cc1cc(ccn1)-c1n[nH]c(n1)-c1ccncc1,5,0.35185185185185186,1.3706275934779435,0.9993328555022835
45751322,CN(CCc1ccccn1)C(=O)Nc1nncs1,5,0.4,0.729004801082099,0.9996965515887726
198953,Cc1cccnc1Nc1cccc(n1)C1CCCN(C1)CC(=O)Nc1nccs1,5,0.4875,2.0177554361214867,0.9988806082379965
18822495,O=C(CCN1C(=O)CCC1=O)Nc1cccc2ncccc12,5,0.43103448275862066,1.644062042624778,0.9993503766017624
23809094,CCCn1ncc2[nH]c(nc12)C1CCCCC1,5,0.38095238095238093,1.4952561653438938,0.9990927654935827
1520446,CN(C)c1ccc(cc1)-c1nc2ccc(cc2[nH]1)C,5,0.2830188679245283,2.6095467039315343,0.997606639910726
49089949,Clc1ccc(cn1)NC(=O)NC1CCN(CC1)C1CCCC1,5,0.48333333333333334,2.358144821676558,0.9975540433922037
3473190,C(c1ccccc1)c1ccccc1-c1nnc(o1)-c1cccnc1,5,0.39622641509433965,1.1633481851967076,0.9988986671793273
49088031,Cc1cnc(nc1N1CCSCC1)N1CCSCC1,5,0.43902439024390244,1.9559309803771603,0.9984501037898352
71010653,O=C1N=C2C=CC=CN2C21Cc1ccccc1C2,5,0.24561403508771928,1.9842053825143942,0.9996402305271084
43283831,O[C@@H]1CN(CC[C@@]1(O)CNC(=O)c1c[nH]cn1)Cc1ccsc1 |r|,5,0.2727272727272727,4.601549304310082,0.9973721197877761
316789943,NC1CC(NC(=O)c2ccc(cn2)-c2cn[nH]c2)C21CCC2,5,0.38235294117647056,3.4144772659955445,0.99844345810104
50282202,CCS(=O)(=O)N1CCN(CC1)c1ccc(cc1)Nc1ncc(c(n1)NC1CC1)C(=O)N,5,0.32608695652173914,4.462457058617235,0.9912722244138116
29676888,Clc1ccc2c(c1)N=C(NC2=O)/C(=C/c1cnn(c1)Cc1ccccc1)C#N,5,0.26666666666666666,2.2614815939999944,0.9993526205532247
53817229,Fc1cncc(c1)-c1cnc(nc1)NCc1ccc(c(c1)F)Cl,5,0.36538461538461536,1.5784460712996684,0.9982121959143945
306388,O=C1Oc2nc3cc4c(cc3cc2CN1CCN1CCOCC1)OCCO4,5,0.8958333333333334,1.6443503276370641,0.998025468412487
171975111,CC(=O)NC[C@H]1C[C@]2(C)[C@@H](CCCC[C@]2(C)O)N1CC1(O)CCCC1 |r|,5,0.8571428571428571,2.4218214219881036,0.9991323289890625
49330926,C(c1nc(no1)-c1ccccn1)n1ccnc1,5,0.34615384615384615,2.529034598419139,0.9976601158651374
50615550,CC(C)N1CCN(CCCSc2ccccn2)CC1,5,0.3793103448275862,2.3971693724058905,0.9974769154877706
177377491,Cc1[nH]nc(c1C)CCC(=O)NCCCOC1CCCC1,5,0.9782608695652174,1.6630974114584443,0.9989474182335837
43798139,CC(=O)Nc1ccccc1OCCOc1ccc(cc1)Cl,5,0.3620689655172414,1.8413685128186654,0.9970166911311287
18898062,CCC(CC)NC(=O)c1cc(nc2onc(c12)C)C,5,0.5961538461538461,1.3635211769533884,0.9996228810686528
110118917,O=C(Nc1cccc(c1)-c1nncn1C1CC1)c1cc(ccn1)-n1cnc(c1)C1CC1,5,0.37362637362637363,2.7450757730894644,0.9985927185815574
36332254,CN(CCN1CCCC1)C(=O)c1sc2nc(nc(c2c1C)C)C,5,0.5344827586206896,2.168559890803019,0.9976960463482062
44064836,O=C1CCCN1c1ccc(cc1)S(=O)(=O)Nc1cccc(c1)-c1nnc2n1CCC2,5,0.7049180327868853,2.3285433214779876,0.9980034182116123
49951746,Cc1cccc(n1)NCCc1cc(cc2c1OCOC2)F,5,0.4393939393939394,1.525996068146669,0.9985936268138212
45652159,Cc1csc(n1)N(C1CC1)C(=O)c1cc2c(nn(c2s1)C)C,5,0.27058823529411763,2.6710280792235235,0.9990643126460722
37112493,Fc1ccc(cc1)CNC(=O)NCC#CCN1CCc2ccccc2C1,5,0.3620689655172414,1.8303040730982663,0.9973883114119172
184569,CNC(=O)c1sc2ncccc2c1[C@H]1CC[C@@H](CC1)CNC(=O)COc1ccccc1 |r|,5,0.32222222222222224,3.226251075164797,0.9990966726742847
222766824,CN1CCC(O)(CC1)CNC(=O)C1CCCCCC1,5,0.5333333333333333,2.4655364527825347,0.9984182212117705
73020372,COCCS(=O)(=O)N1CCC2(C1)Cc1ccccc1C2,5,0.4807692307692308,1.526726891097403,0.9989041383199017
2853111,O=C(CC(=O)N1CCCC1)N1CCCC1,5,0.4666666666666667,1.211652177813391,0.9986303491181965
27425362,Cc1cc(n(n1)-c1cccc(c1)NC(=O)c1ccc(c(c1)F)F)C,5,0.43103448275862066,1.4857065659143063,0.9991041914198155
3683577,COc1cc2c(cc1OC)CN(CC2)C(=O)C1CCCN(C1)S(=O)(=O)c1cccs1,5,0.6923076923076923,2.97775200444908,0.9979793189648508
82721257,O=C(NCc1nc(n[nH]1)-c1cnccn1)C1Cc2ccccc2C1,5,0.4262295081967213,4.049736905034578,0.9978799028816571
11883158,COC(=O)c1c([nH]c(c1C)C(=O)OCC(=O)N(C)Cc1cccs1)C,5,0.44776119402985076,3.0830692499521763,0.9995531088184224
31981926,CC(=O)NCC1CCN(CC1)C(=O)c1cncn1-c1ccc(cc1)F,5,0.660377358490566,1.6179150163095097,0.9981904893006642
232853784,CN1CCC(CC1)CN(C)c1nc(nc(c1Cl)O)C,5,0.31666666666666665,1.7174684858828067,0.9983819992684984
887222,C1CN(CCO1)c1nc(nc(n1)N1CCOCC1)Nc1ccccc1,5,0.8378378378378378,2.4279783771690755,0.9990293723510284
Z29433525,Clc1cc(cnc1Cl)C(=O)Nc1nc-2c(s1)COc1ccccc12,5,0.36486486486486486,1.8385654734058843,0.9992051973967919
353922,CC1CCN(CC1)C(=O)CCn1ccc2ccncc12,5,0.3793103448275862,1.9236156060915484,0.997550049218172
48629606,Cc1cc(no1)-c1nc(nn1CCc1ccccc1)C,5,0.36507936507936506,1.4459668045982665,0.9984023988187124
301817626,CN(C1CCC(N)CC1)C(=O)c1cc(ccc1F)N1CCNC1=O,5,0.7454545454545455,2.033139690232895,0.9986154188841896
49297145,CN(C(=O)c1cncc(c1)F)c1cccc2ncccc12,5,0.35,1.1565863564817211,0.9993334479405827
33303147,CNC(=O)c1ccc(nc1)N1CCCC1,5,0.4583333333333333,1.6151089746523908,0.9989901826457573
1069906,CC1=C(Oc2ccc(cc2)F)C(=O)c2ccc(cc2O1)OCC(=O)Nc1nccs1,5,0.275,2.854139975544358,0.9962408263435537
32144061,CNC(=O)CN1CCCN(CC1)C(=O)c1c(nn(c1Cl)-c1ccccc1)C,5,0.4225352112676056,1.6455840908325308,0.9992101494799243
82737949,COc1ncc(cn1)C(=O)NCc1cnn2cccnc12,5,0.3380281690140845,2.33041240985368,0.9993517257306427
44588358,CC(C)c1cnc(o1)COc1ccc(nc1)Br,5,0.288135593220339,1.5822654644527656,0.9993008692843418
45665715,CC(=O)N1CCC(CCNc2ccc3ccc(cc3n2)F)CC1,5,0.5,2.0342448230238994,0.9982906090043421
48826448,Cc1nc2n(c1CN1CCN(CC1)c1ncccn1)CCCC2,5,0.4423076923076923,1.966985765072744,0.9984476468601724
48753166,CCc1nccn1Cc1nc(nc(n1)N(C)C)N,5,0.27692307692307694,1.62712076994938,0.999100906277457
173035,Cc1noc(n1)C1CCN(CC1)CCc1ccccc1,5,0.40625,1.6688858558934687,0.9987285184828181
324053897,CC1(C)Cc2cc(c(nc2O1)OCC1CC1)NC(=O)c1cnn2cccnc12,5,0.620253164556962,2.396174868410573,0.9992392203417635
44508907,Cc1cnn(c1)Cc1nc(no1)Cn1cccn1,5,0.38333333333333336,3.257354755012164,0.9985743994212964
177400113,CCn1ncc(c1C)CN(C)C(=O)c1ccc(cc1)-c1nc(cc(n1)C)C,5,0.33766233766233766,1.8136976043436857,0.9990473548487844
43112807,CC(C)c1cc(n2nccc2n1)N1CCc2[nH]nc(c2C1)C1CC1,5,0.2676056338028169,2.131421825918595,0.9996130383211791
314860,CCN1C(=Nc2ccccc2C1=O)CN1CCCCCC1,5,0.4,1.5154553771068437,0.9983874201064772
49343751,O=C(Nc1nnc2n1CCCC2)c1cscn1,5,0.5185185185185185,1.8867578010967692,0.9997562668675545
48974948,Cc1nc(c(s1)C(=O)Nc1ccc(cc1)Cl)-c1ccccc1,5,0.4909090909090909,1.2411752495114907,0.9993946841195605
5466232,Cc1nc(c(s1)C(=O)Nc1ccccc1)-c1ccccc1,5,0.5714285714285714,1.1947865918227416,0.9992220364852886
2461065,Nc1nc(c(s1)C(=O)Nc1ccc(c(c1)Cl)Cl)-c1ccccc1,5,0.4406779661016949,2.168421315150721,0.9987072915647419
3110901,Cc1nc(c(s1)C(=O)Nc1ccc(c(c1)C(F)(F)F)Cl)-c1ccccc1,5,0.4090909090909091,1.1962023240237571,0.999410530978132
2460976,Cc1nc(c(s1)C(=O)Nc1ccc(c(c1)Cl)Cl)-c1ccccc1,5,0.45,0.9784595035051757,0.999158635411424
35739191,CC(C)(C)NC(=O)c1cnc(s1)-c1ccc(s1)Cl,5,0.29310344827586204,2.125334326641245,0.9987341900796645
23832549,CN1CCC(CC1)n1ncc2[nH]c(nc12)-c1ccc2ccccc2c1,5,0.5833333333333334,2.539005710903452,0.9990691021959247
44398457,CCCC(=O)Nc1cnc(nc1)N1CCN(C)CC1,5,0.4339622641509434,1.0810707654915461,0.9986928490519844
50131633,CCCC(=O)NCC(=O)Nc1cnc(nc1)N1CCN(C)CC1,5,0.3728813559322034,1.7921459203983716,0.9979818700052222
171818667,CN([C@@H]1CCC[C@@H](O)[C@@H]1O)C(=O)COc1c(cccc1C)C |r|,5,0.6875,2.6140623557979983,0.9973304686535818
301492332,O=C(NC1CCNCC1)c1ccc2[nH]ncc2c1,5,0.4067796610169492,2.8814140625743363,0.9983984030209525
3506779,Cc1ccc(cc1)-c1cc(on1)NC(=O)CN1CCOCC1,5,0.40298507462686567,1.4346330541293366,0.9990657523517142
136967,CCCn1cc(cn1)C(=O)N1CCC(CC1)c1n[nH]cc1C(=O)N1CCOCC1,5,0.6818181818181818,3.4227323880195435,0.9995335059842436
1324972,COc1cc2c(cc1NC(=O)C)oc1ccccc12,5,0.3157894736842105,1.2861792254581343,0.9993058363690385
104348771,C1Cc2nnc(n2C1)CN1CCc2ccccc2C1,5,0.39655172413793105,1.092672412024998,0.9987014339030708
11930272,Cc1cc(c(c(c1)C)-c1csc(n1)NC(=O)Cn1cnnn1)C,5,0.58,1.28927188753947,0.9990765194471873
49134782,OCCOc1ccccc1OCc1ncc(cc1Cl)Cl,5,0.2835820895522388,1.4692627402881024,0.9988026578125068
49139348,CC(=O)c1cc(cc(c1OCc1ccccn1)F)Br,5,0.4074074074074074,2.011248368551205,0.9975379087586121
48305854,Cc1nc(cs1)CCN1C(=O)NC(C)(C)C1=O,5,0.41509433962264153,0.8639456001387353,0.9996444757525622
877450,OC(Cn1cncn1)(Cn1cncn1)c1ccc(cc1F)F,5,0.37254901960784315,1.6264510444525593,0.9989683491764951
1269126,COc1cccc(c1)C(=O)Nc1nccs1,5,0.39344262295081966,1.480332732868109,0.9989571686486596
29627941,CCc1nc(sc1C)NC(=O)c1ccccc1F,5,0.36666666666666664,0.9162079458291899,0.9994034616074148
31839122,Cc1ccccc1C(=O)Nc1nc(c(s1)C)C,5,0.46511627906976744,0.7374693213959229,0.9997282604924798
82742019,Cc1cc(c2c(cc(nc2c1)C)C(=O)N1CC2(CNC(=O)N2)C1)C,5,0.5344827586206896,2.333576011189733,0.9996824680161406
82738853,O=C(NCc1cnn2cccnc12)c1ccccc1-n1cnnc1,5,0.32432432432432434,1.890187821355058,0.9993740333539821
14858512,Fc1ccc(cc1)CCNc1ncccc1C#N,5,0.5531914893617021,1.1954865118437088,0.9976762795352965
151187,COc1ccc(cc1)-c1cccc(n1)C1CCCN(C1)C(=O)C1CCCC1,5,0.5737704918032787,1.8367836018428452,0.9984541945624045
171813207,CC(C)C[C@]1(O)CCN(C[C@@H]1Oc1ccc(cc1)F)C(=O)c1[nH]c2c(cc(cc2c1C)C)C |r|,5,0.26136363636363635,4.567515517214876,0.998880830333598
171813311,CCc1c([nH]c2ccc(cc12)C)C(=O)N1CC[C@@](O)(CC(C)C)[C@H](C1)Oc1ccc(cc1)F |r|,5,0.27956989247311825,4.000049249696855,0.9993205366965765
171813288,CCOc1ccc2[nH]c(c(c2c1)C)C(=O)N1CC[C@@](O)(CC(C)C)[C@H](C1)Oc1ccc(cc1)F |r|,5,0.2988505747126437,5.543659531392713,0.9994468545650005
13484504,CCc1nc2ccccc2n1CC(=O)Nc1ncc(s1)C,5,0.4375,1.7900508372672785,0.9991029223351596
89942016,Nc1ncc(c2ccc(nc12)-c1cccc(c1)F)C(=O)NC1CN(C1)C(=O)C1CC1,5,0.3188405797101449,2.6647491439153215,0.9981158102849506
351738,COc1cc2cc(c(nc2cc1OC)C1CCN(CC1)C(=O)C(C)(C)C)N,5,0.3918918918918919,2.0489126384499343,0.9990722206758587
45697439,Cn1ccc(n1)CSc1n[nH]c(n1)-c1cc(cc(c1)F)F,5,0.28846153846153844,1.7532743652939984,0.9997127405763464
15280962,Cc1ccc(c(c1)OCC(=O)N1CCC(CC1)C(=O)Nc1ccccc1)C,5,0.4264705882352941,2.0152032155593442,0.9995123971172452
31323694,Cc1nnc(c2ccccc12)NCc1cccnc1,5,0.4888888888888889,0.9575306783599894,0.9993338483147662
53803937,CNC(=O)Cc1cccc(c1)OCCN1CCCCC1,5,0.41818181818181815,2.5193284819571256,0.9974791475071081
