Name,SMILES,outer_fold,max_similarity_to_train,min_euclidean_distance_to_train,max_cosine_similarity_to_train
4851238,OC(=O)c1csc(n1)Cc1ccc(cc1)Cl,1,0.32142857142857145,3.1068147675717315,0.9992131744730498
177360703,CN1C(=O)C=C(N(C)C1=O)C(=O)N1CCN(CCc2ccccc2)C(=O)C1,1,0.3333333333333333,2.1023023093739033,0.9982635127654063
207489,Fc1cccc(c1)-c1c[nH]nc1C1CCCN(C1)C(=O)CCc1ccc(cc1)Cl,1,0.6376811594202898,2.3891291300385507,0.9987877395168955
31908762,NC(=O)c1cccc(c1)CN1C=Nc2c(oc3ccccc23)C1=O,1,0.3157894736842105,1.2765065608923085,0.9996374766957223
29371307,Nc1ncnc2n(nc(c12)-c1cnc2[nH]ccc2c1)C1CCCC1,1,0.463768115942029,3.922156294694422,0.9995560841430984
48597409,CN(C)c1ncn(n1)-c1cccc(c1)N,1,0.29411764705882354,1.76254390016257,0.9991005738678898
44000683,CCc1c([n+](c2c([n+]1[O-])CCCCC2)[O-])-c1ccccc1,1,0.2222222222222222,2.8855425832936614,0.9945959791422826
37544502,Cn1nc(cc1N)-c1cc(cc(c1)F)F,1,0.3023255813953488,1.2138216508206519,0.9994696504403553
45491581,Cc1cccc(c1C)Oc1ncccc1N,1,0.4772727272727273,0.7501853104398625,0.9993556393383148
LN01297365,CCN(C1CCOCC1)c1cc(cc(c1C)C(=O)NCc1c(cc(nc1O)C)C)-c1ccc(cc1)CN1CCOCC1,1,0.32407407407407407,5.90481735534642,0.9970286606621318
23671374,Cc1ccc(s1)C(=O)Nc1ncccc1C,1,0.41818181818181815,1.6254627033567106,0.9995138844931928
44466308,Cn1ncnc1COc1nn2c(nnc2cc1C1CCC1)-c1c(cccc1F)F,1,0.5068493150684932,0.46638503406330434,0.9999079553722799
36342874,Cc1nc(c2c(c(sc2n1)C)C)N1CCc2c(ncn2C)C1,1,0.3472222222222222,2.523201735890351,0.9990400372026182
53766760,CC1=CC(=CN(Cc2ccc(cc2F)C#N)C1=O)Br,1,0.45614035087719296,0.874175039680207,0.9985795832294119
49045390,CCc1cc(on1)CNC(=O)NC1CCN(CC1)CC1CCCCC1,1,0.453125,4.788772494073965,0.9984914349842536
31937832,CC(C)c1nc(cs1)CC(=O)N1CCCN(CC1)C(=O)C,1,0.30303030303030304,1.7866644900482438,0.9990203304927643
29566339,O=C1CCCN1CCc1nc(cs1)-c1ccc(cc1)C#N,1,0.3380281690140845,1.7915345377637502,0.9983440561699986
49956374,CCc1cc(n(n1)C)NS(=O)(=O)C,1,0.30434782608695654,1.8428087258315793,0.9995553246928682
48750988,CN(C(=O)CSC(C)(C)C)c1ccccc1C#N,1,0.3617021276595745,1.685998813760054,0.9981915624406232
32278227,CC(C)c1cc(c(c(c1)C(C)C)CC(=O)NS(=O)(=O)Oc1c(cccc1C(C)C)C(C)C)C(C)C,1,0.28125,4.6485875274108945,0.9981392833257058
214735,Cc1cc(nc(n1)C1CCNCC1)NC1CCCC1,1,0.3541666666666667,1.7350708919236513,0.9988322397643518
30455849,COc1cccc(c1)OCCCn1cncc1-c1cc2c(cc1C)N(C)C(=O)N2C,1,0.5454545454545454,2.9807072986123546,0.9983553626353575
177361051,COc1ccc(c(c1)CN1C=Nc2cn(nc2C1=O)C)OC,1,0.34285714285714286,1.6471788002521608,0.9989812071432508
11835068,O=C(Nc1ccc2c(c1)OCCCO2)c1cnn(c1)Cc1ccccc1,1,0.421875,1.7414393472067469,0.9992256354151766
32423148,Clc1ccc(cn1)Cc1nc(n[nH]1)-c1ccccc1,1,0.4423076923076923,1.0933992866288313,0.9995460185243672
32136137,COc1ccc(c(c1)-c1cc(no1)C(=O)N1CCCN(CC1)C(=O)C)OC,1,0.4166666666666667,2.2077454563420034,0.9991450299232354
31409108,NCc1cccnc1OCc1ccccc1,1,0.3333333333333333,1.2879041113374932,0.9992797206709373
49152821,COC(=O)c1ccc(cc1)NC(=O)N(C)Cc1ccccc1CN1CCCC1,1,0.5689655172413793,1.935945763703192,0.9984999744659957
37153227,CCc1c(cc(c(c1CC(=O)N(CCOC)CCOC)C(=O)c1ccc(c(c1)OC)OCCN1CCOCC1)O)O,1,0.3163265306122449,2.809146133614188,0.998429163274414
44855101,C/C=C/CC(=O)N1CCC(CC1)c1cc(n[nH]1)Cc1ccccc1,1,0.4264705882352941,2.60043227175804,0.9988457384962758
344474,CC(C)N(C(C)C)C(=O)CN1C=CC=C2C=C(N=C12)c1ccco1,1,0.6181818181818182,1.9329436101443678,0.9989651368999513
24883078,COc1ccc(cc1)C1(CC1)NCc1ccc(cc1)N1CCCC1=O,1,0.4032258064516129,2.55632020686007,0.9973412231565091
49953010,Cc1nc(c2c(csc2n1)C)NCCN1C(=O)CCC1=O,1,0.4423076923076923,2.733138488990251,0.9996870787258756
31611971,Cc1nc(c2ccsc2n1)N(CC=C)Cc1cccnc1,1,0.31666666666666665,2.361033248389694,0.9990972185074801
299989682,CN1[C@@H]2CC[C@H]1C[C@@H](C2)OC(c1ccccc1)c1ccccc1 |r|,1,0.2653061224489796,1.485477364351611,0.998918613197208
134995,CCn1c(nc2cc(ccc12)NC(=O)C1=CN(CC(=O)N2CCCCC2)C(=O)C=C1)C,1,0.36,2.47894352497154,0.9988828596436043
31274390,Cc1ccccc1N1C=CNC(=O)C1=O,1,0.5555555555555556,0.9200179346077937,0.9990232766148507
177383138,Cc1nnc2ncc(cn12)-c1cccc(c1)-c1ccnn1C,1,0.5686274509803921,1.3255115993458717,0.9992014259133944
36264533,O=C(NCCc1cn2c(n1)CCCC2)c1ccccn1,1,0.5245901639344263,2.3873185794942464,0.9991843393460519
42942540,Cc1oc(c(c1C)C(=O)NCC#Cc1ccccc1)C,1,0.5208333333333334,2.247050511225811,0.9992002044265791
1933590,CC(C(O)c1ccc(cc1)O)N1CCC(CC1)Cc1ccccc1,1,0.32075471698113206,2.3887701856810937,0.999101913317087
49934116,CCc1nc(c2ccsc2n1)N1CC(CO)C1,1,0.39285714285714285,2.174095444087313,0.9991002125177078
36308604,O=C(N1CCC(CC1)c1n[nH]c(n1)C1CC1)c1ccc2c(c1)OCO2,1,0.47368421052631576,1.8848686956909733,0.9990864771155105
53815321,CN(CCSc1ccc2nnc(n2n1)C(F)F)Cc1ccccc1,1,0.6,2.688320479407367,0.9969951688000089
151085,COc1ccc(cc1)-c1cccc(n1)C1CCCN(C1)CC(=O)Nc1ccccn1,1,0.5063291139240507,2.2263847376408146,0.9989525596667304
177394353,COCCN(C)C(=O)c1ccc(cc1)-c1cccc(c1)-c1noc(n1)C,1,0.375,2.077615219428439,0.9970885087675022
23832549,CN1CCC(CC1)n1ncc2[nH]c(nc12)-c1ccc2ccccc2c1,1,0.5833333333333334,2.352359241271939,0.9995881510241033
300449850,Fc1ccccc1CCNC(=O)CC1CCNCC1,1,0.3508771929824561,1.251756765510086,0.9989058438341485
49008924,CN(CC1CCC1)C(=O)C1CCN(CC1)c1ccc2nncn2n1,1,0.546875,2.2417383879482227,0.998789523324171
44462124,CN(C)CC(=O)N1CCC(CC1)c1ccc(c(c1)C1=CCCCC1)NC(=O)c1nc(c[nH]1)C#N,1,0.25274725274725274,4.1439354483388895,0.9977027399899164
602991,CCOc1ccc(cc1)-c1csc(n1)N,1,0.4090909090909091,0.8428054342492233,0.9995228205492817
36944203,Cc1cc(ccc1NC(=O)c1c(oc(c1C)C)C)Oc1ncccn1,1,0.4107142857142857,1.738243653807033,0.9991710312504686
49644632,O=C(NCCN1CCC(CC1)c1ccccc1)c1ccc2ncsc2c1,1,0.4426229508196721,3.3295073209109667,0.9971630268343161
44554243,CN(C(=O)c1cc2ccc(cc2[nH]1)C(C)(C)C)C1(CCC1)C#N,1,0.5660377358490566,1.9309873122319496,0.9987371436982727
226909,Cc1cc(nc(n1)CC1CCNCC1)-c1nccs1,1,0.38333333333333336,1.9707485887349052,0.9989113438959504
29689751,O=C(NCc1cccnc1)c1sccc1-c1ccccc1,1,0.4909090909090909,1.547435620632593,0.9996247283063471
49962786,CN(C)C(=O)c1ccnc(c1)NCc1cccc(c1)C#N,1,0.5172413793103449,1.7714762205574819,0.9983984698328485
73014952,CCN(CC)C(=O)CSCc1cncc(c1)F,1,0.288135593220339,1.566890551378862,0.9986925591635861
145071,COc1ccccc1CNC(=O)c1cnc(nc1C)C1CCN(CC1)C(=O)C(C)(C)C,1,0.41333333333333333,2.2345272430648953,0.9989205296325429
36987396,NC(=O)c1cnc(c(c1)Cl)N1CCc2[nH]nc(c2C1)C(F)(F)F,1,0.24691358024691357,2.9162268430278764,0.9988910876502205
45636709,O=C(Nc1ccc2ccccc2n1)c1ccc(cc1)N1CCOC1=O,1,0.5517241379310345,1.404825967869804,0.999263105970835
31348551,O=C1Nc2ccccc2N1C1CCN(CC1)CCc1ccccn1,1,0.6296296296296297,2.2269326437944463,0.9990755557023856
24873612,COc1ccc(cc1)-c1ccc(cc1)CN(CCN1CCOCC1)Cc1cccnc1,1,0.6333333333333333,2.7195939035083976,0.9979379590088319
46034633,Cc1nc(c(c(n1)NCc1cc(no1)-c1ccc(cc1)F)C)C,1,0.3508771929824561,1.1491327164429566,0.9997315159926053
201873,CCn1ncc(c1C)CN1CCC(CC1)c1nc(ncc1-c1ccc(cc1)OC)N(C)C,1,0.33766233766233766,3.5420890728497594,0.9981878439596056
201887,CCn1cc(c(n1)C)CN1CCC(CC1)c1nc(ncc1-c1ccc(cc1)OC)N(C)C,1,0.3170731707317073,3.826729282298162,0.9980600433089197
315806,CN(C)CCCNc1c(c(nc2cc(nn12)-c1nccn1C)C)C,1,0.5967741935483871,3.181414150971589,0.998848752182694
411164,COCCNc1c(c(nc2cc(nn12)-c1nccn1C)C)C,1,0.6166666666666667,4.788870743714044,0.9992616406941915
53784330,COc1cccc(c1NC(=O)N1CCC(CC1)N1CC=CC1)F,1,0.5263157894736842,2.037768877963973,0.9993517247809776
49944040,COc1cc(ccc1F)CCNC1CCC2(CC1)OCCO2,1,0.3382352941176471,2.020781779411234,0.9972928155882095
30765753,Fc1ccc(cc1)C1=NN(Cc2ccncc2)C(=O)C=C1,1,0.3392857142857143,1.857187389575965,0.9984033363958386
29773508,Cc1ccc(cc1)C1=NN(Cc2ccncc2)C(=O)C=C1,1,0.3157894736842105,1.9129244627010151,0.9981339912708411
68874464,CN(C1CCSCC1)C(=O)C1=CC(=C(C)N(C)C1=O)C,1,0.4,1.2862756314259836,0.9993469186423567
35747521,Cc1noc(c1CS(=O)(=O)Cc1cccc2c1OCCO2)C,1,0.30158730158730157,1.506158358207961,0.9985492741407594
89942016,Nc1ncc(c2ccc(nc12)-c1cccc(c1)F)C(=O)NC1CN(C1)C(=O)C1CC1,1,0.3142857142857143,1.85032321500819,0.9994657152189974
25616683,CNc1nc(ncc1F)-c1cc(cc(c1)OC)OC,1,0.26229508196721313,2.0003484696420863,0.9966254426812935
19991792,Cc1nn(c(c1CCC(=O)NCC#C)C)C,1,0.5306122448979592,1.134673521326607,0.9996861587355222
31835550,CC(=O)Nc1cccc(c1)OCC(=O)N1CCCCC1,1,0.5192307692307693,1.8648627295327187,0.9972106481302309
538570,COc1ccc(cc1C(=O)NCCc1ccc(cc1)S(=O)(=O)NC(=O)NC1CCCCC1)Cl,1,0.5857142857142857,2.7988293981589596,0.998815760647938
30000529,CN(Cc1nc(c2ccccc2n1)N)Cc1ccc(cc1F)F,1,0.44,1.7619534613605012,0.9972931997120995
43251079,Cc1cc(n2nccc2n1)C(=O)NCC1CC1,1,0.5490196078431373,1.175477349845738,0.999716975715367
177391578,COc1cc(cc(c1)-c1c(ncnc1OC)C)OC,1,0.5853658536585366,1.4167942687630313,0.9962673389886918
42960950,Cc1ccc(cn1)CNC/C=C/c1ccccc1,1,0.38461538461538464,1.4162482127084366,0.9975216020961135
17464371,O=C(Nc1ccc(cc1)C(=O)NCCc1ccccc1)N1CCCCc2ccccc21,1,0.3835616438356164,3.1682567762098977,0.9984421560642643
49095542,CC(C)CCN1CCC(CC1)CNC(=O)C1CC=CC1,1,0.31666666666666665,2.87853678107472,0.9970691531771088
13397114,Cc1ccc(cc1)Cn1nc(c(c1Cl)C(=O)N)C,1,0.3333333333333333,1.5487824250035556,0.9990031331597667
177389272,CCCc1ncncc1C(=O)NCc1noc(n1)C1CC1,1,0.5079365079365079,1.987278037920654,0.998856628972738
48306804,Cc1ccc(c(n1)CN1CCC(CC1)c1nc2ccccc2o1)O,1,0.4225352112676056,2.145787268114216,0.9983423284641374
11652485,O=C(Cc1csc(n1)-c1ccccn1)NC1CCCCCC1,1,0.39285714285714285,1.535274893952487,0.9995012972123293
177285754,CCC(C)(C)N1CCN(CC1)C(=O)Nc1cnn(c1C(F)F)CC(C)C,1,0.38235294117647056,1.9849332482480067,0.9991588520939731
49128370,Fc1cccc(c1CN1CCN(CC1)Cc1ccon1)N1CCCC1,1,0.58,2.079416745147438,0.9985853674883044
2500471,Cc1ccc(cc1NS(=O)(=O)c1ccc(cc1)Cl)-c1nc2ccccc2[nH]1,1,0.3114754098360656,1.6269182524023569,0.9993738673372242
4498619,Clc1ccc(cc1)S(=O)(=O)Nc1cccc(c1)-c1nc2ccccc2[nH]1,1,0.3380281690140845,1.5925143641425916,0.9995910039974153
48224722,C1CN(CCO1)Cc1nc(c2c(csc2n1)-c1cccs1)N1CCc2[nH]ncc2C1,1,0.5633802816901409,4.427275911889403,0.9989305255511849
24958639,Cn1cnnc1CNc1ccccc1C#N,1,0.3269230769230769,1.4688961842145964,0.9992700992841588
151187,COc1ccc(cc1)-c1cccc(n1)C1CCCN(C1)C(=O)C1CCCC1,1,0.5737704918032787,1.5397798543944285,0.9986811744098156
48825778,CN1CCC(CC1)NS(=O)(=O)C1CN(C1)C(=O)c1cccc(c1)Cl,1,0.38095238095238093,1.6353855814456202,0.9985583887717899
177501206,CCCC1(CCC1)CNC(=O)CN1C=CC(=O)C=C1,1,0.6170212765957447,2.1508798199806645,0.998080206767772
35762297,Cc1nnc(c(c1C)C#N)NCC(=O)N1CCc2sccc2C1,1,0.3972602739726027,1.9303160363015672,0.9996389395236429
181787,CNCc1cc(nc(n1)C1CCCN1C(=O)COC)N(C)C,1,0.6212121212121212,1.9619653411823716,0.9986401372681224
181801,CNCc1cc(nc(n1)C1CCCN1C(=O)COc1ccc(cc1)F)N(C)C,1,0.5833333333333334,2.2421130658377675,0.998931660914839
181837,CNCc1cc(nc(n1)C1CCCN1C(=O)C1CCCC1)N(C)C,1,0.7142857142857143,1.5480300384682029,0.9986910531753271
43664822,Cc1nc(nc2ccccc12)CN1C(=O)CN(C2CCCC2)C1=O,1,0.3225806451612903,1.9739037463871003,0.9995164255056851
318302594,O=C(NC[C@@H]1CCN(C1)c1ccccc1)N1CCc2ccccc2C1 |r|,1,0.38333333333333336,2.0017777099367318,0.9990882515429439
18815715,Fc1ccc(cc1)CNC(=O)c1ccc(nc1)-n1ccnc1,1,0.6363636363636364,2.3425592842014433,0.9992750084411784
36275216,N#CCCCN1CCN(CC1)c1cc(ccn1)C#N,1,0.375,1.4511836548141923,0.997988193662847
48337566,CN1CCCN(CC1)c1nc(nc2cc3c(cc12)OCO3)C(F)(F)F,1,0.29577464788732394,1.4281253446390216,0.9990141367041157
36997483,COc1ccc(cc1OC)CN1CCN(CC1)c1cc(nc(n1)N)C,1,0.38461538461538464,2.3478443304443632,0.9955699944902164
48301846,CN(C)C1CN(C1)c1nc(nc2sc3c(c12)CCCC3)-c1cnccn1,1,0.4931506849315068,1.8497905286813536,0.9992846877711438
49938986,CN(C)c1ccncc1CN1CCN(CC1)c1ccc(cc1)C(=O)N,1,0.32,2.360440425005232,0.9975604316399048
31923278,Cc1cc2ccccc2n1CC(=O)N1CCc2ccc(cc2C1)O,1,0.4,1.6009750154203337,0.998983727041892
1123117,O=C1Nc2cnccc2N1Cc1ccccc1,1,0.3888888888888889,2.5981830189579487,0.999123191424523
393408,CNC(=O)C1(CCN(Cc2ccc(cc2)F)C1)Cc1ccc(cc1)-c1cccnc1,1,0.5588235294117647,1.4428187689384762,0.9989923032221418
393410,CNC(=O)C1(CCN(Cc2ccccc2Cl)C1)Cc1ccc(cc1)-c1cccnc1,1,0.5352112676056338,1.863978272405592,0.9988296387215222
393424,CNC(=O)C1(CCN(Cc2cccc(c2)F)C1)Cc1ccc(cc1)-c1cccnc1,1,0.5942028985507246,1.7234143436794547,0.9990091144392393
222751297,FC(F)Oc1ccc(cc1)S(=O)(=O)NCc1n[nH]c2c1CCCCC2,1,0.2898550724637681,1.7578648981084564,0.9990628805156136
48880634,C1CCN(C1)CCOc1ccc(cc1)-c1[nH]c2ncnc(c2c1-c1ccccc1)NCC1SCCS1,1,0.33766233766233766,3.952635070430076,0.9982076546001569
48745068,CN(CCc1ccncc1)c1ncccc1C#N,1,0.38461538461538464,0.8701189573846726,0.9990930445160042
48229519,CC1=NC2=CC(=O)NN2C(=C1CC(=O)OC1CCCCC1)C,1,0.36923076923076925,1.5652360844294093,0.9990403813620636
3572643,CC(=O)N1CCC(CC1)(C(=O)Nc1nccs1)c1ccccc1,1,0.38028169014084506,1.524206350859517,0.9994791086426336
42964650,COCc1nc(c(s1)C)-c1cc(ccc1F)F,1,0.32142857142857145,1.6939002331897361,0.9980625787450225
43366906,CCc1cc2c(cc1N1CCC(CC1)N1CCOCC1)C(C)(C)c1[nH]c3cc(ccc3c1C2=O)C#N,1,0.34523809523809523,4.701101360319744,0.9978783734364689
31619881,CC(C)c1cc(no1)CN(C)Cc1c[nH]nc1-c1ccc(cc1)F,1,0.4032258064516129,2.001582124220124,0.9994992719471606
708404,Cc1nsc(c1C#N)Nc1ccccc1,1,0.3191489361702128,1.9970540803894548,0.9997457993165455
291159,COc1ccc(cc1)CNc1c(nc2cnccn12)-c1ccc(c(c1)OC)OC,1,0.3188405797101449,1.8821522255123386,0.9990227575520623
35739191,CC(C)(C)NC(=O)c1cnc(s1)-c1ccc(s1)Cl,1,0.2857142857142857,1.5718762673951003,0.9992504926877541
13509338,Cc1cc(c(c(c1)C)NC(=O)CN1N=NN(C1=O)c1cccs1)C,1,0.43333333333333335,1.3018978454547185,0.9993554053608777
232851609,COc1ccc(cc1)OCc1n[nH]c(n1)-c1ncoc1C(C)C,1,0.2835820895522388,1.5725240856658944,0.9993261526664167
300481204,NC1CCN(CC1)c1ccccc1C#N,1,0.3269230769230769,2.1567582154706466,0.9965027399635713
32272128,Cc1nccn1CCNC(=O)C(C)(C)C,1,0.3275862068965517,1.7687424911504728,0.9984232033810918
194974866,Fc1ccc(cn1)-c1ccc2c(c1)[nH]c1ccncc12,1,0.28846153846153844,1.773753083154736,0.9992744319522097
322812,OC1(CCN(CC1)Cc1ccc(o1)-c1ccc(cc1)F)c1cccnc1F,1,0.36507936507936506,1.7275126627612034,0.9993281660978928
11480138,COc1ccc(cc1)-n1cc2c(c1-c1ccccc1Br)C(=O)N(C)C(=O)N2C,1,0.3013698630136986,2.8504866251221017,0.99847921707805
11480136,COc1ccccc1-n1cc2c(c1-c1ccccc1Br)C(=O)N(C)C(=O)N2C,1,0.28378378378378377,3.0745490726284315,0.9988344442215059
48383292,CC1(C)[C@H]2C[C@H]3Oc4c(ccc(c4C(=O)NCCNS(=O)(=O)C)O)[C@H](O)[C@@]3(O)[C@@H]1C2 |r|,1,0.21686746987951808,5.665191258907186,0.9974783829623332
48397445,CC1(C)[C@H]2C[C@H]3Oc4c(ccc(c4C(=O)NCCNc4ccccn4)O)[C@H](O)[C@@]3(O)[C@@H]1C2 |r|,1,0.25609756097560976,5.003420629929203,0.9971650464617208
32135801,CC(C)C(=O)Nc1ccc2cnn(c2c1)C(C)C,1,0.375,0.9790766057875199,0.9996538433883282
24024401,O=C(Nn1cnc2ccccc12)c1c2c(nc3ccccc13)CCC2,1,0.5517241379310345,1.6788644972133715,0.9997301059165338
49132706,CC(=O)N1CCN(Cc2nc(cc(n2)C(F)(F)F)O)C(C)(C)C1,1,0.27941176470588236,2.054702168198683,0.997797503654878
177444466,Cc1c[nH]c(n1)C(=O)NCC1(CCCC1)N1CCCCC1,1,0.4032258064516129,2.1176038345258585,0.998665915182988
324135709,COc1cc2nn(cc2cc1NC(=O)c1ccn(n1)C(F)F)CCC(C)(C)O,1,0.7714285714285715,2.836620700763502,0.9991065447944475
45688619,COCc1ccccc1CNc1ccc2cc(ccc2n1)C#N,1,0.4576271186440678,1.8285029395656904,0.9979017431783284
48247754,Cc1ccc(cc1Br)C(=O)NC1CCN(CC1)CC#N,1,0.39344262295081966,1.502928807362409,0.998827073972723
2566233,CC1(C)CC(=O)C2=C(C1)NC(=O)CC2c1ccc(cc1)Br,1,0.23376623376623376,1.5762705985966585,0.9973259979920657
31881571,CCCC(=O)Nc1ccc(nc1)-n1cccn1,1,0.45614035087719296,1.7891075987761798,0.9997931704209849
49067448,CC1(CCCC1)CNC(=O)N1CCN(CC1)Cc1ccon1,1,0.6071428571428571,1.819580995723456,0.9988843860012914
24889188,Cc1ccc2c(c1)C(=O)CC1(CCN(CC1)C(=O)c1ccc3nc(cc(c3c1)O)C)O2,1,0.3698630136986301,1.7909729199515785,0.9992048406261723
3562110,NC(=O)COc1ncnc2ccccc12,1,0.40476190476190477,1.7137225563082112,0.9975235709888978
25014865,C1CC1N1CCC(CC1)Nc1ncnc2ccsc12,1,0.6274509803921569,3.411126500146058,0.9990499628926213
31991615,Cc1noc(c1CS(=O)(=O)C1CCCc2ccccc21)C,1,0.28125,1.1767472115960949,0.998755321905212
29261445,COc1ccc(cc1)CNC(=O)c1sc2nc(cc(c2c1N)C)C,1,0.43548387096774194,2.8934840590544417,0.9995280643041461
82726817,COc1ccc(c(c1OC)OC)-c1nc(ccc1OC)C,1,0.46511627906976744,1.8315198606622247,0.997483004030772
53755274,CC1=CC=CN(Cc2cccc(c2)C#N)C1=O,1,0.6428571428571429,2.1695015556574484,0.9983082926305127
295413823,CC[C@H]1N(c2ccn(n2)C)c2nc(ncc2N(C)C1=O)-n1ccnc1-c1ccc(cc1)F |r|,1,0.2911392405063291,1.9547918047726502,0.9992813838694578
31901754,Cc1ccc2nc(c(cc2c1)C(=O)N1CCC(CC1)C(=O)Nc1ccncc1)C,1,0.42028985507246375,1.7114102372021707,0.9986598550539071
30745331,Cc1nc(cs1)CC(=O)NCc1ccccc1,1,0.4489795918367347,1.2939207858289434,0.9994167527393291
38477365,Cc1ccc(c(n1)-n1cc(cn1)Cl)CN,1,0.2631578947368421,2.52483979689797,0.9995403116594993
48339568,Cc1noc(c1C(=O)N1CCCN(CC1)c1ccc(cc1)F)C,1,0.375,1.8594310957926632,0.9981739102009277
49925402,NC(=O)c1csc(c1)CN1CCc2cc(ccc2C1)F,1,0.3283582089552239,1.717858841698178,0.9984674288541279
314102886,CCOC(=O)CNC(=O)c1ccc(cc1O)O,1,0.38,2.630016729984628,0.9980903984719346
300014701,CC(C)CC(NC(=O)C(O)C(N)Cc1ccccc1)C(=O)O,1,0.27692307692307694,2.12744259617067,0.9990500365101074
48931485,CN(CC(=O)Nc1cccc(c1)S(=O)(=O)N1CCCC1)C1CCCCC1,1,0.5,2.006651190416431,0.9979185794156059
313517655,CC(C)CC1=NN(C)C(=O)c2c(n(cc21)Cc1cccc2ccccc12)SCCCO,1,0.23255813953488372,3.728572783251012,0.9985505842791803
270775,Fc1ccccc1C[C@@H]1C[C@@H]2NC(=O)CCCC[C@H]2N1C(=O)c1cccc2ncccc12 |r|,1,0.32432432432432434,3.1752949469301073,0.9986825884798715
49995595,CNC(=O)c1cccc(c1)Cn1nnc(n1)-c1ccccc1Cl,1,0.373134328358209,1.8516425140938013,0.9988292387885142
31341176,Cc1cc(c(s1)C)C(=O)NCCc1ccccn1,1,0.43636363636363634,1.032879470218926,0.9997064126480386
73036824,OC1CCC(CC1)C(=O)N1CCCN(CC1)c1ccc(cc1)F,1,0.47368421052631576,1.590835000872361,0.998513683932626
1545812,Cc1cc(c(c(c1-n1cnnn1)C)S(=O)(=O)Nc1ccc2c(c1)OCO2)C,1,0.3466666666666667,1.9606937547716063,0.9982333973997337
1553046,CN(C)c1ccc(cc1)NS(=O)(=O)c1c(cc(c(c1C)-n1cnnn1)C)C,1,0.3548387096774194,1.9840597269235725,0.9969546229586718
42961772,Cc1cccnc1CNc1ccc(cc1F)C#N,1,0.3392857142857143,1.5216599488716824,0.9986298859442722
82702441,CC1(C)CC(CC(=O)NCCn2ccnn2)CC(C)(C)N1,1,0.49056603773584906,2.535397010331861,0.9978215314922932
49134782,OCCOc1ccccc1OCc1ncc(cc1Cl)Cl,1,0.2835820895522388,1.3439107113197333,0.997869896956091
48347951,O=C(Nc1ccc2sccc2c1)N1CCCN(CC1)C(=O)Oc1ccccc1,1,0.38095238095238093,2.3731584439302655,0.998808380082504
45763784,Cc1cc(no1)NC(=O)C1CCN(CC1)c1ccncc1Cl,1,0.5818181818181818,2.4797491808652277,0.9985201893887096
235805590,CN1C(=O)N(C2CCCC2)C(=O)c2c(cccc21)F,1,0.32142857142857145,1.6418678387738497,0.9980430493379815
MCULE-9833651829,NC1CCCC(C1)C(=O)Nc1ccc2[nH]ncc2c1,1,0.4838709677419355,2.5143404701832366,0.9990097342570481
73014318,Fc1ccc(nc1)NCc1cccc(c1)OCCN1CCOCC1,1,0.38028169014084506,2.698463451670247,0.9946687448346464
157723,CNC(=O)c1cn(nc1CC1CCN(CC1)Cc1cnc(nc1)-c1ccc(cc1)OC)C,1,0.37142857142857144,2.676834511134349,0.9981225624502196
36294663,CCCN(CC)c1ccc(cc1)C(=O)N1CCCN(CC1)C(=O)C,1,0.36538461538461536,2.068848713656912,0.998641796461916
222774912,Cc1noc(c1-c1cc(nc(n1)C1CC1)-c1ccccc1Cl)C,1,0.3333333333333333,1.1492736836804112,0.9988423346586494
316806315,CC(C)c1noc(n1)CN1CCC(CC1)N1C(=O)Nc2ccccc21,1,0.5230769230769231,2.0846971003000454,0.9989429181466403
11938711,O=C1Nc2ccccc2N1C1CCN(CC1)Cc1nc(no1)-c1ccsc1,1,0.5223880597014925,1.485403648843844,0.9995342461862733
50359676,CC1=NN(CCOc2ccc(c(c2)F)Cl)C(=O)C=C1,1,0.6078431372549019,1.147878913474807,0.9976238675374322
25645386,FC(F)(F)c1cccc(c1)Oc1cccc(c1)C(=O)N1CCNC(=O)C1,1,0.5,1.8281523459492177,0.9989340390789127
LN01331065,OCCn1cc(c(n1)-c1ccncc1)-c1ccc/2c(c1)CC\C2=N/O,1,0.43243243243243246,1.978270962230418,0.9994826100927314
300480727,CCc1noc(n1)-c1ccc(cc1)CCN,1,0.3333333333333333,1.7561543212371837,0.998098584279029
44585808,Cc1csc(n1)N(C1CC1)C(=O)c1ccc(c(c1)F)-n1cncn1,1,0.43661971830985913,1.4575698954078684,0.9995338752906714
198935,CCc1nnc(s1)Nc1cccc(n1)C1CCCN(C1)CC(=O)N1CCCC1,1,0.5142857142857142,2.9212613713940594,0.997759727480239
49977918,CCCn1cc(cn1)CN1CCC(CC1)c1nc(no1)N(C)C,1,0.38095238095238093,2.1033998668816554,0.9993348399081828
50570563,CC(C)n1cc(cn1)CN1CCC(CC1)c1nc(no1)N(C)C,1,0.36619718309859156,1.8749586662101148,0.999252136427544
32147565,CN(C1CCCCCCC1)C(=O)C1CCN(CC1)c1ncccn1,1,0.5217391304347826,1.5229205494701794,0.9995251317886077
1456984,CCOC(=O)CC1=C(C)Nc2c(cnn2C1=O)-c1ccccc1,1,0.30158730158730157,1.6839376473011636,0.9996287047191074
49063828,CCc1cc(on1)CNC(=O)Nc1ccc(cc1)N1CCSCC1,1,0.4918032786885246,2.9750016806716433,0.9991157065208762
42885549,CC1(CCOCC1)c1nnc(o1)-c1cc(n[nH]1)-c1ccccc1,1,0.5,1.640090546280863,0.998964102470521
2344317,Fc1ccccc1CN1CCN(CC1)c1ncccn1,1,0.5714285714285714,0.4089510973209266,0.9997039082140963
53747118,CCOc1ccc(cc1)OCCN1CCN(CC1)C(=O)C,1,0.4782608695652174,1.861730377901014,0.9989730708349598
36907186,COc1ccc(c(c1)F)C(=O)N(C)Cc1nccn1C,1,0.4057971014492754,1.6955423910949565,0.9986650285543958
208359,CNC(=O)c1cc(ncn1)C1CCN(C)CC1,1,0.3333333333333333,1.9300310878323117,0.998635186684647
43021928,CCCCOc1ccccc1-c1cc([nH]n1)C(=O)NCCc1cccs1,1,0.625,3.172029003651511,0.9986683078116376
41630506,Cc1cc(n(n1)-c1ccc(cc1)C#N)Cl,1,0.32608695652173914,0.8971064596803432,0.9989829237714389
5536034,Cc1ccccc1CSc1ccc(nn1)-c1ccccn1,1,0.2698412698412698,0.885714965437978,0.9995206489798601
32061442,FC(F)(F)c1cccnc1NCCNC(=O)C1=CN=C2C=CC=CN2C1=O,1,0.30434782608695654,2.366027049718332,0.9994273097073426
49933492,O=C(N1CCCO1)c1ccc(cn1)C#N,1,0.29508196721311475,1.4165066184104298,0.9985477795057981
53817229,Fc1cncc(c1)-c1cnc(nc1)NCc1ccc(c(c1)F)Cl,1,0.36538461538461536,1.6490463911001436,0.9992206484458076
38281327,OC(=O)Cc1ccc(cc1)Oc1ccncc1,1,0.38095238095238093,4.0549081370606,0.9934122264554666
43583679,O=C1CCCc2c1[nH]c1cc(ccc21)-n1ccnc1-c1ccncc1,1,0.28,1.599523991692683,0.9997737814961118
50612278,CCOc1cc(ncn1)N(C)CC1CCN(C)CC1,1,0.375,1.6651033000991258,0.9980725796912507
31416534,OCc1cnnn1-c1cncc(n1)Cl,1,0.19230769230769232,4.710017940517544,0.9974019643774067
48762012,Cc1cc(n(n1)C)C(=O)Nc1nnc2n1CCCC2,1,0.5185185185185185,1.4809821065774618,0.9997089676893182
139117,CN(C)C(=O)C1(CCN(CC1)C(=O)C1CCCO1)Cc1ccccc1-c1ccccc1,1,0.5909090909090909,1.4028913001372278,0.9994102075117535
48832018,OCC1CN(C1)C(=O)Cc1cccc(c1)I,1,0.4888888888888889,2.649115701512464,0.9976842296796021
82700463,COc1cccc(c1-c1ccc(cc1)OCCN1CCCC1)OC,1,0.42857142857142855,1.7877029954665877,0.9986898677833607
32018130,CSCc1csc(n1)NC(=O)C,1,0.45454545454545453,1.5371366237262305,0.9996169790046674
49154015,Clc1cc(cc2n(cnc12)CC=C)-c1ccc(o1)C(=O)NC1CC1,1,0.2602739726027397,2.0667365579578907,0.9995043188004689
24472719,Cc1noc(c1CCC(=O)Nc1cccnc1)C,1,0.5535714285714286,1.0901940194290625,0.9997307997394409
15987806,CCCc1nc2nc(c(c(n2n1)O)NS(=O)(=O)c1ccc(cc1)C1CCCCC1)C,1,0.3698630136986301,3.7150059219330385,0.9968253115309523
177425312,CN(CC1(CO)CCCC1)C(=O)CCN1CCCCC1=O,1,0.36363636363636365,1.9426749599457023,0.9992451922176643
177472658,CN(CC1(CO)CCC1)C(=O)CCN1CCCCC1=O,1,0.36363636363636365,1.6977393792923732,0.998288133821175
36811266,COc1ccc(c(c1)OC)C(=O)c1ccc(cc1)C,1,0.43859649122807015,2.4585021862914926,0.998909032513339
33665609,COc1ccc(c(c1)OC)C(=O)c1ccc(cc1)Cl,1,0.43103448275862066,1.1723659838122171,0.9965511928613581
420214,CCCn1ncc(c1C)CN1CCC(CC1)c1cc2cccnc2[nH]1,1,0.3235294117647059,4.152808447305035,0.9989446397370275
232862115,COc1ccccc1-c1cc(nc(n1)-c1ncccn1)C(C)(C)C,1,0.6136363636363636,1.5830173719830112,0.997368059500023
232838302,CN(C)c1nc(cc(n1)C(C)(C)C)-c1c(nn(c1C)C)C,1,0.5833333333333334,1.4937543305370182,0.9990884055338479
53804145,CCC1=CC(=O)NC(=N1)SCCN1CCCCC1,1,0.509090909090909,2.313860842833688,0.9991137890635625
11015786,Cc1ccc(cc1NS(=O)(=O)c1csc(c1)C(=O)Nc1ccccc1)C(=O)O,1,0.3620689655172414,3.5806253643741535,0.9989276138602066
49125034,CC1CCC(CC1)CNC1(CCO)CCOCC1,1,0.44680851063829785,1.4616490686892536,0.9985026848423385
177431642,O=C(NCC1(CCCC1)N1CCCCC1)c1cnn[nH]1,1,0.27941176470588236,2.4168535330062006,0.9989039236927045
24970980,CC(C)CN(C1CC1)c1ncnc2n(ncc12)C,1,0.5384615384615384,1.2943144903772708,0.9995536104645677
46620326,CCc1nc(cs1)CN1C(=O)COc2ccc(cc21)F,1,0.3150684931506849,2.1443486190449796,0.9986237917713839
177380774,CN(C)S(=O)(=O)CCNC(=O)N(C)CCOc1cc(cc(c1)C)C,1,0.5517241379310345,1.9796984618876756,0.9979972069880839
342572,Cc1csc2c1C(=O)N1CCNCCC1=N2,1,0.2463768115942029,5.644999557129939,0.993021165093937
1546088,COc1ccc(c(c1)S(=O)(=O)Nc1cccc(c1)CCc1ccccn1)OC,1,0.38571428571428573,2.038858258928255,0.9972920596147313
104336645,C[C@H]1CN(CCN1c1ccc(nc1)NC1=CC(=CN(C)C1=O)c1ccnc(c1CO)N1CCn2c3c(cc2C1=O)CC(C)(C)C3)C1COC1 |r|,1,0.21296296296296297,16.790030851669076,0.9700285667198373
48242285,CCc1cnc(o1)CN1C(=O)NC2(CCC2)C1=O,1,0.4444444444444444,2.096988316611128,0.9996804341760777
25610913,COc1ccc(cc1OC(C)C)-c1nnc2ccc(cn12)C(F)(F)F,1,0.29310344827586204,1.479366418437634,0.9987865527820557
295412827,C1Cn2nccc2CN1Cc1ccccc1,1,0.38,1.556838784203514,0.9983646022279091
31931312,O=C1Nc2ccc(cc2O1)-c1csc(n1)CCN1CCCC1=O,1,0.3026315789473684,2.9346705096146586,0.999007868563241
48544545,Oc1[nH]c2ccc(cc2c1-c1ccc(cn1)CN1CCOCC1)C#N,1,0.32,2.5257048521150947,0.9990300638246118
49176076,Nc1cncc(c1)-c1ccc(cc1)CN1CCCCC1,1,0.40816326530612246,3.1547210653240354,0.9958734611178228
1536313,C1Oc2ccc(cc2O1)CNC/C=C/c1ccccc1,1,0.37037037037037035,2.3353759868595643,0.9975613164234975
31873876,Fc1ccccc1CN1CCN(CC1)S(=O)(=O)N1CCOCC1,1,0.39622641509433965,1.8883193585829359,0.9973241308609866
23966628,Cc1ccc2nc3c(c(c2c1)C(=O)NCc1nnc2n1CCC2)CCCC3,1,0.6212121212121212,2.1768309534733765,0.999530055240072
189725381,Cc1nnc(n1C1CC1)COc1cccc(c1)-n1ccnc1,1,0.3389830508474576,2.178915555959147,0.9985154121208579
EN300-6477654,C[C@]12CCC3=C4CCC(=O)C=C4CC[C@H]3[C@@H]1CC[C@@]2(O)CC#N |r|,1,0.4696969696969697,4.345419657524639,0.9993357436669678
13448534,Fc1ccc(cc1)CN1CCCN(CC1)c1ccc2nnnn2n1,1,0.3220338983050847,1.8928351750746402,0.9978340164285517
32146291,Cc1cc(on1)C(=O)NC1CCN(CC1)c1nc(nc2ccccc12)-c1cccs1,1,0.33783783783783783,1.960183664865877,0.9993336363848763
232838707,COCC(=O)Nc1ccc(cc1)NC(=O)Cc1ccc(cc1)C(F)(F)F,1,0.35714285714285715,1.474590790693978,0.9985885244564175
43798139,CC(=O)Nc1ccccc1OCCOc1ccc(cc1)Cl,1,0.3620689655172414,1.7306351435239806,0.9960834971097364
37000875,Cc1nn(c(c1C(=O)O)C)Cc1cccc(c1)Br,1,0.37735849056603776,2.859894228813722,0.9981884846876985
50127813,Fc1cccc(c1)CNC(=O)c1[nH]nnc1-c1ccccc1,1,0.3382352941176471,2.001657313328182,0.998053302717772
29659409,CN(Cc1cccc(c1)C#N)Cc1cnn(c1)C,1,0.5531914893617021,1.8174234509328333,0.9992906405103059
2059266,CCN(CC)C(=O)c1ccc(cc1)NC(=O)C,1,0.4,1.7631962454589236,0.9986401451218414
24032918,Fc1cc(cc(c1)CNC(=O)c1ccccn1)F,1,0.4897959183673469,1.046379950113736,0.9994212812657093
31836416,Fc1ccc(cc1)CNC(=O)c1ccccn1,1,0.54,1.444848434958187,0.9995708403791422
49346047,Cc1nccc(c1Cl)NC(=O)c1ccncc1Cl,1,0.5306122448979592,2.2161231915221915,0.9991152796831755
49155578,Fc1ccc(c(c1)F)-n1nc(nc1-c1cn[nH]c1)C1CCOCC1,1,0.48484848484848486,1.6542572351362768,0.998724864039198
49144354,Cc1ccc2nc(c(cc2c1)-c1nc(nn1CCO)C)C,1,0.3508771929824561,1.320547992312052,0.999545324677641
49155634,COCC1(CC1)c1nc(nn1Cc1cccc(c1)Cl)-c1ccncc1,1,0.32051282051282054,1.664617073083065,0.9985561157993965
33314123,COCC(=O)Nc1cccc(c1)-n1cccc1,1,0.4074074074074074,1.6303545626642388,0.9996131891100861
53777863,COC(=O)C1=NOC2(CCN(CCC(C)(C)C)CC2)C1,1,0.265625,1.752774942769294,0.9979532510000833
53839716,COC(=O)C1=NOC2(CCN(CCCCCF)CC2)C1,1,0.3225806451612903,1.7463848373138549,0.9986385905755882
36987134,CC1CCC(CC1)NC(=O)c1oc2ccccc2c1CS(=O)C,1,0.4067796610169492,1.8921017414505943,0.999396476233402
43060096,COc1cncc(c1)-c1ccnc2[nH]ccc12,1,0.4807692307692308,2.364437988191661,0.9989872929289981
18918409,CC1=C(Oc2c(cccc2C1=O)C(=O)NCCCN1CCCCC1)c1ccccc1,1,0.4925373134328358,3.0452967014726866,0.9983392702932611
36748737,Cc1ccc(nn1)Oc1ccc(cc1)N,1,0.45652173913043476,1.6019612979095097,0.9950015199647695
32043132,Cc1nc(c2cnn(c2n1)C)N1CCOc2ccccc2C1,1,0.5294117647058824,1.852063983775921,0.9990258081691299
44811418,CC(C)NC(=O)COc1cccc(c1)-c1nc(c2ccccc2n1)Nc1ccc2[nH]ncc2c1,1,0.352112676056338,2.0626642964860284,0.9987202067192734
323952813,CC(C)n1cnnc1-c1cccc(n1)N1Cc2ccc(cc2C1=O)Br,1,0.35294117647058826,2.850175784052651,0.9989492293192462
320364216,Cn1cc(cn1)Nc1nc(nc(n1)-c1cccc(c1CO)N1C=Cc2cc(cc(c2C1=O)F)C1CC1)N,1,0.25510204081632654,4.377977957915892,0.9977270523678962
36516873,COc1cccc(c1)Nc1c(cnc2c(cc(cc12)S(=O)(=O)c1cccc(c1)C(=O)N(C)C)C)C(=O)N,1,0.28,1.6225261168924219,0.9991037073764121
31965105,Cc1csc(n1)NC(=O)CCc1ccncc1,1,0.5652173913043478,1.1110526540175762,0.9995185891970115
45697439,Cn1ccc(n1)CSc1n[nH]c(n1)-c1cc(cc(c1)F)F,1,0.27419354838709675,1.8323269358924696,0.9996361478351317
17943398,CCN(CC)C(=O)N1CCC(CC1)C(=O)O,1,0.3695652173913043,3.9624923974690907,0.9944690075284297
48304378,Cc1cc(nn1C)OCc1ncc(o1)C(C)(C)C,1,0.3076923076923077,1.5841736015983896,0.9995715782998967
49921682,Cc1cc(c2ccccc2n1)Cn1cnc(c1C#N)C#N,1,0.4716981132075472,1.6179199609373554,0.9993970032278985
206429,CN1CCC(CC1)C(=O)N1CCC(CC1)c1cc(c2c(n1)CCNC2=O)C(F)(F)F,1,0.34146341463414637,2.3513713020278706,0.999619445744008
206425,CN1C=C(C=CC1=O)C(=O)N1CCC(CC1)c1cc(c2c(n1)CCNC2=O)C(F)(F)F,1,0.3372093023255814,2.070050724016264,0.9988186776687301
177485348,OCC1(CCCC1)CNC(=O)CN1CCCC1=O,1,0.4,1.9450287915607707,0.9985616462293379
43397821,Cc1cc(cc(c1)C(=O)Nc1nn(cc1C#N)C(C)(C)C)C,1,0.5098039215686274,1.6691057485973189,0.9988715696044805
2057338,C1CCCN(CCC1)Cc1ccc(cc1)-c1ccccc1,1,0.6216216216216216,2.028167152875216,0.9973415958859797
189882719,Clc1ccc(cc1)/C=C/C(=O)N1CCC2(CC1)CN(Cc1ccc(c(c1)Cl)Cl)C(=O)O2,1,0.3287671232876712,1.1458538301199699,0.9991382879317677
901943,CCC1=C(C)CN(C(=O)NCCc2ccc(cc2)S(=O)(=O)NC(=O)N[C@H]2CC[C@H](C)CC2)C1=O |r|,1,0.47368421052631576,3.3256286623734397,0.9968386084694564
32176505,CC(C)(C)c1[nH]cnc1/C=C/1\NC(=O)/C(=C/c2ccccc2)NC1=O,1,0.21666666666666667,2.832781318775101,0.9994959451033645
314274,CCN(CC)CCCNc1ncc(c(n1)-c1ccco1)-c1cc(no1)C,1,0.5373134328358209,4.692937033457888,0.9993276895384802
29578860,Cc1cc(on1)C(=O)Nc1cccc2ncccc12,1,0.46296296296296297,1.8052290713367871,0.9994012669132815
306110,Fc1ccc(cc1)CN1CCN2C(=Nc3ccccc3C2=O)CC1,1,0.4918032786885246,1.2951359002052605,0.9985963036581569
409118,Cn1cc(cn1)CN1CCN2C(=Nc3ccccc3C2=O)CC1,1,0.3880597014925373,1.867973233212759,0.9994301559105366
18877730,OC(=O)c1cc(cc(c1NC(=O)CSc1nccn1C1CC1)Cl)Cl,1,0.28378378378378377,2.638379047824697,0.9991004162524699
25587599,COc1cccc(c1)-c1nc(n[nH]1)-c1cccnc1,1,0.35185185185185186,1.3868222669118377,0.9995976030236975
300042043,Clc1ccccc1CNCc1ccc2c(c1)OCCO2,1,0.44,1.849522911455857,0.9986108663879723
3035918,O=C(COc1ncnc2ccccc12)NC12CC3CC(CC(C3)C2)C1,1,0.3387096774193548,1.9850735502744772,0.9976125162636515
48248496,CN(C1CCS(=O)CC1)c1ncc(cn1)Br,1,0.3157894736842105,2.178226342692627,0.9974780529528311
7338408,O=C(NNc1ccccc1)c1ccncc1,1,0.42857142857142855,2.0852951829419926,0.9989922966805657
317654466,Nc1ncnc2ccc(nc12)-c1ccnc(c1)F,1,0.24074074074074073,2.9231796044719927,0.9991068512813185
171948773,Cc1ccc(cc1)OCC1(O)CCN(CC1)CC1(O)CCN(CC1)c1ccccc1C,1,0.3472222222222222,4.244367444036641,0.9994313190880206
49149133,CSc1cccc(c1)-c1ccccc1-c1nnc(o1)C,1,0.3050847457627119,1.4912075643585947,0.9976080884248274
31940641,N#Cc1ccc(cc1)OCCn1cccn1,1,0.4,2.79413260243672,0.9968101107871308
30016064,Cc1nn(c2ncc(cc12)C(=O)Nc1ccc2c(c1)CCO2)C,1,0.46875,1.6124248819712892,0.9997280984239958
10645209,Cc1cn(cn1)-c1cc(cc(c1)C(F)(F)F)NC(=O)c1ccc(c(c1)Nc1nccc(n1)-c1cccnc1)C,1,0.3333333333333333,2.1689972337466217,0.9996551289699467
25664405,Fc1ccc(cc1)-c1cnc([nH]1)SCCN1C(=O)CCC1=O,1,0.2711864406779661,2.593880876216346,0.999459741067385
5662916,CC(C)(CO)NCCCCn1c2ccccc2c2ccccc12,1,0.40476190476190477,2.3225001614641516,0.9989756396505204
53819787,COC1=NN(Cc2noc3c2CCCC3)C(=O)C=C1,1,0.46296296296296297,1.5368675935163525,0.998761348520631
320405235,CN(CCOc1c(ncnc1-c1cc(cc(c1C)NC(=O)c1ccc(cc1F)C1CC1)F)N)C(=O)C=C,1,0.25555555555555554,2.979761903239628,0.9990438844667074
45751322,CN(CCc1ccccn1)C(=O)Nc1nncs1,1,0.4,1.0660881764648453,0.9996116004516807
232902536,COCC1(CCC1)CNS(=O)(=O)c1ccccc1,1,0.5769230769230769,2.34438691345949,0.9971595728600025
48309286,Cc1nccn1CCCN1C(=O)SC(C)(C)C1=O,1,0.2903225806451613,1.9819432383395783,0.998919939560294
329184,Cc1cnc(cn1)-c1nc(ncc1-c1onc(c1C)C)NCc1ccccn1,1,0.3466666666666667,1.66925222779463,0.9996685607682464
45716971,COc1ccc(cc1)CNC(=O)CCCOc1ccc(cc1)C(=O)C,1,0.43137254901960786,1.3726361498955935,0.9978549698953161
36436018,CCOc1ncccc1-c1nc(cc(n1)NC)C,1,0.43137254901960786,1.2275369648204333,0.9992511704794054
49969712,C(Nc1ncccn1)c1cnc2ccsc2c1,1,0.4222222222222222,1.374799258074043,0.9997081018330664
23971521,Cc1cccc(n1)C(=O)NCC#Cc1ccccc1,1,0.5869565217391305,1.1340775987557514,0.9989023640466329
71010653,O=C1N=C2C=CC=CN2C21Cc1ccccc1C2,1,0.24561403508771928,1.1732212067633707,0.9993470823344798
53829602,OCc1nnc(n1C1CC1)SCCSC1CCCCC1,1,0.2835820895522388,2.319355945084805,0.9980175653821945
73007305,Nc1nnc(n1C1CC1)SCCSC1CCCCC1,1,0.23529411764705882,2.5632005383893124,0.9971590060242779
33363767,COc1ccc(cc1-n1ccc(n1)C(=O)Nc1c2c(nn1C)CCC2)C,1,0.6101694915254238,2.6081873015562573,0.9991685252035679
24874030,COc1ccc(cc1)-c1ccc(cc1)CN(CCN(C)C)Cc1ccncc1,1,0.375,2.0340774321547204,0.997649265501531
168890455,NC(=O)c1c2n(nc1-c1ccc(cc1)Oc1ccccc1)[C@@H](CCN2)C1CCN(CC1)C(=O)C=C |r|,1,0.4268292682926829,4.321296333277869,0.9992473300785694
48876547,CCn1c(cc2c1nc(c1ncn(c12)C)Nc1cc(n(n1)C)C)C(=O)N(C1CC1)C1CC1,1,0.27058823529411763,7.52643341829336,0.9991376782325769
9879245,COc1ccc(c(c1)OC)NC(=O)c1snnc1C,1,0.3770491803278688,1.2766718450722399,0.9994928441856217
1300953,Cc1ccccc1OCCn1c(nc2ccccc12)N,1,0.5,1.8239331128084706,0.9984096447559004
44014989,CN(C)C(=O)CN(C)CC(=O)Nc1cc(ccc1Oc1ccc(cc1)C)Cl,1,0.3466666666666667,0.8527490838458716,0.9994827594956965
265759,Cc1cc(cc(n1)C1CN(CCO1)C(=O)Cc1csc(n1)C)Nc1nnc(s1)C,1,0.6025641025641025,2.107116275861311,0.9995882643762825
265683,COc1cccc(c1)CC(=O)N1CCOC(C1)c1cc(cc(n1)C)Nc1nnc(s1)C,1,0.5595238095238095,2.163272752105017,0.9989821264017779
290024482,COc1ccc(cc1)OCc1n[nH]c(n1)-c1n[nH]c2c1CCC2,1,0.29850746268656714,2.408193513818903,0.9989652788201012
43488186,Cc1ccc2[nH]c(nc2c1)C1CN(C1)C(=O)Cc1cccc2ccccc12,1,0.4576271186440678,2.2617362799408784,0.9971675547568577
2266063,Cc1cccc2sc(nc12)NC(=O)c1cccnc1,1,0.5833333333333334,1.966270327294569,0.9995835541742906
49125344,CC1CCC(CC1)N(Cc1nnc(o1)C1CCC1)C1CCC(O)CC1,1,0.3064516129032258,3.573825541349521,0.9987081461687224
265647,CCc1nnc(s1)Nc1cc(nc(c1)C1CN(CCO1)C(=O)C(C)C)C,1,0.5921052631578947,1.7439065341925974,0.999421822331627
31417877,Cn1cc(c(n1)C1CCCCC1)C(=O)O,1,0.43859649122807015,3.0781091598576946,0.9980932679395081
49972816,CN(CC(=O)Nc1cccc(n1)C)c1ncccc1F,1,0.4098360655737705,2.3097670878246914,0.9993869868000886
317396814,Cc1ccc(cc1)-c1ccnc(c1C#N)O,1,0.32075471698113206,2.633333059071735,0.9971298056146065
MCULE-1169396424,CCOc1ccccc1CNCCc1c[nH]c2ccccc12,1,0.6470588235294118,1.3499059226480108,0.9992976862243702
17120607,NCC(=O)Nc1ccc(cc1)-n1nc(cc1-c1ccc2c(ccc3ccccc32)c1)C(F)(F)F,1,0.27631578947368424,1.5412339212460753,0.998787549033871
300136806,OC(=O)/C=C/c1ccc(cc1)Cn1ccnc1,1,0.3283582089552239,4.03181844829363,0.9974798745022019
44699501,OCCCCCn1cc(nn1)-c1ccccc1-c1ccco1,1,0.3333333333333333,1.446806828847941,0.9993985754570905
7716996,OC(=O)c1ccc(cc1O)NC(=O)c1ccc(cc1)NC(=O)c1cccs1,1,0.39622641509433965,5.553265255684896,0.9974945809951778
11813013,CC(N1CCC(CC1)N1C(=O)Nc2ccccc21)c1nnc(o1)-c1cccs1,1,0.4246575342465753,2.2874603821702424,0.9993111947515201
177400551,O=C1N(Cc2ccc3c(c2)CCCC3)C=Nc2ncccc21,1,0.48333333333333334,1.9152999765046819,0.9984552203117041
227571,CN(C)C(=O)c1sc2nc(ccc2c1N)C1(C)CCN(CC1)c1ncccn1,1,0.3382352941176471,2.478588913071084,0.9993115254537146
171818667,CN([C@@H]1CCC[C@@H](O)[C@@H]1O)C(=O)COc1c(cccc1C)C |r|,1,0.48148148148148145,2.1747071067155845,0.9981458524206607
171818496,CO[C@@H]1CC[C@H]([C@H]1O)N(C)C(=O)COc1c(cccc1C)C |r|,1,0.44642857142857145,1.0160260823418452,0.9990964596327668
316162153,OC[C@@H]1CC[C@H](CO1)Nc1ncnc2[nH]cc(c12)C(=O)c1ccc(cc1Cl)Oc1ccccc1 |r|,1,0.3118279569892473,5.782399588405879,0.9997039690344903
5852446,CCC(=O)NCC[C@@H]1CCc2ccc3c(c21)CCO3 |r|,1,0.2903225806451613,1.6797982021658677,0.9995507325439288
48613628,COc1ccccc1C(=O)NCc1nc(cc(n1)N1CCCCC1)C,1,0.36923076923076925,2.5807210232800126,0.9978196536850212
48613632,Cc1cc(nc(n1)CNC(=O)c1ccccc1Cl)N1CCCCC1,1,0.36363636363636365,2.3465568392861527,0.9974370338338083
35731142,CCOC1CCN(CC1)C(=O)CN1C(=O)Nc2ccccc21,1,0.5862068965517241,1.5302039079807244,0.9991044484750017
48281908,Cc1oc2ncnc(c2c1C)NCc1cc(cc2c1OCOC2)F,1,0.4393939393939394,1.8906305826363816,0.9996911057463208
43249441,CN(C)c1cc(nc(n1)C)C1(C)CCNCC1,1,0.5,2.0393489157081532,0.9979274357904114
423170,Cc1ncc(c(n1)CCNC(=O)C1CCCC1)-c1ccccn1,1,0.36923076923076925,1.5911580688288347,0.9988495252772529
53803937,CNC(=O)Cc1cccc(c1)OCCN1CCCCC1,1,0.4166666666666667,2.4197475074891646,0.9958911798276654
49150113,CNc1ncc(cn1)-c1nc(nn1C(C)(C)C)C1(CC1)c1ccccc1,1,0.34375,1.426913452175936,0.9984691942147956
53808517,CCCS(=O)(=O)NC1CCN(CC1)Cc1ccc(c(c1)OC)C,1,0.5081967213114754,2.580661349344606,0.9972819951883971
35754387,CNC(=O)c1cccc(c1)Oc1ncnc2c1CN(C)CC2,1,0.4264705882352941,1.5882455729512477,0.9975895106856533
232863503,CCN1CCC(CCNc2ncc(c(n2)N(C)C)C)CC1,1,0.43859649122807015,2.3399369649627855,0.9977837280837977
11880948,CCN1CCN(CC1)c1ccc(cc1)Nc1ncnc2sccc12,1,0.4,2.6272091656356413,0.998458224291628
48269211,COc1ccc(cc1)CC(=O)Nc1ccc(nc1)F,1,0.39344262295081966,1.3574781766200898,0.9986210274074985
177388619,CCc1nc(cc(n1)N1CCCC2(CCNCC2)CC1)C,1,0.5094339622641509,1.9959691881390975,0.9978289324929079
18855069,CC1CCN(CC1)C(=O)c1sc(nc1C)COc1ccc(cc1)F,1,0.38666666666666666,1.6978863330625555,0.9981692424227266
48780034,CC(=O)N1CCCN(CC1)Cc1c(nn(c1Cl)C)C,1,0.36363636363636365,1.296461723306918,0.9991747394681855
46622380,CN(C)C1=CC(=O)N(CCC(C#N)(c2ccccc2)c2ccccc2)N=C1,1,0.2698412698412698,1.6800452374862074,0.9987207367901628
177370206,Cc1cc(n2nc(c(c2n1)C(=O)NCCc1nnc(s1)C)C)C,1,0.5714285714285714,1.4790114942084998,0.999609039467434
1542910,CCOC(=O)c1ccc(cc1)NC(=O)Cn1cnc2ccccc12,1,0.4426229508196721,1.8601835930902224,0.9985696344808338
36427432,CCc1nc2cc(ccc2o1)-c1c(cccc1OC)OC,1,0.3137254901960784,3.890315668425999,0.9930768601400229
82716591,COc1cccc(c1OCCCN)C(=O)N(C)CC(F)(F)F,1,0.3181818181818182,1.4799753376322087,0.9987226558336514
43643219,Clc1cccc(c1)NC(=O)CN1CCCN(CC1)c1nccs1,1,0.515625,1.3933535086254798,0.9994490040321704
49149249,Cc1ccccc1OC1CCN(CC1)C(=O)Nc1ccc2n(cnc2c1)C,1,0.4714285714285714,1.9309777316168268,0.9983031547411219
44507875,C1CC1c1nnc2n1CCN(C2)c1ncnc2ccccc12,1,0.2878787878787879,1.4814965406639793,0.999249087139372
45665715,CC(=O)N1CCC(CCNc2ccc3ccc(cc3n2)F)CC1,1,0.5,2.160214572675667,0.9980254751250587
189638257,FC(F)(F)c1ccccc1C1N(CCNC1=O)C(=O)c1ccc2nccn2c1,1,0.47692307692307695,2.818244311623775,0.9992800656511971
189741166,Cc1cc(ccc1C1N(CCNC1=O)C(=O)c1ccc2nccn2c1)F,1,0.4057971014492754,2.6155198336083973,0.999241323513677
Z344039182,Fc1ccc(cc1F)C(=O)N1CCN(CC1)C(=O)c1nc(ccc1Cl)Cl,1,0.36666666666666664,3.926053234483728,0.9868837987962029
31847077,O=C(NC1CC1)c1cccc2cccnc12,1,0.5555555555555556,1.2163178038654132,0.9995013084770775
53747827,Fc1ccc(cc1F)CN1C=Nc2c(oc3ccccc23)C1=O,1,0.3235294117647059,1.7407360512152534,0.9989981495926614
4899313,Clc1ccc(cc1)CN1C=Nc2c(oc3ccccc23)C1=O,1,0.3484848484848485,1.6695184934582055,0.9993528088060308
177427275,FC(F)(F)c1cccc2c1C(=O)N(CCc1ncc[nH]1)C=N2,1,0.31746031746031744,1.3169373561419166,0.99933184466223
177461018,Cc1cccc2c1C(=O)N(CCc1ncc[nH]1)C=N2,1,0.3492063492063492,1.6473985552988406,0.999128486569003
48773349,OC(=O)c1ccccc1COc1cccc2cccnc12,1,0.3770491803278688,3.641555162289907,0.9951187086567196
48765718,COc1ccc(c(c1)C(=O)N)OCC#C,1,0.3508771929824561,1.392871494431576,0.9961636780663768
49041586,CC(C)N(Cc1nnc(o1)C(C)C)C1CCOCC1,1,0.3157894736842105,1.2048921113526287,0.9989321970195941
49837375,Cc1c(cnn1-c1ccc(cc1)Cl)C(=O)Nc1ccc(c(c1)C#N)N1CCC(CC1)N1CCOCC1,1,0.30097087378640774,4.132933461840543,0.9967178836000863
36356120,CC(C)c1nc2c(n1C)CCN(C2)c1ncnc2ccccc12,1,0.45454545454545453,1.3602117482210463,0.9989968443081306
36356102,CC(C)c1nc2c(n1C)CCN(C2)c1ncnc2ccsc12,1,0.45588235294117646,1.9739072926561152,0.9993951059099835
31837136,CCCC(=O)Nc1ccc(cc1)C(=O)N(C)C,1,0.4772727272727273,1.3105392020082618,0.9990204383012115
73023165,CC(=O)Nc1ccccc1CN1CCC(CC1)c1nnc2ccccn12,1,0.546875,2.604616862419659,0.9991286111501856
3112768,N#Cc1ccc(cc1)COc1cnc2ccccc2n1,1,0.4230769230769231,1.591104333473936,0.9985679761224815
300011391,Oc1nccc2c(cccc12)S(=O)(=O)N1CCCNCC1,1,0.6274509803921569,1.9699360395708736,0.9986619006832493
31412633,Cc1ccc(cc1)-c1noc2nc(cc(c12)C(=O)O)C,1,0.4074074074074074,2.9409287648633065,0.9977497967848146
44498594,CC(=O)N1CCN(CC1)C(=O)CCc1ccc([nH]1)-c1ccccc1,1,0.35294117647058826,1.9554730885389457,0.9992134628190182
49942182,Cc1ncsc1CNc1nnc(o1)-c1ccncc1,1,0.6304347826086957,2.153744181652344,0.9994710549693541
72972996,CC(C)n1nccc1-c1ncccc1COc1cccc(c1C=O)O,1,0.29577464788732394,2.584783743371857,0.9992344248163851
73050302,C1CCN(C1)c1cc(ncn1)NCc1ccccc1N1CCOCC1,1,0.3333333333333333,2.739405592459765,0.9986699218798014
45712854,CCN(c1ccccc1)S(=O)(=O)c1ccc(cc1)C(=O)Nc1ccccc1C(=O)C,1,0.4339622641509434,1.7627092783552598,0.9987868786011089
258731,COc1cccc(c1)S(=O)(=O)N1CCOC(C1)c1c(sc2ncccc12)C(=O)N,1,0.32222222222222224,2.1926892164650464,0.9992350202059719
32146223,C1CN(CCC1c1ncc[nH]1)c1ncnc2sc(cc12)-c1ccccc1,1,0.3484848484848485,2.2976921029594206,0.9992810327483166
32117877,O=C(CNC(=O)c1ccccc1)N1CCN(CC1)C1CC1,1,0.37254901960784315,2.0744131700313098,0.9987382126826662
308044,CCOc1cc(ccc1OC)CN1CCc2c(nc(nc2C1)N1CCCC1)N,1,0.3333333333333333,2.8996337699786427,0.9990666394899507
49947006,Cc1nc(n(n1)C)NCc1sccc1C,1,0.6190476190476191,2.275190541471009,0.9995819694189144
48753166,CCc1nccn1Cc1nc(nc(n1)N(C)C)N,1,0.32,2.297045929014374,0.9989924591949564
25000719,CC(=O)N1CCC(CC1)Nc1ncnc2cc(sc12)-c1ccc(cc1)Br,1,0.47692307692307695,2.1379623476577803,0.999265726293632
395728,Cc1ccc(cc1)-c1cnn2c(cc(nc12)Cn1cccn1)O,1,0.3387096774193548,2.429785793027857,0.9992136203070352
3416569,Cc1ccc(cc1)-c1nc(cs1)CN1C(=O)N(C2CCCC2)C(=O)C1=O,1,0.42857142857142855,3.171184794362858,0.9984753497830189
36340866,CCS(=O)(=O)Cc1ccn(n1)-c1cccc(c1)F,1,0.5227272727272727,1.4835784441680604,0.9990672125267889
53780028,CC(=O)NC1CCC(CC1)NCCc1c(cccc1C)C,1,0.5319148936170213,2.117735583117117,0.9985089883278119
232833340,COc1cccc(c1)Oc1ccc(cn1)NC(=O)CN1CCOCC1,1,0.40298507462686567,1.5720569328110228,0.9986379772818114
232865232,COc1cccc(c1)Oc1ccc(cn1)NC(=O)CN1CCCCC1=O,1,0.4461538461538462,1.7422660531616971,0.9991846834097851
48297162,C1CCN(CC1)c1nc(nc(n1)N1CCCCC1)NC1CC1,1,0.32558139534883723,2.672371418796401,0.999122469130726
413444,OC1CCN(CC1)c1ncc(c(n1)-c1cccs1)-c1cnccn1,1,0.5925925925925926,2.0993003596431716,0.9995938869082776
49963976,CCCNC(=O)C1(CCCCC1)NCc1cncnc1,1,0.5882352941176471,2.12699459331721,0.9984936379831051
353778,CC(=O)N1CCC2(CC1)Oc1cc(c(cc1C=C2)C)C,1,0.29508196721311475,2.1626287244926448,0.9994158665815329
32090192,CC(=O)N(c1ccc(cc1)C)c1nc(cs1)Cn1ccnc1,1,0.3064516129032258,2.0637880220601637,0.9994509295161803
45753290,Cc1nnc(o1)-c1ccccc1NCc1ccsc1,1,0.28125,1.6788493083064424,0.9994755502551531
36950801,CN(CC1CCCC1)C(=O)Nc1ccccc1N1CCOC1=O,1,0.47619047619047616,1.910308875548479,0.9991728118877051
314860,CCN1C(=Nc2ccccc2C1=O)CN1CCCCCC1,1,0.32727272727272727,0.8775032763467435,0.9994873381030772
Z1611059418,CC(C)c1nnc(o1)NCc1ccn(c1)C,1,0.5681818181818182,1.4233193598060336,0.9995323115314707
177455527,CN(C)c1cncc(n1)-c1ccc(cc1)C(=O)NC(C)(C)C,1,0.5106382978723404,1.7543300715658467,0.9989424395872316
24065064,CN(C)C(=O)c1cccc(c1)NC(=O)c1ccc(nc1)C,1,0.5102040816326531,1.114174133607099,0.9994388895515806
49064492,CC1CCC(O)(CC1)CSc1nncn1C(C)C,1,0.5306122448979592,1.8387264614403276,0.998538046177622
16154631,Fc1ccc(cc1F)N1C=CN(Cc2ccccc2Cl)C(=O)C1=O,1,0.625,1.738052358244727,0.9985906395305235
16784498,COc1cccc(c1OC)-c1nc(cs1)C(=O)O,1,0.3404255319148936,2.306475232904274,0.9983639742004153
25428520,COc1ccccc1-c1nc(cs1)C(=O)O,1,0.34615384615384615,2.023851032067405,0.9982729843754861
139341,COCC(=O)N1CCC(CC1)(Cc1ccccc1-c1cccc(c1)F)C(=O)NC(C)C,1,0.4927536231884058,2.191123684322542,0.9991947672656897
177506724,Cc1[nH]nc(c1C)CCC(=O)NCCCOC1CCCCC1,1,0.2878787878787879,3.2402941224523785,0.9952417400189929
177377491,Cc1[nH]nc(c1C)CCC(=O)NCCCOC1CCCC1,1,0.2923076923076923,1.6996290771812832,0.9987151064696351
36946295,CNC(=O)c1cnc(s1)/C=C/c1csc(n1)-c1cccs1,1,0.5254237288135594,1.8422393981242167,0.9993805997672699
193781,COc1ccc2c(c1)C=C(CO2)CN1CCC(CC1)c1cc(cc(n1)C)-c1cncnc1,1,0.4567901234567901,3.1369770480511314,0.99696325652149
193785,COc1ccc2c(c1)C=C(CO2)CN1CCC(CC1)c1cc(cc(n1)C)-c1ccc(nc1)N,1,0.4878048780487805,3.979558266943771,0.9960723011673942
177304918,COC1(CCN(CC1)Cc1ncccc1Cl)c1nc(no1)Cc1ccccc1,1,0.3787878787878788,2.2389330048037306,0.998909059268944
177307724,COC1(CCN(CC1)Cc1cnc(o1)C)c1nc(no1)Cc1ccccc1,1,0.32857142857142857,1.7274683788707728,0.9987580770146772
48836360,O=C(N(CCC#N)C12CC3CC(CC(C3)C2)C1)c1cccs1,1,0.28125,2.2065511550834818,0.9978765165568397
49961912,O=C(N(CCC#N)C12CC3CC(CC(C3)C2)C1)c1sccc1C#N,1,0.296875,2.537954688326658,0.9969585011863749
49951308,O=C(Cc1n[nH]c2ccccc12)N1CCCO1,1,0.38181818181818183,1.4271884949094713,0.9994682434639319
48295458,Cn1ccnc1-c1noc(n1)NCc1ccccc1,1,0.41509433962264153,2.421894506373278,0.9984178104151258
177472907,CCn1nccc1-c1cc(nc(n1)N1CCCC1)C,1,0.3728813559322034,1.9301800434150795,0.9996577447597983
3333585,O=C(CSc1nnc([nH]1)-c1cccs1)N1CCCCCC1,1,0.39622641509433965,2.0518776766656823,0.9986556241224459
49088031,Cc1cnc(nc1N1CCSCC1)N1CCSCC1,1,0.43902439024390244,2.103155248668198,0.9987776675181104
44529882,COC1CCN(CC1)C(=O)Nc1cc(cc(c1)C(F)(F)F)C(F)(F)F,1,0.38095238095238093,1.6578893207931125,0.9971618648794002
7689820,Nc1nc(c2c(c(ccc2n1)Br)Cl)N,1,0.3333333333333333,5.360881923713673,0.9931444876572201
49953992,CN1CCc2ccc(cc21)C(=O)NCCC(=O)Nc1cccnc1,1,0.373134328358209,2.9879268732684587,0.9988923978940825
316949638,O=C(Nc1ccc(cc1)CN1CCCCC1)c1ccnc2[nH]cnc12,1,0.4426229508196721,3.656755118954474,0.997150761308254
2199776,O=C(NCc1cccs1)c1cccnc1,1,0.5208333333333334,1.6162054324874122,0.999442051761415
11326025,CCCNC(=O)Nc1ccc(cc1Cl)Oc1ncnc2cc(c(cc12)OC)OC,1,0.34065934065934067,2.228008078979891,0.9980492614462445
177465976,Clc1ccc(nc1)C(=O)N1CCN(CCc2ccccc2)C(=O)C1,1,0.3333333333333333,2.0350036855005116,0.9989915929475781
Z57841791,Cn1c(nc2ccccc12)CNC(=O)Cc1ccccc1,1,0.3793103448275862,1.6262469062227565,0.9988259031038168
Z102329238,Cn1c(nc2ccccc12)CNC(=O)Cc1cccc2ccccc12,1,0.5,1.6301800514055582,0.9986154794808719
49028063,Cc1nnc2ccc(nn12)NCCOC1CCCCCC1,1,0.3620689655172414,1.2225473405969267,0.9992332751281832
48210605,C(Cn1ccnc1)Nc1cnc2ccccc2n1,1,0.5094339622641509,2.077710518817137,0.9996608414068706
30173146,Cc1c(n(c2ccc(cc12)O)Cc1ccc(cc1)OCCN1CCCCCC1)-c1ccc(cc1)O,1,0.34375,5.0802560959068614,0.994323814025605
171745752,CCCc1nc(ncc1C(=O)O)N1CCc2ccccc2C1,1,0.4375,3.156562212281076,0.9937830722305858
300620222,CCN(CC)Cc1ccc2cc(ccc2c1)COC(=O)Nc1ccc(cc1)C(=O)NO,1,0.3380281690140845,3.6376310972940105,0.9938319708426935
171975111,CC(=O)NC[C@H]1C[C@]2(C)[C@@H](CCCC[C@]2(C)O)N1CC1(O)CCCC1 |r|,1,0.3103448275862069,3.895424367126004,0.9984011597180408
171974149,CC(=O)NC[C@H]1C[C@]2(C)[C@@H](CCCC[C@]2(C)O)N1CC1(O)CCOCC1 |r|,1,0.2857142857142857,4.191109399669675,0.9985459019614
323968411,CC(O)(C#Cc1ccc2c(c1)N(CC2)c1nc(ncc1Cl)N)c1nccs1,1,0.2247191011235955,4.5316560990436985,0.9993071365731379
232900428,COCC(=O)Nc1ccc(cc1)NC(=O)Cc1cc(ccc1C)C,1,0.43137254901960786,2.505266852053969,0.9985661317144703
36705292,CCN(CC)C(=O)N1CCCN(CC1)C(=O)N(CC)CC,1,0.35714285714285715,2.7017374039678206,0.9991694797210321
23998049,O=C(Cc1ccc2c(c1)CCC2)Nc1nc2ccccc2o1,1,0.33783783783783783,1.1318025446160822,0.9996255815516751
32391674,O=C(NCC1=CCCN(C1)Cc1cccc(c1)C#N)c1cccs1,1,0.42105263157894735,2.3165750581407725,0.9985552181281327
48421225,CN1C(=O)N(C)c2cc(ccc21)CN1CCC(CC1)c1ccc(cn1)Cc1ccccc1F,1,0.3783783783783784,4.378969056753118,0.9971536133884443
49156244,CCCCn1nc(nc1CNC)-c1ccc(o1)C,1,0.4032258064516129,1.5625219998459488,0.9994196663006424
2858011,CC(C)CN1C(=O)NC(=O)c2c1ncn2CC(C)C,1,0.47058823529411764,2.399595174190422,0.9995255095138115
3573849,COc1ccc(cc1)-c1csc(n1)CC(=O)N,1,0.6363636363636364,1.930357738865765,0.9994013076223895
36671973,CN1CCN(C(=O)CCc2c(nn(c2C)C)C)c2ccccc2C1,1,0.5932203389830508,2.0733528402083814,0.9975507345763861
300095105,Cc1cncc(c1)CN1CCC(=C2c3ccc(cc3CCc3cccnc32)Cl)CC1,1,0.55,2.843797812784604,0.9994272000295282
36332254,CN(CCN1CCCC1)C(=O)c1sc2nc(nc(c2c1C)C)C,1,0.5344827586206896,1.9530611869577374,0.9988324310468398
11480017,COc1ccc(cc1)OCC(=O)Nc1cccc(c1N1CCN(CC1)C(=O)C)Cl,1,0.45588235294117646,1.7797148648025536,0.9984745251306248
11480015,CC(C)c1ccc(cc1)OCC(=O)Nc1cccc(c1N1CCN(CC1)C(=O)C)Cl,1,0.44285714285714284,2.097700169233291,0.9979379621718166
222769009,CC(C)Cc1cc(n[nH]1)CN1CCN(CC1)S(=O)(=O)N1CCOCC1,1,0.27419354838709675,2.404612234852057,0.9979530494367654
42966292,COC(=O)c1cc(c(c(c1)NC(=O)CCCc1ccccn1)C)F,1,0.3492063492063492,1.5374456087938704,0.9991083368895386
24121594,O=C(NCc1cnn(c1)-c1ccccc1)C1CCC1,1,0.5283018867924528,1.441112070589945,0.9989785828328132
177428613,Cc1n[nH]c(n1)C1CCN(CC1)C(=O)NC1CCN(CC1)c1ccc(cc1)F,1,0.4444444444444444,2.3835704310971866,0.9989652091550846
36421752,COc1ccc(cn1)-c1c(n[nH]c1C)C,1,0.28,0.9888589383731455,0.9997571506204893
300964829,Cn1cc(cn1)-c1ccnc(n1)/C=C/c1ccc(cc1Br)F,1,0.33783783783783783,2.257320757003721,0.9967246742651648
133851,Cc1ccc2n(c(cc2c1)C(=O)N1CCOC(C1)C(=O)N1CCc2ccccc2C1)C,1,0.37333333333333335,3.613292266064477,0.9984310911300466
48763678,C1CC(CCO1)Nc1nnc(s1)Cc1ccccc1,1,0.46,1.868153901582726,0.9989504220612673
49096260,CC(C)CCN1CCC(CC1)CNS(=O)(=O)C,1,0.31666666666666665,2.90318549183487,0.9964113198830166
49829625,Cc1cc(ccc1Nc1nc(c2nc[nH]c2n1)NC1CCCCC1)N1CCOCC1,1,0.367816091954023,3.5711292331697178,0.9982479328872013
316789943,NC1CC(NC(=O)c2ccc(cn2)-c2cn[nH]c2)C21CCC2,1,0.38235294117647056,2.540541084099749,0.9989307607382977
29665183,COc1cccc(c1)-c1nnn(n1)Cc1cc(cc2cccnc12)F,1,0.4067796610169492,1.8915305971620895,0.9990656113615238
43258693,O=C(N1CCOCC1c1ccn[nH]1)c1ccc2c(c1)CCCC2,1,0.3230769230769231,1.8458185176231108,0.9988955702177689
30446887,Cn1c(ncc1-c1ccc(cc1)F)NC(=O)CCC(=O)N1CC(=O)Nc2ccccc21,1,0.4155844155844156,2.1174196560909606,0.999335065982578
7683299,COc1ccccc1N1CCN(CC1)C1=NC(=CC(=O)N1)c1ccc(cc1)C,1,0.3582089552238806,1.9117065674418354,0.9992338406725693
4759628,COc1ccccc1N1CCN(CC1)C1=NC(=CC(=O)N1)c1ccc(cc1)F,1,0.3582089552238806,1.7089818606407046,0.9989273829849514
309592,O=C1NN=C2C(=C1)CCc1nc(ncc12)N1CCCC1,1,0.2692307692307692,2.530648138323393,0.9982646950474588
309652,O=C1NN=C2C(=C1)CCc1nc(ncc12)N1CCCCC1,1,0.2641509433962264,1.8293102525268508,0.997166876668186
36695013,Cc1cnn(c1)C1CN(C1)CC1(O)CCCCC1,1,0.3793103448275862,1.5557609070803706,0.9991264819533897
48931495,CN(C)S(=O)(=O)c1cc(ccc1C)NC(=O)CN(C)C1CCCCC1,1,0.5294117647058824,2.823111935435649,0.9959786162913697
30197060,CN(Cc1c(cccc1Cl)F)C(=O)c1ccc(nc1)-n1ccnc1,2,0.4411764705882353,1.7711688231226796,0.9986885125245989
29640121,CN(Cc1ccc(cc1)Cl)C(=O)c1ccc(nc1)-n1ccnc1,2,0.5344827586206896,1.9359212277363251,0.9987488131638065
30457837,Fc1cccc(c1)OC1CCN(CC1)Cc1nc2ccccc2[nH]1,2,0.5178571428571429,1.6102043348592767,0.9974262097984872
2868274,Cc1csc(n1)Cc1nc(no1)-c1ccc(cc1)O,2,0.3333333333333333,1.386461322936804,0.9991916211845329
36635336,CN1CCN(CC1)C1=C2C=CC=CC2=Nc2ccc(cc2N1)Cl,2,0.2878787878787879,2.2890428130551337,0.9974370338338083
303172217,CC1=C2N(C(=O)C(=C1)Nc1cc(ncn1)N)C1(CCCCC1)NC2=O,2,0.26865671641791045,3.519709647114365,0.9992684247011359
29676702,O=C1CCCN1C(=O)COc1cccc(c1)-c1nnco1,2,0.3484848484848485,1.9790126326022164,0.9989889376048301
5662916,CC(C)(CO)NCCCCn1c2ccccc2c2ccccc12,2,0.2542372881355932,2.3225001614641516,0.9989756396505204
327160,CNc1ncc(cn1)CN(C)CCN1CCCCC1,2,0.37254901960784315,1.578768507413018,0.9985410625597201
3030747,CCC(C)(C)c1ccc(cc1)Oc1ccc(cc1)NC(=O)CSc1cccc[n+]1[O-],2,0.3142857142857143,3.4193250796026464,0.9929485044606492
133851,Cc1ccc2n(c(cc2c1)C(=O)N1CCOC(C1)C(=O)N1CCc2ccccc2C1)C,2,0.37333333333333335,2.60884629673748,0.9984310911300466
49292072,CN(C1CCCCCCC1)C(=O)COc1cc(on1)C,2,0.3793103448275862,1.5588838956125504,0.9989525596667304
31378890,O=C(NCC1(CC1)c1ccccc1)c1cccnc1,2,0.46938775510204084,0.9222895423889691,0.9990523856101096
49343751,O=C(Nc1nnc2n1CCCC2)c1cscn1,2,0.5185185185185185,1.858462267575064,0.9996850691346179
3593598,Clc1ccccc1-c1ccc(o1)C(=O)N1CCN(CC1)C(=O)c1ccccc1,2,0.32786885245901637,2.2332008418409055,0.9992983237630141
44563083,COC(=O)N1CCCN(CC1)C(=O)c1ccc(o1)-c1ccccc1Cl,2,0.36507936507936506,1.3118338309404924,0.999400905634829
276236010,CCC(C)(C)N1CCN(CC1)C(=O)NCCc1cc(no1)C,2,0.36363636363636365,2.9805033132007455,0.9986838512088421
30713459,CC(C)CC(=O)NCC(=O)N1CCCC1,2,0.4666666666666667,1.3707950247941478,0.9985044195724896
48745653,CC(C)NC(=O)Cn1nnnc1C(C)(C)C,2,0.5531914893617021,1.6699667661359574,0.9993694833071943
313516885,CC(C)c1nnc(n1-c1cccc2nonc12)-c1ccc(nc1)-c1ccccc1,2,0.2727272727272727,2.172302465127772,0.9990441620727539
23998049,O=C(Cc1ccc2c(c1)CCC2)Nc1nc2ccccc2o1,2,0.33783783783783783,1.1318025446160822,0.9996255815516751
24039580,CCC(=O)N(C)CC(=O)Nc1cccc(c1)F,2,0.5882352941176471,1.2850692588335877,0.9992270110475469
301693590,CN(C1CCNC1)C(=O)c1cc(ccc1F)N1CCNC1=O,2,0.47761194029850745,1.8435256982203032,0.9993550093750272
301817626,CN(C1CCC(N)CC1)C(=O)c1cc(ccc1F)N1CCNC1=O,2,0.5,1.9970485722685578,0.9992112772675678
300042043,Clc1ccccc1CNCc1ccc2c(c1)OCCO2,2,0.44,2.1003299740756223,0.9986108663879723
48242285,CCc1cnc(o1)CN1C(=O)NC2(CCC2)C1=O,2,0.4444444444444444,2.096988316611128,0.9996804341760777
49350315,Fc1ccc(cc1)CNc1nnc(o1)-c1ccc2c(c1)OCO2,2,0.4032258064516129,1.7653093213373219,0.9993121816183406
222764757,CCCc1ncncc1C(=O)NCc1nncn1CCC,2,0.5079365079365079,1.458283580103587,0.9990450611044218
49829625,Cc1cc(ccc1Nc1nc(c2nc[nH]c2n1)NC1CCCCC1)N1CCOCC1,2,0.367816091954023,3.5711292331697178,0.9981233495919688
32007436,Cc1cc(n(n1)-c1ccc(cn1)CNC(=O)c1ccc2c(c1)CCO2)C,2,0.5538461538461539,1.2606482459434354,0.9995891732447686
36950373,CC(C)(C)c1csc(n1)CCNC(=O)N1CCSCC1,2,0.5272727272727272,1.9248270052137824,0.9994070888140558
33312531,Cc1noc(n1)C1CCN(CC1)C(=O)C1(CCC1)c1cccc(c1)F,2,0.37142857142857144,2.1440837203805447,0.9985297468222758
44447021,Cc1ccc(cc1)N1CCN(CC1=O)C(=O)c1c(nc2sccn12)C,2,0.3235294117647059,1.50865602441343,0.9990579181796181
31325002,Cc1ccccc1CC(=O)N1CCN(CC1)C(=O)c1ccccc1,2,0.4,1.4059662158102033,0.9986905716450258
177361869,CN(C)c1nc(ncc1C)NCC1(CO)CCCC1,2,0.39344262295081966,2.3428621384966157,0.9975575149253777
48752236,Cc1cccc(n1)NC1CCN(CC1)Cc1ccncc1,2,0.4230769230769231,1.7273586772876242,0.9991905000545442
49825510,Nc1ccnc2ccc(cc12)Oc1ccccc1,2,0.3103448275862069,1.5786152159407885,0.9984803892871592
73050098,Cc1ccnc(n1)N1CCC(CC1)OCC1CCCC1,2,0.38461538461538464,1.3985227920918806,0.9996577901431464
44712587,CCCOc1ccccc1C(=O)N1CC(C1)Oc1cccc(c1)OC,2,0.3561643835616438,1.6493059146198294,0.9990032357233544
31937832,CC(C)c1nc(cs1)CC(=O)N1CCCN(CC1)C(=O)C,2,0.31666666666666665,1.7866644900482438,0.9990203304927643
232859404,COc1cccc(c1C(=O)N(C)Cc1ncc[nH]1)C,2,0.5344827586206896,1.5362620219219632,0.9992988615617873
36318534,Cn1ccc2c(cccc12)C(=O)Nc1ncn(n1)Cc1cccnc1,2,0.34328358208955223,2.4996621771747503,0.999597878519265
49088031,Cc1cnc(nc1N1CCSCC1)N1CCSCC1,2,0.43902439024390244,1.7312374187269486,0.9987776675181104
49874322,COc1ccc(c(c1)F)CN1CCC(CC1)c1nc(no1)C(C)C,2,0.47761194029850745,1.8632066444707038,0.9982244106725129
49082955,O=C(OCC1CCSCC1)c1cccc(n1)-n1cccn1,2,0.40625,1.316469141301645,0.9992473300785694
48784525,NC(=O)COc1ccccc1C(=O)Nc1cccc(n1)-c1ccc2ccccc2c1,2,0.3898305084745763,1.867577843090358,0.9983773865392511
49942166,Cc1oc2ccccc2c1CNc1nnc(o1)-c1ccncc1,2,0.5185185185185185,2.2425969321301875,0.9996682497512848
36269102,Cc1cc(cc(c1OCc1cccnc1)C)C(=O)N1CCOC(C)(C)C1,2,0.4838709677419355,1.9171126727450614,0.9980958652515493
49155634,COCC1(CC1)c1nc(nn1Cc1cccc(c1)Cl)-c1ccncc1,2,0.26865671641791045,1.664617073083065,0.9981947231621819
235805596,CC(C)(C)C1=NN(CC2CN(C2)CC2(O)CCCC2)C(=O)C=C1,2,0.3793103448275862,2.1690025357292395,0.9992451922176643
205724941,OC1(CCCC1)CN1CC(C1)CN1N=C(C=CC1=O)C1CC1,2,0.3620689655172414,1.9643031843378305,0.9984943136867067
32099814,O=C(NC1CCCC1)C(=O)c1ccc2c(c1)CCC2,2,0.36538461538461536,1.764107423032867,0.9989427716509931
49045390,CCc1cc(on1)CNC(=O)NC1CCN(CC1)CC1CCCCC1,2,0.45454545454545453,4.412586656373046,0.9984914349842536
280546,O=C(N1CCOCC(C1)Cc1cccc2ccncc12)c1cccc(c1)Nc1ncccn1,2,0.43037974683544306,2.553412226805485,0.998677713883691
177258756,CN(Cc1ccc(cc1)OC(F)(F)F)Cc1cn(nn1)C,2,0.3225806451612903,1.6095623628800624,0.997636519507879
36671973,CN1CCN(C(=O)CCc2c(nn(c2C)C)C)c2ccccc2C1,2,0.4090909090909091,2.0733528402083814,0.9976702346401912
232853784,CN1CCC(CC1)CN(C)c1nc(nc(c1Cl)O)C,2,0.31666666666666665,1.738243653807033,0.9988955976489955
13329162,CN1CCN(CC1)S(=O)(=O)Cc1ccc(c(c1)Cl)Cl,2,0.36,1.9776539131000783,0.9925933240259528
13329354,CCN1CCN(CC1)S(=O)(=O)Cc1ccc(c(c1)Cl)Cl,2,0.34615384615384615,2.0560970307842314,0.992968493255439
33351514,Cc1ccc(c(c1)OCc1c(ccc2cccnc12)Cl)C(=O)N,2,0.3770491803278688,1.200599017157948,0.9989687954430422
89942288,CC1(C)OCCn2c1nc1c(nc(nc21)-c1cnc(nc1)N)N1CCOCC1,2,0.2289156626506024,2.893354108988582,0.9989430156807046
30063543,O=C(CN1CCc2ccccc21)N1CCC(CC1)c1nc2ccccc2[nH]1,2,0.4576271186440678,2.822913565803894,0.9990949977824246
324054153,CC1(C)Cc2cc(c(nc2O1)N1CCN(CC1)CC(F)F)NC(=O)c1cnn2cccnc12,2,0.620253164556962,2.9925701328450853,0.9992776514594262
43830470,Fc1ccc(cc1)CSc1nnc(s1)NC(=O)C1CCC1,2,0.3793103448275862,1.3245757811464256,0.999418339817229
3477427,Cc1nnc(s1)NC(=O)c1ccccc1-c1ccc(cc1)C(F)(F)F,2,0.41818181818181815,0.7529741031405842,0.9994630282546716
36922856,Fc1ccc2c(c1)N(CCC2)CC(=O)N1CCNC1=O,2,0.6,1.7210464839742088,0.9969813240631856
49307701,Clc1cc2ncc(nc2cc1Cl)-n1ccnc1,2,0.3191489361702128,2.1601567072783885,0.9982966314867295
45736550,Cc1ccc(cc1)C(=O)C(=O)NC1CCCC1,2,0.4090909090909091,1.6647573396743234,0.9991643136074377
232872526,Cc1cc(cnc1C)C(=O)NCC1CCN(CC1)c1ccc2ccccc2n1,2,0.40298507462686567,2.1322178594130996,0.9982323576905038
206931104,CN(C)CCOc1ccc(cc1)-c1nc(c([nH]1)-c1ccc/2c(c1)CC\C2=N/O)-c1ccncc1,2,0.43243243243243246,4.685826501269566,0.9973923355554748
153307,CCn1c(nnc1C1CCN(C)CC1)SC,2,0.32075471698113206,1.7046820817968342,0.9984922145391705
36303318,CN(CC#N)C(=O)c1cccc(c1)CN1CCCC1,2,0.4393939393939394,2.1248359936710406,0.9985758929224017
16252179,CCOC(=O)c1c([nH]c(c1C)CN(Cc1ccccc1)C(=O)c1ccccc1Cl)C,2,0.3548387096774194,2.18631081962265,0.9990503486665924
50282751,CC(C)OC(=O)N1CCC(CC1)Oc1ncnc2n(ncc12)-c1ccc(cc1F)S(=O)(=O)C,2,0.24468085106382978,2.556826353118151,0.99766443454663
173035,Cc1noc(n1)C1CCN(CC1)CCc1ccccc1,2,0.423728813559322,1.8966343875402596,0.9983956848748937
222760164,CN(C)C(=O)c1cncc(n1)N(C)CCN(C)C1CCCC1,2,0.5,1.7210636246224893,0.9991137890635625
177499958,COc1ncnc(c1-c1cccc(c1)OC(C)C)C,2,0.5853658536585366,1.1745088335130054,0.9988933750701475
49300427,Cc1nsc(n1)NCc1cncs1,2,0.3404255319148936,2.061020863552533,0.9994229115739263
23829815,O=C(N1CCN(CC1)Cc1cccnc1)c1ccccc1-n1cccn1,2,0.3793103448275862,1.1116888053760507,0.9995409001756437
53744933,Nc1n[nH]cc1-c1cc(ccc1Oc1cc(c(cc1Cl)S(=O)(=O)Nc1cscn1)F)Cl,2,0.26506024096385544,3.513887021519547,0.9984578950494596
300003450,O=S(=O)(N1CCCNCC1)c1cccc2cnccc12,2,0.6274509803921569,1.8965966888086692,0.9981520761858614
50132153,CCc1ccc(cc1)S(=O)(=O)NCc1ccnc(n1)N1CCCC1,2,0.3220338983050847,1.9755826988513183,0.9981016427487213
15283106,COc1ccc(cc1)NC(=O)C(C)N1CCCN(CC1)c1ccc(cn1)C(F)(F)F,2,0.5441176470588235,1.4855557882488757,0.9989408959528677
485897,OC(=O)CCn1c2ccccc2c2ccccc12,2,0.3,3.959944696583638,0.9949991862895365
36622590,CCN1CCC(CC1)Nc1nc(cc(c1C#N)C)C,2,0.40350877192982454,2.5720017496104433,0.9989490633101271
222782402,O=C(C1CC1)N1CCC(CC1)CNS(=O)(=O)N1CCCCCC1,2,0.4642857142857143,1.9426749599457023,0.9973335160397829
53927369,Cc1cn(c2ccccc12)CCN1CCN(CC1)c1ccccc1-c1cc(cc(c1)C(=O)NCCCN1CCCC1)C#N,2,0.43209876543209874,6.247497018806973,0.9955276685360943
222793392,CCCc1cc(on1)CNS(=O)(=O)c1cc(ccc1C)-c1cnc(o1)C,2,0.578125,2.285645423070128,0.9991053984135373
208359,CNC(=O)c1cc(ncn1)C1CCN(C)CC1,2,0.3492063492063492,1.9300310878323117,0.998635186684647
3434817,Cc1ccc2c(coc2c1)CC(=O)NCc1cccs1,2,0.46551724137931033,1.8971006826207977,0.9994647330860618
31923278,Cc1cc2ccccc2n1CC(=O)N1CCc2ccc(cc2C1)O,2,0.4,1.473622746838703,0.9991167018842748
784983,OC(=O)c1cc(ccc1O)/N=N/c1ccc(cc1)S(=O)(=O)Nc1ccccn1,2,0.273972602739726,2.7083408205030985,0.9986328219916198
324059015,CC(C)(O)CCn1cc2cc(c(cc2n1)C(C)(C)O)NC(=O)c1cccc(n1)C(F)(F)F,2,0.5753424657534246,3.575360401413984,0.9997307866277865
49080339,CNC(=O)c1ccc(nn1)N1CCCc2cc(ccc2C1)OC,2,0.3559322033898305,1.3168511685077577,0.9984753470916257
48759286,CN(C)c1noc(n1)-c1cc(nc(c1)O)C,2,0.30357142857142855,2.1700009216586507,0.9983149117820674
35743833,CNC(=O)c1ccc(cc1)CN(C)c1c(cc(cc1F)C#N)F,2,0.375,1.4434569616028887,0.9954013970893465
49951840,Cc1cccc(n1)NCCN1C(=O)CCC1=O,2,0.46153846153846156,1.660602902562499,0.9994689612057485
183407,COc1ccc(cc1)-c1nc([nH]c1C(=O)N)C1CCN(CC1)C(=O)c1sc(nc1C)C,2,0.38666666666666666,3.3079998488510927,0.9994670503406864
197921,Cc1cc(cc(n1)C1CCCN(C1)CC(=O)Nc1ccc(cc1)F)Nc1ncccn1,2,0.6052631578947368,2.4201570196987356,0.9989344716598766
49968826,Cc1cccc(c1Cl)NC(=O)N1CCC(CC1)N1CC=CC1,2,0.5263157894736842,1.7275126627612034,0.9995738598484345
31609908,CC(=C)COc1cccc(c1)C(=O)NCc1nncn1C1CCCCC1,2,0.37142857142857144,2.4771923623327856,0.9994528688258452
50612278,CCOc1cc(ncn1)N(C)CC1CCN(C)CC1,2,0.3333333333333333,1.6651033000991258,0.9980725796912507
49968178,CN(Cc1ccc(nc1)N)c1ncccn1,2,0.6,1.687943719441175,0.998123630797027
49640518,Cc1nc2ccccn2c1CC(=O)NCCCSc1ccccc1,2,0.30158730158730157,2.742973933525541,0.9980817713475394
25616683,CNc1nc(ncc1F)-c1cc(cc(c1)OC)OC,2,0.32608695652173914,2.0003484696420863,0.9966254426812935
1464553,Cc1ccc(cc1)NC(=O)Cc1c[nH]c2ccccc12,2,0.43137254901960786,1.8620972047666458,0.9994322481249511
260568164,CN(C)c1nc(nc(n1)Sc1ccccc1)N,2,0.32,2.2251348273755642,0.9992640884045527
36915937,O=C(CCNc1ncccn1)N1CCc2ccccc2C1,2,0.38333333333333336,1.52615300674595,0.9994777022322903
49921682,Cc1cc(c2ccccc2n1)Cn1cnc(c1C#N)C#N,2,0.4716981132075472,1.6179199609373554,0.9993970032278985
3595726,O=C(NC1CCCC1)c1cc(nc2ccccc12)C1CC1,2,0.40350877192982454,0.9986951486815137,0.9992650658174216
36910847,O=C(CN1CCC(CC1)c1ccccc1)N1CCNC1=O,2,0.5,2.9943625365010815,0.9932941390952916
2873705,Cc1ccccc1-n1nc(cc1N)C(C)(C)C,2,0.4090909090909091,1.5086484017158126,0.9990914156636966
3409017,O=C(NCCc1ccc2c(c1)OCCO2)c1ccc2ccccc2n1,2,0.4406779661016949,2.0099231328584355,0.998798688670458
16692987,COc1ccc(c(c1)OC)C(=O)Nc1ccc2oc(nc2c1)C,2,0.4444444444444444,1.2428354677908637,0.9990587193872134
68882212,COc1ccc(cc1-c1cccc(c1)C(=O)NCCN1CCCC1=O)Cl,2,0.4383561643835616,1.2680839877549432,0.9986418525921261
1755438,Fc1ccc(cc1)SCC(=O)N1CCCC1,2,0.39622641509433965,0.4954775474223395,0.9995779307035876
43140484,CCOC(=O)c1cccnc1-c1cccc2ccnn12,2,0.4576271186440678,1.374008369697676,0.9989981495926614
36951097,C1CN(CCN(C1)c1nc(ns1)-c1ccccc1)c1nccs1,2,0.46551724137931033,1.5826117654058331,0.9986868394003459
43267241,O=C(CN1CCCC(C1)c1ccc2cn[nH]c2n1)N1CCCC1,2,0.5555555555555556,1.9596458863782105,0.998655682699146
104336618,CN1CCCN2C(=O)N=C(OCc3cc(c(c(c3)F)Oc3ccc(nc3)C(F)(F)F)F)C=C12,2,0.2894736842105263,1.5767777268851921,0.9988931605170328
184567,CNC(=O)c1sc2ncccc2c1[C@H]1CC[C@@H](CC1)CNC(=O)CCc1ccccc1 |r|,2,0.3068181818181818,3.187569450223798,0.997636958683585
184569,CNC(=O)c1sc2ncccc2c1[C@H]1CC[C@@H](CC1)CNC(=O)COc1ccccc1 |r|,2,0.313953488372093,3.1894896143424853,0.9982632519875615
68874464,CN(C1CCSCC1)C(=O)C1=CC(=C(C)N(C)C1=O)C,2,0.4,1.2862756314259836,0.9993469186423567
36987134,CC1CCC(CC1)NC(=O)c1oc2ccccc2c1CS(=O)C,2,0.4067796610169492,1.894433688467563,0.999396476233402
28183660,COc1ccc(cc1)COc1ccc(cc1OC)Cc1cnc(nc1N)N,2,0.39622641509433965,2.6950094619499128,0.9956819846602178
43990384,CCN(CCO)CC1=Nc2cc(c(cc2C(=O)N1)OC)OC,2,0.5084745762711864,2.1208833065492905,0.9992649575431066
31327400,CN1CCc2nc(sc2C1)NC(=O)c1cncn1-c1ccccc1,2,0.5666666666666667,1.73934872869166,0.9997084888261146
Z2380426119,NC1CCC(C1)C(=O)N1CCC(CC1)c1c[nH]c2ncccc12,2,0.5,2.335006638105619,0.9987873322137224
301949755,NC1CCCC1C(=O)N1CCC(CC1)c1c[nH]c2ncccc12,2,0.5,2.1176038345258585,0.9986849008888449
301949756,NC1CCCC(C1)C(=O)N1CCC(CC1)c1c[nH]c2ncccc12,2,0.4852941176470588,1.9934490211688036,0.9988175194172468
18915110,Cc1ccc(c(c1)C(=O)Nc1cnc2n(nc(c2c1)C)C)C,2,0.3709677419354839,2.028981764333681,0.999279640697723
4742397,CC(C)CCNC(=O)Cc1csc(n1)-c1ccc(cc1)C,2,0.4444444444444444,1.7529671987800806,0.9989219869359364
31856931,CNC(=O)Cc1csc(n1)-c1ccc(cc1)C,2,0.4489795918367347,1.1900264702937786,0.9992408485279708
42966292,COC(=O)c1cc(c(c(c1)NC(=O)CCCc1ccccn1)C)F,2,0.3492063492063492,1.5374456087938704,0.9991083368895386
49144354,Cc1ccc2nc(c(cc2c1)-c1nc(nn1CCO)C)C,2,0.34375,1.320547992312052,0.999545324677641
265767,CC(C)c1noc(c1C(=O)N1CCOC(C1)c1cc(cc(n1)C)Nc1nnc(s1)C)C,2,0.6025641025641025,2.3178727316230456,0.9995882643762825
197589,Nc1nc(nc2nc(ccc12)C1CCCN(C1)CC(=O)N1CCCC1)-c1ccccc1,2,0.5454545454545454,2.8002807002155516,0.9979525120849874
43137136,CN(C)Cc1csc(c1)-c1nccn1-c1ccc2c(c1)N(C)C(=O)N2C,2,0.28,4.059842607786754,0.9994730008891323
48755148,CCNC(=O)C1CN(C1)c1nc(nc2c1CCC2)C1CC1,2,0.39344262295081966,1.6797982021658677,0.9992129695610052
2521907,O=C(CSc1ncn[nH]1)N(C1CCCCC1)C1CCCCC1,2,0.27586206896551724,2.563578943586384,0.9976320186197511
45665715,CC(=O)N1CCC(CCNc2ccc3ccc(cc3n2)F)CC1,2,0.38461538461538464,2.160214572675667,0.9983747871796059
25645386,FC(F)(F)c1cccc(c1)Oc1cccc(c1)C(=O)N1CCNC(=O)C1,2,0.5,1.8281523459492177,0.995510466867958
53752266,FC(F)(F)COc1cccc(c1)CN1N=Cc2ccccc2C1=O,2,0.3,1.4912075643585947,0.9987341731214785
36335290,NC(=O)NC(=O)CCN(Cc1cccs1)c1cccc(c1)C#C,2,0.2923076923076923,2.016526221004624,0.9987016781028938
36330868,NC(=O)NC(=O)CN(Cc1cccs1)c1cccc(c1)C#C,2,0.30158730158730157,2.2281981509725832,0.9997039690344903
316046283,CCN1CCOC(C1)C(=O)N1CCC(CC1)c1cn[nH]c1,2,0.3287671232876712,1.9737522640900809,0.9986530645752761
37544502,Cn1nc(cc1N)-c1cc(cc(c1)F)F,2,0.3023255813953488,1.2138216508206519,0.9994696504403553
44699501,OCCCCCn1cc(nn1)-c1ccccc1-c1ccco1,2,0.3333333333333333,1.446806828847941,0.9993985754570905
2017461,FC(F)(F)Oc1ccc(cc1)NC(=O)Nc1ccccc1,2,0.3902439024390244,2.0008495695578494,0.9973052536436203
43021928,CCCCOc1ccccc1-c1cc([nH]n1)C(=O)NCCc1cccs1,2,0.625,3.172029003651511,0.9984869219426962
181210453,CCN(Cc1ccccc1)C(=O)c1cccnc1N,2,0.5319148936170213,1.7286862063428594,0.9990850832214073
602991,CCOc1ccc(cc1)-c1csc(n1)N,2,0.4090909090909091,0.8428054342492233,0.9995228205492817
Z1169976242,Cc1nc(no1)Cc1noc(n1)C1CCN(CC1)CC#C,2,0.359375,1.3725501812321457,0.9986383601741541
36922204,Cc1nnc(c(c1C)C#N)N1CCCSCC1,2,0.3090909090909091,1.4644589444570528,0.9984041163112243
35721780,CN1CCCN(CC1)C(=O)NCCOc1ccc2c(c1)OCO2,2,0.4264705882352941,2.2205753758877744,0.9989845808953576
27415022,CN(Cc1cccc(c1)C#N)Cc1ccccc1C#N,2,0.6086956521739131,3.8016627940942183,0.9975256850713624
299989682,CN1[C@@H]2CC[C@H]1C[C@@H](C2)OC(c1ccccc1)c1ccccc1 |r|,2,0.2653061224489796,1.485477364351611,0.998918613197208
1556512,Nc1ccc2n(cnc2c1)CCc1ccccc1,2,0.425531914893617,2.4300925908284476,0.9983332555327847
49435320,CNc1nc(nc(n1)N[C@H]1CCC[C@H](C1)C(=O)NCc1ccc(cc1C(F)(F)F)C#N)C |r|,2,0.2926829268292683,2.897575193157142,0.9991044484750017
3573849,COc1ccc(cc1)-c1csc(n1)CC(=O)N,2,0.6363636363636364,1.930357738865765,0.9994013076223895
177427275,FC(F)(F)c1cccc2c1C(=O)N(CCc1ncc[nH]1)C=N2,2,0.31746031746031744,1.3169373561419166,0.99933184466223
177461018,Cc1cccc2c1C(=O)N(CCc1ncc[nH]1)C=N2,2,0.328125,1.385943000271264,0.999128486569003
30270890,Oc1ccc(cc1)-c1noc(n1)C1CC1,2,0.45098039215686275,1.6951516156379791,0.9982646950474588
232862115,COc1ccccc1-c1cc(nc(n1)-c1ncccn1)C(C)(C)C,2,0.6136363636363636,1.5830173719830112,0.997368059500023
49346047,Cc1nccc(c1Cl)NC(=O)c1ccncc1Cl,2,0.5306122448979592,2.2161231915221915,0.9993994375101242
50897900,CCc1nc(c(nc1NC1CCOCC1)Nc1ccc(c(c1)OC)N1CCC(CC1)N1CCN(C)CC1)C(=O)N,2,0.3225806451612903,3.952635070430076,0.9982076546001569
44447553,Cn1cnnc1CCn1ccnc1-c1cc2ccccc2s1,2,0.47692307692307695,2.0937745819450457,0.9991690964435974
43375385,CC1(C)CN(CC(=O)NCC#N)c2cccc(c21)Cl,2,0.2898550724637681,1.4882966774133137,0.9989756967795347
1545812,Cc1cc(c(c(c1-n1cnnn1)C)S(=O)(=O)Nc1ccc2c(c1)OCO2)C,2,0.3333333333333333,1.9606937547716063,0.9982333973997337
1553046,CN(C)c1ccc(cc1)NS(=O)(=O)c1c(cc(c(c1C)-n1cnnn1)C)C,2,0.3548387096774194,1.9840597269235725,0.9969546229586718
222782930,CN(CCCC1CCCC1)CC1=CC(=O)NC(=O)N1,2,0.30158730158730157,1.529165458673864,0.9985714693415733
27513231,Nc1nnc(o1)-c1ccc2c(c1)OCCO2,2,0.5454545454545454,2.218097608312134,0.9981499453189332
171961096,Cc1cccc(c1)OC[C@@]1(O)CN(CC[C@@H]1O)C[C@]1(O)CC[C@H](CC1)C(C)(C)C |r|,2,0.3888888888888889,5.055233327948263,0.9971590060242779
32176610,Fc1ccc(c(c1)F)SC1=NN2C=NC(=O)C(=C2C=C1)c1c(cccc1Cl)Cl,2,0.23684210526315788,1.5747749045500168,0.9974571713456944
11904640,Fc1ccc(cc1)NCCN1C(=O)c2ccccc2C1=O,2,0.35555555555555557,1.477294486552047,0.9998206035577252
23998591,Cc1ccsc1C(=O)Nc1nc2ccccc2s1,2,0.42,1.2737381991597398,0.9996207812917709
50285533,Cc1ccc(cc1NC(=O)C=C)N1C(=O)C=Cc2cnc3ccc(cc3c21)-c1ccc(cc1)NS(=O)(=O)C,2,0.2826086956521739,2.797816291324457,0.9986249697566417
15967580,Cc1cc(n2ncc(c2n1)C(=O)Nc1cccc(c1)C(=O)O)C,2,0.5087719298245614,2.9882802746731114,0.9989276138602066
43133355,CCc1ccccc1NC(=O)CCn1ccnc1-c1ccc2c(c1)OCO2,2,0.40625,2.2149819412358784,0.9993845983073143
36332254,CN(CCN1CCCC1)C(=O)c1sc2nc(nc(c2c1C)C)C,2,0.5344827586206896,2.1520736511559244,0.9986890165917343
31384184,COc1ccc(cc1)CCC(=O)N1CCCNCC1,2,0.42,2.025677170725904,0.9968144118325741
49165848,CCn1nc(nc1Cc1sc(nc1C)C)Cc1ccc(cc1)OC,2,0.3157894736842105,1.8116384849078355,0.9983318477805927
335958,Fc1ccc(c(c1)CN1CCN2C(=Nc3ccsc3C2=O)CC1)F,2,0.4918032786885246,2.141357046361107,0.998569861569273
417952,Fc1ccc(c(c1)F)CN1CCN2C(=Nc3ccsc3C2=O)CC1,2,0.4918032786885246,1.6604448199200414,0.9990236945395625
13448534,Fc1ccc(cc1)CN1CCCN(CC1)c1ccc2nnnn2n1,2,0.3220338983050847,1.8868333259724994,0.9978340164285517
50406372,CN(c1ccc(cc1)NC(=O)Nc1ccc(cc1)OC(F)(F)F)c1ccnc(n1)Nc1cccc(c1)S(=O)(=O)N,2,0.3020833333333333,3.115004173351633,0.9986812983359288
49944040,COc1cc(ccc1F)CCNC1CCC2(CC1)OCCO2,2,0.3382352941176471,2.020781779411234,0.9972928155882095
17268136,C1CN(CCO1)CCN(Cc1cccnc1)Cc1cccc(c1)Oc1ccccc1,2,0.6333333333333333,1.1458538301199699,0.9991382879317677
89940865,FC1(F)CCN(C1)c1cc(cc(n1)Nc1cc(ccn1)C#N)C1CCN(CC1)C1COC1,2,0.3188405797101449,4.033520174735974,0.9987754814976826
82738853,O=C(NCc1cnn2cccnc12)c1ccccc1-n1cnnc1,2,0.5423728813559322,2.8060222736107026,0.9995131801046709
17400188,COc1cc(c2c(c1)S(=O)(=O)N(COC1=CC(=O)N3C=CC=C(OCCN4CCCCC4)C3=N1)C2=O)C(C)C,2,0.325,4.831792214075638,0.999011750013174
412756,COc1ccc(cc1)C1=C(N2C(=O)N(C)N=C2N=N1)c1ccc(cc1)OC,2,0.31666666666666665,1.1492736836804112,0.9988423346586494
49994071,Cc1nc(c2cnn(c2n1)C)N1CCn2ccnc2C1,2,0.574468085106383,2.446228321315509,0.9994019491507243
13534588,Clc1ccc2c(ncnc2c1)NCCN1CCOCC1,2,0.3333333333333333,1.8396496949152386,0.9982656441085351
46078321,Cc1ccc(c2c(cc(nc12)CN1CC(C1)c1ccccn1)O)C,2,0.3508771929824561,1.6732268226393334,0.9990873088995695
270775,Fc1ccccc1C[C@@H]1C[C@@H]2NC(=O)CCCC[C@H]2N1C(=O)c1cccc2ncccc12 |r|,2,0.32432432432432434,3.1752949469301073,0.9986825884798715
324071118,CC(C)Oc1cc(ccc1Nc1ncnc2sc(c(c12)C)C(=O)NCCCN(C)C)F,2,0.2839506172839506,3.220663596218136,0.9995003038536643
44436449,CCn1ccc2cc(ccc12)C(=O)N1CCN(C(=O)C1)c1ccc(cc1)C,2,0.3181818181818182,2.2364299676047477,0.99854165117184
177431642,O=C(NCC1(CCCC1)N1CCCCC1)c1cnn[nH]1,2,0.5576923076923077,2.4168535330062006,0.9989039236927045
11835068,O=C(Nc1ccc2c(c1)OCCCO2)c1cnn(c1)Cc1ccccc1,2,0.421875,1.8950496035723439,0.9992256354151766
321036,COc1ccc(c(c1C)C)CN1CCc2nc(nc(c2C1)O)-c1cccnc1,2,0.34285714285714286,1.8260679067329308,0.998989298507158
36989933,Oc1cccc(c1)/C=C/c1nc2ccccc2o1,2,0.375,1.7561543212371837,0.9991197640318796
25831601,COc1ccc(cc1)N1N=C(C)/C(=C(\C)Nc2ccc(cc2)S(=O)(=O)N)C1=O,2,0.2948717948717949,1.9158363708833395,0.9986193569488835
25831603,C/C(=C/1\C(=NN(C1=O)c1ccc(cc1)F)C)Nc1ccc(cc1)S(=O)(=O)N,2,0.2608695652173913,1.9699360395708736,0.9984662465750567
13397114,Cc1ccc(cc1)Cn1nc(c(c1Cl)C(=O)N)C,2,0.38461538461538464,1.5487824250035556,0.9990031331597667
32278090,COc1ccc2cc(ccc2c1)-c1[nH]c(nc1-c1ccncc1)-c1ccc(cc1)S(=O)C,2,0.2727272727272727,2.213352660557995,0.9979325752336441
32148273,CC(C)C(=O)Nc1ncn(n1)Cc1cccnc1,2,0.375,1.0901940194290625,0.9998282883161889
48295458,Cn1ccnc1-c1noc(n1)NCc1ccccc1,2,0.41509433962264153,2.376907023844384,0.998503573395957
38281327,OC(=O)Cc1ccc(cc1)Oc1ccncc1,2,0.38095238095238093,4.0549081370606,0.9958737486770527
44051471,COC(=O)c1cccc2c1CCCN2C(=O)c1ccccc1,2,0.3484848484848485,1.229767051111563,0.9989194936959707
44051475,COC(=O)c1cccc2c1CCCN2C(=O)c1ccc(cc1F)F,2,0.37142857142857144,1.6366893413227568,0.9981892700678124
16664610,Cc1nc2cc(ccc2o1)NC(=O)CCc1c(nc2n(nc(c2c1C)C)C)C,2,0.639344262295082,2.8259179039739197,0.9994773879981996
30016064,Cc1nn(c2ncc(cc12)C(=O)Nc1ccc2c(c1)CCO2)C,2,0.36764705882352944,2.362281312629664,0.9997280984239958
16154631,Fc1ccc(cc1F)N1C=CN(Cc2ccccc2Cl)C(=O)C1=O,2,0.42,1.738052358244727,0.9985906395305235
276241702,CC(C)Cc1ccccc1CNCc1ccc2[nH]cnc2c1,2,0.4807692307692308,3.077343822194686,0.9963217483648793
43251541,CN(C1CCC1)C(=O)c1cc(nc2ccnn12)C,2,0.5490196078431373,1.1367018078640967,0.9992288913565152
177498530,CN(CCCC1CCCC1)C(=O)c1cc(nc(c1)C)C,2,0.5,2.130583253477798,0.9987506605381304
43427775,Cc1cc(c2ccccc2n1)NCc1ccnc(c1)N1CCCC1,2,0.3880597014925373,2.7408431184583346,0.9988186567631382
197317,CCCn1ncc2ccc(nc12)C1CCCN(C1)CC(=O)N1CCCC1,2,0.5072463768115942,2.4224215157564646,0.9988676885869764
41560058,CCC1(O)CN(C1)c1ncccc1C#N,2,0.52,1.3721180707211478,0.9985310040987508
44385386,Nc1nc(cs1)CN1CCN(CC1)c1ccc(cc1)F,2,0.3148148148148148,1.7256381428330434,0.9991933382588876
31239684,Fc1ccc(cc1)C1=C(NN(C1=O)c1ccc(cc1)Cl)c1ccncc1,2,0.3392857142857143,2.1970550744118986,0.999012973683623
29621147,Oc1ccccc1N1CCN(CC1)C(=O)c1ccc(nc1)-n1cccn1,2,0.4727272727272727,1.8662296214558904,0.9989102346274354
1527294,COc1ccc(c(c1)OC)CNc1ncc(n1C)-c1ccc2c(c1)OCO2,2,0.47619047619047616,2.9239269826724676,0.9982384994339053
53802705,COc1cccc(n1)CN(C)c1cc(ncn1)N1CCCC1,2,0.3181818181818182,1.5793163077741441,0.998946491211418
3572643,CC(=O)N1CCC(CC1)(C(=O)Nc1nccs1)c1ccccc1,2,0.38028169014084506,1.524206350859517,0.9994791086426336
36342840,N#Cc1ccc(nc1)N1CCc2c(ncn2C2CC2)C1,2,0.391304347826087,1.2617753365792037,0.9995402902798599
49084025,O=C(NCC1CCC2(CC1)OCCO2)c1[nH]nc2c1CCCC2,2,0.543859649122807,1.8304922835127517,0.9986742730140282
82737339,NCCOc1cccc(c1)CC(=O)N1CCC(F)(F)CC1,2,0.625,1.7304354943191687,0.9984522221303972
44566730,CCc1nnnn1Cc1noc2c1CCCC2,2,0.46296296296296297,1.5368675935163525,0.9986757057839579
32083384,O=C(Nc1ccc2c3c(cccc13)CC2)c1ccnc(c1)-n1cncn1,2,0.4714285714285714,2.3864704062695976,0.9996489127119604
33339030,O=C(Nc1ccc2c3c(cccc13)CC2)c1ccc(cc1)-n1cncn1,2,0.3235294117647059,1.2728935540739865,0.9994598223368615
49330331,CN(CCC1CCCCC1)C(=O)c1ccon1,2,0.2982456140350877,2.2430635300854855,0.9985552181281327
300962268,Fc1ccc(cc1Cl)-n1cc(nn1)/C=C/c1ccnnc1,2,0.23076923076923078,1.8927474739120371,0.99746637307334
49151417,COCCc1nc(n(n1)CCO)-c1ccccc1-c1ccccc1,2,0.4032258064516129,1.9382520475934133,0.9983806533206435
232880886,O=C(N(Cc1ccccn1)C1CCCCC1)c1ccccc1N1CCOCC1,2,0.35714285714285715,2.191123684322542,0.9978727585764396
313833267,Cc1cn2nc(cc(c2n1)C)C1=CC(=O)N2C=C(C=CC2=N1)N1CCNC2(CC2)C1,2,0.35714285714285715,2.8002639161331833,0.9987107706754803
32437102,COCc1cc(ccc1OC)-c1nc(n[nH]1)CCc1ccccc1,2,0.4,1.4699323113667186,0.9988379543158126
35689572,CN(Cc1ccc(o1)C)c1ncnc2n(ncc12)C,2,0.4642857142857143,1.8319096593438213,0.9996061514416285
177344381,COc1cccc(c1Cl)CN1C=NC2=C(COCC2)C1=O,2,0.34285714285714286,2.0994849368357333,0.9986337776387793
1536313,C1Oc2ccc(cc2O1)CNC/C=C/c1ccccc1,2,0.37037037037037035,2.3353759868595643,0.9975613164234975
1308759,O=C(CCc1ccccc1)Nc1ccccc1C#N,2,0.44680851063829785,1.747595490953319,0.9977578127459038
383970,Cc1ccc(cc1)S(=O)(=O)N1CCC(C1)c1nnc(o1)-c1cccnc1,2,0.352112676056338,1.4895747715373626,0.9994731488144422
43251081,O=C(NCC1CC1)c1ccc(nc1)-n1ccnc1,2,0.6037735849056604,2.3869966485107414,0.9990959216002516
49088739,CC(C)OCCS(=O)(=O)N1CCc2ccccc2CC1,2,0.46938775510204084,1.6967863742971228,0.998909032513339
31965105,Cc1csc(n1)NC(=O)CCc1ccncc1,2,0.5652173913043478,1.1110526540175762,0.9995185891970115
496510,Cc1cnc(cn1)C(=O)NCCc1ccc(cc1)S(=O)(=O)NC(=O)NC1CCCCC1,2,0.5857142857142857,3.7141113338189053,0.9985030832748624
1520446,CN(C)c1ccc(cc1)-c1nc2ccc(cc2[nH]1)C,2,0.3114754098360656,2.409707451123477,0.9986297689282141
232863503,CCN1CCC(CCNc2ncc(c(n2)N(C)C)C)CC1,2,0.390625,2.4625756841154667,0.9971290732205359
45764946,CS(=O)(=O)CCNC(=O)N1CC2(CCCC2)c2ccccc21,2,0.3181818181818182,1.819580995723456,0.9992341230102747
48786468,COc1nccnc1N1CCC(CC1)C(=O)Nc1cccc(c1)F,2,0.36619718309859156,1.973276969915837,0.9994856898741611
36265861,N#Cc1cccnc1NCCc1cn2c(n1)CCCC2,2,0.5344827586206896,2.1801660487216807,0.9992470101722699
222774264,CN(Cc1nncn1C)C1CCN(CC1)c1ccccc1F,2,0.3114754098360656,1.7800345502265298,0.9984858855815434
222773330,CCn1cnnc1CN(C)C1CCN(CC1)c1ccccc1F,2,0.34328358208955223,1.5083713070727718,0.9976963805190455
1311623,COc1ccc(cc1)CNCc1cccc2ccccc12,2,0.3888888888888889,1.7876392253472466,0.9987204619418993
49344419,Cc1ccc(nc1)OCN1CCCCC1=O,2,0.4126984126984127,1.9743355844436283,0.999198427908136
93438921,CN1CCN(CC1)c1ccc(cc1F)Nc1nc(c2cc[nH]c2n1)Oc1cccc(c1)NC(=O)C=C,2,0.5714285714285714,4.677637010287092,0.9988648375934563
44501962,Cc1cc(no1)C(=O)NC1CCN(CC1)C(=O)c1cc(sc1C)C,2,0.3230769230769231,1.978270962230418,0.9994781500423606
44581824,Fc1ccc(cc1)-c1cnc(o1)CN1C(=O)Oc2cccnc21,2,0.5294117647058824,1.9874244639734566,0.9993748569986612
24053614,CN1C(=O)N(Cc2cccnc2)C(=O)c2ccc(nc21)C(F)(F)F,2,0.4,1.6642124263454738,0.9987727829818124
171790267,COc1cccc(c1)O[C@H]1CCN(CC[C@@H]1O)C(=O)c1cc(on1)-c1ccc(cc1)F |r|,2,0.4166666666666667,1.956636910619802,0.9992201167895651
171790224,COc1cccc(c1)O[C@H]1CCN(CC[C@@H]1O)C(=O)c1cc(on1)-c1ccc(cc1)C |r|,2,0.4225352112676056,2.4295240274587675,0.9985505842791803
171790057,O[C@H]1CCN(CC[C@@H]1Oc1ccccc1F)C(=O)c1cc(on1)-c1ccc(cc1)F |r|,2,0.42028985507246375,2.1118761800823966,0.9986534786574576
13419387,Cc1sc2nc(nc(c2c1C)N)CN1CCCC1,2,0.45614035087719296,1.803709510979614,0.9996522237178351
6892467,COc1cc(cc(c1OCc1ccc(cc1)Cl)Br)CNc1nnn[nH]1,2,0.3333333333333333,2.567909655731745,0.9953367486989997
6922052,CCOc1nc(n(n1)-c1cccc(c1)NC(=O)c1ccc(cc1)F)-c1ccc(c(c1)Cl)Cl,2,0.4305555555555556,1.629566506773976,0.9990598000826297
53833498,CC(C)CC(=O)N1CCC(CC1)CN1CCN(CC1)c1cc([nH]n1)C,2,0.35294117647058826,1.5719984096683366,0.9983643221655709
73050408,CN(Cc1ccc(cc1C)Br)C(=O)CO,2,0.36,1.520714963430044,0.9955699944902164
46036273,Cn1nc(c2c(cccc12)Cl)-c1cn(nn1)Cc1ccc(cc1)CO,2,0.3880597014925373,1.386702203070672,0.9990781168841393
24032918,Fc1cc(cc(c1)CNC(=O)c1ccccn1)F,2,0.4897959183673469,1.046379950113736,0.9994212812657093
31836416,Fc1ccc(cc1)CNC(=O)c1ccccn1,2,0.54,1.444848434958187,0.9995708403791422
53835106,CSc1cnc(nc1)N1CCCN(CC1)c1ncc(cn1)SC,2,0.32608695652173914,2.6313350223793566,0.9972098807988957
32018884,Nc1nc2ccccc2n1CCCc1ccccc1,2,0.5,1.6006048856602415,0.9988782911489607
53882277,O=C1N2C=CC=CC2=NC2=C1CN(CC2)S(=O)(=O)C1CCCCC1,2,0.34328358208955223,1.5100397345768406,0.9981252828670131
48269211,COc1ccc(cc1)CC(=O)Nc1ccc(nc1)F,2,0.45098039215686275,1.3574781766200898,0.9986210274074985
165247,Cc1nccc(n1)C1CCN(CC1)Cc1ncc[nH]1,2,0.5263157894736842,1.5994086407172758,0.9988921681089029
31966128,Cc1nc(cs1)CN1N=Cc2ccccc2C1=O,2,0.39622641509433965,1.1732212067633707,0.9993528088060308
49322283,CC(C)c1nc(n(n1)C)NCc1cccnc1,2,0.4583333333333333,1.3386186910395343,0.9993638273488463
43245209,OC(=O)c1n(nc2ccccc12)Cc1ccccc1,2,0.3958333333333333,1.6948713815514127,0.9987873520453932
23671374,Cc1ccc(s1)C(=O)Nc1ncccc1C,2,0.41818181818181815,1.3813497022835257,0.9997976056329068
49127244,NS(=O)(=O)N1CCN(CC1)Cc1c(cccc1N1CCCC1)F,2,0.58,2.2483816402026124,0.9978763876132295
13509338,Cc1cc(c(c(c1)C)NC(=O)CN1N=NN(C1=O)c1cccs1)C,2,0.43333333333333335,1.3018978454547185,0.9994779030083326
49672228,CC(C)COc1cc(cc(c1)-c1cncc(n1)C(=O)N1CCCC1)F,2,0.2972972972972973,1.9532992602262624,0.9985554840326045
414840,Cc1cc(sc1C)C(=O)N1CCC(CC1)C(=O)c1ccnn1C,2,0.3013698630136986,1.8749586662101148,0.9988958207013324
329184,Cc1cnc(cn1)-c1nc(ncc1-c1onc(c1C)C)NCc1ccccn1,2,0.3466666666666667,1.66925222779463,0.9996685607682464
42964208,N#Cc1ccc(cc1)CN1CC(C1)n1cccn1,2,0.41818181818181815,1.4830161833237834,0.9959456807347713
50568787,CN(CC(=O)Nc1cc(cc(c1)F)F)c1ccnc(c1)C(=O)N,2,0.34375,1.8428087258315793,0.9986544526556774
49972816,CN(CC(=O)Nc1cccc(n1)C)c1ncccc1F,2,0.4098360655737705,1.9725354242695023,0.9993869868000886
68918136,CCOCCNC(=O)c1cccc(c1)-c1cc(ccc1OC)F,2,0.36486486486486486,1.7583301737728156,0.9987868786011089
271815,CN1CCCC(C1)Cc1cncc(n1)-c1scnc1C,2,0.2923076923076923,2.7045055000862765,0.9994195359262462
24997821,Fc1cccc(c1CC(=O)Nc1cccc2cnccc12)Cl,2,0.453125,1.0973982868588905,0.998957830422662
177405420,CN(Cc1c(nn(c1C)C)C)C(=O)NCc1cnc(c(c1)C)C,2,0.5454545454545454,2.0962392516114146,0.999589761318175
49946784,Cc1ccc(nc1)CNc1ncnn1C,2,0.4888888888888889,2.3595777164568266,0.9996498133112945
43272847,CC(C)CCNc1ccc(cc1)Cc1c(n[nH]c1C)C,2,0.25862068965517243,1.9216547556726589,0.998438851682264
MCULE-7418747203,Cc1noc(c1CSC(=N)N1CCOCC1)C,2,0.3333333333333333,2.3824902937892674,0.9986372215430639
301143195,Oc1ccc2nc(ccc2c1Cl)/C=C/c1csnn1,2,0.48,1.867140326810421,0.9988766752015372
49964398,Cn1cnnc1NC(=O)c1cnn2c1CCCC2,2,0.3548387096774194,1.4232610442211522,0.99979481498933
232887379,COCC1(CCC1)CNC(=O)c1cc(cnc1O)Cl,2,0.45161290322580644,1.6462827825138933,0.9983353932139394
49316037,N#Cc1ccc2nc(ccc2c1)NCCn1ccnc1,2,0.5094339622641509,1.5631301929148418,0.9994782711895045
44568872,CN1C(=O)Oc2cc(ccc21)Nc1cc(nc(n1)C1CC1)C,2,0.3484848484848485,1.8785294780749557,0.9995714180014357
531049,COc1cc(cc(c1OC)OC)[C@H]1[C@H]2[C@H](COC2=O)[C@@H](O)c2cc3c(cc21)OCO3 |r|,2,0.25862068965517243,2.639609440807633,0.9981826750989782
82702441,CC1(C)CC(CC(=O)NCCn2ccnn2)CC(C)(C)N1,2,0.49056603773584906,2.2759351923987703,0.9984887345133168
313144331,N#Cc1ccc2ncnc(c2c1)N[C@H]1CC[C@@H](CC1)N1CCOCC1 |r|,2,0.43333333333333335,1.5829125054783353,0.9988732679676281
493944,CN1C(=O)N(C)c2ncn(c2C1=O)C,2,0.2982456140350877,6.404550881990213,0.9891364037308368
35684677,COc1ccc(cc1CN1CCC(CC1)N1C(=O)Nc2ccccc21)F,2,0.5245901639344263,1.8365336914959776,0.9978204695502391
31929992,CN(C(=O)CNc1cccc(c1)-c1ccnc(n1)C)c1ccccc1,2,0.5932203389830508,1.0863369642976866,0.9991728118877051
73045134,CC(=O)c1ccc2c(c1)CCN(CC2)CC1CCC2(CC1)OCCO2,2,0.5660377358490566,2.5134537990577748,0.9968281597823554
32131885,CC(C)(C)N1CCCN(CC1)C(=O)CNc1ccc(cc1)C#N,2,0.47058823529411764,1.5849596209367374,0.998877081759557
LN00201761,Oc1ccccc1-c1ccc(cc1)-c1csc2nc(c(c(c12)O)C#N)O,2,0.2608695652173913,1.9835311946122447,0.9986434214518003
317396814,Cc1ccc(cc1)-c1ccnc(c1C#N)O,2,0.3191489361702128,2.633333059071735,0.9971298056146065
32113613,CN(C(=O)COc1c(cccc1C)C)C1(CCC1)C#N,2,0.48148148148148145,1.6384959566627078,0.9994062268664908
37009919,FC(F)(F)Oc1ccc(cc1)N1CCC(CC1)NC(=O)N1CCC1,2,0.3620689655172414,1.7502128441990943,0.9976842296796021
181775,CNCc1cc(nc(n1)C1CCCN1C(=O)c1oc2ccc(cc2c1C)Cl)N(C)C,2,0.5897435897435898,2.927637955758754,0.9992596960627538
44424625,Cc1ccc(cc1)-c1ccc(o1)-c1nccn1CCCn1cnnc1,2,0.3387096774193548,2.3394245018808646,0.9991376782325769
36913784,O=C(CCCc1nc2ccccc2[nH]1)N1CCCC1,2,0.4583333333333333,1.1239043553612418,0.999239271160823
3247549,Cc1sc2ncnc(c2c1C)OCC(=O)NC1CCCCC1,2,0.5396825396825397,1.391859547510747,0.9994302011580732
43964901,CN(CC(=O)Nc1cccc(c1C)C)CC1=Nc2ccc(cc2C(=O)N1)Cl,2,0.3466666666666667,1.6335023722050466,0.9994657152189974
43881453,CN(CC(=O)Nc1cccc(c1C)C)CC1=Nc2ccccc2C(=O)N1,2,0.352112676056338,2.115530429939493,0.9989990226958915
495451,C1CN=C(Cc2ccccc2)N1,2,0.29545454545454547,3.0162100391053333,0.996066854760554
53873925,COc1ccc(cc1)CCC(=O)N1CCN(CC1)C(=O)c1cc2n(n1)CCCC2,2,0.3728813559322034,3.454682185093125,0.9987150027753839
171975111,CC(=O)NC[C@H]1C[C@]2(C)[C@@H](CCCC[C@]2(C)O)N1CC1(O)CCCC1 |r|,2,0.3103448275862069,3.895424367126004,0.9981306208945572
171974149,CC(=O)NC[C@H]1C[C@]2(C)[C@@H](CCCC[C@]2(C)O)N1CC1(O)CCOCC1 |r|,2,0.2857142857142857,4.191109399669675,0.9985459019614
49343397,COc1cc(ccc1Cn1ccnc1C(C)C)C#N,2,0.3793103448275862,1.7771527790259056,0.9978349924455497
49942184,C(Nc1nnc(o1)-c1ccncc1)c1cncs1,2,0.6304347826086957,2.153744181652344,0.9992381313935178
48247754,Cc1ccc(cc1Br)C(=O)NC1CCN(CC1)CC#N,2,0.39344262295081966,1.502928807362409,0.9977146169716982
49028063,Cc1nnc2ccc(nn12)NCCOC1CCCCCC1,2,0.3620689655172414,1.2225473405969267,0.9992332751281832
177380774,CN(C)S(=O)(=O)CCNC(=O)N(C)CCOc1cc(cc(c1)C)C,2,0.5517241379310345,1.9796984618876756,0.9979972069880839
31912359,CN(C)c1cc(ccn1)CNC(=O)C1CCOCC1,2,0.5833333333333334,1.6336737740446827,0.9984936379831051
42960950,Cc1ccc(cn1)CNC/C=C/c1ccccc1,2,0.38461538461538464,2.1329240492807107,0.9975216020961135
48763678,C1CC(CCO1)Nc1nnc(s1)Cc1ccccc1,2,0.46,1.8981462009022083,0.9989504220612673
32230796,CN(CCOc1cc(ccc1C)C)C(=O)c1ccc2n(nnc2c1)C,2,0.3382352941176471,2.077615219428439,0.9975507696652454
29261445,COc1ccc(cc1)CNC(=O)c1sc2nc(cc(c2c1N)C)C,2,0.43548387096774194,2.8934840590544417,0.999227662762805
31407175,COc1cc(c(cc1CNC(C)(C)C)OC)OC,2,0.32727272727272727,2.309601913750524,0.9965207560955214
30569846,Cc1ccc(cc1)CN1C=CN(C(=O)C1=O)c1ccc(c(c1)F)F,2,0.39215686274509803,1.6488966007605406,0.9984745251306248
104389046,Cc1cc(ccc1Cl)NC(=O)CN1N=C(C=CC1=O)C1CC1,2,0.39344262295081966,0.9834490327412894,0.9992031644325559
49003848,CC(=O)Nc1ccc(cc1)CNCCOc1ccc(cc1F)F,2,0.3548387096774194,1.594594619331356,0.9982337779994136
177428613,Cc1n[nH]c(n1)C1CCN(CC1)C(=O)NC1CCN(CC1)c1ccc(cc1)F,2,0.35384615384615387,2.3835704310971866,0.9989652091550846
1933590,CC(C(O)c1ccc(cc1)O)N1CCC(CC1)Cc1ccccc1,2,0.32075471698113206,1.9542389823148938,0.999101913317087
49139618,COCc1ccccc1COC(=O)c1ccc(nc1)C,2,0.40384615384615385,1.4511836548141923,0.9980579649571751
43488186,Cc1ccc2[nH]c(nc2c1)C1CN(C1)C(=O)Cc1cccc2ccccc12,2,0.4576271186440678,1.4113263265453597,0.9986854283256982
1516596,Cc1ccc(cc1)C(=O)COC(=O)c1cc(nc2ccccc12)O,2,0.328125,2.0586269696086883,0.9982472478302626
260081695,COCCOCc1ccc(cc1)C1=Cc2onc(c2C(=O)N1C)-c1ccccc1,2,0.2916666666666667,2.1023023093739033,0.9974773064034446
44508907,Cc1cnn(c1)Cc1nc(no1)Cn1cccn1,2,0.38333333333333336,2.546696094943618,0.9990155653789068
25831727,COC(=O)CC/1=NN(C(=O)\C1=C(\C)NCc1ccc(cc1)OC)c1ccc(cc1)OC,2,0.4126984126984127,2.255751537736307,0.9988138682118313
35754411,CCN1CCc2ncnc(c2C1)N1CCNc2ccccc2C1,2,0.4482758620689655,1.9647086297974587,0.9986177362558444
49946002,C(Nc1ncccn1)c1cccc(c1)-c1cccnc1,2,0.5869565217391305,0.950395180965027,0.9993179736489016
5799127,Nc1ccc(nc1)Oc1ccccc1F,2,0.3333333333333333,2.0974386760998485,0.9991921835486448
44466308,Cn1ncnc1COc1nn2c(nnc2cc1C1CCC1)-c1c(cccc1F)F,2,0.5068493150684932,0.46638503406330434,0.9999079553722799
198953,Cc1cccnc1Nc1cccc(n1)C1CCCN(C1)CC(=O)Nc1nccs1,2,0.5063291139240507,1.960183664865877,0.999253939819491
365482,CC(C)C(=O)NC[C@H]1CC[C@@H](CC1)c1nn(cc1-c1cc(no1)C)C |r|,2,0.38961038961038963,2.0733726148483904,0.999006319910086
5736788,CN1C(=O)N(Cc2ccccc2C)C(=O)c2c1nc1n(c(cn21)C)-c1ccccc1O,2,0.26506024096385544,2.297236818440125,0.999465233204328
5736794,CN1C(=O)N(Cc2ccccc2Cl)C(=O)c2c1nc1n(c(cn21)C)-c1ccccc1O,2,0.31645569620253167,1.4293708406163528,0.9995516514822259
104388935,CSc1ccc(cc1)NC(=O)CN1N=C(C=CC1=O)C1CC1,2,0.32894736842105265,1.6903934453256462,0.9986329936598896
49328626,CC(C)CC(=O)Nc1cccnc1N(C)C,2,0.36538461538461536,1.20044241844446,0.9993009784809581
36259510,COCCNc1ncnc2ccsc12,2,0.4117647058823529,2.365588087558992,0.9993196317877042
177469670,CN(Cc1c(noc1C)C)C(=O)NCCc1nc(cc(n1)C(F)(F)F)C,2,0.609375,1.62910466207698,0.9992995675916052
31348551,O=C1Nc2ccccc2N1C1CCN(CC1)CCc1ccccn1,2,0.6296296296296297,2.2269326437944463,0.9990755557023856
31619881,CC(C)c1cc(no1)CN(C)Cc1c[nH]nc1-c1ccc(cc1)F,2,0.4032258064516129,2.001582124220124,0.9994992719471606
46092427,COc1ccc(c(c1)OC)Cc1ncnn1-c1ccc2c(c1)OCO2,2,0.3026315789473684,1.2767223660608225,0.9989113981949226
36262171,Cc1nn(c(c1CCC(=O)N1CCCc2ncccc21)C)C,2,0.4918032786885246,1.7356163170466479,0.9989293130224497
6809286,O=C(NCc1ccccc1)c1ccc(cc1)NS(=O)(=O)c1ccc(cc1)C1CCCCC1,2,0.3698630136986301,3.385440444019157,0.9954063970918694
49679970,CCCN(C1Cc2ccccc2C1)C(=O)c1c(onc1CC)C,2,0.3,1.8086481139238617,0.9995152093541827
197915,Cc1cc(cc(n1)C1CCCN(C1)CC(=O)N1CCCC1)Nc1cnccn1,2,0.6268656716417911,2.9863984998661066,0.9988597456204599
258223286,C1CC(CCO1)n1cc(cn1)Nc1ncc2nnn(c2n1)-c1ccc2cn[nH]c2c1,2,0.32926829268292684,4.512734647639101,0.999397222462296
301023837,COc1cc(cc2c1OCO2)CN1CCCNCC1,2,0.3389830508474576,1.7911387439277784,0.9986157727669351
53882535,CCNC(=O)N1CCC2=C(C1)C(=O)N1C=C(F)C=CC1=N2,2,0.603448275862069,1.6322037250297217,0.9994465752570385
48439112,OC(=O)c1cccc(n1)N1CCC(CC1)Oc1ccc(cc1)Cl,2,0.32786885245901637,2.3647915341525096,0.9973612642441854
49944058,CCn1nccc1CNc1nnc(o1)-c1ccc(cc1)OC,2,0.46938775510204084,1.4131790403198432,0.9996743583011533
226819,CN1CCC(C1)Cc1cccc(n1)-c1nccs1,2,0.38333333333333336,2.3123066405648856,0.9993348399081828
876432,COc1cc2ncnc(c2cc1OCCCN1CCOCC1)Nc1ccc(c(c1)Cl)F,2,0.42857142857142855,2.3077161870558918,0.9978966710746845
206429,CN1CCC(CC1)C(=O)N1CCC(CC1)c1cc(c2c(n1)CCNC2=O)C(F)(F)F,2,0.34146341463414637,2.3513713020278706,0.9978811252201744
206425,CN1C=C(C=CC1=O)C(=O)N1CCC(CC1)c1cc(c2c(n1)CCNC2=O)C(F)(F)F,2,0.3372093023255814,2.070050724016264,0.9988211554930682
32033566,COc1ccccc1CNC(=O)C(C)N1CCCN(CC1)c1ccccc1C#N,2,0.4794520547945205,2.0819245903730907,0.9984669911938717
33360977,O=C(CN1CCc2ccccc21)N1CCC(CC1)C(=O)Nc1nccs1,2,0.4426229508196721,1.9912819991144792,0.999459741067385
14371708,CC(C)NC(=O)c1cn(nc1-c1ccccc1)-c1ccccc1,2,0.4107142857142857,1.3933535086254798,0.9992446532524778
31919176,CN(Cc1c(noc1C)C)C(=O)c1ccc(nc1)C,2,0.3898305084745763,1.9056555302575418,0.9995822093614039
232861763,CCOCC(=O)Nc1cccc(c1)CN1CCCC1,2,0.4166666666666667,2.0789377095044737,0.997999262089539
35765811,CN1CCN(CC1)C(=O)C1(CCCC1)NC(=O)c1ccc(cc1)C(F)(F)F,2,0.375,2.290131000619851,0.9976011495408168
36662114,CS(=O)(=O)Cc1ccn(n1)-c1ccccc1,2,0.5227272727272727,0.8271559707823315,0.9990368005844367
48819726,CC(C)c1nnc(n1C)CNc1ncc(cn1)Br,2,0.42,1.7360434902385695,0.9993785605404937
11995039,Fc1ccc(c(c1)F)NC(=O)N1CCn2c1nc1ccccc21,2,0.3235294117647059,1.664361739526789,0.9993701400341894
16159378,O=C(CN1C(=O)c2cccn2-c2ccccc21)NCCCN1CCCC1,2,0.47540983606557374,2.5295173452656265,0.9991082946284972
48788735,Cc1ccnc(c1NS(=O)(=O)c1ccccc1C)Cl,2,0.2698412698412698,1.5585474006267392,0.9986989921686981
30043512,CN(Cc1ccccc1Br)C(=O)Nc1ccc(cc1)C(=O)N1CCCC1,2,0.5689655172413793,1.6110415885382667,0.9985012560349553
50310131,COCc1ccccc1CNc1ccc2nnc(n2n1)-c1ccccc1,2,0.4098360655737705,2.3369274699908997,0.9993472512557859
139887,COc1cccc(c1)CN1CCC(CC1)(Cc1ccc(cc1)-c1cccnc1)C(=O)N,2,0.5915492957746479,2.2577998139782305,0.9986443959891742
139895,NC(=O)C1(CCN(CC1)Cc1cccc(c1)Cl)Cc1ccc(cc1)-c1cccnc1,2,0.5942028985507246,2.027513501804671,0.9990080292064256
50897890,Cc1c(ccc2n(c(cc12)C#N)Cc1cn[nH]c1)CN1CCC(CC1)Nc1ncnc2sc(cc12)CC(F)(F)F,2,0.42105263157894735,7.874810219935602,0.9982388053159775
50897886,Cc1c(ccc2[nH]c(cc12)C#N)CN1CCC(CC1)Nc1ncnc2sc(cc12)CC(F)(F)F,2,0.4588235294117647,5.614127625909294,0.9992592148622622
50550848,COC1=CN(N=C(C1=O)c1ccnn1-c1ccccc1)c1ccc(cc1F)-n1cccn1,2,0.2916666666666667,2.330289252431665,0.998718239786846
32130309,Fc1ccc(cc1F)-c1cnc([nH]1)C1CCN(CC1)C(=O)C1CCC1,2,0.3793103448275862,2.6632480169898045,0.9980018453054226
60174709,Nc1nc(c2c(cccc2n1)OCC1CCN(CC1)Cc1c(cccc1Cl)Cl)N,2,0.3582089552238806,2.8915316010719896,0.9966428830281578
411872,CCCCN1CCc2nc3cc(nn3c(c2C1)O)C1CC1,2,0.42424242424242425,1.57108529367393,0.9993416738464204
319188,CC(C)CCN1CCc2nc3cc(nn3c(c2C1)O)C1CC1,2,0.37681159420289856,1.9611511925398302,0.9988691024219892
43212065,CCc1cc(on1)CN(C)c1nccc(n1)-c1ccc(nc1C)C,2,0.2878787878787879,1.5381826939605896,0.9989593905384495
231817334,CSc1ncccc1C(=O)Nc1ccc(cc1)N1CCCCC1=O,2,0.5,2.188817260531182,0.9986863612157618
45668511,Cc1cc(c2c(c1)CCCN2C(=O)c1ccc(cc1)-c1nnc(o1)C)C,2,0.34210526315789475,1.7281244168172687,0.9992048406261723
31341416,CCc1nc2ccccc2n1CC(=O)N1CCNC(=O)C1,2,0.4375,1.740620866243568,0.9994086230867552
24140848,O=C(NCc1nnc2n1-c1ccccc1CC2)c1ccc2ccccc2c1,2,0.6101694915254238,1.9375089677209907,0.9980482730793884
104352855,O=C(CSC1CCCC1)NCCN1N=C2CCCCC2=CC1=O,2,0.5714285714285714,2.097700169233291,0.9979379621718166
24465856,Oc1c(ccc2ccccc12)C(=O)N1CCN(CC1)C(=O)c1cccc(c1)Cl,2,0.5370370370370371,1.4875883167059931,0.9982192719686187
82721257,O=C(NCc1nc(n[nH]1)-c1cnccn1)C1Cc2ccccc2C1,2,0.4262295081967213,3.112867648969879,0.9991293236687664
49956558,CCS(=O)(=O)N(C)c1ccc(cc1)N(C)C,2,0.2857142857142857,1.1723659838122171,0.9973241308609866
1360373,CCOC(=O)Nc1ccc2c(c1)N(C(=O)CN(CC)CC)c1ccccc1CC2,2,0.5636363636363636,2.0080913823828905,0.9981649426634952
53808517,CCCS(=O)(=O)NC1CCN(CC1)Cc1ccc(c(c1)OC)C,2,0.5081967213114754,2.580661349344606,0.9972819951883971
30151586,CN(c1ccc2c(n(nc2c1)C)C)c1ccnc(n1)Nc1ccc(c(c1)S(=O)(=O)N)C,2,0.2727272727272727,3.3428028658600915,0.9989703044554507
31854715,CNC(=O)CCc1nc(no1)-c1ccccn1,2,0.4716981132075472,1.481268037865516,0.9993117162324262
32444473,CN1CCN(CCOc2ccccc2N)CC1,2,0.5,1.8278621392213628,0.997226121631513
19996324,O=C(CSc1ccc2c(c1)OCCO2)NC1CCCC1,2,0.6304347826086957,1.3522307495393386,0.9988700637500518
552358,CN(C)CCNc1c2c(c(c3nc4ccccc4n13)C#N)CCCC2,2,0.28169014084507044,2.4502006040315916,0.9991360254098411
177388619,CCc1nc(cc(n1)N1CCCC2(CCNCC2)CC1)C,2,0.5094339622641509,1.9959691881390975,0.9978289324929079
30599464,CCN1C(=O)Oc2cc(ccc21)NC(=O)c1ccc(cc1)C(C)(C)C,2,0.46938775510204084,2.002668719484016,0.9983852304225119
300014701,CC(C)CC(NC(=O)C(O)C(N)Cc1ccccc1)C(=O)O,2,0.27692307692307694,2.12744259617067,0.9990500365101074
18815715,Fc1ccc(cc1)CNC(=O)c1ccc(nc1)-n1ccnc1,2,0.6363636363636364,2.3425592842014433,0.9992750084411784
24034759,CCc1nnc([nH]1)Sc1nc2cc(nn2c2ccccc12)C,2,0.5818181818181818,1.7581976566922133,0.9996105237921467
5536034,Cc1ccccc1CSc1ccc(nn1)-c1ccccn1,2,0.2698412698412698,0.885714965437978,0.9994246237254466
43389174,CS(=O)(=O)CCNc1ccc2ccc(cc2n1)F,2,0.2962962962962963,1.5113788406616195,0.9984619584745503
31618239,CSc1ccc(cc1)CN(CCO)C(=O)CCc1cccc(c1)F,2,0.296875,2.0124726085094298,0.998506657535972
177485348,OCC1(CCCC1)CNC(=O)CN1CCCC1=O,2,0.4528301886792453,1.9450287915607707,0.9985616462293379
49965014,CCC1(O)CN(C1)c1ncnc2n(nc(c12)Br)C,2,0.25757575757575757,1.1588045564281708,0.9997087092356628
29578860,Cc1cc(on1)C(=O)Nc1cccc2ncccc12,2,0.46296296296296297,1.306951031983108,0.9995744282945483
300445634,CN(C)CCOc1cc(ccc1NC(=O)C1COc2ccccc2O1)-c1cn[nH]c1,2,0.2857142857142857,1.9532163218649912,0.9986871985645118
32015702,CN(C1CCCCC1)c1ccc(cc1F)NC(=O)N1CCCN(CC1)C(=O)C,2,0.40298507462686567,2.3405390404776867,0.9987290500540605
82702429,COc1ccc(cc1)-c1ccc(cn1)Cn1nc(cc1C)C,2,0.3220338983050847,2.109006401128235,0.9993370338523971
177470998,COc1cc(cc(c1OC)OC)-c1ccc(cn1)Cn1nc(cc1C)C,2,0.3230769230769231,2.0962335270670778,0.9981916930410748
49951580,CN(C)CC(=O)Nc1nc(ns1)-c1sccc1C,2,0.3225806451612903,1.7873572670284656,0.9991947389995669
23966628,Cc1ccc2nc3c(c(c2c1)C(=O)NCc1nnc2n1CCC2)CCCC3,2,0.6212121212121212,2.442023750908042,0.9992202276975184
48237764,Clc1cccc(c1)CNc1nc(no1)C1CC1,2,0.40350877192982454,1.7324961760419308,0.9988197739756343
32176408,CC(=O)C1=C(C)c2cnc(nc2N(C2CCCC2)C1=O)Nc1ccc(cn1)N1CCNCC1,2,0.3402061855670103,2.7992175692501267,0.9995428309954791
320312,CCc1cc(nc(n1)C1CCN(CC1)C(=O)C1CC1)N1CCOCC1,2,0.373134328358209,2.140344131208692,0.9984617505743781
48355585,CCOCC(=O)NCc1cc(n(n1)C1CCCC1)C1CC1,2,0.2876712328767123,1.7009994121105685,0.9992383488036078
48355573,CCC(=O)NCc1cc(n(n1)C1CCCC1)C1CC1,2,0.32142857142857145,1.910311231187229,0.9996850324293317
104348771,C1Cc2nnc(n2C1)CN1CCc2ccccc2C1,2,0.39655172413793105,1.1767472115960949,0.9990063654869388
32009682,Cn1cc(cn1)CCNC(=O)N1CCc2sccc2C1,2,0.6,1.6739629625541104,0.9996706753263768
44053085,COc1cccc(c1)C(=O)NCC(=O)Nc1cccc2c1CCCC2,2,0.43548387096774194,2.6461069517312343,0.9985661317144703
177418075,COCC(C)(C)C(=O)N1CCCC2(CCNCC2)CC1,2,0.34545454545454546,2.28767764337551,0.9990624914327576
Z224124934,Cc1nn(c2sc(cc12)C(=O)N1CCC(CC1)(C(=O)O)c1ccccc1)C,2,0.391304347826087,4.142955466813517,0.9951187086567196
140213,C=CCNC(=O)C1(CCN(CC1)C(=O)c1cccnc1)Cc1ccc(cc1)-c1ccccc1,2,0.4507042253521127,2.075200954124716,0.9985334871514632
136045,COc1ccccc1-c1ccc(cc1)CC1(CCOCC1)C(=O)NC1CC1,2,0.5538461538461539,1.7077245093984414,0.9990153539788651
31931312,O=C1Nc2ccc(cc2O1)-c1csc(n1)CCN1CCCC1=O,2,0.5901639344262295,2.9346705096146586,0.999007868563241
181831,CNCc1cc(nc(n1)C1CCCN1C(=O)c1ccccc1-c1ccccc1)N(C)C,2,0.640625,2.482750289497466,0.9991308148835747
341560,Cc1ccc(cc1)C1(O)CCN(CC1)Cc1cn(c2ccc(cc12)F)C,2,0.48333333333333334,2.4040347335264616,0.99864129642907
11957669,CC1CCN(CC1)Cc1nc(c2c(c(sc2n1)C)C)N1CCN(CC1)c1cnccn1,2,0.5538461538461539,3.1628901340388746,0.9985628591793222
43241548,CC(=O)Nc1cc(ccn1)CCC1CCNCC1,2,0.31666666666666665,2.4022982745697212,0.9984591683785242
415550,COCCCNc1ncc(c(n1)C(C)C)-c1cc(no1)C,2,0.47761194029850745,1.4560398346192114,0.99923381343957
177285754,CCC(C)(C)N1CCN(CC1)C(=O)Nc1cnn(c1C(F)F)CC(C)C,2,0.28169014084507044,1.9849332482480067,0.9991114426316253
36311460,CN(CC(=O)Nc1ccc(cn1)C)C(=O)c1ccccc1F,2,0.42592592592592593,1.0206889829913672,0.9995550118837632
313515615,Fc1cc(c(nc1Cl)Cl)C1=CC(=O)n2nc(c(c2N1)-c1ccccc1)C(F)(F)F,2,0.225,2.913457053055179,0.9996712571611704
35700952,Cc1oc(c(c1Br)C(=O)N1CCNC(=O)C1)C,2,0.44680851063829785,1.7350230546012841,0.9992268735936285
73023165,CC(=O)Nc1ccccc1CN1CCC(CC1)c1nnc2ccccn12,2,0.546875,2.417619490324785,0.9991286111501856
82720833,CCC(=O)Nc1ccc(c(c1)NC(=O)N1CCC(=CC1)C)F,2,0.3333333333333333,1.7003252630012815,0.9984466564705095
11826916,Nc1nc2c3ccccc3oc2c2ccccc12,2,0.34,1.2766718450722399,0.9994175281902355
32037496,N#Cc1ccccc1OCc1csc(n1)-c1ncccn1,2,0.3103448275862069,1.1544765047412044,0.9989091068103442
44585808,Cc1csc(n1)N(C1CC1)C(=O)c1ccc(c(c1)F)-n1cncn1,2,0.43661971830985913,1.4575698954078684,0.9995338752906714
48217798,CN(Cc1ccc(cc1)C(=O)O)C(=O)c1ccnn1C,2,0.42857142857142855,2.886373329976639,0.9974798745022019
72972951,CC#CC(=O)N1CCC[C@@H]1c1nc(c2c(nccn12)N)-c1ccc(cc1)C(=O)Nc1ccccn1 |r|,2,0.34523809523809523,3.4159121768563936,0.9987000607382926
25041311,Cc1nnc(o1)-c1ccc(nn1)N1CCC(CC1)Oc1cc(ccc1Cl)F,2,0.43661971830985913,1.4355943020225799,0.9985492741407594
72972985,CC(C)(O)CNc1nc(nc(n1)-c1cccc(n1)C(F)(F)F)Nc1ccnc(c1)C(F)(F)F,2,0.3815789473684211,3.851571497453789,0.9994689959413193
31507610,Cn1cc(cn1)-c1ccc2nnc(n2n1)C(F)(F)c1ccc2ncccc2c1,2,0.2894736842105263,3.517780692424749,0.9992458230737714
18822495,O=C(CCN1C(=O)CCC1=O)Nc1cccc2ncccc12,2,0.41818181818181815,1.8586417083459088,0.999605533861982
49929056,CC(C)CCn1ccc(n1)NC1CCN(CC1)C(C)C,2,0.38181818181818183,3.190180088960294,0.999163779963454
258731,COc1cccc(c1)S(=O)(=O)N1CCOC(C1)c1c(sc2ncccc12)C(=O)N,2,0.32989690721649484,2.1926892164650464,0.9992350202059719
49939748,N#Cc1ccc(o1)CNc1cnc2ccccc2c1,2,0.3448275862068966,1.6379945054842961,0.9993993668062511
222751297,FC(F)Oc1ccc(cc1)S(=O)(=O)NCc1n[nH]c2c1CCCCC2,2,0.30434782608695654,1.7578648981084564,0.9990628805156136
49997748,Cc1ccc(cc1)-n1nc(cc1C)NCc1cnn(c1)C,2,0.43859649122807015,1.919603083973596,0.9991054127312184
48242383,Cc1cnc(s1)CNCc1cccc2c1OCO2,2,0.3114754098360656,1.2765065608923085,0.9995104570375012
30435883,Cn1cnnc1-c1cccc(c1)NS(=O)(=O)c1cc2c(cc1Cl)OCCO2,2,0.5072463768115942,1.6008404042873705,0.9988568938999849
30020911,Cn1cnnc1-c1cccc(c1)NS(=O)(=O)c1ccc2c(c1)OCCCO2,2,0.6,1.7221106236242791,0.9986861504882453
48347951,O=C(Nc1ccc2sccc2c1)N1CCCN(CC1)C(=O)Oc1ccccc1,2,0.38095238095238093,2.3731584439302655,0.998808380082504
147149,Cc1nc(ccc1C(=O)N)[C@H]1CC[C@@H](CC1)CNC(=O)CN1CCC(CC1)c1ccccc1 |r|,2,0.527027027027027,2.764608290517885,0.9979945451049962
44462124,CN(C)CC(=O)N1CCC(CC1)c1ccc(c(c1)C1=CCCCC1)NC(=O)c1nc(c[nH]1)C#N,2,0.2441860465116279,4.1439354483388895,0.9977027399899164
49093836,Cc1ccc(cc1)S(=O)(=O)N1CCOc2ccncc21,2,0.3125,1.371445223113104,0.997161639611334
48312238,O=C1CCCN1NC(=O)c1ccc(cc1)OCC#C,2,0.3188405797101449,0.8375882043100328,0.9995034613646061
49960790,CC1(C)CCCN1C(=O)c1c(cc(cc1F)C#N)F,2,0.34615384615384615,1.669372037623803,0.9984096995222617
183257,CCOc1ccccc1C(=O)N1CCC(CC1)c1nc(c([nH]1)C(=O)N)-c1ccc(cc1)OC,2,0.32954545454545453,3.289842397440851,0.9990049196309484
207489,Fc1cccc(c1)-c1c[nH]nc1C1CCCN(C1)C(=O)CCc1ccc(cc1)Cl,2,0.6376811594202898,2.3891291300385507,0.9987877395168955
17120607,NCC(=O)Nc1ccc(cc1)-n1nc(cc1-c1ccc2c(ccc3ccccc32)c1)C(F)(F)F,2,0.27631578947368424,1.5412339212460753,0.998787549033871
49055884,CSC1(CCOCC1)CNc1cc(nc(n1)C)C,2,0.3230769230769231,1.5557609070803706,0.9985306758415115
1543632,CCOc1ccc(cc1)C(=O)Nc1cc(ccc1N1CCN(CC1)C(=O)C)C(=O)OC,2,0.45614035087719296,2.163993992597705,0.998357406267721
300964829,Cn1cc(cn1)-c1ccnc(n1)/C=C/c1ccc(cc1Br)F,2,0.2875,1.5656771697895548,0.9986137943925129
36931743,O=C(N1CCN(CC1)Cc1ccccn1)C1(CCCCC1)C#N,2,0.3484848484848485,1.4706705953409693,0.9991159480346863
301492332,O=C(NC1CCNCC1)c1ccc2[nH]ncc2c1,2,0.4067796610169492,2.5731653658482148,0.9992367407973182
299987327,COc1cc2nc(nc(c2cc1OC)N)N1CCN(CC1)C(=O)c1ccco1,2,0.33783783783783783,1.8255251299283382,0.9994714627099355
104336605,Cc1c(nnn1Cc1ccc(c(c1)Cl)Cl)C(=O)Nc1ccc(cc1)CO,2,0.3333333333333333,1.5926892352242805,0.9994001349837045
54864400,CN1CCN(CC1)c1ncncc1-c1nc(no1)-c1ccccc1,2,0.3333333333333333,1.6496466288267966,0.998538833761963
32236728,OCC1CCCCN1Cc1ccc(c(c1)Cl)Cl,3,0.6428571428571429,1.6683899424295943,0.9982167520623232
1539152,COc1ccc(cc1)Nc1nc(nc(n1)CN1CCN(CC1)Cc1ccccc1)N,3,0.36923076923076925,1.85032321500819,0.9991293759780868
50283408,FC(F)(F)c1cc(cc(c1)C(F)(F)F)-c1ncn(n1)/C=C\C(=O)NNc1ccccn1,3,0.2604166666666667,2.457948941699158,0.9981913349091067
49383511,FC(F)(F)c1cc(cc(c1)C(F)(F)F)-c1ncn(n1)/C=C\C(=O)NNc1cnccn1,3,0.2736842105263158,3.403673309822327,0.9985277517520277
43881116,CN(CC1=CC(=O)N2C=C(C)C=CC2=N1)Cc1cccc(c1Cl)Cl,3,0.25757575757575757,2.0045620469320693,0.9988579723348001
8049874,C(Oc1ccccc1)c1nc2cc3ccccc3cc2[nH]1,3,0.391304347826087,1.3104667107564238,0.9993472512557859
43195213,CCc1ccc(o1)-c1nccn1Cc1c(nn(c1C)CC)C,3,0.2676056338028169,1.7208024291006827,0.9994926333969205
1557473,COc1cc(cc(c1)-n1c(nnc1COc1cccc2ccccc12)S)OC,3,0.34375,2.5326910589332274,0.9962371833381672
1557497,COc1cccc(c1)-n1c(nnc1COc1cccc2ccccc12)S,3,0.38095238095238093,1.8836310679111703,0.9974229384230564
44501962,Cc1cc(no1)C(=O)NC1CCN(CC1)C(=O)c1cc(sc1C)C,3,0.3230769230769231,1.978270962230418,0.9995515210993741
53804145,CCC1=CC(=O)NC(=N1)SCCN1CCCCC1,3,0.509090909090909,2.126071964915469,0.9991137890635625
49055842,Cc1nnc2ccc(nn12)N1CCC2(CCCCC2)C1,3,0.37735849056603776,1.6650003003003553,0.999295317057505
48832018,OCC1CN(C1)C(=O)Cc1cccc(c1)I,3,0.4888888888888889,2.346616287338053,0.9976842296796021
168890455,NC(=O)c1c2n(nc1-c1ccc(cc1)Oc1ccccc1)[C@@H](CCN2)C1CCN(CC1)C(=O)C=C |r|,3,0.3333333333333333,4.321296333277869,0.9992473300785694
31378111,CN(Cc1cnn(c1)C)C(=O)c1ccccc1-c1ccccc1C#N,3,0.4482758620689655,2.1594263127043294,0.9983652098535354
49667242,COc1cc(ccc1F)CN1CCC(CC1)c1ccnc(n1)C,3,0.5263157894736842,1.867194151661875,0.9967372913587049
37544502,Cn1nc(cc1N)-c1cc(cc(c1)F)F,3,0.3023255813953488,1.2138216508206519,0.9994696504403553
44105331,Cc1cccc(c1)N1CCN(CCCCNC(=O)c2c(cccc2F)F)CC1,3,0.3787878787878788,2.006651190416431,0.9978207677772025
300053407,CN(C)C(=O)COC(=O)Cc1ccc(cc1)OC(=O)c1ccc(cc1)NC(=N)N,3,0.3064516129032258,2.163799436177023,0.9963039337797369
265759,Cc1cc(cc(n1)C1CN(CCO1)C(=O)Cc1csc(n1)C)Nc1nnc(s1)C,3,0.6025641025641025,2.3178727316230945,0.9995882643762825
265683,COc1cccc(c1)CC(=O)N1CCOC(C1)c1cc(cc(n1)C)Nc1nnc(s1)C,3,0.5595238095238095,2.163272752105017,0.9989821264017779
11480017,COc1ccc(cc1)OCC(=O)Nc1cccc(c1N1CCN(CC1)C(=O)C)Cl,3,0.45588235294117646,1.7797148648025536,0.9984745251306248
11480015,CC(C)c1ccc(cc1)OCC(=O)Nc1cccc(c1N1CCN(CC1)C(=O)C)Cl,3,0.44285714285714284,2.097700169233291,0.9979379621718166
31888771,CCN1CCc2nc(sc2C1)NC(=O)Cc1ccc(cc1)Cl,3,0.4603174603174603,1.928040974669133,0.9994248629501767
11015786,Cc1ccc(cc1NS(=O)(=O)c1csc(c1)C(=O)Nc1ccccc1)C(=O)O,3,0.3392857142857143,3.5806253643741535,0.9985081980495264
82741579,O=C(NCCc1cnn[nH]1)C1Cc2ccccc2C1,3,0.4262295081967213,2.119346833341875,0.9994782711895045
1392865,CCc1sc(nc1-c1ccc(cc1)OC)N,3,0.42857142857142855,1.3659505847578957,0.9994367546700424
48840184,CN(C)C(=O)c1ccnc(c1)NCc1cc(c(s1)Br)C,3,0.5818181818181818,2.449822850737926,0.9994310208272883
25616683,CNc1nc(ncc1F)-c1cc(cc(c1)OC)OC,3,0.32608695652173914,2.0003484696420863,0.9966254426812935
42923335,Cc1cc(sn1)NC(=O)C1CCOCC1,3,0.375,1.157010803753172,0.9992608564823324
1527152,Cn1c(ncc1-c1ccccc1)NCc1ccccc1,3,0.45614035087719296,1.5480242246166276,0.999163779963454
1527130,COc1cccc(c1)CNc1ncc(n1C)-c1ccccc1,3,0.47619047619047616,1.1239043553612418,0.999239271160823
15267772,FC(F)(F)c1ccc(nc1)N1CCCN(CC1)CC(=O)Nc1ccccc1Cl,3,0.4520547945205479,1.9089541639339784,0.9981373341114779
15267776,Cc1ccc(c(c1)NC(=O)CN1CCCN(CC1)c1ccc(cn1)C(F)(F)F)C,3,0.4473684210526316,1.8491143826163436,0.9978418704138454
15276004,Fc1cccc(c1)NC(=O)CN1CCCN(CC1)c1ccc(cn1)C(F)(F)F,3,0.4788732394366197,1.53518467944404,0.9983240708114755
15270501,Cc1ccc(cc1)NC(=O)CN1CCCN(CC1)c1ccc(cn1)C(F)(F)F,3,0.5441176470588235,0.9986951486815137,0.9992650658174216
16678763,Cc1cccc(c1)NC(=O)CN1CCCN(CC1)c1ccc(cn1)C(F)(F)F,3,0.4722222222222222,1.4474170097105066,0.9989088532499862
15288168,FC(F)(F)c1ccc(nc1)N1CCCN(CC1)CC(=O)Nc1ccccc1,3,0.5072463768115942,1.3311374835076988,0.9989127424281988
15267170,Cc1ccc(c(c1)F)NC(=O)CN1CCCN(CC1)c1ccc(cn1)C(F)(F)F,3,0.44155844155844154,1.5825896499092176,0.9982131015593616
43423180,COc1ccc(cc1NC(=O)CN1CCCN(CC1)c1ccc(cn1)C(F)(F)F)Cl,3,0.47435897435897434,1.8335885579925226,0.9990204383012115
15275058,Fc1ccccc1NC(=O)CN1CCCN(CC1)c1ccc(cn1)C(F)(F)F,3,0.4782608695652174,1.3785543152157482,0.9988792051500089
45751322,CN(CCc1ccccn1)C(=O)Nc1nncs1,3,0.39285714285714285,1.0660881764648453,0.9996116004516807
1123117,O=C1Nc2cnccc2N1Cc1ccccc1,3,0.3888888888888889,2.9115677907272417,0.999123191424523
MCULE-7418747203,Cc1noc(c1CSC(=N)N1CCOCC1)C,3,0.3333333333333333,2.3824902937892674,0.9987948430429285
48276932,O=C1CCCN1c1ccc(nc1)NCc1ccccn1,3,0.3582089552238806,1.8785294780749557,0.9997301059165338
14371708,CC(C)NC(=O)c1cn(nc1-c1ccccc1)-c1ccccc1,3,0.4107142857142857,1.3933535086254798,0.9992446532524778
41630506,Cc1cc(n(n1)-c1ccc(cc1)C#N)Cl,3,0.2857142857142857,0.8971064596803432,0.9989829237714389
44018989,CN(CC1=CC(=O)N(C)C(=O)N1C)Cc1cccc(c1Cl)Cl,3,0.2571428571428571,1.4355943020225799,0.9981739102009277
145071,COc1ccccc1CNC(=O)c1cnc(nc1C)C1CCN(CC1)C(=O)C(C)(C)C,3,0.41333333333333333,2.2345272430648953,0.9989205296325429
33361007,Fc1cccc(c1)C1(CCOCC1)C(=O)Nc1cccc(c1)-c1cnco1,3,0.4024390243902439,1.6731090819189895,0.9989625103925308
33324451,O=C(NCC1CCC1)c1ccc(nn1)-n1ccnc1,3,0.6037735849056604,1.7653093213373219,0.999415489741831
232862626,CC(=O)NCCCC(=O)Nc1ccc(cc1)Oc1ccccc1Cl,3,0.3620689655172414,1.6642391655046185,0.9986436858233616
44466308,Cn1ncnc1COc1nn2c(nnc2cc1C1CCC1)-c1c(cccc1F)F,3,0.5068493150684932,0.46638503406330434,0.9999079553722799
44855101,C/C=C/CC(=O)N1CCC(CC1)c1cc(n[nH]1)Cc1ccccc1,3,0.4264705882352941,2.4404222995209364,0.9988457384962758
265647,CCc1nnc(s1)Nc1cc(nc(c1)C1CN(CCO1)C(=O)C(C)C)C,3,0.5921052631578947,2.1546976586060334,0.9987278232282742
32785616,CCCCOc1ccc(cc1)-c1cc2n(n1)C=CNC2=O,3,0.29333333333333333,3.1156529010787617,0.9981444198882055
177444469,CC(=O)NCc1cc2n(n1)CCN(C2)C1Cc2ccccc2C1,3,0.47692307692307695,1.9554730885389457,0.9994449838211532
177475488,CS(=O)(=O)NCc1cc2n(n1)CCN(C2)C1Cc2ccccc2C1,3,0.43283582089552236,1.6859961447158454,0.9990001908920494
1425831,Clc1ccc(cc1)Cc1nc(no1)-c1cccnc1,3,0.4727272727272727,2.664704486429867,0.9983935845013897
44392699,Cc1[nH]nc2c1C1(CCCCC1)CC(=O)N2,3,0.25,2.2281981509725832,0.9988522513908249
3596324,O=C(CN1CCC(CC1)N1C(=O)Nc2ccccc21)N1CCc2ccccc21,3,0.4696969696969697,2.0733726148483904,0.9985653609962484
45736512,CC1Cc2ccccc2N1C(=O)CN1CCC(CC1)N1C(=O)Nc2ccccc21,3,0.45714285714285713,2.7505394016448084,0.9982119264681839
48247166,CNC(=O)c1ccc(nn1)N(C)C1CCC1,3,0.3442622950819672,1.3474431342360387,0.998150734408168
48671463,COc1ccc(c(c1)OCc1ccccc1)N,3,0.40425531914893614,1.6011008712756634,0.9975059764164937
49067788,CCN(CC)CC(=O)Nc1ccc(cc1)Oc1ccc(nn1)C,3,0.45652173913043476,2.087494910173426,0.9955381547605335
49934120,OCC1CN(C1)c1nc2cc(ccc2o1)F,3,0.3508771929824561,1.9526960849045123,0.9994160959865765
48250318,Fc1ccccc1CN(C1CCOCC1)C(=O)NCC#C,3,0.33783783783783783,1.161146846871602,0.9991280980501815
49055884,CSC1(CCOCC1)CNc1cc(nc(n1)C)C,3,0.3230769230769231,1.5557609070803706,0.9985306758415115
36310332,CN(CC(=O)Nc1cc(ccn1)C)C(=O)c1ccc(cc1)Cl,3,0.49056603773584906,1.693188117132991,0.9992350202059719
36701026,Clc1cccc(c1)-c1nnc(o1)Cn1cnc2ccccc12,3,0.5849056603773585,1.619751215465112,0.9993697846303146
20173881,Cc1cc(cc(c1)Oc1cc(ccn1)C#N)C,3,0.35555555555555557,1.407056502063872,0.9989316965714022
73014952,CCN(CC)C(=O)CSCc1cncc(c1)F,3,0.288135593220339,1.566890551378862,0.9986925591635861
7689820,Nc1nc(c2c(c(ccc2n1)Br)Cl)N,3,0.3333333333333333,4.163830688200676,0.9931444876572201
300011391,Oc1nccc2c(cccc12)S(=O)(=O)N1CCCNCC1,3,0.2714285714285714,1.7709678145014525,0.9982216650974469
177400551,O=C1N(Cc2ccc3c(c2)CCCC3)C=Nc2ncccc21,3,0.48333333333333334,1.9152999765046819,0.9985459036353873
20593051,CN(Cc1ccc(cc1)C)C(=O)c1cn(nn1)Cc1ccccc1F,3,0.36065573770491804,1.7805852970301932,0.9982486555771348
25670537,Fc1ccccc1-c1cnc(o1)-c1ccccc1C(=O)N1CCC1,3,0.3492063492063492,1.6418678387738497,0.9987390200793496
177418075,COCC(C)(C)C(=O)N1CCCC2(CCNCC2)CC1,3,0.34545454545454546,2.28767764337551,0.9990624914327576
32449297,COc1ccc(cc1)[C@H]1CN([C@@H]2CCCN(Cc3cccc(c3)F)[C@@H]21)C(=O)C |r|,3,0.30985915492957744,2.215713429123834,0.9987028466605785
42961556,CC1=CC=CN(Cc2ccccc2F)C1=O,3,0.5609756097560976,2.47535351010717,0.9862670852889615
31871793,COc1ccccc1-c1nn(cc1CO)-c1ccccc1,3,0.34615384615384615,1.200599017157948,0.9989687954430422
222763049,CC(C)N(C)S(=O)(=O)NCCCc1nc2cc(ccc2[nH]1)Cl,3,0.35714285714285715,2.5382326528512187,0.9986109105779317
32080176,OCc1ccc(cc1F)CNC(=O)Nc1ccccc1,3,0.4,2.0297945708866916,0.9983276151353352
46339059,COCCOc1ccc(cc1)Nc1ncc(c(n1)Nc1cccc(c1)NC(=O)C=C)F,3,0.3888888888888889,1.99227332462213,0.9991625873329698
49424084,CNC(=O)c1cc(ccn1)Oc1ccc(cc1)Nc1ncc(c(n1)Nc1cccc(c1)NC(=O)C=C)F,3,0.3894736842105263,4.265128368524732,0.998513029723862
33313717,Cn1cc(c(n1)-c1cccnc1)C(=O)NCCc1c[nH]c2ccccc12,3,0.37681159420289856,3.964202820239975,0.9994432362204305
49965014,CCC1(O)CN(C1)c1ncnc2n(nc(c12)Br)C,3,0.41509433962264153,1.1588045564281708,0.9997087092356628
3962718,O=C(Nc1nncs1)c1cccnc1,3,0.5,5.576870896838293,0.9888464672862763
1536855,COc1cc(cc(c1OCc1ccccc1)Cl)CNCCN1CCOCC1,3,0.34146341463414637,2.3830730160865095,0.9965472337181985
35281979,CN(Cc1cnn(c1)C)C(=O)Cn1c(cc2ccccc12)C,3,0.3770491803278688,2.3620635046497798,0.9994393120211964
25614739,Cc1cc(n(n1)C)-c1nnc2ccc3ccccc3n12,3,0.3448275862068966,1.185800151796622,0.9991606180580682
32172391,CC(C)c1nnc(o1)CN1CCN(CC1)c1nccs1,3,0.5576923076923077,2.114123459024958,0.9979430224002853
Z1227937331,Cc1nccc(n1)NC(=O)c1ccc(nc1Cl)Cl,3,0.33962264150943394,2.3661409510004794,0.9992305384597758
49934036,CC(C)c1cc(n[nH]1)N(C)Cc1nc(n[nH]1)C1CC1,3,0.2463768115942029,2.212129064951749,0.9994203907513693
708404,Cc1nsc(c1C#N)Nc1ccccc1,3,0.26785714285714285,1.497637806681297,0.9993139642082202
42924873,O=C(NCCCn1ccnc1)N1CCC21CCC2,3,0.2786885245901639,1.9425179535852741,0.998203576812531
301143195,Oc1ccc2nc(ccc2c1Cl)/C=C/c1csnn1,3,0.48,1.867140326810421,0.998995887890555
36703704,CC(C)C(=O)NCc1cc(ccc1-n1ccnc1C)F,3,0.359375,1.6449823707264066,0.9990023204521669
43112807,CC(C)c1cc(n2nccc2n1)N1CCc2[nH]nc(c2C1)C1CC1,3,0.2682926829268293,2.6139166015772566,0.9996760187421023
2205552,CN(CCOCCOc1ccccc1-c1ccccc1)Cc1ccccc1.OC(=O)C(=O)O,3,0.42857142857142855,3.4624589528251035,0.9973238697052836
50282995,N#Cc1cc(ccn1)-c1n[nH]c(n1)-c1ccncc1,3,0.35185185185185186,2.7037509130831587,0.9992287698824739
42653736,O=C1Nc2ccccc2N1C1CCN(CCOc2ccccc2)CC1,3,0.5245901639344263,2.072367486716503,0.9984100313104526
41482724,Cc1ncccc1NC(=O)OC(C)(C)C,3,0.36,0.9746081263770424,0.9992042738007099
30448845,CC1(C)Cc2cc(ccc2O1)CN1CCC2(CC1)NC(=O)N(Cc1ccccc1)C2=O,3,0.30434782608695654,2.761690967505111,0.9974773064034446
3301248,CN(C)S(=O)(=O)c1ccc(c(c1)C(=O)Nc1ncc(s1)C)N1CCCC1,3,0.3287671232876712,2.3635433146019835,0.9990332597306075
45657759,O=C(Nc1nncs1)c1ccc(nc1)N1CCC2(CCCCC2)C1,3,0.3333333333333333,2.9218601951499577,0.9985146467268685
11652485,O=C(Cc1csc(n1)-c1ccccn1)NC1CCCCCC1,3,0.39285714285714285,1.535274893952487,0.9995012972123293
36790963,Cc1ccnc(c1)Oc1cc(ccc1C)N,3,0.40425531914893614,1.2850692588335877,0.9995851762744512
32018884,Nc1nc2ccccc2n1CCCc1ccccc1,3,0.5,1.458636006685536,0.9986173157651401
36924312,O=C1CNC(=O)N1CCCN1CCc2sccc2C1,3,0.3548387096774194,2.3078355660662,0.9994730008891323
49992529,CCn1cc(cn1)C1CCN(CC1)Cc1ccc(cc1)C#N,3,0.41818181818181815,2.135855800375827,0.998296322453861
49155578,Fc1ccc(c(c1)F)-n1nc(nc1-c1cn[nH]c1)C1CCOCC1,3,0.2894736842105263,1.6542572351362768,0.9989566417121587
16692987,COc1ccc(c(c1)OC)C(=O)Nc1ccc2oc(nc2c1)C,3,0.4444444444444444,1.2428354677908637,0.9990587193872134
1324972,COc1cc2c(cc1NC(=O)C)oc1ccccc12,3,0.3492063492063492,1.2588462972105432,0.9994369970718554
49942182,Cc1ncsc1CNc1nnc(o1)-c1ccncc1,3,0.5185185185185185,3.1519995241114276,0.9994710549693541
44583632,CCc1nc(n(n1)Cc1nc(cs1)C)CC,3,0.3076923076923077,2.139590147668638,0.999057538146759
11478087,Cc1ccc2c(c1)cc(c1nnnn21)CNCCc1ccccc1,3,0.32786885245901637,1.8395404317380453,0.9985626340374435
290036652,COc1cccc(c1C(=O)N(C)CCCn1cccn1)C,3,0.5344827586206896,2.2255830696696575,0.9988890117346717
73032016,CC(C)CNc1nnc(s1)SCc1ccncc1,3,0.38461538461538464,1.2633249779847395,0.9991048367556417
324071116,Fc1cc(c(cc1NS(=O)(=O)c1c[nH]c2cc(ccc12)Cl)F)C#N,3,0.5,2.8265592157251653,0.9991068512813185
222721,CC(C)C(=O)N1CC(C1)Cc1nccc2ccn(c12)C,3,0.3225806451612903,2.1672614055526425,0.9982917163710351
49343751,O=C(Nc1nnc2n1CCCC2)c1cscn1,3,0.5185185185185185,1.858462267575064,0.9996850691346179
48835672,CC(C)(C)C(=O)N1CCC(CC1)CN1C(=O)N(C2CCCC2)C(=O)C1=O,3,0.41818181818181815,3.652575529677674,0.9988676885869764
308044,CCOc1cc(ccc1OC)CN1CCc2c(nc(nc2C1)N1CCCC1)N,3,0.4057971014492754,2.48813564742766,0.9991549186620396
177501206,CCCC1(CCC1)CNC(=O)CN1C=CC(=O)C=C1,3,0.6170212765957447,2.1508798199806645,0.998080206767772
36659962,COC(=O)N1CCCN(CC1)C(=O)C(=O)Nc1cccc(c1)C(C)C,3,0.36666666666666664,1.6408570931064055,0.9988188146131487
24140848,O=C(NCc1nnc2n1-c1ccccc1CC2)c1ccc2ccccc2c1,3,0.6101694915254238,1.9375089677209907,0.9979941253774162
23827295,CN1CCC(CC1)n1ncc2[nH]c(nc12)-c1ccccc1-c1ccc(o1)C,3,0.5833333333333334,4.677637010287092,0.9994647330860618
49295738,CN(CCC(=O)O)C(=O)c1cc2cc(c(cc2o1)C)C,3,0.39344262295081966,1.4856493529761168,0.999173691524694
53835106,CSc1cnc(nc1)N1CCCN(CC1)c1ncc(cn1)SC,3,0.32608695652173914,2.6313350223793566,0.9972098807988957
35762433,Cc1nn(c(c1NC(=O)CN1CCC2(CCCCC2)CC1)C)C,3,0.40384615384615385,2.4771923623327856,0.9977027399899164
25721481,C/C(=C/COc1c2c(cc3ccoc13)C=CC(=O)O2)CO,3,0.2222222222222222,1.7246463405577537,0.9993689481510816
30663852,O=C(CSc1ccccn1)N1CCSc2ccccc21,3,0.3793103448275862,1.4444427991444366,0.998064081092266
222761855,CN(Cc1cnc2ccccc2n1)S(=O)(=O)N1CCCC1,3,0.38181818181818183,2.020849078976269,0.9992857937370682
222761300,CN(Cc1cnc2ccccc2n1)S(=O)(=O)N1CCCCCC1,3,0.375,1.695038937605924,0.998677713883691
13482608,COc1ccc2cc(ccc2c1)C(=O)NCc1nnc2n1CCCCC2,3,0.484375,1.7529671987800806,0.9986301227164359
49096260,CC(C)CCN1CCC(CC1)CNS(=O)(=O)C,3,0.5217391304347826,2.8257321175228984,0.9964113198830166
1152113,COc1ccc(cc1)OCc1nn2c(nnc2s1)-c1ccc(cc1)OC,3,0.35714285714285715,1.5747749045500168,0.9974578065848971
3247549,Cc1sc2ncnc(c2c1C)OCC(=O)NC1CCCCC1,3,0.5396825396825397,1.391859547510747,0.9994302011580732
45750904,Cc1nc(cs1)CNC1CCN(CC1)C(=O)C1CC1,3,0.375,1.8606910006772994,0.9986425794674496
11477618,O=C(NCCCNC(=O)c1cc2ccccc2[nH]1)c1ccc2c(c1)OCCO2,3,0.42857142857142855,3.2520993219763734,0.998961219188254
136045,COc1ccccc1-c1ccc(cc1)CC1(CCOCC1)C(=O)NC1CC1,3,0.5538461538461539,1.7077245093984414,0.9991475340315917
35774799,C1CC(C1)CNc1nc(no1)-c1ccccc1,3,0.5217391304347826,2.2170769043946934,0.9983370035433439
49941012,Cc1cc(ccc1-c1nc(no1)CCn1c(nc2ccccc12)C)F,3,0.3548387096774194,1.8247498458690339,0.9989800320336183
49139348,CC(=O)c1cc(cc(c1OCc1ccccn1)F)Br,3,0.3559322033898305,2.1877417580692784,0.995915829685076
13397114,Cc1ccc(cc1)Cn1nc(c(c1Cl)C(=O)N)C,3,0.38461538461538464,1.5487824250035556,0.9988246393737145
31507610,Cn1cc(cn1)-c1ccc2nnc(n2n1)C(F)(F)c1ccc2ncccc2c1,3,0.33783783783783783,3.544861633406631,0.9992458230737714
31875350,Cc1ccnc(c1)NC(=O)CN1CCCC1=O,3,0.41818181818181815,1.175477349845738,0.9996986838232462
36925778,O=C(N1CCN(CC1)c1ncccn1)c1noc2c1CCCC2,3,0.36363636363636365,1.7114490936050124,0.998758878451437
50359676,CC1=NN(CCOc2ccc(c(c2)F)Cl)C(=O)C=C1,3,0.6078431372549019,1.147878913474807,0.9984866526207781
56769871,Oc1nccn2c(nnc12)CNC(=O)C1CCCC1,3,0.3728813559322034,2.449732026161244,0.9992306525239814
30640320,Cc1nn(c(c1NC(=O)CN1CCN(CC1)c1nccs1)C)C,3,0.515625,2.2874603821702424,0.9988125389951106
30697446,CC(C)(C)C(=O)N1CCC(CC1)NS(=O)(=O)C,3,0.44,1.7981198514003078,0.9986347315209729
20536111,O=C(CC1c2ccccc2CCc2ccccc21)NCCN1CCOCC1,3,0.3389830508474576,2.2490791448947403,0.9994313190880206
2908077,COc1ccc(cc1)-c1cn2c3ccccc3nc2n1CCO,3,0.3283582089552239,1.5127726200589213,0.9988762710899832
53777863,COC(=O)C1=NOC2(CCN(CCC(C)(C)C)CC2)C1,3,0.2647058823529412,1.752774942769294,0.9979532510000833
53839716,COC(=O)C1=NOC2(CCN(CCCCCF)CC2)C1,3,0.3225806451612903,1.7463848373138549,0.9986385905755882
31998416,O=C(NCCc1ccc2c(c1)OCO2)Nc1ccncc1,3,0.47540983606557374,2.444126428808481,0.9988382609470949
49992227,Cn1cc(cn1)C1CCN(CC1)CC(=O)N1CCc2sccc2C1,3,0.515625,3.3513592764729845,0.9981595387643857
326092,Fc1cccc(c1)CCNCc1cc(cn2nnnc12)-c1ccccc1,3,0.3382352941176471,1.0863369642976866,0.9989352233354297
31844110,O=C(CN1CCc2ccccc21)N1CCNC1=O,3,0.6,1.6571771178719437,0.9996144182891864
410858,Cc1ccc(cn1)-c1nc(ncc1-c1cc(no1)C)NCc1ccco1,3,0.5373134328358209,3.2583377664081388,0.9997660481034537
31842542,CC1CCN(CC1)C(=O)c1n[nH]c2ccccc12,3,0.38181818181818183,1.6143187417606548,0.9993709425406279
32149349,O=C(N1CCCCC1)c1cccc(c1)CNc1ccc2nccnc2n1,3,0.48148148148148145,1.2225473405969267,0.9992332751281832
48764100,CCc1nnc(c(c1CC)C#N)N1CCCO1,3,0.5102040816326531,1.5368012233208879,0.9983007026329064
49336073,CC(=O)NC1CCN(CC1)Cc1cccc(c1)-c1cccnc1,3,0.4507042253521127,2.001927321357917,0.9984525639656213
31209008,C1CC1Nc1nc(no1)-c1ccccc1,3,0.4772727272727273,1.4966135105633398,0.9987777972594396
33303147,CNC(=O)c1ccc(nc1)N1CCCC1,3,0.4583333333333333,1.2564167302288058,0.9994959451033645
14097435,CN(C)C(=O)c1ccc(c(c1)NS(=O)(=O)C)C,3,0.3888888888888889,1.9195014977853102,0.997726286635104
36931863,COc1ccc2c(c1)CN(CC2)C(=O)c1cc([nH]n1)C1CC1,3,0.352112676056338,1.8920052854047407,0.9991442980482153
171813413,C[C@]1(O)CN(CC[C@@H]1Oc1ccccc1)C(=O)CN1C=Nc2ccccc2C1=O |r|,3,0.2891566265060241,1.4428187689384762,0.9991186696968631
171813474,C[C@]1(O)CN(CC[C@@H]1Oc1ccccc1)C(=O)Cn1cnc2ccccc12 |r|,3,0.36619718309859156,2.037187767487434,0.9988970038941425
222783725,CC(C)n1nc(c(c1C)S(=O)(=O)NCC1CCN(CC1)C(=O)C1CC1)C,3,0.4642857142857143,2.1706747798784907,0.9985208015339135
1545812,Cc1cc(c(c(c1-n1cnnn1)C)S(=O)(=O)Nc1ccc2c(c1)OCO2)C,3,0.3466666666666667,1.9606937547716063,0.9982333973997337
1553046,CN(C)c1ccc(cc1)NS(=O)(=O)c1c(cc(c(c1C)-n1cnnn1)C)C,3,0.3548387096774194,1.9840597269235725,0.9969546229586718
44435341,Fc1ccc(cc1)CCCC(=O)N1CCN(C(=O)C1)c1ccccc1,3,0.3968253968253968,1.4059662158102235,0.9985922671459304
404346,COc1ccc2nc3c(cc2c1)CNCCO3,3,0.5,1.3957069893068474,0.9993315139673273
104389046,Cc1cc(ccc1Cl)NC(=O)CN1N=C(C=CC1=O)C1CC1,3,0.6481481481481481,1.2933151201468247,0.9991476872137499
31231103,COc1cccc(c1C1=NCc2cnc(nc2-c2ccc(cc21)Cl)Nc1ccc(c(c1)OC)C(=O)O)F,3,0.3333333333333333,2.377276593078362,0.9982312382167016
31231105,OC(=O)c1ccc(cc1)Nc1ncc2c(n1)-c1ccc(cc1C(=NC2)c1c(cccc1F)F)Cl,3,0.27906976744186046,2.5322460385990544,0.9980493685360259
1317203,COc1ccc(cc1)OCC(=O)N1CCN(C)CC1,3,0.42,1.1290974271513834,0.9983043395032383
197945,Cc1cc(cc(n1)C1CCCN(C1)CC(=O)Nc1ncc(s1)C)Nc1ccccn1,3,0.6052631578947368,2.777127832851922,0.9993844047720887
36910847,O=C(CN1CCC(CC1)c1ccccc1)N1CCNC1=O,3,0.39655172413793105,2.902667910733294,0.9944663438801503
31991615,Cc1noc(c1CS(=O)(=O)C1CCCc2ccccc21)C,3,0.39344262295081966,1.1767472115960949,0.998755321905212
36647960,CN(Cc1cscn1)c1nc2c(cc1C#N)CCC2,3,0.39285714285714285,1.5761462495596754,0.9991223062136128
1487936,N#Cc1cc2c(nc1SCc1cccnc1)CCCCCC2,3,0.3492063492063492,1.7801727444268676,0.998028793688155
82719175,CN(C)c1ccc(nn1)-c1ccc(cc1)C(=O)NCCN1CCCC1=O,3,0.375,2.188817260531182,0.9964685073602874
49995595,CNC(=O)c1cccc(c1)Cn1nnc(n1)-c1ccccc1Cl,3,0.352112676056338,1.6994555010355685,0.9988292387885142
48224722,C1CN(CCO1)Cc1nc(c2c(csc2n1)-c1cccs1)N1CCc2[nH]ncc2C1,3,0.5633802816901409,4.427275911889403,0.9989305255511849
29621147,Oc1ccccc1N1CCN(CC1)C(=O)c1ccc(nc1)-n1cccn1,3,0.45901639344262296,1.8662296214558904,0.9989102346274354
235805596,CC(C)(C)C1=NN(CC2CN(C2)CC2(O)CCCC2)C(=O)C=C1,3,0.3793103448275862,2.1690025357292395,0.9992451922176643
205724941,OC1(CCCC1)CN1CC(C1)CN1N=C(C=CC1=O)C1CC1,3,0.3870967741935484,1.9643031843378305,0.9984943136867067
784983,OC(=O)c1cc(ccc1O)/N=N/c1ccc(cc1)S(=O)(=O)Nc1ccccn1,3,0.273972602739726,2.7083408205030985,0.998441065934166
23673158,Oc1ccc(cn1)C(=O)N1CCN(CC1)c1ncccn1,3,0.38181818181818183,2.357670884581095,0.9979995017813744
48780034,CC(=O)N1CCCN(CC1)Cc1c(nn(c1Cl)C)C,3,0.36363636363636365,1.296461723306918,0.9991747394681855
3562110,NC(=O)COc1ncnc2ccccc12,3,0.5416666666666666,1.7137225563082112,0.9975235709888978
23998591,Cc1ccsc1C(=O)Nc1nc2ccccc2s1,3,0.42,1.2737381991597398,0.9996207812917709
43068693,COCc1noc(n1)-c1ccc(nc1)-c1cc(cc(c1)C)C,3,0.3333333333333333,2.155944108737281,0.9984717451194534
35690264,O=C(Nc1ccc(nc1)N1CCOCC1)N1CCc2sccc2C1,3,0.43283582089552236,2.0626642964860284,0.9991517101340618
300003450,O=S(=O)(N1CCCNCC1)c1cccc2cnccc12,3,0.4426229508196721,1.971344718713636,0.9981520761858614
205729574,Clc1ccccc1S(=O)(=O)N1CCCc2cnc(nc21)N1CCOCC1,3,0.6451612903225806,2.025627063405359,0.9962039785604505
43571023,Cc1ccc2n(nc(c2c1)Cn1ccnc1-c1cccc(n1)C)C,3,0.30303030303030304,1.9486000102640502,0.9993970032278985
89942274,CN1C(=N[C@@](C)(CS1(=O)=O)c1cc(ccc1F)NC(=O)c1ccc(cn1)F)N |r|,3,0.273972602739726,2.589763888851485,0.9979959663902285
31835550,CC(=O)Nc1cccc(c1)OCC(=O)N1CCCCC1,3,0.5192307692307693,1.8648627295327187,0.9972106481302309
24997821,Fc1cccc(c1CC(=O)Nc1cccc2cnccc12)Cl,3,0.453125,1.4329567334709579,0.998957830422662
82737865,O=C(N1CCC2(CC1)C=Cc1ccccc12)c1n[nH]c2c1COCC2,3,0.2535211267605634,2.5720865070987493,0.999527710927261
1541141,OC(=O)CCC(=O)Nc1ccccc1C1=Nc2ccccc2NC1=O,3,0.3508771929824561,2.391259082575347,0.9991007656392292
30231738,Fc1cccc(c1)-c1nnn(n1)Cc1ccc(cc1)C(=O)N1CCCC1,3,0.4,2.1568750543320094,0.998912428435271
38522400,CC(C)n1nnnc1-c1ccc(cc1F)N,3,0.25,1.9525086427466485,0.9982833086397527
19162470,O=C(Cc1ccc2c(c1)OCCO2)NC1CCCCCC1,3,0.6304347826086957,2.157812086350409,0.9981365053508808
316806315,CC(C)c1noc(n1)CN1CCC(CC1)N1C(=O)Nc2ccccc21,3,0.5230769230769231,1.2413363766519814,0.9995737771476217
11938711,O=C1Nc2ccccc2N1C1CCN(CC1)Cc1nc(no1)-c1ccsc1,3,0.5223880597014925,1.8274736660222062,0.9995342461862733
49945104,Cc1nn(c2ncc(cc12)CNc1ccon1)C,3,0.3225806451612903,1.9434188946293884,0.9995388029539624
82700463,COc1cccc(c1-c1ccc(cc1)OCCN1CCCC1)OC,3,0.42857142857142855,1.7877029954665877,0.9981076125837514
49951918,Cc1cccc(n1)NCC1CCN(CC1)C(=O)c1ccccc1,3,0.47368421052631576,1.426913452175936,0.9984079477452164
44579402,O=C(Nc1cnc2ccccc2n1)c1ccncc1,3,0.5227272727272727,1.8250271230857862,0.9995879829150849
43429664,CC(N1CCCC(C1)c1nc2ccccc2o1)C(=O)Nc1ccccc1,3,0.5362318840579711,1.4967087224973545,0.9991237641420551
30026467,CC(N1CCCC(C1)c1nc2ccccc2o1)C(=O)Nc1ccc(cc1)C(=O)N,3,0.5277777777777778,2.4668528533338345,0.9985154121208579
48880634,C1CCN(C1)CCOc1ccc(cc1)-c1[nH]c2ncnc(c2c1-c1ccccc1)NCC1SCCS1,3,0.3333333333333333,5.871677273147282,0.9971163071665643
29676888,Clc1ccc2c(c1)N=C(NC2=O)/C(=C/c1cnn(c1)Cc1ccccc1)C#N,3,0.27710843373493976,1.9972706376447231,0.9990668513059384
48825778,CN1CCC(CC1)NS(=O)(=O)C1CN(C1)C(=O)c1cccc(c1)Cl,3,0.38095238095238093,1.6353855814456202,0.9985583887717899
31929526,FC(F)(F)c1ccnc(n1)Nc1ccc(nc1)N1CCNC(=O)C1,3,0.3055555555555556,2.5367242656624516,0.9987037859211811
50279769,COc1cc(c2c(c1)N=C(C)NC2=O)Br,3,0.2727272727272727,1.543272820988336,0.998342905773097
49299793,Brc1cc2c(cc1Cn1cncn1)OCCCO2,3,0.36538461538461536,1.1975604368880879,0.9985832573287596
208343,Cc1nc(cc(n1)C1CN(C1)C1CCCCC1)O,3,0.45098039215686275,1.6972256773922456,0.9987746868024634
49924914,CN(CCn1cnc(c1C#N)C#N)c1ccccc1,3,0.4716981132075472,1.9092613755062495,0.9986103713639617
316875519,Cn1c(nnc1-c1n[nH]c2c1CCCC2)N1CCC2(CNC(=O)C2)C1,3,0.22535211267605634,2.352848698918065,0.9993295639648079
32157229,Fc1ccc(c2c(ccnc12)NCc1ccc(nc1)N1CCOCC1)F,3,0.30434782608695654,1.649096722451653,0.9991217139787187
36436018,CCOc1ncccc1-c1nc(cc(n1)NC)C,3,0.43137254901960786,1.2275369648204333,0.9992352912057135
232887473,Clc1cccc(c1Cc1n[nH]c(n1)CCCn1cccn1)Cl,3,0.5789473684210527,1.2486981220454823,0.9996078364155191
414840,Cc1cc(sc1C)C(=O)N1CCC(CC1)C(=O)c1ccnn1C,3,0.32857142857142857,1.8749586662101148,0.9988958207013324
198935,CCc1nnc(s1)Nc1cccc(n1)C1CCCN(C1)CC(=O)N1CCCC1,3,0.5142857142857142,2.9212613713940594,0.997759727480239
48373672,O/N=C\1/CCCc2c1cnc1ncnn21,3,0.23214285714285715,1.2090223323002647,0.998463678528865
36922204,Cc1nnc(c(c1C)C#N)N1CCCSCC1,3,0.3333333333333333,1.3418371734304069,0.9986611153951974
48638440,Cc1ccccc1COC1CN(C1)C(=O)CN1C(=O)Nc2ccccc21,3,0.5862068965517241,2.311610261268121,0.9988877865394792
53749740,Clc1ccc(cn1)CSc1nc(c[nH]1)-c1ccccc1,3,0.4423076923076923,1.3386186910395343,0.9996551289699467
4758327,O=C(NCCNC(=O)c1cc(nc2ccccc12)-c1ccccc1)c1ccco1,3,0.38333333333333336,1.9835311946122447,0.9990198487178331
5965122,CCC(=O)NCCNC(=O)c1cc(nc2ccccc12)-c1ccccc1,3,0.41818181818181815,1.822813210398055,0.9986179157789047
49939748,N#Cc1ccc(o1)CNc1cnc2ccccc2c1,3,0.3448275862068966,2.1591516852688435,0.9993168049449465
207623013,CN1C(=O)N(C(=O)c2cccc(c21)F)c1cccc(c1C)-c1c(cc(c2[nH]c3c(c12)CC[C@@H](C3)C(C)(C)O)C(=O)N)F |r|,3,0.24528301886792453,6.427568980571218,0.9990381912298274
2873705,Cc1ccccc1-n1nc(cc1N)C(C)(C)C,3,0.4090909090909091,1.6897517569160043,0.9990914156636966
291159,COc1ccc(cc1)CNc1c(nc2cnccn12)-c1ccc(c(c1)OC)OC,3,0.3188405797101449,1.8821522255123386,0.9986795068922592
15967580,Cc1cc(n2ncc(c2n1)C(=O)Nc1cccc(c1)C(=O)O)C,3,0.5087719298245614,2.9882802746731114,0.9980060011328388
50614392,COc1ccc(cc1F)CCCN1CCN(C(=O)C1)c1cnn(c1)C,3,0.2916666666666667,2.283182647096032,0.9972316835278596
131225,Cc1cc(cc(n1)C1CCN(C1)C(=O)COc1ccccc1F)Nc1ccc(cn1)F,3,0.4634146341463415,2.5872688302529063,0.9980654843117585
131201,Cc1cc(cc(n1)C1CCN(C1)C(=O)COc1ccccc1)Nc1ccc(cn1)F,3,0.4691358024691358,2.5255779536571445,0.9980755423773241
131239,Cc1cc(cc(n1)C1CCN(C1)C(=O)CCc1cccc(c1)Cl)Nc1ccc(cn1)F,3,0.4418604651162791,2.6821414951489206,0.9967065207540249
131231,CC1=NN(CC(=O)N2CCC(C2)c2cc(cc(n2)C)Nc2ccc(cn2)F)C(=O)C=C1,3,0.4875,2.335006638105619,0.99889749722794
131219,Cc1cc(cc(n1)C1CCN(C1)C(=O)CCn1ncc2ccccc12)Nc1ccc(cn1)F,3,0.4367816091954023,4.9809237095141,0.9951576107400861
2292167,COc1ccccc1CC(=O)Nc1ncc(s1)C,3,0.4576271186440678,1.3432326678570938,0.9995889053552538
49942184,C(Nc1nnc(o1)-c1ccncc1)c1cncs1,3,0.5098039215686274,3.509662661853309,0.9992381313935178
48328503,CC#CCCNC(=O)c1cccnc1C,3,0.43137254901960786,1.0028250096601445,0.9994004228275599
31413696,Cc1csc(n1)Nc1ccc(cc1)C#N,3,0.3559322033898305,1.7633590105252335,0.9987717635555998
18915110,Cc1ccc(c(c1)C(=O)Nc1cnc2n(nc(c2c1)C)C)C,3,0.35,2.028981764333681,0.9989578412776983
49144354,Cc1ccc2nc(c(cc2c1)-c1nc(nn1CCO)C)C,3,0.34375,1.320547992312052,0.999545324677641
152939,Cc1cccc(c1)OC1CCN(CC1)CC(=O)N,3,0.421875,1.349795540072725,0.9984972832636188
152925,NC(=O)CN1CCC(CC1)Oc1cccc(c1)F,3,0.5178571428571429,1.8987822413325894,0.9931447178785132
13484208,CN(Cc1nnc2n1CCC2)C(=O)Cc1coc2c(c(ccc12)C)C,3,0.4057971014492754,2.420943411150736,0.9993083045041651
32020284,Cc1cc(c2c(nn(c2n1)C)C)C(=O)Nc1cccc(c1)-c1cnco1,3,0.38271604938271603,2.1115856601138177,0.9997279291445004
35743833,CNC(=O)c1ccc(cc1)CN(C)c1c(cc(cc1F)C#N)F,3,0.375,1.885882021760591,0.9960694526724334
338392,CCOC(=O)C1(CCN(CC1)Cc1ccccc1O)Cc1cc(no1)-c1ccc(cc1)F,3,0.32941176470588235,2.6562667411239467,0.9985644944912656
50136169,CC(=O)Nc1ccc(cc1)C(=O)N1CCc2ncncc2C1,3,0.3492063492063492,1.5374456087938704,0.998961156000784
181210453,CCN(Cc1ccccc1)C(=O)c1cccnc1N,3,0.36507936507936506,1.995573351195055,0.9990850832214073
232833340,COc1cccc(c1)Oc1ccc(cn1)NC(=O)CN1CCOCC1,3,0.40298507462686567,1.5720569328110228,0.9986379772818114
232865232,COc1cccc(c1)Oc1ccc(cn1)NC(=O)CN1CCCCC1=O,3,0.4126984126984127,1.7422660531616971,0.9991846834097851
36933237,CC(C)(C)n1ncc(c1C(F)(F)F)C(=O)N1CCCn2ncnc21,3,0.24285714285714285,1.47936202465787,0.9990295543947741
53790787,CC(CN(C)Cc1nnc(n1C)C)Oc1ccc(c(c1)Cl)Cl,3,0.2537313432835821,1.620984268893334,0.9966201244264719
44424625,Cc1ccc(cc1)-c1ccc(o1)-c1nccn1CCCn1cnnc1,3,0.3088235294117647,2.198752600907194,0.9991376782325769
32106793,Cc1cc(n(n1)-c1cc(ncn1)Nc1ccccc1C)C,3,0.32142857142857145,2.217882323298275,0.9993673826580186
49148489,Fc1ccc(c(c1)-c1nc(nn1-c1cccnc1)C1CCOCC1)F,3,0.2727272727272727,2.9999164988379285,0.9938278858570962
48337566,CN1CCCN(CC1)c1nc(nc2cc3c(cc12)OCO3)C(F)(F)F,3,0.29577464788732394,1.4281253446390216,0.9990141367041157
48210000,CCN1CCC(CC1)Nc1ncnc2n(ncc12)C,3,0.5882352941176471,1.9082033434619776,0.9995421681600418
49088739,CC(C)OCCS(=O)(=O)N1CCc2ccccc2CC1,3,0.46938775510204084,2.3245618942071307,0.998909032513339
206429,CN1CCC(CC1)C(=O)N1CCC(CC1)c1cc(c2c(n1)CCNC2=O)C(F)(F)F,3,0.32,2.9959320753317225,0.999619445744008
206425,CN1C=C(C=CC1=O)C(=O)N1CCC(CC1)c1cc(c2c(n1)CCNC2=O)C(F)(F)F,3,0.32857142857142857,2.070050724016264,0.9988211554930682
29658635,CCOC(=O)N1CCN(CC1)C(=O)Nc1cccc2c1CCCC2,3,0.43548387096774194,1.8387264614403276,0.9987911321707739
177401551,COc1ccccc1-n1cc(cn1)CNC(=O)N(C)Cc1c(nn(c1C)C)C,3,0.373134328358209,1.5476016929429601,0.9994665894967509
49151417,COCCc1nc(n(n1)CCO)-c1ccccc1-c1ccccc1,3,0.4032258064516129,1.9382520475934133,0.9983806533206435
1456984,CCOC(=O)CC1=C(C)Nc2c(cnn2C1=O)-c1ccccc1,3,0.30158730158730157,1.6839376473011636,0.9996532393070843
24034759,CCc1nnc([nH]1)Sc1nc2cc(nn2c2ccccc12)C,3,0.5818181818181818,1.7581976566922133,0.9996055470018718
3686549,Cc1c(oc2c(cccc12)F)C(=O)N1CCC(CC1)C(=O)Nc1ccc2c(c1)OCO2,3,0.34177215189873417,2.3211219269997874,0.9993111947515201
45762658,CN(Cc1nnc(n1C)C1CC1)C(=O)C1C2CC3CC(C2)CC1C3,3,0.2903225806451613,3.0338770574954435,0.9991159480346863
31876232,Cc1ccc(nc1)NC(=O)C(C)(C)c1ccccc1,3,0.44680851063829785,1.1715784224711494,0.999418339817229
324053897,CC1(C)Cc2cc(c(nc2O1)OCC1CC1)NC(=O)c1cnn2cccnc12,3,0.4675324675324675,1.9913598368959484,0.9991735459504575
49944058,CCn1nccc1CNc1nnc(o1)-c1ccc(cc1)OC,3,0.46938775510204084,1.4131790403198432,0.9996743583011533
36635336,CN1CCN(CC1)C1=C2C=CC=CC2=Nc2ccc(cc2N1)Cl,3,0.2878787878787879,2.2890428130551337,0.9984739131987501
MCULE-7051565077,COCCNC(=O)CN1CCN(CC1)c1nccn1-c1cccc(c1)Cl,3,0.40540540540540543,1.434342009424834,0.9991392546529608
13331036,CC(C)(C)c1csc(n1)NC(=O)C1CC1,3,0.4897959183673469,0.9203488469055864,0.9995519342324828
53750832,COc1cccc(c1)CC1=Nc2sc3c(c2C(=O)N1)CCSC3,3,0.359375,2.352359241271939,0.9997624000173924
48749865,CN(Cc1nc2c(s1)CCCC2)c1cnccn1,3,0.3235294117647059,1.5841736015983896,0.9995715782998967
36951097,C1CN(CCN(C1)c1nc(ns1)-c1ccccc1)c1nccs1,3,0.46551724137931033,1.5826117654058331,0.9985136852742584
38281327,OC(=O)Cc1ccc(cc1)Oc1ccncc1,3,0.38095238095238093,4.342742681762333,0.9958737486770527
24874030,COc1ccc(cc1)-c1ccc(cc1)CN(CCN(C)C)Cc1ccncc1,3,0.47368421052631576,2.0340774321547204,0.9989245044359387
43272847,CC(C)CCNc1ccc(cc1)Cc1c(n[nH]c1C)C,3,0.25862068965517243,2.1770514463374804,0.9981176924340833
2711872,CC(C)CCNC(=O)CSc1nc2ccccc2[nH]1,3,0.42857142857142855,2.897638521278867,0.9975929309780928
177394353,COCCN(C)C(=O)c1ccc(cc1)-c1cccc(c1)-c1noc(n1)C,3,0.36619718309859156,2.077615219428439,0.9970885087675022
72972951,CC#CC(=O)N1CCC[C@@H]1c1nc(c2c(nccn12)N)-c1ccc(cc1)C(=O)Nc1ccccn1 |r|,3,0.34523809523809523,3.4159121768563936,0.999415662567009
35692276,CCONC(=O)c1sc(nc1C)C,3,0.36363636363636365,0.7740620130192314,0.9997973987606775
36646466,Cc1ccc2nc3c(c(c2c1)C(=O)NCc1cnn(c1)C)CCCC3,3,0.6212121212121212,1.6449124596767366,0.999241787796301
30151761,OC(=O)c1ccc(c(c1)F)N1CCCC1,3,0.3333333333333333,3.7215999247637006,0.9980932679395081
49159718,CS(=O)(=O)CCc1nc(nn1-c1ccccc1)C1(CC1)c1ccccc1,3,0.34375,2.087907086055409,0.997995824580658
5736788,CN1C(=O)N(Cc2ccccc2C)C(=O)c2c1nc1n(c(cn21)C)-c1ccccc1O,3,0.27631578947368424,2.688924320244385,0.999465233204328
5736794,CN1C(=O)N(Cc2ccccc2Cl)C(=O)c2c1nc1n(c(cn21)C)-c1ccccc1O,3,0.31645569620253167,1.4293708406163528,0.9995516514822259
31890078,Cc1nnc(c(c1C)C#N)NCCc1ccc2c(c1)OCO2,3,0.3770491803278688,1.4638083891001636,0.9993275084913628
30151586,CN(c1ccc2c(n(nc2c1)C)C)c1ccnc(n1)Nc1ccc(c(c1)S(=O)(=O)N)C,3,0.4166666666666667,3.2137991536506854,0.9989703044554507
49346047,Cc1nccc(c1Cl)NC(=O)c1ccncc1Cl,3,0.5306122448979592,2.2161231915221915,0.9993994375101242
11894372,O=C1NC2(CCCCC2)C(=O)N1Cc1csc(n1)-c1ccccc1,3,0.4262295081967213,2.6224648710700853,0.9990244020576037
197589,Nc1nc(nc2nc(ccc12)C1CCCN(C1)CC(=O)N1CCCC1)-c1ccccc1,3,0.5454545454545454,3.2721387501143884,0.9979525120849874
31834534,CN1CC(=O)N(CC(=O)Nc2ccc(c(c2)C)C)C1=O,3,0.42424242424242425,1.4603687890386978,0.9996978886775172
177394614,CN(CC1CCN(CCO)CC1)C(=O)c1cc(nc(c1)C)C,3,0.5,1.6809357513003562,0.9991206860230967
30016064,Cc1nn(c2ncc(cc12)C(=O)Nc1ccc2c(c1)CCO2)C,3,0.39473684210526316,1.6124248819712892,0.9997280984239958
30020148,O=C(CSCC#N)NC1CCCCCC1,3,0.3877551020408163,1.758605413388736,0.9985030901150119
44384801,CCCNS(=O)(=O)Nc1ncnc(c1-c1ccc(cc1)Br)OCCOc1ncc(cn1)Br,3,0.2289156626506024,3.6054486544671405,0.9984783588717678
36318534,Cn1ccc2c(cccc12)C(=O)Nc1ncn(n1)Cc1cccnc1,3,0.5932203389830508,2.3617652296541745,0.9996891100077144
36340866,CCS(=O)(=O)Cc1ccn(n1)-c1cccc(c1)F,3,0.5227272727272727,1.4835784441680604,0.9990672125267889
2502094,Cn1cnnc1-c1cccc(c1)NS(=O)(=O)c1ccc(cc1)N1CCCC1=O,3,0.6,2.1027061135591425,0.9984542234325847
44064836,O=C1CCCN1c1ccc(cc1)S(=O)(=O)Nc1cccc(c1)-c1nnc2n1CCC2,3,0.4166666666666667,2.702373956357587,0.9973523591835177
29578860,Cc1cc(on1)C(=O)Nc1cccc2ncccc12,3,0.46296296296296297,1.306951031983108,0.9995744282945483
232862115,COc1ccccc1-c1cc(nc(n1)-c1ncccn1)C(C)(C)C,3,0.3877551020408163,2.19873349908539,0.9969375449377399
114309331,Nc1ncnc(c1-c1ccc(cc1)Oc1ccccc1)NCC1CCN(CC1)C(=O)C=C,3,0.3522727272727273,4.02595988554257,0.9994777022322903
49968158,CN(Cc1ccc(nc1)N)c1ccnc(n1)C,3,0.6444444444444445,1.6193072592936983,0.9989929035109797
82702429,COc1ccc(cc1)-c1ccc(cn1)Cn1nc(cc1C)C,3,0.31746031746031744,2.109006401128235,0.9993370338523971
177470998,COc1cc(cc(c1OC)OC)-c1ccc(cn1)Cn1nc(cc1C)C,3,0.3230769230769231,2.0962335270670778,0.9978247469250908
177388619,CCc1nc(cc(n1)N1CCCC2(CCNCC2)CC1)C,3,0.5094339622641509,1.9959691881390975,0.9974307024447022
1412632,Cc1cc(no1)NC(=O)c1cccs1,3,0.42,2.7981790507401594,0.99931909876005
49972886,CCc1nc(cs1)CNc1ccc(nc1)C#N,3,0.42592592592592593,1.863557887483247,0.9994290753516174
25633058,CCOC(=O)N1CCC(CC1)Nc1nc2ccccc2s1,3,0.3870967741935484,1.2142050897605097,0.9993170540953356
24497238,O=C(NCCc1ccc2c(c1)OCO2)C1CCCC1,3,0.4745762711864407,1.578768507413018,0.9988843860012914
2343643,Fc1cccc(c1)CN1CCN(CC1)c1ncccn1,3,0.5714285714285714,0.4089510973209266,0.9997039082140963
73029963,CN(Cc1ccc(cc1)CO)Cc1cc(c(c(c1)F)F)F,3,0.30612244897959184,1.9269257899565237,0.9962971624640768
35741943,CN(C)c1cc(nc(n1)N(C)Cc1csc(n1)C)C,3,0.375,1.670715116350088,0.999426173902222
93438708,Cc1nc(c2c(ncnn12)N1CCC1)-c1cnn(c1-c1ccc(cn1)C(F)(F)F)C,3,0.26506024096385544,2.738440249485138,0.9993546006051646
139887,COc1cccc(c1)CN1CCC(CC1)(Cc1ccc(cc1)-c1cccnc1)C(=O)N,3,0.5915492957746479,2.2577998139782305,0.9986443959891742
139895,NC(=O)C1(CCN(CC1)Cc1cccc(c1)Cl)Cc1ccc(cc1)-c1cccnc1,3,0.5942028985507246,2.027513501804671,0.9990080292064256
49148845,COCCc1nc(n(n1)C1Cc2ccccc2C1)CCCn1cccn1,3,0.30158730158730157,2.5436619272218777,0.9983819996631503
44114971,CSc1ccc(c(c1)C(=O)NCCN1CCC(C)CC1)C,3,0.5283018867924528,1.548377860859511,0.9983455514926265
202527,CC(=O)Nc1ccc(cc1)C(=O)N1CCCCC1c1nc(ncc1-c1cccc(c1)Cl)N,3,0.6081081081081081,2.5401539323435047,0.9989059115453993
202525,CC(=O)Nc1ccc(cc1)C(=O)N1CCCCC1c1nc(ncc1-c1ccc(cc1)Cl)N,3,0.5333333333333333,2.6924668985895086,0.9979853098644028
73052466,CCOC(=O)CCN1CCC=C(Br)C1,3,0.2777777777777778,2.1717776129244215,0.9964770480108088
73006343,Cc1noc2ncnc(c12)N1CCCN(CC1)C(=O)C1CC1,3,0.421875,1.6604448199200414,0.9990236945395625
82728603,CN(CCO)C(=O)c1ccc(cc1)-c1cccc(n1)C(F)(F)F,3,0.3188405797101449,1.944380364023477,0.9981731558378855
49934116,CCc1nc(c2ccsc2n1)N1CC(CO)C1,3,0.39285714285714285,2.174095444087313,0.9991002125177078
195793,Cc1cccc(n1)Nc1ccc(nc1)C1CCN(CC1)C(=O)c1cc2cc(ccc2n1C)F,3,0.37349397590361444,3.8656911413099158,0.9989892909466631
32446521,OC(=O)c1nc(oc1-c1ccccc1)-c1ccccc1,3,0.32,2.306475232904274,0.9984409962415873
104336605,Cc1c(nnn1Cc1ccc(c(c1)Cl)Cl)C(=O)Nc1ccc(cc1)CO,3,0.3333333333333333,1.5926892352242805,0.9994001349837045
36639987,Cc1cc(n2nc(c(c2n1)C(=O)NCC1CC1)C)C,3,0.5,1.4560398346192114,0.9998166464751277
31348551,O=C1Nc2ccccc2N1C1CCN(CC1)CCc1ccccn1,3,0.5245901639344263,2.2269326437944463,0.9988710216516189
36662662,CC(C)n1nc(c(c1C)NC(=O)c1cc(nc2cc(ccc12)F)C)C,3,0.4696969696969697,1.7853405837533143,0.9992406356767919
24884318,COc1c(cccc1CN1CCC(O)(CC1)c1ccc(cc1)F)C,3,0.48333333333333334,2.0124726085094298,0.9969969474329962
209889,Cn1nccc1CC1CCN(CC1)C1CCCC1,3,0.3958333333333333,2.8734487989175257,0.9972553164241297
157315,Cc1nc(cc(n1)NC1CCCC1)CC1CCN(CC1)S(=O)(=O)c1cn(cn1)C,3,0.6307692307692307,2.4040347335264616,0.9990727468002228
48243153,N#CCn1ncnc1-c1cccc(c1)C#N,3,0.32727272727272727,2.316659232602016,0.9978982567275991
36303318,CN(CC#N)C(=O)c1cccc(c1)CN1CCCC1,3,0.4393939393939394,2.1248359936710406,0.9985758929224017
32074520,Cc1ccccc1NC(=O)Cn1nnc(n1)C1CC1,3,0.38596491228070173,1.9966945184479383,0.9976013879069645
171745752,CCCc1nc(ncc1C(=O)O)N1CCc2ccccc2C1,3,0.4375,3.156562212281076,0.9937830722305858
1313043,CCOC(=O)N1CCN(CC1)C(=O)c1ccc2c(c1)OCO2,3,0.47368421052631576,1.6370561994015147,0.9986015599466195
44598735,CCOCC(=O)N1CCC2(CC1)CCc1ccccc1O2,3,0.64,1.3985227920918806,0.9994062268664908
290024482,COc1ccc(cc1)OCc1n[nH]c(n1)-c1n[nH]c2c1CCC2,3,0.5454545454545454,2.408193513818903,0.9989652788201012
320420210,CCN(Cc1ccccc1)C(=O)c1ccc(cc1O)O,3,0.38,2.4728040763473107,0.9964654805478302
48784525,NC(=O)COc1ccccc1C(=O)Nc1cccc(n1)-c1ccc2ccccc2c1,3,0.3898305084745763,2.170976969016918,0.9978848957730782
49976216,CNC(=O)Cc1nc(cs1)-c1cncc(c1)C,3,0.4423076923076923,1.1110526540175762,0.9995185891970115
31931312,O=C1Nc2ccc(cc2O1)-c1csc(n1)CCN1CCCC1=O,3,0.5901639344262295,2.9346705096146586,0.999007868563241
36367041,Cc1cccc(c1)/C=N/Nc1cc(nc(n1)OCCc1ccccn1)N1CCOCC1,3,0.3037974683544304,2.6143700962177476,0.9991672173253506
222778100,CCN(Cc1cnn(c1)C(C)C)C(=O)NCCC(C)(C)OC,3,0.2878787878787879,1.9309873122319496,0.9990783589584095
139135,CN(C)C(=O)C1(CCN(CC1)C(=O)c1cnn(c1)C)Cc1ccccc1-c1ccccc1,3,0.5909090909090909,3.0523661313805808,0.9981130735081079
139133,CN(C)C(=O)C1(CCN(CC1)C(=O)c1ccc(s1)C)Cc1ccccc1-c1ccccc1,3,0.5757575757575758,3.5673328972778684,0.9993404405216961
232861763,CCOCC(=O)Nc1cccc(c1)CN1CCCC1,3,0.4166666666666667,2.1117163635300433,0.997999262089539
48312238,O=C1CCCN1NC(=O)c1ccc(cc1)OCC#C,3,0.3157894736842105,0.8375882043100328,0.9995034613646061
222778471,CN(C)C(=O)c1cncc(n1)N(C)CCCc1c(n[nH]c1C)C,3,0.5,2.0993003596431716,0.999357316213292
49292072,CN(C1CCCCCCC1)C(=O)COc1cc(on1)C,3,0.3793103448275862,1.5588838956125504,0.9989525596667304
82717689,NCCOc1cccc(c1)CC(=O)N1CCCN(CC1)C(=O)C1CCC1,3,0.625,2.3579162410907446,0.9976628692864137
1556512,Nc1ccc2n(cnc2c1)CCc1ccccc1,3,0.425531914893617,2.391541971197756,0.9983332555327847
232861350,COc1ccc(cc1)-c1cc(nc(n1)-c1ncccn1)C(C)(C)C,3,0.3148148148148148,1.6384959566627078,0.9970747319021032
32272128,Cc1nccn1CCNC(=O)C(C)(C)C,3,0.40816326530612246,1.7687424911504728,0.9984232033810918
49335777,Cn1cc(c(n1)-c1ccncc1)CN1CCN(CC1)c1ccccc1O,3,0.328125,1.805167305264735,0.9993976910578141
300962268,Fc1ccc(cc1Cl)-n1cc(nn1)/C=C/c1ccnnc1,3,0.24242424242424243,1.8927474739120371,0.9974496082010254
49078022,CCCn1cc(cn1)NC(=O)Nc1ccc(cc1)N1CCSCC1,3,0.4918032786885246,2.6272091656356413,0.9991157065208762
43141052,N#Cc1ccccc1-c1ccc(o1)-c1nccn1-c1cccnc1,3,0.2857142857142857,1.3868222669117967,0.9994245795404706
36686539,CCc1nnc2n1CCN(C2)C(=O)c1ccccc1Oc1cccnc1,3,0.3333333333333333,1.1116888053760507,0.9996092515780687
11909115,Fc1ccc(cc1)OCCN1N=Nc2ccccc2C1=O,3,0.44642857142857145,1.225996737352819,0.9982149024350074
177304918,COC1(CCN(CC1)Cc1ncccc1Cl)c1nc(no1)Cc1ccccc1,3,0.3787878787878788,2.2389330048037306,0.998909059268944
177307724,COC1(CCN(CC1)Cc1cnc(o1)C)c1nc(no1)Cc1ccccc1,3,0.32857142857142857,1.629488876917794,0.9987580770146772
43267241,O=C(CN1CCCC(C1)c1ccc2cn[nH]c2n1)N1CCCC1,3,0.6,2.5888607533042918,0.9973360716994517
18861554,CC(C)c1noc2ncc(cc12)C(=O)Nc1cc(ccc1C)F,3,0.38571428571428573,1.2950675658041209,0.9996218885196049
31923278,Cc1cc2ccccc2n1CC(=O)N1CCc2ccc(cc2C1)O,3,0.3582089552238806,1.473622746838703,0.9991167018842748
20689377,CC(C)N(Cc1cnn(c1)C)Cc1nc(oc1C)-c1cccc(c1)C,3,0.36486486486486486,1.8497905286813536,0.999029465923985
195031,COc1cccc(c1)N(C)CCC(=O)N1CCC(CC1)c1ccc(cn1)-c1ccc(nc1)N,3,0.43529411764705883,1.5719984096683366,0.9983643221655709
49954362,Fc1ccc(c(c1F)C(=O)NCC1CCN(CC1)CC#N)F,3,0.39344262295081966,1.3707950247941478,0.9984547982358496
16744002,CCONC(=O)c1cncn1-c1ccc(cc1)F,3,0.58,1.353120098142984,0.9991899455166764
300481375,Fc1cc(ccc1CNCc1ccccn1)Br,3,0.42857142857142855,1.2879041113374932,0.9993722572759075
27415022,CN(Cc1cccc(c1)C#N)Cc1ccccc1C#N,3,0.6086956521739131,3.8016627940942183,0.9975256850713624
171789858,CC(=O)N1CCN(CC1)[C@H]1CCN(CC[C@@H]1O)C(=O)c1cc2cc(ccc2o1)C |r|,3,0.3026315789473684,3.0200781446840317,0.9991472203292728
171789496,Cc1ccc2oc(cc2c1)C(=O)N1CC[C@H](O)[C@H](CC1)N1CCOCC1 |r|,3,0.3108108108108108,1.8945553568055085,0.9988782300625553
171789564,CC(=O)N1CCN(CC1)[C@H]1CCN(CC[C@@H]1O)C(=O)c1cc2cc(ccc2o1)Cl |r|,3,0.2878787878787879,2.8096748922251784,0.9993933733205821
177405420,CN(Cc1c(nn(c1C)C)C)C(=O)NCc1cnc(c(c1)C)C,3,0.3793103448275862,2.0962392516114146,0.999589761318175
25002955,Cc1cc(no1)NC(=O)N1Cc2cc3c(cc2C2(CCCC2)C1)OCCO3,3,0.30434782608695654,2.3891291300385507,0.9993037073776639
222754320,CN(C)S(=O)(=O)CCCN1CCC(CC1)CCC(=O)N,3,0.4489795918367347,2.038858258928255,0.9974887709036381
49945934,Cc1cnn(c1)Cc1nnc(s1)-c1ccccc1,3,0.34545454545454546,1.5712631861021658,0.9992158146996447
44588358,CC(C)c1cnc(o1)COc1ccc(nc1)Br,3,0.2727272727272727,1.7957015342203413,0.9991674918556277
54864400,CN1CCN(CC1)c1ncncc1-c1nc(no1)-c1ccccc1,3,0.3333333333333333,1.6496466288267277,0.9979934063356318
31708035,Nc1ccc(cc1)CC(=O)Nc1ccccc1F,3,0.42857142857142855,1.637007635901491,0.9992114015206313
270775,Fc1ccccc1C[C@@H]1C[C@@H]2NC(=O)CCCC[C@H]2N1C(=O)c1cccc2ncccc12 |r|,3,0.32432432432432434,3.1752949469301073,0.9986825884798715
3389897,O=C(Nc1nccs1)c1c2c(nc3ccccc13)CCC2,3,0.5517241379310345,1.032879470218926,0.9997170224543833
321036,COc1ccc(c(c1C)C)CN1CCc2nc(nc(c2C1)O)-c1cccnc1,3,0.34285714285714286,1.8260679067329308,0.998989298507158
32394390,COc1ccc(cc1)CCN1C(=O)NN=C1C1CC1,3,0.3448275862068966,1.6235969327392352,0.9978629554385804
49040700,Brc1nnc(s1)N1CCC(CC1)OC1CCCC1,3,0.2545454545454545,1.827392130879411,0.9967365668522645
36682965,CC(=O)NC1(CCCCC1)C(=O)N1CCCN(CC1)c1cccnn1,3,0.4098360655737705,2.3870529948029566,0.9984705581797318
177435260,Cc1cc(c(cn1)O)C(=O)N1CCN(CC1)C(=O)C1CCC1,3,0.44,1.6102043348592767,0.998011144042782
48237764,Clc1cccc(c1)CNc1nc(no1)C1CC1,3,0.40350877192982454,1.7324961760419308,0.9988487297973315
49962786,CN(C)C(=O)c1ccnc(c1)NCc1cccc(c1)C#N,3,0.5172413793103449,1.7714762205574819,0.9983984698328485
49000996,CN(CCNC(=O)NC1CCOCC1)C1CCCC1,3,0.4444444444444444,3.1994657366504713,0.9982211212993156
27425362,Cc1cc(n(n1)-c1cccc(c1)NC(=O)c1ccc(c(c1)F)F)C,3,0.43103448275862066,1.656610394751519,0.9994856898741611
32135801,CC(C)C(=O)Nc1ccc2cnn(c2c1)C(C)C,3,0.375,0.9438506237747529,0.9996538433883282
165629,OCCN1CCC(CC1)c1ccncn1,3,0.36,1.4688042755930901,0.9989498921163846
35785818,Fc1ccc(cc1)NC(=O)c1cc(nn1-c1ccccc1)C1CC1,3,0.4909090909090909,0.9379392304415886,0.9994945885920118
32636348,Cc1ccc(cc1)C1=NC2(CCN(CC2)Cc2ccc(cc2)F)NC1=O,3,0.42105263157894735,1.9117065674418354,0.9984753470916257
27419746,O=C(NCc1nncn1-c1ccccc1)C1CCCC1,3,0.5094339622641509,1.6518886160997739,0.9988222766993072
43571967,CCc1nc(c(s1)Cn1ccnc1-c1cnc(nc1)N1CCCC1)C,3,0.3230769230769231,2.0980748318407665,0.99914074301115
53882383,CNC(=O)N1CCC2=C(C1)C(=O)N1C=C(Cl)C=CC1=N2,3,0.603448275862069,1.8046165797755955,0.999472092997054
222754562,CCCn1cnnc1CN(C)Cc1ccc(nc1)C(F)(F)F,3,0.4827586206896552,1.1367018078640967,0.9992261132843204
29569223,Cc1ccc(o1)-c1nc(cs1)C(=O)N1CCc2ccccc2C1,3,0.35526315789473684,1.7454735747069532,0.9990994244638916
44503860,CCN(CC#N)C(=O)c1nn(c2c1CCCC2)-c1ccc(cc1)F,3,0.4126984126984127,1.8791032435709165,0.9990148278409933
MCULE-3550646247,O=C(CN1CCOCC1)NC1(CCCCCC1)C#N,3,0.40384615384615385,1.7725419600112489,0.998222539313024
60180599,CC(C)(C)OC(=O)c1ccc(nc1)N1NC=C(C1=O)n1ccnn1,3,0.43283582089552236,1.941260157732552,0.9992030987533661
33324457,CC(C)(C)c1cc([nH]n1)NC(=O)c1cccc2cn[nH]c12,3,0.30303030303030304,3.3125197357903557,0.9990928556836064
276241702,CC(C)Cc1ccccc1CNCc1ccc2[nH]cnc2c1,3,0.4807692307692308,3.077343822194686,0.9963217483648793
342572,Cc1csc2c1C(=O)N1CCNCCC1=N2,3,0.3620689655172414,5.644999557129939,0.993021165093937
408502,CN(Cc1ccccc1)c1nc(nc2c1CCN(Cc1ccccc1)C2)C,3,0.6530612244897959,1.8432115993556135,0.9982020655943894
36988038,CCc1ccc(c(c1)C(=O)CSc1nncs1)CC,3,0.5918367346938775,2.0237517140203045,0.9983337187448343
50897900,CCc1nc(c(nc1NC1CCOCC1)Nc1ccc(c(c1)OC)N1CCC(CC1)N1CCN(C)CC1)C(=O)N,3,0.3225806451612903,6.479519272291432,0.9969148369908171
23971521,Cc1cccc(n1)C(=O)NCC#Cc1ccccc1,3,0.5869565217391305,1.254241603519701,0.9989023640466329
49968826,Cc1cccc(c1Cl)NC(=O)N1CCC(CC1)N1CC=CC1,3,0.5263157894736842,1.7275126627612034,0.9995738598484345
313833267,Cc1cn2nc(cc(c2n1)C)C1=CC(=O)N2C=C(C=CC2=N1)N1CCNC2(CC2)C1,3,0.35714285714285715,2.8002639161331833,0.9987107706754803
25831601,COc1ccc(cc1)N1N=C(C)/C(=C(\C)Nc2ccc(cc2)S(=O)(=O)N)C1=O,3,0.42424242424242425,1.9407725265985751,0.9989753107549872
25831603,C/C(=C/1\C(=NN(C1=O)c1ccc(cc1)F)C)Nc1ccc(cc1)S(=O)(=O)N,3,0.29577464788732394,2.2391306348673186,0.9978676146669552
32278090,COc1ccc2cc(ccc2c1)-c1[nH]c(nc1-c1ccncc1)-c1ccc(cc1)S(=O)C,3,0.4,2.213352660557995,0.9980032962983031
104707925,CC(C)n1cc(c2c(ccnc12)NS(=O)(=O)c1ccn(n1)C)-c1ccc2c(c1)N(C)CC2,3,0.25842696629213485,5.592310524281852,0.9996856417654205
177508549,Clc1cnn(c1)CCCNC(=O)CCc1cn[nH]c1,3,0.5555555555555556,2.213303413453145,0.9990876969749921
46041909,Cc1cc2cc(ccc2o1)C(=O)N(Cc1ccc2c(c1)OCO2)C1CC1,3,0.3333333333333333,1.7356163170466479,0.9989293130224497
31878068,Cc1ccc(cn1)C(=O)NCCc1csc(n1)C,3,0.4528301886792453,1.3809149141063142,0.9997478528066924
16159378,O=C(CN1C(=O)c2cccn2-c2ccccc21)NCCCN1CCCC1,3,0.47540983606557374,2.5295173452656265,0.9989824034536227
36640365,NC(=O)CN1CCC(CC1)Nc1c(cnc2cc(cc(c12)F)F)C#N,3,0.32926829268292684,2.1063795954198006,0.9984137161720359
48791655,Cn1cc(cn1)CCNC(=O)N1CCCc2c(cccc21)F,3,0.4696969696969697,1.50865602441343,0.9992134628190182
44436449,CCn1ccc2cc(ccc12)C(=O)N1CCN(C(=O)C1)c1ccc(cc1)C,3,0.47692307692307695,2.2364299676047477,0.9984876486658839
32176408,CC(=O)C1=C(C)c2cnc(nc2N(C2CCCC2)C1=O)Nc1ccc(cn1)N1CCNCC1,3,0.3402061855670103,2.7992175692501267,0.9995428309954791
49993241,CN(C1CCCCC1)c1ncnc2n(ncc12)CCO,3,0.5370370370370371,1.2228466788615142,0.9996685253421599
53808517,CCCS(=O)(=O)NC1CCN(CC1)Cc1ccc(c(c1)OC)C,3,0.5081967213114754,2.580661349344606,0.9972819951883971
44492208,CN(CC(=O)NC1CC1)C(=O)C1C2CC3CC(C2)CC1C3,3,0.3958333333333333,1.726871738144119,0.9988273615554084
49951746,Cc1cccc(n1)NCCc1cc(cc2c1OCOC2)F,3,0.4393939393939394,1.4724269082029222,0.9983512722994136
36706256,Cc1ccc(cn1)OCc1noc(n1)-c1ccsc1,3,0.2982456140350877,1.4207381884075911,0.9992957108706557
31254852,CCC(=O)N(C)c1ccccc1C(=O)O,3,0.3617021276595745,2.265086311821133,0.9946405122164342
36568125,CCCN1CCn2nc(cc2C1)-c1nc2cc(ccc2[nH]1)OC,3,0.26865671641791045,2.1646692588018372,0.9992988663817519
306432,Cc1nc2ncc3c(n2n1)CCCC3=O,3,0.6190476190476191,0.8271559707823315,0.9990368005844367
43366900,Cc1nc(c(c2ccc(cc12)Oc1ccccc1)O)C(=O)NCC(=O)O,3,0.3103448275862069,2.906220741788454,0.99735565774551
233395,Cn1ccc(n1)CN1CCC(CC1)c1cnccn1,3,0.5490196078431373,3.517143016710785,0.9995566052523711
48753166,CCc1nccn1Cc1nc(nc(n1)N(C)C)N,3,0.32,2.185724822570272,0.9990775720333761
48306804,Cc1ccc(c(n1)CN1CCC(CC1)c1nc2ccccc2o1)O,3,0.4225352112676056,2.145787268114216,0.9983423284641374
49985873,COc1ncccc1CNc1ncnc2n(ncc12)C,3,0.4098360655737705,2.2125751964622578,0.9994208637287001
46613610,CCc1cnc(nc1)NCc1ccc(cc1)CN1CCCC1,3,0.40476190476190477,2.160214572675667,0.9985410625597201
202901,Cc1nc(c2c(cc(nc2n1)C1CCN(CC1)C(=O)Cc1ccc(cc1)F)C(F)(F)F)N,3,0.37662337662337664,1.5383253882062051,0.9985085028708512
313515615,Fc1cc(c(nc1Cl)Cl)C1=CC(=O)n2nc(c(c2N1)-c1ccccc1)C(F)(F)F,3,0.225,2.913457053055179,0.9996712571611704
48755664,COc1ccc2nc(nc(c2c1)NCc1ncc(o1)C)C,3,0.4,1.7439954128387185,0.9994901613768944
31863944,CC(C)CN1C(=O)NC(=O)c2c1nc1n2CCCCC1,3,0.47058823529411764,2.626886179490627,0.9996000530603334
LN00130941,COC([C@H](Oc1nc(cc(n1)C)C)C(=O)O)(c1ccccc1)c1ccccc1 |r|,3,0.2647058823529412,4.842643699468283,0.9844518532542668
1533629,COc1ccc(c(c1)Oc1nc2c(n1C)C(=O)N(C)C(=O)N2C)C(=O)c1ccccc1,3,0.43859649122807015,2.8722644376865385,0.998733003467374
MCULE-3611790330,CCOc1cc(ccc1C(=O)O)CC(=O)N[C@@H](CC(C)C)c1ccccc1N1CCCCC1 |r|,3,0.33783783783783783,3.136977048051113,0.9969364579390646
43725006,CCCNC(=O)CSc1nc2cc(ccc2[nH]1)C,3,0.32857142857142857,2.0878740383463055,0.9991769587265701
177370206,Cc1cc(n2nc(c(c2n1)C(=O)NCCc1nnc(s1)C)C)C,3,0.3333333333333333,1.4790114942084998,0.999609039467434
48312888,CN(CCc1cnccn1)C(=O)c1cccc(c1)C,3,0.34782608695652173,2.0947348280869535,0.9991947596843616
36627798,O=C(Cc1cn2ccccc2n1)N1CCC(CC1)N1C(=O)Nc2ccccc21,3,0.4225352112676056,5.354164827496489,0.9991604552091743
45753290,Cc1nnc(o1)-c1ccccc1NCc1ccsc1,3,0.36363636363636365,1.9743669871630385,0.9994813270333476
EN300-53017,C[C@@]12C=CC(=O)C=C2CC[C@H]2[C@@H]3CC[C@](O)(C(=O)CO)[C@@]3(C)C[C@H](O)[C@@H]21 |r|,3,0.3142857142857143,2.809146133614188,0.9982865020299142
14858512,Fc1ccc(cc1)CCNc1ncccc1C#N,3,0.5531914893617021,1.8249260258979887,0.9981193745156199
42961472,Cc1ccc(cc1F)-c1noc(n1)CCC(=O)N1CCCC1(C)C,3,0.34328358208955223,2.1255806265582575,0.9990790964970903
43389174,CS(=O)(=O)CCNc1ccc2ccc(cc2n1)F,3,0.5,1.5113788406616195,0.9984619584745503
177425249,Clc1cnc(nc1)NCC1(CC1)CN1CCCC1,3,0.4222222222222222,1.9260550355584707,0.9989490633101271
5536034,Cc1ccccc1CSc1ccc(nn1)-c1ccccn1,3,0.2698412698412698,0.885714965437978,0.9995206489798601
44551318,CON(C)C(=O)c1cc(ccc1NS(=O)(=O)C)C,3,0.58,2.1349393434006023,0.997199142429313
324054153,CC1(C)Cc2cc(c(nc2O1)N1CCN(CC1)CC(F)F)NC(=O)c1cnn2cccnc12,3,0.39285714285714285,3.612238641064947,0.9990223800019853
68882212,COc1ccc(cc1-c1cccc(c1)C(=O)NCCN1CCCC1=O)Cl,3,0.4782608695652174,1.2680839877549432,0.9986418525921261
36322410,Cc1ccsc1C(=O)NCc1ccc2c(c1)OCCCO2,3,0.40350877192982454,3.623747783717949,0.9926426899744613
35741477,O=C(NCc1ccc2c(c1)OCCO2)c1sccc1C1CC1,3,0.38095238095238093,1.524206350859517,0.9990966939425403
49038326,OCC1CCN(CC1)C(=O)Nc1ccc(cc1)COC1CCCC1,3,0.3620689655172414,2.481779200492879,0.99805725458918
49130722,CCN1CCCN(CC1)C(=O)Nc1ccc(cc1)COC1CCCC1,3,0.40298507462686567,2.6077104900661943,0.9978081508551528
49916996,Cc1cc(ncc1Br)N(CCO)CCCO,3,0.23214285714285715,1.6343081104859807,0.9976004067166687
36516782,FC(F)(F)c1ccc(cc1)Nc1nc2cc(ccc2[nH]1)Oc1ccnc(c1)-c1ncc([nH]1)C(F)(F)F,4,0.24210526315789474,3.460434510289281,0.9985687663989467
31965105,Cc1csc(n1)NC(=O)CCc1ccncc1,4,0.5,1.7635333849974193,0.9993445018621435
36659962,COC(=O)N1CCCN(CC1)C(=O)C(=O)Nc1cccc(c1)C(C)C,4,0.36065573770491804,1.6408570931064055,0.9984621720314156
82702429,COc1ccc(cc1)-c1ccc(cn1)Cn1nc(cc1C)C,4,0.3220338983050847,2.109006401128235,0.9993370338523971
177470998,COc1cc(cc(c1OC)OC)-c1ccc(cn1)Cn1nc(cc1C)C,4,0.3230769230769231,2.6981293519768625,0.9981916930410748
300456235,COc1cc(c(cc1Cl)Cl)Nc1c(cnc2cc(c(cc12)OC)OCCCN1CCN(C)CC1)C#N,4,0.5522388059701493,3.8004430004935954,0.997999262089539
1557197,Cc1cccc(c1)-n1c(nnc1CNc1ccc(cc1)F)S,4,0.38095238095238093,1.9342711805746606,0.9987791357798183
315276693,COc1cc(ccc1N1CCN(C)CC1)Nc1cc(ccn1)-c1cccc(c1)C#N,4,0.38333333333333336,2.1847258409240293,0.9984656215499007
13419387,Cc1sc2nc(nc(c2c1C)N)CN1CCCC1,4,0.45614035087719296,1.803709510979614,0.9996522237178351
222755004,COC(C)(C)CCNC(=O)CC1CC(C)(C)NC(C)(C)C1,4,0.49056603773584906,2.4999823999380695,0.9985758929224017
32234428,CS(=O)c1ccc(cc1)-c1coc2ccc(cc12)-c1nnc(o1)C,4,0.3050847457627119,1.866260967817284,0.998771950869991
44527032,Fc1cc2c(cc1F)N(CCC2)C(=O)CCc1nnc(o1)-c1ccsc1,4,0.34210526315789475,1.6232122473660326,0.9982119264681839
17943398,CCN(CC)C(=O)N1CCC(CC1)C(=O)O,4,0.5806451612903226,3.8351591883520153,0.9944690075284297
300518355,Cc1nc(c2cnn(c2n1)C)N1CCNCC1,4,0.574468085106383,8.61633959405041,0.9794749617870577
35720088,CC(=O)N1CCN(CCNC(=O)N2CCc3sccc3C2)CC1,4,0.5964912280701754,2.1439232728798108,0.999059088736884
48337566,CN1CCCN(CC1)c1nc(nc2cc3c(cc12)OCO3)C(F)(F)F,4,0.2835820895522388,1.4281253446390216,0.9990141367041157
2460976,Cc1nc(c(s1)C(=O)Nc1ccc(c(c1)Cl)Cl)-c1ccccc1,4,0.45,1.523816590013104,0.9991860353537957
48974948,Cc1nc(c(s1)C(=O)Nc1ccc(cc1)Cl)-c1ccccc1,4,0.4909090909090909,1.4443337564429732,0.9995536104645677
5466232,Cc1nc(c(s1)C(=O)Nc1ccccc1)-c1ccccc1,4,0.5714285714285714,1.2617753365792037,0.9994555499921611
2461065,Nc1nc(c(s1)C(=O)Nc1ccc(c(c1)Cl)Cl)-c1ccccc1,4,0.4406779661016949,1.7360434902385695,0.9993843911320793
3110901,Cc1nc(c(s1)C(=O)Nc1ccc(c(c1)C(F)(F)F)Cl)-c1ccccc1,4,0.4090909090909091,1.5258305934801635,0.9993364726127272
31929992,CN(C(=O)CNc1cccc(c1)-c1ccnc(n1)C)c1ccccc1,4,0.5737704918032787,1.7774554846747856,0.9991728118877051
104336645,C[C@H]1CN(CCN1c1ccc(nc1)NC1=CC(=CN(C)C1=O)c1ccnc(c1CO)N1CCn2c3c(cc2C1=O)CC(C)(C)C3)C1COC1 |r|,4,0.21296296296296297,16.790030851669076,0.9700285667198373
31873876,Fc1ccccc1CN1CCN(CC1)S(=O)(=O)N1CCOCC1,4,0.5111111111111111,1.8883193585829359,0.9973241308609866
6670067,NC(=O)c1ccc(c(c1)NC(=O)c1ncoc1-c1ccc2ccccc2c1)N1CCCCC1,4,0.3466666666666667,2.4130835045638896,0.9988222766993072
11868858,CC(=O)Nc1nc(cs1)-c1c(cc(cc1C)C)C,4,0.58,1.6075506212866368,0.9989984694418248
LN01342817,C[C@H]1CC[C@@H](CC1)n1c2cnccc2c2cnc(nc12)Nc1ccc2c(n1)CCN(C2)C(=O)CO |r|,4,0.3402061855670103,3.8331425749640267,0.9987134815556705
36640884,CCOC(=O)c1ccc(nc1)N1CCSCC1,4,0.4583333333333333,1.6468670255972746,0.9986696899769893
49307701,Clc1cc2ncc(nc2cc1Cl)-n1ccnc1,4,0.3275862068965517,2.1601567072783885,0.9982966314867294
49646610,CCN(C/C=C/c1ccc(cc1)F)Cc1nc(no1)COC,4,0.2835820895522388,1.726993051520574,0.9977121125762952
171948773,Cc1ccc(cc1)OCC1(O)CCN(CC1)CC1(O)CCN(CC1)c1ccccc1C,4,0.3472222222222222,4.244367444036641,0.9994313190880206
45665715,CC(=O)N1CCC(CCNc2ccc3ccc(cc3n2)F)CC1,4,0.5,2.171506619837718,0.9983747871796059
222774264,CN(Cc1nncn1C)C1CCN(CC1)c1ccccc1F,4,0.3114754098360656,1.7800345502265298,0.9987251373121268
222773330,CCn1cnnc1CN(C)C1CCN(CC1)c1ccccc1F,4,0.34328358208955223,1.5083713070727718,0.9996202242300007
177455527,CN(C)c1cncc(n1)-c1ccc(cc1)C(=O)NC(C)(C)C,4,0.5106382978723404,1.7543300715658467,0.9989424395872316
11880948,CCN1CCN(CC1)c1ccc(cc1)Nc1ncnc2sccc12,4,0.4,2.6272091656356413,0.998458224291628
326092,Fc1cccc(c1)CCNCc1cc(cn2nnnc12)-c1ccccc1,4,0.4461538461538462,1.3424574481148672,0.9984770016221909
17400188,COc1cc(c2c(c1)S(=O)(=O)N(COC1=CC(=O)N3C=CC=C(OCCN4CCCCC4)C3=N1)C2=O)C(C)C,4,0.325,4.041633828045437,0.999011750013174
24880306,CC(C)(C)c1ccc(cc1)C(O)CN1CCC(O)(CC1)c1ccc2c(c1)OCO2,4,0.2876712328767123,2.5415473633202104,0.99805725458918
36310332,CN(CC(=O)Nc1cc(ccn1)C)C(=O)c1ccc(cc1)Cl,4,0.49056603773584906,1.693188117132991,0.9992350202059719
3615737,C1COC(C1)CNc1nc(cs1)C12CC3CC(CC(C3)C2)C1,4,0.26865671641791045,3.1931190081172813,0.9984307462853315
44114971,CSc1ccc(c(c1)C(=O)NCCN1CCC(C)CC1)C,4,0.5283018867924528,2.315438619354952,0.9969576298818342
152135,Clc1cccc(c1)-c1cccc(n1)C1CCCN(C1)S(=O)(=O)c1cn[nH]c1,4,0.5147058823529411,1.3597363715075688,0.9985982492382424
49956374,CCc1cc(n(n1)C)NS(=O)(=O)C,4,0.30434782608695654,1.8428087258315793,0.9995553246928682
45639971,O=C(COCC1CC1)N1CCCc2ncccc21,4,0.4918032786885246,1.7349870316517375,0.9991082390135128
Z1611059418,CC(C)c1nnc(o1)NCc1ccn(c1)C,4,0.5681818181818182,1.4233193598060336,0.9995323115314707
32018130,CSCc1csc(n1)NC(=O)C,4,0.3404255319148936,1.497637806681297,0.9996169790046674
36922856,Fc1ccc2c(c1)N(CCC2)CC(=O)N1CCNC1=O,4,0.6,1.7210464839742088,0.9969813240631856
44014989,CN(C)C(=O)CN(C)CC(=O)Nc1cc(ccc1Oc1ccc(cc1)C)Cl,4,0.3466666666666667,0.8527490838458716,0.9994827594956965
48286431,Cc1nc(n(n1)CC(C)(C)O)-c1ccc(c(c1)Cl)Cl,4,0.36363636363636365,1.493021433201771,0.9978957329863647
49067788,CCN(CC)CC(=O)Nc1ccc(cc1)Oc1ccc(nn1)C,4,0.45652173913043476,1.9988184009559087,0.9955381547605335
44566730,CCc1nnnn1Cc1noc2c1CCCC2,4,0.46296296296296297,1.5368675935163525,0.9986757057839579
170720716,CC(C)(C)NC(=O)NCCN1N=C2CCCCC2=CC1=O,4,0.5714285714285714,2.3132542013362607,0.9989646951714137
73044938,NC(=O)CN1CCC(CC1)COc1ccccc1C(F)(F)F,4,0.42105263157894735,2.39933782531775,0.9960129651397897
50131633,CCCC(=O)NCC(=O)Nc1cnc(nc1)N1CCN(C)CC1,4,0.3728813559322034,2.5899426634578426,0.9979318230586895
44398457,CCCC(=O)Nc1cnc(nc1)N1CCN(C)CC1,4,0.4339622641509434,1.6026758873834253,0.9981554477209331
30455849,COc1cccc(c1)OCCCn1cncc1-c1cc2c(cc1C)N(C)C(=O)N2C,4,0.2972972972972973,2.9807072986123546,0.9981019826177455
49951746,Cc1cccc(n1)NCCc1cc(cc2c1OCOC2)F,4,0.4393939393939394,1.8488372021354438,0.9982337779994136
48758418,CC#CCNc1ccc(c(c1)C)-n1cnnn1,4,0.3548387096774194,1.5307726807072224,0.9986651980875605
48670752,CN(C)c1ccc2c(c1)Sc1cc(ccc1N2)N(C)C,4,0.2777777777777778,1.627515284106483,0.9984943136867067
232847546,CCCc1cc(no1)C(=O)Nc1ccc(cc1)-c1nnc([nH]1)C,4,0.46774193548387094,1.8317144974058095,0.9993669620689096
177431642,O=C(NCC1(CCCC1)N1CCCCC1)c1cnn[nH]1,4,0.27941176470588236,2.4168535330062006,0.9989039236927045
29703212,OC(=O)c1ccc(cc1C1CCCC1)-c1c[nH]c2ncc(cc12)-c1ccccc1,4,0.3287671232876712,3.6935470756443785,0.9981738859605429
1296389,CC(=O)Nc1ccc2nc(cc(c2c1)O)C,4,0.3888888888888889,1.8575981804468915,0.9991801435591875
EN300-1590205,CC(C)(C)N1N=CC(=C(Cl)C1=O)OCc1ccc(nc1)OCCOCCO,4,0.2898550724637681,1.6420867821161578,0.9988931605170328
49825510,Nc1ccnc2ccc(cc12)Oc1ccccc1,4,0.2653061224489796,1.6822214479668682,0.9984803892871592
830565,Nc1nc2ccccc2nc1N1CCCC1,4,0.3090909090909091,1.2564167302288058,0.999321025941364
32029938,COC(=O)Nc1ccc(cc1)Oc1nc2ccccc2o1,4,0.3181818181818182,1.8077007495711261,0.9991064182608069
53808517,CCCS(=O)(=O)NC1CCN(CC1)Cc1ccc(c(c1)OC)C,4,0.5081967213114754,2.580661349344606,0.9972819951883971
2972727,Cc1nn(c(c1Oc1ccccc1O)C)CCC#N,4,0.25,1.1759770405927397,0.9989976777532834
89942016,Nc1ncc(c2ccc(nc12)-c1cccc(c1)F)C(=O)NC1CN(C1)C(=O)C1CC1,4,0.3188405797101449,1.85032321500819,0.9994657152189974
18813553,Fc1ccc(c(c1)Cl)C(=O)NCc1ccccn1,4,0.5454545454545454,1.046379950113736,0.9993697846303146
152833,CN1CCC(CC1)Cn1cc(cn1)NC(=O)C,4,0.3898305084745763,1.8409845192174814,0.9990499628926213
36366966,CCn1c(nc2cnc(cc12)Oc1cccc(c1)NC(=O)c1ccc(cc1)OCCN1CCOCC1)-c1nonc1N,4,0.3829787234042553,5.063876973229126,0.9924241426970081
209461,NC(=O)CC1CCN(CC1)c1ncccn1,4,0.5121951219512195,1.5690780732644904,0.9976514155709769
149593,CNC(=O)CC1CCN(CC1)c1ncccn1,4,0.4772727272727273,1.9241255156564345,0.9974411377180331
152649,CCCC(=O)N1CCC(CC1)c1cccc(n1)C,4,0.4745762711864407,1.6200277775396437,0.99768041484087
177453659,C1CN(CCC2(C1)CCNCC2)c1cnc2ccccc2n1,4,0.46153846153846156,1.6809357513003562,0.9991206860230967
46603974,Cc1nc(c2c(noc2n1)C)NC1(CC1)c1cccc(c1)Cl,4,0.29411764705882354,1.1491327164429566,0.9995708403791422
35682807,CN(Cc1ccsc1)C(=O)c1cc(on1)C,4,0.6444444444444445,2.4398922107340515,0.9993067423149061
49937270,CC(C)c1nnc(n1C)CNC(=O)C1(C)CCC1,4,0.42,1.413381406415257,0.999126109488454
48250662,Clc1cnccc1N1CCC(CC1)C(=O)NC1CCCCC1,4,0.5818181818181818,2.0504775053630633,0.9971665758785397
53800443,CCc1[nH]nc(c1C)NC1CCC(CC1)C(=O)OC,4,0.5510204081632653,2.327376634753961,0.9995228205492817
30708810,Cc1oc(c(c1C)C(=O)Nc1ccn(n1)C)C,4,0.39215686274509803,1.8319096593438213,0.9997336117102616
31507466,Cc1cc(no1)-c1nncc2c(c(nn12)OCc1ncnn1C)C(C)(C)C,4,0.4025974025974026,1.66925222779463,0.9996685607682464
25002833,CNC(=O)C1CCN(CC1)Cc1ncc(o1)-c1ccc(cc1)F,4,0.4426229508196721,1.428517063251179,0.9991083368895386
17107056,Clc1ccc(cc1)COc1ccc2c(c1)C(=O)N1CCCCCC1=N2,4,0.40625,1.2987320739860158,0.9986513512109094
313517655,CC(C)CC1=NN(C)C(=O)c2c(n(cc21)Cc1cccc2ccccc12)SCCCO,4,0.28205128205128205,3.7521271300424255,0.9993562397522866
299989682,CN1[C@@H]2CC[C@H]1C[C@@H](C2)OC(c1ccccc1)c1ccccc1 |r|,4,0.2653061224489796,1.485477364351611,0.998918613197208
300042043,Clc1ccccc1CNCc1ccc2c(c1)OCCO2,4,0.46938775510204084,1.849522911455857,0.9980405749809362
3140960,Clc1ccc(cc1Cl)C(=O)NN1CCOCC1,4,0.4716981132075472,2.0301950645195785,0.9989420739519085
177388619,CCc1nc(cc(n1)N1CCCC2(CCNCC2)CC1)C,4,0.31666666666666665,1.9959691881390975,0.9974307024447022
30026463,Cc1ccc(cc1C)NC(=O)CN1CCCC(C1)c1nc2ccccc2o1,4,0.44871794871794873,2.079416745147438,0.9982245834722517
30026465,FC(F)(F)Oc1ccc(cc1)NC(=O)CN1CCCC(C1)c1nc2ccccc2o1,4,0.4146341463414634,1.5911580688288347,0.9990093697207555
24022867,NC(=O)c1ccccc1NC(=O)CN1CCCC(C1)c1nc2ccccc2o1,4,0.375,2.4077917268733784,0.998659469043412
104348771,C1Cc2nnc(n2C1)CN1CCc2ccccc2C1,4,0.39655172413793105,1.1767472115960949,0.9990063654869388
89942329,Cc1c(c(nn1Cc1ccc(cc1)C#N)C(F)(F)F)NC(=O)c1cc(nc2cc(ccc12)F)C(=O)N,4,0.43037974683544306,2.5128539551673574,0.9995834971241828
300445634,CN(C)CCOc1cc(ccc1NC(=O)C1COc2ccccc2O1)-c1cn[nH]c1,4,0.27058823529411763,1.9532163218649912,0.9986871985645118
48306804,Cc1ccc(c(n1)CN1CCC(CC1)c1nc2ccccc2o1)O,4,0.3492063492063492,2.145787268114216,0.9983423284641374
141603,CC(C)CC(=O)N1CCC(CC1)(Cc1cccc(c1)-c1cncnc1)C(=O)NC(C)C,4,0.4605263157894737,2.0752009541247434,0.9985325391640146
MCULE-2124560621,CCOc1cccc(c1)CNCCc1c[nH]c2ccccc12,4,0.6470588235294118,1.3499059226480108,0.9992976862243702
42957976,Cc1cc(no1)CNc1ncc(cc1Cl)C(F)(F)F,4,0.36065573770491804,2.111517227019486,0.9995610495250548
33339330,Cc1ccc2nc(c(cc2c1)C(=O)NOCc1ccccc1)C,4,0.3939393939393939,1.3245757811464256,0.9986148951072312
29689751,O=C(NCc1cccnc1)c1sccc1-c1ccccc1,4,0.4909090909090909,1.547435620632593,0.9996247283063471
171789858,CC(=O)N1CCN(CC1)[C@H]1CCN(CC[C@@H]1O)C(=O)c1cc2cc(ccc2o1)C |r|,4,0.3,3.0200781446840317,0.9991472203292728
171789496,Cc1ccc2oc(cc2c1)C(=O)N1CC[C@H](O)[C@H](CC1)N1CCOCC1 |r|,4,0.3108108108108108,1.3438589955806342,0.9992776039434607
171789564,CC(=O)N1CCN(CC1)[C@H]1CCN(CC[C@@H]1O)C(=O)c1cc2cc(ccc2o1)Cl |r|,4,0.2835820895522388,2.8096748922251784,0.9990368260202447
35732653,CC1=CNC(=O)N1c1ccc(cc1)C(=O)Nc1ccc2ccccc2n1,4,0.5517241379310345,1.0806997732955366,0.9996606799174782
184567,CNC(=O)c1sc2ncccc2c1[C@H]1CC[C@@H](CC1)CNC(=O)CCc1ccccc1 |r|,4,0.3068181818181818,3.187569450223798,0.9976934727961878
184569,CNC(=O)c1sc2ncccc2c1[C@H]1CC[C@@H](CC1)CNC(=O)COc1ccccc1 |r|,4,0.32222222222222224,3.1894896143424853,0.9982905043109255
177167,CN1CCC(CC1)c1nc2cc(ccc2[nH]1)C,4,0.3770491803278688,3.118204290933912,0.9981260950397162
228285,CCn1nccc1-c1cc(ncn1)CC1CCNCC1,4,0.3728813559322034,2.0981603847181454,0.9990014246392218
49310649,C1Cc2c(ncn2CCc2ccccc2)CN1c1ncccn1,4,0.37037037037037035,2.208843815212121,0.9989850813811493
53927369,Cc1cn(c2ccccc12)CCN1CCN(CC1)c1ccccc1-c1cc(cc(c1)C(=O)NCCCN1CCCC1)C#N,4,0.43209876543209874,6.247497018806973,0.9960993499835741
48840184,CN(C)C(=O)c1ccnc(c1)NCc1cc(c(s1)Br)C,4,0.5818181818181818,2.449822850737926,0.9995191430865098
48671463,COc1ccc(c(c1)OCc1ccccc1)N,4,0.40425531914893614,1.6011008712756634,0.9975059764164937
49968164,CCc1cc(nc(n1)C)N(C)Cc1ccc(nc1)N,4,0.6444444444444445,1.9585535479017653,0.9982724310032294
31997330,CC1CCN(CC1)Cc1ccc(cc1)NC(=O)c1ccccn1,4,0.4426229508196721,3.1626386135630176,0.9973964065565807
36284654,Cc1c(cnn1C)C(=O)NC1CCN(CC1)CC1CCCCC1,4,0.453125,2.9863984998661066,0.9971630268343161
48631332,C1CN(Cc2nnc(o2)C2CC2)CC(C1)(c1ccccc1)c1ccccc1,4,0.32786885245901637,1.7077245093984414,0.9985790402833036
31966128,Cc1nc(cs1)CN1N=Cc2ccccc2C1=O,4,0.43103448275862066,1.1732212067633707,0.9993528088060308
42901988,CC(C)c1noc2nc(cc(c12)C(=O)N1CCN(C)C(=O)C1)C1CC1,4,0.28888888888888886,2.130171354609613,0.9991747394681855
73052466,CCOC(=O)CCN1CCC=C(Br)C1,4,0.2777777777777778,2.1717776129244215,0.9968086200068098
316762184,COc1cc2c(cc1OC)-c1[nH]nc(c1C2=O)NCc1c(cccc1Cl)Cl,4,0.328125,2.94691533641529,0.9991684590967567
222763049,CC(C)N(C)S(=O)(=O)NCCCc1nc2cc(ccc2[nH]1)Cl,4,0.35714285714285715,2.5382326528512187,0.9986109105779317
1360373,CCOC(=O)Nc1ccc2c(c1)N(C(=O)CN(CC)CC)c1ccccc1CC2,4,0.5636363636363636,2.217899907570147,0.9981649426634952
1464553,Cc1ccc(cc1)NC(=O)Cc1c[nH]c2ccccc12,4,0.38596491228070173,1.7736569566860034,0.9994322481249511
30173146,Cc1c(n(c2ccc(cc12)O)Cc1ccc(cc1)OCCN1CCCCCC1)-c1ccc(cc1)O,4,0.3968253968253968,5.7644210463843555,0.9950258875074639
89942308,COc1cc(ccc1-c1ncnc(n1)Nc1cccc(c1)C[S@@](=N)(=O)C)F |r|,4,0.3333333333333333,1.715210482710512,0.9991754702719111
31399424,Cc1cc(c(c(n1)C)NC(=O)c1cc(ccc1F)Cl)C,4,0.3709677419354839,1.20044241844446,0.9988915723637801
299988347,CN(C)C(=O)C(CCN1CCC(O)(CC1)c1ccc(cc1)Cl)(c1ccccc1)c1ccccc1,4,0.30985915492957744,4.701101360319744,0.997811899755692
43366944,CC(C)c1cc(c(cc1O)O)C(=O)N1Cc2ccc(cc2C1)CN1CCN(C)CC1,4,0.28125,3.324634115207415,0.9985482417603061
24889188,Cc1ccc2c(c1)C(=O)CC1(CCN(CC1)C(=O)c1ccc3nc(cc(c3c1)O)C)O2,4,0.3698630136986301,1.7909729199515785,0.9992048406261723
48762012,Cc1cc(n(n1)C)C(=O)Nc1nnc2n1CCCC2,4,0.5185185185185185,2.0430234947255155,0.9997089676893182
177425312,CN(CC1(CO)CCCC1)C(=O)CCN1CCCCC1=O,4,0.4528301886792453,1.9426749599457023,0.9992451922176643
177472658,CN(CC1(CO)CCC1)C(=O)CCN1CCCCC1=O,4,0.42592592592592593,1.6977393792923732,0.998288133821175
49297123,Cc1cc(c(c(n1)C)NC(=O)c1ccnc(c1)OC1CCC1)C,4,0.3384615384615385,1.586827022709327,0.9992486806148216
37817860,CC(C)(C)n1cc(cn1)CNc1cccnc1,4,0.36,1.4131790403198432,0.9993955706261268
165629,OCCN1CCC(CC1)c1ccncn1,4,0.37735849056603776,1.4688042755930901,0.9989498921163846
11883158,COC(=O)c1c([nH]c(c1C)C(=O)OCC(=O)N(C)Cc1cccs1)C,4,0.44776119402985076,2.7135349638433826,0.9997279291445004
49350315,Fc1ccc(cc1)CNc1nnc(o1)-c1ccc2c(c1)OCO2,4,0.4117647058823529,1.7653093213373219,0.9993121816183406
49156244,CCCCn1nc(nc1CNC)-c1ccc(o1)C,4,0.4032258064516129,1.505734704388684,0.999477795689934
73016554,Cc1cc(cc(n1)N1CCc2c(ncn2CCc2ccccc2)C1)C#N,4,0.391304347826087,1.6517384780888384,0.9991741587768733
11005871,CCOc1ccc(cc1)S(=O)(=O)N(CC)CC(=O)Nc1ccc2c(c1)OCO2,4,0.3918918918918919,1.3725501812321457,0.9983527440742579
49946784,Cc1ccc(nc1)CNc1ncnn1C,4,0.4888888888888889,2.3595777164568266,0.9996498133112945
23808246,Cn1nc(c2[nH]c(nc12)-c1cccc(c1)CN1CCOCC1)C1CC1,4,0.32432432432432434,1.7413799125977705,0.9993940348326678
36987134,CC1CCC(CC1)NC(=O)c1oc2ccccc2c1CS(=O)C,4,0.4067796610169492,1.8921017414505943,0.999396476233402
181767,CNCc1cc(nc(n1)C1CCCN1C(=O)C1CN(C1)Cc1ccc(cc1)Cl)N(C)C,4,0.7142857142857143,3.413806233516892,0.9981446013058599
35715808,CC(C)NC(=O)c1cc(n(n1)-c1ccccn1)-c1ccccc1,4,0.4107142857142857,1.7291821766369888,0.9995355285716614
50282202,CCS(=O)(=O)N1CCN(CC1)c1ccc(cc1)Nc1ncc(c(n1)NC1CC1)C(=O)N,4,0.32608695652173914,2.9750016806716433,0.9962404147707107
30697446,CC(C)(C)C(=O)N1CCC(CC1)NS(=O)(=O)C,4,0.44,1.7981198514003078,0.9986347315209729
30658737,CN(Cc1cccc(c1)C#N)c1cnc2ccccc2n1,4,0.4716981132075472,2.2157908294782827,0.996810279948983
49945424,CCc1cnccc1C(=O)Nc1cnccn1,4,0.39215686274509803,1.8250271230857862,0.9995867914896126
24879320,OC1(CCN(CCNC(=O)c2cccc(c2)F)CC1)c1cccc(c1)F,4,0.3787878787878788,1.79147090403371,0.9975008288007114
6809286,O=C(NCc1ccccc1)c1ccc(cc1)NS(=O)(=O)c1ccc(cc1)C1CCCCC1,4,0.3698630136986301,3.396649231227762,0.9954063970918694
49972816,CN(CC(=O)Nc1cccc(n1)C)c1ncccc1F,4,0.4098360655737705,1.9725354242695023,0.9992871833930781
44392699,Cc1[nH]nc2c1C1(CCCCC1)CC(=O)N2,4,0.25,2.2281981509725832,0.9988522513908249
Z1411035575,Cc1ccc(c(c1)N(Cc1nccn1C(F)F)C#N)F,4,0.27941176470588236,1.429279888615226,0.9980165458218798
44508995,CN(C)S(=O)(=O)CCCN1CCc2ccccc2CC1,4,0.4489795918367347,2.2129182090624075,0.9980005529491439
35731142,CCOC1CCN(CC1)C(=O)CN1C(=O)Nc2ccccc21,4,0.5862068965517241,1.5302039079807244,0.9991044484750017
49176076,Nc1cncc(c1)-c1ccc(cc1)CN1CCCCC1,4,0.5526315789473685,3.1547210653240354,0.9941788838520185
36673851,CCNC(=O)N1CCC(CC1)c1nc(no1)-c1ccccc1,4,0.45098039215686275,1.0365654827363677,0.9991940795567738
53839672,CN(C)c1nccc(n1)N1CCN(CCCCCF)CC1,4,0.375,2.0231678131087416,0.9966374749919792
43141052,N#Cc1ccccc1-c1ccc(o1)-c1nccn1-c1cccnc1,4,0.2857142857142857,1.6043855521665746,0.9994245795404706
784983,OC(=O)c1cc(ccc1O)/N=N/c1ccc(cc1)S(=O)(=O)Nc1ccccn1,4,0.273972602739726,2.7083408205030985,0.9986328219916198
93428812,CCS(=O)(=O)Nc1ccc(c(c1)C1=CN(C)C(=O)c2[nH]ccc21)Oc1ccc(cc1F)F,4,0.26582278481012656,2.6081873015562573,0.999054290048361
35743833,CNC(=O)c1ccc(cc1)CN(C)c1c(cc(cc1F)C#N)F,4,0.375,1.4434569616028887,0.9954013970893465
271693,Cn1cncc1-c1ncccc1C(=O)N1CCCC1,4,0.3442622950819672,1.31310852559839,0.9994316777373222
32176418,CCCS(=O)(=O)Nc1ccc(c(c1F)C(=O)c1c[nH]c2ncc(cc12)-c1ccc(cc1)Cl)F,4,0.27710843373493976,2.3943725691708093,0.9992370212735388
42885549,CC1(CCOCC1)c1nnc(o1)-c1cc(n[nH]1)-c1ccccc1,4,0.2807017543859649,1.640090546280863,0.998964102470521
210343,Cc1nc(cc(n1)C1CN(C1)c1ncccn1)Nc1nccs1,4,0.358974358974359,2.007238650484926,0.9995422764419356
35785818,Fc1ccc(cc1)NC(=O)c1cc(nn1-c1ccccc1)C1CC1,4,0.4909090909090909,0.9379392304415886,0.9994945885920118
18877730,OC(=O)c1cc(cc(c1NC(=O)CSc1nccn1C1CC1)Cl)Cl,4,0.28378378378378377,2.8596162329934156,0.9991004162524699
48312888,CN(CCc1cnccn1)C(=O)c1cccc(c1)C,4,0.34782608695652173,2.0947348280869535,0.9991947596843616
232877422,CC(=O)N1CCC(CC1)CNc1nccc2cccnc12,4,0.4339622641509434,1.8652825523227516,0.9990175962833773
232884320,CN1CCC(CC1)CNc1nccc2cccnc12,4,0.3333333333333333,2.4699101198220634,0.9991769587265701
43366900,Cc1nc(c(c2ccc(cc12)Oc1ccccc1)O)C(=O)NCC(=O)O,4,0.3,2.906220741788454,0.99735565774551
177454167,CCOCCC(=O)N1CCC2(CCCN(C)CC2)CC1,4,0.34545454545454546,1.8628894223757837,0.9982569024763118
36849731,Cc1ccnc(n1)NCc1cccnc1,4,0.4883720930232558,1.7656035795160738,0.9994744299488922
49951580,CN(C)CC(=O)Nc1nc(ns1)-c1sccc1C,4,0.3225806451612903,1.7873572670284656,0.9991051738305449
MCULE-6181763916,Cc1noc(n1)OCC(=O)N1CCCCCC1,4,0.3888888888888889,2.1048800440881186,0.9949773370715614
48421225,CN1C(=O)N(C)c2cc(ccc21)CN1CCC(CC1)c1ccc(cn1)Cc1ccccc1F,4,0.3384615384615385,4.335016378285382,0.9975094277177061
31603444,O=C(CCn1cncn1)N(CC#Cc1ccccc1)C1CCCC1,4,0.2857142857142857,2.26560654130419,0.997915024868653
222077,CC1(CCN(CC1)Cc1ccco1)c1ccn[nH]1,4,0.3333333333333333,1.4705583973436702,0.9997503171766247
43278877,Cc1c(cccc1NC(=O)CN1[C@H](Cc2ccccc2)C[C@]2(C)NC(=O)CCC[C@H]12)F |r|,4,0.2875,3.3700195845127423,0.9989923549745245
43280049,Cc1ccc(cc1F)NC(=O)CN1[C@H](Cc2ccccc2)C[C@]2(C)NC(=O)CCC[C@H]12 |r|,4,0.3116883116883117,2.9595078982827854,0.9990971945050192
36931863,COc1ccc2c(c1)CN(CC2)C(=O)c1cc([nH]n1)C1CC1,4,0.352112676056338,1.8920052854047407,0.9989767794189368
33339849,CCCN1C(=O)N(Cc2ccc(cc2F)C#N)c2ccccc21,4,0.45614035087719296,1.7915345377637502,0.9983440561699986
49939748,N#Cc1ccc(o1)CNc1cnc2ccccc2c1,4,0.3448275862068966,1.6379945054842961,0.9993993668062511
14097435,CN(C)C(=O)c1ccc(c(c1)NS(=O)(=O)C)C,4,0.44680851063829785,1.9195014977853102,0.9979990232482939
MCULE-2007854892,Cc1cc(nc(n1)N1Cc2ccccc2C1=N)C,4,0.26153846153846155,1.9406692144722884,0.9991002125177078
32394390,COc1ccc(cc1)CCN1C(=O)NN=C1C1CC1,4,0.3389830508474576,2.282119847860685,0.9978629554385804
29780390,CC(C)Cc1sc(nc1-c1ccc(o1)P(=O)(O)O)N,4,0.30357142857142855,2.9882802746731114,0.9976995055020933
314860,CCN1C(=Nc2ccccc2C1=O)CN1CCCCCC1,4,0.4,0.8775032763467435,0.9994873381030772
31901754,Cc1ccc2nc(c(cc2c1)C(=O)N1CCC(CC1)C(=O)Nc1ccncc1)C,4,0.42028985507246375,1.7114102372021707,0.9988211554930682
16692987,COc1ccc(c(c1)OC)C(=O)Nc1ccc2oc(nc2c1)C,4,0.4444444444444444,1.2428354677908637,0.9990587193872134
218757,Cn1cc(cn1)CN1CCCC(C1)c1ccnc(c1)Nc1cnccn1,4,0.4025974025974026,3.2784348399813377,0.9989360763478303
50359676,CC1=NN(CCOc2ccc(c(c2)F)Cl)C(=O)C=C1,4,0.6078431372549019,1.147878913474807,0.9984866526207781
49297145,CN(C(=O)c1cncc(c1)F)c1cccc2ncccc12,4,0.35,1.189772247112737,0.9996539303215164
36322410,Cc1ccsc1C(=O)NCc1ccc2c(c1)OCCCO2,4,0.40350877192982454,3.623747783717949,0.9925757563894712
35741477,O=C(NCc1ccc2c(c1)OCCO2)c1sccc1C1CC1,4,0.43636363636363634,1.524206350859517,0.9990966939425403
43245209,OC(=O)c1n(nc2ccccc12)Cc1ccccc1,4,0.3958333333333333,1.6948713815514127,0.9987873520453932
48745068,CN(CCc1ccncc1)c1ncccc1C#N,4,0.34,0.8701189573846726,0.9990930445160042
36440866,CC(=O)N1CCC(CC1)Cn1ccnc1-c1cc2ccccc2s1,4,0.47692307692307695,1.72672088074439,0.9990994244638916
31406035,CN1CCNc2nc3ccccc3nc21,4,0.3469387755102041,1.8647584293954318,0.9979100017943995
43488186,Cc1ccc2[nH]c(nc2c1)C1CN(C1)C(=O)Cc1cccc2ccccc12,4,0.35135135135135137,1.4113263265453597,0.9986854283256982
82713457,O=C(CN1N=C(Cc2ccccc2)c2ccccc2C1=O)NCCc1c[nH]cn1,4,0.59375,6.493598694098666,0.9932576895211233
31845178,CC(C)(C)c1ccc(cc1)CN1CCC(CC1)C(=O)N,4,0.4489795918367347,1.996616888639445,0.999101913317087
8049874,C(Oc1ccccc1)c1nc2cc3ccccc3cc2[nH]1,4,0.3275862068965517,1.3104667107564238,0.9993472512557859
50282148,CS(=O)(=O)c1ccc(nc1)-c1nnc(n1-c1ccccc1Cl)/C=C/c1nnc(o1)-c1ccc(cc1)C#N,4,0.2727272727272727,3.461923164947928,0.9985446938266845
42942714,CN(C)c1cc(nc(n1)-n1cnc(n1)C#N)C,4,0.45652173913043476,2.490138751154054,0.9981301531855367
1590696,CC(C)(C)c1ccc(cc1)C(=O)Nc1ccc(cc1)C(=O)Nc1ccccc1,4,0.46938775510204084,2.823804348746528,0.9977112893549461
49953992,CN1CCc2ccc(cc21)C(=O)NCCC(=O)Nc1cccnc1,4,0.373134328358209,2.9879268732684587,0.9997208495711862
29683420,CN1CC(=O)N(CCCC(=O)Nc2cccc(c2)C#Cc2cccs2)C1=O,4,0.42424242424242425,3.2290772675796418,0.9976336212706528
50136169,CC(=O)Nc1ccc(cc1)C(=O)N1CCc2ncncc2C1,4,0.3492063492063492,1.5374456087938704,0.9988790647771982
2047138,CC(=O)Nc1cccc(c1)OC(=O)N1CCOCC1,4,0.5192307692307693,1.4340742658589307,0.99839469196962
48831256,Cc1nn(cc1CNc1nc(nc2sc3c(c12)CCCC3)-c1cnccn1)C,4,0.4931506849315068,5.540457201350789,0.9996182068548248
53802705,COc1cccc(n1)CN(C)c1cc(ncn1)N1CCCC1,4,0.3142857142857143,1.5793163077741441,0.998946491211418
177386071,CC(C)C(=O)N1CCn2nc(cc2C1)CNC1CCc2ccccc2CC1,4,0.47692307692307695,2.9959320753317225,0.9989756396505204
177400083,FC(F)(F)c1cccc2c1N=CN(C1CCCC1)C2=O,4,0.32142857142857145,1.5696799036747335,0.9982755307382065
222751297,FC(F)Oc1ccc(cc1)S(=O)(=O)NCc1n[nH]c2c1CCCCC2,4,0.30434782608695654,1.7578648981084564,0.9990628805156136
1527294,COc1ccc(c(c1)OC)CNc1ncc(n1C)-c1ccc2c(c1)OCO2,4,0.48484848484848486,2.4064987014332724,0.9990215624092763
232887379,COCC1(CCC1)CNC(=O)c1cc(cnc1O)Cl,4,0.45161290322580644,1.6462827825138933,0.9983353932139394
207921,Cc1nc(cc(n1)C1CCN(CC1)c1cnccn1)O,4,0.45098039215686275,1.7057458779076706,0.9994710687673605
294504,CC(C)(C)NC(=O)CN1N=C(OC1=O)C(c1ccccc1)c1ccccc1,4,0.3220338983050847,2.56895893310879,0.9983920334093793
4851238,OC(=O)c1csc(n1)Cc1ccc(cc1)Cl,4,0.3541666666666667,2.308052642380723,0.9992131744730498
45751322,CN(CCc1ccccn1)C(=O)Nc1nncs1,4,0.4,1.0660881764648453,0.9996116004516807
177444466,Cc1c[nH]c(n1)C(=O)NCC1(CCCC1)N1CCCCC1,4,0.4032258064516129,2.1176038345258585,0.998665915182988
23671374,Cc1ccc(s1)C(=O)Nc1ncccc1C,4,0.41818181818181815,1.3813497022835257,0.9995138844931928
205729538,O=C(Nc1ccccc1)N1CCCc2cnc(nc21)N1CCOCC1,4,0.515625,1.5390724479368367,0.9987291388292129
278832,O=C(C(c1ccccc1)c1ccccc1)N1CCOCC(C1)Cc1ccc2cnccc2c1,4,0.43037974683544306,1.8533855508228863,0.9987469170595354
48761324,COCC1CCN(CC1)c1noc(n1)-c1cccs1,4,0.3898305084745763,1.594594619331356,0.9989625103925308
365482,CC(C)C(=O)NC[C@H]1CC[C@@H](CC1)c1nn(cc1-c1cc(no1)C)C |r|,4,0.3387096774193548,2.0733726148483904,0.999006319910086
36647090,COc1ccccc1NC(=O)CN1CCCN(CC1)c1nc(cs1)C,4,0.44871794871794873,2.276920068864723,0.9987158686522922
31923278,Cc1cc2ccccc2n1CC(=O)N1CCc2ccc(cc2C1)O,4,0.4,1.473622746838703,0.9991167018842748
318302594,O=C(NC[C@@H]1CCN(C1)c1ccccc1)N1CCc2ccccc2C1 |r|,4,0.38333333333333336,2.523795158090409,0.9990882515429439
31507610,Cn1cc(cn1)-c1ccc2nnc(n2n1)C(F)(F)c1ccc2ncccc2c1,4,0.33783783783783783,3.517780692424749,0.9992458230737714
295413823,CC[C@H]1N(c2ccn(n2)C)c2nc(ncc2N(C)C1=O)-n1ccnc1-c1ccc(cc1)F |r|,4,0.2911392405063291,1.9547918047726502,0.9992813838694578
36914406,CC1(C)CN(CCO1)C(=O)c1cncc(c1)Br,4,0.4838709677419355,1.3105392020082618,0.9981959235549964
877481,Clc1ccc2c(c1)CCc1cccnc1C2=C1CCNCC1,4,0.27586206896551724,2.1911807319343555,0.9986617682725221
10645209,Cc1cn(cn1)-c1cc(cc(c1)C(F)(F)F)NC(=O)c1ccc(c(c1)Nc1nccc(n1)-c1cccnc1)C,4,0.3333333333333333,2.1689972337466217,0.9993217266990405
49068002,CC(C)(C)CCCNC(=O)N1CCN(CC1)Cc1ccon1,4,0.6071428571428571,1.9333137355328578,0.9987498819555403
139135,CN(C)C(=O)C1(CCN(CC1)C(=O)c1cnn(c1)C)Cc1ccccc1-c1ccccc1,4,0.5909090909090909,3.0523661313805808,0.9977611766650456
139133,CN(C)C(=O)C1(CCN(CC1)C(=O)c1ccc(s1)C)Cc1ccccc1-c1ccccc1,4,0.5757575757575758,3.4781125628711216,0.9993404405216961
45676719,Cc1ccc(cc1)-n1nc(c2c1CCCC2)C(=O)N1CC(O)C1,4,0.4126984126984127,1.8986355627131595,0.9982369313210837
177450733,COCCc1noc(n1)CN(C)C(=O)c1ccc2c(c1)CCC2,4,0.3888888888888889,2.043924166890969,0.9984922145391705
48934153,CN(CCOc1ccccc1)CC(=O)NCCc1ccccc1,4,0.5272727272727272,1.5874945669198457,0.998078978767736
49292072,CN(C1CCCCCCC1)C(=O)COc1cc(on1)C,4,0.3793103448275862,1.5588838956125504,0.9989525596667304
43429664,CC(N1CCCC(C1)c1nc2ccccc2o1)C(=O)Nc1ccccc1,4,0.4264705882352941,2.050051950560897,0.9991237641420551
30026467,CC(N1CCCC(C1)c1nc2ccccc2o1)C(=O)Nc1ccc(cc1)C(=O)N,4,0.35526315789473684,2.4668528533338345,0.9985154121208579
31845870,O=C(NCC#C)c1ccc2c(c1)OCO2,4,0.44,1.5704738138532592,0.9992752421951941
1527366,CN(C)CCN(Cc1ccccc1)Cc1ccccc1O,4,0.375,1.3939408165340978,0.9989339426168484
29586826,CC(C)C(=O)Nc1ncc(s1)-c1ccccc1,4,0.37735849056603776,0.7995967733801976,0.9997624000173924
49134782,OCCOc1ccccc1OCc1ncc(cc1Cl)Cl,4,0.2909090909090909,1.3439107113197333,0.9986925068738066
43251541,CN(C1CCC1)C(=O)c1cc(nc2ccnn12)C,4,0.5490196078431373,1.1367018078640967,0.999530055240072
36447805,N#Cc1cccc(n1)-c1ccc2[nH]ccc2c1,4,0.359375,1.8379752446654936,0.9988905690276682
181759,CNCc1cc(nc(n1)C1CCCN1C(=O)COc1ccccc1OC)NC,4,0.5833333333333334,2.586158927830872,0.9991933382588876
46091137,OCc1ccc(cc1)Cn1cc(nn1)-c1cc(ccc1-n1cccn1)F,4,0.323943661971831,1.7577858231308576,0.9994950801716797
171975111,CC(=O)NC[C@H]1C[C@]2(C)[C@@H](CCCC[C@]2(C)O)N1CC1(O)CCCC1 |r|,4,0.3103448275862069,3.895424367126004,0.9984011597180408
171974149,CC(=O)NC[C@H]1C[C@]2(C)[C@@H](CCCC[C@]2(C)O)N1CC1(O)CCOCC1 |r|,4,0.2857142857142857,4.191109399669675,0.9985459019614
49942184,C(Nc1nnc(o1)-c1ccncc1)c1cncs1,4,0.6304347826086957,2.153744181652344,0.9992381313935178
25587599,COc1cccc(c1)-c1nc(n[nH]1)-c1cccnc1,4,0.35185185185185186,1.6711681543163028,0.9995976030236975
35739549,COc1ccc(cc1-n1ccc(n1)C(=O)NC(C)C)C,4,0.6101694915254238,1.2220695561216475,0.99931709327379
313520210,C[C@@H](N1CC(C1)Oc1ccccc1)C1=NC(=O)c2cnn(c2N1)C1CCOCC1 |r|,4,0.3902439024390244,3.171184794362858,0.9983986976716213
222760164,CN(C)C(=O)c1cncc(n1)N(C)CCN(C)C1CCCC1,4,0.5,2.1242478668932603,0.9988828596436043
901943,CCC1=C(C)CN(C(=O)NCCc2ccc(cc2)S(=O)(=O)NC(=O)N[C@H]2CC[C@H](C)CC2)C1=O |r|,4,0.47368421052631576,3.6680173118458073,0.9971981055287533
50347915,Cn1c(nnc1C1CC1)SCOCc1ccccc1,4,0.49019607843137253,1.4444427991444366,0.9978187096903476
6892467,COc1cc(cc(c1OCc1ccc(cc1)Cl)Br)CNc1nnn[nH]1,4,0.3333333333333333,2.567909655731745,0.9953367486989997
49160264,CN(C)c1ccc(nn1)-c1ccc(cc1)COCc1cccs1,4,0.23333333333333334,1.935658802578525,0.9979945861227916
35762297,Cc1nnc(c(c1C)C#N)NCC(=O)N1CCc2sccc2C1,4,0.39473684210526316,1.2017250101427817,0.999709950001144
2059266,CCN(CC)C(=O)c1ccc(cc1)NC(=O)C,4,0.48717948717948717,1.7631962454589236,0.9986401451218414
45659871,O=C1C=C(CN2CCCCc3ccccc32)Nc2ccnn21,4,0.4444444444444444,2.3369274699908997,0.9994367546700424
44466308,Cn1ncnc1COc1nn2c(nnc2cc1C1CCC1)-c1c(cccc1F)F,4,0.5068493150684932,0.46638503406330434,0.9999079553722799
902055,CCC[C@@H]1C[C@H](N(C)C1)C(=O)N[C@H]([C@@H](C)O)[C@H]1O[C@H](SC)[C@H](O)[C@@H](O)[C@@H]1O |r|,4,0.17567567567567569,6.149239871723675,0.9987675887784189
32433398,Clc1cccc(c1)N1C(=O)NN=C1CCCN1CCOCC1,4,0.45161290322580644,2.0792008080029794,0.997569368410258
30455813,COc1cccc(c1)OCCCn1cncc1-c1cc2c(cc1OC)OCCCO2,4,0.3026315789473684,2.013869658145664,0.9976973470030148
35721780,CN1CCCN(CC1)C(=O)NCCOc1ccc2c(c1)OCO2,4,0.4264705882352941,2.2205753758877744,0.9988979576378327
425680,Cc1cc(on1)-c1cnn(c1C1CC1)CCNC(=O)c1sc(nc1C)C,4,0.328125,2.2651673227383964,0.9995421597242113
24472719,Cc1noc(c1CCC(=O)Nc1cccnc1)C,4,0.5535714285714286,1.0901940194290625,0.9997307997394409
50612278,CCOc1cc(ncn1)N(C)CC1CCN(C)CC1,4,0.375,1.6651033000991258,0.9980725796912507
315272596,Nc1ncc(cc1C(F)(F)F)-c1cc(n(n1)CC1CC1)C1C2CN(CC21)C1COC1,4,0.20652173913043478,3.463847571704127,0.9983700307890188
295412827,C1Cn2nccc2CN1Cc1ccccc1,4,0.38,1.556838784203514,0.9987283394041908
30016064,Cc1nn(c2ncc(cc12)C(=O)Nc1ccc2c(c1)CCO2)C,4,0.46875,1.6124248819712892,0.9996627109229
13448534,Fc1ccc(cc1)CN1CCCN(CC1)c1ccc2nnnn2n1,4,0.3220338983050847,1.8868333259724994,0.9978340164285517
37000875,Cc1nn(c(c1C(=O)O)C)Cc1cccc(c1)Br,4,0.38461538461538464,2.9764934066785345,0.9981884846876985
323968411,CC(O)(C#Cc1ccc2c(c1)N(CC2)c1nc(ncc1Cl)N)c1nccs1,4,0.2079207920792079,4.5316560990436985,0.9993199263906306
49383448,CN1CCN(CC1)S(=O)(=O)c1ccc(cc1)-c1cnc(c(n1)C(=O)Nc1cccnc1)N,4,0.32432432432432434,4.19782884358056,0.9943700505243478
43241226,Cn1nc(c2cccnc12)C1CCNCC1,4,0.32727272727272727,1.8586559660140356,0.9990400372026182
49082955,O=C(OCC1CCSCC1)c1cccc(n1)-n1cccn1,4,0.40625,1.1786191072607881,0.9992473300785694
226819,CN1CCC(C1)Cc1cccc(n1)-c1nccs1,4,0.4032258064516129,2.3123066405648856,0.9993348399081828
49946976,Cc1nc(n(n1)C)NCc1ccc(c(c1)Cl)F,4,0.44,1.9965104557702447,0.9990546277998371
49947026,Cc1nc(n(n1)C)NCc1ccc(cc1)F,4,0.5,2.1403530082675397,0.9990490370135597
49146795,Cn1cc(cc1-c1nc(nn1CCc1ccccc1)C1CC1)C#N,4,0.36507936507936506,1.6731090819189895,0.9989530281273332
82709477,CCc1cc(nc(n1)N1CCOCC1)-c1ccc(c2nc(ccc12)C)OC,4,0.3283582089552239,1.9910858846368258,0.9978890288680288
82713843,CCc1cc(nc(n1)N1CCOCC1)-c1ccc(c2ncccc12)OC,4,0.30434782608695654,2.6089124170812177,0.9974412440863148
44588358,CC(C)c1cnc(o1)COc1ccc(nc1)Br,4,0.288135593220339,1.8597717601901895,0.9998110552943036
31416534,OCc1cnnn1-c1cncc(n1)Cl,4,0.19047619047619047,4.747473117354258,0.9974019643774067
31356688,O=C(CCN1N=Nc2ccccc2C1=O)Nc1ccncc1,4,0.44642857142857145,1.2859117388066506,0.9991844673125075
Z1373904915,CN1CCN(C(=O)c2cc(cnc2Cl)Br)c2cnccc21,4,0.3188405797101449,1.7361609948391434,0.9994160959865765
32278227,CC(C)c1cc(c(c(c1)C(C)C)CC(=O)NS(=O)(=O)Oc1c(cccc1C(C)C)C(C)C)C(C)C,4,0.28125,4.6485875274108945,0.9981392833257058
178528031,CC(=O)N1CCc2ccc(cc21)N(C1CCN(CCC2CCCC2)CC1)C(=O)/C=C/c1cccc(c1)C#N,4,0.26744186046511625,6.218513166344624,0.995156640305702
1195337,Nc1ccc2[nH]c(nc2c1)CCc1ccccc1,4,0.425531914893617,2.3856483395504213,0.9985676225418987
49055842,Cc1nnc2ccc(nn12)N1CCC2(CCCCC2)C1,4,0.37735849056603776,1.6650003003003553,0.999295317057505
552358,CN(C)CCNc1c2c(c(c3nc4ccccc4n13)C#N)CCCC2,4,0.28169014084507044,2.860142653784735,0.9991360254098411
13458787,CC(C)C(=O)Nc1ccc(cc1)-c1nc(sc1C)-c1ccccn1,4,0.42424242424242425,2.224982471841358,0.99889749722794
20650033,Fc1ccccc1-c1noc(n1)-c1ccc(nc1)NCCc1cnccn1,4,0.30666666666666664,2.5143404701832366,0.9988840553991868
171948518,Cc1ccc(c(c1)OC[C@@]1(O)CN(CC[C@@H]1O)C1CCC1)Cl |r|,4,0.3888888888888889,2.828444272033633,0.9977791429596886
316272522,Cc1ccc(c(c1)OC[C@@]1(O)CN(CC[C@@H]1O)C1CCCC1)Cl |r|,4,0.3888888888888889,1.5480300384682029,0.9986910531753271
316271501,CCC(CC)N1CC[C@H](O)[C@@](O)(COc2cc(ccc2Cl)C)C1 |r|,4,0.3835616438356164,2.5536922289107817,0.9987382126826662
43583679,O=C1CCCc2c1[nH]c1cc(ccc21)-n1ccnc1-c1ccncc1,4,0.28,1.599523991692683,0.9997737814961118
300417634,N#Cc1cccc(c1)CNCc1ccccn1,4,0.42857142857142855,1.8432872809195984,0.9986834055556597
36944203,Cc1cc(ccc1NC(=O)c1c(oc(c1C)C)C)Oc1ncccn1,4,0.3559322033898305,1.738243653807033,0.9991710312504686
232900428,COCC(=O)Nc1ccc(cc1)NC(=O)Cc1cc(ccc1C)C,4,0.5,2.3087232402348357,0.9985661317144703
24034759,CCc1nnc([nH]1)Sc1nc2cc(nn2c2ccccc12)C,4,0.5818181818181818,1.7581976566922133,0.9996105237921467
300014701,CC(C)CC(NC(=O)C(O)C(N)Cc1ccccc1)C(=O)O,4,0.27692307692307694,2.12744259617067,0.9990500365101074
49095542,CC(C)CCN1CCC(CC1)CNC(=O)C1CC=CC1,4,0.5217391304347826,2.4787525088237037,0.9970691531771088
36966070,CC1(CCOCC1)c1nnc(o1)-c1ccc2c(c1)OCCO2,4,0.5454545454545454,1.9163256508221596,0.9974504932611414
73050408,CN(Cc1ccc(cc1C)Br)C(=O)CO,4,0.36,1.520714963430044,0.9955699944902164
316789943,NC1CC(NC(=O)c2ccc(cn2)-c2cn[nH]c2)C21CCC2,4,0.38235294117647056,2.540541084099749,0.9991908274525215
55628764,Cc1cccnc1CN1CCC(O)(CC1)c1ccccc1,4,0.44642857142857145,1.161146846871602,0.9991280980501815
49090047,FC(F)Cn1ccc(n1)NC(=O)NC1CCN(CC1)C1CCCC1,4,0.48333333333333334,3.5902700455545475,0.9985578697150709
23998591,Cc1ccsc1C(=O)Nc1nc2ccccc2s1,4,0.42,1.2737381991597398,0.9996207812917709
1533629,COc1ccc(c(c1)Oc1nc2c(n1C)C(=O)N(C)C(=O)N2C)C(=O)c1ccccc1,4,0.43859649122807015,2.8619046105693124,0.998733003467374
16744002,CCONC(=O)c1cncn1-c1ccc(cc1)F,4,0.58,2.0886780508252842,0.9983750615674444
1487936,N#Cc1cc2c(nc1SCc1cccnc1)CCCCCC2,4,0.3492063492063492,1.7801727444268676,0.998028793688155
31364239,O=C(CC1CCCC1)NCc1nnc2n1CCC2,4,0.41935483870967744,0.8908074988458574,0.9995616258529915
53744945,OC(=O)c1cnn(c1)-c1nc2cc(c(cc2[nH]1)OC(F)(F)F)Cl,4,0.22784810126582278,4.597916049690788,0.9962487796382089
2873705,Cc1ccccc1-n1nc(cc1N)C(C)(C)C,4,0.4090909090909091,1.6897517569160043,0.9990914156636966
301693590,CN(C1CCNC1)C(=O)c1cc(ccc1F)N1CCNC1=O,4,0.47761194029850745,1.8435256982203032,0.9993550093750272
301817626,CN(C1CCC(N)CC1)C(=O)c1cc(ccc1F)N1CCNC1=O,4,0.5,1.9970485722685578,0.9992112772675678
351738,COc1cc2cc(c(nc2cc1OC)C1CCN(CC1)C(=O)C(C)(C)C)N,4,0.3918918918918919,2.0557689558899592,0.9990600090859043
36516873,COc1cccc(c1)Nc1c(cnc2c(cc(cc12)S(=O)(=O)c1cccc(c1)C(=O)N(C)C)C)C(=O)N,4,0.33766233766233766,1.6225261168924219,0.9991037073764121
24873612,COc1ccc(cc1)-c1ccc(cc1)CN(CCN1CCOCC1)Cc1cccnc1,4,0.6333333333333333,2.7195939035083976,0.9989245044359387
316900455,Cn1cc(c(n1)C1CCCCC1)NC(=O)c1cnn2cccnc12,4,0.4675324675324675,2.7158792314834126,0.9992968611421889
177361869,CN(C)c1nc(ncc1C)NCC1(CO)CCCC1,4,0.43859649122807015,2.044967236901602,0.9980865123276307
31600959,Cc1nc2ncccn2c1C(=O)N(CC#Cc1ccccc1)C1CCCC1,4,0.31645569620253167,2.564786345877609,0.9976820523695451
49935002,CN(C)C(=O)CNC(C)(C)c1ncc(s1)C,4,0.29310344827586204,1.32581559803785,0.9996352838562576
306342,O=C1Oc2nc3cc4c(cc3cc2CN1CCN1CCOCC1)OCO4,4,0.3,1.871069213043617,0.9986861504882453
306388,O=C1Oc2nc3cc4c(cc3cc2CN1CCN1CCOCC1)OCCO4,4,0.3,1.713839840825228,0.9977752188627835
23728018,Cc1ccc(cn1)C(=O)NCC#Cc1ccccc1,4,0.5869565217391305,1.2642479978232093,0.9988993174692419
32157229,Fc1ccc(c2c(ccnc12)NCc1ccc(nc1)N1CCOCC1)F,4,0.2972972972972973,1.649096722451653,0.9991217139787187
13656111,COCCNC(=O)C1=NN=C2N(CCN2c2ccccc2)C1=O,4,0.3561643835616438,2.096988316611128,0.9994682399035895
1422270,Clc1ccc(cc1)CC(=O)NCc1ccncc1,4,0.39622641509433965,1.7114134509229562,0.9996667334328797
232872526,Cc1cc(cnc1C)C(=O)NCC1CCN(CC1)c1ccc2ccccc2n1,4,0.40298507462686567,2.1322178594130996,0.999619445744008
49008924,CN(CC1CCC1)C(=O)C1CCN(CC1)c1ccc2nncn2n1,4,0.546875,1.6640441700865358,0.998789523324171
15274760,Fc1ccccc1NC(=O)CN1CCSC1=O,4,0.42857142857142855,1.5778187475121426,0.9994651532582004
53804145,CCC1=CC(=O)NC(=N1)SCCN1CCCCC1,4,0.509090909090909,2.126071964915469,0.9986987461449064
49028063,Cc1nnc2ccc(nn12)NCCOC1CCCCCC1,4,0.3548387096774194,1.2225473405969267,0.9992332751281832
43104263,CCc1ccc2nc(cc(c2c1)C(=O)N1CC(C1)c1cccnc1)C,4,0.30666666666666664,1.8224738681253212,0.9984310911300466
14858512,Fc1ccc(cc1)CCNc1ncccc1C#N,4,0.5531914893617021,1.8249260258979887,0.9981193745156199
11826916,Nc1nc2c3ccccc3oc2c2ccccc12,4,0.34,1.7813020518713079,0.9994175281902355
36264533,O=C(NCCc1cn2c(n1)CCCC2)c1ccccn1,4,0.5245901639344263,2.3873185794942464,0.9991995879024337
36925778,O=C(N1CCN(CC1)c1ncccn1)c1noc2c1CCCC2,4,0.4423076923076923,1.7114490936050124,0.998758878451437
49829589,NC(=O)CCCSc1nc(nc(n1)-c1c(cc2c3c(cccc13)COC2)Cl)N,4,0.22988505747126436,2.1112176581301427,0.9980986578504657
35709702,CNC(=O)Cn1ccc2cc(ccc12)OC,4,0.421875,1.7778880729672522,0.9995555863545204
315782,Cc1nc2cc(nn2c(c1C)NCc1cccnc1)-c1nccn1C,4,0.6166666666666667,3.922156294694422,0.9991404768998432
30448845,CC1(C)Cc2cc(ccc2O1)CN1CCC2(CC1)NC(=O)N(Cc1ccccc1)C2=O,4,0.34782608695652173,3.613292266064477,0.9976166491657485
48955399,CC(C)c1ccc(cc1)CN1CCN(CC1)C(=O)C1CCN(CC1)C(=O)C1CC1,4,0.4482758620689655,4.183721668562799,0.9969967984658991
43958394,COc1ccc(cc1)CN1CCN(CC1)C(=O)C1CCN(CC1)C(=O)C1CC1,4,0.5555555555555556,1.608726204175029,0.9992955863491503
2258851,O=C(NCCc1ccccc1)c1cnccn1,4,0.3958333333333333,1.4174766312009024,0.9993288702776768
18822495,O=C(CCN1C(=O)CCC1=O)Nc1cccc2ncccc12,4,0.43103448275862066,1.8586417083459088,0.999605533861982
32135801,CC(C)C(=O)Nc1ccc2cnn(c2c1)C(C)C,4,0.375,0.9438506237747529,0.9996538433883282
73050302,C1CCN(C1)c1cc(ncn1)NCc1ccccc1N1CCOCC1,4,0.3333333333333333,2.739405592459765,0.9986699218798014
9879245,COc1ccc(c(c1)OC)NC(=O)c1snnc1C,4,0.37254901960784315,1.9526960849045123,0.9994928441856217
33360977,O=C(CN1CCc2ccccc21)N1CCC(CC1)C(=O)Nc1nccs1,4,0.4925373134328358,1.9912819991144792,0.999459741067385
42949037,Cn1cc(cn1)NC(=O)c1cn(nn1)Cc1ccccc1,4,0.48148148148148145,2.614868447934179,0.9993345177254598
48953611,CN1CCN(CC1)c1ccc(cc1)NC(=O)c1ccc(cc1)S(=O)(=O)N1CCCc2ccccc21,4,0.3835616438356164,3.4277129401392243,0.9953953548121252
267985,Cc1nccc(n1)C1(C)CCN(CC1)CC(=O)N,4,0.3448275862068966,1.530761248529746,0.9972203093547122
48597409,CN(C)c1ncn(n1)-c1cccc(c1)N,4,0.29411764705882354,1.76254390016257,0.9991005738678898
276241702,CC(C)Cc1ccccc1CNCc1ccc2[nH]cnc2c1,4,0.4807692307692308,3.077343822194686,0.9963217483648793
44507857,CCCc1cc(n2ncnc2n1)N1CCc2c(nc(n2C)C2CC2)C1,4,0.2987012987012987,2.3354068168094835,0.999050871003959
36356108,CCCc1cc(n2ncnc2n1)N1CCc2c(nc(n2C)C(C)C)C1,4,0.45588235294117646,2.4085553761536778,0.9990515771466862
46026615,FC(F)(F)c1nccc(n1)NCCSc1nc2ccccc2o1,4,0.3050847457627119,1.2486981220454823,0.999609039467434
36332254,CN(CCN1CCCC1)C(=O)c1sc2nc(nc(c2c1C)C)C,4,0.5344827586206896,1.9530611869577374,0.9988324310468398
24093551,Cc1cccc(n1)NC(=O)c1ccccc1-c1ccccc1,4,0.5333333333333333,1.1715784224711494,0.9988267468698384
49863827,Nc1ncnc2n(nc(c12)-c1ccc(cc1)Oc1ccccc1)[C@@H]1CCCNC1 |r|,4,0.463768115942029,3.565015427736669,0.9991322727180721
31847933,COc1ccc(cc1F)CN(C)C(=O)Nc1ccccc1,4,0.5084745762711864,1.5416270625541495,0.9989273829849514
2171363,COc1ccc(cc1)S(=O)(=O)N1CCC(CC1)N1CCC(C)CC1,4,0.3333333333333333,2.2616734954451863,0.9975444652591958
31407175,COc1cc(c(cc1CNC(C)(C)C)OC)OC,4,0.32727272727272727,2.309601913750524,0.9965207560955214
31232131,Cn1nc(c2ccc(cc12)Br)N,4,0.2682926829268293,1.9090390252692495,0.9985488752731293
31326902,Cc1cc(ccc1NC(=O)c1cccc2cccnc12)F,4,0.48,1.6360134473775798,0.9993678722004882
177360703,CN1C(=O)C=C(N(C)C1=O)C(=O)N1CCN(CCc2ccccc2)C(=O)C1,4,0.5517241379310345,2.1023023093739033,0.997973358734036
48752652,COc1cc(ncn1)NC(=O)c1ccc(cc1C)F,4,0.3125,2.011545674350957,0.9990321284848697
49971700,Cc1cccc(n1)NCCc1cn2c(n1)CCCC2,4,0.5344827586206896,2.17617347654082,0.9993845983073143
177469670,CN(Cc1c(noc1C)C)C(=O)NCCc1nc(cc(n1)C(F)(F)F)C,4,0.609375,1.62910466207698,0.9992995675916052
44582746,OC1CCN(CC1)C(=O)CCCc1cc(sc1Cl)Cl,4,0.37037037037037035,1.9260550355584707,0.9991286111501856
49950940,CN1CCC(CC1)CNC(=O)c1ncoc1-c1ccc(cc1)F,4,0.4032258064516129,1.3525353969492457,0.9994348841127713
32161047,C1CN(CCC1c1nc(n[nH]1)-c1ccccc1)c1cnc2ccccc2n1,4,0.4107142857142857,1.5679470654327443,0.9988434402731634
48234480,C1CN(CCC1c1nc(n[nH]1)-c1ccccc1)c1ccccn1,4,0.3484848484848485,1.7105426039714433,0.9994700569438255
13529886,FC(F)(F)c1ccc(nc1)N1CCCN(CC1)C1CC(=O)N(C1=O)c1ccccc1,4,0.5,1.9739037463871003,0.9985155756730982
48316168,Cn1cc(cn1)CCNc1cncc(c1)Br,4,0.3492063492063492,1.4310688313280895,0.9995603819566383
49383509,CCC(=O)Nc1cccc(c1)Oc1nc(ncc1Cl)Nc1ccc(cc1OC)N1CCN(C)CC1,4,0.4772727272727273,2.646220134455549,0.9975465477279577
35695446,Clc1ccc(nc1)NC(=O)C1(CC1)c1cccc(c1)Cl,4,0.34328358208955223,1.0838948288462276,0.9989197352518663
44134429,COc1cc2c(cc1OC)C(=O)NC(=N2)CN1CCC(CO)CC1,4,0.5084745762711864,1.9450287915607707,0.9991476872137499
181210453,CCN(Cc1ccccc1)C(=O)c1cccnc1N,4,0.5319148936170213,1.7286862063428594,0.9982344123693174
44811754,Cc1c[nH]c2nccc(c12)Oc1c(cc(cc1F)Nc1cc(nc(n1)N)Cl)F,4,0.2571428571428571,6.057797289443872,0.9995412528513842
290047753,CC(C)N(C)S(=O)(=O)N1CCC(CC1)CNC(=O)CCCn1cccn1,4,0.32,2.4108286956979033,0.9963906331996064
348408,CC1=NN(CC2(O)CCN(CC2)Cc2cccs2)C(=O)C=C1,4,0.34328358208955223,1.727234205310881,0.9995507325439288
25831601,COc1ccc(cc1)N1N=C(C)/C(=C(\C)Nc2ccc(cc2)S(=O)(=O)N)C1=O,4,0.42424242424242425,1.9223540256673575,0.9989753107549872
25831603,C/C(=C/1\C(=NN(C1=O)c1ccc(cc1)F)C)Nc1ccc(cc1)S(=O)(=O)N,4,0.29577464788732394,1.9699360395708736,0.9984662465750567
48758078,CCc1nnc(c(c1CC)C#N)N1CC(C1)N(C)C,4,0.5102040816326531,1.4644589444570528,0.9984096995222617
33362309,COc1ccc(cc1)-c1csc2ncnc(c12)Oc1ccc(nc1)C,4,0.5,1.534609070740397,0.9994609114015064
1527152,Cn1c(ncc1-c1ccccc1)NCc1ccccc1,4,0.45614035087719296,1.5480242246166276,0.999163779963454
1527130,COc1cccc(c1)CNc1ncc(n1C)-c1ccccc1,4,0.3880597014925373,1.1239043553612418,0.999239271160823
181831,CNCc1cc(nc(n1)C1CCCN1C(=O)c1ccccc1-c1ccccc1)N(C)C,4,0.640625,2.717219902768374,0.9991308148835747
32069322,Cc1noc2ncc(cc12)C(=O)Nc1nc(cs1)C1CC1,4,0.38571428571428573,1.6457156498015848,0.9997833445682469
189882719,Clc1ccc(cc1)/C=C/C(=O)N1CCC2(CC1)CN(Cc1ccc(c(c1)Cl)Cl)C(=O)O2,4,0.3287671232876712,1.1458538301199699,0.9991382879317677
44550372,CC1CN(CC(O1)c1ccccc1)C(=O)c1cccnc1N1CCOCC1,4,0.4696969696969697,2.6176288888991825,0.9984499208643596
11480248,Cc1nc(nc2n(cnc12)-c1ccc(cc1)F)Nc1ccc(cc1)F,4,0.375,2.3126430766549477,0.999203268482977
300095105,Cc1cncc(c1)CN1CCC(=C2c3ccc(cc3CCc3cccnc32)Cl)CC1,4,0.27380952380952384,1.6876957664219543,0.9994272000295282
36951097,C1CN(CCN(C1)c1nc(ns1)-c1ccccc1)c1nccs1,4,0.46551724137931033,1.9763997571345449,0.9984410095828716
49968826,Cc1cccc(c1Cl)NC(=O)N1CCC(CC1)N1CC=CC1,4,0.5263157894736842,1.7275126627612034,0.9995738598484345
49964732,Cc1nc(n(n1)C)NCC(C)(C)c1ccccc1,4,0.4166666666666667,1.6683899424295943,0.9990080292064256
318732407,CC(C)[C@H]1CC[C@H](CC1)NC(=O)c1cnn2c(cc(nc12)C)C |r|,4,0.5,2.402161942916837,0.9985186137001273
1249615,Cc1cc(n2ncc(c2n1)C(=O)NC1CCCCC1)C,4,0.5087719298245614,1.8166089287462759,0.9991612677268733
73014754,CNc1nc(cc(n1)C(=O)Nc1ccc2[nH]ncc2c1)C,4,0.4262295081967213,3.5483715983532402,0.9990036867538408
177401551,COc1ccccc1-n1cc(cn1)CNC(=O)N(C)Cc1c(nn(c1C)C)C,4,0.5454545454545454,1.5476016929429601,0.9994665894967509
24024401,O=C(Nn1cnc2ccccc12)c1c2c(nc3ccccc13)CCC2,4,0.5517241379310345,1.6788644972133715,0.9997301059165338
53749740,Clc1ccc(cn1)CSc1nc(c[nH]1)-c1ccccc1,4,0.4423076923076923,1.3386186910395343,0.9995246264071512
177303970,Fc1c(cccc1OC1CC1)CN1CCC(CC1)c1nnc2ccccn12,4,0.546875,1.9117507682747306,0.9987806395771758
82719175,CN(C)c1ccc(nn1)-c1ccc(cc1)C(=O)NCCN1CCCC1=O,4,0.4383561643835616,2.188817260531182,0.9964685073602874
43571967,CCc1nc(c(s1)Cn1ccnc1-c1cnc(nc1)N1CCCC1)C,4,0.3230769230769231,2.0980748318407665,0.99914074301115
49947006,Cc1nc(n(n1)C)NCc1sccc1C,4,0.6190476190476191,2.275190541471009,0.9995819694189144
320312,CCc1cc(nc(n1)C1CCN(CC1)C(=O)C1CC1)N1CCOCC1,4,0.373134328358209,2.140344131208692,0.9984617505743781
36355642,CC(=O)N1CCN(CC1)C(=O)c1ccc(cc1F)-c1ccc(cc1)F,4,0.4375,1.4006252175367742,0.9983688605445746
177444153,Cn1cc(cn1)-c1cccc2c(cccc12)C(=O)N,4,0.35185185185185186,1.8314439658368618,0.9993403618817532
49325135,CN(C(=O)c1cc(nc(c1)O)C)c1nc2ccccc2s1,4,0.30357142857142855,1.6557412237423452,0.9992926963012277
320383153,CC(C)(C)Nc1cc(c2ncc(n2n1)-c1ccc(cc1)C(=O)NC1CC1)NCC1CCOCC1,4,0.3125,3.531927660640938,0.9988186567631382
49667242,COc1cc(ccc1F)CN1CCC(CC1)c1ccnc(n1)C,4,0.5263157894736842,1.867194151661875,0.9967372913587049
30693076,O=C(NC1CC1)c1cccnc1Oc1ccccc1,4,0.5555555555555556,1.4076427103495008,0.9995851762744512
Z224124934,Cc1nn(c2sc(cc12)C(=O)N1CCC(CC1)(C(=O)O)c1ccccc1)C,4,0.391304347826087,5.7636150114316145,0.9951187086567196
4758327,O=C(NCCNC(=O)c1cc(nc2ccccc12)-c1ccccc1)c1ccco1,4,0.38333333333333336,1.9835311946122447,0.9990198487178331
5965122,CCC(=O)NCCNC(=O)c1cc(nc2ccccc12)-c1ccccc1,4,0.41818181818181815,1.822813210398055,0.9986179157789047
36675429,Cc1cccc(n1)C(=O)N1CCCN(CC1)CC(=O)NCC#C,4,0.4142857142857143,1.6732268226393334,0.9991448639807395
195793,Cc1cccc(n1)Nc1ccc(nc1)C1CCN(CC1)C(=O)c1cc2cc(ccc2n1C)F,4,0.391304347826087,3.8656911413099158,0.9989892909466631
2937124,CCOC(=S)SCC(=O)Nc1nc(cs1)-c1ccc(cc1)C1CCCCC1,4,0.391304347826087,2.6077104900661943,0.9964774935214195
3330721,CSCC(=O)Nc1nc(cs1)-c1ccc(cc1)C1CCCCC1,4,0.45,3.006161173324034,0.9978081508551528
89942288,CC1(C)OCCn2c1nc1c(nc(nc21)-c1cnc(nc1)N)N1CCOCC1,4,0.2289156626506024,2.893354108988582,0.9990116629439403
49083449,CCN1CCN(c2ccccc21)S(=O)(=O)c1c[nH]c(n1)C(C)C,4,0.5714285714285714,2.8473540348893995,0.9988843111598352
49976216,CNC(=O)Cc1nc(cs1)-c1cncc(c1)C,4,0.4423076923076923,1.7340781412608013,0.9994298553512416
49992227,Cn1cc(cn1)C1CCN(CC1)CC(=O)N1CCc2sccc2C1,4,0.515625,3.058433749486763,0.9981595387643857
197945,Cc1cc(cc(n1)C1CCCN(C1)CC(=O)Nc1ncc(s1)C)Nc1ccccn1,4,0.6052631578947368,2.777127832851922,0.9993844047720887
11009421,COc1ccc(cc1)CNC(=O)c1nnn(c1N)-c1ccc(cc1)OC,4,0.43548387096774194,2.315121379107241,0.9985287380364489
49084025,O=C(NCC1CCC2(CC1)OCCO2)c1[nH]nc2c1CCCC2,4,0.543859649122807,1.8304922835127517,0.9994552965171901
32431408,COc1ccc(cc1-c1cccnc1O)C,4,0.3877551020408163,2.064745989219992,0.9982254955887482
31323694,Cc1nnc(c2ccccc12)NCc1cccnc1,4,0.40384615384615385,0.950395180965027,0.9994977894567323
49933864,CN(C)C(=O)OCCN1CCC(CC1)c1c[nH]c2ncccc12,4,0.5,2.3771032792036135,0.9990381912298274
32436924,CCc1oc2c(cccc2c1C)-n1cnnc1,4,0.25,1.6756115301582017,0.9994880882537313
49151417,COCCc1nc(n(n1)CCO)-c1ccccc1-c1ccccc1,4,0.4032258064516129,1.9382520475934133,0.9983806533206435
49946970,Cc1nc(n(n1)C)NCc1cn(nc1-c1cccs1)C,4,0.4528301886792453,1.685944838955895,0.9996216184756569
50897890,Cc1c(ccc2n(c(cc12)C#N)Cc1cn[nH]c1)CN1CCC(CC1)Nc1ncnc2sc(cc12)CC(F)(F)F,4,0.42105263157894735,7.874810219935602,0.9982388053159775
50897886,Cc1c(ccc2[nH]c(cc12)C#N)CN1CCC(CC1)Nc1ncnc2sc(cc12)CC(F)(F)F,4,0.4588235294117647,5.614127625909294,0.9992592148622622
36325996,Clc1snnc1CN1CCCN(CC1)c1nc2ccccc2[nH]1,4,0.5737704918032787,1.8298857887860762,0.9989520451025096
306440,Cc1nc2ncc3c(n2n1)CC(C)(C)CC3=O,4,0.6190476190476191,1.2548258843360387,0.998546726572171
30063049,CC1Cc2cc(ccc2N1C(=O)C)S(=O)(=O)Nc1cccc(c1)-c1cnco1,4,0.38271604938271603,1.2728935540739865,0.9993603614832332
300962268,Fc1ccc(cc1Cl)-n1cc(nn1)/C=C/c1ccnnc1,4,0.24242424242424243,1.8927474739120371,0.99746637307334
313091037,OC(=O)C1CN(C1)Cc1ccc(cc1)OCc1ccc(c(c1)Cl)Cl,4,0.3442622950819672,2.9607770939401257,0.9890986588704229
49963976,CCCNC(=O)C1(CCCCC1)NCc1cncnc1,4,0.5882352941176471,2.141787571165844,0.9984936379831051
50550848,COC1=CN(N=C(C1=O)c1ccnn1-c1ccccc1)c1ccc(cc1F)-n1cccn1,4,0.2916666666666667,2.330289252431665,0.998718239786846
46613610,CCc1cnc(nc1)NCc1ccc(cc1)CN1CCCC1,4,0.40476190476190477,2.5208690961650513,0.9985410625597201
35733771,COc1ccc2nc(ccc2c1)NCc1cnn(c1)C,4,0.43859649122807015,2.119346833341875,0.998961219188254
75983310,CC(C)c1nc2c(n1C)CCN(C2)C(=O)c1cccc(c1F)C(F)(F)F,4,0.38235294117647056,2.1594263127043427,0.9983244814153585
140075,CC(C)(C)C(=O)N1CCC(CC1)(Cc1ccc(cc1)-c1cccs1)C(=O)N1CCCC1,4,0.32857142857142857,5.4810979739466745,0.9968755874029183
25616683,CNc1nc(ncc1F)-c1cc(cc(c1)OC)OC,4,0.32608695652173914,2.0003484696420863,0.9966254426812935
16760340,Fc1ccc(cc1C(=O)Nn1cnc2ccccc12)Cl,4,0.31746031746031744,2.355644285540449,0.9994353071968473
232862626,CC(=O)NCCCC(=O)Nc1ccc(cc1)Oc1ccccc1Cl,4,0.3620689655172414,1.8823485330831287,0.9986436858233616
31619881,CC(C)c1cc(no1)CN(C)Cc1c[nH]nc1-c1ccc(cc1)F,4,0.4032258064516129,2.001582124220124,0.9994992719471606
46036273,Cn1nc(c2c(cccc12)Cl)-c1cn(nn1)Cc1ccc(cc1)CO,4,0.28169014084507044,1.386702203070672,0.9990781168841393
35705370,Cc1nccc(n1)-c1cccc(c1)NCC(=O)N1CCCCCCC1,4,0.5737704918032787,2.127860427753578,0.9975339011487628
32077202,Cc1nccc(n1)-c1cccc(c1)NCC(=O)NCC(=O)N1CCCC1,4,0.5873015873015873,1.9647391684394335,0.9990913628023875
49354187,FC(F)(F)CN1CCC(CC1)N1CCS(=O)(=O)CC1,4,0.20588235294117646,2.146356913469723,0.9985456689453713
146921,CN(C)C(=O)c1ccc(nc1N)C1CCN(CC1)C(=O)CCc1nc2cc(c(cc2[nH]1)C)C,4,0.4605263157894737,3.613643452251475,0.9978566286964394
300481375,Fc1cc(ccc1CNCc1ccccn1)Br,4,0.4074074074074074,1.2879041113374932,0.9993722572759075
73032016,CC(C)CNc1nnc(s1)SCc1ccncc1,4,0.38461538461538464,1.2633249779847395,0.9990665830579
31836142,Cc1ccc(o1)C(=O)Nc1ccccc1-c1ccccc1,4,0.46808510638297873,1.1970392641845304,0.9995889053552538
38477365,Cc1ccc(c(n1)-n1cc(cn1)Cl)CN,4,0.2631578947368421,2.471906753904926,0.9995403116594993
43267241,O=C(CN1CCCC(C1)c1ccc2cn[nH]c2n1)N1CCCC1,4,0.6,1.9596458863782105,0.998655682699146
48613628,COc1ccccc1C(=O)NCc1nc(cc(n1)N1CCCCC1)C,4,0.3717948717948718,2.36005826199256,0.9978196536850212
48613632,Cc1cc(nc(n1)CNC(=O)c1ccccc1Cl)N1CCCCC1,4,0.36363636363636365,2.3465568392861527,0.9974370338338083
3593598,Clc1ccccc1-c1ccc(o1)C(=O)N1CCN(CC1)C(=O)c1ccccc1,4,0.38461538461538464,2.293254892069466,0.9992983237630141
44563083,COC(=O)N1CCCN(CC1)C(=O)c1ccc(o1)-c1ccccc1Cl,4,0.3492063492063492,1.3118338309404924,0.999400905634829
25618066,Cc1csc(n1)NC(=O)c1ccc(cc1)-c1ccncc1,4,0.3877551020408163,2.2376127904537504,0.9990174196032167
420214,CCCn1ncc(c1C)CN1CCC(CC1)c1cc2cccnc2[nH]1,4,0.4050632911392405,4.152808447305035,0.9989446397370275
177445050,OC1(CCN(CC1)C(=O)c1ccc(cc1)-c1ccncc1)CN1CCCC1,4,0.3770491803278688,2.413103396044032,0.9983740235068997
45753290,Cc1nnc(o1)-c1ccccc1NCc1ccsc1,4,0.36363636363636365,1.6788493083065779,0.9994813270333474
46620326,CCc1nc(cs1)CN1C(=O)COc2ccc(cc21)F,5,0.3150684931506849,1.8901349158195175,0.9994483095761326
181831,CNCc1cc(nc(n1)C1CCCN1C(=O)c1ccccc1-c1ccccc1)N(C)C,5,0.640625,2.482750289497466,0.9991308148835747
27425362,Cc1cc(n(n1)-c1cccc(c1)NC(=O)c1ccc(c(c1)F)F)C,5,0.43103448275862066,1.8018668097281696,0.9994856898741611
43216036,CCS(=O)(=O)N1CC(CC#N)(C1)n1cc(cn1)-c1ncnc2[nH]ccc12,5,0.29411764705882354,2.7728786486245554,0.9988247724416736
16744002,CCONC(=O)c1cncn1-c1ccc(cc1)F,5,0.58,1.353120098142984,0.9991899455166764
31844110,O=C(CN1CCc2ccccc21)N1CCNC1=O,5,0.6,1.6571771178719437,0.9996144182891864
31362621,COc1ccc2nc(ccc2c1)C(=O)Nc1cnc2n(ncc2c1)C(C)C,5,0.4626865671641791,1.2606482459434354,0.9995891732447686
30400370,Oc1cc(c2sc(nc2n1)SCC(=O)c1ccc(cc1)-c1ccccc1)O,5,0.3225806451612903,3.032106033765905,0.9934180793203325
49955148,Cc1cc(c(c(c1)C)CC(=O)N1CC(CO)C1)C,5,0.296875,2.1638151492214854,0.9987207367901628
49339585,OC(=O)c1ccc(cc1)CCC(=O)N1CCc2c(cc(cc2C1)F)F,5,0.3968253968253968,3.574443732946392,0.9942552875045519
36981448,CN(C(=O)COC1CCCC1)c1cccc(n1)C,5,0.3793103448275862,1.5188235578894056,0.9984031571031775
33368543,OC(=O)c1cnc(s1)/C=C/c1csc(n1)-c1ccsc1,5,0.5254237288135594,4.352459304806513,0.9977949822157022
200967,CN(C)c1ncc(c(n1)C1CCCCN1C(=O)c1scnc1C)-c1cccc(c1)Cl,5,0.6282051282051282,2.369094763828585,0.998909059268944
49964732,Cc1nc(n(n1)C)NCC(C)(C)c1ccccc1,5,0.44680851063829785,1.6683899424295943,0.9990080292064256
32149349,O=C(N1CCCCC1)c1cccc(c1)CNc1ccc2nccnc2n1,5,0.34285714285714286,1.9216547556726589,0.998438851682264
73006343,Cc1noc2ncnc(c12)N1CCCN(CC1)C(=O)C1CC1,5,0.421875,1.6604448199200414,0.9990236945395625
6666291,COc1cccc(c1)N1CCN(CC1)c1nc(cc(c1C#N)C)C,5,0.46153846153846156,1.4006252175367742,0.9993715570872045
15283106,COc1ccc(cc1)NC(=O)C(C)N1CCCN(CC1)c1ccc(cn1)C(F)(F)F,5,0.5441176470588235,1.4855557882488757,0.9989408959528677
32234428,CS(=O)c1ccc(cc1)-c1coc2ccc(cc12)-c1nnc(o1)C,5,0.30434782608695654,1.866260967817284,0.998771950869991
36303318,CN(CC#N)C(=O)c1cccc(c1)CN1CCCC1,5,0.4393939393939394,2.1248359936710406,0.9978529542072583
48210000,CCN1CCC(CC1)Nc1ncnc2n(ncc12)C,5,0.5882352941176471,1.9082033434619776,0.9995421681600418
50283346,CC1(C)CC[C@@]2(CC[C@]3(C)[C@@H]([C@@H]2C1)C(=O)C=C1[C@@]3(C)CC[C@H]2C(C)(C)C(=O)C(=C[C@@]21C)C#N)NC(=O)C(C)(F)F |r|,5,0.18947368421052632,11.57306415777598,0.9983863832963698
42964208,N#Cc1ccc(cc1)CN1CC(C1)n1cccn1,5,0.41818181818181815,1.4830161833237834,0.9957194611796136
31412719,CCCc1noc2nc(cc(c12)C(=O)O)-c1ccncc1,5,0.40350877192982454,4.307481979068446,0.9986470644478629
222761855,CN(Cc1cnc2ccccc2n1)S(=O)(=O)N1CCCC1,5,0.38181818181818183,2.020849078976269,0.9992857937370682
222761300,CN(Cc1cnc2ccccc2n1)S(=O)(=O)N1CCCCCC1,5,0.375,1.695038937605924,0.9984805724345038
48224722,C1CN(CCO1)Cc1nc(c2c(csc2n1)-c1cccs1)N1CCc2[nH]ncc2C1,5,0.5633802816901409,4.427275911889403,0.9989305255511849
35693197,O=C(CNc1ccc(cc1)C(=O)N1CCCC1)N1CCCCC1,5,0.47058823529411764,1.9342652351735703,0.9989205296325429
43366900,Cc1nc(c(c2ccc(cc12)Oc1ccccc1)O)C(=O)NCC(=O)O,5,0.3103448275862069,2.906220741788454,0.9967341569403718
49925834,CC(C)c1nccn1Cc1nc2ccccc2[nH]1,5,0.3548387096774194,2.7232781716163013,0.999456340321318
95699457,Oc1cc(ccc1/C=C/1\SC(=NC1=O)N1CCCCN1)F,5,0.47619047619047616,1.4882966774133137,0.9989756967795347
31873876,Fc1ccccc1CN1CCN(CC1)S(=O)(=O)N1CCOCC1,5,0.5111111111111111,1.8883193585829359,0.9952164785189401
48763678,C1CC(CCO1)Nc1nnc(s1)Cc1ccccc1,5,0.46,1.868153901582726,0.9989504220612673
49336815,Cc1ncn(c1C)Cc1noc(n1)-c1ccccc1O,5,0.31343283582089554,4.528079394180314,0.9933945710049289
41560058,CCC1(O)CN(C1)c1ncccc1C#N,5,0.52,1.3721180707211478,0.998605651376002
37022061,COc1cc(c(cc1OC)NCC(=O)Nc1ccc(cc1)C)F,5,0.3559322033898305,1.5588890274814657,0.9987675887784189
97290253,CCCS(=O)(=O)c1nc(cc(n1)-c1ccc2n(ccc2c1)C1CC(C)(C)NC(C)(C)C1)NC1CC1,5,0.22988505747126436,4.171950143517826,0.999011750013174
32136137,COc1ccc(c(c1)-c1cc(no1)C(=O)N1CCCN(CC1)C(=O)C)OC,5,0.4166666666666667,2.2687348897566415,0.9991450299232354
49939748,N#Cc1ccc(o1)CNc1cnc2ccccc2c1,5,0.2982456140350877,1.6379945054842961,0.9993993668062511
EN300-53017,C[C@@]12C=CC(=O)C=C2CC[C@H]2[C@@H]3CC[C@](O)(C(=O)CO)[C@@]3(C)C[C@H](O)[C@@H]21 |r|,5,0.3142857142857143,2.809146133614188,0.9982865020299142
49913437,CS(=O)(=O)NCCN1CCc2c(cc(cc2C1)Cl)Cl,5,0.26865671641791045,1.8633263267610463,0.9982295710303337
32441961,COc1ccc(c(c1)-c1nnc(o1)N)Br,5,0.3404255319148936,2.6990626150572474,0.9966972773175687
232838707,COCC(=O)Nc1ccc(cc1)NC(=O)Cc1ccc(cc1)C(F)(F)F,5,0.39215686274509803,1.52615300674595,0.9979213303028165
24069164,FC(F)Oc1ccccc1NC(=O)CN1CCOC(C1)c1ccc(cc1)F,5,0.4307692307692308,6.108052471942274,0.9817661655491208
45763784,Cc1cc(no1)NC(=O)C1CCN(CC1)c1ccncc1Cl,5,0.5818181818181818,2.4797491808652277,0.9985189085375789
49165262,CCCn1ccnc1CNc1nc2n(nc(c2s1)C)C,5,0.2833333333333333,1.599523991692683,0.9995914323489828
29577392,O=C(NCc1ncc(o1)-c1ccccc1)C1CCCCC1,5,0.44642857142857145,1.6301800514055582,0.9986834055556597
49956558,CCS(=O)(=O)N(C)c1ccc(cc1)N(C)C,5,0.2857142857142857,1.1723659838122171,0.9969375449377399
46016546,CC(C)[C@@H]1N(C)c2ccc(cc2C[C@@H](CO)NC1=O)NC(=O)/C=C/C=C/c1ccc(cc1)C(F)(F)F |r|,5,0.25252525252525254,4.247343522720973,0.9954063970918694
49973650,CCCC1=NN(CCCN2CCCCC2)C(=O)O1,5,0.3157894736842105,1.9948654089939573,0.9983932629889066
49961090,COCC1=NN(CCCN2CCCCC2)C(=O)O1,5,0.2909090909090909,2.6551941548594975,0.9988279483982286
30435883,Cn1cnnc1-c1cccc(c1)NS(=O)(=O)c1cc2c(cc1Cl)OCCO2,5,0.5072463768115942,1.809076560016174,0.9988568938999849
30020911,Cn1cnnc1-c1cccc(c1)NS(=O)(=O)c1ccc2c(c1)OCCCO2,5,0.6,2.071150163556449,0.9986551675248563
30724831,CC(C)c1onc(c1C(=O)Nc1ccccn1)C,5,0.4098360655737705,1.029248269368447,0.9997591271539555
152135,Clc1cccc(c1)-c1cccc(n1)C1CCCN(C1)S(=O)(=O)c1cn[nH]c1,5,0.5147058823529411,1.3597363715075688,0.9991442980482153
36356154,COc1ccnc(n1)N1CC(C1)n1nc(cc1C)C,5,0.46153846153846156,2.665977681826829,0.9957428654944167
31397498,O=C(Nc1ccccc1-n1ccnc1)c1cccs1,5,0.6122448979591837,2.4948228394020213,0.9993281548926978
708404,Cc1nsc(c1C#N)Nc1ccccc1,5,0.3191489361702128,1.497637806681297,0.9997457993165455
29627143,Nc1ccc(c(c1)Cl)C(=O)N1CCOCC1,5,0.32142857142857145,1.1975604368880879,0.9986401372681224
68918136,CCOCCNC(=O)c1cccc(c1)-c1cc(ccc1OC)F,5,0.4782608695652174,1.7583301737728156,0.9987868786011089
485897,OC(=O)CCn1c2ccccc2c2ccccc12,5,0.40476190476190477,3.959944696583638,0.9949991862895365
3030747,CCC(C)(C)c1ccc(cc1)Oc1ccc(cc1)NC(=O)CSc1cccc[n+]1[O-],5,0.3142857142857143,3.4193250796026464,0.9929485044606492
29954871,C(CN1CCN(CC1)c1ncccn1)Oc1ccccc1,5,0.4883720930232558,1.1290974271513834,0.9983043395032383
31356688,O=C(CCN1N=Nc2ccccc2C1=O)Nc1ccncc1,5,0.44642857142857145,1.2859117388066506,0.9991844673125075
42653736,O=C1Nc2ccccc2N1C1CCN(CCOc2ccccc2)CC1,5,0.6296296296296297,2.072367486716503,0.9975612424714867
46339059,COCCOc1ccc(cc1)Nc1ncc(c(n1)Nc1cccc(c1)NC(=O)C=C)F,5,0.375,1.99227332462213,0.9991625873329698
49424084,CNC(=O)c1cc(ccn1)Oc1ccc(cc1)Nc1ncc(c(n1)Nc1cccc(c1)NC(=O)C=C)F,5,0.3763440860215054,4.265128368524732,0.998513029723862
11841196,CN1CCC(CC1)OC(=O)Nc1ccc(c(c1)Cl)Cl,5,0.375,1.4681423636694058,0.9987861872523267
157723,CNC(=O)c1cn(nc1CC1CCN(CC1)Cc1cnc(nc1)-c1ccc(cc1)OC)C,5,0.37142857142857144,2.676834511134349,0.9981225624502196
19625558,CCN(C(=O)CN1CCNC(=O)C1)c1ccc(cc1)F,5,0.45098039215686275,1.6523071748315712,0.9978340164285517
30173146,Cc1c(n(c2ccc(cc12)O)Cc1ccc(cc1)OCCN1CCCCCC1)-c1ccc(cc1)O,5,0.36231884057971014,5.0802560959068614,0.9950258875074639
49343397,COc1cc(ccc1Cn1ccnc1C(C)C)C#N,5,0.31746031746031744,2.155944108737281,0.9978349924455497
48788735,Cc1ccnc(c1NS(=O)(=O)c1ccccc1C)Cl,5,0.2653061224489796,1.5585474006267392,0.9986989921686981
177258756,CN(Cc1ccc(cc1)OC(F)(F)F)Cc1cn(nn1)C,5,0.3225806451612903,1.6095623628800624,0.997636519507879
420214,CCCn1ncc(c1C)CN1CCC(CC1)c1cc2cccnc2[nH]1,5,0.4050632911392405,4.248789474662065,0.9989446397370275
44113727,Cc1ccc(cc1)CC(=O)NCc1cccc(c1)C(=O)Nc1ccccc1,5,0.39285714285714285,1.79147090403371,0.9975008288007114
89942274,CN1C(=N[C@@](C)(CS1(=O)=O)c1cc(ccc1F)NC(=O)c1ccc(cn1)F)N |r|,5,0.2727272727272727,2.8100514230169833,0.9980433199505294
310450,COc1cc(cc(c1OC)OC)CN1C[C@H]2CCC3=C(N=C(C)NC3=O)[C@H]2C1 |r|,5,0.30666666666666664,2.7570924902873757,0.9985340359637551
44505466,CC1CCC(CC1)(NC(=O)C)C(=O)N1CCCN(CC1)C1CC1,5,0.4098360655737705,2.6254291077837717,0.9978757386402549
27369500,Cc1ccc(cc1)C(=O)C(=O)Nc1c(nn(c1C)C)C,5,0.4090909090909091,1.5725240856658944,0.999245506936628
32278040,CCCCC1=NC2(CCCC2)C(=O)N1Cc1ccc(cc1)-c1ccccc1-c1nn[nH]n1,5,0.27848101265822783,4.138614985716818,0.9958203021377001
901986,CCCCC1=NC2(CCCC2)C(=O)N1Cc1ccc(cc1)-c1ccccc1-c1nnn[nH]1,5,0.275,3.9498745549701364,0.9965174791637176
11868858,CC(=O)Nc1nc(cs1)-c1c(cc(cc1C)C)C,5,0.58,1.6075506212866368,0.9989984694418248
902539,CCCCCNC(=N)N/N=C/c1c[nH]c2ccc(cc12)OC,5,0.2537313432835821,2.972332585697668,0.9969288944419094
300449850,Fc1ccccc1CCNC(=O)CC1CCNCC1,5,0.3508771929824561,1.251756765510086,0.9989770959913284
5514552,O=C(N1CCCCC1)c1sc(nc1-c1ccccc1)N1CCOCC1,5,0.3709677419354839,0.9838399260037614,0.9993854106453001
5514558,O=C(Nc1ccccc1)c1sc(nc1-c1ccccc1)N1CCOCC1,5,0.5714285714285714,1.5390724479368367,0.9987291388292129
36910847,O=C(CN1CCC(CC1)c1ccccc1)N1CCNC1=O,5,0.39655172413793105,2.9943625365010815,0.9944663438801503
30506974,O=C(CCCC(=O)N1CCN(CC1)c1nsc2ccccc12)Nc1nccs1,5,0.3815789473684211,3.2281886561970845,0.9990949977824246
24055786,CCc1cc2c(ncnc2s1)N(C)CCO,5,0.26229508196721313,1.6263348363734251,0.9996804341760777
89942016,Nc1ncc(c2ccc(nc12)-c1cccc(c1)F)C(=O)NC1CN(C1)C(=O)C1CC1,5,0.3188405797101449,1.85032321500819,0.9994657152189974
228285,CCn1nccc1-c1cc(ncn1)CC1CCNCC1,5,0.3728813559322034,1.3164615452035255,0.9992131352572805
210343,Cc1nc(cc(n1)C1CN(C1)c1ncccn1)Nc1nccs1,5,0.358974358974359,2.007238650484926,0.9995422764419356
31231716,C[C@H](Cc1cc2c(c(c1)C(=O)N)N(CCCO)CC2)NCCOc1ccccc1OCC(F)(F)F |r|,5,0.26744186046511625,2.9212613713940594,0.9966225229188548
222721,CC(C)C(=O)N1CC(C1)Cc1nccc2ccn(c12)C,5,0.3225806451612903,2.1672614055526425,0.9982917163710351
24121680,Cc1ccccc1CNC(=O)c1ccc(nc1)-n1ccnc1,5,0.6363636363636364,1.5631301929148418,0.999002037549035
3140960,Clc1ccc(cc1Cl)C(=O)NN1CCOCC1,5,0.2857142857142857,2.0301950645195785,0.9989420739519085
18877730,OC(=O)c1cc(cc(c1NC(=O)CSc1nccn1C1CC1)Cl)Cl,5,0.28378378378378377,2.638379047824697,0.9990720488131376
49644632,O=C(NCCN1CCC(CC1)c1ccccc1)c1ccc2ncsc2c1,5,0.4426229508196721,3.3295073209109667,0.9971981055287533
31612429,Cc1cccc(c1)-c1ncc(cn1)CNCc1ccccc1-n1cccn1,5,0.323943661971831,1.5652360844294093,0.999060083496205
25041311,Cc1nnc(o1)-c1ccc(nn1)N1CCC(CC1)Oc1cc(ccc1Cl)F,5,0.43661971830985913,1.4355943020225799,0.9985492741407594
29676702,O=C1CCCN1C(=O)COc1cccc(c1)-c1nnco1,5,0.3484848484848485,1.8714913838965959,0.9989889376048301
48638440,Cc1ccccc1COC1CN(C1)C(=O)CN1C(=O)Nc2ccccc21,5,0.5862068965517241,2.290387085188645,0.9989700349016213
232900428,COCC(=O)Nc1ccc(cc1)NC(=O)Cc1cc(ccc1C)C,5,0.43137254901960786,2.505266852053969,0.9985661317144703
44811452,Cc1nc(sc1C(=O)Nc1ccccc1-c1cn2c(csc2n1)CN1CCOCC1)-c1cccnc1,5,0.30526315789473685,3.220663596218136,0.999531420136078
48934153,CN(CCOc1ccccc1)CC(=O)NCCc1ccccc1,5,0.5272727272727272,1.5874945669198457,0.9975717599857674
173035,Cc1noc(n1)C1CCN(CC1)CCc1ccccc1,5,0.423728813559322,1.8966343875402596,0.9988493614586873
49383509,CCC(=O)Nc1cccc(c1)Oc1nc(ncc1Cl)Nc1ccc(cc1OC)N1CCN(C)CC1,5,0.4772727272727273,2.865403810983405,0.9974999300029785
49911442,Cc1ccc(cn1)CCNc1ccc(nc1)C#N,5,0.42592592592592593,1.164359909993902,0.9995746002127981
48760058,CC(C)c1nnc(o1)NCc1cc(cc(c1)F)F,5,0.5681818181818182,1.229880888541467,0.998947766578565
315631672,COc1c(ncnc1N1CCCC(C)(C)CC1)N,5,0.29310344827586204,2.3339554408771463,0.9984803892871592
46092427,COc1ccc(c(c1)OC)Cc1ncnn1-c1ccc2c(c1)OCO2,5,0.48484848484848486,1.2767223660608225,0.9989113981949226
271693,Cn1cncc1-c1ncccc1C(=O)N1CCCC1,5,0.3442622950819672,1.4793620246578316,0.9993246262807629
43657264,O=C(NCCc1csc(n1)N1CCCC1)N1CCSCC1,5,0.5272727272727272,1.6058166146855146,0.9988457384962758
341560,Cc1ccc(cc1)C1(O)CCN(CC1)Cc1cn(c2ccc(cc12)F)C,5,0.48333333333333334,2.4040347335264616,0.9991058551378313
300481375,Fc1cc(ccc1CNCc1ccccn1)Br,5,0.42857142857142855,1.2879041113374932,0.9993722572759075
2944765,COc1ccc2c(cc3nnnn3c2c1)-c1ccccc1,5,0.3018867924528302,1.0006472905074848,0.9986352024734589
232861350,COc1ccc(cc1)-c1cc(nc(n1)-c1ncccn1)C(C)(C)C,5,0.6136363636363636,1.5830173719830112,0.9985933746460466
43674916,Cc1csc(n1)N1CCN(CC1)Cc1ccc(nc1)OCC(F)(F)F,5,0.36486486486486486,1.804311503039442,0.9988160496867472
2047138,CC(=O)Nc1cccc(c1)OC(=O)N1CCOCC1,5,0.5192307692307693,1.706767705342465,0.99839469196962
301143195,Oc1ccc2nc(ccc2c1Cl)/C=C/c1csnn1,5,0.48,2.0582409965796646,0.998995887890555
48257421,CCc1nnc(c(c1CC)C#N)Oc1cccnc1,5,0.46,1.407056502063872,0.9983472491364819
320312,CCc1cc(nc(n1)C1CCN(CC1)C(=O)C1CC1)N1CCOCC1,5,0.373134328358209,2.140344131208692,0.9984617505743781
320405235,CN(CCOc1c(ncnc1-c1cc(cc(c1C)NC(=O)c1ccc(cc1F)C1CC1)F)N)C(=O)C=C,5,0.25555555555555554,2.979761903239628,0.9990438844667074
82700463,COc1cccc(c1-c1ccc(cc1)OCCN1CCCC1)OC,5,0.42857142857142855,1.7877029954665877,0.9986898677833607
222755004,COC(C)(C)CCNC(=O)CC1CC(C)(C)NC(C)(C)C1,5,0.49056603773584906,2.4999823999380695,0.9979532510000833
181775,CNCc1cc(nc(n1)C1CCCN1C(=O)c1oc2ccc(cc2c1C)Cl)N(C)C,5,0.5897435897435898,2.927637955758754,0.9992596960627538
45750904,Cc1nc(cs1)CNC1CCN(CC1)C(=O)C1CC1,5,0.375,1.8606910006772994,0.9986425794674496
35741943,CN(C)c1cc(nc(n1)N(C)Cc1csc(n1)C)C,5,0.375,1.670715116350088,0.999426173902222
11963582,Cc1cccc(c1)NC(=O)c1cccc2ncccc12,5,0.46296296296296297,1.425330487992289,0.9993064981904762
258731,COc1cccc(c1)S(=O)(=O)N1CCOC(C1)c1c(sc2ncccc12)C(=O)N,5,0.32989690721649484,2.5197309380168234,0.9992350202059719
178526390,Cc1cnc(nc1-c1ccc(cc1)N(Cc1ccc(cc1)CNC(=O)C(F)F)C(=O)c1ccc(cc1O)O)Cl,5,0.32,2.426630997906107,0.9981919415490759
11480138,COc1ccc(cc1)-n1cc2c(c1-c1ccccc1Br)C(=O)N(C)C(=O)N2C,5,0.3013698630136986,2.8504866251221017,0.99847921707805
11480136,COc1ccccc1-n1cc2c(c1-c1ccccc1Br)C(=O)N(C)C(=O)N2C,5,0.28378378378378377,3.2098632369623643,0.9988409369488365
44402919,NC(=O)Cn1cc(cn1)-c1ccc(cc1)F,5,0.28846153846153844,1.2138216508206519,0.9990747892738636
36516782,FC(F)(F)c1ccc(cc1)Nc1nc2cc(ccc2[nH]1)Oc1ccnc(c1)-c1ncc([nH]1)C(F)(F)F,5,0.2361111111111111,3.460434510289281,0.9985687663989467
50894425,NC(=O)Cn1ccc(n1)-c1ccccc1,5,0.3488372093023256,1.5938014305431119,0.9988342301694336
4758327,O=C(NCCNC(=O)c1cc(nc2ccccc12)-c1ccccc1)c1ccco1,5,0.31343283582089554,1.9835311946122447,0.9990198487178331
5965122,CCC(=O)NCCNC(=O)c1cc(nc2ccccc12)-c1ccccc1,5,0.31746031746031744,1.867577843090358,0.9986179157789047
36659962,COC(=O)N1CCCN(CC1)C(=O)C(=O)Nc1cccc(c1)C(C)C,5,0.36065573770491804,1.6408570931064055,0.9988188146131487
208343,Cc1nc(cc(n1)C1CN(C1)C1CCCCC1)O,5,0.45098039215686275,1.6972256773922456,0.9980248634831678
53880275,Fc1ccccc1CC(=O)N1CCN(CC1)c1nccn2nc3c(c12)CCCC3,5,0.5692307692307692,2.5746182241256825,0.9979817319030099
295412827,C1Cn2nccc2CN1Cc1ccccc1,5,0.38,1.556838784203514,0.9987283394041908
48856634,CCc1c2c(nc3ccc(cc13)O)C1=CC3=C(COC(=O)[C@]3(O)CC)C(=O)N1C2 |r|,5,0.6385542168674698,2.3617275456753286,0.9991576349610332
31406035,CN1CCNc2nc3ccccc3nc21,5,0.375,1.8647584293954318,0.9979100017943995
89942308,COc1cc(ccc1-c1ncnc(n1)Nc1cccc(c1)C[S@@](=N)(=O)C)F |r|,5,0.3333333333333333,1.715210482710512,0.9991754702719111
323952813,CC(C)n1cnnc1-c1cccc(n1)N1Cc2ccc(cc2C1=O)Br,5,0.26153846153846155,2.964521546556832,0.9989492293192462
43485719,O=C(CSC1CCCC1)N1CCC(CC1)Cn1cccn1,5,0.5384615384615384,2.22342865862633,0.9985496697426081
49160264,CN(C)c1ccc(nn1)-c1ccc(cc1)COCc1cccs1,5,0.23333333333333334,1.9376645736555012,0.9979945861227916
49292072,CN(C1CCCCCCC1)C(=O)COc1cc(on1)C,5,0.3793103448275862,1.5588838956125504,0.9989525596667304
48210605,C(Cn1ccnc1)Nc1cnc2ccccc2n1,5,0.5094339622641509,2.185724822570272,0.9994208637287001
49084025,O=C(NCC1CCC2(CC1)OCCO2)c1[nH]nc2c1CCCC2,5,0.543859649122807,1.8304922835127517,0.9994552965171901
177455527,CN(C)c1cncc(n1)-c1ccc(cc1)C(=O)NC(C)(C)C,5,0.5106382978723404,2.034605612888955,0.9989424395872316
300055299,OC(=O)CNc1nc(nc2ccccc12)-c1ccccc1,5,0.3333333333333333,2.321249878837096,0.9989776107993781
82719175,CN(C)c1ccc(nn1)-c1ccc(cc1)C(=O)NCCN1CCCC1=O,5,0.4383561643835616,2.188817260531182,0.9964671323382128
3660163,Cc1cc2nc(c3ccccc3n2n1)Sc1nnc(n1C)C,5,0.3448275862068966,1.7609378183230548,0.9995678380828474
49948742,CCOc1cc(ncn1)N1CCOC2(CCCC2)C1,5,0.3382352941176471,0.7884865249326729,0.9992917774069912
18861554,CC(C)c1noc2ncc(cc12)C(=O)Nc1cc(ccc1C)F,5,0.38571428571428573,1.2950675658041209,0.9994992719471606
49681766,CCNC(=O)c1ccc(nc1)-c1cc(cc(c1OC)OC)C,5,0.32727272727272727,1.3168511685077577,0.9982221790668033
42901988,CC(C)c1noc2nc(cc(c12)C(=O)N1CCN(C)C(=O)C1)C1CC1,5,0.28888888888888886,2.130171354609613,0.9991747394681855
19996324,O=C(CSc1ccc2c(c1)OCCO2)NC1CCCC1,5,0.6304347826086957,1.3522307495393386,0.9988700637500518
49951308,O=C(Cc1n[nH]c2ccccc12)N1CCCO1,5,0.38181818181818183,1.4271884949094713,0.9994682434639319
31405077,Cc1c(c2c(ncnc2n1Cc1ccccc1)N)C,5,0.29508196721311475,5.039708523317599,0.9933733602959223
177360703,CN1C(=O)C=C(N(C)C1=O)C(=O)N1CCN(CCc2ccccc2)C(=O)C1,5,0.5517241379310345,2.1514044250209974,0.9982635127654063
48746727,CN(C)C(=O)C(C)(C)NC(=O)OC(C)(C)C,5,0.3023255813953488,1.4037734860010866,0.9988768344593325
23827295,CN1CCC(CC1)n1ncc2[nH]c(nc12)-c1ccccc1-c1ccc(o1)C,5,0.5833333333333334,4.529429544655488,0.9994866752014809
26239500,CNC(=O)c1ccc(cc1)/C=C/c1nc2cc(ccc2o1)Cl,5,0.375,2.3912377548039903,0.9988320725109467
49946976,Cc1nc(n(n1)C)NCc1ccc(c(c1)Cl)F,5,0.46938775510204084,1.9965104557702447,0.9990546277998371
49947026,Cc1nc(n(n1)C)NCc1ccc(cc1)F,5,0.5348837209302325,2.1403530082675397,0.998968298122881
44498594,CC(=O)N1CCN(CC1)C(=O)CCc1ccc([nH]1)-c1ccccc1,5,0.35294117647058826,1.9554730885389457,0.9992134628190182
280546,O=C(N1CCOCC(C1)Cc1cccc2ccncc12)c1cccc(c1)Nc1ncccn1,5,0.43037974683544306,2.657818654460507,0.9985561157993965
25002833,CNC(=O)C1CCN(CC1)Cc1ncc(o1)-c1ccc(cc1)F,5,0.421875,1.428517063251179,0.9992079753738814
147149,Cc1nc(ccc1C(=O)N)[C@H]1CC[C@@H](CC1)CNC(=O)CN1CCC(CC1)c1ccccc1 |r|,5,0.527027027027027,3.5650446000014004,0.9948772165507161
23728018,Cc1ccc(cn1)C(=O)NCC#Cc1ccccc1,5,0.5869565217391305,1.2642479978232093,0.9988993174692419
114309331,Nc1ncnc(c1-c1ccc(cc1)Oc1ccccc1)NCC1CCN(CC1)C(=O)C=C,5,0.4268292682926829,4.02595988554257,0.9994777022322903
48836360,O=C(N(CCC#N)C12CC3CC(CC(C3)C2)C1)c1cccs1,5,0.2465753424657534,2.2065511550834818,0.9978765165568397
49961912,O=C(N(CCC#N)C12CC3CC(CC(C3)C2)C1)c1sccc1C#N,5,0.22857142857142856,2.537954688326658,0.9969585011863749
36647960,CN(Cc1cscn1)c1nc2c(cc1C#N)CCC2,5,0.39285714285714285,1.5761462495596754,0.9991223062136128
16252179,CCOC(=O)c1c([nH]c(c1C)CN(Cc1ccccc1)C(=O)c1ccccc1Cl)C,5,0.36507936507936506,2.18631081962265,0.9990503486665924
36944203,Cc1cc(ccc1NC(=O)c1c(oc(c1C)C)C)Oc1ncccn1,5,0.4107142857142857,1.738243653807033,0.9991710312504686
24881110,COc1ccc2nc(ccc2c1)CN1CCC(O)(CC1)c1ccc(cc1)C,5,0.40625,1.9850735502744772,0.9990635116409923
173261,O=C(N1CCC(CC1)c1cnccn1)c1ccncc1,5,0.45652173913043476,1.3255115993458717,0.9995822093614039
411314,COc1ccc(cc1)N1CCCN(CC1)CC1CCN(CC1)C(=O)C1CC1,5,0.5555555555555556,2.6147562027842577,0.9983246923134284
35739191,CC(C)(C)NC(=O)c1cnc(s1)-c1ccc(s1)Cl,5,0.2923076923076923,1.5718762673951003,0.9992504926877541
43427775,Cc1cc(c2ccccc2n1)NCc1ccnc(c1)N1CCCC1,5,0.3880597014925373,2.7408431184583346,0.9985676225418987
214735,Cc1cc(nc(n1)C1CCNCC1)NC1CCCC1,5,0.3541666666666667,1.7350708919236513,0.9988322397643518
49682290,Cc1cc(nc(n1)NCc1cnc(c(c1)C)C)C,5,0.32608695652173914,1.4733621414986067,0.9995013084770775
25678159,Cn1ncnc1COc1nn2c(nnc2cc1C(C)(C)C)-c1cc(ccc1F)F,5,0.4025974025974026,2.528721613780762,0.9991043689377059
71008775,CC(C)n1cnnc1-c1cccc(n1)NC(=O)c1cc(c(cc1F)C)-n1cnc(c1)C1CC1,5,0.37362637362637363,2.5295173452656265,0.9994335297086605
49969708,Fc1cc(ccc1CNc1ncccn1)-c1ccncc1,5,0.41304347826086957,1.4231191095620839,0.9994465752570385
53827576,CCN(CC(=O)N)CC(=O)N1c2ccccc2CCc2ccccc21,5,0.5636363636363636,1.567212812606989,0.9983990321829644
53798267,COCCN(C)c1ccc(cn1)CN1CCC2=NN(C)C(=O)C=C2C1,5,0.4788732394366197,2.0900519132310125,0.9986385905755882
82712955,CC(C)Oc1ccc(cc1)C1(CCCC1)C(=O)NC1CCS(=O)(=O)CC1,5,0.27692307692307694,1.726871738144119,0.9986949651019339
222783725,CC(C)n1nc(c(c1C)S(=O)(=O)NCC1CCN(CC1)C(=O)C1CC1)C,5,0.328125,2.1706747798784907,0.9985208015339135
50132153,CCc1ccc(cc1)S(=O)(=O)NCc1ccnc(n1)N1CCCC1,5,0.3220338983050847,1.9755826988513183,0.9981016427487213
316928211,O=C(Nc1cccc(c1)N1CCNC1=O)C1NCC21CCCC2,5,0.5737704918032787,2.721837247154657,0.998203576812531
31611971,Cc1nc(c2ccsc2n1)N(CC=C)Cc1cccnc1,5,0.29411764705882354,2.361033248389694,0.9990972185074801
11652485,O=C(Cc1csc(n1)-c1ccccn1)NC1CCCCCC1,5,0.39285714285714285,1.535274893952487,0.9995012972123293
43397821,Cc1cc(cc(c1)C(=O)Nc1nn(cc1C#N)C(C)(C)C)C,5,0.5098039215686274,1.6691057485973189,0.9988381870208536
49067448,CC1(CCCC1)CNC(=O)N1CCN(CC1)Cc1ccon1,5,0.6071428571428571,1.819580995723456,0.9988843860012914
50131633,CCCC(=O)NCC(=O)Nc1cnc(nc1)N1CCN(C)CC1,5,0.3728813559322034,2.4567519207275703,0.9979318230586895
44398457,CCCC(=O)Nc1cnc(nc1)N1CCN(C)CC1,5,0.4339622641509434,1.6026758873834253,0.9981554477209331
1487936,N#Cc1cc2c(nc1SCc1cccnc1)CCCCCC2,5,0.3492063492063492,1.7801727444268676,0.998028793688155
14004708,C(Nc1ncccn1)c1cnn(c1)-c1ccccc1,5,0.43137254901960786,1.3963667140126537,0.9994689959413193
84836387,Clc1cc2c(nnc(c2cc1Cl)-c1ccncc1)NC1CCCC1,5,0.30434782608695654,1.434342009424834,0.9992988615617873
315276693,COc1cc(ccc1N1CCN(C)CC1)Nc1cc(ccn1)-c1cccc(c1)C#N,5,0.38333333333333336,2.1847258409240293,0.9984656215499007
50354657,CC1=NN(CCOc2cc(cc(c2)Br)F)C(=O)C=C1,5,0.6078431372549019,1.147878913474807,0.997825264886838
49951580,CN(C)CC(=O)Nc1nc(ns1)-c1sccc1C,5,0.3389830508474576,1.8277171553608165,0.9991947389995669
49000996,CN(CCNC(=O)NC1CCOCC1)C1CCCC1,5,0.4444444444444444,3.1994657366504713,0.9982211212993156
48745068,CN(CCc1ccncc1)c1ncccc1C#N,5,0.3103448275862069,0.8701189573846726,0.9990930445160042
32148273,CC(C)C(=O)Nc1ncn(n1)Cc1cccnc1,5,0.5932203389830508,1.0901940194290625,0.9997070686285585
48328503,CC#CCCNC(=O)c1cccnc1C,5,0.38596491228070173,1.1740907119983521,0.9994004228275599
3572643,CC(=O)N1CCC(CC1)(C(=O)Nc1nccs1)c1ccccc1,5,0.37681159420289856,1.524206350859517,0.9994791086426336
306432,Cc1nc2ncc3c(n2n1)CCCC3=O,5,0.6190476190476191,0.8271559707823315,0.9990368005844367
53825026,CCC1=CC(=O)NC(=N1)SCCCCC1CCOCC1,5,0.509090909090909,2.66687326283042,0.9963374004006675
11010047,Cc1nc2ccccc2n1Cc1ccc(cc1)C(=O)O,5,0.3958333333333333,3.2429005535167037,0.9974816502991445
3665537,Cc1sc2ncnc(c2c1C)OCC(=O)Nc1ccc2c(c1)OCO2,5,0.5396825396825397,5.5238767183927475,0.99490735862165
43370379,N#CCCN(C1CC1)c1ncnc2sccc12,5,0.31666666666666665,1.6179199609373554,0.998890011637728
168892617,CCc1nc(cn2nc(cc12)C1=CC(=O)N2C=C(C=C(C)C2=N1)C1CCN(C)CC1)C,5,0.35714285714285715,4.7653269562539435,0.998496076219149
171975111,CC(=O)NC[C@H]1C[C@]2(C)[C@@H](CCCC[C@]2(C)O)N1CC1(O)CCCC1 |r|,5,0.3103448275862069,5.274737434223568,0.9984011597180408
171974149,CC(=O)NC[C@H]1C[C@]2(C)[C@@H](CCCC[C@]2(C)O)N1CC1(O)CCOCC1 |r|,5,0.2857142857142857,5.224713006472138,0.9985459019614
35774799,C1CC(C1)CNc1nc(no1)-c1ccccc1,5,0.5853658536585366,2.5352997850353627,0.9983370035433439
320383153,CC(C)(C)Nc1cc(c2ncc(n2n1)-c1ccc(cc1)C(=O)NC1CC1)NCC1CCOCC1,5,0.3125,3.531927660640938,0.9984763790734438
49912141,CN(Cc1nc(no1)-c1cccnc1)c1ccnc(n1)C,5,0.4727272727272727,1.386461322936804,0.9993909584546491
13484504,CCc1nc2ccccc2n1CC(=O)Nc1ncc(s1)C,5,0.4375,1.8971006826207977,0.9993937817113377
2500471,Cc1ccc(cc1NS(=O)(=O)c1ccc(cc1)Cl)-c1nc2ccccc2[nH]1,5,0.3114754098360656,1.6269182524023569,0.9993738673372242
4498619,Clc1ccc(cc1)S(=O)(=O)Nc1cccc(c1)-c1nc2ccccc2[nH]1,5,0.3380281690140845,1.0258630512888123,0.9995910039974153
49028063,Cc1nnc2ccc(nn12)NCCOC1CCCCCC1,5,0.3548387096774194,2.1770514463374804,0.9988098402103365
197945,Cc1cc(cc(n1)C1CCCN(C1)CC(=O)Nc1ncc(s1)C)Nc1ccccn1,5,0.6052631578947368,2.777127832851922,0.9993844047720887
146921,CN(C)C(=O)c1ccc(nc1N)C1CCN(CC1)C(=O)CCc1nc2cc(c(cc2[nH]1)C)C,5,0.4605263157894737,3.613643452251475,0.9973519103917343
25616683,CNc1nc(ncc1F)-c1cc(cc(c1)OC)OC,5,0.32608695652173914,2.0003484696420863,0.9966254426812935
301928950,CC1CC(N)CCN1C(=O)c1cc(c(cc1F)F)N1CCNC1=O,5,0.4117647058823529,1.9064514155884427,0.9993550093750272
31205261,CCCC(=O)Nc1ccc(c2ncccc12)C,5,0.41818181818181815,1.5296967019642214,0.9991852814300274
49067788,CCN(CC)CC(=O)Nc1ccc(cc1)Oc1ccc(nn1)C,5,0.45652173913043476,1.9988184009559087,0.9955381547605335
32042968,C1CN(Cc2ccccc2N1)c1cnc2ccccc2n1,5,0.46153846153846156,1.6446300495857111,0.9977275373838838
306342,O=C1Oc2nc3cc4c(cc3cc2CN1CCN1CCOCC1)OCO4,5,0.3,1.871069213043617,0.9984268901990336
306388,O=C1Oc2nc3cc4c(cc3cc2CN1CCN1CCOCC1)OCCO4,5,0.3,2.1967243796159814,0.9975783698226873
48347951,O=C(Nc1ccc2sccc2c1)N1CCCN(CC1)C(=O)Oc1ccccc1,5,0.3333333333333333,2.377276593078362,0.9987571417638449
6630813,Cc1ccc(cc1)CNC(=O)CN1CCC(CC1)n1nnc2cc(ccc12)C,5,0.375,2.0746973273225624,0.9984314933343359
25646720,O=C(CCc1ccc2c(c1)OCO2)Nc1nc2c(s1)CCC2,5,0.515625,1.6753322058627373,0.9995417166312337
11478087,Cc1ccc2c(c1)cc(c1nnnn21)CNCCc1ccccc1,5,0.4461538461538462,1.9348744145293337,0.9985626340374435
276241702,CC(C)Cc1ccccc1CNCc1ccc2[nH]cnc2c1,5,0.4807692307692308,3.1385630470007935,0.9963217483648793
31600959,Cc1nc2ncccn2c1C(=O)N(CC#Cc1ccccc1)C1CCCC1,5,0.4507042253521127,2.564786345877609,0.9987060798966921
49944058,CCn1nccc1CNc1nnc(o1)-c1ccc(cc1)OC,5,0.46938775510204084,1.4131790403198432,0.9996743583011533
33362309,COc1ccc(cc1)-c1csc2ncnc(c12)Oc1ccc(nc1)C,5,0.5,2.3102839652298734,0.998942917075292
48269211,COc1ccc(cc1)CC(=O)Nc1ccc(nc1)F,5,0.39344262295081966,1.7864573882406565,0.9986210274074985
48295458,Cn1ccnc1-c1noc(n1)NCc1ccccc1,5,0.41509433962264153,2.376907023844384,0.998503573395957
100221253,Clc1ccc(cc1)C(=O)N1CCC(CC1)c1nnc2n1CCCC2,5,0.34285714285714286,1.8575941429709506,0.9988241327970538
177502491,CCn1nc(c2ccccc12)CNC(=O)C1CCOCC1,5,0.6153846153846154,1.4884844641446267,0.999438315538132
222077,CC1(CCN(CC1)Cc1ccco1)c1ccn[nH]1,5,0.3333333333333333,1.4705583973436702,0.9995938869082776
171813288,CCOc1ccc2[nH]c(c(c2c1)C)C(=O)N1CC[C@@](O)(CC(C)C)[C@H](C1)Oc1ccc(cc1)F |r|,5,0.2988505747126437,4.9530310921699625,0.9996850324293317
171813207,CC(C)C[C@]1(O)CCN(C[C@@H]1Oc1ccc(cc1)F)C(=O)c1[nH]c2c(cc(cc2c1C)C)C |r|,5,0.26136363636363635,4.440802404971197,0.9989821264017779
171813311,CCc1c([nH]c2ccc(cc12)C)C(=O)N1CC[C@@](O)(CC(C)C)[C@H](C1)Oc1ccc(cc1)F |r|,5,0.25555555555555554,4.8666986756937165,0.9990263569797317
36436018,CCOc1ncccc1-c1nc(cc(n1)NC)C,5,0.43137254901960786,1.5826563113954386,0.9992511704794054
50282751,CC(C)OC(=O)N1CCC(CC1)Oc1ncnc2n(ncc12)-c1ccc(cc1F)S(=O)(=O)C,5,0.24468085106382978,2.556826353118151,0.99766443454663
48247166,CNC(=O)c1ccc(nn1)N(C)C1CCC1,5,0.3442622950819672,1.3474431342360387,0.998150734408168
177361869,CN(C)c1nc(ncc1C)NCC1(CO)CCCC1,5,0.43859649122807015,2.044967236901602,0.9977984614493061
36571105,CC(C)c1nccn1Cc1nc(oc1C)-c1ccccc1C,5,0.296875,1.6997793974514799,0.9989589818539164
53751988,O=C(N1CCCC1)c1ccc(cc1)NS(=O)(=O)c1cccc2cnccc12,5,0.5,1.7524228941668012,0.9976959375772458
31364239,O=C(CC1CCCC1)NCc1nnc2n1CCC2,5,0.41935483870967744,1.4001889158245415,0.9992626528197295
425680,Cc1cc(on1)-c1cnn(c1C1CC1)CCNC(=O)c1sc(nc1C)C,5,0.38961038961038963,2.2651673227383964,0.9995957248028482
2042658,Fc1ccccc1CNC(=O)Cc1cccs1,5,0.4444444444444444,1.204581255042826,0.9993688089305929
24880306,CC(C)(C)c1ccc(cc1)C(O)CN1CCC(O)(CC1)c1ccc2c(c1)OCO2,5,0.28378378378378377,2.5415473633202104,0.9970082009076445
231820085,Cc1ccc(c(c1)S(=O)(=O)N1CCCN(CC1)C1CCC1)C,5,0.5,2.4161945285925905,0.9969427333067822
49977918,CCCn1cc(cn1)CN1CCC(CC1)c1nc(no1)N(C)C,5,0.36923076923076925,2.832769492916241,0.9993348399081828
50570563,CC(C)n1cc(cn1)CN1CCC(CC1)c1nc(no1)N(C)C,5,0.359375,2.901044984139181,0.999252136427544
49149133,CSc1cccc(c1)-c1ccccc1-c1nnc(o1)C,5,0.36363636363636365,1.4912075643585947,0.9973032242335446
LN01265151,C[C@]12C=CC3=C4CCC(=O)C=C4CC[C@H]3[C@@H]1CC[C@@]2(O)CC=C |r|,5,0.4696969696969697,4.4303505504646745,0.9993357436669678
14858512,Fc1ccc(cc1)CCNc1ncccc1C#N,5,0.5531914893617021,1.8249260258979887,0.9981193745156199
50334305,Cc1sc(c(c1C)C)NC(=O)CN1CCOC(C1)C1CCCO1,5,0.2948717948717949,2.5054187274784496,0.9986530645752761
11880948,CCN1CCN(CC1)c1ccc(cc1)Nc1ncnc2sccc12,5,0.4,2.6272091656356413,0.998458224291628
49951746,Cc1cccc(n1)NCCc1cc(cc2c1OCOC2)F,5,0.4393939393939394,1.4724269082029222,0.9983512722994136
110220963,Cc1ccc(cc1)S(=O)(=O)N1CCC[C@@H](C1)C(=O)NC1CCOCC1 |r|,5,0.39436619718309857,1.0160260823418452,0.9990964596327668
177501206,CCCC1(CCC1)CNC(=O)CN1C=CC(=O)C=C1,5,0.6170212765957447,2.1508798199806645,0.998080206767772
49951918,Cc1cccc(n1)NCC1CCN(CC1)C(=O)c1ccccc1,5,0.47368421052631576,1.426913452175936,0.9984079477452164
72973189,CC1(C)CC(CC(C)(C)N1)Oc1ccc(nn1)-c1ccc(cc1O)-c1cn[nH]c1,5,0.27692307692307694,3.0426899283362734,0.9973964065565807
3962718,O=C(Nc1nncs1)c1cccnc1,5,0.46808510638297873,5.576870896838293,0.9888464672862763
82700885,Cc1cc(c2ccc(cc2n1)C(=O)N1CCN(CC1)c1nc[nH]n1)C,5,0.6229508196721312,1.5286418808864122,0.9992525908060053
11964390,COC(=O)c1c([nH]c(c1C)C(=O)N(C)Cc1ccc(c(c1)F)OC)C,5,0.5084745762711864,1.8821522255123386,0.9994013076223895
177405420,CN(Cc1c(nn(c1C)C)C)C(=O)NCc1cnc(c(c1)C)C,5,0.5454545454545454,2.0962392516114146,0.999589761318175
24121594,O=C(NCc1cnn(c1)-c1ccccc1)C1CCC1,5,0.5094339622641509,1.441112070589945,0.9989785828328132
1527152,Cn1c(ncc1-c1ccccc1)NCc1ccccc1,5,0.45614035087719296,2.3106479610707193,0.999163779963454
1527130,COc1cccc(c1)CNc1ncc(n1C)-c1ccccc1,5,0.47619047619047616,1.7613914953808756,0.9989173102502283
LN01343314,CCc1c([nH]c2ccc(cc12)Cl)C(=O)NCCc1ccc(cc1)N1CCCCC1,5,0.3333333333333333,5.126727123613949,0.9982091590084197
3563624,FC(F)(F)c1nc(c2ccccc2n1)Nc1ccc(cc1)-n1cnnn1,5,0.30158730158730157,1.6751919293027158,0.9991662759372633
33351514,Cc1ccc(c(c1)OCc1c(ccc2cccnc12)Cl)C(=O)N,5,0.3770491803278688,1.200599017157948,0.9989687954430422
177344381,COc1cccc(c1Cl)CN1C=NC2=C(COCC2)C1=O,5,0.34285714285714286,2.0994849368357333,0.9986337776387793
49963610,CC(=O)NC1CCC(CC1)NCCSc1ccc(cc1)C,5,0.5319148936170213,1.8634347318862914,0.9972824055485507
45699341,CN1C(=O)N(Cc2ccccc2)C(=C(C(=O)CSc2nc3ccccc3n2C)C1=O)N,5,0.36363636363636365,1.8785190975883852,0.9995393189541366
32437102,COCc1cc(ccc1OC)-c1nc(n[nH]1)CCc1ccccc1,5,0.4,1.4699323113667186,0.9986354282126406
49038326,OCC1CCN(CC1)C(=O)Nc1ccc(cc1)COC1CCCC1,5,0.3620689655172414,2.481779200492879,0.9975224706375319
49130722,CCN1CCCN(CC1)C(=O)Nc1ccc(cc1)COC1CCCC1,5,0.40298507462686567,2.6077104900661943,0.9978081508551528
2292167,COc1ccccc1CC(=O)Nc1ncc(s1)C,5,0.4444444444444444,1.3432326678570938,0.9995889053552538
49314549,CN(Cc1cccnc1)Cc1ccc(o1)C#N,5,0.35714285714285715,1.753690679681057,0.9994971886718801
49346047,Cc1nccc(c1Cl)NC(=O)c1ccncc1Cl,5,0.5306122448979592,2.2161231915221915,0.9993994375101242
36427432,CCc1nc2cc(ccc2o1)-c1c(cccc1OC)OC,5,0.3137254901960784,3.890315668425999,0.9930768601400229
31837160,CN(C)C(=O)c1ccc(cc1)NC(=O)c1cccc(c1)F,5,0.4772727272727273,1.5307726807072224,0.9989731351465648
36913784,O=C(CCCc1nc2ccccc2[nH]1)N1CCCC1,5,0.4583333333333333,1.6364409552440435,0.9986688839639197
89942282,CCc1nc2c(cc(cn2c1N(C)c1nc(c(s1)C#N)-c1ccc(cc1)F)N1CCN(CC1)CC(=O)N1CC(O)C1)C,5,0.25961538461538464,4.586645070201371,0.9990141105855065
36435318,Cc1nnc(s1)-c1ccccc1-c1ccc(cc1)O,5,0.37735849056603776,1.7103739357229846,0.9968114234871835
30043512,CN(Cc1ccccc1Br)C(=O)Nc1ccc(cc1)C(=O)N1CCCC1,5,0.5689655172413793,1.6110415885382667,0.9985012560349553
13523780,Cc1nc2ccc(cc2s1)NC(=O)c1sc(nc1C)-c1ccccn1,5,0.45454545454545453,1.6739629625541104,0.9996856417654205
410858,Cc1ccc(cn1)-c1nc(ncc1-c1cc(no1)C)NCc1ccco1,5,0.5373134328358209,2.4996621771747503,0.9997660481034537
49322427,O=C1Oc2cccnc2N1Cc1ccccn1,5,0.5294117647058824,2.337056268043335,0.9990486954190347
11812085,CC1CCN(CC1)CC(=O)Nc1nc(cs1)-c1c[nH]c2ccccc12,5,0.3582089552238806,2.3147094850117655,0.9989949228070467
35771333,NC(=O)c1ccc(cc1)Oc1ccc(cc1)C(=O)N1CCCCCC1,5,0.3877551020408163,2.1385448323567933,0.9976628692864137
49995595,CNC(=O)c1cccc(c1)Cn1nnc(n1)-c1ccccc1Cl,5,0.373134328358209,1.6994555010355685,0.9988292387885142
49317565,OC1(CCCCC1)Cc1nc(no1)-c1ccsc1,5,0.3880597014925373,1.634212042545283,0.9992610937653076
8296397,NCc1cccc(c1)C(=O)N1CCCC1,5,0.4074074074074074,1.7475954909533107,0.998558244497583
35732653,CC1=CNC(=O)N1c1ccc(cc1)C(=O)Nc1ccc2ccccc2n1,5,0.5517241379310345,1.0806997732955366,0.9997280984239958
32434890,CN(C)c1nc(ncc1C)NCc1ccccc1-n1ccnc1,5,0.5081967213114754,1.3728492269730022,0.9993463797798191
72972951,CC#CC(=O)N1CCC[C@@H]1c1nc(c2c(nccn12)N)-c1ccc(cc1)C(=O)Nc1ccccn1 |r|,5,0.34523809523809523,3.4159121768563936,0.999415662567009
157255,Cc1nc(cc(n1)NC1CCCC1)CC1CCN(CC1)S(=O)(=O)c1c(noc1C)C,5,0.6307692307692307,3.251358639092469,0.9979023111392225
43060096,COc1cncc(c1)-c1ccnc2[nH]ccc12,5,0.4807692307692308,2.364437988191661,0.9989872929289981
73048893,CC1=C(Br)CN(CC1)CCC1=Nc2ccccc2C(=O)N1,5,0.352112676056338,1.9044324613911654,0.998931660914839
540123,COc1cc2nc(sc2cc1OC)N,5,0.4444444444444444,1.220834141069521,0.9992799493070678
48670752,CN(C)c1ccc2c(c1)Sc1cc(ccc1N2)N(C)C,5,0.26666666666666666,1.627515284106483,0.9986108663879723
32785616,CCCCOc1ccc(cc1)-c1cc2n(n1)C=CNC2=O,5,0.29333333333333333,3.1156529010787617,0.9973484282822584
31507581,C[C@H](Nc1ncc(c(n1)Nc1cc([nH]n1)C)Cl)c1ncc(cn1)F |r|,5,0.23863636363636365,4.68113202120903,0.998926226203853
348408,CC1=NN(CC2(O)CCN(CC2)Cc2cccs2)C(=O)C=C1,5,0.34328358208955223,1.727234205310881,0.9995507325439288
36367041,Cc1cccc(c1)/C=N/Nc1cc(nc(n1)OCCc1ccccn1)N1CCOCC1,5,0.3037974683544304,2.6143700962177476,0.9989109524360573
49041586,CC(C)N(Cc1nnc(o1)C(C)C)C1CCOCC1,5,0.3157894736842105,1.2048921113526287,0.9989321970195941
49055842,Cc1nnc2ccc(nn12)N1CCC2(CCCCC2)C1,5,0.37735849056603776,1.6650003003003553,0.999295317057505
46091137,OCc1ccc(cc1)Cn1cc(nn1)-c1cc(ccc1-n1cccn1)F,5,0.3880597014925373,1.7577858231308576,0.9994950801716797
37009919,FC(F)(F)Oc1ccc(cc1)N1CCC(CC1)NC(=O)N1CCC1,5,0.34615384615384615,1.7763271095154352,0.9989547043068837
55628764,Cc1cccnc1CN1CCC(O)(CC1)c1ccccc1,5,0.44642857142857145,1.161146846871602,0.9991280980501815
6892467,COc1cc(cc(c1OCc1ccc(cc1)Cl)Br)CNc1nnn[nH]1,5,0.3333333333333333,2.567909655731745,0.9953367486989997
24065064,CN(C)C(=O)c1cccc(c1)NC(=O)c1ccc(nc1)C,5,0.4,1.114174133607099,0.9994388895515806
17480068,O=C1CC2(CCN(CC2)C(=O)NCc2ccccc2)Oc2ccccc21,5,0.5,1.4206889173920136,0.9985946745305196
44527032,Fc1cc2c(cc1F)N(CCC2)C(=O)CCc1nnc(o1)-c1ccsc1,5,0.34210526315789475,1.6232122473660326,0.9982119264681839
43212065,CCc1cc(on1)CN(C)c1nccc(n1)-c1ccc(nc1C)C,5,0.2878787878787879,1.5381826939605896,0.9989593905384495
1557197,Cc1cccc(c1)-n1c(nnc1CNc1ccc(cc1)F)S,5,0.38095238095238093,1.9342711805746606,0.9987791357798183
9879245,COc1ccc(c(c1)OC)NC(=O)c1snnc1C,5,0.3770491803278688,1.2766718450722399,0.9994928441856217
222754320,CN(C)S(=O)(=O)CCCN1CCC(CC1)CCC(=O)N,5,0.4489795918367347,2.038858258928255,0.9975238913416461
46034633,Cc1nc(c(c(n1)NCc1cc(no1)-c1ccc(cc1)F)C)C,5,0.3508771929824561,1.1491327164429566,0.9997315159926053
3595726,O=C(NC1CCCC1)c1cc(nc2ccccc12)C1CC1,5,0.38461538461538464,0.9986951486815137,0.9992650658174216
36342840,N#Cc1ccc(nc1)N1CCc2c(ncn2C2CC2)C1,5,0.391304347826087,1.2617753365792037,0.9995402902798599
232832319,COc1ccc(cc1Cn1cccn1)CN1CC(C1)c1ccncc1,5,0.32857142857142857,1.6289115998109867,0.9986856946156659
3593598,Clc1ccccc1-c1ccc(o1)C(=O)N1CCN(CC1)C(=O)c1ccccc1,5,0.38461538461538464,2.255486200356862,0.9992983237630141
44563083,COC(=O)N1CCCN(CC1)C(=O)c1ccc(o1)-c1ccccc1Cl,5,0.3492063492063492,1.3118338309404924,0.999400905634829
49937270,CC(C)c1nnc(n1C)CNC(=O)C1(C)CCC1,5,0.42,1.413381406415257,0.999126109488454
1553084,O=C(Nc1ccc(cc1)S(=O)(=O)Nc1ccnn1-c1ccccc1)c1ccco1,5,0.38095238095238093,2.4695590699565635,0.9990625604336438
1321458,COc1cc(c(c(c1)Br)Nc1nc(cs1)-c1c(nc2ncccn12)C)Br,5,0.45588235294117646,1.6378922430978105,0.9990391245737298
32391674,O=C(NCC1=CCCN(C1)Cc1cccc(c1)C#N)c1cccs1,5,0.42105263157894735,2.3165750581407725,0.9985552181281327
207509,Clc1ccc(cc1)-c1c[nH]nc1C1CCCN(C1)C(=O)CCOc1ccccc1,5,0.6376811594202898,1.5056513540654684,0.9985830663303116
43366906,CCc1cc2c(cc1N1CCC(CC1)N1CCOCC1)C(C)(C)c1[nH]c3cc(ccc3c1C2=O)C#N,5,0.34523809523809523,4.701101360319744,0.9978783734364689
31890078,Cc1nnc(c(c1C)C#N)NCCc1ccc2c(c1)OCO2,5,0.3870967741935484,1.5346719519166614,0.9992057930850476
323968411,CC(O)(C#Cc1ccc2c(c1)N(CC2)c1nc(ncc1Cl)N)c1nccs1,5,0.2247191011235955,4.5316560990436985,0.9993199263906306
31968914,Cc1ccc(cn1)CNC(=O)c1cccs1,5,0.42,1.839170465182493,0.9997737814961118
30658737,CN(Cc1cccc(c1)C#N)c1cnc2ccccc2n1,5,0.4716981132075472,2.1910584200334196,0.996810279948983
32394390,COc1ccc(cc1)CCN1C(=O)NN=C1C1CC1,5,0.3448275862068966,2.282119847860685,0.9978629554385804
2890746,O=C(Cc1ccc2ccccc2c1)NCCc1nc2ccccc2[nH]1,5,0.39344262295081966,1.8901494649895132,0.9976267982944611
36294663,CCCN(CC)c1ccc(cc1)C(=O)N1CCCN(CC1)C(=O)C,5,0.35555555555555557,2.068848713656912,0.998641796461916
48832018,OCC1CN(C1)C(=O)Cc1cccc(c1)I,5,0.3508771929824561,2.346616287338053,0.9974411881363412
93438921,CN1CCN(CC1)c1ccc(cc1F)Nc1nc(c2cc[nH]c2n1)Oc1cccc(c1)NC(=O)C=C,5,0.5714285714285714,5.56347454384414,0.9988648375934563
37000875,Cc1nn(c(c1C(=O)O)C)Cc1cccc(c1)Br,5,0.38461538461538464,2.859894228813722,0.9981884846876985
31416534,OCc1cnnn1-c1cncc(n1)Cl,5,0.19230769230769232,4.710017940517544,0.9974019643774067
53815321,CN(CCSc1ccc2nnc(n2n1)C(F)F)Cc1ccccc1,5,0.6,2.7909609456242355,0.9969951688000089
29703109,CN(C)c1ccnc2sc3c(c12)N=CN(N1CCCCCC1)C3=O,5,0.22058823529411764,1.9035721683192635,0.9989373486794358
36986676,CN(C(=O)OC(C)(C)C)c1ccc2ccccc2n1,5,0.3448275862068966,1.6488966007605406,0.9976988068938594
49064812,CC(=CCOc1cccc(c1)C(=O)NN1CCOCC1)C,5,0.3333333333333333,1.3726361498955935,0.9980527744220556
49176426,CCCn1ncnc1-c1ccccc1SC,5,0.37254901960784315,2.0268260902208235,0.9987226558336514
323264,Cc1nccc(n1)-c1ccc(cc1)-c1noc(n1)CN1CCOCC1,5,0.6458333333333334,1.9894893817257662,0.9982234819719842
300053407,CN(C)C(=O)COC(=O)Cc1ccc(cc1)OC(=O)c1ccc(cc1)NC(=N)N,5,0.3064516129032258,2.8857560534458497,0.9961742622710678
82720833,CCC(=O)Nc1ccc(c(c1)NC(=O)N1CCC(=CC1)C)F,5,0.3333333333333333,1.7003252630012815,0.9984466564705095
260081695,COCCOCc1ccc(cc1)C1=Cc2onc(c2C(=O)N1C)-c1ccccc1,5,0.2676056338028169,2.2545194609938974,0.9974773064034446
31341176,Cc1cc(c(s1)C)C(=O)NCCc1ccccn1,5,0.43636363636363634,1.032879470218926,0.9997064126480386
41287015,CN(CCc1ccccc1)C(=O)CC#N,5,0.391304347826087,1.8538905037784301,0.9985264973636838
48544545,Oc1[nH]c2ccc(cc2c1-c1ccc(cn1)CN1CCOCC1)C#N,5,0.32,2.5257048521150947,0.9990300638246118
177167,CN1CCC(CC1)c1nc2cc(ccc2[nH]1)C,5,0.4576271186440678,2.5529588715842224,0.9981260950397162
46078321,Cc1ccc(c2c(cc(nc12)CN1CC(C1)c1ccccn1)O)C,5,0.3508771929824561,1.6732268226393334,0.9990873088995695
24142070,O=C(Cc1cccc2ccccc12)NCc1nnc2n1-c1ccccc1CC2,5,0.6101694915254238,2.319872410284689,0.998325860746909
31841658,Cc1ccc(n1C)CNC(=O)c1cccnc1,5,0.5208333333333334,1.2737381991597398,0.9997833445682469
153321,C1CN(CCC1c1ccn[nH]1)Cc1ccncc1,5,0.4230769230769231,2.95152452132819,0.9990052687505292
44579402,O=C(Nc1cnc2ccccc2n1)c1ccncc1,5,0.5227272727272727,1.8250271230857862,0.9995879829150849
73036824,OC1CCC(CC1)C(=O)N1CCCN(CC1)c1ccc(cc1)F,5,0.4727272727272727,1.590835000872361,0.9986660565917854
44554243,CN(C(=O)c1cc2ccc(cc2[nH]1)C(C)(C)C)C1(CCC1)C#N,5,0.5660377358490566,1.9309873122319496,0.999169817443362
424596,CC(C)NC(=O)C1(CCOCC1)Cc1ccccc1-c1ccncc1,5,0.4927536231884058,2.1911807319343555,0.9987865527820557
11833271,COc1ccc2c(coc2c1)CC(=O)NCC#C,5,0.46551724137931033,1.4152519210372516,0.9995203954575717
45697439,Cn1ccc(n1)CSc1n[nH]c(n1)-c1cc(cc(c1)F)F,5,0.28846153846153844,1.8323269358924696,0.9996361478351317
46088801,COCCc1noc(n1)CN1CC(CCC1=O)(c1ccccc1)c1ccccc1,5,0.35714285714285715,2.4188551010756454,0.9977318971088556
31935468,O=C(NCCc1nnc2n1CCC2)c1ccc2c(c1)CCC2,5,0.484375,1.6778051138314134,0.9994302011580732
42961554,CC1=CC=CN(Cc2cccc(c2)F)C1=O,5,0.6428571428571429,1.5817515607704633,0.9981434597022718
53873925,COc1ccc(cc1)CCC(=O)N1CCN(CC1)C(=O)c1cc2n(n1)CCCC2,5,0.5172413793103449,3.2665633316988925,0.9987150027753838
353778,CC(=O)N1CCC2(CC1)Oc1cc(c(cc1C=C2)C)C,5,0.29508196721311475,2.1626287244926448,0.9994158665815329
177428613,Cc1n[nH]c(n1)C1CCN(CC1)C(=O)NC1CCN(CC1)c1ccc(cc1)F,5,0.352112676056338,2.3835704310971866,0.9989652091550846
2266063,Cc1cccc2sc(nc12)NC(=O)c1cccnc1,5,0.5833333333333334,1.7781841861857877,0.9995835541742906
552358,CN(C)CCNc1c2c(c(c3nc4ccccc4n13)C#N)CCCC2,5,0.28169014084507044,2.4502006040315916,0.9988394349185161
32048916,CC(C)(C)c1nc(no1)CN1N=Nc2ccccc2C1=O,5,0.39655172413793105,1.6496466288267277,0.9990672125267889
48759286,CN(C)c1noc(n1)-c1cc(nc(c1)O)C,5,0.30357142857142855,2.1700009216586507,0.9988911267321295
177425249,Clc1cnc(nc1)NCC1(CC1)CN1CCCC1,5,0.4222222222222222,1.9260550355584707,0.9989490633101271
414840,Cc1cc(sc1C)C(=O)N1CCC(CC1)C(=O)c1ccnn1C,5,0.32857142857142857,2.967328091061081,0.998545274955963
32444518,Nc1cnc(nc1)Cc1ccc(cc1)F,5,0.3170731707317073,1.4754334956208754,0.9996591359021976
276236010,CCC(C)(C)N1CCN(CC1)C(=O)NCCc1cc(no1)C,5,0.38235294117647056,2.9805033132007455,0.9990215624092763
53744804,Cc1cnc(c2nc(nn12)[C@@H]1C[C@H]1c1nc2c3cccnc3ccn2c1C)C |r|,5,0.2571428571428571,4.976912396254767,0.9996216184756569
189725381,Cc1nnc(n1C1CC1)COc1cccc(c1)-n1ccnc1,5,0.3389830508474576,2.178915555959147,0.9985154121208579
44811418,CC(C)NC(=O)COc1cccc(c1)-c1nc(c2ccccc2n1)Nc1ccc2[nH]ncc2c1,5,0.30864197530864196,2.0626642964860284,0.9987202067192734
177445050,OC1(CCN(CC1)C(=O)c1ccc(cc1)-c1ccncc1)CN1CCCC1,5,0.36231884057971014,2.413103396044032,0.9983740235068997
222782402,O=C(C1CC1)N1CCC(CC1)CNS(=O)(=O)N1CCCCCC1,5,0.3148148148148148,1.9426749599457023,0.9983740679444115
2566233,CC1(C)CC(=O)C2=C(C1)NC(=O)CC2c1ccc(cc1)Br,5,0.23376623376623376,1.5762705985966585,0.9973259979920657
24501994,CCCCNC(=O)c1cccc2ncccc12,5,0.41818181818181815,1.623193149320308,0.9985708243006128
32020284,Cc1cc(c2c(nn(c2n1)C)C)C(=O)Nc1cccc(c1)-c1cnco1,5,0.39473684210526316,2.1115856601138177,0.9997279291445004
1545812,Cc1cc(c(c(c1-n1cnnn1)C)S(=O)(=O)Nc1ccc2c(c1)OCO2)C,5,0.3333333333333333,1.9606937547716063,0.9982333973997337
1553046,CN(C)c1ccc(cc1)NS(=O)(=O)c1c(cc(c(c1C)-n1cnnn1)C)C,5,0.3548387096774194,1.9840597269235725,0.9969475948288817
53800443,CCc1[nH]nc(c1C)NC1CCC(CC1)C(=O)OC,5,0.2923076923076923,2.327376634753961,0.9993702874890015
32113613,CN(C(=O)COc1c(cccc1C)C)C1(CCC1)C#N,5,0.48148148148148145,1.861730377901014,0.9994062268664908
1392865,CCc1sc(nc1-c1ccc(cc1)OC)N,5,0.42857142857142855,1.3659505847578957,0.9994367546700424
31923278,Cc1cc2ccccc2n1CC(=O)N1CCc2ccc(cc2C1)O,5,0.4,1.473622746838703,0.9991167018842748
44385386,Nc1nc(cs1)CN1CCN(CC1)c1ccc(cc1)F,5,0.3148148148148148,1.7256381428330434,0.9991933382588876
49874322,COc1ccc(c(c1)F)CN1CCC(CC1)c1nc(no1)C(C)C,5,0.47761194029850745,1.6637574943482694,0.9982244106725129
227571,CN(C)C(=O)c1sc2nc(ccc2c1N)C1(C)CCN(CC1)c1ncccn1,5,0.3382352941176471,2.478588913071084,0.9993115254537146
MCULE-9833651829,NC1CCCC(C1)C(=O)Nc1ccc2[nH]ncc2c1,5,0.4838709677419355,2.5143404701832366,0.9991908274525215
LN01331065,OCCn1cc(c(n1)-c1ccncc1)-c1ccc/2c(c1)CC\C2=N/O,5,0.43243243243243246,1.8021684161030216,0.9994542120929432
3679149,Cc1cccc(c1)NC(=O)CSc1nncs1,5,0.44642857142857145,1.456868902818654,0.9992054355311587
36919308,O=C(NCCc1cnn(c1)-c1ccccc1)N1CCC1,5,0.4426229508196721,1.2529824420159041,0.9994167527393291
32785534,Cc1ccc(cc1)N1C=CNC(=O)C1=O,5,0.5555555555555556,0.9200179346077937,0.9990232766148507
177482615,CN1C=CC=C(C(=O)NCc2nc(no2)C(C)(C)C)C1=O,5,0.31343283582089554,1.5625219998459488,0.9994674737624171
49994071,Cc1nc(c2cnn(c2n1)C)N1CCn2ccnc2C1,5,0.574468085106383,2.1348250513801297,0.9995477772822964
177388619,CCc1nc(cc(n1)N1CCCC2(CCNCC2)CC1)C,5,0.5094339622641509,2.3580122985258973,0.9978289324929079
42961078,Cc1nc(cc(n1)Nc1cnn(c1)C(C)(C)C)Cl,5,0.4107142857142857,1.1588045564281708,0.9997087092356628
36440866,CC(=O)N1CCC(CC1)Cn1ccnc1-c1cc2ccccc2s1,5,0.47692307692307695,1.72672088074439,0.9990994244638916
45688619,COCc1ccccc1CNc1ccc2cc(ccc2n1)C#N,5,0.4576271186440678,1.8285029395656904,0.9979017431783284
49863827,Nc1ncnc2n(nc(c12)-c1ccc(cc1)Oc1ccccc1)[C@@H]1CCCNC1 |r|,5,0.463768115942029,3.565015427736669,0.9991322727180721
33317735,Cc1cnn(c1NC(=O)/C=C/c1ccccc1)CC1CC1,5,0.3188405797101449,1.6603439402727291,0.9990737387232743
44426195,Cc1cc(c2cccc(c2n1)C)C(=O)NCCC1=CSC2=NCCCN12,5,0.3048780487804878,1.6215363085654966,0.9993562784608869
44466308,Cn1ncnc1COc1nn2c(nnc2cc1C1CCC1)-c1c(cccc1F)F,5,0.34146341463414637,2.3310178034500497,0.99890317974255
49012602,CCOC1CCN(CC1)c1ccnc(c1)C(=O)NCc1ccccc1,5,0.38333333333333336,1.7829823330586705,0.9988838251763605
193725,COc1ccc(cc1)NC(=O)CN1CCC(CC1)c1cc(cc(n1)C)-c1cnc(nc1)N,5,0.4878048780487805,2.001927321357917,0.9984525639656213
602991,CCOc1ccc(cc1)-c1csc(n1)N,5,0.43478260869565216,0.8428054342492233,0.999233415767529
44811754,Cc1c[nH]c2nccc(c12)Oc1c(cc(cc1F)Nc1cc(nc(n1)N)Cl)F,5,0.25,5.530767939445627,0.9995412528513842
49083485,CC(C)c1nc(c[nH]1)S(=O)(=O)N1CC2(CC2)c2ccccc21,5,0.5714285714285714,2.6139166015772566,0.9997078789946667
46650374,CC(C)CCN(C)c1ncnc2nc(cc(c12)C)C,5,0.2857142857142857,1.8308164845225834,0.9981474695659871
177285116,FC(F)(F)COc1ccc(nn1)CN1CCc2c(cnn2-c2ccccc2)C1,5,0.29411764705882354,1.3863870310990243,0.9979856573410216
36950801,CN(CC1CCCC1)C(=O)Nc1ccccc1N1CCOC1=O,5,0.47619047619047616,1.910308875548479,0.9991728118877051
232828909,Clc1cccc(c1Cc1n[nH]c(n1)CCCN1CCCC1=O)Cl,5,0.5789473684210527,1.6731790101480164,0.9994731488144422
48764100,CCc1nnc(c(c1CC)C#N)N1CCCO1,5,0.5102040816326531,1.5368012233208879,0.9983007026329064
37009025,CC(C)(C)C(=O)N1CCN(CC1)C(=O)CCN1CCOC1=O,5,0.328125,1.9199906249770888,0.9986925591635861
13329162,CN1CCN(CC1)S(=O)(=O)Cc1ccc(c(c1)Cl)Cl,5,0.36,1.9776539131000783,0.9925933240259528
13329354,CCN1CCN(CC1)S(=O)(=O)Cc1ccc(c(c1)Cl)Cl,5,0.34615384615384615,2.0560970307842314,0.992968493255439
36458355,CCOC(=O)c1cccnc1-c1ccc2[nH]ccc2c1,5,0.4576271186440678,2.3666624178369693,0.9979380382368779
177450733,COCCc1noc(n1)CN(C)C(=O)c1ccc2c(c1)CCC2,5,0.36619718309859156,1.5826117654058331,0.9985136852742584
180601629,COc1ccccc1C(=O)Nc1ccc2cc[nH]c2c1,5,0.5294117647058824,3.506927572676752,0.9948977278286758
29965110,CNC(=O)CN(C)c1cccc(c1C#N)F,5,0.3684210526315789,2.2490024455299524,0.9968807959236089
50610014,COC(=O)N1CC(C1)NCc1c(nn(c1C)C(C)(C)C)C,5,0.2982456140350877,1.894433688467563,0.9985160697150505
23671374,Cc1ccc(s1)C(=O)Nc1ncccc1C,5,0.41818181818181815,1.3813497022835257,0.9997976056329068
49008924,CN(CC1CCC1)C(=O)C1CCN(CC1)c1ccc2nncn2n1,5,0.546875,1.6640441700865358,0.998789523324171
2343133,Oc1ccc(cc1)CN1CCN(CC1)c1cccc(c1)Cl,5,0.36,1.7981198514003078,0.9975604316399048
136829,Fc1ccc(cc1)CNC(=O)C1(CCOCC1)Cc1ccc(cc1)-c1cccnc1,5,0.5454545454545454,2.525707029724724,0.9972818004663129
171789858,CC(=O)N1CCN(CC1)[C@H]1CCN(CC[C@@H]1O)C(=O)c1cc2cc(ccc2o1)C |r|,5,0.3026315789473684,3.077304664800037,0.9991472203292728
171789496,Cc1ccc2oc(cc2c1)C(=O)N1CC[C@H](O)[C@H](CC1)N1CCOCC1 |r|,5,0.3108108108108108,1.3438589955806342,0.9992776039434607
171789564,CC(=O)N1CCN(CC1)[C@H]1CCN(CC[C@@H]1O)C(=O)c1cc2cc(ccc2o1)Cl |r|,5,0.2878787878787879,2.8096748922251784,0.9990368260202447
177509728,Cc1nnc2ncc(cn12)-c1cccc2ccnn12,5,0.5686274509803921,1.7340781412608013,0.9992957108706557
48743317,O=C(Cc1coc(n1)-c1ccccc1)NCC#C,5,0.36363636363636365,1.0206889829913672,0.9994112698142494
43571023,Cc1ccc2n(nc(c2c1)Cn1ccnc1-c1cccc(n1)C)C,5,0.30303030303030304,1.941355711867562,0.9993970032278985
16664610,Cc1nc2cc(ccc2o1)NC(=O)CCc1c(nc2n(nc(c2c1C)C)C)C,5,0.639344262295082,2.1484990109386626,0.9994773879981996
48312888,CN(CCc1cnccn1)C(=O)c1cccc(c1)C,5,0.34782608695652173,2.0947348280869535,0.9991947596843616
152939,Cc1cccc(c1)OC1CCN(CC1)CC(=O)N,5,0.421875,1.9646419521123413,0.9975100126460922
152925,NC(=O)CN1CCC(CC1)Oc1cccc(c1)F,5,0.5178571428571429,1.4434569616028887,0.9952970808194431
49964694,Cc1cc(ccc1F)CN1CC(O)(CC#N)C1,5,0.29310344827586204,1.9269257899565237,0.9968706636762679
30063049,CC1Cc2cc(ccc2N1C(=O)C)S(=O)(=O)Nc1cccc(c1)-c1cnco1,5,0.35802469135802467,1.2728935540739865,0.9993603614832332
49311027,Clc1ccccc1C1N(CCNC1=O)C(=O)c1ccncc1,5,0.47692307692307695,1.3689992695401831,0.999115032253541
300011391,Oc1nccc2c(cccc12)S(=O)(=O)N1CCCNCC1,5,0.6274509803921569,1.7709678145014525,0.9986619006832493
165629,OCCN1CCC(CC1)c1ccncn1,5,0.3541666666666667,1.4923896944161836,0.9989498921163846
36262171,Cc1nn(c(c1CCC(=O)N1CCCc2ncccc21)C)C,5,0.5932203389830508,1.7356163170466479,0.9989293130224497
35754387,CNC(=O)c1cccc(c1)Oc1ncnc2c1CN(C)CC2,5,0.4264705882352941,1.5882455729512477,0.9975895106856533
232855284,COCC1(CCC1)CNS(=O)(=O)c1ccc2[nH]cnc2c1,5,0.5769230769230769,2.07751173281902,0.9985604806123486
43249441,CN(C)c1cc(nc(n1)C)C1(C)CCNCC1,5,0.5,1.9868311453166094,0.9979274357904114
36849731,Cc1ccnc(n1)NCc1cccnc1,5,0.4888888888888889,1.7656035795160738,0.9994956198275788
24034759,CCc1nnc([nH]1)Sc1nc2cc(nn2c2ccccc12)C,5,0.3064516129032258,1.7581976566922133,0.9996105237921467
53882277,O=C1N2C=CC=CC2=NC2=C1CN(CC2)S(=O)(=O)C1CCCCC1,5,0.34782608695652173,1.5100397345768406,0.9981252828670131
49165848,CCn1nc(nc1Cc1sc(nc1C)C)Cc1ccc(cc1)OC,5,0.31746031746031744,1.8116384849078355,0.9982785601653924
421362,Cc1ccccc1C(=O)N1CCC(O)(CC1)Cn1ccnc1C,5,0.3448275862068966,2.0547557032403057,0.998906936559744
32070902,Cn1ccnc1CN(C1CC1)C(=O)c1[nH]c2ccccc2c1Cl,5,0.3333333333333333,1.9404445366982592,0.9996077319189877
30656579,Cc1ccc(cn1)C(=O)Nc1ccccc1C(C)(C)C,5,0.4074074074074074,1.3794810618488762,0.9991186696968631
2059266,CCN(CC)C(=O)c1ccc(cc1)NC(=O)C,5,0.48717948717948717,1.7631962454589236,0.9986401451218414
60174709,Nc1nc(c2c(cccc2n1)OCC1CCN(CC1)Cc1c(cccc1Cl)Cl)N,5,0.3582089552238806,2.8915316010719896,0.9966428830281578
233395,Cn1ccc(n1)CN1CCC(CC1)c1cnccn1,5,0.5490196078431373,3.0138623060787157,0.9995566052523711
49953010,Cc1nc(c2c(csc2n1)C)NCCN1C(=O)CCC1=O,5,0.4423076923076923,3.4732196878398955,0.9997404643205254
324054153,CC1(C)Cc2cc(c(nc2O1)N1CCN(CC1)CC(F)F)NC(=O)c1cnn2cccnc12,5,0.620253164556962,2.9925701328450853,0.9992776514594262
177394614,CN(CC1CCN(CCO)CC1)C(=O)c1cc(nc(c1)C)C,5,0.5,1.6809357513003562,0.9991206860230967
46026615,FC(F)(F)c1nccc(n1)NCCSc1nc2ccccc2o1,5,0.3050847457627119,1.2486981220454823,0.999609039467434
1590696,CC(C)(C)c1ccc(cc1)C(=O)Nc1ccc(cc1)C(=O)Nc1ccccc1,5,0.46938775510204084,2.823804348746528,0.9977112893549461
49973690,C1CCC(CC1)OCc1noc(n1)C1CC1,5,0.37735849056603776,1.1695708614698346,0.9990971637512791
49929048,CCc1[nH]nc(c1C)NC1CCN(CC1)C(C)C,5,0.38181818181818183,2.678284152214246,0.9992421969461842
31856310,Cc1cc(on1)CN1CCN(CC1)c1ncccn1,5,0.46808510638297873,2.1654556102582947,0.9966194576194128
