Name,SMILES,outer_fold,max_similarity_to_train,min_euclidean_distance_to_train,max_cosine_similarity_to_train
15283106,COc1ccc(cc1)NC(=O)C(C)N1CCCN(CC1)c1ccc(cn1)C(F)(F)F,1,0.463768115942029,1.606023038439513,0.9985001510329748
15267776,Cc1ccc(c(c1)NC(=O)CN1CCCN(CC1)c1ccc(cn1)C(F)(F)F)C,1,0.4189189189189189,1.9016950333846312,0.9978763796569973
15276004,Fc1cccc(c1)NC(=O)CN1CCCN(CC1)c1ccc(cn1)C(F)(F)F,1,0.4788732394366197,1.6713455657045824,0.9984805724345038
15270501,Cc1ccc(cc1)NC(=O)CN1CCCN(CC1)c1ccc(cn1)C(F)(F)F,1,0.42857142857142855,0.9986951486815137,0.9992650658174216
16678763,Cc1cccc(c1)NC(=O)CN1CCCN(CC1)c1ccc(cn1)C(F)(F)F,1,0.4722222222222222,1.4474170097105066,0.9989088532499862
15288168,FC(F)(F)c1ccc(nc1)N1CCCN(CC1)CC(=O)Nc1ccccc1,1,0.5,1.3315990387501033,0.9987222176306899
15267170,Cc1ccc(c(c1)F)NC(=O)CN1CCCN(CC1)c1ccc(cn1)C(F)(F)F,1,0.41333333333333333,1.5825896499092176,0.9985713893880531
15267772,FC(F)(F)c1ccc(nc1)N1CCCN(CC1)CC(=O)Nc1ccccc1Cl,1,0.4520547945205479,1.9089541639339784,0.9979042808649174
43423180,COc1ccc(cc1NC(=O)CN1CCCN(CC1)c1ccc(cn1)C(F)(F)F)Cl,1,0.44871794871794873,1.8335885579925226,0.9990204383012115
15275058,Fc1ccccc1NC(=O)CN1CCCN(CC1)c1ccc(cn1)C(F)(F)F,1,0.4782608695652174,1.424483064132652,0.9988792051500089
12013114,CN1C(=O)N(CC(=O)NCc2ccc(cc2)Cl)C(=O)C21CCCCC2,1,0.4098360655737705,1.7009994121105685,0.9991218642006179
303172217,CC1=C2N(C(=O)C(=C1)Nc1cc(ncn1)N)C1(CCCCC1)NC2=O,1,0.26865671641791045,3.519709647114365,0.9994909029124769
24093551,Cc1cccc(n1)NC(=O)c1ccccc1-c1ccccc1,1,0.5333333333333333,1.1715784224711494,0.9988267468698384
56767825,Cn1cc(cn1)NC(=O)c1ccc(nc1)OCC1CCOCC1,1,0.6610169491525424,1.9941587198616755,0.9990198487178331
222766824,CN1CCC(O)(CC1)CNC(=O)C1CCCCCC1,1,0.32727272727272727,2.1847258409240293,0.9983062489356664
168892617,CCc1nc(cn2nc(cc12)C1=CC(=O)N2C=C(C=C(C)C2=N1)C1CCN(C)CC1)C,1,0.2641509433962264,4.7653269562539435,0.998496076219149
413444,OC1CCN(CC1)c1ncc(c(n1)-c1cccs1)-c1cnccn1,1,0.5925925925925926,1.8021684161030216,0.9996255873966577
49008924,CN(CC1CCC1)C(=O)C1CCN(CC1)c1ccc2nncn2n1,1,0.546875,1.6640441700865358,0.9981630648480851
23998591,Cc1ccsc1C(=O)Nc1nc2ccccc2s1,1,0.42,2.3229009879887346,0.999604183420903
3593846,COc1cc2c(cc1OC)CN(CC2)C(=O)C1CCCN(C1)C(=O)c1ccc(cc1)Cl,1,0.6349206349206349,1.5229205494701794,0.9985712106374312
43423841,CN(C)C(=O)CN1CCN(CC1)C(=O)c1ccc2ccccc2c1O,1,0.5370370370370371,1.6048130732269088,0.9981533387334428
423170,Cc1ncc(c(n1)CCNC(=O)C1CCCC1)-c1ccccn1,1,0.36923076923076925,1.6408570931064055,0.9988495252772529
48340662,CCCN1CCCN(CC1)c1ncccc1C#N,1,0.52,2.0393489157081532,0.9979274357904114
197317,CCCn1ncc2ccc(nc12)C1CCCN(C1)CC(=O)N1CCCC1,1,0.6,2.4224215157564646,0.9985241523613324
36635336,CN1CCN(CC1)C1=C2C=CC=CC2=Nc2ccc(cc2N1)Cl,1,0.2878787878787879,2.017426578589868,0.9984739131987501
44105331,Cc1cccc(c1)N1CCN(CCCCNC(=O)c2c(cccc2F)F)CC1,1,0.3787878787878788,2.006651190416431,0.9978207677772025
43021930,CCCCOc1ccccc1-c1cc([nH]n1)C(=O)NCc1ccccc1C,1,0.625,2.5338569415020182,0.9983270647667322
48931495,CN(C)S(=O)(=O)c1cc(ccc1C)NC(=O)CN(C)C1CCCCC1,1,0.5423728813559322,2.823111935435649,0.9959786162913697
49985873,COc1ncccc1CNc1ncnc2n(ncc12)C,1,0.4,2.2125751964622578,0.9994208637287001
3473190,C(c1ccccc1)c1ccccc1-c1nnc(o1)-c1cccnc1,1,0.39622641509433965,1.9129244627010151,0.9983718076640065
300566847,CCN(CC)C(=O)c1ccc(cc1)C1=CC2(CCNCC2)Oc2cccc(c21)O,1,0.31666666666666665,2.2345272430648953,0.998316595951758
50136169,CC(=O)Nc1ccc(cc1)C(=O)N1CCc2ncncc2C1,1,0.3492063492063492,1.4923896944161836,0.998961156000784
33297195,NC(=O)COc1ccccc1-c1ccccc1,1,0.40476190476190477,1.520714963430044,0.995261310782837
36467131,CCOc1ccc(cc1)-c1ccccc1NC(=O)COC,1,0.3584905660377358,1.502928807362409,0.9991643136074377
68918136,CCOCCNC(=O)c1cccc(c1)-c1cc(ccc1OC)F,1,0.4782608695652174,1.7583301737728156,0.9981458524206607
11000834,CCOC(=O)c1cc2ccccc2n1CC(=O)c1ccc(cc1)F,1,0.3888888888888889,2.0651886112406674,0.9984033363958386
36924312,O=C1CNC(=O)N1CCCN1CCc2sccc2C1,1,0.3548387096774194,2.3078355660662,0.9994812641494885
53752451,Fc1ccc(cc1)CNC(=O)C1CCN(CC1)C(=O)/C=C/c1ccc(cc1)F,1,0.36507936507936506,1.6043023405829842,0.9985946745305196
26060327,Fc1ccc(cc1)CNC(=O)C1CCN(CC1)C(=O)/C=C/c1ccccc1,1,0.3870967741935484,1.2507129966541903,0.9987849748495952
31911519,CCn1cc(cn1)NC(=O)c1ccccc1C,1,0.42857142857142855,1.164359909993902,0.9996599613441728
31928328,Cn1cc(cn1)NC(=O)c1ccccc1C(F)(F)F,1,0.48148148148148145,1.4174766312009024,0.9988530472416032
50282202,CCS(=O)(=O)N1CCN(CC1)c1ccc(cc1)Nc1ncc(c(n1)NC1CC1)C(=O)N,1,0.32608695652173914,2.9750016806716433,0.9962404147707107
44424625,Cc1ccc(cc1)-c1ccc(o1)-c1nccn1CCCn1cnnc1,1,0.3387096774193548,2.3394245018808646,0.9991376782325769
53789119,O=C(NCCN1CCc2ccccc2C1=O)c1ccon1,1,0.31343283582089554,1.8728291433014603,0.9990300638246118
177388619,CCc1nc(cc(n1)N1CCCC2(CCNCC2)CC1)C,1,0.5094339622641509,1.9959691881390975,0.9978289324929079
412756,COc1ccc(cc1)C1=C(N2C(=O)N(C)N=C2N=N1)c1ccc(cc1)OC,1,0.31666666666666665,1.1492736836804112,0.9988423346586494
231820085,Cc1ccc(c(c1)S(=O)(=O)N1CCCN(CC1)C1CCC1)C,1,0.5,2.4161945285925905,0.9969427333067822
43798139,CC(=O)Nc1ccccc1OCCOc1ccc(cc1)Cl,1,0.3620689655172414,1.7306351435239806,0.9972649187640169
44699501,OCCCCCn1cc(nn1)-c1ccccc1-c1ccco1,1,0.2898550724637681,1.446806828847941,0.9993985754570905
3112768,N#Cc1ccc(cc1)COc1cnc2ccccc2n1,1,0.4230769230769231,1.591104333473936,0.997875675499869
31910305,Cc1nc(c(s1)C(=O)Nc1cccc(c1)-c1ccn[nH]1)C,1,0.7192982456140351,4.458875979437008,0.995625120410085
48670752,CN(C)c1ccc2c(c1)Sc1cc(ccc1N2)N(C)C,1,0.2777777777777778,1.627515284106483,0.9986108663879723
33324451,O=C(NCC1CCC1)c1ccc(nn1)-n1ccnc1,1,0.38095238095238093,1.7653093213373219,0.999415489741831
217047,Cc1cn[nH]c1C1(C)CCN(CC1)Cc1cnn(c1)C,1,0.36507936507936506,3.0836864302320373,0.9992857232587582
141603,CC(C)CC(=O)N1CCC(CC1)(Cc1cccc(c1)-c1cncnc1)C(=O)NC(C)C,1,0.37037037037037035,2.0752009541247434,0.9990040461490065
18898062,CCC(CC)NC(=O)c1cc(nc2onc(c12)C)C,1,0.5961538461538461,1.2950675658041209,0.9995203954575717
29261445,COc1ccc(cc1)CNC(=O)c1sc2nc(cc(c2c1N)C)C,1,0.34375,2.8934840590544417,0.9995280643041461
7695671,Cc1cccc(c1)OCC(=O)Nc1ccc2c(c1)C(=O)N(C2=O)c1ccccc1,1,0.4067796610169492,1.8950496035723439,0.9987077576551422
25670537,Fc1ccccc1-c1cnc(o1)-c1ccccc1C(=O)N1CCC1,1,0.3492063492063492,1.6418678387738497,0.9987390200793496
43258693,O=C(N1CCOCC1c1ccn[nH]1)c1ccc2c(c1)CCCC2,1,0.3230769230769231,1.8458185176231108,0.9988955702177689
3333585,O=C(CSc1nnc([nH]1)-c1cccs1)N1CCCCCC1,1,0.39622641509433965,2.0220380807494625,0.9986556241224459
49159718,CS(=O)(=O)CCc1nc(nn1-c1ccccc1)C1(CC1)c1ccccc1,1,0.3333333333333333,1.8785678055370216,0.997995824580658
49041586,CC(C)N(Cc1nnc(o1)C(C)C)C1CCOCC1,1,0.3157894736842105,1.2048921113526287,0.9989321970195941
171948773,Cc1ccc(cc1)OCC1(O)CCN(CC1)CC1(O)CCN(CC1)c1ccccc1C,1,0.3472222222222222,4.244367444036641,0.9994313190880206
29665183,COc1cccc(c1)-c1nnn(n1)Cc1cc(cc2cccnc12)F,1,0.4067796610169492,1.8901349158195175,0.9990656113615238
45751322,CN(CCc1ccccn1)C(=O)Nc1nncs1,1,0.4,1.0660881764648453,0.9996116004516807
3477427,Cc1nnc(s1)NC(=O)c1ccccc1-c1ccc(cc1)C(F)(F)F,1,0.38181818181818183,0.7529741031405842,0.9994630282546716
31997330,CC1CCN(CC1)Cc1ccc(cc1)NC(=O)c1ccccn1,1,0.4426229508196721,3.1626386135630176,0.9973964065565807
36334458,CCC(=O)Nc1cccc(c1)C(=O)N1CCN(C)Cc2ccccc21,1,0.4090909090909091,1.6467574199012047,0.9982482942306912
150507,Fc1ccc(cc1)Cc1cccc(n1)C1CCN(CC1)C(=O)CCc1ccccc1,1,0.5076923076923077,2.2040061252183607,0.9990380213481883
1542910,CCOC(=O)c1ccc(cc1)NC(=O)Cn1cnc2ccccc12,1,0.4426229508196721,2.168689696568163,0.9983503765525072
35747521,Cc1noc(c1CS(=O)(=O)Cc1cccc2c1OCCO2)C,1,0.39344262295081966,1.6523071748315712,0.9984866526207781
177307724,COC1(CCN(CC1)Cc1cnc(o1)C)c1nc(no1)Cc1ccccc1,1,0.6666666666666666,1.7274683788707728,0.9987580770146772
139133,CN(C)C(=O)C1(CCN(CC1)C(=O)c1ccc(s1)C)Cc1ccccc1-c1ccccc1,1,0.6612903225806451,3.7270016098737266,0.9979901261854331
3565214,CN1C(=O)N(CC(=O)Nc2ccccc2-c2ccccc2)C(=O)C1(C)C,1,0.3888888888888889,2.44351693261996,0.9994975402186685
183257,CCOc1ccccc1C(=O)N1CCC(CC1)c1nc(c([nH]1)C(=O)N)-c1ccc(cc1)OC,1,0.6338028169014085,3.431411808571142,0.9990049196309484
49969678,Cn1cc(c(n1)C(C)(C)C)CNc1ncccn1,1,0.36363636363636365,1.6839376473011636,0.9996287047191074
43251081,O=C(NCC1CC1)c1ccc(nc1)-n1ccnc1,1,0.6226415094339622,2.3869966485107414,0.9992570753457143
36444864,Cc1cnc(c(c1)-c1cccc(c1Cl)Cl)-n1cnnc1,1,0.25757575757575757,2.51266750685413,0.9960208596913787
43423819,Cc1ccc(cc1)Nc1ccnc(n1)Nc1ccc(cc1)C,1,0.32558139534883723,2.7906517159976585,0.9984047015823374
46339059,COCCOc1ccc(cc1)Nc1ncc(c(n1)Nc1cccc(c1)NC(=O)C=C)F,1,0.676056338028169,3.240952792004424,0.9991625873329698
43657158,CN(C)C1(CCOCC1)CNC(=O)N1CCCC(C)(C)CC1,1,0.5172413793103449,2.6254291077837717,0.9987911321707739
31413696,Cc1csc(n1)Nc1ccc(cc1)C#N,1,0.3559322033898305,1.7633590105252335,0.9990031331597667
1152113,COc1ccc(cc1)OCc1nn2c(nnc2s1)-c1ccc(cc1)OC,1,0.35714285714285715,2.116024101942047,0.9974578065848971
42768719,CNC(=O)c1cccc(c1)NC(=O)N1CCC(CC1)Oc1ccccc1Cl,1,0.4714285714285714,1.8988973115993453,0.9993037073776639
3301248,CN(C)S(=O)(=O)c1ccc(c(c1)C(=O)Nc1ncc(s1)C)N1CCCC1,1,0.3287671232876712,2.3635433146019835,0.9990332597306075
48397445,CC1(C)[C@H]2C[C@H]3Oc4c(ccc(c4C(=O)NCCNc4ccccn4)O)[C@H](O)[C@@]3(O)[C@@H]1C2 |r|,1,0.25609756097560976,5.003420629929203,0.9971650464617208
13331036,CC(C)(C)c1csc(n1)NC(=O)C1CC1,1,0.4897959183673469,0.9203488469055864,0.9995519342324828
49150113,CNc1ncc(cn1)-c1nc(nn1C(C)(C)C)C1(CC1)c1ccccc1,1,0.26153846153846155,1.426913452175936,0.9984079477452164
177407455,CCCN(CCC1=CCCCC1)C(=O)c1cc(n[nH]1)C(F)F,1,0.532258064516129,1.5819323626503392,0.9980217404457362
36421752,COc1ccc(cn1)-c1c(n[nH]c1C)C,1,0.2826086956521739,0.9888589383731455,0.9997571506204893
49084025,O=C(NCC1CCC2(CC1)OCCO2)c1[nH]nc2c1CCCC2,1,0.543859649122807,1.8304922835127517,0.9987742637691318
49149133,CSc1cccc(c1)-c1ccccc1-c1nnc(o1)C,1,0.36363636363636365,1.9828565253191188,0.9976080884248274
1308759,O=C(CCc1ccccc1)Nc1ccccc1C#N,1,0.44680851063829785,1.747595490953319,0.998827073972723
2205552,CN(CCOCCOc1ccccc1-c1ccccc1)Cc1ccccc1.OC(=O)C(=O)O,1,0.35,4.055265959218732,0.9973238697052836
48281626,O=C(NCC1(CC1)C1CC1)C1(CCCCC1)C#N,1,0.3103448275862069,1.5934415583888002,0.9981717844279204
72972981,COc1cc(cc(c1)N(CCNC(C)C)c1ccc2ncc(nc2c1)-c1cnn(c1)C)OC,1,0.3561643835616438,2.818602845382758,0.9981647212337676
232868057,CSc1ncccc1C(=O)Nc1ccc(cc1)-c1nnc([nH]1)C,1,0.5,1.0806997732955366,0.9996606799174782
171790224,COc1cccc(c1)O[C@H]1CCN(CC[C@@H]1O)C(=O)c1cc(on1)-c1ccc(cc1)C |r|,1,0.4225352112676056,2.4295240274587675,0.9985505842791803
171790057,O[C@H]1CCN(CC[C@@H]1Oc1ccccc1F)C(=O)c1cc(on1)-c1ccc(cc1)F |r|,1,0.42028985507246375,2.1118761800823966,0.9986534786574576
171790267,COc1cccc(c1)O[C@H]1CCN(CC[C@@H]1O)C(=O)c1cc(on1)-c1ccc(cc1)F |r|,1,0.4166666666666667,1.5094396311215477,0.9992776208904144
158151,Cc1[nH]c2ccc(cc2c1CC(=O)N1CCC(CC1)Cc1ncncc1C(=O)N)Cl,1,0.3372093023255814,1.9912819991144792,0.9994255573486271
50283346,CC1(C)CC[C@@]2(CC[C@]3(C)[C@@H]([C@@H]2C1)C(=O)C=C1[C@@]3(C)CC[C@H]2C(C)(C)C(=O)C(=C[C@@]21C)C#N)NC(=O)C(C)(F)F |r|,1,0.18947368421052632,11.57306415777598,0.9983863832963698
222760478,Cc1cnn(c1)CC(=O)NCCCn1cc(cn1)Cl,1,0.5555555555555556,2.213303413453145,0.9997660481034537
36647960,CN(Cc1cscn1)c1nc2c(cc1C#N)CCC2,1,0.39285714285714285,1.5761462495596754,0.9991223062136128
43280049,Cc1ccc(cc1F)NC(=O)CN1[C@H](Cc2ccccc2)C[C@]2(C)NC(=O)CCC[C@H]12 |r|,1,0.3116883116883117,3.360191214796972,0.9990971945050192
43278877,Cc1c(cccc1NC(=O)CN1[C@H](Cc2ccccc2)C[C@]2(C)NC(=O)CCC[C@H]12)F |r|,1,0.2839506172839506,3.3700195845127423,0.9989415613865686
48373672,O/N=C\1/CCCc2c1cnc1ncnn21,1,0.208955223880597,1.2090223323002647,0.9979089383037502
36922204,Cc1nnc(c(c1C)C#N)N1CCCSCC1,1,0.3333333333333333,1.3418371734304069,0.9986611153951974
177501206,CCCC1(CCC1)CNC(=O)CN1C=CC(=O)C=C1,1,0.6170212765957447,2.1508798199806645,0.998080206767772
73008556,CCc1noc(n1)C1CCC(CC1)NCC1CCC(F)(F)CC1,1,0.37735849056603776,2.2682638735387113,0.9967427728113262
82702441,CC1(C)CC(CC(=O)NCCn2ccnn2)CC(C)(C)N1,1,0.49056603773584906,2.2759351923987703,0.9984887345133168
207489,Fc1cccc(c1)-c1c[nH]nc1C1CCCN(C1)C(=O)CCc1ccc(cc1)Cl,1,0.6376811594202898,2.3891291300385507,0.9987877395168955
31412633,Cc1ccc(cc1)-c1noc2nc(cc(c12)C(=O)O)C,1,0.39655172413793105,2.9409287648633065,0.9968933261653218
1520446,CN(C)c1ccc(cc1)-c1nc2ccc(cc2[nH]1)C,1,0.3114754098360656,2.409707451123477,0.9979898583961176
48305854,Cc1nc(cs1)CCN1C(=O)NC(C)(C)C1=O,1,0.41509433962264153,1.3561161454677602,0.9997215786821648
232902536,COCC1(CCC1)CNS(=O)(=O)c1ccccc1,1,0.5769230769230769,2.1283373792705156,0.9971595728600025
6630813,Cc1ccc(cc1)CNC(=O)CN1CCC(CC1)n1nnc2cc(ccc12)C,1,0.375,2.0746973273225624,0.9984314933343359
32149349,O=C(N1CCCCC1)c1cccc(c1)CNc1ccc2nccnc2n1,1,0.48148148148148145,1.2225473405969267,0.9992332751281832
14858512,Fc1ccc(cc1)CCNc1ncccc1C#N,1,0.5531914893617021,1.8249260258979887,0.9980273626561887
50347915,Cn1c(nnc1C1CC1)SCOCc1ccccc1,1,0.49019607843137253,1.4444427991444366,0.9981130735081079
171745752,CCCc1nc(ncc1C(=O)O)N1CCc2ccccc2C1,1,0.3188405797101449,3.574443732946392,0.9907906960865485
45762658,CN(Cc1nnc(n1C)C1CC1)C(=O)C1C2CC3CC(C2)CC1C3,1,0.2413793103448276,3.0338770574954435,0.9991159480346863
44492208,CN(CC(=O)NC1CC1)C(=O)C1C2CC3CC(C2)CC1C3,1,0.26,1.726871738144119,0.9988273615554084
49055842,Cc1nnc2ccc(nn12)N1CCC2(CCCCC2)C1,1,0.37735849056603776,1.910311231187229,0.9989910096245702
44811839,CCN1CCC(CC1)n1cc(nn1)CNc1cc(c2ncc(c(c2c1)Nc1ccc(c(c1)Cl)F)C#N)Cl,1,0.3372093023255814,3.94464903381723,0.9990975637163378
1249615,Cc1cc(n2ncc(c2n1)C(=O)NC1CCCCC1)C,1,0.5087719298245614,1.7861928787229377,0.9991612677268733
318732407,CC(C)[C@H]1CC[C@H](CC1)NC(=O)c1cnn2c(cc(nc12)C)C |r|,1,0.5,2.2584698359730697,0.9986608655364515
31895184,CC(C)C(=O)N1CCC(CC1)Nc1ncnc2ccsc12,1,0.6274509803921569,2.00452263643942,0.999265726293632
33339849,CCCN1C(=O)N(Cc2ccc(cc2F)C#N)c2ccccc21,1,0.42592592592592593,1.7915345377637502,0.9988179294573508
1542039,CCc1nnc2c3ccccc3nc(n12)Nc1ccc(cc1)OC,1,0.34328358208955223,1.926822513881503,0.9996837095226063
342116,COc1cccc(c1)CN1Cc2ccccc2OC2(CCOCC2)C1,1,0.3333333333333333,2.330883308962056,0.9993089536063123
49320295,CN(C1CCC1)C(=O)Nc1cc(cc(n1)C)C,1,0.3392857142857143,1.549841604809885,0.9989449763636604
49012602,CCOC1CCN(CC1)c1ccnc(c1)C(=O)NCc1ccccc1,1,0.38333333333333336,1.7829823330586705,0.9988838251763605
49945424,CCc1cnccc1C(=O)Nc1cnccn1,1,0.39215686274509803,1.8250271230857862,0.9994614976533467
73016246,C1CN(CCS1)c1nc2c(c(n1)N1CCSCC1)SCC2,1,0.43902439024390244,0.9838399260037614,0.9993854106453001
49934036,CC(C)c1cc(n[nH]1)N(C)Cc1nc(n[nH]1)C1CC1,1,0.2638888888888889,2.212129064951749,0.9994203907513693
315631672,COc1c(ncnc1N1CCCC(C)(C)CC1)N,1,0.29310344827586204,1.822813210398055,0.9984803892871592
30438633,CN1C(=O)COc2ccc(cc21)NC(=O)CCN1C(=O)COc2ccc(cc21)Cl,1,0.5606060606060606,1.7627311195986355,0.9988205604776023
35754411,CCN1CCc2ncnc(c2C1)N1CCNc2ccccc2C1,1,0.36619718309859156,2.3051310157992924,0.9986177362558444
16785188,Cn1ncc2c(ncnc12)Oc1cccc(c1)Oc1ccccn1,1,0.66,2.236165244341032,0.9990135002542574
82700885,Cc1cc(c2ccc(cc2n1)C(=O)N1CCN(CC1)c1nc[nH]n1)C,1,0.6229508196721312,1.5286418808864122,0.9992525908060053
35765811,CN1CCN(CC1)C(=O)C1(CCCC1)NC(=O)c1ccc(cc1)C(F)(F)F,1,0.375,2.679957648919172,0.9976011495408168
31873876,Fc1ccccc1CN1CCN(CC1)S(=O)(=O)N1CCOCC1,1,0.5111111111111111,1.8883193585829359,0.9973241308609866
24958639,Cn1cnnc1CNc1ccccc1C#N,1,0.3114754098360656,1.4688961842145964,0.9992700992841588
49080339,CNC(=O)c1ccc(nn1)N1CCCc2cc(ccc2C1)OC,1,0.3559322033898305,1.3168511685077577,0.9984753470916257
45699341,CN1C(=O)N(Cc2ccccc2)C(=C(C(=O)CSc2nc3ccccc3n2C)C1=O)N,1,0.375,2.7383566239632535,0.999533526338257
32391674,O=C(NCC1=CCCN(C1)Cc1cccc(c1)C#N)c1cccs1,1,0.42105263157894735,2.3165750581407725,0.9985552181281327
301492332,O=C(NC1CCNCC1)c1ccc2[nH]ncc2c1,1,0.4067796610169492,2.592096063034774,0.9992367407973182
49094148,CC(C)c1nsc(n1)N1CCC(CC1)Nc1cccnc1,1,0.31746031746031744,1.4762652200740232,0.999006319910086
44582746,OC1CCN(CC1)C(=O)CCCc1cc(sc1Cl)Cl,1,0.37037037037037035,2.1027061135591425,0.9991286111501856
177431642,O=C(NCC1(CCCC1)N1CCCCC1)c1cnn[nH]1,1,0.5576923076923077,2.4168535330062006,0.9989039236927045
276231421,CCc1ccccc1S(=O)(=O)NCCc1cn[nH]c1,1,0.2923076923076923,1.9514192271272,0.9991315883466682
46622380,CN(C)C1=CC(=O)N(CCC(C#N)(c2ccccc2)c2ccccc2)N=C1,1,0.2698412698412698,1.6800452374862074,0.9987207367901628
24055786,CCc1cc2c(ncnc2s1)N(C)CCO,1,0.2807017543859649,1.6263348363734251,0.9993661052347587
1557497,COc1cccc(c1)-n1c(nnc1COc1cccc2ccccc12)S,1,0.38095238095238093,1.8836310679111703,0.9974229384230564
1557473,COc1cc(cc(c1)-n1c(nnc1COc1cccc2ccccc12)S)OC,1,0.34375,2.5326910589332274,0.9962371833381672
383970,Cc1ccc(cc1)S(=O)(=O)N1CCC(C1)c1nnc(o1)-c1cccnc1,1,0.36363636363636365,1.4895747715373626,0.9994731488144422
177503755,CN(Cc1ccncc1C)C(=O)NCCc1nc(cc(n1)C(F)(F)F)C,1,0.609375,1.8557987498648323,0.9993364726127272
43137136,CN(C)Cc1csc(c1)-c1nccn1-c1ccc2c(c1)N(C)C(=O)N2C,1,0.28,4.059842607786754,0.9993998485334669
316046283,CCN1CCOC(C1)C(=O)N1CCC(CC1)c1cn[nH]c1,1,0.3287671232876712,2.3123059918620292,0.9986530645752761
44591290,O=C(N1CCOC2(CCCC2)C1)c1cnc(s1)-c1ccccc1,1,0.3283582089552239,1.2656721534423834,0.9994239809983108
53815321,CN(CCSc1ccc2nnc(n2n1)C(F)F)Cc1ccccc1,1,0.6,2.688320479407367,0.9969951688000089
73045134,CC(=O)c1ccc2c(c1)CCN(CC2)CC1CCC2(CC1)OCCO2,1,0.5660377358490566,2.83258556799231,0.9959502380207682
50127813,Fc1cccc(c1)CNC(=O)c1[nH]nnc1-c1ccccc1,1,0.42592592592592593,2.001657313328182,0.998053302717772
53752266,FC(F)(F)COc1cccc(c1)CN1N=Cc2ccccc2C1=O,1,0.43103448275862066,1.5669846840348984,0.9987341731214785
43990384,CCN(CCO)CC1=Nc2cc(c(cc2C(=O)N1)OC)OC,1,0.5084745762711864,2.1208833065492905,0.9992649575431066
24472719,Cc1noc(c1CCC(=O)Nc1cccnc1)C,1,0.3939393939393939,1.761099940377316,0.9997307997394409
53825026,CCC1=CC(=O)NC(=N1)SCCCCC1CCOCC1,1,0.509090909090909,2.66687326283042,0.9969053961309219
300635762,COc1ccc(cc1)CC1CN2CCN(CC2CO1)C(=O)OCc1ccccc1,1,0.34328358208955223,1.907989779847004,0.9996577901431464
49965014,CCC1(O)CN(C1)c1ncnc2n(nc(c12)Br)C,1,0.41509433962264153,2.015139201146989,0.9996251736384781
37153210,Cc1csc(c1)-c1nnc(c2ccccc12)Nc1ccc(cc1)Oc1ncccc1-c1ccnc(n1)N,1,0.26436781609195403,3.496737622414007,0.9994773879981996
31412719,CCCc1noc2nc(cc(c12)C(=O)O)-c1ccncc1,1,0.3125,4.307481979068446,0.9959510025792732
32176636,CN1CCN(CC1)Cc1ccc(cc1C(F)(F)F)NC(=O)c1ccc(c(c1)C#Cc1cnc2cccnn12)C,1,0.27927927927927926,3.5960347606775667,0.9962408837189133
32148273,CC(C)C(=O)Nc1ncn(n1)Cc1cccnc1,1,0.5932203389830508,1.1686470810287484,0.9998282883161889
25678159,Cn1ncnc1COc1nn2c(nnc2cc1C(C)(C)C)-c1cc(ccc1F)F,1,0.5068493150684932,0.46638503406330434,0.9999079553722799
31841658,Cc1ccc(n1C)CNC(=O)c1cccnc1,1,0.5208333333333334,2.284148856795195,0.9997833445682469
44018989,CN(CC1=CC(=O)N(C)C(=O)N1C)Cc1cccc(c1Cl)Cl,1,0.4827586206896552,1.979832316131705,0.9981739102009277
45475529,CCN1CCN(CC1)Cc1ccc(nc1)Nc1ncc(c(n1)-c1cc(c2nc(n(c2c1)C(C)C)C)F)F.CS(=O)(=O)O,1,0.2716049382716049,3.952111967037142,0.9984371074937695
36368094,C(Sc1ccc(nn1)-n1cccn1)c1cn2ccccc2n1,1,0.27941176470588236,3.9844246761605966,0.9993585971405082
104336605,Cc1c(nnn1Cc1ccc(c(c1)Cl)Cl)C(=O)Nc1ccc(cc1)CO,1,0.3333333333333333,1.5926892352242805,0.9994001349837045
48746727,CN(C)C(=O)C(C)(C)NC(=O)OC(C)(C)C,1,0.3023255813953488,1.6429677416189268,0.9988768344593325
31935468,O=C(NCCc1nnc2n1CCC2)c1ccc2c(c1)CCC2,1,0.484375,1.6778051138314134,0.9994302011580732
71010653,O=C1N=C2C=CC=CN2C21Cc1ccccc1C2,1,0.24561403508771928,1.1732212067633707,0.9993470823344798
177498530,CN(CCCC1CCCC1)C(=O)c1cc(nc(c1)C)C,1,0.5,2.130583253477798,0.9987506605381304
36368096,C(Sc1ccc(nn1)-n1cccn1)c1csc(n1)-c1ccccc1,1,0.3088235294117647,2.0031739814601903,0.9986836507806596
49165262,CCCn1ccnc1CNc1nc2n(nc(c2s1)C)C,1,0.2833333333333333,1.599523991692683,0.9996648657562229
136045,COc1ccccc1-c1ccc(cc1)CC1(CCOCC1)C(=O)NC1CC1,1,0.4117647058823529,1.7077245093984414,0.9991475340315917
48242285,CCc1cnc(o1)CN1C(=O)NC2(CCC2)C1=O,1,0.4444444444444444,2.096988316611128,0.9995858694142532
181799,CNCc1cc(nc(n1)C1CCCN1C(=O)CCc1c[nH]c2ccccc12)N(C)C,1,0.6056338028169014,3.167493172842285,0.9986372458924567
150563,Clc1cccc(c1)-c1cccc(n1)C1CCCN(C1)C(=O)c1cccnc1,1,0.6885245901639344,0.656195092940892,0.9995948680701426
48793753,Oc1ccc(cc1)C(=O)N1CCN(CC1)c1ncnc2c1CCC2,1,0.38181818181818183,1.6269671170620288,0.9991576349610332
300636138,CC(C)(C)Sc1c(n(c2ccc(cc12)OCc1ccc2ccccc2n1)Cc1ccc(cc1)Cl)CC(C)(C)C(=O)O,1,0.3103448275862069,9.443862557237873,0.9971536133884443
23825625,CCCn1ncc2[nH]c(nc12)-c1cc(c(cc1C)C)Cn1cncn1,1,0.38095238095238093,1.9547918047726502,0.9993711402991419
43106737,CN(Cc1cccc(c1)Cl)c1ncnc2n(nc(c12)C)C,1,0.373134328358209,1.866260967817284,0.9990341726738753
27042311,COc1cccc2c1O/C(=N\Nc1ccccc1)C(=C2)C(=S)N,1,0.296875,1.719839527397671,0.9982211175754182
36640884,CCOC(=O)c1ccc(nc1)N1CCSCC1,1,0.4583333333333333,1.6468670255972746,0.9986696899769893
9879245,COc1ccc(c(c1)OC)NC(=O)c1snnc1C,1,0.3770491803278688,1.2766718450722399,0.9994928441856217
152925,NC(=O)CN1CCC(CC1)Oc1cccc(c1)F,1,0.5178571428571429,1.8987822413325894,0.9931447178785132
152939,Cc1cccc(c1)OC1CCN(CC1)CC(=O)N,1,0.421875,1.349795540072725,0.9984972832636188
48613632,Cc1cc(nc(n1)CNC(=O)c1ccccc1Cl)N1CCCCC1,1,0.36363636363636365,2.3465568392861527,0.9965903930108896
48613628,COc1ccccc1C(=O)NCc1nc(cc(n1)N1CCCCC1)C,1,0.3717948717948718,2.3525352282164893,0.9972573540167513
15274760,Fc1ccccc1NC(=O)CN1CCSC1=O,1,0.42857142857142855,1.2176653891781548,0.9994651532582004
53829686,O=C(CSCCc1ccncc1)Nc1ccccc1,1,0.6666666666666666,1.3876908877701772,0.9989610144952602
2353222,Fc1ccc(c(c1)CN1CCN(CC1)Cc1ccc2c(c1)OCO2)F,1,0.39622641509433965,0.775727400573185,0.9994881815314312
36915937,O=C(CCNc1ncccn1)N1CCc2ccccc2C1,1,0.38333333333333336,1.52615300674595,0.9994777022322903
173035,Cc1noc(n1)C1CCN(CC1)CCc1ccccc1,1,0.423728813559322,1.9356588025785397,0.9988493614586873
53808457,COc1cc(ccc1C)CN1CCC(CC1)C(=O)N1CCOCC1,1,0.5272727272727272,1.4616490686892536,0.9985026848423385
Z60745180,O=C(Nc1ccccn1)c1ccc2c(c1)C(=O)N(C1CCCCC1)C2=O,1,0.3492063492063492,1.9329436101443678,0.9991840552809825
104336618,CN1CCCN2C(=O)N=C(OCc3cc(c(c(c3)F)Oc3ccc(nc3)C(F)(F)F)F)C=C12,1,0.2619047619047619,1.5767777268851921,0.9983423284641374
31348551,O=C1Nc2ccccc2N1C1CCN(CC1)CCc1ccccn1,1,0.6296296296296297,2.2269326437944463,0.9990755557023856
36269102,Cc1cc(cc(c1OCc1cccnc1)C)C(=O)N1CCOC(C)(C)C1,1,0.4838709677419355,1.9171126727450614,0.9981366471016941
18877730,OC(=O)c1cc(cc(c1NC(=O)CSc1nccn1C1CC1)Cl)Cl,1,0.28378378378378377,2.638379047824697,0.9991004162524699
50282995,N#Cc1cc(ccn1)-c1n[nH]c(n1)-c1ccncc1,1,0.25925925925925924,1.928201234311149,0.9992287698824739
226909,Cc1cc(nc(n1)CC1CCNCC1)-c1nccs1,1,0.38333333333333336,1.9707485887349052,0.9989113438959504
31209008,C1CC1Nc1nc(no1)-c1ccccc1,1,0.4772727272727273,1.4966135105633398,0.9987703203643615
17074465,CCn1ncc(c1C)-c1cc(nc(n1)NCCCOC)C(F)F,1,0.35714285714285715,1.7106238628056205,0.9993155416721748
232838302,CN(C)c1nc(cc(n1)C(C)(C)C)-c1c(nn(c1C)C)C,1,0.26785714285714285,1.6289115998109867,0.9990884055338479
49945104,Cc1nn(c2ncc(cc12)CNc1ccon1)C,1,0.3709677419354839,1.9434188946293884,0.9995388029539624
2728688,COc1ccccc1Oc1c(nc(nc1OCCO)-c1ncccn1)NS(=O)(=O)c1ccc(cc1)C(C)(C)C,1,0.35714285714285715,3.4086069001864288,0.9966906796820684
73052466,CCOC(=O)CCN1CCC=C(Br)C1,1,0.2777777777777778,2.2215940223181927,0.9968086200068098
11883158,COC(=O)c1c([nH]c(c1C)C(=O)OCC(=O)N(C)Cc1cccs1)C,1,0.44776119402985076,2.4100981307811504,0.9997279291445004
50406372,CN(c1ccc(cc1)NC(=O)Nc1ccc(cc1)OC(F)(F)F)c1ccnc(n1)Nc1cccc(c1)S(=O)(=O)N,1,0.421875,3.115004173351633,0.9986812983359288
901943,CCC1=C(C)CN(C(=O)NCCc2ccc(cc2)S(=O)(=O)NC(=O)N[C@H]2CC[C@H](C)CC2)C1=O |r|,1,0.47368421052631576,3.3256286623734397,0.9971981055287533
424596,CC(C)NC(=O)C1(CCOCC1)Cc1ccccc1-c1ccncc1,1,0.41935483870967744,2.1911807319343555,0.9987865527820557
50283565,C1CC1c1cc(n[nH]1)Nc1ccnc(n1)Nc1ccc2nc[nH]c2c1,1,0.23863636363636365,14.253145126602325,0.9987508536144015
3967714,CCc1cccc(c1NC(=O)c1ccc(o1)C)C,1,0.46808510638297873,1.1970392641845304,0.9994909706903429
36330868,NC(=O)NC(=O)CN(Cc1cccs1)c1cccc(c1)C#C,1,0.30158730158730157,2.2281981509725832,0.998777843695667
36335290,NC(=O)NC(=O)CCN(Cc1cccs1)c1cccc(c1)C#C,1,0.2923076923076923,2.016526221004624,0.9987016781028938
49948650,CN(Cc1ccc(nc1)N)c1nc(cs1)C(F)(F)F,1,0.5,1.2859117388066506,0.9991382983376051
24027900,CON(C)C(=O)c1cc2ccc(cc2[nH]1)C(C)(C)C,1,0.5660377358490566,1.8313156472876038,0.9990270362445762
45748055,CON(C)C(=O)c1cccc2c(c([nH]c12)C)C,1,0.39215686274509803,1.3394330890343145,0.9997170224543833
902539,CCCCCNC(=N)N/N=C/c1c[nH]c2ccc(cc12)OC,1,0.24,2.972332585697668,0.9969288944419094
35709702,CNC(=O)Cn1ccc2cc(ccc12)OC,1,0.421875,1.7778880729672522,0.9995555863545204
45748880,CON(C)C(=O)Cc1c([nH]c2ccccc12)C,1,0.32075471698113206,1.6328796648867865,0.9990800728109734
36747881,Cc1cccc(c1)NC1CCN(CC1)C(=O)OC(C)(C)C,1,0.3870967741935484,1.4206889173920136,0.9985836385219339
49942032,CC(C)Oc1ccc(cc1NC1CCN(C)CC1)C#N,1,0.42105263157894735,1.9618412270107146,0.9973731250073347
36436988,CSc1nccc(n1)N1Cc2cnn(c2C1)Cc1ccc(cc1)F,1,0.28378378378378377,1.9972706376447231,0.9996054343785358
32146431,CN(CC(=O)Nc1ccncc1)C1CCCC1,1,0.5,2.024016551315718,0.9986699218798014
36008838,CCCCCCNc1ncnc2[nH]ccc12,1,0.2982456140350877,4.530591793574077,0.9997007090852145
157255,Cc1nc(cc(n1)NC1CCCC1)CC1CCN(CC1)S(=O)(=O)c1c(noc1C)C,1,0.6307692307692307,3.251358639092469,0.9979023111392225
11009421,COc1ccc(cc1)CNC(=O)c1nnn(c1N)-c1ccc(cc1)OC,1,0.4126984126984127,3.0448686342769156,0.9985287380364489
48743317,O=C(Cc1coc(n1)-c1ccccc1)NCC#C,1,0.39655172413793105,1.0206889829913672,0.9994112698142494
49976422,Cn1cc(cn1)-c1nnc(o1)NCc1ccc2ccccc2c1,1,0.4032258064516129,1.6301116526175745,0.9989541209850764
48269211,COc1ccc(cc1)CC(=O)Nc1ccc(nc1)F,1,0.45098039215686275,1.3574781766200898,0.9986210274074985
324054153,CC1(C)Cc2cc(c(nc2O1)N1CCN(CC1)CC(F)F)NC(=O)c1cnn2cccnc12,1,0.620253164556962,2.9925701328450853,0.9992776514594262
31842542,CC1CCN(CC1)C(=O)c1n[nH]c2ccccc12,1,0.38181818181818183,1.6143187417606548,0.9993709425406279
53839716,COC(=O)C1=NOC2(CCN(CCCCCF)CC2)C1,1,0.3225806451612903,1.7463848373138549,0.9986385905755882
53777863,COC(=O)C1=NOC2(CCN(CCC(C)(C)C)CC2)C1,1,0.265625,1.752774942769294,0.9979532510000833
36987134,CC1CCC(CC1)NC(=O)c1oc2ccccc2c1CS(=O)C,1,0.4067796610169492,1.8921017414505943,0.999396476233402
49911406,CN(CC(=O)Nc1c(cc(cc1C)C)C)c1ccc(nc1)C#N,1,0.34375,1.8239331128084706,0.9989842517764322
316162153,OC[C@@H]1CC[C@H](CO1)Nc1ncnc2[nH]cc(c12)C(=O)c1ccc(cc1Cl)Oc1ccccc1 |r|,1,0.3118279569892473,5.782399588405879,0.9984182723789169
35772359,Cn1ccnc1CN1CCN(CC1)Cc1ccc(cc1C#N)F,1,0.3508771929824561,1.8356314989670817,0.997636519507879
32176610,Fc1ccc(c(c1)F)SC1=NN2C=NC(=O)C(=C2C=C1)c1c(cccc1Cl)Cl,1,0.23684210526315788,2.3141408773019516,0.9966189919903006
24997821,Fc1cccc(c1CC(=O)Nc1cccc2cnccc12)Cl,1,0.453125,1.0973982868588905,0.998957830422662
313833267,Cc1cn2nc(cc(c2n1)C)C1=CC(=O)N2C=C(C=CC2=N1)N1CCNC2(CC2)C1,1,0.22826086956521738,2.8002639161331833,0.9986739383695561
32014834,Clc1cc(cc2c1OCO2)C(=O)NCCN1C(=O)CSC1=O,1,0.3225806451612903,1.9743669871630385,0.9994298553512416
16159378,O=C(CN1C(=O)c2cccn2-c2ccccc21)NCCCN1CCCC1,1,0.47540983606557374,2.5295173452656265,0.9991082946284972
177428613,Cc1n[nH]c(n1)C1CCN(CC1)C(=O)NC1CCN(CC1)c1ccc(cc1)F,1,0.4444444444444444,2.4937136964775855,0.9989652091550846
49168678,COCCc1nc(n(n1)Cc1ccc(cc1)F)-c1cnc(nc1)C1CC1,1,0.375,1.3790659882688023,0.9986013982296378
300480727,CCc1noc(n1)-c1ccc(cc1)CCN,1,0.3090909090909091,1.7561543212371837,0.998016258734856
43251541,CN(C1CCC1)C(=O)c1cc(nc2ccnn12)C,1,0.5490196078431373,1.1367018078640967,0.999530055240072
32007436,Cc1cc(n(n1)-c1ccc(cn1)CNC(=O)c1ccc2c(c1)CCO2)C,1,0.5538461538461539,1.2606482459434354,0.9995891732447686
222768389,CN(Cc1cnn(c1C)C)Cc1nnc(s1)C,1,0.25862068965517243,2.123710667675846,0.9994769890644399
30569846,Cc1ccc(cc1)CN1C=CN(C(=O)C1=O)c1ccc(c(c1)F)F,1,0.3541666666666667,1.6488966007605406,0.9981861581577783
16154631,Fc1ccc(cc1F)N1C=CN(Cc2ccccc2Cl)C(=O)C1=O,1,0.2923076923076923,1.8605617431303079,0.9984266785113286
11904640,Fc1ccc(cc1)NCCN1C(=O)c2ccccc2C1=O,1,0.35555555555555557,1.477294486552047,0.9998206035577252
326092,Fc1cccc(c1)CCNCc1cc(cn2nnnc12)-c1ccccc1,1,0.4461538461538462,1.0863369642976866,0.9989352233354297
214735,Cc1cc(nc(n1)C1CCNCC1)NC1CCCC1,1,0.3541666666666667,1.7350708919236513,0.9988322397643518
29371307,Nc1ncnc2n(nc(c12)-c1cnc2[nH]ccc2c1)C1CCCC1,1,0.463768115942029,3.922156294694422,0.9995560841430984
171789858,CC(=O)N1CCN(CC1)[C@H]1CCN(CC[C@@H]1O)C(=O)c1cc2cc(ccc2o1)C |r|,1,0.7962962962962963,3.0200781446840317,0.9991472203292728
171789564,CC(=O)N1CCN(CC1)[C@H]1CCN(CC[C@@H]1O)C(=O)c1cc2cc(ccc2o1)Cl |r|,1,0.6333333333333333,2.8096748922251784,0.9993933733205821
308044,CCOc1cc(ccc1OC)CN1CCc2c(nc(nc2C1)N1CCCC1)N,1,0.4057971014492754,2.8996337699786427,0.9991549186620396
42966292,COC(=O)c1cc(c(c(c1)NC(=O)CCCc1ccccn1)C)F,1,0.3492063492063492,1.7910265213001235,0.9991083368895386
50568787,CN(CC(=O)Nc1cc(cc(c1)F)F)c1ccnc(c1)C(=O)N,1,0.38596491228070173,1.8428087258315793,0.9988911267321295
1536855,COc1cc(cc(c1OCc1ccccc1)Cl)CNCCN1CCOCC1,1,0.34146341463414637,2.3830730160865095,0.9971108831414737
Z344039182,Fc1ccc(cc1F)C(=O)N1CCN(CC1)C(=O)c1nc(ccc1Cl)Cl,1,0.3559322033898305,3.926053234483728,0.9868837987962029
38843428,CCNc1nc(nc(c1C)C)-c1cccnc1,1,0.36363636363636365,1.1728286319836339,0.9994876937577073
36436018,CCOc1ncccc1-c1nc(cc(n1)NC)C,1,0.2777777777777778,1.2275369648204333,0.9992511704794054
38281327,OC(=O)Cc1ccc(cc1)Oc1ccncc1,1,0.38095238095238093,4.0549081370606,0.9934122264554666
30063049,CC1Cc2cc(ccc2N1C(=O)C)S(=O)(=O)Nc1cccc(c1)-c1cnco1,1,0.38271604938271603,1.2728935540739865,0.9993603614832332
207447,Fc1ccccc1-c1c[nH]nc1C1CCCN1Cc1ccc2ncccc2c1,1,0.2911392405063291,1.535274893952487,0.9995012972123293
49343751,O=C(Nc1nnc2n1CCCC2)c1cscn1,1,0.5185185185185185,2.485800675838837,0.9996850691346179
232868125,CN1CCN(CC1)c1nc(cc(n1)C(C)(C)C)-c1c(nn(c1C)C)C,1,0.26666666666666666,2.5711281570546114,0.999428211423306
53749740,Clc1ccc(cn1)CSc1nc(c[nH]1)-c1ccccc1,1,0.4423076923076923,1.3386186910395343,0.9996551289699467
149747,Cc1ccnc(n1)C1CCN(CC1)C1CCCC1,1,0.3958333333333333,1.7609434971059201,0.9975786648649252
232859591,Cc1ccc(cc1S(=O)(=O)NCc1cnn(c1C)C)-c1cnc(o1)C,1,0.578125,2.04420082183765,0.999605533861982
232865232,COc1cccc(c1)Oc1ccc(cn1)NC(=O)CN1CCCCC1=O,1,0.6774193548387096,1.809148418455767,0.9992139743283144
31890078,Cc1nnc(c(c1C)C#N)NCCc1ccc2c(c1)OCO2,1,0.3870967741935484,1.4638083891001636,0.9993275084913628
48788735,Cc1ccnc(c1NS(=O)(=O)c1ccccc1C)Cl,1,0.2698412698412698,1.7245764697453376,0.9985517860371745
33351514,Cc1ccc(c(c1)OCc1c(ccc2cccnc12)Cl)C(=O)N,1,0.3770491803278688,1.200599017157948,0.9989687954430422
46061355,CCc1ccccc1-c1cn(nn1)CCc1cnccn1,1,0.34328358208955223,2.146195005119355,0.9988594035819469
44508907,Cc1cnn(c1)Cc1nc(no1)Cn1cccn1,1,0.38333333333333336,2.546696094943618,0.9990155653789068
49971700,Cc1cccc(n1)NCCc1cn2c(n1)CCCC2,1,0.46153846153846156,2.17617347654082,0.9993845983073143
36265861,N#Cc1cccnc1NCCc1cn2c(n1)CCCC2,1,0.296875,2.3819502513697524,0.999415662567009
177377491,Cc1[nH]nc(c1C)CCC(=O)NCCCOC1CCCC1,1,0.9782608695652174,1.6996290771812832,0.9987151064696351
48825778,CN1CCC(CC1)NS(=O)(=O)C1CN(C1)C(=O)c1cccc(c1)Cl,1,0.38095238095238093,1.7165951765051546,0.9985583887717899
45649160,CN1CCN(Cc2noc(n2)Cc2ccccc2)c2ccccc21,1,0.43333333333333335,1.615430902267225,0.9985109678209346
271693,Cn1cncc1-c1ncccc1C(=O)N1CCCC1,1,0.3235294117647059,1.31310852559839,0.9994316777373222
299987327,COc1cc2nc(nc(c2cc1OC)N)N1CCN(CC1)C(=O)c1ccco1,1,0.3150684931506849,1.8255251299283382,0.9993587721708513
136115,CCC(C)(C)NC(=O)C1(CCOCC1)Cc1ccc(cc1)-c1cc(ccc1OC)F,1,0.410958904109589,2.6110538102460072,0.9980403445190921
25000139,CN(CC(=O)Nc1cccc(c1)F)C(=O)c1cccc(c1)C#N,1,0.5882352941176471,1.5368012233208879,0.9985638383066008
36264533,O=C(NCCc1cn2c(n1)CCCC2)c1ccccn1,1,0.4107142857142857,2.3873185794942464,0.9991995879024337
48638440,Cc1ccccc1COC1CN(C1)C(=O)CN1C(=O)Nc2ccccc21,1,0.5862068965517241,2.290387085188645,0.9989700349016213
36356120,CC(C)c1nc2c(n1C)CCN(C2)c1ncnc2ccccc12,1,0.6851851851851852,1.3602117482210463,0.9991610832097465
11930272,Cc1cc(c(c(c1)C)-c1csc(n1)NC(=O)Cn1cnnn1)C,1,0.58,1.4760945091694975,0.9994322481249511
33313717,Cn1cc(c(n1)-c1cccnc1)C(=O)NCCc1c[nH]c2ccccc12,1,0.37681159420289856,3.964202820239975,0.999597878519265
31412367,Cc1nn(c2nc(cc(c12)C(=O)O)C1CC1)-c1ccccn1,1,0.3620689655172414,3.7197966342263595,0.9975879179526506
44502768,CCNC(=O)c1cc(nc2n(nc(c12)C)-c1ccccn1)C1CC1,1,0.3380281690140845,1.4790114942084998,0.9996374766957223
36640365,NC(=O)CN1CCC(CC1)Nc1c(cnc2cc(cc(c12)F)F)C#N,1,0.32926829268292684,2.1063795954198006,0.9984137161720359
56769871,Oc1nccn2c(nnc12)CNC(=O)C1CCCC1,1,0.45454545454545453,2.449732026161244,0.9992306525239814
205729538,O=C(Nc1ccccc1)N1CCCc2cnc(nc21)N1CCOCC1,1,0.515625,1.5390724479368367,0.9992079753738814
32106016,CN(CC(=O)NC1(CCCCC1)C#N)c1cccc(c1)C#N,1,0.7291666666666666,1.758605413388736,0.9985030901150119
30696460,COc1cc2c(cc1OC)CN(CC2)C(=O)C1CCCN(C1)C(=O)OC(C)(C)C,1,0.639344262295082,2.389534264244792,0.9995251317886077
16732808,COc1cc2c(cc1OC)CN(CC2)C(=O)C1CCCN(C1)C(=O)C,1,0.6964285714285714,1.590835000872361,0.998513683932626
44106917,CCCS(=O)(=O)N1CCCC(C1)C(=O)N1CCc2ccccc2C1,1,0.5161290322580645,1.8070713876324116,0.9987571096318002
17159117,COc1cccc(c1)CC(=O)Nc1ccc2nc(sc2c1)C,1,0.45454545454545453,1.552249979868456,0.9990783589584095
31856931,CNC(=O)Cc1csc(n1)-c1ccc(cc1)C,1,0.4489795918367347,1.1900264702937786,0.9992408485279708
25428520,COc1ccccc1-c1nc(cs1)C(=O)O,1,0.3541666666666667,2.023851032067405,0.9986574568999534
4742397,CC(C)CCNC(=O)Cc1csc(n1)-c1ccc(cc1)C,1,0.4444444444444444,1.7529671987800806,0.9989219869359364
16784498,COc1cccc(c1OC)-c1nc(cs1)C(=O)O,1,0.3404255319148936,2.306475232904274,0.9983639742004153
48248496,CN(C1CCS(=O)CC1)c1ncc(cn1)Br,1,0.25,2.178226342692627,0.9955025842704259
36639987,Cc1cc(n2nc(c(c2n1)C(=O)NCC1CC1)C)C,1,0.5714285714285714,1.4560398346192114,0.9998166464751277
104348771,C1Cc2nnc(n2C1)CN1CCc2ccccc2C1,1,0.34545454545454546,1.1767472115960949,0.9990063654869388
49041846,CN1CCC(O)(CC1)CNS(=O)(=O)CC1CCCCC1,1,0.26785714285714285,1.910308875548479,0.9989504220612673
30656579,Cc1ccc(cn1)C(=O)Nc1ccccc1C(C)(C)C,1,0.4897959183673469,1.3600051470488652,0.9991186696968631
24065064,CN(C)C(=O)c1cccc(c1)NC(=O)c1ccc(nc1)C,1,0.5102040816326531,1.114174133607099,0.9994388895515806
43068693,COCc1noc(n1)-c1ccc(nc1)-c1cc(cc(c1)C)C,1,0.3898305084745763,2.2865627041477756,0.998325860746909
46223729,CN1CCN(CC1)c1nc(c(c(n1)C)NC(=O)C1CCCCC1)C,1,0.5777777777777777,2.353520766851074,0.9972366267590949
89942044,Oc1ccc(c(c1)C(F)(F)F)Cn1ccc(n1)NC(=O)c1c(cccc1F)F,1,0.49230769230769234,2.437208033795392,0.9994744299488922
45652159,Cc1csc(n1)N(C1CC1)C(=O)c1cc2c(nn(c2s1)C)C,1,0.43661971830985913,2.3921385829421347,0.9994393120211964
49336073,CC(=O)NC1CCN(CC1)Cc1cccc(c1)-c1cccnc1,1,0.45714285714285713,2.1330721975593696,0.9983369108619006
15987806,CCCc1nc2nc(c(c(n2n1)O)NS(=O)(=O)c1ccc(cc1)C1CCCCC1)C,1,0.3698630136986301,4.033483358091173,0.9982208833010078
49138606,CN1CCN(C(C)(C)C1)S(=O)(=O)c1ccc(nc1)C(F)(F)F,1,0.28,1.8547843540421467,0.996810279948983
48247380,CN(C)c1ccc2c(c1)OCCN2C(=O)NCc1cccnc1,1,0.36619718309859156,1.6861651757764322,0.9994791086426336
82738853,O=C(NCc1cnn2cccnc12)c1ccccc1-n1cnnc1,1,0.5423728813559322,2.8060222736107026,0.9995131801046709
31406035,CN1CCNc2nc3ccccc3nc21,1,0.375,1.8647584293954318,0.9972140586779147
27425362,Cc1cc(n(n1)-c1cccc(c1)NC(=O)c1ccc(c(c1)F)F)C,1,0.43103448275862066,1.8018668097281696,0.9994856898741611
1541141,OC(=O)CCC(=O)Nc1ccccc1C1=Nc2ccccc2NC1=O,1,0.3508771929824561,2.522630571446715,0.9991007656392292
53790787,CC(CN(C)Cc1nnc(n1C)C)Oc1ccc(c(c1)Cl)Cl,1,0.25757575757575757,2.5391031881356065,0.9966201244264719
42961078,Cc1nc(cc(n1)Nc1cnn(c1)C(C)(C)C)Cl,1,0.4107142857142857,2.242889208141616,0.9994721040878121
44385386,Nc1nc(cs1)CN1CCN(CC1)c1ccc(cc1)F,1,0.3148148148148148,1.7256381428330434,0.9991933382588876
43366944,CC(C)c1cc(c(cc1O)O)C(=O)N1Cc2ccc(cc2C1)CN1CCN(C)CC1,1,0.34375,3.324634115207415,0.9985482417603061
36427432,CCc1nc2cc(ccc2o1)-c1c(cccc1OC)OC,1,0.32727272727272727,3.890315668425999,0.9930768601400229
1525474,CCC(=O)N1CCN(CC1)c1ccc(cc1NC(=O)COc1ccccc1)Cl,1,0.4142857142857143,2.1467016560295273,0.998357406267721
11480015,CC(C)c1ccc(cc1)OCC(=O)Nc1cccc(c1N1CCN(CC1)C(=O)C)Cl,1,0.3698630136986301,2.097700169233291,0.9979379621718166
11480017,COc1ccc(cc1)OCC(=O)Nc1cccc(c1N1CCN(CC1)C(=O)C)Cl,1,0.42105263157894735,1.7797148648025536,0.9984023236962664
45816980,COc1nn(cc1C(=O)Nc1cccc(c1)-c1cnc2n1CCC2)C,1,0.38961038961038963,1.9082033434619776,0.9995421681600418
35705370,Cc1nccc(n1)-c1cccc(c1)NCC(=O)N1CCCCCCC1,1,0.8490566037735849,1.548377860859511,0.9983455514926265
177383138,Cc1nnc2ncc(cn12)-c1cccc(c1)-c1ccnn1C,1,0.5686274509803921,1.3255115993458717,0.9992014259133944
30451421,Fc1ccc(cc1)-c1cc(on1)C(=O)NC1=NS(=O)(=O)c2ccccc21,1,0.3,2.297045929014374,0.9992796849816571
32434890,CN(C)c1nc(ncc1C)NCc1ccccc1-n1ccnc1,1,0.5081967213114754,1.3728492269730022,0.9993463797798191
35697150,O=C(NCCc1ccc2c(c1)OCO2)N1CCc2sccc2C1,1,0.6,1.880938063840321,0.999589761318175
36716227,CN(C)c1ncc(n1C)CNC(=O)c1sc2ccccc2c1C,1,0.328125,1.803709510979614,0.9995391514178752
324135709,COc1cc2nn(cc2cc1NC(=O)c1ccn(n1)C(F)F)CCC(C)(C)O,1,0.7714285714285715,2.836620700763502,0.9997208495711862
49155634,COCC1(CC1)c1nc(nn1Cc1cccc(c1)Cl)-c1ccncc1,1,0.32051282051282054,1.664617073083065,0.9985561157993965
48439112,OC(=O)c1cccc(n1)N1CCC(CC1)Oc1ccc(cc1)Cl,1,0.32142857142857145,2.3647915341525096,0.9973612642441854
5736794,CN1C(=O)N(Cc2ccccc2Cl)C(=O)c2c1nc1n(c(cn21)C)-c1ccccc1O,1,0.31645569620253167,2.049749252957811,0.999387509189544
5736788,CN1C(=O)N(Cc2ccccc2C)C(=O)c2c1nc1n(c(cn21)C)-c1ccccc1O,1,0.27631578947368424,2.297236818440125,0.999465233204328
11326025,CCCNC(=O)Nc1ccc(cc1Cl)Oc1ncnc2cc(c(cc12)OC)OC,1,0.34065934065934067,2.228008078979891,0.9980492614462445
73006343,Cc1noc2ncnc(c12)N1CCCN(CC1)C(=O)C1CC1,1,0.4067796610169492,1.6604448199200414,0.9990236945395625
43132553,C1CC1c1ncn(n1)Cc1nc(no1)C(c1ccccc1)c1ccccc1,1,0.3194444444444444,1.6335023722050466,0.9990656758959338
29703212,OC(=O)c1ccc(cc1C1CCCC1)-c1c[nH]c2ncc(cc12)-c1ccccc1,1,0.3287671232876712,3.6935470756443785,0.9981738859605429
73053174,CCN1CCN(CC1)C(=O)CNc1ncnc2onc(c12)C,1,0.30303030303030304,2.2360702135663386,0.9993288702776768
2858011,CC(C)CN1C(=O)NC(=O)c2c1ncn2CC(C)C,1,0.47058823529411764,2.263398992665324,0.9995255095138115
493944,CN1C(=O)N(C)c2ncn(c2C1=O)C,1,0.2982456140350877,6.404550881990213,0.9890165433495766
133851,Cc1ccc2n(c(cc2c1)C(=O)N1CCOC(C1)C(=O)N1CCc2ccccc2C1)C,1,0.37333333333333335,2.60884629673748,0.9984310911300466
35743833,CNC(=O)c1ccc(cc1)CN(C)c1c(cc(cc1F)C#N)F,1,0.375,1.885882021760591,0.9960694526724334
25587599,COc1cccc(c1)-c1nc(n[nH]1)-c1cccnc1,1,0.34285714285714286,1.3868222669118377,0.9995976030236975
36791100,Nc1nncc(n1)-c1ccccc1OC(F)F,1,0.3,1.7137225563082112,0.9975235709888978
25616683,CNc1nc(ncc1F)-c1cc(cc(c1)OC)OC,1,0.32608695652173914,2.0003484696420863,0.9966254426812935
35774799,C1CC(C1)CNc1nc(no1)-c1ccccc1,1,0.5217391304347826,2.116309523675779,0.9983370035433439
1527130,COc1cccc(c1)CNc1ncc(n1C)-c1ccccc1,1,0.47619047619047616,1.1239043553612418,0.999239271160823
1527152,Cn1c(ncc1-c1ccccc1)NCc1ccccc1,1,0.45614035087719296,1.5480242246166276,0.999163779963454
82723223,CN1CCC(CC1)N(Cc1cccnc1)C(=O)NCCCc1ccccc1,1,0.75,1.4193012365244229,0.9994427928761216
222077,CC1(CCN(CC1)Cc1ccco1)c1ccn[nH]1,1,0.29508196721311475,1.4705583973436702,0.9997503171766247
177425249,Clc1cnc(nc1)NCC1(CC1)CN1CCCC1,1,0.4222222222222222,2.3009923945984023,0.9989490633101271
31835550,CC(=O)Nc1cccc(c1)OCC(=O)N1CCCCC1,1,0.5192307692307693,1.8648627295327187,0.9972106481302309
50310131,COCc1ccccc1CNc1ccc2nnc(n2n1)-c1ccccc1,1,0.4098360655737705,2.3369274699908997,0.9993472512557859
24062566,Cc1noc(c1CC(=O)N1CCc2[nH]c3ccc(cc3c2C1)Br)C,1,0.4657534246575342,2.5666258005410727,0.9994460610645387
17268136,C1CN(CCO1)CCN(Cc1cccnc1)Cc1cccc(c1)Oc1ccccc1,1,0.6333333333333333,1.1458538301199699,0.9991382879317677
25041311,Cc1nnc(o1)-c1ccc(nn1)N1CCC(CC1)Oc1cc(ccc1Cl)F,1,0.43661971830985913,1.8928351750746402,0.9968704325464733
36356108,CCCc1cc(n2ncnc2n1)N1CCc2c(nc(n2C)C(C)C)C1,1,0.7213114754098361,0.23614402384831087,0.9999818624349119
EN300-1590205,CC(C)(C)N1N=CC(=C(Cl)C1=O)OCc1ccc(nc1)OCCOCCO,1,0.2898550724637681,1.9948654089939573,0.9983195127558832
316756775,[2H]C([2H])([2H])NC(=O)c1nnc(cc1Nc1cccc(c1OC)-c1ncn(n1)C)NC(=O)C1CC1,1,0.29411764705882354,2.94691533641529,0.9988338715031966
32029938,COC(=O)Nc1ccc(cc1)Oc1nc2ccccc2o1,1,0.3548387096774194,1.8077007495711261,0.9993198353331313
3506779,Cc1ccc(cc1)-c1cc(on1)NC(=O)CN1CCOCC1,1,0.40298507462686567,1.6109581000138167,0.9991456822057501
49992529,CCn1cc(cn1)C1CCN(CC1)Cc1ccc(cc1)C#N,1,0.41818181818181815,2.135855800375827,0.99854165117184
32063538,Cc1ccc(cc1F)C(=O)N1CCN(CC1)C(=O)NCC(=O)N1CCCC1,1,0.47058823529411764,1.5056513540654684,0.9989915929475781
29596013,CN(C)c1cc(ccn1)CNc1ccc(cn1)C#N,1,0.45098039215686275,1.656458269924546,0.9996504101500034
44811754,Cc1c[nH]c2nccc(c12)Oc1c(cc(cc1F)Nc1cc(nc(n1)N)Cl)F,1,0.24358974358974358,5.530767939445627,0.9995412528513842
45712854,CCN(c1ccccc1)S(=O)(=O)c1ccc(cc1)C(=O)Nc1ccccc1C(=O)C,1,0.4339622641509434,2.2390752555463385,0.9972496169165304
25664405,Fc1ccc(cc1)-c1cnc([nH]1)SCCN1C(=O)CCC1=O,1,0.2711864406779661,2.2539409930162475,0.999459741067385
32071082,Cc1cccc(n1)NC(=O)c1cccnc1N1CCCCC1,1,0.42592592592592593,1.5793163077741441,0.9993055664666282
1436740,O=C(CCCOc1ccccc1)N1CCCC1,1,0.8484848484848485,0.885714965437978,0.9994246237254466
48257681,Cn1ccnc1CNc1cc(ccc1-n1cccn1)Br,1,0.3064516129032258,2.831950211426449,0.9987132265096479
43495449,O=C1Nc2nc(ncc2C(=O)N1c1ccccc1)N1CCc2ccccc2C1,1,0.3,1.6128105902429193,0.9994659205308656
36466247,CCOc1ncccc1-c1cc(ccc1O)Cl,1,0.3137254901960784,1.429279888615226,0.997832622870016
30043512,CN(Cc1ccccc1Br)C(=O)Nc1ccc(cc1)C(=O)N1CCCC1,1,0.5689655172413793,1.6110415885382667,0.9985012560349553
177465521,CN(CCO)c1ccc(nn1)-c1ccc(cc1-n1cccn1)C,1,0.323943661971831,1.7574103106559558,0.99930211284894
24884318,COc1c(cccc1CN1CCC(O)(CC1)c1ccc(cc1)F)C,1,0.48333333333333334,2.0124726085094298,0.9971255855274976
32033578,CC(N1CCCN(CC1)c1ccccc1C#N)C(=O)N1CCc2sccc2C1,1,0.4794520547945205,1.7909729199515785,0.9986963213106891
48597409,CN(C)c1ncn(n1)-c1cccc(c1)N,1,0.29411764705882354,1.76254390016257,0.9991005738678898
177414009,CC(C)c1cc(nc(n1)C)-c1ccc(cc1)S(=O)(=O)N(C)C,1,0.46808510638297873,1.3557178910083798,0.9979369003830562
97290253,CCCS(=O)(=O)c1nc(cc(n1)-c1ccc2n(ccc2c1)C1CC(C)(C)NC(C)(C)C1)NC1CC1,1,0.23863636363636365,4.171950143517826,0.999011750013174
5799127,Nc1ccc(nc1)Oc1ccccc1F,1,0.3170731707317073,1.3654149552426627,0.9991921835486448
20173881,Cc1cc(cc(c1)Oc1cc(ccn1)C#N)C,1,0.35555555555555557,1.407056502063872,0.9989316965714022
36790963,Cc1ccnc(c1)Oc1cc(ccc1C)N,1,0.29545454545454547,1.2850692588335877,0.9995851762744512
36909737,Cc1cccc(c1C)Oc1cc(ccn1)CN,1,0.32142857142857145,1.556838784203514,0.9990670547452011
45491581,Cc1cccc(c1C)Oc1ncccc1N,1,0.2916666666666667,0.7501853104398625,0.9993556393383148
278832,O=C(C(c1ccccc1)c1ccccc1)N1CCOCC(C1)Cc1ccc2cnccc2c1,1,0.43037974683544306,1.639058876306416,0.9987834162793369
267729,CS(=O)(=O)N1CC(C1)c1n[nH]c2ncccc12,1,0.32727272727272727,2.3423705940777024,0.9994696504403553
30431093,Cn1ncc-2c1CCc1sc(nc12)NC(=O)c1cccnc1,1,0.46774193548387094,1.6457156498015848,0.9997745963330702
48234480,C1CN(CCC1c1nc(n[nH]1)-c1ccccc1)c1ccccn1,1,0.7083333333333334,1.8586392872203692,0.9994700569438255
89940865,FC1(F)CCN(C1)c1cc(cc(n1)Nc1cc(ccn1)C#N)C1CCN(CC1)C1COC1,1,0.3188405797101449,4.033520174735974,0.9985753143539753
48629606,Cc1cc(no1)-c1nc(nn1CCc1ccccc1)C,1,0.36507936507936506,1.1544765047412044,0.9990441620727539
49944040,COc1cc(ccc1F)CCNC1CCC2(CC1)OCCO2,1,0.3382352941176471,2.020781779411234,0.9972928155882095
82728121,Cc1cc2nc([nH]c2cc1C)CCC(=O)N1CCc2n[nH]cc2C1,1,0.4605263157894737,2.524905938841644,0.9989446397370275
48304378,Cc1cc(nn1C)OCc1ncc(o1)C(C)(C)C,1,0.3076923076923077,1.5841736015983896,0.9995715782998967
48313236,CC(C)S(=O)(=O)C1CCN(CC1)C(=O)c1c(nn(c1Cl)-c1ccc(cc1)F)C,1,0.4225352112676056,1.997672145273197,0.99810957294292
13159362,CN(C(=O)COc1cccc2ccc(nc12)C)c1ccccc1,1,0.4,1.5776964220023908,0.9984790864477746
50427820,CCCOc1ccn2c(cc(c2c1)-c1ccccc1S(=O)(=O)C)C(=O)C,1,0.28205128205128205,1.6982850173037634,0.9995152093541827
49293741,CN(C1CCN(CC1)Cc1cc(no1)C)c1ncc(cn1)Cl,1,0.46296296296296297,2.2049099754865527,0.9969416996890316
49920814,Cc1noc(n1)NCc1cccc(c1)-c1cccnc1,1,0.5869565217391305,1.7614139206900443,0.9994674737624171
1546088,COc1ccc(c(c1)S(=O)(=O)Nc1cccc(c1)CCc1ccccn1)OC,1,0.38571428571428573,2.038858258928255,0.9972920596147313
Z1611059418,CC(C)c1nnc(o1)NCc1ccn(c1)C,1,0.5681818181818182,1.4233193598060336,0.9995323115314707
49979686,Cc1ccnc(c1C#N)N1CC(O)(C1)c1ccc(cc1)F,1,0.4262295081967213,2.1628250044790867,0.9989555381986236
2292167,COc1ccccc1CC(=O)Nc1ncc(s1)C,1,0.4576271186440678,1.3432326678570938,0.9995889053552538
306432,Cc1nc2ncc3c(n2n1)CCCC3=O,1,0.2545454545454545,0.8271559707823315,0.9990368005844367
306440,Cc1nc2ncc3c(n2n1)CC(C)(C)CC3=O,1,0.22033898305084745,1.2548258843360387,0.998546726572171
73048893,CC1=C(Br)CN(CC1)CCC1=Nc2ccccc2C(=O)N1,1,0.352112676056338,1.6414453996401046,0.998931660914839
50614022,CSc1ccccc1S(=O)(=O)NC1CCC(CC1)CN(C)C,1,0.24285714285714285,1.760570078128199,0.997949953144336
3566194,Cc1nc2cc(ccc2o1)NC(=O)CCc1c(noc1C)C,1,0.639344262295082,1.7057458779076706,0.9994514817766602
48835672,CC(C)(C)C(=O)N1CCC(CC1)CN1C(=O)N(C2CCCC2)C(=O)C1=O,1,0.41818181818181815,3.3756980018953344,0.9985554840326045
32042968,C1CN(Cc2ccccc2N1)c1cnc2ccccc2n1,1,0.46153846153846156,1.7239753478515805,0.9977275373838838
3664558,CCc1nnsc1C(=O)Nc1cccc(c1)-c1nnc2n1CCCCC2,1,0.6060606060606061,1.391859547510747,0.9993428653894896
11894372,O=C1NC2(CCCCC2)C(=O)N1Cc1csc(n1)-c1ccccc1,1,0.4262295081967213,2.6224648710700853,0.9990244020576037
139341,COCC(=O)N1CCC(CC1)(Cc1ccccc1-c1cccc(c1)F)C(=O)NC(C)C,1,0.4810126582278481,1.6876957664219543,0.9985209065131017
36944794,C1COc2ccc(cc2OC1)CNc1ccccn1,1,0.4444444444444444,1.8806267572274398,0.9976590529466842
32061442,FC(F)(F)c1cccnc1NCCNC(=O)C1=CN=C2C=CC=CN2C1=O,1,0.3013698630136986,2.366027049718332,0.9994273097073426
206425,CN1C=C(C=CC1=O)C(=O)N1CCC(CC1)c1cc(c2c(n1)CCNC2=O)C(F)(F)F,1,0.6567164179104478,2.070050724016264,0.9988211554930682
16252179,CCOC(=O)c1c([nH]c(c1C)CN(Cc1ccccc1)C(=O)c1ccccc1Cl)C,1,0.36507936507936506,2.18631081962265,0.9986649445210539
50570563,CC(C)n1cc(cn1)CN1CCC(CC1)c1nc(no1)N(C)C,1,0.36619718309859156,1.8749586662101148,0.999252136427544
49977918,CCCn1cc(cn1)CN1CCC(CC1)c1nc(no1)N(C)C,1,0.3333333333333333,2.1033998668816554,0.9993348399081828
30026467,CC(N1CCCC(C1)c1nc2ccccc2o1)C(=O)Nc1ccc(cc1)C(=O)N,1,0.35526315789473684,2.4668528533338345,0.9985154121208579
43429664,CC(N1CCCC(C1)c1nc2ccccc2o1)C(=O)Nc1ccccc1,1,0.4264705882352941,1.4967087224973545,0.9991237641420551
30026465,FC(F)(F)Oc1ccc(cc1)NC(=O)CN1CCCC(C1)c1nc2ccccc2o1,1,0.4146341463414634,1.8464901841061823,0.9990093697207555
30026463,Cc1ccc(cc1C)NC(=O)CN1CCCC(C1)c1nc2ccccc2o1,1,0.44871794871794873,2.079416745147438,0.9982245834722517
24022867,NC(=O)c1ccccc1NC(=O)CN1CCCC(C1)c1nc2ccccc2o1,1,0.39436619718309857,2.4077917268733784,0.998659469043412
32674428,COc1cc(cc(c1)C(=O)NCc1noc(n1)-c1ccccc1)OC,1,0.3548387096774194,1.4375284345012036,0.998615425153025
30151761,OC(=O)c1ccc(c(c1)F)N1CCCC1,1,0.32608695652173914,3.7215999247637006,0.9980932679395081
33665609,COc1ccc(c(c1)OC)C(=O)c1ccc(cc1)Cl,1,0.43103448275862066,1.1723659838122171,0.9968733318240351
36811266,COc1ccc(c(c1)OC)C(=O)c1ccc(cc1)C,1,0.43859649122807015,2.9986410255313807,0.998909032513339
48383292,CC1(C)[C@H]2C[C@H]3Oc4c(ccc(c4C(=O)NCCNS(=O)(=O)C)O)[C@H](O)[C@@]3(O)[C@@H]1C2 |r|,1,0.21686746987951808,5.665191258907186,0.9974783829623332
43664822,Cc1nc(nc2ccccc12)CN1C(=O)CN(C2CCCC2)C1=O,1,0.32786885245901637,1.9739037463871003,0.9995164255056851
6666291,COc1cccc(c1)N1CCN(CC1)c1nc(cc(c1C#N)C)C,1,0.46153846153846156,1.4006252175367742,0.9993715570872045
193725,COc1ccc(cc1)NC(=O)CN1CCC(CC1)c1cc(cc(n1)C)-c1cnc(nc1)N,1,0.4878048780487805,2.2040283573491344,0.9978120380155894
37038179,CC(C)(C)c1ccc(cc1)C1=NC2(CCNCC2)NC1=O,1,0.42105263157894735,2.3050069414211354,0.9987170038999472
30151586,CN(c1ccc2c(n(nc2c1)C)C)c1ccnc(n1)Nc1ccc(c(c1)S(=O)(=O)N)C,1,0.24096385542168675,3.2137991536506854,0.9989703044554507
300136806,OC(=O)/C=C/c1ccc(cc1)Cn1ccnc1,1,0.3283582089552239,4.12246989073296,0.9974798745022019
49343397,COc1cc(ccc1Cn1ccnc1C(C)C)C#N,1,0.3793103448275862,1.7771527790259056,0.9976904499934695
49948742,CCOc1cc(ncn1)N1CCOC2(CCCC2)C1,1,0.3382352941176471,1.3336251347363077,0.9988957560012864
49130614,Clc1cccc(c1)CNc1cnn(c1)CC(=O)N1CCOCC1,1,0.3484848484848485,1.2228466788615142,0.9994619500889643
11001656,Cc1ccc(o1)-c1ccc(cc1)NC(=O)c1ncoc1-c1ccccc1,1,0.3787878787878788,1.7372696969674435,0.9997478528066924
31612429,Cc1cccc(c1)-c1ncc(cn1)CNCc1ccccc1-n1cccn1,1,0.30303030303030304,1.5652360844294093,0.9993429794455074
49316037,N#Cc1ccc2nc(ccc2c1)NCCn1ccnc1,1,0.5094339622641509,1.5631301929148418,0.9994782711895045
299989682,CN1[C@@H]2CC[C@H]1C[C@@H](C2)OC(c1ccccc1)c1ccccc1 |r|,1,0.2653061224489796,1.485477364351611,0.998918613197208
49938986,CN(C)c1ccncc1CN1CCN(CC1)c1ccc(cc1)C(=O)N,1,0.3125,2.360440425005232,0.9975604316399048
49945934,Cc1cnn(c1)Cc1nnc(s1)-c1ccccc1,1,0.2786885245901639,1.5712631861021658,0.9993993668062511
153321,C1CN(CCC1c1ccn[nH]1)Cc1ccncc1,1,0.4230769230769231,2.546191862369898,0.9990052687505292
53755274,CC1=CC=CN(Cc2cccc(c2)C#N)C1=O,1,0.5333333333333333,1.8385257681088019,0.9983082926305127
53766760,CC1=CC(=CN(Cc2ccc(cc2F)C#N)C1=O)Br,1,0.4339622641509434,0.874175039680207,0.9985795832294119
42961554,CC1=CC=CN(Cc2cccc(c2)F)C1=O,1,0.5714285714285714,1.267492011809116,0.9981434597022718
42961556,CC1=CC=CN(Cc2ccccc2F)C1=O,1,0.4883720930232558,2.6356834028388993,0.9856906628186876
171974149,CC(=O)NC[C@H]1C[C@]2(C)[C@@H](CCCC[C@]2(C)O)N1CC1(O)CCOCC1 |r|,1,0.8571428571428571,2.9630536613434204,0.9985063807422186
29578498,CN(CC(=O)NC1CC1)c1nc(cc(n1)C)C,1,0.4528301886792453,1.6026758873834253,0.9979716661783424
32494828,CCCCC1=C(C)Nc2nc(nn2C1=O)N(Cc1cccs1)C(=O)C,1,0.2976190476190476,2.2935468166143744,0.9995774383377404
300430678,CCN(CC)Cc1cccc(n1)/C=C/C1=Nc2ccc(cc2C(=O)N1c1ccccc1Cl)F,1,0.25,2.2093691407279854,0.998912428435271
2057338,C1CCCN(CCC1)Cc1ccc(cc1)-c1ccccc1,1,0.6216216216216216,2.028167152875216,0.9983902573696608
53882277,O=C1N2C=CC=CC2=NC2=C1CN(CC2)S(=O)(=O)C1CCCCC1,1,0.34782608695652173,1.5100397345768406,0.9979753263745034
901986,CCCCC1=NC2(CCCC2)C(=O)N1Cc1ccc(cc1)-c1ccccc1-c1nnn[nH]1,1,0.275,3.9498745549701364,0.9965174791637176
32278040,CCCCC1=NC2(CCCC2)C(=O)N1Cc1ccc(cc1)-c1ccccc1-c1nn[nH]n1,1,0.27848101265822783,4.138614985716818,0.9958203021377001
44457145,CNC(=O)c1ccccc1Nc1nc(ncc1Cl)Nc1ccc(cc1OC)N1CCOCC1,1,0.4772727272727273,3.0004193040306526,0.9986385775930147
43947755,COc1ccccc1CNC1=C(Cl)C(=O)NN=C1,1,0.328125,2.230789770462358,0.9969282736600295
2353222,Fc1ccc(c(c1)CN1CCN(CC1)Cc1ccc2c(c1)OCO2)F,2,0.39622641509433965,0.775727400573185,0.9994881815314312
32230796,CN(CCOc1cc(ccc1C)C)C(=O)c1ccc2n(nnc2c1)C,2,0.3382352941176471,2.077615219428439,0.9991428082725013
319188,CC(C)CCN1CCc2nc3cc(nn3c(c2C1)O)C1CC1,2,0.37681159420289856,1.9611511925398302,0.9988691024219892
411872,CCCCN1CCc2nc3cc(nn3c(c2C1)O)C1CC1,2,0.42424242424242425,1.57108529367393,0.9989623690923985
32113613,CN(C(=O)COc1c(cccc1C)C)C1(CCC1)C#N,2,0.48148148148148145,1.6384959566627078,0.9994062268664908
48755664,COc1ccc2nc(nc(c2c1)NCc1ncc(o1)C)C,2,0.4,1.7439954128387185,0.9994901613768944
31879758,O=C(CCc1cccs1)Nc1ccc(cn1)N1CCOCC1,2,0.36764705882352944,1.5773255846531191,0.9993280035205473
31612429,Cc1cccc(c1)-c1ncc(cn1)CNCc1ccccc1-n1cccn1,2,0.323943661971831,1.5652360844294093,0.9993429794455074
310450,COc1cc(cc(c1OC)OC)CN1C[C@H]2CCC3=C(N=C(C)NC3=O)[C@H]2C1 |r|,2,0.2857142857142857,2.0278740098929973,0.9985340359637551
48880634,C1CCN(C1)CCOc1ccc(cc1)-c1[nH]c2ncnc(c2c1-c1ccccc1)NCC1SCCS1,2,0.33766233766233766,3.952635070430076,0.9982076546001569
24010647,Fc1ccc(c(c1)C(=O)N1CCN(CC1)C(=O)C1CC1)F,2,0.46938775510204084,0.7977662564937276,0.9992472463005566
82700463,COc1cccc(c1-c1ccc(cc1)OCCN1CCCC1)OC,2,0.42857142857142855,1.7877029954665877,0.9986898677833607
11326025,CCCNC(=O)Nc1ccc(cc1Cl)Oc1ncnc2cc(c(cc12)OC)OC,2,0.34065934065934067,2.228008078979891,0.9980492614462445
300055299,OC(=O)CNc1nc(nc2ccccc12)-c1ccccc1,2,0.352112676056338,2.2878605726752403,0.9989776107993781
38477365,Cc1ccc(c(n1)-n1cc(cn1)Cl)CN,2,0.2631578947368421,2.471906753904926,0.9995403116594993
31881571,CCCC(=O)Nc1ccc(nc1)-n1cccn1,2,0.4,1.7891075987761798,0.999651458951871
48242871,C1CCC2(CC1)CCN(C2)c1ncnc2[nH]ncc12,2,0.3333333333333333,3.0871209888826976,0.9983174711960889
36933237,CC(C)(C)n1ncc(c1C(F)(F)F)C(=O)N1CCCn2ncnc21,2,0.23880597014925373,1.47936202465787,0.9990295543947741
49339585,OC(=O)c1ccc(cc1)CCC(=O)N1CCc2c(cc(cc2C1)F)F,2,0.3968253968253968,3.304543538826513,0.9942552875045519
232859591,Cc1ccc(cc1S(=O)(=O)NCc1cnn(c1C)C)-c1cnc(o1)C,2,0.578125,1.783327507778961,0.999605533861982
44384801,CCCNS(=O)(=O)Nc1ncnc(c1-c1ccc(cc1)Br)OCCOc1ncc(cn1)Br,2,0.2289156626506024,3.6114851515685333,0.9984783588717678
31997330,CC1CCN(CC1)Cc1ccc(cc1)NC(=O)c1ccccn1,2,0.4426229508196721,3.1626386135630176,0.9973964065565807
30599464,CCN1C(=O)Oc2cc(ccc21)NC(=O)c1ccc(cc1)C(C)(C)C,2,0.46938775510204084,2.002668719484016,0.9983852304225119
31981926,CC(=O)NCC1CCN(CC1)C(=O)c1cncn1-c1ccc(cc1)F,2,0.660377358490566,1.7382836362342073,0.9993425477902235
48210000,CCN1CCC(CC1)Nc1ncnc2n(ncc12)C,2,0.40350877192982454,1.9082033434619776,0.9995421681600418
35701590,CCN1CCC(CC1)N(C)c1ncnc2n(ncc12)C,2,0.5370370370370371,2.524905938841644,0.9994195359262462
177285754,CCC(C)(C)N1CCN(CC1)C(=O)Nc1cnn(c1C(F)F)CC(C)C,2,0.38235294117647056,1.9849332482480067,0.9991588520939731
177450733,COCCc1noc(n1)CN(C)C(=O)c1ccc2c(c1)CCC2,2,0.3888888888888889,1.5826117654058331,0.9988921416175123
32033578,CC(N1CCCN(CC1)c1ccccc1C#N)C(=O)N1CCc2sccc2C1,2,0.4794520547945205,1.7909729199515785,0.9986963213106891
82736647,CC(=O)c1ccccc1-c1cccc(c1)C(=O)NCCCN1CCCC1,2,0.4925373134328358,2.3395790219609687,0.9976980281269593
31397498,O=C(Nc1ccccc1-n1ccnc1)c1cccs1,2,0.6122448979591837,2.5387538281608135,0.9993281548926978
32611176,CCOC(=O)C1CCN(CC1)C(=O)c1cc2occc2c(n1)Nc1ccc(cc1)F,2,0.325,2.5984245226669604,0.9994509295161803
37038179,CC(C)(C)c1ccc(cc1)C1=NC2(CCNCC2)NC1=O,2,0.42105263157894735,2.3050069414211354,0.9987170038999472
35743833,CNC(=O)c1ccc(cc1)CN(C)c1c(cc(cc1F)C#N)F,2,0.375,1.4434569616028887,0.9960694526724334
36419852,Cc1cccc(c1)-n1cnnc1CCCN1CCOCC1,2,0.45161290322580644,1.0073261636630146,0.9988032340789588
177407455,CCCN(CCC1=CCCCC1)C(=O)c1cc(n[nH]1)C(F)F,2,0.532258064516129,1.996616888639445,0.9980217404457362
49825510,Nc1ccnc2ccc(cc12)Oc1ccccc1,2,0.3103448275862069,1.6822214479668682,0.9984803892871592
43881116,CN(CC1=CC(=O)N2C=C(C)C=CC2=N1)Cc1cccc(c1Cl)Cl,2,0.4827586206896552,1.722073459524961,0.9988579723348001
53870877,Cc1ccccc1N1C(=O)NN=C1CC1CCN(CC1)C(=O)C1CC1,2,0.34375,1.7295600596679095,0.9992338406725693
1516596,Cc1ccc(cc1)C(=O)COC(=O)c1cc(nc2ccccc12)O,2,0.328125,2.0586269696086883,0.9982472478302626
50282202,CCS(=O)(=O)N1CCN(CC1)c1ccc(cc1)Nc1ncc(c(n1)NC1CC1)C(=O)N,2,0.32608695652173914,2.9750016806716433,0.9962404147707107
5536034,Cc1ccccc1CSc1ccc(nn1)-c1ccccn1,2,0.2698412698412698,1.8444730954936261,0.9995206489798601
49297123,Cc1cc(c(c(n1)C)NC(=O)c1ccnc(c1)OC1CCC1)C,2,0.3384615384615385,1.5758162963997766,0.9990536119164342
49964398,Cn1cnnc1NC(=O)c1cnn2c1CCCC2,2,0.3548387096774194,1.4232610442211522,0.9996452498975122
226819,CN1CCC(C1)Cc1cccc(n1)-c1nccs1,2,0.4032258064516129,2.3123066405648856,0.9993348399081828
32106793,Cc1cc(n(n1)-c1cc(ncn1)Nc1ccccc1C)C,2,0.32142857142857145,1.8749943999916212,0.9993673826580186
300764697,Cc1sc(c(c1Cc1ccc(cc1)C(F)(F)F)C(=O)NC1(CC1)c1ccc(cc1)C(=O)O)C,2,0.2753623188405797,2.7505394016448084,0.9977319120279153
36262171,Cc1nn(c(c1CCC(=O)N1CCCc2ncccc21)C)C,2,0.5932203389830508,1.7356163170466479,0.9989293130224497
24879868,CCC(=O)N1CCCc2cc(ccc21)C(O)CN1CCN(CC1)c1ccc(cc1)OC,2,0.3835616438356164,2.389534264244792,0.9981252573463424
48277570,COc1ccncc1NCc1ccc2c(c1)OCCO2,2,0.38181818181818183,1.909086168825418,0.997708187230225
31901754,Cc1ccc2nc(c(cc2c1)C(=O)N1CCC(CC1)C(=O)Nc1ccncc1)C,2,0.42028985507246375,1.7114102372021707,0.9988211554930682
877450,OC(Cn1cncn1)(Cn1cncn1)c1ccc(cc1F)F,2,0.37254901960784315,2.543834114088908,0.9994353071968473
48281908,Cc1oc2ncnc(c2c1C)NCc1cc(cc2c1OCOC2)F,2,0.4393939393939394,1.8906305826363816,0.9996911057463208
207489,Fc1cccc(c1)-c1c[nH]nc1C1CCCN(C1)C(=O)CCc1ccc(cc1)Cl,2,0.6376811594202898,2.3891291300385507,0.9987877395168955
36918888,CC(C)c1ncncc1C(=O)N1CCN(CC1)c1cccc(c1)C,2,0.34782608695652173,2.1710255641058365,0.9978086393111008
136829,Fc1ccc(cc1)CNC(=O)C1(CCOCC1)Cc1ccc(cc1)-c1cccnc1,2,0.5454545454545454,1.9959691881390975,0.9976204225394857
32077202,Cc1nccc(n1)-c1cccc(c1)NCC(=O)NCC(=O)N1CCCC1,2,0.8490566037735849,1.9647391684394335,0.9990913628023875
315272596,Nc1ncc(cc1C(F)(F)F)-c1cc(n(n1)CC1CC1)C1C2CN(CC21)C1COC1,2,0.21052631578947367,4.031727793390928,0.9982213250159065
316271501,CCC(CC)N1CC[C@H](O)[C@@](O)(COc2cc(ccc2Cl)C)C1 |r|,2,0.6666666666666666,2.0017777099367318,0.9987382126826662
4851238,OC(=O)c1csc(n1)Cc1ccc(cc1)Cl,2,0.3541666666666667,2.308052642380723,0.9984188522822479
48303504,CC(C)c1cccc(n1)CN1C(=O)N(C)C2(CCCCC2)C1=O,2,0.4098360655737705,3.013804904103824,0.9995164255056851
11000834,CCOC(=O)c1cc2ccccc2n1CC(=O)c1ccc(cc1)F,2,0.35384615384615387,1.7530995408136436,0.9985679761224815
2502094,Cn1cnnc1-c1cccc(c1)NS(=O)(=O)c1ccc(cc1)N1CCCC1=O,2,0.7049180327868853,2.3788097864267885,0.9984542234325847
2205552,CN(CCOCCOc1ccccc1-c1ccccc1)Cc1ccccc1.OC(=O)C(=O)O,2,0.42857142857142855,4.055265959218732,0.9973238697052836
49292072,CN(C1CCCCCCC1)C(=O)COc1cc(on1)C,2,0.3793103448275862,1.5588838956125504,0.9989525596667304
30190454,NC(=O)C1CCN(CC1)C(=O)CCc1ccc(cc1)Cl,2,0.4489795918367347,1.7843368516064717,0.9980224339643897
35741477,O=C(NCc1ccc2c(c1)OCCO2)c1sccc1C1CC1,2,0.6538461538461539,1.524206350859517,0.9990966939425403
24881110,COc1ccc2nc(ccc2c1)CN1CCC(O)(CC1)c1ccc(cc1)C,2,0.4090909090909091,1.9850735502744772,0.9990635116409923
300481375,Fc1cc(ccc1CNCc1ccccn1)Br,2,0.4074074074074074,1.3574781766200898,0.9993722572759075
300417634,N#Cc1cccc(c1)CNCc1ccccn1,2,0.42857142857142855,1.8432872809195984,0.9990433992836917
324007832,CC[C@@](C)(NC(=O)c1cc(cnc1NC1CC(F)(F)C1)F)C#C |r|,2,0.25609756097560976,2.352848698918065,0.9992389133349591
1321458,COc1cc(c(c(c1)Br)Nc1nc(cs1)-c1c(nc2ncccn12)C)Br,2,0.45588235294117646,1.6378922430978105,0.9990391245737298
48759758,COC(C)(C)C(=O)Nc1ccnc(n1)C(C)(C)C,2,0.43478260869565216,1.4212009006475355,0.9992270110475469
139133,CN(C)C(=O)C1(CCN(CC1)C(=O)c1ccc(s1)C)Cc1ccccc1-c1ccccc1,2,0.6612903225806451,3.4781125628711216,0.9979901261854331
37112493,Fc1ccc(cc1)CNC(=O)NCC#CCN1CCc2ccccc2C1,2,0.3620689655172414,2.724847151676757,0.9936710787131384
48974948,Cc1nc(c(s1)C(=O)Nc1ccc(cc1)Cl)-c1ccccc1,2,0.4909090909090909,1.4443337564429732,0.999453447459178
5466232,Cc1nc(c(s1)C(=O)Nc1ccccc1)-c1ccccc1,2,0.5714285714285714,1.2617753365792037,0.9994555499921611
2461065,Nc1nc(c(s1)C(=O)Nc1ccc(c(c1)Cl)Cl)-c1ccccc1,2,0.4406779661016949,1.7360434902385695,0.9993843911320793
3110901,Cc1nc(c(s1)C(=O)Nc1ccc(c(c1)C(F)(F)F)Cl)-c1ccccc1,2,0.4090909090909091,1.5258305934801635,0.9993364726127272
2460976,Cc1nc(c(s1)C(=O)Nc1ccc(c(c1)Cl)Cl)-c1ccccc1,2,0.45,1.523816590013104,0.9991860353537957
49156244,CCCCn1nc(nc1CNC)-c1ccc(o1)C,2,0.4032258064516129,1.505734704388684,0.999477795689934
13159362,CN(C(=O)COc1cccc2ccc(nc12)C)c1ccccc1,2,0.3968253968253968,1.5776964220023908,0.9980432330112667
189882719,Clc1ccc(cc1)/C=C/C(=O)N1CCC2(CC1)CN(Cc1ccc(c(c1)Cl)Cl)C(=O)O2,2,0.3287671232876712,1.1458538301199699,0.9991382879317677
31918332,Cc1nc(sc1C(=O)Nc1cccc(c1)-c1ccn[nH]1)Cc1ccccc1,2,0.7192982456140351,2.12744259617067,0.9991840552809825
36994254,O=C(NC1(CCC1)c1ccccc1)c1cc(on1)C1CC1,2,0.3142857142857143,1.413381406415257,0.9993487668024077
315782,Cc1nc2cc(nn2c(c1C)NCc1cccnc1)-c1nccn1C,2,0.43103448275862066,4.367607239667485,0.9990697414515598
MCULE-7418747203,Cc1noc(c1CSC(=N)N1CCOCC1)C,2,0.3333333333333333,2.3824902937892674,0.9987948430429285
82741701,CCc1c(nn(c1C)CCNC(=O)CCc1cnccn1)C,2,0.5818181818181818,2.672253730467761,0.9990361440629976
49330926,C(c1nc(no1)-c1ccccn1)n1ccnc1,2,0.35185185185185186,1.3934299408299076,0.9994351416513598
43079475,CC(C)c1nccn1-c1cccc(c1)-c1ccnc(n1)C,2,0.38333333333333336,1.7219012747539788,0.9988792051500089
30724831,CC(C)c1onc(c1C(=O)Nc1ccccn1)C,2,0.4098360655737705,1.029248269368447,0.9998282883161889
31239684,Fc1ccc(cc1)C1=C(NN(C1=O)c1ccc(cc1)Cl)c1ccncc1,2,0.3392857142857143,2.1970550744118986,0.999012973683623
30231738,Fc1cccc(c1)-c1nnn(n1)Cc1ccc(cc1)C(=O)N1CCCC1,2,0.4,2.1568750543320094,0.998912428435271
30434191,COc1ccc(cc1)S(=O)(=O)CCC(=O)Nc1ccc2c(c1)N(C)C(=O)CO2,2,0.5606060606060606,2.0350036855005116,0.9983112827782518
36260547,N#CCCCN1CCC(CC1)c1c[nH]c2ccccc12,2,0.3939393939393939,2.1242478668932603,0.9991068708155482
53798259,COCCN(C)c1ccc(cn1)CN1CCOC2(CCCC2)C1,2,0.4788732394366197,1.5111869507111446,0.9985370796709759
36440866,CC(=O)N1CCC(CC1)Cn1ccnc1-c1cc2ccccc2s1,2,0.40298507462686567,1.72672088074439,0.9990994244638916
49331719,Fc1ccc(cc1NCC(=O)N1CCCCCC1)N1CCCC1=O,2,0.4074074074074074,2.0746973273225624,0.9991264819533897
313514585,COc1cccc(c1)-n1nc(cc1-c1ccc(c(c1)Cl)C1CCCCC1)C(=O)O,2,0.3108108108108108,2.203779480801202,0.9988266245832504
27369500,Cc1ccc(cc1)C(=O)C(=O)Nc1c(nn(c1C)C)C,2,0.4090909090909091,1.5725240856658944,0.999245506936628
48439112,OC(=O)c1cccc(n1)N1CCC(CC1)Oc1ccc(cc1)Cl,2,0.32786885245901637,2.3647915341525096,0.9973612642441854
49925402,NC(=O)c1csc(c1)CN1CCc2cc(ccc2C1)F,2,0.3225806451612903,1.717858841698178,0.9984674288541279
68907961,CC(C)CN(Cc1cnn(c1)C)C(=O)c1cccc(c1)-c1cnccn1,2,0.3974358974358974,1.8411433947414964,0.9994301559105366
280546,O=C(N1CCOCC(C1)Cc1cccc2ccncc12)c1cccc(c1)Nc1ncccn1,2,0.43037974683544306,3.050756791355193,0.998677713883691
36922204,Cc1nnc(c(c1C)C#N)N1CCCSCC1,2,0.3333333333333333,1.3418371734304069,0.9986611153951974
25002833,CNC(=O)C1CCN(CC1)Cc1ncc(o1)-c1ccc(cc1)F,2,0.4426229508196721,1.428517063251179,0.9992079753738814
48321050,CN(C)S(=O)(=O)Nc1ccc(cc1)-n1ncc2ccccc12,2,0.27586206896551724,2.2977586905507343,0.998008646173508
48745204,CS(=O)(=O)NC1CCCN(C1)c1nc2ccccc2o1,2,0.3064516129032258,1.9606937547716063,0.9982333973997337
1557497,COc1cccc(c1)-n1c(nnc1COc1cccc2ccccc12)S,2,0.38095238095238093,1.8836310679111703,0.9974229384230564
1557473,COc1cc(cc(c1)-n1c(nnc1COc1cccc2ccccc12)S)OC,2,0.34375,2.5326910589332274,0.9962371833381672
3416569,Cc1ccc(cc1)-c1nc(cs1)CN1C(=O)N(C2CCCC2)C(=O)C1=O,2,0.42857142857142855,2.442023750908042,0.9984753497830189
206429,CN1CCC(CC1)C(=O)N1CCC(CC1)c1cc(c2c(n1)CCNC2=O)C(F)(F)F,2,0.6567164179104478,2.3513713020278706,0.999619445744008
11478087,Cc1ccc2c(c1)cc(c1nnnn21)CNCCc1ccccc1,2,0.4461538461538462,1.9348744145293337,0.9985626340374435
171961096,Cc1cccc(c1)OC[C@@]1(O)CN(CC[C@@H]1O)C[C@]1(O)CC[C@H](CC1)C(C)(C)C |r|,2,0.3888888888888889,5.055233327948263,0.9971590060242779
312296,COc1ccc(cc1)C(=O)CN1C(=O)N(c2ccccc2F)c2nc(nc(c21)C(=O)N)C,2,0.27380952380952384,2.556311600724535,0.9987123081741138
312262,CCOc1ccc(cc1)C(=O)CN1C(=O)N(c2ccc(cc2)F)c2nc(nc(c21)C(=O)N)C,2,0.2967032967032967,2.592494165857104,0.9990123473472116
139895,NC(=O)C1(CCN(CC1)Cc1cccc(c1)Cl)Cc1ccc(cc1)-c1cccnc1,2,0.5942028985507246,2.027513501804671,0.9990080292064256
139887,COc1cccc(c1)CN1CCC(CC1)(Cc1ccc(cc1)-c1cccnc1)C(=O)N,2,0.5915492957746479,2.2577998139782305,0.9986443959891742
53751074,CN1C=CC(=CC1=O)CN1C(=O)c2ccccc2C1=O,2,0.35555555555555557,1.7146171584347663,0.9990913110762062
197945,Cc1cc(cc(n1)C1CCCN(C1)CC(=O)Nc1ncc(s1)C)Nc1ccccn1,2,0.6052631578947368,2.777127832851922,0.9993844047720887
LN01331065,OCCn1cc(c(n1)-c1ccncc1)-c1ccc/2c(c1)CC\C2=N/O,2,0.43243243243243246,1.8021684161030216,0.9993576966699668
43021928,CCCCOc1ccccc1-c1cc([nH]n1)C(=O)NCCc1cccs1,2,0.625,3.172029003651511,0.9986683078116376
30742732,CN(Cc1ccc(o1)C)C(=O)c1sc2nc(nc(c2c1C)C)C,2,0.5344827586206896,1.8274736660222062,0.999269256166547
89942016,Nc1ncc(c2ccc(nc12)-c1cccc(c1)F)C(=O)NC1CN(C1)C(=O)C1CC1,2,0.3188405797101449,1.85032321500819,0.9990009742580361
317964046,Cc1nnc(s1)-c1ccc(nn1)N1CCC(CC1)Oc1ccccc1C(F)(F)F,2,0.43661971830985913,1.2987320739859938,0.9986513512109094
48671463,COc1ccc(c(c1)OCc1ccccc1)N,2,0.40425531914893614,1.6011008712756634,0.9975059764164937
48760016,CCc1ccc(o1)CNc1nncs1,2,0.3404255319148936,1.374799258074043,0.9995265221766246
177360703,CN1C(=O)C=C(N(C)C1=O)C(=O)N1CCN(CCc2ccccc2)C(=O)C1,2,0.5517241379310345,2.1023023093739033,0.9982635127654063
29994713,CN(CCc1ccccn1)c1cnc2ccccc2n1,2,0.42857142857142855,2.5171307077701743,0.9979430224002853
708404,Cc1nsc(c1C#N)Nc1ccccc1,2,0.3191489361702128,1.497637806681297,0.9997457993165455
13458787,CC(C)C(=O)Nc1ccc(cc1)-c1nc(sc1C)-c1ccccn1,2,0.42424242424242425,2.397810042517875,0.99889749722794
151551,Cn1ccc(n1)C(=O)N1CCCC(C1)c1cccc(n1)-c1cccc(c1)Cl,2,0.7049180327868853,1.5383253882062051,0.9993370338523971
50347915,Cn1c(nnc1C1CC1)SCOCc1ccccc1,2,0.49019607843137253,1.3665665003943057,0.9981130735081079
177382586,Cc1ccc2[nH]c(nc2c1C)CNC(=O)c1ncoc1C,2,0.2777777777777778,2.278664521161392,0.9988892712974242
49972886,CCc1nc(cs1)CNc1ccc(nc1)C#N,2,0.42592592592592593,1.7832641419596789,0.9995222137847874
43141052,N#Cc1ccccc1-c1ccc(o1)-c1nccn1-c1cccnc1,2,0.2857142857142857,1.3868222669117967,0.9994245795404706
3333585,O=C(CSc1nnc([nH]1)-c1cccs1)N1CCCCCC1,2,0.39622641509433965,2.1459296353791264,0.9986556241224459
29665944,Cc1ccc2c(coc2c1C)CC(=O)Nc1ncccc1C,2,0.41818181818181815,1.7088715574906066,0.9998206035577252
46223729,CN1CCN(CC1)c1nc(c(c(n1)C)NC(=O)C1CCCCC1)C,2,0.5777777777777777,2.353520766851074,0.9974642169022678
36356120,CC(C)c1nc2c(n1C)CCN(C2)c1ncnc2ccccc12,2,0.6851851851851852,1.3602117482210463,0.9991610832097465
50359676,CC1=NN(CCOc2ccc(c(c2)F)Cl)C(=O)C=C1,2,0.3333333333333333,1.7520913218208884,0.9984866526207781
50354657,CC1=NN(CCOc2cc(cc(c2)Br)F)C(=O)C=C1,2,0.3333333333333333,1.6912181999966267,0.997825264886838
49122070,Cc1cccc(c1CNC1(CCO)CCOCC1)C,2,0.44680851063829785,1.771633709320493,0.9977974641745663
48250318,Fc1ccccc1CN(C1CCOCC1)C(=O)NCC#C,2,0.33783783783783783,1.161146846871602,0.9991280980501815
49832746,O=C1N(NC=C1n1ccnn1)c1cc(ncn1)N1CCOCC1,2,0.43283582089552236,2.1444610045417214,0.9992883192545227
310102,OC1CCN(CC1)c1nccc(n1)-c1cccs1,2,0.5925925925925926,1.5806716926672055,0.999057538146759
48762192,Cc1nccc(c1Cl)NC(=O)CCc1ccncc1,2,0.5306122448979592,1.8277171553608476,0.9993332896345842
294504,CC(C)(C)NC(=O)CN1N=C(OC1=O)C(c1ccccc1)c1ccccc1,2,0.3220338983050847,1.9350033591701803,0.9983920334093793
48753166,CCc1nccn1Cc1nc(nc(n1)N(C)C)N,2,0.32,2.297045929014374,0.9990775720333761
11312507,CCCN(CCc1cccs1)[C@H]1CCc2c(cccc2C1)O |r|,2,0.3,2.0851021557706373,0.9985763800301937
300449850,Fc1ccccc1CCNC(=O)CC1CCNCC1,2,0.3508771929824561,1.251756765510086,0.9989770959913284
11791483,CC(C)CN1C(=O)N(Cc2ccccn2)C(=O)C1=O,2,0.3877551020408163,1.7577858231308576,0.9993885052750017
48773349,OC(=O)c1ccccc1COc1cccc2cccnc12,2,0.4,3.641555162289907,0.9951187086567196
31409108,NCc1cccnc1OCc1ccccc1,2,0.29411764705882354,1.3921659383849585,0.9992797206709373
32436924,CCc1oc2c(cccc2c1C)-n1cnnc1,2,0.25,1.6756115301582017,0.9994880882537313
44097664,Cc1ccc(c(c1)C)C(=O)C1CCN(CC1)CC(=O)NC(=O)Nc1ccccc1,2,0.5714285714285714,3.091681581275794,0.9921681050706407
46650374,CC(C)CCN(C)c1ncnc2nc(cc(c12)C)C,2,0.2857142857142857,1.8308164845225834,0.9981474695659871
50550848,COC1=CN(N=C(C1=O)c1ccnn1-c1ccccc1)c1ccc(cc1F)-n1cccn1,2,0.2916666666666667,2.330289252431665,0.998718239786846
300962268,Fc1ccc(cc1Cl)-n1cc(nn1)/C=C/c1ccnnc1,2,0.24242424242424243,1.8927474739120371,0.99746637307334
18877730,OC(=O)c1cc(cc(c1NC(=O)CSc1nccn1C1CC1)Cl)Cl,2,0.23255813953488372,2.638379047824697,0.9991004162524699
31412719,CCCc1noc2nc(cc(c12)C(=O)O)-c1ccncc1,2,0.40350877192982454,4.307481979068446,0.9975998800493818
44402919,NC(=O)Cn1cc(cn1)-c1ccc(cc1)F,2,0.2909090909090909,1.9090390252692495,0.9990741536916753
48544545,Oc1[nH]c2ccc(cc2c1-c1ccc(cn1)CN1CCOCC1)C#N,2,0.32,2.5257048521150947,0.9985164402702584
11957669,CC1CCN(CC1)Cc1nc(c2c(c(sc2n1)C)C)N1CCN(CC1)c1cnccn1,2,0.41935483870967744,4.041633828045465,0.9985628591793222
24970980,CC(C)CN(C1CC1)c1ncnc2n(ncc12)C,2,0.42857142857142855,1.2943144903772708,0.9993201410763118
3593598,Clc1ccccc1-c1ccc(o1)C(=O)N1CCN(CC1)C(=O)c1ccccc1,2,0.38461538461538464,2.255486200356862,0.9992983237630141
49320295,CN(C1CCC1)C(=O)Nc1cc(cc(n1)C)C,2,0.4230769230769231,1.549841604809885,0.9987844389245936
53800443,CCc1[nH]nc(c1C)NC1CCC(CC1)C(=O)OC,2,0.2923076923076923,2.327376634753961,0.9995228205492817
34501664,Fc1ccc(c(c1)Cl)C(=O)Nc1nc(cs1)-c1ccccn1,2,0.3620689655172414,1.0397090939293296,0.9997571506204893
177369616,O=C1N(Cc2ccc3c(c2)CCCO3)C=Nc2ccncc21,2,0.48333333333333334,1.9807422851042906,0.9991947596843616
24070010,Cc1sc2nc(nc(c2c1C)N1CCN(CC1)c1ccncc1)CN1CCOCC1,2,0.45614035087719296,3.37611166876944,0.9989162577705953
49330331,CN(CCC1CCCCC1)C(=O)c1ccon1,2,0.4423076923076923,1.4162482127084366,0.9985552181281327
24069164,FC(F)Oc1ccccc1NC(=O)CN1CCOC(C1)c1ccc(cc1)F,2,0.4307692307692308,4.295803650075324,0.983071357179863
49040700,Brc1nnc(s1)N1CCC(CC1)OC1CCCC1,2,0.2545454545454545,1.827392130879411,0.9975010548443644
49655478,COc1cccc(c1)-c1ccc(o1)C(=O)N(C)Cc1c(nn(c1C)C(C)C)C,2,0.3176470588235294,2.465385365414687,0.9993211308961762
30066231,CC(C)Oc1cccc(c1)C(C)NC(=O)c1ccnc(c1)-n1cncn1,2,0.4714285714285714,1.7200738356242156,0.998458224291628
48749260,CN(C)c1nccc(n1)N(C)Cc1nc(cs1)C,2,0.4166666666666667,2.22998206270817,0.9986328833492749
49953876,COc1nc(nc(c1C)N(C)Cc1nccs1)C,2,0.26865671641791045,2.125864059623822,0.999426173902222
49955148,Cc1cc(c(c(c1)C)CC(=O)N1CC(CO)C1)C,2,0.29411764705882354,2.1638151492214854,0.9987207367901628
48832018,OCC1CN(C1)C(=O)Cc1cccc(c1)I,2,0.3508771929824561,2.649115701512464,0.9974411881363412
43249211,OC(=O)c1ccccc1-n1cnc(c1)CN1CCCC1,2,0.45098039215686275,1.4856493529761168,0.999173691524694
36008838,CCCCCCNc1ncnc2[nH]ccc12,2,0.2909090909090909,4.530591793574077,0.9997007090852145
1284751,C[C@@H]1CN(C[C@H](C)O1)C(=O)CC(c1ccccc1)c1ccccc1 |r|,2,0.3793103448275862,2.233103893686894,0.9994158665815329
1412632,Cc1cc(no1)NC(=O)c1cccs1,2,0.42,2.7981790507401594,0.9991115420609176
32048916,CC(C)(C)c1nc(no1)CN1N=Nc2ccccc2C1=O,2,0.4,1.6496466288267277,0.9990672125267889
43068693,COCc1noc(n1)-c1ccc(nc1)-c1cc(cc(c1)C)C,2,0.3898305084745763,2.155944108737281,0.9984717451194534
53789119,O=C(NCCN1CCc2ccccc2C1=O)c1ccon1,2,0.31343283582089554,1.8601835930902224,0.998607686841884
32080176,OCc1ccc(cc1F)CNC(=O)Nc1ccccc1,2,0.39285714285714285,2.0297945708866916,0.9983276151353352
31847933,COc1ccc(cc1F)CN(C)C(=O)Nc1ccccc1,2,0.5084745762711864,1.873931962478983,0.9989273829849514
44811774,C[C@@H]1CN(C[C@H]1C1=Nc2c(cnn2C2CCOCC2)C(=O)N1)Cc1ccccc1 |r|,2,0.3902439024390244,3.1152431686794158,0.9991983265856313
56769871,Oc1nccn2c(nnc12)CNC(=O)C1CCCC1,2,0.3728813559322034,2.449732026161244,0.9992306525239814
36582188,CN(Cc1noc(n1)C)C(=O)C1c2ccccc2-c2ccccc21,2,0.3230769230769231,1.410723218777782,0.9988208386145409
301065487,CCCN(Cc1ccccc1)C(=O)CC1(N)CCC1,2,0.36363636363636365,1.5762106458213736,0.9981758724255012
48210605,C(Cn1ccnc1)Nc1cnc2ccccc2n1,2,0.5094339622641509,2.367678821123345,0.9992239918455921
32423148,Clc1ccc(cn1)Cc1nc(n[nH]1)-c1ccccc1,2,0.3220338983050847,1.780431970056961,0.9995460185243672
49970980,N#Cc1cc(ncn1)Oc1ccc2c(c1)CCC2,2,0.32,1.8743740288426847,0.9987103780007955
3615737,C1COC(C1)CNc1nc(cs1)C12CC3CC(CC(C3)C2)C1,2,0.26865671641791045,3.1931190081172813,0.9987461165987801
30270890,Oc1ccc(cc1)-c1noc(n1)C1CC1,2,0.45098039215686275,1.6951516156379791,0.9982646950474588
MCULE-1169396424,CCOc1ccccc1CNCCc1c[nH]c2ccccc12,2,0.375,2.126071964915469,0.9983390715053252
Z86139961,Fc1cccc(c1CNCCc1c[nH]c2ccccc12)Cl,2,0.3448275862068966,1.8662296214558904,0.9991315883466682
MCULE-2124560621,CCOc1cccc(c1)CNCCc1c[nH]c2ccccc12,2,0.35,2.218266891065828,0.9984914349842536
31878736,CN(Cc1ccccc1)C(=O)c1ccc(nc1)-n1cccn1,2,0.5344827586206896,2.107209054650281,0.9987022871309393
30063049,CC1Cc2cc(ccc2N1C(=O)C)S(=O)(=O)Nc1cccc(c1)-c1cnco1,2,0.35802469135802467,1.2728935540739865,0.9993603614832332
7695671,Cc1cccc(c1)OCC(=O)Nc1ccc2c(c1)C(=O)N(C2=O)c1ccccc1,2,0.4067796610169492,1.8950496035723439,0.9986807215242282
44582746,OC1CCN(CC1)C(=O)CCCc1cc(sc1Cl)Cl,2,0.3050847457627119,1.9260550355584707,0.9991286111501856
49646610,CCN(C/C=C/c1ccc(cc1)F)Cc1nc(no1)COC,2,0.28169014084507044,1.7583301737728156,0.9966665272818964
49083449,CCN1CCN(c2ccccc21)S(=O)(=O)c1c[nH]c(n1)C(C)C,2,0.5714285714285714,2.5277812405349143,0.9988843111598352
165195,Fc1ccc(cc1)-c1cccc(n1)C1CCCN(C1)C(=O)c1ccc2[nH]ccc2c1,2,0.5142857142857142,2.160781802959167,0.9984876486658839
7723164,Cc1cccc(n1)NC(=O)c1ccc2ccccc2c1,2,0.5333333333333333,1.8355111004841902,0.99871342098303
36627798,O=C(Cc1cn2ccccc2n1)N1CCC(CC1)N1C(=O)Nc2ccccc21,2,0.4626865671641791,4.529429544655488,0.9994812641494885
73019704,FC(F)CN1C(=O)CSc2ccc(cc21)NC(=O)C1CC=CC1,2,0.2608695652173913,1.0365654827363677,0.9992261132843204
29578498,CN(CC(=O)NC1CC1)c1nc(cc(n1)C)C,2,0.4528301886792453,1.5816086747357856,0.9981951611469246
16664610,Cc1nc2cc(ccc2o1)NC(=O)CCc1c(nc2n(nc(c2c1C)C)C)C,2,0.639344262295082,2.1484990109386626,0.9994773879981996
6892467,COc1cc(cc(c1OCc1ccc(cc1)Cl)Br)CNc1nnn[nH]1,2,0.3333333333333333,2.567909655731745,0.9953367486989997
30708674,CN(C)c1ccc(cn1)CN1C(=O)Nc2ccccc2C1=O,2,0.3888888888888889,1.7113667052963881,0.9994086230867552
35717800,OC(=O)c1cc(nc2ccccc12)/C=C/c1csnn1,2,0.3050847457627119,2.886373329976639,0.9975016408323106
301143195,Oc1ccc2nc(ccc2c1Cl)/C=C/c1csnn1,2,0.21794871794871795,1.867140326810421,0.998995887890555
49127244,NS(=O)(=O)N1CCN(CC1)Cc1c(cccc1N1CCCC1)F,2,0.58,2.2296764339249604,0.9975630677647452
89942288,CC1(C)OCCn2c1nc1c(nc(nc21)-c1cnc(nc1)N)N1CCOCC1,2,0.2289156626506024,2.9260239233471688,0.9990116629439403
27042311,COc1cccc2c1O/C(=N\Nc1ccccc1)C(=C2)C(=S)N,2,0.2711864406779661,1.719839527397671,0.9982211175754182
43830470,Fc1ccc(cc1)CSc1nnc(s1)NC(=O)C1CCC1,2,0.3793103448275862,1.3121973936874365,0.999418339817229
49969708,Fc1cc(ccc1CNc1ncccn1)-c1ccncc1,2,0.41304347826086957,1.2275369648204333,0.9994465752570385
29963741,CC(C)c1cc2c(coc2cc1C)CC(=O)NC1CCN(C)CC1,2,0.43333333333333335,2.6143700962177476,0.9994761577643714
48876547,CCn1c(cc2c1nc(c1ncn(c12)C)Nc1cc(n(n1)C)C)C(=O)N(C1CC1)C1CC1,2,0.2222222222222222,7.625978691289211,0.9990663230325251
45668511,Cc1cc(c2c(c1)CCCN2C(=O)c1ccc(cc1)-c1nnc(o1)C)C,2,0.34210526315789475,1.829867481540746,0.9992048406261723
31968180,CN1CCN(CC1)c1ccc(nc1)NC(=O)c1ccccc1Cl,2,0.4126984126984127,1.897081969763251,0.9990175962833773
1119882,CC(C)(C)C(=O)Nc1nnc(s1)Cc1ccccc1,2,0.46,1.3715877660578488,0.9994975402186685
43366906,CCc1cc2c(cc1N1CCC(CC1)N1CCOCC1)C(C)(C)c1[nH]c3cc(ccc3c1C2=O)C#N,2,0.34523809523809523,4.701101360319744,0.9978783734364689
EN300-1590205,CC(C)(C)N1N=CC(=C(Cl)C1=O)OCc1ccc(nc1)OCCOCCO,2,0.2898550724637681,1.6420867821161578,0.9988931605170328
48248496,CN(C1CCS(=O)CC1)c1ncc(cn1)Br,2,0.3157894736842105,2.178226342692627,0.9974780529528311
316779701,O=C(NC12CCCC2NCC1)c1ccc(cc1)-c1cn[nH]c1,2,0.5076923076923077,2.1030337610222474,0.9986865179449588
3686549,Cc1c(oc2c(cccc12)F)C(=O)N1CCC(CC1)C(=O)Nc1ccc2c(c1)OCO2,2,0.34177215189873417,2.3211219269997874,0.9993111947515201
24472719,Cc1noc(c1CCC(=O)Nc1cccnc1)C,2,0.5535714285714286,1.0901940194290625,0.9997307997394409
30026467,CC(N1CCCC(C1)c1nc2ccccc2o1)C(=O)Nc1ccc(cc1)C(=O)N,2,0.35526315789473684,2.6107069923679833,0.9985154121208579
43429664,CC(N1CCCC(C1)c1nc2ccccc2o1)C(=O)Nc1ccccc1,2,0.4264705882352941,1.4967087224973545,0.9991237641420551
30026465,FC(F)(F)Oc1ccc(cc1)NC(=O)CN1CCCC(C1)c1nc2ccccc2o1,2,0.4146341463414634,1.8464901841061823,0.9990093697207555
30026463,Cc1ccc(cc1C)NC(=O)CN1CCCC(C1)c1nc2ccccc2o1,2,0.44871794871794873,2.079416745147438,0.9982245834722517
24022867,NC(=O)c1ccccc1NC(=O)CN1CCCC(C1)c1nc2ccccc2o1,2,0.39436619718309857,2.4263089250962016,0.998659469043412
30658737,CN(Cc1cccc(c1)C#N)c1cnc2ccccc2n1,2,0.4716981132075472,2.1910584200334196,0.996810279948983
50897886,Cc1c(ccc2[nH]c(cc12)C#N)CN1CCC(CC1)Nc1ncnc2sc(cc12)CC(F)(F)F,2,0.6666666666666666,6.540048012055402,0.9992592148622622
49953664,COc1ccc2nc(nc(c2c1)N1CC(O)(C1)c1ccc(cc1)F)C,2,0.5636363636363636,1.855526879352579,0.9986177362558444
36662966,CC(C)c1nnc(o1)CN1CCN(CC1)c1ccccc1Cl,2,0.5576923076923077,1.464377342080913,0.9973928143207622
168892617,CCc1nc(cn2nc(cc12)C1=CC(=O)N2C=C(C=C(C)C2=N1)C1CCN(C)CC1)C,2,0.35714285714285715,4.7653269562539435,0.998496076219149
36944794,C1COc2ccc(cc2OC1)CNc1ccccn1,2,0.44,1.635258695130589,0.9976590529466842
232868057,CSc1ncccc1C(=O)Nc1ccc(cc1)-c1nnc([nH]1)C,2,0.5,1.0806997732955366,0.9996606799174782
43241548,CC(=O)Nc1cc(ccn1)CCC1CCNCC1,2,0.31666666666666665,2.4490312370403564,0.9984591683785242
48292374,O=C(Nc1cncc2ccccc12)c1ncccn1,2,0.3508771929824561,1.3289326544261981,0.9993365083449384
19996324,O=C(CSc1ccc2c(c1)OCCO2)NC1CCCC1,2,0.6304347826086957,1.5892070349705119,0.9988700637500518
53755274,CC1=CC=CN(Cc2cccc(c2)C#N)C1=O,2,0.5333333333333333,1.8385257681088019,0.9983082926305127
53766760,CC1=CC(=CN(Cc2ccc(cc2F)C#N)C1=O)Br,2,0.45614035087719296,0.874175039680207,0.9985795832294119
42961554,CC1=CC=CN(Cc2cccc(c2)F)C1=O,2,0.5714285714285714,1.267492011809116,0.9974592523647481
42961556,CC1=CC=CN(Cc2ccccc2F)C1=O,2,0.4883720930232558,2.6356834028388993,0.9856906628186876
31274390,Cc1ccccc1N1C=CNC(=O)C1=O,2,0.2765957446808511,2.4582109348060888,0.9985303310857114
32785534,Cc1ccc(cc1)N1C=CNC(=O)C1=O,2,0.3541666666666667,2.74289208683098,0.9987016781028938
140075,CC(C)(C)C(=O)N1CCC(CC1)(Cc1ccc(cc1)-c1cccs1)C(=O)N1CCCC1,2,0.32051282051282054,4.904456544817121,0.9968755874029183
423170,Cc1ncc(c(n1)CCNC(=O)C1CCCC1)-c1ccccn1,2,0.36923076923076925,1.6408570931064055,0.9988495252772529
50614022,CSc1ccccc1S(=O)(=O)NC1CCC(CC1)CN(C)C,2,0.23880597014925373,2.0644284923435143,0.9977529334827073
43881453,CN(CC(=O)Nc1cccc(c1C)C)CC1=Nc2ccccc2C(=O)N1,2,0.352112676056338,1.7414393472067469,0.9989990226958915
43964901,CN(CC(=O)Nc1cccc(c1C)C)CC1=Nc2ccc(cc2C(=O)N1)Cl,2,0.3466666666666667,1.6335023722050466,0.9991671731110331
49985873,COc1ncccc1CNc1ncnc2n(ncc12)C,2,0.4098360655737705,2.2125751964622578,0.9996746210308765
36516873,COc1cccc(c1)Nc1c(cnc2c(cc(cc12)S(=O)(=O)c1cccc(c1)C(=O)N(C)C)C)C(=O)N,2,0.33766233766233766,2.18631081962265,0.9987238907039138
48613632,Cc1cc(nc(n1)CNC(=O)c1ccccc1Cl)N1CCCCC1,2,0.36363636363636365,2.6496935671884647,0.9974370338338083
48613628,COc1ccccc1C(=O)NCc1nc(cc(n1)N1CCCCC1)C,2,0.3717948717948718,2.3525352282164893,0.9980348037882474
30457837,Fc1cccc(c1)OC1CCN(CC1)Cc1nc2ccccc2[nH]1,2,0.5178571428571429,1.6102043348592767,0.9974262097984872
31412367,Cc1nn(c2nc(cc(c12)C(=O)O)C1CC1)-c1ccccn1,2,0.3620689655172414,3.7197966342263595,0.9977497967848146
44502768,CCNC(=O)c1cc(nc2n(nc(c12)C)-c1ccccn1)C1CC1,2,0.3380281690140845,1.4790114942084998,0.9996374766957223
36325996,Clc1snnc1CN1CCCN(CC1)c1nc2ccccc2[nH]1,2,0.5737704918032787,1.8298857887860762,0.9989520451025096
902055,CCC[C@@H]1C[C@H](N(C)C1)C(=O)N[C@H]([C@@H](C)O)[C@H]1O[C@H](SC)[C@H](O)[C@@H](O)[C@@H]1O |r|,2,0.20270270270270271,6.149239871723675,0.9987675887784189
49067788,CCN(CC)CC(=O)Nc1ccc(cc1)Oc1ccc(nn1)C,2,0.3157894736842105,1.9988184009559087,0.9955381547605335
36748737,Cc1ccc(nn1)Oc1ccc(cc1)N,2,0.29545454545454547,1.6019612979095097,0.9958891552848664
299989682,CN1[C@@H]2CC[C@H]1C[C@@H](C2)OC(c1ccccc1)c1ccccc1 |r|,2,0.2463768115942029,1.485477364351611,0.998918613197208
72973086,CC(C)(O)CNc1ncc(c(n1)CC1CC1)-c1ccnc(n1)Nc1ccnc(c1)Cl,2,0.3815789473684211,3.160843083735882,0.9986109105779317
299987327,COc1cc2nc(nc(c2cc1OC)N)N1CCN(CC1)C(=O)c1ccco1,2,0.33783783783783783,1.8255251299283382,0.9994714627099355
3566966,Cc1nc2cc(ccc2o1)NC(=O)Cc1c(nc2ccccc2c1C)C,2,0.5666666666666667,1.948533551161268,0.9995428309954791
214735,Cc1cc(nc(n1)C1CCNCC1)NC1CCCC1,2,0.3541666666666667,1.7350708919236513,0.9988322397643518
49956416,CCOc1cccc(n1)NS(=O)(=O)C,2,0.30434782608695654,1.76254390016257,0.9973121149533236
49932658,CCCCN(C)C(=O)Nc1cc(ccn1)C,2,0.49056603773584906,2.892826645341781,0.9942337099179698
49426796,Cc1ccc(cn1)NC(=O)OCC(F)(F)F,2,0.35185185185185186,1.5410681360665748,0.9985881763533234
73014952,CCN(CC)C(=O)CSCc1cncc(c1)F,2,0.288135593220339,1.566890551378862,0.9986925591635861
29601204,CCCNC(=O)c1ccnc(c1)N(C)C,2,0.4074074074074074,1.4428170362175776,0.9993295639648079
48747142,COc1c(cnc(c1C)CN(C)S(=O)(=O)N)C,2,0.23809523809523808,1.8647584293954318,0.9983470444806261
41482724,Cc1ncccc1NC(=O)OC(C)(C)C,2,0.36,0.9746081263770424,0.9993353553060802
48328503,CC#CCCNC(=O)c1cccnc1C,2,0.38596491228070173,1.0028250096601445,0.9994004228275599
49328626,CC(C)CC(=O)Nc1cccnc1N(C)C,2,0.3275862068965517,1.6360134473775798,0.9993009784809581
29574117,CCC(=O)NCc1ccnc(c1)N(C)C,2,0.5833333333333334,1.4816649418814944,0.9993055664666282
49916996,Cc1cc(ncc1Br)N(CCO)CCCO,2,0.23333333333333334,1.6343081104859807,0.9976004067166689
30062609,CC(=O)N1CCN(CC1)C(=O)CS(=O)(=O)C12CC3CC(CC(C3)C2)C1,2,0.2857142857142857,1.7295519651049573,0.9992955863491503
45649160,CN1CCN(Cc2noc(n2)Cc2ccccc2)c2ccccc21,2,0.43333333333333335,1.615430902267225,0.9985109678209346
2258308,O=C(Nc1nc2ccccc2[nH]1)c1ccncc1,2,0.6590909090909091,2.6026325134374164,0.9992381313935178
32138137,Cc1noc(n1)CCNc1ncnc2ccccc12,2,0.45098039215686275,1.5887510818254713,0.9996251736384781
316272522,Cc1ccc(c(c1)OC[C@@]1(O)CN(CC[C@@H]1O)C1CCCC1)Cl |r|,2,0.9583333333333334,1.5480300384682029,0.998699457081438
82730349,COc1ccc(c(c1OC)OC)-c1nn(c2ccccc12)C,2,0.46511627906976744,1.8358169843424266,0.9987580770146772
25835159,Oc1ccc(c(c1)O)/C=C/1\SC(=NC1=O)N1CCN(CC1)c1ccccc1,2,0.47619047619047616,2.170976969016918,0.9988551197912673
49968150,CN(Cc1ccc(nc1)N)c1cc(nc(n1)-c1ccncc1)C,2,0.56,1.6322037250297217,0.999472092997054
3683577,COc1cc2c(cc1OC)CN(CC2)C(=O)C1CCCN(C1)S(=O)(=O)c1cccs1,2,0.6923076923076923,2.6407031260631366,0.9987134157688744
36304724,Cc1cccc(c1)CNc1cccc2c1CCN(C2)S(=O)(=O)C,2,0.5,1.5941395798359423,0.9986570782343884
46603974,Cc1nc(c2c(noc2n1)C)NC1(CC1)c1cccc(c1)Cl,2,0.30158730158730157,1.1491327164429566,0.9995708403791422
16780289,Cn1ncc2c(ncnc12)Oc1cccc(c1)C(C)(C)C,2,0.66,1.3597363715075688,0.9989767794189368
2972727,Cc1nn(c(c1Oc1ccccc1O)C)CCC#N,2,0.25806451612903225,1.1759770405927397,0.9989976777532833
Z102329238,Cn1c(nc2ccccc12)CNC(=O)Cc1cccc2ccccc12,2,0.7021276595744681,1.6301800514055582,0.9984134049190698
31919176,CN(Cc1c(noc1C)C)C(=O)c1ccc(nc1)C,2,0.40625,1.9056555302575418,0.9995822093614039
49383435,CCCCOc1nc(c2c(n1)N(CC(=O)N2)Cc1cccc(c1)CN1CCCC1)N,2,0.29069767441860467,3.0148830823095536,0.998062740866271
290024482,COc1ccc(cc1)OCc1n[nH]c(n1)-c1n[nH]c2c1CCC2,2,0.5454545454545454,2.493894544682872,0.9989652788201012
36950801,CN(CC1CCCC1)C(=O)Nc1ccccc1N1CCOC1=O,2,0.47619047619047616,1.910308875548479,0.9991728118877051
365482,CC(C)C(=O)NC[C@H]1CC[C@@H](CC1)c1nn(cc1-c1cc(no1)C)C |r|,2,0.28378378378378377,2.0733726148483904,0.999006319910086
49335777,Cn1cc(c(n1)-c1ccncc1)CN1CCN(CC1)c1ccccc1O,2,0.3275862068965517,1.805167305264735,0.9993565598361701
35785818,Fc1ccc(cc1)NC(=O)c1cc(nn1-c1ccccc1)C1CC1,2,0.4909090909090909,0.9379392304415886,0.9994945885920118
LN00194655,C[C@]12CC[C@H]3[C@@H](CC(=C)C4=CC(=O)C=C[C@]34C)[C@@H]1CCC2=O |r|,2,0.3142857142857143,5.220728110139196,0.9975256850713624
37009919,FC(F)(F)Oc1ccc(cc1)N1CCC(CC1)NC(=O)N1CCC1,2,0.4444444444444444,1.7502128441990943,0.9989547043068837
44134429,COc1cc2c(cc1OC)C(=O)NC(=N2)CN1CCC(CO)CC1,2,0.3150684931506849,1.9450287915607707,0.9991476872137499
195031,COc1cccc(c1)N(C)CCC(=O)N1CCC(CC1)c1ccc(cn1)-c1ccc(nc1)N,2,0.43529411764705883,1.5719984096683366,0.9983643221655709
36264533,O=C(NCCc1cn2c(n1)CCCC2)c1ccccn1,2,0.5245901639344263,2.4540660137824344,0.9991995879024337
48276932,O=C1CCCN1c1ccc(nc1)NCc1ccccn1,2,0.3582089552238806,1.8785294780749557,0.9997301059165338
44811754,Cc1c[nH]c2nccc(c12)Oc1c(cc(cc1F)Nc1cc(nc(n1)N)Cl)F,2,0.2571428571428571,6.057797289443872,0.9995412528513842
36318534,Cn1ccc2c(cccc12)C(=O)Nc1ncn(n1)Cc1cccnc1,2,0.5932203389830508,2.3617652296541745,0.9996891100077144
48309286,Cc1nccn1CCCN1C(=O)SC(C)(C)C1=O,2,0.40816326530612246,1.9819432383395783,0.9989199395602938
44462124,CN(C)CC(=O)N1CCC(CC1)c1ccc(c(c1)C1=CCCCC1)NC(=O)c1nc(c[nH]1)C#N,2,0.25274725274725274,4.1439354483388895,0.9977027399899164
48631332,C1CN(Cc2nnc(o2)C2CC2)CC(C1)(c1ccccc1)c1ccccc1,2,0.32786885245901637,1.7077245093984414,0.9985790402833036
314860,CCN1C(=Nc2ccccc2C1=O)CN1CCCCCC1,2,0.4,0.8775032763467435,0.9994873381030772
43674916,Cc1csc(n1)N1CCN(CC1)Cc1ccc(nc1)OCC(F)(F)F,2,0.36486486486486486,1.804311503039442,0.9988160496867472
1324972,COc1cc2c(cc1NC(=O)C)oc1ccccc12,2,0.3492063492063492,1.0973982868588905,0.9994369970718554
36464307,C(Cc1n[nH]c(n1)-c1cccc2cnccc12)c1ccccc1,2,0.4,1.0702004485142307,0.9995033093821754
313091037,OC(=O)C1CN(C1)Cc1ccc(cc1)OCc1ccc(c(c1)Cl)Cl,2,0.3448275862068966,2.9607770939401257,0.9906156549356478
50279769,COc1cc(c2c(c1)N=C(C)NC2=O)Br,2,0.2923076923076923,1.6281916349132284,0.998342905773097
30713459,CC(C)CC(=O)NCC(=O)N1CCCC1,2,0.4666666666666667,1.3707950247941478,0.9985087327870124
301817626,CN(C1CCC(N)CC1)C(=O)c1cc(ccc1F)N1CCNC1=O,2,0.7454545454545455,1.9970485722685578,0.9992112772675678
25831603,C/C(=C/1\C(=NN(C1=O)c1ccc(cc1)F)C)Nc1ccc(cc1)S(=O)(=O)N,2,0.29577464788732394,1.9699360395708736,0.9984662465750567
25831601,COc1ccc(cc1)N1N=C(C)/C(=C(\C)Nc2ccc(cc2)S(=O)(=O)N)C1=O,2,0.42424242424242425,1.9158363708833395,0.9989753107549872
18861554,CC(C)c1noc2ncc(cc12)C(=O)Nc1cc(ccc1C)F,2,0.3283582089552239,1.2950675658041209,0.9996218885196049
300445634,CN(C)CCOc1cc(ccc1NC(=O)C1COc2ccccc2O1)-c1cn[nH]c1,2,0.2857142857142857,1.9532163218649912,0.9986871985645118
43245209,OC(=O)c1n(nc2ccccc12)Cc1ccccc1,2,0.3958333333333333,2.604910363141389,0.9984409962415873
425680,Cc1cc(on1)-c1cnn(c1C1CC1)CCNC(=O)c1sc(nc1C)C,2,0.328125,2.2651673227383964,0.9995957248028482
324396,C=CCNc1ncc(c(n1)C1CC1)-c1cnccn1,2,0.673469387755102,1.6497696808946611,0.9994876937577073
49154015,Clc1cc(cc2n(cnc12)CC=C)-c1ccc(o1)C(=O)NC1CC1,2,0.2753623188405797,2.024547109849819,0.9996255873966577
53751990,Cc1ccc(cc1S(=O)(=O)Nc1ccc(cc1)C(=O)N1CCCC1)F,2,0.5,2.275125271276276,0.9972819951883971
48355573,CCC(=O)NCc1cc(n(n1)C1CCCC1)C1CC1,2,0.3088235294117647,1.8438166937090448,0.9996850324293317
48355585,CCOCC(=O)NCc1cc(n(n1)C1CCCC1)C1CC1,2,0.2876712328767123,1.5094396311215477,0.9996591104247374
27398627,Fc1ccc(cc1)C(=O)N1CCN(CC1)CC(=O)N1CCCC1=O,2,0.4117647058823529,1.8354296499731257,0.9978890288680288
42902190,CC1CN(CCC1Nc1ccc2nnnn2n1)Cc1cnc(s1)C,2,0.2857142857142857,1.8526246246874538,0.9992489774742053
43990384,CCN(CCO)CC1=Nc2cc(c(cc2C(=O)N1)OC)OC,2,0.2545454545454545,2.1208833065492905,0.9992649575431066
49948742,CCOc1cc(ncn1)N1CCOC2(CCCC2)C1,2,0.3333333333333333,1.3336251347363077,0.9988957560012864
13329354,CCN1CCN(CC1)S(=O)(=O)Cc1ccc(c(c1)Cl)Cl,2,0.34615384615384615,2.0560970307842314,0.9927044803889512
13329162,CN1CCN(CC1)S(=O)(=O)Cc1ccc(c(c1)Cl)Cl,2,0.36,1.9776539131000783,0.9925933240259528
36701026,Clc1cccc(c1)-c1nnc(o1)Cn1cnc2ccccc12,2,0.5849056603773585,1.619751215465112,0.9994103643992466
306110,Fc1ccc(cc1)CN1CCN2C(=Nc3ccccc3C2=O)CC1,2,0.6792452830188679,1.7863000867717183,0.9985963036581569
210343,Cc1nc(cc(n1)C1CN(C1)c1ncccn1)Nc1nccs1,2,0.358974358974359,1.9647969360722588,0.9995422764419356
49125344,CC1CCC(CC1)N(Cc1nnc(o1)C1CCC1)C1CCC(O)CC1,2,0.27586206896551724,2.686076692873957,0.9985532623825685
265759,Cc1cc(cc(n1)C1CN(CCO1)C(=O)Cc1csc(n1)C)Nc1nnc(s1)C,2,0.6842105263157895,2.3178727316230945,0.9995882643762825
411164,COCCNc1c(c(nc2cc(nn12)-c1nccn1C)C)C,2,0.2835820895522388,4.8576828838448485,0.9992616406941915
315806,CN(C)CCCNc1c(c(nc2cc(nn12)-c1nccn1C)C)C,2,0.2753623188405797,3.181414150971589,0.998848752182694
44424625,Cc1ccc(cc1)-c1ccc(o1)-c1nccn1CCCn1cnnc1,2,0.3387096774193548,2.198752600907194,0.998839769852614
45753290,Cc1nnc(o1)-c1ccccc1NCc1ccsc1,2,0.36363636363636365,1.6788493083064424,0.9994813270333476
177307791,CC(C)Nc1ccc(cn1)-c1cc2c(cc1CO)OCCO2,2,0.30158730158730157,2.1112176581301427,0.998558201768793
27419746,O=C(NCc1nncn1-c1ccccc1)C1CCCC1,2,0.5094339622641509,0.9834490327412894,0.9992031644325559
49146795,Cn1cc(cc1-c1nc(nn1CCc1ccccc1)C1CC1)C#N,2,0.36507936507936506,1.6731090819189895,0.9989530281273332
25664405,Fc1ccc(cc1)-c1cnc([nH]1)SCCN1C(=O)CCC1=O,2,0.2711864406779661,2.2539409930162475,0.999459741067385
193781,COc1ccc2c(c1)C=C(CO2)CN1CCC(CC1)c1cc(cc(n1)C)-c1cncnc1,2,0.7714285714285715,3.1369770480511314,0.99696325652149
31856310,Cc1cc(on1)CN1CCN(CC1)c1ncccn1,2,0.46808510638297873,1.582424721747942,0.9989379842064399
53851976,Cc1cc(n(n1)CCNC(=O)NC1CCOCC1)C,2,0.4444444444444444,1.6788644972133715,0.9995910039974153
49972816,CN(CC(=O)Nc1cccc(n1)C)c1ncccc1F,2,0.4098360655737705,2.369713906782746,0.9993869868000886
49300421,Cc1noc(n1)NCc1ccc(cc1C)F,2,0.4339622641509434,1.4966135105633398,0.9989289147553634
48931485,CN(CC(=O)Nc1cccc(c1)S(=O)(=O)N1CCCC1)C1CCCCC1,2,0.5423728813559322,2.006651190416431,0.9986457412837663
3409017,O=C(NCCc1ccc2c(c1)OCCO2)c1ccc2ccccc2n1,2,0.4406779661016949,2.0099231328584355,0.998798688670458
32007436,Cc1cc(n(n1)-c1ccc(cn1)CNC(=O)c1ccc2c(c1)CCO2)C,2,0.5538461538461539,1.2606482459434354,0.9995891732447686
342116,COc1cccc(c1)CN1Cc2ccccc2OC2(CCOCC2)C1,2,0.30434782608695654,2.4285275374183635,0.9993089536063123
44398457,CCCC(=O)Nc1cnc(nc1)N1CCN(C)CC1,2,0.375,2.075202158827039,0.9988830019297101
50131633,CCCC(=O)NCC(=O)Nc1cnc(nc1)N1CCN(C)CC1,2,0.3157894736842105,2.4567519207275703,0.9979318230586895
29683420,CN1CC(=O)N(CCCC(=O)Nc2cccc(c2)C#Cc2cccs2)C1=O,2,0.42424242424242425,3.2290772675796418,0.9976336212706528
29676702,O=C1CCCN1C(=O)COc1cccc(c1)-c1nnco1,2,0.3484848484848485,1.8714913838965959,0.9990961282510018
2246274,COc1ccccc1C(=O)Nc1cccc(c1)C#N,2,0.5294117647058824,2.4521674086408307,0.998381104740975
232870003,CSc1ccc(cc1)C(=O)Nc1cccc(c1)C(=O)NCC(C)C,2,0.3793103448275862,1.7660806889833558,0.9990882515429439
31837160,CN(C)C(=O)c1ccc(cc1)NC(=O)c1cccc(c1)F,2,0.5102040816326531,1.5307726807072224,0.9989731351465648
44492208,CN(CC(=O)NC1CC1)C(=O)C1C2CC3CC(C2)CC1C3,2,0.4230769230769231,1.726871738144119,0.9988273615554084
32020284,Cc1cc(c2c(nn(c2n1)C)C)C(=O)Nc1cccc(c1)-c1cnco1,2,0.39473684210526316,2.1115856601138177,0.9997279291445004
44048515,CN(C)CC(C)(C)CNC1=C(Br)C(=O)NN=C1,2,0.3050847457627119,1.9697890750031182,0.998127494705074
2332052,O=C1N(CCN2CCOCC2)C(=O)c2cccc3cccc1c23,2,0.3389830508474576,1.229767051111563,0.9989194936959707
71008775,CC(C)n1cnnc1-c1cccc(n1)NC(=O)c1cc(c(cc1F)C)-n1cnc(c1)C1CC1,2,0.37362637362637363,2.5295173452656265,0.9994335297086605
151187,COc1ccc(cc1)-c1cccc(n1)C1CCCN(C1)C(=O)C1CCCC1,2,0.5757575757575758,2.363367935806649,0.9983902573696608
232880886,O=C(N(Cc1ccccn1)C1CCCCC1)c1ccccc1N1CCOCC1,2,0.35714285714285715,2.191123684322542,0.9981209416969454
50894425,NC(=O)Cn1ccc(n1)-c1ccccc1,2,0.3488372093023256,1.5938014305431119,0.9991193568703741
37544502,Cn1nc(cc1N)-c1cc(cc(c1)F)F,2,0.3023255813953488,2.12991150050904,0.9994696504403553
24879320,OC1(CCN(CCNC(=O)c2cccc(c2)F)CC1)c1cccc(c1)F,2,0.3787878787878788,1.79147090403371,0.9975008288007114
222764757,CCCc1ncncc1C(=O)NCc1nncn1CCC,2,0.5079365079365079,1.458283580103587,0.9991611974445362
306432,Cc1nc2ncc3c(n2n1)CCCC3=O,2,0.3673469387755102,0.8271559707823315,0.9990368005844367
306440,Cc1nc2ncc3c(n2n1)CC(C)(C)CC3=O,2,0.23214285714285715,1.2548258843360387,0.998546726572171
49081113,CC(C)(C)c1cnc(o1)CN1CCC(=O)Nc2cc(ccc21)F,2,0.5396825396825397,1.6269671170620288,0.9990598000826297
32005722,O=C1NCCCCC1NC(=O)N1CCc2sccc2C1,2,0.42857142857142855,2.6666883957443543,0.9995079154994189
49354187,FC(F)(F)CN1CCC(CC1)N1CCS(=O)(=O)CC1,2,0.2037037037037037,2.146356913469723,0.998370693592539
25642172,CCN(CC)S(=O)(=O)c1ccc2c(c1)CCN2CC(=O)NCc1ccccc1F,2,0.34328358208955223,1.8304922835127517,0.9990049196309484
53749740,Clc1ccc(cn1)CSc1nc(c[nH]1)-c1ccccc1,2,0.24561403508771928,1.3386186910395343,0.9996551289699467
43216036,CCS(=O)(=O)N1CC(CC#N)(C1)n1cc(cn1)-c1ncnc2[nH]ccc12,2,0.25333333333333335,2.7728786486245554,0.9980172911409402
48747071,O=S(=O)(Cc1csc(n1)C1CCCC1)C1CCCC1,2,0.26666666666666666,1.604534200321125,0.9982142867537097
53880265,O=C(NC1CCCC1)N1CCN(CC1)c1nccn2nc3c(c12)CCCC3,2,0.5692307692307692,3.485769498977442,0.9993562784608869
73016554,Cc1cc(cc(n1)N1CCc2c(ncn2CCc2ccccc2)C1)C#N,2,0.576271186440678,1.6517384780888384,0.9991741587768733
11882682,CN(C)c1nc(nc2scc(c12)-c1cccs1)CN1CCOCC1,2,0.5633802816901409,2.3275899552971406,0.9992596960627539
23998049,O=C(Cc1ccc2c(c1)CCC2)Nc1nc2ccccc2o1,2,0.3225806451612903,1.1318025446160822,0.9996255815516751
20478041,O=C(N1CCC(CC1)Oc1cccnc1)c1ccc2oc(nc2c1)CCCc1ccccc1,2,0.3333333333333333,2.4224215157564646,0.9973698554760343
1527294,COc1ccc(c(c1)OC)CNc1ncc(n1C)-c1ccc2c(c1)OCO2,2,0.48484848484848486,2.4064987014332724,0.9990215624092763
36639987,Cc1cc(n2nc(c(c2n1)C(=O)NCC1CC1)C)C,2,0.5714285714285714,1.4560398346192114,0.9998166464751277
18894115,Cc1cc(cc(c1)C(=O)Nc1c(cnn1C)C#N)C,2,0.5098039215686274,1.7090131655431537,0.9987880466004273
43370641,COc1cc(cc(c1O)OC)CNC(=O)NC1CCCCC1,2,0.4117647058823529,2.7906517159976585,0.9974783829623332
30020911,Cn1cnnc1-c1cccc(c1)NS(=O)(=O)c1ccc2c(c1)OCCCO2,2,0.6721311475409836,1.7221106236242791,0.9986861504882453
30194144,COc1ccccc1C(=O)CSc1nncn1C1CC1,2,0.31746031746031744,1.4521039907665438,0.9986352024734589
181831,CNCc1cc(nc(n1)C1CCCN1C(=O)c1ccccc1-c1ccccc1)N(C)C,2,0.640625,2.482750289497466,0.9991308148835747
45652159,Cc1csc(n1)N(C1CC1)C(=O)c1cc2c(nn(c2s1)C)C,2,0.43661971830985913,2.6018624098896743,0.9994393120211964
784983,OC(=O)c1cc(ccc1O)/N=N/c1ccc(cc1)S(=O)(=O)Nc1ccccn1,2,0.273972602739726,2.7083408205030985,0.9986328219916198
300566847,CCN(CC)C(=O)c1ccc(cc1)C1=CC2(CCNCC2)Oc2cccc(c21)O,2,0.31666666666666665,2.2345272430648953,0.9976973470030148
31951751,CC(C)c1csc(n1)NC(=O)C1CCN(CC1)c1ncccn1,2,0.4339622641509434,1.5679470654327443,0.9989800320336183
48305854,Cc1nc(cs1)CCN1C(=O)NC(C)(C)C1=O,2,0.41509433962264153,1.3561161454677602,0.9997824805354413
150507,Fc1ccc(cc1)Cc1cccc(n1)C1CCN(CC1)C(=O)CCc1ccccc1,2,0.4745762711864407,1.9330545776051615,0.9986447384147175
177304918,COC1(CCN(CC1)Cc1ncccc1Cl)c1nc(no1)Cc1ccccc1,2,0.6666666666666666,2.119274640059221,0.998909059268944
2908077,COc1ccc(cc1)-c1cn2c3ccccc3nc2n1CCO,2,0.3283582089552239,1.5127726200589213,0.9991447875867646
43389174,CS(=O)(=O)CCNc1ccc2ccc(cc2n1)F,2,0.5,1.964886256250191,0.9980764408284479
222754040,CCN(C)S(=O)(=O)N(C)Cc1cnc2ccccc2c1,2,0.38181818181818183,1.5733006705648425,0.9973536613743631
24501994,CCCCNC(=O)c1cccc2ncccc12,2,0.5306122448979592,1.117511968616145,0.9991672173253506
31205261,CCCC(=O)Nc1ccc(c2ncccc12)C,2,0.41818181818181815,1.4016308358480882,0.999644435421321
36986676,CN(C(=O)OC(C)(C)C)c1ccc2ccccc2n1,2,0.3448275862068966,1.6488966007605406,0.9981550464760466
48788735,Cc1ccnc(c1NS(=O)(=O)c1ccccc1C)Cl,2,0.2698412698412698,1.5585474006267392,0.9986989921686981
43485719,O=C(CSC1CCCC1)N1CCC(CC1)Cn1cccn1,2,0.5384615384615384,2.22342865862633,0.9985496697426081
25614739,Cc1cc(n(n1)C)-c1nnc2ccc3ccccc3n12,2,0.3448275862068966,1.185800151796622,0.9991606180580682
1543632,CCOc1ccc(cc1)C(=O)Nc1cc(ccc1N1CCN(CC1)C(=O)C)C(=O)OC,2,0.45614035087719296,2.0720863881605767,0.998357406267721
49944058,CCn1nccc1CNc1nnc(o1)-c1ccc(cc1)OC,2,0.46938775510204084,1.4131790403198432,0.9996743583011533
1422270,Clc1ccc(cc1)CC(=O)NCc1ccncc1,2,0.39622641509433965,1.7114134509229562,0.9996667334328797
32069322,Cc1noc2ncc(cc12)C(=O)Nc1nc(cs1)C1CC1,2,0.3333333333333333,1.4809821065774618,0.9997833445682469
49837463,O=C(Nc1nc2cccc(n2n1)-c1ccc(cc1)CN1CCS(=O)(=O)CC1)C1CC1,2,0.3037974683544304,2.072367486716503,0.9990666394899507
EN300-6477654,C[C@]12CCC3=C4CCC(=O)C=C4CC[C@H]3[C@@H]1CC[C@@]2(O)CC#N |r|,2,0.4696969696969697,4.345419657524639,0.9993357436669678
55540581,Cc1ccc(cc1)-n1nc(cc1NC(=O)NCc1cc(ccc1Oc1ccc2n(ncc2c1)CCO)F)C(C)(C)C,2,0.38,3.531927660640938,0.9990560219484683
48312238,O=C1CCCN1NC(=O)c1ccc(cc1)OCC#C,2,0.3188405797101449,0.8375882043100328,0.9995034613646061
6809286,O=C(NCc1ccccc1)c1ccc(cc1)NS(=O)(=O)c1ccc(cc1)C1CCCCC1,2,0.3698630136986301,3.385440444019157,0.9954063970918694
44447553,Cn1cnnc1CCn1ccnc1-c1cc2ccccc2s1,2,0.3380281690140845,2.2102952291489024,0.999185985541632
222788220,COCCc1n[nH]c(n1)-c1ccc(cc1)N1CCN(C)CC1,2,0.3709677419354839,1.6408817751442264,0.9986436858233616
177420398,CC(C)Cc1n[nH]c(n1)-c1ccc(cc1)N1CCN(C)CC1,2,0.27692307692307694,1.7576760224796848,0.9981171629761209
49929056,CC(C)CCn1ccc(n1)NC1CCN(CC1)C(C)C,2,0.3230769230769231,3.190180088960294,0.9986688839639197
49929048,CCc1[nH]nc(c1C)NC1CCN(CC1)C(C)C,2,0.3050847457627119,2.678284152214246,0.9992421969461842
32278227,CC(C)c1cc(c(c(c1)C(C)C)CC(=O)NS(=O)(=O)Oc1c(cccc1C(C)C)C(C)C)C(C)C,2,0.28125,4.6485875274108945,0.9981392833257058
17660388,CN1C(=O)N(C)c2nc3n(c2C1=O)CCN3Cc1c(cccc1Cl)F,2,0.31645569620253167,2.2412161876975434,0.9989022165171713
43280049,Cc1ccc(cc1F)NC(=O)CN1[C@H](Cc2ccccc2)C[C@]2(C)NC(=O)CCC[C@H]12 |r|,2,0.3116883116883117,2.9595078982827854,0.9990971945050192
43278877,Cc1c(cccc1NC(=O)CN1[C@H](Cc2ccccc2)C[C@]2(C)NC(=O)CCC[C@H]12)F |r|,2,0.3157894736842105,3.3700195845127423,0.9989923549745245
151211,COc1ccc(cc1)Cc1cccc(n1)C1CCN(CC1)C(=O)C1CCCC1,2,0.5,2.6147562027842577,0.9974942889592524
49352631,CCN(C(C)C)C(=O)N1CCC(CC1)OC1CCOCC1,2,0.5,1.7266403794652974,0.998641796461916
142671,CCCNC(=O)C1(CCOCC1)Cc1ccccn1,2,0.41935483870967744,1.424483064132652,0.999122469130726
49205553,O=C/1N(N=C(Nc2ccccc2)\C1=C\1/CCCCCN1)c1ccccc1,2,0.25396825396825395,2.1990923127509014,0.9994977894567323
31399424,Cc1cc(c(c(n1)C)NC(=O)c1cc(ccc1F)Cl)C,2,0.39285714285714285,1.2176653891781548,0.9988915723637801
3665537,Cc1sc2ncnc(c2c1C)OCC(=O)Nc1ccc2c(c1)OCO2,2,0.5396825396825397,5.5238767183927475,0.99490735862165
32070902,Cn1ccnc1CN(C1CC1)C(=O)c1[nH]c2ccccc2c1Cl,2,0.3333333333333333,1.7399655168993526,0.9996870787258756
49139618,COCc1ccccc1COC(=O)c1ccc(nc1)C,2,0.40384615384615385,1.4511836548141923,0.9987251373121268
30173146,Cc1c(n(c2ccc(cc12)O)Cc1ccc(cc1)OCCN1CCCCCC1)-c1ccc(cc1)O,2,0.36231884057971014,5.0802560959068614,0.9950258875074639
316756775,[2H]C([2H])([2H])NC(=O)c1nnc(cc1Nc1cccc(c1OC)-c1ncn(n1)C)NC(=O)C1CC1,2,0.29411764705882354,2.94691533641529,0.9988338715031966
31854715,CNC(=O)CCc1nc(no1)-c1ccccn1,2,0.32857142857142857,1.481268037865516,0.9993117162324262
31417877,Cn1cc(c(n1)C1CCCCC1)C(=O)O,2,0.43859649122807015,3.205371897299816,0.9980932679395081
18813553,Fc1ccc(c(c1)Cl)C(=O)NCc1ccccn1,2,0.5,1.046379950113736,0.9992729964780622
29261445,COc1ccc(cc1)CNC(=O)c1sc2nc(cc(c2c1N)C)C,2,0.43548387096774194,2.8934840590544417,0.9995280643041461
1527130,COc1cccc(c1)CNc1ncc(n1C)-c1ccccc1,2,0.3880597014925373,1.1239043553612418,0.999239271160823
1527152,Cn1c(ncc1-c1ccccc1)NCc1ccccc1,2,0.45614035087719296,1.5480242246166276,0.9981104984449103
49088739,CC(C)OCCS(=O)(=O)N1CCc2ccccc2CC1,2,0.46938775510204084,1.6967863742971228,0.998909032513339
44508995,CN(C)S(=O)(=O)CCCN1CCc2ccccc2CC1,2,0.4489795918367347,2.2129182090624075,0.9980005529491439
31956373,O=C(NCc1ccc(nc1)-n1cncn1)c1csc2c1CCCC2,2,0.3333333333333333,2.4119123118391674,0.9996489127119604
208343,Cc1nc(cc(n1)C1CN(C1)C1CCCCC1)O,2,0.34,1.6972256773922456,0.9987746868024634
53829712,O=C(CSCCc1ccccn1)Nc1ccccc1,2,0.6666666666666666,1.3876908877701772,0.9990184933317993
49951308,O=C(Cc1n[nH]c2ccccc12)N1CCCO1,2,0.38181818181818183,1.4271884949094713,0.9994682434639319
49973690,C1CCC(CC1)OCc1noc(n1)C1CC1,2,0.37735849056603776,1.5910751082206749,0.9984499208643596
1436740,O=C(CCCOc1ccccc1)N1CCCC1,2,0.8484848484848485,1.685998813760054,0.9993791843180518
43488186,Cc1ccc2[nH]c(nc2c1)C1CN(C1)C(=O)Cc1cccc2ccccc12,2,0.4576271186440678,1.4113263265453597,0.9986854283256982
49130722,CCN1CCCN(CC1)C(=O)Nc1ccc(cc1)COC1CCCC1,2,0.660377358490566,2.6077104900661943,0.9978081508551528
16223443,CCOc1ccc(cc1)CNC(=O)Cn1ccc2cc(ccc12)S(=O)(=O)N1CCCC1,2,0.421875,2.6894274483615193,0.9986563205075178
29371307,Nc1ncnc2n(nc(c12)-c1cnc2[nH]ccc2c1)C1CCCC1,2,0.463768115942029,4.512734647639101,0.9995560841430984
43251079,Cc1cc(n2nccc2n1)C(=O)NCC1CC1,2,0.5490196078431373,1.0258630512888123,0.9996986838232462
301928950,CC1CC(N)CCN1C(=O)c1cc(c(cc1F)F)N1CCNC1=O,2,0.352112676056338,2.0732993030433775,0.9993550093750272
11813315,O=C(NC1CCCCCC1)c1ccc(cc1)CSc1nc2ccccc2[nH]1,2,0.42857142857142855,3.246388762917907,0.9980018453054226
6843283,CCOc1c2c(c(c3ccccc13)OCC)C(=O)N(C2)c1ccc(cc1)CC(=O)NS(=O)(=O)c1ccccc1,2,0.2948717948717949,3.440879538722721,0.9968319965077899
53780028,CC(=O)NC1CCC(CC1)NCCc1c(cccc1C)C,2,0.5319148936170213,2.117735583117117,0.9985089883278119
1933753,CN1CCC(=C2c3ccccc3CCc3sccc32)CC1,2,0.2571428571428571,2.9834533681623525,0.9984574805195067
207921,Cc1nc(cc(n1)C1CCN(CC1)c1cnccn1)O,2,0.38596491228070173,1.7057458779076706,0.9994710687673605
44563083,COC(=O)N1CCCN(CC1)C(=O)c1ccc(o1)-c1ccccc1Cl,2,0.36507936507936506,1.3118338309404924,0.999400905634829
43241226,Cn1nc(c2cccnc12)C1CCNCC1,2,0.32727272727272727,2.023298791577031,0.9990400372026182
232868125,CN1CCN(CC1)c1nc(cc(n1)C(C)(C)C)-c1c(nn(c1C)C)C,2,0.5833333333333334,2.7036081446837494,0.999428211423306
64016648,CN(C(=O)CNC(=O)c1ccccc1OCC(=O)Nc1ccc(cc1)Br)c1ccccc1,2,0.3287671232876712,1.7003252630012815,0.9986985249682045
49945934,Cc1cnn(c1)Cc1nnc(s1)-c1ccccc1,2,0.34545454545454546,1.5712631861021658,0.9993993668062511
104707925,CC(C)n1cc(c2c(ccnc12)NS(=O)(=O)c1ccn(n1)C)-c1ccc2c(c1)N(C)CC2,2,0.25842696629213485,5.592310524281852,0.9996856417654205
35765811,CN1CCN(CC1)C(=O)C1(CCCC1)NC(=O)c1ccc(cc1)C(F)(F)F,2,0.375,2.290131000619851,0.9976011495408168
232861763,CCOCC(=O)Nc1cccc(c1)CN1CCCC1,2,0.4166666666666667,2.017426578589868,0.997999262089539
36303318,CN(CC#N)C(=O)c1cccc(c1)CN1CCCC1,2,0.4393939393939394,2.25271414076449,0.9985758929224017
32074520,Cc1ccccc1NC(=O)Cn1nnc(n1)C1CC1,2,0.38596491228070173,1.9966945184479383,0.997751629750014
301191566,COc1cc2nc(sc2cc1OC)/C=C/c1cocn1,2,0.4444444444444444,2.0031739814601903,0.998499792958397
232832319,COc1ccc(cc1Cn1cccn1)CN1CC(C1)c1ccncc1,3,0.3387096774193548,1.6289115998109867,0.9986856946156659
29659409,CN(Cc1cccc(c1)C#N)Cc1cnn(c1)C,3,0.5531914893617021,1.8174234509328333,0.9989835747770728
49297145,CN(C(=O)c1cncc(c1)F)c1cccc2ncccc12,3,0.35,1.189772247112737,0.9996539303215164
299985775,CC(C)NCC(O)COc1cccc2ccccc12,3,0.31666666666666665,1.3939408165340978,0.9986588558132388
32007466,Cc1cc(n(n1)-c1ccc(cn1)CNC(=O)C1CCC1)C,3,0.5538461538461539,1.5773255846531191,0.999465233204328
222782402,O=C(C1CC1)N1CCC(CC1)CNS(=O)(=O)N1CCCCCC1,3,0.4642857142857143,1.9426749599457023,0.9983740679444115
36646466,Cc1ccc2nc3c(c(c2c1)C(=O)NCc1cnn(c1)C)CCCC3,3,0.4142857142857143,1.6449124596767366,0.999241787796301
299994993,C[n+]1cc2c3c(ccc2c2ccc4cc5c(cc4c12)OCO5)OCO3,3,0.2459016393442623,1.5767777268851921,0.9983126770339129
42859262,Cc1n[nH]c(c1CCC(=O)N1CCOCC1)C,3,0.3333333333333333,1.81920174802026,0.9992741984228349
23998049,O=C(Cc1ccc2c(c1)CCC2)Nc1nc2ccccc2o1,3,0.33783783783783783,1.3521275827370443,0.9993785123072907
50282202,CCS(=O)(=O)N1CCN(CC1)c1ccc(cc1)Nc1ncc(c(n1)NC1CC1)C(=O)N,3,0.32608695652173914,2.9750016806716433,0.9962404147707107
32127001,Cc1nc(no1)C1(CCCC1)NCc1cccc(c1)C#N,3,0.3728813559322034,1.4799753376322087,0.9973148842836475
31412367,Cc1nn(c2nc(cc(c12)C(=O)O)C1CC1)-c1ccccn1,3,0.3620689655172414,3.7197966342263595,0.9986470644478629
44502768,CCNC(=O)c1cc(nc2n(nc(c12)C)-c1ccccn1)C1CC1,3,0.3380281690140845,1.4790114942084998,0.9994967151968274
17125201,COc1cc2ncn(c2cc1OC)-c1cc(c(s1)C#N)OCc1ccccc1S(=O)(=O)C,3,0.25925925925925924,1.2142050897605097,0.9993170540953356
24873612,COc1ccc(cc1)-c1ccc(cc1)CN(CCN1CCOCC1)Cc1cccnc1,3,0.6333333333333333,2.7195939035083976,0.9989245044359387
54864400,CN1CCN(CC1)c1ncncc1-c1nc(no1)-c1ccccc1,3,0.3333333333333333,1.6496466288267277,0.9985388337619631
133851,Cc1ccc2n(c(cc2c1)C(=O)N1CCOC(C1)C(=O)N1CCc2ccccc2C1)C,3,0.37333333333333335,3.613292266064477,0.9984310911300466
323968411,CC(O)(C#Cc1ccc2c(c1)N(CC2)c1nc(ncc1Cl)N)c1nccs1,3,0.2247191011235955,4.5316560990436985,0.9993199263906306
36256386,Cc1ccc(o1)Cn1nccc1NC(=O)c1ccncc1,3,0.5510204081632653,3.9571599664409143,0.9994404698240725
73053174,CCN1CCN(CC1)C(=O)CNc1ncnc2onc(c12)C,3,0.421875,2.2360702135663386,0.9993288702776768
36286506,CCCN(C)C(=O)Nc1cccc(c1)-c1nnc2n1CCCCC2,3,0.6060606060606061,1.7114102372021707,0.999005938032981
30724831,CC(C)c1onc(c1C(=O)Nc1ccccn1)C,3,0.3620689655172414,1.029248269368447,0.9998282883161889
876432,COc1cc2ncnc(c2cc1OCCCN1CCOCC1)Nc1ccc(c(c1)Cl)F,3,0.43661971830985913,2.332062177558408,0.9978966710746845
177394614,CN(CC1CCN(CCO)CC1)C(=O)c1cc(nc(c1)C)C,3,0.5,2.3971933589092296,0.9986492974927095
24121594,O=C(NCc1cnn(c1)-c1ccccc1)C1CCC1,3,0.5283018867924528,1.441112070589945,0.9989785828328132
48247380,CN(C)c1ccc2c(c1)OCCN2C(=O)NCc1cccnc1,3,0.36619718309859156,1.3910452904201362,0.9990966939425403
300764697,Cc1sc(c(c1Cc1ccc(cc1)C(F)(F)F)C(=O)NC1(CC1)c1ccc(cc1)C(=O)O)C,3,0.2753623188405797,2.7505394016448084,0.9977319120279153
48292374,O=C(Nc1cncc2ccccc12)c1ncccn1,3,0.3508771929824561,1.3289326544261981,0.9995300208374543
31618239,CSc1ccc(cc1)CN(CCO)C(=O)CCc1cccc(c1)F,3,0.296875,2.0124726085094298,0.9991475340315917
36268414,Cc1nccc(n1)-c1cccc(c1)NCc1cc(on1)C,3,0.5254237288135594,1.8315793731094545,0.9990587193872134
24068092,Fc1ccc(cc1)-n1cncc1C(=O)NCC1CC1,3,0.660377358490566,1.6462827825138933,0.9987376706807275
49343751,O=C(Nc1nnc2n1CCCC2)c1cscn1,3,0.5185185185185185,1.858462267575064,0.9996850691346179
49947026,Cc1nc(n(n1)C)NCc1ccc(cc1)F,3,0.5348837209302325,2.1403530082675397,0.9990490370135597
49354299,Cn1ncnc1NCc1cc(cc(c1)F)F,3,0.4772727272727273,2.6623842697853095,0.9983932193938155
49946976,Cc1nc(n(n1)C)NCc1ccc(c(c1)Cl)F,3,0.46938775510204084,1.9965104557702447,0.9990546277998371
53873925,COc1ccc(cc1)CCC(=O)N1CCN(CC1)C(=O)c1cc2n(n1)CCCC2,3,0.5172413793103449,3.2665633316988925,0.9968844542096231
4752649,c1ccc(cc1)-n1ncc2c(ncnc12)-n1ccnc1,3,0.2909090909090909,2.4382282501848036,0.9989713642295625
43571023,Cc1ccc2n(nc(c2c1)Cn1ccnc1-c1cccc(n1)C)C,3,0.30303030303030304,1.941355711867562,0.9992810327483166
49946784,Cc1ccc(nc1)CNc1ncnn1C,3,0.4888888888888889,2.3595777164568266,0.9996498133112945
36933671,CC1CN(CC(O1)c1ccccc1)C(=O)c1c(noc1C(C)C)C,3,0.4696969696969697,2.541038960740152,0.9983403988790505
1530850,CCOC(=O)c1ccc(cc1)OCC(=O)c1c[nH]c2ccccc12,3,0.3333333333333333,1.6651429368073867,0.9981706724989065
181801,CNCc1cc(nc(n1)C1CCCN1C(=O)COc1ccc(cc1)F)N(C)C,3,0.7419354838709677,2.2552370163685382,0.998931660914839
181759,CNCc1cc(nc(n1)C1CCCN1C(=O)COc1ccccc1OC)NC,3,0.582089552238806,2.586158927830872,0.9991933382588876
181731,CNCc1cc(nc(n1)C1CCCN1C(=O)C(C)(C)c1ccc(cc1)C)NC,3,0.4852941176470588,3.3483642274997005,0.9990403813620636
48312888,CN(CCc1cnccn1)C(=O)c1cccc(c1)C,3,0.34782608695652173,2.0947348280869535,0.9991947596843616
43657158,CN(C)C1(CCOCC1)CNC(=O)N1CCCC(C)(C)CC1,3,0.5172413793103449,2.6254291077837717,0.9987911321707739
4899313,Clc1ccc(cc1)CN1C=Nc2c(oc3ccccc23)C1=O,3,0.3484848484848485,1.6695184934582055,0.9993528088060308
31908762,NC(=O)c1cccc(c1)CN1C=Nc2c(oc3ccccc23)C1=O,3,0.3157894736842105,1.7586506190819327,0.9993893163024823
53747827,Fc1ccc(cc1F)CN1C=Nc2c(oc3ccccc23)C1=O,3,0.3235294117647059,1.7407360512152534,0.9989981495926614
43127347,Cn1ncc2cc(ccc12)-c1ccnc2[nH]ccc12,3,0.4807692307692308,1.2508385187541753,0.9997950994682135
44598735,CCOCC(=O)N1CCC2(CC1)CCc1ccccc1O2,3,0.3448275862068966,1.3985227920918806,0.9988837500008944
44598747,CCNC(=O)N1CCC2(CC1)CCc1ccccc1O2,3,0.39344262295081966,1.567212812606971,0.9987692874234149
44114971,CSc1ccc(c(c1)C(=O)NCCN1CCC(C)CC1)C,3,0.5283018867924528,1.548377860859511,0.9983455514926265
301693590,CN(C1CCNC1)C(=O)c1cc(ccc1F)N1CCNC1=O,3,0.7454545454545455,1.8435256982203032,0.9993550093750272
20593051,CN(Cc1ccc(cc1)C)C(=O)c1cn(nn1)Cc1ccccc1F,3,0.36065573770491804,1.3424574481148672,0.9984122258751115
42942710,CN(C)c1cc(nc(n1)-n1ccnc1)C,3,0.45652173913043476,2.1999922727132897,0.9984831436918757
24062566,Cc1noc(c1CC(=O)N1CCc2[nH]c3ccc(cc3c2C1)Br)C,3,0.4657534246575342,1.9665027332812095,0.999233150693054
50283408,FC(F)(F)c1cc(cc(c1)C(F)(F)F)-c1ncn(n1)/C=C\C(=O)NNc1ccccn1,3,0.7586206896551724,2.3590716394377718,0.99873010761865
72972985,CC(C)(O)CNc1nc(nc(n1)-c1cccc(n1)C(F)(F)F)Nc1ccnc(c1)C(F)(F)F,3,0.3815789473684211,3.851571497453789,0.9994689959413193
3476517,O=C(Nc1nc(cs1)-c1cccnc1)C1CCCCC1,3,0.45,1.8313156472876038,0.9993237059898863
32433398,Clc1cccc(c1)N1C(=O)NN=C1CCCN1CCOCC1,3,0.3389830508474576,2.0792008080029794,0.9981327075788704
49945104,Cc1nn(c2ncc(cc12)CNc1ccon1)C,3,0.3709677419354839,1.9434188946293884,0.9995388029539624
36269102,Cc1cc(cc(c1OCc1cccnc1)C)C(=O)N1CCOC(C)(C)C1,3,0.4838709677419355,2.1215442488904404,0.9981366471016941
46650374,CC(C)CCN(C)c1ncnc2nc(cc(c12)C)C,3,0.2857142857142857,1.8308164845225834,0.9976932088306133
7695671,Cc1cccc(c1)OCC(=O)Nc1ccc2c(c1)C(=O)N(C2=O)c1ccccc1,3,0.4067796610169492,2.185539292714929,0.9987077576551422
31882595,CS(=O)(=O)NC1CCN(CC1)C(=O)NCCc1ccc(cc1)F,3,0.4074074074074074,1.4628017637401574,0.9989646951714137
177285754,CCC(C)(C)N1CCN(CC1)C(=O)Nc1cnn(c1C(F)F)CC(C)C,3,0.38235294117647056,1.9849332482480067,0.9991588520939731
222599,C1CCC(C1)N1CC(C1)Cc1nccc2cc[nH]c12,3,0.37735849056603776,2.3383229032794315,0.9986967086442704
36568125,CCCN1CCn2nc(cc2C1)-c1nc2cc(ccc2[nH]1)OC,3,0.26865671641791045,2.17617347654082,0.9992988663817519
28183660,COc1ccc(cc1)COc1ccc(cc1OC)Cc1cnc(nc1N)N,3,0.39622641509433965,2.6290690367502716,0.9956819846602178
43488186,Cc1ccc2[nH]c(nc2c1)C1CN(C1)C(=O)Cc1cccc2ccccc12,3,0.4576271186440678,1.4113263265453597,0.9986854283256982
35697150,O=C(NCCc1ccc2c(c1)OCO2)N1CCc2sccc2C1,3,0.6,1.880938063840321,0.999589761318175
316046283,CCN1CCOC(C1)C(=O)N1CCC(CC1)c1cn[nH]c1,3,0.3188405797101449,1.9737522640900809,0.9986530645752761
531049,COc1cc(cc(c1OC)OC)[C@H]1[C@H]2[C@H](COC2=O)[C@@H](O)c2cc3c(cc21)OCO3 |r|,3,0.25862068965517243,3.504455735203333,0.9981826750989782
24879868,CCC(=O)N1CCCc2cc(ccc21)C(O)CN1CCN(CC1)c1ccc(cc1)OC,3,0.3835616438356164,2.6110538102460072,0.9981252573463424
49937270,CC(C)c1nnc(n1C)CNC(=O)C1(C)CCC1,3,0.42,1.413381406415257,0.999126109488454
13529886,FC(F)(F)c1ccc(nc1)N1CCCN(CC1)C1CC(=O)N(C1=O)c1ccccc1,3,0.5,1.9739037463871003,0.999060523225281
49300427,Cc1nsc(n1)NCc1cncs1,3,0.3404255319148936,2.061020863552533,0.9994229115739263
49953664,COc1ccc2nc(nc(c2c1)N1CC(O)(C1)c1ccc(cc1)F)C,3,0.5636363636363636,1.855526879352579,0.9986177362558444
17480068,O=C1CC2(CCN(CC2)C(=O)NCc2ccccc2)Oc2ccccc21,3,0.3698630136986301,1.4206889173920136,0.9985946745305196
318302594,O=C(NC[C@@H]1CCN(C1)c1ccccc1)N1CCc2ccccc2C1 |r|,3,0.38333333333333336,2.0017777099367318,0.9990882515429439
48755664,COc1ccc2nc(nc(c2c1)NCc1ncc(o1)C)C,3,0.4,1.7439954128387185,0.9994901613768944
23832549,CN1CCC(CC1)n1ncc2[nH]c(nc12)-c1ccc2ccccc2c1,3,0.5833333333333334,2.352359241271939,0.9995881510241033
146921,CN(C)C(=O)c1ccc(nc1N)C1CCN(CC1)C(=O)CCc1nc2cc(c(cc2[nH]1)C)C,3,0.4605263157894737,4.399090815157264,0.9973519103917343
49950940,CN1CCC(CC1)CNC(=O)c1ncoc1-c1ccc(cc1)F,3,0.38571428571428573,1.3525353969492457,0.9994348841127713
31981950,CC(=O)NCC1CCN(CC1)C(=O)c1ccc(nc1)C,3,0.5084745762711864,1.2525014970058639,0.9994528670833336
36444864,Cc1cnc(c(c1)-c1cccc(c1Cl)Cl)-n1cnnc1,3,0.24074074074074073,2.51266750685413,0.9960208596913787
36466247,CCOc1ncccc1-c1cc(ccc1O)Cl,3,0.43137254901960786,1.429279888615226,0.998463678528865
48242383,Cc1cnc(s1)CNCc1cccc2c1OCO2,3,0.3114754098360656,1.4437849562868557,0.9995104570375012
31878068,Cc1ccc(cn1)C(=O)NCCc1csc(n1)C,3,0.4528301886792453,1.3809149141063142,0.9997478528066924
30599464,CCN1C(=O)Oc2cc(ccc21)NC(=O)c1ccc(cc1)C(C)(C)C,3,0.3333333333333333,2.002668719484016,0.9983852304225119
5799127,Nc1ccc(nc1)Oc1ccccc1F,3,0.3170731707317073,1.3654149552426627,0.9991921835486448
20173881,Cc1cc(cc(c1)Oc1cc(ccn1)C#N)C,3,0.35555555555555557,1.5817515607704633,0.9989316965714022
36790963,Cc1ccnc(c1)Oc1cc(ccc1C)N,3,0.29545454545454547,1.2850692588335877,0.9995851762744512
36909737,Cc1cccc(c1C)Oc1cc(ccn1)CN,3,0.2631578947368421,1.556838784203514,0.9990670547452011
45491581,Cc1cccc(c1C)Oc1ncccc1N,3,0.2916666666666667,0.7501853104398625,0.9993556393383148
89942347,CC(C)(O)Cn1nc(c2c(c(nnc12)-c1ccccc1)Cl)-c1ccccc1,3,0.25806451612903225,2.1510987889912734,0.9986758723764909
49913437,CS(=O)(=O)NCCN1CCc2c(cc(cc2C1)Cl)Cl,3,0.26865671641791045,1.6340514067801235,0.9982404073114142
177461018,Cc1cccc2c1C(=O)N(CCc1ncc[nH]1)C=N2,3,0.3492063492063492,1.385943000271264,0.999128486569003
177427275,FC(F)(F)c1cccc2c1C(=O)N(CCc1ncc[nH]1)C=N2,3,0.31746031746031744,1.3169373561419166,0.99933184466223
36366966,CCn1c(nc2cnc(cc12)Oc1cccc(c1)NC(=O)c1ccc(cc1)OCCN1CCOCC1)-c1nonc1N,3,0.3829787234042553,5.145949572236462,0.9924241426970081
1590696,CC(C)(C)c1ccc(cc1)C(=O)Nc1ccc(cc1)C(=O)Nc1ccccc1,3,0.4,2.823804348746528,0.9977112893549461
32436924,CCc1oc2c(cccc2c1C)-n1cnnc1,3,0.25,1.6756115301582017,0.9994880882537313
27042311,COc1cccc2c1O/C(=N\Nc1ccccc1)C(=C2)C(=S)N,3,0.296875,1.7974420713891157,0.9978844677098013
49964732,Cc1nc(n(n1)C)NCC(C)(C)c1ccccc1,3,0.44680851063829785,1.6683899424295943,0.9990080292064256
56769871,Oc1nccn2c(nnc12)CNC(=O)C1CCCC1,3,0.45454545454545453,2.310746848964299,0.9992306525239814
MCULE-9833651829,NC1CCCC(C1)C(=O)Nc1ccc2[nH]ncc2c1,3,0.4838709677419355,3.435356750033466,0.9991908274525215
1533629,COc1ccc(c(c1)Oc1nc2c(n1C)C(=O)N(C)C(=O)N2C)C(=O)c1ccccc1,3,0.43859649122807015,2.8619046105693124,0.998733003467374
29371307,Nc1ncnc2n(nc(c12)-c1cnc2[nH]ccc2c1)C1CCCC1,3,0.463768115942029,3.922156294694422,0.9995560841430984
49969708,Fc1cc(ccc1CNc1ncccn1)-c1ccncc1,3,0.41304347826086957,1.2275369648204333,0.9994465752570385
3565214,CN1C(=O)N(CC(=O)Nc2ccccc2-c2ccccc2)C(=O)C1(C)C,3,0.3888888888888889,2.44351693261996,0.9994975402186685
24128634,O=C(NCc1cccnc1)c1cnn(c1)-c1ccccc1,3,0.5087719298245614,1.5887510818254713,0.9996004487357042
43423841,CN(C)C(=O)CN1CCN(CC1)C(=O)c1ccc2ccccc2c1O,3,0.5370370370370371,1.6048130732269088,0.9981533387334428
32176418,CCCS(=O)(=O)Nc1ccc(c(c1F)C(=O)c1c[nH]c2ncc(cc12)-c1ccc(cc1)Cl)F,3,0.30120481927710846,2.3943725691708093,0.9993396134028335
48745204,CS(=O)(=O)NC1CCCN(C1)c1nc2ccccc2o1,3,0.37681159420289856,1.9606937547716063,0.9982954093063829
165247,Cc1nccc(n1)C1CCN(CC1)Cc1ncc[nH]1,3,0.5263157894736842,2.373292438786518,0.9986650285543958
320548501,CCN(c1ccc(cc1)C(C)C)S(=O)(=O)c1ccccc1,3,0.4339622641509434,2.146356913469723,0.9987639182048453
48876547,CCn1c(cc2c1nc(c1ncn(c12)C)Nc1cc(n(n1)C)C)C(=O)N(C1CC1)C1CC1,3,0.23376623376623376,7.52643341829336,0.9991376782325769
72972981,COc1cc(cc(c1)N(CCNC(C)C)c1ccc2ncc(nc2c1)-c1cnn(c1)C)OC,3,0.3561643835616438,2.818602845382758,0.9981647212337676
43990384,CCN(CCO)CC1=Nc2cc(c(cc2C(=O)N1)OC)OC,3,0.5084745762711864,2.1208833065492905,0.9992649575431066
36275216,N#CCCCN1CCN(CC1)c1cc(ccn1)C#N,3,0.375,1.4869246786573507,0.9976899730075981
49921682,Cc1cc(c2ccccc2n1)Cn1cnc(c1C#N)C#N,3,0.4716981132075472,1.6179199609373554,0.9990549397702891
222077,CC1(CCN(CC1)Cc1ccco1)c1ccn[nH]1,3,0.3333333333333333,1.4705583973436702,0.9997503171766247
30640320,Cc1nn(c(c1NC(=O)CN1CCN(CC1)c1nccs1)C)C,3,0.515625,2.2874603821702424,0.9991808950994319
171948518,Cc1ccc(c(c1)OC[C@@]1(O)CN(CC[C@@H]1O)C1CCC1)Cl |r|,3,0.9583333333333334,2.828444272033633,0.9977791429596886
49946970,Cc1nc(n(n1)C)NCc1cn(nc1-c1cccs1)C,3,0.5098039215686274,1.685944838955895,0.9996216184756569
MCULE-1169396424,CCOc1ccccc1CNCCc1c[nH]c2ccccc12,3,0.375,2.126071964915469,0.998727772528905
Z86139961,Fc1cccc(c1CNCCc1c[nH]c2ccccc12)Cl,3,0.3448275862068966,1.8662296214558904,0.9991315883466682
MCULE-2124560621,CCOc1cccc(c1)CNCCc1c[nH]c2ccccc12,3,0.35,2.218266891065828,0.9984914349842536
3333585,O=C(CSc1nnc([nH]1)-c1cccs1)N1CCCCCC1,3,0.39622641509433965,2.1459296353791264,0.9986556241224459
97290253,CCCS(=O)(=O)c1nc(cc(n1)-c1ccc2n(ccc2c1)C1CC(C)(C)NC(C)(C)C1)NC1CC1,3,0.23863636363636365,5.08141751876374,0.999011750013174
11011932,CN(C)CCN(Cc1ccccc1)C(=O)CCC(=O)Nc1ncc(n1C)-c1ccccc1,3,0.45614035087719296,2.6448905459393677,0.998877081759557
31918332,Cc1nc(sc1C(=O)Nc1cccc(c1)-c1ccn[nH]1)Cc1ccccc1,3,0.7192982456140351,2.12744259617067,0.9990840145454611
30696460,COc1cc2c(cc1OC)CN(CC2)C(=O)C1CCCN(C1)C(=O)OC(C)(C)C,3,0.65,2.415814562420067,0.9995251317886077
16732808,COc1cc2c(cc1OC)CN(CC2)C(=O)C1CCCN(C1)C(=O)C,3,0.7090909090909091,1.590835000872361,0.998513683932626
44106917,CCCS(=O)(=O)N1CCCC(C1)C(=O)N1CCc2ccccc2C1,3,0.5161290322580645,1.8070713876324116,0.9987571096318002
53751988,O=C(N1CCCC1)c1ccc(cc1)NS(=O)(=O)c1cccc2cnccc12,3,0.5,1.7524228941668012,0.9976959375772458
32389082,CC(C)c1ncc(cn1)-c1cc(c2ccc(c(c2n1)C)C)C(=O)N(C)C,3,0.2753623188405797,1.905848629875845,0.9983531337414365
42961078,Cc1nc(cc(n1)Nc1cnn(c1)C(C)(C)C)Cl,3,0.4107142857142857,1.1588045564281708,0.9997087092356628
48355573,CCC(=O)NCc1cc(n(n1)C1CCCC1)C1CC1,3,0.2909090909090909,1.910311231187229,0.9996850324293317
48355585,CCOCC(=O)NCc1cc(n(n1)C1CCCC1)C1CC1,3,0.27848101265822783,2.2446712454165985,0.9996591104247374
43179665,CCCn1cnnc1Cn1ccnc1-c1ccc2occc2c1,3,0.3380281690140845,2.0564048725884843,0.9995057135624499
48316168,Cn1cc(cn1)CCNc1cncc(c1)Br,3,0.3492063492063492,1.4643841709061254,0.9995603819566383
313144331,N#Cc1ccc2ncnc(c2c1)N[C@H]1CC[C@@H](CC1)N1CCOCC1 |r|,3,0.43333333333333335,1.5829125054783353,0.9991058551378313
49912141,CN(Cc1nc(no1)-c1cccnc1)c1ccnc(n1)C,3,0.4727272727272727,1.386461322936804,0.9993909584546491
44113727,Cc1ccc(cc1)CC(=O)NCc1cccc(c1)C(=O)Nc1ccccc1,3,0.39285714285714285,1.79147090403371,0.9975008288007114
43133355,CCc1ccccc1NC(=O)CCn1ccnc1-c1ccc2c(c1)OCO2,3,0.40625,2.2149819412358784,0.9993845983073143
157063,NC(=O)c1cnc(nc1CCNC(=O)C1(CCOCC1)c1cccc(c1)F)NC1CC1,3,0.4024390243902439,2.5338569415020182,0.9986210274074985
3615737,C1COC(C1)CNc1nc(cs1)C12CC3CC(CC(C3)C2)C1,3,0.26865671641791045,3.1931190081172813,0.9987461165987801
139133,CN(C)C(=O)C1(CCN(CC1)C(=O)c1ccc(s1)C)Cc1ccccc1-c1ccccc1,3,0.6612903225806451,3.4781125628711216,0.9979901261854331
362026,O=C(NC1CCCC1)C1=CCN(C1)C(=O)C1CC1,3,0.9714285714285714,1.4001889158245415,0.9992341230102747
32234428,CS(=O)c1ccc(cc1)-c1coc2ccc(cc12)-c1nnc(o1)C,3,0.3050847457627119,1.866260967817284,0.998771950869991
49330331,CN(CCC1CCCCC1)C(=O)c1ccon1,3,0.4423076923076923,1.4162482127084366,0.9985552181281327
44440551,Cc1ccc(c2cccnc12)-n1ccnc1-c1ccoc1,3,0.34545454545454546,1.7416342899702872,0.9992268735936285
1557197,Cc1cccc(c1)-n1c(nnc1CNc1ccc(cc1)F)S,3,0.38095238095238093,1.9342711805746606,0.9983496733173957
38522400,CC(C)n1nnnc1-c1ccc(cc1F)N,3,0.25,1.9525086427466485,0.9992511704794054
48312238,O=C1CCCN1NC(=O)c1ccc(cc1)OCC#C,3,0.3188405797101449,0.8375882043100328,0.9995034613646061
49088739,CC(C)OCCS(=O)(=O)N1CCc2ccccc2CC1,3,0.46938775510204084,2.7061008850372628,0.998909032513339
44508995,CN(C)S(=O)(=O)CCCN1CCc2ccccc2CC1,3,0.3090909090909091,2.2129182090624075,0.9980005529491439
49963976,CCCNC(=O)C1(CCCCC1)NCc1cncnc1,3,0.5882352941176471,2.235481603592624,0.9984936379831051
49095542,CC(C)CCN1CCC(CC1)CNC(=O)C1CC=CC1,3,0.3114754098360656,2.4787525088237037,0.9970691531771088
35731142,CCOC1CCN(CC1)C(=O)CN1C(=O)Nc2ccccc21,3,0.5862068965517241,1.5302039079807244,0.9991044484750017
35765811,CN1CCN(CC1)C(=O)C1(CCCC1)NC(=O)c1ccc(cc1)C(F)(F)F,3,0.375,2.290131000619851,0.9976011495408168
322812,OC1(CCN(CC1)Cc1ccc(o1)-c1ccc(cc1)F)c1cccnc1F,3,0.36507936507936506,1.8570840045617738,0.9993281660978928
222778471,CN(C)C(=O)c1cncc(n1)N(C)CCCc1c(n[nH]c1C)C,3,0.24615384615384617,1.485403648843844,0.9994746633557493
20650033,Fc1ccccc1-c1noc(n1)-c1ccc(nc1)NCCc1cnccn1,3,0.30666666666666664,2.984150968031041,0.9988840553991868
1195337,Nc1ccc2[nH]c(nc2c1)CCc1ccccc1,3,0.391304347826087,3.1944234221529606,0.9985676225418987
53747118,CCOc1ccc(cc1)OCCN1CCN(CC1)C(=O)C,3,0.4782608695652174,2.222997750786171,0.9989730708349598
32444473,CN1CCN(CCOc2ccccc2N)CC1,3,0.5,1.8278621392213628,0.9984739131987501
25642172,CCN(CC)S(=O)(=O)c1ccc2c(c1)CCN2CC(=O)NCc1ccccc1F,3,0.34328358208955223,1.6225261168924219,0.9991037073764121
31965105,Cc1csc(n1)NC(=O)CCc1ccncc1,3,0.5652173913043478,1.1110526540175762,0.9995185891970115
Z102329238,Cn1c(nc2ccccc12)CNC(=O)Cc1cccc2ccccc12,3,0.7021276595744681,1.6301800514055582,0.9986154794808719
265683,COc1cccc(c1)CC(=O)N1CCOC(C1)c1cc(cc(n1)C)Nc1nnc(s1)C,3,0.6842105263157895,2.2941883096204556,0.9989821264017779
32419804,CCNc1ccnc(n1)N(C)Cc1nc2ccccc2n1C,3,0.3793103448275862,1.8586417083459088,0.9992809892643124
18894115,Cc1cc(cc(c1)C(=O)Nc1c(cnn1C)C#N)C,3,0.2903225806451613,1.7090131655431537,0.9987880466004273
23809094,CCCn1ncc2[nH]c(nc12)C1CCCCC1,3,0.38095238095238093,1.6996961493158664,0.9993709425406279
44492208,CN(CC(=O)NC1CC1)C(=O)C1C2CC3CC(C2)CC1C3,3,0.4230769230769231,1.999377153015503,0.9988273615554084
48755678,Cc1nc(c(s1)CNc1cnn(c1)-c1ccccc1)C,3,0.45098039215686275,1.7088715574906066,0.9996743583011533
300962268,Fc1ccc(cc1Cl)-n1cc(nn1)/C=C/c1ccnnc1,3,0.21428571428571427,1.8927474739120371,0.99746637307334
44498516,O=C(Nc1ccc(cn1)N1CCCC1)c1ccc(cc1)-c1cnco1,3,0.5,2.9248112759620954,0.9987603968780463
43581803,CC1=NN(C(=O)N1CC(=O)N1CC(C1)Oc1cccc(c1)C)c1ccccc1,3,0.421875,2.0950090691927175,0.9983909634515826
49311027,Clc1ccccc1C1N(CCNC1=O)C(=O)c1ccncc1,3,0.47692307692307695,1.3689992695401831,0.999115032253541
24010647,Fc1ccc(c(c1)C(=O)N1CCN(CC1)C(=O)C1CC1)F,3,0.46938775510204084,0.7977662564937276,0.9992472463005566
50614392,COc1ccc(cc1F)CCCN1CCN(C(=O)C1)c1cnn(c1)C,3,0.3194444444444444,2.0202965128911257,0.9972316835278596
35281979,CN(Cc1cnn(c1)C)C(=O)Cn1c(cc2ccccc12)C,3,0.4375,2.3620635046497798,0.999179795256852
320451104,CNc1ccc(cc1)/C=C/c1ccc(nc1)OCCOCCOCCF,3,0.2898550724637681,1.7609434971059201,0.9972320347155144
48262457,CC(C)(C)c1nccc(n1)NCc1ccncc1,3,0.43478260869565216,1.7436983684114276,0.9993738673372242
110220963,Cc1ccc(cc1)S(=O)(=O)N1CCC[C@@H](C1)C(=O)NC1CCOCC1 |r|,3,0.39436619718309857,1.0160260823418452,0.9990964596327668
89942016,Nc1ncc(c2ccc(nc12)-c1cccc(c1)F)C(=O)NC1CN(C1)C(=O)C1CC1,3,0.3188405797101449,1.85032321500819,0.9994657152189974
48856634,CCc1c2c(nc3ccc(cc13)O)C1=CC3=C(COC(=O)[C@]3(O)CC)C(=O)N1C2 |r|,3,0.6385542168674698,2.4189412973447193,0.9991576349610332
11654209,Brc1ccc(o1)-c1nnc(o1)Cn1cnc2ccccc12,3,0.30303030303030304,1.3934299408299076,0.9995412528513842
29689751,O=C(NCc1cccnc1)c1sccc1-c1ccccc1,3,0.4339622641509434,1.8004754927518472,0.9996247283063471
151187,COc1ccc(cc1)-c1cccc(n1)C1CCCN(C1)C(=O)C1CCCC1,3,0.5757575757575758,1.5397798543944285,0.9986811744098156
82700885,Cc1cc(c2ccc(cc2n1)C(=O)N1CCN(CC1)c1nc[nH]n1)C,3,0.36065573770491804,1.5286418808864122,0.9992525908060053
408502,CN(Cc1ccccc1)c1nc(nc2c1CCN(Cc1ccccc1)C2)C,3,0.6530612244897959,1.8432115993556135,0.9982020655943894
222753013,CN(C)C1(CCCCC1)CNC(=O)CN1C=CC(=O)C=C1,3,0.6170212765957447,1.7350708919236513,0.9988322397643518
36931863,COc1ccc2c(c1)CN(CC2)C(=O)c1cc([nH]n1)C1CC1,3,0.352112676056338,1.8920052854047407,0.9991442980482153
LN00194655,C[C@]12CC[C@H]3[C@@H](CC(=C)C4=CC(=O)C=C[C@]34C)[C@@H]1CCC2=O |r|,3,0.3142857142857143,5.220728110139196,0.9975256850713624
201887,CCn1cc(c(n1)C)CN1CCC(CC1)c1nc(ncc1-c1ccc(cc1)OC)N(C)C,3,0.32098765432098764,3.826729282298162,0.9980600433089197
201873,CCn1ncc(c1C)CN1CCC(CC1)c1nc(ncc1-c1ccc(cc1)OC)N(C)C,3,0.4050632911392405,3.5420890728497594,0.9981878439596056
207623013,CN1C(=O)N(C(=O)c2cccc(c21)F)c1cccc(c1C)-c1c(cc(c2[nH]c3c(c12)CC[C@@H](C3)C(C)(C)O)C(=O)N)F |r|,3,0.24528301886792453,6.427568980571218,0.9990755557023856
49969712,C(Nc1ncccn1)c1cnc2ccsc2c1,3,0.4222222222222222,1.374799258074043,0.999651458951871
177414009,CC(C)c1cc(nc(n1)C)-c1ccc(cc1)S(=O)(=O)N(C)C,3,0.46808510638297873,1.3557178910083798,0.9979369003830562
82711525,Cc1cc(c2ccc(cc2n1)C(=O)N1CCN(CC1)C1=NC=CNC1=O)C,3,0.3375,1.5677104324469728,0.9991340191227194
32090192,CC(=O)N(c1ccc(cc1)C)c1nc(cs1)Cn1ccnc1,3,0.32786885245901637,2.0637880220601637,0.9994509295161803
48788735,Cc1ccnc(c1NS(=O)(=O)c1ccccc1C)Cl,3,0.2698412698412698,1.5585474006267392,0.9986989921686981
45816980,COc1nn(cc1C(=O)Nc1cccc(c1)-c1cnc2n1CCC2)C,3,0.3875,1.9082033434619776,0.9995421681600418
44811418,CC(C)NC(=O)COc1cccc(c1)-c1nc(c2ccccc2n1)Nc1ccc2[nH]ncc2c1,3,0.352112676056338,2.0626642964860284,0.9986660417672596
177407455,CCCN(CCC1=CCCCC1)C(=O)c1cc(n[nH]1)C(F)F,3,0.532258064516129,1.5819323626503392,0.9980217404457362
3572643,CC(=O)N1CCC(CC1)(C(=O)Nc1nccs1)c1ccccc1,3,0.38028169014084506,1.524206350859517,0.9988316860321498
44551324,CN(C(=O)c1cc(ccc1NS(=O)(=O)C)C)c1ccc2ccccc2c1,3,0.58,2.0280638550105867,0.9974750188505515
157315,Cc1nc(cc(n1)NC1CCCC1)CC1CCN(CC1)S(=O)(=O)c1cn(cn1)C,3,0.29850746268656714,2.4040347335264616,0.9990727468002228
49316037,N#Cc1ccc2nc(ccc2c1)NCCn1ccnc1,3,0.5094339622641509,1.5631301929148418,0.9994782711895045
232861763,CCOCC(=O)Nc1cccc(c1)CN1CCCC1,3,0.4166666666666667,2.017426578589868,0.997999262089539
36303318,CN(CC#N)C(=O)c1cccc(c1)CN1CCCC1,3,0.4393939393939394,2.1248359936710406,0.9978529542072583
20072667,CC(C)(C(=O)NCc1ccccn1)c1ccccc1,3,0.44680851063829785,0.9222895423889691,0.9990523856101096
1543632,CCOc1ccc(cc1)C(=O)Nc1cc(ccc1N1CCN(CC1)C(=O)C)C(=O)OC,3,0.4142857142857143,2.0720863881605767,0.998357406267721
36695013,Cc1cnn(c1)C1CN(C1)CC1(O)CCCCC1,3,0.3793103448275862,1.5557609070803706,0.9991683473984637
49956416,CCOc1cccc(n1)NS(=O)(=O)C,3,0.30434782608695654,1.76254390016257,0.9973121149533236
49932658,CCCCN(C)C(=O)Nc1cc(ccn1)C,3,0.49056603773584906,3.0835174719789196,0.9941972298431218
49426796,Cc1ccc(cn1)NC(=O)OCC(F)(F)F,3,0.35185185185185186,1.5410681360665748,0.9985881763533234
73014952,CCN(CC)C(=O)CSCc1cncc(c1)F,3,0.288135593220339,1.566890551378862,0.9986925591635861
29601204,CCCNC(=O)c1ccnc(c1)N(C)C,3,0.4074074074074074,1.5704738138532592,0.9991999441310752
48747142,COc1c(cnc(c1C)CN(C)S(=O)(=O)N)C,3,0.2413793103448276,1.5113788406616195,0.9984619584745503
41482724,Cc1ncccc1NC(=O)OC(C)(C)C,3,0.36,1.2163178038654132,0.9993353553060802
48328503,CC#CCCNC(=O)c1cccnc1C,3,0.43137254901960786,1.0028250096601445,0.9994004228275599
49328626,CC(C)CC(=O)Nc1cccnc1N(C)C,3,0.36538461538461536,1.20044241844446,0.9993009784809581
29574117,CCC(=O)NCc1ccnc(c1)N(C)C,3,0.5833333333333334,1.8682871834919363,0.9993055664666282
49916996,Cc1cc(ncc1Br)N(CCO)CCCO,3,0.23214285714285715,1.6343081104859807,0.9976004067166689
45652159,Cc1csc(n1)N(C1CC1)C(=O)c1cc2c(nn(c2s1)C)C,3,0.43661971830985913,2.3921385829421347,0.9991900651851513
36008838,CCCCCCNc1ncnc2[nH]ccc12,3,0.2982456140350877,4.530591793574077,0.9997007090852145
31341176,Cc1cc(c(s1)C)C(=O)NCCc1ccccn1,3,0.43636363636363634,1.032879470218926,0.9997064126480386
177453659,C1CN(CCC2(C1)CCNCC2)c1cnc2ccccc2n1,3,0.5094339622641509,2.0851021557706373,0.9980635877402086
222793668,CN(CCN1CCCCC1)c1cncc(n1)C(=O)N,3,0.35714285714285715,1.8409845192174814,0.9988872669471897
49972886,CCc1nc(cs1)CNc1ccc(nc1)C#N,3,0.42592592592592593,1.7832641419596789,0.9995222137847874
32135801,CC(C)C(=O)Nc1ccc2cnn(c2c1)C(C)C,3,0.375,0.9438506237747529,0.9996538433883282
31232131,Cn1nc(c2ccc(cc12)Br)N,3,0.2682926829268293,1.9090390252692495,0.9985488752731293
33368543,OC(=O)c1cnc(s1)/C=C/c1csc(n1)-c1ccsc1,3,0.5254237288135594,4.352459304806513,0.9977949822157022
49968826,Cc1cccc(c1Cl)NC(=O)N1CCC(CC1)N1CC=CC1,3,0.3770491803278688,1.7955099554171554,0.9995738598484345
53784330,COc1cccc(c1NC(=O)N1CCC(CC1)N1CC=CC1)F,3,0.3442622950819672,2.037768877963973,0.9993517247809776
260568164,CN(C)c1nc(nc(n1)Sc1ccccc1)N,3,0.32,1.9914492210446995,0.9992640884045527
316949638,O=C(Nc1ccc(cc1)CN1CCCCC1)c1ccnc2[nH]cnc12,3,0.4426229508196721,3.656755118954474,0.997150761308254
50897890,Cc1c(ccc2n(c(cc12)C#N)Cc1cn[nH]c1)CN1CCC(CC1)Nc1ncnc2sc(cc12)CC(F)(F)F,3,0.6666666666666666,7.874810219935602,0.9982388053159775
48760182,Cc1ncc(s1)CCN1C(=O)NC2(CCCC2)C1=O,3,0.4444444444444444,1.7853405837533143,0.9996577447597983
342116,COc1cccc(c1)CN1Cc2ccccc2OC2(CCOCC2)C1,3,0.3333333333333333,2.330883308962056,0.9993089536063123
1556512,Nc1ccc2n(cnc2c1)CCc1ccccc1,3,0.375,2.391541971197756,0.9983332555327847
43212065,CCc1cc(on1)CN(C)c1nccc(n1)-c1ccc(nc1C)C,3,0.27631578947368424,1.5381826939605896,0.9989593905384495
104388935,CSc1ccc(cc1)NC(=O)CN1N=C(C=CC1=O)C1CC1,3,0.32894736842105265,1.6903934453256462,0.9986329936598896
104389046,Cc1cc(ccc1Cl)NC(=O)CN1N=C(C=CC1=O)C1CC1,3,0.39344262295081966,0.9834490327412894,0.9992031644325559
31968180,CN1CCN(CC1)c1ccc(nc1)NC(=O)c1ccccc1Cl,3,0.40625,1.897081969763251,0.9990175962833773
48224722,C1CN(CCO1)Cc1nc(c2c(csc2n1)-c1cccs1)N1CCc2[nH]ncc2C1,3,0.3924050632911392,4.427275911889403,0.9989305255511849
48305854,Cc1nc(cs1)CCN1C(=O)NC(C)(C)C1=O,3,0.34545454545454546,1.3561161454677602,0.9997824805354413
31206173,CC1=C(C(CC(=O)N1)c1ccc(cc1)C(F)(F)F)C(=O)Nc1cc2cn[nH]c2cc1F,3,0.3116883116883117,3.645967224208487,0.9990021692613702
324135965,CC(C)(O)CCn1cc2cc(c(cc2n1)OCC1COC1)NC(=O)c1cccc(n1)C(F)F,3,0.7777777777777778,2.886658102373949,0.9990560219484683
171745752,CCCc1nc(ncc1C(=O)O)N1CCc2ccccc2C1,3,0.4375,3.156562212281076,0.9937830722305858
43657264,O=C(NCCc1csc(n1)N1CCCC1)N1CCSCC1,3,0.5272727272727272,1.6058166146855146,0.9993429794455074
222760164,CN(C)C(=O)c1cncc(n1)N(C)CCN(C)C1CCCC1,3,0.37037037037037035,2.1242478668932603,0.9991137890635625
32083468,CCN(C1CCCC1)C(=O)c1cc(ccc1F)NC(=O)C,3,0.4,1.479366418437634,0.998558244497583
177502491,CCn1nc(c2ccccc12)CNC(=O)C1CCOCC1,3,0.5254237288135594,1.4884844641446267,0.999644435421321
32130309,Fc1ccc(cc1F)-c1cnc([nH]1)C1CCN(CC1)C(=O)C1CCC1,3,0.3548387096774194,2.65887306955384,0.9980018453054226
2890746,O=C(Cc1ccc2ccccc2c1)NCCc1nc2ccccc2[nH]1,3,0.41379310344827586,2.235976296833248,0.9982277393500495
200967,CN(C)c1ncc(c(n1)C1CCCCN1C(=O)c1scnc1C)-c1cccc(c1)Cl,3,0.524390243902439,2.7036081446837494,0.9981634264046337
202517,Cc1ncsc1C(=O)N1CCCCC1c1nc(ncc1-c1cccc(c1)C(F)(F)F)N,3,0.7285714285714285,3.291635004067135,0.9987183253363544
177400551,O=C1N(Cc2ccc3c(c2)CCCC3)C=Nc2ncccc21,3,0.48333333333333334,1.9152999765046819,0.9984552203117041
46745630,Cn1nc(c2ccccc12)CNC(=O)C1CCC1,3,0.42857142857142855,1.2889072891405238,0.9994087334728418
41560058,CCC1(O)CN(C1)c1ncccc1C#N,3,0.52,1.3721180707211478,0.9985310040987508
49915301,CCNC(=O)C1CN(C1)c1cccc(n1)C#N,3,0.39344262295081966,1.3807490720621445,0.9993689481510816
872402,COc1ccc2c(c1OC)CN1CCc3cc(c(cc3[C@@H]1C2)OC)OC |r|,3,0.3333333333333333,2.185152168614279,0.9977123678237089
50282148,CS(=O)(=O)c1ccc(nc1)-c1nnc(n1-c1ccccc1Cl)/C=C/c1nnc(o1)-c1ccc(cc1)C#N,3,0.2727272727272727,3.34368793400331,0.9985446938266845
32033578,CC(N1CCCN(CC1)c1ccccc1C#N)C(=O)N1CCc2sccc2C1,3,0.4794520547945205,1.7909729199515785,0.9986963213106891
32074520,Cc1ccccc1NC(=O)Cn1nnc(n1)C1CC1,3,0.38596491228070173,1.9966945184479383,0.997751629750014
177435263,CCN(Cc1nc(no1)C)C(=O)C1=CC(=C(C)N(C)C1=O)C,3,0.4,1.5159116069218834,0.999461765047393
177482615,CN1C=CC=C(C(=O)NCc2nc(no2)C(C)(C)C)C1=O,3,0.31343283582089554,1.5625219998459488,0.9994674737624171
177472658,CN(CC1(CO)CCC1)C(=O)CCN1CCCCC1=O,3,0.9523809523809523,1.6977393792923732,0.9986264588796528
32113613,CN(C(=O)COc1c(cccc1C)C)C1(CCC1)C#N,3,0.48148148148148145,2.7729347269635154,0.999255460188994
48309286,Cc1nccn1CCCN1C(=O)SC(C)(C)C1=O,3,0.40816326530612246,1.9819432383395783,0.9988262840608968
3030747,CCC(C)(C)c1ccc(cc1)Oc1ccc(cc1)NC(=O)CSc1cccc[n+]1[O-],3,0.3142857142857143,3.4193250796026464,0.9929485044606492
43397821,Cc1cc(cc(c1)C(=O)Nc1nn(cc1C#N)C(C)(C)C)C,3,0.30158730158730157,1.6691057485973189,0.9987844389245936
49985873,COc1ncccc1CNc1ncnc2n(ncc12)C,3,0.4,2.2125751964622578,0.9994208637287001
316875519,Cn1c(nnc1-c1n[nH]c2c1CCCC2)N1CCC2(CNC(=O)C2)C1,3,0.25,2.857701348986039,0.9992090648561021
31878740,Oc1cc2c(cc1CN1CCCC(C1)C(=O)N1CCOCC1)OCO2,3,0.3787878787878788,2.169329619951968,0.9984370057609436
Z60745180,O=C(Nc1ccccn1)c1ccc2c(c1)C(=O)N(C1CCCCC1)C2=O,3,0.34523809523809523,1.9329436101443678,0.9990663778500093
2877070,COc1ccc(cc1NC(=O)CN1CCc2ccccc2C1)C,3,0.4142857142857143,1.627515284106483,0.9984218050396559
901477,Cc1ccc(cc1)-n1nc(cc1NC(=O)Nc1ccc(c2ccccc12)OCCN1CCOCC1)C(C)(C)C,3,0.38,5.3253604572838436,0.9971556139118983
36356120,CC(C)c1nc2c(n1C)CCN(C2)c1ncnc2ccccc12,3,0.6851851851851852,1.5774732961288673,0.9988942424263312
32449297,COc1ccc(cc1)[C@H]1CN([C@@H]2CCCN(Cc3cccc(c3)F)[C@@H]21)C(=O)C |r|,3,0.30985915492957744,2.215713429123834,0.9983469959645442
495451,C1CN=C(Cc2ccccc2)N1,3,0.29545454545454547,3.0162100391053333,0.996066854760554
48397445,CC1(C)[C@H]2C[C@H]3Oc4c(ccc(c4C(=O)NCCNc4ccccn4)O)[C@H](O)[C@@]3(O)[C@@H]1C2 |r|,3,0.6944444444444444,4.7198563537464615,0.9989952890562663
222769009,CC(C)Cc1cc(n[nH]1)CN1CCN(CC1)S(=O)(=O)N1CCOCC1,3,0.43636363636363634,2.404612234852057,0.9979530494367654
104352855,O=C(CSC1CCCC1)NCCN1N=C2CCCCC2=CC1=O,3,0.5714285714285714,2.097700169233291,0.9979379621718166
48243153,N#CCn1ncnc1-c1cccc(c1)C#N,3,0.32075471698113206,2.316659232602016,0.9978982567275991
49176426,CCCn1ncnc1-c1ccccc1SC,3,0.26,1.5691634714076457,0.9987226558336514
48286431,Cc1nc(n(n1)CC(C)(C)O)-c1ccc(c(c1)Cl)Cl,3,0.32142857142857145,1.493021433201771,0.9979643186057617
43805996,CCc1nnc(s1)NC(=O)Cc1cccc(c1)F,3,0.48148148148148145,1.2709197456966237,0.9994112698142494
16252179,CCOC(=O)c1c([nH]c(c1C)CN(Cc1ccccc1)C(=O)c1ccccc1Cl)C,3,0.36507936507936506,2.18631081962265,0.9983760519567649
48339892,Cc1ccc(cn1)CC(=O)Nc1nc(no1)C,3,0.4444444444444444,1.7891075987761798,0.9994337647564783
36419852,Cc1cccc(c1)-n1cnnc1CCCN1CCOCC1,3,0.3382352941176471,1.0073261636630146,0.9990971637512791
421362,Cc1ccccc1C(=O)N1CCC(O)(CC1)Cn1ccnc1C,3,0.3770491803278688,2.0547557032403057,0.998906936559744
35682807,CN(Cc1ccsc1)C(=O)c1cc(on1)C,3,0.6444444444444445,2.4112198157775704,0.9993878569265151
306110,Fc1ccc(cc1)CN1CCN2C(=Nc3ccccc3C2=O)CC1,3,0.6792452830188679,1.7863000867717183,0.9977771892525391
227979253,COCCNc1cc(ncc1C#N)NC(=O)N1CCCc2cc(c(nc21)C=O)CN1CCN(C)CC1=O,3,0.25742574257425743,3.6704780342618943,0.9991625873329698
30569846,Cc1ccc(cc1)CN1C=CN(C(=O)C1=O)c1ccc(c(c1)F)F,3,0.39215686274509803,1.6488966007605406,0.9984745251306248
16154631,Fc1ccc(cc1F)N1C=CN(Cc2ccccc2Cl)C(=O)C1=O,3,0.42,1.84920253082252,0.9985906395305235
45697439,Cn1ccc(n1)CSc1n[nH]c(n1)-c1cc(cc(c1)F)F,3,0.28846153846153844,1.8323269358924696,0.9996361478351317
177383138,Cc1nnc2ncc(cn12)-c1cccc(c1)-c1ccnn1C,3,0.5686274509803921,1.8249238340273228,0.999516218351619
45903948,COc1ccc(nc1OC)CNC(=O)c1cc(ncc1-c1nccs1)-c1cncc(c1)C,3,0.3466666666666667,2.2935468166143744,0.9996078364155191
43195213,CCc1ccc(o1)-c1nccn1Cc1c(nn(c1C)CC)C,3,0.3387096774193548,1.7208024291006827,0.9994926333969205
36427432,CCc1nc2cc(ccc2o1)-c1c(cccc1OC)OC,3,0.32727272727272727,3.890315668425999,0.9930768601400229
424596,CC(C)NC(=O)C1(CCOCC1)Cc1ccccc1-c1ccncc1,3,0.4927536231884058,2.4549503049960615,0.9987865527820557
147155,Cc1cc(ccc1F)CCCC(=O)NC[C@H]1CC[C@@H](CC1)c1ccc(c(n1)C)C(=O)N |r|,3,0.527027027027027,2.9359017354129873,0.9958223409214292
43280049,Cc1ccc(cc1F)NC(=O)CN1[C@H](Cc2ccccc2)C[C@]2(C)NC(=O)CCC[C@H]12 |r|,3,0.3146067415730337,2.9595078982827854,0.9990971945050192
43278877,Cc1c(cccc1NC(=O)CN1[C@H](Cc2ccccc2)C[C@]2(C)NC(=O)CCC[C@H]12)F |r|,3,0.3157894736842105,3.3700195845127423,0.9989923549745245
46632506,Cc1cccc2cc(n(c12)C)C(=O)NCCCn1nnc2ccccc12,3,0.3088235294117647,1.5476016929429601,0.9994665894967509
23998591,Cc1ccsc1C(=O)Nc1nc2ccccc2s1,3,0.42,1.2737381991597398,0.9996207812917709
181775,CNCc1cc(nc(n1)C1CCCN1C(=O)c1oc2ccc(cc2c1C)Cl)N(C)C,3,0.5897435897435898,2.927637955758754,0.9991435462600736
49953992,CN1CCc2ccc(cc21)C(=O)NCCC(=O)Nc1cccnc1,3,0.3939393939393939,2.9879268732684587,0.9997208495711862
313520210,C[C@@H](N1CC(C1)Oc1ccccc1)C1=NC(=O)c2cnn(c2N1)C1CCOCC1 |r|,3,0.3902439024390244,3.171184794362858,0.9990850832214073
320368312,Clc1ccc(cc1)-c1ccncc1NC(=O)c1ccnc(c1)NC(=O)C1CC1,3,0.5789473684210527,2.399595174190422,0.9994997459957441
42946564,COc1cc(ccn1)CNc1nc2ccccc2nc1C,3,0.3709677419354839,1.907023859316118,0.9991368109631764
13329354,CCN1CCN(CC1)S(=O)(=O)Cc1ccc(c(c1)Cl)Cl,3,0.34615384615384615,2.0560970307842314,0.992968493255439
13329162,CN1CCN(CC1)S(=O)(=O)Cc1ccc(c(c1)Cl)Cl,3,0.36,1.9776539131000783,0.9925933240259528
168890455,NC(=O)c1c2n(nc1-c1ccc(cc1)Oc1ccccc1)[C@@H](CCN2)C1CCN(CC1)C(=O)C=C |r|,3,0.4268292682926829,4.321296333277869,0.9992473300785694
49972816,CN(CC(=O)Nc1cccc(n1)C)c1ncccc1F,3,0.4098360655737705,1.9725354242695023,0.9993869868000886
45753290,Cc1nnc(o1)-c1ccccc1NCc1ccsc1,3,0.36363636363636365,1.6788493083064424,0.9994813270333476
49064514,CC1CCC(O)(CC1)CSc1nnnn1C1CC1,3,0.5306122448979592,1.7725419600112489,0.998356202758005
1933753,CN1CCC(=C2c3ccccc3CCc3sccc32)CC1,3,0.2571428571428571,2.5711281570546114,0.9984574805195067
48257421,CCc1nnc(c(c1CC)C#N)Oc1cccnc1,3,0.46,1.267492011809116,0.9983388786601715
3679149,Cc1cccc(c1)NC(=O)CSc1nncs1,3,0.44642857142857145,1.456868902818654,0.9993275084913628
35720088,CC(=O)N1CCN(CCNC(=O)N2CCc3sccc3C2)CC1,3,0.5964912280701754,2.1439232728798108,0.999059088736884
33324451,O=C(NCC1CCC1)c1ccc(nn1)-n1ccnc1,3,0.6037735849056604,1.7653093213373219,0.999415489741831
49083449,CCN1CCN(c2ccccc21)S(=O)(=O)c1c[nH]c(n1)C(C)C,3,0.5714285714285714,2.5277812405349143,0.9988843111598352
31397498,O=C(Nc1ccccc1-n1ccnc1)c1cccs1,3,0.6122448979591837,2.077710518817137,0.9996608414068706
32176408,CC(=O)C1=C(C)c2cnc(nc2N(C2CCCC2)C1=O)Nc1ccc(cn1)N1CCNCC1,3,0.3402061855670103,2.7992175692501267,0.9995428309954791
416572,COc1ccc(cc1)-c1nc(ncc1-c1ncc[nH]1)NC(C)C,3,0.32786885245901637,1.3728492269730022,0.9993463797798191
16785188,Cn1ncc2c(ncnc12)Oc1cccc(c1)Oc1ccccn1,3,0.66,2.6480445615582933,0.9990135002542574
27369500,Cc1ccc(cc1)C(=O)C(=O)Nc1c(nn(c1C)C)C,3,0.4090909090909091,1.5725240856658944,0.999245506936628
49942184,C(Nc1nnc(o1)-c1ccncc1)c1cncs1,3,0.5098039215686274,2.852100804670578,0.9992381313935178
49942182,Cc1ncsc1CNc1nnc(o1)-c1ccncc1,3,0.5185185185185185,3.1519995241114276,0.9994710549693541
LN00130941,COC([C@H](Oc1nc(cc(n1)C)C)C(=O)O)(c1ccccc1)c1ccccc1 |r|,3,0.26785714285714285,4.842643699468283,0.9844518532542668
31507581,C[C@H](Nc1ncc(c(n1)Nc1cc([nH]n1)C)Cl)c1ncc(cn1)F |r|,3,0.23863636363636365,4.68113202120903,0.998926226203853
84836387,Clc1cc2c(nnc(c2cc1Cl)-c1ccncc1)NC1CCCC1,3,0.30434782608695654,1.434342009424834,0.9992988615617873
32176610,Fc1ccc(c(c1)F)SC1=NN2C=NC(=O)C(=C2C=C1)c1c(cccc1Cl)Cl,3,0.22988505747126436,1.5747749045500168,0.9974571713456944
1545904,CS(=O)(=O)N1CCc2cc(ccc21)C(=O)NCCOc1ccc2ccccc2c1,3,0.3698630136986301,1.6996290771812832,0.9987151064696351
31274390,Cc1ccccc1N1C=CNC(=O)C1=O,3,0.30434782608695654,2.677541969792353,0.9985303310857114
32785534,Cc1ccc(cc1)N1C=CNC(=O)C1=O,3,0.2545454545454545,2.6649998123826113,0.9987016781028938
Z1611059418,CC(C)c1nnc(o1)NCc1ccn(c1)C,3,0.3728813559322034,1.4233193598060336,0.9995323115314707
5852446,CCC(=O)NCC[C@@H]1CCc2ccc3c(c21)CCO3 |r|,3,0.2903225806451613,1.473622746838703,0.9995507325439288
53752266,FC(F)(F)COc1cccc(c1)CN1N=Cc2ccccc2C1=O,3,0.43103448275862066,1.4912075643585947,0.9987341731214785
49168678,COCCc1nc(n(n1)Cc1ccc(cc1)F)-c1cnc(nc1)C1CC1,3,0.375,1.3311374835076988,0.9986887445758929
43033977,C(NC1(COC1)Cc1cc(on1)COc1ccccc1)c1cnc2ccccc2c1,3,0.296875,1.980009595936082,0.9993487668024077
43371947,CS(=O)(=O)N1CCc2c(cccc2NC(=O)c2ccc(cc2)F)C1,3,0.5,1.5882455729512477,0.9979374348012853
35986174,Cc1ccccc1OCCCNc1cc(nc(n1)N)Cn1c(nc2ccccc12)C,3,0.5,2.5144096722682363,0.998397450303154
35986106,Cc1cccc(c1)OCCCNc1cc(nc(n1)N)Cn1c(nc2ccccc12)C,3,0.3382352941176471,3.4118836439715943,0.9980329495158606
139117,CN(C)C(=O)C1(CCN(CC1)C(=O)C1CCCO1)Cc1ccccc1-c1ccccc1,3,0.5909090909090909,1.4028913001372278,0.9994102075117535
36701026,Clc1cccc(c1)-c1nnc(o1)Cn1cnc2ccccc12,3,0.31746031746031744,1.619751215465112,0.9994103643992466
173261,O=C(N1CCC(CC1)c1cnccn1)c1ccncc1,3,0.45652173913043476,1.9056555302575418,0.9995822093614039
50612278,CCOc1cc(ncn1)N(C)CC1CCN(C)CC1,3,0.375,1.6651033000991258,0.9979858583241827
313516125,Oc1nc(nc(c1C#N)C1CC1)SCc1cccc(c1F)F,3,0.25757575757575757,1.3259370271622972,0.998889670946106
31895184,CC(C)C(=O)N1CCC(CC1)Nc1ncnc2ccsc12,3,0.6274509803921569,2.00452263643942,0.999265726293632
177485348,OCC1(CCCC1)CNC(=O)CN1CCCC1=O,3,0.4528301886792453,1.9450287915607707,0.9985050385565051
23966628,Cc1ccc2nc3c(c(c2c1)C(=O)NCc1nnc2n1CCC2)CCCC3,3,0.4788732394366197,2.1768309534733765,0.999530055240072
LN01309001,CCCc1cc(nc(c1CNC(=O)c1cc(cc2n(ncc12)C(C)C)-c1ccc(nc1)N1CCN(CC1)C(C)C)O)C,3,0.32407407407407407,5.871677273147282,0.9975263430576632
205724941,OC1(CCCC1)CN1CC(C1)CN1N=C(C=CC1=O)C1CC1,3,0.6730769230769231,2.149797432317775,0.9984943136867067
48759010,Cc1ncccc1CNc1nnc(s1)C(C)(C)C,3,0.43137254901960786,1.2633249779847395,0.9990665830579
48746727,CN(C)C(=O)C(C)(C)NC(=O)OC(C)(C)C,3,0.2608695652173913,1.4037734860010866,0.9988768344593325
36261251,O=C(CCc1cc2ccccc2o1)N1CCN(CC1)c1cnccn1,3,0.3283582089552239,3.1996415424228495,0.9987240331471688
82737949,COc1ncc(cn1)C(=O)NCc1cnn2cccnc12,3,0.5423728813559322,1.8052290713367871,0.9994012669132815
27398627,Fc1ccc(cc1)C(=O)N1CCN(CC1)CC(=O)N1CCCC1=O,3,0.4117647058823529,1.8354296499731257,0.9984790864477746
316977624,CCc1c[nH]c2ncnc(c12)N1CCC(CC1)CN1CCN(C)CC1,3,0.3013698630136986,1.9934490211688036,0.9988488388700484
321036,COc1ccc(c(c1C)C)CN1CCc2nc(nc(c2C1)O)-c1cccnc1,3,0.34285714285714286,1.873579195016437,0.998989298507158
36571105,CC(C)c1nccn1Cc1nc(oc1C)-c1ccccc1C,3,0.44642857142857145,1.6997793974514799,0.9989589818539164
44712587,CCCOc1ccccc1C(=O)N1CC(C1)Oc1cccc(c1)OC,3,0.38961038961038963,1.6493059146198294,0.9990032357233544
49096260,CC(C)CCN1CCC(CC1)CNS(=O)(=O)C,3,0.31666666666666665,2.8257321175228984,0.9961245910415046
30697446,CC(C)(C)C(=O)N1CCC(CC1)NS(=O)(=O)C,3,0.3673469387755102,1.7981198514003078,0.9978576542184904
222755004,COC(C)(C)CCNC(=O)CC1CC(C)(C)NC(C)(C)C1,3,0.49056603773584906,2.4999823999380695,0.9979532510000833
222754320,CN(C)S(=O)(=O)CCCN1CCC(CC1)CCC(=O)N,3,0.2898550724637681,2.038858258928255,0.9978037936611096
301229871,CC(C)(C)CC(=O)N1CCC(CC1)OCCCN,3,0.2909090909090909,1.4706705953409693,0.9984669911938717
17943398,CCN(CC)C(=O)N1CCC(CC1)C(=O)O,3,0.3695652173913043,3.8351591883520153,0.9944690075284297
177400113,CCn1ncc(c1C)CN(C)C(=O)c1ccc(cc1)-c1nc(cc(n1)C)C,3,0.3333333333333333,2.2908120830832126,0.9969075977366402
50279769,COc1cc(c2c(c1)N=C(C)NC2=O)Br,3,0.2923076923076923,1.543272820988336,0.998342905773097
303172217,CC1=C2N(C(=O)C(=C1)Nc1cc(ncn1)N)C1(CCCCC1)NC2=O,3,0.26865671641791045,4.871639867642075,0.9996250690895412
308044,CCOc1cc(ccc1OC)CN1CCc2c(nc(nc2C1)N1CCCC1)N,3,0.4057971014492754,2.48813564742766,0.9991549186620396
34501664,Fc1ccc(c(c1)Cl)C(=O)Nc1nc(cs1)-c1ccccn1,3,0.5454545454545454,1.0397090939293296,0.9997571506204893
258223286,C1CC(CCO1)n1cc(cn1)Nc1ncc2nnn(c2n1)-c1ccc2cn[nH]c2c1,3,0.32926829268292684,4.744796939806169,0.999397222462296
43657166,CC1(C)CCN(C1)C(=O)NCCOc1cccnc1,3,0.3870967741935484,1.3842727332428104,0.9991592634024284
46603974,Cc1nc(c2c(noc2n1)C)NC1(CC1)c1cccc(c1)Cl,3,0.30158730158730157,2.1665735621020383,0.9995708403791422
43798139,CC(=O)Nc1ccccc1OCCOc1ccc(cc1)Cl,3,0.3620689655172414,1.7306351435239806,0.9972649187640169
177508549,Clc1cnn(c1)CCCNC(=O)CCc1cn[nH]c1,3,0.5555555555555556,2.213303413453145,0.9990876969749921
300062043,C1CC(CCN1)CNCc1ccc(cc1)OCc1ccccc1,3,0.3508771929824561,1.6189119803126188,0.9980903563442113
48749865,CN(Cc1nc2c(s1)CCCC2)c1cnccn1,3,0.3235294117647059,1.5841736015983896,0.9995715782998967
177475488,CS(=O)(=O)NCc1cc2n(n1)CCN(C2)C1Cc2ccccc2C1,3,0.43283582089552236,1.6859961447158454,0.9992511022145815
177444469,CC(=O)NCc1cc2n(n1)CCN(C2)C1Cc2ccccc2C1,3,0.47692307692307695,1.9554730885389457,0.9994449838211532
Z1227937331,Cc1nccc(n1)NC(=O)c1ccc(nc1Cl)Cl,3,0.35185185185185186,2.3661409510004794,0.9991121119885379
31406035,CN1CCNc2nc3ccccc3nc21,3,0.375,1.964886256250191,0.9979100017943995
301191566,COc1cc2nc(sc2cc1OC)/C=C/c1cocn1,3,0.4444444444444444,2.0031739814601903,0.9984953396548383
32409538,CCn1ncnc1-c1[nH]cnc1-c1ccccc1,3,0.27450980392156865,1.3963667140126537,0.9991558582118831
177303970,Fc1c(cccc1OC1CC1)CN1CCC(CC1)c1nnc2ccccn12,3,0.546875,1.745748263639278,0.9987806395771758
294504,CC(C)(C)NC(=O)CN1N=C(OC1=O)C(c1ccccc1)c1ccccc1,3,0.3220338983050847,1.9350033591701803,0.9983920334093793
11835068,O=C(Nc1ccc2c(c1)OCCCO2)c1cnn(c1)Cc1ccccc1,3,0.421875,1.7414393472067469,0.9992256354151766
LN01331065,OCCn1cc(c(n1)-c1ccncc1)-c1ccc/2c(c1)CC\C2=N/O,3,0.43243243243243246,1.8021684161030216,0.9994826100927314
53819787,COC1=NN(Cc2noc3c2CCCC3)C(=O)C=C1,3,0.46296296296296297,1.5368675935163525,0.998761348520631
11000834,CCOC(=O)c1cc2ccccc2n1CC(=O)c1ccc(cc1)F,3,0.3888888888888889,1.7530995408136436,0.9985679761224815
29963741,CC(C)c1cc2c(coc2cc1C)CC(=O)NC1CCN(C)CC1,3,0.43333333333333335,2.6143700962177476,0.9994761577643714
30190454,NC(=O)C1CCN(CC1)C(=O)CCc1ccc(cc1)Cl,3,0.4489795918367347,1.726993051520574,0.9980224339643897
53815325,CN(CCSc1ccc2nnnn2n1)Cc1ccccc1,3,0.6,1.9646620574541105,0.9983932629889066
334892,COc1ccc(cc1)-c1[nH]c2ncccc2c1CN(C)CCOc1ccccc1OC,3,0.30303030303030304,2.4134618289915877,0.9980855599621838
134995,CCn1c(nc2cc(ccc12)NC(=O)C1=CN(CC(=O)N2CCCCC2)C(=O)C=C1)C,3,0.3235294117647059,2.47894352497154,0.9988019852746676
410858,Cc1ccc(cn1)-c1nc(ncc1-c1cc(no1)C)NCc1ccco1,3,0.5373134328358209,2.4996621771747503,0.9997660481034537
32069322,Cc1noc2ncc(cc12)C(=O)Nc1nc(cs1)C1CC1,3,0.38571428571428573,1.4809821065774618,0.9997833445682469
73019704,FC(F)CN1C(=O)CSc2ccc(cc21)NC(=O)C1CC=CC1,3,0.2619047619047619,1.0365654827363677,0.9992261132843204
36686539,CCc1nnc2n1CCN(C2)C(=O)c1ccccc1Oc1cccnc1,3,0.3333333333333333,1.1116888053760507,0.9995409001756437
72972996,CC(C)n1nccc1-c1ncccc1COc1cccc(c1C=O)O,3,0.3181818181818182,2.263398992665324,0.9992344248163851
12013114,CN1C(=O)N(CC(=O)NCc2ccc(cc2)Cl)C(=O)C21CCCCC2,3,0.4098360655737705,1.6650003003003553,0.999295317057505
136967,CCCn1cc(cn1)C(=O)N1CCC(CC1)c1n[nH]cc1C(=O)N1CCOCC1,3,0.6818181818181818,3.8656911413099158,0.9995417166312337
42942540,Cc1oc(c(c1C)C(=O)NCC#Cc1ccccc1)C,3,0.5319148936170213,2.247050511225811,0.9992002044265791
323986453,FC(F)(F)COCCn1cc(c(n1)-c1ccccn1)NC(=O)c1coc(n1)-c1cn[nH]c1,3,0.29473684210526313,4.2673314846635035,0.998965803433938
82712955,CC(C)Oc1ccc(cc1)C1(CCCC1)C(=O)NC1CCS(=O)(=O)CC1,3,0.27692307692307694,2.1420702602855792,0.9986949651019339
49939748,N#Cc1ccc(o1)CNc1cnc2ccccc2c1,3,0.3448275862068966,1.6379945054842961,0.9993993668062511
48760058,CC(C)c1nnc(o1)NCc1cc(cc(c1)F)F,3,0.36363636363636365,1.6405377167260793,0.9988477859319292
877481,Clc1ccc2c(c1)CCc1cccnc1C2=C1CCNCC1,3,0.55,2.6134261037953226,0.9984183807127281
49956350,CS(=O)(=O)Nc1ccccc1-c1ccncc1,3,0.3125,2.9949948247033253,0.9835646211516388
232861350,COc1ccc(cc1)-c1cc(nc(n1)-c1ncccn1)C(C)(C)C,3,0.3157894736842105,2.228974203529492,0.9968086200068098
232862115,COc1ccccc1-c1cc(nc(n1)-c1ncccn1)C(C)(C)C,3,0.3877551020408163,2.917951678832362,0.9969375449377399
46088801,COCCc1noc(n1)CN1CC(CCC1=O)(c1ccccc1)c1ccccc1,3,0.3888888888888889,2.4188551010756454,0.9977318971088556
33308690,CC(C)(C)c1nnnn1CC(=O)NC12CC3CC(CC(C3)C2)C1,3,0.5531914893617021,5.685831249694336,0.9889422032311644
140075,CC(C)(C)C(=O)N1CCC(CC1)(Cc1ccc(cc1)-c1cccs1)C(=O)N1CCCC1,3,0.32051282051282054,4.904456544817121,0.9962595976742147
189882719,Clc1ccc(cc1)/C=C/C(=O)N1CCC2(CC1)CN(Cc1ccc(c(c1)Cl)Cl)C(=O)O2,3,0.3287671232876712,1.1458538301199699,0.9991382879317677
171790224,COc1cccc(c1)O[C@H]1CCN(CC[C@@H]1O)C(=O)c1cc(on1)-c1ccc(cc1)C |r|,3,0.4225352112676056,2.4295240274587675,0.9985505842791803
171790057,O[C@H]1CCN(CC[C@@H]1Oc1ccccc1F)C(=O)c1cc(on1)-c1ccc(cc1)F |r|,3,0.42028985507246375,2.1118761800823966,0.9986534786574576
171790267,COc1cccc(c1)O[C@H]1CCN(CC[C@@H]1O)C(=O)c1cc(on1)-c1ccc(cc1)F |r|,3,0.4166666666666667,2.246285378130008,0.9992201167895651
25645386,FC(F)(F)c1cccc(c1)Oc1cccc(c1)C(=O)N1CCNC(=O)C1,3,0.5,1.9828565253191188,0.9989340390789127
37022061,COc1cc(c(cc1OC)NCC(=O)Nc1ccc(cc1)C)F,3,0.3888888888888889,1.5588890274814657,0.9987675887784189
43881116,CN(CC1=CC(=O)N2C=C(C)C=CC2=N1)Cc1cccc(c1Cl)Cl,3,0.4827586206896552,1.722073459524961,0.9988579723348001
50406372,CN(c1ccc(cc1)NC(=O)Nc1ccc(cc1)OC(F)(F)F)c1ccnc(n1)Nc1cccc(c1)S(=O)(=O)N,3,0.421875,3.254182385791798,0.9986812983359288
306342,O=C1Oc2nc3cc4c(cc3cc2CN1CCN1CCOCC1)OCO4,3,0.8958333333333334,1.9459979445007876,0.9987255271865758
6630813,Cc1ccc(cc1)CNC(=O)CN1CCC(CC1)n1nnc2cc(ccc12)C,3,0.375,2.0746973273225624,0.9984314933343359
24881110,COc1ccc2nc(ccc2c1)CN1CCC(O)(CC1)c1ccc(cc1)C,3,0.4090909090909091,1.9850735502744772,0.9990635116409923
324007832,CC[C@@](C)(NC(=O)c1cc(cnc1NC1CC(F)(F)C1)F)C#C |r|,3,0.25609756097560976,2.9931772416617477,0.9992389133349591
46651868,CCCc1nnc(o1)NCc1cn2ccc(cc2n1)C,3,0.2857142857142857,4.068234998128428,0.9988584266772517
MCULE-3611790330,CCOc1cc(ccc1C(=O)O)CC(=O)N[C@@H](CC(C)C)c1ccccc1N1CCCCC1 |r|,3,0.33783783783783783,3.136977048051113,0.9969364579390646
49310649,C1Cc2c(ncn2CCc2ccccc2)CN1c1ncccn1,3,0.576271186440678,1.9980590581862567,0.9992626528197295
36343702,Cc1ncc2c(n1)CN(CCCc1nc3ccccc3o1)CC2,3,0.3230769230769231,1.6078249282802652,0.9987833799165985
316762184,COc1cc2c(cc1OC)-c1[nH]nc(c1C2=O)NCc1c(cccc1Cl)Cl,3,0.328125,2.94691533641529,0.9991684590967567
49968164,CCc1cc(nc(n1)C)N(C)Cc1ccc(nc1)N,3,0.5471698113207547,1.9585535479017653,0.9982724310032294
49968158,CN(Cc1ccc(nc1)N)c1ccnc(n1)C,3,0.6,1.6193072592936983,0.9989929035109797
49968176,CCc1ncnc(c1F)N(C)Cc1ccc(nc1)N,3,0.5111111111111111,1.7361609948391434,0.9985947299738225
49837463,O=C(Nc1nc2cccc(n2n1)-c1ccc(cc1)CN1CCS(=O)(=O)CC1)C1CC1,3,0.3194444444444444,2.072367486716503,0.9985019255772519
49352627,CCN(C(C)C)C(=O)N1CCC(CC1)CC(=O)N1CCN(C)CC1,3,0.5,2.5296675670926105,0.9985922671459304
36639987,Cc1cc(n2nc(c(c2n1)C(=O)NCC1CC1)C)C,3,0.5714285714285714,1.4560398346192114,0.9998166464751277
36356154,COc1ccnc(n1)N1CC(C1)n1nc(cc1C)C,3,0.46153846153846156,1.582424721747942,0.9989379842064399
46034633,Cc1nc(c(c(n1)NCc1cc(no1)-c1ccc(cc1)F)C)C,3,0.3508771929824561,1.765070820108622,0.9997315159926053
198953,Cc1cccnc1Nc1cccc(n1)C1CCCN(C1)CC(=O)Nc1nccs1,3,0.5063291139240507,1.960183664865877,0.999253939819491
31246617,CN(Cc1ccccc1)C1(Cc2ccccc2C1)C(=O)N1CCNC(=O)CC1,3,0.3125,2.834372770120387,0.9986257811399494
36705292,CCN(CC)C(=O)N1CCCN(CC1)C(=O)N(CC)CC,3,0.35714285714285715,2.7017374039678206,0.9976229062856561
25587599,COc1cccc(c1)-c1nc(n[nH]1)-c1cccnc1,3,0.35185185185185186,1.3868222669118377,0.9995924714462475
177465521,CN(CCO)c1ccc(nn1)-c1ccc(cc1-n1cccn1)C,3,0.323943661971831,1.567371685338288,0.99930211284894
32136137,COc1ccc(c(c1)-c1cc(no1)C(=O)N1CCCN(CC1)C(=O)C)OC,3,0.3548387096774194,2.2077454563420034,0.9991450299232354
49670792,COc1ccc2ccccc2c1CNC(=O)c1cnc(nc1)C1CC1,3,0.41333333333333333,0.8527490838458716,0.9994827594956965
46075643,Cc1nc(c2sccc2n1)NC(C1CC1)c1nccn1C,3,0.3076923076923077,3.6886153228549294,0.9994666898146358
320405235,CN(CCOc1c(ncnc1-c1cc(cc(c1C)NC(=O)c1ccc(cc1F)C1CC1)F)N)C(=O)C=C,3,0.25555555555555554,2.979761903239628,0.9990438844667074
49139618,COCc1ccccc1COC(=O)c1ccc(nc1)C,3,0.40384615384615385,1.885882021760591,0.9987251373121268
48934153,CN(CCOc1ccccc1)CC(=O)NCCc1ccccc1,3,0.5272727272727272,1.5874945669198457,0.998078978767736
MCULE-8889700922,Cc1ccc(c(c1)S(=O)(=O)N1CCCN(CC1)CCn1cccn1)C,3,0.5,1.5510896170113162,0.998544219568124
23998653,O=C(Nc1cccnc1)c1ccccc1Cc1ccccc1,3,0.39622641509433965,1.8270894887771025,0.9987877395168955
157255,Cc1nc(cc(n1)NC1CCCC1)CC1CCN(CC1)S(=O)(=O)c1c(noc1C)C,3,0.29850746268656714,3.251358639092469,0.9983430207169296
324086,CN(C)c1ncc(c(n1)-c1ccco1)-c1ccncc1C,3,0.34285714285714286,1.5667140772970076,0.9990525869437078
13448534,Fc1ccc(cc1)CN1CCCN(CC1)c1ccc2nnnn2n1,3,0.3220338983050847,1.8868333259724994,0.9978340164285517
53790787,CC(CN(C)Cc1nnc(n1C)C)Oc1ccc(c(c1)Cl)Cl,3,0.25757575757575757,1.620984268893334,0.9966201244264719
35739191,CC(C)(C)NC(=O)c1cnc(s1)-c1ccc(s1)Cl,3,0.29310344827586204,1.5718762673951003,0.9992014046768453
24053614,CN1C(=O)N(Cc2cccnc2)C(=O)c2ccc(nc21)C(F)(F)F,3,0.4,1.6642124263454738,0.9987727829818124
89940865,FC1(F)CCN(C1)c1cc(cc(n1)Nc1cc(ccn1)C#N)C1CCN(CC1)C1COC1,3,0.3188405797101449,4.116091714235648,0.9987754814976826
49299793,Brc1cc2c(cc1Cn1cncn1)OCCCO2,3,0.36538461538461536,1.1975604368880879,0.9983632293466504
13509338,Cc1cc(c(c(c1)C)NC(=O)CN1N=NN(C1=O)c1cccs1)C,3,0.43333333333333335,1.3018978454547185,0.9994779030083326
35762433,Cc1nn(c(c1NC(=O)CN1CCC2(CCCCC2)CC1)C)C,3,0.3157894736842105,2.4771923623327856,0.9977027399899164
177304918,COC1(CCN(CC1)Cc1ncccc1Cl)c1nc(no1)Cc1ccccc1,3,0.6666666666666666,2.119274640059221,0.9983356698772647
49863653,C[C@H](N1C2CCC1CC(C2)C(=O)O)c1ccc2ccc(c(c2c1)C(F)(F)F)O[C@H]1CC[C@H](CC1)C(F)(F)F |r|,3,0.2463768115942029,5.90481735534642,0.9960382386056521
150507,Fc1ccc(cc1)Cc1cccc(n1)C1CCN(CC1)C(=O)CCc1ccccc1,3,0.5076923076923077,1.9330545776051615,0.9990380213481883
82713457,O=C(CN1N=C(Cc2ccccc2)c2ccccc2C1=O)NCCc1c[nH]cn1,3,0.59375,6.493598694098666,0.9932576895211233
13484504,CCc1nc2ccccc2n1CC(=O)Nc1ncc(s1)C,3,0.4576271186440678,1.8971006826207977,0.9995539393402184
11882682,CN(C)c1nc(nc2scc(c12)-c1cccs1)CN1CCOCC1,3,0.38571428571428573,2.3275899552971406,0.9987670047956155
48248900,Clc1cnc(nc1)N1CCC(CC1)CC(=O)N1CCOCC1,3,0.4489795918367347,1.9323635786258149,0.9974920670842393
324134429,CC(C)(O)CCn1cc2cc(c(cc2n1)OCC1COC1)NC(=O)c1ccn(n1)C(F)F,3,0.7714285714285715,3.3557234689413034,0.9990963976434032
29676702,O=C1CCCN1C(=O)COc1cccc(c1)-c1nnco1,3,0.3484848484848485,1.8714913838965959,0.9990961282510018
3593846,COc1cc2c(cc1OC)CN(CC2)C(=O)C1CCCN(C1)C(=O)c1ccc(cc1)Cl,4,0.7090909090909091,1.5229205494701794,0.9985712106374312
43251081,O=C(NCC1CC1)c1ccc(nc1)-n1ccnc1,4,0.6037735849056604,2.68922907168629,0.9992570753457143
48397445,CC1(C)[C@H]2C[C@H]3Oc4c(ccc(c4C(=O)NCCNc4ccccn4)O)[C@H](O)[C@@]3(O)[C@@H]1C2 |r|,4,0.6944444444444444,4.7198563537464615,0.9989952890562663
45716971,COc1ccc(cc1)CNC(=O)CCCOc1ccc(cc1)C(=O)C,4,0.43137254901960786,1.3726361498955935,0.9978768509224804
136967,CCCn1cc(cn1)C(=O)N1CCC(CC1)c1n[nH]cc1C(=O)N1CCOCC1,4,0.6818181818181818,3.8656911413099158,0.9995417166312337
89942308,COc1cc(ccc1-c1ncnc(n1)Nc1cccc(c1)C[S@@](=N)(=O)C)F |r|,4,0.3333333333333333,1.715210482710512,0.9991754702719111
295413823,CC[C@H]1N(c2ccn(n2)C)c2nc(ncc2N(C)C1=O)-n1ccnc1-c1ccc(cc1)F |r|,4,0.2911392405063291,1.9547918047726502,0.9992813838694578
193725,COc1ccc(cc1)NC(=O)CN1CCC(CC1)c1cc(cc(n1)C)-c1cnc(nc1)N,4,0.4878048780487805,2.001927321357917,0.9984525639656213
314274,CCN(CC)CCCNc1ncc(c(n1)-c1ccco1)-c1cc(no1)C,4,0.5373134328358209,4.419245636984322,0.9993276895384802
177369616,O=C1N(Cc2ccc3c(c2)CCCO3)C=Nc2ccncc21,4,0.30985915492957744,1.2250995877889008,0.9991947596843616
49911442,Cc1ccc(cn1)CCNc1ccc(nc1)C#N,4,0.42592592592592593,1.164359909993902,0.9995746002127981
30438633,CN1C(=O)COc2ccc(cc21)NC(=O)CCN1C(=O)COc2ccc(cc21)Cl,4,0.5606060606060606,1.7627311195986355,0.9987346497626332
291159,COc1ccc(cc1)CNc1c(nc2cnccn12)-c1ccc(c(c1)OC)OC,4,0.3188405797101449,1.8821522255123386,0.9990227575520623
49383383,C[C@H](NC(=O)CCC(F)(F)F)C(=O)N[C@@H]1C(=O)N(CCO)c2ncccc2-c2ccccc21 |r|,4,0.25609756097560976,2.4929456472212883,0.9992283076839308
53815321,CN(CCSc1ccc2nnc(n2n1)C(F)F)Cc1ccccc1,4,0.25757575757575757,2.7909609456242355,0.9969951688000089
89937183,C[C@@H]1CC(=O)Nc2cccc(c2N1)-c1ccc2n(nc(c2c1)-c1cnn(c1)C)C |r|,4,0.3142857142857143,2.2932860702505926,0.9996804319839822
177389272,CCCc1ncncc1C(=O)NCc1noc(n1)C1CC1,4,0.5079365079365079,1.987278037920654,0.9988477859319292
31895184,CC(C)C(=O)N1CCC(CC1)Nc1ncnc2ccsc12,4,0.6274509803921569,2.00452263643942,0.999265726293632
36464307,C(Cc1n[nH]c(n1)-c1cccc2cnccc12)c1ccccc1,4,0.4,1.0702004485142307,0.9995033093821754
177405420,CN(Cc1c(nn(c1C)C)C)C(=O)NCc1cnc(c(c1)C)C,4,0.5454545454545454,2.0962392516114146,0.999589761318175
300042043,Clc1ccccc1CNCc1ccc2c(c1)OCCO2,4,0.46938775510204084,1.849522911455857,0.9986108663879723
31213616,Cc1noc(n1)-c1ccc(cc1)NC(=O)Cc1ccccc1,4,0.4444444444444444,1.1740907119983521,0.9989961305960305
425314,CCOc1ccc(cc1OC)CN[C@@H]1CCC[C@H]1Cc1cc(no1)C |r|,4,0.27380952380952384,2.2093691407279854,0.9990271224461432
425292,COc1ccc(cc1OC)CN[C@@H]1CCC[C@H]1Cc1cc(no1)C |r|,4,0.30434782608695654,2.237092309226224,0.9979945861227916
25000139,CN(CC(=O)Nc1cccc(c1)F)C(=O)c1cccc(c1)C#N,4,0.38461538461538464,1.5368012233208879,0.9985638383066008
48373672,O/N=C\1/CCCc2c1cnc1ncnn21,4,0.3673469387755102,1.2541423364198956,0.998463678528865
30063543,O=C(CN1CCc2ccccc21)N1CCC(CC1)c1nc2ccccc2[nH]1,4,0.4925373134328358,1.9530611869577374,0.9990949977824246
43674916,Cc1csc(n1)N1CCN(CC1)Cc1ccc(nc1)OCC(F)(F)F,4,0.36486486486486486,1.804311503039442,0.9988160496867472
LN00130941,COC([C@H](Oc1nc(cc(n1)C)C)C(=O)O)(c1ccccc1)c1ccccc1 |r|,4,0.26785714285714285,4.568065126505967,0.9880104358364604
177394614,CN(CC1CCN(CCO)CC1)C(=O)c1cc(nc(c1)C)C,4,0.5,1.6809357513003562,0.9991206860230967
36464053,CCc1cnc(nc1-c1ccc(cc1)-c1ccn[nH]1)C,4,0.43478260869565216,5.496381809881921,0.9932576895211233
25018171,CN(Cc1ccc2c(c1)OCO2)Cc1ccccc1C#N,4,0.3770491803278688,1.9646419521123413,0.9980347086425015
48295458,Cn1ccnc1-c1noc(n1)NCc1ccccc1,4,0.41509433962264153,2.421894506373278,0.998503573395957
49041586,CC(C)N(Cc1nnc(o1)C(C)C)C1CCOCC1,4,0.3157894736842105,1.2048921113526287,0.9984938421073948
25616683,CNc1nc(ncc1F)-c1cc(cc(c1)OC)OC,4,0.2727272727272727,2.0003484696420863,0.9966254426812935
42942540,Cc1oc(c(c1C)C(=O)NCC#Cc1ccccc1)C,4,0.5319148936170213,2.247050511225811,0.9992002044265791
104336605,Cc1c(nnn1Cc1ccc(c(c1)Cl)Cl)C(=O)Nc1ccc(cc1)CO,4,0.3333333333333333,1.5926892352242805,0.9994001349837045
35739191,CC(C)(C)NC(=O)c1cnc(s1)-c1ccc(s1)Cl,4,0.29310344827586204,1.5718762673951003,0.9992504926877541
48752652,COc1cc(ncn1)NC(=O)c1ccc(cc1C)F,4,0.39655172413793105,1.5371366237262305,0.9990321284848697
25587599,COc1cccc(c1)-c1nc(n[nH]1)-c1cccnc1,4,0.35185185185185186,1.3868222669118377,0.9994820253260736
235805596,CC(C)(C)C1=NN(CC2CN(C2)CC2(O)CCCC2)C(=O)C=C1,4,0.6730769230769231,2.1690025357292395,0.9992451922176643
53825026,CCC1=CC(=O)NC(=N1)SCCCCC1CCOCC1,4,0.30158730158730157,2.66687326283042,0.9969053961309219
49944058,CCn1nccc1CNc1nnc(o1)-c1ccc(cc1)OC,4,0.41818181818181815,1.4131790403198432,0.9996743583011533
36987134,CC1CCC(CC1)NC(=O)c1oc2ccccc2c1CS(=O)C,4,0.4067796610169492,1.8921017414505943,0.999396476233402
6666291,COc1cccc(c1)N1CCN(CC1)c1nc(cc(c1C#N)C)C,4,0.46153846153846156,1.4006252175367742,0.9993715570872045
2017461,FC(F)(F)Oc1ccc(cc1)NC(=O)Nc1ccccc1,4,0.421875,2.0008495695578494,0.9973052536436203
24039580,CCC(=O)N(C)CC(=O)Nc1cccc(c1)F,4,0.38596491228070173,1.2850692588335877,0.9990148448975309
31254852,CCC(=O)N(C)c1ccccc1C(=O)O,4,0.3,4.0549081370606,0.9946405122164342
314102886,CCOC(=O)CNC(=O)c1ccc(cc1O)O,4,0.38,2.630016729984628,0.9980903984719346
48765718,COc1ccc(c(c1)C(=O)N)OCC#C,4,0.3508771929824561,2.064745989219992,0.9940400280058886
44551318,CON(C)C(=O)c1cc(ccc1NS(=O)(=O)C)C,4,0.58,2.1349393434006023,0.9962131411240596
511449,CCCCNC(=O)NS(=O)(=O)c1ccc(cc1)C,4,0.34375,2.7125500917033434,0.9932337579378728
32441825,CN(C)C(=O)COc1ccc(c(c1)F)N,4,0.3220338983050847,1.4674447178684227,0.998957830422662
73050408,CN(Cc1ccc(cc1C)Br)C(=O)CO,4,0.36,1.520714963430044,0.9945852979792886
29965110,CNC(=O)CN(C)c1cccc(c1C#N)F,4,0.3684210526315789,2.2639529588752256,0.9945646940571691
13475108,CCNC(=O)c1ccc(cc1)CS(=O)(=O)C,4,0.30612244897959184,2.3069579536696883,0.9977739580235748
300014701,CC(C)CC(NC(=O)C(O)C(N)Cc1ccccc1)C(=O)O,4,0.27692307692307694,2.12744259617067,0.9990500365101074
525100,COc1cc(c(c(c1OC)OC)N)C(=O)O,4,0.3404255319148936,2.023851032067405,0.9975879179526506
48750988,CN(C(=O)CSC(C)(C)C)c1ccccc1C#N,4,0.3018867924528302,1.685998813760054,0.9981915624406232
15211082,CCN(C(=O)C)c1ccc(cc1C(=O)O)C,4,0.28846153846153844,3.873993030453135,0.9939855731148454
14097435,CN(C)C(=O)c1ccc(c(c1)NS(=O)(=O)C)C,4,0.3888888888888889,1.9195014977853102,0.9979990232482939
29683998,CN(C)C(=O)CN(C)Cc1cc(ccc1F)C#N,4,0.375,1.9776539131000783,0.9983249187701626
1373175,CN(C)C(=O)CN(c1ccccc1C)S(=O)(=O)C,4,0.2631578947368421,2.192764465235637,0.9929192164734084
49956558,CCS(=O)(=O)N(C)c1ccc(cc1)N(C)C,4,0.2857142857142857,1.1723659838122171,0.9973241308609866
31837136,CCCC(=O)Nc1ccc(cc1)C(=O)N(C)C,4,0.4,2.038788120428421,0.9990204383012115
2059266,CCN(CC)C(=O)c1ccc(cc1)NC(=O)C,4,0.4,1.7430152036057287,0.9986007760003851
31407175,COc1cc(c(cc1CNC(C)(C)C)OC)OC,4,0.32727272727272727,2.3270393206820104,0.9965207560955214
177380774,CN(C)S(=O)(=O)CCNC(=O)N(C)CCOc1cc(cc(c1)C)C,4,0.5517241379310345,1.9796984618876756,0.9971219553106412
41287015,CN(CCc1ccccc1)C(=O)CC#N,4,0.391304347826087,1.8538905037784301,0.9985264973636838
537527,NC(=N)N/N=C/c1c(cccc1Cl)Cl,4,0.1896551724137931,8.359458475284152,0.8740523778490471
82716591,COc1cccc(c1OCCCN)C(=O)N(C)CC(F)(F)F,4,0.3181818181818182,1.4799753376322087,0.9981026350408508
299994993,C[n+]1cc2c3c(ccc2c2ccc4cc5c(cc4c12)OCO5)OCO3,4,0.24561403508771928,1.5767777268851921,0.9983126770339129
73050302,C1CCN(C1)c1cc(ncn1)NCc1ccccc1N1CCOCC1,4,0.3333333333333333,2.739405592459765,0.9986699218798014
43488186,Cc1ccc2[nH]c(nc2c1)C1CN(C1)C(=O)Cc1cccc2ccccc12,4,0.4576271186440678,1.4113263265453597,0.9986854283256982
36646466,Cc1ccc2nc3c(c(c2c1)C(=O)NCc1cnn(c1)C)CCCC3,4,0.6212121212121212,1.6449124596767366,0.999241787796301
11909115,Fc1ccc(cc1)OCCN1N=Nc2ccccc2C1=O,4,0.44642857142857145,1.225996737352819,0.9982149024350074
53815325,CN(CCSc1ccc2nnnn2n1)Cc1ccccc1,4,0.3220338983050847,2.0099430340185283,0.9983932629889066
44501962,Cc1cc(no1)C(=O)NC1CCN(CC1)C(=O)c1cc(sc1C)C,4,0.3230769230769231,1.978270962230418,0.9995515210993741
49944040,COc1cc(ccc1F)CCNC1CCC2(CC1)OCCO2,4,0.3382352941176471,2.020781779411234,0.9972928155882095
36635336,CN1CCN(CC1)C1=C2C=CC=CC2=Nc2ccc(cc2N1)Cl,4,0.2878787878787879,2.2890428130551337,0.9984739131987501
MCULE-7051565077,COCCNC(=O)CN1CCN(CC1)c1nccn1-c1cccc(c1)Cl,4,0.40540540540540543,1.434342009424834,0.9991392546529608
217047,Cc1cn[nH]c1C1(C)CCN(CC1)Cc1cnn(c1)C,4,0.36507936507936506,3.0836864302320373,0.9992857232587582
31888771,CCN1CCc2nc(sc2C1)NC(=O)Cc1ccc(cc1)Cl,4,0.4603174603174603,1.928040974669133,0.9994248629501767
294504,CC(C)(C)NC(=O)CN1N=C(OC1=O)C(c1ccccc1)c1ccccc1,4,0.3220338983050847,1.9350033591701803,0.9983718076640065
44585808,Cc1csc(n1)N(C1CC1)C(=O)c1ccc(c(c1)F)-n1cncn1,4,0.43661971830985913,1.4575698954078684,0.9995338752906714
184569,CNC(=O)c1sc2ncccc2c1[C@H]1CC[C@@H](CC1)CNC(=O)COc1ccccc1 |r|,4,0.7538461538461538,3.1894896143424853,0.9982905043109255
49945424,CCc1cnccc1C(=O)Nc1cnccn1,4,0.39215686274509803,1.8250271230857862,0.9995867914896126
139117,CN(C)C(=O)C1(CCN(CC1)C(=O)C1CCCO1)Cc1ccccc1-c1ccccc1,4,0.5909090909090909,3.8633211101330796,0.9991005680351934
17107056,Clc1ccc(cc1)COc1ccc2c(c1)C(=O)N1CCCCCC1=N2,4,0.40625,1.2987320739860158,0.9986826964527054
6892467,COc1cc(cc(c1OCc1ccc(cc1)Cl)Br)CNc1nnn[nH]1,4,0.3333333333333333,2.567909655731745,0.9953367486989997
362026,O=C(NC1CCCC1)C1=CCN(C1)C(=O)C1CC1,4,0.9714285714285714,1.5243234564877586,0.9992383488036078
49085431,COCc1ccc(cc1)SCC(=O)NC1CCCC1,4,0.54,2.1638151492214854,0.9988273615554084
23728018,Cc1ccc(cn1)C(=O)NCC#Cc1ccccc1,4,0.5869565217391305,1.2642479978232093,0.9988993174692419
32042968,C1CN(Cc2ccccc2N1)c1cnc2ccccc2n1,4,0.46153846153846156,1.6446300495857111,0.9977275373838838
41560058,CCC1(O)CN(C1)c1ncccc1C#N,4,0.52,1.3721180707211478,0.998605651376002
49915301,CCNC(=O)C1CN(C1)c1cccc(n1)C#N,4,0.39344262295081966,0.9746081263770424,0.9993689481510816
31878068,Cc1ccc(cn1)C(=O)NCCc1csc(n1)C,4,0.4074074074074074,1.6263348363734251,0.9997478528066924
30000529,CN(Cc1nc(c2ccccc2n1)N)Cc1ccc(cc1F)F,4,0.44,1.7619534613605012,0.9972931997120995
36264533,O=C(NCCc1cn2c(n1)CCCC2)c1ccccn1,4,0.5245901639344263,2.3873185794942464,0.9991843393460519
30231738,Fc1cccc(c1)-c1nnn(n1)Cc1ccc(cc1)C(=O)N1CCCC1,4,0.3793103448275862,2.1568750543320094,0.998912428435271
23808246,Cn1nc(c2[nH]c(nc12)-c1cccc(c1)CN1CCOCC1)C1CC1,4,0.32432432432432434,1.7413799125977705,0.9993940348326678
49130722,CCN1CCCN(CC1)C(=O)Nc1ccc(cc1)COC1CCCC1,4,0.660377358490566,2.6077104900661943,0.9978081508551528
31239684,Fc1ccc(cc1)C1=C(NN(C1=O)c1ccc(cc1)Cl)c1ccncc1,4,0.3392857142857143,2.1970550744118986,0.999012973683623
48749260,CN(C)c1nccc(n1)N(C)Cc1nc(cs1)C,4,0.4166666666666667,2.081410579390839,0.9984540234503099
49953876,COc1nc(nc(c1C)N(C)Cc1nccs1)C,4,0.26865671641791045,2.125864059623822,0.999426173902222
36294663,CCCN(CC)c1ccc(cc1)C(=O)N1CCCN(CC1)C(=O)C,4,0.35555555555555557,2.068848713656912,0.998641796461916
49960790,CC1(C)CCCN1C(=O)c1c(cc(cc1F)C#N)F,4,0.34615384615384615,1.3418371734304069,0.9986611153951974
45766450,COc1ccc(cc1NC(C)C)C(=O)N1CCCC1,4,0.3877551020408163,1.4875883167059931,0.9991308148835747
8296397,NCc1cccc(c1)C(=O)N1CCCC1,4,0.48148148148148145,1.7475954909533107,0.998558244497583
136829,Fc1ccc(cc1)CNC(=O)C1(CCOCC1)Cc1ccc(cc1)-c1cccnc1,4,0.5454545454545454,2.525707029724724,0.9976204225394857
36915937,O=C(CCNc1ncccn1)N1CCc2ccccc2C1,4,0.38333333333333336,1.52615300674595,0.9994777022322903
24093551,Cc1cccc(n1)NC(=O)c1ccccc1-c1ccccc1,4,0.5333333333333333,1.1715784224711494,0.9988267468698384
48753166,CCc1nccn1Cc1nc(nc(n1)N(C)C)N,4,0.32,2.185724822570272,0.9990775720333761
3563624,FC(F)(F)c1nc(c2ccccc2n1)Nc1ccc(cc1)-n1cnnn1,4,0.30158730158730157,1.6337551836183115,0.9991662759372633
3434817,Cc1ccc2c(coc2c1)CC(=O)NCc1cccs1,4,0.46551724137931033,1.8971006826207977,0.9994647330860618
301048201,CC(C)(C)c1ccc(cc1)C(=O)Nc1cn2cc(ccc2n1)-n1ccnc1,4,0.38181818181818183,4.727404784867934,0.9964780460535938
53790787,CC(CN(C)Cc1nnc(n1C)C)Oc1ccc(c(c1)Cl)Cl,4,0.25757575757575757,1.620984268893334,0.9966201244264719
53829712,O=C(CSCCc1ccccn1)Nc1ccccc1,4,0.6666666666666666,1.3876908877701772,0.9990184933317993
75542235,CN1CCN(CC1)c1ccc(cc1)Nc1nc(c2sccc2n1)Oc1cccc(c1)NC(=O)C=C,4,0.7534246575342466,1.9849332482480067,0.9991114426316253
48752236,Cc1cccc(n1)NC1CCN(CC1)Cc1ccncc1,4,0.4230769230769231,1.7273586772876242,0.9991905000545442
36914406,CC1(C)CN(CCO1)C(=O)c1cncc(c1)Br,4,0.3076923076923077,2.039700223072018,0.9982309813735853
49972816,CN(CC(=O)Nc1cccc(n1)C)c1ncccc1F,4,0.4098360655737705,2.3097670878246914,0.9993869868000886
53804145,CCC1=CC(=O)NC(=N1)SCCN1CCCCC1,4,0.3157894736842105,2.126071964915469,0.9991137890635625
82737949,COc1ncc(cn1)C(=O)NCc1cnn2cccnc12,4,0.5423728813559322,1.8052290713367871,0.9994215697648327
46016546,CC(C)[C@@H]1N(C)c2ccc(cc2C[C@@H](CO)NC1=O)NC(=O)/C=C/C=C/c1ccc(cc1)C(F)(F)F |r|,4,0.25252525252525254,4.247343522720973,0.9964727092817829
43947755,COc1ccccc1CNC1=C(Cl)C(=O)NN=C1,4,0.3559322033898305,2.621189424669734,0.9975126633133444
44598735,CCOCC(=O)N1CCC2(CC1)CCc1ccccc1O2,4,0.36507936507936506,1.3985227920918806,0.9994062268664908
44598747,CCNC(=O)N1CCC2(CC1)CCc1ccccc1O2,4,0.5,1.567212812606971,0.9987692874234149
48759758,COC(C)(C)C(=O)Nc1ccnc(n1)C(C)(C)C,4,0.43478260869565216,1.4212009006475355,0.9988306254443206
3347103,CN(CC(=O)NC1(CCCC1)C#N)c1ccccc1,4,0.7291666666666666,1.7472687257546398,0.998356202758005
36791100,Nc1nncc(n1)-c1ccccc1OC(F)F,4,0.2711864406779661,1.7137225563082112,0.9975235709888978
177388619,CCc1nc(cc(n1)N1CCCC2(CCNCC2)CC1)C,4,0.5094339622641509,2.0795987593766623,0.9978289324929079
49825510,Nc1ccnc2ccc(cc12)Oc1ccccc1,4,0.3103448275862069,1.5786152159407885,0.9984803892871592
323264,Cc1nccc(n1)-c1ccc(cc1)-c1noc(n1)CN1CCOCC1,4,0.6458333333333334,1.9894893817257662,0.9982234819719842
13535869,COc1ccc(cc1NC(=O)CN(Cc1ccccc1)C(C)C)NC(=O)C,4,0.36923076923076925,2.249260322861665,0.9972101152432343
1553046,CN(C)c1ccc(cc1)NS(=O)(=O)c1c(cc(c(c1C)-n1cnnn1)C)C,4,0.6551724137931034,1.9840597269235725,0.9969546229586718
42885549,CC1(CCOCC1)c1nnc(o1)-c1cc(n[nH]1)-c1ccccc1,4,0.5,1.7566052487677375,0.9989018667139518
50127813,Fc1cccc(c1)CNC(=O)c1[nH]nnc1-c1ccccc1,4,0.42592592592592593,2.001657313328182,0.998053302717772
30026467,CC(N1CCCC(C1)c1nc2ccccc2o1)C(=O)Nc1ccc(cc1)C(=O)N,4,0.35526315789473684,2.4668528533338345,0.9985154121208579
43429664,CC(N1CCCC(C1)c1nc2ccccc2o1)C(=O)Nc1ccccc1,4,0.4264705882352941,1.4967087224973545,0.9991237641420551
30026465,FC(F)(F)Oc1ccc(cc1)NC(=O)CN1CCCC(C1)c1nc2ccccc2o1,4,0.4146341463414634,1.5911580688288347,0.9990093697207555
30026463,Cc1ccc(cc1C)NC(=O)CN1CCCC(C1)c1nc2ccccc2o1,4,0.44871794871794873,2.079416745147438,0.9982245834722517
24022867,NC(=O)c1ccccc1NC(=O)CN1CCCC(C1)c1nc2ccccc2o1,4,0.39436619718309857,2.4077917268733784,0.998659469043412
49953664,COc1ccc2nc(nc(c2c1)N1CC(O)(C1)c1ccc(cc1)F)C,4,0.5636363636363636,1.855526879352579,0.9983555446467179
49322427,O=C1Oc2cccnc2N1Cc1ccccn1,4,0.3877551020408163,2.337056268043335,0.9990486954190347
36994254,O=C(NC1(CCC1)c1ccccc1)c1cc(on1)C1CC1,4,0.3142857142857143,1.413381406415257,0.9993487668024077
LN01341916,NC[C@@](O)(c1ccc(cc1)Cl)c1ccc(cc1)-c1cn[nH]c1 |r|,4,0.4583333333333333,1.4760945091694975,0.9991735278536066
48746727,CN(C)C(=O)C(C)(C)NC(=O)OC(C)(C)C,4,0.3023255813953488,1.4037734860010866,0.9988768344593325
147149,Cc1nc(ccc1C(=O)N)[C@H]1CC[C@@H](CC1)CNC(=O)CN1CCC(CC1)c1ccccc1 |r|,4,0.527027027027027,3.5650446000014004,0.9979945451049962
48806523,Cc1ncsc1CN1CCCN(CC1)c1nc2ccccc2[nH]1,4,0.5737704918032787,3.416082112596011,0.9983440777800292
25678159,Cn1ncnc1COc1nn2c(nnc2cc1C(C)(C)C)-c1cc(ccc1F)F,4,0.5068493150684932,0.46638503406330434,0.9999079553722799
23998049,O=C(Cc1ccc2c(c1)CCC2)Nc1nc2ccccc2o1,4,0.3333333333333333,1.1318025446160822,0.9996255815516751
Z29433525,Clc1cc(cnc1Cl)C(=O)Nc1nc-2c(s1)COc1ccccc12,4,0.28378378378378377,1.8926758835049224,0.999435642811943
48760016,CCc1ccc(o1)CNc1nncs1,4,0.3404255319148936,1.374799258074043,0.99979481498933
177407455,CCCN(CCC1=CCCCC1)C(=O)c1cc(n[nH]1)C(F)F,4,0.24285714285714285,1.5819323626503392,0.9978692663628748
1542057,C(Nc1nn2nnnc2c2ccccc12)c1ccccc1,4,0.37254901960784315,1.9742755633396973,0.9987571055512742
183257,CCOc1ccccc1C(=O)N1CCC(CC1)c1nc(c([nH]1)C(=O)N)-c1ccc(cc1)OC,4,0.6338028169014085,3.1630967421183933,0.9990049196309484
32180530,CCCCOc1ccc(cc1)C(=O)NCc1cc(on1)C,4,0.3333333333333333,2.504905587043022,0.9983940950250583
24128634,O=C(NCc1cccnc1)c1cnn(c1)-c1ccccc1,4,0.5087719298245614,1.5887510818254713,0.9996004487357042
50615550,CC(C)N1CCN(CCCSc2ccccn2)CC1,4,0.3793103448275862,1.8746589023073397,0.99696325652149
14858512,Fc1ccc(cc1)CCNc1ncccc1C#N,4,0.5531914893617021,1.8249260258979887,0.9980273626561887
48820442,Clc1ccc(cc1Cl)CC(=O)N1CC(C1)n1ccnn1,4,0.3728813559322034,1.5437655262376615,0.9973474085708597
49168678,COCCc1nc(n(n1)Cc1ccc(cc1)F)-c1cnc(nc1)C1CC1,4,0.375,1.3311374835076988,0.9986887445758929
36356154,COc1ccnc(n1)N1CC(C1)n1nc(cc1C)C,4,0.46153846153846156,1.582424721747942,0.9989379842064399
3683577,COc1cc2c(cc1OC)CN(CC2)C(=O)C1CCCN(C1)S(=O)(=O)c1cccs1,4,0.6923076923076923,2.6407031260631366,0.9987134157688744
13534588,Clc1ccc2c(ncnc2c1)NCCN1CCOCC1,4,0.43661971830985913,1.8396496949152386,0.9988487297973315
36284654,Cc1c(cnn1C)C(=O)NC1CCN(CC1)CC1CCCCC1,4,0.453125,2.9863984998661066,0.9972972061195543
32037496,N#Cc1ccccc1OCc1csc(n1)-c1ncccn1,4,0.3103448275862069,1.1544765047412044,0.999276273118598
35695446,Clc1ccc(nc1)NC(=O)C1(CC1)c1cccc(c1)Cl,4,0.34328358208955223,1.6085002331362988,0.9990123122673936
300096535,CC(COc1ccccc1Cc1ccccc1)N1CCCCC1,4,0.3090909090909091,1.485477364351611,0.9986178042182232
177450733,COCCc1noc(n1)CN(C)C(=O)c1ccc2c(c1)CCC2,4,0.3888888888888889,1.5826117654058331,0.9988921416175123
165247,Cc1nccc(n1)C1CCN(CC1)Cc1ncc[nH]1,4,0.5263157894736842,1.5994086407172758,0.9988921681089029
42768719,CNC(=O)c1cccc(c1)NC(=O)N1CCC(CC1)Oc1ccccc1Cl,4,0.4714285714285714,1.8988973115993453,0.9993037073776639
1734240,CS(=O)(=O)N(CC(=O)Nc1ccccc1C(=O)NCc1ccco1)c1ccc(cc1)F,4,0.35714285714285715,2.201205351620357,0.9991844673125075
181799,CNCc1cc(nc(n1)C1CCCN1C(=O)CCc1c[nH]c2ccccc12)N(C)C,4,0.6056338028169014,3.167493172842285,0.9986372458924567
36647960,CN(Cc1cscn1)c1nc2c(cc1C#N)CCC2,4,0.39285714285714285,1.5761462495596754,0.9991223062136128
18861554,CC(C)c1noc2ncc(cc12)C(=O)Nc1cc(ccc1C)F,4,0.38571428571428573,1.2950675658041209,0.9996218885196049
6670067,NC(=O)c1ccc(c(c1)NC(=O)c1ncoc1-c1ccc2ccccc2c1)N1CCCCC1,4,0.3466666666666667,2.4130835045638896,0.9989056583815842
36671973,CN1CCN(C(=O)CCc2c(nn(c2C)C)C)c2ccccc2C1,4,0.5932203389830508,2.0733528402083814,0.9976702346401912
31325002,Cc1ccccc1CC(=O)N1CCN(CC1)C(=O)c1ccccc1,4,0.4,1.4059662158102033,0.9986905716450258
48788735,Cc1ccnc(c1NS(=O)(=O)c1ccccc1C)Cl,4,0.2698412698412698,1.5585474006267392,0.9986989921686981
Z1611059418,CC(C)c1nnc(o1)NCc1ccn(c1)C,4,0.5681818181818182,1.8684081459898865,0.9994833367550138
207489,Fc1cccc(c1)-c1c[nH]nc1C1CCCN(C1)C(=O)CCc1ccc(cc1)Cl,4,0.6376811594202898,2.3891291300385507,0.9987877395168955
232902536,COCC1(CCC1)CNS(=O)(=O)c1ccccc1,4,0.5769230769230769,2.457056572405364,0.9971595728600025
32674428,COc1cc(cc(c1)C(=O)NCc1noc(n1)-c1ccccc1)OC,4,0.34782608695652173,1.4375284345012036,0.9988600668110873
13419387,Cc1sc2nc(nc(c2c1C)N)CN1CCCC1,4,0.45614035087719296,1.803709510979614,0.9996522237178351
44581824,Fc1ccc(cc1)-c1cnc(o1)CN1C(=O)Oc2cccnc21,4,0.421875,1.9874244639734566,0.9990892604164137
25609569,COc1cccc(c1F)-c1cccc(n1)N,4,0.3137254901960784,2.1946847153975844,0.9966219910342385
49681766,CCNC(=O)c1ccc(nc1)-c1cc(cc(c1OC)OC)C,4,0.3230769230769231,1.3168511685077577,0.9982221790668033
32435950,COc1cc(ccc1-c1ncccc1NC(=O)C(C)C)F,4,0.359375,2.7642342520125975,0.9921852886424178
32398880,CCOc1cccc(c1)-c1cccc(n1)N,4,0.4090909090909091,2.8199262401701035,0.9965004531655146
82726817,COc1ccc(c(c1OC)OC)-c1nc(ccc1OC)C,4,0.46511627906976744,1.8315198606622247,0.9952709140828649
82728603,CN(CCO)C(=O)c1ccc(cc1)-c1cccc(n1)C(F)(F)F,4,0.375,1.944380364023477,0.9981731558378855
27398627,Fc1ccc(cc1)C(=O)N1CCN(CC1)CC(=O)N1CCCC1=O,4,0.4117647058823529,1.2951359002052605,0.9984790864477746
36673851,CCNC(=O)N1CCC(CC1)c1nc(no1)-c1ccccc1,4,0.45098039215686275,1.0365654827363677,0.9991940795567738
258731,COc1cccc(c1)S(=O)(=O)N1CCOC(C1)c1c(sc2ncccc12)C(=O)N,4,0.32989690721649484,2.1926892164650464,0.9992350202059719
46038339,C1C(CN1c1ncccn1)c1nc2ccccc2[nH]1,4,0.35294117647058826,2.2381201933766284,0.9986093359468768
Z1227937331,Cc1nccc(n1)NC(=O)c1ccc(nc1Cl)Cl,4,0.35185185185185186,2.52483979689797,0.9992305384597758
45750904,Cc1nc(cs1)CNC1CCN(CC1)C(=O)C1CC1,4,0.375,1.8606910006772994,0.9986425794674496
49300421,Cc1noc(n1)NCc1ccc(cc1C)F,4,0.4339622641509434,1.4966135105633398,0.9988564137508954
36419852,Cc1cccc(c1)-n1cnnc1CCCN1CCOCC1,4,0.45161290322580644,1.0073261636630146,0.9990971637512791
44097664,Cc1ccc(c(c1)C)C(=O)C1CCN(CC1)CC(=O)NC(=O)Nc1ccccc1,4,0.5714285714285714,1.7430109007117267,0.9974083825626335
152135,Clc1cccc(c1)-c1cccc(n1)C1CCCN(C1)S(=O)(=O)c1cn[nH]c1,4,0.5147058823529411,1.3597363715075688,0.9991442980482153
38843428,CCNc1nc(nc(c1C)C)-c1cccnc1,4,0.36363636363636365,1.1728286319836339,0.9994876937577073
36436018,CCOc1ncccc1-c1nc(cc(n1)NC)C,4,0.43137254901960786,1.2275369648204333,0.9992511704794054
44498516,O=C(Nc1ccc(cn1)N1CCCC1)c1ccc(cc1)-c1cnco1,4,0.5,2.9248112759620954,0.9984317646139813
32611176,CCOC(=O)C1CCN(CC1)C(=O)c1cc2occc2c(n1)Nc1ccc(cc1)F,4,0.325,2.5984245226669604,0.9994509295161803
50132153,CCc1ccc(cc1)S(=O)(=O)NCc1ccnc(n1)N1CCCC1,4,0.3220338983050847,1.9755826988513183,0.9977405760610394
300055299,OC(=O)CNc1nc(nc2ccccc12)-c1ccccc1,4,0.352112676056338,2.2878605726752403,0.9989776107993781
48278518,CN(CCn1nnnc1C)c1ccccc1,4,0.45454545454545453,1.4830161833237834,0.9968363336988991
48817782,Clc1cncc(c1Cl)NC(=O)c1cccc(n1)-n1cccn1,4,0.40625,2.546696094943618,0.9990155653789068
48243153,N#CCn1ncnc1-c1cccc(c1)C#N,4,0.32727272727272727,2.316659232602016,0.9978982567275991
49176426,CCCn1ncnc1-c1ccccc1SC,4,0.37254901960784315,2.0268260902208235,0.9979571021481466
48286431,Cc1nc(n(n1)CC(C)(C)O)-c1ccc(c(c1)Cl)Cl,4,0.36363636363636365,1.493021433201771,0.9979643186057617
48758078,CCc1nnc(c(c1CC)C#N)N1CC(C1)N(C)C,4,0.5102040816326531,1.4644589444570528,0.9984041163112243
50282148,CS(=O)(=O)c1ccc(nc1)-c1nnc(n1-c1ccccc1Cl)/C=C/c1nnc(o1)-c1ccc(cc1)C#N,4,0.2727272727272727,3.34368793400331,0.9985446938266845
303172217,CC1=C2N(C(=O)C(=C1)Nc1cc(ncn1)N)C1(CCCCC1)NC2=O,4,0.26865671641791045,4.871639867642075,0.9994909029124769
145071,COc1ccccc1CNC(=O)c1cnc(nc1C)C1CCN(CC1)C(=O)C(C)(C)C,4,0.41333333333333333,2.8002807002155516,0.9977668848429735
181837,CNCc1cc(nc(n1)C1CCCN1C(=O)C1CCCC1)N(C)C,4,0.7192982456140351,1.5480300384682029,0.9986910531753271
49946968,Cc1nc(n(n1)C)NCc1scnc1C,4,0.6190476190476191,2.275190541471009,0.9995819694189144
49946792,Cc1nc(c(s1)CNc1ncnn1C)C,4,0.4888888888888889,2.4998811971772503,0.9996498133112945
49134782,OCCOc1ccccc1OCc1ncc(cc1Cl)Cl,4,0.2909090909090909,1.3439107113197333,0.9986925068738066
49139348,CC(=O)c1cc(cc(c1OCc1ccccn1)F)Br,4,0.4074074074074074,2.255826456091076,0.995915829685076
222774342,CCCc1nnc(s1)N1CCC2(CCCC2)C1,4,0.30357142857142855,5.032157390225395,0.9844607473842044
48631332,C1CN(Cc2nnc(o2)C2CC2)CC(C1)(c1ccccc1)c1ccccc1,4,0.31343283582089554,1.7077245093984414,0.9985790402833036
276236010,CCC(C)(C)N1CCN(CC1)C(=O)NCCc1cc(no1)C,4,0.38235294117647056,2.9805033132007455,0.9990215624092758
24027900,CON(C)C(=O)c1cc2ccc(cc2[nH]1)C(C)(C)C,4,0.5660377358490566,1.8313156472876038,0.9990270362445762
45748055,CON(C)C(=O)c1cccc2c(c([nH]c12)C)C,4,0.2727272727272727,1.3394330890343145,0.9997170224543833
902539,CCCCCNC(=N)N/N=C/c1c[nH]c2ccc(cc12)OC,4,0.2537313432835821,3.058831149311813,0.9969288944419094
35709702,CNC(=O)Cn1ccc2cc(ccc12)OC,4,0.421875,1.7778880729672522,0.9994900699456271
45748880,CON(C)C(=O)Cc1c([nH]c2ccccc12)C,4,0.30357142857142855,1.6328796648867865,0.9992262303472844
LN01297365,CCN(C1CCOCC1)c1cc(cc(c1C)C(=O)NCc1c(cc(nc1O)C)C)-c1ccc(cc1)CN1CCOCC1,4,0.32407407407407407,5.900499894076864,0.9970286606621318
27415022,CN(Cc1cccc(c1)C#N)Cc1ccccc1C#N,4,0.5531914893617021,3.8016627940942183,0.9975256850713624
1527366,CN(C)CCN(Cc1ccccc1)Cc1ccccc1O,4,0.375,1.3939408165340978,0.9989339426168484
73029963,CN(Cc1ccc(cc1)CO)Cc1cc(c(c(c1)F)F)F,4,0.3018867924528302,2.0421339329241355,0.9962971624640768
49992227,Cn1cc(cn1)C1CCN(CC1)CC(=O)N1CCc2sccc2C1,4,0.515625,3.058433749486763,0.9981595387643857
3565214,CN1C(=O)N(CC(=O)Nc2ccccc2-c2ccccc2)C(=O)C1(C)C,4,0.3888888888888889,2.44351693261996,0.9994975402186685
11480248,Cc1nc(nc2n(cnc12)-c1ccc(cc1)F)Nc1ccc(cc1)F,4,0.375,2.3126430766549477,0.999203268482977
46026615,FC(F)(F)c1nccc(n1)NCCSc1nc2ccccc2o1,4,0.3050847457627119,1.2486981220454823,0.9995145743650539
317396814,Cc1ccc(cc1)-c1ccnc(c1C#N)O,4,0.32075471698113206,2.633333059071735,0.9971298056146065
177508549,Clc1cnn(c1)CCCNC(=O)CCc1cn[nH]c1,4,0.5555555555555556,2.213303413453145,0.9992970076190932
30151761,OC(=O)c1ccc(c(c1)F)N1CCCC1,4,0.3333333333333333,3.7215999247637006,0.9974816502991445
48305854,Cc1nc(cs1)CCN1C(=O)NC(C)(C)C1=O,4,0.34545454545454546,1.3561161454677602,0.9997215786821648
35762297,Cc1nnc(c(c1C)C#N)NCC(=O)N1CCc2sccc2C1,4,0.39473684210526316,1.2017250101427817,0.999709950001144
53744945,OC(=O)c1cnn(c1)-c1nc2cc(c(cc2[nH]1)OC(F)(F)F)Cl,4,0.22784810126582278,4.597916049690788,0.9962487796382089
300566847,CCN(CC)C(=O)c1ccc(cc1)C1=CC2(CCNCC2)Oc2cccc(c21)O,4,0.2647058823529412,2.717219902768374,0.999110208520031
32130663,OC1(CCCCC1)Cn1nnc(n1)-c1cccnc1,4,0.31666666666666665,1.706263461485295,0.9993009784809581
32494828,CCCCC1=C(C)Nc2nc(nn2C1=O)N(Cc1cccs1)C(=O)C,4,0.3,1.8785190975883852,0.9995774383377404
11312507,CCCN(CCc1cccs1)[C@H]1CCc2c(cccc2C1)O |r|,4,0.3,2.0851021557706373,0.9980635877402086
31348551,O=C1Nc2ccccc2N1C1CCN(CC1)CCc1ccccn1,4,0.6296296296296297,2.2269326437944463,0.9990755557023856
48217798,CN(Cc1ccc(cc1)C(=O)O)C(=O)c1ccnn1C,4,0.42857142857142855,2.886373329976639,0.9964303352135363
31842542,CC1CCN(CC1)C(=O)c1n[nH]c2ccccc12,4,0.3582089552238806,1.8777302788203638,0.9990362204138753
13458787,CC(C)C(=O)Nc1ccc(cc1)-c1nc(sc1C)-c1ccccn1,4,0.42424242424242425,2.224982471841358,0.9988938448030985
29578498,CN(CC(=O)NC1CC1)c1nc(cc(n1)C)C,4,0.4528301886792453,1.5816086747357856,0.9981951611469246
49964694,Cc1cc(ccc1F)CN1CC(O)(CC#N)C1,4,0.29310344827586204,1.3497955400727355,0.9984972832636188
29640121,CN(Cc1ccc(cc1)Cl)C(=O)c1ccc(nc1)-n1ccnc1,4,0.5344827586206896,1.83766074126872,0.9987076744493882
24121680,Cc1ccccc1CNC(=O)c1ccc(nc1)-n1ccnc1,4,0.3939393939393939,1.5631301929148418,0.999002037549035
30197060,CN(Cc1c(cccc1Cl)F)C(=O)c1ccc(nc1)-n1ccnc1,4,0.4393939393939394,1.7711688231226796,0.9987789555796773
18815715,Fc1ccc(cc1)CNC(=O)c1ccc(nc1)-n1ccnc1,4,0.45614035087719296,2.711226659650437,0.9992750084411784
48794033,CC1(C)CN(C(=O)C2(CCC2)C(=O)N2CC(C)(C)C2(C)C)C1(C)C,4,0.24489795918367346,3.9631754944741577,0.999255460188994
177501206,CCCC1(CCC1)CNC(=O)CN1C=CC(=O)C=C1,4,0.6170212765957447,2.202202760873833,0.998080206767772
50282425,COc1ccc(cc1)C(=O)C1CCN(CC1)CC(=O)N(CC1CC1)CC1=NC2=C(COCC2)C(=O)N1,4,0.2808988764044944,2.602014988427416,0.9983229920359293
37153210,Cc1csc(c1)-c1nnc(c2ccccc12)Nc1ccc(cc1)Oc1ncccc1-c1ccnc(n1)N,4,0.26436781609195403,3.496737622414007,0.9994773879981996
60180599,CC(C)(C)OC(=O)c1ccc(nc1)N1NC=C(C1=O)n1ccnn1,4,0.43283582089552236,1.941260157732552,0.9992030987533661
300764697,Cc1sc(c(c1Cc1ccc(cc1)C(F)(F)F)C(=O)NC1(CC1)c1ccc(cc1)C(=O)O)C,4,0.32857142857142857,2.7505394016448084,0.9977319120279153
49344419,Cc1ccc(nc1)OCN1CCCCC1=O,4,0.4126984126984127,1.9779797774497327,0.999198427908136
32444518,Nc1cnc(nc1)Cc1ccc(cc1)F,4,0.3170731707317073,1.4754334956208754,0.9996591359021976
53839672,CN(C)c1nccc(n1)N1CCN(CCCCCF)CC1,4,0.375,2.0231678131087416,0.9966374749919792
31416534,OCc1cnnn1-c1cncc(n1)Cl,4,0.19230769230769232,5.073282073766216,0.9955170295684782
2858011,CC(C)CN1C(=O)NC(=O)c2c1ncn2CC(C)C,4,0.47058823529411764,2.263398992665324,0.9995255095138115
493944,CN1C(=O)N(C)c2ncn(c2C1=O)C,4,0.2982456140350877,6.4204499842300935,0.9891364037308368
157255,Cc1nc(cc(n1)NC1CCCC1)CC1CCN(CC1)S(=O)(=O)c1c(noc1C)C,4,0.6307692307692307,3.585532735870259,0.9973428856451244
316977624,CCc1c[nH]c2ncnc(c12)N1CCC(CC1)CN1CCN(C)CC1,4,0.3013698630136986,1.9934490211688036,0.9988488388700484
29621147,Oc1ccccc1N1CCN(CC1)C(=O)c1ccc(nc1)-n1cccn1,4,0.45901639344262296,1.8662296214558904,0.9989102346274354
232851609,COc1ccc(cc1)OCc1n[nH]c(n1)-c1ncoc1C(C)C,4,0.5454545454545454,1.8504815589463814,0.9987690509335884
2289263,COc1ccccc1CC(=O)NC1CCN(C)CC1,4,0.4716981132075472,1.251756765510086,0.9989058438341485
222782402,O=C(C1CC1)N1CCC(CC1)CNS(=O)(=O)N1CCCCCC1,4,0.32786885245901637,1.9426749599457023,0.9973335160397829
316046283,CCN1CCOC(C1)C(=O)N1CCC(CC1)c1cn[nH]c1,4,0.3188405797101449,2.274263177382806,0.9986530645752761
177461018,Cc1cccc2c1C(=O)N(CCc1ncc[nH]1)C=N2,4,0.3492063492063492,1.385943000271264,0.9990413644266112
177427275,FC(F)(F)c1cccc2c1C(=O)N(CCc1ncc[nH]1)C=N2,4,0.31746031746031744,1.3169373561419166,0.99933184466223
140075,CC(C)(C)C(=O)N1CCC(CC1)(Cc1ccc(cc1)-c1cccs1)C(=O)N1CCCC1,4,0.32857142857142857,4.74057654721463,0.9957209855183647
313516892,Cc1nccc(n1)-c1cn(c2cnccc12)Cc1ccccc1,4,0.3333333333333333,1.3525353969492457,0.9993985754570905
36747881,Cc1cccc(c1)NC1CCN(CC1)C(=O)OC(C)(C)C,4,0.3870967741935484,1.4206889173920136,0.9984152792531458
49942032,CC(C)Oc1ccc(cc1NC1CCN(C)CC1)C#N,4,0.42105263157894735,1.9309306046565706,0.9973731250073347
177431642,O=C(NCC1(CCCC1)N1CCCCC1)c1cnn[nH]1,4,0.5576923076923077,2.4168535330062006,0.9986440137977787
231820085,Cc1ccc(c(c1)S(=O)(=O)N1CCCN(CC1)C1CCC1)C,4,0.5,2.4161945285925905,0.9963245508381149
36997483,COc1ccc(cc1OC)CN1CCN(CC1)c1cc(nc(n1)N)C,4,0.4057971014492754,2.325272027096905,0.9972649187640169
177507264,COCC1(CCC1)C(=O)N(C)Cc1ccc2ccccc2n1,4,0.3448275862068966,0.8775032763467435,0.9994873381030772
11652485,O=C(Cc1csc(n1)-c1ccccn1)NC1CCCCCC1,4,0.39285714285714285,1.535274893952487,0.9995012972123293
11963582,Cc1cccc(c1)NC(=O)c1cccc2ncccc12,4,0.5306122448979592,1.0028250096601445,0.9993064981904762
49084049,Cc1cc([nH]n1)C(=O)NCC1CCC2(CC1)OCCO2,4,0.38333333333333336,1.5016028103332073,0.9991011206963065
232861763,CCOCC(=O)Nc1cccc(c1)CN1CCCC1,4,0.4166666666666667,2.0789377095044737,0.997999262089539
36303318,CN(CC#N)C(=O)c1cccc(c1)CN1CCCC1,4,0.4393939393939394,2.1248359936710406,0.9985758929224017
11826916,Nc1nc2c3ccccc3oc2c2ccccc12,4,0.34,1.2766718450722399,0.9994175281902355
35754411,CCN1CCc2ncnc(c2C1)N1CCNc2ccccc2C1,4,0.3484848484848485,1.9647086297974587,0.9981990579354011
32070902,Cn1ccnc1CN(C1CC1)C(=O)c1[nH]c2ccccc2c1Cl,4,0.3333333333333333,1.7399655168993526,0.9996870787258756
36269102,Cc1cc(cc(c1OCc1cccnc1)C)C(=O)N1CCOC(C)(C)C1,4,0.3424657534246575,1.9171126727450614,0.9981366471016941
209889,Cn1nccc1CC1CCN(CC1)C1CCCC1,4,0.3958333333333333,2.8131046905510075,0.9972553164241297
313515615,Fc1cc(c(nc1Cl)Cl)C1=CC(=O)n2nc(c(c2N1)-c1ccccc1)C(F)(F)F,4,0.225,2.913457053055179,0.9996712571611704
1543632,CCOc1ccc(cc1)C(=O)Nc1cc(ccc1N1CCN(CC1)C(=O)C)C(=O)OC,4,0.45614035087719296,2.0720863881605767,0.998357406267721
181767,CNCc1cc(nc(n1)C1CCCN1C(=O)C1CN(C1)Cc1ccc(cc1)Cl)N(C)C,4,0.5942028985507246,2.482750289497466,0.9987060798966921
2343133,Oc1ccc(cc1)CN1CCN(CC1)c1cccc(c1)Cl,4,0.36,1.7981198514003078,0.99818134409893
24140848,O=C(NCc1nnc2n1-c1ccccc1CC2)c1ccc2ccccc2c1,4,0.6101694915254238,1.9375089677209907,0.9980482730793884
49973152,Cc1ccc(c(n1)NCc1ccccc1-n1ccnc1)C#N,4,0.5081967213114754,1.5947225464015944,0.9997078789946667
173035,Cc1noc(n1)C1CCN(CC1)CCc1ccccc1,4,0.40625,1.8966343875402596,0.9988493614586873
1512339,COC(=O)c1ccc(cc1)NS(=O)(=O)c1ccc2c(c1)N(C)C(=O)N2C,4,0.3125,2.248017348687405,0.99841053760206
49084025,O=C(NCC1CCC2(CC1)OCCO2)c1[nH]nc2c1CCCC2,4,0.3088235294117647,1.8304922835127517,0.9987742637691318
36944794,C1COc2ccc(cc2OC1)CNc1ccccn1,4,0.4444444444444444,1.635258695130589,0.9976590529466842
177391578,COc1cc(cc(c1)-c1c(ncnc1OC)C)OC,4,0.3148148148148148,2.124333307181322,0.9925678591106941
177499958,COc1ncnc(c1-c1cccc(c1)OC(C)C)C,4,0.3088235294117647,1.363960409982615,0.997736654975961
56769871,Oc1nccn2c(nnc12)CNC(=O)C1CCCC1,4,0.45454545454545453,2.310746848964299,0.9992306525239814
141603,CC(C)CC(=O)N1CCC(CC1)(Cc1cccc(c1)-c1cncnc1)C(=O)NC(C)C,4,0.37037037037037035,2.0752009541247434,0.9983396350200036
13509338,Cc1cc(c(c(c1)C)NC(=O)CN1N=NN(C1=O)c1cccs1)C,4,0.43333333333333335,1.3018978454547185,0.9994779030083326
31417877,Cn1cc(c(n1)C1CCCCC1)C(=O)O,4,0.43859649122807015,3.0781091598576946,0.996151629885667
45670925,Cc1nn(c(c1C#N)N)Cc1csc(n1)-c1cccs1,4,0.2923076923076923,1.2508385187541753,0.9997950994682135
214735,Cc1cc(nc(n1)C1CCNCC1)NC1CCCC1,4,0.3541666666666667,1.7350708919236513,0.9988322397643518
46620326,CCc1nc(cs1)CN1C(=O)COc2ccc(cc21)F,4,0.3125,1.8901349158195175,0.9994483095761326
31929526,FC(F)(F)c1ccnc(n1)Nc1ccc(nc1)N1CCNC(=O)C1,4,0.3055555555555556,2.5367242656624516,0.9987037859211811
139341,COCC(=O)N1CCC(CC1)(Cc1ccccc1-c1cccc(c1)F)C(=O)NC(C)C,4,0.4810126582278481,1.6876957664219543,0.9985209065131017
11882682,CN(C)c1nc(nc2scc(c12)-c1cccs1)CN1CCOCC1,4,0.5633802816901409,2.5692535881072978,0.9989094518301027
31231716,C[C@H](Cc1cc2c(c(c1)C(=O)N)N(CCCO)CC2)NCCOc1ccccc1OCC(F)(F)F |r|,4,0.26744186046511625,2.9212613713940594,0.9963643191201883
31834534,CN1CC(=O)N(CC(=O)Nc2ccc(c(c2)C)C)C1=O,4,0.42424242424242425,1.4603687890386978,0.9996978886775172
48248900,Clc1cnc(nc1)N1CCC(CC1)CC(=O)N1CCOCC1,4,0.4489795918367347,1.9323635786258149,0.9979462011900179
194348513,COc1cc(ccc1Nc1ncc2c(n1)N(C)c1ccccc1C(=O)N2)N1CCN(C)CC1,4,0.449438202247191,3.611078647716936,0.9982051671130341
31364239,O=C(CC1CCCC1)NCc1nnc2n1CCC2,4,0.41935483870967744,1.70685353794597,0.9992626528197295
31612429,Cc1cccc(c1)-c1ncc(cn1)CNCc1ccccc1-n1cccn1,4,0.323943661971831,1.5652360844294093,0.9993429794455074
49068002,CC(C)(C)CCCNC(=O)N1CCN(CC1)Cc1ccon1,4,0.6071428571428571,1.9333137355328578,0.9987498819555403
49951580,CN(C)CC(=O)Nc1nc(ns1)-c1sccc1C,4,0.3389830508474576,1.7873572670284656,0.9991947389995669
300011391,Oc1nccc2c(cccc12)S(=O)(=O)N1CCCNCC1,4,0.6274509803921569,1.7709678145014525,0.9986619006832493
131231,CC1=NN(CC(=O)N2CCC(C2)c2cc(cc(n2)C)Nc2ccc(cn2)F)C(=O)C=C1,4,0.6891891891891891,2.335006638105619,0.9987873322137224
12602676,Clc1ccc(c(c1)Cl)-c1ccc(o1)CNCC1CCCO1,4,0.25,1.7200738356242156,0.9992256354151766
1311623,COc1ccc(cc1)CNCc1cccc2ccccc12,4,0.3888888888888889,1.7876392253472466,0.9987204619418993
36944203,Cc1cc(ccc1NC(=O)c1c(oc(c1C)C)C)Oc1ncccn1,4,0.4107142857142857,2.1696850001790717,0.9991710312504686
4338859,C1Oc2ccc(cc2O1)Cn1nnc2ccccc12,4,0.39622641509433965,1.189772247112737,0.9996539303215164
49951308,O=C(Cc1n[nH]c2ccccc12)N1CCCO1,4,0.3392857142857143,1.4271884949094713,0.9994682434639319
12013114,CN1C(=O)N(CC(=O)NCc2ccc(cc2)Cl)C(=O)C21CCCCC2,4,0.4098360655737705,1.7009994121105685,0.9990329424591409
25664405,Fc1ccc(cc1)-c1cnc([nH]1)SCCN1C(=O)CCC1=O,4,0.2711864406779661,2.2539409930162475,0.999459741067385
49976422,Cn1cc(cn1)-c1nnc(o1)NCc1ccc2ccccc2c1,4,0.4032258064516129,1.6301116526175745,0.9989541209850764
49125344,CC1CCC(CC1)N(Cc1nnc(o1)C1CCC1)C1CCC(O)CC1,4,0.20967741935483872,3.255178489729897,0.9987081461687224
53751988,O=C(N1CCCC1)c1ccc(cc1)NS(=O)(=O)c1cccc2cnccc12,4,0.5,1.7524228941668012,0.9976959375772458
2521907,O=C(CSc1ncn[nH]1)N(C1CCCCC1)C1CCCCC1,4,0.3275862068965517,2.563578943586384,0.9976320186197511
48761324,COCC1CCN(CC1)c1noc(n1)-c1cccs1,4,0.3898305084745763,1.594594619331356,0.9989625103925308
50285533,Cc1ccc(cc1NC(=O)C=C)N1C(=O)C=Cc2cnc3ccc(cc3c21)-c1ccc(cc1)NS(=O)(=O)C,4,0.2826086956521739,2.1768309534733765,0.9986249697566417
342572,Cc1csc2c1C(=O)N1CCNCCC1=N2,4,0.3620689655172414,5.723234487595267,0.993021165093937
31937832,CC(C)c1nc(cs1)CC(=O)N1CCCN(CC1)C(=O)C,4,0.31666666666666665,1.7866644900482438,0.9990203304927643
189882719,Clc1ccc(cc1)/C=C/C(=O)N1CCC2(CC1)CN(Cc1ccc(c(c1)Cl)Cl)C(=O)O2,4,0.3287671232876712,1.1458538301199699,0.9991382879317677
1313043,CCOC(=O)N1CCN(CC1)C(=O)c1ccc2c(c1)OCO2,4,0.47368421052631576,1.6370561994015147,0.9986015599466195
35705370,Cc1nccc(n1)-c1cccc(c1)NCC(=O)N1CCCCCCC1,4,0.8490566037735849,1.548377860859511,0.9983455514926265
104707925,CC(C)n1cc(c2c(ccnc12)NS(=O)(=O)c1ccn(n1)C)-c1ccc2c(c1)N(C)CC2,4,0.25842696629213485,5.592310524281852,0.9996856417654205
49968178,CN(Cc1ccc(nc1)N)c1ncccn1,4,0.6,1.687943719441175,0.998123630797027
36849731,Cc1ccnc(n1)NCc1cccnc1,4,0.4888888888888889,1.7656035795160738,0.9994956198275788
49682290,Cc1cc(nc(n1)NCc1cnc(c(c1)C)C)C,4,0.32608695652173914,1.4638083891001636,0.9995013084770775
351738,COc1cc2cc(c(nc2cc1OC)C1CCN(CC1)C(=O)C(C)(C)C)N,4,0.3283582089552239,2.0557689558899592,0.9990600090859043
49948742,CCOc1cc(ncn1)N1CCOC2(CCCC2)C1,4,0.3382352941176471,0.7884865249326729,0.9992917774069912
44811798,CCOC(=O)c1ccc(cc1)N1C=C(Cc2cnc(nc2)OCC)C(=O)N=C1SCc1ccc(cc1)F,4,0.3116883116883117,2.0337802241151066,0.9978400259716874
48316168,Cn1cc(cn1)CCNc1cncc(c1)Br,4,0.3492063492063492,1.4310688313280895,0.9995603819566383
73020372,COCCS(=O)(=O)N1CCC2(C1)Cc1ccccc1C2,4,0.4807692307692308,1.3315990387501033,0.9987808170212028
36913784,O=C(CCCc1nc2ccccc2[nH]1)N1CCCC1,4,0.4583333333333333,1.1239043553612418,0.999239271160823
165195,Fc1ccc(cc1)-c1cccc(n1)C1CCCN(C1)C(=O)c1ccc2[nH]ccc2c1,4,0.5142857142857142,2.160781802959167,0.9984876486658839
49205553,O=C/1N(N=C(Nc2ccccc2)\C1=C\1/CCCCCN1)c1ccccc1,4,0.25396825396825395,2.4939400554143485,0.9994977894567323
177506724,Cc1[nH]nc(c1C)CCC(=O)NCCCOC1CCCCC1,4,0.9782608695652174,2.7705701579275215,0.9951050703313472
43881453,CN(CC(=O)Nc1cccc(c1C)C)CC1=Nc2ccccc2C(=O)N1,4,0.352112676056338,1.7414393472067469,0.9989990226958915
43964901,CN(CC(=O)Nc1cccc(c1C)C)CC1=Nc2ccc(cc2C(=O)N1)Cl,4,0.3466666666666667,1.6335023722050466,0.9994657152189974
50614392,COc1ccc(cc1F)CCCN1CCN(C(=O)C1)c1cnn(c1)C,4,0.3194444444444444,2.0202965128911257,0.9972316835278596
33351514,Cc1ccc(c(c1)OCc1c(ccc2cccnc12)Cl)C(=O)N,4,0.3770491803278688,1.200599017157948,0.9989687954430422
49033160,O=C(CC/C=C/c1ccccc1)Nc1ccccc1N1CCOC1=O,4,0.47619047619047616,2.235340689917088,0.9994528688258452
36946295,CNC(=O)c1cnc(s1)/C=C/c1csc(n1)-c1cccs1,4,0.5254237288135594,1.8422393981242167,0.9993805997672699
27448206,O=C(Nc1nc2ccccc2[nH]1)c1ccc(cc1)-n1cccc1,4,0.6590909090909091,2.8596162329934156,0.9977949822157022
49138606,CN1CCN(C(C)(C)C1)S(=O)(=O)c1ccc(nc1)C(F)(F)F,4,0.2894736842105263,1.8547843540421467,0.9974780529528311
35785818,Fc1ccc(cc1)NC(=O)c1cc(nn1-c1ccccc1)C1CC1,4,0.4909090909090909,1.5529050196328194,0.9992577939748787
173261,O=C(N1CCC(CC1)c1cnccn1)c1ccncc1,4,0.45652173913043476,1.3255115993458717,0.9995822093614039
171948518,Cc1ccc(c(c1)OC[C@@]1(O)CN(CC[C@@H]1O)C1CCC1)Cl |r|,4,0.9583333333333334,2.828444272033633,0.9977791429596886
53835106,CSc1cnc(nc1)N1CCCN(CC1)c1ncc(cn1)SC,4,0.32608695652173914,2.6445037341626785,0.9972098807988957
42957976,Cc1cc(no1)CNc1ncc(cc1Cl)C(F)(F)F,4,0.36065573770491804,2.111517227019486,0.9995610495250548
177370206,Cc1cc(n2nc(c(c2n1)C(=O)NCCc1nnc(s1)C)C)C,4,0.5714285714285714,1.4790114942084998,0.9995252781895317
82702219,CCCCN1CCN(CC1)C(=O)c1cccc(c1)-c1ccc(cc1)CO,4,0.3582089552238806,2.028167152875216,0.9973543228730316
177363859,CCCc1ccc(cc1)-c1cccc(c1)C(=O)N1CCN(CC1)CC(=O)N,4,0.3548387096774194,2.738822009550833,0.9937133638690235
49055842,Cc1nnc2ccc(nn12)N1CCC2(CCCCC2)C1,4,0.375,1.910311231187229,0.9988691024219892
50897890,Cc1c(ccc2n(c(cc12)C#N)Cc1cn[nH]c1)CN1CCC(CC1)Nc1ncnc2sc(cc12)CC(F)(F)F,4,0.6666666666666666,9.402769964217129,0.9982388053159775
30457837,Fc1cccc(c1)OC1CCN(CC1)Cc1nc2ccccc2[nH]1,4,0.5178571428571429,1.6102043348592767,0.9974262097984872
4759628,COc1ccccc1N1CCN(CC1)C1=NC(=CC(=O)N1)c1ccc(cc1)F,4,0.3582089552238806,1.7089818606407046,0.9989770959913284
7683299,COc1ccccc1N1CCN(CC1)C1=NC(=CC(=O)N1)c1ccc(cc1)C,4,0.3582089552238806,1.9117065674418354,0.9992338406725693
1521515,COc1ccc(cc1)-c1nn2c(nnc2c2ccccc12)-c1ccco1,4,0.3225806451612903,1.7348314039125976,0.9988625328427123
415550,COCCCNc1ncc(c(n1)C(C)C)-c1cc(no1)C,4,0.4117647058823529,1.4560398346192114,0.99923381343957
313517655,CC(C)CC1=NN(C)C(=O)c2c(n(cc21)Cc1cccc2ccccc12)SCCCO,4,0.28205128205128205,3.728572783251012,0.9993562397522866
168892617,CCc1nc(cn2nc(cc12)C1=CC(=O)N2C=C(C=C(C)C2=N1)C1CCN(C)CC1)C,4,0.35714285714285715,4.7653269562539435,0.998496076219149
177501347,CCCN(CCC1=CCCCC1)C(=O)CC1=NNC(=O)N1,4,0.2727272727272727,2.9868739511401494,0.9972941257986718
49176076,Nc1cncc(c1)-c1ccc(cc1)CN1CCCCC1,4,0.5526315789473685,3.1713416719111547,0.9941788838520185
Z224124934,Cc1nn(c2sc(cc12)C(=O)N1CCC(CC1)(C(=O)O)c1ccccc1)C,4,0.391304347826087,4.142955466813517,0.9951187086567196
30599464,CCN1C(=O)Oc2cc(ccc21)NC(=O)c1ccc(cc1)C(C)(C)C,4,0.46938775510204084,2.002668719484016,0.9983852304225119
232853784,CN1CCC(CC1)CN(C)c1nc(nc(c1Cl)O)C,4,0.375,2.22349522149302,0.9988955976489955
4752649,c1ccc(cc1)-n1ncc2c(ncnc12)-n1ccnc1,4,0.2909090909090909,2.4382282501848036,0.9989713642295625
24881110,COc1ccc2nc(ccc2c1)CN1CCC(O)(CC1)c1ccc(cc1)C,4,0.4090909090909091,1.9850735502744772,0.9990635116409923
29954871,C(CN1CCN(CC1)c1ncccn1)Oc1ccccc1,4,0.4883720930232558,1.1290974271513834,0.9983043395032383
49970070,CCn1nccc1CNc1ncccn1,4,0.38636363636363635,1.7350230546012841,0.9994160926111068
1548054,Cc1ccc(cc1)NC(=O)c1c(n(n[n+]1Cc1ccccc1)-c1ccc(cc1)C)[O-],4,0.36507936507936506,2.3620635046497798,0.99901911330932
1548060,[O-]c1c([n+](nn1-c1ccccc1)Cc1ccccc1)C(=O)Nc1ccccc1,4,0.38095238095238093,3.0382183924132926,0.9988622827356094
151211,COc1ccc(cc1)Cc1cccc(n1)C1CCN(CC1)C(=O)C1CCCC1,4,0.5737704918032787,2.2040061252183607,0.9990380213481883
4758327,O=C(NCCNC(=O)c1cc(nc2ccccc12)-c1ccccc1)c1ccco1,4,0.6666666666666666,1.9835311946122447,0.9990198487178331
32148273,CC(C)C(=O)Nc1ncn(n1)Cc1cccnc1,4,0.5932203389830508,1.0901940194290625,0.9998282883161889
35690264,O=C(Nc1ccc(nc1)N1CCOCC1)N1CCc2sccc2C1,4,0.43283582089552236,2.0626642964860284,0.9991517101340618
82725547,CCSCCC(=O)NCCn1nc(c(c1C)CC)C,4,0.5818181818181818,1.5412339212460753,0.9991741587768733
49038938,Cc1nn(c(c1CC(=O)NCCNC(C)(C)C)C)C(F)F,4,0.3387096774193548,2.243633437083654,0.9990021429199573
45634538,CONC(=O)c1c(nn(c1Cl)C)C,4,0.3541666666666667,2.2161231915221915,0.9990203619710828
222778100,CCN(Cc1cnn(c1)C(C)C)C(=O)NCCC(C)(C)OC,4,0.2878787878787879,1.7439065341925974,0.999421822331627
49956374,CCc1cc(n(n1)C)NS(=O)(=O)C,4,0.30434782608695654,1.8428087258315793,0.9995553246928682
49010170,CC(C)CCCNC(=O)c1[nH]ncc1Br,4,0.2786885245901639,3.338448891326893,0.9997007090852145
29658437,CCn1nc(cc1C(=O)NCC#C)C(C)C,4,0.35294117647058826,0.7345202515932472,0.9998166464751277
19991792,Cc1nn(c(c1CCC(=O)NCC#C)C)C,4,0.5306122448979592,0.9438506237747529,0.9996861587355222
29581584,CON(C)C(=O)CCc1c(nn(c1C)C)C,4,0.45098039215686275,1.4879966397812099,0.9991567851266512
300136806,OC(=O)/C=C/c1ccc(cc1)Cn1ccnc1,4,0.3283582089552239,4.12246989073296,0.9958737486770527
49343397,COc1cc(ccc1Cn1ccnc1C(C)C)C#N,4,0.3793103448275862,1.7771527790259056,0.9976904499934695
3615737,C1COC(C1)CNc1nc(cs1)C12CC3CC(CC(C3)C2)C1,4,0.24193548387096775,3.2940373404075967,0.9987461165987801
306342,O=C1Oc2nc3cc4c(cc3cc2CN1CCN1CCOCC1)OCO4,4,0.8958333333333334,1.871069213043617,0.9987255271865758
3301360,COc1ccc(c(c1)OC)Nc1ncnc2sccc12,4,0.4,1.6571771178719437,0.9992854791736995
324071118,CC(C)Oc1cc(ccc1Nc1ncnc2sc(c(c12)C)C(=O)NCCCN(C)C)F,4,0.2727272727272727,3.220663596218136,0.9995090124453655
2266063,Cc1cccc2sc(nc12)NC(=O)c1cccnc1,4,0.5833333333333334,1.7781841861857877,0.9997059480374262
42942714,CN(C)c1cc(nc(n1)-n1cnc(n1)C#N)C,4,0.45652173913043476,2.490138751154054,0.9981301531855367
30640320,Cc1nn(c(c1NC(=O)CN1CCN(CC1)c1nccs1)C)C,4,0.5357142857142857,2.2874603821702424,0.9991808950994319
830565,Nc1nc2ccccc2nc1N1CCCC1,4,0.375,1.2564167302288058,0.999321025941364
36568125,CCCN1CCn2nc(cc2C1)-c1nc2cc(ccc2[nH]1)OC,4,0.26865671641791045,2.17617347654082,0.9992988663817519
53802705,COc1cccc(n1)CN(C)c1cc(ncn1)N1CCCC1,4,0.31746031746031744,1.5793163077741441,0.998946491211418
49939748,N#Cc1ccc(o1)CNc1cnc2ccccc2c1,4,0.3448275862068966,1.6379945054842961,0.9993993668062511
30043512,CN(Cc1ccccc1Br)C(=O)Nc1ccc(cc1)C(=O)N1CCCC1,4,0.5689655172413793,1.6110415885382667,0.9985012560349553
EN300-6477654,C[C@]12CCC3=C4CCC(=O)C=C4CC[C@H]3[C@@H]1CC[C@@]2(O)CC#N |r|,4,0.2375,4.345419657524639,0.998814967006672
901477,Cc1ccc(cc1)-n1nc(cc1NC(=O)Nc1ccc(c2ccccc12)OCCN1CCOCC1)C(C)(C)C,4,0.38,5.088652375629419,0.9971556139118983
35754209,CCN1CCc2ncnc(c2C1)N(C)Cc1ccc2c(c1)OCCO2,4,0.5076923076923077,1.7490054316668504,0.997946184005766
29577392,O=C(NCc1ncc(o1)-c1ccccc1)C1CCCCC1,4,0.44642857142857145,1.6301800514055582,0.9986834055556597
35986174,Cc1ccccc1OCCCNc1cc(nc(n1)N)Cn1c(nc2ccccc12)C,4,0.5,2.5144096722682363,0.998397450303154
35986106,Cc1cccc(c1)OCCCNc1cc(nc(n1)N)Cn1c(nc2ccccc12)C,4,0.3382352941176471,3.4118836439715943,0.9980329495158606
LN01265151,C[C@]12C=CC3=C4CCC(=O)C=C4CC[C@H]3[C@@H]1CC[C@@]2(O)CC=C |r|,4,0.25,4.6485875274108945,0.9984101434526735
181775,CNCc1cc(nc(n1)C1CCCN1C(=O)c1oc2ccc(cc2c1C)Cl)N(C)C,4,0.5714285714285714,2.927637955758754,0.9991318694098723
49929056,CC(C)CCn1ccc(n1)NC1CCN(CC1)C(C)C,4,0.3230769230769231,3.190180088960294,0.999163779963454
49929048,CCc1[nH]nc(c1C)NC1CCN(CC1)C(C)C,4,0.5510204081632653,2.678284152214246,0.9992421969461842
28183660,COc1ccc(cc1)COc1ccc(cc1OC)Cc1cnc(nc1N)N,4,0.39622641509433965,2.6950094619499128,0.9954043432205828
35693197,O=C(CNc1ccc(cc1)C(=O)N1CCCC1)N1CCCCC1,4,0.47058823529411764,1.9342652351735703,0.9979525120849874
177400551,O=C1N(Cc2ccc3c(c2)CCCC3)C=Nc2ncccc21,4,0.3770491803278688,1.9152999765046819,0.9984552203117041
31959693,CC1CCN(CCNC(=O)c2ccncc2)CC1,4,0.5283018867924528,2.8653048703411232,0.9985030832748623
24880306,CC(C)(C)c1ccc(cc1)C(O)CN1CCC(O)(CC1)c1ccc2c(c1)OCO2,4,0.2876712328767123,2.5415473633202104,0.99805725458918
48819726,CC(C)c1nnc(n1C)CNc1ncc(cn1)Br,4,0.42,1.7360434902385695,0.9994369002126547
424596,CC(C)NC(=O)C1(CCOCC1)Cc1ccccc1-c1ccncc1,4,0.4307692307692308,2.1911807319343555,0.9987865527820557
36627798,O=C(Cc1cn2ccccc2n1)N1CCC(CC1)N1C(=O)Nc2ccccc21,4,0.4583333333333333,4.529429544655488,0.9994812641494885
30455849,COc1cccc(c1)OCCCn1cncc1-c1cc2c(cc1C)N(C)C(=O)N2C,4,0.5454545454545454,2.9807072986123546,0.9983133049942201
23673158,Oc1ccc(cn1)C(=O)N1CCN(CC1)c1ncccn1,4,0.4423076923076923,2.357670884581095,0.9979995017813744
48764932,Cc1ncccc1CNc1ccc(cc1)CC#N,4,0.43137254901960786,1.6950846586527426,0.9990737387232743
44507875,C1CC1c1nnc2n1CCN(C2)c1ncnc2ccccc12,4,0.4098360655737705,1.4814965406639793,0.999249087139372
195351193,Fc1ccc(cc1)CC(=O)NCCN1C=CC=NC1=O,4,0.40384615384615385,1.4576618263505994,0.9992821458246122
195351220,CCOc1ccc(cc1)CC(=O)NCCN1C=CC=NC1=O,4,0.32894736842105265,0.8375882043100328,0.9995034613646061
49997748,Cc1ccc(cc1)-n1nc(cc1C)NCc1cnn(c1)C,4,0.43859649122807015,1.919603083973596,0.9995280643041461
1533629,COc1ccc(c(c1)Oc1nc2c(n1C)C(=O)N(C)C(=O)N2C)C(=O)c1ccccc1,4,0.43859649122807015,2.8619046105693124,0.998733003467374
43470233,Fc1ccc(cc1)Nc1cc(ccn1)C#N,4,0.38333333333333336,1.444848434958187,0.9993924497404603
2246274,COc1ccccc1C(=O)Nc1cccc(c1)C#N,4,0.5294117647058824,2.4521674086408307,0.998381104740975
232870003,CSc1ccc(cc1)C(=O)Nc1cccc(c1)C(=O)NCC(C)C,4,0.3793103448275862,1.9800944421921307,0.9990882515429439
31837160,CN(C)C(=O)c1ccc(cc1)NC(=O)c1cccc(c1)F,4,0.5102040816326531,1.5307726807072224,0.9989731351465648
1548090,COc1cccc(c1)NC(=O)c1c(n(n[n+]1C)-c1cccc(c1)OC)[O-],4,0.3620689655172414,3.0739756017253015,0.998870748216841
32157229,Fc1ccc(c2c(ccnc12)NCc1ccc(nc1)N1CCOCC1)F,4,0.2972972972972973,1.649096722451653,0.9988580386631551
171818667,CN([C@@H]1CCC[C@@H](O)[C@@H]1O)C(=O)COc1c(cccc1C)C |r|,4,0.6875,2.1747071067155845,0.9981458524206607
27369500,Cc1ccc(cc1)C(=O)C(=O)Nc1c(nn(c1C)C)C,4,0.4090909090909091,1.7356053698923055,0.999245506936628
36000452,CN1CCN(CC1)c1ccc(cc1)Nc1ncc2c(n1)N(N(CC=C)C2=O)c1cccc(n1)C(C)(C)O,4,0.3333333333333333,3.764721769268812,0.9986563205075178
30431093,Cn1ncc-2c1CCc1sc(nc12)NC(=O)c1cccnc1,4,0.423728813559322,1.6457156498015848,0.9997745963330702
2332052,O=C1N(CCN2CCOCC2)C(=O)c2cccc3cccc1c23,4,0.3389830508474576,1.229767051111563,0.9989194936959707
46075643,Cc1nc(c2sccc2n1)NC(C1CC1)c1nccn1C,4,0.3076923076923077,3.6886153228549294,0.9993070371925907
73023165,CC(=O)Nc1ccccc1CN1CCC(CC1)c1nnc2ccccn12,4,0.546875,2.417619490324785,0.9991286111501856
48760182,Cc1ncc(s1)CCN1C(=O)NC2(CCCC2)C1=O,4,0.4444444444444444,1.7853405837533143,0.9996577447597983
1542039,CCc1nnc2c3ccccc3nc(n12)Nc1ccc(cc1)OC,4,0.34328358208955223,1.7867988135209734,0.9996837095226063
45762658,CN(Cc1nnc(n1C)C1CC1)C(=O)C1C2CC3CC(C2)CC1C3,4,0.4230769230769231,3.0338770574954435,0.9991159480346863
177454167,CCOCCC(=O)N1CCC2(CCCN(C)CC2)CC1,4,0.32,1.8628894223757837,0.9982569024763118
177418075,COCC(C)(C)C(=O)N1CCCC2(CCNCC2)CC1,4,0.2833333333333333,2.709142299695637,0.9988086954804642
44462124,CN(C)CC(=O)N1CCC(CC1)c1ccc(c(c1)C1=CCCCC1)NC(=O)c1nc(c[nH]1)C#N,4,0.25274725274725274,4.1439354483388895,0.9977027399899164
151551,Cn1ccc(n1)C(=O)N1CCCC(C1)c1cccc(n1)-c1cccc(c1)Cl,4,0.7049180327868853,1.5383253882062051,0.9993370338523971
222783725,CC(C)n1nc(c(c1C)S(=O)(=O)NCC1CCN(CC1)C(=O)C1CC1)C,4,0.328125,2.1706747798784907,0.9985208015339135
13484208,CN(Cc1nnc2n1CCC2)C(=O)Cc1coc2c(c(ccc12)C)C,4,0.4057971014492754,2.329352270481783,0.9993083045041651
36571105,CC(C)c1nccn1Cc1nc(oc1C)-c1ccccc1C,4,0.44642857142857145,1.6997793974514799,0.9989589818539164
36890321,CN(C)CCNC(=O)c1cn(nn1)-c1ccc(c(c1)C)C,4,0.2903225806451613,2.116936229554713,0.9991322727180721
32423148,Clc1ccc(cn1)Cc1nc(n[nH]1)-c1ccccc1,4,0.4423076923076923,1.0933992866288313,0.9995460185243672
43021930,CCCCOc1ccccc1-c1cc([nH]n1)C(=O)NCc1ccccc1C,4,0.625,2.5338569415020182,0.9983270647667322
53752266,FC(F)(F)COc1cccc(c1)CN1N=Cc2ccccc2C1=O,4,0.43103448275862066,1.4912075643585947,0.9987341731214785
136115,CCC(C)(C)NC(=O)C1(CCOCC1)Cc1ccc(cc1)-c1cc(ccc1OC)F,4,0.5538461538461539,2.5360611191370417,0.9990153539788651
73019382,CN(C)C1(CCOCC1)CNC(=O)N1CCC=C(C1)c1ccccc1,4,0.5172413793103449,3.1752949469300895,0.998538046177622
53839506,CSC1(CCOCC1)CNC(=O)N1CCC=C(C1)c1ccccc1,4,0.3484848484848485,2.548724386825713,0.9986949651019339
208143,C1CN(CCC1Cc1ccncc1)c1ncccn1,4,0.5121951219512195,2.244277612061374,0.9969367628135948
49150113,CNc1ncc(cn1)-c1nc(nn1C(C)(C)C)C1(CC1)c1ccccc1,4,0.34375,1.426913452175936,0.9984691942147956
23809094,CCCn1ncc2[nH]c(nc12)C1CCCCC1,4,0.38095238095238093,1.6996961493158664,0.9990244020576037
89940865,FC1(F)CCN(C1)c1cc(cc(n1)Nc1cc(ccn1)C#N)C1CCN(CC1)C1COC1,4,0.2976190476190476,4.033520174735974,0.9985753143539753
395728,Cc1ccc(cc1)-c1cnn2c(cc(nc12)Cn1cccn1)O,5,0.29310344827586204,2.429785793027857,0.9992136203070352
49941012,Cc1cc(ccc1-c1nc(no1)CCn1c(nc2ccccc12)C)F,5,0.3548387096774194,1.8247498458690339,0.9993565598361701
205729538,O=C(Nc1ccccc1)N1CCCc2cnc(nc21)N1CCOCC1,5,0.515625,1.5390724479368367,0.9992079753738814
44018989,CN(CC1=CC(=O)N(C)C(=O)N1C)Cc1cccc(c1Cl)Cl,5,0.4827586206896552,1.4355943020225799,0.9981739102009277
177472907,CCn1nccc1-c1cc(nc(n1)N1CCCC1)C,5,0.3728813559322034,1.2017250101427817,0.999709950001144
31362621,COc1ccc2nc(ccc2c1)C(=O)Nc1cnc2n(ncc2c1)C(C)C,5,0.4626865671641791,1.2606482459434354,0.9995891732447686
43427775,Cc1cc(c2ccccc2n1)NCc1ccnc(c1)N1CCCC1,5,0.3880597014925373,2.7408431184583346,0.9988186567631382
48761324,COCC1CCN(CC1)c1noc(n1)-c1cccs1,5,0.3898305084745763,1.594594619331356,0.9989625103925308
49165848,CCn1nc(nc1Cc1sc(nc1C)C)Cc1ccc(cc1)OC,5,0.31746031746031744,1.9925957944352022,0.9982785601653924
30194144,COc1ccccc1C(=O)CSc1nncn1C1CC1,5,0.3055555555555556,1.4521039907665438,0.9979852256804586
2292167,COc1ccccc1CC(=O)Nc1ncc(s1)C,5,0.37735849056603776,1.3432326678570938,0.9995550118837632
49945934,Cc1cnn(c1)Cc1nnc(s1)-c1ccccc1,5,0.2786885245901639,1.5712631861021658,0.9993993668062511
49033160,O=C(CC/C=C/c1ccccc1)Nc1ccccc1N1CCOC1=O,5,0.47619047619047616,2.2190428116644854,0.9979972069880839
200967,CN(C)c1ncc(c(n1)C1CCCCN1C(=O)c1scnc1C)-c1cccc(c1)Cl,5,0.524390243902439,2.369094763828585,0.998909059268944
202517,Cc1ncsc1C(=O)N1CCCCC1c1nc(ncc1-c1cccc(c1)C(F)(F)F)N,5,0.7285714285714285,3.291635004067135,0.9985905364049303
177444466,Cc1c[nH]c(n1)C(=O)NCC1(CCCC1)N1CCCCC1,5,0.5576923076923077,2.1176038345258585,0.998665915182988
6887028,Cc1cc(n(n1)-c1ncnc2sc(c(c12)-c1ccc(cc1)Cl)C)N,5,0.2535211267605634,3.2449690291283226,0.9993367098875121
36673851,CCNC(=O)N1CCC(CC1)c1nc(no1)-c1ccccc1,5,0.45098039215686275,1.0365654827363677,0.9991940795567738
32063538,Cc1ccc(cc1F)C(=O)N1CCN(CC1)C(=O)NCC(=O)N1CCCC1,5,0.47058823529411764,1.6058166146855146,0.999060083496205
25721481,C/C(=C/COc1c2c(cc3ccoc13)C=CC(=O)O2)CO,5,0.2222222222222222,1.7246463405577537,0.9991198390048038
49152821,COC(=O)c1ccc(cc1)NC(=O)N(C)Cc1ccccc1CN1CCCC1,5,0.5689655172413793,2.396258959294566,0.9980621824296554
11813315,O=C(NC1CCCCCC1)c1ccc(cc1)CSc1nc2ccccc2[nH]1,5,0.42857142857142855,3.39350659348108,0.9980018453054226
209889,Cn1nccc1CC1CCN(CC1)C1CCCC1,5,0.3958333333333333,2.872364357110912,0.9972553164241297
44551324,CN(C(=O)c1cc(ccc1NS(=O)(=O)C)C)c1ccc2ccccc2c1,5,0.58,2.0809843824498837,0.997381687441913
299987327,COc1cc2nc(nc(c2cc1OC)N)N1CCN(CC1)C(=O)c1ccco1,5,0.33783783783783783,1.8255251299283382,0.9994714627099355
133851,Cc1ccc2n(c(cc2c1)C(=O)N1CCOC(C1)C(=O)N1CCc2ccccc2C1)C,5,0.3448275862068966,2.60884629673748,0.9984310911300466
48262457,CC(C)(C)c1nccc(n1)NCc1ccncc1,5,0.3333333333333333,1.8515768955135208,0.9990393071963469
177508549,Clc1cnn(c1)CCCNC(=O)CCc1cn[nH]c1,5,0.5555555555555556,2.213303413453145,0.9990876969749921
1123117,O=C1Nc2cnccc2N1Cc1ccccc1,5,0.3888888888888889,2.665730481500553,0.999123191424523
44527032,Fc1cc2c(cc1F)N(CCC2)C(=O)CCc1nnc(o1)-c1ccsc1,5,0.34210526315789475,1.6370561994015147,0.9987255271865758
11010047,Cc1nc2ccccc2n1Cc1ccc(cc1)C(=O)O,5,0.3958333333333333,3.095109206474055,0.9974816502991445
315782,Cc1nc2cc(nn2c(c1C)NCc1cccnc1)-c1nccn1C,5,0.6166666666666667,3.922156294694422,0.9991404768998432
42946564,COc1cc(ccn1)CNc1nc2ccccc2nc1C,5,0.3148148148148148,1.9952275559447314,0.9991368109631764
15279096,Cc1cc(c(c(n1)N1CCN(CC1)CC(=O)Nc1ccccc1Cl)C#N)C,5,0.46153846153846156,1.7165951765051546,0.9990873088995695
73036824,OC1CCC(CC1)C(=O)N1CCCN(CC1)c1ccc(cc1)F,5,0.47368421052631576,1.590835000872361,0.9986660565917854
43141052,N#Cc1ccccc1-c1ccc(o1)-c1nccn1-c1cccnc1,5,0.2857142857142857,1.3868222669117967,0.9994245795404706
29972621,Clc1snnc1CN1CCC(CC1)N1C(=O)Nc2ccccc21,5,0.5245901639344263,2.260355724217045,0.9990708022461233
23971521,Cc1cccc(n1)C(=O)NCC#Cc1ccccc1,5,0.5869565217391305,1.1340775987557514,0.9989023640466329
44507857,CCCc1cc(n2ncnc2n1)N1CCc2c(nc(n2C)C2CC2)C1,5,0.7213114754098361,0.23614402384831087,0.9999818624349119
48759758,COC(C)(C)C(=O)Nc1ccnc(n1)C(C)(C)C,5,0.32075471698113206,1.4212009006475355,0.9992270110475469
43375385,CC1(C)CN(CC(=O)NCC#N)c2cccc(c21)Cl,5,0.2898550724637681,1.4882966774133137,0.9989756967795347
49951580,CN(C)CC(=O)Nc1nc(ns1)-c1sccc1C,5,0.3225806451612903,1.8277171553608165,0.9991947389995669
50610014,COC(=O)N1CC(C1)NCc1c(nn(c1C)C(C)(C)C)C,5,0.2982456140350877,1.7657689543088584,0.9991043829746092
320548501,CCN(c1ccc(cc1)C(C)C)S(=O)(=O)c1ccccc1,5,0.4339622641509434,2.146356913469723,0.9987639182048453
49965014,CCC1(O)CN(C1)c1ncnc2n(nc(c12)Br)C,5,0.25757575757575757,1.1588045564281708,0.9997087092356628
23998591,Cc1ccsc1C(=O)Nc1nc2ccccc2s1,5,0.4107142857142857,1.2737381991597398,0.9996207812917709
177465976,Clc1ccc(nc1)C(=O)N1CCN(CCc2ccccc2)C(=O)C1,5,0.5517241379310345,2.109006401128235,0.9993562397522866
29621147,Oc1ccccc1N1CCN(CC1)C(=O)c1ccc(nc1)-n1cccn1,5,0.4727272727272727,1.8662296214558904,0.9989102346274354
313516885,CC(C)c1nnc(n1-c1cccc2nonc12)-c1ccc(nc1)-c1ccccc1,5,0.2361111111111111,2.491418070095831,0.9982988953859424
29569223,Cc1ccc(o1)-c1nc(cs1)C(=O)N1CCc2ccccc2C1,5,0.34375,1.7454735747069532,0.9990994244638916
49330914,C1CN(CCO1)Cc1nc(no1)-c1ccncc1,5,0.390625,1.918811090232841,0.998636986619574
43272847,CC(C)CCNc1ccc(cc1)Cc1c(n[nH]c1C)C,5,0.25862068965517243,1.9216547556726589,0.998438851682264
49944058,CCn1nccc1CNc1nnc(o1)-c1ccc(cc1)OC,5,0.3709677419354839,1.4131790403198432,0.9995416573226236
36686539,CCc1nnc2n1CCN(C2)C(=O)c1ccccc1Oc1cccnc1,5,0.3333333333333333,1.3602117482210463,0.9996092515780687
44585808,Cc1csc(n1)N(C1CC1)C(=O)c1ccc(c(c1)F)-n1cncn1,5,0.27692307692307694,1.4575698954078684,0.9994376408651102
1321458,COc1cc(c(c(c1)Br)Nc1nc(cs1)-c1c(nc2ncccn12)C)Br,5,0.45588235294117646,1.8366161820036013,0.9990061669266909
17480068,O=C1CC2(CCN(CC2)C(=O)NCc2ccccc2)Oc2ccccc21,5,0.5,1.4206889173920136,0.9984152792531458
30434191,COc1ccc(cc1)S(=O)(=O)CCC(=O)Nc1ccc2c(c1)N(C)C(=O)CO2,5,0.5606060606060606,2.0721469542479705,0.9983112827782518
36705292,CCN(CC)C(=O)N1CCCN(CC1)C(=O)N(CC)CC,5,0.5806451612903226,2.943646378218543,0.9991694797210321
49149249,Cc1ccccc1OC1CCN(CC1)C(=O)Nc1ccc2n(cnc2c1)C,5,0.4714285714285714,1.9309777316168268,0.9983031547411219
48755148,CCNC(=O)C1CN(C1)c1nc(nc2c1CCC2)C1CC1,5,0.2676056338028169,1.6797982021658677,0.9992129695610052
1296389,CC(=O)Nc1ccc2nc(cc(c2c1)O)C,5,0.3888888888888889,1.8575981804468915,0.9993869868000886
265647,CCc1nnc(s1)Nc1cc(nc(c1)C1CN(CCO1)C(=O)C(C)C)C,5,0.5945945945945946,1.7439065341925974,0.999421822331627
30026467,CC(N1CCCC(C1)c1nc2ccccc2o1)C(=O)Nc1ccc(cc1)C(=O)N,5,0.35526315789473684,2.6107069923679833,0.9985154121208579
43429664,CC(N1CCCC(C1)c1nc2ccccc2o1)C(=O)Nc1ccccc1,5,0.4264705882352941,1.4967087224973545,0.9991237641420551
30026465,FC(F)(F)Oc1ccc(cc1)NC(=O)CN1CCCC(C1)c1nc2ccccc2o1,5,0.4146341463414634,1.5911580688288347,0.9990093697207555
30026463,Cc1ccc(cc1C)NC(=O)CN1CCCC(C1)c1nc2ccccc2o1,5,0.44871794871794873,2.079416745147438,0.9982245834722517
24022867,NC(=O)c1ccccc1NC(=O)CN1CCCC(C1)c1nc2ccccc2o1,5,0.39436619718309857,2.4263089250962016,0.998659469043412
2944765,COc1ccc2c(cc3nnnn3c2c1)-c1ccccc1,5,0.2903225806451613,1.0006472905074848,0.9983150005193953
35986174,Cc1ccccc1OCCCNc1cc(nc(n1)N)Cn1c(nc2ccccc12)C,5,0.5,2.5144096722682363,0.998397450303154
35986106,Cc1cccc(c1)OCCCNc1cc(nc(n1)N)Cn1c(nc2ccccc12)C,5,0.3333333333333333,3.4118836439715943,0.9979239892787991
50335071,CSc1nnc(n1C1CCCC1)CCCNc1cc(ccn1)C,5,0.30434782608695654,2.317994607414045,0.998840756071686
300525339,CC(C)c1cnn2c(cc(nc12)NCCCCCCN)NCc1ccccc1,5,0.27692307692307694,2.9045280167360326,0.9997307866277865
33339030,O=C(Nc1ccc2c3c(cccc13)CC2)c1ccc(cc1)-n1cncn1,5,0.7142857142857143,1.2728935540739865,0.9994598223368615
36944794,C1COc2ccc(cc2OC1)CNc1ccccn1,5,0.4444444444444444,1.635258695130589,0.9971906703819862
30455849,COc1cccc(c1)OCCCn1cncc1-c1cc2c(cc1C)N(C)C(=O)N2C,5,0.3142857142857143,2.9807072986123546,0.9983553626353575
13484208,CN(Cc1nnc2n1CCC2)C(=O)Cc1coc2c(c(ccc12)C)C,5,0.4057971014492754,2.329352270481783,0.9993083045041651
11480248,Cc1nc(nc2n(cnc12)-c1ccc(cc1)F)Nc1ccc(cc1)F,5,0.375,2.3126430766549477,0.999203268482977
231820085,Cc1ccc(c(c1)S(=O)(=O)N1CCCN(CC1)C1CCC1)C,5,0.5,2.4161945285925905,0.9969427333067822
27415022,CN(Cc1cccc(c1)C#N)Cc1ccccc1C#N,5,0.6086956521739131,3.9389318349014557,0.9975256850713624
1527366,CN(C)CCN(Cc1ccccc1)Cc1ccccc1O,5,0.375,1.3939408165340978,0.9989339426168484
73029963,CN(Cc1ccc(cc1)CO)Cc1cc(c(c(c1)F)F)F,5,0.30612244897959184,1.9269257899565237,0.9962971624640768
36342874,Cc1nc(c2c(c(sc2n1)C)C)N1CCc2c(ncn2C)C1,5,0.3472222222222222,2.445130875841841,0.9991910854945376
49084049,Cc1cc([nH]n1)C(=O)NCC1CCC2(CC1)OCCO2,5,0.543859649122807,2.9535412643129195,0.9989360011708163
301928950,CC1CC(N)CCN1C(=O)c1cc(c(cc1F)F)N1CCNC1=O,5,0.352112676056338,1.9064514155884427,0.9993550093750272
44466340,NC(=O)CSc1nc(c(c(c1C#N)-c1ccc(cc1)OCC1CC1)C#N)N,5,0.27380952380952384,3.4598825124561388,0.9971757086275661
43485719,O=C(CSC1CCCC1)N1CCC(CC1)Cn1cccn1,5,0.5384615384615384,2.22342865862633,0.9985496697426081
189882719,Clc1ccc(cc1)/C=C/C(=O)N1CCC2(CC1)CN(Cc1ccc(c(c1)Cl)Cl)C(=O)O2,5,0.3088235294117647,1.1458538301199699,0.9991382879317677
11652485,O=C(Cc1csc(n1)-c1ccccn1)NC1CCCCCC1,5,0.39285714285714285,1.535274893952487,0.9995012972123293
48355573,CCC(=O)NCc1cc(n(n1)C1CCCC1)C1CC1,5,0.32142857142857145,1.8438166937090448,0.9992776208904144
48355585,CCOCC(=O)NCc1cc(n(n1)C1CCCC1)C1CC1,5,0.3230769230769231,1.5094396311215477,0.9996591104247374
49970070,CCn1nccc1CNc1ncccn1,5,0.38636363636363635,1.7350230546012841,0.9994160926111068
46223729,CN1CCN(CC1)c1nc(c(c(n1)C)NC(=O)C1CCCCC1)C,5,0.5777777777777777,2.353520766851074,0.9974642169022678
306432,Cc1nc2ncc3c(n2n1)CCCC3=O,5,0.25,0.8271559707823315,0.9990368005844367
306440,Cc1nc2ncc3c(n2n1)CC(C)(C)CC3=O,5,0.22033898305084745,1.2548258843360387,0.998546726572171
300964829,Cn1cc(cn1)-c1ccnc(n1)/C=C/c1ccc(cc1Br)F,5,0.33783783783783783,1.5656771697895548,0.9986137943925129
193881,Cc1cc(cc(n1)C1CCN(CC1)C(=O)CCCc1ccc(c(c1)C)F)-c1ccc(nc1)N,5,0.43529411764705883,2.726825810351551,0.9976358954815989
73007305,Nc1nnc(n1C1CC1)SCCSC1CCCCC1,5,0.23333333333333334,2.5632005383893124,0.9971590060242779
53829602,OCc1nnc(n1C1CC1)SCCSC1CCCCC1,5,0.2459016393442623,2.319355945084805,0.9967344385514608
49945104,Cc1nn(c2ncc(cc12)CNc1ccon1)C,5,0.3709677419354839,1.9434188946293884,0.9996746210308765
177472658,CN(CC1(CO)CCC1)C(=O)CCN1CCCCC1=O,5,0.9523809523809523,1.910519301132665,0.9986264588796528
233697,Cc1cncc(n1)C1CCN(CC1)Cc1cnccn1,5,0.5490196078431373,2.2330416476190704,0.9995342461862733
53751988,O=C(N1CCCC1)c1ccc(cc1)NS(=O)(=O)c1cccc2cnccc12,5,0.5,1.7524228941668012,0.9976959375772458
42924873,O=C(NCCCn1ccnc1)N1CCC21CCC2,5,0.2786885245901639,1.9425179535852741,0.998203576812531
322748925,O=C(Nc1cc(ccn1)C(=O)Nc1cccnc1)C1CC1,5,0.5789473684210527,5.5238767183927475,0.99490735862165
2289263,COc1ccccc1CC(=O)NC1CCN(C)CC1,5,0.4716981132075472,1.251756765510086,0.9989058438341485
165247,Cc1nccc(n1)C1CCN(CC1)Cc1ncc[nH]1,5,0.5263157894736842,1.5994086407172758,0.9988921681089029
31836142,Cc1ccc(o1)C(=O)Nc1ccccc1-c1ccccc1,5,0.46808510638297873,1.1970392641845304,0.999545324677641
35717800,OC(=O)c1cc(nc2ccccc12)/C=C/c1csnn1,5,0.3114754098360656,1.6948713815514127,0.9987873520453932
301143195,Oc1ccc2nc(ccc2c1Cl)/C=C/c1csnn1,5,0.21794871794871795,1.867140326810421,0.9988766752015372
36330868,NC(=O)NC(=O)CN(Cc1cccs1)c1cccc(c1)C#C,5,0.30158730158730157,2.2281981509725832,0.9997039690344903
36335290,NC(=O)NC(=O)CCN(Cc1cccs1)c1cccc(c1)C#C,5,0.2923076923076923,2.327376634753961,0.9987016781028938
31619881,CC(C)c1cc(no1)CN(C)Cc1c[nH]nc1-c1ccc(cc1)F,5,0.4032258064516129,2.001582124220124,0.9994992719471606
49979686,Cc1ccnc(c1C#N)N1CC(O)(C1)c1ccc(cc1)F,5,0.4262295081967213,1.4037734860010866,0.9989555381986236
25646720,O=C(CCc1ccc2c(c1)OCO2)Nc1nc2c(s1)CCC2,5,0.4126984126984127,1.6753322058627373,0.9994031796461781
32443301,Cc1nc(c2c(n1)CN(CC2)Cc1ccccc1)O,5,0.6530612244897959,0.7529741031405842,0.9994630282546716
25670537,Fc1ccccc1-c1cnc(o1)-c1ccccc1C(=O)N1CCC1,5,0.3492063492063492,1.6418678387738497,0.9987390200793496
35695446,Clc1ccc(nc1)NC(=O)C1(CC1)c1cccc(c1)Cl,5,0.34328358208955223,1.0838948288462276,0.9990123122673936
48793753,Oc1ccc(cc1)C(=O)N1CCN(CC1)c1ncnc2c1CCC2,5,0.38181818181818183,1.6269671170620288,0.9991576349610332
MCULE-6181763916,Cc1noc(n1)OCC(=O)N1CCCCCC1,5,0.3442622950819672,2.1048800440881186,0.9949773370715614
13509338,Cc1cc(c(c(c1)C)NC(=O)CN1N=NN(C1=O)c1cccs1)C,5,0.43333333333333335,1.3018978454547185,0.9994779030083326
315272596,Nc1ncc(cc1C(F)(F)F)-c1cc(n(n1)CC1CC1)C1C2CN(CC21)C1COC1,5,0.21052631578947367,3.463847571704127,0.9983700307890188
25000719,CC(=O)N1CCC(CC1)Nc1ncnc2cc(sc12)-c1ccc(cc1)Br,5,0.31746031746031744,2.389019882713547,0.9986390197365472
1590696,CC(C)(C)c1ccc(cc1)C(=O)Nc1ccc(cc1)C(=O)Nc1ccccc1,5,0.46938775510204084,2.823804348746528,0.9967178836000863
313833267,Cc1cn2nc(cc(c2n1)C)C1=CC(=O)N2C=C(C=CC2=N1)N1CCNC2(CC2)C1,5,0.35714285714285715,2.8002639161331833,0.9988119542395459
24884318,COc1c(cccc1CN1CCC(O)(CC1)c1ccc(cc1)F)C,5,0.48333333333333334,2.0124726085094298,0.9981909520906309
46034633,Cc1nc(c(c(n1)NCc1cc(no1)-c1ccc(cc1)F)C)C,5,0.3508771929824561,1.1491327164429566,0.9997315159926053
49144758,CSCCc1nc(n(n1)CCO)-c1cc(nc2cc(ccc12)F)C,5,0.4032258064516129,1.6599530113828145,0.9989437665828496
316756775,[2H]C([2H])([2H])NC(=O)c1nnc(cc1Nc1cccc(c1OC)-c1ncn(n1)C)NC(=O)C1CC1,5,0.29411764705882354,2.94691533641529,0.9988338715031966
178528031,CC(=O)N1CCc2ccc(cc21)N(C1CCN(CCC2CCCC2)CC1)C(=O)/C=C/c1cccc(c1)C#N,5,0.26744186046511625,6.205672163432316,0.9928993800196458
4899313,Clc1ccc(cc1)CN1C=Nc2c(oc3ccccc23)C1=O,5,0.3559322033898305,1.6695184934582055,0.9993528088060308
31908762,NC(=O)c1cccc(c1)CN1C=Nc2c(oc3ccccc23)C1=O,5,0.3333333333333333,1.2765065608923085,0.9996374766957223
53747827,Fc1ccc(cc1F)CN1C=Nc2c(oc3ccccc23)C1=O,5,0.3770491803278688,1.9787005837165814,0.9989981495926614
13535869,COc1ccc(cc1NC(=O)CN(Cc1ccccc1)C(C)C)NC(=O)C,5,0.36923076923076925,2.249260322861665,0.9972101152432343
2171363,COc1ccc(cc1)S(=O)(=O)N1CCC(CC1)N1CCC(C)CC1,5,0.3,2.2616734954451863,0.9975444652591958
177307791,CC(C)Nc1ccc(cn1)-c1cc2c(cc1CO)OCCO2,5,0.30158730158730157,2.1112176581301427,0.9987668952601235
49954298,CCC1(CC)NC(=O)N(CC(=O)N2CCOCC3(CCCC3)C2)C1=O,5,0.3,5.685831249694326,0.9889422032311644
46036273,Cn1nc(c2c(cccc12)Cl)-c1cn(nn1)Cc1ccc(cc1)CO,5,0.3880597014925373,1.386702203070672,0.9990781168841393
11654209,Brc1ccc(o1)-c1nnc(o1)Cn1cnc2ccccc12,5,0.5849056603773585,2.7434483774984533,0.9995412528513842
49945424,CCc1cnccc1C(=O)Nc1cnccn1,5,0.39215686274509803,1.8250271230857862,0.9995867914896126
43079475,CC(C)c1nccn1-c1cccc(c1)-c1ccnc(n1)C,5,0.38333333333333336,1.8572196962125243,0.9988792051500089
13159362,CN(C(=O)COc1cccc2ccc(nc12)C)c1ccccc1,5,0.4,1.5776964220023908,0.9984790864477746
45639971,O=C(COCC1CC1)N1CCCc2ncccc21,5,0.4918032786885246,1.5674909888096726,0.9991082390135128
177454167,CCOCCC(=O)N1CCC2(CCCN(C)CC2)CC1,5,0.3448275862068966,1.8628894223757837,0.9982569024763118
177418075,COCC(C)(C)C(=O)N1CCCC2(CCNCC2)CC1,5,0.31666666666666665,2.709142299695637,0.9990624914327576
55628764,Cc1cccnc1CN1CCC(O)(CC1)c1ccccc1,5,0.3787878787878788,1.161146846871602,0.9991280980501815
104352855,O=C(CSC1CCCC1)NCCN1N=C2CCCCC2=CC1=O,5,0.5714285714285714,2.097700169233291,0.9979379621718166
152525,CN(C)c1cccc(c1)C(=O)N1CCCC(C1)c1cccc(n1)-c1cccs1,5,0.4788732394366197,2.6723680509990153,0.9981630648480851
49316037,N#Cc1ccc2nc(ccc2c1)NCCn1ccnc1,5,0.5094339622641509,1.7737530831547037,0.9994782711895045
1548054,Cc1ccc(cc1)NC(=O)c1c(n(n[n+]1Cc1ccccc1)-c1ccc(cc1)C)[O-],5,0.3968253968253968,3.127430414892925,0.9986304700119372
1548060,[O-]c1c([n+](nn1-c1ccccc1)Cc1ccccc1)C(=O)Nc1ccccc1,5,0.45614035087719296,2.065653649574257,0.9991116718837264
207509,Clc1ccc(cc1)-c1c[nH]nc1C1CCCN(C1)C(=O)CCOc1ccccc1,5,0.6376811594202898,1.9023327784590356,0.9984331478076035
222782930,CN(CCCC1CCCC1)CC1=CC(=O)NC(=O)N1,5,0.3888888888888889,4.041556878234008,0.9972941257986718
36260547,N#CCCCN1CCC(CC1)c1c[nH]c2ccccc12,5,0.3939393939393939,2.1242478668932603,0.9991068708155482
48337674,CC(=O)N1CCN(CC1)c1nc(nc2sc(c(c12)C)C)C(F)(F)F,5,0.36363636363636365,2.037768877963973,0.9992846877711438
280546,O=C(N1CCOCC(C1)Cc1cccc2ccncc12)c1cccc(c1)Nc1ncccn1,5,0.43037974683544306,3.050756791355193,0.998677713883691
49056878,CCOC(=O)c1cccnc1SCc1cccnc1,5,0.41379310344827586,1.728713394406191,0.9990210338820936
31878736,CN(Cc1ccccc1)C(=O)c1ccc(nc1)-n1cccn1,5,0.4745762711864407,2.107209054650281,0.9987022871309393
49925402,NC(=O)c1csc(c1)CN1CCc2cc(ccc2C1)F,5,0.3225806451612903,1.772756046386617,0.9984674288541279
82728121,Cc1cc2nc([nH]c2cc1C)CCC(=O)N1CCc2n[nH]cc2C1,5,0.4605263157894737,2.524905938841644,0.9989446397370275
324134429,CC(C)(O)CCn1cc2cc(c(cc2n1)OCC1COC1)NC(=O)c1ccn(n1)C(F)F,5,0.7714285714285715,3.3557234689413034,0.9990963976434032
42897127,FC(F)c1nc2cc(ccc2[nH]1)C(=O)OCc1cc(ccn1)Cl,5,0.26666666666666666,2.2128868023462522,0.9981839524513901
43583679,O=C1CCCc2c1[nH]c1cc(ccc21)-n1ccnc1-c1ccncc1,5,0.28,1.599523991692683,0.9997404643205254
49300427,Cc1nsc(n1)NCc1cncs1,5,0.27450980392156865,2.061020863552533,0.9994229115739263
60174406,Cc1cc2c(cccc2n1-c1nc2c(c(n1)NCc1ccccc1)COCC2)C(=O)N,5,0.27380952380952384,2.981859151603354,0.9992988663817519
44492208,CN(CC(=O)NC1CC1)C(=O)C1C2CC3CC(C2)CC1C3,5,0.4230769230769231,1.726871738144119,0.9988273615554084
41560058,CCC1(O)CN(C1)c1ncccc1C#N,5,0.52,1.3721180707211478,0.998605651376002
49915301,CCNC(=O)C1CN(C1)c1cccc(n1)C#N,5,0.3055555555555556,0.9746081263770424,0.9993012571660281
36427432,CCc1nc2cc(ccc2o1)-c1c(cccc1OC)OC,5,0.32727272727272727,3.890315668425999,0.9836141679779177
46041909,Cc1cc2cc(ccc2o1)C(=O)N(Cc1ccc2c(c1)OCO2)C1CC1,5,0.35384615384615387,1.7356163170466479,0.9989293130224497
49132706,CC(=O)N1CCN(Cc2nc(cc(n2)C(F)(F)F)O)C(C)(C)C1,5,0.2878787878787879,2.054702168198683,0.997797503654878
321036,COc1ccc(c(c1C)C)CN1CCc2nc(nc(c2C1)O)-c1cccnc1,5,0.32098765432098764,1.8260679067329308,0.998989298507158
42961772,Cc1cccnc1CNc1ccc(cc1F)C#N,5,0.3392857142857143,1.5216599488716824,0.998552246069382
49672228,CC(C)COc1cc(cc(c1)-c1cncc(n1)C(=O)N1CCCC1)F,5,0.2972972972972973,1.9532992602262624,0.9985554840326045
43397821,Cc1cc(cc(c1)C(=O)Nc1nn(cc1C#N)C(C)(C)C)C,5,0.5098039215686274,1.6691057485973189,0.9988715696044805
44105331,Cc1cccc(c1)N1CCN(CCCCNC(=O)c2c(cccc2F)F)CC1,5,0.3787878787878788,2.5617415950870077,0.9978207677772025
25678159,Cn1ncnc1COc1nn2c(nnc2cc1C(C)(C)C)-c1cc(ccc1F)F,5,0.5068493150684932,0.46638503406330434,0.9999079553722799
43249211,OC(=O)c1ccccc1-n1cnc(c1)CN1CCCC1,5,0.3333333333333333,1.4856493529761168,0.9992131744730498
232885372,Cc1nc(c[nH]1)CN1CCC(CC1)CNC(=O)COc1ccccc1Cl,5,0.4189189189189189,2.438516352210984,0.9987020656466963
23280366,COc1ccc(cc1OC)CC(=O)N1CCc2[nH]c3ccc(cc3c2C1)Cl,5,0.4657534246575342,1.5302039079807244,0.9993940348326678
338392,CCOC(=O)C1(CCN(CC1)Cc1ccccc1O)Cc1cc(no1)-c1ccc(cc1)F,5,0.32941176470588235,1.3438589955806342,0.9992776039434607
Z224124934,Cc1nn(c2sc(cc12)C(=O)N1CCC(CC1)(C(=O)O)c1ccccc1)C,5,0.35294117647058826,4.142955466813517,0.9951187086567196
23829815,O=C(N1CCN(CC1)Cc1cccnc1)c1ccccc1-n1cccn1,5,0.3793103448275862,1.5774732961288673,0.999461765047393
48931485,CN(CC(=O)Nc1cccc(c1)S(=O)(=O)N1CCCC1)C1CCCCC1,5,0.5423728813559322,2.5905356588937987,0.9986457412837663
73052466,CCOC(=O)CCN1CCC=C(Br)C1,5,0.2777777777777778,2.1717776129244215,0.9968086200068098
49159718,CS(=O)(=O)CCc1nc(nn1-c1ccccc1)C1(CC1)c1ccccc1,5,0.34375,1.8785678055370216,0.9975975790137933
73016554,Cc1cc(cc(n1)N1CCc2c(ncn2CCc2ccccc2)C1)C#N,5,0.576271186440678,1.6517384780888384,0.9991741587768733
36695013,Cc1cnn(c1)C1CN(C1)CC1(O)CCCCC1,5,0.3793103448275862,1.5557609070803706,0.9991683473984637
320451104,CNc1ccc(cc1)/C=C/c1ccc(nc1)OCCOCCOCCF,5,0.2898550724637681,1.7609434971059201,0.9972320347155144
48671463,COc1ccc(c(c1)OCc1ccccc1)N,5,0.40425531914893614,1.6011008712756634,0.9975059764164937
48597409,CN(C)c1ncn(n1)-c1cccc(c1)N,5,0.29411764705882354,1.76254390016257,0.9991005738678898
82709621,O=C(CN1N=C(Cc2ccccc2)c2ccccc2C1=O)NCc1ncc[nH]1,5,0.59375,2.5203059338101483,0.9989691727036872
31357352,O=C(CCc1ccc2c(c1)OCO2)Nc1cccc2cnccc12,5,0.47540983606557374,1.134673521326607,0.9994012082911095
32433398,Clc1cccc(c1)N1C(=O)NN=C1CCCN1CCOCC1,5,0.45161290322580644,2.0792008080029794,0.9981327075788704
73053174,CCN1CCN(CC1)C(=O)CNc1ncnc2onc(c12)C,5,0.421875,2.2360702135663386,0.9989659233979656
48745204,CS(=O)(=O)NC1CCCN(C1)c1nc2ccccc2o1,5,0.3064516129032258,1.9606937547716063,0.9982954093063829
31895184,CC(C)C(=O)N1CCC(CC1)Nc1ncnc2ccsc12,5,0.3333333333333333,2.4086552264702044,0.9989629344397947
260568164,CN(C)c1nc(nc(n1)Sc1ccccc1)N,5,0.25,1.9914492210446995,0.9992640884045527
11813013,CC(N1CCC(CC1)N1C(=O)Nc2ccccc21)c1nnc(o1)-c1cccs1,5,0.4225352112676056,2.2874603821702424,0.9987648006012165
49942184,C(Nc1nnc(o1)-c1ccncc1)c1cncs1,5,0.5098039215686274,2.852100804670578,0.9992035642651079
49942182,Cc1ncsc1CNc1nnc(o1)-c1ccncc1,5,0.5185185185185185,3.1519995241114276,0.9994710549693541
32021126,CN(Cc1ccccc1N1CCCC1)C(=O)c1cccc(c1)Cn1ccnc1,5,0.4393939393939394,2.1322178594130996,0.9988266245832504
36988038,CCc1ccc(c(c1)C(=O)CSc1nncs1)CC,5,0.44642857142857145,2.2020372385588014,0.9983337187448343
36905836,CCCc1ccc(cc1)C(=O)CSc1nncs1,5,0.43636363636363634,2.0979094356049406,0.9971304852787682
42961472,Cc1ccc(cc1F)-c1noc(n1)CCC(=O)N1CCCC1(C)C,5,0.34328358208955223,2.1255806265582575,0.9990790964970903
49088739,CC(C)OCCS(=O)(=O)N1CCc2ccccc2CC1,5,0.3728813559322034,1.6967863742971228,0.998909032513339
44508995,CN(C)S(=O)(=O)CCCN1CCc2ccccc2CC1,5,0.4489795918367347,2.3248881693536734,0.9978041153238859
36966070,CC1(CCOCC1)c1nnc(o1)-c1ccc2c(c1)OCCO2,5,0.5454545454545454,1.9444999357161585,0.9981445019860756
35754411,CCN1CCc2ncnc(c2C1)N1CCNc2ccccc2C1,5,0.4482758620689655,1.9647086297974587,0.9986177362558444
75983310,CC(C)c1nc2c(n1C)CCN(C2)C(=O)c1cccc(c1F)C(F)(F)F,5,0.38235294117647056,2.0962335270670778,0.9983244814153585
25014865,C1CC1N1CCC(CC1)Nc1ncnc2ccsc12,5,0.43333333333333335,3.2246433911364702,0.9990499628926213
902055,CCC[C@@H]1C[C@H](N(C)C1)C(=O)N[C@H]([C@@H](C)O)[C@H]1O[C@H](SC)[C@H](O)[C@@H](O)[C@@H]1O |r|,5,0.20270270270270271,6.149239871723675,0.9987675887784189
25633058,CCOC(=O)N1CCC(CC1)Nc1nc2ccccc2s1,5,0.3870967741935484,1.2142050897605097,0.9993170540953356
177405420,CN(Cc1c(nn(c1C)C)C)C(=O)NCc1cnc(c(c1)C)C,5,0.5454545454545454,2.0962392516114146,0.999589761318175
295413823,CC[C@H]1N(c2ccn(n2)C)c2nc(ncc2N(C)C1=O)-n1ccnc1-c1ccc(cc1)F |r|,5,0.2911392405063291,1.9547918047726502,0.9992813838694578
Z57841791,Cn1c(nc2ccccc12)CNC(=O)Cc1ccccc1,5,0.7021276595744681,1.6262469062227565,0.9988259031038168
48373672,O/N=C\1/CCCc2c1cnc1ncnn21,5,0.2112676056338028,1.2090223323002647,0.998463678528865
50612278,CCOc1cc(ncn1)N(C)CC1CCN(C)CC1,5,0.3333333333333333,1.777184852512425,0.9980725796912507
31246617,CN(Cc1ccccc1)C1(Cc2ccccc2C1)C(=O)N1CCNC(=O)CC1,5,0.3125,2.834372770120387,0.9986257811399494
301949756,NC1CCCC(C1)C(=O)N1CCC(CC1)c1c[nH]c2ncccc12,5,0.8846153846153846,1.9934490211688036,0.9988175194172468
27368582,O=C(C1CCCN(C1)C(=O)c1cccc2ccccc12)N1CCc2ccccc2C1,5,0.5161290322580645,1.608726204175029,0.9993134569705737
12602676,Clc1ccc(c(c1)Cl)-c1ccc(o1)CNCC1CCCO1,5,0.26865671641791045,1.6143187417606548,0.99861487577316
49912141,CN(Cc1nc(no1)-c1cccnc1)c1ccnc(n1)C,5,0.4727272727272727,1.386461322936804,0.9993909584546491
31835550,CC(=O)Nc1cccc(c1)OCC(=O)N1CCCCC1,5,0.5192307692307693,1.8648627295327187,0.9972106481302309
45753290,Cc1nnc(o1)-c1ccccc1NCc1ccsc1,5,0.36363636363636365,1.6788493083064424,0.9994813270333476
50282148,CS(=O)(=O)c1ccc(nc1)-c1nnc(n1-c1ccccc1Cl)/C=C/c1nnc(o1)-c1ccc(cc1)C#N,5,0.24096385542168675,3.34368793400331,0.9985446938266845
50127813,Fc1cccc(c1)CNC(=O)c1[nH]nnc1-c1ccccc1,5,0.42592592592592593,2.001657313328182,0.998053302717772
16664610,Cc1nc2cc(ccc2o1)NC(=O)CCc1c(nc2n(nc(c2c1C)C)C)C,5,0.639344262295082,2.1484990109386626,0.9991632854917919
29640121,CN(Cc1ccc(cc1)Cl)C(=O)c1ccc(nc1)-n1ccnc1,5,0.4666666666666667,1.83766074126872,0.9987488131638065
24121680,Cc1ccccc1CNC(=O)c1ccc(nc1)-n1ccnc1,5,0.6,1.9530197131621392,0.999002037549035
30197060,CN(Cc1c(cccc1Cl)F)C(=O)c1ccc(nc1)-n1ccnc1,5,0.42424242424242425,1.7711688231226796,0.9987789555796773
18815715,Fc1ccc(cc1)CNC(=O)c1ccc(nc1)-n1ccnc1,5,0.6226415094339622,2.3425592842014433,0.9992750084411784
177369616,O=C1N(Cc2ccc3c(c2)CCCO3)C=Nc2ccncc21,5,0.48333333333333334,1.2250995877889008,0.9991947596843616
30455813,COc1cccc(c1)OCCCn1cncc1-c1cc2c(cc1OC)OCCCO2,5,0.32051282051282054,2.013869658145664,0.9978021107480198
49307701,Clc1cc2ncc(nc2cc1Cl)-n1ccnc1,5,0.3191489361702128,2.1601567072783885,0.9982966314867295
27352131,FC(F)Oc1ccccc1NC(=O)CCc1ccco1,5,0.4307692307692308,1.5365786670391475,0.9995422764419356
48339892,Cc1ccc(cn1)CC(=O)Nc1nc(no1)C,5,0.4444444444444444,1.7891075987761798,0.9993193547231883
48760016,CCc1ccc(o1)CNc1nncs1,5,0.29411764705882354,1.374799258074043,0.99979481498933
48304378,Cc1cc(nn1C)OCc1ncc(o1)C(C)(C)C,5,0.3076923076923077,1.5841736015983896,0.9995715782998967
316806315,CC(C)c1noc(n1)CN1CCC(CC1)N1C(=O)Nc2ccccc21,5,0.6666666666666666,1.2413363766519814,0.9995737771476217
36259510,COCCNc1ncnc2ccsc12,5,0.3064516129032258,2.5033217931382263,0.9993196317877042
31609908,CC(=C)COc1cccc(c1)C(=O)NCc1nncn1C1CCCCC1,5,0.352112676056338,2.4771923623327856,0.9973968592072714
48758078,CCc1nnc(c(c1CC)C#N)N1CC(C1)N(C)C,5,0.5102040816326531,1.4644589444570528,0.9984096995222617
32074520,Cc1ccccc1NC(=O)Cn1nnc(n1)C1CC1,5,0.35384615384615387,1.9966945184479383,0.997751629750014
300636138,CC(C)(C)Sc1c(n(c2ccc(cc12)OCc1ccc2ccccc2n1)Cc1ccc(cc1)Cl)CC(C)(C)C(=O)O,5,0.3103448275862069,9.855251036883951,0.9971536133884443
45475529,CCN1CCN(CC1)Cc1ccc(nc1)Nc1ncc(c(n1)-c1cc(c2nc(n(c2c1)C(C)C)C)F)F.CS(=O)(=O)O,5,0.2716049382716049,4.3012455172894555,0.9977055240985065
30400370,Oc1cc(c2sc(nc2n1)SCC(=O)c1ccc(cc1)-c1ccccc1)O,5,0.30303030303030304,3.032106033765905,0.9934180793203325
43248547,OC(=O)c1ccccc1-c1ccc(cc1)CN1CCCCC1,5,0.6216216216216216,3.843444158564072,0.9918379265732323
2066408,OCC1CCCCN1Cc1ccc(cc1)-c1ccccc1,5,0.6428571428571429,2.130583253477798,0.997622670356332
1487936,N#Cc1cc2c(nc1SCc1cccnc1)CCCCCC2,5,0.3235294117647059,1.7801727444268676,0.998028793688155
231817334,CSc1ncccc1C(=O)Nc1ccc(cc1)N1CCCCC1=O,5,0.5,2.188817260531182,0.9986863612157618
31507466,Cc1cc(no1)-c1nncc2c(c(nn12)OCc1ncnn1C)C(C)(C)C,5,0.34146341463414637,1.66925222779463,0.9996685607682464
42957976,Cc1cc(no1)CNc1ncc(cc1Cl)C(F)(F)F,5,0.36065573770491804,2.111517227019486,0.9988418050817027
44566730,CCc1nnnn1Cc1noc2c1CCCC2,5,0.26229508196721313,1.876930472873352,0.9986757057839579
44811418,CC(C)NC(=O)COc1cccc(c1)-c1nc(c2ccccc2n1)Nc1ccc2[nH]ncc2c1,5,0.352112676056338,2.0626642964860284,0.9987202067192734
49976422,Cn1cc(cn1)-c1nnc(o1)NCc1ccc2ccccc2c1,5,0.4032258064516129,1.6301116526175745,0.9989541209850764
300062043,C1CC(CCN1)CNCc1ccc(cc1)OCc1ccccc1,5,0.3508771929824561,1.8634347318862914,0.9975351989183616
49933492,O=C(N1CCCO1)c1ccc(cn1)C#N,5,0.3392857142857143,1.4931195531503967,0.9985477795057981
48817782,Clc1cncc(c1Cl)NC(=O)c1cccc(n1)-n1cccn1,5,0.40625,2.7981790507401594,0.9989963629844054
44529882,COC1CCN(CC1)C(=O)Nc1cc(cc(c1)C(F)(F)F)C(F)(F)F,5,0.38095238095238093,1.6578893207931125,0.9971618648794002
49383448,CN1CCN(CC1)S(=O)(=O)c1ccc(cc1)-c1cnc(c(n1)C(=O)Nc1cccnc1)N,5,0.3333333333333333,4.19782884358056,0.9943700505243478
73019382,CN(C)C1(CCOCC1)CNC(=O)N1CCC=C(C1)c1ccccc1,5,0.5172413793103449,3.1752949469300895,0.998538046177622
53839506,CSC1(CCOCC1)CNC(=O)N1CCC=C(C1)c1ccccc1,5,0.3484848484848485,2.548724386825713,0.9988139223797649
49992529,CCn1cc(cn1)C1CCN(CC1)Cc1ccc(cc1)C#N,5,0.41818181818181815,2.135855800375827,0.99854165117184
46092427,COc1ccc(c(c1)OC)Cc1ncnn1-c1ccc2c(c1)OCO2,5,0.48484848484848486,1.2767223660608225,0.9989113981949226
50310131,COCc1ccccc1CNc1ccc2nnc(n2n1)-c1ccccc1,5,0.3548387096774194,2.3369274699908997,0.9993472512557859
3347988,CN(Cc1ccc(cc1)Br)C(=O)c1cc(on1)C,5,0.6444444444444445,1.591104333473936,0.9974970874220869
540123,COc1cc2nc(sc2cc1OC)N,5,0.4444444444444444,1.447856001126974,0.9992799493070678
6180154,Cc1cccc2sc(nc12)NC(=O)C(C)(C)C,5,0.5833333333333334,0.9203488469055864,0.9996352838562576
3321097,CCC(CC)NC(=O)c1ccc2ncsc2c1,5,0.4426229508196721,1.8174234509328333,0.9990536043815741
82717689,NCCOc1cccc(c1)CC(=O)N1CCCN(CC1)C(=O)C1CCC1,5,0.625,2.3579162410907446,0.9972855741274406
310450,COc1cc(cc(c1OC)OC)CN1C[C@H]2CCC3=C(N=C(C)NC3=O)[C@H]2C1 |r|,5,0.30666666666666664,2.0278740098929973,0.9985340359637551
LN01342817,C[C@H]1CC[C@@H](CC1)n1c2cnccc2c2cnc(nc12)Nc1ccc2c(n1)CCN(C2)C(=O)CO |r|,5,0.3402061855670103,3.8331425749640267,0.9989845808953576
35281979,CN(Cc1cnn(c1)C)C(=O)Cn1c(cc2ccccc12)C,5,0.4375,2.4002643604400578,0.999179795256852
43664822,Cc1nc(nc2ccccc12)CN1C(=O)CN(C2CCCC2)C1=O,5,0.3225806451612903,1.9739037463871003,0.9987580001958002
151085,COc1ccc(cc1)-c1cccc(n1)C1CCCN(C1)CC(=O)Nc1ccccn1,5,0.4520547945205479,2.0022290078809064,0.9989525596667304
194348513,COc1cc(ccc1Nc1ncc2c(n1)N(C)c1ccccc1C(=O)N2)N1CCN(C)CC1,5,0.43023255813953487,3.4444850123058157,0.9991217139787187
2258851,O=C(NCCc1ccccc1)c1cnccn1,5,0.3958333333333333,1.5938014305431119,0.998696770729208
265683,COc1cccc(c1)CC(=O)N1CCOC(C1)c1cc(cc(n1)C)Nc1nnc(s1)C,5,0.6842105263157895,2.163272752105017,0.9988218518880709
301758325,NCC1CCCC1NC(=O)c1cc(ccc1F)N1CCNC1=O,5,0.47761194029850745,1.9601137722086512,0.9988102910031984
32674428,COc1cc(cc(c1)C(=O)NCc1noc(n1)-c1ccccc1)OC,5,0.3548387096774194,1.4375284345012036,0.9988600668110873
32441961,COc1ccc(c(c1)-c1nnc(o1)N)Br,5,0.3404255319148936,2.6990626150572474,0.9966972773175687
48224722,C1CN(CCO1)Cc1nc(c2c(csc2n1)-c1cccs1)N1CCc2[nH]ncc2C1,5,0.5633802816901409,4.427275911889403,0.9989305255511849
53815325,CN(CCSc1ccc2nnnn2n1)Cc1ccccc1,5,0.6,1.9646620574541105,0.9983932629889066
158151,Cc1[nH]c2ccc(cc2c1CC(=O)N1CCC(CC1)Cc1ncncc1C(=O)N)Cl,5,0.2894736842105263,1.9912819991144792,0.9994255573486271
48791655,Cn1cc(cn1)CCNC(=O)N1CCCc2c(cccc21)F,5,0.4696969696969697,1.50865602441343,0.9992134628190182
45688619,COCc1ccccc1CNc1ccc2cc(ccc2n1)C#N,5,0.3709677419354839,1.8285029395656904,0.9979017431783284
35689572,CN(Cc1ccc(o1)C)c1ncnc2n(ncc12)C,5,0.4642857142857143,1.8319096593438213,0.9996061514416285
49969678,Cn1cc(c(n1)C(C)(C)C)CNc1ncccn1,5,0.3404255319148936,1.6839376473011636,0.9996287047191074
45816980,COc1nn(cc1C(=O)Nc1cccc(c1)-c1cnc2n1CCC2)C,5,0.38961038961038963,1.9082033434619776,0.9995421681600418
1530850,CCOC(=O)c1ccc(cc1)OCC(=O)c1c[nH]c2ccccc12,5,0.3387096774193548,1.6651429368073867,0.9981706724989065
43423819,Cc1ccc(cc1)Nc1ccnc(n1)Nc1ccc(cc1)C,5,0.35714285714285715,2.7906517159976585,0.9984047015823374
46339059,COCCOc1ccc(cc1)Nc1ncc(c(n1)Nc1cccc(c1)NC(=O)C=C)F,5,0.676056338028169,1.99227332462213,0.9991625873329698
9879245,COc1ccc(c(c1)OC)NC(=O)c1snnc1C,5,0.3770491803278688,1.2766718450722399,0.9994928441856217
43881453,CN(CC(=O)Nc1cccc(c1C)C)CC1=Nc2ccccc2C(=O)N1,5,0.352112676056338,2.115530429939493,0.9989990226958915
43964901,CN(CC(=O)Nc1cccc(c1C)C)CC1=Nc2ccc(cc2C(=O)N1)Cl,5,0.3466666666666667,1.6335023722050466,0.9991671731110331
24126665,Clc1ccc2c(ncnc2c1)Oc1cccnc1,5,0.3389830508474576,1.859663948136881,0.9952896871341186
89937183,C[C@@H]1CC(=O)Nc2cccc(c2N1)-c1ccc2n(nc(c2c1)-c1cnn(c1)C)C |r|,5,0.3142857142857143,2.2932860702505926,0.9996804319839822
197945,Cc1cc(cc(n1)C1CCCN(C1)CC(=O)Nc1ncc(s1)C)Nc1ccccn1,5,0.6052631578947368,2.913332971014478,0.9993638273488463
314274,CCN(CC)CCCNc1ncc(c(n1)-c1ccco1)-c1cc(no1)C,5,0.5373134328358209,4.419245636984322,0.9991722095340553
232902536,COCC1(CCC1)CNS(=O)(=O)c1ccccc1,5,0.5769230769230769,2.1283373792705156,0.9971595728600025
42653736,O=C1Nc2ccccc2N1C1CCN(CCOc2ccccc2)CC1,5,0.6296296296296297,2.072005550185684,0.9975612424714867
LN01309001,CCCc1cc(nc(c1CNC(=O)c1cc(cc2n(ncc12)C(C)C)-c1ccc(nc1)N1CCN(CC1)C(C)C)O)C,5,0.32407407407407407,4.171950143517826,0.9981655199149411
35771333,NC(=O)c1ccc(cc1)Oc1ccc(cc1)C(=O)N1CCCCCC1,5,0.46511627906976744,2.1385448323567933,0.9955887044123085
43212065,CCc1cc(on1)CN(C)c1nccc(n1)-c1ccc(nc1C)C,5,0.2878787878787879,1.5381826939605896,0.9989593905384495
150731,Clc1cccc(c1)-c1cccc(n1)C1CCCN(C1)C(=O)c1ccccn1,5,0.7049180327868853,0.656195092940892,0.9995948680701426
53819787,COC1=NN(Cc2noc3c2CCCC3)C(=O)C=C1,5,0.28125,2.0534709640018534,0.998761348520631
313516125,Oc1nc(nc(c1C#N)C1CC1)SCc1cccc(c1F)F,5,0.25757575757575757,1.3259370271622972,0.998889670946106
49435320,CNc1nc(nc(n1)N[C@H]1CCC[C@H](C1)C(=O)NCc1ccc(cc1C(F)(F)F)C#N)C |r|,5,0.2926829268292683,2.852112199756326,0.9991044484750017
31991615,Cc1noc(c1CS(=O)(=O)C1CCCc2ccccc21)C,5,0.39344262295081966,1.3863870310990243,0.998755321905212
49383509,CCC(=O)Nc1cccc(c1)Oc1nc(ncc1Cl)Nc1ccc(cc1OC)N1CCN(C)CC1,5,0.4772727272727273,2.646220134455549,0.9975465477279577
414840,Cc1cc(sc1C)C(=O)N1CCC(CC1)C(=O)c1ccnn1C,5,0.3188405797101449,1.8749586662101148,0.9988958207013324
31854715,CNC(=O)CCc1nc(no1)-c1ccccn1,5,0.31343283582089554,1.481268037865516,0.9993117162324262
11835068,O=C(Nc1ccc2c(c1)OCCCO2)c1cnn(c1)Cc1ccccc1,5,0.421875,1.8950496035723439,0.9989961305960305
2258308,O=C(Nc1nc2ccccc2[nH]1)c1ccncc1,5,0.6590909090909091,2.6026325134374164,0.9991203059433824
15987806,CCCc1nc2nc(c(c(n2n1)O)NS(=O)(=O)c1ccc(cc1)C1CCCCC1)C,5,0.3698630136986301,3.7150059219330385,0.9982208833010078
53752451,Fc1ccc(cc1)CNC(=O)C1CCN(CC1)C(=O)/C=C/c1ccc(cc1)F,5,0.36507936507936506,1.7139501159604114,0.9985395742828861
26060327,Fc1ccc(cc1)CNC(=O)C1CCN(CC1)C(=O)/C=C/c1ccccc1,5,0.3870967741935484,2.0340774321547204,0.9983823674496569
20593051,CN(Cc1ccc(cc1)C)C(=O)c1cn(nn1)Cc1ccccc1F,5,0.3484848484848485,1.3424574481148672,0.9984122258751115
48314264,Cc1nccn1-c1cncc(n1)N1CCN(CC2CCCC2)C(=O)C1,5,0.2753623188405797,2.079754312412723,0.9990579181796181
36910847,O=C(CN1CCC(CC1)c1ccccc1)N1CCNC1=O,5,0.5,2.902667910733294,0.9944663438801503
25610913,COc1ccc(cc1OC(C)C)-c1nnc2ccc(cn12)C(F)(F)F,5,0.29310344827586204,1.479366418437634,0.9982940403144787
37153210,Cc1csc(c1)-c1nnc(c2ccccc12)Nc1ccc(cc1)Oc1ncccc1-c1ccnc(n1)N,5,0.26436781609195403,3.3470676718582006,0.9986237748367537
30748239,Cc1cccnc1NC(=O)CCn1cnc2ccccc12,5,0.4426229508196721,2.0190393755449603,0.9997084888261146
48303504,CC(C)c1cccc(n1)CN1C(=O)N(C)C2(CCCCC2)C1=O,5,0.4098360655737705,3.013804904103824,0.9990203304927643
36918888,CC(C)c1ncncc1C(=O)N1CCN(CC1)c1cccc(c1)C,5,0.3230769230769231,1.929218235451905,0.9978086393111008
29703109,CN(C)c1ccnc2sc3c(c12)N=CN(N1CCCCCC1)C3=O,5,0.22058823529411764,2.225690454667951,0.9990861662794991
49094148,CC(C)c1nsc(n1)N1CCC(CC1)Nc1cccnc1,5,0.31746031746031744,1.4762652200740232,0.999006319910086
422202,CC(C)N(C(C)C)C(=O)CN1C=CC=C2C=C(N=C12)C(F)F,5,0.6181818181818182,1.6859961447158454,0.9996685253421599
31901754,Cc1ccc2nc(c(cc2c1)C(=O)N1CCC(CC1)C(=O)Nc1ccncc1)C,5,0.3939393939393939,1.7114102372021707,0.9988211554930682
42901988,CC(C)c1noc2nc(cc(c12)C(=O)N1CCN(C)C(=O)C1)C1CC1,5,0.28888888888888886,2.955739501376711,0.9988921416175123
4498619,Clc1ccc(cc1)S(=O)(=O)Nc1cccc(c1)-c1nc2ccccc2[nH]1,5,0.3287671232876712,1.0258630512888123,0.9995910039974153
2500471,Cc1ccc(cc1NS(=O)(=O)c1ccc(cc1)Cl)-c1nc2ccccc2[nH]1,5,0.3055555555555556,1.6269182524023569,0.9991328602435995
45657759,O=C(Nc1nncs1)c1ccc(nc1)N1CCC2(CCCCC2)C1,5,0.4482758620689655,2.9218601951499577,0.9985146467268685
43127347,Cn1ncc2cc(ccc12)-c1ccnc2[nH]ccc12,5,0.4807692307692308,1.2508385187541753,0.9997950994682135
32106016,CN(CC(=O)NC1(CCCCC1)C#N)c1cccc(c1)C#N,5,0.7291666666666666,1.719550522665724,0.9985030901150119
31911519,CCn1cc(cn1)NC(=O)c1ccccc1C,5,0.4107142857142857,1.164359909993902,0.9996000530603334
31928328,Cn1cc(cn1)NC(=O)c1ccccc1C(F)(F)F,5,0.48148148148148145,1.8379752446654936,0.9988530472416032
1311623,COc1ccc(cc1)CNCc1cccc2ccccc12,5,0.3888888888888889,1.7876392253472466,0.9987204619418993
LN01341916,NC[C@@](O)(c1ccc(cc1)Cl)c1ccc(cc1)-c1cn[nH]c1 |r|,5,0.4583333333333333,1.9804807497171406,0.9991735278536066
49976216,CNC(=O)Cc1nc(cs1)-c1cncc(c1)C,5,0.4423076923076923,1.1110526540175762,0.9995185891970115
13329354,CCN1CCN(CC1)S(=O)(=O)Cc1ccc(c(c1)Cl)Cl,5,0.34615384615384615,2.581191972713355,0.992968493255439
13329162,CN1CCN(CC1)S(=O)(=O)Cc1ccc(c(c1)Cl)Cl,5,0.36,1.9776539131000783,0.9915056469758523
30173146,Cc1c(n(c2ccc(cc12)O)Cc1ccc(cc1)OCCN1CCCCCC1)-c1ccc(cc1)O,5,0.3968253968253968,6.145695078671065,0.9950258875074639
31858299,CCc1ccccc1NC(=O)Cn1nc(cc1C)C,5,0.42105263157894735,1.0702004485142307,0.9995033093821754
383970,Cc1ccc(cc1)S(=O)(=O)N1CCC(C1)c1nnc(o1)-c1cccnc1,5,0.36363636363636365,1.4895747715373626,0.9994731488144422
184567,CNC(=O)c1sc2ncccc2c1[C@H]1CC[C@@H](CC1)CNC(=O)CCc1ccccc1 |r|,5,0.3068181818181818,3.187569450223798,0.997636958683585
48755678,Cc1nc(c(s1)CNc1cnn(c1)-c1ccccc1)C,5,0.45098039215686275,1.547435620632593,0.9995835406179165
36791100,Nc1nncc(n1)-c1ccccc1OC(F)F,5,0.3,1.7137225563082112,0.9975235709888978
2344317,Fc1ccccc1CN1CCN(CC1)c1ncccn1,5,0.5111111111111111,1.6366893413227568,0.9981228119183384
2343643,Fc1cccc(c1)CN1CCN(CC1)c1ncccn1,5,0.46808510638297873,1.708386665834058,0.9981892700678124
218757,Cn1cc(cn1)CN1CCCC(C1)c1ccnc(c1)Nc1cnccn1,5,0.4025974025974026,3.2784348399813377,0.9990238975942676
1527912,COc1cccc(c1)C(=O)C[n+]1cc(n(c1N)C)-c1ccc(cc1)F,5,0.3125,1.3842727332428104,0.999396476233402
3686549,Cc1c(oc2c(cccc12)F)C(=O)N1CCC(CC1)C(=O)Nc1ccc2c(c1)OCO2,5,0.3375,2.107116275861311,0.9988977557708981
48234480,C1CN(CCC1c1nc(n[nH]1)-c1ccccc1)c1ccccn1,5,0.7083333333333334,1.7105426039714433,0.9993438490294865
49344419,Cc1ccc(nc1)OCN1CCCCC1=O,5,0.4126984126984127,1.9743355844436283,0.9990148278409933
53798267,COCCN(C)c1ccc(cn1)CN1CCC2=NN(C)C(=O)C=C2C1,5,0.4788732394366197,2.0900519132310125,0.9986385905755882
299989682,CN1[C@@H]2CC[C@H]1C[C@@H](C2)OC(c1ccccc1)c1ccccc1 |r|,5,0.2653061224489796,1.485477364351611,0.998918613197208
5799127,Nc1ccc(nc1)Oc1ccccc1F,5,0.3170731707317073,1.3654149552426627,0.9991921835486448
20173881,Cc1cc(cc(c1)Oc1cc(ccn1)C#N)C,5,0.35555555555555557,1.407056502063872,0.9985516685763718
36790963,Cc1ccnc(c1)Oc1cc(ccc1C)N,5,0.29545454545454547,1.2850692588335877,0.9995851762744512
36909737,Cc1cccc(c1C)Oc1cc(ccn1)CN,5,0.2631578947368421,1.556838784203514,0.9989484947933936
45491581,Cc1cccc(c1C)Oc1ncccc1N,5,0.2916666666666667,0.7501853104398625,0.9993556393383148
49938986,CN(C)c1ccncc1CN1CCN(CC1)c1ccc(cc1)C(=O)N,5,0.3125,2.360440425005232,0.9975604316399048
34501664,Fc1ccc(c(c1)Cl)C(=O)Nc1nc(cs1)-c1ccccn1,5,0.5454545454545454,1.0397090939293296,0.9997571506204893
25831317,COc1ccc(cc1)/C=C/C(=O)c1c(nc2ccccc2c1N)C,5,0.328125,4.23374963832294,0.9831881042477864
25831315,Cc1nc2ccccc2c(c1C(=O)/C=C/c1ccccc1)N,5,0.30158730158730157,1.3794810618488969,0.9986363020734573
152907,CC(C)N1CCC(O)(CC1)c1ccccc1F,5,0.29508196721311475,1.7463848373138549,0.9981153390265812
68882212,COc1ccc(cc1-c1cccc(c1)C(=O)NCCN1CCCC1=O)Cl,5,0.4782608695652174,1.2680839877549432,0.9986418525921261
177303970,Fc1c(cccc1OC1CC1)CN1CCC(CC1)c1nnc2ccccn12,5,0.546875,1.745748263639278,0.9987806395771758
53808457,COc1cc(ccc1C)CN1CCC(CC1)C(=O)N1CCOCC1,5,0.5272727272727272,1.4616490686892536,0.9985026848423385
49951840,Cc1cccc(n1)NCCN1C(=O)CCC1=O,5,0.46153846153846156,1.660602902562499,0.9994689612057485
32037496,N#Cc1ccccc1OCc1csc(n1)-c1ncccn1,5,0.3103448275862069,1.3957069893068474,0.9985455670397241
48780034,CC(=O)N1CCCN(CC1)Cc1c(nn(c1Cl)C)C,5,0.32727272727272727,1.296461723306918,0.9989048102650877
31968914,Cc1ccc(cn1)CNC(=O)c1cccs1,5,0.42,1.839170465182493,0.999657930905648
49863653,C[C@H](N1C2CCC1CC(C2)C(=O)O)c1ccc2ccc(c(c2c1)C(F)(F)F)O[C@H]1CC[C@H](CC1)C(F)(F)F |r|,5,0.2159090909090909,5.4810979739466745,0.9968613321945703
46650374,CC(C)CCN(C)c1ncnc2nc(cc(c12)C)C,5,0.2857142857142857,1.8308164845225834,0.9976932088306133
342116,COc1cccc(c1)CN1Cc2ccccc2OC2(CCOCC2)C1,5,0.3333333333333333,2.330883308962056,0.9993089536063123
36322410,Cc1ccsc1C(=O)NCc1ccc2c(c1)OCCCO2,5,0.6538461538461539,3.623747783717949,0.9926426899744613
295311420,Cn1cnc2c1C(=O)N(Cc1nc(no1)CCc1ccc(cc1)Cl)C=N2,5,0.3026315789473684,2.846108571365426,0.9972260003160212
300620222,CCN(CC)Cc1ccc2cc(ccc2c1)COC(=O)Nc1ccc(cc1)C(=O)NO,5,0.3380281690140845,3.6376310972940105,0.9942286505351466
226909,Cc1cc(nc(n1)CC1CCNCC1)-c1nccs1,5,0.38333333333333336,1.9707485887349052,0.9988150688529726
48819726,CC(C)c1nnc(n1C)CNc1ncc(cn1)Br,5,0.42,1.8762776979972258,0.9994369002126549
323264,Cc1nccc(n1)-c1ccc(cc1)-c1noc(n1)CN1CCOCC1,5,0.359375,1.9894893817257662,0.9982234819719842
177428613,Cc1n[nH]c(n1)C1CCN(CC1)C(=O)NC1CCN(CC1)c1ccc(cc1)F,5,0.4444444444444444,2.3835704310971866,0.9989652091550846
82730349,COc1ccc(c(c1OC)OC)-c1nn(c2ccccc12)C,5,0.46511627906976744,1.8358169843424266,0.9987580770146772
73008556,CCc1noc(n1)C1CCC(CC1)NCC1CCC(F)(F)CC1,5,0.37735849056603776,2.2682638735387113,0.9978927535769514
424596,CC(C)NC(=O)C1(CCOCC1)Cc1ccccc1-c1ccncc1,5,0.4927536231884058,2.1911807319343555,0.9986825884798715
50282995,N#Cc1cc(ccn1)-c1n[nH]c(n1)-c1ccncc1,5,0.35185185185185186,1.928201234311149,0.9991115420609176
45751322,CN(CCc1ccccn1)C(=O)Nc1nncs1,5,0.4,1.0660881764648453,0.9996116004516807
198953,Cc1cccnc1Nc1cccc(n1)C1CCCN(C1)CC(=O)Nc1nccs1,5,0.4875,1.960183664865877,0.999253939819491
18822495,O=C(CCN1C(=O)CCC1=O)Nc1cccc2ncccc12,5,0.43103448275862066,1.8586417083459088,0.999605533861982
23809094,CCCn1ncc2[nH]c(nc12)C1CCCCC1,5,0.38095238095238093,1.6996961493158664,0.9993709425406279
1520446,CN(C)c1ccc(cc1)-c1nc2ccc(cc2[nH]1)C,5,0.2830188679245283,2.682909055484338,0.9986297689282141
49089949,Clc1ccc(cn1)NC(=O)NC1CCN(CC1)C1CCCC1,5,0.48333333333333334,2.3147094850117655,0.9986791934380402
3473190,C(c1ccccc1)c1ccccc1-c1nnc(o1)-c1cccnc1,5,0.39622641509433965,1.9129244627010151,0.9983718076640065
49088031,Cc1cnc(nc1N1CCSCC1)N1CCSCC1,5,0.43902439024390244,1.7312374187269486,0.9972430025943552
71010653,O=C1N=C2C=CC=CN2C21Cc1ccccc1C2,5,0.24561403508771928,1.1732212067633707,0.9993470823344798
43283831,O[C@@H]1CN(CC[C@@]1(O)CNC(=O)c1c[nH]cn1)Cc1ccsc1 |r|,5,0.2727272727272727,3.181414150971589,0.9995560841430984
316789943,NC1CC(NC(=O)c2ccc(cn2)-c2cn[nH]c2)C21CCC2,5,0.38235294117647056,2.540541084099749,0.9991908274525215
50282202,CCS(=O)(=O)N1CCN(CC1)c1ccc(cc1)Nc1ncc(c(n1)NC1CC1)C(=O)N,5,0.32608695652173914,2.9750016806716433,0.9962404147707107
29676888,Clc1ccc2c(c1)N=C(NC2=O)/C(=C/c1cnn(c1)Cc1ccccc1)C#N,5,0.26666666666666666,1.9972706376447231,0.999279640697723
53817229,Fc1cncc(c1)-c1cnc(nc1)NCc1ccc(c(c1)F)Cl,5,0.36538461538461536,1.6490463911001436,0.9992206484458076
306388,O=C1Oc2nc3cc4c(cc3cc2CN1CCN1CCOCC1)OCCO4,5,0.8958333333333334,2.1967243796159814,0.9975783698226873
171975111,CC(=O)NC[C@H]1C[C@]2(C)[C@@H](CCCC[C@]2(C)O)N1CC1(O)CCCC1 |r|,5,0.8571428571428571,2.9630536613434204,0.9984011597180408
49330926,C(c1nc(no1)-c1ccccn1)n1ccnc1,5,0.34615384615384615,2.3951983216429893,0.99931909876005
50615550,CC(C)N1CCN(CCCSc2ccccn2)CC1,5,0.3793103448275862,1.8746589023073397,0.99696325652149
177377491,Cc1[nH]nc(c1C)CCC(=O)NCCCOC1CCCC1,5,0.9782608695652174,1.6996290771812832,0.9987151064696351
43798139,CC(=O)Nc1ccccc1OCCOc1ccc(cc1)Cl,5,0.3620689655172414,1.7306351435239806,0.9972649187640169
18898062,CCC(CC)NC(=O)c1cc(nc2onc(c12)C)C,5,0.5961538461538461,1.2950675658041209,0.999650363430689
110118917,O=C(Nc1cccc(c1)-c1nncn1C1CC1)c1cc(ccn1)-n1cnc(c1)C1CC1,5,0.37362637362637363,2.0897901808562387,0.9994335297086605
36332254,CN(CCN1CCCC1)C(=O)c1sc2nc(nc(c2c1C)C)C,5,0.5344827586206896,1.9530611869577374,0.9988324310468398
44064836,O=C1CCCN1c1ccc(cc1)S(=O)(=O)Nc1cccc(c1)-c1nnc2n1CCC2,5,0.7049180327868853,2.702373956357587,0.9974063929339042
49951746,Cc1cccc(n1)NCCc1cc(cc2c1OCOC2)F,5,0.4393939393939394,1.4724269082029222,0.9983512722994136
45652159,Cc1csc(n1)N(C1CC1)C(=O)c1cc2c(nn(c2s1)C)C,5,0.27058823529411763,2.3921385829421347,0.9991900651851513
37112493,Fc1ccc(cc1)CNC(=O)NCC#CCN1CCc2ccccc2C1,5,0.3620689655172414,1.7430109007117267,0.9974083825626335
184569,CNC(=O)c1sc2ncccc2c1[C@H]1CC[C@@H](CC1)CNC(=O)COc1ccccc1 |r|,5,0.32222222222222224,3.1894896143424853,0.9982905043109255
222766824,CN1CCC(O)(CC1)CNC(=O)C1CCCCCC1,5,0.5333333333333333,2.1847258409240293,0.9989534481038334
73020372,COCCS(=O)(=O)N1CCC2(C1)Cc1ccccc1C2,5,0.4807692307692308,1.3315990387501033,0.9987808170212028
2853111,O=C(CC(=O)N1CCCC1)N1CCCC1,5,0.4666666666666667,1.5669846840348984,0.9975491638092213
27425362,Cc1cc(n(n1)-c1cccc(c1)NC(=O)c1ccc(c(c1)F)F)C,5,0.43103448275862066,1.656610394751519,0.9994856898741611
3683577,COc1cc2c(cc1OC)CN(CC2)C(=O)C1CCCN(C1)S(=O)(=O)c1cccs1,5,0.6923076923076923,2.6407031260631366,0.9987134157688744
82721257,O=C(NCc1nc(n[nH]1)-c1cnccn1)C1Cc2ccccc2C1,5,0.4262295081967213,3.112867648969879,0.9991293236687664
11883158,COC(=O)c1c([nH]c(c1C)C(=O)OCC(=O)N(C)Cc1cccs1)C,5,0.44776119402985076,2.7135349638433826,0.9997279291445004
31981926,CC(=O)NCC1CCN(CC1)C(=O)c1cncn1-c1ccc(cc1)F,5,0.660377358490566,1.7382836362342073,0.9992486806148216
232853784,CN1CCC(CC1)CN(C)c1nc(nc(c1Cl)O)C,5,0.31666666666666665,1.738243653807033,0.9988955976489955
887222,C1CN(CCO1)c1nc(nc(n1)N1CCOCC1)Nc1ccccc1,5,0.8378378378378378,2.3310178034500497,0.9993694833071943
Z29433525,Clc1cc(cnc1Cl)C(=O)Nc1nc-2c(s1)COc1ccccc12,5,0.36486486486486486,1.4233193598060336,0.999435642811943
353922,CC1CCN(CC1)C(=O)CCn1ccc2ccncc12,5,0.3793103448275862,2.1084895067323637,0.9988597456204599
48629606,Cc1cc(no1)-c1nc(nn1CCc1ccccc1)C,5,0.36507936507936506,1.521472313254339,0.9985504045210964
301817626,CN(C1CCC(N)CC1)C(=O)c1cc(ccc1F)N1CCNC1=O,5,0.7454545454545455,1.9970485722685578,0.9992112772675678
49297145,CN(C(=O)c1cncc(c1)F)c1cccc2ncccc12,5,0.35,1.189772247112737,0.9996539303215164
33303147,CNC(=O)c1ccc(nc1)N1CCCC1,5,0.4583333333333333,1.2564167302288058,0.9994959451033645
1069906,CC1=C(Oc2ccc(cc2)F)C(=O)c2ccc(cc2O1)OCC(=O)Nc1nccs1,5,0.275,2.3322827873139125,0.9975958006788878
32144061,CNC(=O)CN1CCCN(CC1)C(=O)c1c(nn(c1Cl)-c1ccccc1)C,5,0.4225352112676056,1.917365119115262,0.999249087139372
82737949,COc1ncc(cn1)C(=O)NCc1cnn2cccnc12,5,0.3380281690140845,1.8052290713367871,0.9994012669132815
44588358,CC(C)c1cnc(o1)COc1ccc(nc1)Br,5,0.288135593220339,1.7957015342203413,0.9998110552943036
45665715,CC(=O)N1CCC(CCNc2ccc3ccc(cc3n2)F)CC1,5,0.5,2.160214572675667,0.9980254751250587
48826448,Cc1nc2n(c1CN1CCN(CC1)c1ncccn1)CCCC2,5,0.4423076923076923,1.804311503039442,0.9988579723348001
48753166,CCc1nccn1Cc1nc(nc(n1)N(C)C)N,5,0.27692307692307694,2.185724822570272,0.9990775720333761
173035,Cc1noc(n1)C1CCN(CC1)CCc1ccccc1,5,0.40625,1.8966343875402596,0.9988493614586873
324053897,CC1(C)Cc2cc(c(nc2O1)OCC1CC1)NC(=O)c1cnn2cccnc12,5,0.620253164556962,2.437541179140034,0.999059540451492
44508907,Cc1cnn(c1)Cc1nc(no1)Cn1cccn1,5,0.38333333333333336,3.5464262293192603,0.998426163980674
177400113,CCn1ncc(c1C)CN(C)C(=O)c1ccc(cc1)-c1nc(cc(n1)C)C,5,0.33766233766233766,2.2908120830832126,0.9987150027753839
43112807,CC(C)c1cc(n2nccc2n1)N1CCc2[nH]nc(c2C1)C1CC1,5,0.2676056338028169,2.6139166015772566,0.9996760187421023
314860,CCN1C(=Nc2ccccc2C1=O)CN1CCCCCC1,5,0.4,0.8775032763467435,0.9994873381030772
49343751,O=C(Nc1nnc2n1CCCC2)c1cscn1,5,0.5185185185185185,1.858462267575064,0.9996850691346179
48974948,Cc1nc(c(s1)C(=O)Nc1ccc(cc1)Cl)-c1ccccc1,5,0.4909090909090909,1.4443337564429732,0.9995536104645677
5466232,Cc1nc(c(s1)C(=O)Nc1ccccc1)-c1ccccc1,5,0.5714285714285714,1.2617753365792037,0.9994555499921611
2461065,Nc1nc(c(s1)C(=O)Nc1ccc(c(c1)Cl)Cl)-c1ccccc1,5,0.4406779661016949,1.8697096031197098,0.9988683764287692
3110901,Cc1nc(c(s1)C(=O)Nc1ccc(c(c1)C(F)(F)F)Cl)-c1ccccc1,5,0.4090909090909091,1.5258305934801635,0.9993364726127272
2460976,Cc1nc(c(s1)C(=O)Nc1ccc(c(c1)Cl)Cl)-c1ccccc1,5,0.45,1.523816590013104,0.9991089452694141
35739191,CC(C)(C)NC(=O)c1cnc(s1)-c1ccc(s1)Cl,5,0.29310344827586204,1.5718762673951003,0.9992504926877541
23832549,CN1CCC(CC1)n1ncc2[nH]c(nc12)-c1ccc2ccccc2c1,5,0.5833333333333334,2.352359241271939,0.9995881510241033
44398457,CCCC(=O)Nc1cnc(nc1)N1CCN(C)CC1,5,0.4339622641509434,1.6026758873834253,0.9988830019297101
50131633,CCCC(=O)NCC(=O)Nc1cnc(nc1)N1CCN(C)CC1,5,0.3728813559322034,2.4567519207275703,0.9979318230586895
171818667,CN([C@@H]1CCC[C@@H](O)[C@@H]1O)C(=O)COc1c(cccc1C)C |r|,5,0.6875,2.745058287177326,0.9981458524206607
301492332,O=C(NC1CCNCC1)c1ccc2[nH]ncc2c1,5,0.4067796610169492,2.5731653658482148,0.9992367407973182
3506779,Cc1ccc(cc1)-c1cc(on1)NC(=O)CN1CCOCC1,5,0.40298507462686567,1.6109581000138167,0.9991456822057501
136967,CCCn1cc(cn1)C(=O)N1CCC(CC1)c1n[nH]cc1C(=O)N1CCOCC1,5,0.6818181818181818,3.8656911413099158,0.999527710927261
1324972,COc1cc2c(cc1NC(=O)C)oc1ccccc12,5,0.3157894736842105,1.0973982868588905,0.9994369970718554
104348771,C1Cc2nnc(n2C1)CN1CCc2ccccc2C1,5,0.39655172413793105,1.3665665003943057,0.9990063654869388
11930272,Cc1cc(c(c(c1)C)-c1csc(n1)NC(=O)Cn1cnnn1)C,5,0.58,1.8620972047666458,0.9994322481249511
49134782,OCCOc1ccccc1OCc1ncc(cc1Cl)Cl,5,0.2835820895522388,1.4573191139896626,0.9986925068738066
49139348,CC(=O)c1cc(cc(c1OCc1ccccn1)F)Br,5,0.4074074074074074,2.1877417580692784,0.995915829685076
48305854,Cc1nc(cs1)CCN1C(=O)NC(C)(C)C1=O,5,0.41509433962264153,1.3561161454677602,0.9997824805354413
877450,OC(Cn1cncn1)(Cn1cncn1)c1ccc(cc1F)F,5,0.37254901960784315,2.543834114088908,0.9994353071968473
1269126,COc1cccc(c1)C(=O)Nc1nccs1,5,0.39344262295081966,1.4688961842145964,0.9996911057463208
29627941,CCc1nc(sc1C)NC(=O)c1ccccc1F,5,0.36666666666666664,1.157010803753172,0.9992507204744404
31839122,Cc1ccccc1C(=O)Nc1nc(c(s1)C)C,5,0.46511627906976744,0.7995967733801976,0.999747554541918
82742019,Cc1cc(c2c(cc(nc2c1)C)C(=O)N1CC2(CNC(=O)N2)C1)C,5,0.5344827586206896,2.0159198892812946,0.9992995675916052
82738853,O=C(NCc1cnn2cccnc12)c1ccccc1-n1cnnc1,5,0.32432432432432434,2.8060222736107026,0.9995131801046709
14858512,Fc1ccc(cc1)CCNc1ncccc1C#N,5,0.5531914893617021,1.8249260258979887,0.9981193745156199
151187,COc1ccc(cc1)-c1cccc(n1)C1CCCN(C1)C(=O)C1CCCC1,5,0.5737704918032787,1.5397798543944285,0.9986811744098156
171813207,CC(C)C[C@]1(O)CCN(C[C@@H]1Oc1ccc(cc1)F)C(=O)c1[nH]c2c(cc(cc2c1C)C)C |r|,5,0.26136363636363635,4.440802404971197,0.9985258231861693
171813311,CCc1c([nH]c2ccc(cc12)C)C(=O)N1CC[C@@](O)(CC(C)C)[C@H](C1)Oc1ccc(cc1)F |r|,5,0.27956989247311825,4.191109399669675,0.9990962132265143
171813288,CCOc1ccc2[nH]c(c(c2c1)C)C(=O)N1CC[C@@](O)(CC(C)C)[C@H](C1)Oc1ccc(cc1)F |r|,5,0.2988505747126437,4.9530310921699625,0.9992201167895651
13484504,CCc1nc2ccccc2n1CC(=O)Nc1ncc(s1)C,5,0.4375,1.8971006826207977,0.9995539393402184
89942016,Nc1ncc(c2ccc(nc12)-c1cccc(c1)F)C(=O)NC1CN(C1)C(=O)C1CC1,5,0.3188405797101449,1.85032321500819,0.9990009742580361
351738,COc1cc2cc(c(nc2cc1OC)C1CCN(CC1)C(=O)C(C)(C)C)N,5,0.3918918918918919,2.0557689558899592,0.9990600090859043
45697439,Cn1ccc(n1)CSc1n[nH]c(n1)-c1cc(cc(c1)F)F,5,0.28846153846153844,1.8323269358924696,0.9996361478351317
15280962,Cc1ccc(c(c1)OCC(=O)N1CCC(CC1)C(=O)Nc1ccccc1)C,5,0.4264705882352941,2.0036104910883825,0.998767229736442
31323694,Cc1nnc(c2ccccc12)NCc1cccnc1,5,0.4888888888888889,0.950395180965027,0.9994977894567323
53803937,CNC(=O)Cc1cccc(c1)OCCN1CCCCC1,5,0.41818181818181815,2.4197475074891646,0.9958911798276654
