Name,Parent,SMILES,outer_fold,max_similarity_to_train,min_euclidean_distance_to_train,max_cosine_similarity_to_train
30020148_1591,30020148,N#CCSCC(=O)NC1CCCCCC1,1,0.3877551020408163,1.758605413388736,0.9985030901150119
27429921_447,27429921,Cc1nc(C(C)C)sc1C(=O)Nc1nc(C(C)(C)C)cs1,1,0.4897959183673469,1.7798157207977234,0.9996861587355222
89942347_3160,89942347,CC(C)(O)Cn1nc(-c2ccccc2)c2c(Cl)c(-c3ccccc3)nnc21,1,0.36363636363636365,2.1281917206865573,0.9986758723764909
48759758_2484,48759758,COC(C)(C)C(=O)Nc1ccnc(C(C)(C)C)n1,1,0.43478260869565216,1.289901546630564,0.9992270110475469
13159362_1461,13159362,Cc1ccc2cccc(OCC(=O)N(C)c3ccccc3)c2n1,1,0.4,1.5776964220023908,0.9984790864477746
315782_1815,315782,Cc1[nH]c2cc(-c3[nH+]ccn3C)nn2/c(=N\Cc2cccnc2)c1C,1,0.6190476190476191,2.8633405316183,0.9997708838505521
315782_1813,315782,Cc1nc2cc(-c3[nH+]ccn3C)nn2c(NCc2cccnc2)c1C,1,0.6129032258064516,2.540482237688584,0.9997118313856251
315782_1814,315782,Cc1[nH]c2cc(-c3[nH+]ccn3C)nn2/c(=[NH+]/Cc2cccnc2)c1C,1,0.6190476190476191,4.524699990055238,0.9994656697722032
36260547_935,36260547,N#CCCC[N@H+]1CC[C@H](c2c[nH]c3ccccc32)CC1,1,0.3939393939393939,1.709760801983176,0.9995442259108267
36915937_984,36915937,O=C(CCNc1nccc[nH+]1)N1CCc2ccccc2C1,1,0.36065573770491804,1.5983560304264863,0.9982781667243567
36915937_983,36915937,O=C(CCNc1ncccn1)N1CCc2ccccc2C1,1,0.38333333333333336,1.6872987287376016,0.9988418726213101
35690264_1426,35690264,O=C(Nc1ccc(N2CCOCC2)nc1)N1CCc2sccc2C1,1,0.4090909090909091,1.7132944872383338,0.9993543002245218
35690264_1427,35690264,O=C(Nc1ccc(N2CCOCC2)[nH+]c1)N1CCc2sccc2C1,1,0.4090909090909091,2.6368039365868814,0.9991860770816696
42907173_247,42907173,CSCC(=O)N1CCN(C(=O)CSC)C2(CCCCC2)C1,1,0.3,2.032295254139784,0.9994662614212707
43021930_3509,43021930,CCCCOc1ccccc1-c1cc(C(=O)NCc2ccccc2C)[nH]n1,1,0.625,2.5195114605808593,0.9987058443756244
43021930_3508,43021930,CCCCOc1ccccc1-c1cc(C(=O)NCc2ccccc2C)n[nH]1,1,0.640625,2.408647338237048,0.9987722796612057
49829589_3159,49829589,NC(=O)CCCSc1nc(N)nc(-c2c(Cl)cc3c4c(cccc24)COC3)n1,1,0.22988505747126436,2.5270059358853247,0.9989056583815842
232847331_2859,232847331,Cc1nn(CC[N-]S(=O)(=O)N2CCCCC2)c(C)c1C,1,0.7619047619047619,2.8303036939526187,0.9968301172400837
232847331_2858,232847331,Cc1nn(CCNS(=O)(=O)N2CCCCC2)c(C)c1C,1,0.7619047619047619,1.2958638045724178,0.9992449950197355
33313717_1494,33313717,Cn1cc(C(=O)NCCc2c[nH]c3ccccc23)c(-c2cccnc2)n1,1,0.37142857142857144,3.706596417200668,0.999597878519265
16252179_448,16252179,CCOC(=O)c1c(C)[nH]c(CN(Cc2ccccc2)C(=O)c2ccccc2Cl)c1C,1,0.3548387096774194,1.8888644736983302,0.9990503486665924
36332254_816,36332254,Cc1nc(C)c2c(C)c(C(=O)N(C)CC[NH+]3CCCC3)sc2n1,1,0.543859649122807,2.1520736511559244,0.9992596949304312
35754541_1582,35754541,CN1CCc2ncnc(N3CCCN(c4nccs4)CC3)c2C1,1,0.42105263157894735,1.9936792620682153,0.9990548966089001
35754541_1581,35754541,C[N@@H+]1CCc2ncnc(N3CCCN(c4nccs4)CC3)c2C1,1,0.3770491803278688,2.9492514304481676,0.9989019354251065
43366944_1213,43366944,CC(C)c1cc(C(=O)N2Cc3ccc(C[N@H+]4CC[N@H+](C)CC4)cc3C2)c([O-])cc1O,1,0.30985915492957744,3.899373282976918,0.998975271077709
43366944_1210,43366944,CC(C)c1cc(C(=O)N2Cc3ccc(C[NH+]4CCN(C)CC4)cc3C2)c([O-])cc1O,1,0.34782608695652173,3.817387064472289,0.9969148453444685
43366944_1212,43366944,CC(C)c1cc(C(=O)N2Cc3ccc(C[NH+]4CCN(C)CC4)cc3C2)c(O)cc1[O-],1,0.34782608695652173,3.6866874019910894,0.9971483905996453
43366944_1207,43366944,CC(C)c1cc(C(=O)N2Cc3ccc(CN4CC[NH+](C)CC4)cc3C2)c([O-])cc1O,1,0.29577464788732394,3.7192060980806407,0.9965065169888812
43366944_1209,43366944,CC(C)c1cc(C(=O)N2Cc3ccc(CN4CC[NH+](C)CC4)cc3C2)c(O)cc1[O-],1,0.29577464788732394,3.5555085430918036,0.9969579671639147
43366944_1211,43366944,CC(C)c1cc(C(=O)N2Cc3ccc(C[NH+]4CCN(C)CC4)cc3C2)c(O)cc1O,1,0.36363636363636365,2.978101240723432,0.9994746355592123
43366944_1208,43366944,CC(C)c1cc(C(=O)N2Cc3ccc(CN4CC[NH+](C)CC4)cc3C2)c(O)cc1O,1,0.3088235294117647,2.697608755916679,0.999328818492173
106929051_1505,106929051,O=c1c2cccn2c2ccccc2n1CCC[N@H+]1CC[C@H](c2ccc(Cl)cc2)CC1,1,0.46875,2.304934923159782,0.9986557709806998
36635336_3616,36635336,C[NH+]1CCN(C2=Nc3cc(Cl)ccc3Nc3ccccc32)CC1,1,0.3181818181818182,1.827103719004506,0.998502551395066
36635336_3614,36635336,C[NH+]1CC[N+](=C2Nc3cc(Cl)ccc3Nc3ccccc32)CC1,1,0.25,2.1269111405979078,0.9981305584781838
36635336_3615,36635336,CN1CC[N+](=C2Nc3cc(Cl)ccc3Nc3ccccc32)CC1,1,0.23684210526315788,1.8901957570579637,0.9984916636162608
140213_1127,140213,C=CCNC(=O)C1(Cc2ccc(-c3ccccc3)cc2)CCN(C(=O)c2cccnc2)CC1,1,0.4507042253521127,2.075200954124716,0.9985334871514632
30438633_1364,30438633,CN1C(=O)COc2ccc(NC(=O)CCN3C(=O)COc4ccc(Cl)cc43)cc21,1,0.5606060606060606,1.7102491046628487,0.9988205604776023
73014318_1271,73014318,Fc1ccc(NCc2cccc(OCCN3CCOCC3)c2)nc1,1,0.35,2.3939440260791076,0.9979008643113518
73014318_1272,73014318,Fc1ccc(NCc2cccc(OCC[NH+]3CCOCC3)c2)nc1,1,0.4,2.3244059456128254,0.9989318100463596
73014318_1273,73014318,Fc1ccc(NCc2cccc(OCCN3CCOCC3)c2)[nH+]c1,1,0.3333333333333333,2.971485150560171,0.9945933506040241
27448904_3627,27448904,Fc1ccc(Nc2nc(N3CCCCC3)c3nccnc3[nH+]2)cc1,1,0.2903225806451613,2.088926039858893,0.9993111881044628
27448904_3626,27448904,Fc1ccc(Nc2nc(N3CCCCC3)c3nccnc3n2)cc1,1,0.375,1.5344995927005614,0.9994916623517321
Z1611059418_1216,Z1611059418,CC(C)c1nnc(NCc2ccn(C)c2)o1,1,0.5681818181818182,1.8740618986575992,0.9995769306115131
Z1611059418_1217,Z1611059418,CC(C)c1n[nH+]c(NCc2ccn(C)c2)o1,1,0.6,1.9162392856844457,0.9994134109289059
49973690_2055,49973690,C1CCC(OCc2noc(C3CC3)n2)CC1,1,0.35185185185185186,1.7891039656764691,0.9986484960004011
50610014_2841,50610014,COC(=O)N1CC(NCc2c(C)nn(C(C)(C)C)c2C)C1,1,0.2982456140350877,1.6882650858197759,0.9993308764213574
50610014_2840,50610014,COC(=O)N1CC([NH2+]Cc2c(C)nn(C(C)(C)C)c2C)C1,1,0.29310344827586204,1.7582206914949143,0.9993230035785355
24068092_1674,24068092,O=C(NCC1CC1)c1cncn1-c1ccc(F)cc1,1,0.660377358490566,1.4125062831721147,0.9989873798173564
24068092_1675,24068092,O=C(NCC1CC1)c1c[nH+]cn1-c1ccc(F)cc1,1,0.660377358490566,1.6901014762438056,0.9995847378238576
276241702_3190,276241702,CC(C)Cc1ccccc1C[NH2+]Cc1ccc2[nH]cnc2c1,1,0.5,2.319560949835043,0.9968219812542227
276241702_3191,276241702,CC(C)Cc1ccccc1C[NH2+]Cc1ccc2nc[nH]c2c1,1,0.5,2.335786163157834,0.9972669880145197
276241702_3192,276241702,CC(C)Cc1ccccc1C[NH2+]Cc1ccc2[nH]c[nH+]c2c1,1,0.46153846153846156,2.7843798232281958,0.996996194078512
181799_3340,181799,CNCc1cc(N(C)C)nc([C@H]2CCCN2C(=O)CCc2c[nH]c3ccccc23)[nH+]1,1,0.625,2.422325329100659,0.9989403144468808
181799_3339,181799,CNCc1cc(N(C)C)nc([C@H]2CCCN2C(=O)CCc2c[nH]c3ccccc23)n1,1,0.6056338028169014,1.8462578368140528,0.999360278648168
181799_3338,181799,C[NH2+]Cc1cc(N(C)C)nc([C@H]2CCCN2C(=O)CCc2c[nH]c3ccccc23)n1,1,0.6142857142857143,2.960592001611632,0.9994434760685631
177465976_3294,177465976,O=C1CN(C(=O)c2ccc(Cl)cn2)CCN1CCc1ccccc1,1,0.3333333333333333,2.0350036855005116,0.9993562397522866
24888190_573,24888190,O=C1CCCN1c1ccc(C[N@H+]2CC[C@@H](c3noc4cc(F)ccc43)CC2)cc1,1,0.3333333333333333,2.58246916728951,0.9989012509007624
82703737_2615,82703737,CCN(CCOC)C(=O)Nc1ccc2occc(=O)c2c1,1,0.30357142857142855,1.313475542216638,0.9993991069900721
145071_505,145071,COc1ccccc1CNC(=O)c1cnc(C2CCN(C(=O)C(C)(C)C)CC2)nc1C,1,0.3918918918918919,2.143338750641175,0.9989205296325429
44498594_795,44498594,CC(=O)N1CCN(C(=O)CCc2ccc(-c3ccccc3)[nH]2)CC1,1,0.35294117647058826,1.8349877383785178,0.9992134628190182
53815321_2678,53815321,C[N@@H+](CCSc1ccc2nnc(C(F)F)n2n1)Cc1ccccc1,1,0.28125,2.7909609456242355,0.9973781839695999
31881571_897,31881571,CCCC(=O)Nc1ccc(-n2cccn2)nc1,1,0.45614035087719296,1.7891075987761798,0.9997931704209849
38477365_2398,38477365,Cc1ccc(CN)c(-n2cc(Cl)cn2)n1,1,0.2631578947368421,2.166766023363223,0.9995908033314131
38477365_2397,38477365,Cc1ccc(C[NH3+])c(-n2cc(Cl)cn2)n1,1,0.2631578947368421,2.7733667265614264,0.999322163375228
33361007_1137,33361007,O=C(Nc1cccc(-c2cnco2)c1)C1(c2cccc(F)c2)CCOCC1,1,0.4024390243902439,1.9792905294573797,0.9989625103925308
181831_2498,181831,CNCc1cc(N(C)C)nc([C@@H]2CCCN2C(=O)c2ccccc2-c2ccccc2)n1,1,0.640625,2.130428125988013,0.998854889959046
181831_2499,181831,CNCc1cc(N(C)C)nc([C@H]2CCCN2C(=O)c2ccccc2-c2ccccc2)[nH+]1,1,0.6515151515151515,2.140604821072793,0.9995523312401601
181831_2497,181831,C[NH2+]Cc1cc(N(C)C)nc([C@@H]2CCCN2C(=O)c2ccccc2-c2ccccc2)n1,1,0.640625,1.7232808825029067,0.9987698952690789
46622380_1681,46622380,CN(C)c1cnn(CCC(C#N)(c2ccccc2)c2ccccc2)c(=O)c1,1,0.2698412698412698,1.6800452374862074,0.9987207367901628
49968164_1447,49968164,CCc1cc(N(C)Cc2ccc(N)nc2)nc(C)[nH+]1,1,0.423728813559322,1.907029889644966,0.9987024246701163
49968164_1449,49968164,CCc1cc(N(C)Cc2ccc(N)[nH+]c2)nc(C)[nH+]1,1,0.44642857142857145,1.4725776719752837,0.9988710156101839
49968158_3068,49968158,Cc1nc(N(C)Cc2ccc(N)nc2)cc[nH+]1,1,0.4528301886792453,1.8737838722759033,0.9991211704256898
49968158_3067,49968158,Cc1nccc(N(C)Cc2ccc(N)nc2)n1,1,0.47058823529411764,1.0011378526457597,0.9995014767281001
49968164_1448,49968164,CCc1cc(N(C)Cc2ccc(N)nc2)nc(C)n1,1,0.43859649122807015,1.2700936973313601,0.999106524153431
49968176_804,49968176,CCc1ncnc(N(C)Cc2ccc(N)nc2)c1F,1,0.4642857142857143,1.8564581869786203,0.9990556073154112
49968176_805,49968176,CCc1ncnc(N(C)Cc2ccc(N)[nH+]c2)c1F,1,0.46551724137931033,1.7128861608406263,0.9991166213104301
30400370_238,30400370,O=C(CSc1nc2[nH]c(=O)cc(O)c2s1)c1ccc(-c2ccccc2)cc1,1,0.3076923076923077,2.16653017518799,0.9959727168053416
30400370_237,30400370,O=C(CSc1nc2[nH]c(=O)cc([O-])c2s1)c1ccc(-c2ccccc2)cc1,1,0.30303030303030304,2.6889427290294066,0.9937974455738147
49829625_2583,49829625,Cc1cc(N2CCOCC2)ccc1Nc1nc(NC2CCCCC2)c2nc[nH]c2[nH+]1,1,0.3118279569892473,3.5828731487450116,0.9978573492655293
49829625_2586,49829625,Cc1cc(N2CCOCC2)ccc1Nc1nc(NC2CCCCC2)c2[nH]cnc2[nH+]1,1,0.3118279569892473,4.8299904761812025,0.9986787106992749
49829625_2585,49829625,Cc1cc(N2CCOCC2)ccc1Nc1nc(NC2CCCCC2)c2nc[nH]c2n1,1,0.367816091954023,4.7628656290097915,0.9991832137760595
49829625_2584,49829625,Cc1cc(N2CCOCC2)ccc1Nc1nc2[nH]cnc2c(NC2CCCCC2)[nH+]1,1,0.3010752688172043,3.7540709902727993,0.9986543243979156
46223729_1063,46223729,Cc1nc(N2CC[NH+](C)CC2)nc(C)c1NC(=O)C1CCCCC1,1,0.37735849056603776,2.046524859365206,0.9990640031011258
46223729_1064,46223729,Cc1nc(N2CCN(C)CC2)nc(C)c1NC(=O)C1CCCCC1,1,0.34545454545454546,2.0435845957534817,0.9977646043265368
320405235_195,320405235,C=CC(=O)N(C)CCOc1c(N)ncnc1-c1cc(F)cc(NC(=O)c2ccc(C3CC3)cc2F)c1C,1,0.25892857142857145,1.5982277684984316,0.9990438844667074
13419387_1152,13419387,Cc1sc2nc(C[NH+]3CCCC3)nc(N)c2c1C,1,0.43333333333333335,2.2217121775776536,0.999808743041976
13419387_1153,13419387,Cc1sc2nc(CN3CCCC3)nc(N)c2c1C,1,0.45614035087719296,2.5765938756419366,0.9997751643743055
1557197_2221,1557197,Cc1cccc(-n2c(CNc3ccc(F)cc3)n[nH+]c2[S-])c1,1,0.4,2.534269125408647,0.9987909786381206
49946976_891,49946976,Cc1nn(C)c(NCc2ccc(F)c(Cl)c2)[nH+]1,1,0.4897959183673469,0.7722920432063713,0.9993901603734323
49354299_3274,49354299,Cn1nc[nH+]c1NCc1cc(F)cc(F)c1,1,0.4888888888888889,2.617670529306595,0.9988887681768722
49354299_3275,49354299,Cn1ncnc1NCc1cc(F)cc(F)c1,1,0.4883720930232558,1.4992004535756362,0.9989510017152586
49947026_2946,49947026,Cc1nn(C)c(NCc2ccc(F)cc2)[nH+]1,1,0.5581395348837209,1.5767136708988412,0.9993252754171147
295413823_2907,295413823,CC[C@@H]1C(=O)N(C)c2cnc(-n3ccnc3-c3ccc(F)cc3)nc2N1c1ccn(C)n1,1,0.2911392405063291,2.414692734076634,0.9994335493549795
295413823_2908,295413823,CC[C@@H]1C(=O)N(C)c2cnc(-n3cc[nH+]c3-c3ccc(F)cc3)nc2N1c1ccn(C)n1,1,0.25609756097560976,1.9127966436599197,0.9996513947435339
46745630_2426,46745630,Cn1nc(CNC(=O)C2CCC2)c2ccccc21,1,0.43333333333333335,1.041193545888545,0.9997134932762713
30062609_2940,30062609,CC(=O)N1CCN(C(=O)CS(=O)(=O)[C@]23C[C@H]4C[C@H](C[C@H](C4)C2)C3)CC1,1,0.2807017543859649,1.2088101587924827,0.9993027478881172
171813413_3178,171813413,C[C@]1(O)CN(C(=O)Cn2cnc3ccccc3c2=O)CC[C@@H]1Oc1ccccc1,1,0.7833333333333333,1.9118334132448855,0.9993167773162637
48752652_2168,48752652,COc1cc(NC(=O)c2ccc(F)cc2C)ncn1,1,0.39655172413793105,1.5371366237262305,0.9992441040209252
43423819_2257,43423819,Cc1ccc(Nc2cc[nH+]c(Nc3ccc(C)cc3)n2)cc1,1,0.3620689655172414,3.1790714053006814,0.9978165364901548
43423819_2256,43423819,Cc1ccc(Nc2ccnc(Nc3ccc(C)cc3)n2)cc1,1,0.35714285714285715,2.226222810052878,0.9994654146894795
46339059_193,46339059,C=CC(=O)Nc1cccc(Nc2nc(Nc3ccc(OCCOC)cc3)ncc2F)c1,1,0.3804347826086957,1.99227332462213,0.9992559566215606
32389082_731,32389082,Cc1ccc2c(C(=O)N(C)C)cc(-c3cnc(C(C)C)nc3)nc2c1C,1,0.265625,1.628360525190877,0.9991694797210321
3112768_3521,3112768,N#Cc1ccc(COc2cnc3ccccc3n2)cc1,1,0.3275862068965517,1.5328219074635918,0.9985679761224815
LN01331065_1771,LN01331065,[O-]/N=C1\CCc2cc(-c3cn(CCO)nc3-c3cc[nH+]cc3)ccc21,1,0.2222222222222222,1.7754467043527091,0.9995807743023549
LN01331065_1770,LN01331065,[O-]/N=C1\CCc2cc(-c3cn(CCO)nc3-c3ccncc3)ccc21,1,0.2702702702702703,1.5159617409409423,0.9995175343512532
29686205_476,29686205,CN(Cc1cnn(C)c1)c1ncnc2c1oc1ccccc12,1,0.359375,2.3361346279695527,0.9993769961573739
49945934_1105,49945934,Cc1cnn(/C=C2/NN=C(c3ccccc3)S2)c1,1,0.3333333333333333,1.5712631861021658,0.9994691026029852
42942710_1824,42942710,Cc1cc(N(C)C)nc(-n2cc[nH+]c2)n1,1,0.4166666666666667,1.8901058171438783,0.998722502112382
42942710_1823,42942710,Cc1cc(N(C)C)nc(-n2ccnc2)n1,1,0.45652173913043476,1.9736770252499616,0.9988131308062572
313833267_3467,313833267,Cc1cn2nc(-c3cc(=O)n4cc(N5CCNC6(CC6)C5)ccc4n3)cc(C)c2[nH+]1,1,0.32954545454545453,2.6808373691815994,0.9994827842120901
313833267_3465,313833267,Cc1cn2nc(-c3cc(=O)n4cc(N5CC[NH2+]C6(CC6)C5)ccc4n3)cc(C)c2[nH+]1,1,0.3448275862068966,3.7482885427881674,0.9985983948046758
313833267_3466,313833267,Cc1cn2nc(-c3cc(=O)n4cc(N5CC[NH2+]C6(CC6)C5)ccc4[nH+]3)cc(C)c2[nH+]1,1,0.32222222222222224,3.8004849690541986,0.998656667870699
316977624_3498,316977624,CCc1c[nH]c2ncnc(N3CCC(CN4CC[NH+](C)CC4)CC3)c12,1,0.30158730158730157,3.020986924831131,0.999141925615047
316977624_3499,316977624,CCc1c[nH]c2nc[nH+]c(N3CCC(C[NH+]4CCN(C)CC4)CC3)c12,1,0.3026315789473684,3.6685630701955962,0.9994947892815821
316977624_3500,316977624,CCc1c[nH]c2nc[nH+]c(N3CCC(CN4CC[NH+](C)CC4)CC3)c12,1,0.2923076923076923,3.3227727878995488,0.9995123191635097
316977624_3501,316977624,CCc1c[nH]c2ncnc(N3CCC(C[N@H+]4CC[N@H+](C)CC4)CC3)c12,1,0.29333333333333333,4.683374531254787,0.9990534975548886
316977624_3502,316977624,CCc1c[nH]c2nc[nH+]c(N3CCC(C[N@H+]4CC[N@H+](C)CC4)CC3)c12,1,0.2857142857142857,5.659245356052272,0.998818136681333
316977624_3497,316977624,CCc1c[nH]c2ncnc(N3CCC(C[NH+]4CCN(C)CC4)CC3)c12,1,0.3108108108108108,2.8055414807124137,0.9992094605801011
258731_3720,258731,COc1cccc(S(=O)(=O)N2CCO[C@@H](c3c(C(N)=O)sc4ncccc34)C2)c1,1,0.32989690721649484,2.758529318314516,0.9992350202059719
49084025_2693,49084025,O=C(NCC1CCC2(CC1)OCCO2)c1n[nH]c2c1CCCC2,1,0.543859649122807,2.2452042223368407,0.9994616333664469
36682965_1472,36682965,CC(=O)NC1(C(=O)N2CCCN(c3cccnn3)CC2)CCCCC1,1,0.375,1.9541962542179774,0.9988436885468044
18817139_397,18817139,O=c1n(CCc2ccncc2)nnn1-c1ccccc1,1,0.39622641509433965,5.887103447367051,0.97685739776078
235805590_1455,235805590,Cn1c(=O)n(C2CCCC2)c(=O)c2c(F)cccc21,1,0.32142857142857145,1.4549797249447023,0.9987200188997073
3683577_1926,3683577,COc1cc2c(cc1OC)CN(C(=O)[C@@H]1CCCN(S(=O)(=O)c3cccs3)C1)CC2,1,0.6923076923076923,2.2732813288283484,0.999228817530877
232853784_3284,232853784,Cc1nc(N(C)C[C@H]2CC[N@H+](C)CC2)c(Cl)c(=O)[nH]1,1,0.3508771929824561,1.65982047222039,0.9990832240364059
232853784_3283,232853784,Cc1nc(=O)c(Cl)c(N(C)C[C@H]2CC[N@H+](C)CC2)[nH]1,1,0.3508771929824561,1.7428654566554078,0.9992929007798075
11001656_3668,11001656,Cc1ccc(-c2ccc(NC(=O)c3ncoc3-c3ccccc3)cc2)o1,1,0.3787878787878788,1.569440346110804,0.9997478528066924
316272522_3251,316272522,Cc1ccc(Cl)c(OC[C@@]2(O)C[N@H+](C3CCCC3)CC[C@@H]2O)c1,1,0.9574468085106383,1.6821126597227976,0.998699457081438
24126665_356,24126665,Clc1ccc2c(Oc3cccnc3)ncnc2c1,1,0.3220338983050847,2.1348725957302603,0.9952896871341186
324071116_3449,324071116,N#Cc1cc(F)c([N-]S(=O)(=O)c2c[nH]c3cc(Cl)ccc23)cc1F,1,0.25882352941176473,3.1817713619933787,0.9985140135693626
324071116_3450,324071116,N#Cc1cc(F)c(NS(=O)(=O)c2c[nH]c3cc(Cl)ccc23)cc1F,1,0.26506024096385544,2.622009916075908,0.9990807458280317
32015702_1119,32015702,CC(=O)N1CCCN(C(=O)Nc2ccc(N(C)C3CCCCC3)c(F)c2)CC1,1,0.38461538461538464,1.9140859437338609,0.9987290500540605
43657166_1589,43657166,CC1(C)CCN(C(=O)NCCOc2cccnc2)C1,1,0.3870967741935484,1.3842727332428104,0.998820241815842
3562110_1693,3562110,NC(=O)COc1ncnc2ccccc12,1,0.40476190476190477,1.7137225563082112,0.9975235709888978
7689820_1840,7689820,Nc1nc(N)c2c(Cl)c(Br)ccc2n1,1,0.3157894736842105,4.2182166848090565,0.9929646738085793
36680675_720,36680675,CCSCc1nc(=[NH2+])c2ccccc2[nH]1,1,0.46153846153846156,1.7607515440854475,0.9989803482837795
36258440_1650,36258440,C[NH+](C)C(C)(C)CNc1ncnc2ccccc12,1,0.45098039215686275,1.700706323854603,0.999285582256233
7689820_1841,7689820,Nc1nc2ccc(Br)c(Cl)c2c(N)[nH+]1,1,0.3389830508474576,4.29474341492021,0.9953839334901218
36258440_1651,36258440,C[NH+](C)C(C)(C)C/[NH+]=c1\nc[nH]c2ccccc12,1,0.4716981132075472,2.0120904552227494,0.9991592772954905
36680675_719,36680675,CCSCc1nc(N)c2ccccc2n1,1,0.44,1.1197727448015549,0.9992221378805594
7689820_1839,7689820,Nc1nc(N)c2c(Cl)c(Br)ccc2[nH+]1,1,0.3389830508474576,3.934024783857086,0.9967792635892573
36933237_1419,36933237,CC(C)(C)n1ncc(C(=O)N2CCCn3nc[nH+]c32)c1C(F)(F)F,1,0.23943661971830985,2.8500387716659703,0.9992235757892556
36933237_1418,36933237,CC(C)(C)n1ncc(C(=O)N2CCCn3ncnc32)c1C(F)(F)F,1,0.24285714285714285,1.5667855628648228,0.9993481722671077
53815325_2389,53815325,C[N@H+](CCSc1ccc2nnnn2n1)Cc1ccccc1,1,0.3333333333333333,1.779328525033989,0.9983932629889066
82741579_2588,82741579,O=C(NCCc1c[nH]nn1)C1Cc2ccccc2C1,1,0.4166666666666667,1.7651229418933492,0.999098358743813
82741579_2587,82741579,O=C(NCCc1cnn[nH]1)C1Cc2ccccc2C1,1,0.4166666666666667,2.132442730766209,0.9991051430918472
36334458_3666,36334458,CCC(=O)Nc1cccc(C(=O)N2CCN(C)Cc3ccccc32)c1,1,0.4090909090909091,1.486242241359055,0.9983434429975712
36334458_3665,36334458,CCC(=O)Nc1cccc(C(=O)N2CC[N@H+](C)Cc3ccccc32)c1,1,0.4117647058823529,1.790990228895723,0.9993635386871917
49837375_3418,49837375,Cc1c(C(=O)Nc2ccc(N3CCC([NH+]4CCOCC4)CC3)c(C#N)c2)cnn1-c1ccc(Cl)cc1,1,0.3137254901960784,2.8343637734068015,0.9974217445757357
49837375_3419,49837375,Cc1c(C(=O)Nc2ccc(N3CCC(N4CCOCC4)CC3)c(C#N)c2)cnn1-c1ccc(Cl)cc1,1,0.30303030303030304,3.755501963785841,0.9940067122410534
31882595_991,31882595,CS(=O)(=O)[N-]C1CCN(C(=O)NCCc2ccc(F)cc2)CC1,1,0.43137254901960786,3.382024689442867,0.9977218331448846
31882595_990,31882595,CS(=O)(=O)NC1CCN(C(=O)NCCc2ccc(F)cc2)CC1,1,0.44,1.586715475440135,0.9994642096215529
60180599_187,60180599,CC(C)(C)OC(=O)c1ccc(-n2ncc(-n3ccnn3)c2O)nc1,1,0.323943661971831,1.5807510872995707,0.9992525087115316
60180599_186,60180599,CC(C)(C)OC(=O)c1ccc(-n2[nH]cc(-n3ccnn3)c2=O)nc1,1,0.29411764705882354,2.5549882582902224,0.9991757644674154
60180599_185,60180599,CC(C)(C)OC(=O)c1ccc(-n2ncc(-n3ccnn3)c2[O-])nc1,1,0.3142857142857143,3.0432745521891116,0.9980621488928972
32009682_1140,32009682,Cn1cc(CCNC(=O)N2CCc3sccc3C2)cn1,1,0.6,2.764532691071265,0.9997253370844432
416572_2967,416572,COc1ccc(-c2nc(NC(C)C)ncc2-c2[nH]cc[nH+]2)cc1,1,0.296875,1.1788345939956408,0.9995375129816849
416572_2968,416572,COc1ccc(-c2nc(NC(C)C)ncc2-c2ncc[nH]2)cc1,1,0.32786885245901637,1.9264843627712385,0.9995415025458376
177377491_3264,177377491,Cc1[nH]nc(CCC(=O)NCCCOC2CCCC2)c1C,1,0.9782608695652174,1.7241177453993384,0.9986668977570721
177377491_3265,177377491,Cc1n[nH]c(CCC(=O)NCCCOC2CCCC2)c1C,1,0.9782608695652174,1.9240278064522431,0.9989119892087457
45750904_2061,45750904,Cc1nc(CNC2CCN(C(=O)C3CC3)CC2)cs1,1,0.375,1.5385580912006498,0.999380326825103
45750904_2060,45750904,Cc1nc(C[NH2+]C2CCN(C(=O)C3CC3)CC2)cs1,1,0.359375,1.8408527915071753,0.9983537656393787
231817334_1055,231817334,CSc1ncccc1C(=O)Nc1ccc(N2CCCCC2=O)cc1,1,0.5,1.5143873348649664,0.9992990024375604
43881116_2814,43881116,Cc1ccc2[nH+]c(C[N@@H+](C)Cc3cccc(Cl)c3Cl)cc(=O)n2c1,1,0.4827586206896552,2.107621170893901,0.9995327858718216
43881116_2813,43881116,Cc1ccc2[nH+]c(CN(C)Cc3cccc(Cl)c3Cl)cc(=O)n2c1,1,0.4827586206896552,1.6146005698007222,0.9990559350616111
36931743_633,36931743,N#CC1(C(=O)N2CCN(Cc3ccccn3)CC2)CCCCC1,1,0.3484848484848485,1.5919004365853193,0.9990108823541866
36931743_634,36931743,N#CC1(C(=O)N2CC[NH+](Cc3ccccn3)CC2)CCCCC1,1,0.36764705882352944,1.679499032449602,0.9989605291208232
131219_2733,131219,Cc1cc(Nc2ccc(F)cn2)cc([C@H]2CCN(C(=O)CCn3ncc4ccccc43)C2)n1,1,0.6842105263157895,2.445636931353393,0.9994056064943095
131219_2732,131219,Cc1cc(Nc2ccc(F)cn2)cc([C@@H]2CCN(C(=O)CCn3ncc4ccccc43)C2)[nH+]1,1,0.6794871794871795,5.377353903176094,0.9942241057157716
49088739_2469,49088739,CC(C)OCCS(=O)(=O)N1CCc2ccccc2CC1,1,0.46938775510204084,1.6967863742971228,0.998909032513339
44508995_3333,44508995,CN(C)S(=O)(=O)CCC[NH+]1CCc2ccccc2CC1,1,0.4583333333333333,2.4248088584464114,0.9982923595703843
44598747_1266,44598747,CCNC(=O)N1CCC2(CCc3ccccc3O2)CC1,1,0.5,1.567212812606971,0.9987692874234149
44598735_1265,44598735,CCOCC(=O)N1CCC2(CCc3ccccc3O2)CC1,1,0.36507936507936506,1.3985227920918806,0.9994062268664908
324086_2800,324086,Cc1cnccc1-c1cnc(N(C)C)nc1-c1ccco1,1,0.323943661971831,1.5440006476683132,0.9992726800498272
31213616_2106,31213616,Cc1noc(-c2ccc(NC(=O)Cc3ccccc3)cc2)n1,1,0.4444444444444444,1.1740907119983521,0.9989300334527478
152925_1018,152925,NC(=O)CN1CCC(Oc2cccc(F)c2)CC1,1,0.42105263157894735,1.4398520757355184,0.9958807949442899
152939_687,152939,Cc1cccc(O[C@H]2CC[N@H+](CC(N)=O)CC2)c1,1,0.39655172413793105,1.4589246039461556,0.9989287740217342
152939_686,152939,Cc1cccc(OC2CCN(CC(N)=O)CC2)c1,1,0.421875,1.9068969557897388,0.9977697973420868
152925_1019,152925,NC(=O)C[N@H+]1CC[C@@H](Oc2cccc(F)c2)CC1,1,0.42105263157894735,1.239563632896422,0.9982629366061309
324058573_3462,324058573,N#Cc1ccc(NS(=O)(=O)c2c[nH]c3nc(Cl)ccc23)c(F)c1,1,0.3181818181818182,3.588691962261579,0.9986291391961251
324058573_3463,324058573,N#Cc1ccc([N-]S(=O)(=O)c2c[nH]c3nc(Cl)ccc23)c(F)c1,1,0.27058823529411763,5.49654309543729,0.9983351416379843
13484504_1622,13484504,CCc1nc2ccccc2n1CC(=O)Nc1ncc(C)s1,1,0.4375,2.185971180047475,0.9997286871243573
13484504_1623,13484504,CCc1[nH+]c2ccccc2n1CC(=O)Nc1ncc(C)s1,1,0.4307692307692308,2.199472436744564,0.9996606127039921
316806315_1446,316806315,CC(C)c1noc(C[N@H+]2CC[C@H](n3c(=O)[nH]c4ccccc43)CC2)n1,1,0.671875,1.829225245834769,0.9993043810356065
316806315_1445,316806315,CC(C)c1noc(CN2CCC(n3c(=O)[nH]c4ccccc43)CC2)n1,1,0.6666666666666666,1.4683034427534527,0.9995627911082599
19625558_386,19625558,CCN(C(=O)CN1CCNC(=O)C1)c1ccc(F)cc1,1,0.45098039215686275,1.6523071748315712,0.9977739580235748
341560_2107,341560,Cc1ccc([C@]2(O)CC[N@@H+](Cc3cn(C)c4ccc(F)cc34)CC2)cc1,1,0.47540983606557374,1.8221786410776686,0.9992296145828337
43571967_1718,43571967,CCc1nc(C)c(Cn2cc[nH+]c2-c2cnc(N3CCCC3)nc2)s1,1,0.3088235294117647,2.0010996976664392,0.9997002405799719
18877730_232,18877730,O=C(CSc1[nH+]ccn1C1CC1)Nc1c(Cl)cc(Cl)cc1C(=O)[O-],1,0.23076923076923078,2.6733293848680333,0.9989173862634521
18877730_231,18877730,O=C(CSc1nccn1C1CC1)Nc1c(Cl)cc(Cl)cc1C(=O)[O-],1,0.28,2.273244817435606,0.9989253490680016
31854715_1833,31854715,CNC(=O)CCc1nc(-c2ccccn2)no1,1,0.4716981132075472,1.481268037865516,0.9993541678047659
30569846_3685,30569846,Cc1ccc(Cn2ccn(-c3ccc(F)c(F)c3)c(=O)c2=O)cc1,1,0.39215686274509803,1.8654827793363018,0.9984745251306248
16154631_3684,16154631,O=c1c(=O)n(-c2ccc(F)c(F)c2)ccn1Cc1ccccc1Cl,1,0.42,1.738052358244727,0.9985906395305235
142671_428,142671,CCCNC(=O)C1(Cc2ccccn2)CCOCC1,1,0.41935483870967744,1.4193773282677775,0.999122469130726
299989682_77,299989682,C[N@@H+]1[C@@H]2CC[C@H]1C[C@H](OC(c1ccccc1)c1ccccc1)C2,1,0.23636363636363636,1.485477364351611,0.9986178042182232
3301248_3592,3301248,Cc1cnc(NC(=O)c2cc(S(=O)(=O)N(C)C)ccc2N2CCCC2)s1,1,0.3116883116883117,2.1406225729908486,0.9990332597306075
16223443_3066,16223443,CCOc1ccc(CNC(=O)Cn2ccc3cc(S(=O)(=O)N4CCCC4)ccc32)cc1,1,0.421875,2.364857923850423,0.9987001584576696
49132706_2477,49132706,CC(=O)N1CC[N@H+](Cc2nc(=O)cc(C(F)(F)F)[nH]2)C(C)(C)C1,1,0.3055555555555556,1.6323262541539392,0.9994821204027899
49132706_2476,49132706,CC(=O)N1CCN(Cc2nc(=O)cc(C(F)(F)F)[nH]2)C(C)(C)C1,1,0.28169014084507044,1.6281203886690085,0.998994176817028
49132706_2478,49132706,CC(=O)N1CCN(Cc2nc([O-])cc(C(F)(F)F)n2)C(C)(C)C1,1,0.3076923076923077,2.4879260439170254,0.9982098198535914
32278227_3126,32278227,CC(C)c1cc(C(C)C)c(C/C([O-])=N\S(=O)(=O)Oc2c(C(C)C)cccc2C(C)C)c(C(C)C)c1,1,0.23880597014925373,4.6485875274108945,0.9981392833257058
300635762_2560,300635762,COc1ccc(C[C@@H]2CN3CCN(C(=O)OCc4ccccc4)C[C@H]3CO2)cc1,1,0.34328358208955223,1.6530855997192442,0.9997504496343232
300635762_2561,300635762,COc1ccc(C[C@H]2C[N@@H+]3CCN(C(=O)OCc4ccccc4)C[C@H]3CO2)cc1,1,0.352112676056338,1.8046312642754734,0.9982998626381843
150563_316,150563,O=C(c1cccnc1)N1CCC[C@@H](c2cccc(-c3cccc(Cl)c3)n2)C1,1,0.6885245901639344,0.6014241431801802,0.9996720377170469
150563_317,150563,O=C(c1cccnc1)N1CCC[C@H](c2cccc(-c3cccc(Cl)c3)[nH+]2)C1,1,0.7096774193548387,0.8930817431792014,0.9995600620340074
177405420_3019,177405420,Cc1cc(CNC(=O)N(C)Cc2c(C)nn(C)c2C)cnc1C,1,0.5454545454545454,2.0853496109764142,0.9996311971714851
33312531_1270,33312531,Cc1noc(C2CCN(C(=O)C3(c4cccc(F)c4)CCC3)CC2)n1,1,0.37142857142857144,1.9066132276894705,0.9985297468222758
6892467_600,6892467,COc1cc(CNc2nnn[nH]2)cc(Br)c1OCc1ccc(Cl)cc1,1,0.3333333333333333,2.4147621000834723,0.9934116136795389
6892467_599,6892467,COc1cc(CNc2nnn[n-]2)cc(Br)c1OCc1ccc(Cl)cc1,1,0.3333333333333333,2.4859157266487313,0.9978852400272223
49949882_845,49949882,Cc1ccc(F)cc1CNc1cc(C(=O)N(C)C)ccn1,1,0.36363636363636365,0.7918181609443319,0.9995875735499856
49962786_2804,49962786,CN(C)C(=O)c1ccnc(NCc2cccc(C#N)c2)c1,1,0.4406779661016949,1.3820336464795748,0.9990622267482399
49949882_846,49949882,Cc1ccc(F)cc1CNc1cc(C(=O)N(C)C)cc[nH+]1,1,0.36363636363636365,1.7659173253582603,0.9989026390538972
49962786_2805,49962786,CN(C)C(=O)c1cc[nH+]c(NCc2cccc(C#N)c2)c1,1,0.3870967741935484,1.5079751324209278,0.9983455113296533
50613596_2521,50613596,CCCNC(=O)C1(NCc2csnn2)CCCCC1,1,0.5882352941176471,2.3387276455371344,0.9992964377645582
50613596_2522,50613596,CCCNC(=O)C1([NH2+]Cc2csnn2)CCCCC1,1,0.6,2.181833174191152,0.9983156082822043
48773349_3015,48773349,O=C([O-])c1ccccc1COc1cccc2cccnc12,1,0.4,1.1242566432982979,0.9992737548352548
43258693_3722,43258693,O=C(c1ccc2c(c1)CCCC2)N1CCOC[C@H]1c1cc[nH]n1,1,0.3114754098360656,1.8459222627184289,0.9993590143562833
43258693_3721,43258693,O=C(c1ccc2c(c1)CCCC2)N1CCOC[C@@H]1c1ccn[nH]1,1,0.3114754098360656,1.445362584267426,0.9986430226092122
LN00130941_178,LN00130941,COC(c1ccccc1)(c1ccccc1)[C@H](Oc1nc(C)cc(C)n1)C(=O)[O-],1,0.25862068965517243,4.009433875249764,0.9897264545525656
31901754_558,31901754,Cc1ccc2nc(C)c(C(=O)N3CCC(C(=O)Nc4ccncc4)CC3)cc2c1,1,0.42028985507246375,1.2805018547427587,0.99918973090429
31901754_559,31901754,Cc1ccc2nc(C)c(C(=O)N3CCC(C(=O)Nc4cc[nH+]cc4)CC3)cc2c1,1,0.4142857142857143,1.4667777609438768,0.9990697289533967
2266063_3573,2266063,Cc1cccc2sc(NC(=O)c3cccnc3)nc12,1,0.5,1.7781841861857877,0.9996931430448576
33362309_1374,33362309,COc1ccc(-c2csc3ncnc(Oc4ccc(C)nc4)c23)cc1,1,0.5,2.2637139836997933,0.9994609114015064
49946792_2569,49946792,Cc1nc(C)c(CNc2[nH+]cnn2C)s1,1,0.48936170212765956,2.1908945661532915,0.9996865058106017
49946792_2570,49946792,Cc1nc(C)c(CNc2ncnn2C)s1,1,0.4888888888888889,1.5765817454225126,0.9996165015357362
49946968_416,49946968,Cc1nn(C)c(NCc2scnc2C)[nH+]1,1,0.6428571428571429,2.275190541471009,0.9997374677041118
24053614_3247,24053614,Cn1c(=O)n(Cc2cccnc2)c(=O)c2ccc(C(F)(F)F)nc21,1,0.36363636363636365,1.6642124263454738,0.9991369650174047
36466247_522,36466247,CCOc1ncccc1-c1cc(Cl)ccc1O,1,0.43137254901960786,1.167833892297627,0.9991562105441013
36466247_523,36466247,CCOc1ncccc1-c1cc(Cl)ccc1[O-],1,0.43137254901960786,2.9262411042154484,0.997605618801152
48305854_458,48305854,Cc1nc(CCN2C(=O)NC(C)(C)C2=O)cs1,1,0.41509433962264153,1.3561161454677602,0.9997824805354413
50615726_2451,50615726,Cc1ccnc(-n2nccc2NC(=O)NC2(C)CCC2)c1,1,0.559322033898305,1.8461462563943305,0.9995517193658149
49832746_1442,49832746,Oc1c(-n2ccnn2)cnn1-c1cc(N2CCOCC2)ncn1,1,0.3333333333333333,3.1780243863137643,0.9994790352147847
49832746_1440,49832746,[O-]c1c(-n2ccnn2)cnn1-c1cc(N2CCOCC2)ncn1,1,0.3333333333333333,4.777618339716873,0.9981331144529444
49832746_1441,49832746,O=c1c(-n2ccnn2)c[nH]n1-c1cc(N2CCOCC2)ncn1,1,0.3283582089552239,3.142102162565814,0.9995203362010168
6843283_2758,6843283,CCOc1c2c(c(OCC)c3ccccc13)C(=O)N(c1ccc(C/C([O-])=N\S(=O)(=O)c3ccccc3)cc1)C2,1,0.2717391304347826,2.849515572864811,0.9973373696240148
49670792_1407,49670792,COc1ccc2ccccc2c1CNC(=O)c1cnc(C2CC2)nc1,1,0.3333333333333333,0.8527490838458716,0.9994827594956965
177407455_2486,177407455,CCCN(CCC1=CCCCC1)C(=O)c1cc(C(F)F)n[nH]1,1,0.5806451612903226,1.803529317754832,0.9982133623686137
177407455_2485,177407455,CCCN(CCC1=CCCCC1)C(=O)c1cc(C(F)F)[nH]n1,1,0.5573770491803278,2.055300707925441,0.9981046599028547
180601629_82,180601629,COc1ccccc1C(=O)Nc1ccc2cc[nH]c2c1,1,0.5294117647058824,3.459360779103725,0.9947041405754993
205729538_2229,205729538,O=C(Nc1ccccc1)N1CCCc2cnc(N3CCOCC3)nc21,1,0.515625,1.4357047050137086,0.9991448084764428
205729538_2230,205729538,O=C(Nc1ccccc1)N1CCCc2c[nH+]c(N3CCOCC3)nc21,1,0.5230769230769231,1.7528616602572216,0.9993751676639773
2289263_1465,2289263,COc1ccccc1CC(=O)N[C@H]1CC[N@H+](C)CC1,1,0.4716981132075472,1.251756765510086,0.9989058438341485
183407_1022,183407,COc1ccc(-c2[nH]c(C3CCN(C(=O)c4sc(C)nc4C)CC3)nc2C(N)=O)cc1,1,0.6338028169014085,2.166460938951856,0.9997269288984177
183407_1023,183407,COc1ccc(-c2nc(C3CCN(C(=O)c4sc(C)nc4C)CC3)[nH]c2C(N)=O)cc1,1,0.6338028169014085,3.2423758264576725,0.9995048171811552
32043132_1613,32043132,Cc1nc(N2CCOc3ccccc3C2)c2cnn(C)c2[nH+]1,1,0.3442622950819672,1.9495684137783158,0.9991622304353132
32043132_1611,32043132,Cc1nc2c(cnn2C)c(N2CCOc3ccccc3C2)[nH+]1,1,0.5471698113207547,1.4929243115445323,0.9993869452386646
32043132_1612,32043132,Cc1nc(N2CCOc3ccccc3C2)c2cnn(C)c2n1,1,0.5294117647058824,1.5341779557799464,0.9992020247592738
LN01342817_2980,LN01342817,C[C@H]1CC[C@H](n2c3cnccc3c3cnc(Nc4ccc5c(n4)CCN(C(=O)CO)C5)nc32)CC1,1,0.3402061855670103,3.9517787134402087,0.9991388777270741
LN01342817_2981,LN01342817,C[C@H]1CC[C@H](n2c3c[nH+]ccc3c3cnc(Nc4ccc5c(n4)CCN(C(=O)CO)C5)nc32)CC1,1,0.3333333333333333,3.2110418869891886,0.9992141556410744
6180154_1318,6180154,Cc1cccc2sc(NC(=O)C(C)(C)C)nc12,1,0.42,0.9203488469055864,0.9995519342324828
3321097_455,3321097,CCC(CC)NC(=O)c1ccc2ncsc2c1,1,0.4426229508196721,1.8174234509328333,0.9990536043815741
540123_779,540123,COc1cc2nc(N)sc2cc1OC,1,0.4444444444444444,1.679961904330111,0.9992889640699204
44384801_168,44384801,CCCNS(=O)(=O)/N=c1\nc[nH]c(OCCOc2ncc(Br)cn2)c1-c1ccc(Br)cc1,1,0.2236842105263158,3.264394277657063,0.9985411321156663
44384801_169,44384801,CCCNS(=O)(=O)/N=c1\[nH]cnc(OCCOc2ncc(Br)cn2)c1-c1ccc(Br)cc1,1,0.22666666666666666,3.058030248379179,0.9982305764028674
44384801_171,44384801,CCC[N-]S(=O)(=O)/N=c1/nc[nH]c(OCCOc2ncc(Br)cn2)c1-c1ccc(Br)cc1,1,0.2236842105263158,3.599391059609971,0.9977352869608627
44384801_170,44384801,CCC[N-]S(=O)(=O)/N=c1/[nH]cnc(OCCOc2ncc(Br)cn2)c1-c1ccc(Br)cc1,1,0.23376623376623376,3.2825278368962643,0.9986062786023462
31965105_725,31965105,Cc1csc(NC(=O)CCc2ccncc2)n1,1,0.5652173913043478,1.1110526540175762,0.9995185891970115
11654209_575,11654209,Brc1ccc(-c2nnc(Cn3c[nH+]c4ccccc43)o2)o1,1,0.5925925925925926,1.7256865300519042,0.9996345327187148
11654209_574,11654209,Brc1ccc(-c2nnc(Cn3cnc4ccccc43)o2)o1,1,0.5849056603773585,1.2842885189865205,0.9995347790933168
2344317_734,2344317,Fc1ccccc1CN1CCN(c2ncccn2)CC1,1,0.5111111111111111,1.1995465810046322,0.9986684561431075
2344317_735,2344317,Fc1ccccc1C[NH+]1CCN(c2ncccn2)CC1,1,0.5434782608695652,1.6641481304258914,0.9982432673531898
2343643_1193,2343643,Fc1cccc(CN2CCN(c3ncccn3)CC2)c1,1,0.43478260869565216,1.257835442337311,0.998373609743764
2343643_1192,2343643,Fc1cccc(C[NH+]2CCN(c3ncccn3)CC2)c1,1,0.4583333333333333,1.7561748204551413,0.9987702797706968
300962268_3629,300962268,Fc1ccc(-n2cc(/C=C/c3ccnnc3)nn2)cc1Cl,1,0.21428571428571427,1.658317822372785,0.99746637307334
53777805_1276,53777805,Cc1cccn(Cc2cccnc2)c1=O,1,0.5714285714285714,0.8701189573846726,0.9994239131126637
44503860_2200,44503860,CCN(CC#N)C(=O)c1nn(-c2ccc(F)cc2)c2c1CCCC2,1,0.4126984126984127,1.240114510841625,0.9990933110083591
43241226_2059,43241226,Cn1nc(C2CC[NH2+]CC2)c2cccnc21,1,0.30357142857142855,1.8586559660140356,0.9994545844019627
49972816_1259,49972816,Cc1cccc(NC(=O)CN(C)c2ncccc2F)n1,1,0.4098360655737705,1.695342738209293,0.9992773663874942
49972816_1260,49972816,Cc1cccc(NC(=O)CN(C)c2ncccc2F)[nH+]1,1,0.3620689655172414,2.2473313062379354,0.9994076767360836
310422_3010,310422,COCCN1CCOc2nc3c(C)cccc3cc2C1,1,0.3283582089552239,0.8837120571773655,0.9994202641185933
404346_2618,404346,COc1ccc2nc3c(cc2c1)C[NH2+]CCO3,1,0.36507936507936506,1.463414842073184,0.9991782696904271
289474_2676,289474,Cc1ccc(C)c2nc3c(cc12)CNCCO3,1,0.22388059701492538,1.2977233911741546,0.9990771914749244
289474_2677,289474,Cc1ccc(C)c2nc3c(cc12)C[NH2+]CCO3,1,0.22388059701492538,3.6296819419887894,0.9869943512333808
310422_3011,310422,COCC[N@H+]1CCOc2nc3c(C)cccc3cc2C1,1,0.3283582089552239,1.4137475022079562,0.9985431971520993
404346_2617,404346,COc1ccc2nc3c(cc2c1)CNCCO3,1,0.36507936507936506,1.2009013281697296,0.9988906625675343
6887028_673,6887028,Cc1cc(N)n(-c2ncnc3sc(C)c(-c4ccc(Cl)cc4)c23)n1,1,0.2535211267605634,3.221537831533126,0.9995610495250548
53808457_2866,53808457,COc1cc(C[N@H+]2CC[C@H](C(=O)N3CCOCC3)CC2)ccc1C,1,0.5263157894736842,1.4616490686892536,0.9985026848423385
32785534_2078,32785534,Cc1ccc(-n2cc[nH]c(=O)c2=O)cc1,1,0.35714285714285715,2.6649998123826113,0.9987016781028938
31274390_1860,31274390,Cc1ccccc1-n1cc[nH]c(=O)c1=O,1,0.30434782608695654,2.4582109348060888,0.9976243518888538
36256386_384,36256386,Cc1ccc(Cn2nccc2NC(=O)c2ccncc2)o1,1,0.5510204081632653,3.9571599664409143,0.9994404698240725
24879868_1895,24879868,CCC(=O)N1CCCc2cc([C@@H](O)C[NH+]3CCN(c4ccc(OC)cc4)CC3)ccc21,1,0.40540540540540543,2.6675753035290817,0.999169888190109
24879868_1896,24879868,CCC(=O)N1CCCc2cc([C@@H](O)CN3CCN(c4ccc(OC)cc4)CC3)ccc21,1,0.32051282051282054,2.456547984469286,0.9985631307452518
23829815_924,23829815,O=C(c1ccccc1-n1cccn1)N1CC[NH+](Cc2cccnc2)CC1,1,0.37681159420289856,2.360218845784952,0.9993582303792167
23829815_925,23829815,O=C(c1ccccc1-n1cccn1)N1CCN(Cc2cccnc2)CC1,1,0.4090909090909091,0.9813251245121147,0.9995344876643916
48309286_1282,48309286,Cc1[nH+]ccn1CCCN1C(=O)SC(C)(C)C1=O,1,0.4,1.4713592355372984,0.9994303434914399
48309286_1281,48309286,Cc1nccn1CCCN1C(=O)SC(C)(C)C1=O,1,0.40816326530612246,1.8387512066612013,0.9993385449680655
30196760_2719,30196760,Cc1cc(NC(=O)CN(C)CCOc2ccccc2)on1,1,0.5272727272727272,1.6679802157097965,0.9972695904401416
53749740_2369,53749740,Clc1ccc(CSc2nc(-c3ccccc3)c[nH]2)cn1,1,0.43137254901960786,1.1811320840616901,0.999598766320728
53749740_2370,53749740,Clc1ccc(CSc2[nH]cc(-c3ccccc3)[nH+]2)cn1,1,0.4230769230769231,1.1100824293720295,0.9995647511193874
2292167_1607,2292167,COc1ccccc1CC(=O)Nc1ncc(C)s1,1,0.37735849056603776,1.3432326678570938,0.9995889053552538
276236010_3048,276236010,CCC(C)(C)[NH+]1CCN(C(=O)NCCc2cc(C)no2)CC1,1,0.4,2.394700816385624,0.9990525972082399
33312761_229,33312761,O=C(NCC1(c2ccc(F)cc2)CCOCC1)c1ccccn1,1,0.42105263157894735,1.695038937605924,0.9990730841170646
11010047_1709,11010047,Cc1[nH+]c2ccccc2n1Cc1ccc(C(=O)[O-])cc1,1,0.3484848484848485,2.3015462193925855,0.9979459822743961
11010047_1708,11010047,Cc1nc2ccccc2n1Cc1ccc(C(=O)[O-])cc1,1,0.4,2.490786421996009,0.9980516441719381
11964390_252,11964390,COC(=O)c1c(C)[nH]c(C(=O)N(C)Cc2ccc(OC)c(F)c2)c1C,1,0.5084745762711864,1.8458756729534729,0.9994013076223895
30063543_1220,30063543,O=C(CN1CCc2ccccc21)N1CCC(c2nc3ccccc3[nH]2)CC1,1,0.4576271186440678,2.3532445686763435,0.9993247577067356
30063543_1221,30063543,O=C(CN1CCc2ccccc21)N1CCC(c2[nH]c3ccccc3[nH+]2)CC1,1,0.4576271186440678,2.391942725067215,0.9988997534366834
300481375_2386,300481375,Fc1cc(Br)ccc1CNCc1ccccn1,1,0.4074074074074074,1.3368006582880756,0.9980535923832636
300417634_2408,300417634,N#Cc1cccc(C[NH2+]Cc2ccccn2)c1,1,0.3728813559322034,1.5949802506613662,0.9995709325337787
300481375_2387,300481375,Fc1cc(Br)ccc1C[NH2+]Cc1ccccn1,1,0.4074074074074074,1.474186216188425,0.9993350019071873
300417634_2409,300417634,N#Cc1cccc(CNCc2ccccn2)c1,1,0.3728813559322034,1.2966529990708502,0.9989240797268366
300481375_2388,300481375,Fc1cc(Br)ccc1CNCc1cccc[nH+]1,1,0.3392857142857143,1.2306636421052672,0.9983369833945321
49083485_2236,49083485,CC(C)c1nc(S(=O)(=O)N2CC3(CC3)c3ccccc32)c[nH]1,1,0.5714285714285714,2.455460649247514,0.9996169790046674
421362_3269,421362,Cc1ccccc1C(=O)N1CCC(O)(Cn2cc[nH+]c2C)CC1,1,0.3275862068965517,1.9071059225961733,0.9991375158797128
421362_3268,421362,Cc1ccccc1C(=O)N1CCC(O)(Cn2ccnc2C)CC1,1,0.3448275862068966,1.7546529571399858,0.9989163021384052
73053174_2554,73053174,CCN1CCN(C(=O)CNc2ncnc3onc(C)c23)CC1,1,0.421875,1.7348731942133964,0.9993484940544696
73053174_2553,73053174,CC[NH+]1CCN(C(=O)CNc2ncnc3onc(C)c23)CC1,1,0.3880597014925373,2.37351385081251,0.9990283385262906
29578498_298,29578498,Cc1cc(C)nc(N(C)CC(=O)NC2CC2)n1,1,0.4528301886792453,1.5816086747357856,0.9987117081841934
36366966_13,36366966,CCn1c(-c2nonc2N)nc2cnc(Oc3cccc(NC(=O)c4ccc(OCCN5CCOCC5)cc4)c3)cc21,1,0.3829787234042553,4.525611118954099,0.9928486636070184
36366966_14,36366966,CCn1c(-c2nonc2N)nc2cnc(Oc3cccc(NC(=O)c4ccc(OCC[NH+]5CCOCC5)cc4)c3)cc21,1,0.32323232323232326,4.2358641385201725,0.9964484128049931
36366966_15,36366966,CCn1c(-c2nonc2N)[nH+]c2cnc(Oc3cccc(NC(=O)c4ccc(OCCN5CCOCC5)cc4)c3)cc21,1,0.37894736842105264,5.187619396216547,0.9920715056526749
49968178_2036,49968178,CN(Cc1ccc(N)[nH+]c1)c1ncccn1,1,0.5106382978723404,2.3279755153353645,0.9984968439700439
49682290_2000,49682290,Cc1cc(C)[nH+]c(NCc2cnc(C)c(C)c2)n1,1,0.2982456140350877,1.5068039023043136,0.9991694443609019
36849731_2350,36849731,Cc1ccnc(NCc2cccnc2)[nH+]1,1,0.46808510638297873,2.102876601230071,0.9991782202888932
36849731_2349,36849731,Cc1ccnc(NCc2cccnc2)n1,1,0.4888888888888889,1.610739271266873,0.999416794977533
49682290_1999,49682290,Cc1cc(C)nc(NCc2cnc(C)c(C)c2)n1,1,0.32608695652173914,1.0376805866928354,0.9996309245754226
49968178_2035,49968178,CN(Cc1ccc(N)nc1)c1ncccn1,1,0.5,2.1052660164453716,0.9985170732166729
194348513_2145,194348513,COc1cc(N2CC[NH+](C)CC2)ccc1Nc1ncc2c(n1)N(C)c1ccccc1C(=O)N2,1,0.45652173913043476,2.6920193164239126,0.9991361791118064
194348513_2146,194348513,COc1cc(N2CC[NH+](C)CC2)ccc1Nc1nc2c(c[nH+]1)NC(=O)c1ccccc1N2C,1,0.36363636363636365,3.2436604322894436,0.9986854289635541
24110376_1165,24110376,COc1cc2c(cc1OC)CN(C(=O)[C@H]1CCCN(C(=O)Nc3ccccc3)C1)CC2,1,0.6964285714285714,2.1663706977338655,0.9985395742828861
LN01309001_2974,LN01309001,CCCc1cc(C)[nH]c(=O)c1CNC(=O)c1cc(-c2ccc(N3CC[NH+](C(C)C)CC3)[nH+]c2)cc2c1cnn2C(C)C,1,0.30701754385964913,4.609494006938017,0.9982763967444198
LN01309001_2973,LN01309001,CCCc1cc(C)[nH]c(=O)c1CNC(=O)c1cc(-c2ccc(N3CC[NH+](C(C)C)CC3)nc2)cc2c1cnn2C(C)C,1,0.3153153153153153,4.527842422169607,0.9988075438978865
31856310_1577,31856310,Cc1cc(CN2CCN(c3ncccn3)CC2)on1,1,0.4423076923076923,1.1151488689856148,0.9994440835209654
31856310_1578,31856310,Cc1cc(C[NH+]2CCN(c3ncccn3)CC2)on1,1,0.46296296296296297,2.475934571025986,0.999019403540684
82742019_3332,82742019,Cc1cc(C)c2c(C(=O)N3CC4(CNC(=O)N4)C3)cc(C)nc2c1,1,0.5344827586206896,1.50735264619747,0.9992995675916052
53870877_942,53870877,Cc1ccccc1-n1c(CC2CCN(C(=O)C3CC3)CC2)n[nH]c1=O,1,0.34375,1.7295600596679095,0.9992163941345527
35715808_989,35715808,CC(C)NC(=O)c1cc(-c2ccccc2)n(-c2ccccn2)n1,1,0.4107142857142857,1.231001218520499,0.9995355285716614
31921006_1400,31921006,CN(Cc1ccc(Br)o1)C(=O)CN1CCCC1=O,1,0.36065573770491804,1.2580055643774235,0.9996804319839822
Z224124934_226,Z224124934,Cc1nn(C)c2sc(C(=O)N3CCC(C(=O)[O-])(c4ccccc4)CC3)cc12,1,0.38028169014084506,4.118141328318028,0.9986573067822385
5852446_2870,5852446,CCC(=O)NCC[C@@H]1CCc2ccc3c(c21)CCO3,1,0.2835820895522388,1.4427210402571253,0.9996947840097843
49863653_941,49863653,C[C@@H](c1ccc2ccc(O[C@H]3CC[C@H](C(F)(F)F)CC3)c(C(F)(F)F)c2c1)[N@@H+]1[C@@H]2CC[C@H]1C[C@H](C(=O)[O-])C2,1,0.20588235294117646,4.991046783992341,0.997324580003955
31968914_2010,31968914,Cc1ccc(CNC(=O)c2cccs2)cn1,1,0.42,1.839170465182493,0.999657930905648
29377737_576,29377737,Cc1cc(NC(=O)CCc2cnn(C)c2)c2ccccc2n1,1,0.4142857142857143,1.7942658665873434,0.9995526555246004
29377737_577,29377737,Cc1cc(NC(=O)CCc2cnn(C)c2)c2ccccc2[nH+]1,1,0.39705882352941174,1.8693929495962434,0.9991885029184806
43081907_1113,43081907,Cc1nnsc1CN(C)c1ccc2cc[nH]c2n1,1,0.2982456140350877,1.802825282715584,0.999532907749651
43081907_1112,43081907,Cc1nnsc1CN(C)c1ccc2cc[nH]c2[nH+]1,1,0.31666666666666665,2.605860510464201,0.9992671225748146
3669743_995,3669743,CCc1nnc(NC(=O)Cc2c(C)noc2C)s1,1,0.48148148148148145,1.029248269368447,0.9997591271539555
MCULE-3550646247_1645,MCULE-3550646247,N#CC1(NC(=O)CN2CCOCC2)CCCCCC1,1,0.40384615384615385,1.4636345172210137,0.998222539313024
48301846_1789,48301846,C[NH+](C)C1CN(c2nc(-c3cnccn3)nc3sc4c(c23)CCCC4)C1,1,0.5,2.460091258470338,0.9994303124988867
48301846_1790,48301846,CN(C)C1CN(c2nc(-c3cnccn3)nc3sc4c(c23)CCCC4)C1,1,0.4931506849315068,1.6820169440290262,0.9994878205142486
1284751_76,1284751,C[C@@H]1CN(C(=O)CC(c2ccccc2)c2ccccc2)C[C@H](C)O1,1,0.3793103448275862,2.233103893686894,0.9994158665815329
181210453_1197,181210453,CCN(Cc1ccccc1)C(=O)c1cccnc1N,1,0.5319148936170213,1.7286862063428594,0.9996349197207248
1541141_1807,1541141,O=C([O-])CCC(=O)Nc1ccccc1-c1nc2ccccc2[nH]c1=O,1,0.3559322033898305,2.522630571446715,0.9991907695889777
36008838_1798,36008838,CCCCCCNc1nc[nH+]c2[nH]ccc12,1,0.30357142857142855,4.197963553915169,0.9997481030665681
36008838_1797,36008838,CCCCCCNc1[nH+]cnc2[nH]ccc12,1,0.3142857142857143,3.5340118845300204,0.9988633658088023
36008838_1796,36008838,CCCCCCNc1ncnc2[nH]ccc12,1,0.2982456140350877,3.841082790047619,0.9992379554634951
29578860_299,29578860,Cc1cc(C(=O)Nc2cccc3ncccc23)on1,1,0.43103448275862066,1.306951031983108,0.9997764502705495
316162153_38,316162153,O=C(c1ccc(Oc2ccccc2)cc1Cl)c1c[nH]c2ncnc(N[C@@H]3CC[C@@H](CO)OC3)c12,1,0.3118279569892473,5.1971212223686365,0.9993208105890431
316162153_39,316162153,O=C(c1ccc(Oc2ccccc2)cc1Cl)c1c[nH]c2nc[nH+]c(N[C@@H]3CC[C@@H](CO)OC3)c12,1,0.3125,5.748390992268776,0.9994290808861407
43133355_765,43133355,CCc1ccccc1NC(=O)CCn1cc[nH+]c1-c1ccc2c(c1)OCO2,1,0.3783783783783784,1.7000888212101992,0.999446079370888
49985873_2182,49985873,COc1ncccc1CNc1ncnc2c1cnn2C,1,0.39344262295081966,2.5913270731426445,0.9997460925722237
49985873_2183,49985873,COc1ncccc1CNc1[nH+]cnc2c1cnn2C,1,0.4126984126984127,1.3029999999990427,0.9997394154314021
32427430_1922,32427430,COc1ccccc1O[C@H]1CC[N@H+](Cc2ccccc2C#N)CC1,1,0.373134328358209,1.8149528919504905,0.9987639091437011
32427430_1923,32427430,COc1ccccc1OC1CCN(Cc2ccccc2C#N)CC1,1,0.3787878787878788,1.4713769061664188,0.9991223600034713
3409017_591,3409017,O=C(NCCc1ccc2c(c1)OCCO2)c1ccc2ccccc2n1,1,0.4406779661016949,1.8348119794681959,0.9986573285444679
17125201_3549,17125201,COc1cc2ncn(-c3cc(OCc4ccccc4S(C)(=O)=O)c(C#N)s3)c2cc1OC,1,0.25925925925925924,1.2142050897605097,0.9993170540953356
1530850_3591,1530850,CCOC(=O)c1ccc(OCC(=O)c2c[nH]c3ccccc23)cc1,1,0.4166666666666667,1.9639248967309675,0.9976799035746695
3660163_2664,3660163,Cc1cc2nc(Sc3nnc(C)n3C)c3ccccc3n2n1,1,0.5818181818181818,1.7609378183230548,0.9994376408651102
7716996_1234,7716996,O=C(Nc1ccc(C(=O)[O-])c([O-])c1)c1ccc(NC(=O)c2cccs2)cc1,1,0.3888888888888889,8.223564129986299,0.9981353421181659
7716996_1233,7716996,O=C(Nc1ccc(C(=O)[O-])c(O)c1)c1ccc(NC(=O)c2cccs2)cc1,1,0.3888888888888889,3.5963175610618583,0.9989973800932183
49125344_2834,49125344,C[C@H]1CC[C@@H]([N@H+](Cc2nnc(C3CCC3)o2)[C@H]2CC[C@H](O)CC2)CC1,1,0.3114754098360656,3.0619064322737977,0.9992579470214074
49125344_2835,49125344,C[C@H]1CC[C@@H](N(Cc2nnc(C3CCC3)o2)[C@H]2CC[C@H](O)CC2)CC1,1,0.3064516129032258,3.0369193272131785,0.9986344522562092
25041311_3461,25041311,Cc1nnc(-c2ccc(N3CCC(Oc4cc(F)ccc4Cl)CC3)nn2)o1,1,0.43661971830985913,1.506158358207961,0.9985492741407594
48224722_1938,48224722,c1csc(-c2csc3nc(CN4CCOCC4)nc(N4CCc5n[nH]cc5C4)c23)c1,1,0.5633802816901409,2.709890957216863,0.9991950456258611
48224722_1939,48224722,c1csc(-c2csc3nc(C[NH+]4CCOCC4)nc(N4CCc5[nH]ncc5C4)c23)c1,1,0.547945205479452,3.5586118079955344,0.9995412811414421
48224722_1937,48224722,c1csc(-c2csc3nc(CN4CCOCC4)nc(N4CCc5[nH]ncc5C4)c23)c1,1,0.5633802816901409,3.928846522836193,0.9996295785438288
48224722_1940,48224722,c1csc(-c2csc3[nH+]c(CN4CCOCC4)nc(N4CCc5[nH]ncc5C4)c23)c1,1,0.4125,3.3642742159346075,0.9993546111466335
133851_3133,133851,Cc1ccc2c(c1)cc(C(=O)N1CCO[C@H](C(=O)N3CCc4ccccc4C3)C1)n2C,1,0.37333333333333335,2.60884629673748,0.9984310911300466
324135709_2547,324135709,COc1cc2nn(CCC(C)(C)O)cc2cc1NC(=O)c1ccn(C(F)F)n1,1,0.7714285714285715,2.15402506949207,0.9997208495711862
139135_156,139135,CN(C)C(=O)C1(Cc2ccccc2-c2ccccc2)CCN(C(=O)c2cnn(C)c2)CC1,1,0.6612903225806451,3.304085349986914,0.9981130735081079
151085_343,151085,COc1ccc(-c2cccc([C@H]3CCC[N@@H+](CC(=O)Nc4ccccn4)C3)n2)cc1,1,0.5061728395061729,1.7204080911226238,0.9996007408732482
151085_342,151085,COc1ccc(-c2cccc([C@H]3CCCN(CC(=O)Nc4ccccn4)C3)n2)cc1,1,0.5757575757575758,2.1362888381489373,0.9988698433137614
49325135_2939,49325135,Cc1cc(C(=O)N(C)c2nc3ccccc3s2)cc([O-])n1,1,0.3559322033898305,2.3633998815270605,0.9981269886862606
49325135_2938,49325135,Cc1cc(C(=O)N(C)c2nc3ccccc3s2)cc(=O)[nH]1,1,0.35,1.46092607615848,0.9994229608257481
45668511_1626,45668511,Cc1cc(C)c2c(c1)CCCN2C(=O)c1ccc(-c2nnc(C)o2)cc1,1,0.34210526315789475,1.7281244168172687,0.9992048406261723
496510_128,496510,Cc1cnc(C(=O)NCCc2ccc(S(=O)(=O)/N=C(/[O-])NC3CCCCC3)cc2)cn1,1,0.5972222222222222,2.1368329368482843,0.9983804494932361
496510_129,496510,Cc1cnc(C(=O)NCCc2ccc(S(=O)(=O)NC(=O)NC3CCCCC3)cc2)cn1,1,0.5857142857142857,2.860442273495745,0.9979843526202367
49424084_194,49424084,C=CC(=O)Nc1cccc(Nc2nc(Nc3ccc(Oc4ccnc(C(=O)NC)c4)cc3)ncc2F)c1,1,0.38144329896907214,3.635330796502964,0.9986062329317625
48278518_2108,48278518,Cc1nnnn1CCN(C)c1ccccc1,1,0.45454545454545453,1.7772385883725124,0.9967663911584239
30571034_1762,30571034,CN1CCc2nc(NC(=O)c3ccc(Cl)s3)sc2C1,1,0.35714285714285715,2.0650203388829222,0.9996589653117256
30571034_1761,30571034,C[N@@H+]1CCc2nc(NC(=O)c3ccc(Cl)s3)sc2C1,1,0.5573770491803278,2.364787939752208,0.9997292067974709
18813553_1560,18813553,O=C(NCc1ccccn1)c1ccc(F)cc1Cl,1,0.43636363636363634,1.6009100536885275,0.9988616815252299
49337535_3380,49337535,Cc1cc(NCC2(c3ccncc3)CC2)nc[nH+]1,1,0.3103448275862069,1.4516311514984999,0.9990409965651409
49337535_3379,49337535,Cc1cc(NCC2(c3ccncc3)CC2)ncn1,1,0.30357142857142855,1.271931995037053,0.9994612835060563
27042311_3512,27042311,COc1cccc2cc(C(N)=S)/c(=N/Nc3ccccc3)oc12,1,0.296875,1.7974420713891157,0.9982211175754182
49067788_3350,49067788,CC[NH+](CC)CC(=O)Nc1ccc(Oc2ccc(C)nn2)cc1,1,0.3125,1.8878042801095674,0.9977398822266936
36748737_3009,36748737,Cc1ccc(Oc2ccc(N)cc2)nn1,1,0.29545454545454547,1.6019612979095097,0.995369303023768
49067788_3351,49067788,CCN(CC)CC(=O)Nc1ccc(Oc2ccc(C)nn2)cc1,1,0.3157894736842105,1.8323695042212547,0.9957144461805948
48779690_1338,48779690,CC1(C)COCC[N@H+]1Cc1cnn(-c2ccccc2)n1,1,0.25,1.6112246894831637,0.9987194870491041
48779690_1339,48779690,CC1(C)COCCN1Cc1cnn(-c2ccccc2)n1,1,0.24242424242424243,1.6560893695690337,0.998697704297935
5514552_207,5514552,O=C(c1sc(N2CCOCC2)nc1-c1ccccc1)N1CCCCC1,1,0.6538461538461539,1.3205642733321297,0.9989029748398771
206429_2191,206429,C[N@H+]1CC[C@@H](C(=O)N2CCC(c3cc(C(F)(F)F)c4c(n3)CCNC4=O)CC2)CC1,1,0.6231884057971014,1.8847015678883465,0.9990620468035328
44508907_1606,44508907,Cc1cnn(Cc2nc(Cn3cccn3)no2)c1,1,0.42105263157894735,2.489819270549484,0.9995294330736679
49953010_2721,49953010,Cc1nc(NCCN2C(=O)CCC2=O)c2c(C)csc2[nH+]1,1,0.42592592592592593,1.9429783838225876,0.9995618140219868
49953010_2720,49953010,Cc1nc(NCCN2C(=O)CCC2=O)c2c(C)csc2n1,1,0.4423076923076923,1.506400345194052,0.9997858020887431
73032016_254,73032016,CC(C)CNc1nnc(SCc2ccncc2)s1,1,0.38461538461538464,1.2490920702653656,0.9994487835044882
73032016_255,73032016,CC(C)CNc1[nH+]nc(SCc2ccncc2)s1,1,0.2982456140350877,1.1895978312017652,0.9993585872687809
1317203_794,1317203,COc1ccc(OCC(=O)N2CCN(C)CC2)cc1,1,0.42105263157894735,1.1435278746054294,0.998495807101664
1317203_793,1317203,COc1ccc(OCC(=O)N2CC[NH+](C)CC2)cc1,1,0.4230769230769231,1.774945632970099,0.9987616345497522
11880948_3260,11880948,CCN1CCN(c2ccc(Nc3ncnc4sccc34)cc2)CC1,1,0.4,2.5656439737425796,0.9984155570627866
11880948_3259,11880948,CC[NH+]1CCN(c2ccc(Nc3ncnc4sccc34)cc2)CC1,1,0.3870967741935484,2.682795556877241,0.9982638834395672
177307791_2669,177307791,CC(C)Nc1ccc(-c2cc3c(cc2CO)OCCO3)cn1,1,0.30158730158730157,2.0238922896242673,0.9991936151359375
177307791_2670,177307791,CC(C)Nc1ccc(-c2cc3c(cc2CO)OCCO3)c[nH+]1,1,0.2786885245901639,1.8856728242193528,0.9985002832768561
23816897_353,23816897,Cc1ccc(-c2cn(C[C@H]3CC[N@H+](Cc4c[nH]c(C)n4)CC3)nn2)cc1,1,0.41333333333333333,2.08158040920781,0.9994545629781513
23816897_355,23816897,Cc1ccc(-c2cn(C[C@H]3CC[N@H+](Cc4c[nH]c(C)[nH+]4)CC3)nn2)cc1,1,0.26436781609195403,2.2561509258024004,0.9990062561324121
23816897_354,23816897,Cc1ccc(-c2cn(C[C@H]3CC[N@H+](Cc4cnc(C)[nH]4)CC3)nn2)cc1,1,0.4189189189189189,1.9142332668716233,0.999571873557839
232839938_2976,232839938,CCOc1ccnc(NCCCc2nc3ccc(F)cc3[nH]2)n1,1,0.35714285714285715,2.0699084520818887,0.9995940837308698
232839938_2975,232839938,CCOc1ccnc(NCCCc2nc3cc(F)ccc3[nH]2)n1,1,0.35714285714285715,1.6867993360205942,0.9994662163354784
232839938_2977,232839938,CCOc1cc[nH+]c(NCCCc2nc3cc(F)ccc3[nH]2)n1,1,0.3472222222222222,3.3609910740737763,0.9985647597152153
104336630_411,104336630,CC(C)(C)NC(=O)c1c[nH+]cn1C1CCN(c2ccc(-c3nnc(C(F)(F)F)o3)cn2)CC1,1,0.2876712328767123,1.6761214156514006,0.9996046080062928
104336630_412,104336630,CC(C)(C)NC(=O)c1cncn1C1CCN(c2ccc(-c3nnc(C(F)(F)F)o3)cn2)CC1,1,0.2916666666666667,1.7162601784102018,0.99952544181395
177485348_2597,177485348,O=C(CN1CCCC1=O)NCC1(CO)CCCC1,1,0.4528301886792453,1.4332082891194775,0.9991540119994089
30457837_1638,30457837,Fc1cccc(O[C@H]2CC[N@@H+](Cc3nc4ccccc4[nH]3)CC2)c1,1,0.35714285714285715,1.6463070794964814,0.9991865937731599
30457837_1640,30457837,Fc1cccc(OC2CCN(Cc3[nH]c4ccccc4[nH+]3)CC2)c1,1,0.352112676056338,1.8667286894457396,0.9988942586273374
30457837_1639,30457837,Fc1cccc(OC2CCN(Cc3nc4ccccc4[nH]3)CC2)c1,1,0.3548387096774194,1.5657835099396336,0.9993197506675169
316789943_3487,316789943,[NH3+][C@H]1C[C@@H](NC(=O)c2ccc(-c3cn[nH]c3)cn2)C12CCC2,1,0.37681159420289856,2.8614010554270877,0.9991908274525215
32494828_1385,32494828,CCCCc1c(C)[nH]c2nc(N(Cc3cccs3)C(C)=O)nn2c1=O,1,0.3,2.2935468166143744,0.9995946226600936
31931312_344,31931312,O=C1CCCN1CCc1nc(-c2ccc3[nH]c(=O)oc3c2)cs1,1,0.5901639344262295,2.575301924046977,0.9990698096309016
23998049_813,23998049,O=C(Cc1ccc2c(c1)CCC2)Nc1nc2ccccc2o1,1,0.33783783783783783,1.1318025446160822,0.9996881629621402
36924312_456,36924312,O=C1CNC(=O)N1CCC[N@H+]1CCc2sccc2C1,1,0.31343283582089554,2.613397788321198,0.999509647417705
32172391_834,32172391,CC(C)c1nnc(CN2CCN(c3nccs3)CC2)o1,1,0.5576923076923077,1.944853979094171,0.9988555319437729
EN300-1590205_426,EN300-1590205,CC(C)(C)n1ncc(OCc2ccc(OCCOCCO)nc2)c(Cl)c1=O,1,0.2898550724637681,1.4730797670187235,0.9987921672243376
3416569_3657,3416569,Cc1ccc(-c2nc(CN3C(=O)C(=O)N(C4CCCC4)C3=O)cs2)cc1,1,0.42857142857142855,2.442023750908042,0.9988797914577043
45659871_701,45659871,O=c1cc(CN2CCCCc3ccccc32)[nH]c2ccnn12,1,0.4444444444444444,1.8155365598076643,0.9994367546700424
195793_3609,195793,Cc1cccc(Nc2ccc(C3CCN(C(=O)c4cc5cc(F)ccc5n4C)CC3)nc2)[nH+]1,1,0.358974358974359,3.3258854460130394,0.9991375124642405
195793_3608,195793,Cc1cccc(Nc2ccc(C3CCN(C(=O)c4cc5cc(F)ccc5n4C)CC3)nc2)n1,1,0.38636363636363635,3.334945726695541,0.9993092060406119
50282148_3568,50282148,CS(=O)(=O)c1ccc(-c2nnc(/C=C/c3nnc(-c4ccc(C#N)cc4)o3)n2-c2ccccc2Cl)nc1,1,0.2727272727272727,3.335527244679916,0.9978672667232026
7723164_1133,7723164,Cc1cccc(NC(=O)c2ccc3ccccc3c2)[nH+]1,1,0.5217391304347826,1.4795124196844665,0.9986630969310919
7723164_1132,7723164,Cc1cccc(NC(=O)c2ccc3ccccc3c2)n1,1,0.5333333333333333,1.417390912910063,0.9989414683700015
36261251_1335,36261251,O=C(CCc1cc2ccccc2o1)N1CCN(c2cnccn2)CC1,1,0.3235294117647059,2.5506830457741008,0.9987240331471688
36946295_509,36946295,CNC(=O)c1cnc(/C=C/c2csc(-c3cccs3)n2)s1,1,0.5166666666666667,1.8422393981242167,0.9994607234933938
301949756_3489,301949756,[NH3+][C@@H]1CCC[C@@H](C(=O)N2CCC(c3c[nH]c4ncccc34)CC2)C1,1,0.8846153846153846,2.478588913071084,0.9992991787996663
49094148_2312,49094148,CC(C)c1nsc(=[N+]2CCC(Nc3cccnc3)CC2)[nH]1,1,0.2608695652173913,1.9328835971151848,0.9997085387602412
49094148_2311,49094148,CC(C)c1nsc(N2CCC(Nc3cccnc3)CC2)n1,1,0.2878787878787879,2.1343071475303286,0.9992829348923528
31908762_3246,31908762,NC(=O)c1cccc(Cn2cnc3c(oc4ccccc43)c2=O)c1,1,0.3333333333333333,1.7586506190819327,0.9996374766957223
53747827_3376,53747827,O=c1c2oc3ccccc3c2ncn1Cc1ccc(F)c(F)c1,1,0.3770491803278688,1.7407360512152534,0.9989981495926614
4899313_2454,4899313,O=c1c2oc3ccccc3c2ncn1Cc1ccc(Cl)cc1,1,0.3559322033898305,1.6695184934582055,0.9993528088060308
35281979_3578,35281979,Cc1cc2ccccc2n1CC(=O)N(C)Cc1cnn(C)c1,1,0.4375,1.5885981241327392,0.9996033109633836
43495449_3595,43495449,O=c1[nH]c2nc(N3CCc4ccccc4C3)ncc2c(=O)n1-c1ccccc1,1,0.4090909090909091,1.2860940867614843,0.9995224074468871
82723223_2920,82723223,C[N@H+]1CC[C@H](N(Cc2cccnc2)C(=O)NCCCc2ccccc2)CC1,1,0.7457627118644068,1.4193012365244229,0.9994427928761216
18855069_1735,18855069,Cc1nc(COc2ccc(F)cc2)sc1C(=O)N1CCC(C)CC1,1,0.328125,1.6978863330625555,0.9982961617935906
32378112_1328,32378112,O=C(NCC1=CCCN(Cc2cc(F)ccc2Cl)C1)c1ccco1,1,0.42105263157894735,1.7811061169958624,0.9980949234106521
32378112_1327,32378112,O=C(NCC1=CCC[N@@H+](Cc2cc(F)ccc2Cl)C1)c1ccco1,1,0.4266666666666667,2.4788717191497347,0.9992191525139078
24465856_547,24465856,O=C(c1cccc(Cl)c1)N1CCN(C(=O)c2ccc3ccccc3c2O)CC1,1,0.5370370370370371,1.6581260506968787,0.9982055300689313
24465856_546,24465856,O=C(c1cccc(Cl)c1)N1CCN(C(=O)c2ccc3ccccc3c2[O-])CC1,1,0.5454545454545454,1.1018870178014273,0.9992206703518978
44505466_613,44505466,CC(=O)N[C@]1(C(=O)N2CCC[N@@H+](C3CC3)CC2)CC[C@@H](C)CC1,1,0.3333333333333333,2.6254291077837717,0.9986033793093528
32434626_1842,32434626,c1ccc(Cc2nnc(CSc3ccccc3)[nH]2)cc1,1,0.34782608695652173,1.6462745822007223,0.9994833958579655
17268136_84,17268136,c1ccc(Oc2cccc(CN(CC[NH+]3CCOCC3)Cc3cccnc3)c2)cc1,1,0.6333333333333333,1.5816118360711378,0.9986229525006196
17268136_83,17268136,c1ccc(Oc2cccc(C[N@@H+](CCN3CCOCC3)Cc3cccnc3)c2)cc1,1,0.6333333333333333,1.3988309404640924,0.9988034667358667
17268136_85,17268136,c1ccc(Oc2cccc(C[N@@H+](CC[NH+]3CCOCC3)Cc3cccnc3)c2)cc1,1,0.6333333333333333,1.878701413210654,0.9983780373225789
1590696_3544,1590696,CC(C)(C)c1ccc(C(=O)Nc2ccc(C(=O)Nc3ccccc3)cc2)cc1,1,0.46938775510204084,2.88711534234434,0.9977112893549461
50132153_1269,50132153,CCc1ccc(S(=O)(=O)[N-]Cc2ccnc(N3CCCC3)n2)cc1,1,0.31746031746031744,2.266659436263027,0.9964219000734782
50132153_1268,50132153,CCc1ccc(S(=O)(=O)NCc2ccnc(N3CCCC3)n2)cc1,1,0.31746031746031744,1.4042068935876275,0.9989117445027382
36662114_1714,36662114,CS(=O)(=O)Cc1ccn(-c2ccccc2)n1,1,0.4230769230769231,1.2965504232384115,0.9988241671380725
49961770_2755,49961770,Cc1ccc(-n2cc(C)cn2)c(NC(=O)C[NH+](C)C)c1,1,0.3333333333333333,1.7955659275006493,0.9993599379720246
36340866_2100,36340866,CCS(=O)(=O)Cc1ccn(-c2cccc(F)c2)n1,1,0.32075471698113206,1.2230016353217323,0.999138894553715
41630506_2749,41630506,Cc1cc(Cl)n(-c2ccc(C#N)cc2)n1,1,0.32608695652173914,0.8971064596803432,0.9989829237714389
48759724_3255,48759724,Cc1cc(C(=O)NC(C)(C)C#N)nn1-c1ccc(F)cc1,1,0.3384615384615385,1.6802383759455204,0.9995059447250311
2873705_1274,2873705,Cc1ccccc1-n1nc(C(C)(C)C)cc1N,1,0.2641509433962264,1.5086484017158126,0.998748644974566
49961770_2754,49961770,Cc1ccc(-n2cc(C)cn2)c(NC(=O)CN(C)C)c1,1,0.3333333333333333,0.8620342220579157,0.9996070194187912
14383848_1732,14383848,CCCNC(=O)c1c(C)nn(-c2ccccc2)c1C,1,0.5,0.9470654676418357,0.9994369970718554
41949940_771,41949940,CCc1c(N)cnn1-c1ccccc1C,1,0.2830188679245283,1.1019491821318366,0.9991840463074992
35739549_1249,35739549,COc1ccc(C)cc1-n1ccc(C(=O)NC(C)C)n1,1,0.6101694915254238,1.2475748474547583,0.99931709327379
177428613_3365,177428613,Cc1nnc(C2CCN(C(=O)NC3CCN(c4ccc(F)cc4)CC3)CC2)[nH]1,1,0.45161290322580644,1.369340352140607,0.9992197843764766
301758325_3476,301758325,[NH3+]C[C@H]1CCC[C@H]1NC(=O)c1cc(N2CCNC2=O)ccc1F,1,0.5,1.9601137722086512,0.9989028292950695
1300953_685,1300953,Cc1ccccc1OCCn1c(N)nc2ccccc21,1,0.5,1.1223769420301275,0.999485573604968
1300953_684,1300953,Cc1ccccc1OCCn1c(N)[nH+]c2ccccc21,1,0.5111111111111111,1.3259434377077661,0.9989381711017149
44811452_3555,44811452,Cc1nc(-c2cccnc2)sc1C(=O)Nc1ccccc1-c1cn2c(C[NH+]3CCOCC3)csc2n1,1,0.2857142857142857,3.1157324981459458,0.9995802737728393
44811452_3554,44811452,Cc1nc(-c2cccnc2)sc1C(=O)Nc1ccccc1-c1cn2c(CN3CCOCC3)csc2n1,1,0.3103448275862069,3.609907062516812,0.9996358495146531
35772359_624,35772359,Cn1ccnc1CN1CC[NH+](Cc2ccc(F)cc2C#N)CC1,1,0.373134328358209,2.291604241573932,0.9985995429540162
35772359_625,35772359,Cn1cc[nH+]c1CN1CC[NH+](Cc2ccc(F)cc2C#N)CC1,1,0.3787878787878788,1.9107074606018724,0.9986310659871459
35772359_626,35772359,Cn1ccnc1C[NH+]1CCN(Cc2ccc(F)cc2C#N)CC1,1,0.373134328358209,1.6681103081033994,0.9986550318122179
35772359_627,35772359,Cn1ccnc1CN1CCN(Cc2ccc(F)cc2C#N)CC1,1,0.3064516129032258,1.5937113916892247,0.9983399998205528
32230796_1619,32230796,Cc1ccc(C)c(OCCN(C)C(=O)c2ccc3c(c2)nnn3C)c1,1,0.3382352941176471,2.077615219428439,0.9990679541419967
177360703_2105,177360703,Cn1c(C(=O)N2CCN(CCc3ccccc3)C(=O)C2)cc(=O)n(C)c1=O,1,0.3333333333333333,2.1023023093739033,0.9982635127654063
49317565_3165,49317565,OC1(Cc2nc(-c3ccsc3)no2)CCCCC1,1,0.3880597014925373,1.6797764732245564,0.998996368836429
30658737_2074,30658737,CN(Cc1cccc(C#N)c1)c1cnc2ccccc2[nH+]1,1,0.4727272727272727,1.803949555835702,0.9971347278179398
30658737_2073,30658737,CN(Cc1cccc(C#N)c1)c1cnc2ccccc2n1,1,0.47058823529411764,1.623118295134513,0.998109957853752
49435320_3375,49435320,CNc1nc(C)nc(N[C@H]2CCC[C@@H](C(=O)NCc3ccc(C#N)cc3C(F)(F)F)C2)n1,1,0.2926829268292683,2.189013933257862,0.9991044484750017
32146223_1125,32146223,c1ccc(-c2cc3c(N4CCC(c5ncc[nH]5)CC4)ncnc3s2)cc1,1,0.35384615384615387,1.6902209914690873,0.9994973572466801
32146223_1126,32146223,c1ccc(-c2cc3c(N4CCC(c5[nH]cc[nH+]5)CC4)ncnc3s2)cc1,1,0.3188405797101449,2.018592826698715,0.9994590366522387
49156244_1350,49156244,CCCCn1nc(-c2ccc(C)o2)nc1CNC,1,0.4032258064516129,1.4290654288742908,0.9996710284327502
49156244_1351,49156244,CCCCn1nc(-c2ccc(C)o2)nc1C[NH2+]C,1,0.4032258064516129,1.6468141971701749,0.9996974988916058
310102_2821,310102,OC1CCN(c2nccc(-c3cccs3)n2)CC1,1,0.5925925925925926,1.5806716926672055,0.9994759307465194
32611176_3560,32611176,CCOC(=O)C1CCN(C(=O)c2cc3occc3c(Nc3ccc(F)cc3)n2)CC1,1,0.30864197530864196,1.8660163450511955,0.9993111017561693
50301971_441,50301971,CCc1ccc(NC(=O)C2CCN(c3ccc4nncn4n3)CC2)cc1,1,0.32,1.8032800669889655,0.9989741483159283
137015_287,137015,CCCn1cc(C(=O)N2CCC(c3n[nH]cc3C(=O)N(C)Cc3ccccc3)CC2)cn1,1,0.6818181818181818,2.77680625899605,0.9992138054299177
137015_286,137015,CCCn1cc(C(=O)N2CCC(c3[nH]ncc3C(=O)N(C)Cc3ccccc3)CC2)cn1,1,0.6617647058823529,2.8357420545610696,0.9993488141674275
30435883_3392,30435883,Cn1cnnc1-c1cccc([N-]S(=O)(=O)c2cc3c(cc2Cl)OCCO3)c1,1,0.6721311475409836,3.0786864081944825,0.9989115648279576
30435883_3391,30435883,Cn1cnnc1-c1cccc(NS(=O)(=O)c2cc3c(cc2Cl)OCCO3)c1,1,0.6721311475409836,1.2750247056429356,0.9992172830171664
45816980_63,45816980,COc1nn(C)cc1C(=O)Nc1cccc(-c2c[nH+]c3n2CCC3)c1,1,0.35,2.0831588993642525,0.999581915109666
222753013_3027,222753013,C[NH+](C)C1(CNC(=O)Cn2ccc(=O)cc2)CCCCC1,1,0.5918367346938775,1.6759215375432972,0.9987212088956073
30270890_3676,30270890,Oc1ccc(-c2noc(C3CC3)n2)cc1,1,0.45098039215686275,1.8847609928050977,0.9986489150528053
30270890_3677,30270890,[O-]c1ccc(-c2noc(C3CC3)n2)cc1,1,0.4230769230769231,3.1738835832464902,0.9984673936467823
24121594_296,24121594,O=C(NCc1cnn(-c2ccccc2)c1)C1CCC1,1,0.5283018867924528,1.441112070589945,0.9989785828328132
48397445_2315,48397445,CC1(C)[C@@H]2C[C@H]1[C@@]1(O)[C@@H](C2)Oc2c(ccc([O-])c2C(=O)NCCNc2ccccn2)[C@@H]1O,1,0.6986301369863014,3.03811685094594,0.9989169523696427
48397445_2316,48397445,CC1(C)[C@@H]2C[C@H]1[C@@]1(O)[C@@H](C2)Oc2c(ccc(O)c2C(=O)NCCNc2ccccn2)[C@@H]1O,1,0.6944444444444444,3.959785726525514,0.9992431293869216
48397445_2317,48397445,CC1(C)[C@@H]2C[C@H]1[C@@]1(O)[C@@H](C2)Oc2c(ccc([O-])c2C(=O)NCCNc2cccc[nH+]2)[C@@H]1O,1,0.7083333333333334,2.4373067102856445,0.9993821967716285
16785188_2033,16785188,Cn1ncc2c(Oc3cccc(Oc4ccccn4)c3)ncnc21,1,0.66,2.2839200949242553,0.9984924827762893
301048201_172,301048201,CC(C)(C)c1ccc(C(=O)Nc2cn3cc(-n4ccnc4)ccc3[nH+]2)cc1,1,0.375,4.196913389624252,0.9980956830963537
301048201_173,301048201,CC(C)(C)c1ccc(C(=O)Nc2cn3cc(-n4cc[nH+]c4)ccc3[nH+]2)cc1,1,0.38095238095238093,5.252054455162639,0.9972217260516184
171818496_3183,171818496,CO[C@@H]1CC[C@@H](N(C)C(=O)COc2c(C)cccc2C)[C@H]1O,1,0.44642857142857145,1.0160260823418452,0.9990964596327668
49956350_2769,49956350,CS(=O)(=O)Nc1ccccc1-c1ccncc1,1,0.3157894736842105,1.2916412040504364,0.9989309961558912
49956350_2771,49956350,CS(=O)(=O)[N-]c1ccccc1-c1ccncc1,1,0.30434782608695654,1.7159143335259939,0.9983657134643994
49956350_2770,49956350,CS(=O)(=O)/N=C1/C=CC=CC1=C1C=CNC=C1,1,0.2727272727272727,2.000121996279132,0.9962150260779491
31247054_1485,31247054,CC(C)c1noc(-c2ccc(N(C)Cc3cccnc3)nc2)n1,1,0.3787878787878788,1.386702203070672,0.999046365680275
11835068_856,11835068,O=C(Nc1ccc2c(c1)OCCCO2)c1cnn(Cc2ccccc2)c1,1,0.421875,1.826968527369607,0.9991188808694368
301928950_3505,301928950,C[C@@H]1C[C@H]([NH3+])CCN1C(=O)c1cc(N2CCNC2=O)c(F)cc1F,1,0.4117647058823529,1.9103771878873694,0.9990282713022999
177502491_3006,177502491,CCn1nc(CNC(=O)C2CCOCC2)c2ccccc21,1,0.5254237288135594,1.2407767728322074,0.999438315538132
MCULE-3611790330_135,MCULE-3611790330,CCOc1cc(CC(=O)N[C@@H](CC(C)C)c2ccccc2N2CCCCC2)ccc1C(=O)[O-],1,0.30120481927710846,2.9472064739343105,0.9962999556025842
206931104_442,206931104,C[NH+](C)CCOc1ccc(-c2[nH]c(-c3ccc4c(c3)CC/C4=N\[O-])c(-c3ccncc3)[nH+]2)cc1,1,0.4025974025974026,4.094717572678143,0.9990627722231215
206931104_444,206931104,C[NH+](C)CCOc1ccc(-c2nc(-c3cc[nH+]cc3)c(-c3ccc4c(c3)CC/C4=N\[O-])[nH]2)cc1,1,0.3125,3.0532228873762386,0.9988427336539829
206931104_443,206931104,C[NH+](C)CCOc1ccc(-c2nc(-c3ccncc3)c(-c3ccc4c(c3)CC/C4=N\[O-])[nH]2)cc1,1,0.4,3.120267937212963,0.9987747635555243
44575095_1628,44575095,CCc1cnc(CNC(=O)N2CCC(n3cncn3)CC2)s1,1,0.323943661971831,2.2650119204976744,0.9994950801716797
36419852_1967,36419852,Cc1cccc(-n2cnnc2CCCN2CCOCC2)c1,1,0.45161290322580644,0.9159994541482945,0.9990395559744121
36419852_1966,36419852,Cc1cccc(-n2cnnc2CCC[NH+]2CCOCC2)c1,1,0.4603174603174603,1.2583354083870213,0.9996455114385934
36914406_1760,36914406,CC1(C)CN(C(=O)c2cncc(Br)c2)CCO1,1,0.4838709677419355,1.3105392020082618,0.999153020918649
19996324_3119,19996324,O=C(CSc1ccc2c(c1)OCCO2)NC1CCCC1,1,0.54,1.3522307495393386,0.9985699934866247
48788735_2783,48788735,Cc1ccccc1S(=O)(=O)[N-]c1c(C)ccnc1Cl,1,0.2537313432835821,3.2434552563583328,0.9977950312699194
48788735_2782,48788735,Cc1ccccc1S(=O)(=O)Nc1c(C)ccnc1Cl,1,0.2698412698412698,1.334164532582132,0.9992067733671117
36987134_531,36987134,C[S@](=O)Cc1c(C(=O)N[C@H]2CC[C@H](C)CC2)oc2ccccc12,1,0.4067796610169492,1.7297277242385247,0.999396476233402
49130722_2836,49130722,CC[N@H+]1CCCN(C(=O)Nc2ccc(COC3CCCC3)cc2)CC1,1,0.6363636363636364,3.0210964896869785,0.9963701627709054
43389174_593,43389174,CS(=O)(=O)CCNc1ccc2ccc(F)cc2n1,1,0.5,1.1520872362810592,0.9996040262705426
43389174_594,43389174,CS(=O)(=O)CCNc1ccc2ccc(F)cc2[nH+]1,1,0.509090909090909,1.6663652060700052,0.9982760866605717
222754040_3179,222754040,CCN(C)S(=O)(=O)N(C)Cc1cnc2ccccc2c1,1,0.38181818181818183,1.5733006705648425,0.9972200994509048
31205261_1880,31205261,CCCC(=O)Nc1ccc(C)c2ncccc12,1,0.41818181818181815,1.3692370138144296,0.9994770528197692
24501994_248,24501994,CCCCNC(=O)c1cccc2ncccc12,1,0.43137254901960786,1.1500352168520567,0.9995669949871054
36986676_3577,36986676,CN(C(=O)OC(C)(C)C)c1ccc2ccccc2n1,1,0.3448275862068966,1.425120696642909,0.9985599487622803
48840184_1592,48840184,Cc1cc(CNc2cc(C(=O)N(C)C)ccn2)sc1Br,1,0.3333333333333333,2.677890587757042,0.9994986745601703
48840184_1593,48840184,Cc1cc(CNc2cc(C(=O)N(C)C)cc[nH+]2)sc1Br,1,0.3333333333333333,2.5281961949185465,0.9992485451669407
222077_429,222077,C[C@]1(c2ccn[nH]2)CC[N@H+](Cc2ccco2)CC1,1,0.3333333333333333,1.9829125043748337,0.9995612226224032
222077_430,222077,C[C@]1(c2cc[nH]n2)CC[N@@H+](Cc2ccco2)CC1,1,0.32786885245901637,2.1050997601068664,0.999552311562088
222077_431,222077,CC1(c2ccn[nH]2)CCN(Cc2ccco2)CC1,1,0.2786885245901639,1.6370308488241008,0.9996669529608435
31836416_913,31836416,O=C(NCc1ccc(F)cc1)c1ccccn1,1,0.4528301886792453,1.444848434958187,0.9992974930250605
24032918_810,24032918,O=C(NCc1cc(F)cc(F)c1)c1ccccn1,1,0.4074074074074074,1.8745028674290731,0.999539649574562
34501664_1944,34501664,O=C(Nc1nc(-c2ccccn2)cs1)c1ccc(F)cc1Cl,1,0.359375,1.0397090939293296,0.9997571506204893
177285116_1463,177285116,FC(F)(F)COc1ccc(C[N@@H+]2CCc3c(cnn3-c3ccccc3)C2)nn1,1,0.3037974683544304,1.8400934758869762,0.9986368805367035
177285116_1464,177285116,FC(F)(F)COc1ccc(CN2CCc3c(cnn3-c3ccccc3)C2)nn1,1,0.2987012987012987,1.451428951068512,0.9984036013018458
3596324_1976,3596324,O=C(CN1CCC(n2c(=O)[nH]c3ccccc32)CC1)N1CCc2ccccc21,1,0.5081967213114754,2.679494915091368,0.9984531571582724
45736512_1225,45736512,C[C@@H]1Cc2ccccc2N1C(=O)C[N@H+]1CC[C@H](n2c(=O)[nH]c3ccccc32)CC1,1,0.515625,3.7005529316578554,0.999052115028722
3596324_1977,3596324,O=C(C[N@H+]1CC[C@H](n2c(=O)[nH]c3ccccc32)CC1)N1CCc2ccccc21,1,0.5079365079365079,2.663141190398754,0.9990449089825347
45736512_1224,45736512,C[C@@H]1Cc2ccccc2N1C(=O)CN1CCC(n2c(=O)[nH]c3ccccc32)CC1,1,0.484375,2.693674256474838,0.9983650763075324
15279096_490,15279096,Cc1cc(C)c(C#N)c(N2CCN(CC(=O)Nc3ccccc3Cl)CC2)n1,1,0.46153846153846156,1.559096533252555,0.9993764426504861
15279096_491,15279096,Cc1cc(C)c(C#N)c(N2CCN(CC(=O)Nc3ccccc3Cl)CC2)[nH+]1,1,0.453125,2.4135890288114514,0.9990889841835515
222774342_3420,222774342,CCCc1nnc(N2CCC3(CCCC3)C2)s1,1,0.37735849056603776,5.032157390225395,0.984327561831074
11813013_1974,11813013,C[C@@H](c1nnc(-c2cccs2)o1)N1CCC(n2c(=O)[nH]c3ccccc32)CC1,1,0.4246575342465753,2.473275560870406,0.9990538459637758
11813013_1975,11813013,C[C@@H](c1nnc(-c2cccs2)o1)[N@H+]1CC[C@H](n2c(=O)[nH]c3ccccc32)CC1,1,0.43243243243243246,2.7129120885127445,0.9993458989591157
30455813_966,30455813,COc1cccc(OCCCn2cncc2-c2cc3c(cc2OC)OCCCO3)c1,1,0.5454545454545454,2.4834472009688,0.9992724293847214
30455813_965,30455813,COc1cccc(OCCCn2c[nH+]cc2-c2cc3c(cc2OC)OCCCO3)c1,1,0.5522388059701493,1.6575382348532242,0.9984702174332922
830565_320,830565,Nc1nc2ccccc2nc1N1CCCC1,1,0.375,2.718769390736117,0.9994572438405627
830565_321,830565,Nc1nc2ccccc2[nH+]c1N1CCCC1,1,0.3829787234042553,1.4155338215669344,0.9996752711004586
75983310_825,75983310,CC(C)c1nc2c(n1C)CCN(C(=O)c1cccc(C(F)(F)F)c1F)C2,1,0.38235294117647056,2.1418909869551768,0.9983555766488929
75983310_826,75983310,CC(C)c1[nH+]c2c(n1C)CCN(C(=O)c1cccc(C(F)(F)F)c1F)C2,1,0.391304347826087,2.157879746417757,0.9990280210574302
300958586_2173,300958586,COc1cccc(OCCCN)c1-c1cc(Nc2cnc(C#N)cn2)n[nH]1,1,0.27906976744186046,4.794713547231331,0.999444175413918
300958586_2171,300958586,COc1cccc(OCCC[NH3+])c1-c1cc(Nc2cnc(C#N)cn2)n[nH]1,1,0.2823529411764706,3.5681720810518116,0.9994342559759339
300958586_2172,300958586,COc1cccc(OCCC[NH3+])c1-c1cc(Nc2cnc(C#N)cn2)[nH]n1,1,0.27586206896551724,3.4982584238439705,0.9994103005415473
4851238_2382,4851238,O=C([O-])c1csc(Cc2ccc(Cl)cc2)n1,1,0.3673469387755102,2.308052642380723,0.9993743687319104
49339585_3002,49339585,O=C([O-])c1ccc(CCC(=O)N2CCc3c(F)cc(F)cc3C2)cc1,1,0.36923076923076925,2.4350036960957078,0.9942552875045519
11963582_1100,11963582,Cc1cccc(NC(=O)c2cccc3ncccc23)c1,1,0.38596491228070173,1.0028250096601445,0.9994191524189615
EN300-53017_2694,EN300-53017,C[C@]12C=CC(=O)C=C1CC[C@@H]1[C@@H]2[C@@H](O)C[C@@]2(C)[C@H]1CC[C@]2(O)C(=O)CO,1,0.3142857142857143,3.6741751455258433,0.9985015577633098
82709621_3013,82709621,O=C(Cn1nc(Cc2ccccc2)c2ccccc2c1=O)NCc1ncc[nH]1,1,0.59375,1.9760731261772608,0.9996288869009319
82709621_3014,82709621,O=C(Cn1nc(Cc2ccccc2)c2ccccc2c1=O)NCc1[nH]cc[nH+]1,1,0.6,1.7420180825695577,0.9986600231525754
3035918_2022,3035918,O=C(COc1ncnc2ccccc12)N[C@]12C[C@H]3C[C@H](C[C@H](C3)C1)C2,1,0.3387096774193548,2.1061225035596656,0.9983693014776553
32126735_832,32126735,N#Cc1cc(F)c(N2CC[NH+](CCO)CC2)c(F)c1,1,0.3888888888888889,1.6433590599745185,0.9983023799521676
32126735_833,32126735,N#Cc1cc(F)c(N2CCN(CCO)CC2)c(F)c1,1,0.36538461538461536,2.0996342538642114,0.9906308536753956
313091037_181,313091037,O=C([O-])[C@H]1C[N@@H+](Cc2ccc(OCc3ccc(Cl)c(Cl)c3)cc2)C1,1,0.3275862068965517,1.946658162082004,0.9973529830058452
313091037_182,313091037,O=C([O-])C1CN(Cc2ccc(OCc3ccc(Cl)c(Cl)c3)cc2)C1,1,0.3389830508474576,2.2266120003270093,0.995804869768076
222778471_2843,222778471,Cc1n[nH]c(C)c1CCCN(C)c1cncc(C(=O)N(C)C)n1,1,0.4745762711864407,2.0669632314094306,0.9994446489015805
30451421_1576,30451421,O=C(NC1=NS(=O)(=O)c2ccccc21)c1cc(-c2ccc(F)cc2)no1,1,0.3,2.6235824744035416,0.9995867914896126
49336129_806,49336129,COc1ncnc2c1C[N@@H+](Cc1c[nH]nc1-c1ccc(F)cc1)CC2,1,0.35714285714285715,2.0024577398784604,0.9990857184494325
49336129_807,49336129,COc1ncnc2c1C[N@@H+](Cc1cn[nH]c1-c1ccc(F)cc1)CC2,1,0.3472222222222222,2.1609458577205523,0.9993601023930866
49336129_808,49336129,COc1ncnc2c1CN(Cc1c[nH]nc1-c1ccc(F)cc1)CC2,1,0.352112676056338,2.014054368680056,0.9988269309184542
49336129_809,49336129,COc1ncnc2c1CN(Cc1cn[nH]c1-c1ccc(F)cc1)CC2,1,0.3424657534246575,2.1381005589075466,0.9994254297793377
43249441_1655,43249441,Cc1nc(N(C)C)cc(C2(C)CC[NH2+]CC2)[nH+]1,1,0.3050847457627119,2.2116281332988557,0.9978229274085179
43242674_2148,43242674,Cc1nc(N(C)C)cc(C2CC[NH2+]CC2)[nH+]1,1,0.37254901960784315,1.8034372736527642,0.9971629847503407
165629_802,165629,OCC[N@H+]1CC[C@H](c2ccncn2)CC1,1,0.35185185185185186,1.4923896944161836,0.9991686229513037
43249441_1654,43249441,Cc1nc(N(C)C)cc(C2(C)CC[NH2+]CC2)n1,1,0.25862068965517243,1.5685292474161907,0.9985019441510355
43242674_2147,43242674,Cc1nc(C2CC[NH2+]CC2)cc(N(C)C)n1,1,0.3541666666666667,1.8209011505296053,0.9985489970879611
208359_1580,208359,CNC(=O)c1cc([C@H]2CC[N@H+](C)CC2)ncn1,1,0.34615384615384615,1.9300310878323117,0.9987727488658289
267985_1545,267985,Cc1nccc(C2(C)CCN(CC(N)=O)CC2)n1,1,0.3382352941176471,1.821903949169713,0.9977145132750697
267985_1546,267985,Cc1nccc([C@]2(C)CC[N@@H+](CC(N)=O)CC2)n1,1,0.3064516129032258,1.65917419218145,0.9990243968674254
11813315_2066,11813315,O=C(NC1CCCCCC1)c1ccc(CSc2[nH]c3ccccc3[nH+]2)cc1,1,0.42857142857142855,2.7904503220809733,0.9992024288645444
11813315_2065,11813315,O=C(NC1CCCCCC1)c1ccc(CSc2nc3ccccc3[nH]2)cc1,1,0.42857142857142855,3.003365279149229,0.9986198229171852
171813288_2879,171813288,CCOc1ccc2[nH]c(C(=O)N3CC[C@@](O)(CC(C)C)[C@@H](Oc4ccc(F)cc4)C3)c(C)c2c1,1,0.2631578947368421,4.0447600670499835,0.9996850324293317
171813207_3354,171813207,Cc1cc(C)c2[nH]c(C(=O)N3CC[C@@](O)(CC(C)C)[C@@H](Oc4ccc(F)cc4)C3)c(C)c2c1,1,0.24210526315789474,4.249292764684475,0.9993069878726671
171813311_2415,171813311,CCc1c(C(=O)N2CC[C@@](O)(CC(C)C)[C@@H](Oc3ccc(F)cc3)C2)[nH]c2ccc(C)cc12,1,0.2903225806451613,3.858244030643899,0.9995999951952215
3434817_612,3434817,Cc1ccc2c(CC(=O)NCc3cccs3)coc2c1,1,0.46551724137931033,1.9445909595591255,0.9995979937404662
3333585_1422,3333585,O=C(CSc1nnc(-c2cccs2)[nH]1)N1CCCCCC1,1,0.39622641509433965,1.6596324894382328,0.9984923700123179
147155_1141,147155,Cc1cc(CCCC(=O)NC[C@H]2CC[C@H](c3ccc(C(N)=O)c(C)n3)CC2)ccc1F,1,0.4117647058823529,2.4262530783083154,0.9967143166368974
43033977_462,43033977,c1ccc(OCc2cc(CC3([NH2+]Cc4cnc5ccccc5c4)COC3)no2)cc1,1,0.2923076923076923,1.8318485199378987,0.9988002416624712
43033977_461,43033977,c1ccc(OCc2cc(CC3(NCc4cnc5ccccc5c4)COC3)no2)cc1,1,0.296875,2.144972260892081,0.9995025099813734
309592_2249,309592,[O-]c1cc2c(nn1)-c1cnc(N3CCCC3)nc1CC2,1,0.975,1.9547782482935399,0.9982691053357285
309592_2250,309592,Oc1cc2c(nn1)-c1cnc(N3CCCC3)nc1CC2,1,0.975,1.9771742462411097,0.9979930561662173
362022_3404,362022,O=C(NC1CCCCC1)C1=CCN(C(=O)C2CC2)C1,1,0.9714285714285714,1.56762559305434,0.9989127183017673
320364216_127,320364216,Cn1cc(Nc2nc(N)nc(-c3cccc(-n4ccc5cc(C6CC6)cc(F)c5c4=O)c3CO)n2)cn1,1,0.25510204081632654,3.190520177024438,0.9985362415974719
49968150_1107,49968150,Cc1cc(N(C)Cc2ccc(N)nc2)nc(-c2ccncc2)[nH+]1,1,0.4166666666666667,1.5374052816353303,0.9994482147633459
49968150_1106,49968150,Cc1cc(N(C)Cc2ccc(N)nc2)nc(-c2ccncc2)n1,1,0.43103448275862066,1.4639125656955378,0.9995914907296076
32071082_477,32071082,Cc1cccc(NC(=O)c2cccnc2N2CCCCC2)n1,1,0.5,1.2135472796721594,0.9994971138420725
32071082_478,32071082,Cc1cccc(NC(=O)c2cccnc2N2CCCCC2)[nH+]1,1,0.49056603773584906,1.6264578076303349,0.9991148798251618
44492208_994,44492208,CN(CC(=O)NC1CC1)C(=O)[C@H]1[C@@H]2C[C@H]3C[C@@H](C2)C[C@@H]1C3,1,0.4230769230769231,1.726871738144119,0.9988594888662271
18898062_821,18898062,CCC(CC)NC(=O)c1cc(C)nc2onc(C)c12,1,0.5961538461538461,1.1264368601920047,0.9995605399530227
50354657_2424,50354657,Cc1ccc(=O)n(CCOc2cc(F)cc(Br)c2)n1,1,0.31645569620253167,1.5983973223200212,0.997825264886838
50359676_3090,50359676,Cc1ccc(=O)n(CCOc2ccc(Cl)c(F)c2)n1,1,0.3,1.7520913218208884,0.9984866526207781
31918332_2786,31918332,Cc1nc(Cc2ccccc2)sc1C(=O)Nc1cccc(-c2cc[nH]n2)c1,1,0.7192982456140351,1.934819888258328,0.9991765713326988
31918332_2787,31918332,Cc1nc(Cc2ccccc2)sc1C(=O)Nc1cccc(-c2ccn[nH]2)c1,1,0.7192982456140351,1.76269225901737,0.9991838256068385
177495339_2491,177495339,Cc1cnn(CCNC(=O)C2(Cn3cccn3)CC2)c1,1,0.4,2.051795555117138,0.9994987072343501
45753290_3628,45753290,Cc1nnc(-c2ccccc2NCc2ccsc2)o1,1,0.36363636363636365,1.3453557150428281,0.99961299330801
177307724_2767,177307724,COC1(c2nc(Cc3ccccc3)no2)CCN(Cc2cnc(C)o2)CC1,1,0.6666666666666666,1.6158106324692647,0.9986584016049675
177307724_2768,177307724,CO[C@]1(c2nc(Cc3ccccc3)no2)CC[N@H+](Cc2cnc(C)o2)CC1,1,0.6825396825396826,1.123987544414344,0.9995043621801502
329184_1616,329184,Cc1cnc(-c2nc(NCc3ccccn3)ncc2-c2onc(C)c2C)cn1,1,0.3466666666666667,2.403209936731154,0.9994271058367802
329184_1617,329184,Cc1cnc(-c2[nH+]c(NCc3ccccn3)ncc2-c2onc(C)c2C)cn1,1,0.36363636363636365,3.821138442924792,0.9995107784722496
30066231_3127,30066231,CC(C)Oc1cccc([C@H](C)NC(=O)c2ccnc(-n3cncn3)c2)c1,1,0.4714285714285714,1.6175722549550382,0.9985908858113522
49640518_504,49640518,Cc1[nH+]c2ccccn2c1CC(=O)NCCCSc1ccccc1,1,0.2894736842105263,2.742973933525541,0.9983324384870608
32409538_214,32409538,CCn1ncnc1-c1[nH]cnc1-c1ccccc1,1,0.37254901960784315,1.0017190224806045,0.9995368519452521
32409538_212,32409538,CCn1ncnc1-c1nc[nH]c1-c1ccccc1,1,0.37254901960784315,1.391498832194833,0.9991009754881678
32409538_213,32409538,CCn1nc[nH+]c1-c1nc[nH]c1-c1ccccc1,1,0.37735849056603776,2.2746129341057135,0.9989384679488958
31879758_921,31879758,O=C(CCc1cccs1)Nc1ccc(N2CCOCC2)cn1,1,0.40625,1.5773255846531191,0.9993162669762305
53819787_3079,53819787,COc1ccc(=O)n(Cc2noc3c2CCCC3)n1,1,0.46296296296296297,1.5368675935163525,0.998761348520631
49008924_3184,49008924,CN(CC1CCC1)C(=O)C1CCN(c2ccc3nncn3n2)CC1,1,0.34375,2.0311792141513596,0.9984259053060548
46016546_2302,46016546,CC(C)[C@H]1C(=O)N[C@H](CO)Cc2cc(NC(=O)/C=C/C=C/c3ccc(C(F)(F)F)cc3)ccc2N1C,1,0.25252525252525254,4.50401476462928,0.9964727092817829
49964694_3253,49964694,Cc1cc(CN2CC(O)(CC#N)C2)ccc1F,1,0.27586206896551724,1.9293371918872113,0.9973741632323678
49964694_3254,49964694,Cc1cc(C[N@H+]2C[C@@](O)(CC#N)C2)ccc1F,1,0.3,1.3193009512616363,0.9991212255831702
MCULE-8889700922_1264,MCULE-8889700922,Cc1ccc(C)c(S(=O)(=O)N2CCCN(CCn3cccn3)CC2)c1,1,0.4426229508196721,1.8644816974163236,0.9981657668021375
MCULE-8889700922_1263,MCULE-8889700922,Cc1ccc(C)c(S(=O)(=O)N2CCC[N@H+](CCn3cccn3)CC2)c1,1,0.5,1.8270257250514235,0.9989161094261529
49297145_1391,49297145,CN(C(=O)c1cncc(F)c1)c1cccc2ncccc12,1,0.3220338983050847,1.189772247112737,0.9996539303215164
344474_3087,344474,CC(C)N(C(=O)Cn1cccc2cc(-c3ccco3)[nH+]c1-2)C(C)C,1,0.2753623188405797,1.9129547825286164,0.9992936191598154
171818667_2779,171818667,Cc1cccc(C)c1OCC(=O)N(C)[C@@H]1CCC[C@@H](O)[C@@H]1O,1,0.48148148148148145,2.1747071067155845,0.9981458524206607
33360977_2198,33360977,O=C(Nc1nccs1)C1CCN(C(=O)CN2CCc3ccccc32)CC1,1,0.4426229508196721,1.5095542388392877,0.9994674154837023
48257421_1421,48257421,CCc1nnc(Oc2cccnc2)c(C#N)c1CC,1,0.46,1.267492011809116,0.9983388786601715
32042022_2691,32042022,Cc1[nH]c(-c2ccccc2)nc(=O)c1C,1,0.3137254901960784,1.1544444551381168,0.9989555066181002
48421225_1094,48421225,Cn1c(=O)n(C)c2cc(C[N@H+]3CC[C@H](c4ccc(Cc5ccccc5F)cn4)CC3)ccc21,1,0.37333333333333335,3.3530787345365938,0.9981383481718741
153321_957,153321,c1cc(C[N@H+]2CC[C@@H](c3ccn[nH]3)CC2)ccn1,1,0.4230769230769231,2.947342192551987,0.9987771135124447
153321_958,153321,c1cc(C[N@H+]2CC[C@H](c3cc[nH]n3)CC2)ccn1,1,0.41509433962264153,1.7708949714751052,0.9995556773503808
30666181_1305,30666181,Cc1oc(C)c(C(=O)N(C)Cc2ccccc2N2CCOCC2)c1C,1,0.4142857142857143,2.2132272815957093,0.9988890117346717
25831315_911,25831315,Cc1[nH+]c2ccccc2c(N)c1C(=O)/C=C/c1ccccc1,1,0.296875,1.2090653414930532,0.9990452904313851
25831317_2217,25831317,COc1ccc(/C=C/C(=O)c2c(C)[nH+]c3ccccc3c2N)cc1,1,0.26865671641791045,1.6069775978527268,0.9992055276108067
25831317_2216,25831317,COc1ccc(/C=C/C(=O)c2c(C)nc3ccccc3c2N)cc1,1,0.323943661971831,4.271767432808091,0.9841187814286381
25831315_910,25831315,Cc1nc2ccccc2c(N)c1C(=O)/C=C/c1ccccc1,1,0.30158730158730157,1.3113127010746553,0.9991066468043964
48430874_622,48430874,CCc1cc(NCc2cccc(OCCOC)c2)ncn1,1,0.3125,1.65601660619693,0.9988229861822664
48430874_623,48430874,CCc1cc(NCc2cccc(OCCOC)c2)nc[nH+]1,1,0.3492063492063492,1.6527897627947425,0.9982805161890619
2258851_1397,2258851,O=C(NCCc1ccccc1)c1cnccn1,1,0.3793103448275862,1.4174766312009024,0.9996369380279579
43081435_1721,43081435,COc1ccc(-c2nc3cc(C)ccc3cc2CN(C)Cc2[nH+]ccn2C)cc1,1,0.39705882352941174,1.841553691859335,0.9985292885739884
43081435_1720,43081435,COc1ccc(-c2nc3cc(C)ccc3cc2C[N@@H+](C)Cc2nccn2C)cc1,1,0.3287671232876712,1.8980403051568866,0.9987044563213924
43081435_1719,43081435,COc1ccc(-c2nc3cc(C)ccc3cc2CN(C)Cc2nccn2C)cc1,1,0.4057971014492754,2.1680544273610107,0.9994375338522613
43081435_1722,43081435,COc1ccc(-c2[nH+]c3cc(C)ccc3cc2CN(C)Cc2nccn2C)cc1,1,0.39436619718309857,2.8608129963348974,0.9984704672791299
13523780_668,13523780,Cc1nc2ccc(NC(=O)c3sc(-c4ccccn4)nc3C)cc2s1,1,0.45454545454545453,2.543576419138873,0.9997881532153667
147149_1083,147149,Cc1nc([C@H]2CC[C@@H](CNC(=O)C[N@H+]3CC[C@H](c4ccccc4)CC3)CC2)ccc1C(N)=O,1,0.35714285714285715,3.0989282018142004,0.9972019538765753
147149_1084,147149,Cc1nc([C@H]2CC[C@H](CNC(=O)CN3CCC(c4ccccc4)CC3)CC2)ccc1C(N)=O,1,0.36764705882352944,3.427315129952257,0.9984292157029546
147149_1085,147149,Cc1[nH+]c([C@H]2CC[C@H](CNC(=O)C[N@H+]3CC[C@@H](c4ccccc4)CC3)CC2)ccc1C(N)=O,1,0.35714285714285715,3.3998654385138547,0.9967251844728225
32106793_2130,32106793,Cc1cc(C)n(-c2cc(Nc3ccccc3C)ncn2)n1,1,0.32142857142857145,1.8526678061643156,0.9996409254870288
48923065_3464,48923065,COc1ccc(C(=O)N2CCN(C(=O)/C=C/c3ccc(Br)cc3)CC2)cc1,1,0.3584905660377358,1.7154279349482329,0.9983376559572575
50282995_714,50282995,N#Cc1cc(-c2nnc(-c3ccncc3)[nH]2)ccn1,1,0.32653061224489793,1.928201234311149,0.9993705363182194
35754411_1804,35754411,CCN1CCc2ncnc(N3CCNc4ccccc4C3)c2C1,1,0.4482758620689655,1.639743577514451,0.9989899846199011
35754411_1803,35754411,CC[N@H+]1CCc2ncnc(N3CCNc4ccccc4C3)c2C1,1,0.43333333333333335,1.3561718180231963,0.9998193486722791
25831727_557,25831727,COC(=O)CC1=NN(c2ccc(OC)cc2)C(=O)/C1=C(/C)NCc1ccc(OC)cc1,1,0.42424242424242425,1.9466222026882634,0.9990455522772008
44426195_1679,44426195,Cc1cc(C(=O)NCCC2=CSC3=NCCCN23)c2cccc(C)c2n1,1,0.3108108108108108,2.22845821140961,0.9996433884953516
44426195_1678,44426195,Cc1cc(C(=O)NCCC2=CSC3=[NH+]CCCN23)c2cccc(C)c2n1,1,0.31645569620253167,1.710006725132977,0.9995397301711058
1539589_322,1539589,CCn1c(=O)n(CC)c2cc(N)ccc21,1,0.2830188679245283,1.6866689064544274,0.9993864967686915
11909115_2300,11909115,O=c1c2ccccc2nnn1CCOc1ccc(F)cc1,1,0.44642857142857145,1.0769350026812416,0.9982149024350074
43132553_1756,43132553,C(=C1/NC(C(c2ccccc2)c2ccccc2)=NO1)\n1c[nH+]c(C2CC2)n1,1,0.2361111111111111,2.22124649690247,0.9992573730313731
43132553_1755,43132553,C(=C1/NC(C(c2ccccc2)c2ccccc2)=NO1)\n1cnc(C2CC2)n1,1,0.2463768115942029,1.6806531468445396,0.9995518215575618
32157229_1498,32157229,Fc1ccc(F)c2c(NCc3ccc(N4CCOCC4)nc3)ccnc12,1,0.30434782608695654,1.5145778289673077,0.9991945992973533
32157229_1499,32157229,Fc1ccc(F)c2c(NCc3ccc(N4CCOCC4)nc3)cc[nH+]c12,1,0.3194444444444444,1.8350179835637297,0.9992812144001476
1934410_787,1934410,Cc1ccc(NC(=O)c2cccc(N(C)C)c2)cc1NC(=O)c1ccc(O)cc1,1,0.41818181818181815,1.7411237750373967,0.9982421739293122
1934410_788,1934410,Cc1ccc(NC(=O)c2cccc(N(C)C)c2)cc1NC(=O)c1ccc([O-])cc1,1,0.4107142857142857,2.5735040314719986,0.998594923593272
95699457_3518,95699457,O=C1N=C(N2CCCCN2)S/C1=C\c1ccc(F)cc1O,1,0.47619047619047616,1.7562366013728754,0.9996731148532597
95699457_3519,95699457,O=C1N/C(=[N+]2/CCCCN2)S/C1=C\c1ccc(F)cc1[O-],1,0.43283582089552236,1.9497553692716894,0.9990857695028963
95699457_3517,95699457,O=C1N=C(N2CCCCN2)S/C1=C\c1ccc(F)cc1[O-],1,0.46153846153846156,1.7004284754139416,0.9990385223023401
95699457_3520,95699457,O=C1N/C(=[N+]2\CCCCN2)S/C1=C\c1ccc(F)cc1O,1,0.37142857142857144,2.1208594955819855,0.999608710673454
35721780_1665,35721780,C[N@H+]1CCCN(C(=O)NCCOc2ccc3c(c2)OCO3)CC1,1,0.39436619718309857,1.7849929971845975,0.9993530210774757
2521907_1012,2521907,O=C(CSc1nnc[nH]1)N(C1CCCCC1)C1CCCCC1,1,0.2833333333333333,2.563578943586384,0.9976320186197511
50279769_2472,50279769,COc1cc(Br)c2c(=O)nc(C)[nH]c2c1,1,0.3076923076923077,1.8823971419443648,0.99855425536046
50279769_2473,50279769,COc1cc(Br)c2c(=O)[nH]c(C)nc2c1,1,0.2923076923076923,1.908771332559401,0.998031924792988
48210605_3384,48210605,c1ccc2nc(NCCn3cc[nH+]c3)cnc2c1,1,0.5185185185185185,1.9476657824173358,0.9995565565467542
48210605_3383,48210605,c1ccc2nc(NCCn3ccnc3)cnc2c1,1,0.5094339622641509,1.9812463249182182,0.9998467068941734
49293741_3262,49293741,Cc1cc(CN2CCC(N(C)c3ncc(Cl)cn3)CC2)on1,1,0.3157894736842105,2.4311316295091134,0.9973084140140974
49293741_3261,49293741,Cc1cc(C[N@H+]2CC[C@H](N(C)c3ncc(Cl)cn3)CC2)on1,1,0.3157894736842105,1.909744485526725,0.998852878801553
299994993_1262,299994993,C[n+]1cc2c3c(ccc2c2ccc4cc5c(cc4c21)OCO5)OCO3,1,0.2459016393442623,1.7833533020689438,0.9982835891201842
31603444_1725,31603444,O=C(CCn1cncn1)N(CC#Cc1ccccc1)C1CCCC1,1,0.4507042253521127,1.6784403474652803,0.9978361744858032
48629606_1198,48629606,Cc1nc(-c2cc(C)on2)n(CCc2ccccc2)n1,1,0.36507936507936506,1.4695723867846786,0.9989219382004927
48629606_1199,48629606,Cc1nn(CCc2ccccc2)c(-c2cc(C)on2)[nH+]1,1,0.36923076923076925,1.00072323846368,0.999399164618446
42961472_1894,42961472,Cc1ccc(-c2noc(CCC(=O)N3CCCC3(C)C)n2)cc1F,1,0.34328358208955223,1.8775744991880015,0.9989370834748978
36571105_209,36571105,Cc1ccccc1-c1nc(Cn2cc[nH+]c2C(C)C)c(C)o1,1,0.45614035087719296,1.7259414822061994,0.9995206481987393
36571105_208,36571105,Cc1ccccc1-c1nc(Cn2ccnc2C(C)C)c(C)o1,1,0.44642857142857145,1.7848221199883814,0.9989296373868075
202517_94,202517,Cc1ncsc1C(=O)N1CCCC[C@@H]1c1nc(N)ncc1-c1cccc(C(F)(F)F)c1,1,0.7285714285714285,3.1652794505382786,0.9989328425886853
200967_79,200967,Cc1ncsc1C(=O)N1CCCC[C@H]1c1nc(N(C)C)ncc1-c1cccc(Cl)c1,1,0.524390243902439,2.369094763828585,0.9992311865346919
93438708_1957,93438708,Cc1nc(-c2cnn(C)c2-c2ccc(C(F)(F)F)cn2)c2c(N3CCC3)[nH+]cnn12,1,0.2891566265060241,4.382046553837531,0.9994059813681899
93438708_1956,93438708,Cc1nc(-c2cnn(C)c2-c2ccc(C(F)(F)F)cn2)c2c(N3CCC3)ncnn12,1,0.2962962962962963,2.9585411945751567,0.9991554581395424
93438708_1955,93438708,Cc1[nH+]c(-c2cnn(C)c2-c2ccc(C(F)(F)F)cn2)c2c(N3CCC3)ncnn12,1,0.2962962962962963,2.6132292283695517,0.9998144598385549
171790267_2871,171790267,COc1cccc(O[C@H]2CCN(C(=O)c3cc(-c4ccc(F)cc4)on3)CC[C@@H]2O)c1,1,0.4166666666666667,1.5094396311215477,0.9992776208904144
171790224_3125,171790224,COc1cccc(O[C@H]2CCN(C(=O)c3cc(-c4ccc(C)cc4)on3)CC[C@@H]2O)c1,1,0.4225352112676056,2.2206622885977767,0.9985708672995538
171790057_2310,171790057,O=C(c1cc(-c2ccc(F)cc2)on1)N1CC[C@H](Oc2ccccc2F)[C@@H](O)CC1,1,0.42028985507246375,1.9586480030875948,0.9989418573745025
197921_3117,197921,Cc1cc(Nc2ncccn2)cc([C@@H]2CCCN(CC(=O)Nc3ccc(F)cc3)C2)n1,1,0.6052631578947368,1.8239221474613696,0.9992579643051621
197921_3115,197921,Cc1cc(Nc2ncccn2)cc([C@@H]2CCCN(CC(=O)Nc3ccc(F)cc3)C2)[nH+]1,1,0.6103896103896104,2.3168144077588395,0.9990893833484371
197921_3116,197921,Cc1cc(Nc2ncccn2)cc([C@@H]2CCC[N@H+](CC(=O)Nc3ccc(F)cc3)C2)[nH+]1,1,0.5324675324675324,2.580176544347028,0.9991608778844391
49040700_2243,49040700,Brc1nnc(N2CCC(OC3CCCC3)CC2)s1,1,0.2545454545454545,1.827392130879411,0.9969724611910692
19162470_1901,19162470,O=C(Cc1ccc2c(c1)OCCO2)NC1CCCCCC1,1,0.45098039215686275,2.157812086350409,0.9987916596058614
49961912_1291,49961912,N#CCCN(C(=O)c1sccc1C#N)[C@]12C[C@H]3C[C@H](C[C@H](C3)C1)C2,1,0.296875,2.7202957559794143,0.997064639997054
48836360_1659,48836360,N#CCCN(C(=O)c1cccs1)[C@]12C[C@H]3C[C@H](C[C@H](C3)C1)C2,1,0.28125,2.3168752663879837,0.9978765165568397
73048893_2608,73048893,CC1=C(Br)C[N@H+](CCc2nc(=O)c3ccccc3[nH]2)CC1,1,0.35714285714285715,1.5101665471068826,0.999187372034685
73048893_2610,73048893,CC1=C(Br)CN(CCc2nc(=O)c3ccccc3[nH]2)CC1,1,0.36507936507936506,2.019397434880062,0.9984040228103512
73048893_2609,73048893,CC1=C(Br)C[N@@H+](CCc2nc3ccccc3c(=O)[nH]2)CC1,1,0.35714285714285715,1.3808768953096566,0.9991596025862522
194963090_2,194963090,CC(C)(Oc1ccc(-c2cnc(N)c(-c3ccc(Cl)cc3)c2)cc1)C(=O)[O-],1,0.288135593220339,3.7724946653376352,0.997662033918498
194963090_3,194963090,CC(C)(Oc1ccc(-c2c[nH+]c(N)c(-c3ccc(Cl)cc3)c2)cc1)C(=O)[O-],1,0.288135593220339,2.8529346294648725,0.9984100701197111
25642172_774,25642172,CCN(CC)S(=O)(=O)c1ccc2c(c1)CCN2CC(=O)NCc1ccccc1F,1,0.34328358208955223,2.1387262564433405,0.9990663119378755
222774264_3103,222774264,CN(Cc1nncn1C)C1CCN(c2ccccc2F)CC1,1,0.3114754098360656,1.6562523962246865,0.9981558288629202
222773330_2640,222773330,CCn1cnnc1C[N@H+](C)C1CCN(c2ccccc2F)CC1,1,0.3283582089552239,1.7844363255661118,0.9992630100617177
222774264_3102,222774264,Cn1cnnc1C[N@H+](C)C1CCN(c2ccccc2F)CC1,1,0.31666666666666665,1.6802972951236241,0.9989617488397499
222773330_2641,222773330,CCn1cnnc1CN(C)C1CCN(c2ccccc2F)CC1,1,0.34328358208955223,1.6499327259011904,0.9980647842837002
49012602_3236,49012602,CCOC1CCN(c2ccnc(C(=O)NCc3ccccc3)c2)CC1,1,0.38235294117647056,1.729607469918846,0.9988838251763605
31878740_1311,31878740,O=C([C@@H]1CCC[N@H+](Cc2cc3c(cc2[O-])OCO3)C1)N1CCOCC1,1,0.3333333333333333,3.3736877448867344,0.997831908428627
31878740_1310,31878740,O=C([C@H]1CCC[N@H+](Cc2cc3c(cc2O)OCO3)C1)N1CCOCC1,1,0.323943661971831,1.883483209375648,0.9995217348366021
168890455_43,168890455,C=CC(=O)N1CCC([C@@H]2CCNc3c(C(N)=O)c(-c4ccc(Oc5ccccc5)cc4)nn32)CC1,1,0.4268292682926829,4.038305090009972,0.9995387445678803
44114971_2490,44114971,CSc1ccc(C)c(C(=O)NCC[N@H+]2CC[C@@H](C)CC2)c1,1,0.5283018867924528,1.548377860859511,0.9983455514926265
1296389_266,1296389,CC(=O)Nc1ccc2[nH]c(C)cc(=O)c2c1,1,0.35384615384615387,1.8575981804468915,0.9993293351191528
208143_420,208143,c1cnc(N2CCC(Cc3ccncc3)CC2)nc1,1,0.5121951219512195,2.244277612061374,0.9969367628135948
177471695_2837,177471695,COc1cc(C)cc(OC)c1-c1ccc(-c2nnn[n-]2)cc1,1,0.2857142857142857,3.26629193428876,0.9965828031346516
300003450_97,300003450,O=S(=O)(c1cccc2cnccc12)N1CCCNCC1,1,0.5686274509803921,0.9929793552743715,0.9994204480168584
300003450_96,300003450,O=S(=O)(c1cccc2cnccc12)N1CCC[NH2+]CC1,1,0.5576923076923077,2.219503097542102,0.9974494892622253
17660388_1668,17660388,Cn1c(=O)c2c([nH+]c3n2CCN3Cc2c(F)cccc2Cl)n(C)c1=O,1,0.3333333333333333,2.418942950959855,0.9992569076391951
425680_236,425680,Cc1cc(-c2cnn(CCNC(=O)c3sc(C)nc3C)c2C2CC2)on1,1,0.38961038961038963,2.2651673227383964,0.9995957248028482
24880306_3482,24880306,CC(C)(C)c1ccc([C@@H](O)CN2CCC(O)(c3ccc4c(c3)OCO4)CC2)cc1,1,0.2835820895522388,3.403356725352232,0.9982779555899767
24880306_3481,24880306,CC(C)(C)c1ccc([C@@H](O)C[N@H+]2CC[C@@](O)(c3ccc4c(c3)OCO4)CC2)cc1,1,0.2876712328767123,3.9607585132142646,0.9975187309189124
1069906_3550,1069906,Cc1oc2cc(OCC(=O)Nc3nccs3)ccc2c(=O)c1Oc1ccc(F)cc1,1,0.2840909090909091,1.6232122473660326,0.9976712878436255
50897900_2069,50897900,CCc1nc(C(N)=O)c(Nc2ccc(N3CCC([N@H+]4CC[N@@H+](C)CC4)CC3)c(OC)c2)nc1NC1CCOCC1,1,0.3229166666666667,6.832792181823862,0.9988663557216763
50897900_2070,50897900,CCc1nc(C(N)=O)c(Nc2ccc(N3CCC([NH+]4CCN(C)CC4)CC3)c(OC)c2)[nH+]c1NC1CCOCC1,1,0.29473684210526313,5.664021627783617,0.9987405042492369
50897900_2067,50897900,CCc1nc(C(N)=O)c(Nc2ccc(N3CCC([NH+]4CCN(C)CC4)CC3)c(OC)c2)nc1NC1CCOCC1,1,0.30927835051546393,2.5551547898315468,0.9988273745223923
50897900_2068,50897900,CCc1nc(C(N)=O)c(Nc2ccc(N3CCC(N4CC[NH+](C)CC4)CC3)c(OC)c2)nc1NC1CCOCC1,1,0.3368421052631579,3.456286591126445,0.9987635400999361
1552730_230,1552730,COc1cc(OC)cc(-c2nnc(SCC(=O)Nc3cccc(C(=O)[O-])c3)s2)c1,1,0.42424242424242425,2.3460464616034122,0.9986435252239282
53927369_1429,53927369,Cc1cn(CCN2CCN(c3ccccc3-c3cc(C#N)cc(C(=O)NCCC[NH+]4CCCC4)c3)CC2)c2ccccc12,1,0.4,6.20798083115593,0.9963079845253799
53927369_1428,53927369,Cc1cn(CC[NH+]2CCN(c3ccccc3-c3cc(C#N)cc(C(=O)NCCC[NH+]4CCCC4)c3)CC2)c2ccccc12,1,0.40963855421686746,6.438583850506306,0.9975812739525161
17400188_372,17400188,COc1cc(C(C)C)c2c(c1)S(=O)(=O)N(COc1cc(=O)n3cccc(OCC[NH+]4CCCCC4)c3[nH+]1)C2=O,1,0.3170731707317073,4.516644993798507,0.999290819234682
17400188_371,17400188,COc1cc(C(C)C)c2c(c1)S(=O)(=O)N(COc1cc(=O)n3cccc(OCC[NH+]4CCCCC4)c3n1)C2=O,1,0.32098765432098764,4.015445554356237,0.9989579270886504
46223555_1423,46223555,Cc1nc(N(C)C)nc(C)c1NC(=O)C1CCCCC1,1,0.38,1.4780622449679333,0.9986590003280534
2937124_1838,2937124,CCOC(=S)SCC(=O)Nc1nc(-c2ccc(C3CCCCC3)cc2)cs1,1,0.391304347826087,3.4386508982448416,0.9959262057561948
3330721_3670,3330721,CSCC(=O)Nc1nc(-c2ccc(C3CCCCC3)cc2)cs1,1,0.45,2.9950934876896858,0.9949019431801611
25000719_552,25000719,CC(=O)N1CCC(Nc2ncnc3cc(-c4ccc(Br)cc4)sc23)CC1,1,0.47692307692307695,2.713225571161162,0.9990595541065453
25000719_553,25000719,CC(=O)N1CCC(Nc2nc[nH+]c3cc(-c4ccc(Br)cc4)sc23)CC1,1,0.4925373134328358,2.413703378627883,0.9991932802968962
29627941_1486,29627941,CCc1nc(NC(=O)c2ccccc2F)sc1C,1,0.36666666666666664,1.157010803753172,0.9993698960024836
1269126_2488,1269126,COc1cccc(C(=O)Nc2nccs2)c1,1,0.39344262295081966,1.4688961842145964,0.999558458617092
31839122_1206,31839122,Cc1ccccc1C(=O)Nc1nc(C)c(C)s1,1,0.46511627906976744,0.7995967733801976,0.9997836932822467
49913437_2933,49913437,CS(=O)(=O)[N-]CC[N@@H+]1CCc2c(Cl)cc(Cl)cc2C1,1,0.2753623188405797,2.6985716592303706,0.995226601791774
49913437_2932,49913437,CS(=O)(=O)NCC[N@@H+]1CCc2c(Cl)cc(Cl)cc2C1,1,0.2631578947368421,1.4612111414850686,0.9979947274934762
32446521_1248,32446521,O=C([O-])c1nc(-c2ccccc2)oc1-c1ccccc1,1,0.32,2.1115463527948486,0.9984409962415873
134495_3675,134495,O=C(Cn1cccc(C(=O)Nc2cccc(-n3cccn3)c2)c1=O)NC1CCCCC1,2,0.3142857142857143,3.1906102864499615,0.9984532162306051
3615737_3506,3615737,c1sc(NC[C@H]2CCCO2)nc1[C@]12C[C@H]3C[C@H](C[C@H](C3)C1)C2,2,0.26865671641791045,2.7227702804313,0.9987461165987801
158151_959,158151,Cc1[nH]c2ccc(Cl)cc2c1CC(=O)N1CCC(Cc2ncncc2C(N)=O)CC1,2,0.3372093023255814,1.9912819991144792,0.9994255573486271
53798259_3070,53798259,COCCN(C)c1ccc(CN2CCOC3(CCCC3)C2)cn1,2,0.4788732394366197,1.3344137289462512,0.9987007364365762
53798259_3069,53798259,COCCN(C)c1ccc(C[N@H+]2CCOC3(CCCC3)C2)cn1,2,0.4722222222222222,2.5764826799338554,0.9983552094060613
49972816_1259,49972816,Cc1cccc(NC(=O)CN(C)c2ncccc2F)n1,2,0.4098360655737705,1.695342738209293,0.9992541374680716
49972816_1260,49972816,Cc1cccc(NC(=O)CN(C)c2ncccc2F)[nH+]1,2,0.41935483870967744,2.6838628877051094,0.9994076767360836
49951918_2049,49951918,Cc1cccc(NCC2CCN(C(=O)c3ccccc3)CC2)n1,2,0.47368421052631576,1.9110426473524722,0.998748731545959
49951918_2050,49951918,Cc1cccc(NCC2CCN(C(=O)c3ccccc3)CC2)[nH+]1,2,0.423728813559322,1.207825318496205,0.9990708384709699
15274760_973,15274760,O=C(CN1CCSC1=O)Nc1ccccc1F,2,0.40625,1.0487864415611097,0.9994651532582004
18813553_1560,18813553,O=C(NCc1ccccn1)c1ccc(F)cc1Cl,2,0.5454545454545454,1.046379950113736,0.9992729964780622
2266063_3573,2266063,Cc1cccc2sc(NC(=O)c3cccnc3)nc12,2,0.5,1.7781841861857877,0.9996931430448576
43081907_1113,43081907,Cc1nnsc1CN(C)c1ccc2cc[nH]c2n1,2,0.2982456140350877,1.802825282715584,0.9993306860266457
43081907_1112,43081907,Cc1nnsc1CN(C)c1ccc2cc[nH]c2[nH+]1,2,0.31666666666666665,2.605860510464201,0.9992671225748146
232851609_3425,232851609,COc1ccc(OCc2nnc(-c3ncoc3C(C)C)[nH]2)cc1,2,0.509090909090909,1.6161946046194795,0.9987690509335884
232885372_2849,232885372,Cc1ncc(C[N@H+]2CC[C@H](CNC(=O)COc3ccccc3Cl)CC2)[nH]1,2,0.4189189189189189,1.8040354763697355,0.9993545793108551
232885372_2848,232885372,Cc1nc(C[N@H+]2CC[C@H](CNC(=O)COc3ccccc3Cl)CC2)c[nH]1,2,0.41333333333333333,1.6178825668135715,0.999216058893103
232885372_2850,232885372,Cc1[nH]c(C[N@H+]2CC[C@H](CNC(=O)COc3ccccc3Cl)CC2)c[nH+]1,2,0.325,1.9096059803012264,0.9986114968355082
104389046_3567,104389046,Cc1cc(N/C(O)=C/n2nc(C3CC3)ccc2=O)ccc1Cl,2,0.35384615384615387,1.9093310346823624,0.9989177251788522
104389046_3566,104389046,Cc1cc(NC(=O)Cn2nc(C3CC3)ccc2=O)ccc1Cl,2,0.39344262295081966,1.3027367347244805,0.9991540119994089
104388935_709,104388935,CSc1ccc(N/C(O)=C/n2nc(C3CC3)ccc2=O)cc1,2,0.328125,2.2130004518752924,0.9994654146894795
104388935_708,104388935,CSc1ccc(NC(=O)Cn2nc(C3CC3)ccc2=O)cc1,2,0.3870967741935484,1.2289820991370117,0.9991066468043964
49000996_2285,49000996,C[N@@H+](CCNC(=O)NC1CCOCC1)C1CCCC1,2,0.32142857142857145,2.505766549381894,0.9980532808360882
181837_2495,181837,CNCc1cc(N(C)C)nc([C@@H]2CCCN2C(=O)C2CCCC2)n1,2,0.7142857142857143,2.4529268232055643,0.9987616345497522
181837_2494,181837,C[NH2+]Cc1cc(N(C)C)nc([C@@H]2CCCN2C(=O)C2CCCC2)n1,2,0.7142857142857143,2.2206622885977767,0.998774591002326
181837_2496,181837,CNCc1cc(N(C)C)nc([C@H]2CCCN2C(=O)C2CCCC2)[nH+]1,2,0.7014925373134329,1.902022870524788,0.9989922383302571
177471695_2837,177471695,COc1cc(C)cc(OC)c1-c1ccc(-c2nnn[n-]2)cc1,2,0.2857142857142857,2.9992248998699984,0.9965828031346516
177361051_3059,177361051,COc1ccc(OC)c(Cn2cnc3cn(C)nc3c2=O)c1,2,0.27941176470588236,1.3599977941158672,0.9993084049750133
23832549_812,23832549,C[N@H+]1CC[C@H](n2ncc3nc(-c4ccc5ccccc5c4)[nH]c32)CC1,2,0.5901639344262295,2.413703378627883,0.9993630755365331
23832549_811,23832549,C[N@H+]1CC[C@@H](n2ncc3[nH]c(-c4ccc5ccccc5c4)nc32)CC1,2,0.5901639344262295,2.502883537042907,0.999583306605882
320312_2668,320312,CCc1cc(N2CCOCC2)nc(C2CCN(C(=O)C3CC3)CC2)[nH+]1,2,0.3484848484848485,2.38158182727348,0.9974398197798091
320312_2667,320312,CCc1cc(N2CCOCC2)nc(C2CCN(C(=O)C3CC3)CC2)n1,2,0.359375,2.217346387013335,0.9986463945296774
36698232_1041,36698232,CCc1ncc2c(n1)CN(c1cc[nH+]c(-c3ccccc3)n1)CC2,2,0.2972972972972973,1.6346103511233958,0.9978478993244878
36698232_1040,36698232,CCc1ncc2c(n1)CN(c1ccnc(-c3ccccc3)n1)CC2,2,0.31746031746031744,1.1653746178804412,0.9987727147806337
82709621_3013,82709621,O=C(Cn1nc(Cc2ccccc2)c2ccccc2c1=O)NCc1ncc[nH]1,2,0.59375,1.9760731261772608,0.9989123768186651
82709621_3014,82709621,O=C(Cn1nc(Cc2ccccc2)c2ccccc2c1=O)NCc1[nH]cc[nH+]1,2,0.6,1.7420180825695577,0.9986085985228917
29963741_1792,29963741,Cc1cc2occ(CC(=O)N[C@H]3CC[N@H+](C)CC3)c2cc1C(C)C,2,0.43333333333333335,2.6224648710700853,0.9995268043165101
207447_51,207447,Fc1ccccc1-c1cn[nH]c1[C@@H]1CCC[N@@H+]1Cc1ccc2ncccc2c1,2,0.2716049382716049,2.0943509734518027,0.9994290911568112
207447_52,207447,Fc1ccccc1-c1c[nH]nc1[C@@H]1CCC[N@H+]1Cc1ccc2ncccc2c1,2,0.2911392405063291,1.8651230522402225,0.9994111997655661
207447_53,207447,Fc1ccccc1-c1cn[nH]c1[C@H]1CCCN1Cc1ccc2ncccc2c1,2,0.3068181818181818,2.3709190201263373,0.9992778461593682
49150113_469,49150113,CNc1ncc(-c2nc(C3(c4ccccc4)CC3)nn2C(C)(C)C)cn1,2,0.34375,1.8736256296279976,0.9984495040880298
49150113_468,49150113,CNc1ncc(-c2[nH+]c(C3(c4ccccc4)CC3)nn2C(C)(C)C)cn1,2,0.35384615384615387,1.8604241451882246,0.9985090014578476
49150113_470,49150113,CNc1ncc(-c2nc(C3(c4ccccc4)CC3)nn2C(C)(C)C)c[nH+]1,2,0.3235294117647059,2.21233858168214,0.9986297126810201
37817860_1906,37817860,CC(C)(C)n1cc(CNc2cccnc2)cn1,2,0.36,1.1811320840616901,0.9995970118981911
353778_2423,353778,CC(=O)N1CCC2(C=Cc3cc(C)c(C)cc3O2)CC1,2,0.29508196721311475,2.1626287244926448,0.9994158665815329
32434626_1842,32434626,c1ccc(Cc2nnc(CSc3ccccc3)[nH]2)cc1,2,0.325,1.23174956870326,0.9994833958579655
189725381_3385,189725381,Cc1nnc(COc2cccc(-n3ccnc3)c2)n1C1CC1,2,0.3333333333333333,1.849210912795151,0.9988803416268041
189725381_3386,189725381,Cc1nnc(COc2cccc(-n3cc[nH+]c3)c2)n1C1CC1,2,0.3225806451612903,1.4725776719752837,0.9994899061531446
LN01331065_1771,LN01331065,[O-]/N=C1\CCc2cc(-c3cn(CCO)nc3-c3cc[nH+]cc3)ccc21,2,0.2222222222222222,1.7754467043527091,0.9995807743023549
LN01331065_1770,LN01331065,[O-]/N=C1\CCc2cc(-c3cn(CCO)nc3-c3ccncc3)ccc21,2,0.21621621621621623,1.5159617409409423,0.9995175343512532
267729_1362,267729,CS(=O)(=O)N1CC(c2n[nH]c3ncccc23)C1,2,0.30357142857142855,2.31863645274582,0.9994437749875086
267729_1363,267729,CS(=O)(=O)N1CC(c2[nH]nc3ncccc23)C1,2,0.2807017543859649,2.2813502580711176,0.9996366878463909
53752451_2017,53752451,O=C(NCc1ccc(F)cc1)C1CCN(C(=O)/C=C/c2ccc(F)cc2)CC1,2,0.36507936507936506,1.6043023405829842,0.9985946745305196
26060327_1227,26060327,O=C(NCc1ccc(F)cc1)C1CCN(C(=O)/C=C/c2ccccc2)CC1,2,0.3870967741935484,1.2507129966541903,0.9987849748495952
300620222_228,300620222,CC[NH+](CC)Cc1ccc2cc(COC(=O)Nc3ccc(C(=O)NO)cc3)ccc2c1,2,0.3380281690140845,3.304336847235728,0.9944249331810294
300620222_227,300620222,CC[NH+](CC)Cc1ccc2cc(COC(=O)Nc3ccc(C(=O)N[O-])cc3)ccc2c1,2,0.352112676056338,4.525611118954099,0.9925133517142373
29954871_2756,29954871,c1ccc(OCC[NH+]2CCN(c3ncccn3)CC2)cc1,2,0.5111111111111111,1.6582903847035138,0.9987681525964233
29954871_2757,29954871,c1ccc(OCCN2CCN(c3ncccn3)CC2)cc1,2,0.4883720930232558,1.3501707299446968,0.9988640891907686
49965014_1131,49965014,CCC1(O)CN(c2[nH+]cnc3c2c(Br)nn3C)C1,2,0.3508771929824561,2.4061558553020665,0.9995189237388882
49965014_1130,49965014,CCC1(O)CN(c2ncnc3c2c(Br)nn3C)C1,2,0.41509433962264153,1.8526678061643156,0.999560101329788
31997330_1254,31997330,C[C@H]1CC[N@H+](Cc2ccc(NC(=O)c3ccccn3)cc2)CC1,2,0.43548387096774194,3.1626386135630176,0.9974427466510357
32446521_1248,32446521,O=C([O-])c1nc(-c2ccccc2)oc1-c1ccccc1,2,0.32,2.1115463527948486,0.9984409962415873
1543632_1817,1543632,CCOc1ccc(C(=O)Nc2cc(C(=O)OC)ccc2N2CCN(C(C)=O)CC2)cc1,2,0.45614035087719296,1.9834800225866636,0.998357406267721
48257421_1421,48257421,CCc1nnc(Oc2cccnc2)c(C#N)c1CC,2,0.46,1.267492011809116,0.9982501927397975
49012602_3236,49012602,CCOC1CCN(c2ccnc(C(=O)NCc3ccccc3)c2)CC1,2,0.38333333333333336,1.7349504315680468,0.9982749188787927
43249441_1655,43249441,Cc1nc(N(C)C)cc(C2(C)CC[NH2+]CC2)[nH+]1,2,0.2962962962962963,2.2116281332988557,0.9982114280503462
43242674_2148,43242674,Cc1nc(N(C)C)cc(C2CC[NH2+]CC2)[nH+]1,2,0.37254901960784315,1.8034372736527642,0.9971629847503407
165629_802,165629,OCC[N@H+]1CC[C@H](c2ccncn2)CC1,2,0.3877551020408163,1.4688042755930901,0.9991686229513037
43249441_1654,43249441,Cc1nc(N(C)C)cc(C2(C)CC[NH2+]CC2)n1,2,0.26,1.5685292474161907,0.9985893943891269
43242674_2147,43242674,Cc1nc(C2CC[NH2+]CC2)cc(N(C)C)n1,2,0.3541666666666667,1.8237516278265724,0.9985489970879611
208359_1580,208359,CNC(=O)c1cc([C@H]2CC[N@H+](C)CC2)ncn1,2,0.34615384615384615,1.3997289023234745,0.999070810744648
267985_1545,267985,Cc1nccc(C2(C)CCN(CC(N)=O)CC2)n1,2,0.3448275862068966,1.821903949169713,0.9977145132750697
267985_1546,267985,Cc1nccc([C@]2(C)CC[N@@H+](CC(N)=O)CC2)n1,2,0.3448275862068966,1.65917419218145,0.9990243968674254
24497238_2117,24497238,O=C(NCCc1ccc2c(c1)OCO2)C1CCCC1,2,0.4745762711864407,1.8957840066841414,0.9993650524128823
53815325_2389,53815325,C[N@H+](CCSc1ccc2nnnn2n1)Cc1ccccc1,2,0.6111111111111112,1.779328525033989,0.9983932629889066
LN01341916_2523,LN01341916,[NH3+]C[C@@](O)(c1ccc(Cl)cc1)c1ccc(-c2cn[nH]c2)cc1,2,0.4489795918367347,1.970231966038248,0.9990897648477187
LN01341916_2524,LN01341916,NC[C@@](O)(c1ccc(Cl)cc1)c1ccc(-c2cn[nH]c2)cc1,2,0.4489795918367347,1.3908838916315596,0.9993205161362553
44392699_139,44392699,Cc1[nH]nc2c1C1(CCCCC1)CC(=O)N2,2,0.25,2.1863359760106245,0.9989191432316322
44392699_140,44392699,Cc1n[nH]c2c1C1(CCCCC1)CC(=O)N2,2,0.22807017543859648,2.668058844927881,0.9987853491687679
54864400_1242,54864400,CN1CCN(c2ncncc2-c2nc(-c3ccccc3)no2)CC1,2,0.3333333333333333,1.874899463971195,0.9984905498879326
54864400_1241,54864400,C[NH+]1CCN(c2ncncc2-c2nc(-c3ccccc3)no2)CC1,2,0.3484848484848485,2.1205244634289335,0.9989619946214358
270775_134,270775,O=C1CCCC[C@@H]2[C@H](C[C@@H](Cc3ccccc3F)N2C(=O)c2cccc3ncccc23)N1,2,0.32432432432432434,1.7232808825029395,0.9987698952690789
181799_3340,181799,CNCc1cc(N(C)C)nc([C@H]2CCCN2C(=O)CCc2c[nH]c3ccccc23)[nH+]1,2,0.5897435897435898,2.422325329100659,0.9989611768129263
181799_3339,181799,CNCc1cc(N(C)C)nc([C@H]2CCCN2C(=O)CCc2c[nH]c3ccccc23)n1,2,0.5714285714285714,1.8462578368140528,0.999360278648168
181799_3338,181799,C[NH2+]Cc1cc(N(C)C)nc([C@H]2CCCN2C(=O)CCc2c[nH]c3ccccc23)n1,2,0.5789473684210527,2.416990897790514,0.9994434760685631
3347103_1539,3347103,CN(CC(=O)NC1(C#N)CCCC1)c1ccccc1,2,0.40384615384615385,1.6979979387502868,0.9989133414688581
49330926_2774,49330926,c1ccc(-c2noc(Cn3ccnc3)n2)nc1,2,0.4716981132075472,1.2842885189865205,0.9995347790933168
49330926_2775,49330926,c1ccc(-c2noc(Cn3cc[nH+]c3)n2)nc1,2,0.45454545454545453,1.7256865300519042,0.9995227370681224
32449297_86,32449297,COc1ccc([C@H]2CN(C(C)=O)[C@@H]3CCC[N@@H+](Cc4cccc(F)c4)[C@H]23)cc1,2,0.3150684931506849,2.9075338347130057,0.9973027034686265
32449297_87,32449297,COc1ccc([C@H]2CN(C(C)=O)[C@@H]3CCCN(Cc4cccc(F)c4)[C@H]23)cc1,2,0.31645569620253167,2.205816175478071,0.9993196135786482
43798139_2712,43798139,CC(=O)Nc1ccccc1OCCOc1ccc(Cl)cc1,2,0.3620689655172414,1.7569883323459328,0.9979763959078679
300449850_376,300449850,O=C(CC1CC[NH2+]CC1)NCCc1ccccc1F,2,0.3114754098360656,1.251756765510086,0.9989058438341485
48247754_742,48247754,Cc1ccc(C(=O)NC2CCN(CC#N)CC2)cc1Br,2,0.39344262295081966,1.7531200757505552,0.998827073972723
15987806_3453,15987806,CCCc1nn2c(=O)c(NS(=O)(=O)c3ccc(C4CCCCC4)cc3)c(C)[nH]c2[nH+]1,2,0.25675675675675674,3.1332741661072734,0.9974919283353159
15987806_3454,15987806,CCCc1nc2[nH]c(C)c(NS(=O)(=O)c3ccc(C4CCCCC4)cc3)c(=O)n2n1,2,0.26744186046511625,3.8531907557241536,0.9978783593386733
15987806_3455,15987806,CCCc1nn2c(=O)c([N-]S(=O)(=O)c3ccc(C4CCCCC4)cc3)c(C)[nH]c2[nH+]1,2,0.25333333333333335,3.8748301898271387,0.9959488975930942
49933864_1398,49933864,CN(C)C(=O)OCC[N@H+]1CC[C@H](c2c[nH]c3ncccc32)CC1,2,0.43478260869565216,2.0225679222210573,0.9990534975548886
49933864_1399,49933864,CN(C)C(=O)OCCN1CCC(c2c[nH]c3ncccc23)CC1,2,0.5,2.2931022654906443,0.9986529138504895
3247549_446,3247549,Cc1sc2ncnc(OCC(=O)NC3CCCCC3)c2c1C,2,0.5396825396825397,1.391859547510747,0.9994302011580732
177509728_2345,177509728,Cc1nnc2ncc(-c3cccc4ccnn34)cn12,2,0.5686274509803921,1.2294746845705269,0.9994120273713951
177418075_3083,177418075,COCC(C)(C)C(=O)N1CCCC2(CC[NH2+]CC2)CC1,2,0.2833333333333333,2.709142299695637,0.9987282555212766
177454167_3364,177454167,CCOCCC(=O)N1CCC2(CCC[N@H+](C)CC2)CC1,2,0.3064516129032258,1.8628894223757837,0.9982569024763118
3572643_1326,3572643,CC(=O)N1CCC(C(=O)Nc2nccs2)(c2ccccc2)CC1,2,0.38028169014084506,1.4932116393870418,0.9988316860321498
13484504_1622,13484504,CCc1nc2ccccc2n1CC(=O)Nc1ncc(C)s1,2,0.4576271186440678,2.14665600411464,0.9997286871243573
13484504_1623,13484504,CCc1[nH+]c2ccccc2n1CC(=O)Nc1ncc(C)s1,2,0.45,2.1152011724654134,0.9997613080578408
35754387_1474,35754387,CNC(=O)c1cccc(Oc2ncnc3c2CN(C)CC3)c1,2,0.4264705882352941,1.6258631553732286,0.9976817561767904
35754387_1473,35754387,CNC(=O)c1cccc(Oc2ncnc3c2C[N@H+](C)CC3)c1,2,0.4264705882352941,1.4096591786670223,0.9988947188268003
48762012_2947,48762012,Cc1cc(C(=O)Nc2nnc3n2CCCC3)n(C)n1,2,0.5185185185185185,1.4809821065774618,0.9997976056329068
32538596_109,32538596,COc1ccc(Nc2c(C#N)c[nH+]c3cc(OC)c(OC)cc23)cc1Cl,2,0.5211267605633803,1.6338754542497214,0.9981300434897439
32538596_108,32538596,COc1ccc(Nc2c(C#N)cnc3cc(OC)c(OC)cc23)cc1Cl,2,0.5285714285714286,1.4505367971897472,0.9993468380972657
300430678_393,300430678,CC[NH+](CC)Cc1cccc(/C=C/c2nc3ccc(F)cc3c(=O)n2-c2ccccc2Cl)n1,2,0.24691358024691357,2.4416809783425895,0.9985228506703897
300430678_394,300430678,CCN(CC)Cc1cccc(/C=C/c2nc3ccc(F)cc3c(=O)n2-c2ccccc2Cl)n1,2,0.25,2.243968359848163,0.998921746265371
49925402_3098,49925402,NC(=O)c1csc(CN2CCc3cc(F)ccc3C2)c1,2,0.2835820895522388,1.9639248967309675,0.9983832391743628
49925402_3097,49925402,NC(=O)c1csc(C[N@H+]2CCc3cc(F)ccc3C2)c1,2,0.31746031746031744,1.4959852940448004,0.9990824378496823
222754562_2624,222754562,CCCn1cnnc1CN(C)Cc1ccc(C(F)(F)F)nc1,2,0.4827586206896552,1.525580872979288,0.9992121050187068
222754562_2625,222754562,CCCn1cnnc1C[N@@H+](C)Cc1ccc(C(F)(F)F)nc1,2,0.4576271186440678,1.5667855628648228,0.9996033369964886
35689572_1642,35689572,Cc1ccc(CN(C)c2[nH+]cnc3c2cnn3C)o1,2,0.45,3.9752601172750714,0.9998019677095142
35689572_1641,35689572,Cc1ccc(CN(C)c2ncnc3c2cnn3C)o1,2,0.43103448275862066,2.3906434280322504,0.9997502308460212
49973690_2055,49973690,C1CCC(OCc2noc(C3CC3)n2)CC1,2,0.36363636363636365,1.5216008017872875,0.9992342292750613
49946784_3004,49946784,Cc1ccc(CNc2ncnn2C)nc1,2,0.4888888888888889,1.3392800304648578,0.9993866651476275
49946784_3003,49946784,Cc1ccc(CNc2[nH+]cnn2C)nc1,2,0.48936170212765956,2.332061319948429,0.9996865058106017
60180599_187,60180599,CC(C)(C)OC(=O)c1ccc(-n2ncc(-n3ccnn3)c2O)nc1,2,0.4307692307692308,1.5807510872995707,0.9992525087115316
60180599_186,60180599,CC(C)(C)OC(=O)c1ccc(-n2[nH]cc(-n3ccnn3)c2=O)nc1,2,0.43283582089552236,2.6027837021157243,0.9991757644674154
60180599_185,60180599,CC(C)(C)OC(=O)c1ccc(-n2ncc(-n3ccnn3)c2[O-])nc1,2,0.42424242424242425,3.0432745521891116,0.998963201876831
36647960_1590,36647960,CN(Cc1cscn1)c1nc2c(cc1C#N)CCC2,2,0.34375,1.161636345850334,0.9995272246116269
110118917_50,110118917,O=C(Nc1cccc(-c2nncn2C2CC2)c1)c1cc(-n2c[nH+]c(C3CC3)c2)ccn1,2,0.37894736842105264,2.8006941996597217,0.9993843806705237
110118917_49,110118917,O=C(Nc1cccc(-c2nncn2C2CC2)c1)c1cc(-n2cnc(C3CC3)c2)ccn1,2,0.37362637362637363,2.1749689652961215,0.999503918186259
68933234_2964,68933234,Cc1cccc(-c2cccc(C(=O)NCCC3(O)CCCC3)c2)n1,2,0.4,1.6239048617453988,0.9985794665892993
68933234_2965,68933234,Cc1cccc(-c2cccc(C(=O)NCCC3(O)CCCC3)c2)[nH+]1,2,0.373134328358209,2.1694842705120623,0.9976099828724738
181775_2737,181775,C[NH2+]Cc1cc(N(C)C)nc([C@H]2CCCN2C(=O)c2oc3ccc(Cl)cc3c2C)n1,2,0.5897435897435898,2.5940967599543305,0.9993458866379474
181775_2739,181775,CNCc1cc(N(C)C)nc([C@@H]2CCCN2C(=O)c2oc3ccc(Cl)cc3c2C)[nH+]1,2,0.5853658536585366,2.553976507332282,0.9991259544428182
181775_2738,181775,CNCc1cc(N(C)C)nc([C@@H]2CCCN2C(=O)c2oc3ccc(Cl)cc3c2C)n1,2,0.5897435897435898,2.415871892298537,0.9994482049613328
209461_1872,209461,NC(=O)CC1CCN(c2ncccn2)CC1,2,0.5121951219512195,1.5690780732644904,0.9976514155709769
149593_917,149593,CNC(=O)CC1CCN(c2ncccn2)CC1,2,0.4772727272727273,1.6433590599745185,0.9973623776934103
48383292_3271,48383292,CC1(C)[C@@H]2C[C@H]1[C@@]1(O)[C@@H](C2)Oc2c(ccc(O)c2C(=O)NCCNS(C)(=O)=O)[C@@H]1O,2,0.6944444444444444,3.959785726525514,0.9992431293869216
48383292_3272,48383292,CC1(C)[C@@H]2C[C@H]1[C@@]1(O)[C@@H](C2)Oc2c(ccc([O-])c2C(=O)NCC[N-]S(C)(=O)=O)[C@@H]1O,2,0.6756756756756757,4.867781424838626,0.9989648848605046
48383292_3270,48383292,CC1(C)[C@@H]2C[C@H]1[C@@]1(O)[C@@H](C2)Oc2c(ccc([O-])c2C(=O)NCCNS(C)(=O)=O)[C@@H]1O,2,0.7083333333333334,3.0216465709941316,0.9993821967716285
342572_2949,342572,Cc1csc2nc3n(c(=O)c12)CCNCC3,2,0.3620689655172414,2.4760205976522887,0.9998121442984818
342572_2948,342572,Cc1csc2nc3n(c(=O)c12)CC[NH2+]CC3,2,0.3620689655172414,6.111680701738192,0.9948111538555022
383970_2309,383970,Cc1ccc(S(=O)(=O)N2CC[C@@H](c3nnc(-c4cccnc4)o3)C2)cc1,2,0.352112676056338,1.0376805866928354,0.9996309245754226
258731_3720,258731,COc1cccc(S(=O)(=O)N2CCO[C@@H](c3c(C(N)=O)sc4ncccc34)C2)c1,2,0.32222222222222224,2.1926892164650464,0.9992350202059719
45736550_903,45736550,Cc1ccc(C(=O)C(=O)NC2CCCC2)cc1,2,0.34615384615384615,1.8107561956264047,0.9982815698671548
2868274_2874,2868274,Cc1csc(Cc2nc(-c3ccc([O-])cc3)no2)n1,2,0.40425531914893614,1.9822764691132677,0.9994961944694545
2868274_2873,2868274,Cc1csc(Cc2nc(-c3ccc(O)cc3)no2)n1,2,0.40425531914893614,1.884081208441377,0.9991309632793449
150563_316,150563,O=C(c1cccnc1)N1CCC[C@@H](c2cccc(-c3cccc(Cl)c3)n2)C1,2,0.6885245901639344,0.6014241431801802,0.9996720377170469
150563_317,150563,O=C(c1cccnc1)N1CCC[C@H](c2cccc(-c3cccc(Cl)c3)[nH+]2)C1,2,0.7096774193548387,0.8930817431792014,0.9995600620340074
35754411_1804,35754411,CCN1CCc2ncnc(N3CCNc4ccccc4C3)c2C1,2,0.4482758620689655,1.8247016194431893,0.99833844253025
35754411_1803,35754411,CC[N@H+]1CCc2ncnc(N3CCNc4ccccc4C3)c2C1,2,0.43333333333333335,1.3561718180231963,0.9998193486722791
73036824_211,73036824,O=C([C@H]1CC[C@@H](O)CC1)N1CCCN(c2ccc(F)cc2)CC1,2,0.46938775510204084,1.590835000872361,0.9986660565917854
231817334_1055,231817334,CSc1ncccc1C(=O)Nc1ccc(N2CCCCC2=O)cc1,2,0.3787878787878788,1.5143873348649664,0.9992990024375604
48953611_1604,48953611,CN1CCN(c2ccc(NC(=O)c3ccc(S(=O)(=O)N4CCCc5ccccc54)cc3)cc2)CC1,2,0.35714285714285715,3.5725752616284243,0.9954023523157706
48953611_1603,48953611,C[NH+]1CCN(c2ccc(NC(=O)c3ccc(S(=O)(=O)N4CCCc5ccccc54)cc3)cc2)CC1,2,0.3698630136986301,2.3363281019581192,0.9972549231932031
53825026_3080,53825026,CCc1cc(=O)nc(SCCCCC2CCOCC2)[nH]1,2,0.509090909090909,2.66687326283042,0.9969053961309219
49951580_2714,49951580,Cc1ccsc1-c1nsc(NC(=O)C[NH+](C)C)n1,2,0.3225806451612903,2.1871401418286402,0.9994470222539619
49951580_2713,49951580,Cc1ccsc1-c1nsc(NC(=O)CN(C)C)n1,2,0.3225806451612903,1.3731678702910428,0.9993222913673768
1422270_564,1422270,O=C(Cc1ccc(Cl)cc1)NCc1ccncc1,2,0.39622641509433965,1.3368006582880756,0.9989007873763881
316046283_3699,316046283,CCN1CCO[C@H](C(=O)N2CCC(c3cn[nH]c3)CC2)C1,2,0.3287671232876712,1.5657835099396336,0.9985437647133638
316046283_3698,316046283,CC[N@H+]1CCO[C@H](C(=O)N2CCC(c3cn[nH]c3)CC2)C1,2,0.32,2.2245141042485788,0.9984489456550374
31412367_851,31412367,Cc1nn(-c2ccccn2)c2nc(C3CC3)cc(C(=O)[O-])c12,2,0.3559322033898305,3.4285266514929975,0.9986470644478629
44502768_422,44502768,CCNC(=O)c1cc(C2CC2)nc2c1c(C)nn2-c1ccccn1,2,0.3333333333333333,1.4790114942084998,0.9996374766957223
43140484_1164,43140484,CCOC(=O)c1cccnc1-c1cccc2ccnn12,2,0.4576271186440678,1.374008369697676,0.9989981495926614
30191309_1049,30191309,Cc1cc(NC(=O)CCc2c(C)nn(C)c2C)no1,2,0.5306122448979592,2.1467801471038648,0.9996275579212697
49055842_2638,49055842,Cc1nnc2ccc(N3CCC4(CCCCC4)C3)nn12,2,0.37735849056603776,1.6650003003003553,0.999295317057505
30063049_2455,30063049,CC(=O)N1c2ccc(S(=O)(=O)Nc3cccc(-c4cnco4)c3)cc2C[C@@H]1C,2,0.38271604938271603,1.7942658665873434,0.9996358495146531
30063049_2456,30063049,CC(=O)N1c2ccc(S(=O)(=O)[N-]c3cccc(-c4cnco4)c3)cc2C[C@H]1C,2,0.3717948717948718,3.1834080794017896,0.997479766090863
3566194_1526,3566194,Cc1nc2cc(NC(=O)CCc3c(C)noc3C)ccc2o1,2,0.5666666666666667,1.7057458779076706,0.9994514817766602
43413534_1289,43413534,N#Cc1ccccc1Cn1nnc(-c2ccccc2)n1,2,0.3392857142857143,0.874175039680207,0.9985795832294119
31348116_3537,31348116,Fc1cccc(Cn2nnc(-c3ccccc3)n2)c1F,2,0.4067796610169492,2.303351037076164,0.9956116735074573
49995595_1390,49995595,CNC(=O)c1cccc(Cn2nnc(-c3ccccc3Cl)n2)c1,2,0.373134328358209,1.6994555010355685,0.9988512892128738
24069164_1357,24069164,O=C(CN1CCO[C@@H](c2ccc(F)cc2)C1)Nc1ccccc1OC(F)F,2,0.4307692307692308,6.086422348145113,0.9817661655491208
46632506_3399,46632506,Cc1cccc2cc(C(=O)NCCCn3nnc4ccccc43)n(C)c12,2,0.3088235294117647,1.5476016929429601,0.9997921998463205
44398457_1524,44398457,CCCC(=O)Nc1cnc(N2CC[NH+](C)CC2)nc1,2,0.41818181818181815,1.8752855782522655,0.99874994269427
50131633_1825,50131633,CCCC(=O)NCC(=O)Nc1cnc(N2CC[NH+](C)CC2)nc1,2,0.36065573770491804,2.567820281873415,0.9990348622139374
44398457_1525,44398457,CCCC(=O)Nc1cnc(N2CCN(C)CC2)nc1,2,0.4339622641509434,1.8403681696877165,0.9988430129458591
50131633_1826,50131633,CCCC(=O)NCC(=O)Nc1cnc(N2CCN(C)CC2)nc1,2,0.3728813559322034,2.2842151825079795,0.9977440736724209
30742732_1061,30742732,Cc1nc(C)c2c(C)c(C(=O)N(C)Cc3ccc(C)o3)sc2n1,2,0.543859649122807,1.900133416368765,0.9992752191792961
11963582_1100,11963582,Cc1cccc(NC(=O)c2cccc3ncccc23)c1,2,0.5306122448979592,1.0028250096601445,0.9994191524189615
49314549_839,49314549,C[N@@H+](Cc1cccnc1)Cc1ccc(C#N)o1,2,0.35714285714285715,2.111291311023027,0.999778276251729
49314549_838,49314549,CN(Cc1cccnc1)Cc1ccc(C#N)o1,2,0.3448275862068966,1.8060885914044171,0.9996669529608435
32423148_1891,32423148,Clc1ccc(Cc2nnc(-c3ccccc3)[nH]2)cn1,2,0.43137254901960786,1.780431970056961,0.999714299745492
46061355_912,46061355,CCc1ccccc1-c1cn(CCc2cnccn2)nn1,2,0.34328358208955223,1.4913996781544274,0.9994167724119994
324086_2800,324086,Cc1cnccc1-c1cnc(N(C)C)nc1-c1ccco1,2,0.323943661971831,1.5440006476683132,0.9995780834862491
17120607_3571,17120607,[NH3+]CC(=O)Nc1ccc(-n2nc(C(F)(F)F)cc2-c2ccc3c(ccc4ccccc43)c2)cc1,2,0.27631578947368424,2.076023362103433,0.999281368555595
17120607_3570,17120607,NCC(=O)Nc1ccc(-n2nc(C(F)(F)F)cc2-c2ccc3c(ccc4ccccc43)c2)cc1,2,0.27631578947368424,1.4780236804596467,0.9988166434254422
24970980_616,24970980,CC(C)CN(c1ncnc2c1cnn2C)C1CC1,2,0.5283018867924528,1.5329905413925669,0.9993915838129147
24970980_617,24970980,CC(C)CN(c1[nH+]cnc2c1cnn2C)C1CC1,2,0.5454545454545454,1.9205244075516348,0.9997002405799719
93428812_652,93428812,CCS(=O)(=O)Nc1ccc(Oc2ccc(F)cc2F)c(-c2cn(C)c(=O)c3[nH]ccc23)c1,2,0.27848101265822783,2.177375025115801,0.9994349677758037
93428812_653,93428812,CCS(=O)(=O)[N-]c1ccc(Oc2ccc(F)cc2F)c(-c2cn(C)c(=O)c3[nH]ccc23)c1,2,0.23170731707317074,4.004465382545057,0.9990511543698402
6180154_1318,6180154,Cc1cccc2sc(NC(=O)C(C)(C)C)nc12,2,0.42,0.9203488469055864,0.9995519342324828
3321097_455,3321097,CCC(CC)NC(=O)c1ccc2ncsc2c1,2,0.4426229508196721,1.8174234509328333,0.9990536043815741
540123_779,540123,COc1cc2nc(N)sc2cc1OC,2,0.2909090909090909,1.220834141069521,0.9992889640699204
181759_3155,181759,CNc1cc(C[NH2+]C)nc([C@H]2CCCN2C(=O)COc2ccccc2OC)n1,2,0.45569620253164556,1.9188850929641255,0.9991913926820465
181759_3158,181759,CNc1cc(C[NH2+]C)[nH+]c([C@H]2CCCN2C(=O)COc2ccccc2OC)n1,2,0.3793103448275862,2.1723043064907985,0.998585797756624
181801_2479,181801,C[NH2+]Cc1cc(N(C)C)nc([C@H]2CCCN2C(=O)COc2ccc(F)cc2)n1,2,0.5753424657534246,2.1732744879557977,0.9990730841170646
181759_3156,181759,CNCc1cc(NC)nc([C@@H]2CCCN2C(=O)COc2ccccc2OC)[nH+]1,2,0.475,1.8888644736983302,0.9990254255104182
181801_2481,181801,CNCc1cc(N(C)C)nc([C@H]2CCCN2C(=O)COc2ccc(F)cc2)[nH+]1,2,0.5866666666666667,2.2240804841551007,0.9992742552720527
181801_2480,181801,CNCc1cc(N(C)C)nc([C@@H]2CCCN2C(=O)COc2ccc(F)cc2)n1,2,0.5753424657534246,1.8151267173392351,0.998841208559087
181759_3157,181759,CNCc1cc(NC)nc([C@@H]2CCCN2C(=O)COc2ccccc2OC)n1,2,0.4675324675324675,2.6525397263753794,0.99930434794692
36933671_112,36933671,Cc1noc(C(C)C)c1C(=O)N1C[C@@H](c2ccccc2)O[C@@H](C)C1,2,0.4696969696969697,2.348599582730135,0.9991351102377062
49953664_952,49953664,COc1ccc2nc(C)nc(N3CC(O)(c4ccc(F)cc4)C3)c2c1,2,0.5636363636363636,1.429019244097477,0.9985242074196946
49953664_953,49953664,COc1ccc2[nH+]c(C)nc(N3CC(O)(c4ccc(F)cc4)C3)c2c1,2,0.5789473684210527,1.7244155531658365,0.9980329094772522
49953664_954,49953664,COc1ccc2nc(C)[nH+]c(N3CC(O)(c4ccc(F)cc4)C3)c2c1,2,0.5689655172413793,2.1622823589900504,0.9988146305750445
316762184_3593,316762184,COc1cc2c(cc1OC)-c1n[nH]c(NCc3c(Cl)cccc3Cl)c1C2=O,2,0.3333333333333333,4.036317009353941,0.9994441700039818
316762184_3594,316762184,COc1cc2c(cc1OC)-c1[nH]nc(NCc3c(Cl)cccc3Cl)c1C2=O,2,0.328125,2.93923850682543,0.9993747152989844
232900428_3086,232900428,COCC(=O)Nc1ccc(NC(=O)Cc2cc(C)ccc2C)cc1,2,0.43137254901960786,2.505266852053969,0.9991402436137907
31708035_1561,31708035,Nc1ccc(CC(=O)Nc2ccccc2F)cc1,2,0.35714285714285715,1.5935874623001778,0.9992114015206313
232838707_2954,232838707,COCC(=O)Nc1ccc(NC(=O)Cc2ccc(C(F)(F)F)cc2)cc1,2,0.45098039215686275,1.474590790693978,0.9980025686312815
25610913_886,25610913,COc1ccc(-c2nnc3ccc(C(F)(F)F)cn23)cc1OC(C)C,2,0.29310344827586204,1.5696799036747335,0.9987865527820557
48339568_345,48339568,Cc1noc(C)c1C(=O)N1CCCN(c2ccc(F)cc2)CC1,2,0.375,1.8594310957926632,0.9984877350136245
2502094_2208,2502094,Cn1cnnc1-c1cccc([N-]S(=O)(=O)c2ccc(N3CCCC3=O)cc2)c1,2,0.7049180327868853,3.384370399350644,0.9967915053325166
2502094_2207,2502094,Cn1cnnc1-c1cccc(NS(=O)(=O)c2ccc(N3CCCC3=O)cc2)c1,2,0.7049180327868853,1.4712583049885908,0.9992754621215234
183257_1801,183257,CCOc1ccccc1C(=O)N1CCC(c2nc(-c3ccc(OC)cc3)c(C(N)=O)[nH]2)CC1,2,0.6338028169014085,3.1455007550467866,0.9994616333664469
183257_1800,183257,CCOc1ccccc1C(=O)N1CCC(c2nc(C(N)=O)c(-c3ccc(OC)cc3)[nH]2)CC1,2,0.6338028169014085,3.222146799883712,0.9991573777590271
33353814_2029,33353814,O=C(NC1CCCCCC1)c1ccc(-c2cnco2)cc1,2,0.5,1.4153918185438232,0.9984143251380359
43141052_1044,43141052,N#Cc1ccccc1-c1ccc(-c2nccn2-c2cccnc2)o1,2,0.27419354838709675,1.65581218741699,0.9991554581395424
43141052_1045,43141052,N#Cc1ccccc1-c1ccc(-c2[nH+]ccn2-c2cccnc2)o1,2,0.26666666666666666,3.346690902966263,0.999534858043674
7723164_1133,7723164,Cc1cccc(NC(=O)c2ccc3ccccc3c2)[nH+]1,2,0.5217391304347826,1.4795124196844665,0.9987215506332218
7723164_1132,7723164,Cc1cccc(NC(=O)c2ccc3ccccc3c2)n1,2,0.5333333333333333,1.417390912910063,0.9989414683700015
36356120_1155,36356120,CC(C)c1[nH+]c2c(n1C)CCN(c1ncnc3ccccc13)C2,2,0.6727272727272727,1.4662799869055732,0.999044917139155
36356120_1156,36356120,CC(C)c1nc2c(n1C)CC/[N+](=c1\nc[nH]c3ccccc13)C2,2,0.3333333333333333,2.232754128873481,0.9995526555246004
36356120_1154,36356120,CC(C)c1nc2c(n1C)CCN(c1ncnc3ccccc13)C2,2,0.6851851851851852,1.710720023849969,0.9992552254873851
50335071_2475,50335071,CSc1nnc(CCCNc2cc(C)cc[nH+]2)n1C1CCCC1,2,0.29850746268656714,2.365673265690228,0.9987011006337531
50335071_2474,50335071,CSc1nnc(CCCNc2cc(C)ccn2)n1C1CCCC1,2,0.30434782608695654,2.3108450835140224,0.9992756822570291
53882383_2135,53882383,CNC(=O)N1CCc2nc3ccc(Cl)cn3c(=O)c2C1,2,0.34328358208955223,1.9769094567026244,0.9995914907296076
53882535_2133,53882535,CCNC(=O)N1CCc2nc3ccc(F)cn3c(=O)c2C1,2,0.34782608695652173,1.4571695165624097,0.9996348074486285
53882535_2132,53882535,CCNC(=O)N1CCc2[nH+]c3ccc(F)cn3c(=O)c2C1,2,0.34782608695652173,1.7363386766410271,0.9997484064561781
53882383_2134,53882383,CNC(=O)N1CCc2[nH+]c3ccc(Cl)cn3c(=O)c2C1,2,0.34328358208955223,2.2552518706345985,0.999497251076933
1755438_2213,1755438,O=C(CSc1ccc(F)cc1)N1CCCC1,2,0.39622641509433965,0.4954775474223395,0.9995779307035876
29569223_510,29569223,Cc1ccc(-c2nc(C(=O)N3CCc4ccccc4C3)cs2)o1,2,0.35526315789473684,1.7454735747069532,0.9990570379242963
36966070_2199,36966070,CC1(c2nnc(-c3ccc4c(c3)OCCO4)o2)CCOCC1,2,0.5454545454545454,1.6560893695690337,0.9981445019860756
50282202_179,50282202,CCS(=O)(=O)N1CCN(c2ccc(Nc3ncc(C(N)=O)c(NC4CC4)n3)cc2)CC1,2,0.32608695652173914,3.154132527336027,0.9976799035746695
50282202_180,50282202,CCS(=O)(=O)N1CCN(c2ccc(Nc3nc(NC4CC4)c(C(N)=O)c[nH+]3)cc2)CC1,2,0.28888888888888886,2.6655811749028318,0.9970058935427654
53833498_3041,53833498,Cc1cc(N2CC[NH+](CC3CCN(C(=O)CC(C)C)CC3)CC2)[nH]n1,2,0.36619718309859156,1.5461115742407867,0.9989081145944746
53833498_3042,53833498,Cc1cc(N2CCN(CC3CCN(C(=O)CC(C)C)CC3)CC2)n[nH]1,2,0.3055555555555556,1.4811826355989166,0.9986008865175574
53833498_3040,53833498,Cc1cc(N2CC[NH+](CC3CCN(C(=O)CC(C)C)CC3)CC2)n[nH]1,2,0.36619718309859156,1.8818536074838006,0.9986557709806998
142671_428,142671,CCCNC(=O)C1(Cc2ccccn2)CCOCC1,2,0.41935483870967744,1.4193773282677775,0.9989335435144083
31231716_2261,31231716,C[C@H](Cc1cc2c(c(C(N)=O)c1)N(CCCO)CC2)[NH2+]CCOc1ccccc1OCC(F)(F)F,2,0.26744186046511625,2.6977729704329447,0.9965752379448051
193725_1517,193725,COc1ccc(NC(=O)CN2CCC(c3cc(-c4cnc(N)nc4)cc(C)[nH+]3)CC2)cc1,2,0.4186046511627907,2.2647834333548054,0.998485853853861
193725_1515,193725,COc1ccc(NC(=O)CN2CCC(c3cc(-c4cnc(N)nc4)cc(C)n3)CC2)cc1,2,0.4117647058823529,1.6264590372957393,0.9990288993894414
193725_1516,193725,COc1ccc(NC(=O)C[N@H+]2CC[C@H](c3cc(-c4cnc(N)nc4)cc(C)n3)CC2)cc1,2,0.5,2.413587164367039,0.9986913652150717
193725_1518,193725,COc1ccc(NC(=O)C[N@H+]2CC[C@@H](c3cc(-c4cnc(N)nc4)cc(C)[nH+]3)CC2)cc1,2,0.5061728395061729,3.5333287421349344,0.998335748453777
53802705_3139,53802705,COc1cccc(CN(C)c2cc(N3CCCC3)[nH+]cn2)n1,2,0.34328358208955223,1.177358484066271,0.9993981077713402
53802705_3138,53802705,COc1cccc(CN(C)c2cc(N3CCCC3)ncn2)n1,2,0.3181818181818182,2.220604647388539,0.9988535796937694
53802705_3140,53802705,COc1cccc(CN(C)c2cc(N3CCCC3)nc[nH+]2)n1,2,0.32857142857142857,1.440524210140103,0.9991250222098671
46745630_2426,46745630,Cn1nc(CNC(=O)C2CCC2)c2ccccc21,2,0.48148148148148145,1.041193545888545,0.9997134932762713
177465976_3294,177465976,O=C1CN(C(=O)c2ccc(Cl)cn2)CCN1CCc1ccccc1,2,0.5517241379310345,2.0350036855005116,0.9989915929475781
177502491_3006,177502491,CCn1nc(CNC(=O)C2CCOCC2)c2ccccc21,2,0.5254237288135594,1.2407767728322074,0.999644435421321
310102_2821,310102,OC1CCN(c2nccc(-c3cccs3)n2)CC1,2,0.5925925925925926,1.5806716926672055,0.9994759307465194
36303318_271,36303318,CN(CC#N)C(=O)c1cccc(C[NH+]2CCCC2)c1,2,0.35714285714285715,2.091065756976606,0.9985758929224017
232861763_3131,232861763,CCOCC(=O)Nc1cccc(C[NH+]2CCCC2)c1,2,0.38333333333333336,1.899335146834527,0.9985376841418758
11326025_3523,11326025,CCCNC(=O)Nc1ccc(Oc2ncnc3cc(OC)c(OC)cc23)cc1Cl,2,0.34065934065934067,2.228008078979891,0.9982229605694849
73008556_578,73008556,CCc1noc([C@H]2CC[C@H]([NH2+]CC3CCC(F)(F)CC3)CC2)n1,2,0.3225806451612903,2.7112865949581595,0.9978927535769514
13509338_3545,13509338,Cc1cc(C)c(NC(=O)Cn2nnn(-c3cccs3)c2=O)c(C)c1,2,0.43333333333333335,1.4666001500072936,0.9993671998609658
13509338_3546,13509338,Cc1cc(C)c(N/C(O)=C\n2nnn(-c3cccs3)c2=O)c(C)c1,2,0.34375,1.8461462563943305,0.9994580443591378
150193_906,150193,O=C(CN1CCC[C@@H](c2cccc(-c3cccc(Cl)c3)[nH+]2)C1)N1CCCC1,2,0.6451612903225806,2.7964947702433895,0.9963016182262967
150193_904,150193,O=C(CN1CCC[C@H](c2cccc(-c3cccc(Cl)c3)n2)C1)N1CCCC1,2,0.8363636363636363,1.1438575086085714,0.9996136165625994
150193_905,150193,O=C(C[N@H+]1CCC[C@@H](c2cccc(-c3cccc(Cl)c3)n2)C1)N1CCCC1,2,0.8448275862068966,1.6174597367477528,0.999169888190109
4731245_3522,4731245,COc1ccc(C(=O)Nc2cc(-c3ccc(F)c(F)c3)no2)cc1,2,0.359375,5.2483623159992385,0.9909236066464029
20436461_2599,20436461,CCCc1noc(CN2CCN(c3ccccc3OC)CC2)n1,2,0.3870967741935484,1.2911343849500552,0.9993721429716127
42960950_424,42960950,Cc1ccc(C[NH2+]C/C=C/c2ccccc2)cn1,2,0.5106382978723404,1.5021467970875115,0.9982408829056717
42960950_425,42960950,Cc1ccc(CNC/C=C/c2ccccc2)cn1,2,0.38461538461538464,1.6825742182737036,0.9987380860031183
32431408_1245,32431408,COc1ccc(C)cc1-c1cccnc1[O-],2,0.3877551020408163,1.2718081616346357,0.9982543768348074
32431408_1244,32431408,COc1ccc(C)cc1-c1ccc[nH]c1=O,2,0.3111111111111111,1.8822483895600155,0.9982024615153762
LN00194655_3012,LN00194655,C=C1C[C@@H]2[C@H](CC[C@]3(C)C(=O)CC[C@@H]23)[C@@]2(C)C=CC(=O)C=C12,2,0.3142857142857143,5.220728110139196,0.9982225214089006
232868057_2414,232868057,CSc1ncccc1C(=O)Nc1ccc(-c2nnc(C)[nH]2)cc1,2,0.46774193548387094,1.8401154855066522,0.9995986955638488
18918409_2041,18918409,Cc1c(-c2ccccc2)oc2c(C(=O)NCCC[NH+]3CCCCC3)cccc2c1=O,2,0.47761194029850745,2.662252617615323,0.9983392702932611
602991_465,602991,CCOc1ccc(-c2csc(N)n2)cc1,2,0.4090909090909091,0.8428054342492233,0.999233415767529
31854734_3706,31854734,Cc1cc(C)c(-c2csc(CC(N)=O)n2)cc1C,2,0.40384615384615385,3.9835430209801044,0.9842912151844623
31855457_3606,31855457,Cc1ccc(-c2csc(CC(N)=O)n2)cc1C,2,0.4423076923076923,1.995573351195055,0.999485573604968
42964650_1287,42964650,COCc1nc(-c2cc(F)ccc2F)c(C)s1,2,0.30434782608695654,1.7664586041004404,0.9986910552142813
11868858_2034,11868858,CC(=O)Nc1nc(-c2c(C)cc(C)cc2C)cs1,2,0.45454545454545453,1.6075506212866368,0.999240308833317
3573849_3589,3573849,COc1ccc(-c2csc(CC(N)=O)n2)cc1,2,0.3888888888888889,1.930357738865765,0.9994013076223895
1392865_3359,1392865,CCc1sc(N)nc1-c1ccc(OC)cc1,2,0.32075471698113206,1.6428128317007393,0.9994367546700424
18867454_967,18867454,COc1ccc(-c2nc(CC(N)=O)sc2C)cc1,2,0.36764705882352944,1.486872893020623,0.9991275988649877
193781_791,193781,COc1ccc2c(c1)C=C(C[N@H+]1CC[C@@H](c3cc(-c4cncnc4)cc(C)[nH+]3)CC1)CO2,2,0.7971014492753623,2.849515572864811,0.9977567446302072
193781_790,193781,COc1ccc2c(c1)C=C(C[N@H+]1CC[C@H](c3cc(-c4cncnc4)cc(C)n3)CC1)CO2,2,0.7941176470588235,2.6646279289986934,0.9971955478054174
MCULE-6181763916_1962,MCULE-6181763916,Cc1noc(OCC(=O)N2CCCCCC2)n1,2,0.3888888888888889,2.1048800440881186,0.9949773370715614
232863503_2418,232863503,CC[N@H+]1CC[C@H](CCNc2nc(N(C)C)c(C)c[nH+]2)CC1,2,0.4482758620689655,2.7308635996694273,0.9983178731475475
232863503_2419,232863503,CC[N@H+]1CC[C@H](CCNc2ncc(C)c(N(C)C)n2)CC1,2,0.43859649122807015,2.0688702230923695,0.9988302461962156
232863503_2420,232863503,CC[N@H+]1CC[C@@H](CCNc2ncc(C)c(N(C)C)[nH+]2)CC1,2,0.4482758620689655,2.7176383129471726,0.9984458339111053
Z102329238_943,Z102329238,Cn1c(CNC(=O)Cc2cccc3ccccc23)nc2ccccc21,2,0.7021276595744681,1.7553748887343894,0.9991257728786964
Z102329238_944,Z102329238,Cn1c(CNC(=O)Cc2cccc3ccccc23)[nH+]c2ccccc21,2,0.6875,1.5927925163060022,0.9987388629575634
29578860_299,29578860,Cc1cc(C(=O)Nc2cccc3ncccc23)on1,2,0.43103448275862066,1.306951031983108,0.9997166793515877
23829815_924,23829815,O=C(c1ccccc1-n1cccn1)N1CC[NH+](Cc2cccnc2)CC1,2,0.34328358208955223,2.360218845784952,0.9993582303792167
23829815_925,23829815,O=C(c1ccccc1-n1cccn1)N1CCN(Cc2cccnc2)CC1,2,0.3793103448275862,0.9813251245121147,0.9995344876643916
4758327_872,4758327,O=C(NCCNC(=O)c1cc(-c2ccccc2)nc2ccccc12)c1ccco1,2,0.6666666666666666,1.6280703301757051,0.9993400685698531
35765811_1251,35765811,C[NH+]1CCN(C(=O)C2(NC(=O)c3ccc(C(F)(F)F)cc3)CCCC2)CC1,2,0.34328358208955223,2.3870060745627733,0.9979378990871317
35765811_1252,35765811,CN1CCN(C(=O)C2(NC(=O)c3ccc(C(F)(F)F)cc3)CCCC2)CC1,2,0.375,2.5818413971428895,0.9982493037785999
30016064_649,30016064,Cc1nn(C)c2ncc(C(=O)Nc3ccc4c(c3)CCO4)cc12,2,0.46875,1.6124248819712892,0.9996627109229
49973152_3186,49973152,Cc1ccc(C#N)c(NCc2ccccc2-n2ccnc2)[nH+]1,2,0.32857142857142857,1.4863724297757148,0.9996233014285348
49973152_3185,49973152,Cc1ccc(C#N)c(NCc2ccccc2-n2ccnc2)n1,2,0.3333333333333333,1.551588863069074,0.9996921045151017
27369500_918,27369500,Cc1ccc(C(=O)C(=O)Nc2c(C)nn(C)c2C)cc1,2,0.40384615384615385,1.7560034168535097,0.9995255242101775
49949882_845,49949882,Cc1ccc(F)cc1CNc1cc(C(=O)N(C)C)ccn1,2,0.5818181818181818,0.7918181609443319,0.9995875735499856
49962786_2804,49962786,CN(C)C(=O)c1ccnc(NCc2cccc(C#N)c2)c1,2,0.5084745762711864,1.3820336464795748,0.9990622267482399
49949882_846,49949882,Cc1ccc(F)cc1CNc1cc(C(=O)N(C)C)cc[nH+]1,2,0.5818181818181818,1.7840748302691678,0.9989026390538972
49962786_2805,49962786,CN(C)C(=O)c1cc[nH+]c(NCc2cccc(C#N)c2)c1,2,0.5084745762711864,1.5079751324209278,0.9983455113296533
16021876_2161,16021876,Cc1cc(C(=O)Nc2ccc(C)c(C)c2)n(-c2ccccc2)n1,2,0.4909090909090909,1.3104667107564238,0.9991846834097851
326092_1751,326092,Fc1cccc(CCNCc2cc(-c3ccccc3)cn3nnnc23)c1,2,0.30434782608695654,1.4652627750676797,0.9985657336703267
326092_1750,326092,Fc1cccc(CC[NH2+]Cc2cc(-c3ccccc3)cn3nnnc23)c1,2,0.3088235294117647,1.0863369642976866,0.9989352233354297
49335777_1711,49335777,Cn1cc(C[NH+]2CCN(c3ccccc3O)CC2)c(-c2ccncc2)n1,2,0.3559322033898305,1.5095542388392877,0.9994948567843112
49335777_1712,49335777,Cn1cc(CN2CCN(c3ccccc3O)CC2)c(-c2ccncc2)n1,2,0.328125,1.8040379707751153,0.9990989894063537
35754209_1947,35754209,CCN1CCc2ncnc(N(C)Cc3ccc4c(c3)OCCO4)c2C1,2,0.5076923076923077,1.5776999080941931,0.9989408094524663
35754209_1946,35754209,CC[N@@H+]1CCc2ncnc(N(C)Cc3ccc4c(c3)OCCO4)c2C1,2,0.5076923076923077,1.8755220606540013,0.9980437250911818
48250318_2278,48250318,C#CCNC(=O)N(Cc1ccccc1F)C1CCOCC1,2,0.3424657534246575,1.2115618019732686,0.9987210759904142
49122070_3346,49122070,Cc1cccc(C)c1C[NH2+]C1(CCO)CCOCC1,2,0.44680851063829785,1.795140105952644,0.9991659258591277
49299793_1598,49299793,Brc1cc2c(cc1Cn1cncn1)OCCCO2,2,0.36538461538461536,1.1975604368880879,0.9985832573287596
49942166_142,49942166,Cc1oc2ccccc2c1CNc1[nH+]nc(-c2ccncc2)o1,2,0.5357142857142857,2.8028514052647933,0.9996981301600097
49942166_143,49942166,Cc1oc2ccccc2c1C/N=c1\[nH]nc(-c2ccncc2)o1,2,0.5357142857142857,2.5457437027309813,0.9996857962284282
49942166_141,49942166,Cc1oc2ccccc2c1CNc1nnc(-c2ccncc2)o1,2,0.5185185185185185,2.4278653175146436,0.9997381793032156
316928211_3474,316928211,O=C(Nc1cccc(N2CCNC2=O)c1)[C@H]1NCC12CCCC2,2,0.5737704918032787,2.6640519889816634,0.9986353417357999
316928211_3475,316928211,O=C(Nc1cccc(N2CCNC2=O)c1)[C@H]1[NH2+]CC12CCCC2,2,0.5645161290322581,2.326216885846455,0.9986037874393159
36662662_814,36662662,Cc1cc(C(=O)Nc2c(C)nn(C(C)C)c2C)c2ccc(F)cc2n1,2,0.44776119402985076,1.632280919449881,0.9997737183486819
14858512_933,14858512,N#Cc1cccnc1NCCc1ccc(F)cc1,2,0.509090909090909,1.3688191991639316,0.9991407801579407
14858512_934,14858512,N#Cc1ccc[nH+]c1NCCc1ccc(F)cc1,2,0.5,1.2306636421052672,0.9982150617743681
31239684_603,31239684,Oc1c(-c2ccc(F)cc2)c(-c2ccncc2)nn1-c1ccc(Cl)cc1,2,0.32727272727272727,1.5822834764978895,0.9995592365119175
31239684_602,31239684,[O-]c1c(-c2ccc(F)cc2)c(-c2ccncc2)nn1-c1ccc(Cl)cc1,2,0.35185185185185186,3.4979295304508478,0.9968365925480991
31239684_601,31239684,O=c1c(-c2ccc(F)cc2)c(-c2ccncc2)[nH]n1-c1ccc(Cl)cc1,2,0.3392857142857143,1.261105070959715,0.9996813238934106
44591290_1509,44591290,O=C(c1cnc(-c2ccccc2)s1)N1CCOC2(CCCC2)C1,2,0.3283582089552239,1.6371423273496448,0.9996244344697748
49424084_194,49424084,C=CC(=O)Nc1cccc(Nc2nc(Nc3ccc(Oc4ccnc(C(=O)NC)c4)cc3)ncc2F)c1,2,0.676056338028169,3.5059328287911398,0.9987882401080107
32176636_3704,32176636,Cc1ccc(C(=O)Nc2ccc(C[NH+]3CCN(C)CC3)c(C(F)(F)F)c2)cc1C#Cc1c[nH+]c2cccnn12,2,0.2696629213483146,3.5107788309724843,0.9967498239563289
32176636_3705,32176636,Cc1ccc(C(=O)Nc2ccc(CN3CC[NH+](C)CC3)c(C(F)(F)F)c2)cc1C#Cc1cnc2cccnn12,2,0.2743362831858407,3.0989282018142004,0.9974283858938527
32176636_3703,32176636,Cc1ccc(C(=O)Nc2ccc(CN3CC[NH+](C)CC3)c(C(F)(F)F)c2)cc1C#Cc1c[nH+]c2cccnn12,2,0.26956521739130435,2.977593155553727,0.9980975346175572
44811418_8,44811418,CC(C)NC(=O)COc1cccc(-c2nc(Nc3ccc4[nH]ncc4c3)c3ccccc3n2)c1,2,0.3424657534246575,2.5805257216305706,0.9988427504314772
44811418_9,44811418,CC(C)NC(=O)COc1cccc(-c2nc(Nc3ccc4[nH]ncc4c3)c3ccccc3[nH+]2)c1,2,0.35526315789473684,2.3628552642928793,0.9988823680476981
24070010_1347,24070010,Cc1sc2[nH+]c(CN3CCOCC3)nc(N3CCN(c4cc[nH+]cc4)CC3)c2c1C,2,0.3902439024390244,5.503213243187925,0.9993220477593473
24070010_1344,24070010,Cc1sc2nc(CN3CCOCC3)nc(N3CCN(c4cc[nH+]cc4)CC3)c2c1C,2,0.5,3.520172723035357,0.9991463718141701
24070010_1346,24070010,Cc1sc2nc(C[NH+]3CCOCC3)nc(N3CCN(c4cc[nH+]cc4)CC3)c2c1C,2,0.5142857142857142,3.9224375074697218,0.9989385579903434
24070010_1345,24070010,Cc1sc2nc(CN3CCOCC3)nc(N3CCN(c4ccncc4)CC3)c2c1C,2,0.5538461538461539,3.3170532103054704,0.9989048765459054
301928950_3505,301928950,C[C@@H]1C[C@H]([NH3+])CCN1C(=O)c1cc(N2CCNC2=O)c(F)cc1F,2,0.4117647058823529,1.9103771878873694,0.9990282713022999
24888190_573,24888190,O=C1CCCN1c1ccc(C[N@H+]2CC[C@@H](c3noc4cc(F)ccc43)CC2)cc1,2,0.3333333333333333,2.58246916728951,0.9989012509007624
49354187_2272,49354187,O=S1(=O)CCN(C2CCN(CC(F)(F)F)CC2)CC1,2,0.2037037037037037,1.9063483417256588,0.9987242763389615
49354187_2273,49354187,O=S1(=O)CC[NH+](C2CCN(CC(F)(F)F)CC2)CC1,2,0.23214285714285715,1.4595790489041003,0.9984404020244403
48313236_1034,48313236,Cc1nn(-c2ccc(F)cc2)c(Cl)c1C(=O)N1CCC(S(=O)(=O)C(C)C)CC1,2,0.4225352112676056,1.8923231753586065,0.9982999103566678
45816980_63,45816980,COc1nn(C)cc1C(=O)Nc1cccc(-c2c[nH+]c3n2CCC3)c1,2,0.3493975903614458,2.0831588993642525,0.999581915109666
43216036_11,43216036,CCS(=O)(=O)N1CC(CC#N)(n2cc(-c3[nH+]cnc4[nH]ccc34)cn2)C1,2,0.3142857142857143,2.8893973420072023,0.9989794144530856
43216036_10,43216036,CCS(=O)(=O)N1CC(CC#N)(n2cc(-c3ncnc4[nH]ccc34)cn2)C1,2,0.29411764705882354,2.487545577471498,0.9989351017094708
171948518_3426,171948518,Cc1ccc(Cl)c(OC[C@@]2(O)C[N@@H+](C3CCC3)CC[C@@H]2O)c1,2,0.9574468085106383,2.1374161971873753,0.9984693892225018
171948518_3427,171948518,Cc1ccc(Cl)c(OC[C@@]2(O)CN(C3CCC3)CC[C@@H]2O)c1,2,0.576271186440678,2.9439274787262533,0.9985015577633098
31246617_113,31246617,C[N@@H+](Cc1ccccc1)C1(C(=O)N2CCNC(=O)CC2)Cc2ccccc2C1,2,0.30985915492957744,1.655315075749196,0.999363923933314
31246617_114,31246617,CN(Cc1ccccc1)C1(C(=O)N2CCNC(=O)CC2)Cc2ccccc2C1,2,0.30985915492957744,2.2061273761953553,0.9987202576221376
36435318_1728,36435318,Cc1nnc(-c2ccccc2-c2ccc(O)cc2)s1,2,0.37735849056603776,1.6497948357296774,0.9974425746831008
36435318_1729,36435318,Cc1nnc(-c2ccccc2-c2ccc([O-])cc2)s1,2,0.35185185185185186,1.1242566432982979,0.9992737548352548
49948650_2428,49948650,CN(Cc1ccc(N)[nH+]c1)c1nc(C(F)(F)F)cs1,2,0.5106382978723404,1.4653125946370895,0.9991748912693104
49948650_2427,49948650,CN(Cc1ccc(N)nc1)c1nc(C(F)(F)F)cs1,2,0.5,1.930686665412121,0.9989454610841055
2017461_3569,2017461,O=C(Nc1ccccc1)Nc1ccc(OC(F)(F)F)cc1,2,0.421875,2.0008495695578494,0.9973052536436203
44457145_1951,44457145,CNC(=O)c1ccccc1Nc1nc(Nc2ccc(N3CCOCC3)cc2OC)ncc1Cl,2,0.4772727272727273,1.99227332462213,0.9990950279524697
48761324_346,48761324,COCC1CCN(c2noc(-c3cccs3)n2)CC1,2,0.3333333333333333,1.7647793063157902,0.9989625103925308
50568787_1054,50568787,CN(CC(=O)Nc1cc(F)cc(F)c1)c1ccnc(C(N)=O)c1,2,0.38596491228070173,1.6970262225437323,0.9988911267321295
43495449_3595,43495449,O=c1[nH]c2nc(N3CCc4ccccc4C3)ncc2c(=O)n1-c1ccccc1,2,0.4090909090909091,1.2860940867614843,0.9994659205308656
1557197_2221,1557197,Cc1cccc(-n2c(CNc3ccc(F)cc3)n[nH+]c2[S-])c1,2,0.4,2.534269125408647,0.9987909786381206
205729538_2229,205729538,O=C(Nc1ccccc1)N1CCCc2cnc(N3CCOCC3)nc21,2,0.515625,1.4357047050137086,0.9991448084764428
205729538_2230,205729538,O=C(Nc1ccccc1)N1CCCc2c[nH+]c(N3CCOCC3)nc21,2,0.5230769230769231,2.1695437308328196,0.9996908385326753
73023165_2246,73023165,CC(=O)Nc1ccccc1C[N@H+]1CC[C@H](c2nnc3ccccn32)CC1,2,0.5538461538461539,1.3964537228267775,0.9994484492696517
177465521_2328,177465521,Cc1ccc(-c2ccc(N(C)CCO)nn2)c(-n2cccn2)c1,2,0.323943661971831,1.5055660065234708,0.99930211284894
82737949_3005,82737949,COc1ncc(C(=O)NCc2cnn3cccnc23)cn1,2,0.5423728813559322,1.874024279458126,0.9994215697648327
43427775_1777,43427775,Cc1cc(NCc2ccnc(N3CCCC3)c2)c2ccccc2n1,2,0.3880597014925373,2.148754988359178,0.9993220693173162
43427775_1778,43427775,Cc1cc(NCc2cc[nH+]c(N3CCCC3)c2)c2ccccc2[nH+]1,2,0.3880597014925373,2.914928472535758,0.9986871993461562
43427775_1776,43427775,Cc1cc(NCc2ccnc(N3CCCC3)c2)c2ccccc2[nH+]1,2,0.39705882352941174,1.710006725132977,0.9995397301711058
177508549_2411,177508549,O=C(CCc1cn[nH]c1)NCCCn1cc(Cl)cn1,2,0.5555555555555556,2.174929654035915,0.9992970076190932
313517655_2582,313517655,CC(C)Cc1nn(C)c(=O)c2c(SCCCO)n(Cc3cccc4ccccc34)cc12,2,0.23255813953488372,3.1916083719655863,0.9990280210574302
53927369_1429,53927369,Cc1cn(CCN2CCN(c3ccccc3-c3cc(C#N)cc(C(=O)NCCC[NH+]4CCCC4)c3)CC2)c2ccccc12,2,0.4,6.20798083115593,0.9963079845253799
53927369_1428,53927369,Cc1cn(CC[NH+]2CCN(c3ccccc3-c3cc(C#N)cc(C(=O)NCCC[NH+]4CCCC4)c3)CC2)c2ccccc12,2,0.40963855421686746,6.438583850506306,0.9962881452528175
2205552_1699,2205552,C[N@@H+](CCOCCOc1ccccc1-c1ccccc1)Cc1ccccc1,2,0.3181818181818182,1.7429397579949863,0.9985631307452518
2205552_1700,2205552,CN(CCOCCOc1ccccc1-c1ccccc1)Cc1ccccc1,2,0.31343283582089554,3.5958334221706445,0.9970235915515946
45697853_1837,45697853,N#CC1(C[N@H+]2CCc3cc(-c4ccccc4)oc3C2)CC1,2,0.2463768115942029,1.642441475365512,0.9991307501057907
45697853_1836,45697853,N#CC1(CN2CCc3cc(-c4ccccc4)oc3C2)CC1,2,0.24285714285714285,1.6787668092976262,0.9985160493534769
1734240_844,1734240,CS(=O)(=O)N(CC(=O)Nc1ccccc1C(=O)NCc1ccco1)c1ccc(F)cc1,2,0.35714285714285715,2.0628225808341822,0.9986875286098402
50127813_892,50127813,O=C(NCc1cccc(F)c1)c1nn[n-]c1-c1ccccc1,2,0.4074074074074074,2.487088056342448,0.9993799181213934
50127813_893,50127813,O=C(NCc1cccc(F)c1)c1nn[nH]c1-c1ccccc1,2,0.4,2.083029284479868,0.9988891248270391
72973342_351,72973342,Cn1cc(-c2ccc(-c3cncc(Cl)c3N3CCC4(CCNC4=O)CC3)cc2)cn1,2,0.27058823529411763,3.492226939933757,0.9994878205142486
72973342_352,72973342,Cn1cc(-c2ccc(-c3c[nH+]cc(Cl)c3N3CCC4(CCNC4=O)CC3)cc2)cn1,2,0.2823529411764706,3.5370084817540275,0.9982124624343707
25428520_1554,25428520,COc1ccccc1-c1nc(C(=O)[O-])cs1,2,0.3673469387755102,2.023851032067405,0.9990169022967502
16784498_789,16784498,COc1cccc(-c2nc(C(=O)[O-])cs2)c1OC,2,0.3541666666666667,2.771515469919139,0.998547351242441
4742397_2154,4742397,Cc1ccc(-c2nc(CC(=O)NCCC(C)C)cs2)cc1,2,0.4444444444444444,1.722718781461377,0.9989219869359364
31856931_389,31856931,CNC(=O)Cc1csc(-c2ccc(C)cc2)n1,2,0.4489795918367347,1.6973591252296145,0.9992408485279708
35715808_989,35715808,CC(C)NC(=O)c1cc(-c2ccccc2)n(-c2ccccn2)n1,2,0.4107142857142857,1.231001218520499,0.9995355285716614
89942329_3585,89942329,Cc1c(NC(=O)c2cc(C(N)=O)nc3cc(F)ccc23)c(C(F)(F)F)nn1Cc1ccc(C#N)cc1,2,0.3181818181818182,2.385228500584871,0.9995834971241828
36906076_1538,36906076,O=C1CN(C(=O)c2ccc(F)cc2)CCN1,2,0.5,1.4674447178684227,0.9996591359021976
30431093_1929,30431093,Cn1ncc2c1CCc1sc(NC(=O)c3cccnc3)nc1-2,2,0.423728813559322,1.6457156498015848,0.9997745963330702
49033160_2346,49033160,O=C(CC/C=C/c1ccccc1)Nc1ccccc1N1CCOC1=O,2,0.47619047619047616,2.2190428116644854,0.9994528688258452
877481_2888,877481,Clc1ccc2c(c1)CCc1cccnc1C2=C1CC[NH2+]CC1,2,0.23333333333333334,2.1911807319343555,0.9986617682725221
299985775_5,299985775,CC(C)[NH2+]C[C@H](O)COc1cccc2ccccc12,2,0.3090909090909091,1.6007085930926475,0.9977578127459038
300042043_1510,300042043,Clc1ccccc1C[NH2+]Cc1ccc2c(c1)OCCO2,2,0.46938775510204084,1.803949555835702,0.9975898857360366
300042043_1511,300042043,Clc1ccccc1CNCc1ccc2c(c1)OCCO2,2,0.4489795918367347,2.3480574950371933,0.9989913727366584
171974271_3034,171974271,CC(=O)N(C)[C@@H]1CO[C@@H]2CC[N@H+](C[C@]3(O)CC[C@@H](C(C)(C)C)CC3)C[C@@H]2C[C@@]1(C)O,2,0.3048780487804878,7.310307243885414,0.999121303286421
31918332_2786,31918332,Cc1nc(Cc2ccccc2)sc1C(=O)Nc1cccc(-c2cc[nH]n2)c1,2,0.7192982456140351,1.934819888258328,0.9991765713326988
31918332_2787,31918332,Cc1nc(Cc2ccccc2)sc1C(=O)Nc1cccc(-c2ccn[nH]2)c1,2,0.7192982456140351,1.76269225901737,0.9991838256068385
301048201_172,301048201,CC(C)(C)c1ccc(C(=O)Nc2cn3cc(-n4ccnc4)ccc3[nH+]2)cc1,2,0.375,4.196913389624252,0.9980956830963537
301048201_173,301048201,CC(C)(C)c1ccc(C(=O)Nc2cn3cc(-n4cc[nH+]c4)ccc3[nH+]2)cc1,2,0.38095238095238093,5.252054455162639,0.9982218961947892
43127347_598,43127347,Cn1ncc2cc(-c3ccnc4[nH]ccc34)ccc21,2,0.4807692307692308,1.2508385187541753,0.9997950994682135
43366900_162,43366900,Cc1nc(C(=O)NCC(=O)[O-])c([O-])c2ccc(Oc3ccccc3)cc12,2,0.30158730158730157,3.8661447205189017,0.998028788538684
43366900_163,43366900,Cc1[nH+]c(C(=O)NCC(=O)[O-])c([O-])c2ccc(Oc3ccccc3)cc12,2,0.3,2.443634588067659,0.9983585438390085
6887028_673,6887028,Cc1cc(N)n(-c2ncnc3sc(C)c(-c4ccc(Cl)cc4)c23)n1,2,0.2535211267605634,4.201645748989166,0.9995610495250548
197921_3117,197921,Cc1cc(Nc2ncccn2)cc([C@@H]2CCCN(CC(=O)Nc3ccc(F)cc3)C2)n1,2,0.6052631578947368,1.8239221474613696,0.9992579643051621
197921_3115,197921,Cc1cc(Nc2ncccn2)cc([C@@H]2CCCN(CC(=O)Nc3ccc(F)cc3)C2)[nH+]1,2,0.6103896103896104,2.3725861417447787,0.9990893833484371
197921_3116,197921,Cc1cc(Nc2ncccn2)cc([C@@H]2CCC[N@H+](CC(=O)Nc3ccc(F)cc3)C2)[nH+]1,2,0.5324675324675324,2.580176544347028,0.9991608778844391
49383383_3374,49383383,C[C@H](NC(=O)CCC(F)(F)F)C(=O)N[C@@H]1C(=O)N(CCO)c2ncccc2-c2ccccc21,2,0.25609756097560976,2.1990923127509014,0.9993130167521752
31378111_1219,31378111,CN(Cc1cnn(C)c1)C(=O)c1ccccc1-c1ccccc1C#N,2,0.4375,1.6278651664065347,0.9983652098535354
33297195_347,33297195,NC(=O)COc1ccccc1-c1ccccc1,2,0.40476190476190477,1.520714963430044,0.995261310782837
68918136_2600,68918136,CCOCCNC(=O)c1cccc(-c2cc(F)ccc2OC)c1,2,0.4782608695652174,1.7843368516064717,0.9987868786011089
36467131_507,36467131,CCOc1ccc(-c2ccccc2NC(=O)COC)cc1,2,0.38596491228070173,1.6835940722156002,0.9970407744624229
35732653_201,35732653,Cc1c[nH]c(=O)n1-c1ccc(C(=O)Nc2ccc3ccccc3n2)cc1,2,0.5517241379310345,2.304114797486769,0.9994092395876447
36915937_984,36915937,O=C(CCNc1nccc[nH+]1)N1CCc2ccccc2C1,2,0.36065573770491804,1.5983560304264863,0.9982781667243567
36915937_983,36915937,O=C(CCNc1ncccn1)N1CCc2ccccc2C1,2,0.36666666666666664,1.6889532261136624,0.9988418726213101
42961472_1894,42961472,Cc1ccc(-c2noc(CCC(=O)N3CCCC3(C)C)n2)cc1F,2,0.32857142857142857,1.8775744991880015,0.9989370834748978
177377491_3264,177377491,Cc1[nH]nc(CCC(=O)NCCCOC2CCCC2)c1C,2,0.9782608695652174,1.7241177453993384,0.9986668977570721
177377491_3265,177377491,Cc1n[nH]c(CCC(=O)NCCCOC2CCCC2)c1C,2,0.9782608695652174,1.9240278064522431,0.9989119892087457
31842542_837,31842542,CC1CCN(C(=O)c2n[nH]c3ccccc23)CC1,2,0.38181818181818183,1.4403357247530086,0.999414618718328
48931495_2292,48931495,Cc1ccc(NC(=O)C[N@@H+](C)C2CCCCC2)cc1S(=O)(=O)N(C)C,2,0.532258064516129,2.2791537903351924,0.9973298644992882
48931495_2293,48931495,Cc1ccc(NC(=O)CN(C)C2CCCCC2)cc1S(=O)(=O)N(C)C,2,0.5423728813559322,2.6142455890753062,0.9961350796988829
36286506_822,36286506,CCCN(C)C(=O)Nc1cccc(-c2nnc3n2CCCCC3)c1,2,0.6060606060606061,1.8281474229394437,0.9993320458410595
50897900_2069,50897900,CCc1nc(C(N)=O)c(Nc2ccc(N3CCC([N@H+]4CC[N@@H+](C)CC4)CC3)c(OC)c2)nc1NC1CCOCC1,2,0.3238095238095238,6.832792181823862,0.9988663557216763
50897900_2070,50897900,CCc1nc(C(N)=O)c(Nc2ccc(N3CCC([NH+]4CCN(C)CC4)CC3)c(OC)c2)[nH+]c1NC1CCOCC1,2,0.3055555555555556,6.462420289643724,0.99782339430769
50897900_2067,50897900,CCc1nc(C(N)=O)c(Nc2ccc(N3CCC([NH+]4CCN(C)CC4)CC3)c(OC)c2)nc1NC1CCOCC1,2,0.3113207547169811,5.4628846775310524,0.998186544141751
50897900_2068,50897900,CCc1nc(C(N)=O)c(Nc2ccc(N3CCC(N4CC[NH+](C)CC4)CC3)c(OC)c2)nc1NC1CCOCC1,2,0.3368421052631579,4.615635167557691,0.9985205428626066
60174406_1468,60174406,Cc1cc2c(C(N)=O)cccc2n1-c1nc2c(c(NCc3ccccc3)n1)COCC2,2,0.27380952380952384,1.4635576517517421,0.9995280999310007
60174406_1469,60174406,Cc1cc2c(C(N)=O)cccc2n1-c1nc(NCc2ccccc2)c2c([nH+]1)CCOC2,2,0.25925925925925924,3.6604912238661647,0.9991798500015462
265683_2730,265683,COc1cccc(CC(=O)N2CCO[C@@H](c3cc(Nc4nnc(C)s4)cc(C)[nH+]3)C2)c1,2,0.6794871794871795,1.9868857541390206,0.9996007408732482
265683_2731,265683,COc1cccc(CC(=O)N2CCO[C@H](c3cc(/N=c4\[nH]nc(C)s4)cc(C)n3)C2)c1,2,0.6923076923076923,1.369340352140607,0.9992197843764766
265683_2729,265683,COc1cccc(CC(=O)N2CCO[C@H](c3cc(Nc4nnc(C)s4)cc(C)n3)C2)c1,2,0.6842105263157895,1.7414620294451133,0.9989187933747324
33313717_1494,33313717,Cn1cc(C(=O)NCCc2c[nH]c3ccccc23)c(-c2cccnc2)n1,2,0.37142857142857144,3.2580254756517313,0.999597878519265
2521907_1012,2521907,O=C(CSc1nnc[nH]1)N(C1CCCCC1)C1CCCCC1,2,0.2833333333333333,2.563578943586384,0.9970592902356018
181731_2745,181731,CNc1cc(C[NH2+]C)nc([C@@H]2CCCN2C(=O)C(C)(C)c2ccc(C)cc2)n1,2,0.4358974358974359,3.048076114535398,0.9989390375848329
181731_2746,181731,CNCc1cc(NC)nc([C@@H]2CCCN2C(=O)C(C)(C)c2ccc(C)cc2)[nH+]1,2,0.45569620253164556,2.389090621973001,0.9985484715441311
181731_2748,181731,CNc1cc(C[NH2+]C)[nH+]c([C@H]2CCCN2C(=O)C(C)(C)c2ccc(C)cc2)n1,2,0.36046511627906974,2.375142732552972,0.9992055276108067
181731_2747,181731,CNCc1cc(NC)nc([C@@H]2CCCN2C(=O)C(C)(C)c2ccc(C)cc2)n1,2,0.4473684210526316,3.200266395161418,0.9993590143562833
140213_1127,140213,C=CCNC(=O)C1(Cc2ccc(-c3ccccc3)cc2)CCN(C(=O)c2cccnc2)CC1,2,0.4507042253521127,2.075200954124716,0.9980364228277795
36659962_864,36659962,COC(=O)N1CCCN(C(=O)C(=O)Nc2cccc(C(C)C)c2)CC1,2,0.36666666666666664,1.6408570931064055,0.9988188146131487
49863653_941,49863653,C[C@@H](c1ccc2ccc(O[C@H]3CC[C@H](C(F)(F)F)CC3)c(C(F)(F)F)c2c1)[N@@H+]1[C@@H]2CC[C@H]1C[C@H](C(=O)[O-])C2,2,0.2191780821917808,4.991046783992341,0.997324580003955
177400113_2264,177400113,CCn1ncc(CN(C)C(=O)c2ccc(-c3nc(C)cc(C)n3)cc2)c1C,2,0.33766233766233766,2.1505380722043395,0.9987150027753839
137015_287,137015,CCCn1cc(C(=O)N2CCC(c3n[nH]cc3C(=O)N(C)Cc3ccccc3)CC2)cn1,2,0.6818181818181818,2.77680625899605,0.9989648844991605
137015_286,137015,CCCn1cc(C(=O)N2CCC(c3[nH]ncc3C(=O)N(C)Cc3ccccc3)CC2)cn1,2,0.6617647058823529,2.8357420545610696,0.9993488141674275
31356688_1887,31356688,O=C(CCn1nnc2ccccc2c1=O)Nc1cc[nH+]cc1,2,0.43859649122807015,1.459914723537543,0.9988545705822218
31356688_1886,31356688,O=C(CCn1nnc2ccccc2c1=O)Nc1ccncc1,2,0.44642857142857145,1.2644662905750352,0.9993660112309533
42923335_375,42923335,Cc1cc(NC(=O)C2CCOCC2)sn1,2,0.375,1.157010803753172,0.9998144701258647
48876547_3341,48876547,CCn1c(C(=O)N(C2CC2)C2CC2)cc2c3c(ncn3C)c(Nc3cc(C)n(C)n3)nc21,2,0.27058823529411763,7.59813766656025,0.9992208646164416
48876547_3342,48876547,CCn1c(C(=O)N(C2CC2)C2CC2)cc2c3c(ncn3C)c(Nc3cc(C)n(C)n3)[nH+]c21,2,0.25287356321839083,7.447022962231577,0.9993766944108681
17660388_1668,17660388,Cn1c(=O)c2c([nH+]c3n2CCN3Cc2c(F)cccc2Cl)n(C)c1=O,2,0.3333333333333333,2.1252837457616747,0.9992569076391951
43251541_528,43251541,Cc1cc(C(=O)N(C)C2CCC2)n2nccc2n1,2,0.5490196078431373,1.6026556086696189,0.999530055240072
49317565_3165,49317565,OC1(Cc2nc(-c3ccsc3)no2)CCCCC1,2,0.3880597014925373,1.6797764732245564,0.998996368836429
348408_3043,348408,Cc1ccc(=O)n(C[C@]2(O)CC[N@H+](Cc3cccs3)CC2)n1,2,0.3188405797101449,2.457850076794293,0.9990496295225223
348408_3044,348408,Cc1ccc(=O)n(CC2(O)CCN(Cc3cccs3)CC2)n1,2,0.34328358208955223,1.123987544414344,0.9996947840097843
EN300-1590205_426,EN300-1590205,CC(C)(C)n1ncc(OCc2ccc(OCCOCCO)nc2)c(Cl)c1=O,2,0.2898550724637681,1.4730797670187235,0.9987921672243376
181787_2565,181787,C[NH2+]Cc1cc(N(C)C)nc([C@@H]2CCCN2C(=O)COC)n1,2,0.6212121212121212,1.8674985943766909,0.9984799104296883
181787_2567,181787,CNCc1cc(N(C)C)nc([C@@H]2CCCN2C(=O)COC)[nH+]1,2,0.6323529411764706,2.007547259717895,0.9990537079982018
181787_2566,181787,CNCc1cc(N(C)C)nc([C@H]2CCCN2C(=O)COC)n1,2,0.6212121212121212,1.3862698150074075,0.9989794914514782
53851976_421,53851976,Cc1cc(C)n(CCNC(=O)NC2CCOCC2)n1,2,0.3389830508474576,1.925593155367792,0.9995405134130357
32230796_1619,32230796,Cc1ccc(C)c(OCCN(C)C(=O)c2ccc3c(c2)nnn3C)c1,2,0.3382352941176471,2.077615219428439,0.9982491101062461
49300421_2703,49300421,Cc1noc(NCc2ccc(F)cc2C)[nH+]1,2,0.4444444444444444,0.7722920432063713,0.9993901603734323
49300421_2702,49300421,Cc1noc(NCc2ccc(F)cc2C)n1,2,0.4339622641509434,1.4949795985233043,0.9988705474517695
31364239_2174,31364239,O=C(CC1CCCC1)NCc1nnc2n1CCC2,2,0.4090909090909091,0.8908074988458574,0.9995616258529915
32161047_964,32161047,c1ccc(-c2nnc(C3CCN(c4cnc5ccccc5[nH+]4)CC3)[nH]2)cc1,2,0.6226415094339622,1.673167654480326,0.9989565052811301
32161047_963,32161047,c1ccc(-c2nnc(C3CCN(c4cnc5ccccc5n4)CC3)[nH]2)cc1,2,0.673469387755102,1.7659235544047955,0.9994664285039879
49837463_103,49837463,O=C(Nc1nc2cccc(-c3ccc(CN4CCS(=O)(=O)CC4)cc3)n2n1)C1CC1,2,0.3037974683544304,2.0159846229574088,0.9976345298861965
49837463_102,49837463,O=C(Nc1nn2c(-c3ccc(CN4CCS(=O)(=O)CC4)cc3)cccc2[nH+]1)C1CC1,2,0.2962962962962963,2.3659528735794644,0.9987727157945113
32434890_1405,32434890,Cc1c[nH+]c(NCc2ccccc2-n2ccnc2)nc1N(C)C,2,0.3968253968253968,1.1788345939956408,0.9995375129816849
32434890_1406,32434890,Cc1cnc(NCc2ccccc2-n2ccnc2)[nH+]c1N(C)C,2,0.3968253968253968,2.4567960843343424,0.9994995194139978
32106016_364,32106016,CN(CC(=O)NC1(C#N)CCCCC1)c1cccc(C#N)c1,2,0.3793103448275862,1.719550522665724,0.9982865020299142
323968411_136,323968411,C[C@@](O)(C#Cc1ccc2c(c1)N(c1nc(N)ncc1Cl)CC2)c1nccs1,2,0.2247191011235955,3.716477767994539,0.9995565144470789
323968411_137,323968411,C[C@@](O)(C#Cc1ccc2c(c1)N(c1nc(N)[nH+]cc1Cl)CC2)c1nccs1,2,0.21978021978021978,3.786073163583105,0.9994661637912917
17400037_1615,17400037,CO[C@H]1CC[C@H](C(=O)c2ccc3nc4c(cc3c2)CCCO4)CC1,2,0.3333333333333333,1.7154279349482329,0.9989628453967242
6670067_3623,6670067,NC(=O)c1ccc(N2CCCCC2)c(NC(=O)c2ncoc2-c2ccc3ccccc3c2)c1,2,0.3466666666666667,2.4130835045638896,0.9992221378805594
32176610_1656,32176610,O=c1ncn2nc(Sc3ccc(F)cc3F)ccc2c1-c1c(Cl)cccc1Cl,2,0.23684210526315788,1.5747749045500168,0.9977237255748425
30020148_1591,30020148,N#CCSCC(=O)NC1CCCCCC1,2,0.38,1.9012935070630481,0.9975010548443644
30663852_3198,30663852,O=C(CSc1ccccn1)N1CCSc2ccccc21,2,0.3442622950819672,1.4444427991444366,0.999189549557608
11930272_3611,11930272,Cc1cc(C)c(-c2csc(NC(=O)Cn3cnnn3)n2)c(C)c1,2,0.35135135135135137,1.82931134583431,0.999346909082962
11930272_3612,11930272,Cc1cc(C)c(-c2csc(N/C([O-])=C\n3cnnn3)n2)c(C)c1,2,0.2345679012345679,1.7059563300388059,0.9996369380279579
322748925_37,322748925,O=C(Nc1cccnc1)c1ccnc(NC(=O)C2CC2)c1,2,0.5789473684210527,5.5238767183927475,0.99490735862165
226909_2072,226909,Cc1cc(-c2nccs2)nc(CC2CC[NH2+]CC2)n1,2,0.38333333333333336,1.9898922081359545,0.9992325868040015
43596043_1959,43596043,CN(C)c1cccc(CN2C=CNC2=C2C=CC(=O)C=C2)c1,2,0.25757575757575757,1.7546529571399858,0.9991637858960285
43596043_1960,43596043,CN(C)c1cccc(Cn2cc[nH+]c2-c2ccc(O)cc2)c1,2,0.3055555555555556,1.7583096996832437,0.9982015182647461
82711525_3212,82711525,Cc1cc(C)c2ccc(C(=O)N3CCN(c4nccnc4[O-])CC3)cc2n1,2,0.6,3.0852669252432765,0.9982476428876612
82711525_3211,82711525,Cc1cc(C)c2ccc(C(=O)N3CCN(c4ncc[nH]c4=O)CC3)cc2n1,2,0.6229508196721312,2.1836881645505386,0.9994791985707404
27425362_1810,27425362,Cc1cc(C)n(-c2cccc(NC(=O)c3ccc(F)c(F)c3)c2)n1,2,0.4305555555555556,1.5132534486990838,0.9994856898741611
36427432_210,36427432,CCc1nc2cc(-c3c(OC)cccc3OC)ccc2o1,2,0.32727272727272727,3.890315668425999,0.9930768601400229
31919176_1885,31919176,Cc1ccc(C(=O)N(C)Cc2c(C)noc2C)cn1,2,0.40625,1.1570566105423283,0.9995822093614039
48297162_3667,48297162,C1CCN(c2nc(NC3CC3)nc(N3CCCCC3)n2)CC1,2,0.32558139534883723,2.672371418796401,0.9991469609610801
48880634_1135,48880634,c1ccc(-c2c(-c3ccc(OCC[NH+]4CCCC4)cc3)[nH]c3[nH+]cnc(NCC4SCCS4)c23)cc1,2,0.38028169014084506,4.96360252236202,0.9980424231688007
48880634_1136,48880634,c1ccc(-c2c(-c3ccc(OCC[NH+]4CCCC4)cc3)[nH]c3nc[nH+]c(NCC4SCCS4)c23)cc1,2,0.38028169014084506,5.8865693744318985,0.998383908181953
48880634_1134,48880634,c1ccc(-c2c(-c3ccc(OCC[NH+]4CCCC4)cc3)[nH]c3ncnc(NCC4SCCS4)c23)cc1,2,0.391304347826087,5.170262952693785,0.9983739515518916
72972985_3654,72972985,CC(C)(O)CNc1nc(Nc2ccnc(C(F)(F)F)c2)nc(-c2cccc(C(F)(F)F)n2)n1,2,0.3815789473684211,3.1583351627076404,0.9994369002126547
32146223_1125,32146223,c1ccc(-c2cc3c(N4CCC(c5ncc[nH]5)CC4)ncnc3s2)cc1,2,0.35384615384615387,1.6902209914690873,0.9994973572466801
32146223_1126,32146223,c1ccc(-c2cc3c(N4CCC(c5[nH]cc[nH+]5)CC4)ncnc3s2)cc1,2,0.3188405797101449,2.018592826698715,0.9994590366522387
177344381_2416,177344381,COc1cccc(Cn2cnc3c(c2=O)COCC3)c1Cl,2,0.3088235294117647,1.4834041930641464,0.99874938928041
318302594_267,318302594,O=C(NC[C@@H]1CCN(c2ccccc2)C1)N1CCc2ccccc2C1,2,0.3787878787878788,2.0017777099367318,0.9990882515429439
MCULE-2007854892_2381,MCULE-2007854892,Cc1cc(C)nc(N2Cc3ccccc3C2=[NH2+])n1,2,0.26153846153846155,1.6478646789108113,0.999459934278889
177388619_2936,177388619,CCc1nc(C)cc(N2CCCC3(CC[NH2+]CC3)CC2)n1,2,0.5094339622641509,1.3205642733321297,0.9989029748398771
177388619_2935,177388619,CCc1nc(N2CCCC3(CC[NH2+]CC3)CC2)cc(C)[nH+]1,2,0.4909090909090909,3.0999775805640954,0.9973815308463332
177369616_2284,177369616,O=c1c2cnccc2ncn1Cc1ccc2c(c1)CCCO2,2,0.48333333333333334,1.2250995877889008,0.9991947596843616
36436988_3221,36436988,CSc1nccc(N2Cc3cnn(Cc4ccc(F)cc4)c3C2)n1,2,0.3108108108108108,1.6415547508379496,0.9996558101823637
36436988_3222,36436988,CSc1nc(N2Cc3cnn(Cc4ccc(F)cc4)c3C2)cc[nH+]1,2,0.2894736842105263,2.030006157626227,0.9995169270991321
301191566_2194,301191566,COc1cc2nc(/C=C/c3cocn3)sc2cc1OC,2,0.22058823529411764,2.0031739814601903,0.9987646966629096
37112493_1293,37112493,O=C(NCC#CC[N@@H+]1CCc2ccccc2C1)NCc1ccc(F)cc1,2,0.3620689655172414,2.795421971724548,0.9973389489088724
37112493_1294,37112493,O=C(NCC#CCN1CCc2ccccc2C1)NCc1ccc(F)cc1,2,0.3620689655172414,1.7144526823450088,0.9975964995620664
300095105_3410,300095105,Cc1cncc(CN2CCC(=C3c4ccc(Cl)cc4CCc4cccnc43)CC2)c1,2,0.2571428571428571,1.9701185243525032,0.999030909247389
300095105_3409,300095105,Cc1cncc(C[NH+]2CCC(=C3c4ccc(Cl)cc4CCc4cccnc43)CC2)c1,2,0.27380952380952384,2.8286942217214626,0.9988100928513585
31998416_1687,31998416,O=C(NCCc1ccc2c(c1)OCO2)Nc1ccncc1,2,0.45161290322580644,2.328372822379771,0.9988097324069184
31998416_1688,31998416,O=C(NCCc1ccc2c(c1)OCO2)Nc1cc[nH+]cc1,2,0.45161290322580644,2.975390058462881,0.998429620524939
43990384_3408,43990384,CC[N@H+](CCO)Cc1nc2cc(OC)c(OC)cc2c(=O)[nH]1,2,0.543859649122807,1.8600647838176243,0.9990171688837565
43990384_3406,43990384,CCN(CCO)Cc1nc2cc(OC)c(OC)cc2c(=O)[nH]1,2,0.5172413793103449,2.4137433583547745,0.9991345617664051
43990384_3407,43990384,CC[N@H+](CCO)Cc1nc(=O)c2cc(OC)c(OC)cc2[nH]1,2,0.543859649122807,1.9752339101988021,0.9991166213104301
43990384_3405,43990384,CCN(CCO)Cc1nc(=O)c2cc(OC)c(OC)cc2[nH]1,2,0.5172413793103449,2.0056986314003833,0.9992981248552666
31844110_1811,31844110,O=C(CN1CCc2ccccc21)N1CCNC1=O,2,0.6,1.6571771178719437,0.9995713591837185
32441961_499,32441961,COc1ccc(Br)c(-c2nnc(N)o2)c1,2,0.3404255319148936,2.6990626150572474,0.9972042848264587
32018884_610,32018884,Nc1[nH+]c2ccccc2n1CCCc1ccccc1,2,0.5111111111111111,1.5811941689746893,0.9985042066717508
32018884_611,32018884,Nc1nc2ccccc2n1CCCc1ccccc1,2,0.5,1.1223769420301275,0.9991802638876552
49350315_1772,49350315,Fc1ccc(CNc2nnc(-c3ccc4c(c3)OCO4)o2)cc1,2,0.4117647058823529,2.095154648230302,0.9993516630415009
49350315_1773,49350315,Fc1ccc(CNc2[nH+]nc(-c3ccc4c(c3)OCO4)o2)cc1,2,0.39285714285714285,2.0503224136707447,0.9990544053537
49953992_2683,49953992,CN1CCc2ccc(C(=O)NCCC(=O)Nc3cccnc3)cc21,2,0.3939393939393939,3.0354544964462717,0.9997208495711862
23998591_3664,23998591,Cc1ccsc1C(=O)Nc1nc2ccccc2s1,2,0.42,1.2737381991597398,0.9998111927696458
301184387_2794,301184387,COc1ccccc1/C=C/C[N@H+]1CCCC2(C1)OCCO2,2,0.2903225806451613,1.5260910850927647,0.998617658458619
301184387_2795,301184387,COc1ccccc1/C=C/CN1CCCC2(C1)OCCO2,2,0.2835820895522388,1.4713769061664188,0.9994703343629283
48247380_241,48247380,CN(C)c1ccc2c(c1)OCCN2C(=O)NCc1cccnc1,2,0.36619718309859156,1.3910452904201362,0.9990966939425403
49672228_3637,49672228,CC(C)COc1cc(F)cc(-c2cncc(C(=O)N3CCCC3)n2)c1,2,0.2972972972972973,2.0687924013780723,0.9985554840326045
3110901_3583,3110901,Cc1nc(-c2ccccc2)c(C(=O)Nc2ccc(Cl)c(C(F)(F)F)c2)s1,2,0.4090909090909091,1.3994177360606788,0.9995025099813734
5466232_3460,5466232,Cc1nc(-c2ccccc2)c(C(=O)Nc2ccccc2)s1,2,0.5714285714285714,1.2561616138061247,0.9994555499921611
2461065_3620,2461065,Nc1nc(-c2ccccc2)c(C(=O)Nc2ccc(Cl)c(Cl)c2)s1,2,0.4406779661016949,1.7360434902385695,0.9993843911320793
2460976_3263,2460976,Cc1nc(-c2ccccc2)c(C(=O)Nc2ccc(Cl)c(Cl)c2)s1,2,0.45,1.2700936973313601,0.9992172830171664
48974948_3648,48974948,Cc1nc(-c2ccccc2)c(C(=O)Nc2ccc(Cl)cc2)s1,2,0.4909090909090909,1.4443337564429732,0.999453447459178
316756775_28,316756775,CNC(=O)c1nnc(NC(=O)C2CC2)cc1Nc1cccc(-c2ncn(C)n2)c1OC,2,0.3048780487804878,3.6742159707881283,0.9994103290018809
316756775_29,316756775,CNC(=O)c1nnc(NC(=O)C2CC2)cc1Nc1cccc(-c2nn(C)c[nH+]2)c1OC,2,0.2823529411764706,3.989189391342871,0.9985421861098497
48314264_1535,48314264,Cc1[nH+]ccn1-c1cncc(N2CCN(CC3CCCC3)C(=O)C2)n1,2,0.29577464788732394,1.5414768892192992,0.9993011718148173
48314264_1534,48314264,Cc1nccn1-c1cncc(N2CCN(CC3CCCC3)C(=O)C2)n1,2,0.2857142857142857,1.9204775447788933,0.999038724411303
177444469_2825,177444469,CC(=O)NCc1cc2n(n1)CCN(C1Cc3ccccc3C1)C2,2,0.3333333333333333,1.7456631977554555,0.999571873557839
177475488_3288,177475488,CS(=O)(=O)NCc1cc2n(n1)CC[N@H+](C1Cc3ccccc3C1)C2,2,0.2608695652173913,2.0331942848637725,0.9996606100831125
177475488_3290,177475488,CS(=O)(=O)[N-]Cc1cc2n(n1)CC[N@H+](C1Cc3ccccc3C1)C2,2,0.2571428571428571,4.5340486322936675,0.9990267824932755
177475488_3289,177475488,CS(=O)(=O)NCc1cc2n(n1)CCN(C1Cc3ccccc3C1)C2,2,0.27586206896551724,1.4633714497691213,0.9993267543103842
177444469_2824,177444469,CC(=O)NCc1cc2n(n1)CC[N@H+](C1Cc3ccccc3C1)C2,2,0.3181818181818182,2.0170183439920217,0.9995278268432586
32083468_1205,32083468,CCN(C(=O)c1cc(NC(C)=O)ccc1F)C1CCCC1,2,0.4,1.5762705985966585,0.9981667182172654
310422_3010,310422,COCCN1CCOc2nc3c(C)cccc3cc2C1,2,0.3283582089552239,1.115248402823496,0.9994202641185933
404346_2618,404346,COc1ccc2nc3c(cc2c1)C[NH2+]CCO3,2,0.3442622950819672,1.463414842073184,0.9991782696904271
289474_2676,289474,Cc1ccc(C)c2nc3c(cc12)CNCCO3,2,0.21875,1.2977233911741546,0.9991814114327705
289474_2677,289474,Cc1ccc(C)c2nc3c(cc12)C[NH2+]CCO3,2,0.21875,3.6296819419887894,0.9869943512333808
310422_3011,310422,COCC[N@H+]1CCOc2nc3c(C)cccc3cc2C1,2,0.3283582089552239,1.4137475022079562,0.9985431971520993
404346_2617,404346,COc1ccc2nc3c(cc2c1)CNCCO3,2,0.3442622950819672,1.2009013281697296,0.9988906625675343
44114971_2490,44114971,CSc1ccc(C)c(C(=O)NCC[N@H+]2CC[C@@H](C)CC2)c1,2,0.5283018867924528,1.548377860859511,0.9983455514926265
46620326_1349,46620326,CCc1nc(CN2C(=O)COc3ccc(F)cc32)cs1,2,0.3150684931506849,1.8901349158195175,0.9996551559880686
31406035_3175,31406035,CN1CCNc2nc3ccccc3nc21,2,0.375,1.9269494025531273,0.9995007070691361
31406035_3176,31406035,CN1CCNc2[nH+]c3ccccc3nc21,2,0.3829787234042553,1.577695154331426,0.9985264069722155
11480248_3624,11480248,Cc1nc(Nc2ccc(F)cc2)nc2c1ncn2-c1ccc(F)cc1,2,0.375,2.3126430766549477,0.9992741854444261
30724831_1830,30724831,Cc1noc(C(C)C)c1C(=O)Nc1ccccn1,2,0.3620689655172414,1.029248269368447,0.9998282883161889
1465672_3096,1465672,c1ccc(Nc2nc(N3CCNCC3)nc(N3CCOCC3)n2)cc1,2,0.8378378378378378,1.796189021234309,0.9994003319376213
1465672_3095,1465672,c1ccc(Nc2nc(N3CC[NH2+]CC3)nc(N3CCOCC3)n2)cc1,2,0.8378378378378378,2.7649971066895556,0.9991924427813957
25616683_1553,25616683,CNc1nc(-c2cc(OC)cc(OC)c2)ncc1F,2,0.32608695652173914,1.9756760868117056,0.9971016478882313
17464371_3480,17464371,O=C(NCCc1ccccc1)c1ccc(NC(=O)N2CCCCc3ccccc32)cc1,2,0.375,2.507388282655888,0.9988153217707287
82719667_2512,82719667,CC1=CCN(C(=O)c2cc(C)nc3cc(C)cc(C)c23)CC1,2,0.5344827586206896,1.2862756314259836,0.9993469186423567
48820442_1057,48820442,O=C(Cc1ccc(Cl)c(Cl)c1)N1CC(n2ccnn2)C1,2,0.3728813559322034,1.5437655262376615,0.9973474085708597
36890321_1563,36890321,Cc1ccc(-n2cc(C(=O)NCC[NH+](C)C)nn2)cc1C,2,0.2894736842105263,1.4769864589766162,0.9995199300053302
410858_308,410858,Cc1ccc(-c2[nH+]c(NCc3ccco3)ncc2-c2cc(C)no2)cn1,2,0.42028985507246375,3.821138442924792,0.999495415553954
410858_307,410858,Cc1ccc(-c2nc(NCc3ccco3)ncc2-c2cc(C)no2)cn1,2,0.5373134328358209,2.359233773919334,0.9997833912756079
38522400_1941,38522400,CC(C)n1nnnc1-c1ccc(N)cc1F,2,0.25,1.4641857805621945,0.9992588860574358
31879758_921,31879758,O=C(CCc1cccs1)Nc1ccc(N2CCOCC2)cn1,2,0.40625,1.3521275827370443,0.9997851608833833
32278040_436,32278040,CCCCC1=NC2(CCCC2)C(=O)N1Cc1ccc(-c2ccccc2-c2nnn[n-]2)cc1,2,0.25925925925925924,3.3530787345365938,0.9981383481718741
901986_2002,901986,CCCCC1=[NH+]C2(CCCC2)C(=O)N1Cc1ccc(-c2ccccc2-c2nnn[n-]2)cc1,2,0.25,3.2294479404383174,0.9959191388065642
901986_2001,901986,CCCCC1=NC2(CCCC2)C(=O)N1Cc1ccc(-c2ccccc2-c2nnn[n-]2)cc1,2,0.25925925925925924,3.3792441462551506,0.9981340085319562
32278040_437,32278040,CCCCC1=[NH+]C2(CCCC2)C(=O)N1Cc1ccc(-c2ccccc2-c2nnn[n-]2)cc1,2,0.25,3.4976636487806543,0.9955869772851492
25855068_2655,25855068,CC(C)(C(=O)c1ccccc1)/[N+]([O-])=C/c1ccc(F)cc1,2,0.26,2.3035249076144226,0.9976213004166885
29621147_244,29621147,O=C(c1ccc(-n2cccn2)nc1)N1CCN(c2ccccc2O)CC1,2,0.45901639344262296,1.8282879970069652,0.9992397701240436
53839672_2342,53839672,CN(C)c1nccc(N2CC[NH+](CCCCCF)CC2)n1,2,0.39655172413793105,2.21244276762132,0.9984571386659901
53839672_2343,53839672,CN(C)c1nc(N2CCN(CCCCCF)CC2)cc[nH+]1,2,0.3,1.9622171133693682,0.9970300529872786
53839672_2341,53839672,CN(C)c1nc(N2CC[NH+](CCCCCF)CC2)cc[nH+]1,2,0.31746031746031744,1.712506350352993,0.9984649154715698
177425312_2856,177425312,CN(CC1(CO)CCCC1)C(=O)CCN1CCCCC1=O,2,0.9523809523809523,1.5918259955156961,0.9995892877089284
49655478_1822,49655478,COc1cccc(-c2ccc(C(=O)N(C)Cc3c(C)nn(C(C)C)c3C)o2)c1,2,0.3176470588235294,2.75514536821589,0.9993211308961762
31357352_1529,31357352,O=C(CCc1ccc2c(c1)OCO2)Nc1cccc2cnccc12,2,0.515625,1.134673521326607,0.9994012082911095
32494828_1385,32494828,CCCCc1c(C)[nH]c2nc(N(Cc3cccs3)C(C)=O)nn2c1=O,2,0.3,2.2935468166143744,0.9995946226600936
6892467_600,6892467,COc1cc(CNc2nnn[nH]2)cc(Br)c1OCc1ccc(Cl)cc1,2,0.3333333333333333,2.018096132497111,0.9951816700940909
6892467_599,6892467,COc1cc(CNc2nnn[n-]2)cc(Br)c1OCc1ccc(Cl)cc1,2,0.3333333333333333,2.4181947812367097,0.9977576246455898
32125849_607,32125849,Cn1cc[nH+]c1CCNC(=O)c1cccc2cccnc12,2,0.46296296296296297,1.941241870556968,0.9998525450099447
32125849_606,32125849,Cn1ccnc1CCNC(=O)c1cccc2cccnc12,2,0.52,1.1918267491540235,0.9997715039661305
13397114_700,13397114,Cc1ccc(Cn2nc(C)c(C(N)=O)c2Cl)cc1,2,0.35294117647058826,1.6301116526175745,0.9990031331597667
37000875_1890,37000875,Cc1nn(Cc2cccc(Br)c2)c(C)c1C(=O)[O-],2,0.3584905660377358,2.444475608387484,0.9981175092079785
49936164_819,49936164,C[N@@H+](Cc1ccncc1)Cc1cc2ccccc2[nH]c1=O,2,0.2982456140350877,1.9463902486403413,0.999552869106262
49936164_820,49936164,CN(Cc1ccncc1)Cc1cc2ccccc2[nH]c1=O,2,0.3442622950819672,1.289901546630564,0.9993696961858752
222793668_2971,222793668,CN(CC[NH+]1CCCCC1)c1cncc(C(N)=O)n1,2,0.43103448275862066,1.8409845192174814,0.999384303114437
16223443_3066,16223443,CCOc1ccc(CNC(=O)Cn2ccc3cc(S(=O)(=O)N4CCCC4)ccc32)cc1,2,0.421875,2.364857923850423,0.9987001584576696
11844078_1497,11844078,CSCc1c(C(=O)NC(C)C)oc2ccccc12,2,0.4067796610169492,0.7345202515932472,0.9997518426655415
49295738_642,49295738,Cc1cc2cc(C(=O)N(C)CCC(=O)[O-])oc2cc1C,2,0.3870967741935484,3.387482398477977,0.9995546387929144
11833271_1669,11833271,C#CCNC(=O)Cc1coc2cc(OC)ccc12,2,0.46551724137931033,1.4646634425698333,0.9996629256723297
31888771_1852,31888771,CC[N@@H+]1CCc2nc(NC(=O)Cc3ccc(Cl)cc3)sc2C1,2,0.4603174603174603,1.5535903578495358,0.9994621421624137
25014865_1278,25014865,c1nc(N[C@H]2CC[N@H+](C3CC3)CC2)c2sccc2[nH+]1,2,0.5535714285714286,2.9142755532028217,0.9990167461093424
25014865_1277,25014865,c1nc(N[C@H]2CC[N@@H+](C3CC3)CC2)c2sccc2n1,2,0.5370370370370371,2.5275966845994993,0.9995012694403608
11478087_1723,11478087,Cc1ccc2c(c1)cc(C[NH2+]CCc1ccccc1)c1nnnn12,2,0.30303030303030304,1.5876920356290343,0.9983497129771657
11478087_1724,11478087,Cc1ccc2c(c1)cc(CNCCc1ccccc1)c1nnnn12,2,0.32786885245901637,1.8259134700198199,0.9992638361812745
31951751_1250,31951751,CC(C)c1csc(NC(=O)C2CCN(c3ncccn3)CC2)n1,2,0.4339622641509434,2.1497699876964766,0.9992143276361675
901943_118,901943,CCC1=C(C)CN(C(=O)NCCc2ccc(S(=O)(=O)NC(=O)N[C@H]3CC[C@H](C)CC3)cc2)C1=O,2,0.47368421052631576,3.1084969036498937,0.9978631472988025
901943_117,901943,CCC1=C(C)CN(C(=O)NCCc2ccc(S(=O)(=O)/N=C(\[O-])N[C@H]3CC[C@H](C)CC3)cc2)C1=O,2,0.4935064935064935,2.775197650618415,0.9986198229171852
33340599_938,33340599,Cc1nn(C)c(C)c1C(=O)NCc1ccccc1,2,0.5,1.4603687890386978,0.9996708532496374
36421752_671,36421752,COc1ccc(-c2c(C)n[nH]c2C)cn1,2,0.2826086956521739,0.9888589383731455,0.9997571506204893
317396814_2075,317396814,Cc1ccc(-c2cc[nH]c(=O)c2C#N)cc1,2,0.35714285714285715,1.9352085158968666,0.9976516323734644
317396814_2076,317396814,Cc1ccc(-c2ccnc([O-])c2C#N)cc1,2,0.2978723404255319,2.1807840333240107,0.997480950349371
95699457_3518,95699457,O=C1N=C(N2CCCCN2)S/C1=C\c1ccc(F)cc1O,2,0.47619047619047616,1.7562366013728754,0.9996731148532597
95699457_3519,95699457,O=C1N/C(=[N+]2/CCCCN2)S/C1=C\c1ccc(F)cc1[O-],2,0.43283582089552236,1.9497553692716894,0.9990857695028963
95699457_3517,95699457,O=C1N=C(N2CCCCN2)S/C1=C\c1ccc(F)cc1[O-],2,0.46153846153846156,2.075421643907866,0.9983801302117882
95699457_3520,95699457,O=C1N/C(=[N+]2\CCCCN2)S/C1=C\c1ccc(F)cc1O,2,0.37142857142857144,2.1208594955819855,0.999608710673454
49152821_1630,49152821,COC(=O)c1ccc(NC(=O)N(C)Cc2ccccc2C[NH+]2CCCC2)cc1,2,0.4918032786885246,2.396258959294566,0.9980621824296554
45665715_1866,45665715,CC(=O)N1CCC(CCNc2ccc3ccc(F)cc3n2)CC1,2,0.5,1.3855352756241457,0.9989261076460764
45665715_1867,45665715,CC(=O)N1CCC(CCNc2ccc3ccc(F)cc3[nH+]2)CC1,2,0.509090909090909,1.9435475296473446,0.9985204569037365
6809286_976,6809286,O=C(NCc1ccccc1)c1ccc(NS(=O)(=O)c2ccc(C3CCCCC3)cc2)cc1,2,0.3194444444444444,3.4578844688626047,0.9934579987795815
6809286_977,6809286,O=C(NCc1ccccc1)c1ccc([N-]S(=O)(=O)c2ccc(C3CCCCC3)cc2)cc1,2,0.3333333333333333,4.579752176701262,0.9865095978600741
222774912_2564,222774912,Cc1noc(C)c1-c1cc(-c2ccccc2Cl)nc(C2CC2)n1,2,0.3333333333333333,1.1492736836804112,0.9994717973764752
24465856_547,24465856,O=C(c1cccc(Cl)c1)N1CCN(C(=O)c2ccc3ccccc3c2O)CC1,2,0.5370370370370371,1.6581260506968787,0.998159156795511
24465856_546,24465856,O=C(c1cccc(Cl)c1)N1CCN(C(=O)c2ccc3ccccc3c2[O-])CC1,2,0.5454545454545454,1.1018870178014273,0.9992206703518978
232855284_2368,232855284,COCC1(C[N-]S(=O)(=O)c2ccc3[nH]cnc3c2)CCC1,2,0.5769230769230769,2.490786421996009,0.9982013921388047
232855284_2367,232855284,COCC1(CNS(=O)(=O)c2ccc3nc[nH]c3c2)CCC1,2,0.5882352941176471,2.1421204447931643,0.999040328303244
232855284_2366,232855284,COCC1(CNS(=O)(=O)c2ccc3[nH]cnc3c2)CCC1,2,0.5769230769230769,2.2388137483947057,0.999032625051741
36356108_1070,36356108,CCCc1c/c(=[N+]2\CCc3c(nc(C(C)C)n3C)C2)n2ncnc2[nH]1,2,0.734375,0.4341969599159456,0.9999777738672295
36356108_1071,36356108,CCCc1cc(N2CCc3c([nH+]c(C(C)C)n3C)C2)n2nc[nH+]c2n1,2,0.7540983606557377,0.49794377192628747,0.9999494138826731
36356108_1068,36356108,CCCc1cc(N2CCc3c(nc(C(C)C)n3C)C2)n2nc[nH+]c2n1,2,0.7258064516129032,0.43703661173751246,0.9999676539061867
36356108_1069,36356108,CCCc1cc(N2CCc3c([nH+]c(C(C)C)n3C)C2)n2ncnc2n1,2,0.7540983606557377,0.23474880191464653,0.9999823887973953
36356108_1067,36356108,CCCc1cc(N2CCc3c(nc(C(C)C)n3C)C2)n2ncnc2n1,2,0.7213114754098361,0.2902757309894335,0.9999738122619477
177444153_2283,177444153,Cn1cc(-c2cccc3c(C(N)=O)cccc23)cn1,2,0.35185185185185186,1.3733579285824409,0.9993403618817532
31507670_842,31507670,Nc1nc(N)c2nc(-c3cccc(O)c3)c(-c3cccc([O-])c3)nc2n1,2,0.22413793103448276,4.879760547403832,0.9983351416379843
31507670_840,31507670,Nc1nc(N)c2nc(-c3cccc(O)c3)c(-c3cccc(O)c3)nc2n1,2,0.24074074074074073,3.300196509300777,0.9990807458280317
31507670_841,31507670,Nc1nc(N)c2nc(-c3cccc(O)c3)c(-c3cccc(O)c3)nc2[nH+]1,2,0.2549019607843137,3.6543308552999103,0.9991259065815563
15967580_449,15967580,Cc1cc(C)n2ncc(C(=O)Nc3cccc(C(=O)[O-])c3)c2n1,2,0.5,2.2590480295911743,0.9991572316694052
171818496_3183,171818496,CO[C@@H]1CC[C@@H](N(C)C(=O)COc2c(C)cccc2C)[C@H]1O,2,0.6875,1.0160260823418452,0.9990964596327668
29780390_1439,29780390,CC(C)Cc1sc(N)nc1-c1ccc(P(=O)([O-])[O-])o1,2,0.19117647058823528,3.4699528815238505,0.9985727628755654
29780390_1438,29780390,CC(C)Cc1sc(N)nc1-c1ccc([P@](=O)([O-])O)o1,2,0.1891891891891892,4.115155404112873,0.99939508903803
425314_3325,425314,CCOc1ccc(C[NH2+][C@@H]2CCC[C@H]2Cc2cc(C)no2)cc1OC,2,0.27631578947368424,1.7794038327483672,0.9990271224461432
425292_3210,425292,COc1ccc(C[NH2+][C@@H]2CCC[C@H]2Cc2cc(C)no2)cc1OC,2,0.3142857142857143,1.6330575617536558,0.9986843976819411
49993241_300,49993241,CN(c1ncnc2c1cnn2CCO)C1CCCCC1,2,0.5272727272727272,0.9041404758126284,0.999724607568837
49993241_301,49993241,CN(c1[nH+]cnc2c1cnn2CCO)C1CCCCC1,2,0.543859649122807,2.3833998825203446,0.9995486567968247
32099814_873,32099814,O=C(NC1CCCC1)C(=O)c1ccc2c(c1)CCC2,2,0.3448275862068966,1.2090653414930532,0.9990293205753097
50610014_2841,50610014,COC(=O)N1CC(NCc2c(C)nn(C(C)(C)C)c2C)C1,2,0.2982456140350877,1.6882650858197759,0.9993308764213574
50610014_2840,50610014,COC(=O)N1CC([NH2+]Cc2c(C)nn(C(C)(C)C)c2C)C1,2,0.29310344827586204,1.7582206914949143,0.9993230035785355
206931104_442,206931104,C[NH+](C)CCOc1ccc(-c2[nH]c(-c3ccc4c(c3)CC/C4=N\[O-])c(-c3ccncc3)[nH+]2)cc1,2,0.4025974025974026,2.8979494474535494,0.9990627722231215
206931104_444,206931104,C[NH+](C)CCOc1ccc(-c2nc(-c3cc[nH+]cc3)c(-c3ccc4c(c3)CC/C4=N\[O-])[nH]2)cc1,2,0.3125,3.0532228873762386,0.9988427336539829
206931104_443,206931104,C[NH+](C)CCOc1ccc(-c2nc(-c3ccncc3)c(-c3ccc4c(c3)CC/C4=N\[O-])[nH]2)cc1,2,0.4,3.120267937212963,0.9989520220275542
44563083_579,44563083,COC(=O)N1CCCN(C(=O)c2ccc(-c3ccccc3Cl)o2)CC1,2,0.6875,1.3118338309404924,0.999400905634829
73014318_1271,73014318,Fc1ccc(NCc2cccc(OCCN3CCOCC3)c2)nc1,2,0.38028169014084506,2.6988249294833175,0.9979008643113518
73014318_1272,73014318,Fc1ccc(NCc2cccc(OCC[NH+]3CCOCC3)c2)nc1,2,0.4,2.3244059456128254,0.9989318100463596
73014318_1273,73014318,Fc1ccc(NCc2cccc(OCCN3CCOCC3)c2)[nH+]c1,2,0.34782608695652173,3.0148293484043007,0.9945933506040241
1545812_3561,1545812,Cc1cc(C)c(S(=O)(=O)Nc2ccc3c(c2)OCO3)c(C)c1-n1cnnn1,2,0.6551724137931034,2.0388146065792117,0.9987103969341662
1545812_3562,1545812,Cc1cc(C)c(S(=O)(=O)[N-]c2ccc3c(c2)OCO3)c(C)c1-n1cnnn1,2,0.46153846153846156,2.566691450096837,0.9975670760407106
2042658_2044,2042658,O=C(Cc1cccs1)NCc1ccccc1F,2,0.4444444444444444,1.6519158574214612,0.9995464151392492
49945934_1105,49945934,Cc1cnn(/C=C2/NN=C(c3ccccc3)S2)c1,2,0.3333333333333333,1.5712631861021658,0.9994691480934343
308044_3031,308044,CCOc1cc(C[N@@H+]2CCc3c(N)nc(N4CCCC4)nc3C2)ccc1OC,2,0.4225352112676056,2.5843115137310266,0.9991920048451999
308044_3030,308044,CCOc1cc(C[N@@H+]2CCc3c(N)nc(N4CCCC4)[nH+]c3C2)ccc1OC,2,0.4383561643835616,2.4303435971076492,0.9993692645717547
308044_3029,308044,CCOc1cc(CN2CCc3c(N)nc(N4CCCC4)[nH+]c3C2)ccc1OC,2,0.4225352112676056,2.0939882998719552,0.9990637571167612
308044_3032,308044,CCOc1cc(CN2CCc3c(N)nc(N4CCCC4)nc3C2)ccc1OC,2,0.4057971014492754,2.49320556713624,0.9983102784209964
49068002_2355,49068002,CC(C)(C)CCCNC(=O)N1CCN(Cc2ccon2)CC1,2,0.6071428571428571,1.9483985731876974,0.9987853565068144
49068002_2356,49068002,CC(C)(C)CCCNC(=O)N1CC[NH+](Cc2ccon2)CC1,2,0.6206896551724138,2.381342058588237,0.9991898115516302
11005871_3651,11005871,CCOc1ccc(S(=O)(=O)N(CC)CC(=O)Nc2ccc3c(c2)OCO3)cc1,2,0.3918918918918919,1.3769901960435453,0.9987622094582602
50132153_1269,50132153,CCc1ccc(S(=O)(=O)[N-]Cc2ccnc(N3CCCC3)n2)cc1,2,0.31746031746031744,2.266659436263027,0.9964219000734782
50132153_1268,50132153,CCc1ccc(S(=O)(=O)NCc2ccnc(N3CCCC3)n2)cc1,2,0.31746031746031744,1.5770722874998189,0.9984936951032922
49093836_2966,49093836,Cc1ccc(S(=O)(=O)N2CCOc3ccncc32)cc1,2,0.3125,1.371445223113104,0.997161639611334
16664610_710,16664610,Cc1nc2cc(NC(=O)CCc3c(C)nc4c(c(C)nn4C)c3C)ccc2o1,2,0.5223880597014925,2.1484990109386626,0.9994773879981996
43249211_1149,43249211,O=C([O-])c1ccccc1-n1cnc(CN2CCCC2)c1,2,0.3125,2.7852432568810443,0.9992554778369961
43249211_1148,43249211,O=C([O-])c1ccccc1-n1cnc(C[NH+]2CCCC2)c1,2,0.4528301886792453,2.5635491023192434,0.9989923256812513
153307_1024,153307,CCn1c(SC)nnc1[C@H]1CC[N@H+](C)CC1,2,0.2857142857142857,1.641151425067289,0.9988867445283065
1556512_1981,1556512,Nc1ccc2c(c1)ncn2CCc1ccccc1,2,0.425531914893617,2.079977403723426,0.9990485284143295
1556512_1982,1556512,Nc1ccc2c(c1)[nH+]cn2CCc1ccccc1,2,0.3958333333333333,2.251917405235034,0.9986866707884591
313144331_3181,313144331,N#Cc1ccc2[nH]cn/c(=[NH+]/[C@H]3CC[C@@H]([NH+]4CCOCC4)CC3)c2c1,2,0.3448275862068966,2.5729275154962545,0.9988013123116138
313144331_3180,313144331,N#Cc1ccc2ncnc(N[C@H]3CC[C@H]([NH+]4CCOCC4)CC3)c2c1,2,0.3372093023255814,1.6368842353687922,0.9993150781231617
44529882_1142,44529882,COC1CCN(C(=O)Nc2cc(C(F)(F)F)cc(C(F)(F)F)c2)CC1,2,0.38095238095238093,2.2390694495706702,0.997060546754604
177431642_3278,177431642,O=C(NCC1([NH+]2CCCCC2)CCCC1)c1cnn[nH]1,2,0.5769230769230769,2.4626284738056565,0.9993504783359224
177431642_3277,177431642,O=C(NCC1([NH+]2CCCCC2)CCCC1)c1c[nH]nn1,2,0.5769230769230769,2.773798658879305,0.9995123191635097
177431642_3276,177431642,O=C(NCC1([NH+]2CCCCC2)CCCC1)c1c[n-]nn1,2,0.5185185185185185,3.4539196574332123,0.9981926855483403
157063_1745,157063,NC(=O)c1cnc(NC2CC2)[nH+]c1CCNC(=O)C1(c2cccc(F)c2)CCOCC1,2,0.4024390243902439,3.3088593200676044,0.998827543965167
157063_1744,157063,NC(=O)c1cnc(NC2CC2)nc1CCNC(=O)C1(c2cccc(F)c2)CCOCC1,2,0.4024390243902439,2.408647338237048,0.9986479792222995
49960790_3177,49960790,CC1(C)CCCN1C(=O)c1c(F)cc(C#N)cc1F,2,0.34615384615384615,1.3418371734304069,0.9988021264543393
8296397_289,8296397,[NH3+]Cc1cccc(C(=O)N2CCCC2)c1,2,0.48148148148148145,1.3073331633519707,0.9995854831025263
8296397_290,8296397,NCc1cccc(C(=O)N2CCCC2)c1,2,0.48148148148148145,1.9548943705478719,0.9973863965360382
45766450_1952,45766450,COc1ccc(C(=O)N2CCCC2)cc1NC(C)C,2,0.3877551020408163,1.8802204657967287,0.9990312503660013
32402718_644,32402718,Cc1ccncc1-c1ccc(-c2ccn[nH]2)cc1,2,0.43478260869565216,2.0669315421661794,0.9991950456258611
32402718_643,32402718,Cc1ccncc1-c1ccc(-c2cc[nH]n2)cc1,2,0.425531914893617,2.362566824452012,0.9987397361783943
31209008_225,31209008,c1ccc(-c2noc(NC3CC3)[nH+]2)cc1,2,0.5952380952380952,1.675430094035785,0.9990259872604119
31209008_224,31209008,c1ccc(-c2noc(NC3CC3)n2)cc1,2,0.5853658536585366,1.4612806027590362,0.998766989409885
3967714_2279,3967714,CCc1cccc(C)c1NC(=O)c1ccc(C)o1,2,0.46808510638297873,1.1970392641845304,0.9994909706903429
44507875_896,44507875,c1ccc2/c(=[N+]3\CCn4c(nnc4C4CC4)C3)nc[nH]c2c1,2,0.28125,1.3313418043466168,0.9997371444559449
44507875_895,44507875,c1ccc2c(N3CCn4c(nnc4C4CC4)C3)ncnc2c1,2,0.2878787878787879,1.4121363248639125,0.9994695855962465
49963610_2705,49963610,CC(=O)N[C@H]1CC[C@H]([NH2+]CCSc2ccc(C)cc2)CC1,2,0.56,1.8634347318862914,0.9984292157029546
49085431_2812,49085431,COCc1ccc(SCC(=O)NC2CCCC2)cc1,2,0.54,1.5991560274096885,0.9991272571422014
49088739_2469,49088739,CC(C)OCCS(=O)(=O)N1CCc2ccccc2CC1,2,0.46938775510204084,1.6967863742971228,0.998909032513339
44508995_3333,44508995,CN(C)S(=O)(=O)CCC[NH+]1CCc2ccccc2CC1,2,0.4583333333333333,2.4248088584464114,0.9980005529491439
171948773_3470,171948773,Cc1ccc(OC[C@]2(O)CC[N@H+](CC3(O)CCN(c4ccccc4C)CC3)CC2)cc1,2,0.3333333333333333,4.37969827727883,0.9985549757930702
171948773_3471,171948773,Cc1ccc(OCC2(O)CCN(CC3(O)CCN(c4ccccc4C)CC3)CC2)cc1,2,0.3472222222222222,4.578584388214319,0.9994027707549785
Z224124934_226,Z224124934,Cc1nn(C)c2sc(C(=O)N3CCC(C(=O)[O-])(c4ccccc4)CC3)cc12,2,0.38028169014084506,4.118141328318028,0.9986573067822385
232832319_3442,232832319,COc1ccc(CN2CC(c3ccncc3)C2)cc1Cn1cccn1,2,0.3387096774193548,1.3140452808027199,0.9991582294560867
232832319_3441,232832319,COc1ccc(C[N@H+]2C[C@H](c3ccncc3)C2)cc1Cn1cccn1,2,0.3384615384615385,1.5900487413909785,0.9997025111147174
48613632_324,48613632,Cc1cc(N2CCCCC2)nc(CNC(=O)c2ccccc2Cl)[nH+]1,2,0.36764705882352944,2.7108423045243835,0.9986704246967244
48613628_325,48613628,COc1ccccc1C(=O)NCc1nc(C)cc(N2CCCCC2)n1,2,0.36923076923076925,1.8057618890647553,0.9988222436325022
48613632_323,48613632,Cc1cc(N2CCCCC2)nc(CNC(=O)c2ccccc2Cl)n1,2,0.36363636363636365,1.6180559322840355,0.9988047395513727
48613628_326,48613628,COc1ccccc1C(=O)NCc1nc(N2CCCCC2)cc(C)[nH+]1,2,0.37142857142857144,2.5380474778849114,0.9983010876295543
24062566_2056,24062566,Cc1noc(C)c1CC(=O)N1CCc2[nH]c3ccc(Br)cc3c2C1,2,0.4657534246575342,1.7954049682447555,0.9994530068920077
LN01297365_532,LN01297365,CCN(c1cc(-c2ccc(C[NH+]3CCOCC3)cc2)cc(C(=O)NCc2c(C)cc(C)[nH]c2=O)c1C)C1CCOCC1,2,0.3153153153153153,5.594054433056625,0.9982418032657098
LN01297365_533,LN01297365,CCN(c1cc(-c2ccc(CN3CCOCC3)cc2)cc(C(=O)NCc2c(C)cc(C)[nH]c2=O)c1C)C1CCOCC1,2,0.3153153153153153,6.059497008828332,0.9969683779091708
48745204_2688,48745204,CS(=O)(=O)N[C@@H]1CCCN(c2nc3ccccc3o2)C1,2,0.37681159420289856,1.8826454791062504,0.9993678675487278
48745204_2689,48745204,CS(=O)(=O)[N-][C@@H]1CCCN(c2nc3ccccc3o2)C1,2,0.35714285714285715,2.761091088682227,0.9977950312699194
48798145_3240,48798145,Fc1ccc(CCNc2ncnc3ncccc23)cc1,2,0.34615384615384615,1.4125062831721147,0.9989818660934923
48798145_3241,48798145,Fc1ccc(CC/[NH+]=c2/nc[nH]c3ncccc23)cc1,2,0.3333333333333333,1.7625648924228183,0.9993500290881152
44447553_1481,44447553,Cn1cnnc1CCn1cc[nH+]c1-c1cc2ccccc2s1,2,0.4696969696969697,2.649030577400211,0.9995341975682892
44447553_1482,44447553,Cn1cnnc1CCn1ccnc1-c1cc2ccccc2s1,2,0.47692307692307695,1.9004857273863784,0.9993361001487635
177495339_2491,177495339,Cc1cnn(CCNC(=O)C2(Cn3cccn3)CC2)c1,2,0.4,2.051795555117138,0.9995752101280823
53800443_3151,53800443,CCc1n[nH]c(N[C@H]2CC[C@H](C(=O)OC)CC2)c1C,2,0.5510204081632653,1.6806531468445396,0.999313520328986
53800443_3150,53800443,CCc1[nH]nc(N[C@H]2CC[C@H](C(=O)OC)CC2)c1C,2,0.5510204081632653,2.327376634753961,0.9993702874890015
32138137_2040,32138137,Cc1noc(CC/[NH+]=c2\nc[nH]c3ccccc23)n1,2,0.4716981132075472,2.1984064683306284,0.9995107784722496
32138137_2039,32138137,Cc1noc(CCNc2ncnc3ccccc23)n1,2,0.45098039215686275,1.440635276536285,0.999569209460036
1521515_3507,1521515,COc1ccc(-c2nn3c(-c4ccco4)nnc3c3ccccc23)cc1,2,0.3225806451612903,1.4617475842291958,0.9993349815980966
13419387_1152,13419387,Cc1sc2nc(C[NH+]3CCCC3)nc(N)c2c1C,2,0.40625,1.8982934441231165,0.999808743041976
13419387_1153,13419387,Cc1sc2nc(CN3CCCC3)nc(N)c2c1C,2,0.41935483870967744,2.501229897470906,0.999604475768814
147155_1141,147155,Cc1cc(CCCC(=O)NC[C@H]2CC[C@H](c3ccc(C(N)=O)c(C)n3)CC2)ccc1F,2,0.527027027027027,2.7944634547622824,0.9971810670414336
278832_792,278832,O=C(C(c1ccccc1)c1ccccc1)N1CCOC[C@H](Cc2ccc3cnccc3c2)C1,2,0.43037974683544306,1.4590017135012423,0.9989170750015803
36639987_2307,36639987,Cc1cc(C)n2nc(C)c(C(=O)NCC3CC3)c2n1,2,0.5714285714285714,1.2135472796721594,0.9998166464751277
48217798_3349,48217798,CN(Cc1ccc(C(=O)[O-])cc1)C(=O)c1ccnn1C,2,0.39655172413793105,2.5783353156639954,0.9988673905178908
49127244_3217,49127244,NS(=O)(=O)N1CCN(Cc2c(F)cccc2N2CCCC2)CC1,2,0.58,1.9322015940373616,0.9980253794734301
49127244_3218,49127244,NS(=O)(=O)N1CC[NH+](Cc2c(F)cccc2N2CCCC2)CC1,2,0.5636363636363636,2.082346753064872,0.9984568937688644
222599_1372,222599,c1cc2cc[nH]c2c(C[C@H]2C[N@H+](C3CCCC3)C2)n1,2,0.35185185185185186,2.390560812863963,0.9994947892815821
222599_1373,222599,c1cc2cc[nH+]c(C[C@H]3C[N@H+](C4CCCC4)C3)c2[nH]1,2,0.30357142857142855,1.9129547825286164,0.9992936191598154
49064514_3130,49064514,C[C@H]1CC[C@@](O)(CSc2nnnn2C2CC2)CC1,2,0.5306122448979592,1.3431369997136193,0.9983507349842491
49008924_3184,49008924,CN(CC1CCC1)C(=O)C1CCN(c2ccc3nncn3n2)CC1,2,0.546875,1.6640441700865358,0.9983002377689102
1527294_1255,1527294,COc1ccc(CNc2[nH+]cc(-c3ccc4c(c3)OCO4)n2C)c(OC)c1,2,0.47619047619047616,2.05590296463621,0.9990215624092763
316875519_3477,316875519,Cn1c(-c2n[nH]c3c2CCCC3)nnc1N1CC[C@]2(CNC(=O)C2)C1,2,0.26666666666666666,2.257730497645436,0.9993796608458235
316875519_3478,316875519,Cn1c(-c2[nH]nc3c2CCCC3)nnc1N1CC[C@]2(CNC(=O)C2)C1,2,0.26666666666666666,2.393497023185716,0.9991938214215863
152525_467,152525,CN(C)c1cccc(C(=O)N2CCC[C@H](c3cccc(-c4cccs4)[nH+]3)C2)c1,2,0.47368421052631576,2.536627682574012,0.9977490829130036
152525_466,152525,CN(C)c1cccc(C(=O)N2CCC[C@H](c3cccc(-c4cccs4)n3)C2)c1,2,0.44594594594594594,2.8097455400800406,0.9974493983289007
49081113_3132,49081113,CC(C)(C)c1cnc(CN2CCC(=O)Nc3cc(F)ccc32)o1,2,0.576271186440678,1.5012091792948188,0.9993350019071873
30151586_3714,30151586,Cc1ccc(Nc2nc(N(C)c3ccc4c(C)n(C)nc4c3)cc[nH+]2)cc1S(N)(=O)=O,2,0.4235294117647059,3.3825422392041355,0.9992900612202322
30151586_3713,30151586,Cc1ccc(Nc2nccc(N(C)c3ccc4c(C)n(C)nc4c3)n2)cc1S(N)(=O)=O,2,0.4166666666666667,2.499397927502397,0.9996219819266561
145071_505,145071,COc1ccccc1CNC(=O)c1cnc(C2CCN(C(=O)C(C)(C)C)CC2)nc1C,2,0.41333333333333333,2.143338750641175,0.9989205296325429
222782402_3075,222782402,O=C(C1CC1)N1CCC(C[N-]S(=O)(=O)N2CCCCCC2)CC1,2,0.4642857142857143,4.586788527935461,0.9848145800091808
222782402_3074,222782402,O=C(C1CC1)N1CCC(CNS(=O)(=O)N2CCCCCC2)CC1,2,0.4642857142857143,1.970224098928832,0.9990644914456899
42968116_2140,42968116,Cc1ncc(C(=O)Nc2ncnc3oc(C)c(C)c23)s1,2,0.3382352941176471,1.8021961602444754,0.9995879829150849
233395_970,233395,Cn1ccc(C[N@H+]2CC[C@H](c3cnccn3)CC2)n1,2,0.5384615384615384,1.644769892721161,0.999677675740291
53750832_3377,53750832,COc1cccc(Cc2nc(=O)c3c4c(sc3[nH]2)CSCC4)c1,2,0.35384615384615387,2.5580330334058834,0.999724614056931
53750832_3378,53750832,COc1cccc(Cc2nc3sc4c(c3c(=O)[nH]2)CCSC4)c1,2,0.359375,2.8597064534663765,0.9997836932822467
414840_2613,414840,Cc1cc(C(=O)N2CCC(C(=O)c3ccnn3C)CC2)sc1C,2,0.3188405797101449,1.8749586662101148,0.9995053131084759
2332052_2101,2332052,O=C1c2cccc3cccc(c23)C(=O)N1CCN1CCOCC1,2,0.3389830508474576,1.5488747528446483,0.9992459070714654
2332052_2102,2332052,O=C1c2cccc3cccc(c23)C(=O)N1CC[NH+]1CCOCC1,2,0.3387096774193548,0.9027895657352156,0.9991803875076845
43371947_3662,43371947,CS(=O)(=O)N1CCc2c(cccc2NC(=O)c2ccc(F)cc2)C1,2,0.5,1.5988680370813566,0.9979374348012853
32378112_1328,32378112,O=C(NCC1=CCCN(Cc2cc(F)ccc2Cl)C1)c1ccco1,2,0.42105263157894735,1.7811061169958624,0.9980949234106521
32378112_1327,32378112,O=C(NCC1=CCC[N@@H+](Cc2cc(F)ccc2Cl)C1)c1ccco1,2,0.4266666666666667,2.4788717191497347,0.9992191525139078
31930262_219,31930262,Cc1cc(C[N@@H+](C)Cc2cscn2)no1,2,0.3157894736842105,0.7591132985263114,0.9998683541402633
31930262_220,31930262,Cc1cc(CN(C)Cc2cscn2)no1,2,0.36538461538461536,1.5652233067521826,0.9994446489015805
24880306_3482,24880306,CC(C)(C)c1ccc([C@@H](O)CN2CCC(O)(c3ccc4c(c3)OCO4)CC2)cc1,2,0.2835820895522388,2.757733852277784,0.9982779555899767
24880306_3481,24880306,CC(C)(C)c1ccc([C@@H](O)C[N@H+]2CC[C@@](O)(c3ccc4c(c3)OCO4)CC2)cc1,2,0.2876712328767123,3.9607585132142646,0.9975187309189124
13482608_3052,13482608,COc1ccc2cc(C(=O)NCc3nnc4n3CCCCC4)ccc2c1,2,0.484375,1.445362584267426,0.9986128697422728
36466247_522,36466247,CCOc1ncccc1-c1cc(Cl)ccc1O,2,0.43137254901960786,1.167833892297627,0.9991562105441013
36466247_523,36466247,CCOc1ncccc1-c1cc(Cl)ccc1[O-],2,0.43137254901960786,1.9406068638445082,0.9988630906010755
23673158_1115,23673158,O=C(c1ccc(=O)[nH]c1)N1CCN(c2ncccn2)CC1,2,0.42592592592592593,2.0857439919610146,0.9985592670444277
23673158_1116,23673158,O=C(c1ccc([O-])nc1)N1CCN(c2ncccn2)CC1,2,0.4339622641509434,2.184108971640653,0.9984673936467823
53751990_2928,53751990,Cc1ccc(F)cc1S(=O)(=O)[N-]c1ccc(C(=O)N2CCCC2)cc1,2,0.5,2.5599384758233237,0.9944823166758966
53751990_2929,53751990,Cc1ccc(F)cc1S(=O)(=O)Nc1ccc(C(=O)N2CCCC2)cc1,2,0.5,1.858169529402459,0.9984724147119866
177386071_3326,177386071,CC(C)C(=O)N1CCn2nc(C[NH2+]C3CCc4ccccc4CC3)cc2C1,2,0.3142857142857143,2.923113750780338,0.9989756396505204
306110_3431,306110,O=c1c2ccccc2nc2n1CC[N@@H+](Cc1ccc(F)cc1)CC2,3,0.5,1.641151425067289,0.999152789260087
306110_3433,306110,O=c1c2ccccc2[nH+]c2n1CCN(Cc1ccc(F)cc1)CC2,3,0.3188405797101449,1.6166480754943116,0.9988360356605235
306110_3432,306110,O=c1c2ccccc2nc2n1CCN(Cc1ccc(F)cc1)CC2,3,0.4918032786885246,1.5534986321207496,0.9985656910853907
177508549_2411,177508549,O=C(CCc1cn[nH]c1)NCCCn1cc(Cl)cn1,3,0.5555555555555556,2.213303413453145,0.9992970076190932
43670748_939,43670748,CC(C)n1ccc(C(=O)N2CCS(=O)(=O)C(C)(C)C2)n1,3,0.2698412698412698,1.1404227286402235,0.9991450299232354
48257421_1421,48257421,CCc1nnc(Oc2cccnc2)c(C#N)c1CC,3,0.46,1.407056502063872,0.9982501927397975
290036652_3123,290036652,COc1cccc(C)c1C(=O)N(C)CCCn1cccn1,3,0.5344827586206896,1.6278651664065347,0.9988890117346717
24126665_356,24126665,Clc1ccc2c(Oc3cccnc3)ncnc2c1,3,0.3389830508474576,1.859663948136881,0.9952896871341186
106928257_175,106928257,O=C(Nc1nc2cc(C(F)(F)F)cc(NC3CC3)n2n1)c1cccnc1,3,0.3333333333333333,2.1548329401603397,0.999484768905683
106928257_174,106928257,O=C(Nc1nn2c(NC3CC3)cc(C(F)(F)F)cc2[nH+]1)c1cccnc1,3,0.3283582089552239,2.209680972449294,0.9996778285384504
31409108_1353,31409108,NCc1cccnc1OCc1ccccc1,3,0.3333333333333333,1.1796952996433092,0.9991888132416863
31409108_1352,31409108,[NH3+]Cc1cccnc1OCc1ccccc1,3,0.30434782608695654,1.2516996444832054,0.9986785478062922
31929526_71,31929526,O=C1CN(c2ccc(Nc3nccc(C(F)(F)F)n3)cn2)CCN1,3,0.2903225806451613,1.6604047699282336,0.9995265558320561
31929526_72,31929526,O=C1CN(c2ccc(Nc3nccc(C(F)(F)F)n3)c[nH+]2)CCN1,3,0.28125,1.9530381460690913,0.9986851137688051
1553084_882,1553084,O=C(Nc1ccc(S(=O)(=O)/N=c2/cc[nH]n2-c2ccccc2)cc1)c1ccco1,3,0.2894736842105263,2.6989459053484923,0.9990406378300603
1553084_883,1553084,O=C(Nc1ccc(S(=O)(=O)Nc2ccnn2-c2ccccc2)cc1)c1ccco1,3,0.3194444444444444,2.183268192413769,0.9992801853595451
30448845_1304,30448845,CC1(C)Cc2cc(CN3CCC4(CC3)NC(=O)N(Cc3ccccc3)C4=O)ccc2O1,3,0.34782608695652173,3.3407981082370806,0.9979013726338247
30448845_1303,30448845,CC1(C)Cc2cc(C[N@H+]3CC[C@]4(CC3)NC(=O)N(Cc3ccccc3)C4=O)ccc2O1,3,0.3380281690140845,4.115487212955595,0.9990063638677049
44051471_3421,44051471,COC(=O)c1cccc2c1CCCN2C(=O)c1ccccc1,3,0.3484848484848485,1.5417457637365708,0.9992459070714654
44051475_2401,44051475,COC(=O)c1cccc2c1CCCN2C(=O)c1ccc(F)cc1F,3,0.37142857142857144,1.742185409191605,0.9975580083502038
49139348_2853,49139348,CC(=O)c1cc(Br)cc(F)c1OCc1ccccn1,3,0.4074074074074074,2.1877417580692784,0.9965898387452027
49134782_2893,49134782,OCCOc1ccccc1OCc1ncc(Cl)cc1Cl,3,0.2909090909090909,1.3439107113197333,0.9986925068738066
75542235_40,75542235,C=CC(=O)Nc1cccc(Oc2nc(Nc3ccc(N4CC[NH+](C)CC4)cc3)nc3ccsc23)c1,3,0.7402597402597403,2.441049569344694,0.999010177431939
75542235_41,75542235,C=CC(=O)Nc1cccc(Oc2nc(Nc3ccc(N4CCN(C)CC4)cc3)nc3ccsc23)c1,3,0.7534246575342466,1.791010608567954,0.99923180469213
30438633_1364,30438633,CN1C(=O)COc2ccc(NC(=O)CCN3C(=O)COc4ccc(Cl)cc43)cc21,3,0.5606060606060606,1.7102491046628487,0.9988205604776023
181799_3340,181799,CNCc1cc(N(C)C)nc([C@H]2CCCN2C(=O)CCc2c[nH]c3ccccc23)[nH+]1,3,0.5972222222222222,2.9554243350162417,0.9989611768129263
181799_3339,181799,CNCc1cc(N(C)C)nc([C@H]2CCCN2C(=O)CCc2c[nH]c3ccccc23)n1,3,0.5774647887323944,2.591663365485925,0.9993511955507397
181799_3338,181799,C[NH2+]Cc1cc(N(C)C)nc([C@H]2CCCN2C(=O)CCc2c[nH]c3ccccc23)n1,3,0.5857142857142857,2.960592001611632,0.9994434760685631
31507466_3193,31507466,Cc1cc(-c2nncc3c(C(C)(C)C)c(OCc4ncnn4C)nn23)no1,3,0.4025974025974026,2.5138066751437194,0.9993916572668814
31507466_3194,31507466,Cc1cc(-c2nncc3c(C(C)(C)C)c(OCc4[nH+]cnn4C)nn23)no1,3,0.4177215189873418,2.403209936731154,0.999304515058482
137015_287,137015,CCCn1cc(C(=O)N2CCC(c3n[nH]cc3C(=O)N(C)Cc3ccccc3)CC2)cn1,3,0.6818181818181818,2.77680625899605,0.9992138054299177
137015_286,137015,CCCn1cc(C(=O)N2CCC(c3[nH]ncc3C(=O)N(C)Cc3ccccc3)CC2)cn1,3,0.6617647058823529,2.8357420545610696,0.9991339244755316
49159718_946,49159718,CS(=O)(=O)CCc1[nH+]c(C2(c3ccccc3)CC2)nn1-c1ccccc1,3,0.35384615384615387,2.040181119410524,0.9970617629448901
49159718_945,49159718,CS(=O)(=O)CCc1nc(C2(c3ccccc3)CC2)nn1-c1ccccc1,3,0.34375,1.8213851871582394,0.9984404020244403
48755678_2079,48755678,Cc1nc(C)c(CNc2cnn(-c3ccccc3)c2)s1,3,0.4117647058823529,1.547435620632593,0.9995835406179165
MCULE-3611790330_135,MCULE-3611790330,CCOc1cc(CC(=O)N[C@@H](CC(C)C)c2ccccc2N2CCCCC2)ccc1C(=O)[O-],3,0.30120481927710846,2.9472064739343105,0.9962999556025842
49336129_806,49336129,COc1ncnc2c1C[N@@H+](Cc1c[nH]nc1-c1ccc(F)cc1)CC2,3,0.35714285714285715,2.0024577398784604,0.9992167549177999
49336129_807,49336129,COc1ncnc2c1C[N@@H+](Cc1cn[nH]c1-c1ccc(F)cc1)CC2,3,0.3472222222222222,2.1609458577205523,0.9993601023930866
49336129_808,49336129,COc1ncnc2c1CN(Cc1c[nH]nc1-c1ccc(F)cc1)CC2,3,0.352112676056338,2.014054368680056,0.9988269309184542
49336129_809,49336129,COc1ncnc2c1CN(Cc1cn[nH]c1-c1ccc(F)cc1)CC2,3,0.3424657534246575,2.1381005589075466,0.9994254297793377
49038326_2303,49038326,O=C(Nc1ccc(COC2CCCC2)cc1)N1CCC(CO)CC1,3,0.6363636363636364,2.3363281019581192,0.9982779555899767
31413696_2038,31413696,Cc1csc(Nc2ccc(C#N)cc2)n1,3,0.3469387755102041,1.7416925675904116,0.9990031331597667
222778471_2843,222778471,Cc1n[nH]c(C)c1CCCN(C)c1cncc(C(=O)N(C)C)n1,3,0.4745762711864407,2.0669632314094306,0.9994446489015805
44507857_25,44507857,CCCc1cc(N2CCc3c([nH+]c(C4CC4)n3C)C2)n2nc[nH+]c2n1,3,0.7540983606557377,0.49794377192628747,0.9999494138826731
44507857_21,44507857,CCCc1cc(N2CCc3c(nc(C4CC4)n3C)C2)n2ncnc2n1,3,0.7213114754098361,0.2902757309894335,0.9999738122619477
44507857_22,44507857,CCCc1cc(N2CCc3c(nc(C4CC4)n3C)C2)n2nc[nH+]c2n1,3,0.7258064516129032,0.43703661173751246,0.9999676539061867
44507857_24,44507857,CCCc1c/c(=[N+]2\CCc3c(nc(C4CC4)n3C)C2)n2ncnc2[nH]1,3,0.734375,0.4341969599159456,0.9999777738672295
44507857_23,44507857,CCCc1cc(N2CCc3c([nH+]c(C4CC4)n3C)C2)n2ncnc2n1,3,0.7540983606557377,0.23474880191464653,0.9999823887973953
43140484_1164,43140484,CCOC(=O)c1cccnc1-c1cccc2ccnn12,3,0.41379310344827586,1.3809355524425246,0.9989981495926614
17074465_2122,17074465,CCn1ncc(-c2cc(C(F)F)nc(NCCCOC)n2)c1C,3,0.35714285714285715,1.796189021234309,0.9995605399530227
17074465_2123,17074465,CCn1ncc(-c2cc(C(F)F)nc(NCCCOC)[nH+]2)c1C,3,0.36619718309859156,1.3313418043466168,0.999693019284065
232838302_2413,232838302,Cc1nn(C)c(C)c1-c1cc(C(C)(C)C)[nH+]c(N(C)C)n1,3,0.44642857142857145,2.0134517625208455,0.9985705717832184
232838302_2412,232838302,Cc1nn(C)c(C)c1-c1cc(C(C)(C)C)nc(N(C)C)n1,3,0.5833333333333334,1.791631379497201,0.9991077310147664
53880265_1004,53880265,O=C(NC1CCCC1)N1CCN(c2nccn3nc4c(c23)CCCC4)CC1,3,0.5692307692307692,2.933217175730171,0.9996433884953516
53880265_1005,53880265,O=C(NC1CCCC1)N1CCN(c2[nH+]ccn3nc4c(c23)CCCC4)CC1,3,0.5606060606060606,2.7574094726750396,0.9992772271155954
197945_2011,197945,Cc1cc(Nc2ccccn2)cc([C@@H]2CCCN(CC(=O)Nc3ncc(C)s3)C2)[nH+]1,3,0.6103896103896104,2.7147311100739056,0.9994856914417956
197945_2012,197945,Cc1cc(Nc2ccccn2)cc([C@H]2CCCN(CC(=O)Nc3ncc(C)s3)C2)n1,3,0.6052631578947368,2.350349973940022,0.9990450176830318
19996324_3119,19996324,O=C(CSc1ccc2c(c1)OCCO2)NC1CCCC1,3,0.6304347826086957,1.3522307495393386,0.9985699934866247
48247754_742,48247754,Cc1ccc(C(=O)NC2CCN(CC#N)CC2)cc1Br,3,0.31746031746031744,1.7531200757505552,0.9984702174332922
48931495_2292,48931495,Cc1ccc(NC(=O)C[N@@H+](C)C2CCCCC2)cc1S(=O)(=O)N(C)C,3,0.532258064516129,2.2791537903351924,0.9966179310192474
48931495_2293,48931495,Cc1ccc(NC(=O)CN(C)C2CCCCC2)cc1S(=O)(=O)N(C)C,3,0.5423728813559322,2.6142455890753062,0.9961350796988829
25614739_648,25614739,Cc1cc(-c2nnc3ccc4ccccc4n23)n(C)n1,3,0.3448275862068966,1.185800151796622,0.9991606180580682
24958639_1114,24958639,Cn1cnnc1CNc1ccccc1C#N,3,0.31666666666666665,1.4688961842145964,0.9994475083691502
114695027_650,114695027,Clc1ccc(NCc2ccoc2)nn1,3,0.25,2.1601567072783885,0.999580521185348
18855069_1735,18855069,Cc1nc(COc2ccc(F)cc2)sc1C(=O)N1CCC(C)CC1,3,0.38666666666666666,1.6640441700865358,0.9982961617935906
48277570_1504,48277570,COc1cc[nH+]cc1NCc1ccc2c(c1)OCCO2,3,0.38181818181818183,2.0718206968752164,0.997643749752963
48277570_1503,48277570,COc1ccncc1NCc1ccc2c(c1)OCCO2,3,0.38181818181818183,1.7505313479056313,0.9989643263373417
49948742_2706,49948742,CCOc1cc(N2CCOC3(CCCC3)C2)ncn1,3,0.3382352941176471,0.7884865249326729,0.9992917774069912
708404_3082,708404,Cc1nsc(Nc2ccccc2)c1C#N,3,0.2708333333333333,1.497637806681297,0.999341551619337
36310332_487,36310332,Cc1ccnc(NC(=O)CN(C)C(=O)c2ccc(Cl)cc2)c1,3,0.49056603773584906,1.7455875801576468,0.9980981133063552
36311460_982,36311460,Cc1ccc(NC(=O)CN(C)C(=O)c2ccccc2F)nc1,3,0.42592592592592593,1.0206889829913672,0.9995550118837632
30693076_1095,30693076,O=C(NC1CC1)c1cccnc1Oc1ccccc1,3,0.38181818181818183,0.7974697486422321,0.9995851762744512
Z1169976242_383,Z1169976242,C#CCN1CCC(c2nc(Cc3noc(C)n3)no2)CC1,3,0.3225806451612903,1.1318436287758369,0.9988980245908707
Z1169976242_382,Z1169976242,C#CC[N@H+]1CC[C@H](c2nc(Cc3noc(C)n3)no2)CC1,3,0.38596491228070173,2.033000983767293,0.9992383312376515
24010647_2384,24010647,O=C(c1cc(F)ccc1F)N1CCN(C(=O)C2CC2)CC1,3,0.44,1.4595790489041003,0.9982390686407083
319188_3417,319188,CC(C)CCN1CCc2[nH]c3cc(C4CC4)nn3c(=O)c2C1,3,0.28205128205128205,1.7185016729700069,0.9990640563379729
411872_2802,411872,CCCC[N@H+]1CCc2[nH]c3cc(C4CC4)nn3c(=O)c2C1,3,0.2638888888888889,1.8164539630823788,0.9992224685458921
411872_2803,411872,CCCCN1CCc2[nH]c3cc(C4CC4)nn3c(=O)c2C1,3,0.2638888888888889,1.2274090597650795,0.9995037905820562
319188_3416,319188,CC(C)CC[N@H+]1CCc2[nH]c3cc(C4CC4)nn3c(=O)c2C1,3,0.2753623188405797,2.146052189486286,0.999312955524397
29703212_3538,29703212,O=C([O-])c1ccc(-c2c[nH]c3ncc(-c4ccccc4)cc23)cc1C1CCCC1,3,0.33783783783783783,3.653223508081426,0.997662033918498
301065487_861,301065487,CCCN(Cc1ccccc1)C(=O)CC1([NH3+])CCC1,3,0.3392857142857143,1.5762106458213736,0.9981758724255012
11001656_3668,11001656,Cc1ccc(-c2ccc(NC(=O)c3ncoc3-c3ccccc3)cc2)o1,3,0.3787878787878788,1.569440346110804,0.9997478528066924
44436449_768,44436449,CCn1ccc2cc(C(=O)N3CCN(c4ccc(C)cc4)C(=O)C3)ccc21,3,0.47692307692307695,2.050764003974918,0.99854165117184
409118_2431,409118,Cn1cc(CN2CCc3nc4ccccc4c(=O)n3CC2)cn1,3,0.4,1.8328177759938762,0.9995550011178391
409118_2430,409118,Cn1cc(C[N@H+]2CCc3nc4ccccc4c(=O)n3CC2)cn1,3,0.4032258064516129,1.7056514884353924,0.9994303124988867
33363767_1741,33363767,COc1ccc(C)cc1-n1ccc(C(=O)Nc2c3c(nn2C)CCC3)n1,3,0.6101694915254238,2.695443933751696,0.9994954355785303
207921_670,207921,Cc1nc(=O)cc(C2CCN(c3cnccn3)CC2)[nH]1,3,0.46153846153846156,1.7057458779076706,0.9993198353331313
49084049_2810,49084049,Cc1cc(C(=O)NCC2CCC3(CC2)OCCO3)n[nH]1,3,0.36507936507936506,1.9760731261772608,0.9986085985228917
24883050_1411,24883050,COc1ccc(C2([NH2+]Cc3cccc4ncccc34)CC2)cc1,3,0.4098360655737705,1.752774942769294,0.9990271224461432
53808457_2866,53808457,COc1cc(C[N@H+]2CC[C@H](C(=O)N3CCOCC3)CC2)ccc1C,3,0.5263157894736842,1.4616490686892536,0.9985026848423385
32071082_477,32071082,Cc1cccc(NC(=O)c2cccnc2N2CCCCC2)n1,3,0.5,1.2135472796721594,0.9994971138420725
32071082_478,32071082,Cc1cccc(NC(=O)c2cccnc2N2CCCCC2)[nH+]1,3,0.49056603773584906,1.6264578076303349,0.9991148798251618
31836142_715,31836142,Cc1ccc(C(=O)Nc2ccccc2-c2ccccc2)o1,3,0.46808510638297873,1.1970392641845304,0.9995889053552538
2199776_2541,2199776,O=C(NCc1cccs1)c1cccnc1,3,0.5208333333333334,1.306951031983108,0.9998467068941734
43881453_3089,43881453,Cc1cccc(NC(=O)CN(C)Cc2nc3ccccc3c(=O)[nH]2)c1C,3,0.35714285714285715,1.826968527369607,0.9989300334527478
43964901_3398,43964901,Cc1cccc(NC(=O)CN(C)Cc2nc3ccc(Cl)cc3c(=O)[nH]2)c1C,3,0.30666666666666664,2.471857601076276,0.9995123356360536
43964901_3397,43964901,Cc1cccc(NC(=O)CN(C)Cc2nc(=O)c3cc(Cl)ccc3[nH]2)c1C,3,0.30666666666666664,2.3229862246692874,0.9990818826377764
43881453_3088,43881453,Cc1cccc(NC(=O)CN(C)Cc2nc(=O)c3ccccc3[nH]2)c1C,3,0.35714285714285715,1.6065500303439637,0.9995353878562918
35690264_1426,35690264,O=C(Nc1ccc(N2CCOCC2)nc1)N1CCc2sccc2C1,3,0.43283582089552236,1.7132944872383338,0.9997851608833833
35690264_1427,35690264,O=C(Nc1ccc(N2CCOCC2)[nH+]c1)N1CCc2sccc2C1,3,0.4090909090909091,2.6368039365868814,0.9991860770816696
3409017_591,3409017,O=C(NCCc1ccc2c(c1)OCCO2)c1ccc2ccccc2n1,3,0.4406779661016949,1.8348119794681959,0.9986573285444679
36008838_1798,36008838,CCCCCCNc1nc[nH+]c2[nH]ccc12,3,0.30357142857142855,4.197963553915169,0.9997481030665681
36008838_1797,36008838,CCCCCCNc1[nH+]cnc2[nH]ccc12,3,0.3142857142857143,3.5340118845300204,0.9988633658088023
36008838_1796,36008838,CCCCCCNc1ncnc2[nH]ccc12,3,0.2982456140350877,3.841082790047619,0.9992379554634951
MCULE-6181763916_1962,MCULE-6181763916,Cc1noc(OCC(=O)N2CCCCCC2)n1,3,0.3888888888888889,2.1048800440881186,0.9949773370715614
1557197_2221,1557197,Cc1cccc(-n2c(CNc3ccc(F)cc3)n[nH+]c2[S-])c1,3,0.4,2.534269125408647,0.9987546599547887
3301248_3592,3301248,Cc1cnc(NC(=O)c2cc(S(=O)(=O)N(C)C)ccc2N2CCCC2)s1,3,0.3287671232876712,2.1406225729908486,0.9990386533507716
29954871_2756,29954871,c1ccc(OCC[NH+]2CCN(c3ncccn3)CC2)cc1,3,0.42857142857142855,1.6582903847035138,0.9987681525964233
29954871_2757,29954871,c1ccc(OCCN2CCN(c3ncccn3)CC2)cc1,3,0.41509433962264153,1.3619610860813918,0.9988640891907686
33365153_727,33365153,O=C(c1cc(-c2cccc(Cl)c2)on1)N1CCC(n2cccc2)CC1,3,0.4225352112676056,2.618098737633979,0.9984633501045294
44699501_1557,44699501,OCCCCCn1cc(-c2ccccc2-c2ccco2)nn1,3,0.3333333333333333,0.690494026043346,0.9998506065947068
33324457_337,33324457,CC(C)(C)c1cc(NC(=O)c2cccc3cn[nH]c23)[nH]n1,3,0.30303030303030304,3.4982584238440357,0.9993516932897292
33324457_336,33324457,CC(C)(C)c1cc(NC(=O)c2cccc3cn[nH]c23)n[nH]1,3,0.3220338983050847,3.5158198190464467,0.9994861266922668
1527294_1255,1527294,COc1ccc(CNc2[nH+]cc(-c3ccc4c(c3)OCO4)n2C)c(OC)c1,3,0.45588235294117646,2.05590296463621,0.9990215624092763
75983310_825,75983310,CC(C)c1nc2c(n1C)CCN(C(=O)c1cccc(C(F)(F)F)c1F)C2,3,0.38235294117647056,2.334158520752282,0.9986318452837396
75983310_826,75983310,CC(C)c1[nH+]c2c(n1C)CCN(C(=O)c1cccc(C(F)(F)F)c1F)C2,3,0.391304347826087,2.086127033524179,0.9986178489825343
2344317_734,2344317,Fc1ccccc1CN1CCN(c2ncccn2)CC1,3,0.45652173913043476,1.911918146783462,0.9967410789157415
2344317_735,2344317,Fc1ccccc1C[NH+]1CCN(c2ncccn2)CC1,3,0.4791666666666667,1.6641481304258914,0.9985893943891269
2343643_1193,2343643,Fc1cccc(CN2CCN(c3ncccn3)CC2)c1,3,0.46808510638297873,1.9204752016103244,0.9965301837735636
2343643_1192,2343643,Fc1cccc(C[NH+]2CCN(c3ncccn3)CC2)c1,3,0.4897959183673469,1.7561748204551413,0.9987702797706968
45736550_903,45736550,Cc1ccc(C(=O)C(=O)NC2CCCC2)cc1,3,0.5897435897435898,1.5614778256510964,0.9982815698671548
49933864_1398,49933864,CN(C)C(=O)OCC[N@H+]1CC[C@H](c2c[nH]c3ncccc32)CC1,3,0.43478260869565216,2.0225679222210573,0.9990534975548886
49933864_1399,49933864,CN(C)C(=O)OCCN1CCC(c2c[nH]c3ncccc23)CC1,3,0.5,2.378052564600052,0.9986529138504895
46088801_138,46088801,COCCc1noc(CN2CC(c3ccccc3)(c3ccccc3)CCC2=O)n1,3,0.3888888888888889,2.4188551010756454,0.9977318971088556
31341416_263,31341416,CCc1[nH+]c2ccccc2n1CC(=O)N1CCNC(=O)C1,3,0.4307692307692308,1.6089689244972631,0.9994594973142452
31341416_262,31341416,CCc1nc2ccccc2n1CC(=O)N1CCNC(=O)C1,3,0.4375,1.5001533254969375,0.9996663436037627
197589_1683,197589,Nc1nc(-c2ccccc2)nc2nc([C@@H]3CCC[N@H+](CC(=O)N4CCCC4)C3)ccc12,3,0.5757575757575758,2.235699443127785,0.9982805516672947
197589_1684,197589,Nc1nc(-c2ccccc2)[nH+]c2nc([C@H]3CCCN(CC(=O)N4CCCC4)C3)ccc12,3,0.5217391304347826,2.836937609465676,0.9979711009644854
197589_1682,197589,Nc1nc(-c2ccccc2)nc2nc([C@H]3CCCN(CC(=O)N4CCCC4)C3)ccc12,3,0.5555555555555556,2.295272968515848,0.9984051730386123
33297195_347,33297195,NC(=O)COc1ccccc1-c1ccccc1,3,0.40476190476190477,1.520714963430044,0.995261310782837
68918136_2600,68918136,CCOCCNC(=O)c1cccc(-c2cc(F)ccc2OC)c1,3,0.4782608695652174,1.6393154058935602,0.9987868786011089
36467131_507,36467131,CCOc1ccc(-c2ccccc2NC(=O)COC)cc1,3,0.38596491228070173,1.6835940722156002,0.9972942417889841
73007305_2436,73007305,Nc1[nH+]nc(SCCSC2CCCCC2)n1C1CC1,3,0.2459016393442623,2.748326217900662,0.9966910000888691
53829602_3195,53829602,OCc1nnc(SCCSC2CCCCC2)n1C1CC1,3,0.29850746268656714,2.2440975914608163,0.9980175653821945
73007305_2435,73007305,Nc1nnc(SCCSC2CCCCC2)n1C1CC1,3,0.23529411764705882,3.2185012039768335,0.9961517430956238
49383448_159,49383448,CN1CCN(S(=O)(=O)c2ccc(-c3cnc(N)c(C(=O)Nc4cccnc4)n3)cc2)CC1,3,0.3333333333333333,4.203122648698229,0.9952832050929141
49383448_158,49383448,C[NH+]1CCN(S(=O)(=O)c2ccc(-c3cnc(N)c(C(=O)Nc4cccnc4)n3)cc2)CC1,3,0.32941176470588235,4.306819476133601,0.9965274407934319
49000996_2285,49000996,C[N@@H+](CCNC(=O)NC1CCOCC1)C1CCCC1,3,0.4444444444444444,2.505766549381894,0.9980532808360882
31981926_1139,31981926,CC(=O)NCC1CCN(C(=O)c2c[nH+]cn2-c2ccc(F)cc2)CC1,3,0.660377358490566,1.440524210140103,0.9994899061531446
31981926_1138,31981926,CC(=O)NCC1CCN(C(=O)c2cncn2-c2ccc(F)cc2)CC1,3,0.660377358490566,1.459829099586797,0.9991111650424759
48262457_2186,48262457,CC(C)(C)c1nc(NCc2ccncc2)cc[nH+]1,3,0.2982456140350877,1.3666517478860223,0.9990216662694165
48262457_2185,48262457,CC(C)(C)c1nccc(NCc2ccncc2)n1,3,0.3333333333333333,1.531880543645524,0.9998144701258647
49028063_2634,49028063,Cc1nnc2ccc(NCCOC3CCCCCC3)nn12,3,0.3620689655172414,0.9705153270296477,0.9994615374838368
49169918_1129,49169918,Cc1ccc(-c2nc(C[NH+]3CCOCC3)n(Cc3ccc(F)cc3)n2)o1,3,0.390625,1.9639483190761726,0.9992813040109559
49169918_1128,49169918,Cc1ccc(-c2nc(CN3CCOCC3)n(Cc3ccc(F)cc3)n2)o1,3,0.4032258064516129,1.3947186096128328,0.9985989930700089
3683577_1926,3683577,COc1cc2c(cc1OC)CN(C(=O)[C@@H]1CCCN(S(=O)(=O)c3cccs3)C1)CC2,3,0.6923076923076923,2.161844351473921,0.9987134157688744
MCULE-8889700922_1264,MCULE-8889700922,Cc1ccc(C)c(S(=O)(=O)N2CCCN(CCn3cccn3)CC2)c1,3,0.4426229508196721,1.6793975110139638,0.9987429688096371
MCULE-8889700922_1263,MCULE-8889700922,Cc1ccc(C)c(S(=O)(=O)N2CCC[N@H+](CCn3cccn3)CC2)c1,3,0.5,1.6336171522113894,0.9989161094261529
32020284_1767,32020284,Cc1cc(C(=O)Nc2cccc(-c3cnco3)c2)c2c(C)nn(C)c2n1,3,0.39473684210526316,2.6011043808359373,0.9997279291445004
36294663_1608,36294663,CCCN(CC)c1ccc(C(=O)N2CCCN(C(C)=O)CC2)cc1,3,0.36538461538461536,2.068848713656912,0.9986509273660119
267729_1362,267729,CS(=O)(=O)N1CC(c2n[nH]c3ncccc23)C1,3,0.30357142857142855,2.31863645274582,0.9993154145626152
267729_1363,267729,CS(=O)(=O)N1CC(c2[nH]nc3ncccc23)C1,3,0.2807017543859649,2.2813502580711176,0.9996366878463909
153321_957,153321,c1cc(C[N@H+]2CC[C@@H](c3ccn[nH]3)CC2)ccn1,3,0.4230769230769231,2.947342192551987,0.9991047195178239
153321_958,153321,c1cc(C[N@H+]2CC[C@H](c3cc[nH]n3)CC2)ccn1,3,0.41509433962264153,1.7708949714751052,0.9995556773503808
312296_1099,312296,COc1ccc(C(=O)Cn2c(=O)n(-c3ccccc3F)c3nc(C)nc(C(N)=O)c32)cc1,3,0.33783783783783783,1.9122622728066798,0.9990435060897339
312262_3669,312262,CCOc1ccc(C(=O)Cn2c(=O)n(-c3ccc(F)cc3)c3nc(C)nc(C(N)=O)c32)cc1,3,0.3888888888888889,2.3585043989786403,0.9990123473472116
27448206_3723,27448206,O=C(Nc1nc2ccccc2[nH]1)c1ccc(-n2cccc2)cc1,3,0.6590909090909091,1.3029999999990427,0.9997938907704861
27448206_3724,27448206,O=C(Nc1[nH]c2ccccc2[nH+]1)c1ccc(-n2cccc2)cc1,3,0.6444444444444445,3.074408073109494,0.9983665343333373
300011391_119,300011391,O=c1[nH]ccc2c(S(=O)(=O)N3CCC[NH2+]CC3)cccc12,3,0.25,1.4096591786670223,0.9989390686369932
300011391_120,300011391,O=c1[nH]ccc2c(S(=O)(=O)N3CCCNCC3)cccc12,3,0.25396825396825395,1.7879429521096937,0.9988419555965382
31873876_1020,31873876,O=S(=O)(N1CCOCC1)N1CCN(Cc2ccccc2F)CC1,3,0.43636363636363634,2.1137764782491764,0.997542072276109
31873876_1021,31873876,O=S(=O)(N1CCOCC1)N1CC[NH+](Cc2ccccc2F)CC1,3,0.43859649122807015,1.6346103511233958,0.9977289293342975
43947755_3231,43947755,COc1ccccc1CNc1cn[nH]c(=O)c1Cl,3,0.3559322033898305,2.8593408331291856,0.9988891248270391
43947755_3230,43947755,COc1ccccc1CNc1cnnc([O-])c1Cl,3,0.3389830508474576,2.6530608737834185,0.9988349602275206
602991_465,602991,CCOc1ccc(-c2csc(N)n2)cc1,3,0.4090909090909091,0.8428054342492233,0.9996288869009319
31854734_3706,31854734,Cc1cc(C)c(-c2csc(CC(N)=O)n2)cc1C,3,0.40384615384615385,3.9835430209801044,0.9842912151844623
31855457_3606,31855457,Cc1ccc(-c2csc(CC(N)=O)n2)cc1C,3,0.4423076923076923,1.4916869644802366,0.999485573604968
42964650_1287,42964650,COCc1nc(-c2cc(F)ccc2F)c(C)s1,3,0.30434782608695654,1.7664586041004404,0.9981517391370505
11868858_2034,11868858,CC(=O)Nc1nc(-c2c(C)cc(C)cc2C)cs1,3,0.58,1.6075506212866368,0.999240308833317
3573849_3589,3573849,COc1ccc(-c2csc(CC(N)=O)n2)cc1,3,0.3888888888888889,2.029776342359077,0.9994013076223895
1392865_3359,1392865,CCc1sc(N)nc1-c1ccc(OC)cc1,3,0.3181818181818182,1.3659505847578957,0.9994367546700424
18867454_967,18867454,COc1ccc(-c2nc(CC(N)=O)sc2C)cc1,3,0.36764705882352944,1.1900264702937786,0.9996667334328797
35715808_989,35715808,CC(C)NC(=O)c1cc(-c2ccccc2)n(-c2ccccn2)n1,3,0.4107142857142857,1.231001218520499,0.9995355285716614
300566847_3142,300566847,CCN(CC)C(=O)c1ccc(C2=CC3(CC[NH2+]CC3)Oc3cccc([O-])c32)cc1,3,0.3114754098360656,4.563528459427041,0.9956286551741045
300566847_3141,300566847,CCN(CC)C(=O)c1ccc(C2=CC3(CC[NH2+]CC3)Oc3cccc(O)c32)cc1,3,0.31666666666666665,2.0627244120335537,0.9992367436681501
45816980_63,45816980,COc1nn(C)cc1C(=O)Nc1cccc(-c2c[nH+]c3n2CCC3)c1,3,0.35,2.0831588993642525,0.999581915109666
45688619_755,45688619,COCc1ccccc1CNc1ccc2cc(C#N)ccc2n1,3,0.4098360655737705,0.9031085206111499,0.9994238512882839
45688619_756,45688619,COCc1ccccc1CNc1ccc2cc(C#N)ccc2[nH+]1,3,0.375,1.7660175537064604,0.9985204569037365
33339030_3681,33339030,O=C(Nc1ccc2c3c(cccc13)CC2)c1ccc(-n2cncn2)cc1,3,0.3235294117647059,2.077235422382397,0.9993817783242873
43104263_675,43104263,CCc1ccc2nc(C)cc(C(=O)N3CC(c4cccnc4)C3)c2c1,3,0.30434782608695654,1.8224738681253212,0.999060523225281
222751269_2889,222751269,COCC1(CNC(=O)c2ccc(-n3cccn3)cc2)CCC1,3,0.4444444444444444,1.4153918185438232,0.9984172997111357
49084025_2693,49084025,O=C(NCC1CCC2(CC1)OCCO2)c1n[nH]c2c1CCCC2,3,0.31343283582089554,1.8304922835127517,0.9994616333664469
46034633_349,46034633,Cc1nc(C)c(C)c(NCc2cc(-c3ccc(F)cc3)no2)n1,3,0.3508771929824561,1.4507932313052363,0.9996923491374184
46034633_348,46034633,Cc1nc(NCc2cc(-c3ccc(F)cc3)no2)c(C)c(C)[nH+]1,3,0.3559322033898305,1.3472950679045754,0.999446679488708
232847331_2859,232847331,Cc1nn(CC[N-]S(=O)(=O)N2CCCCC2)c(C)c1C,3,0.7619047619047619,2.8303036939526187,0.9969569836428513
232847331_2858,232847331,Cc1nn(CCNS(=O)(=O)N2CCCCC2)c(C)c1C,3,0.7619047619047619,1.2958638045724178,0.9993347891560299
320548501_3656,320548501,CCN(c1ccc(C(C)C)cc1)S(=O)(=O)c1ccccc1,3,0.4339622641509434,2.0287838721754525,0.9991216541447768
93428812_652,93428812,CCS(=O)(=O)Nc1ccc(Oc2ccc(F)cc2F)c(-c2cn(C)c(=O)c3[nH]ccc23)c1,3,0.27848101265822783,2.177375025115801,0.9994349677758037
93428812_653,93428812,CCS(=O)(=O)[N-]c1ccc(Oc2ccc(F)cc2F)c(-c2cn(C)c(=O)c3[nH]ccc23)c1,3,0.23170731707317074,4.004465382545057,0.9990511543698402
49942184_2509,49942184,c1cc(-c2nnc(NCc3cncs3)o2)ccn1,3,0.5098039215686274,2.514405297481029,0.999455778979938
49942184_2511,49942184,c1cc(-c2n[nH]/c(=N/Cc3cncs3)o2)ccn1,3,0.5185185185185185,2.7238076290373874,0.9995032570973637
49942182_2394,49942182,Cc1ncsc1C/N=c1\[nH]nc(-c2ccncc2)o1,3,0.5357142857142857,2.4476157786725663,0.9996445610947655
49942182_2392,49942182,Cc1ncsc1CNc1nnc(-c2ccncc2)o1,3,0.5185185185185185,2.504692795533571,0.9996615364972982
49942184_2510,49942184,c1cc(-c2n[nH+]c(NCc3cncs3)o2)ccn1,3,0.5283018867924528,3.2596521286789146,0.9995046439020575
49942182_2393,49942182,Cc1ncsc1CNc1[nH+]nc(-c2ccncc2)o1,3,0.5357142857142857,3.377955742753649,0.999574009288517
232862626_2483,232862626,CC(=O)NCCCC(=O)Nc1ccc(Oc2ccccc2Cl)cc1,3,0.3620689655172414,1.6642391655046185,0.9988229861822664
44014989_206,44014989,Cc1ccc(Oc2ccc(Cl)cc2NC(=O)CN(C)CC(=O)N(C)C)cc1,3,0.3181818181818182,0.8527490838458716,0.9994827594956965
49033160_2346,49033160,O=C(CC/C=C/c1ccccc1)Nc1ccccc1N1CCOC1=O,3,0.47619047619047616,2.2190428116644854,0.9994528688258452
416572_2967,416572,COc1ccc(-c2nc(NC(C)C)ncc2-c2[nH]cc[nH+]2)cc1,3,0.296875,1.1788345939956408,0.9995375129816849
416572_2968,416572,COc1ccc(-c2nc(NC(C)C)ncc2-c2ncc[nH]2)cc1,3,0.32786885245901637,1.9264843627712385,0.9992151233124501
310422_3010,310422,COCCN1CCOc2nc3c(C)cccc3cc2C1,3,0.3283582089552239,0.8837120571773655,0.999191511239202
404346_2618,404346,COc1ccc2nc3c(cc2c1)C[NH2+]CCO3,3,0.36507936507936506,1.599173223888081,0.9991782696904271
289474_2676,289474,Cc1ccc(C)c2nc3c(cc12)CNCCO3,3,0.22388059701492538,1.2977233911741546,0.9990771914749244
289474_2677,289474,Cc1ccc(C)c2nc3c(cc12)C[NH2+]CCO3,3,0.22641509433962265,3.6296819419887894,0.9869970673660564
310422_3011,310422,COCC[N@H+]1CCOc2nc3c(C)cccc3cc2C1,3,0.3283582089552239,1.4137475022079562,0.9985431971520993
404346_2617,404346,COc1ccc2nc3c(cc2c1)CNCCO3,3,0.36507936507936506,1.5016091368928857,0.9988517888842905
31863944_1882,31863944,CC(C)Cn1c(=O)[nH]c(=O)c2c1nc1n2CCCCC1,3,0.47058823529411764,2.676011023893177,0.9996580930564596
31863944_1881,31863944,CC(C)Cn1c(=O)[nH]c(=O)c2c1[nH+]c1n2CCCCC1,3,0.47058823529411764,1.6353543958420504,0.9995385987833721
395728_3292,395728,Cc1ccc(-c2cnn3c(=O)cc(Cn4cccn4)[nH]c23)cc1,3,0.373134328358209,2.8068754870850605,0.998987566642695
309592_2249,309592,[O-]c1cc2c(nn1)-c1cnc(N3CCCC3)nc1CC2,3,0.975,1.9547782482935399,0.9982691053357285
309592_2250,309592,Oc1cc2c(nn1)-c1cnc(N3CCCC3)nc1CC2,3,0.975,1.9771742462411097,0.9987283628254411
23966628_396,23966628,Cc1ccc2nc3c(c(C(=O)NCc4nnc5n4CCC5)c2c1)CCCC3,3,0.6212121212121212,2.144972260892081,0.999530055240072
49945424_2340,49945424,CCc1cnccc1C(=O)Nc1cnccn1,3,0.39215686274509803,2.3054348830535654,0.9995867914896126
178526390_1705,178526390,Cc1cnc(Cl)nc1-c1ccc(N(Cc2ccc(CNC(=O)C(F)F)cc2)C(=O)c2ccc([O-])cc2O)cc1,3,0.2911392405063291,2.4204326059607646,0.9991774169155698
178526390_1704,178526390,Cc1cnc(Cl)nc1-c1ccc(N(Cc2ccc(CNC(=O)C(F)F)cc2)C(=O)c2ccc(O)cc2O)cc1,3,0.2727272727272727,2.1387262564433405,0.9986848598408392
178526390_1703,178526390,Cc1cnc(Cl)nc1-c1ccc(N(Cc2ccc(CNC(=O)C(F)F)cc2)C(=O)c2ccc(O)cc2[O-])cc1,3,0.2911392405063291,2.7624148855666157,0.999160978009105
48761324_346,48761324,COCC1CCN(c2noc(-c3cccs3)n2)CC1,3,0.31746031746031744,1.7647793063157902,0.9989625103925308
46745630_2426,46745630,Cn1nc(CNC(=O)C2CCC2)c2ccccc21,3,0.6153846153846154,1.2889072891405238,0.9997134932762713
50347911_2274,50347911,CC(C)n1cnnc1SCOCc1ccccc1,3,0.49019607843137253,1.962450508930193,0.9982278371627489
139887_1275,139887,COc1cccc(C[N@H+]2CC[C@@](Cc3ccc(-c4cccnc4)cc3)(C(N)=O)CC2)c1,3,0.5915492957746479,2.2577998139782305,0.9984950224198972
139895_550,139895,NC(=O)[C@]1(Cc2ccc(-c3cccnc3)cc2)CC[N@H+](Cc2cccc(Cl)c2)CC1,3,0.5942028985507246,1.5337930108068027,0.99905725940834
232795278_3372,232795278,O=c1c(CO)cc2cc3c(cc2n1Cc1ccccn1)CCC3,3,0.3620689655172414,1.8046140861692033,0.9994800227705993
24121594_296,24121594,O=C(NCc1cnn(-c2ccccc2)c1)C1CCC1,3,0.5283018867924528,1.441112070589945,0.9990038131120039
1527130_907,1527130,COc1cccc(CNc2[nH+]cc(-c3ccccc3)n2C)c1,3,0.3492063492063492,0.8737837261014876,0.9994601827732047
1527152_515,1527152,Cn1c(-c2ccccc2)c[nH+]c1NCc1ccccc1,3,0.35185185185185186,1.673357702345687,0.9991509434667913
29665183_3686,29665183,COc1cccc(-c2nnn(Cc3cc(F)cc4cccnc34)n2)c1,3,0.4067796610169492,1.6335020661141086,0.9991897903253872
222077_429,222077,C[C@]1(c2ccn[nH]2)CC[N@H+](Cc2ccco2)CC1,3,0.3333333333333333,1.9829125043748337,0.9995180624283099
222077_430,222077,C[C@]1(c2cc[nH]n2)CC[N@@H+](Cc2ccco2)CC1,3,0.32786885245901637,2.1050997601068664,0.9998723783387087
222077_431,222077,CC1(c2ccn[nH]2)CCN(Cc2ccco2)CC1,3,0.29508196721311475,2.409590836635857,0.9996669529608435
48314264_1535,48314264,Cc1[nH+]ccn1-c1cncc(N2CCN(CC3CCCC3)C(=O)C2)n1,3,0.29577464788732394,1.5414768892192992,0.9993011718148173
48314264_1534,48314264,Cc1nccn1-c1cncc(N2CCN(CC3CCCC3)C(=O)C2)n1,3,0.2753623188405797,1.9204775447788933,0.999038724411303
25645386_702,25645386,O=C1CN(C(=O)c2cccc(Oc3cccc(C(F)(F)F)c3)c2)CCN1,3,0.5,1.8281523459492177,0.999138375500463
35762433_2112,35762433,Cc1nn(C)c(C)c1NC(=O)CN1CCC2(CCCCC2)CC1,3,0.40384615384615385,2.5376120664907487,0.9988057392637446
35762433_2111,35762433,Cc1nn(C)c(C)c1NC(=O)C[NH+]1CCC2(CCCCC2)CC1,3,0.37037037037037035,2.037203229921071,0.9988152115246507
36640365_3387,36640365,N#Cc1cnc2cc(F)cc(F)c2c1NC1CCN(CC(N)=O)CC1,3,0.3582089552238806,1.4387956769460275,0.999183636841048
36640365_3389,36640365,N#Cc1c[nH+]c2cc(F)cc(F)c2c1NC1CCN(CC(N)=O)CC1,3,0.36363636363636365,2.1781769900538683,0.998874725928923
36640365_3388,36640365,N#Cc1cnc2cc(F)cc(F)c2c1N[C@H]1CC[N@H+](CC(N)=O)CC1,3,0.3582089552238806,2.132508851095375,0.999652196392534
1464553_888,1464553,Cc1ccc(NC(=O)Cc2c[nH]c3ccccc23)cc1,3,0.43137254901960786,2.0012418644429673,0.9993797614598264
207489_2014,207489,O=C(CCc1ccc(Cl)cc1)N1CCC[C@H](c2n[nH]cc2-c2cccc(F)c2)C1,3,0.6376811594202898,2.5217906336567135,0.9986408730979461
207489_2013,207489,O=C(CCc1ccc(Cl)cc1)N1CCC[C@H](c2[nH]ncc2-c2cccc(F)c2)C1,3,0.6197183098591549,2.1095018369268823,0.9988795380530621
32146291_3631,32146291,Cc1cc(C(=O)NC2CCN(c3nc(-c4cccs4)[nH+]c4ccccc34)CC2)on1,3,0.32051282051282054,1.6138636869348821,0.9997484064561781
32146291_3630,32146291,Cc1cc(C(=O)NC2CCN(c3nc(-c4cccs4)nc4ccccc34)CC2)on1,3,0.36486486486486486,1.9716551422605029,0.9994710302330119
27352131_1493,27352131,O=C(CCc1ccco1)Nc1ccccc1OC(F)F,3,0.4307692307692308,1.0011378526457597,0.9996285014383495
2017461_3569,2017461,O=C(Nc1ccccc1)Nc1ccc(OC(F)(F)F)cc1,3,0.421875,2.0008495695578494,0.9973052536436203
258731_3720,258731,COc1cccc(S(=O)(=O)N2CCO[C@@H](c3c(C(N)=O)sc4ncccc34)C2)c1,3,0.28205128205128205,2.1926892164650464,0.9984071635297115
82737865_2897,82737865,O=C(c1n[nH]c2c1COCC2)N1CCC2(C=Cc3ccccc32)CC1,3,0.3283582089552239,2.202601189503792,0.9997737183486819
17480068_1003,17480068,O=C1CC2(CCN(C(=O)NCc3ccccc3)CC2)Oc2ccccc21,3,0.5,1.4206889173920136,0.9985946745305196
48250318_2278,48250318,C#CCNC(=O)N(Cc1ccccc1F)C1CCOCC1,3,0.3424657534246575,1.2115618019732686,0.9987210759904142
49122070_3346,49122070,Cc1cccc(C)c1C[NH2+]C1(CCO)CCOCC1,3,0.44680851063829785,1.795140105952644,0.9991659258591277
1360373_1566,1360373,CCOC(=O)Nc1ccc2c(c1)N(C(=O)CN(CC)CC)c1ccccc1CC2,3,0.3188405797101449,1.9164853247547224,0.9978479121673177
1360373_1565,1360373,CCOC(=O)Nc1ccc2c(c1)N(C(=O)C[NH+](CC)CC)c1ccccc1CC2,3,0.352112676056338,2.167270864474112,0.9982438004654841
53827576_3287,53827576,CCN(CC(N)=O)CC(=O)N1c2ccccc2CCc2ccccc21,3,0.27692307692307694,1.567212812606989,0.9983990321829644
36951097_1521,36951097,c1ccc(-c2ns/c(=[N+]3\CCCN(c4nccs4)CC3)[nH]2)cc1,3,0.36764705882352944,1.7006472297332658,0.9997025111147174
36951097_1520,36951097,c1ccc(-c2nsc(N3CCCN(c4nccs4)CC3)n2)cc1,3,0.46551724137931033,1.6829613780477033,0.9986637933850965
222766824_2238,222766824,C[N@H+]1CC[C@](O)(CNC(=O)C2CCCCCC2)CC1,3,0.5333333333333333,1.4920492619215369,0.9991212255831702
49960790_3177,49960790,CC1(C)CCCN1C(=O)c1c(F)cc(C#N)cc1F,3,0.34615384615384615,1.3418371734304069,0.9986611153951974
8296397_289,8296397,[NH3+]Cc1cccc(C(=O)N2CCCC2)c1,3,0.48148148148148145,1.3073331633519707,0.9995854831025263
8296397_290,8296397,NCc1cccc(C(=O)N2CCCC2)c1,3,0.48148148148148145,1.8789715271924663,0.998370494577849
45766450_1952,45766450,COc1ccc(C(=O)N2CCCC2)cc1NC(C)C,3,0.3877551020408163,1.7659357292947222,0.9990312503660013
278832_792,278832,O=C(C(c1ccccc1)c1ccccc1)N1CCOC[C@H](Cc2ccc3cnccc3c2)C1,3,0.43037974683544306,1.4590017135012423,0.9989170750015803
43283831_2722,43283831,O=C(NC[C@]1(O)CC[N@@H+](Cc2ccsc2)C[C@H]1O)c1c[nH]cn1,3,0.28,4.6849922091722505,0.9996583517882618
43283831_2723,43283831,O=C(NC[C@]1(O)CCN(Cc2ccsc2)C[C@H]1O)c1c[nH]cn1,3,0.25,2.6801813371478933,0.9996073574819241
49310649_2047,49310649,c1ccc(CCn2cnc3c2CCN(c2ncccn2)C3)cc1,3,0.576271186440678,1.7126348122113864,0.9989717192659302
49310649_2048,49310649,c1ccc(CCn2c[nH+]c3c2CCN(c2ncccn2)C3)cc1,3,0.5737704918032787,1.5644957654143734,0.9990947240255589
30039419_1795,30039419,Nc1ccccc1OCCn1cc[nH+]c1,3,0.45652173913043476,1.9500756395584997,0.9987548851114364
30039419_1794,30039419,Nc1ccccc1OCCn1ccnc1,3,0.4666666666666667,1.610739271266873,0.9994493055250334
36466247_522,36466247,CCOc1ncccc1-c1cc(Cl)ccc1O,3,0.43137254901960786,1.167833892297627,0.9989831092641892
36466247_523,36466247,CCOc1ncccc1-c1cc(Cl)ccc1[O-],3,0.43137254901960786,1.9406068638445082,0.9988630906010755
168323_909,168323,O=C(C[N@@H+]1CCC[C@H](c2cncc(-c3cccc(Cl)c3)n2)C1)N1CCCC1,3,0.8448275862068966,2.2516362938983954,0.9983126237033364
168323_908,168323,O=C(CN1CCC[C@@H](c2cncc(-c3cccc(Cl)c3)n2)C1)N1CCCC1,3,0.8363636363636363,1.6371423273496448,0.9996244344697748
322812_3286,322812,OC1(c2cccnc2F)CCN(Cc2ccc(-c3ccc(F)cc3)o2)CC1,3,0.36507936507936506,2.138145224253729,0.9992945716839537
322812_3285,322812,O[C@]1(c2cccnc2F)CC[N@H+](Cc2ccc(-c3ccc(F)cc3)o2)CC1,3,0.36507936507936506,1.7798157207977234,0.9996438800820807
104336618_2611,104336618,CN1CCCn2c1cc(OCc1cc(F)c(Oc3ccc(C(F)(F)F)nc3)c(F)c1)nc2=O,3,0.5714285714285714,1.4730797670187235,0.9987921672243376
36458355_1992,36458355,CCOC(=O)c1cccnc1-c1ccc2[nH]ccc2c1,3,0.4,1.7840978112202188,0.9982123155780565
36447805_1246,36447805,N#Cc1cccc(-c2ccc3[nH]ccc3c2)n1,3,0.359375,1.8379752446654936,0.999332848019796
49160264_2063,49160264,CN(C)c1ccc(-c2ccc(COCc3cccs3)cc2)nn1,3,0.3188405797101449,1.935658802578525,0.9983200140517302
222774912_2564,222774912,Cc1noc(C)c1-c1cc(-c2ccccc2Cl)nc(C2CC2)n1,3,0.3333333333333333,1.1492736836804112,0.9994717973764752
44579402_2991,44579402,O=C(Nc1cnc2ccccc2n1)c1ccncc1,3,0.5227272727272727,1.928201234311149,0.9995879829150849
30663852_3198,30663852,O=C(CSc1ccccn1)N1CCSc2ccccc21,3,0.3442622950819672,1.4444427991444366,0.999189549557608
876432_1632,876432,COc1cc2ncnc(Nc3ccc(F)c(Cl)c3)c2cc1OCCC[NH+]1CCOCC1,3,0.43661971830985913,2.046682681804451,0.9986258834201548
876432_1633,876432,COc1cc2ncnc(Nc3ccc(F)c(Cl)c3)c2cc1OCCCN1CCOCC1,3,0.43661971830985913,2.1444908486630694,0.9979214588165227
876432_1634,876432,COc1cc2[nH+]cnc(Nc3ccc(F)c(Cl)c3)c2cc1OCCC[NH+]1CCOCC1,3,0.3707865168539326,2.567329741189831,0.9989281318081533
1520446_450,1520446,Cc1ccc2nc(-c3ccc(N(C)C)cc3)[nH]c2c1,3,0.425531914893617,1.7113880331474667,0.9993595680062205
1520446_451,1520446,Cc1ccc2[nH]c(-c3ccc(N(C)C)cc3)nc2c1,3,0.4166666666666667,1.5467084405281741,0.9992712792484163
1520446_452,1520446,Cc1ccc2[nH]c(-c3ccc(N(C)C)cc3)[nH+]c2c1,3,0.4166666666666667,1.820670206270146,0.9976216883580816
29780390_1439,29780390,CC(C)Cc1sc(N)nc1-c1ccc(P(=O)([O-])[O-])o1,3,0.22058823529411764,2.156196419623779,0.9988021743906818
29780390_1438,29780390,CC(C)Cc1sc(N)nc1-c1ccc([P@](=O)([O-])O)o1,3,0.2318840579710145,4.2107527830539695,0.99939508903803
36981448_1765,36981448,Cc1cccc(N(C)C(=O)COC2CCCC2)n1,3,0.3793103448275862,1.274326096413239,0.9988619445122784
36981448_1766,36981448,Cc1cccc(N(C)C(=O)COC2CCCC2)[nH+]1,3,0.3389830508474576,1.5949793102108067,0.9986704246967244
16223443_3066,16223443,CCOc1ccc(CNC(=O)Cn2ccc3cc(S(=O)(=O)N4CCCC4)ccc32)cc1,3,0.3291139240506329,2.364857923850423,0.9987001584576696
1548090_3673,1548090,COc1cccc(NC(=O)c2c([O-])n(-c3cccc(OC)c3)n[n+]2C)c1,3,0.3620689655172414,2.2312678010489355,0.9991059666617488
Z102329238_943,Z102329238,Cn1c(CNC(=O)Cc2cccc3ccccc23)nc2ccccc21,3,0.7021276595744681,1.7553748887343894,0.9989427566654028
Z102329238_944,Z102329238,Cn1c(CNC(=O)Cc2cccc3ccccc23)[nH+]c2ccccc21,3,0.6875,1.5927925163060022,0.9987388629575634
53815321_2678,53815321,C[N@@H+](CCSc1ccc2nnc(C(F)F)n2n1)Cc1ccccc1,3,0.28125,2.7909609456242355,0.9973781839695999
44466255_3625,44466255,CC(C)c1ccccc1OC(=O)NCCc1ccc2ccccc2c1,3,0.3770491803278688,2.3929987463430584,0.9987638328005798
1933590_1904,1933590,C[C@@H]([C@H](O)c1ccc(O)cc1)[N@H+]1CC[C@H](Cc2ccccc2)CC1,3,0.29310344827586204,1.9487955254467255,0.9993395905053127
1933590_1905,1933590,C[C@@H]([C@H](O)c1ccc([O-])cc1)[N@H+]1CC[C@H](Cc2ccccc2)CC1,3,0.288135593220339,2.655417669595201,0.9966404582570733
320312_2668,320312,CCc1cc(N2CCOCC2)nc(C2CCN(C(=O)C3CC3)CC2)[nH+]1,3,0.3333333333333333,2.38158182727348,0.9974398197798091
320312_2667,320312,CCc1cc(N2CCOCC2)nc(C2CCN(C(=O)C3CC3)CC2)n1,3,0.3380281690140845,2.217346387013335,0.9986463945296774
177304918_3057,177304918,COC1(c2nc(Cc3ccccc3)no2)CCN(Cc2ncccc2Cl)CC1,3,0.6666666666666666,1.9781741581571404,0.9992311865346919
177304918_3056,177304918,CO[C@]1(c2nc(Cc3ccccc3)no2)CC[N@@H+](Cc2ncccc2Cl)CC1,3,0.6825396825396826,1.7628408890192582,0.9987328997691924
49972886_2402,49972886,CCc1nc(CNc2ccc(C#N)nc2)cs1,3,0.42592592592592593,1.7651229418933492,0.999604475768814
32234428_93,32234428,Cc1nnc(-c2ccc3occ(-c4ccc([S@@](C)=O)cc4)c3c2)o1,3,0.30434782608695654,1.872509011994162,0.9984666273347206
48340662_1496,48340662,CCC[N@H+]1CCCN(c2ncccc2C#N)CC1,3,0.5,2.1734067727878705,0.9984539582804964
48303504_1595,48303504,CC(C)c1cccc(CN2C(=O)N(C)C3(CCCCC3)C2=O)n1,3,0.4098360655737705,2.657818654460507,0.9990203304927643
29676702_1883,29676702,O=C1CCCN1C(=O)COc1cccc(-c2nnco2)c1,3,0.3484848484848485,1.8714913838965959,0.9984344907614983
45657759_3563,45657759,O=C(Nc1nncs1)c1ccc(N2CCC3(CCCCC3)C2)nc1,3,0.4482758620689655,2.6527990877561267,0.9978533366117469
9760971_753,9760971,O=C(Cn1c(-c2ccc(F)cc2)[nH+]c2ccccc21)N1CCOCC1,3,0.3235294117647059,2.1158556188932076,0.9985212800960239
9760971_752,9760971,O=C(Cn1c(-c2ccc(F)cc2)nc2ccccc21)N1CCOCC1,3,0.3235294117647059,1.5635143107754894,0.9990841586329472
49863827_60,49863827,Nc1[nH+]cnc2c1c(-c1ccc(Oc3ccccc3)cc1)nn2[C@@H]1CCC[NH2+]C1,3,0.4647887323943662,3.087544169724719,0.9995199300053302
49863827_59,49863827,Nc1ncnc2c1c(-c1ccc(Oc3ccccc3)cc1)nn2[C@@H]1CCC[NH2+]C1,3,0.4492753623188406,2.8265822117882586,0.9995255242101775
31951751_1250,31951751,CC(C)c1csc(NC(=O)C2CCN(c3ncccn3)CC2)n1,3,0.42105263157894735,1.8362932772293932,0.9992699451552076
24053614_3247,24053614,Cn1c(=O)n(Cc2cccnc2)c(=O)c2ccc(C(F)(F)F)nc21,3,0.4,1.6642124263454738,0.9991369650174047
32176610_1656,32176610,O=c1ncn2nc(Sc3ccc(F)cc3F)ccc2c1-c1c(Cl)cccc1Cl,3,0.23684210526315788,1.9441805471715794,0.9977237255748425
45762658_1087,45762658,CN(Cc1nnc(C2CC2)n1C)C(=O)[C@H]1[C@@H]2C[C@H]3C[C@@H](C2)C[C@@H]1C3,3,0.4230769230769231,3.07050696139904,0.9990108823541866
46078321_1285,46078321,Cc1ccc(C)c2c(=O)cc(CN3CC(c4ccccn4)C3)[nH]c12,3,0.3448275862068966,1.3811404707698727,0.9992988300035263
46078321_1286,46078321,Cc1ccc(C)c2c(=O)cc(C[N@H+]3C[C@@H](c4ccccn4)C3)[nH]c12,3,0.31666666666666665,1.5582275186892622,0.9993652966752538
31919176_1885,31919176,Cc1ccc(C(=O)N(C)Cc2c(C)noc2C)cn1,3,0.40625,1.1570566105423283,0.9995822093614039
73004431_3200,73004431,OCCC1(CNc2ncc(Br)cn2)CC1,3,0.4222222222222222,1.6343081104859807,0.9991520870381971
49322283_1620,49322283,CC(C)c1nn(C)c(NCc2cccnc2)[nH+]1,3,0.46,1.1100824293720295,0.9992836088869637
3593846_3719,3593846,COc1cc2c(cc1OC)CN(C(=O)[C@@H]1CCCN(C(=O)c3ccc(Cl)cc3)C1)CC2,3,0.7090909090909091,1.5229205494701794,0.9985712106374312
32042022_2691,32042022,Cc1[nH]c(-c2ccccc2)nc(=O)c1C,3,0.3137254901960784,1.1544444551381168,0.9990752172020511
36944794_2503,36944794,c1ccc(NCc2ccc3c(c2)OCCCO3)[nH+]c1,3,0.4489795918367347,1.4055852873447952,0.9986004831705294
36944794_2502,36944794,c1ccc(NCc2ccc3c(c2)OCCCO3)nc1,3,0.44,1.5189262654917806,0.998574141220861
11850006_1388,11850006,C[N@H+]1CC[C@@H](NC(=O)COc2ccc(C#N)cc2)CC1,3,0.4716981132075472,1.6154717577224924,0.9982086253950332
50132153_1269,50132153,CCc1ccc(S(=O)(=O)[N-]Cc2ccnc(N3CCCC3)n2)cc1,3,0.31746031746031744,2.266659436263027,0.9964219000734782
50132153_1268,50132153,CCc1ccc(S(=O)(=O)NCc2ccnc(N3CCCC3)n2)cc1,3,0.31746031746031744,1.4042068935876275,0.9989117445027382
15279096_490,15279096,Cc1cc(C)c(C#N)c(N2CCN(CC(=O)Nc3ccccc3Cl)CC2)n1,3,0.46153846153846156,1.559096533252555,0.999152725769753
15279096_491,15279096,Cc1cc(C)c(C#N)c(N2CCN(CC(=O)Nc3ccccc3Cl)CC2)[nH+]1,3,0.453125,1.9839581648812017,0.9990889841835515
25000139_551,25000139,CN(CC(=O)Nc1cccc(F)c1)C(=O)c1cccc(C#N)c1,3,0.5882352941176471,1.5072252651809634,0.9985638383066008
53815325_2389,53815325,C[N@H+](CCSc1ccc2nnnn2n1)Cc1ccccc1,3,0.3333333333333333,1.9646620574541105,0.9983932629889066
1548060_3613,1548060,O=C(Nc1ccccc1)c1c([O-])n(-c2ccccc2)n[n+]1Cc1ccccc1,3,0.3448275862068966,2.065653649574257,0.9991116718837264
1548054_3532,1548054,Cc1ccc(NC(=O)c2c([O-])n(-c3ccc(C)cc3)n[n+]2Cc2ccccc2)cc1,3,0.36065573770491804,2.3620635046497798,0.99901911330932
31412633_1247,31412633,Cc1ccc(-c2noc3nc(C)cc(C(=O)[O-])c23)cc1,3,0.41379310344827586,2.312572809664467,0.9985680032159918
152833_1706,152833,CC(=O)Nc1cnn(C[C@H]2CC[N@@H+](C)CC2)c1,3,0.36065573770491804,1.8409845192174814,0.9995012694403608
300003450_97,300003450,O=S(=O)(c1cccc2cnccc12)N1CCCNCC1,3,0.4426229508196721,0.9929793552743715,0.9994204480168584
300003450_96,300003450,O=S(=O)(c1cccc2cnccc12)N1CCC[NH2+]CC1,3,0.4666666666666667,2.0124932298022693,0.9977114413888742
23673158_1115,23673158,O=C(c1ccc(=O)[nH]c1)N1CCN(c2ncccn2)CC1,3,0.42592592592592593,2.0857439919610146,0.9985699925032856
23673158_1116,23673158,O=C(c1ccc([O-])nc1)N1CCN(c2ncccn2)CC1,3,0.43859649122807015,2.184108971640653,0.9985238911890552
2877070_276,2877070,COc1ccc(C)cc1NC(=O)CN1CCc2ccccc2C1,3,0.4142857142857143,1.4636345172210137,0.9985370685290742
2877070_277,2877070,COc1ccc(C)cc1NC(=O)C[N@H+]1CCc2ccccc2C1,3,0.4027777777777778,1.7894351063948748,0.9985716320126888
43249211_1149,43249211,O=C([O-])c1ccccc1-n1cnc(CN2CCCC2)c1,3,0.3125,1.7004284754139416,0.9989424407430249
43249211_1148,43249211,O=C([O-])c1ccccc1-n1cnc(C[NH+]2CCCC2)c1,3,0.4528301886792453,2.437194903982792,0.999042804181068
877450_1653,877450,O[C@@](Cn1cncn1)(Cn1c[nH+]cn1)c1ccc(F)cc1F,3,0.31666666666666665,2.10621864961796,0.9990898581034557
877450_1652,877450,OC(Cn1cncn1)(Cn1cncn1)c1ccc(F)cc1F,3,0.37254901960784315,2.1002737916753955,0.9993836006450222
181787_2565,181787,C[NH2+]Cc1cc(N(C)C)nc([C@@H]2CCCN2C(=O)COC)n1,3,0.7419354838709677,1.9730212872645403,0.9980605990213416
181787_2567,181787,CNCc1cc(N(C)C)nc([C@@H]2CCCN2C(=O)COC)[nH+]1,3,0.75,2.007547259717895,0.9990537079982018
181787_2566,181787,CNCc1cc(N(C)C)nc([C@H]2CCCN2C(=O)COC)n1,3,0.7419354838709677,2.095828952944568,0.9987592829747873
206931104_442,206931104,C[NH+](C)CCOc1ccc(-c2[nH]c(-c3ccc4c(c3)CC/C4=N\[O-])c(-c3ccncc3)[nH+]2)cc1,3,0.4025974025974026,2.8979494474535494,0.9990627722231215
206931104_444,206931104,C[NH+](C)CCOc1ccc(-c2nc(-c3cc[nH+]cc3)c(-c3ccc4c(c3)CC/C4=N\[O-])[nH]2)cc1,3,0.44,3.3140040736247203,0.9984696505680115
206931104_443,206931104,C[NH+](C)CCOc1ccc(-c2nc(-c3ccncc3)c(-c3ccc4c(c3)CC/C4=N\[O-])[nH]2)cc1,3,0.4266666666666667,3.2695016439823243,0.9989520220275542
49424084_194,49424084,C=CC(=O)Nc1cccc(Nc2nc(Nc3ccc(Oc4ccnc(C(=O)NC)c4)cc3)ncc2F)c1,3,0.676056338028169,3.5059328287911398,0.9987882401080107
1536313_2018,1536313,C(=C/c1ccccc1)\C[NH2+]Cc1ccc2c(c1)OCO2,3,0.5106382978723404,1.5021467970875115,0.9979287181248943
902055_2518,902055,CCC[C@@H]1C[C@@H](C(=O)N[C@@H]([C@H]2O[C@H](SC)[C@H](O)[C@@H](O)[C@@H]2O)[C@@H](C)O)[N@@H+](C)C1,3,0.17105263157894737,4.500037222068198,0.9983809854897042
902055_2519,902055,CCC[C@@H]1C[C@@H](C(=O)N[C@@H]([C@H]2O[C@H](SC)[C@H](O)[C@@H](O)[C@@H]2O)[C@@H](C)O)N(C)C1,3,0.17567567567567569,5.713895168796433,0.9987940867710964
49344419_2833,49344419,Cc1ccc(OCN2CCCCC2=O)nc1,3,0.375,1.6175787461510642,0.9991119810119083
193725_1517,193725,COc1ccc(NC(=O)CN2CCC(c3cc(-c4cnc(N)nc4)cc(C)[nH+]3)CC2)cc1,3,0.43902439024390244,2.2647834333548054,0.998485853853861
193725_1515,193725,COc1ccc(NC(=O)CN2CCC(c3cc(-c4cnc(N)nc4)cc(C)n3)CC2)cc1,3,0.43209876543209874,1.6264590372957393,0.9990288993894414
193725_1516,193725,COc1ccc(NC(=O)C[N@H+]2CC[C@H](c3cc(-c4cnc(N)nc4)cc(C)n3)CC2)cc1,3,0.5,2.7885627122230088,0.9986913652150717
193725_1518,193725,COc1ccc(NC(=O)C[N@H+]2CC[C@@H](c3cc(-c4cnc(N)nc4)cc(C)[nH+]3)CC2)cc1,3,0.5061728395061729,3.5333287421349344,0.998335748453777
53744804_2651,53744804,Cc1ncc(C)n2nc([C@@H]3C[C@H]3c3[nH+]c4c5cccnc5ccn4c3C)nc12,3,0.22972972972972974,5.048754301804373,0.9994752490630043
53744804_2652,53744804,Cc1ncc(C)n2nc([C@@H]3C[C@H]3c3[nH+]c4c5cccnc5ccn4c3C)[nH+]c12,3,0.2236842105263158,4.014237661125623,0.9995351954079165
420214_2248,420214,CCCn1ncc(C[N@H+]2CC[C@H](c3cc4cccnc4[nH]3)CC2)c1C,3,0.4177215189873418,3.66071523066212,0.9990599817079234
50550848_2982,50550848,COc1cn(-c2ccc(-n3cccn3)cc2F)nc(-c2ccnn2-c2ccccc2)c1=O,3,0.2916666666666667,2.330289252431665,0.9989621071319885
43664822_1163,43664822,Cc1nc(CN2C(=O)CN(C3CCCC3)C2=O)nc2ccccc12,3,0.32786885245901637,1.9739037463871003,0.9992161949965704
4851238_2382,4851238,O=C([O-])c1csc(Cc2ccc(Cl)cc2)n1,3,0.3673469387755102,2.308052642380723,0.9993743687319104
16159378_362,16159378,O=C(Cn1c(=O)c2cccn2c2ccccc21)NCCC[NH+]1CCCC1,3,0.46875,3.1249079986465165,0.9990658766812771
413444_1053,413444,OC1CCN(c2ncc(-c3cnccn3)c(-c3cccs3)n2)CC1,3,0.296875,1.8144398584685666,0.9996255873966577
2566233_157,2566233,CC1(C)CC(=O)C2=C(C1)NC(=O)C[C@@H]2c1ccc(Br)cc1,3,0.23376623376623376,1.5761132573517092,0.9990046012868369
6892467_600,6892467,COc1cc(CNc2nnn[nH]2)cc(Br)c1OCc1ccc(Cl)cc1,3,0.3333333333333333,2.018096132497111,0.9951816700940909
6892467_599,6892467,COc1cc(CNc2nnn[n-]2)cc(Br)c1OCc1ccc(Cl)cc1,3,0.3333333333333333,2.4181947812367097,0.9978852400272223
43470233_2914,43470233,N#Cc1ccnc(Nc2ccc(F)cc2)c1,3,0.3709677419354839,1.444848434958187,0.9996461417120572
271693_1829,271693,Cn1cncc1-c1ncccc1C(=O)N1CCCC1,3,0.3442622950819672,1.3599977941158672,0.9996488766906887
271693_1828,271693,Cn1c[nH+]cc1-c1ncccc1C(=O)N1CCCC1,3,0.3382352941176471,1.6320174631418072,0.9995932843141212
3473190_3528,3473190,c1ccc(Cc2ccccc2-c2nnc(-c3cccnc3)o2)cc1,3,0.39622641509433965,1.8892262966622149,0.998664207561101
299985775_5,299985775,CC(C)[NH2+]C[C@H](O)COc1cccc2ccccc12,3,0.3090909090909091,1.6007085930926475,0.9975339037598152
1308759_2680,1308759,N#Cc1ccccc1NC(=O)CCc1ccccc1,3,0.44680851063829785,1.9305465547352367,0.9972483007852766
2042658_2044,2042658,O=C(Cc1cccs1)NCc1ccccc1F,3,0.4444444444444444,1.204581255042826,0.9995464151392492
16760340_2046,16760340,O=C(Nn1c[nH+]c2ccccc21)c1cc(Cl)ccc1F,3,0.41935483870967744,1.550149992742416,0.9992405549205232
16760340_2045,16760340,O=C(Nn1cnc2ccccc21)c1cc(Cl)ccc1F,3,0.4406779661016949,1.3034327754054873,0.9992871022728914
35741943_1584,35741943,Cc1cc(N(C)C)nc(N(C)Cc2csc(C)n2)n1,3,0.375,1.8150663899699275,0.9994716500239
35741943_1583,35741943,Cc1cc(N(C)C)nc(N(C)Cc2csc(C)n2)[nH+]1,3,0.34545454545454546,1.6704307827617655,0.999459934278889
299989682_77,299989682,C[N@@H+]1[C@@H]2CC[C@H]1C[C@H](OC(c1ccccc1)c1ccccc1)C2,3,0.2191780821917808,1.485477364351611,0.998918613197208
32278068_1769,32278068,Clc1ccc(C2(c3ccc(-c4cn[nH]c4)cc3)CC[NH2+]CC2)cc1,3,0.36065573770491804,1.9792905294573797,0.9981560866905971
31612429_543,31612429,Cc1cccc(-c2ncc(CNCc3ccccc3-n3cccn3)cn2)c1,3,0.323943661971831,1.5583911575724874,0.9988844102728629
31612429_542,31612429,Cc1cccc(-c2ncc(C[NH2+]Cc3ccccc3-n3cccn3)cn2)c1,3,0.3055555555555556,1.2443994535516212,0.9990299558600444
48250662_1784,48250662,O=C(NC1CCCCC1)C1CCN(c2cc[nH+]cc2Cl)CC1,3,0.5714285714285714,2.2041113855696977,0.9977592227274485
48250662_1783,48250662,O=C(NC1CCCCC1)C1CCN(c2ccncc2Cl)CC1,3,0.5818181818181818,1.86718638598279,0.9989097999765287
43195213_694,43195213,CCc1ccc(-c2[nH+]ccn2Cc2c(C)nn(CC)c2C)o1,3,0.359375,2.5194225528868017,0.9997492389938836
43195213_695,43195213,CCc1ccc(-c2nccn2Cc2c(C)nn(CC)c2C)o1,3,0.3387096774193548,1.5159617409409423,0.9995175343512532
46613610_1731,46613610,CCc1cnc(NCc2ccc(C[NH+]3CCCC3)cc2)[nH+]c1,3,0.3541666666666667,2.6006006998379356,0.9983178731475475
46613610_1730,46613610,CCc1cnc(NCc2ccc(C[NH+]3CCCC3)cc2)nc1,3,0.40476190476190477,2.0751021661595708,0.9994746355592123
82713457_3017,82713457,O=C(Cn1nc(Cc2ccccc2)c2ccccc2c1=O)NCCc1c[nH]cn1,3,0.59375,1.8155365598076643,0.9987965441205154
82713457_3018,82713457,O=C(Cn1nc(Cc2ccccc2)c2ccccc2c1=O)NCCc1c[nH]c[nH+]1,3,0.6,6.013841700610323,0.991826717917401
82713457_3016,82713457,O=C(Cn1nc(Cc2ccccc2)c2ccccc2c1=O)NCCc1cnc[nH]1,3,0.59375,2.0942416288475862,0.9982920001161635
15280962_1779,15280962,Cc1ccc(C)c(OCC(=O)N2CCC(C(=O)Nc3ccccc3)CC2)c1,3,0.4264705882352941,1.2507129966541903,0.9992897790961138
48856634_2905,48856634,CCc1c2c(nc3ccc([O-])cc13)-c1cc3c(c(=O)n1C2)COC(=O)[C@]3(O)CC,3,0.6506024096385542,2.9939223436823568,0.9984055653203283
48856634_2904,48856634,CCc1c2c(nc3ccc(O)cc13)-c1cc3c(c(=O)n1C2)COC(=O)[C@]3(O)CC,3,0.6385542168674698,2.1526077208815066,0.9993585744633889
31895184_889,31895184,CC(C)C(=O)N1CCC(Nc2ncnc3ccsc23)CC1,3,0.5370370370370371,1.8660163450511955,0.9993457961210902
31895184_890,31895184,CC(C)C(=O)N1CCC(Nc2nc[nH+]c3ccsc23)CC1,3,0.5535714285714286,2.187877738814217,0.9991683835592361
30000529_1089,30000529,CN(Cc1nc(=[NH2+])c2ccccc2[nH]1)Cc1ccc(F)cc1F,3,0.46153846153846156,1.4769864589766162,0.9991622304353132
30000529_1090,30000529,C[N@H+](Cc1nc(N)c2ccccc2n1)Cc1ccc(F)cc1F,3,0.43137254901960786,1.6864338113311885,0.9992266759977827
30000529_1088,30000529,CN(Cc1nc(N)c2ccccc2n1)Cc1ccc(F)cc1F,3,0.44,1.7247066417220487,0.997669323984671
13477850_2126,13477850,CCc1nnc(NC(=O)c2ccc3cc(OC)ccc3n2)s1,3,0.4626865671641791,1.4528926319578106,0.9994431679896961
25018171_740,25018171,CN(Cc1ccc2c(c1)OCO2)Cc1ccccc1C#N,3,0.6086956521739131,1.9068969557897388,0.9982366056826919
25018171_739,25018171,C[N@@H+](Cc1ccc2c(c1)OCO2)Cc1ccccc1C#N,3,0.6086956521739131,1.3718494815392916,0.9993635386871917
33360977_2198,33360977,O=C(Nc1nccs1)C1CCN(C(=O)CN2CCc3ccccc32)CC1,3,0.3815789473684211,1.5095542388392877,0.9994674154837023
53751990_2928,53751990,Cc1ccc(F)cc1S(=O)(=O)[N-]c1ccc(C(=O)N2CCCC2)cc1,3,0.5,2.5599384758233237,0.9944823166758966
53751990_2929,53751990,Cc1ccc(F)cc1S(=O)(=O)Nc1ccc(C(=O)N2CCCC2)cc1,3,0.5,1.858169529402459,0.9984724147119866
177505100_3064,177505100,CCn1nc(CNC(=O)c2nc(C)c[nH]2)c2ccccc21,3,0.5254237288135594,2.373314981202709,0.9994949313163983
177505100_3063,177505100,CCn1nc(CNC(=O)c2ncc(C)[nH]2)c2ccccc21,3,0.5254237288135594,2.5353615126856557,0.9995781629926734
37153210_3693,37153210,Cc1csc(-c2nnc(Nc3ccc(Oc4ncccc4-c4ccnc(N)n4)cc3)c3ccccc23)c1,3,0.26436781609195403,3.258660307550433,0.9994773879981996
104389046_3567,104389046,Cc1cc(N/C(O)=C/n2nc(C3CC3)ccc2=O)ccc1Cl,3,0.35384615384615387,1.9093310346823624,0.9989569062348055
104389046_3566,104389046,Cc1cc(NC(=O)Cn2nc(C3CC3)ccc2=O)ccc1Cl,3,0.36923076923076925,1.3027367347244805,0.9990898159685235
104388935_709,104388935,CSc1ccc(N/C(O)=C/n2nc(C3CC3)ccc2=O)cc1,3,0.328125,2.6761296680094158,0.9994654146894795
104388935_708,104388935,CSc1ccc(NC(=O)Cn2nc(C3CC3)ccc2=O)cc1,3,0.3870967741935484,1.2289820991370117,0.9991066468043964
177388619_2936,177388619,CCc1nc(C)cc(N2CCCC3(CC[NH2+]CC3)CC2)n1,3,0.5094339622641509,1.3205642733321297,0.9989029748398771
177388619_2935,177388619,CCc1nc(N2CCCC3(CC[NH2+]CC3)CC2)cc(C)[nH+]1,3,0.4909090909090909,3.0999775805640954,0.9973815308463332
227979253_1229,227979253,COCCNc1cc(NC(=O)N2CCCc3cc(CN4CCN(C)CC4=O)c(C=O)nc32)[nH+]cc1C#N,3,0.26732673267326734,5.868675659806095,0.999606397051889
227979253_1228,227979253,COCCNc1cc(NC(=O)N2CCCc3cc(CN4CCN(C)CC4=O)c(C=O)nc32)ncc1C#N,3,0.25742574257425743,3.1515743684703152,0.9992559566215606
198935_2128,198935,CCc1nnc(Nc2cccc([C@@H]3CCC[N@H+](CC(=O)N4CCCC4)C3)n2)s1,3,0.5342465753424658,1.8417904332473916,0.9991184330846714
198935_2129,198935,CCc1n[nH]/c(=N\c2cccc([C@H]3CCCN(CC(=O)N4CCCC4)C3)n2)s1,3,0.5072463768115942,1.5461115742407867,0.9989081145944746
198935_2127,198935,CCc1nnc(Nc2cccc([C@@H]3CCCN(CC(=O)N4CCCC4)C3)n2)s1,3,0.5142857142857142,2.4743845699486746,0.9989736817043211
140213_1127,140213,C=CCNC(=O)C1(Cc2ccc(-c3ccccc3)cc2)CCN(C(=O)c2cccnc2)CC1,3,0.4507042253521127,3.0523661313805808,0.9985334871514632
324412_2796,324412,c1cc(CNc2ncc(-c3cnccn3)c(C3CC3)n2)ccn1,3,0.673469387755102,2.2812128353131356,0.999639114523269
324412_2797,324412,c1cc(CNc2ncc(-c3cnccn3)c(C3CC3)[nH+]2)ccn1,3,0.6666666666666666,2.275879390477244,0.9995480138299285
44435341_988,44435341,O=C(CCCc1ccc(F)cc1)N1CCN(c2ccccc2)C(=O)C1,3,0.36923076923076925,1.4059662158102235,0.9986898677833607
1284751_76,1284751,C[C@@H]1CN(C(=O)CC(c2ccccc2)c2ccccc2)C[C@H](C)O1,3,0.3793103448275862,2.233103893686894,0.9994158665815329
49969712_3322,49969712,c1cnc(NCc2cnc3ccsc3c2)nc1,3,0.4222222222222222,1.1996245245908048,0.9996566362979975
49969712_3323,49969712,c1cnc(NCc2cnc3ccsc3c2)[nH+]c1,3,0.4716981132075472,2.467448682343952,0.9997292067974709
31991615_2633,31991615,Cc1noc(C)c1CS(=O)(=O)[C@@H]1CCCc2ccccc21,3,0.39344262295081966,1.454898278231013,0.998854889959046
310102_2821,310102,OC1CCN(c2nccc(-c3cccs3)n2)CC1,3,0.3582089552238806,1.5806716926672055,0.9994759307465194
29596013_1417,29596013,CN(C)c1cc(CNc2ccc(C#N)cn2)cc[nH+]1,3,0.4230769230769231,1.5233184171409588,0.9993593009854247
29596013_1416,29596013,CN(C)c1cc(CNc2ccc(C#N)cn2)ccn1,3,0.45098039215686275,0.8263122896344774,0.9996513614032663
222761300_2604,222761300,CN(Cc1cnc2ccccc2n1)S(=O)(=O)N1CCCCCC1,3,0.975,1.624417434035725,0.9990475060871875
43657166_1589,43657166,CC1(C)CCN(C(=O)NCCOc2cccnc2)C1,3,0.3870967741935484,1.3842727332428104,0.9991592634024284
150507_619,150507,O=C(CCc1ccccc1)N1CCC(c2cccc(Cc3ccc(F)cc3)[nH+]2)CC1,3,0.5076923076923077,2.2869073002638642,0.99903089460879
150507_618,150507,O=C(CCc1ccccc1)N1CCC(c2cccc(Cc3ccc(F)cc3)n2)CC1,3,0.5076923076923077,2.0481162076405535,0.9994086688560522
141603_705,141603,CC(C)CC(=O)N1CCC(Cc2cccc(-c3cncnc3)c2)(C(=O)NC(C)C)CC1,3,0.4605263157894737,3.079328660600979,0.9990040461490065
32048916_1356,32048916,CC(C)(C)c1nc(Cn2nnc3ccccc3c2=O)no1,3,0.4,1.6699667661359574,0.9990672125267889
31507610_2158,31507610,Cn1cc(-c2ccc3nnc(C(F)(F)c4ccc5ncccc5c4)n3n2)cn1,3,0.33783783783783783,3.049137582990157,0.999226760370493
93438708_1957,93438708,Cc1nc(-c2cnn(C)c2-c2ccc(C(F)(F)F)cn2)c2c(N3CCC3)[nH+]cnn12,3,0.2891566265060241,4.354441640440312,0.9994059813681899
93438708_1956,93438708,Cc1nc(-c2cnn(C)c2-c2ccc(C(F)(F)F)cn2)c2c(N3CCC3)ncnn12,3,0.2962962962962963,2.9585411945751567,0.9991554581395424
93438708_1955,93438708,Cc1[nH+]c(-c2cnn(C)c2-c2ccc(C(F)(F)F)cn2)c2c(N3CCC3)ncnn12,3,0.2962962962962963,2.501229897470906,0.9998144598385549
50282425_712,50282425,COc1ccc(C(=O)C2CCN(CC(=O)N(Cc3nc(=O)c4c([nH]3)CCOC4)CC3CC3)CC2)cc1,3,0.2808988764044944,3.3816436831813372,0.9982293190384302
50282425_713,50282425,COc1ccc(C(=O)[C@H]2CC[N@H+](CC(=O)N(Cc3nc(=O)c4c([nH]3)CCOC4)CC3CC3)CC2)cc1,3,0.28735632183908044,3.855834021324221,0.9979722814154013
LN00194655_3012,LN00194655,C=C1C[C@@H]2[C@H](CC[C@]3(C)C(=O)CC[C@@H]23)[C@@]2(C)C=CC(=O)C=C12,3,0.3142857142857143,5.220728110139196,0.9982225214089006
53805613_3035,53805613,COCCc1nsc(Oc2ccc(C)cc2Br)n1,3,0.27419354838709675,1.225996737352819,0.998020720209358
276241705_3299,276241705,Cc1c[nH]c(CNCc2ccccc2CC(C)C)n1,3,0.3333333333333333,2.447527527935019,0.9974684471492447
276241705_3296,276241705,Cc1cnc(C[NH2+]Cc2ccccc2CC(C)C)[nH]1,3,0.5,2.0563285243366494,0.9982035547155337
276241705_3300,276241705,Cc1c[nH]c(CNCc2ccccc2CC(C)C)[nH+]1,3,0.3333333333333333,2.3951160723437908,0.9982510007823729
276241705_3298,276241705,Cc1c[nH]c(C[NH2+]Cc2ccccc2CC(C)C)n1,3,0.49019607843137253,1.8270487130887765,0.9981037176901135
276241705_3297,276241705,Cc1cnc(CNCc2ccccc2CC(C)C)[nH]1,3,0.3392857142857143,2.296137408780008,0.9981884220348312
11480248_3624,11480248,Cc1nc(Nc2ccc(F)cc2)nc2c1ncn2-c1ccc(F)cc1,3,0.375,2.147758599097992,0.9992681994347138
265759_3394,265759,Cc1cc(Nc2nnc(C)s2)cc([C@@H]2CN(C(=O)Cc3csc(C)n3)CCO2)[nH+]1,3,0.6,2.391133831471254,0.9997505315187399
265759_3395,265759,Cc1cc(/N=c2\[nH]nc(C)s2)cc([C@H]2CN(C(=O)Cc3csc(C)n3)CCO2)n1,3,0.620253164556962,1.9400332471375594,0.9995737758878592
265759_3393,265759,Cc1cc(Nc2nnc(C)s2)cc([C@@H]2CN(C(=O)Cc3csc(C)n3)CCO2)n1,3,0.6025641025641025,1.9947450964988385,0.99952544181395
23998049_813,23998049,O=C(Cc1ccc2c(c1)CCC2)Nc1nc2ccccc2o1,3,0.33783783783783783,1.1318025446160822,0.9996881629621402
3416569_3657,3416569,Cc1ccc(-c2nc(CN3C(=O)C(=O)N(C4CCCC4)C3=O)cs2)cc1,3,0.42857142857142855,2.3540152930683442,0.9989546453708158
11813013_1974,11813013,C[C@@H](c1nnc(-c2cccs2)o1)N1CCC(n2c(=O)[nH]c3ccccc32)CC1,3,0.44594594594594594,2.473275560870406,0.9990538459637758
11813013_1975,11813013,C[C@@H](c1nnc(-c2cccs2)o1)[N@H+]1CC[C@H](n2c(=O)[nH]c3ccccc32)CC1,3,0.4533333333333333,2.7129120885127445,0.9993458989591157
42897127_1954,42897127,O=C(OCc1cc(Cl)ccn1)c1ccc2nc(C(F)F)[nH]c2c1,3,0.26666666666666666,2.2905420755791153,0.9987535342797144
42897127_1953,42897127,O=C(OCc1cc(Cl)ccn1)c1ccc2[nH]c(C(F)F)nc2c1,3,0.26666666666666666,2.3054285935589625,0.9987495520913706
184569_721,184569,CNC(=O)c1sc2ncccc2c1[C@H]1CC[C@H](CNC(=O)COc2ccccc2)CC1,3,0.7538461538461538,2.515419646897514,0.9992050115860102
177285116_1463,177285116,FC(F)(F)COc1ccc(C[N@@H+]2CCc3c(cnn3-c3ccccc3)C2)nn1,3,0.3037974683544304,1.8400934758869762,0.9986368805367035
177285116_1464,177285116,FC(F)(F)COc1ccc(CN2CCc3c(cnn3-c3ccccc3)C2)nn1,3,0.2987012987012987,1.451428951068512,0.9979938358270581
25041311_3461,25041311,Cc1nnc(-c2ccc(N3CCC(Oc4cc(F)ccc4Cl)CC3)nn2)o1,3,0.43661971830985913,1.506158358207961,0.9985492741407594
320368312_146,320368312,O=C(Nc1cnccc1-c1ccc(Cl)cc1)c1ccnc(NC(=O)C2CC2)c1,3,0.5789473684210527,2.226726970241473,0.9995044701235036
49088739_2469,49088739,CC(C)OCCS(=O)(=O)N1CCc2ccccc2CC1,3,0.46938775510204084,1.6967863742971228,0.9988372404002903
44508995_3333,44508995,CN(C)S(=O)(=O)CCC[NH+]1CCc2ccccc2CC1,3,0.4583333333333333,2.4248088584464114,0.9970492205335728
31397472_1231,31397472,O=C(Nc1ccccc1-n1ccnc1)c1ccc(F)cc1,3,0.6122448979591837,1.2440184886084207,0.9996610401575238
31397472_1232,31397472,O=C(Nc1ccccc1-n1cc[nH+]c1)c1ccc(F)cc1,3,0.6122448979591837,1.7928443881165237,0.9992235757892556
43021930_3509,43021930,CCCCOc1ccccc1-c1cc(C(=O)NCc2ccccc2C)[nH]n1,3,0.625,2.5195114605808593,0.9987058443756244
43021930_3508,43021930,CCCCOc1ccccc1-c1cc(C(=O)NCc2ccccc2C)n[nH]1,3,0.640625,2.408647338237048,0.9987722796612057
29566339_377,29566339,N#Cc1ccc(-c2csc(CCN3CCCC3=O)n2)cc1,3,0.5901639344262295,1.7915345377637502,0.9983440561699986
31847077_2052,31847077,O=C(NC1CC1)c1cccc2cccnc12,3,0.52,1.2163178038654132,0.9994651532582004
48439112_1754,48439112,O=C([O-])c1cccc(N2CCC(Oc3ccc(Cl)cc3)CC2)n1,3,0.3225806451612903,1.946658162082004,0.9973631795153959
177361869_2807,177361869,Cc1cnc(NCC2(CO)CCCC2)nc1N(C)C,3,0.43859649122807015,1.4396600293125643,0.9993991069900721
177361869_2808,177361869,Cc1cnc(NCC2(CO)CCCC2)[nH+]c1N(C)C,3,0.4482758620689655,3.1401093929987995,0.9987956603841919
48280740_645,48280740,CN(CC1(O)CCCC1)c1ncccn1,3,0.36585365853658536,1.5988680370813566,0.99833844253025
177361869_2806,177361869,Cc1c[nH+]c(NCC2(CO)CCCC2)nc1N(C)C,3,0.4482758620689655,2.0886744600345444,0.9979151190669993
157723_785,157723,CNC(=O)c1cn(C)nc1C[C@H]1CC[N@H+](Cc2cnc(-c3ccc(OC)cc3)nc2)CC1,3,0.39436619718309857,2.4569175810351513,0.9981225624502196
46620326_1349,46620326,CCc1nc(CN2C(=O)COc3ccc(F)cc32)cs1,3,0.3125,1.8209011505296053,0.9988611409426275
32148273_724,32148273,CC(C)C(=O)Nc1ncn(Cc2cccnc2)n1,3,0.375,1.0901940194290625,0.9998282883161889
53839672_2342,53839672,CN(C)c1nccc(N2CC[NH+](CCCCCF)CC2)n1,3,0.39655172413793105,2.21244276762132,0.9984571386659901
53839672_2343,53839672,CN(C)c1nc(N2CCN(CCCCCF)CC2)cc[nH+]1,3,0.3,1.9622171133693682,0.9970300529872786
53839672_2341,53839672,CN(C)c1nc(N2CC[NH+](CCCCCF)CC2)cc[nH+]1,3,0.31746031746031744,1.712506350352993,0.9987405042492369
48820442_1057,48820442,O=C(Cc1ccc(Cl)c(Cl)c1)N1CC(n2ccnn2)C1,3,0.3728813559322034,1.5437655262376615,0.9973474085708597
82737339_3233,82737339,[NH3+]CCOc1cccc(CC(=O)N2CCC(F)(F)CC2)c1,3,0.625,1.8151077103025415,0.9973888066984664
82737339_3234,82737339,NCCOc1cccc(CC(=O)N2CCC(F)(F)CC2)c1,3,0.625,2.125439248719946,0.9986247079983631
53750832_3377,53750832,COc1cccc(Cc2nc(=O)c3c4c(sc3[nH]2)CSCC4)c1,3,0.35384615384615387,2.1311459358753098,0.999724614056931
53750832_3378,53750832,COc1cccc(Cc2nc3sc4c(c3c(=O)[nH]2)CCSC4)c1,3,0.359375,2.140313294823422,0.9997836932822467
321036_1671,321036,COc1ccc(CN2CCc3[nH]c(-c4cccnc4)nc(=O)c3C2)c(C)c1C,3,0.3611111111111111,1.207825318496205,0.9994814305749717
321036_1670,321036,COc1ccc(C[N@@H+]2CCc3[nH]c(-c4cccnc4)nc(=O)c3C2)c(C)c1C,3,0.4,2.0342313044486,0.9991290913315698
48764932_2847,48764932,Cc1ncccc1CNc1ccc(CC#N)cc1,3,0.32727272727272727,1.598717298336571,0.9990737387232743
46075643_525,46075643,Cc1nc(N[C@H](c2nccn2C)C2CC2)c2sccc2n1,3,0.2878787878787879,3.322388899572287,0.9997858020887431
46075643_526,46075643,Cc1nc(N[C@@H](c2[nH+]ccn2C)C2CC2)c2sccc2[nH+]1,3,0.2898550724637681,4.632706984042946,0.9992772633341811
46075643_527,46075643,Cc1nc(N[C@@H](c2[nH+]ccn2C)C2CC2)c2sccc2n1,3,0.26666666666666666,3.9272121154838433,0.9997289293473798
46075643_524,46075643,Cc1nc(N[C@H](c2nccn2C)C2CC2)c2sccc2[nH+]1,3,0.2898550724637681,3.5612249297120684,0.999458061506211
30400370_238,30400370,O=C(CSc1nc2[nH]c(=O)cc(O)c2s1)c1ccc(-c2ccccc2)cc1,3,0.3076923076923077,2.16653017518799,0.9959727168053416
30400370_237,30400370,O=C(CSc1nc2[nH]c(=O)cc([O-])c2s1)c1ccc(-c2ccccc2)cc1,3,0.30303030303030304,2.6889427290294066,0.9937974455738147
31935468_2028,31935468,O=C(NCCc1nnc2n1CCC2)c1ccc2c(c1)CCC2,3,0.484375,1.6778051138314134,0.9994302011580732
1543632_1817,1543632,CCOc1ccc(C(=O)Nc2cc(C(=O)OC)ccc2N2CCN(C(C)=O)CC2)cc1,3,0.45614035087719296,1.9834800225866636,0.998128449302191
177465976_3294,177465976,O=C1CN(C(=O)c2ccc(Cl)cn2)CCN1CCc1ccccc1,3,0.5517241379310345,2.0350036855005116,0.9989915929475781
3563624_511,3563624,FC(F)(F)c1nc(Nc2ccc(-n3cnnn3)cc2)c2ccccc2n1,3,0.30158730158730157,1.4571063790950654,0.9991662759372633
48242871_2353,48242871,c1nc(N2CCC3(CCCCC3)C2)c2cn[nH]c2n1,3,0.3333333333333333,2.264918100064653,0.9993080383526933
48242871_2354,48242871,c1nc2[nH]ncc2c(N2CCC3(CCCCC3)C2)[nH+]1,3,0.3508771929824561,2.7209897096453903,0.9983595387077006
49946792_2569,49946792,Cc1nc(C)c(CNc2[nH+]cnn2C)s1,3,0.48936170212765956,2.1908945661532915,0.9996865058106017
49946792_2570,49946792,Cc1nc(C)c(CNc2ncnn2C)s1,3,0.4888888888888889,1.5773810573225693,0.9997175842228749
49946968_416,49946968,Cc1nn(C)c(NCc2scnc2C)[nH+]1,3,0.6428571428571429,2.275190541471009,0.9996229480069182
30742732_1061,30742732,Cc1nc(C)c2c(C)c(C(=O)N(C)Cc3ccc(C)o3)sc2n1,3,0.543859649122807,1.900133416368765,0.9992752191792961
408502_1033,408502,Cc1nc(N(C)Cc2ccccc2)c2c([nH+]1)C[N@@H+](Cc1ccccc1)CC2,3,0.4406779661016949,2.1911556311680904,0.9980844587298455
408502_1030,408502,Cc1nc2c(c(N(C)Cc3ccccc3)n1)CC[N@@H+](Cc1ccccc1)C2,3,0.4642857142857143,1.4250536831993177,0.9988522712293308
408502_1032,408502,Cc1nc(N(C)Cc2ccccc2)c2c([nH+]1)CN(Cc1ccccc1)CC2,3,0.4406779661016949,2.4151385053450563,0.9985209204244534
408502_1031,408502,Cc1nc2c(c(N(C)Cc3ccccc3)n1)CCN(Cc1ccccc1)C2,3,0.45614035087719296,1.9486523548342607,0.9982705471126012
323952813_2468,323952813,CC(C)n1cnnc1-c1cccc(N2Cc3ccc(Br)cc3C2=O)n1,3,0.35294117647058826,1.9678704225632986,0.9992031866191362
49939748_3422,49939748,N#Cc1ccc(CNc2cnc3ccccc3c2)o1,3,0.3448275862068966,1.8970397992659371,0.9994161664799084
353922_2718,353922,CC1CCN(C(=O)CCn2ccc3cc[nH+]cc32)CC1,3,0.32786885245901637,2.4633156517182178,0.9986425191950101
353922_2717,353922,CC1CCN(C(=O)CCn2ccc3ccncc32)CC1,3,0.35,2.3738176004066096,0.9984129603699555
1317203_794,1317203,COc1ccc(OCC(=O)N2CCN(C)CC2)cc1,3,0.42,1.1435278746054294,0.998495807101664
1317203_793,1317203,COc1ccc(OCC(=O)N2CC[NH+](C)CC2)cc1,3,0.4230769230769231,1.774945632970099,0.9987616345497522
53804145_2247,53804145,CCc1cc(=O)nc(SCC[NH+]2CCCCC2)[nH]1,3,0.509090909090909,2.0771942614979833,0.9991137890635625
60174406_1468,60174406,Cc1cc2c(C(N)=O)cccc2n1-c1nc2c(c(NCc3ccccc3)n1)COCC2,3,0.27380952380952384,1.4635576517517421,0.9995280999310007
60174406_1469,60174406,Cc1cc2c(C(N)=O)cccc2n1-c1nc(NCc2ccccc2)c2c([nH+]1)CCOC2,3,0.25925925925925924,4.429412150613395,0.9991798500015462
43132553_1756,43132553,C(=C1/NC(C(c2ccccc2)c2ccccc2)=NO1)\n1c[nH+]c(C2CC2)n1,3,0.2361111111111111,2.22124649690247,0.9992573730313731
43132553_1755,43132553,C(=C1/NC(C(c2ccccc2)c2ccccc2)=NO1)\n1cnc(C2CC2)n1,3,0.2463768115942029,1.6806531468445396,0.9995650486843545
324071118_88,324071118,Cc1c(C(=O)NCCC[NH+](C)C)sc2ncnc(Nc3ccc(F)cc3OC(C)C)c12,3,0.2608695652173913,3.4341690406855037,0.9995003038536643
3301360_696,3301360,COc1ccc(Nc2ncnc3sccc23)c(OC)c1,3,0.4,2.382719244896526,0.9995924714462475
49972816_1259,49972816,Cc1cccc(NC(=O)CN(C)c2ncccc2F)n1,3,0.375,1.695342738209293,0.9992773663874942
49972816_1260,49972816,Cc1cccc(NC(=O)CN(C)c2ncccc2F)[nH+]1,3,0.3620689655172414,2.2473313062379354,0.9994076767360836
177485348_2597,177485348,O=C(CN1CCCC1=O)NCC1(CO)CCCC1,3,0.4528301886792453,1.5644407946609096,0.9989053827451401
29618437_1331,29618437,Cc1ccc(CCNC(=O)c2ccncc2)o1,3,0.5510204081632653,1.915297365946467,0.9997745963330702
13331036_357,13331036,CC(C)(C)c1csc(NC(=O)C2CC2)n1,3,0.4897959183673469,0.9203488469055864,0.9995519342324828
31834534_3062,31834534,Cc1ccc(NC(=O)CN2C(=O)CN(C)C2=O)cc1C,3,0.42424242424242425,1.4603687890386978,0.9996978886775172
49149133_726,49149133,CSc1cccc(-c2ccccc2-c2nnc(C)o2)c1,3,0.36363636363636365,1.4912075643585947,0.9973032242335446
31406035_3175,31406035,CN1CCNc2nc3ccccc3nc21,3,0.375,1.6839777314447528,0.9998426668409529
31406035_3176,31406035,CN1CCNc2[nH+]c3ccccc3nc21,3,0.3829787234042553,1.577695154331426,0.9985264069722155
11480017_203,11480017,COc1ccc(OCC(=O)Nc2cccc(Cl)c2N2CCN(C(C)=O)CC2)cc1,3,0.36065573770491804,1.7425745321218409,0.9984745251306248
11480015_1746,11480015,CC(=O)N1CCN(c2c(Cl)cccc2NC(=O)COc2ccc(C(C)C)cc2)CC1,3,0.3492063492063492,2.097700169233291,0.9979379621718166
1525474_205,1525474,CCC(=O)N1CCN(c2ccc(Cl)cc2NC(=O)COc2ccccc2)CC1,3,0.36363636363636365,2.0958730877607556,0.9982285261418945
32033566_391,32033566,COc1ccccc1CNC(=O)[C@@H](C)[N@H+]1CCCN(c2ccccc2C#N)CC1,3,0.49333333333333335,2.064843093312185,0.9989264319902773
32033566_390,32033566,COc1ccccc1CNC(=O)[C@H](C)N1CCCN(c2ccccc2C#N)CC1,3,0.4794520547945205,2.3468297765286907,0.998492082072293
151551_772,151551,Cn1ccc(C(=O)N2CCC[C@H](c3cccc(-c4cccc(Cl)c4)n3)C2)n1,3,0.7049180327868853,2.1920586214787727,0.9976901772591702
151551_773,151551,Cn1ccc(C(=O)N2CCC[C@@H](c3cccc(-c4cccc(Cl)c4)[nH+]3)C2)n1,3,0.7258064516129032,2.291848380674229,0.998685764379648
150563_316,150563,O=C(c1cccnc1)N1CCC[C@@H](c2cccc(-c3cccc(Cl)c3)n2)C1,3,0.6885245901639344,0.6014241431801802,0.9996720377170469
150563_317,150563,O=C(c1cccnc1)N1CCC[C@H](c2cccc(-c3cccc(Cl)c3)[nH+]2)C1,3,0.7096774193548387,0.8930817431792014,0.9995600620340074
49300427_2465,49300427,Cc1nsc(NCc2cncs2)n1,3,0.3404255319148936,2.3445421727916917,0.9994239584754115
49300427_2466,49300427,Cc1ns/c(=N\Cc2cncs2)[nH]1,3,0.32,1.7180471472001604,0.9997580560423472
48754146_2890,48754146,O=c1n(CCn2ccnc2)nnn1-c1cccs1,3,0.43333333333333335,2.365482403231853,0.9997502308460212
48754146_2891,48754146,O=c1n(CCn2cc[nH+]c2)nnn1-c1cccs1,3,0.4262295081967213,1.9189895778774966,0.9998019677095142
18861554_987,18861554,Cc1ccc(F)cc1NC(=O)c1cnc2onc(C(C)C)c2c1,3,0.38571428571428573,1.2950675658041209,0.9996218885196049
49148489_1081,49148489,Fc1ccc(F)c(-c2nc(C3CCOCC3)nn2-c2cccnc2)c1,3,0.48484848484848486,3.4035638674777196,0.9919914015830567
49148489_1082,49148489,Fc1ccc(F)c(-c2[nH+]c(C3CCOCC3)nn2-c2cccnc2)c1,3,0.4925373134328358,1.0839833947074013,0.998999426920296
89937183_3209,89937183,C[C@@H]1CC(=O)Nc2cccc(-c3ccc4c(c3)c(-c3cnn(C)c3)nn4C)c2N1,3,0.3142857142857143,2.2932860702505926,0.9997455278625176
30063543_1220,30063543,O=C(CN1CCc2ccccc21)N1CCC(c2nc3ccccc3[nH]2)CC1,3,0.3968253968253968,2.3532445686763435,0.9993247577067356
30063543_1221,30063543,O=C(CN1CCc2ccccc21)N1CCC(c2[nH]c3ccccc3[nH+]2)CC1,3,0.3968253968253968,1.972194463028484,0.9992723454823783
232865232_3373,232865232,COc1cccc(Oc2ccc(NC(=O)CN3CCCCC3=O)cn2)c1,3,0.4461538461538462,1.586715475440135,0.9991846834097851
11011932_1935,11011932,CN(C)CCN(Cc1ccccc1)C(=O)CCC(=O)Nc1[nH+]cc(-c2ccccc2)n1C,3,0.42105263157894735,2.4280504525235482,0.9984731673300143
11011932_1934,11011932,Cn1c(-c2ccccc2)c[nH+]c1NC(=O)CCC(=O)N(CC[NH+](C)C)Cc1ccccc1,3,0.42857142857142855,2.128226256768481,0.9989259251141716
177444469_2825,177444469,CC(=O)NCc1cc2n(n1)CCN(C1Cc3ccccc3C1)C2,3,0.3333333333333333,1.7456631977554555,0.999571873557839
177475488_3288,177475488,CS(=O)(=O)NCc1cc2n(n1)CC[N@H+](C1Cc3ccccc3C1)C2,3,0.2608695652173913,2.1488210721263195,0.9996606100831125
177475488_3290,177475488,CS(=O)(=O)[N-]Cc1cc2n(n1)CC[N@H+](C1Cc3ccccc3C1)C2,3,0.2571428571428571,4.5340486322936675,0.9994472937737936
177475488_3289,177475488,CS(=O)(=O)NCc1cc2n(n1)CCN(C1Cc3ccccc3C1)C2,3,0.27586206896551724,1.4633714497691213,0.9993267543103842
177444469_2824,177444469,CC(=O)NCc1cc2n(n1)CC[N@H+](C1Cc3ccccc3C1)C2,3,0.3181818181818182,2.0170183439920217,0.9992459225815874
31981950_836,31981950,CC(=O)NCC1CCN(C(=O)c2ccc(C)nc2)CC1,3,0.47368421052631576,1.1241040877073227,0.9992829348923528
320451104_3302,320451104,CNc1ccc(/C=C/c2ccc(OCCOCCOCCF)nc2)cc1,3,0.2898550724637681,1.7609434971059201,0.9972450401550415
82719667_2512,82719667,CC1=CCN(C(=O)c2cc(C)nc3cc(C)cc(C)c23)CC1,3,0.5344827586206896,1.2862756314259836,0.9993469186423567
531049_2643,531049,COc1cc([C@@H]2c3cc4c(cc3[C@H](O)[C@H]3COC(=O)[C@@H]23)OCO4)cc(OC)c1OC,3,0.2542372881355932,2.639609440807633,0.9981826750989782
13656111_3047,13656111,COCCNC(=O)c1nnc2n(c1=O)CCN2c1ccccc1,3,0.3561643835616438,2.217882323298275,0.999416794977533
214735_555,214735,Cc1cc(NC2CCCC2)nc(C2CC[NH2+]CC2)[nH+]1,3,0.37254901960784315,2.04141642003764,0.998908279106028
214735_554,214735,Cc1cc(NC2CCCC2)nc(C2CC[NH2+]CC2)n1,3,0.3541666666666667,1.6760062649042429,0.9991567969614759
214735_556,214735,Cc1cc(NC2CCCC2)[nH+]c(C2CC[NH2+]CC2)n1,3,0.37254901960784315,2.1237069006809235,0.9991733876305176
31844110_1811,31844110,O=C(CN1CCc2ccccc21)N1CCNC1=O,3,0.6,1.6788493083064424,0.9997751643743055
48759758_2484,48759758,COC(C)(C)C(=O)Nc1ccnc(C(C)(C)C)n1,3,0.32075471698113206,1.8182384332095107,0.9992270110475469
50282148_3568,50282148,CS(=O)(=O)c1ccc(-c2nnc(/C=C/c3nnc(-c4ccc(C#N)cc4)o3)n2-c2ccccc2Cl)nc1,3,0.2727272727272727,3.219620319230343,0.9985446938266845
326092_1751,326092,Fc1cccc(CCNCc2cc(-c3ccccc3)cn3nnnc23)c1,3,0.4461538461538462,1.3044485424881038,0.9985657336703267
326092_1750,326092,Fc1cccc(CC[NH2+]Cc2cc(-c3ccccc3)cn3nnnc23)c1,3,0.4461538461538462,1.0863369642976866,0.9989352233354297
48831858_3114,48831858,Cc1ccc(CCC(=O)Nc2nccc3sccc23)o1,3,0.3230769230769231,3.384683884796103,0.9997336117102616
49924914_2707,49924914,CN(CCn1cnc(C#N)c1C#N)c1ccccc1,3,0.4716981132075472,1.8975270749056572,0.9986103713639617
6670067_3623,6670067,NC(=O)c1ccc(N2CCCCC2)c(NC(=O)c2ncoc2-c2ccc3ccccc3c2)c1,3,0.33766233766233766,1.8899185167616004,0.9992221378805594
31881571_897,31881571,CCCC(=O)Nc1ccc(-n2cccn2)nc1,3,0.45614035087719296,1.7891075987761798,0.9997931704209849
38477365_2398,38477365,Cc1ccc(CN)c(-n2cc(Cl)cn2)n1,3,0.2631578947368421,2.308696601981437,0.9994067931422854
38477365_2397,38477365,Cc1ccc(C[NH3+])c(-n2cc(Cl)cn2)n1,3,0.2631578947368421,2.7733667265614264,0.999322163375228
49976422_769,49976422,Cn1cc(-c2nnc(NCc3ccc4ccccc4c3)o2)cn1,3,0.4032258064516129,1.6301116526175745,0.9988960378780547
32093544_233,32093544,CC[N@H+]1CC[C@H](CNC(=O)c2cc(C)nc3cc(F)ccc23)CC1,3,0.44776119402985076,2.026146835745049,0.999076181213394
48758078_2942,48758078,CCc1nnc(N2CC(N(C)C)C2)c(C#N)c1CC,3,0.5102040816326531,1.750306258915662,0.9988652098252521
48758078_2941,48758078,CCc1nnc(N2CC([NH+](C)C)C2)c(C#N)c1CC,3,0.5102040816326531,1.5936822142449167,0.9973044293268335
36811266_3308,36811266,COc1ccc(C(=O)c2ccc(C)cc2)c(OC)c1,3,0.43859649122807015,2.2507898613597486,0.9987242763389615
33665609_3309,33665609,COc1ccc(C(=O)c2ccc(Cl)cc2)c(OC)c1,3,0.43103448275862066,1.1723659838122171,0.996968109078158
37153227_2818,37153227,CCc1c([O-])cc(O)c(C(=O)c2ccc(OCC[NH+]3CCOCC3)c(OC)c2)c1CC(=O)N(CCOC)CCOC,3,0.3069306930693069,5.53173878631316,0.9973201211082812
37153227_2820,37153227,CCc1c(O)cc(O)c(C(=O)c2ccc(OCC[NH+]3CCOCC3)c(OC)c2)c1CC(=O)N(CCOC)CCOC,3,0.31313131313131315,4.992157048811443,0.9983309646716599
37153227_2815,37153227,CCc1c(O)cc([O-])c(C(=O)c2ccc(OCCN3CCOCC3)c(OC)c2)c1CC(=O)N(CCOC)CCOC,3,0.31,4.194274192276926,0.996556829116903
37153227_2817,37153227,CCc1c([O-])cc(O)c(C(=O)c2ccc(OCCN3CCOCC3)c(OC)c2)c1CC(=O)N(CCOC)CCOC,3,0.31,4.1806622681102565,0.9969315984055127
37153227_2819,37153227,CCc1c(O)cc(O)c(C(=O)c2ccc(OCCN3CCOCC3)c(OC)c2)c1CC(=O)N(CCOC)CCOC,3,0.3163265306122449,3.6741751455258433,0.9987916596058614
37153227_2816,37153227,CCc1c(O)cc([O-])c(C(=O)c2ccc(OCC[NH+]3CCOCC3)c(OC)c2)c1CC(=O)N(CCOC)CCOC,3,0.3069306930693069,5.172487699357076,0.9965870916176509
177386071_3326,177386071,CC(C)C(=O)N1CCn2nc(C[NH2+]C3CCc4ccccc4CC3)cc2C1,3,0.2727272727272727,2.9959320753317225,0.9989756396505204
13458787_1323,13458787,Cc1sc(-c2ccccn2)nc1-c1ccc(NC(=O)C(C)C)cc1,3,0.42424242424242425,1.6026272180390613,0.9992754621215234
49973690_2055,49973690,C1CCC(OCc2noc(C3CC3)n2)CC1,3,0.36363636363636365,1.5216008017872875,0.9992342292750613
LN01341916_2523,LN01341916,[NH3+]C[C@@](O)(c1ccc(Cl)cc1)c1ccc(-c2cn[nH]c2)cc1,3,0.30158730158730157,1.3604484554737903,0.9993081365580497
LN01341916_2524,LN01341916,NC[C@@](O)(c1ccc(Cl)cc1)c1ccc(-c2cn[nH]c2)cc1,3,0.30158730158730157,2.2233589453798084,0.9993205161362553
110118917_50,110118917,O=C(Nc1cccc(-c2nncn2C2CC2)c1)c1cc(-n2c[nH+]c(C3CC3)c2)ccn1,3,0.37894736842105264,3.0390533065410903,0.9993843806705237
110118917_49,110118917,O=C(Nc1cccc(-c2nncn2C2CC2)c1)c1cc(-n2cnc(C3CC3)c2)ccn1,3,0.37362637362637363,2.1705291981454438,0.999503918186259
232828909_2937,232828909,O=C1CCCN1CCCc1nnc(Cc2c(Cl)cccc2Cl)[nH]1,3,0.5471698113207547,1.6731790101480164,0.9994731488144422
82728121_3120,82728121,Cc1cc2nc(CCC(=O)N3CCc4[nH]ncc4C3)[nH]c2cc1C,3,0.47297297297297297,1.8735791950177112,0.9994068467022854
82728121_3121,82728121,Cc1cc2nc(CCC(=O)N3CCc4n[nH]cc4C3)[nH]c2cc1C,3,0.4605263157894737,2.183940017490877,0.9995630125003037
82728121_3122,82728121,Cc1cc2[nH]c(CCC(=O)N3CCc4[nH]ncc4C3)[nH+]c2cc1C,3,0.47368421052631576,2.5389871996529423,0.9983874318816653
46038339_2094,46038339,c1cnc(N2CC(c3[nH]c4ccccc4[nH+]3)C2)nc1,3,0.3384615384615385,1.990803857742036,0.9987392390211216
46038339_2093,46038339,c1cnc(N2CC(c3nc4ccccc4[nH]3)C2)nc1,3,0.3492063492063492,1.9601482086826498,0.9995583516530263
53744933_34,53744933,Nc1n[nH]cc1-c1cc(Cl)ccc1Oc1cc(F)c(S(=O)(=O)Nc2cscn2)cc1Cl,3,0.26506024096385544,3.413008203916077,0.9989581338678152
53744933_35,53744933,Nc1[nH]ncc1-c1cc(Cl)ccc1Oc1cc(F)c(S(=O)(=O)[N-]c2cscn2)cc1Cl,3,0.25882352941176473,6.419973520194699,0.9985140135693626
53744933_33,53744933,Nc1[nH]ncc1-c1cc(Cl)ccc1Oc1cc(F)c(S(=O)(=O)Nc2cscn2)cc1Cl,3,0.2441860465116279,3.3775936700552647,0.9989269370325757
313144331_3181,313144331,N#Cc1ccc2[nH]cn/c(=[NH+]/[C@H]3CC[C@@H]([NH+]4CCOCC4)CC3)c2c1,3,0.3448275862068966,2.3264756607357744,0.9988013123116138
313144331_3180,313144331,N#Cc1ccc2ncnc(N[C@H]3CC[C@H]([NH+]4CCOCC4)CC3)c2c1,3,0.43333333333333335,1.6837060313484093,0.9990923475158472
313517655_2582,313517655,CC(C)Cc1nn(C)c(=O)c2c(SCCCO)n(Cc3cccc4ccccc34)cc12,3,0.23255813953488372,3.7521271300424255,0.9988864660022505
49954362_3216,49954362,N#CCN1CCC(CNC(=O)c2c(F)ccc(F)c2F)CC1,3,0.3442622950819672,1.3707950247941478,0.9984547982358496
72972981_2301,72972981,COc1cc(OC)cc(N(CC[NH2+]C(C)C)c2ccc3ncc(-c4cnn(C)c4)nc3c2)c1,3,0.3424657534246575,2.818602845382758,0.9981647212337676
89942347_3160,89942347,CC(C)(O)Cn1nc(-c2ccccc2)c2c(Cl)c(-c3ccccc3)nnc21,3,0.36363636363636365,2.1281917206865573,0.9986831502357386
33297597_278,33297597,O=C(CCOc1ccccc1)N1CCCC1,3,0.8484848484848485,0.4954775474223395,0.9995779307035876
48759010_658,48759010,Cc1ncccc1CNc1nnc(C(C)(C)C)s1,3,0.3333333333333333,1.4035793529405318,0.9992025281472116
48759010_659,48759010,Cc1ncccc1CNc1[nH+]nc(C(C)(C)C)s1,3,0.32075471698113206,1.1895978312017652,0.9995311338316003
48213727_1420,48213727,c1cnc(-n2cccn2)c(C[NH2+]C2CCCC2)c1,3,0.2727272727272727,4.3377419240891175,0.9919458231454423
902539_1091,902539,CCCCCNC(=[NH2+])N/N=C/c1c[nH]c2ccc(OC)cc12,3,0.24,2.599829994442175,0.9958317254058127
35709702_1315,35709702,CNC(=O)Cn1ccc2cc(OC)ccc21,3,0.32075471698113206,1.5740641664177555,0.9994900699456271
24027900_392,24027900,CON(C)C(=O)c1cc2ccc(C(C)(C)C)cc2[nH]1,3,0.5660377358490566,1.8313156472876038,0.9991932802968962
902539_1092,902539,CCCCCN/C(N)=N/N=C/c1c[nH]c2ccc(OC)cc12,3,0.24285714285714285,3.5356290812241866,0.9985774041270825
45748880_1660,45748880,CON(C)C(=O)Cc1c(C)[nH]c2ccccc12,3,0.3220338983050847,1.6306771599550056,0.999238251136943
45748055_1042,45748055,CON(C)C(=O)c1cccc2c(C)c(C)[nH]c12,3,0.39215686274509803,1.3394330890343145,0.9997824805354413
24874030_2025,24874030,COc1ccc(-c2ccc(CN(CC[NH+](C)C)Cc3ccncc3)cc2)cc1,3,0.4576271186440678,2.2976435754922537,0.9990599535997274
24874030_2026,24874030,COc1ccc(-c2ccc(C[N@H+](CC[NH+](C)C)Cc3ccncc3)cc2)cc1,3,0.47368421052631576,2.412890175702234,0.9978887191667334
24874030_2027,24874030,COc1ccc(-c2ccc(C[N@H+](CCN(C)C)Cc3ccncc3)cc2)cc1,3,0.4576271186440678,2.289472209920873,0.9988239654917505
37038179_1010,37038179,CC(C)(C)c1ccc(C2=NC3(CC[NH2+]CC3)NC2=O)cc1,3,0.41379310344827586,2.076023362103433,0.9992886861697774
37038179_1011,37038179,CC(C)(C)c1ccc(C2=NC3(CCNCC3)NC2=O)cc1,3,0.42105263157894735,2.3756352834557504,0.9982990680544966
36516782_3558,36516782,FC(F)(F)c1ccc(Nc2nc3ccc(Oc4ccnc(-c5nc(C(F)(F)F)c[nH]5)c4)cc3[nH]2)cc1,3,0.23529411764705882,3.661730874873435,0.999226159607009
36516782_3556,36516782,FC(F)(F)c1ccc(Nc2[nH]c3cc(Oc4ccnc(-c5nc(C(F)(F)F)c[nH]5)c4)ccc3[nH+]2)cc1,3,0.24,3.2203914358349426,0.9979906157328059
36516782_3559,36516782,FC(F)(F)c1ccc(Nc2[nH]c3cc(Oc4ccnc(-c5ncc(C(F)(F)F)[nH]5)c4)ccc3[nH+]2)cc1,3,0.2465753424657534,3.7805011572541254,0.9974651199708756
36516782_3557,36516782,FC(F)(F)c1ccc(Nc2nc3cc(Oc4ccnc(-c5nc(C(F)(F)F)c[nH]5)c4)ccc3[nH]2)cc1,3,0.23529411764705882,3.631004131090363,0.9991205876311603
36925362_737,36925362,CN(Cc1ccn(-c2ccccc2)n1)C(=O)c1ccc([O-])nc1,3,0.4666666666666667,2.0794518508488857,0.9992865943354227
36925362_736,36925362,CN(Cc1ccn(-c2ccccc2)n1)C(=O)c1ccc(=O)[nH]c1,3,0.4230769230769231,1.4646634425698333,0.9996099081270139
45716971_1187,45716971,COc1ccc(CNC(=O)CCCOc2ccc(C(C)=O)cc2)cc1,3,0.43137254901960786,1.3726361498955935,0.9978549698953161
23808246_1749,23808246,Cn1nc(C2CC2)c2nc(-c3cccc(C[NH+]4CCOCC4)c3)[nH]c21,3,0.32432432432432434,1.7428118085435755,0.9994741960636735
23808246_1747,23808246,Cn1nc(C2CC2)c2[nH]c(-c3cccc(C[NH+]4CCOCC4)c3)nc21,3,0.32432432432432434,2.150581084265605,0.9991389126619101
23808246_1748,23808246,Cn1nc(C2CC2)c2[nH]c(-c3cccc(CN4CCOCC4)c3)nc21,3,0.2948717948717949,2.383293939068211,0.9982485698543493
46036273_849,46036273,Cn1nc(-c2cn(Cc3ccc(CO)cc3)nn2)c2c(Cl)cccc21,3,0.3880597014925373,1.386702203070672,0.9993235946210193
265683_2730,265683,COc1cccc(CC(=O)N2CCO[C@@H](c3cc(Nc4nnc(C)s4)cc(C)[nH+]3)C2)c1,3,0.5647058823529412,1.8516932791370593,0.9996007408732482
265683_2731,265683,COc1cccc(CC(=O)N2CCO[C@H](c3cc(/N=c4\[nH]nc(C)s4)cc(C)n3)C2)c1,3,0.5764705882352941,1.369340352140607,0.9992197843764766
265683_2729,265683,COc1cccc(CC(=O)N2CCO[C@H](c3cc(Nc4nnc(C)s4)cc(C)n3)C2)c1,3,0.5595238095238095,1.7414620294451133,0.9989187933747324
73036824_211,73036824,O=C([C@H]1CC[C@@H](O)CC1)N1CCCN(c2ccc(F)cc2)CC1,3,0.4727272727272727,1.590835000872361,0.9986660565917854
45750904_2061,45750904,Cc1nc(CNC2CCN(C(=O)C3CC3)CC2)cs1,3,0.375,1.5385580912006498,0.9993389786393132
45750904_2060,45750904,Cc1nc(C[NH2+]C2CCN(C(=O)C3CC3)CC2)cs1,3,0.3389830508474576,1.8408527915071753,0.9983537656393787
171789858_2545,171789858,CC(=O)N1CCN([C@H]2CCN(C(=O)c3cc4cc(C)ccc4o3)CC[C@@H]2O)CC1,3,0.7962962962962963,2.952787665919053,0.9993754604149057
171789858_2544,171789858,CC(=O)N1CC[NH+]([C@H]2CCN(C(=O)c3cc4cc(C)ccc4o3)CC[C@@H]2O)CC1,3,0.8,2.886085237826073,0.9995907170857131
171789564_2352,171789564,CC(=O)N1CCN([C@H]2CCN(C(=O)c3cc4cc(Cl)ccc4o3)CC[C@@H]2O)CC1,3,0.6333333333333333,2.3833207925084117,0.9994932097622603
171789564_2351,171789564,CC(=O)N1CC[NH+]([C@H]2CCN(C(=O)c3cc4cc(Cl)ccc4o3)CC[C@@H]2O)CC1,3,0.639344262295082,2.9754715592661642,0.9994303434914399
LN00201761_1536,LN00201761,N#Cc1c([O-])c2c(-c3ccc(-c4ccccc4O)cc3)csc2[nH]c1=O,3,0.2982456140350877,1.6280703301757051,0.9993400685698531
LN00201761_1537,LN00201761,N#Cc1c([O-])c2c(-c3ccc(-c4ccccc4[O-])cc3)csc2[nH]c1=O,3,0.3090909090909091,3.5609081706778127,0.9983464685408834
44392699_139,44392699,Cc1[nH]nc2c1C1(CCCCC1)CC(=O)N2,3,0.25,2.1863359760106245,0.9989191432316322
44392699_140,44392699,Cc1n[nH]c2c1C1(CCCCC1)CC(=O)N2,3,0.23880597014925373,2.668058844927881,0.9987853491687679
7716996_1234,7716996,O=C(Nc1ccc(C(=O)[O-])c([O-])c1)c1ccc(NC(=O)c2cccs2)cc1,3,0.3888888888888889,9.137798531375125,0.9981353421181659
7716996_1233,7716996,O=C(Nc1ccc(C(=O)[O-])c(O)c1)c1ccc(NC(=O)c2cccs2)cc1,3,0.3888888888888889,5.189216318481812,0.9989973800932183
56769871_497,56769871,O=C(NCc1nnc2c(=O)[nH]ccn12)C1CCCC1,3,0.44642857142857145,2.178280973611601,0.9992306525239814
49316037_3168,49316037,N#Cc1ccc2nc(NCCn3cc[nH+]c3)ccc2c1,3,0.5185185185185185,2.075967726145871,0.9994554004607467
49316037_3166,49316037,N#Cc1ccc2nc(NCCn3ccnc3)ccc2c1,3,0.5094339622641509,1.4987194533997286,0.9994521992280417
49316037_3167,49316037,N#Cc1ccc2[nH+]c(NCCn3ccnc3)ccc2c1,3,0.3898305084745763,1.7717666324884285,0.9995853588649295
181775_2737,181775,C[NH2+]Cc1cc(N(C)C)nc([C@H]2CCCN2C(=O)c2oc3ccc(Cl)cc3c2C)n1,3,0.5897435897435898,2.6004366940961807,0.9993458866379474
181775_2739,181775,CNCc1cc(N(C)C)nc([C@@H]2CCCN2C(=O)c2oc3ccc(Cl)cc3c2C)[nH+]1,3,0.589041095890411,3.2817123579009078,0.9991259544428182
181775_2738,181775,CNCc1cc(N(C)C)nc([C@@H]2CCCN2C(=O)c2oc3ccc(Cl)cc3c2C)n1,3,0.5897435897435898,2.2712432718664295,0.9994482049613328
48383292_3271,48383292,CC1(C)[C@@H]2C[C@H]1[C@@]1(O)[C@@H](C2)Oc2c(ccc(O)c2C(=O)NCCNS(C)(=O)=O)[C@@H]1O,3,0.6944444444444444,3.959785726525514,0.9992431293869216
48383292_3272,48383292,CC1(C)[C@@H]2C[C@H]1[C@@]1(O)[C@@H](C2)Oc2c(ccc([O-])c2C(=O)NCC[N-]S(C)(=O)=O)[C@@H]1O,3,0.6756756756756757,4.867781424838626,0.9989648848605046
48383292_3270,48383292,CC1(C)[C@@H]2C[C@H]1[C@@]1(O)[C@@H](C2)Oc2c(ccc([O-])c2C(=O)NCCNS(C)(=O)=O)[C@@H]1O,3,0.7083333333333334,3.0216465709941316,0.9993821967716285
60174709_3529,60174709,Nc1nc(N)c2c(OC[C@H]3CC[N@H+](Cc4c(Cl)cccc4Cl)CC3)cccc2[nH+]1,3,0.3389830508474576,2.6607386192559774,0.9981012169343112
60174709_3530,60174709,Nc1nc(N)c2c(OC[C@H]3CC[N@H+](Cc4c(Cl)cccc4Cl)CC3)cccc2n1,3,0.36363636363636365,2.0840266313075473,0.9980313232712189
60174709_3531,60174709,Nc1nc2cccc(OC[C@H]3CC[N@H+](Cc4c(Cl)cccc4Cl)CC3)c2c(N)[nH+]1,3,0.35294117647058826,2.773742057221401,0.9979673480076079
82702429_3239,82702429,COc1ccc(-c2ccc(Cn3nc(C)cc3C)cn2)cc1,3,0.31746031746031744,2.2768295939748273,0.9982635127654063
177470998_3039,177470998,COc1cc(-c2ccc(Cn3nc(C)cc3C)cn2)cc(OC)c1OC,3,0.3230769230769231,2.3190107804837226,0.9978247469250908
48257681_1076,48257681,Cn1cc[nH+]c1CNc1cc(Br)ccc1-n1cccn1,3,0.30434782608695654,2.622009916075908,0.9990683988228979
48257681_1075,48257681,Cn1ccnc1CNc1cc(Br)ccc1-n1cccn1,3,0.2898550724637681,2.5762670669009498,0.9993688669322358
1324972_1827,1324972,COc1cc2c(cc1NC(C)=O)oc1ccccc12,3,0.3709677419354839,1.0973982868588905,0.9994369970718554
50570563_2842,50570563,CC(C)n1cc(C[N@H+]2CC[C@@H](c3nc(N(C)C)no3)CC2)cn1,3,0.3611111111111111,1.8459707473305156,0.9993479087424295
49977918_2909,49977918,CCCn1cc(C[N@H+]2CC[C@H](c3nc(N(C)C)no3)CC2)cn1,3,0.3787878787878788,1.9174939374085442,0.9993348399081828
53766760_2724,53766760,Cc1cc(Br)cn(Cc2ccc(C#N)cc2F)c1=O,3,0.45614035087719296,0.874175039680207,0.9985795832294119
42961554_350,42961554,Cc1cccn(Cc2cccc(F)c2)c1=O,3,0.5714285714285714,1.5817515607704633,0.9981434597022718
42961556_1290,42961556,Cc1cccn(Cc2ccccc2F)c1=O,3,0.4883720930232558,2.790524144314085,0.9861696095421932
53755274_1062,53755274,Cc1cccn(Cc2cccc(C#N)c2)c1=O,3,0.5333333333333333,2.1695015556574484,0.9983082926305127
44529882_1142,44529882,COC1CCN(C(=O)Nc2cc(C(F)(F)F)cc(C(F)(F)F)c2)CC1,3,0.38095238095238093,2.37880285017496,0.9971618648794002
48242285_1586,48242285,CCc1cnc(CN2C(=O)NC3(CCC3)C2=O)o1,3,0.4444444444444444,1.517157869174836,0.9996804341760777
171818496_3183,171818496,CO[C@@H]1CC[C@@H](N(C)C(=O)COc2c(C)cccc2C)[C@H]1O,3,0.6875,1.0160260823418452,0.9990964596327668
36318534_894,36318534,Cn1ccc2c(C(=O)Nc3ncn(Cc4cccnc4)n3)cccc21,3,0.34328358208955223,2.359233773919334,0.999597878519265
324134429_2549,324134429,CC(C)(O)CCn1cc2cc(NC(=O)c3ccn(C(F)F)n3)c(OCC3COC3)cc2n1,3,0.7714285714285715,3.498037735646115,0.9994908521665736
36706256_2092,36706256,Cc1ccc(OCc2noc(-c3ccsc3)n2)cn1,3,0.3898305084745763,1.9207162726440319,0.9992976445062304
30640320_770,30640320,Cc1nn(C)c(C)c1NC(=O)CN1CCN(c2nccs2)CC1,3,0.515625,2.2736994084528575,0.9995359451498191
316949638_3495,316949638,O=C(Nc1ccc(C[NH+]2CCCCC2)cc1)c1ccnc2[nH]cnc12,3,0.43548387096774194,3.6566226220378724,0.9974640236763008
316949638_3496,316949638,O=C(Nc1ccc(C[NH+]2CCCCC2)cc1)c1ccnc2nc[nH]c12,3,0.42857142857142855,3.0062506548855317,0.997463300960868
11813315_2066,11813315,O=C(NC1CCCCCC1)c1ccc(CSc2[nH]c3ccccc3[nH+]2)cc1,3,0.42857142857142855,2.7904503220809733,0.9992024288645444
11813315_2065,11813315,O=C(NC1CCCCCC1)c1ccc(CSc2nc3ccccc3[nH]2)cc1,3,0.42857142857142855,3.003365279149229,0.9986198229171852
344474_3087,344474,CC(C)N(C(=O)Cn1cccc2cc(-c3ccco3)[nH+]c1-2)C(C)C,3,0.2753623188405797,1.9129547825286164,0.9992936191598154
32083384_2153,32083384,O=C(Nc1ccc2c3c(cccc13)CC2)c1ccnc(-n2cncn2)c1,3,0.4714285714285714,1.6124248819712892,0.9996489127119604
44113727_3683,44113727,Cc1ccc(CC(=O)NCc2cccc(C(=O)Nc3ccccc3)c2)cc1,3,0.39285714285714285,2.1093589073460435,0.9975187309189124
48817782_3129,48817782,O=C(Nc1cncc(Cl)c1Cl)c1cccc(-n2cccn2)n1,3,0.40625,2.7981790507401594,0.9989963629844054
415648_3430,415648,CCCOc1c2c(nc3cc(C4CCOCC4)nn13)CCC2,3,0.2638888888888889,1.8086481139238932,0.9992944394726878
48798145_3240,48798145,Fc1ccc(CCNc2ncnc3ncccc23)cc1,3,0.5531914893617021,1.4125062831721147,0.9992559407478808
48798145_3241,48798145,Fc1ccc(CC/[NH+]=c2/nc[nH]c3ncccc23)cc1,3,0.3728813559322034,1.7625648924228183,0.9993484940544696
300481204_1475,300481204,N#Cc1ccccc1N1CCC([NH3+])CC1,3,0.3269230769230769,1.9844858276138446,0.9965027399635713
1152113_3617,1152113,COc1ccc(OCc2nn3c(-c4ccc(OC)cc4)nnc3s2)cc1,3,0.3225806451612903,1.9955069531324952,0.9974578065848971
1321458_663,1321458,COc1cc(Br)c(Nc2nc(-c3c(C)nc4ncccn34)cs2)c(Br)c1,3,0.3835616438356164,1.5309843238909828,0.9992504481466794
1321458_662,1321458,COc1cc(Br)c(Nc2nc(-c3c(C)[nH+]c4ncccn34)cs2)c(Br)c1,3,0.4714285714285714,2.8893973420072023,0.9992525087115316
48278518_2108,48278518,Cc1nnnn1CCN(C)c1ccccc1,3,0.45454545454545453,1.6912181999966267,0.9967663911584239
11009421_1782,11009421,COc1ccc(CNC(=O)c2nnn(-c3ccc(OC)cc3)c2N)cc1,3,0.43548387096774194,1.889901055611387,0.9988534059026618
276231421_2372,276231421,CCc1ccccc1S(=O)(=O)[N-]CCc1cn[nH]c1,3,0.2647058823529412,2.363255805028232,0.9977444037334258
276231421_2371,276231421,CCc1ccccc1S(=O)(=O)NCCc1cn[nH]c1,3,0.26865671641791045,1.7290430879540972,0.9991907670906868
48840184_1592,48840184,Cc1cc(CNc2cc(C(=O)N(C)C)ccn2)sc1Br,3,0.5818181818181818,2.552544612734608,0.9991905115116285
48840184_1593,48840184,Cc1cc(CNc2cc(C(=O)N(C)C)cc[nH+]2)sc1Br,3,0.5818181818181818,2.2940427197412636,0.9992423069906508
36568125_1994,36568125,CCC[N@@H+]1CCn2nc(-c3nc4ccc(OC)cc4[nH]3)cc2C1,3,0.2692307692307692,2.1857012604652857,0.9994298911687705
36568125_1997,36568125,CCC[N@H+]1CCn2nc(-c3[nH]c4cc(OC)ccc4[nH+]3)cc2C1,3,0.26666666666666666,5.5997230288645445,0.9972777967069499
36568125_1998,36568125,CCCN1CCn2nc(-c3[nH]c4cc(OC)ccc4[nH+]3)cc2C1,3,0.28378378378378377,2.912138046178443,0.9988674408059471
36568125_1996,36568125,CCCN1CCn2nc(-c3nc4ccc(OC)cc4[nH]3)cc2C1,3,0.2777777777777778,1.6924567941303814,0.9995893815009407
36568125_1995,36568125,CCCN1CCn2nc(-c3nc4cc(OC)ccc4[nH]3)cc2C1,3,0.2602739726027397,1.8336510027805233,0.9995751995789468
36568125_1993,36568125,CCC[N@@H+]1CCn2nc(-c3nc4cc(OC)ccc4[nH]3)cc2C1,3,0.2602739726027397,2.00693696961243,0.9995880198104319
36516873_2681,36516873,COc1cccc(Nc2c(C(N)=O)cnc3c(C)cc(S(=O)(=O)c4cccc(C(=O)N(C)C)c4)cc23)c1,3,0.33766233766233766,1.9118109216130388,0.998636958469415
36516873_2682,36516873,COc1cccc(Nc2c(C(N)=O)c[nH+]c3c(C)cc(S(=O)(=O)c4cccc(C(=O)N(C)C)c4)cc23)c1,3,0.2875,1.654577589597808,0.9989177131869106
43081435_1721,43081435,COc1ccc(-c2nc3cc(C)ccc3cc2CN(C)Cc2[nH+]ccn2C)cc1,3,0.39705882352941174,1.841553691859335,0.9985292885739884
43081435_1720,43081435,COc1ccc(-c2nc3cc(C)ccc3cc2C[N@@H+](C)Cc2nccn2C)cc1,3,0.3287671232876712,1.8980403051568866,0.9987044563213924
43081435_1719,43081435,COc1ccc(-c2nc3cc(C)ccc3cc2CN(C)Cc2nccn2C)cc1,3,0.4057971014492754,1.56899267047352,0.9994375338522613
43081435_1722,43081435,COc1ccc(-c2[nH+]c3cc(C)ccc3cc2CN(C)Cc2nccn2C)cc1,3,0.39436619718309857,2.8608129963348974,0.9984704672791299
45639971_869,45639971,O=C(COCC1CC1)N1CCCc2ncccc21,3,0.4918032786885246,1.5674909888096726,0.9992724293847214
23280366_2136,23280366,COc1ccc(CC(=O)N2CCc3[nH]c4ccc(Cl)cc4c3C2)cc1OC,3,0.4657534246575342,1.5302039079807244,0.9990500782754885
320420210_1194,320420210,CCN(Cc1ccccc1)C(=O)c1ccc(O)cc1[O-],3,0.5102040816326531,1.8684038642648777,0.9985359611275599
320420210_1196,320420210,CCN(Cc1ccccc1)C(=O)c1ccc([O-])cc1O,3,0.5102040816326531,2.6206016484768293,0.9980794711022815
320420210_1195,320420210,CCN(Cc1ccccc1)C(=O)c1ccc(O)cc1O,3,0.5319148936170213,1.891529011144231,0.9984810923871783
308044_3031,308044,CCOc1cc(C[N@@H+]2CCc3c(N)nc(N4CCCC4)nc3C2)ccc1OC,3,0.4225352112676056,1.9017804815490367,0.9991920048451999
308044_3030,308044,CCOc1cc(C[N@@H+]2CCc3c(N)nc(N4CCCC4)[nH+]c3C2)ccc1OC,3,0.4383561643835616,2.4303435971076492,0.9993692645717547
308044_3029,308044,CCOc1cc(CN2CCc3c(N)nc(N4CCCC4)[nH+]c3C2)ccc1OC,3,0.4225352112676056,2.0939882998719552,0.9990637571167612
308044_3032,308044,CCOc1cc(CN2CCc3c(N)nc(N4CCCC4)nc3C2)ccc1OC,3,0.4057971014492754,2.803077237608785,0.9987064238372255
44048515_3007,44048515,C[NH+](C)CC(C)(C)CNc1cnnc([O-])c1Br,3,0.22413793103448276,2.6494303161245036,0.9995620677142024
44048515_3008,44048515,C[NH+](C)CC(C)(C)CNc1cnnc(O)c1Br,3,0.22413793103448276,1.6901014762437718,0.9987934063675586
49945934_1105,49945934,Cc1cnn(/C=C2/NN=C(c3ccccc3)S2)c1,3,0.3333333333333333,1.5712631861021658,0.9994691026029852
177401551_2659,177401551,COc1ccccc1-n1cc(CNC(=O)N(C)Cc2c(C)nn(C)c2C)cn1,3,0.5454545454545454,1.5476016929429601,0.9996813618522444
222782930_2259,222782930,C[N@@H+](CCCC1CCCC1)Cc1cc(=O)[nH]c(=O)[nH]1,3,0.35185185185185186,2.6854744459780107,0.9969411215919148
222782930_2260,222782930,CN(CCCC1CCCC1)Cc1cc(=O)[nH]c(=O)[nH]1,3,0.3888888888888889,1.830431369923574,0.9984419957938688
134495_3675,134495,O=C(Cn1cccc(C(=O)Nc2cccc(-n3cccn3)c2)c1=O)NC1CCCCC1,3,0.3142857142857143,3.1906102864499615,0.9984532162306051
53873925_1531,53873925,COc1ccc(CCC(=O)N2CCN(C(=O)c3cc4n(n3)CCCC4)CC2)cc1,3,0.5172413793103449,3.2160256528827738,0.9987150027753839
232833340_2313,232833340,COc1cccc(Oc2ccc(NC(=O)CN3CCOCC3)cn2)c1,3,0.40298507462686567,1.8541866141252086,0.9987136685489147
49936164_819,49936164,C[N@@H+](Cc1ccncc1)Cc1cc2ccccc2[nH]c1=O,3,0.2982456140350877,1.9463902486403413,0.9995528691062621
49936164_820,49936164,CN(Cc1ccncc1)Cc1cc2ccccc2[nH]c1=O,3,0.2982456140350877,1.3778058644089153,0.9993696961858751
322812_3286,322812,OC1(c2cccnc2F)CCN(Cc2ccc(-c3ccc(F)cc3)o2)CC1,4,0.36507936507936506,2.114341978014899,0.9992945716839537
322812_3285,322812,O[C@]1(c2cccnc2F)CC[N@H+](Cc2ccc(-c3ccc(F)cc3)o2)CC1,4,0.36507936507936506,1.7798157207977234,0.9996438800820807
49829589_3159,49829589,NC(=O)CCCSc1nc(N)nc(-c2c(Cl)cc3c4c(cccc24)COC3)n1,4,0.22988505747126436,1.1382060446162863,0.9991875612166585
235805590_1455,235805590,Cn1c(=O)n(C2CCCC2)c(=O)c2c(F)cccc21,4,0.2835820895522388,1.4549797249447023,0.9987200188997073
43657166_1589,43657166,CC1(C)CCN(C(=O)NCCOc2cccnc2)C1,4,0.3870967741935484,1.3842727332428104,0.9991592634024284
48762192_2962,48762192,Cc1nccc(NC(=O)CCc2ccncc2)c1Cl,4,0.5,1.3850025270739954,0.999639114523269
48762192_2963,48762192,Cc1[nH+]ccc(NC(=O)CCc2ccncc2)c1Cl,4,0.4807692307692308,1.3731678702910428,0.9995330603872292
33297597_278,33297597,O=C(CCOc1ccccc1)N1CCCC1,4,0.8484848484848485,0.4954775474223395,0.9995779307035876
177389272_3411,177389272,CCCc1ncncc1C(=O)NCc1noc(C2CC2)n1,4,0.5079365079365079,2.0517139176798005,0.9995142158644531
327160_2378,327160,CNc1ncc(CN(C)CC[NH+]2CCCCC2)cn1,4,0.37254901960784315,2.387916665212747,0.9989199423870905
327160_2379,327160,CNc1ncc(C[N@@H+](C)CCN2CCCCC2)cn1,4,0.2542372881355932,1.6302260579439447,0.9981445502697174
327160_2377,327160,CNc1ncc(C[N@H+](C)CC[NH+]2CCCCC2)cn1,4,0.37254901960784315,2.5647463812236757,0.9980070382292583
222774264_3103,222774264,CN(Cc1nncn1C)C1CCN(c2ccccc2F)CC1,4,0.3114754098360656,1.6562523962246865,0.9987429688096371
222773330_2640,222773330,CCn1cnnc1C[N@H+](C)C1CCN(c2ccccc2F)CC1,4,0.3283582089552239,1.6336171522113894,0.9992630100617177
222774264_3102,222774264,Cn1cnnc1C[N@H+](C)C1CCN(c2ccccc2F)CC1,4,0.31666666666666665,1.6802972951236241,0.9989617488397499
222773330_2641,222773330,CCn1cnnc1CN(C)C1CCN(c2ccccc2F)CC1,4,0.34328358208955223,1.6499327259011904,0.9980647842837002
LN01345100_42,LN01345100,CC#CC(=O)N1CC[C@@H](n2c(=O)n(-c3ccc(Oc4ccccc4)cc3)c3c(N)ncnc32)C1,4,0.3522727272727273,2.411001036913886,0.9994131206337616
49335777_1711,49335777,Cn1cc(C[NH+]2CCN(c3ccccc3O)CC2)c(-c2ccncc2)n1,4,0.35384615384615387,1.487181898759298,0.9994948567843112
49335777_1712,49335777,Cn1cc(CN2CCN(c3ccccc3O)CC2)c(-c2ccncc2)n1,4,0.328125,1.8040379707751153,0.9993867723758888
36925778_738,36925778,O=C(c1noc2c1CCCC2)N1CCN(c2ncccn2)CC1,4,0.36363636363636365,1.5574013612426676,0.9989867688301094
2266063_3573,2266063,Cc1cccc2sc(NC(=O)c3cccnc3)nc12,4,0.5833333333333334,1.7781841861857877,0.9996931430448576
222783725_2788,222783725,Cc1nn(C(C)C)c(C)c1S(=O)(=O)NCC1CCN(C(=O)C2CC2)CC1,4,0.4642857142857143,1.5982277684984316,0.9993685159840847
222783725_2789,222783725,Cc1nn(C(C)C)c(C)c1S(=O)(=O)[N-]CC1CCN(C(=O)C2CC2)CC1,4,0.4642857142857143,3.2294479404383174,0.9972964072186614
29703109_3337,29703109,CN(C)c1cc[nH+]c2sc3c(=O)n(N4CCCCCC4)cnc3c12,4,0.21052631578947367,1.8318485199378987,0.9994191524189615
29703109_3336,29703109,CN(C)c1ccnc2sc3c(=O)n(N4CCCCCC4)cnc3c12,4,0.2191780821917808,1.68343785154062,0.9989640437225088
24128634_835,24128634,O=C(NCc1cccnc1)c1cnn(-c2ccccc2)c1,4,0.5087719298245614,1.7695832842786587,0.9996004487357042
53835106_3205,53835106,CSc1cnc(N2CCCN(c3ncc(SC)cn3)CC2)nc1,4,0.32608695652173914,2.6313350223793566,0.9972098807988957
1308759_2680,1308759,N#Cc1ccccc1NC(=O)CCc1ccccc1,4,0.44680851063829785,1.810756195626397,0.9977578127459038
29574117_2109,29574117,CCC(=O)NCc1ccnc(N(C)C)c1,4,0.45098039215686275,1.153393254705897,0.9996116659446107
49426796_2671,49426796,Cc1ccc(NC(=O)OCC(F)(F)F)cn1,4,0.35185185185185186,1.5410681360665748,0.9985881763533234
49932658_1300,49932658,CCCCN(C)C(=O)Nc1cc(C)ccn1,4,0.49056603773584906,2.892826645341781,0.9942337099179698
73014952_2308,73014952,CCN(CC)C(=O)CSCc1cncc(F)c1,4,0.288135593220339,2.0159600690488633,0.9986925591635861
48747142_798,48747142,COc1c(C)cnc(CN(C)S(N)(=O)=O)c1C,4,0.25,1.2977025853406374,0.9996147457029777
49916996_3291,49916996,Cc1cc(N(CCO)CCCO)ncc1Br,4,0.23333333333333334,1.6343081104859807,0.9983369833945321
29601204_1200,29601204,CCCNC(=O)c1ccnc(N(C)C)c1,4,0.3548387096774194,1.4266846182672082,0.9993751676639773
48747142_799,48747142,COc1c(C)c[nH+]c(CN(C)S(N)(=O)=O)c1C,4,0.2222222222222222,1.577695154331426,0.9980277713081479
29574117_2110,29574117,CCC(=O)NCc1cc[nH+]c(N(C)C)c1,4,0.4230769230769231,1.5826424106539339,0.998874725928923
49328626_472,49328626,CC(C)CC(=O)Nc1cccnc1N(C)C,4,0.36538461538461536,1.1180648460622848,0.9994689041307724
49956416_2972,49956416,CCOc1ccc/c(=N/S(C)(=O)=O)[nH]1,4,0.3111111111111111,1.76254390016257,0.9973121149533236
49328626_473,49328626,CC(C)CC(=O)Nc1ccc[nH+]c1N(C)C,4,0.28846153846153844,2.3208164511648333,0.9995847378238576
48328503_2999,48328503,CC#CCCNC(=O)c1cccnc1C,4,0.43137254901960786,1.0028250096601445,0.9992431356930475
41482724_3093,41482724,Cc1ncccc1NC(=O)OC(C)(C)C,4,0.36,0.9746081263770424,0.9991612737630093
150563_316,150563,O=C(c1cccnc1)N1CCC[C@@H](c2cccc(-c3cccc(Cl)c3)n2)C1,4,0.6885245901639344,0.6014241431801802,0.9996720377170469
150563_317,150563,O=C(c1cccnc1)N1CCC[C@H](c2cccc(-c3cccc(Cl)c3)[nH+]2)C1,4,0.7096774193548387,0.8930817431792014,0.9995600620340074
31998416_1687,31998416,O=C(NCCc1ccc2c(c1)OCO2)Nc1ccncc1,4,0.47540983606557374,2.328372822379771,0.9989272262719715
31998416_1688,31998416,O=C(NCCc1ccc2c(c1)OCO2)Nc1cc[nH+]cc1,4,0.45161290322580644,2.7524578107579116,0.998790873046873
32437102_815,32437102,COCc1cc(-c2nnc(CCc3ccccc3)[nH]2)ccc1OC,4,0.3728813559322034,1.2289820991370117,0.998873878076291
35774799_961,35774799,c1ccc(-c2noc(NCC3CCC3)n2)cc1,4,0.5853658536585366,1.4337677636212423,0.9994448303890988
35774799_962,35774799,c1ccc(-c2noc(NCC3CCC3)[nH+]2)cc1,4,0.5952380952380952,1.9013989586618734,0.9986192930714359
45903948_1689,45903948,COc1ccc(CNC(=O)c2cc(-c3cncc(C)c3)ncc2-c2nccs2)nc1OC,4,0.30864197530864196,1.9716551422605029,0.9997610103416779
2202636_1897,2202636,O=C(Nc1nc2ccccc2[nH]1)C1CCCCC1,4,0.5217391304347826,1.5064212558244048,0.999410909541218
2202636_1898,2202636,O=C(Nc1[nH]c2ccccc2[nH+]1)C1CCCCC1,4,0.5106382978723404,3.1156777753805027,0.9969599507650692
49435320_3375,49435320,CNc1nc(C)nc(N[C@H]2CCC[C@@H](C(=O)NCc3ccc(C#N)cc3C(F)(F)F)C2)n1,4,0.2926829268292683,2.189013933257862,0.9991044484750017
44598747_1266,44598747,CCNC(=O)N1CCC2(CCc3ccccc3O2)CC1,4,0.5,1.567212812606971,0.9987692874234149
44598735_1265,44598735,CCOCC(=O)N1CCC2(CCc3ccccc3O2)CC1,4,0.36507936507936506,1.3985227920918806,0.9994062268664908
49976216_2032,49976216,CNC(=O)Cc1nc(-c2cncc(C)c2)cs1,4,0.4423076923076923,1.1110526540175762,0.9995185891970115
37112493_1293,37112493,O=C(NCC#CC[N@@H+]1CCc2ccccc2C1)NCc1ccc(F)cc1,4,0.3620689655172414,2.0589273906575793,0.9976525920643122
37112493_1294,37112493,O=C(NCC#CCN1CCc2ccccc2C1)NCc1ccc(F)cc1,4,0.3620689655172414,1.7144526823450088,0.9975964995620664
323952813_2468,323952813,CC(C)n1cnnc1-c1cccc(N2Cc3ccc(Br)cc3C2=O)n1,4,0.35294117647058826,1.9678704225632986,0.9992031866191362
53880265_1004,53880265,O=C(NC1CCCC1)N1CCN(c2nccn3nc4c(c23)CCCC4)CC1,4,0.5692307692307692,3.3523752773220563,0.9996433884953516
53880265_1005,53880265,O=C(NC1CCCC1)N1CCN(c2[nH+]ccn3nc4c(c23)CCCC4)CC1,4,0.5606060606060606,2.8896402890323274,0.9992772271155954
48321050_1479,48321050,CN(C)S(=O)(=O)Nc1ccc(-n2ncc3ccccc32)cc1,4,0.27586206896551724,1.489665398672069,0.9994370580804709
48321050_1480,48321050,CN(C)S(=O)(=O)[N-]c1ccc(-n2ncc3ccccc32)cc1,4,0.2537313432835821,1.7562511209961562,0.9983657134643994
299987327_3443,299987327,COc1cc2[nH+]c(N3CCN(C(=O)c4ccco4)CC3)nc(N)c2cc1OC,4,0.32926829268292684,2.3350580292578815,0.9993176929564245
299987327_3445,299987327,COc1cc2nc(N3CCN(C(=O)c4ccco4)CC3)[nH+]c(N)c2cc1OC,4,0.30666666666666664,1.9276480487904029,0.9994650602860311
299987327_3444,299987327,COc1cc2nc(N3CCN(C(=O)c4ccco4)CC3)nc(N)c2cc1OC,4,0.3108108108108108,1.9529562207072315,0.9995760386077612
49168678_495,49168678,COCCc1nc(-c2cnc(C3CC3)nc2)n(Cc2ccc(F)cc2)n1,4,0.375,1.8247016194431893,0.9992291826111607
49168678_496,49168678,COCCc1nn(Cc2ccc(F)cc2)c(-c2cnc(C3CC3)nc2)[nH+]1,4,0.4,1.827103719004506,0.9985019441510355
171813413_3178,171813413,C[C@]1(O)CN(C(=O)Cn2cnc3ccccc3c2=O)CC[C@@H]1Oc1ccccc1,4,0.7833333333333333,1.9118334132448855,0.9993167773162637
3434817_612,3434817,Cc1ccc2c(CC(=O)NCc3cccs3)coc2c1,4,0.46551724137931033,1.9445909595591255,0.9995979937404662
48759010_658,48759010,Cc1ncccc1CNc1nnc(C(C)(C)C)s1,4,0.43137254901960786,1.041193545888545,0.9994451286627591
48759010_659,48759010,Cc1ncccc1CNc1[nH+]nc(C(C)(C)C)s1,4,0.41509433962264153,1.1895978312017652,0.9995311338316003
11964390_252,11964390,COC(=O)c1c(C)[nH]c(C(=O)N(C)Cc2ccc(OC)c(F)c2)c1C,4,0.5084745762711864,1.8458756729534729,0.9994013076223895
36568125_1994,36568125,CCC[N@@H+]1CCn2nc(-c3nc4ccc(OC)cc4[nH]3)cc2C1,4,0.27848101265822783,2.129543847869204,0.9994298911687705
36568125_1997,36568125,CCC[N@H+]1CCn2nc(-c3[nH]c4cc(OC)ccc4[nH+]3)cc2C1,4,0.2911392405063291,4.722419295233857,0.9976114761871148
36568125_1998,36568125,CCCN1CCn2nc(-c3[nH]c4cc(OC)ccc4[nH+]3)cc2C1,4,0.28378378378378377,3.4537288544411506,0.998437973413347
36568125_1996,36568125,CCCN1CCn2nc(-c3nc4ccc(OC)cc4[nH]3)cc2C1,4,0.2777777777777778,1.765438472447609,0.9995893815009407
36568125_1995,36568125,CCCN1CCn2nc(-c3nc4cc(OC)ccc4[nH]3)cc2C1,4,0.2602739726027397,1.8486570801525095,0.9995751995789468
36568125_1993,36568125,CCC[N@@H+]1CCn2nc(-c3nc4cc(OC)ccc4[nH]3)cc2C1,4,0.27848101265822783,2.00693696961243,0.9995028516287077
35693197_1243,35693197,O=C(CNc1ccc(C(=O)N2CCCC2)cc1)N1CCCCC1,4,0.47058823529411764,1.7452590065661722,0.9989205296325429
11813315_2066,11813315,O=C(NC1CCCCCC1)c1ccc(CSc2[nH]c3ccccc3[nH+]2)cc1,4,0.42857142857142855,2.7904503220809733,0.9965231807165832
11813315_2065,11813315,O=C(NC1CCCCCC1)c1ccc(CSc2nc3ccccc3[nH]2)cc1,4,0.42857142857142855,3.003365279149229,0.9986198229171852
29665944_1710,29665944,Cc1cccnc1NC(=O)Cc1coc2c(C)c(C)ccc12,4,0.4057971014492754,0.6719054993083482,0.9998606447841254
4851238_2382,4851238,O=C([O-])c1csc(Cc2ccc(Cl)cc2)n1,4,0.3673469387755102,2.308052642380723,0.9993743687319104
153307_1024,153307,CCn1c(SC)nnc1[C@H]1CC[N@H+](C)CC1,4,0.2857142857142857,1.641151425067289,0.9988867445283065
206429_2191,206429,C[N@H+]1CC[C@@H](C(=O)N2CCC(c3cc(C(F)(F)F)c4c(n3)CCNC4=O)CC2)CC1,4,0.6231884057971014,1.8847015678883465,0.9990620468035328
25642172_774,25642172,CCN(CC)S(=O)(=O)c1ccc2c(c1)CCN2CC(=O)NCc1ccccc1F,4,0.29577464788732394,2.1387262564433405,0.9990663119378755
424596_3232,424596,CC(C)NC(=O)C1(Cc2ccccc2-c2ccncc2)CCOCC1,4,0.4307692307692308,2.1911807319343555,0.9987865527820557
48763678_1329,48763678,c1ccc(Cc2nnc(NC3CCOCC3)s2)cc1,4,0.46,1.2713787791213977,0.9994833958579655
48763678_1330,48763678,c1ccc(Cc2n[nH+]c(NC3CCOCC3)s2)cc1,4,0.2962962962962963,1.5478653042172872,0.9985716320126888
49139348_2853,49139348,CC(=O)c1cc(Br)cc(F)c1OCc1ccccn1,4,0.4074074074074074,2.255826456091076,0.9965898387452027
49134782_2893,49134782,OCCOc1ccccc1OCc1ncc(Cl)cc1Cl,4,0.2909090909090909,1.6994555010355685,0.9987519575618102
36905836_2647,36905836,CCCc1ccc(C(=O)CSc2nncs2)cc1,4,0.3076923076923077,2.6076207546345067,0.9980701107199126
36988038_3020,36988038,CCc1ccc(CC)c(C(=O)CSc2nncs2)c1,4,0.26865671641791045,1.7223469453045397,0.9982286444216474
1527294_1255,1527294,COc1ccc(CNc2[nH+]cc(-c3ccc4c(c3)OCO4)n2C)c(OC)c1,4,0.3333333333333333,2.1368329368482577,0.9990215624092763
44051471_3421,44051471,COC(=O)c1cccc2c1CCCN2C(=O)c1ccccc1,4,0.3484848484848485,1.5417457637365708,0.9992459070714654
44051475_2401,44051475,COC(=O)c1cccc2c1CCCN2C(=O)c1ccc(F)cc1F,4,0.37142857142857144,1.742185409191605,0.9975580083502038
31910305_3092,31910305,Cc1nc(C)c(C(=O)Nc2cccc(-c3ccn[nH]3)c2)s1,4,0.7192982456140351,1.5208096527825514,0.9995699396778693
31910305_3091,31910305,Cc1nc(C)c(C(=O)Nc2cccc(-c3cc[nH]n3)c2)s1,4,0.7192982456140351,4.41171213929487,0.9956935694629869
232828909_2937,232828909,O=C1CCCN1CCCc1nnc(Cc2c(Cl)cccc2Cl)[nH]1,4,0.3194444444444444,1.6731790101480164,0.9991920448911419
82709477_2828,82709477,CCc1cc(-c2ccc(OC)c3nc(C)ccc23)nc(N2CCOCC2)n1,4,0.3283582089552239,1.9910858846368258,0.9978890288680288
82713843_2979,82713843,CCc1cc(-c2ccc(OC)c3ncccc23)nc(N2CCOCC2)n1,4,0.30434782608695654,2.072669293447307,0.9977932398212355
147149_1083,147149,Cc1nc([C@H]2CC[C@@H](CNC(=O)C[N@H+]3CC[C@H](c4ccccc4)CC3)CC2)ccc1C(N)=O,4,0.527027027027027,3.0989282018142004,0.9972019538765753
147149_1084,147149,Cc1nc([C@H]2CC[C@H](CNC(=O)CN3CCC(c4ccccc4)CC3)CC2)ccc1C(N)=O,4,0.527027027027027,2.9793467404785523,0.9984292157029546
147149_1085,147149,Cc1[nH+]c([C@H]2CC[C@H](CNC(=O)C[N@H+]3CC[C@@H](c4ccccc4)CC3)CC2)ccc1C(N)=O,4,0.35714285714285715,3.3998654385138547,0.9967251844728225
35754541_1582,35754541,CN1CCc2ncnc(N3CCCN(c4nccs4)CC3)c2C1,4,0.42105263157894735,1.9936792620682153,0.9990548966089001
35754541_1581,35754541,C[N@@H+]1CCc2ncnc(N3CCCN(c4nccs4)CC3)c2C1,4,0.3770491803278688,2.9492514304481676,0.9989019354251065
53790787_61,53790787,Cc1nnc(CN(C)C[C@@H](C)Oc2ccc(Cl)c(Cl)c2)n1C,4,0.25757575757575757,2.2029791192837798,0.9974536774132707
53790787_62,53790787,Cc1nnc(C[N@@H+](C)C[C@H](C)Oc2ccc(Cl)c(Cl)c2)n1C,4,0.26153846153846155,1.5169848384215674,0.9983799806586814
49829625_2583,49829625,Cc1cc(N2CCOCC2)ccc1Nc1nc(NC2CCCCC2)c2nc[nH]c2[nH+]1,4,0.3118279569892473,3.5828731487450116,0.9979744141964045
49829625_2586,49829625,Cc1cc(N2CCOCC2)ccc1Nc1nc(NC2CCCCC2)c2[nH]cnc2[nH+]1,4,0.3118279569892473,4.8299904761812025,0.9986787106992749
49829625_2585,49829625,Cc1cc(N2CCOCC2)ccc1Nc1nc(NC2CCCCC2)c2nc[nH]c2n1,4,0.367816091954023,4.832513942039162,0.9991832137760595
49829625_2584,49829625,Cc1cc(N2CCOCC2)ccc1Nc1nc2[nH]cnc2c(NC2CCCCC2)[nH+]1,4,0.3010752688172043,3.7540709902727993,0.9986543243979156
53815321_2678,53815321,C[N@@H+](CCSc1ccc2nnc(C(F)F)n2n1)Cc1ccccc1,4,0.28125,2.7909609456242355,0.9973676673393143
4731245_3522,4731245,COc1ccc(C(=O)Nc2cc(-c3ccc(F)c(F)c3)no2)cc1,4,0.359375,5.2483623159992385,0.9869828610074536
49154015_1462,49154015,C=CCn1cnc2c(Cl)cc(-c3ccc(C(=O)NC4CC4)o3)cc21,4,0.2753623188405797,1.8153005260835668,0.999459972067919
Z86139961_1478,Z86139961,Fc1cccc(Cl)c1CNCCc1c[nH]c2ccccc12,4,0.3448275862068966,1.4842503158149933,0.9990813755525738
Z86139961_1477,Z86139961,Fc1cccc(Cl)c1C[NH2+]CCc1c[nH]c2ccccc12,4,0.31746031746031744,1.4959852940448004,0.9991364049517545
MCULE-1169396424_1500,MCULE-1169396424,CCOc1ccccc1C[NH2+]CCc1c[nH]c2ccccc12,4,0.3275862068965517,1.9742963303412235,0.9988855828814173
MCULE-2124560621_2015,MCULE-2124560621,CCOc1cccc(C[NH2+]CCc2c[nH]c3ccccc23)c1,4,0.3333333333333333,1.8791886547120533,0.9984914349842536
48773349_3015,48773349,O=C([O-])c1ccccc1COc1cccc2cccnc12,4,0.4,1.9056746836751841,0.9973042883267742
44581824_2854,44581824,O=c1oc2cccnc2n1Cc1ncc(-c2ccc(F)cc2)o1,4,0.5294117647058824,1.9874244639734566,0.9993748569986612
1542039_3641,1542039,CCc1nnc2c3ccccc3[nH]/c(=N\c3ccc(OC)cc3)n12,4,0.2898550724637681,1.8358722722456806,0.9996298741802855
1542039_3640,1542039,CCc1nnc2c3ccccc3nc(Nc3ccc(OC)cc3)n12,4,0.3150684931506849,1.7161602489278496,0.9996842314527089
45697853_1837,45697853,N#CC1(C[N@H+]2CCc3cc(-c4ccccc4)oc3C2)CC1,4,0.2459016393442623,1.642441475365512,0.998687783685138
45697853_1836,45697853,N#CC1(CN2CCc3cc(-c4ccccc4)oc3C2)CC1,4,0.24285714285714285,1.6787668092976262,0.9990664892638343
48798145_3240,48798145,Fc1ccc(CCNc2ncnc3ncccc23)cc1,4,0.34615384615384615,1.4125062831721147,0.9992559407478808
48798145_3241,48798145,Fc1ccc(CC/[NH+]=c2/nc[nH]c3ncccc23)cc1,4,0.3333333333333333,1.7625648924228183,0.9993500290881152
131239_2291,131239,Cc1cc(Nc2ccc(F)cn2)cc([C@@H]2CCN(C(=O)CCc3cccc(Cl)c3)C2)n1,4,0.6710526315789473,1.8343906345163163,0.9989163021384052
131239_2290,131239,Cc1cc(Nc2ccc(F)cn2)cc([C@H]2CCN(C(=O)CCc3cccc(Cl)c3)C2)[nH+]1,4,0.6753246753246753,2.23664682057774,0.9978539616496621
36343702_660,36343702,Cc1ncc2c(n1)C[N@@H+](CCCc1nc3ccccc3o1)CC2,4,0.3055555555555556,2.1509288691166186,0.9991484573082892
36343702_661,36343702,Cc1ncc2c(n1)CN(CCCc1nc3ccccc3o1)CC2,4,0.3055555555555556,1.4843025298096222,0.9986437402199859
49293741_3262,49293741,Cc1cc(CN2CCC(N(C)c3ncc(Cl)cn3)CC2)on1,4,0.46296296296296297,2.4311316295091134,0.9973084140140974
49293741_3261,49293741,Cc1cc(C[N@H+]2CC[C@H](N(C)c3ncc(Cl)cn3)CC2)on1,4,0.44642857142857145,1.6481953767684172,0.998852878801553
30000529_1089,30000529,CN(Cc1nc(=[NH2+])c2ccccc2[nH]1)Cc1ccc(F)cc1F,4,0.46153846153846156,1.4769864589766162,0.9991622304353132
30000529_1090,30000529,C[N@H+](Cc1nc(N)c2ccccc2n1)Cc1ccc(F)cc1F,4,0.43137254901960786,1.7199848836545049,0.9991593119413433
30000529_1088,30000529,CN(Cc1nc(N)c2ccccc2n1)Cc1ccc(F)cc1F,4,0.44,1.7247066417220487,0.997669323984671
36294663_1608,36294663,CCCN(CC)c1ccc(C(=O)N2CCCN(C(C)=O)CC2)cc1,4,0.35555555555555557,2.3176828946166377,0.9986509273660119
73039342_2766,73039342,CC(=O)c1ccc2c(c1)CC[N@@H+](CCC1OCCO1)CC2,4,0.37735849056603776,1.814952891950506,0.9985209130011221
32146223_1125,32146223,c1ccc(-c2cc3c(N4CCC(c5ncc[nH]5)CC4)ncnc3s2)cc1,4,0.35384615384615387,1.6902209914690873,0.9994973572466801
32146223_1126,32146223,c1ccc(-c2cc3c(N4CCC(c5[nH]cc[nH+]5)CC4)ncnc3s2)cc1,4,0.3188405797101449,2.018592826698715,0.9994590366522387
49055842_2638,49055842,Cc1nnc2ccc(N3CCC4(CCCCC4)C3)nn12,4,0.375,1.6650003003003553,0.999295317057505
227571_707,227571,CN(C)C(=O)c1sc2nc(C3(C)CCN(c4ncccn4)CC3)ccc2c1N,4,0.3382352941176471,2.232410804489146,0.9991015462065334
316875519_3477,316875519,Cn1c(-c2n[nH]c3c2CCCC3)nnc1N1CC[C@]2(CNC(=O)C2)C1,4,0.26666666666666666,1.7550307689604436,0.9992242160792751
316875519_3478,316875519,Cn1c(-c2[nH]nc3c2CCCC3)nnc1N1CC[C@]2(CNC(=O)C2)C1,4,0.26666666666666666,1.7528616602572216,0.9991137178041012
30191309_1049,30191309,Cc1cc(NC(=O)CCc2c(C)nn(C)c2C)no1,4,0.5306122448979592,2.1467801471038648,0.9996275579212697
14858512_933,14858512,N#Cc1cccnc1NCCc1ccc(F)cc1,4,0.509090909090909,1.3688191991639316,0.9995561269923802
14858512_934,14858512,N#Cc1ccc[nH+]c1NCCc1ccc(F)cc1,4,0.5,1.2306636421052672,0.9982150617743681
2171363_12,2171363,COc1ccc(S(=O)(=O)N2CCC([N@H+]3CC[C@@H](C)CC3)CC2)cc1,4,0.3620689655172414,1.8652908620375672,0.9982327115318135
36790963_1846,36790963,Cc1ccnc(Oc2cc(N)ccc2C)c1,4,0.29545454545454547,1.2908226059375603,0.9995851762744512
45491581_1661,45491581,Cc1cccc(Oc2ncccc2N)c1C,4,0.2916666666666667,1.1197727448015549,0.9991242446348514
20173881_374,20173881,Cc1cc(C)cc(Oc2cc(C#N)ccn2)c1,4,0.35555555555555557,1.407056502063872,0.9992353466975941
5799127_1161,5799127,Nc1ccc(Oc2ccccc2F)nc1,4,0.2857142857142857,2.0974386760998485,0.9991921835486448
36909737_1143,36909737,Cc1cccc(Oc2cc(C[NH3+])ccn2)c1C,4,0.32142857142857145,1.239563632896422,0.9992608218597914
36909737_1144,36909737,Cc1cccc(Oc2cc(CN)ccn2)c1C,4,0.32142857142857145,1.8087531617110513,0.999248751223795
36262171_609,36262171,Cc1nn(C)c(C)c1CCC(=O)N1CCCc2ncccc21,4,0.4918032786885246,1.7356163170466479,0.9989301654182693
3669743_995,3669743,CCc1nnc(NC(=O)Cc2c(C)noc2C)s1,4,0.48148148148148145,1.029248269368447,0.9997591271539555
13159362_1461,13159362,Cc1ccc2cccc(OCC(=O)N(C)c3ccccc3)c2n1,4,0.4,1.7349870316517375,0.9984790864477746
20436461_2599,20436461,CCCc1noc(CN2CCN(c3ccccc3OC)CC2)n1,4,0.3870967741935484,1.2911343849500552,0.9993721429716127
32391674_378,32391674,N#Cc1cccc(C[N@@H+]2CCC=C(CNC(=O)c3cccs3)C2)c1,4,0.4266666666666667,1.9604532639159704,0.9986952395222821
32391674_379,32391674,N#Cc1cccc(CN2CCC=C(CNC(=O)c3cccs3)C2)c1,4,0.42105263157894735,2.2970755320624834,0.9986512930644598
32443301_2019,32443301,Cc1nc(=O)c2c([nH]1)CN(Cc1ccccc1)CC2,4,0.45614035087719296,0.6482746331612727,0.9995658956612828
32443301_2020,32443301,Cc1nc(=O)c2c([nH]1)C[N@@H+](Cc1ccccc1)CC2,4,0.4642857142857143,1.47726470207619,0.9994217728685293
316779701_3490,316779701,O=C(N[C@@]12CCC[C@@H]1[NH2+]CC2)c1ccc(-c2cn[nH]c2)cc1,4,0.5230769230769231,2.017061972275655,0.9989357262914537
30270890_3676,30270890,Oc1ccc(-c2noc(C3CC3)n2)cc1,4,0.40425531914893614,1.6448942215229472,0.9987283628254411
30270890_3677,30270890,[O-]c1ccc(-c2noc(C3CC3)n2)cc1,4,0.40425531914893614,2.670524854780554,0.9981206686300542
49127244_3217,49127244,NS(=O)(=O)N1CCN(Cc2c(F)cccc2N2CCCC2)CC1,4,0.58,1.9322015940373616,0.9983410610249047
49127244_3218,49127244,NS(=O)(=O)N1CC[NH+](Cc2c(F)cccc2N2CCCC2)CC1,4,0.5636363636363636,1.9834059090357266,0.9986650877907314
232859404_2266,232859404,COc1cccc(C)c1C(=O)N(C)Cc1ncc[nH]1,4,0.5344827586206896,1.7898849125012484,0.9989756919869864
36907186_1238,36907186,COc1ccc(C(=O)N(C)Cc2[nH+]ccn2C)c(F)c1,4,0.3380281690140845,1.581328555361242,0.9990286605632015
232859404_2267,232859404,COc1cccc(C)c1C(=O)N(C)Cc1[nH]cc[nH+]1,4,0.45901639344262296,1.3692370138144296,0.9989710886217608
36907186_1237,36907186,COc1ccc(C(=O)N(C)Cc2nccn2C)c(F)c1,4,0.3333333333333333,1.6816964648831578,0.9982941906486613
25020465_1168,25020465,COc1cc2c(cc1OC)CN(C(=O)[C@H]1CCCN(S(=O)(=O)c3ccc(F)cc3)C1)CC2,4,0.6923076923076923,2.11412511455711,0.9987617734325768
36695013_1587,36695013,Cc1cnn(C2CN(CC3(O)CCCCC3)C2)c1,4,0.3793103448275862,1.4314730175585602,0.9988646426798379
36695013_1588,36695013,Cc1cnn([C@H]2C[N@@H+](CC3(O)CCCCC3)C2)c1,4,0.3898305084745763,1.6759215375432972,0.9991420028386205
53839672_2342,53839672,CN(C)c1nccc(N2CC[NH+](CCCCCF)CC2)n1,4,0.39655172413793105,2.21244276762132,0.9984571386659901
53839672_2343,53839672,CN(C)c1nc(N2CCN(CCCCCF)CC2)cc[nH+]1,4,0.3,1.9622171133693682,0.9970300529872786
53839672_2341,53839672,CN(C)c1nc(N2CC[NH+](CCCCCF)CC2)cc[nH+]1,4,0.31746031746031744,1.712506350352993,0.9987405042492369
30434191_483,30434191,COc1ccc(S(=O)(=O)CCC(=O)Nc2ccc3c(c2)N(C)C(=O)CO3)cc1,4,0.5606060606060606,1.834385728247991,0.9981971587482307
11011932_1935,11011932,CN(C)CCN(Cc1ccccc1)C(=O)CCC(=O)Nc1[nH+]cc(-c2ccccc2)n1C,4,0.42105263157894735,2.4280504525235482,0.9984731673300143
11011932_1934,11011932,Cn1c(-c2ccccc2)c[nH+]c1NC(=O)CCC(=O)N(CC[NH+](C)C)Cc1ccccc1,4,0.42857142857142855,2.128226256768481,0.9989259251141716
31911519_1343,31911519,CCn1cc(NC(=O)c2ccccc2C)cn1,4,0.42857142857142855,1.164359909993902,0.9996767241519665
31928328_534,31928328,Cn1cc(NC(=O)c2ccccc2C(F)(F)F)cn1,4,0.48148148148148145,1.4174766312009024,0.9989675840137432
49972886_2402,49972886,CCc1nc(CNc2ccc(C#N)nc2)cs1,4,0.42592592592592593,1.7651229418933492,0.999604475768814
33363767_1741,33363767,COc1ccc(C)cc1-n1ccc(C(=O)Nc2c3c(nn2C)CCC3)n1,4,0.3157894736842105,2.695443933751696,0.9994954355785303
383970_2309,383970,Cc1ccc(S(=O)(=O)N2CC[C@@H](c3nnc(-c4cccnc4)o3)C2)cc1,4,0.36363636363636365,1.0376805866928354,0.9996309245754226
45764946_868,45764946,CS(=O)(=O)CCNC(=O)N1CC2(CCCC2)c2ccccc21,4,0.3181818181818182,1.4990997298379907,0.9996591104247374
171813288_2879,171813288,CCOc1ccc2[nH]c(C(=O)N3CC[C@@](O)(CC(C)C)[C@@H](Oc4ccc(F)cc4)C3)c(C)c2c1,4,0.2988505747126437,4.0447600670499835,0.9996850324293317
171813207_3354,171813207,Cc1cc(C)c2[nH]c(C(=O)N3CC[C@@](O)(CC(C)C)[C@@H](Oc4ccc(F)cc4)C3)c(C)c2c1,4,0.26136363636363635,4.249292764684475,0.9993069878726671
171813311_2415,171813311,CCc1c(C(=O)N2CC[C@@](O)(CC(C)C)[C@@H](Oc3ccc(F)cc3)C2)[nH]c2ccc(C)cc12,4,0.2903225806451613,3.858244030643899,0.9995999951952215
82703737_2615,82703737,CCN(CCOC)C(=O)Nc1ccc2occc(=O)c2c1,4,0.2786885245901639,1.496545689245619,0.9993991069900721
LN01341916_2523,LN01341916,[NH3+]C[C@@](O)(c1ccc(Cl)cc1)c1ccc(-c2cn[nH]c2)cc1,4,0.4489795918367347,1.3604484554737903,0.9993081365580497
LN01341916_2524,LN01341916,NC[C@@](O)(c1ccc(Cl)cc1)c1ccc(-c2cn[nH]c2)cc1,4,0.4489795918367347,1.3908838916315596,0.9993205161362553
49947006_3104,49947006,Cc1nn(C)c(NCc2sccc2C)[nH+]1,4,0.6428571428571429,2.0794518508488857,0.9995819694189144
31912359_1736,31912359,CN(C)c1cc(CNC(=O)C2CCOCC2)ccn1,4,0.4576271186440678,1.3027367347244805,0.9991540210097068
31912359_1737,31912359,CN(C)c1cc(CNC(=O)C2CCOCC2)cc[nH+]1,4,0.4406779661016949,1.8899066114496794,0.9979382058303534
Z1411035575_1118,Z1411035575,Cc1ccc(F)c(N(C#N)Cc2nccn2C(F)F)c1,4,0.27941176470588236,1.5919786430727605,0.9980165458218798
232887473_3257,232887473,Clc1cccc(Cl)c1Cc1nnc(CCCn2cccn2)[nH]1,4,0.31343283582089554,1.2486981220454823,0.9997339007651833
43241226_2059,43241226,Cn1nc(C2CC[NH2+]CC2)c2cccnc21,4,0.29411764705882354,1.8586559660140356,0.9994545844019627
197921_3117,197921,Cc1cc(Nc2ncccn2)cc([C@@H]2CCCN(CC(=O)Nc3ccc(F)cc3)C2)n1,4,0.6052631578947368,1.8239221474613696,0.9992579643051621
197921_3115,197921,Cc1cc(Nc2ncccn2)cc([C@@H]2CCCN(CC(=O)Nc3ccc(F)cc3)C2)[nH+]1,4,0.6103896103896104,2.3168144077588395,0.998806887292171
197921_3116,197921,Cc1cc(Nc2ncccn2)cc([C@@H]2CCC[N@H+](CC(=O)Nc3ccc(F)cc3)C2)[nH+]1,4,0.5324675324675324,2.580176544347028,0.9991608778844391
33297195_347,33297195,NC(=O)COc1ccccc1-c1ccccc1,4,0.40476190476190477,2.783991379297008,0.994104404220868
68918136_2600,68918136,CCOCCNC(=O)c1cccc(-c2cc(F)ccc2OC)c1,4,0.4782608695652174,1.6393154058935602,0.9981458524206607
36467131_507,36467131,CCOc1ccc(-c2ccccc2NC(=O)COC)cc1,4,0.3584905660377358,1.6647573396743234,0.9991643136074377
43423042_3541,43423042,COc1ccc(C(C)(C)C)cc1NC(=O)C1(C#N)CCCC1,4,0.3484848484848485,1.5762106458213736,0.9980904904041092
48953611_1604,48953611,CN1CCN(c2ccc(NC(=O)c3ccc(S(=O)(=O)N4CCCc5ccccc54)cc3)cc2)CC1,4,0.3835616438356164,3.5725752616284243,0.9954023523157706
48953611_1603,48953611,C[NH+]1CCN(c2ccc(NC(=O)c3ccc(S(=O)(=O)N4CCCc5ccccc54)cc3)cc2)CC1,4,0.3698630136986301,2.3363281019581192,0.9972549231932031
294504_1443,294504,CC(C)(C)NC(=O)Cn1nc(C(c2ccccc2)c2ccccc2)oc1=O,4,0.3220338983050847,1.9350033591701803,0.998646694599288
30063543_1220,30063543,O=C(CN1CCc2ccccc21)N1CCC(c2nc3ccccc3[nH]2)CC1,4,0.4925373134328358,2.032264500502954,0.9993247577067356
30063543_1221,30063543,O=C(CN1CCc2ccccc21)N1CCC(c2[nH]c3ccccc3[nH+]2)CC1,4,0.47058823529411764,1.972194463028484,0.9992723454823783
177450733_3366,177450733,COCCc1noc(CN(C)C(=O)c2ccc3c(c2)CCC3)n1,4,0.3888888888888889,1.6829613780477033,0.9991008566946712
6922052_3542,6922052,CCOc1nc(-c2ccc(Cl)c(Cl)c2)n(-c2cccc(NC(=O)c3ccc(F)cc3)c2)n1,4,0.4305555555555556,1.677888852099789,0.9990598000826297
53749740_2369,53749740,Clc1ccc(CSc2nc(-c3ccccc3)c[nH]2)cn1,4,0.43137254901960786,1.1811320840616901,0.9995906763074576
53749740_2370,53749740,Clc1ccc(CSc2[nH]cc(-c3ccccc3)[nH+]2)cn1,4,0.4230769230769231,1.1100824293720295,0.9995647511193874
50347911_2274,50347911,CC(C)n1cnnc1SCOCc1ccccc1,4,0.49019607843137253,1.8244240186973975,0.9982278371627489
31940641_471,31940641,N#Cc1ccc(OCCn2cccn2)cc1,4,0.32653061224489793,2.5117394371230453,0.997246217248792
53882383_2135,53882383,CNC(=O)N1CCc2nc3ccc(Cl)cn3c(=O)c2C1,4,0.2714285714285714,1.7704937164531491,0.9995914907296076
53882535_2133,53882535,CCNC(=O)N1CCc2nc3ccc(F)cn3c(=O)c2C1,4,0.3194444444444444,1.4639125656955378,0.9996348074486285
53882535_2132,53882535,CCNC(=O)N1CCc2[nH+]c3ccc(F)cn3c(=O)c2C1,4,0.3055555555555556,1.7363386766410271,0.9997484064561781
53882383_2134,53882383,CNC(=O)N1CCc2[nH+]c3ccc(Cl)cn3c(=O)c2C1,4,0.2465753424657534,2.2552518706345985,0.999497251076933
53815325_2389,53815325,C[N@H+](CCSc1ccc2nnnn2n1)Cc1ccccc1,4,0.3333333333333333,1.9646620574541105,0.9983932629889066
36259510_1600,36259510,COCCNc1nc[nH+]c2ccsc12,4,0.4067796610169492,2.2374662008618875,0.9996316184138282
36259510_1599,36259510,COCCNc1ncnc2ccsc12,4,0.38596491228070173,1.2231459438670895,0.999779462121073
48248900_639,48248900,O=C(CC1CCN(c2ncc(Cl)cn2)CC1)N1CCOCC1,4,0.4489795918367347,1.8863955046596321,0.9979462011900179
222793392_3100,222793392,CCCc1cc(CNS(=O)(=O)c2cc(-c3cnc(C)o3)ccc2C)on1,4,0.578125,1.9528399832041798,0.9994458950543923
222793392_3101,222793392,CCCc1cc(C[N-]S(=O)(=O)c2cc(-c3cnc(C)o3)ccc2C)on1,4,0.578125,3.0852669252432765,0.9990317183143866
46034633_349,46034633,Cc1nc(C)c(C)c(NCc2cc(-c3ccc(F)cc3)no2)n1,4,0.3508771929824561,1.4507932313052363,0.9996923491374184
46034633_348,46034633,Cc1nc(NCc2cc(-c3ccc(F)cc3)no2)c(C)c(C)[nH+]1,4,0.3559322033898305,1.3472950679045754,0.999446679488708
1536151_1816,1536151,COc1cc(OC)c(OC)cc1CNc1ccc(N2CCOCC2)c(C(=O)[O-])c1,4,0.3142857142857143,2.4160697423708184,0.9985282946036553
30569846_3685,30569846,Cc1ccc(Cn2ccn(-c3ccc(F)c(F)c3)c(=O)c2=O)cc1,4,0.39215686274509803,1.6488966007605406,0.9983497129771657
16154631_3684,16154631,O=c1c(=O)n(-c2ccc(F)c(F)c2)ccn1Cc1ccccc1Cl,4,0.42,1.84920253082252,0.9985906395305235
Z60745180_2441,Z60745180,O=C(Nc1ccccn1)c1ccc2c(c1)C(=O)N(C1CCCCC1)C2=O,4,0.3492063492063492,1.9329436101443678,0.9991838256068385
53808457_2866,53808457,COc1cc(C[N@H+]2CC[C@H](C(=O)N3CCOCC3)CC2)ccc1C,4,0.5263157894736842,1.4616490686892536,0.9985026848423385
36318534_894,36318534,Cn1ccc2c(C(=O)Nc3ncn(Cc4cccnc4)n3)cccc21,4,0.5932203389830508,2.359233773919334,0.999597878519265
323968411_136,323968411,C[C@@](O)(C#Cc1ccc2c(c1)N(c1nc(N)ncc1Cl)CC2)c1nccs1,4,0.2247191011235955,3.3513680788599247,0.9997008389279577
323968411_137,323968411,C[C@@](O)(C#Cc1ccc2c(c1)N(c1nc(N)[nH+]cc1Cl)CC2)c1nccs1,4,0.21978021978021978,3.786073163583105,0.9994661637912917
48671463_2616,48671463,COc1ccc(N)c(OCc2ccccc2)c1,4,0.40425531914893614,1.6011008712756634,0.9975059764164937
11957669_641,11957669,Cc1sc2nc(CN3CCC(C)CC3)nc(N3CCN(c4cnccn4)CC3)c2c1C,4,0.5538461538461539,3.552598907841924,0.9988287594065872
11957669_640,11957669,Cc1sc2nc(C[N@H+]3CC[C@H](C)CC3)nc(N3CCN(c4cnccn4)CC3)c2c1C,4,0.5142857142857142,3.063432878325121,0.9991774169155698
171961096_2838,171961096,Cc1cccc(OC[C@@]2(O)C[N@@H+](C[C@]3(O)CC[C@H](C(C)(C)C)CC3)CC[C@@H]2O)c1,4,0.39436619718309857,6.677188480191462,0.9977818004963949
171961096_2839,171961096,Cc1cccc(OC[C@@]2(O)CN(C[C@]3(O)CC[C@@H](C(C)(C)C)CC3)CC[C@@H]2O)c1,4,0.3888888888888889,5.711589446029977,0.9966910000888691
24883078_315,24883078,COc1ccc(C2([NH2+]Cc3ccc(N4CCCC4=O)cc3)CC2)cc1,4,0.4098360655737705,2.324574584735829,0.9986971468020172
EN300-6477654_2869,EN300-6477654,C[C@]12CCC3=C4CCC(=O)C=C4CC[C@H]3[C@@H]1CC[C@@]2(O)CC#N,4,0.4696969696969697,4.4303505504646745,0.9993357436669678
49965014_1131,49965014,CCC1(O)CN(c2[nH+]cnc3c2c(Br)nn3C)C1,4,0.3508771929824561,2.4061558553020665,0.9993736323175949
49965014_1130,49965014,CCC1(O)CN(c2ncnc3c2c(Br)nn3C)C1,4,0.41509433962264153,1.8526678061643156,0.9998426668409529
49942184_2509,49942184,c1cc(-c2nnc(NCc3cncs3)o2)ccn1,4,0.5098039215686274,2.514405297481029,0.9994880879971783
49942184_2511,49942184,c1cc(-c2n[nH]/c(=N/Cc3cncs3)o2)ccn1,4,0.5185185185185185,2.7238076290373874,0.9996145046467139
49942182_2394,49942182,Cc1ncsc1C/N=c1\[nH]nc(-c2ccncc2)o1,4,0.5357142857142857,2.4476157786725663,0.9996445610947655
49942182_2392,49942182,Cc1ncsc1CNc1nnc(-c2ccncc2)o1,4,0.5185185185185185,2.504692795533571,0.9996615364972982
49942184_2510,49942184,c1cc(-c2n[nH+]c(NCc3cncs3)o2)ccn1,4,0.5283018867924528,3.106241619707332,0.9995938415640504
49942182_2393,49942182,Cc1ncsc1CNc1[nH+]nc(-c2ccncc2)o1,4,0.5357142857142857,2.8515232771277796,0.999574009288517
324071116_3449,324071116,N#Cc1cc(F)c([N-]S(=O)(=O)c2c[nH]c3cc(Cl)ccc23)cc1F,4,0.49206349206349204,3.1817713619933787,0.9985140135693626
324071116_3450,324071116,N#Cc1cc(F)c(NS(=O)(=O)c2c[nH]c3cc(Cl)ccc23)cc1F,4,0.5,2.622009916075908,0.9990807458280317
68907961_2986,68907961,CC(C)CN(Cc1cnn(C)c1)C(=O)c1cccc(-c2cnccn2)c1,4,0.3974358974358974,1.8411433947414964,0.9996468575989629
194348513_2145,194348513,COc1cc(N2CC[NH+](C)CC2)ccc1Nc1ncc2c(n1)N(C)c1ccccc1C(=O)N2,4,0.45652173913043476,2.6920193164239126,0.999186589637001
194348513_2146,194348513,COc1cc(N2CC[NH+](C)CC2)ccc1Nc1nc2c(c[nH+]1)NC(=O)c1ccccc1N2C,4,0.36363636363636365,3.2436604322894436,0.9989826991345486
131219_2733,131219,Cc1cc(Nc2ccc(F)cn2)cc([C@H]2CCN(C(=O)CCn3ncc4ccccc43)C2)n1,4,0.6842105263157895,1.9915945872596237,0.9994056064943095
131219_2732,131219,Cc1cc(Nc2ccc(F)cn2)cc([C@@H]2CCN(C(=O)CCn3ncc4ccccc43)C2)[nH+]1,4,0.6794871794871795,5.363525612878436,0.9942241057157716
49953992_2683,49953992,CN1CCc2ccc(C(=O)NCCC(=O)Nc3cccnc3)cc21,4,0.3939393939393939,3.33362445395428,0.9997208495711862
44587026_865,44587026,O=C(Nc1ccn(Cc2ccccn2)n1)c1c(F)cccc1I,4,0.49230769230769234,1.5712631861021658,0.9993836006450222
53882277_1386,53882277,O=c1c2c([nH+]c3ccccn13)CCN(S(=O)(=O)C1CCCCC1)C2,4,0.24324324324324326,1.322723327079227,0.9988942586273374
53882277_1387,53882277,O=c1c2c(nc3ccccn13)CCN(S(=O)(=O)C1CCCCC1)C2,4,0.24324324324324326,1.582514770863398,0.9984656377280962
300070232_2925,300070232,CCc1c2c(nc3ccc(OC(=O)N4CCC([NH+]5CCCCC5)CC4)cc13)-c1cc3c(c(=O)n1C2)COC(=O)[C@]3(O)CC,4,0.25,6.423592608502018,0.9939565801351845
50132153_1269,50132153,CCc1ccc(S(=O)(=O)[N-]Cc2ccnc(N3CCCC3)n2)cc1,4,0.31746031746031744,3.1100591634242565,0.994441248810703
50132153_1268,50132153,CCc1ccc(S(=O)(=O)NCc2ccnc(N3CCCC3)n2)cc1,4,0.31746031746031744,1.4042068935876275,0.9989117445027382
43132553_1756,43132553,C(=C1/NC(C(c2ccccc2)c2ccccc2)=NO1)\n1c[nH+]c(C2CC2)n1,4,0.2361111111111111,2.22124649690247,0.9992573730313731
43132553_1755,43132553,C(=C1/NC(C(c2ccccc2)c2ccccc2)=NO1)\n1cnc(C2CC2)n1,4,0.2463768115942029,1.6806531468445396,0.9995650486843545
13484504_1622,13484504,CCc1nc2ccccc2n1CC(=O)Nc1ncc(C)s1,4,0.4576271186440678,2.185971180047475,0.9997286871243573
13484504_1623,13484504,CCc1[nH+]c2ccccc2n1CC(=O)Nc1ncc(C)s1,4,0.45,2.1152011724654134,0.9997613080578408
43571967_1718,43571967,CCc1nc(C)c(Cn2cc[nH+]c2-c2cnc(N3CCCC3)nc2)s1,4,0.3088235294117647,2.0010996976664392,0.9997002405799719
49040700_2243,49040700,Brc1nnc(N2CCC(OC3CCCC3)CC2)s1,4,0.2545454545454545,1.827392130879411,0.9975010548443644
23671374_358,23671374,Cc1ccc(C(=O)Nc2ncccc2C)s1,4,0.4,1.1996245245908048,0.9997976056329068
173035_2143,173035,Cc1noc([C@H]2CC[N@H+](CCc3ccccc3)CC2)n1,4,0.38596491228070173,1.8966343875402596,0.9988493614586873
11841196_1717,11841196,C[N@H+]1CC[C@H](OC(=O)Nc2ccc(Cl)c(Cl)c2)CC1,4,0.3333333333333333,1.811709689768199,0.9985810608955904
177444469_2825,177444469,CC(=O)NCc1cc2n(n1)CCN(C1Cc3ccccc3C1)C2,4,0.4117647058823529,1.7456631977554555,0.999571873557839
177475488_3288,177475488,CS(=O)(=O)NCc1cc2n(n1)CC[N@H+](C1Cc3ccccc3C1)C2,4,0.32,2.015701862875494,0.9996606100831125
177475488_3290,177475488,CS(=O)(=O)[N-]Cc1cc2n(n1)CC[N@H+](C1Cc3ccccc3C1)C2,4,0.32,4.053961395968894,0.9994472937737936
177475488_3289,177475488,CS(=O)(=O)NCc1cc2n(n1)CCN(C1Cc3ccccc3C1)C2,4,0.37142857142857144,2.116459071183907,0.9993144601067238
177444469_2824,177444469,CC(=O)NCc1cc2n(n1)CC[N@H+](C1Cc3ccccc3C1)C2,4,0.3561643835616438,2.0170183439920217,0.9995278268432586
48786468_3229,48786468,COc1nccnc1N1CCC(C(=O)Nc2cccc(F)c2)CC1,4,0.36619718309859156,1.5786791947699867,0.9994856898741611
82700885_2629,82700885,Cc1cc(C)c2ccc(C(=O)N3CCN(c4nnc[nH]4)CC3)cc2n1,4,0.6229508196721312,1.8675494638696153,0.9993221833888841
82700885_2630,82700885,Cc1cc(C)c2ccc(C(=O)N3CCN(c4[nH]cn[nH+]4)CC3)cc2n1,4,0.6129032258064516,1.7783050919346792,0.9995907170857131
233697_2211,233697,Cc1cncc(C2CCN(Cc3cnccn3)CC2)n1,4,0.38596491228070173,1.9263218837977212,0.9996310454841809
233697_2210,233697,Cc1cncc([C@H]2CC[N@H+](Cc3cnccn3)CC2)n1,4,0.5384615384615384,1.644769892721161,0.9996229480069182
37153227_2818,37153227,CCc1c([O-])cc(O)c(C(=O)c2ccc(OCC[NH+]3CCOCC3)c(OC)c2)c1CC(=O)N(CCOC)CCOC,4,0.3069306930693069,5.53173878631316,0.997188279659209
37153227_2820,37153227,CCc1c(O)cc(O)c(C(=O)c2ccc(OCC[NH+]3CCOCC3)c(OC)c2)c1CC(=O)N(CCOC)CCOC,4,0.31313131313131315,4.552996376014661,0.9983309646716599
37153227_2815,37153227,CCc1c(O)cc([O-])c(C(=O)c2ccc(OCCN3CCOCC3)c(OC)c2)c1CC(=O)N(CCOC)CCOC,4,0.31,4.194274192276926,0.996556829116903
37153227_2817,37153227,CCc1c([O-])cc(O)c(C(=O)c2ccc(OCCN3CCOCC3)c(OC)c2)c1CC(=O)N(CCOC)CCOC,4,0.31,4.1806622681102565,0.9969315984055127
37153227_2819,37153227,CCc1c(O)cc(O)c(C(=O)c2ccc(OCCN3CCOCC3)c(OC)c2)c1CC(=O)N(CCOC)CCOC,4,0.3163265306122449,3.6741751455258433,0.9981783126687142
37153227_2816,37153227,CCc1c(O)cc([O-])c(C(=O)c2ccc(OCC[NH+]3CCOCC3)c(OC)c2)c1CC(=O)N(CCOC)CCOC,4,0.3069306930693069,5.172487699357076,0.9965700173922484
35771333_2149,35771333,NC(=O)c1ccc(Oc2ccc(C(=O)N3CCCCCC3)cc2)cc1,4,0.4090909090909091,2.1385448323567933,0.9973235864449491
177425312_2856,177425312,CN(CC1(CO)CCCC1)C(=O)CCN1CCCCC1=O,4,0.4528301886792453,1.5918259955156961,0.9995892877089284
24497238_2117,24497238,O=C(NCCc1ccc2c(c1)OCO2)C1CCCC1,4,0.4745762711864407,1.8957840066841414,0.9990091313041298
193781_791,193781,COc1ccc2c(c1)C=C(C[N@H+]1CC[C@@H](c3cc(-c4cncnc4)cc(C)[nH+]3)CC1)CO2,4,0.7971014492753623,2.849515572864811,0.9977567446302072
193781_790,193781,COc1ccc2c(c1)C=C(C[N@H+]1CC[C@H](c3cc(-c4cncnc4)cc(C)n3)CC1)CO2,4,0.7941176470588235,2.6646279289986934,0.9972679596331144
14004708_489,14004708,c1ccc(-n2cc(CNc3nccc[nH+]3)cn2)cc1,4,0.4716981132075472,2.029024149683728,0.9995517193658149
14004708_488,14004708,c1ccc(-n2cc(CNc3ncccn3)cn2)cc1,4,0.5,1.0017190224806045,0.9995368519452521
31908762_3246,31908762,NC(=O)c1cccc(Cn2cnc3c(oc4ccccc43)c2=O)c1,4,0.3333333333333333,1.7586506190819327,0.9996374766957223
53747827_3376,53747827,O=c1c2oc3ccccc3c2ncn1Cc1ccc(F)c(F)c1,4,0.3770491803278688,1.7062743038562533,0.9989981495926614
4899313_2454,4899313,O=c1c2oc3ccccc3c2ncn1Cc1ccc(Cl)cc1,4,0.3559322033898305,1.6695184934582055,0.999517371696589
177400083_2265,177400083,O=c1c2cccc(C(F)(F)F)c2ncn1C1CCCC1,4,0.31746031746031744,1.5674909888096726,0.9984183807127281
35690264_1426,35690264,O=C(Nc1ccc(N2CCOCC2)nc1)N1CCc2sccc2C1,4,0.43283582089552236,1.7132944872383338,0.9993543002245218
35690264_1427,35690264,O=C(Nc1ccc(N2CCOCC2)[nH+]c1)N1CCc2sccc2C1,4,0.4090909090909091,2.6368039365868814,0.9991860770816696
300055299_1102,300055299,O=C([O-])CNc1nc(-c2ccccc2)[nH+]c2ccccc12,4,0.35526315789473684,2.648131416678693,0.9989588946632415
300055299_1103,300055299,O=C([O-])CNc1[nH+]c(-c2ccccc2)nc2ccccc12,4,0.3220338983050847,2.827318871298776,0.9982526346863017
300055299_1101,300055299,O=C([O-])CNc1nc(-c2ccccc2)nc2ccccc12,4,0.3424657534246575,1.8060885914044171,0.9989688306973256
315276693_176,315276693,COc1cc(Nc2cc(-c3cccc(C#N)c3)ccn2)ccc1N1CC[NH+](C)CC1,4,0.3709677419354839,1.6912223390200163,0.9985299299272627
315276693_177,315276693,COc1cc(Nc2cc(-c3cccc(C#N)c3)cc[nH+]2)ccc1N1CC[NH+](C)CC1,4,0.3333333333333333,1.8028294428477145,0.9987011006337531
2972727_1157,2972727,Cc1nn(CCC#N)c(C)c1Oc1ccccc1O,4,0.25396825396825395,1.1508922625507747,0.999572090360982
2972727_1158,2972727,Cc1nn(CCC#N)c(C)c1Oc1ccccc1[O-],4,0.25396825396825395,1.273580386155881,0.9995180379074236
217047_503,217047,Cc1c[nH]nc1[C@]1(C)CC[N@H+](Cc2cnn(C)c2)CC1,4,0.34328358208955223,1.6303370817115264,0.9996491079071244
217047_502,217047,Cc1cn[nH]c1[C@]1(C)CC[N@H+](Cc2cnn(C)c2)CC1,4,0.3484848484848485,2.0233262218440413,0.9997258869561019
32048916_1356,32048916,CC(C)(C)c1nc(Cn2nnc3ccccc3c2=O)no1,4,0.4,1.6699667661359574,0.9990142430530407
300525339_369,300525339,CC(C)c1cnn2c(NCc3ccccc3)cc(NCCCCCC[NH3+])[nH+]c12,4,0.28169014084507044,3.325048270326441,0.9994583155649773
300525339_370,300525339,CC(C)c1cnn2c(NCc3ccccc3)cc(NCCCCCC[NH3+])nc12,4,0.2602739726027397,2.2863015986526816,0.9996657829177191
25018171_740,25018171,CN(Cc1ccc2c(c1)OCO2)Cc1ccccc1C#N,4,0.6086956521739131,1.9068969557897388,0.9982366056826919
25018171_739,25018171,C[N@@H+](Cc1ccc2c(c1)OCO2)Cc1ccccc1C#N,4,0.6086956521739131,1.3718494815392916,0.9987311758816325
48759758_2484,48759758,COC(C)(C)C(=O)Nc1ccnc(C(C)(C)C)n1,4,0.43478260869565216,1.289901546630564,0.9988306254443206
49331719_2799,49331719,O=C(CNc1cc(N2CCCC2=O)ccc1F)N1CCCCCC1,4,0.359375,2.1374161971873753,0.998966268324644
37009919_1389,37009919,O=C(NC1CCN(c2ccc(OC(F)(F)F)cc2)CC1)N1CCC1,4,0.45161290322580644,1.7502128441990943,0.9981468249827223
324053897_3448,324053897,CC1(C)Cc2cc(NC(=O)c3cnn4cccnc34)c(OCC3CC3)nc2O1,4,0.620253164556962,1.4635576517517421,0.9995280999310007
36931863_537,36931863,COc1ccc2c(c1)CN(C(=O)c1cc(C3CC3)[nH]n1)CC2,4,0.352112676056338,1.8920052854047407,0.9989767794189368
48746727_2892,48746727,CN(C)C(=O)C(C)(C)NC(=O)OC(C)(C)C,4,0.2608695652173913,1.4037734860010866,0.9988768344593325
36436988_3221,36436988,CSc1nccc(N2Cc3cnn(Cc4ccc(F)cc4)c3C2)n1,4,0.28378378378378377,1.8685810124263247,0.9996018772474103
36436988_3222,36436988,CSc1nc(N2Cc3cnn(Cc4ccc(F)cc4)c3C2)cc[nH+]1,4,0.28,2.030006157626227,0.9994182640779391
29676888_3533,29676888,N#C/C(=C\c1cnn(Cc2ccccc2)c1)c1nc(=O)c2ccc(Cl)cc2[nH]1,4,0.27710843373493976,2.0842847694111035,0.9996881629621402
29676888_3534,29676888,N#C/C(=C\c1cnn(Cc2ccccc2)c1)c1nc2cc(Cl)ccc2c(=O)[nH]1,4,0.27710843373493976,1.7459974226782418,0.9992711112886199
151085_343,151085,COc1ccc(-c2cccc([C@H]3CCC[N@@H+](CC(=O)Nc4ccccn4)C3)n2)cc1,4,0.5061728395061729,1.7204080911226238,0.9991161034944416
151085_342,151085,COc1ccc(-c2cccc([C@H]3CCCN(CC(=O)Nc4ccccn4)C3)n2)cc1,4,0.5757575757575758,2.0494979873129235,0.9988698433137614
32061442_1078,32061442,O=C(NCCNc1ncccc1C(F)(F)F)c1cnc2ccccn2c1=O,4,0.3013698630136986,1.8822858443932748,0.9996130080841389
32061442_1079,32061442,O=C(NCCNc1[nH+]cccc1C(F)(F)F)c1c[nH+]c2ccccn2c1=O,4,0.27380952380952384,2.4160200744193365,0.9994537832523454
32061442_1077,32061442,O=C(NCCNc1ncccc1C(F)(F)F)c1c[nH+]c2ccccn2c1=O,4,0.3157894736842105,2.0179531709139606,0.9996422724310237
48237764_305,48237764,Clc1cccc(CNc2nc(C3CC3)no2)c1,4,0.3559322033898305,1.276620147107344,0.9986074903560227
48237764_306,48237764,Clc1cccc(CNc2[nH+]c(C3CC3)no2)c1,4,0.33962264150943394,1.5912231144625302,0.9992481294521434
265647_2945,265647,CCc1n[nH]/c(=N/c2cc(C)nc([C@@H]3CN(C(=O)C(C)C)CCO3)c2)s1,4,0.6025641025641025,1.4667777609438768,0.9990697289533967
265647_2944,265647,CCc1nnc(Nc2cc(C)[nH+]c([C@@H]3CN(C(=O)C(C)C)CCO3)c2)s1,4,0.5897435897435898,2.3272881213982792,0.9992229526789569
265647_2943,265647,CCc1nnc(Nc2cc(C)nc([C@@H]3CN(C(=O)C(C)C)CCO3)c2)s1,4,0.5945945945945946,1.3667973514749001,0.9995941490467246
49084025_2693,49084025,O=C(NCC1CCC2(CC1)OCCO2)c1n[nH]c2c1CCCC2,4,0.543859649122807,2.2452042223368407,0.9994616333664469
49646610_264,49646610,CCN(C/C=C/c1ccc(F)cc1)Cc1nc(COC)no1,4,0.2835820895522388,1.9142646107578398,0.9980804379704445
49646610_265,49646610,CC[N@@H+](C/C=C/c1ccc(F)cc1)Cc1nc(COC)no1,4,0.2835820895522388,1.5764479058948744,0.9986707878771879
49144758_521,49144758,CSCCc1nn(CCO)c(-c2cc(C)nc3cc(F)ccc23)[nH+]1,4,0.3939393939393939,1.5330825157177614,0.9989717192659302
49144758_520,49144758,CSCCc1nc(-c2cc(C)nc3cc(F)ccc23)n(CCO)n1,4,0.4032258064516129,1.7848221199883496,0.9995244481736144
6630813_863,6630813,Cc1ccc(CNC(=O)C[N@H+]2CC[C@H](n3nnc4cc(C)ccc43)CC2)cc1,4,0.3698630136986301,2.7081170580312555,0.9987765542511897
6630813_862,6630813,Cc1ccc(CNC(=O)CN2CCC(n3nnc4cc(C)ccc43)CC2)cc1,4,0.375,2.352424919099489,0.9976672454442652
49976422_769,49976422,Cn1cc(-c2nnc(NCc3ccc4ccccc4c3)o2)cn1,4,0.4032258064516129,1.6301116526175745,0.9991284272930284
19162470_1901,19162470,O=C(Cc1ccc2c(c1)OCCO2)NC1CCCCCC1,4,0.6304347826086957,2.157812086350409,0.9981032919022339
2042658_2044,2042658,O=C(Cc1cccs1)NCc1ccccc1F,4,0.37254901960784315,1.204581255042826,0.9995464151392492
82741701_2605,82741701,CCc1c(C)nn(CCNC(=O)CCc2cnccn2)c1C,4,0.5818181818181818,2.2499539995299602,0.9995463684392293
3030747_3687,3030747,CCC(C)(C)c1ccc(Oc2ccc(NC(=O)CSc3cccc[n+]3[O-])cc2)cc1,4,0.3142857142857143,3.4193250796026464,0.9929485044606492
73014318_1271,73014318,Fc1ccc(NCc2cccc(OCCN3CCOCC3)c2)nc1,4,0.38028169014084506,2.6988249294833175,0.9979008643113518
73014318_1272,73014318,Fc1ccc(NCc2cccc(OCC[NH+]3CCOCC3)c2)nc1,4,0.4,2.3244059456128254,0.9989318100463596
73014318_1273,73014318,Fc1ccc(NCc2cccc(OCCN3CCOCC3)c2)[nH+]c1,4,0.33783783783783783,3.0148293484043007,0.9945933506040241
139117_68,139117,CN(C)C(=O)C1(Cc2ccccc2-c2ccccc2)CCN(C(=O)[C@H]2CCCO2)CC1,4,0.5909090909090909,1.4028913001372278,0.9994102075117535
17400188_372,17400188,COc1cc(C(C)C)c2c(c1)S(=O)(=O)N(COc1cc(=O)n3cccc(OCC[NH+]4CCCCC4)c3[nH+]1)C2=O,4,0.3170731707317073,4.516644993798507,0.999290819234682
17400188_371,17400188,COc1cc(C(C)C)c2c(c1)S(=O)(=O)N(COc1cc(=O)n3cccc(OCC[NH+]4CCCCC4)c3n1)C2=O,4,0.32098765432098764,4.4727358518027005,0.9989126394204074
42960950_424,42960950,Cc1ccc(C[NH2+]C/C=C/c2ccccc2)cn1,4,0.5106382978723404,1.5021467970875115,0.9982408829056717
42960950_425,42960950,Cc1ccc(CNC/C=C/c2ccccc2)cn1,4,0.38461538461538464,1.6825742182737036,0.9987380860031183
1541141_1807,1541141,O=C([O-])CCC(=O)Nc1ccccc1-c1nc2ccccc2[nH]c1=O,4,0.3448275862068966,2.141610842333408,0.9996072287322006
49951840_2391,49951840,Cc1cccc(NCCN2C(=O)CCC2=O)[nH+]1,4,0.47058823529411764,1.4863724297757148,0.9996233014285348
49951840_2390,49951840,Cc1cccc(NCCN2C(=O)CCC2=O)n1,4,0.46153846153846156,0.9210814296262118,0.9996955245955496
48779690_1338,48779690,CC1(C)COCC[N@H+]1Cc1cnn(-c2ccccc2)n1,4,0.25,1.6112246894831637,0.9987194870491041
48779690_1339,48779690,CC1(C)COCCN1Cc1cnn(-c2ccccc2)n1,4,0.25,1.6560893695690337,0.998697704297935
50282202_179,50282202,CCS(=O)(=O)N1CCN(c2ccc(Nc3ncc(C(N)=O)c(NC4CC4)n3)cc2)CC1,4,0.32608695652173914,3.154132527336027,0.9976799035746695
50282202_180,50282202,CCS(=O)(=O)N1CCN(c2ccc(Nc3nc(NC4CC4)c(C(N)=O)c[nH+]3)cc2)CC1,4,0.30612244897959184,3.3773576950035693,0.9959158882384562
53927369_1429,53927369,Cc1cn(CCN2CCN(c3ccccc3-c3cc(C#N)cc(C(=O)NCCC[NH+]4CCCC4)c3)CC2)c2ccccc12,4,0.4,7.099649005408691,0.9958739376527399
53927369_1428,53927369,Cc1cn(CC[NH+]2CCN(c3ccccc3-c3cc(C#N)cc(C(=O)NCCC[NH+]4CCCC4)c3)CC2)c2ccccc12,4,0.40963855421686746,9.547111866946766,0.9975812739525161
27513231_762,27513231,Nc1nnc(-c2ccc3c(c2)OCCO3)o1,4,0.5454545454545454,2.244879506788794,0.9984769143414408
49320295_1299,49320295,Cc1cc(C)[nH+]c(NC(=O)N(C)C2CCC2)c1,4,0.3333333333333333,1.656745605094427,0.9991634369004179
49320295_1298,49320295,Cc1cc(C)nc(NC(=O)N(C)C2CCC2)c1,4,0.4230769230769231,1.2332903145651364,0.9993308764213574
49969678_2245,49969678,Cn1cc(CNc2ncccn2)c(C(C)(C)C)n1,4,0.36363636363636365,1.6839376473011636,0.9996287047191074
31213616_2106,31213616,Cc1noc(-c2ccc(NC(=O)Cc3ccccc3)cc2)n1,4,0.4444444444444444,1.425330487992289,0.9989961305960305
49968826_2654,49968826,Cc1cccc(NC(=O)N2CCC([NH+]3CC=CC3)CC2)c1Cl,4,0.3709677419354839,1.7259414822061994,0.9995738598484345
53784330_2528,53784330,COc1cccc(F)c1NC(=O)N1CCC([NH+]2CC=CC2)CC1,4,0.3387096774193548,1.6748847721561275,0.9994290911568112
24879868_1895,24879868,CCC(=O)N1CCCc2cc([C@@H](O)C[NH+]3CCN(c4ccc(OC)cc4)CC3)ccc21,4,0.40540540540540543,2.6675753035290817,0.999169888190109
24879868_1896,24879868,CCC(=O)N1CCCc2cc([C@@H](O)CN3CCN(c4ccc(OC)cc4)CC3)ccc21,4,0.32051282051282054,2.456547984469286,0.9985631307452518
32444518_986,32444518,Nc1cnc(Cc2ccc(F)cc2)nc1,4,0.28888888888888886,1.4754334956208754,0.9996591359021976
48247754_742,48247754,Cc1ccc(C(=O)NC2CCN(CC#N)CC2)cc1Br,4,0.39344262295081966,1.9204910830304855,0.9984702174332922
35986174_340,35986174,Cc1ccccc1OCCCNc1cc(Cn2c(C)[nH+]c3ccccc32)[nH+]c(N)n1,4,0.4918032786885246,3.6954297449685014,0.9979245041450607
35986174_341,35986174,Cc1ccccc1OCCCNc1cc(Cn2c(C)[nH+]c3ccccc32)nc(N)n1,4,0.4918032786885246,1.9338999457052675,0.999038337264312
35986106_2204,35986106,Cc1cccc(OCCCNc2cc(Cn3c(C)[nH+]c4ccccc43)[nH+]c(N)n2)c1,4,0.32857142857142857,3.207879673553658,0.9973975690532451
35986106_2205,35986106,Cc1cccc(OCCCNc2cc(Cn3c(C)[nH+]c4ccccc43)nc(N)n2)c1,4,0.32857142857142857,2.042066600284329,0.9990591331237908
35986106_2203,35986106,Cc1cccc(OCCCNc2cc(Cn3c(C)nc4ccccc43)nc(N)n2)c1,4,0.3333333333333333,2.885528721049191,0.9981057851525111
35986174_338,35986174,Cc1ccccc1OCCCNc1cc(Cn2c(C)nc3ccccc32)[nH+]c(N)n1,4,0.4838709677419355,1.9802749809051017,0.9989868635468611
35986174_339,35986174,Cc1ccccc1OCCCNc1cc(Cn2c(C)nc3ccccc32)nc(N)n1,4,0.5,2.5934255339216583,0.9986679183964282
35986106_2202,35986106,Cc1cccc(OCCCNc2cc(Cn3c(C)nc4ccccc43)[nH+]c(N)n2)c1,4,0.323943661971831,2.244205650112319,0.9986242543411734
31619881_2091,31619881,CC(C)c1cc(CN(C)Cc2c[nH]nc2-c2ccc(F)cc2)no1,4,0.4032258064516129,1.3250377353117953,0.9995208916660087
31619881_2089,31619881,CC(C)c1cc(C[N@@H+](C)Cc2c[nH]nc2-c2ccc(F)cc2)no1,4,0.3968253968253968,2.051795555117138,0.9996266515173613
31619881_2090,31619881,CC(C)c1cc(C[N@H+](C)Cc2cn[nH]c2-c2ccc(F)cc2)no1,4,0.3968253968253968,1.7739543398862578,0.9995276801599721
48753166_2440,48753166,CCc1[nH+]ccn1Cc1nc(N)nc(N(C)C)n1,4,0.3137254901960784,2.69511984891188,0.9995565565467542
48753166_2439,48753166,CCc1nccn1Cc1nc(N)nc(N(C)C)n1,4,0.32,2.2437074229937783,0.9996682752701475
49346047_2399,49346047,Cc1nccc(NC(=O)c2ccncc2Cl)c1Cl,4,0.35185185185185186,1.9424242584983427,0.9996133658743663
49346047_2400,49346047,Cc1[nH+]ccc(NC(=O)c2ccncc2Cl)c1Cl,4,0.3076923076923077,2.877518375267158,0.999322163375228
30451421_1576,30451421,O=C(NC1=NS(=O)(=O)c2ccccc21)c1cc(-c2ccc(F)cc2)no1,4,0.2926829268292683,1.7878819871578129,0.9993009753826452
48278518_2108,48278518,Cc1nnnn1CCN(C)c1ccccc1,4,0.45454545454545453,1.6912181999966267,0.9967663911584239
31981950_836,31981950,CC(=O)NCC1CCN(C(=O)c2ccc(C)nc2)CC1,4,0.5084745762711864,1.1241040877073227,0.9992829348923528
425680_236,425680,Cc1cc(-c2cnn(CCNC(=O)c3sc(C)nc3C)c2C2CC2)on1,4,0.38961038961038963,2.2651673227383964,0.9995957248028482
24121680_294,24121680,Cc1ccccc1CNC(=O)c1ccc(-n2ccnc2)nc1,4,0.6,1.7717666324884285,0.9994924367170471
30197060_1073,30197060,CN(Cc1c(F)cccc1Cl)C(=O)c1ccc(-n2cc[nH+]c2)nc1,4,0.43283582089552236,1.7840978112202188,0.9987130001340847
29640121_1979,29640121,CN(Cc1ccc(Cl)cc1)C(=O)c1ccc(-n2cc[nH+]c2)nc1,4,0.5,2.398739877518867,0.9972266353026983
18815715_870,18815715,O=C(NCc1ccc(F)cc1)c1ccc(-n2ccnc2)nc1,4,0.6226415094339622,1.9999039976959043,0.9994161664799084
30197060_1072,30197060,CN(Cc1c(F)cccc1Cl)C(=O)c1ccc(-n2ccnc2)nc1,4,0.4393939393939394,2.19098722041033,0.999240865870037
24121680_295,24121680,Cc1ccccc1CNC(=O)c1ccc(-n2cc[nH+]c2)nc1,4,0.6071428571428571,2.2380752891713662,0.9990222212820034
29640121_1978,29640121,CN(Cc1ccc(Cl)cc1)C(=O)c1ccc(-n2ccnc2)nc1,4,0.5344827586206896,2.027849106812602,0.997980568307601
18815715_871,18815715,O=C(NCc1ccc(F)cc1)c1ccc(-n2cc[nH+]c2)nc1,4,0.6296296296296297,1.5807510872995707,0.9995624671531637
48210000_586,48210000,CC[N@H+]1CC[C@H](Nc2ncnc3c2cnn3C)CC1,4,0.40350877192982454,2.2217121775776536,0.9993210619860765
48210000_587,48210000,CC[N@H+]1CC[C@H](Nc2[nH+]cnc3c2cnn3C)CC1,4,0.423728813559322,2.8614010554270877,0.999284602263078
35701590_270,35701590,CC[N@H+]1CC[C@H](N(C)c2[nH+]cnc3c2cnn3C)CC1,4,0.5454545454545454,2.40497047798939,0.9993984774960779
35701590_269,35701590,CC[N@H+]1CC[C@H](N(C)c2ncnc3c2cnn3C)CC1,4,0.5283018867924528,2.541252447120888,0.9992892849053876
30448845_1304,30448845,CC1(C)Cc2cc(CN3CCC4(CC3)NC(=O)N(Cc3ccccc3)C4=O)ccc2O1,4,0.34782608695652173,2.923113750780338,0.9989394429674235
30448845_1303,30448845,CC1(C)Cc2cc(C[N@H+]3CC[C@]4(CC3)NC(=O)N(Cc3ccccc3)C4=O)ccc2O1,4,0.3380281690140845,4.666620190244789,0.9993150781231617
2344317_734,2344317,Fc1ccccc1CN1CCN(c2ncccn2)CC1,4,0.5111111111111111,1.911918146783462,0.9962401270109463
2344317_735,2344317,Fc1ccccc1C[NH+]1CCN(c2ncccn2)CC1,4,0.5434782608695652,1.6641481304258914,0.9985893943891269
2343643_1193,2343643,Fc1cccc(CN2CCN(c3ncccn3)CC2)c1,4,0.46808510638297873,1.9204752016103244,0.9957755769702985
2343643_1192,2343643,Fc1cccc(C[NH+]2CCN(c3ncccn3)CC2)c1,4,0.4897959183673469,1.7561748204551413,0.9987702797706968
300011391_119,300011391,O=c1[nH]ccc2c(S(=O)(=O)N3CCC[NH2+]CC3)cccc12,4,0.5576923076923077,1.4096591786670223,0.9989390686369932
300011391_120,300011391,O=c1[nH]ccc2c(S(=O)(=O)N3CCCNCC3)cccc12,4,0.5686274509803921,1.7879429521096937,0.9988419555965382
265683_2730,265683,COc1cccc(CC(=O)N2CCO[C@@H](c3cc(Nc4nnc(C)s4)cc(C)[nH+]3)C2)c1,4,0.6794871794871795,1.8516932791370593,0.999380326825103
265683_2731,265683,COc1cccc(CC(=O)N2CCO[C@H](c3cc(/N=c4\[nH]nc(C)s4)cc(C)n3)C2)c1,4,0.6923076923076923,1.369340352140607,0.9992197843764766
265683_2729,265683,COc1cccc(CC(=O)N2CCO[C@H](c3cc(Nc4nnc(C)s4)cc(C)n3)C2)c1,4,0.6842105263157895,1.7414620294451133,0.9989187933747324
44498516_3033,44498516,O=C(Nc1ccc(N2CCCC2)cn1)c1ccc(-c2cnco2)cc1,4,0.5,2.926063738198459,0.998957800154391
49325135_2939,49325135,Cc1cc(C(=O)N(C)c2nc3ccccc3s2)cc([O-])n1,4,0.3559322033898305,2.3633998815270605,0.9981269886862606
49325135_2938,49325135,Cc1cc(C(=O)N(C)c2nc3ccccc3s2)cc(=O)[nH]1,4,0.35,1.4299601393052805,0.9994956664035689
2289263_1465,2289263,COc1ccccc1CC(=O)N[C@H]1CC[N@H+](C)CC1,4,0.4716981132075472,1.251756765510086,0.9989058438341485
49944040_3424,49944040,COc1cc(CC[NH2+]C2CCC3(CC2)OCCO3)ccc1F,4,0.3484848484848485,2.4337023236213136,0.9963193273811504
25649639_1111,25649639,COc1ccc2nc(C)c(C(=O)Nc3ccccc3N3CCCC3)cc2c1,4,0.3939393939393939,1.358227521440296,0.9994761577643714
43104263_675,43104263,CCc1ccc2nc(C)cc(C(=O)N3CC(c4cccnc4)C3)c2c1,4,0.30434782608695654,1.8224738681253212,0.999060523225281
36675429_240,36675429,C#CCNC(=O)C[N@H+]1CCCN(C(=O)c2cccc(C)n2)CC1,4,0.4305555555555556,1.5812498221336297,0.9994111997655661
36675429_239,36675429,C#CCNC(=O)CN1CCCN(C(=O)c2cccc(C)n2)CC1,4,0.4142857142857143,1.4108398208159831,0.9993893481439097
29627143_1876,29627143,Nc1ccc(C(=O)N2CCOCC2)c(Cl)c1,4,0.375,1.1975604368880879,0.9987592829747873
3389897_1009,3389897,O=C(Nc1nccs1)c1c2c(nc3ccccc13)CCC2,4,0.5517241379310345,1.032879470218926,0.9997170224543833
23673158_1115,23673158,O=C(c1ccc(=O)[nH]c1)N1CCN(c2ncccn2)CC1,4,0.375,1.7505447723496694,0.9985699925032856
23673158_1116,23673158,O=C(c1ccc([O-])nc1)N1CCN(c2ncccn2)CC1,4,0.43859649122807015,2.184108971640653,0.9985238911890552
45636709_95,45636709,O=C(Nc1ccc2ccccc2n1)c1ccc(N2CCOC2=O)cc1,4,0.5517241379310345,1.404825967869804,0.999263105970835
33362309_1374,33362309,COc1ccc(-c2csc3ncnc(Oc4ccc(C)nc4)c23)cc1,4,0.5,1.534609070740397,0.9994609114015064
48745204_2688,48745204,CS(=O)(=O)N[C@@H]1CCCN(c2nc3ccccc3o2)C1,4,0.37681159420289856,1.8826454791062504,0.9993678675487278
48745204_2689,48745204,CS(=O)(=O)[N-][C@@H]1CCCN(c2nc3ccccc3o2)C1,4,0.35714285714285715,2.426843010991747,0.9981971288065719
36008838_1798,36008838,CCCCCCNc1nc[nH+]c2[nH]ccc12,4,0.25675675675675674,4.197963553915169,0.9997481030665681
36008838_1797,36008838,CCCCCCNc1[nH+]cnc2[nH]ccc12,4,0.3142857142857143,3.5340118845300204,0.9988633658088023
36008838_1796,36008838,CCCCCCNc1ncnc2[nH]ccc12,4,0.29411764705882354,3.841082790047619,0.9992379554634951
177472658_2984,177472658,CN(CC1(CO)CCC1)C(=O)CCN1CCCCC1=O,4,0.42592592592592593,1.6977393792923732,0.9990042085597545
422202_2262,422202,CC(C)N(C(=O)C[n+]1cccc2cc(C(F)F)[nH]c21)C(C)C,4,0.2753623188405797,1.5414768892192992,0.999567452735437
43249211_1149,43249211,O=C([O-])c1ccccc1-n1cnc(CN2CCCC2)c1,4,0.3125,1.7004284754139416,0.9989424407430249
43249211_1148,43249211,O=C([O-])c1ccccc1-n1cnc(C[NH+]2CCCC2)c1,4,0.4528301886792453,2.437194903982792,0.999042804181068
49920814_979,49920814,Cc1noc(NCc2cccc(-c3cccnc3)c2)[nH+]1,4,0.4444444444444444,1.346240320299549,0.9996446543563149
49920814_978,49920814,Cc1noc(NCc2cccc(-c3cccnc3)c2)n1,4,0.4339622641509434,1.4711172624915962,0.9993664758708523
49946002_2809,49946002,c1cnc(NCc2cccc(-c3cccnc3)c2)nc1,4,0.4883720930232558,0.950395180965027,0.9993179736489016
49955148_1151,49955148,Cc1cc(C)c(CC(=O)N2CC(CO)C2)c(C)c1,4,0.296875,1.9800303027985797,0.9987207367901628
48832018_1988,48832018,O=C(Cc1cccc(I)c1)N1CC(CO)C1,4,0.3508771929824561,2.346616287338053,0.9976057150447157
49300403_2289,49300403,Cc1noc(NCc2c(C)nn(C)c2C)[nH+]1,4,0.42857142857142855,0.7591132985263114,0.9998683541402633
49300403_2288,49300403,Cc1noc(NCc2c(C)nn(C)c2C)n1,4,0.4166666666666667,1.4333914329311717,0.9997381793032156
MCULE-3550646247_1645,MCULE-3550646247,N#CC1(NC(=O)CN2CCOCC2)CCCCCC1,4,0.40384615384615385,1.4636345172210137,0.998222539313024
25633058_506,25633058,CCOC(=O)N1CCC(Nc2nc3ccccc3s2)CC1,4,0.4067796610169492,1.2142050897605097,0.9993170540953356
36334458_3666,36334458,CCC(=O)Nc1cccc(C(=O)N2CCN(C)Cc3ccccc32)c1,4,0.3382352941176471,1.486242241359055,0.9983434429975712
36334458_3665,36334458,CCC(=O)Nc1cccc(C(=O)N2CC[N@H+](C)Cc3ccccc32)c1,4,0.3563218390804598,1.790990228895723,0.998479424180044
42961472_1894,42961472,Cc1ccc(-c2noc(CCC(=O)N3CCCC3(C)C)n2)cc1F,4,0.34328358208955223,1.8775744991880015,0.9989370834748978
31405077_1383,31405077,Cc1c(C)n(Cc2ccccc2)c2ncnc(N)c12,4,0.29508196721311475,5.036618508483688,0.9923352334220222
31405077_1384,31405077,Cc1c(C)n(Cc2ccccc2)c2nc[nH+]c(N)c12,4,0.31746031746031744,1.7059563300388059,0.9994475083691502
45816980_63,45816980,COc1nn(C)cc1C(=O)Nc1cccc(-c2c[nH+]c3n2CCC3)c1,4,0.35,2.4119123118391674,0.9993276895384802
49944058_998,49944058,CCn1nccc1CNc1nnc(-c2ccc(OC)cc2)o1,4,0.46938775510204084,1.867606221878099,0.9993274215546296
49944058_999,49944058,CCn1nccc1CNc1[nH+]nc(-c2ccc(OC)cc2)o1,4,0.45098039215686275,1.542486628790295,0.9996272594749253
23280366_2136,23280366,COc1ccc(CC(=O)N2CCc3[nH]c4ccc(Cl)cc4c3C2)cc1OC,4,0.4657534246575342,1.5302039079807244,0.9991132303470347
32138137_2040,32138137,Cc1noc(CC/[NH+]=c2\nc[nH]c3ccccc23)n1,4,0.4716981132075472,1.7226081968919267,0.9995107784722496
32138137_2039,32138137,Cc1noc(CCNc2ncnc3ccccc23)n1,4,0.45098039215686275,1.1792692652667216,0.999569209460036
351738_1307,351738,COc1cc2cc(N)c(C3CCN(C(=O)C(C)(C)C)CC3)nc2cc1OC,4,0.3918918918918919,1.87393943338587,0.9985506755118834
EN300-1590205_426,EN300-1590205,CC(C)(C)n1ncc(OCc2ccc(OCCOCCO)nc2)c(Cl)c1=O,4,0.2898550724637681,1.4730797670187235,0.9987921672243376
43060096_2077,43060096,COc1cncc(-c2ccnc3[nH]ccc23)c1,4,0.4807692307692308,2.3363991525424828,0.9991528293848875
36673851_604,36673851,CCNC(=O)N1CCC(c2nc(-c3ccccc3)no2)CC1,4,0.3888888888888889,1.0365654827363677,0.9991940795567738
48629606_1198,48629606,Cc1nc(-c2cc(C)on2)n(CCc2ccccc2)n1,4,0.3448275862068966,1.4695723867846786,0.9987529790466538
48629606_1199,48629606,Cc1nn(CCc2ccccc2)c(-c2cc(C)on2)[nH+]1,4,0.32786885245901637,1.00072323846368,0.999399164618446
134495_3675,134495,O=C(Cn1cccc(C(=O)Nc2cccc(-n3cccn3)c2)c1=O)NC1CCCCC1,4,0.3037974683544304,3.2556100810752335,0.9984532162306051
73020372_1104,73020372,COCCS(=O)(=O)N1CCC2(Cc3ccccc3C2)C1,4,0.4807692307692308,1.2583354083870213,0.9996455114385934
222768389_3440,222768389,Cc1nnc(CN(C)Cc2cnn(C)c2C)s1,4,0.2545454545454545,1.385188795796379,0.9992519710290373
222768389_3439,222768389,Cc1nnc(C[N@H+](C)Cc2cnn(C)c2C)s1,4,0.25862068965517243,1.2847007433642013,0.9994806700352561
53873925_1531,53873925,COc1ccc(CCC(=O)N2CCN(C(=O)c3cc4n(n3)CCCC4)CC2)cc1,4,0.5172413793103449,3.2160256528827738,0.9968844542096231
49297123_513,49297123,Cc1cc(C)c(NC(=O)c2ccnc(OC3CCC3)c2)c(C)n1,4,0.423728813559322,1.2443817742158985,0.9993212042982056
49297123_514,49297123,Cc1cc(C)c(NC(=O)c2ccnc(OC3CCC3)c2)c(C)[nH+]1,4,0.4166666666666667,1.4471879629128883,0.9991982494775824
42653736_1436,42653736,O=c1[nH]c2ccccc2n1C1CCN(CCOc2ccccc2)CC1,4,0.6296296296296297,1.9110426473524722,0.9980480808885918
42653736_1435,42653736,O=c1[nH]c2ccccc2n1[C@H]1CC[N@@H+](CCOc2ccccc2)CC1,4,0.6363636363636364,1.7506904352282546,0.9991515699667427
177471695_2837,177471695,COc1cc(C)cc(OC)c1-c1ccc(-c2nnn[n-]2)cc1,4,0.2857142857142857,2.9992248998699984,0.9965828031346516
45712854_3539,45712854,CCN(c1ccccc1)S(=O)(=O)c1ccc(C(=O)Nc2ccccc2C(C)=O)cc1,4,0.4339622641509434,1.8151077103025415,0.9989913727366584
177363859_2568,177363859,CCCc1ccc(-c2cccc(C(=O)N3CCN(CC(N)=O)CC3)c2)cc1,4,0.4074074074074074,2.738822009550833,0.9937133638690235
82702219_2989,82702219,CCCC[NH+]1CCN(C(=O)c2cccc(-c3ccc(CO)cc3)c2)CC1,4,0.375,3.216867109471776,0.9979198055506944
82702219_2990,82702219,CCCCN1CCN(C(=O)c2cccc(-c3ccc(CO)cc3)c2)CC1,4,0.3888888888888889,2.2033070598535898,0.9978697546329408
33303639_414,33303639,COc1ccc(-n2c(Cn3cnc(C#N)n3)[nH+]c3ccccc32)cc1,4,0.3235294117647059,1.2580055643774235,0.9995604012195218
33303639_413,33303639,COc1ccc(-n2c(Cn3cnc(C#N)n3)nc3ccccc32)cc1,4,0.3283582089552239,1.8902200930050546,0.9991497047662488
33339849_1556,33339849,CCCn1c(=O)n(Cc2ccc(C#N)cc2F)c2ccccc21,4,0.45614035087719296,1.9397213717436554,0.9988179294573508
1195337_728,1195337,Nc1ccc2nc(CCc3ccccc3)[nH]c2c1,4,0.3958333333333333,1.4600434925031736,0.9993080383526933
1195337_730,1195337,Nc1ccc2[nH+]c(CCc3ccccc3)[nH]c2c1,4,0.3958333333333333,2.251917405235034,0.9985755532088623
1195337_729,1195337,Nc1ccc2[nH]c(CCc3ccccc3)nc2c1,4,0.425531914893617,1.6539313770530844,0.9992740001544627
31327400_1460,31327400,C[N@@H+]1CCc2nc(NC(=O)c3c[nH+]cn3-c3ccccc3)sc2C1,4,0.5483870967741935,1.8631422382626757,0.9995787259119941
31327400_1459,31327400,C[N@H+]1CCc2nc(NC(=O)c3cncn3-c3ccccc3)sc2C1,4,0.5573770491803278,1.6760745806801458,0.9997681294073749
44447021_1910,44447021,Cc1ccc(N2CCN(C(=O)c3c(C)nc4sccn34)CC2=O)cc1,4,0.47692307692307695,1.935306177326722,0.9988797914577043
44447021_1909,44447021,Cc1ccc(N2CCN(C(=O)c3c(C)[nH+]c4sccn34)CC2=O)cc1,4,0.44776119402985076,1.6178825668135715,0.9991152727882899
317654466_2645,317654466,[NH2+]=c1nc[nH]c2ccc(-c3ccnc(F)c3)nc12,4,0.2463768115942029,2.9448001629999836,0.9995203362010168
317654466_2644,317654466,Nc1ncnc2ccc(-c3ccnc(F)c3)nc12,4,0.2916666666666667,1.9283231057064225,0.998239517011388
222599_1372,222599,c1cc2cc[nH]c2c(C[C@H]2C[N@H+](C3CCCC3)C2)n1,4,0.35185185185185186,2.390560812863963,0.9994947892815821
222599_1373,222599,c1cc2cc[nH+]c(C[C@H]3C[N@H+](C4CCCC4)C3)c2[nH]1,4,0.30357142857142855,1.9129547825286164,0.9992936191598154
89942347_3160,89942347,CC(C)(O)Cn1nc(-c2ccccc2)c2c(Cl)c(-c3ccccc3)nnc21,4,0.25806451612903225,2.1394922294788277,0.9991814114327705
31879758_921,31879758,O=C(CCc1cccs1)Nc1ccc(N2CCOCC2)cn1,4,0.40625,1.3521275827370443,0.9993162669762305
49337535_3380,49337535,Cc1cc(NCC2(c3ccncc3)CC2)nc[nH+]1,4,0.3103448275862069,1.0492282878380215,0.9995927244775826
49337535_3379,49337535,Cc1cc(NCC2(c3ccncc3)CC2)ncn1,4,0.30357142857142855,1.271931995037053,0.9994612835060563
1465672_3096,1465672,c1ccc(Nc2nc(N3CCNCC3)nc(N3CCOCC3)n2)cc1,4,0.8378378378378378,1.796189021234309,0.9994003319376213
1465672_3095,1465672,c1ccc(Nc2nc(N3CC[NH2+]CC3)nc(N3CCOCC3)n2)cc1,4,0.8378378378378378,2.817798608843793,0.9991924427813957
1527130_907,1527130,COc1cccc(CNc2[nH+]cc(-c3ccccc3)n2C)c1,4,0.3230769230769231,0.8737837261014876,0.9994601827732047
1527152_515,1527152,Cn1c(-c2ccccc2)c[nH+]c1NCc1ccccc1,4,0.35185185185185186,1.673357702345687,0.9991509434667913
49146795_761,49146795,Cn1cc(C#N)cc1-c1nc(C2CC2)nn1CCc1ccccc1,4,0.3466666666666667,1.7721918632021803,0.9988281233486315
49146795_760,49146795,Cn1cc(C#N)cc1-c1[nH+]c(C2CC2)nn1CCc1ccccc1,4,0.328125,1.9065240622662742,0.9988305565004498
37022061_1325,37022061,COc1cc(F)c(NCC(=O)Nc2ccc(C)cc2)cc1OC,4,0.3888888888888889,1.6500960578100956,0.9987940867710964
48337674_81,48337674,CC(=O)N1CCN(c2nc(C(F)(F)F)nc3sc(C)c(C)c23)CC1,4,0.36363636363636365,2.5792768366345644,0.9992195416615895
49307701_818,49307701,Clc1cc2ncc(-n3ccnc3)nc2cc1Cl,4,0.3191489361702128,2.1601567072783885,0.9982966314867295
49130614_2531,49130614,O=C(Cn1cc(NCc2cccc(Cl)c2)cn1)N1CCOCC1,4,0.3246753246753247,1.4969331982421408,0.9993824326056929
73036824_211,73036824,O=C([C@H]1CC[C@@H](O)CC1)N1CCCN(c2ccc(F)cc2)CC1,4,0.4727272727272727,1.590835000872361,0.9986660565917854
49155634_2176,49155634,COCC1(c2[nH+]c(-c3ccncc3)nn2Cc2cccc(Cl)c2)CC1,4,0.2839506172839506,1.9046774005067735,0.998498528198764
49155634_2175,49155634,COCC1(c2nc(-c3ccncc3)nn2Cc2cccc(Cl)c2)CC1,4,0.2716049382716049,1.617082867387783,0.9991040904388186
222774342_3420,222774342,CCCc1nnc(N2CCC3(CCCC3)C2)s1,4,0.30357142857142855,5.032157390225395,0.984327561831074
13482608_3052,13482608,COc1ccc2cc(C(=O)NCc3nnc4n3CCCCC4)ccc2c1,4,0.484375,1.445362584267426,0.9986128697422728
49951308_2674,49951308,O=C(Cc1n[nH]c2ccccc12)N1CCCO1,4,0.38181818181818183,1.459914723537543,0.9994371489801184
49951308_2675,49951308,O=C(Cc1[nH]nc2ccccc12)N1CCCO1,4,0.3392857142857143,0.8263122896344774,0.9996513614032663
50136169_1215,50136169,CC(=O)Nc1ccc(C(=O)N2CCc3ncncc3C2)cc1,4,0.34210526315789475,1.4923896944161836,0.999140654741276
44114971_2490,44114971,CSc1ccc(C)c(C(=O)NCC[N@H+]2CC[C@@H](C)CC2)c1,4,0.5283018867924528,1.548377860859511,0.9983455514926265
44064836_3700,44064836,O=C1CCCN1c1ccc(S(=O)(=O)Nc2cccc(-c3nnc4n3CCC4)c2)cc1,4,0.7049180327868853,2.0734191568519935,0.9987485851910787
44064836_3701,44064836,O=C1CCCN1c1ccc(S(=O)(=O)[N-]c2cccc(-c3nnc4n3CCC4)c2)cc1,4,0.7049180327868853,3.0849218790759143,0.9973618647014346
35762433_2112,35762433,Cc1nn(C)c(C)c1NC(=O)CN1CCC2(CCCCC2)CC1,4,0.5357142857142857,2.5376120664907487,0.9988057392637446
35762433_2111,35762433,Cc1nn(C)c(C)c1NC(=O)C[NH+]1CCC2(CCCCC2)CC1,4,0.38095238095238093,2.037203229921071,0.9988152115246507
11886855_2646,11886855,Cc1ccc(C(=O)NCCc2ccc(F)cc2)o1,4,0.44680851063829785,1.7757381563733738,0.998840826932394
32146431_1340,32146431,C[N@H+](CC(=O)Nc1ccncc1)C1CCCC1,4,0.5185185185185185,1.7192376217378658,0.999140015377622
32146431_1341,32146431,CN(CC(=O)Nc1ccncc1)C1CCCC1,4,0.5294117647058824,1.3620220262538163,0.9994197228670638
32146431_1342,32146431,CN(CC(=O)Nc1cc[nH+]cc1)C1CCCC1,4,0.5294117647058824,1.4055852873447952,0.9986004831705294
82737949_3005,82737949,COc1ncc(C(=O)NCc2cnn3cccnc23)cn1,4,0.5423728813559322,1.8052290713367871,0.9994215697648327
48613632_324,48613632,Cc1cc(N2CCCCC2)nc(CNC(=O)c2ccccc2Cl)[nH+]1,4,0.373134328358209,2.7108423045243835,0.9970160965336147
48613628_325,48613628,COc1ccccc1C(=O)NCc1nc(C)cc(N2CCCCC2)n1,4,0.3717948717948718,1.8057618890647553,0.9988222436325022
48613632_323,48613632,Cc1cc(N2CCCCC2)nc(CNC(=O)c2ccccc2Cl)n1,4,0.36363636363636365,1.6180559322840355,0.9988047395513727
48613628_326,48613628,COc1ccccc1C(=O)NCc1nc(N2CCCCC2)cc(C)[nH+]1,4,0.37142857142857144,2.48518208588376,0.9983010876295543
104336645_188,104336645,C[C@H]1C[N@H+](C2COC2)CCN1c1ccc(Nc2cc(-c3ccnc(N4CCn5c(cc6c5CC(C)(C)C6)C4=O)c3CO)cn(C)c2=O)nc1,4,0.23015873015873015,16.2641264444177,0.985865959247802
104336645_190,104336645,C[C@H]1C[N@@H+](C2COC2)CCN1c1ccc(Nc2cc(-c3ccnc(N4CCn5c(cc6c5CC(C)(C)C6)C4=O)c3CO)cn(C)c2=O)[nH+]c1,4,0.234375,10.974183021983613,0.9976469760685668
104336645_189,104336645,C[C@H]1CN(C2COC2)CCN1c1ccc(Nc2cc(-c3ccnc(N4CCn5c(cc6c5CC(C)(C)C6)C4=O)c3CO)cn(C)c2=O)nc1,4,0.21296296296296297,15.015047519072287,0.9795755952855396
181731_2745,181731,CNc1cc(C[NH2+]C)nc([C@@H]2CCCN2C(=O)C(C)(C)c2ccc(C)cc2)n1,4,0.5694444444444444,3.048076114535398,0.9989390375848329
181731_2746,181731,CNCc1cc(NC)nc([C@@H]2CCCN2C(=O)C(C)(C)c2ccc(C)cc2)[nH+]1,4,0.5753424657534246,2.389090621973001,0.9990137805148603
181731_2748,181731,CNc1cc(C[NH2+]C)[nH+]c([C@H]2CCCN2C(=O)C(C)(C)c2ccc(C)cc2)n1,4,0.5866666666666667,2.375142732552972,0.9992055276108067
181731_2747,181731,CNCc1cc(NC)nc([C@@H]2CCCN2C(=O)C(C)(C)c2ccc(C)cc2)n1,4,0.5571428571428572,3.1102903401451654,0.9993590143562833
177304918_3057,177304918,COC1(c2nc(Cc3ccccc3)no2)CCN(Cc2ncccc2Cl)CC1,4,0.6666666666666666,2.1211183371042748,0.9992311865346919
177304918_3056,177304918,CO[C@]1(c2nc(Cc3ccccc3)no2)CC[N@@H+](Cc2ncccc2Cl)CC1,4,0.6825396825396826,1.7628408890192582,0.9987328997691924
36662114_1714,36662114,CS(=O)(=O)Cc1ccn(-c2ccccc2)n1,4,0.4230769230769231,1.2965504232384115,0.9988241671380725
49961770_2755,49961770,Cc1ccc(-n2cc(C)cn2)c(NC(=O)C[NH+](C)C)c1,4,0.3333333333333333,1.8715285196866625,0.9993599379720246
36340866_2100,36340866,CCS(=O)(=O)Cc1ccn(-c2cccc(F)c2)n1,4,0.32075471698113206,1.2230016353217323,0.999138894553715
41630506_2749,41630506,Cc1cc(Cl)n(-c2ccc(C#N)cc2)n1,4,0.32608695652173914,0.8971064596803432,0.9989829237714389
48759724_3255,48759724,Cc1cc(C(=O)NC(C)(C)C#N)nn1-c1ccc(F)cc1,4,0.3384615384615385,1.2494998999602875,0.9995059447250311
2873705_1274,2873705,Cc1ccccc1-n1nc(C(C)(C)C)cc1N,4,0.2765957446808511,1.5086484017158126,0.9990752172020511
49961770_2754,49961770,Cc1ccc(-n2cc(C)cn2)c(NC(=O)CN(C)C)c1,4,0.3333333333333333,0.8620342220579157,0.9996070194187912
14383848_1732,14383848,CCCNC(=O)c1c(C)nn(-c2ccccc2)c1C,4,0.5,1.3497521994796682,0.9994369970718554
41949940_771,41949940,CCc1c(N)cnn1-c1ccccc1C,4,0.2765957446808511,1.2709197456966237,0.9985974440529307
35739549_1249,35739549,COc1ccc(C)cc1-n1ccc(C(=O)NC(C)C)n1,4,0.3387096774193548,1.406551101098163,0.99931709327379
104707925_565,104707925,CC(C)n1cc(-c2ccc3c(c2)N(C)CC3)c2/c(=N/S(=O)(=O)c3ccn(C)n3)cc[nH]c21,4,0.20224719101123595,3.2859023113904002,0.9996856417654205
29683420_1492,29683420,CN1CC(=O)N(CCCC(=O)Nc2cccc(C#Cc3cccs3)c2)C1=O,4,0.2839506172839506,3.169791791269315,0.9978432052863304
45689545_1958,45689545,N#CCN(C(=O)c1cn(-c2ccc(Br)cc2)cn1)C1CC1,4,0.2916666666666667,1.417390912910063,0.9990573987169933
36914406_1760,36914406,CC1(C)CN(C(=O)c2cncc(Br)c2)CCO1,4,0.4838709677419355,1.729891904137332,0.999153020918649
36427432_210,36427432,CCc1nc2cc(-c3c(OC)cccc3OC)ccc2o1,4,0.32727272727272727,3.890315668425999,0.9930768601400229
11480017_203,11480017,COc1ccc(OCC(=O)Nc2cccc(Cl)c2N2CCN(C(C)=O)CC2)cc1,4,0.42105263157894735,1.7797148648025536,0.998435648004997
11480015_1746,11480015,CC(=O)N1CCN(c2c(Cl)cccc2NC(=O)COc2ccc(C(C)C)cc2)CC1,4,0.3698630136986301,2.097700169233291,0.9979379621718166
1525474_205,1525474,CCC(=O)N1CCN(c2ccc(Cl)cc2NC(=O)COc2ccccc2)CC1,4,0.4142857142857143,2.0958730877607556,0.998357406267721
49945424_2340,49945424,CCc1cnccc1C(=O)Nc1cnccn1,4,0.36538461538461536,1.8250271230857862,0.9995736928842308
42966292_1740,42966292,COC(=O)c1cc(F)c(C)c(NC(=O)CCCc2ccccn2)c1,4,0.3492063492063492,1.7552392999247266,0.99945892588848
417952_2917,417952,O=c1c2sccc2nc2n1CC[N@H+](Cc1ccc(F)cc1F)CC2,4,0.5,2.0225679222210573,0.9992569076391951
335958_3360,335958,O=c1c2sccc2nc2n1CCN(Cc1cc(F)ccc1F)CC2,4,0.4918032786885246,2.287675457751779,0.998280366731202
417952_2916,417952,O=c1c2sccc2nc2n1CCN(Cc1ccc(F)cc1F)CC2,4,0.4918032786885246,2.3556945897122024,0.9983847091659643
335958_3361,335958,O=c1c2sccc2nc2n1CC[N@H+](Cc1cc(F)ccc1F)CC2,4,0.5,1.993526272713161,0.9993998723987088
73006343_2263,73006343,Cc1noc2ncnc(N3CCCN(C(=O)C4CC4)CC3)c12,4,0.421875,1.1759153881125628,0.9994791985707404
50283408_2760,50283408,O=C(/C=C\n1cnc(-c2cc(C(F)(F)F)cc(C(F)(F)F)c2)n1)N/N=c1/cccc[nH]1,4,0.7580645161290323,2.2867529381199025,0.9986819622693103
50283408_2761,50283408,O=C(/C=C\n1cnc(-c2cc(C(F)(F)F)cc(C(F)(F)F)c2)n1)NNc1ccccn1,4,0.7586206896551724,2.146221097650395,0.9978238532656364
49132706_2477,49132706,CC(=O)N1CC[N@H+](Cc2nc(=O)cc(C(F)(F)F)[nH]2)C(C)(C)C1,4,0.3055555555555556,1.6323262541539392,0.9994821204027899
49132706_2476,49132706,CC(=O)N1CCN(Cc2nc(=O)cc(C(F)(F)F)[nH]2)C(C)(C)C1,4,0.28169014084507044,1.6281203886690085,0.9993002024092349
49132706_2478,49132706,CC(=O)N1CCN(Cc2nc([O-])cc(C(F)(F)F)n2)C(C)(C)C1,4,0.3076923076923077,2.5872187769882986,0.9982098198535914
413444_1053,413444,OC1CCN(c2ncc(-c3cnccn3)c(-c3cccs3)n2)CC1,4,0.3333333333333333,1.8144398584685666,0.9995455334514073
177400113_2264,177400113,CCn1ncc(CN(C)C(=O)c2ccc(-c3nc(C)cc(C)n3)cc2)c1C,4,0.3333333333333333,2.2908120830832126,0.9980505452844358
31858299_563,31858299,CCc1ccccc1NC(=O)Cn1nc(C)cc1C,4,0.38596491228070173,0.8093855694290175,0.9996945677837468
157255_1402,157255,Cc1nc(CC2CCN(S(=O)(=O)c3c(C)noc3C)CC2)cc(NC2CCCC2)n1,4,0.6307692307692307,2.8811792724515106,0.9990288993894414
157255_1401,157255,Cc1nc(NC2CCCC2)cc(CC2CCN(S(=O)(=O)c3c(C)noc3C)CC2)[nH+]1,4,0.6417910447761194,2.165931901052678,0.9985465214426229
32130309_723,32130309,O=C(C1CCC1)N1CCC(c2[nH]cc(-c3ccc(F)c(F)c3)[nH+]2)CC1,4,0.3728813559322034,2.884930675076835,0.9961930984027738
32130309_722,32130309,O=C(C1CCC1)N1CCC(c2nc(-c3ccc(F)c(F)c3)c[nH]2)CC1,4,0.3793103448275862,2.1198148504053793,0.9986165571697846
232902536_2281,232902536,COCC1(C[N-]S(=O)(=O)c2ccccc2)CCC1,4,0.5769230769230769,2.2266120003270093,0.992510059142278
232902536_2280,232902536,COCC1(CNS(=O)(=O)c2ccccc2)CCC1,4,0.5882352941176471,1.6979979387502868,0.9975795348697376
42964208_1097,42964208,N#Cc1ccc(C[N@H+]2C[C@@H](n3cccn3)C2)cc1,4,0.42857142857142855,1.712677144122785,0.9994800227705993
42964208_1096,42964208,N#Cc1ccc(CN2CC(n3cccn3)C2)cc1,4,0.3387096774193548,1.4489330557344648,0.9965146373045701
267729_1362,267729,CS(=O)(=O)N1CC(c2n[nH]c3ncccc23)C1,4,0.2898550724637681,2.31863645274582,0.9994437749875086
267729_1363,267729,CS(=O)(=O)N1CC(c2[nH]nc3ncccc23)C1,4,0.2631578947368421,2.4353802577830175,0.9996366878463909
201887_898,201887,CCn1cc(C[N@H+]2CC[C@@H](c3nc(N(C)C)ncc3-c3ccc(OC)cc3)CC2)c(C)n1,4,0.3333333333333333,2.60884629673748,0.9985993213235076
201873_2218,201873,CCn1ncc(C[N@H+]2CC[C@H](c3nc(N(C)C)ncc3-c3ccc(OC)cc3)CC2)c1C,4,0.4177215189873418,3.111040179747021,0.9984739024054318
29686205_476,29686205,CN(Cc1cnn(C)c1)c1ncnc2c1oc1ccccc12,4,0.359375,2.3004490865914193,0.9993769961573739
181775_2737,181775,C[NH2+]Cc1cc(N(C)C)nc([C@H]2CCCN2C(=O)c2oc3ccc(Cl)cc3c2C)n1,4,0.5897435897435898,2.6004366940961807,0.9993458866379474
181775_2739,181775,CNCc1cc(N(C)C)nc([C@@H]2CCCN2C(=O)c2oc3ccc(Cl)cc3c2C)[nH+]1,4,0.589041095890411,2.553976507332282,0.9991259544428182
181775_2738,181775,CNCc1cc(N(C)C)nc([C@@H]2CCCN2C(=O)c2oc3ccc(Cl)cc3c2C)n1,4,0.5897435897435898,2.2712432718664295,0.9994482049613328
316900455_3037,316900455,Cn1cc(NC(=O)c2cnn3cccnc23)c(C2CCCCC2)n1,4,0.43103448275862066,2.8063934150438543,0.9994550541577547
72972951_196,72972951,CC#CC(=O)N1CCC[C@@H]1c1[nH+]c(-c2ccc(C(=O)Nc3ccccn3)cc2)c2c(N)nccn12,4,0.2857142857142857,5.3410170379805315,0.9989544835385522
72972951_199,72972951,CC#CC(=O)N1CCC[C@@H]1c1[nH+]c(-c2ccc(C(=O)Nc3ccccn3)cc2)c2c(N)[nH+]ccn12,4,0.28,6.705923202661766,0.9982800739176126
72972951_198,72972951,CC#CC(=O)N1CCC[C@@H]1c1nc(-c2ccc(C(=O)Nc3ccccn3)cc2)c2c(N)[nH+]ccn12,4,0.29292929292929293,2.17383256024885,0.9992472111246291
72972951_197,72972951,CC#CC(=O)N1CCC[C@@H]1c1nc(-c2ccc(C(=O)Nc3ccccn3)cc2)c2c(N)nccn12,4,0.3020833333333333,2.996362294517179,0.9996865931251052
48286431_744,48286431,Cc1nn(CC(C)(C)O)c(-c2ccc(Cl)c(Cl)c2)[nH+]1,4,0.31666666666666665,1.9522484473036068,0.9987242120011143
48243153_2919,48243153,N#CCn1nc[nH+]c1-c1cccc(C#N)c1,4,0.32142857142857145,2.739976459752885,0.9993255543575384
49176426_919,49176426,CCCn1ncnc1-c1ccccc1SC,4,0.37254901960784315,1.7781957147624912,0.999175168759042
49176426_920,49176426,CCCn1nc[nH+]c1-c1ccccc1SC,4,0.37735849056603776,1.3073331633519707,0.9990292578916934
48286431_743,48286431,Cc1nc(-c2ccc(Cl)c(Cl)c2)n(CC(C)(C)O)n1,4,0.32142857142857145,1.4617475842291958,0.9981365136260012
48243153_2918,48243153,N#CCn1ncnc1-c1cccc(C#N)c1,4,0.32727272727272727,1.2087017829058584,0.9977150162591425
171948773_3470,171948773,Cc1ccc(OC[C@]2(O)CC[N@H+](CC3(O)CCN(c4ccccc4C)CC3)CC2)cc1,4,0.3076923076923077,4.494292157837388,0.9983693014776553
171948773_3471,171948773,Cc1ccc(OCC2(O)CCN(CC3(O)CCN(c4ccccc4C)CC3)CC2)cc1,4,0.3333333333333333,5.25981549106051,0.9994027707549785
44811798_3225,44811798,CCOC(=O)c1ccc(-n2cc(Cc3cnc(OCC)nc3)c(=O)nc2SCc2ccc(F)cc2)cc1,4,0.3116883116883117,1.957638117733164,0.9984777332836694
30196760_2719,30196760,Cc1cc(NC(=O)CN(C)CCOc2ccccc2)on1,4,0.5272727272727272,1.6651429368073867,0.9981706724989065
300636138_1145,300636138,CC(C)(C)Sc1c(CC(C)(C)C(=O)[O-])n(Cc2ccc(Cl)cc2)c2ccc(OCc3ccc4ccccc4n3)cc12,4,0.2962962962962963,9.22430322571849,0.9971536133884443
32278090_2005,32278090,COc1ccc2cc(-c3[nH]c(-c4ccc([S@](C)=O)cc4)nc3-c3ccncc3)ccc2c1,4,0.4,1.2274090597650795,0.9995268043165101
32278090_2006,32278090,COc1ccc2cc(-c3nc(-c4ccc([S@](C)=O)cc4)[nH]c3-c3ccncc3)ccc2c1,4,0.36363636363636365,1.4813463470763237,0.9993389729051199
32278090_2004,32278090,COc1ccc2cc(-c3[nH]c(-c4ccc([S@@](C)=O)cc4)[nH+]c3-c3ccncc3)ccc2c1,4,0.4025974025974026,1.5355002442199135,0.9986274621193238
168890455_43,168890455,C=CC(=O)N1CCC([C@@H]2CCNc3c(C(N)=O)c(-c4ccc(Oc5ccccc5)cc4)nn32)CC1,4,0.4268292682926829,4.038305090009972,0.9995387445678803
2017461_3569,2017461,O=C(Nc1ccccc1)Nc1ccc(OC(F)(F)F)cc1,4,0.421875,2.0008495695578494,0.9973052536436203
56769871_497,56769871,O=C(NCc1nnc2c(=O)[nH]ccn12)C1CCCC1,4,0.44642857142857145,2.178280973611601,0.9992306525239814
31925740_418,31925740,CCCn1nccc1NC(=O)c1c(C)noc1C,4,0.39655172413793105,1.4232610442211522,0.9997580560423472
222758283_2876,222758283,COc1ccc(C)cc1S(=O)(=O)[N-]CCC(=O)Nc1ccccc1C,4,0.3880597014925373,2.9061433206227423,0.9970303293258066
222756631_3362,222756631,COc1ccc(OC)c(S(=O)(=O)NCCC(=O)Nc2ccccc2C)c1,4,0.38571428571428573,1.9532094101763549,0.9984715149413531
222758283_2875,222758283,COc1ccc(C)cc1S(=O)(=O)NCCC(=O)Nc1ccccc1C,4,0.3939393939393939,2.016792998798041,0.9981018390170591
222756631_3363,222756631,COc1ccc(OC)c(S(=O)(=O)[N-]CCC(=O)Nc2ccccc2C)c1,4,0.38028169014084506,2.7314206926069313,0.99745280312456
31611971_1649,31611971,C=CCN(Cc1cccnc1)c1nc(C)[nH+]c2sccc12,4,0.296875,2.355624545635054,0.9993054949794719
31611971_1648,31611971,C=CCN(Cc1cccnc1)c1nc(C)nc2sccc12,4,0.31666666666666665,2.025854140850266,0.9994543231215872
23966628_396,23966628,Cc1ccc2nc3c(c(C(=O)NCc4nnc5n4CCC5)c2c1)CCCC3,4,0.6212121212121212,2.144972260892081,0.999530055240072
73045134_2881,73045134,CC(=O)c1ccc2c(c1)CC[N@H+](CC1CCC3(CC1)OCCO3)CC2,4,0.36507936507936506,2.5134537990577748,0.9968281597823554
44699501_1557,44699501,OCCCCCn1cc(-c2ccccc2-c2ccco2)nn1,4,0.3333333333333333,0.690494026043346,0.9998506065947068
49067448_3330,49067448,CC1(CNC(=O)N2CC[NH+](Cc3ccon3)CC2)CCCC1,4,0.6206896551724138,2.381342058588237,0.9989306913224598
49067448_3329,49067448,CC1(CNC(=O)N2CCN(Cc3ccon3)CC2)CCCC1,4,0.6071428571428571,1.7979663511866038,0.999128801658466
24874030_2025,24874030,COc1ccc(-c2ccc(CN(CC[NH+](C)C)Cc3ccncc3)cc2)cc1,4,0.4576271186440678,2.2976435754922537,0.9990599535997274
24874030_2026,24874030,COc1ccc(-c2ccc(C[N@H+](CC[NH+](C)C)Cc3ccncc3)cc2)cc1,4,0.47368421052631576,2.412890175702234,0.9978887191667334
24874030_2027,24874030,COc1ccc(-c2ccc(C[N@H+](CCN(C)C)Cc3ccncc3)cc2)cc1,4,0.4576271186440678,2.289472209920873,0.9988239654917505
49297145_1391,49297145,CN(C(=O)c1cncc(F)c1)c1cccc2ncccc12,4,0.35,1.189772247112737,0.9996539303215164
177431642_3278,177431642,O=C(NCC1([NH+]2CCCCC2)CCCC1)c1cnn[nH]1,4,0.5769230769230769,2.4626284738056565,0.9993504783359224
177431642_3277,177431642,O=C(NCC1([NH+]2CCCCC2)CCCC1)c1c[nH]nn1,4,0.5769230769230769,2.4630316684932954,0.9995123191635097
177431642_3276,177431642,O=C(NCC1([NH+]2CCCCC2)CCCC1)c1c[n-]nn1,4,0.5185185185185185,3.7644196099802003,0.9980693749102039
31991615_2633,31991615,Cc1noc(C)c1CS(=O)(=O)[C@@H]1CCCc2ccccc21,4,0.39344262295081966,1.454898278231013,0.998854889959046
36918888_1585,36918888,Cc1cccc(N2CCN(C(=O)c3cncnc3C(C)C)CC2)c1,4,0.3230769230769231,1.9010215674736237,0.9981328948542637
31397498_1029,31397498,O=C(Nc1ccccc1-n1cc[nH+]c1)c1cccs1,4,0.6122448979591837,1.9476657824173358,0.9996583517882618
31397498_1028,31397498,O=C(Nc1ccccc1-n1ccnc1)c1cccs1,4,0.6122448979591837,2.022745164375014,0.9997845987114018
31834534_3062,31834534,Cc1ccc(NC(=O)CN2C(=O)CN(C)C2=O)cc1C,4,0.39344262295081966,1.4603687890386978,0.9996978886775172
48806523_293,48806523,Cc1ncsc1CN1CCCN(c2[nH]c3ccccc3[nH+]2)CC1,4,0.5806451612903226,2.4923442779839187,0.9983164359270525
48806523_291,48806523,Cc1ncsc1C[N@H+]1CCCN(c2[nH]c3ccccc3[nH+]2)CC1,4,0.6031746031746031,2.9207745548056496,0.9985663517884845
48806523_292,48806523,Cc1ncsc1C[N@@H+]1CCCN(c2nc3ccccc3[nH]2)CC1,4,0.5967741935483871,1.6138636869348821,0.999659654987102
29566339_377,29566339,N#Cc1ccc(-c2csc(CCN3CCCC3=O)n2)cc1,4,0.5901639344262295,2.157879746417757,0.998300736108053
44507875_896,44507875,c1ccc2/c(=[N+]3\CCn4c(nnc4C4CC4)C3)nc[nH]c2c1,4,0.4307692307692308,1.3313418043466168,0.9997371444559449
44507875_895,44507875,c1ccc2c(N3CCn4c(nnc4C4CC4)C3)ncnc2c1,4,0.4262295081967213,1.6619605891837506,0.9994917711495109
33324457_337,33324457,CC(C)(C)c1cc(NC(=O)c2cccc3cn[nH]c23)[nH]n1,4,0.30303030303030304,3.4982584238440357,0.9993516932897292
33324457_336,33324457,CC(C)(C)c1cc(NC(=O)c2cccc3cn[nH]c23)n[nH]1,4,0.3220338983050847,3.5158198190464467,0.9994861266922668
300096535_2855,300096535,C[C@H](COc1ccccc1Cc1ccccc1)[NH+]1CCCCC1,4,0.3191489361702128,1.485477364351611,0.9986178042182232
48856634_2905,48856634,CCc1c2c(nc3ccc([O-])cc13)-c1cc3c(c(=O)n1C2)COC(=O)[C@]3(O)CC,4,0.20454545454545456,2.954213770193144,0.9982644754531783
48856634_2904,48856634,CCc1c2c(nc3ccc(O)cc13)-c1cc3c(c(=O)n1C2)COC(=O)[C@]3(O)CC,4,0.22093023255813954,2.1526077208815066,0.9993585744633889
314102886_631,314102886,CCOC(=O)CNC(=O)c1ccc(O)cc1O,4,0.38,2.8593408331291856,0.9984120970222803
537527_1365,537527,NC(=[NH2+])N/N=C/c1c(Cl)cccc1Cl,4,0.2,6.7086920483802155,0.9843695164647702
48750988_3207,48750988,CN(C(=O)CSC(C)(C)C)c1ccccc1C#N,4,0.30158730158730157,1.685998813760054,0.9981915624406232
2059266_1261,2059266,CCN(CC)C(=O)c1ccc(NC(C)=O)cc1,4,0.4,2.14972160988365,0.9986401451218414
44551318_381,44551318,CON(C)C(=O)c1cc(C)ccc1[N-]S(C)(=O)=O,4,0.58,1.84058007160762,0.9982543768348074
49956558_2396,49956558,CCS(=O)(=O)N(C)c1ccc(N(C)C)cc1,4,0.2857142857142857,1.1723659838122171,0.997542072276109
29965110_775,29965110,CNC(=O)CN(C)c1cccc(F)c1C#N,4,0.3684210526315789,2.1660258539547077,0.9963841099555164
31254852_1627,31254852,CCC(=O)N(C)c1ccccc1C(=O)[O-],4,0.3,1.2718081616346357,0.9979694656737494
32441825_498,32441825,CN(C)C(=O)COc1ccc(N)c(F)c1,4,0.3137254901960784,1.4674447178684227,0.998957830422662
73050408_2734,73050408,Cc1cc(Br)ccc1CN(C)C(=O)CO,4,0.36,2.4421879534548574,0.9958904329924926
314102886_632,314102886,CCOC(=O)CNC(=O)c1ccc([O-])cc1O,4,0.40384615384615385,3.115863764672688,0.99939508903803
1373175_1631,1373175,Cc1ccccc1N(CC(=O)N(C)C)S(C)(=O)=O,4,0.2830188679245283,1.4167942687630313,0.997483004030772
537527_1366,537527,NC(N)=N/N=C/c1c(Cl)cccc1Cl,4,0.19148936170212766,4.73601858104466,0.9787115072559023
44551318_380,44551318,CON(C)C(=O)c1cc(C)ccc1NS(C)(=O)=O,4,0.58,1.660879887288551,0.9990689302140027
31837136_2900,31837136,CCCC(=O)Nc1ccc(C(=O)N(C)C)cc1,4,0.4772727272727273,1.7936376445646625,0.9990640031011258
48765718_2380,48765718,C#CCOc1ccc(OC)cc1C(N)=O,4,0.3508771929824561,2.0254058852487336,0.9963558129600475
14097435_1360,14097435,Cc1ccc(C(=O)N(C)C)cc1NS(C)(=O)=O,4,0.3888888888888889,1.1544444551381168,0.9990236383036615
41287015_2037,41287015,CN(CCc1ccccc1)C(=O)CC#N,4,0.34615384615384615,1.8538905037784301,0.9985264973636838
300014701_3451,300014701,CC(C)C[C@H](NC(=O)[C@H](O)[C@H]([NH3+])Cc1ccccc1)C(=O)[O-],4,0.25862068965517243,2.0002457349036225,0.9993215643976848
14097435_1361,14097435,Cc1ccc(C(=O)N(C)C)cc1[N-]S(C)(=O)=O,4,0.3888888888888889,1.5103972987263938,0.9966928108561643
24039580_1856,24039580,CCC(=O)N(C)CC(=O)Nc1cccc(F)c1,4,0.5882352941176471,1.2516996444832054,0.9988146305750445
177380774_2985,177380774,Cc1cc(C)cc(OCCN(C)C(=O)NCCS(=O)(=O)N(C)C)c1,4,0.5517241379310345,2.2019675292793788,0.9979972069880839
31407175_2711,31407175,COc1cc(OC)c(OC)cc1C[NH2+]C(C)(C)C,4,0.2692307692307692,2.271852988201594,0.9965207560955214
300014701_3452,300014701,CC(C)C[C@@H](NC(=O)[C@@H](O)[C@H](N)Cc1ccccc1)C(=O)[O-],4,0.25862068965517243,1.68749962963007,0.9990822214488344
29683998_1528,29683998,CN(C)C(=O)C[N@H+](C)Cc1cc(C#N)ccc1F,4,0.34545454545454546,1.6273751872262439,0.9985431971520993
13475108_223,13475108,CCNC(=O)c1ccc(CS(C)(=O)=O)cc1,4,0.32727272727272727,1.7020722663858838,0.9977739580235748
15211082_1039,15211082,CCN(C(C)=O)c1ccc(C)cc1C(=O)[O-],4,0.2962962962962963,2.3926395466093893,0.9946181601594475
525100_1685,525100,COc1cc(C(=O)[O-])c(N)c(OC)c1OC,4,0.3541666666666667,2.023851032067405,0.9981737872045695
511449_149,511449,CCCCN/C([O-])=N/S(=O)(=O)c1ccc(C)cc1,4,0.3484848484848485,2.195221173367282,0.9964882030784877
314102886_630,314102886,CCOC(=O)CNC(=O)c1ccc(O)cc1[O-],4,0.40384615384615385,2.95877085966482,0.9983000937299523
82716591_2872,82716591,COc1cccc(C(=O)N(C)CC(F)(F)F)c1OCCC[NH3+],4,0.30434782608695654,1.4973696938300671,0.9981026350408508
29683998_1527,29683998,CN(CC(=O)N(C)C)Cc1cc(C#N)ccc1F,4,0.375,2.1161438986987933,0.9986385438461396
511449_150,511449,CCCCNC(=O)NS(=O)(=O)c1ccc(C)cc1,4,0.34375,2.3256951648918105,0.9964515803566952
17074467_800,17074467,CCc1ccccc1NC(=O)c1cc(C)nc2onc(C)c12,4,0.5961538461538461,1.458283580103587,0.9996708532496374
25835159_3515,25835159,O=C1N=C(N2CCN(c3ccccc3)CC2)S/C1=C\c1ccc([O-])cc1O,4,0.46153846153846156,2.59186496561856,0.9985330161210297
25835159_3514,25835159,O=C1N=C(N2CCN(c3ccccc3)CC2)S/C1=C\c1ccc(O)cc1[O-],4,0.46153846153846156,2.539314671323924,0.9982593487794887
25835159_3513,25835159,O=C1N=C(N2CCN(c3ccccc3)CC2)S/C1=C\c1ccc(O)cc1O,4,0.47619047619047616,1.5054414634913047,0.9991637858960285
25835159_3516,25835159,O=C1NC(=[N+]2CCN(c3ccccc3)CC2)S/C1=C\c1ccc(O)cc1[O-],4,0.43283582089552236,3.4198638861801345,0.9989648848605046
25041311_3461,25041311,Cc1nnc(-c2ccc(N3CCC(Oc4cc(F)ccc4Cl)CC3)nn2)o1,4,0.43661971830985913,1.506158358207961,0.9985492741407594
177508549_2411,177508549,O=C(CCc1cn[nH]c1)NCCCn1cc(Cl)cn1,4,0.5555555555555556,2.213303413453145,0.9992970076190932
71010653_1371,71010653,O=C1N=C2C=CC=CN2C12Cc1ccccc1C2,4,0.24561403508771928,1.791255983940029,0.9994239131126637
71010653_1370,71010653,O=C1[NH+]=C2C=CC=CN2C12Cc1ccccc1C2,4,0.2786885245901639,1.531880543645524,0.999195759912242
46092427_400,46092427,COc1ccc(Cc2ncnn2-c2ccc3c(c2)OCO3)c(OC)c1,4,0.3026315789473684,1.6335020661141086,0.9987417655592786
46092427_401,46092427,COc1ccc(Cc2[nH+]cnn2-c2ccc3c(c2)OCO3)c(OC)c1,4,0.2898550724637681,1.7116448229701853,0.9989251436643355
48764100_3105,48764100,CCc1nnc(N2CCCO2)c(C#N)c1CC,4,0.5102040816326531,1.5368012233208879,0.9983007026329064
313514585_1802,313514585,COc1cccc(-n2nc(C(=O)[O-])cc2-c2ccc(C3CCCCC3)c(Cl)c2)c1,4,0.32894736842105265,2.203779480801202,0.9983740235068997
6666291_3638,6666291,COc1cccc(N2CCN(c3nc(C)cc(C)c3C#N)CC2)c1,4,0.46153846153846156,1.8598274113476523,0.999030909247389
6666291_3639,6666291,COc1cccc(N2CCN(c3[nH+]c(C)cc(C)c3C#N)CC2)c1,4,0.453125,1.2672375467920267,0.9988798605363813
46091137_854,46091137,OCc1ccc(Cn2cc(-c3cc(F)ccc3-n3cccn3)nn2)cc1,4,0.3880597014925373,1.7577858231308576,0.9994950801716797
33339030_3681,33339030,O=C(Nc1ccc2c3c(cccc13)CC2)c1ccc(-n2cncn2)cc1,4,0.7142857142857143,2.077235422382397,0.9993817783242873
3565214_777,3565214,CN1C(=O)N(CC(=O)Nc2ccccc2-c2ccccc2)C(=O)C1(C)C,4,0.3888888888888889,2.1350077283227753,0.9994975402186685
222793668_2971,222793668,CN(CC[NH+]1CCCCC1)c1cncc(C(N)=O)n1,4,0.43103448275862066,1.8409845192174814,0.999384303114437
45652159_745,45652159,Cc1csc(N(C(=O)c2cc3c(C)nn(C)c3s2)C2CC2)n1,4,0.43661971830985913,1.6529482750532203,0.9996660693241112
36671973_1943,36671973,Cc1nn(C)c(C)c1CCC(=O)N1CCN(C)Cc2ccccc21,4,0.40350877192982454,2.307228640598984,0.9977252332859329
36671973_1942,36671973,Cc1nn(C)c(C)c1CCC(=O)N1CC[N@@H+](C)Cc2ccccc21,4,0.3898305084745763,1.765176195171342,0.9988009430473453
301492332_3456,301492332,O=C(NC1CC[NH2+]CC1)c1ccc2[nH]ncc2c1,4,0.4,2.461718911654521,0.9992367407973182
30742732_1061,30742732,Cc1nc(C)c2c(C)c(C(=O)N(C)Cc3ccc(C)o3)sc2n1,4,0.543859649122807,1.900133416368765,0.9992752191792961
25721481_2338,25721481,C/C(=C/COc1c2occc2cc2ccc(=O)oc12)CO,4,0.2222222222222222,1.5905030650707235,0.9993973278066995
48430874_622,48430874,CCc1cc(NCc2cccc(OCCOC)c2)ncn1,4,0.29850746268656714,1.65601660619693,0.9988229861822664
48430874_623,48430874,CCc1cc(NCc2cccc(OCCOC)c2)nc[nH+]1,4,0.29411764705882354,1.6527897627947425,0.9982805161890619
25014865_1278,25014865,c1nc(N[C@H]2CC[N@H+](C3CC3)CC2)c2sccc2[nH+]1,4,0.5535714285714286,2.9485588004994585,0.9990167461093424
25014865_1277,25014865,c1nc(N[C@H]2CC[N@@H+](C3CC3)CC2)c2sccc2n1,4,0.5370370370370371,2.5275966845994993,0.9995012694403608
48817782_3129,48817782,O=C(Nc1cncc(Cl)c1Cl)c1cccc(-n2cccn2)n1,4,0.40625,2.7981790507401594,0.9989963629844054
49912141_3412,49912141,Cc1nccc(N(C)Cc2nc(-c3cccnc3)no2)n1,4,0.4727272727272727,1.9785610933199274,0.9991097992475306
49912141_3413,49912141,Cc1nc(N(C)Cc2nc(-c3cccnc3)no2)cc[nH+]1,4,0.45614035087719296,1.9175742488883094,0.9992617604810399
2566233_157,2566233,CC1(C)CC(=O)C2=C(C1)NC(=O)C[C@@H]2c1ccc(Br)cc1,4,0.23376623376623376,1.5761132573517092,0.9990046012868369
33312531_1270,33312531,Cc1noc(C2CCN(C(=O)C3(c4cccc(F)c4)CCC3)CC2)n1,4,0.3411764705882353,1.8401127682838299,0.9985297468222758
310102_2821,310102,OC1CCN(c2nccc(-c3cccs3)n2)CC1,4,0.3898305084745763,1.5806716926672055,0.9994759307465194
29936179_3447,29936179,C[C@H](CCc1ccccc1)[NH2+]C[C@@H](O)c1ccc(O)c(C(N)=O)c1,4,0.2698412698412698,2.493038708082944,0.997364725931513
29936179_3446,29936179,C[C@@H](CCc1ccccc1)[NH2+]C[C@H](O)c1ccc([O-])c(C(N)=O)c1,4,0.28125,2.3460464616034122,0.9983584539361143
177369616_2284,177369616,O=c1c2cnccc2ncn1Cc1ccc2c(c1)CCCO2,4,0.48333333333333334,1.2250995877889008,0.9991947596843616
53833498_3041,53833498,Cc1cc(N2CC[NH+](CC3CCN(C(=O)CC(C)C)CC3)CC2)[nH]n1,4,0.36619718309859156,1.5461115742407867,0.9989081145944746
53833498_3042,53833498,Cc1cc(N2CCN(CC3CCN(C(=O)CC(C)C)CC3)CC2)n[nH]1,4,0.3055555555555556,1.4811826355989166,0.9990679541419967
53833498_3040,53833498,Cc1cc(N2CC[NH+](CC3CCN(C(=O)CC(C)C)CC3)CC2)n[nH]1,4,0.36619718309859156,1.8818536074838006,0.998530798302752
139341_124,139341,COCC(=O)N1CCC(Cc2ccccc2-c2cccc(F)c2)(C(=O)NC(C)C)CC1,4,0.4810126582278481,1.9701185243525032,0.9986344522562092
49078022_2527,49078022,CCCn1cc(NC(=O)Nc2ccc(N3CCSCC3)cc2)cn1,4,0.4918032786885246,2.5656439737425796,0.9991157065208762
82719667_2512,82719667,CC1=CCN(C(=O)c2cc(C)nc3cc(C)cc(C)c23)CC1,4,0.5344827586206896,1.2862756314259836,0.9993469186423567
44527032_605,44527032,O=C(CCc1nnc(-c2ccsc2)o1)N1CCCc2cc(F)c(F)cc21,4,0.34210526315789475,1.6232122473660326,0.9991740953336684
36435318_1728,36435318,Cc1nnc(-c2ccccc2-c2ccc(O)cc2)s1,4,0.37735849056603776,1.6497948357296774,0.9989899846199011
36435318_1729,36435318,Cc1nnc(-c2ccccc2-c2ccc([O-])cc2)s1,4,0.35185185185185186,1.8684038642648777,0.9978044939041886
106929051_1505,106929051,O=c1c2cccn2c2ccccc2n1CCC[N@H+]1CC[C@H](c2ccc(Cl)cc2)CC1,4,0.46875,2.920772158180435,0.998320795853013
49972816_1259,49972816,Cc1cccc(NC(=O)CN(C)c2ncccc2F)n1,4,0.4098360655737705,1.8355503261964419,0.9992773663874942
49972816_1260,49972816,Cc1cccc(NC(=O)CN(C)c2ncccc2F)[nH+]1,4,0.41935483870967744,2.2473313062379354,0.9994076767360836
30658737_2074,30658737,CN(Cc1cccc(C#N)c1)c1cnc2ccccc2[nH+]1,4,0.4727272727272727,1.803949555835702,0.9971347278179398
30658737_2073,30658737,CN(Cc1cccc(C#N)c1)c1cnc2ccccc2n1,4,0.47058823529411764,1.623118295134513,0.998109957853752
29689751_2023,29689751,O=C(NCc1cccnc1)c1sccc1-c1ccccc1,4,0.4339622641509434,1.5216339901565694,0.9996643324994361
3679149_3053,3679149,Cc1cccc(NC(=O)CSc2nncs2)c1,4,0.42424242424242425,1.456868902818654,0.9995353878562918
36933237_1419,36933237,CC(C)(C)n1ncc(C(=O)N2CCCn3nc[nH+]c32)c1C(F)(F)F,4,0.23943661971830985,2.8500387716659703,0.9992235757892556
36933237_1418,36933237,CC(C)(C)n1ncc(C(=O)N2CCCn3ncnc32)c1C(F)(F)F,4,0.24285714285714285,1.5667855628648228,0.9993481722671077
36981448_1765,36981448,Cc1cccc(N(C)C(=O)COC2CCCC2)n1,4,0.3389830508474576,0.8780563763219326,0.999228817530877
36981448_1766,36981448,Cc1cccc(N(C)C(=O)COC2CCCC2)[nH+]1,4,0.3389830508474576,1.5949793102108067,0.998315829076557
43081435_1721,43081435,COc1ccc(-c2nc3cc(C)ccc3cc2CN(C)Cc2[nH+]ccn2C)cc1,4,0.29411764705882354,1.841553691859335,0.9985292885739884
43081435_1720,43081435,COc1ccc(-c2nc3cc(C)ccc3cc2C[N@@H+](C)Cc2nccn2C)cc1,4,0.27941176470588236,1.8980403051568866,0.9987044563213924
43081435_1719,43081435,COc1ccc(-c2nc3cc(C)ccc3cc2CN(C)Cc2nccn2C)cc1,4,0.2898550724637681,1.56899267047352,0.9994375338522613
43081435_1722,43081435,COc1ccc(-c2[nH+]c3cc(C)ccc3cc2CN(C)Cc2nccn2C)cc1,4,0.2898550724637681,2.8608129963348974,0.9984704672791299
306388_1377,306388,O=C1Oc2nc3cc4c(cc3cc2CN1CC[NH+]1CCOCC1)OCCO4,5,0.9019607843137255,2.0044395725489292,0.9988913785167206
306388_1376,306388,O=C1Oc2nc3cc4c(cc3cc2CN1CCN1CCOCC1)OCCO4,5,0.8958333333333334,2.0958730877607556,0.9976613912008854
37022061_1325,37022061,COc1cc(F)c(NCC(=O)Nc2ccc(C)cc2)cc1OC,5,0.3888888888888889,1.6500960578100956,0.9993311190141316
53829686_3281,53829686,O=C(CSCCc1ccncc1)Nc1ccccc1,5,0.6666666666666666,1.3876908877701772,0.9989610144952602
32099814_873,32099814,O=C(NC1CCCC1)C(=O)c1ccc2c(c1)CCC2,5,0.5897435897435898,1.2090653414930532,0.9990293205753097
1934410_787,1934410,Cc1ccc(NC(=O)c2cccc(N(C)C)c2)cc1NC(=O)c1ccc(O)cc1,5,0.41818181818181815,1.7411237750373967,0.9982421739293122
1934410_788,1934410,Cc1ccc(NC(=O)c2cccc(N(C)C)c2)cc1NC(=O)c1ccc([O-])cc1,5,0.4107142857142857,1.8712271374690645,0.9993723020800358
31413696_2038,31413696,Cc1csc(Nc2ccc(C#N)cc2)n1,5,0.3469387755102041,1.7633590105252335,0.9990031331597667
104707925_565,104707925,CC(C)n1cc(-c2ccc3c(c2)N(C)CC3)c2/c(=N/S(=O)(=O)c3ccn(C)n3)cc[nH]c21,5,0.22580645161290322,3.2859023113904002,0.9996671985475083
15280962_1779,15280962,Cc1ccc(C)c(OCC(=O)N2CCC(C(=O)Nc3ccccc3)CC2)c1,5,0.4264705882352941,2.0036104910883825,0.998767229736442
32130783_47,32130783,COc1ccccc1-c1cc(NC(=O)c2cccc(N3CCNC3=O)c2)[nH]n1,5,0.43478260869565216,2.0179531709139606,0.9996100426879636
32130783_46,32130783,COc1ccccc1-c1cc(NC(=O)c2cccc(N3CCNC3=O)c2)n[nH]1,5,0.43478260869565216,2.5084736394873475,0.999427658335817
11000834_1847,11000834,CCOC(=O)c1cc2ccccc2n1CC(=O)c1ccc(F)cc1,5,0.3888888888888889,1.7530995408136436,0.9989192554948209
48786468_3229,48786468,COc1nccnc1N1CCC(C(=O)Nc2cccc(F)c2)CC1,5,0.3472222222222222,1.5786791947699867,0.9994856898741611
30066231_3127,30066231,CC(C)Oc1cccc([C@H](C)NC(=O)c2ccnc(-n3cncn3)c2)c1,5,0.4714285714285714,2.35346361773469,0.9982501704208419
43830470_2910,43830470,O=C(Nc1nnc(SCc2ccc(F)cc2)s1)C1CCC1,5,0.3793103448275862,1.1318436287758369,0.9994916854084432
49935944_3206,49935944,COc1cc(OC)cc(N2CCC([NH2+]CC3(C)CCOCC3)CC2)c1,5,0.3387096774193548,1.9074197230813228,0.9983246923134284
222782402_3075,222782402,O=C(C1CC1)N1CCC(C[N-]S(=O)(=O)N2CCCCCC2)CC1,5,0.4642857142857143,4.586788527935461,0.9848145800091808
222782402_3074,222782402,O=C(C1CC1)N1CCC(CNS(=O)(=O)N2CCCCCC2)CC1,5,0.4642857142857143,2.2596957759841145,0.9990644914456899
177472658_2984,177472658,CN(CC1(CO)CCC1)C(=O)CCN1CCCCC1=O,5,0.9523809523809523,2.0533441017036185,0.9986264588796528
31412633_1247,31412633,Cc1ccc(-c2noc3nc(C)cc(C(=O)[O-])c23)cc1,5,0.41379310344827586,2.312572809664467,0.9979469250098378
43366906_1203,43366906,CCc1cc2c(cc1N1CCC([NH+]3CCOCC3)CC1)C(C)(C)c1[nH]c3cc(C#N)ccc3c1C2=O,5,0.3448275862068966,5.786010715510282,0.9984372957794098
43366906_1204,43366906,CCc1cc2c(cc1N1CCC(N3CCOCC3)CC1)C(C)(C)c1[nH]c3cc(C#N)ccc3c1C2=O,5,0.30303030303030304,4.81265778962092,0.9981747168339973
49336129_806,49336129,COc1ncnc2c1C[N@@H+](Cc1c[nH]nc1-c1ccc(F)cc1)CC2,5,0.35714285714285715,2.0024577398784604,0.9992167549177999
49336129_807,49336129,COc1ncnc2c1C[N@@H+](Cc1cn[nH]c1-c1ccc(F)cc1)CC2,5,0.3472222222222222,2.1609458577205523,0.9993601023930866
49336129_808,49336129,COc1ncnc2c1CN(Cc1c[nH]nc1-c1ccc(F)cc1)CC2,5,0.352112676056338,2.014054368680056,0.9988269309184542
49336129_809,49336129,COc1ncnc2c1CN(Cc1cn[nH]c1-c1ccc(F)cc1)CC2,5,0.3424657534246575,2.1381005589075466,0.9994254297793377
48340662_1496,48340662,CCC[N@H+]1CCCN(c2ncccc2C#N)CC1,5,0.5,2.1734067727878705,0.9984539582804964
49976422_769,49976422,Cn1cc(-c2nnc(NCc3ccc4ccccc4c3)o2)cn1,5,0.4032258064516129,1.6301116526175745,0.9991284272930284
32029938_1759,32029938,COC(=O)Nc1ccc(Oc2nc3ccccc3o2)cc1,5,0.36619718309859156,1.8077007495711261,0.9993198353331313
35682807_801,35682807,Cc1cc(C(=O)N(C)Cc2ccsc2)no1,5,0.6444444444444445,2.3887837909696175,0.9993878569265151
206425_1848,206425,Cn1cc(C(=O)N2CCC(c3cc(C(F)(F)F)c4c(n3)CCNC4=O)CC2)ccc1=O,5,0.6231884057971014,2.0137931869982078,0.9991857989096355
189882719_672,189882719,O=C(/C=C/c1ccc(Cl)cc1)N1CCC2(CC1)CN(Cc1ccc(Cl)c(Cl)c1)C(=O)O2,5,0.2676056338028169,1.5816118360711378,0.9986229525006196
53825026_3080,53825026,CCc1cc(=O)nc(SCCCCC2CCOCC2)[nH]1,5,0.509090909090909,2.510604907188725,0.9969053961309219
157723_785,157723,CNC(=O)c1cn(C)nc1C[C@H]1CC[N@H+](Cc2cnc(-c3ccc(OC)cc3)nc2)CC1,5,0.3125,2.4569175810351513,0.9981225624502196
82712955_3208,82712955,CC(C)Oc1ccc(C2(C(=O)NC3CCS(=O)(=O)CC3)CCCC2)cc1,5,0.265625,1.726871738144119,0.9986949651019339
24034759_3085,24034759,CCc1nnc(Sc2nc3cc(C)nn3c3ccccc23)[nH]1,5,0.5818181818181818,1.3108615487543227,0.9996643650841114
53802705_3139,53802705,COc1cccc(CN(C)c2cc(N3CCCC3)[nH+]cn2)n1,5,0.34328358208955223,1.177358484066271,0.9993981077713402
53802705_3138,53802705,COc1cccc(CN(C)c2cc(N3CCCC3)ncn2)n1,5,0.3181818181818182,2.220604647388539,0.99883423921743
53802705_3140,53802705,COc1cccc(CN(C)c2cc(N3CCCC3)nc[nH+]2)n1,5,0.32857142857142857,1.6264578076303349,0.9989149943899597
55628764_2437,55628764,Cc1cccnc1C[N@H+]1CC[C@@](O)(c2ccccc2)CC1,5,0.3787878787878788,1.7290772105369843,0.9992931829034767
55628764_2438,55628764,Cc1cccnc1CN1CCC(O)(c2ccccc2)CC1,5,0.3787878787878788,1.2115618019732686,0.9992353466975941
205724941_1381,205724941,O=c1ccc(C2CC2)nn1CC1CN(CC2(O)CCCC2)C1,5,0.3870967741935484,1.9484860789853722,0.9985832903883693
205724941_1380,205724941,O=c1ccc(C2CC2)nn1C[C@H]1C[N@@H+](CC2(O)CCCC2)C1,5,0.38095238095238093,1.87393943338587,0.9989097999765287
48337566_996,48337566,C[N@H+]1CCCN(c2nc(C(F)(F)F)nc3cc4c(cc23)OCO4)CC1,5,0.3194444444444444,1.9639483190761726,0.998835045604308
48337566_997,48337566,CN1CCCN(c2nc(C(F)(F)F)nc3cc4c(cc23)OCO4)CC1,5,0.2857142857142857,1.3947186096128328,0.9990548966089001
35741477_1017,35741477,O=C(NCc1ccc2c(c1)OCCO2)c1sccc1C1CC1,5,0.6538461538461539,1.524206350859517,0.9991025423171873
42859262_1698,42859262,Cc1n[nH]c(C)c1CCC(=O)N1CCOCC1,5,0.3103448275862069,1.6798309438751349,0.9993850002519239
177363859_2568,177363859,CCCc1ccc(-c2cccc(C(=O)N3CCN(CC(N)=O)CC3)c2)cc1,5,0.4074074074074074,2.738822009550833,0.9937133638690235
82702219_2989,82702219,CCCC[NH+]1CCN(C(=O)c2cccc(-c3ccc(CO)cc3)c2)CC1,5,0.375,2.755708983183839,0.9963726001116574
82702219_2990,82702219,CCCCN1CCN(C(=O)c2cccc(-c3ccc(CO)cc3)c2)CC1,5,0.3888888888888889,2.2033070598535898,0.9976687484046023
44811839_1664,44811839,CC[N@H+]1CC[C@H](n2cc(CNc3cc(Cl)c4[nH+]cc(C#N)c(Nc5ccc(F)c(Cl)c5)c4c3)nn2)CC1,5,0.32954545454545453,2.4373067102856445,0.9993894547940221
44811839_1663,44811839,CC[N@H+]1CC[C@@H](n2cc(CNc3cc(Cl)c4ncc(C#N)c(Nc5ccc(F)c(Cl)c5)c4c3)nn2)CC1,5,0.3333333333333333,2.441049569344694,0.9991424476926644
232862626_2483,232862626,CC(=O)NCCCC(=O)Nc1ccc(Oc2ccccc2Cl)cc1,5,0.3620689655172414,1.6642391655046185,0.9988229861822664
44014989_206,44014989,Cc1ccc(Oc2ccc(Cl)cc2NC(=O)CN(C)CC(=O)N(C)C)cc1,5,0.3466666666666667,0.8527490838458716,0.9994827594956965
36256386_384,36256386,Cc1ccc(Cn2nccc2NC(=O)c2ccncc2)o1,5,0.39655172413793105,3.9571599664409143,0.9994404698240725
43021930_3509,43021930,CCCCOc1ccccc1-c1cc(C(=O)NCc2ccccc2C)[nH]n1,5,0.35294117647058826,2.5195114605808593,0.9987058443756244
43021930_3508,43021930,CCCCOc1ccccc1-c1cc(C(=O)NCc2ccccc2C)n[nH]1,5,0.373134328358209,2.408647338237048,0.9987722796612057
3476517_3689,3476517,O=C(Nc1nc(-c2cccnc2)cs1)C1CCCCC1,5,0.45,1.8313156472876038,0.9993237059898863
425680_236,425680,Cc1cc(-c2cnn(CCNC(=O)c3sc(C)nc3C)c2C2CC2)on1,5,0.3108108108108108,2.409287238998502,0.9995957248028482
32230796_1619,32230796,Cc1ccc(C)c(OCCN(C)C(=O)c2ccc3c(c2)nnn3C)c1,5,0.3382352941176471,2.077615219428439,0.9990679541419967
32132063_222,32132063,Cc1occc1C(=O)NCC(=O)Nc1[nH+]c2cc(Cl)ccc2n1C,5,0.2898550724637681,2.1285861504770347,0.9994241856557016
32132063_221,32132063,Cc1occc1C(=O)NCC(=O)Nc1nc2cc(Cl)ccc2n1C,5,0.31343283582089554,1.8021961602444754,0.999550178290303
49968166_2772,49968166,CN(Cc1ccc(N)nc1)c1nc2cc(F)ccc2o1,5,0.46938775510204084,1.9785610933199274,0.9987953090132603
49968166_2773,49968166,CN(Cc1ccc(N)[nH+]c1)c1nc2cc(F)ccc2o1,5,0.47058823529411764,1.9224692455277914,0.9986907328082086
36342840_830,36342840,N#Cc1ccc(N2CCc3c([nH+]cn3C3CC3)C2)nc1,5,0.39436619718309857,1.5836975721394408,0.999285582256233
36342840_829,36342840,N#Cc1ccc(N2CCc3c(ncn3C3CC3)C2)nc1,5,0.391304347826087,1.2561616138061247,0.999042297098994
153307_1024,153307,CCn1c(SC)nnc1[C@H]1CC[N@H+](C)CC1,5,0.2857142857142857,1.641151425067289,0.9987523838364528
49954362_3216,49954362,N#CCN1CCC(CNC(=O)c2c(F)ccc(F)c2F)CC1,5,0.39344262295081966,1.3707950247941478,0.9984547982358496
49154015_1462,49154015,C=CCn1cnc2c(Cl)cc(-c3ccc(C(=O)NC4CC4)o3)cc21,5,0.2753623188405797,1.8153005260835668,0.9996255873966577
342572_2949,342572,Cc1csc2nc3n(c(=O)c12)CCNCC3,5,0.3620689655172414,2.1994724367446157,0.9998121442984818
342572_2948,342572,Cc1csc2nc3n(c(=O)c12)CC[NH2+]CC3,5,0.3620689655172414,6.111680701738192,0.9948111538555022
73007305_2436,73007305,Nc1[nH+]nc(SCCSC2CCCCC2)n1C1CC1,5,0.2459016393442623,2.748326217900662,0.9954006620554082
53829602_3195,53829602,OCc1nnc(SCCSC2CCCCC2)n1C1CC1,5,0.2459016393442623,2.2440975914608163,0.9980175653821945
73007305_2435,73007305,Nc1nnc(SCCSC2CCCCC2)n1C1CC1,5,0.23333333333333334,3.2185012039768335,0.9961517430956238
30063049_2455,30063049,CC(=O)N1c2ccc(S(=O)(=O)Nc3cccc(-c4cnco4)c3)cc2C[C@@H]1C,5,0.38271604938271603,1.7942658665873434,0.9993702340887829
30063049_2456,30063049,CC(=O)N1c2ccc(S(=O)(=O)[N-]c3cccc(-c4cnco4)c3)cc2C[C@H]1C,5,0.3253012048192771,3.1834080794017896,0.997479766090863
316949638_3495,316949638,O=C(Nc1ccc(C[NH+]2CCCCC2)cc1)c1ccnc2[nH]cnc12,5,0.43548387096774194,3.6566226220378724,0.9974640236763008
316949638_3496,316949638,O=C(Nc1ccc(C[NH+]2CCCCC2)cc1)c1ccnc2nc[nH]c12,5,0.42857142857142855,3.0062506548855317,0.997463300960868
11791483_1239,11791483,CC(C)CN1C(=O)C(=O)N(Cc2ccccn2)C1=O,5,0.3877551020408163,1.5822834764978895,0.9992953965735619
32018130_1415,32018130,CSCc1csc(NC(C)=O)n1,5,0.45454545454545453,1.497637806681297,0.9995780201498099
49935002_2961,49935002,Cc1cnc(C(C)(C)[NH2+]CC(=O)N(C)C)s1,5,0.2711864406779661,1.8190868588391722,0.9996314223710809
9657617_887,9657617,COCC(=O)Nc1nc(C)c(C)s1,5,0.46511627906976744,1.7594771950780437,0.9995858694142532
49935002_2960,49935002,Cc1cnc(C(C)(C)NCC(=O)N(C)C)s1,5,0.29310344827586204,0.8616490004637721,0.9997388201482952
35692276_1985,35692276,CCONC(=O)c1sc(C)nc1C,5,0.3888888888888889,1.3289326544261981,0.9993450713052301
12602676_545,12602676,Clc1ccc(-c2ccc(C[NH2+]C[C@@H]3CCCO3)o2)c(Cl)c1,5,0.25,1.4987771682276156,0.9987450890244554
12602676_544,12602676,Clc1ccc(-c2ccc(CNC[C@H]3CCCO3)o2)c(Cl)c1,5,0.25,1.4403357247530086,0.9987971334003728
134995_936,134995,CCn1c(C)nc2cc(NC(=O)c3ccc(=O)n(CC(=O)N4CCCCC4)c3)ccc21,5,0.36,3.0265468772183075,0.999282294732394
134995_937,134995,CCn1c(C)[nH+]c2cc(NC(=O)c3ccc(=O)n(CC(=O)N4CCCCC4)c3)ccc21,5,0.3783783783783784,2.6011605102337554,0.9990525972082399
197921_3117,197921,Cc1cc(Nc2ncccn2)cc([C@@H]2CCCN(CC(=O)Nc3ccc(F)cc3)C2)n1,5,0.6052631578947368,1.8239221474613696,0.9992579643051621
197921_3115,197921,Cc1cc(Nc2ncccn2)cc([C@@H]2CCCN(CC(=O)Nc3ccc(F)cc3)C2)[nH+]1,5,0.6103896103896104,2.3168144077588395,0.9990893833484371
197921_3116,197921,Cc1cc(Nc2ncccn2)cc([C@@H]2CCC[N@H+](CC(=O)Nc3ccc(F)cc3)C2)[nH+]1,5,0.5324675324675324,2.580176544347028,0.9991608778844391
49064812_2998,49064812,CC(C)=CCOc1cccc(C(=O)NN2CCOCC2)c1,5,0.3770491803278688,1.3726361498955935,0.9980565424791249
3140960_2555,3140960,O=C(NN1CCOCC1)c1ccc(Cl)c(Cl)c1,5,0.375,2.0301950645195785,0.9988797203333545
31834534_3062,31834534,Cc1ccc(NC(=O)CN2C(=O)CN(C)C2=O)cc1C,5,0.42424242424242425,1.4603687890386978,0.9996978886775172
20689377_1512,20689377,Cc1cccc(-c2nc(C[N@@H+](Cc3cnn(C)c3)C(C)C)c(C)o2)c1,5,0.3076923076923077,1.9142332668716233,0.9992247443711374
49883411_583,49883411,COc1ccc(F)c(C[N@H+]2CC[C@H](Cc3noc(C)n3)CC2)c1,5,0.352112676056338,1.071752769999002,0.9991046498804952
1533629_538,1533629,COc1ccc(C(=O)c2ccccc2)c(Oc2nc3c(c(=O)n(C)c(=O)n3C)n2C)c1,5,0.43859649122807015,2.5507763524068094,0.9987166526928778
42961472_1894,42961472,Cc1ccc(-c2noc(CCC(=O)N3CCCC3(C)C)n2)cc1F,5,0.34328358208955223,1.8775744991880015,0.9989370834748978
71010653_1371,71010653,O=C1N=C2C=CC=CN2C12Cc1ccccc1C2,5,0.24561403508771928,2.389360793183207,0.9994239131126637
71010653_1370,71010653,O=C1[NH+]=C2C=CC=CN2C12Cc1ccccc1C2,5,0.2786885245901639,1.531880543645524,0.999195759912242
49078022_2527,49078022,CCCn1cc(NC(=O)Nc2ccc(N3CCSCC3)cc2)cn1,5,0.4918032786885246,2.5656439737425796,0.9991157065208762
30231738_901,30231738,O=C(c1ccc(Cn2nnc(-c3cccc(F)c3)n2)cc1)N1CCCC1,5,0.4,2.0322034839060295,0.9984184855452308
32147565_1179,32147565,CN(C(=O)C1CCN(c2ncccn2)CC1)C1CCCCCCC1,5,0.5217391304347826,1.1438575086085714,0.9996136165625994
48237764_305,48237764,Clc1cccc(CNc2nc(C3CC3)no2)c1,5,0.40350877192982454,1.1019491821318366,0.9991840463074992
48237764_306,48237764,Clc1cccc(CNc2[nH+]c(C3CC3)no2)c1,5,0.41379310344827586,1.4260312058296856,0.9991281671211769
1536313_2018,1536313,C(=C/c1ccccc1)\C[NH2+]Cc1ccc2c(c1)OCO2,5,0.5106382978723404,1.5021467970875115,0.9979287181248943
3389897_1009,3389897,O=C(Nc1nccs1)c1c2c(nc3ccccc13)CCC2,5,0.5517241379310345,1.032879470218926,0.9997170224543833
145071_505,145071,COc1ccccc1CNC(=O)c1cnc(C2CCN(C(=O)C(C)(C)C)CC2)nc1C,5,0.41333333333333333,2.143338750641175,0.9989205296325429
415550_2325,415550,COCCCNc1ncc(-c2cc(C)no2)c(C(C)C)[nH+]1,5,0.42028985507246375,1.6323262541539392,0.9994653843391809
415550_2324,415550,COCCCNc1ncc(-c2cc(C)no2)c(C(C)C)n1,5,0.47761194029850745,1.387670349902811,0.9994598104906433
44563083_579,44563083,COC(=O)N1CCCN(C(=O)c2ccc(-c3ccccc3Cl)o2)CC1,5,0.36507936507936506,1.3118338309404924,0.999400905634829
73036824_211,73036824,O=C([C@H]1CC[C@@H](O)CC1)N1CCCN(c2ccc(F)cc2)CC1,5,0.4727272727272727,1.590835000872361,0.9986660565917854
36675429_240,36675429,C#CCNC(=O)C[N@H+]1CCCN(C(=O)c2cccc(C)n2)CC1,5,0.4305555555555556,1.5812498221336297,0.9994111997655661
36675429_239,36675429,C#CCNC(=O)CN1CCCN(C(=O)c2cccc(C)n2)CC1,5,0.4142857142857143,1.4108398208159831,0.9993893481439097
48314264_1535,48314264,Cc1[nH+]ccn1-c1cncc(N2CCN(CC3CCCC3)C(=O)C2)n1,5,0.29577464788732394,1.5414768892192992,0.9993011718148173
48314264_1534,48314264,Cc1nccn1-c1cncc(N2CCN(CC3CCCC3)C(=O)C2)n1,5,0.2857142857142857,1.9204775447788933,0.999038724411303
72972951_196,72972951,CC#CC(=O)N1CCC[C@@H]1c1[nH+]c(-c2ccc(C(=O)Nc3ccccn3)cc2)c2c(N)nccn12,5,0.3411764705882353,5.3410170379805315,0.9989616736629279
72972951_199,72972951,CC#CC(=O)N1CCC[C@@H]1c1[nH+]c(-c2ccc(C(=O)Nc3ccccn3)cc2)c2c(N)[nH+]ccn12,5,0.3333333333333333,6.705923202661766,0.9982800739176126
72972951_198,72972951,CC#CC(=O)N1CCC[C@@H]1c1nc(-c2ccc(C(=O)Nc3ccccn3)cc2)c2c(N)[nH+]ccn12,5,0.3333333333333333,2.17383256024885,0.9992472111246291
72972951_197,72972951,CC#CC(=O)N1CCC[C@@H]1c1nc(-c2ccc(C(=O)Nc3ccccn3)cc2)c2c(N)nccn12,5,0.34523809523809523,2.996362294517179,0.9993622222269924
177502491_3006,177502491,CCn1nc(CNC(=O)C2CCOCC2)c2ccccc21,5,0.6153846153846154,1.2407767728322074,0.999644435421321
95699457_3518,95699457,O=C1N=C(N2CCCCN2)S/C1=C\c1ccc(F)cc1O,5,0.21875,1.7562366013728754,0.9996731148532597
95699457_3519,95699457,O=C1N/C(=[N+]2/CCCCN2)S/C1=C\c1ccc(F)cc1[O-],5,0.18421052631578946,1.9497553692716894,0.9990857695028963
95699457_3517,95699457,O=C1N=C(N2CCCCN2)S/C1=C\c1ccc(F)cc1[O-],5,0.21052631578947367,1.7004284754139416,0.9990385223023401
95699457_3520,95699457,O=C1N/C(=[N+]2\CCCCN2)S/C1=C\c1ccc(F)cc1O,5,0.18518518518518517,2.1208594955819855,0.999608710673454
315272596_192,315272596,Nc1ncc(-c2cc([C@H]3[C@@H]4CN(C5COC5)C[C@@H]43)n(CC3CC3)n2)cc1C(F)(F)F,5,0.21052631578947367,4.0854215204799,0.9993072065889568
315272596_191,315272596,Nc1ncc(-c2cc([C@@H]3[C@@H]4C[N@@H+](C5COC5)C[C@@H]43)n(CC3CC3)n2)cc1C(F)(F)F,5,0.20491803278688525,3.8296712652651546,0.9991247101317352
5736794_3633,5736794,Cc1cn2c3c(=O)n(Cc4ccccc4Cl)c(=O)n(C)c3[nH+]c2n1-c1ccccc1[O-],5,0.25925925925925924,3.400442765288636,0.9993743687319104
5736788_3622,5736788,Cc1ccccc1Cn1c(=O)c2c([nH+]c3n(-c4ccccc4[O-])c(C)cn23)n(C)c1=O,5,0.2923076923076923,4.842909662589787,0.9995546387929144
5736788_3621,5736788,Cc1ccccc1Cn1c(=O)c2c([nH+]c3n(-c4ccccc4O)c(C)cn23)n(C)c1=O,5,0.2923076923076923,2.202601189503792,0.9996239842727137
5736794_3632,5736794,Cc1cn2c3c(=O)n(Cc4ccccc4Cl)c(=O)n(C)c3[nH+]c2n1-c1ccccc1O,5,0.25925925925925924,1.7797429589693148,0.9997921998463205
232868125_2785,232868125,Cc1nn(C)c(C)c1-c1cc(C(C)(C)C)nc(N2CCN(C)CC2)n1,5,0.5833333333333334,2.3617061629253526,0.9994490771966633
232868125_2784,232868125,Cc1nn(C)c(C)c1-c1cc(C(C)(C)C)nc(N2CC[NH+](C)CC2)n1,5,0.58,2.00889223205314,0.999152789260087
3409017_591,3409017,O=C(NCCc1ccc2c(c1)OCCO2)c1ccc2ccccc2n1,5,0.4406779661016949,1.9644077988032247,0.9986573285444679
37153210_3693,37153210,Cc1csc(-c2nnc(Nc3ccc(Oc4ncccc4-c4ccnc(N)n4)cc3)c3ccccc23)c1,5,0.26436781609195403,3.0852649805162815,0.9994773879981996
48638440_1849,48638440,Cc1ccccc1COC1CN(C(=O)Cn2c(=O)[nH]c3ccccc32)C1,5,0.5862068965517241,1.6815971574663333,0.9989700349016213
1527130_907,1527130,COc1cccc(CNc2[nH+]cc(-c3ccccc3)n2C)c1,5,0.47619047619047616,0.8737837261014876,0.9994601827732047
1527152_515,1527152,Cn1c(-c2ccccc2)c[nH+]c1NCc1ccccc1,5,0.38333333333333336,1.673357702345687,0.9991509434667913
35754185_1984,35754185,COc1cccc(CN(C)c2ncnc3c2CN(C)CC3)c1,5,0.5076923076923077,1.1653746178804412,0.9985352786486009
35754185_1983,35754185,COc1cccc(CN(C)c2ncnc3c2C[N@H+](C)CC3)c1,5,0.5076923076923077,1.240114510841625,0.9992291826111607
310450_2347,310450,COc1cc(C[N@@H+]2C[C@H]3CCc4c([nH]c(C)nc4=O)[C@H]3C2)cc(OC)c1OC,5,0.35294117647058826,2.2213201030016854,0.9990559350616111
310450_2348,310450,COc1cc(CN2C[C@H]3CCc4c([nH]c(C)nc4=O)[C@H]3C2)cc(OC)c1OC,5,0.35294117647058826,2.0939882998719552,0.9989310369442944
48210000_586,48210000,CC[N@H+]1CC[C@H](Nc2ncnc3c2cnn3C)CC1,5,0.40350877192982454,2.0831588993642525,0.999581915109666
48210000_587,48210000,CC[N@H+]1CC[C@H](Nc2[nH+]cnc3c2cnn3C)CC1,5,0.423728813559322,2.8614010554270877,0.999284602263078
35701590_270,35701590,CC[N@H+]1CC[C@H](N(C)c2[nH+]cnc3c2cnn3C)CC1,5,0.5454545454545454,2.6945734356298865,0.9993984774960779
35701590_269,35701590,CC[N@H+]1CC[C@H](N(C)c2ncnc3c2cnn3C)CC1,5,0.5283018867924528,2.541252447120888,0.9992892849053876
49942184_2509,49942184,c1cc(-c2nnc(NCc3cncs3)o2)ccn1,5,0.5098039215686274,2.514405297481029,0.9994880879971783
49942184_2511,49942184,c1cc(-c2n[nH]/c(=N/Cc3cncs3)o2)ccn1,5,0.5185185185185185,2.721776441958338,0.9996145046467139
49942182_2394,49942182,Cc1ncsc1C/N=c1\[nH]nc(-c2ccncc2)o1,5,0.5357142857142857,2.174929654035915,0.9996445610947655
49942182_2392,49942182,Cc1ncsc1CNc1nnc(-c2ccncc2)o1,5,0.5185185185185185,2.4584881533168823,0.9996615364972982
49942184_2510,49942184,c1cc(-c2n[nH+]c(NCc3cncs3)o2)ccn1,5,0.5283018867924528,3.106241619707332,0.9995938415640504
49942182_2393,49942182,Cc1ncsc1CNc1[nH+]nc(-c2ccncc2)o1,5,0.5357142857142857,2.8515232771277796,0.999574009288517
136115_2157,136115,CCC(C)(C)NC(=O)C1(Cc2ccc(-c3cc(F)ccc3OC)cc2)CCOCC1,5,0.410958904109589,2.5360611191370417,0.9981971546865681
50127813_892,50127813,O=C(NCc1cccc(F)c1)c1nn[n-]c1-c1ccccc1,5,0.4074074074074074,2.487088056342448,0.9993799181213934
50127813_893,50127813,O=C(NCc1cccc(F)c1)c1nn[nH]c1-c1ccccc1,5,0.4,2.083029284479868,0.9983150450893865
324135709_2547,324135709,COc1cc2nn(CCC(C)(C)O)cc2cc1NC(=O)c1ccn(C(F)F)n1,5,0.6027397260273972,2.1873161637038496,0.9997208495711862
Z57841791_1912,Z57841791,Cn1c(CNC(=O)Cc2ccccc2)[nH+]c2ccccc21,5,0.6875,1.8033840411846453,0.9987956603841919
Z57841791_1911,Z57841791,Cn1c(CNC(=O)Cc2ccccc2)nc2ccccc21,5,0.7021276595744681,0.6238765903599112,0.9997951653232119
32157229_1498,32157229,Fc1ccc(F)c2c(NCc3ccc(N4CCOCC4)nc3)ccnc12,5,0.30434782608695654,1.428649362160321,0.9991945992973533
32157229_1499,32157229,Fc1ccc(F)c2c(NCc3ccc(N4CCOCC4)nc3)cc[nH+]c12,5,0.3194444444444444,1.8350179835637297,0.9992812144001476
16298385_1471,16298385,Fc1ccccc1CNc1[nH+]c(-c2ccccc2)no1,5,0.5319148936170213,1.444810368180061,0.9984868953873243
16298385_1470,16298385,Fc1ccccc1CNc1nc(-c2ccccc2)no1,5,0.5217391304347826,1.8303308444101813,0.9986491200106662
48825778_1015,48825778,C[N@H+]1CC[C@@H](NS(=O)(=O)C2CN(C(=O)c3cccc(Cl)c3)C2)CC1,5,0.35384615384615387,1.2435272413585203,0.9991913926820465
48825778_1016,48825778,C[N@H+]1CC[C@@H]([N-]S(=O)(=O)C2CN(C(=O)c3cccc(Cl)c3)C2)CC1,5,0.35384615384615387,2.8303036939526187,0.9968978258702467
49946976_891,49946976,Cc1nn(C)c(NCc2ccc(F)c(Cl)c2)[nH+]1,5,0.45098039215686275,1.9965104557702447,0.9992029455778336
49354299_3274,49354299,Cn1nc[nH+]c1NCc1cc(F)cc(F)c1,5,0.4888888888888889,3.095249586059297,0.9988887681768722
49354299_3275,49354299,Cn1ncnc1NCc1cc(F)cc(F)c1,5,0.4883720930232558,1.4992004535756362,0.9989510017152586
49947026_2946,49947026,Cc1nn(C)c(NCc2ccc(F)cc2)[nH+]1,5,0.5111111111111111,2.1403530082675397,0.9993252754171147
24883078_315,24883078,COc1ccc(C2([NH2+]Cc3ccc(N4CCCC4=O)cc3)CC2)cc1,5,0.3387096774193548,2.324574584735829,0.9973412231565091
LN01309001_2974,LN01309001,CCCc1cc(C)[nH]c(=O)c1CNC(=O)c1cc(-c2ccc(N3CC[NH+](C(C)C)CC3)[nH+]c2)cc2c1cnn2C(C)C,5,0.30701754385964913,4.609494006938017,0.9978410724165071
LN01309001_2973,LN01309001,CCCc1cc(C)[nH]c(=O)c1CNC(=O)c1cc(-c2ccc(N3CC[NH+](C(C)C)CC3)nc2)cc2c1cnn2C(C)C,5,0.3153153153153153,4.527842422169607,0.9988075438978865
31592368_1596,31592368,Cn1c(CNc2ccc(C(N)=[NH2+])cc2)nc2cc(C(=O)N(CCC(=O)[O-])c3ccccn3)ccc21,5,0.2891566265060241,3.4519894264038222,0.9990371488746407
31592368_1597,31592368,Cn1c(CNc2ccc(C(N)=[NH2+])cc2)[nH+]c2cc(C(=O)N(CCC(=O)[O-])c3ccccn3)ccc21,5,0.2857142857142857,4.454274800683517,0.9983589898454933
23280366_2136,23280366,COc1ccc(CC(=O)N2CCc3[nH]c4ccc(Cl)cc4c3C2)cc1OC,5,0.4657534246575342,1.5302039079807244,0.9991132303470347
300430678_393,300430678,CC[NH+](CC)Cc1cccc(/C=C/c2nc3ccc(F)cc3c(=O)n2-c2ccccc2Cl)n1,5,0.24390243902439024,2.4416809783425895,0.9984908315544839
300430678_394,300430678,CCN(CC)Cc1cccc(/C=C/c2nc3ccc(F)cc3c(=O)n2-c2ccccc2Cl)n1,5,0.24390243902439024,2.243968359848163,0.9983309646716599
177498530_2421,177498530,Cc1cc(C(=O)N(C)CCCC2CCCC2)cc(C)n1,5,0.5,1.9174177948482531,0.9980701107199126
177498530_2422,177498530,Cc1cc(C(=O)N(C)CCCC2CCCC2)cc(C)[nH+]1,5,0.5,2.3839182032948423,0.9966444004563884
43947755_3231,43947755,COc1ccccc1CNc1cn[nH]c(=O)c1Cl,5,0.3559322033898305,2.8593408331291856,0.9976477045211319
43947755_3230,43947755,COc1ccccc1CNc1cnnc([O-])c1Cl,5,0.3389830508474576,2.6530608737834185,0.9988349602275206
177307791_2669,177307791,CC(C)Nc1ccc(-c2cc3c(cc2CO)OCCO3)cn1,5,0.30158730158730157,1.1382060446162863,0.9991936151359375
177307791_2670,177307791,CC(C)Nc1ccc(-c2cc3c(cc2CO)OCCO3)c[nH+]1,5,0.2786885245901639,1.8856728242193528,0.9985002832768561
3112768_3521,3112768,N#Cc1ccc(COc2cnc3ccccc3n2)cc1,5,0.4230769230769231,1.591104333473936,0.9987529790466538
324134429_2549,324134429,CC(C)(O)CCn1cc2cc(NC(=O)c3ccn(C(F)F)n3)c(OCC3COC3)cc2n1,5,0.5679012345679012,3.498037735646115,0.9994908521665736
82717689_2635,82717689,[NH3+]CCOc1cccc(CC(=O)N2CCCN(C(=O)C3CCC3)CC2)c1,5,0.625,1.5918259955156961,0.9988587912306872
82717689_2636,82717689,NCCOc1cccc(CC(=O)N2CCCN(C(=O)C3CCC3)CC2)c1,5,0.625,2.4216843312042835,0.9978268937940832
6843283_2758,6843283,CCOc1c2c(c(OCC)c3ccccc13)C(=O)N(c1ccc(C/C([O-])=N\S(=O)(=O)c3ccccc3)cc1)C2,5,0.2717391304347826,2.849515572864811,0.9966551033933752
193881_1843,193881,Cc1cc(-c2ccc(N)nc2)cc(C2CCN(C(=O)CCCc3ccc(F)c(C)c3)CC2)n1,5,0.43529411764705883,2.634637356449419,0.9971621095359895
193881_1844,193881,Cc1cc(-c2ccc(N)nc2)cc(C2CCN(C(=O)CCCc3ccc(F)c(C)c3)CC2)[nH+]1,5,0.41304347826086957,3.001846931474056,0.9979876800835689
44436449_768,44436449,CCn1ccc2cc(C(=O)N3CCN(c4ccc(C)cc4)C(=O)C3)ccc21,5,0.47692307692307695,2.050764003974918,0.9983730756739886
31912359_1736,31912359,CN(C)c1cc(CNC(=O)C2CCOCC2)ccn1,5,0.5833333333333334,1.3027367347244805,0.9991540210097068
31912359_1737,31912359,CN(C)c1cc(CNC(=O)C2CCOCC2)cc[nH+]1,5,0.574468085106383,1.8899066114496794,0.9979382058303534
198953_154,198953,Cc1cccnc1Nc1cccc([C@@H]2CCCN(CC(=O)Nc3nccs3)C2)n1,5,0.5063291139240507,2.2171862799519837,0.9996571409489432
198953_155,198953,Cc1cccnc1Nc1cccc([C@@H]2CCC[N@H+](CC(=O)Nc3nccs3)C2)n1,5,0.5061728395061729,3.8535318864657033,0.9994849475019443
36890321_1563,36890321,Cc1ccc(-n2cc(C(=O)NCC[NH+](C)C)nn2)cc1C,5,0.2894736842105263,2.1311442935664453,0.9995199300053302
31417877_2021,31417877,Cn1cc(C(=O)[O-])c(C2CCCCC2)n1,5,0.43103448275862066,2.3264152681754253,0.9980932679395081
36368096_2395,36368096,c1ccc(-c2nc(CSc3ccc(-n4cccn4)nn3)cs2)cc1,5,0.4918032786885246,2.5837714682221793,0.9986836507806596
9760971_753,9760971,O=C(Cn1c(-c2ccc(F)cc2)[nH+]c2ccccc21)N1CCOCC1,5,0.4,2.1158556188932076,0.9985212800960239
9760971_752,9760971,O=C(Cn1c(-c2ccc(F)cc2)nc2ccccc21)N1CCOCC1,5,0.4,1.409561633984357,0.9993853060866456
48773349_3015,48773349,O=C([O-])c1ccccc1COc1cccc2cccnc12,5,0.4,1.1242566432982979,0.9992737548352548
31412367_851,31412367,Cc1nn(-c2ccccn2)c2nc(C3CC3)cc(C(=O)[O-])c12,5,0.3559322033898305,3.4285266514929975,0.9986470644478629
44502768_422,44502768,CCNC(=O)c1cc(C2CC2)nc2c1c(C)nn2-c1ccccn1,5,0.3380281690140845,2.0368119697218905,0.9996374766957223
35754411_1804,35754411,CCN1CCc2ncnc(N3CCNc4ccccc4C3)c2C1,5,0.4482758620689655,1.639743577514451,0.9989899846199011
35754411_1803,35754411,CC[N@H+]1CCc2ncnc(N3CCNc4ccccc4C3)c2C1,5,0.43333333333333335,1.3561718180231963,0.9998193486722791
46041909_1799,46041909,Cc1cc2cc(C(=O)N(Cc3ccc4c(c3)OCO4)C3CC3)ccc2o1,5,0.35384615384615387,1.7356163170466479,0.9990876064757579
29936179_3447,29936179,C[C@H](CCc1ccccc1)[NH2+]C[C@@H](O)c1ccc(O)c(C(N)=O)c1,5,0.2698412698412698,2.493038708082944,0.997364725931513
29936179_3446,29936179,C[C@@H](CCc1ccccc1)[NH2+]C[C@H](O)c1ccc([O-])c(C(N)=O)c1,5,0.28125,2.3460464616034122,0.9976419095588818
43488186_3645,43488186,Cc1ccc2nc(C3CN(C(=O)Cc4cccc5ccccc45)C3)[nH]c2c1,5,0.4406779661016949,1.71510641069294,0.998446020237906
43488186_3647,43488186,Cc1ccc2[nH]c(C3CN(C(=O)Cc4cccc5ccccc45)C3)[nH+]c2c1,5,0.4262295081967213,1.679499032449602,0.9986904742225923
43488186_3646,43488186,Cc1ccc2[nH]c(C3CN(C(=O)Cc4cccc5ccccc45)C3)nc2c1,5,0.43333333333333335,0.820964067423395,0.9996322312852125
141603_705,141603,CC(C)CC(=O)N1CCC(Cc2cccc(-c3cncnc3)c2)(C(=O)NC(C)C)CC1,5,0.4605263157894737,2.0752009541247434,0.9980364228277795
231817334_1055,231817334,CSc1ncccc1C(=O)Nc1ccc(N2CCCCC2=O)cc1,5,0.5,1.5143873348649664,0.9992990024375604
300003450_97,300003450,O=S(=O)(c1cccc2cnccc12)N1CCCNCC1,5,0.5686274509803921,0.9929793552743715,0.9994204480168584
300003450_96,300003450,O=S(=O)(c1cccc2cnccc12)N1CCC[NH2+]CC1,5,0.5576923076923077,2.0124932298022693,0.997622906668909
48286431_744,48286431,Cc1nn(CC(C)(C)O)c(-c2ccc(Cl)c(Cl)c2)[nH+]1,5,0.3508771929824561,1.1119874100009495,0.9989440318222774
48243153_2919,48243153,N#CCn1nc[nH+]c1-c1cccc(C#N)c1,5,0.32142857142857145,2.739976459752885,0.998985981249816
49176426_919,49176426,CCCn1ncnc1-c1ccccc1SC,5,0.37254901960784315,1.7781957147624912,0.999175168759042
49176426_920,49176426,CCCn1nc[nH+]c1-c1ccccc1SC,5,0.37735849056603776,1.3073331633519707,0.9990292578916934
48286431_743,48286431,Cc1nc(-c2ccc(Cl)c(Cl)c2)n(CC(C)(C)O)n1,5,0.36363636363636365,1.4617475842291958,0.9981365136260012
48243153_2918,48243153,N#CCn1ncnc1-c1cccc(C#N)c1,5,0.32075471698113206,1.2087017829058584,0.9977150162591425
49125034_2725,49125034,C[C@H]1CC[C@@H](C[NH2+]C2(CCO)CCOCC2)CC1,5,0.44680851063829785,1.4616490686892536,0.9985026848423385
30020911_3402,30020911,Cn1cnnc1-c1cccc([N-]S(=O)(=O)c2ccc3c(c2)OCCCO3)c1,5,0.6721311475409836,2.7314206926069313,0.9971118501950729
30020911_3401,30020911,Cn1cnnc1-c1cccc(NS(=O)(=O)c2ccc3c(c2)OCCCO3)c1,5,0.6721311475409836,0.9853019841654933,0.9994085112128143
177501206_3049,177501206,CCCC1(CNC(=O)Cn2ccc(=O)cc2)CCC1,5,0.5918367346938775,2.1508798199806645,0.9986304422105579
495451_3317,495451,c1ccc(CC2=NCCN2)cc1,5,0.325,1.7958446480695502,0.9986652684275902
495451_3316,495451,c1ccc(CC2=[NH+]CCN2)cc1,5,0.2926829268292683,3.179840876521929,0.9940452423672202
46061355_912,46061355,CCc1ccccc1-c1cn(CCc2cnccn2)nn1,5,0.34328358208955223,1.6741027447561077,0.9994167724119994
2873332_2709,2873332,COc1cccc(Cc2cnc(N)s2)c1,5,0.40425531914893614,0.8428054342492233,0.999233415767529
50568787_1054,50568787,CN(CC(=O)Nc1cc(F)cc(F)c1)c1ccnc(C(N)=O)c1,5,0.38596491228070173,1.6970262225437323,0.9988911267321295
49314549_839,49314549,C[N@@H+](Cc1cccnc1)Cc1ccc(C#N)o1,5,0.3448275862068966,2.5407276516768182,0.999778276251729
49314549_838,49314549,CN(Cc1cccnc1)Cc1ccc(C#N)o1,5,0.3448275862068966,1.8060885914044171,0.9996669529608435
32106793_2130,32106793,Cc1cc(C)n(-c2cc(Nc3ccccc3C)ncn2)n1,5,0.32142857142857145,1.8526678061643156,0.9996409254870288
232833340_2313,232833340,COc1cccc(Oc2ccc(NC(=O)CN3CCOCC3)cn2)c1,5,0.6774193548387096,1.6799336296417033,0.9992139743283144
1487936_3691,1487936,N#Cc1cc2c(nc1SCc1cccnc1)CCCCCC2,5,0.3492063492063492,1.795140105952644,0.9981619439055318
235805596_1378,235805596,CC(C)(C)c1ccc(=O)n(C[C@H]2C[N@H+](CC3(O)CCCC3)C2)n1,5,0.3898305084745763,2.143592078731121,0.998581938573963
235805596_1379,235805596,CC(C)(C)c1ccc(=O)n(CC2CN(CC3(O)CCCC3)C2)n1,5,0.3793103448275862,2.503948082528875,0.9995892877089284
197589_1683,197589,Nc1nc(-c2ccccc2)nc2nc([C@@H]3CCC[N@H+](CC(=O)N4CCCC4)C3)ccc12,5,0.5757575757575758,2.235699443127785,0.9985994913606133
197589_1684,197589,Nc1nc(-c2ccccc2)[nH+]c2nc([C@H]3CCCN(CC(=O)N4CCCC4)C3)ccc12,5,0.5217391304347826,2.836937609465676,0.9979711009644854
197589_1682,197589,Nc1nc(-c2ccccc2)nc2nc([C@H]3CCCN(CC(=O)N4CCCC4)C3)ccc12,5,0.5555555555555556,2.411853851293864,0.9984051730386123
43958394_2992,43958394,COc1ccc(C[NH+]2CCN(C(=O)C3CCN(C(=O)C4CC4)CC3)CC2)cc1,5,0.5714285714285714,3.028112778612817,0.9990819851234984
48955399_3382,48955399,CC(C)c1ccc(CN2CCN(C(=O)C3CCN(C(=O)C4CC4)CC3)CC2)cc1,5,0.37037037037037035,3.8147361638782153,0.9970021697016032
43958394_2993,43958394,COc1ccc(CN2CCN(C(=O)C3CCN(C(=O)C4CC4)CC3)CC2)cc1,5,0.5,1.549813537171309,0.9987714206113827
48955399_3381,48955399,CC(C)c1ccc(C[NH+]2CCN(C(=O)C3CCN(C(=O)C4CC4)CC3)CC2)cc1,5,0.45,3.5855783354991053,0.9985557527170204
16223443_3066,16223443,CCOc1ccc(CNC(=O)Cn2ccc3cc(S(=O)(=O)N4CCCC4)ccc32)cc1,5,0.421875,2.364857923850423,0.9986197586833665
30000529_1089,30000529,CN(Cc1nc(=[NH2+])c2ccccc2[nH]1)Cc1ccc(F)cc1F,5,0.46153846153846156,2.4333567350474623,0.9991622304353132
30000529_1090,30000529,C[N@H+](Cc1nc(N)c2ccccc2n1)Cc1ccc(F)cc1F,5,0.43137254901960786,1.7199848836545049,0.9992266759977827
30000529_1088,30000529,CN(Cc1nc(N)c2ccccc2n1)Cc1ccc(F)cc1F,5,0.44,1.7247066417220487,0.997669323984671
177285116_1463,177285116,FC(F)(F)COc1ccc(C[N@@H+]2CCc3c(cnn3-c3ccccc3)C2)nn1,5,0.3037974683544304,1.8400934758869762,0.998680003080367
177285116_1464,177285116,FC(F)(F)COc1ccc(CN2CCc3c(cnn3-c3ccccc3)C2)nn1,5,0.2987012987012987,1.451428951068512,0.9984036013018458
44501962_2071,44501962,Cc1cc(C(=O)NC2CCN(C(=O)c3cc(C)sc3C)CC2)no1,5,0.3230769230769231,1.8466101375219701,0.9995515210993741
50334305_1074,50334305,Cc1sc(NC(=O)CN2CCO[C@H]([C@@H]3CCCO3)C2)c(C)c1C,5,0.30666666666666664,2.408776452890381,0.9977553238110595
320451104_3302,320451104,CNc1ccc(/C=C/c2ccc(OCCOCCOCCF)nc2)cc1,5,0.2898550724637681,2.1820224563464645,0.9972450401550415
48295458_3214,48295458,Cn1ccnc1-c1noc(NCc2ccccc2)n1,5,0.39655172413793105,1.481371661670297,0.9996013810673223
48295458_3213,48295458,Cn1cc[nH+]c1-c1noc(NCc2ccccc2)n1,5,0.38235294117647056,3.588691962261579,0.998782821263475
202901_1522,202901,Cc1nc(N)c2c(C(F)(F)F)cc(C3CCN(C(=O)Cc4ccc(F)cc4)CC3)nc2n1,5,0.37662337662337664,1.769832477947827,0.9987222458152265
202901_1523,202901,Cc1nc(=[NH2+])c2c(C(F)(F)F)cc(C3CCN(C(=O)Cc4ccc(F)cc4)CC3)nc2[nH]1,5,0.3717948717948718,2.2975980936621103,0.9984784540604907
198935_2128,198935,CCc1nnc(Nc2cccc([C@@H]3CCC[N@H+](CC(=O)N4CCCC4)C3)n2)s1,5,0.5342465753424658,2.8103508677741327,0.9989318100463596
198935_2129,198935,CCc1n[nH]/c(=N\c2cccc([C@H]3CCCN(CC(=O)N4CCCC4)C3)n2)s1,5,0.5072463768115942,1.5461115742407867,0.9989081145944746
198935_2127,198935,CCc1nnc(Nc2cccc([C@@H]3CCCN(CC(=O)N4CCCC4)C3)n2)s1,5,0.5142857142857142,2.4743845699486746,0.9989736817043211
43366944_1213,43366944,CC(C)c1cc(C(=O)N2Cc3ccc(C[N@H+]4CC[N@H+](C)CC4)cc3C2)c([O-])cc1O,5,0.26582278481012656,3.899373282976918,0.998975271077709
43366944_1210,43366944,CC(C)c1cc(C(=O)N2Cc3ccc(C[NH+]4CCN(C)CC4)cc3C2)c([O-])cc1O,5,0.2857142857142857,3.817387064472289,0.9973047572368477
43366944_1212,43366944,CC(C)c1cc(C(=O)N2Cc3ccc(C[NH+]4CCN(C)CC4)cc3C2)c(O)cc1[O-],5,0.2911392405063291,3.6866874019910894,0.9982781002749735
43366944_1207,43366944,CC(C)c1cc(C(=O)N2Cc3ccc(CN4CC[NH+](C)CC4)cc3C2)c([O-])cc1O,5,0.2753623188405797,3.7192060980806407,0.9975465447450768
43366944_1209,43366944,CC(C)c1cc(C(=O)N2Cc3ccc(CN4CC[NH+](C)CC4)cc3C2)c(O)cc1[O-],5,0.2753623188405797,3.5555085430918036,0.9982651620375764
43366944_1211,43366944,CC(C)c1cc(C(=O)N2Cc3ccc(C[NH+]4CCN(C)CC4)cc3C2)c(O)cc1O,5,0.29850746268656714,3.253485054522403,0.9994746355592123
43366944_1208,43366944,CC(C)c1cc(C(=O)N2Cc3ccc(CN4CC[NH+](C)CC4)cc3C2)c(O)cc1O,5,0.26865671641791045,2.8991117605224463,0.999328818492173
53749740_2369,53749740,Clc1ccc(CSc2nc(-c3ccccc3)c[nH]2)cn1,5,0.43137254901960786,1.1811320840616901,0.999598766320728
53749740_2370,53749740,Clc1ccc(CSc2[nH]cc(-c3ccccc3)[nH+]2)cn1,5,0.4230769230769231,1.1100824293720295,0.9995647511193874
42961078_674,42961078,Cc1nc(Cl)cc(Nc2cnn(C(C)(C)C)c2)n1,5,0.4107142857142857,1.869330361384441,0.9994721040878121
36906076_1538,36906076,O=C1CN(C(=O)c2ccc(F)cc2)CCN1,5,0.5,1.4674447178684227,0.9996591359021976
177420398_3143,177420398,CC(C)Cc1nnc(-c2ccc(N3CC[NH+](C)CC3)cc2)[nH]1,5,0.2923076923076923,2.0840266313075473,0.9980536145994987
222788220_2525,222788220,COCCc1nnc(-c2ccc(N3CC[NH+](C)CC3)cc2)[nH]1,5,0.30303030303030304,2.461333581617815,0.9995780517386027
222788220_2526,222788220,COCCc1nnc(-c2ccc(N3CCN(C)CC3)cc2)[nH]1,5,0.28125,1.65601660619693,0.9988515948605785
177420398_3144,177420398,CC(C)Cc1nnc(-c2ccc(N3CCN(C)CC3)cc2)[nH]1,5,0.2698412698412698,2.020763469582777,0.9979709708305532
48762012_2947,48762012,Cc1cc(C(=O)Nc2nnc3n2CCCC3)n(C)n1,5,0.36764705882352944,1.4809821065774618,0.9997976056329068
45659871_701,45659871,O=c1cc(CN2CCCCc3ccccc32)[nH]c2ccnn12,5,0.4444444444444444,1.8155365598076643,0.9994367546700424
32131885_1686,32131885,CC(C)(C)[N@@H+]1CCCN(C(=O)CNc2ccc(C#N)cc2)CC1,5,0.4528301886792453,1.5849596209367374,0.9986180772482661
177370206_3344,177370206,Cc1cc(C)n2nc(C)c(C(=O)NCCc3nnc(C)s3)c2n1,5,0.5714285714285714,1.4952819132193407,0.999609039467434
49655478_1822,49655478,COc1cccc(-c2ccc(C(=O)N(C)Cc3c(C)nn(C(C)C)c3C)o2)c1,5,0.3176470588235294,2.469529914781786,0.9993211308961762
1530850_3591,1530850,CCOC(=O)c1ccc(OCC(=O)c2c[nH]c3ccccc23)cc1,5,0.3333333333333333,1.6651429368073867,0.9981706724989065
30062609_2940,30062609,CC(=O)N1CCN(C(=O)CS(=O)(=O)[C@]23C[C@H]4C[C@H](C[C@H](C4)C2)C3)CC1,5,0.2857142857142857,2.200422913895731,0.997835743727629
177444153_2283,177444153,Cn1cc(-c2cccc3c(C(N)=O)cccc23)cn1,5,0.35185185185185186,1.3733579285824409,0.9993403618817532
877450_1653,877450,O[C@@](Cn1cncn1)(Cn1c[nH+]cn1)c1ccc(F)cc1F,5,0.31666666666666665,2.44214680148427,0.9990898581034557
877450_1652,877450,OC(Cn1cncn1)(Cn1cncn1)c1ccc(F)cc1F,5,0.37254901960784315,2.1002737916753955,0.9994755989580755
32234428_93,32234428,Cc1nnc(-c2ccc3occ(-c4ccc([S@@](C)=O)cc4)c3c2)o1,5,0.3050847457627119,1.872509011994162,0.9984666273347206
50335071_2475,50335071,CSc1nnc(CCCNc2cc(C)cc[nH+]2)n1C1CCCC1,5,0.2564102564102564,2.365673265690228,0.9987011006337531
50335071_2474,50335071,CSc1nnc(CCCNc2cc(C)ccn2)n1C1CCCC1,5,0.30434782608695654,1.8516932791370593,0.9992756822570291
29566339_377,29566339,N#Cc1ccc(-c2csc(CCN3CCCC3=O)n2)cc1,5,0.5901639344262295,1.7915345377637502,0.9983440561699986
49155578_1355,49155578,Fc1ccc(-n2nc(C3CCOCC3)nc2-c2cn[nH]c2)c(F)c1,5,0.48484848484848486,1.9238617413944636,0.9996147457029777
49155578_1354,49155578,Fc1ccc(-n2nc(C3CCOCC3)[nH+]c2-c2cn[nH]c2)c(F)c1,5,0.4925373134328358,2.2422439653164257,0.99907546242397
43251079_2206,43251079,Cc1cc(C(=O)NCC2CC2)n2nccc2n1,5,0.5490196078431373,1.175477349845738,0.9996986838232462
49646610_264,49646610,CCN(C/C=C/c1ccc(F)cc1)Cc1nc(COC)no1,5,0.2835820895522388,1.9142646107578398,0.9980804379704445
49646610_265,49646610,CC[N@@H+](C/C=C/c1ccc(F)cc1)Cc1nc(COC)no1,5,0.2835820895522388,1.5764479058948744,0.9986707878771879
222778471_2843,222778471,Cc1n[nH]c(C)c1CCCN(C)c1cncc(C(=O)N(C)C)n1,5,0.4745762711864407,2.0669632314094306,0.9994446489015805
93428812_652,93428812,CCS(=O)(=O)Nc1ccc(Oc2ccc(F)cc2F)c(-c2cn(C)c(=O)c3[nH]ccc23)c1,5,0.27848101265822783,2.177375025115801,0.9994349677758037
93428812_653,93428812,CCS(=O)(=O)[N-]c1ccc(Oc2ccc(F)cc2F)c(-c2cn(C)c(=O)c3[nH]ccc23)c1,5,0.23170731707317074,4.004465382545057,0.9990511543698402
73045134_2881,73045134,CC(=O)c1ccc2c(c1)CC[N@H+](CC1CCC3(CC1)OCCO3)CC2,5,0.5769230769230769,2.5134537990577748,0.9968281597823554
43664822_1163,43664822,Cc1nc(CN2C(=O)CN(C3CCCC3)C2=O)nc2ccccc12,5,0.32786885245901637,1.9739037463871003,0.9995164255056851
73019704_2298,73019704,O=C(Nc1ccc2c(c1)N(CC(F)F)C(=O)CS2)C1CC=CC1,5,0.2619047619047619,1.0365654827363677,0.9992121050187068
408502_1033,408502,Cc1nc(N(C)Cc2ccccc2)c2c([nH+]1)C[N@@H+](Cc1ccccc1)CC2,5,0.4406779661016949,2.1911556311680904,0.9980844587298455
408502_1030,408502,Cc1nc2c(c(N(C)Cc3ccccc3)n1)CC[N@@H+](Cc1ccccc1)C2,5,0.4642857142857143,1.4250536831993177,0.9988522712293308
408502_1032,408502,Cc1nc(N(C)Cc2ccccc2)c2c([nH+]1)CN(Cc1ccccc1)CC2,5,0.4406779661016949,2.4151385053450563,0.9985209204244534
408502_1031,408502,Cc1nc2c(c(N(C)Cc3ccccc3)n1)CCN(Cc1ccccc1)C2,5,0.45614035087719296,1.9486523548342607,0.9982705471126012
5536034_1444,5536034,Cc1ccccc1CSc1ccc(-c2ccccn2)nn1,5,0.26666666666666666,0.885714965437978,0.9995206489798601
16744002_680,16744002,CCONC(=O)c1cncn1-c1ccc(F)cc1,5,0.2987012987012987,1.3034327754054873,0.9992871022728914
36703704_971,36703704,Cc1nccn1-c1ccc(F)cc1CNC(=O)C(C)C,5,0.359375,0.8620342220579157,0.9996070194187912
16744002_681,16744002,CCONC(=O)c1c[nH+]cn1-c1ccc(F)cc1,5,0.2786885245901639,1.550149992742416,0.9992405549205232
38813764_2239,38813764,Cc1cc(-n2ccnc2)ccc1C(=O)[O-],5,0.36065573770491804,3.8427698343771652,0.9947019119391391
36703704_972,36703704,Cc1[nH+]ccn1-c1ccc(F)cc1CNC(=O)C(C)C,5,0.34375,1.985398700512991,0.9990157386829964
38813764_2240,38813764,Cc1cc(-n2cc[nH+]c2)ccc1C(=O)[O-],5,0.36666666666666664,4.7395349982883035,0.9977259024059114
177285754_2282,177285754,CCC(C)(C)[NH+]1CCN(C(=O)Nc2cnn(CC(C)C)c2C(F)F)CC1,5,0.4,1.791010608567954,0.99923180469213
278832_792,278832,O=C(C(c1ccccc1)c1ccccc1)N1CCOC[C@H](Cc2ccc3cnccc3c2)C1,5,0.43037974683544306,1.8533855508228863,0.9982559992111203
53798267_3250,53798267,COCCN(C)c1ccc(CN2CCc3nn(C)c(=O)cc3C2)c[nH+]1,5,0.3333333333333333,2.274391786830007,0.9973794534266747
53798267_3248,53798267,COCCN(C)c1ccc(C[N@H+]2CCc3nn(C)c(=O)cc3C2)cn1,5,0.4722222222222222,2.212680727081884,0.9993542062563914
53798267_3249,53798267,COCCN(C)c1ccc(CN2CCc3nn(C)c(=O)cc3C2)cn1,5,0.4788732394366197,2.170478518668454,0.9974134015642937
33362309_1374,33362309,COc1ccc(-c2csc3ncnc(Oc4ccc(C)nc4)c23)cc1,5,0.5,1.534609070740397,0.9994609114015064
49951918_2049,49951918,Cc1cccc(NCC2CCN(C(=O)c3ccccc3)CC2)n1,5,0.47368421052631576,1.6513182612685837,0.9990165239459271
49951918_2050,49951918,Cc1cccc(NCC2CCN(C(=O)c3ccccc3)CC2)[nH+]1,5,0.423728813559322,1.207825318496205,0.9990708384709699
36440866_1914,36440866,CC(=O)N1CCC(Cn2cc[nH+]c2-c2cc3ccccc3s2)CC1,5,0.38571428571428573,2.6898830829612037,0.9993893528363005
36440866_1915,36440866,CC(=O)N1CCC(Cn2ccnc2-c2cc3ccccc3s2)CC1,5,0.40298507462686567,1.2805018547427587,0.99918973090429
42923335_375,42923335,Cc1cc(NC(=O)C2CCOCC2)sn1,5,0.34,1.157010803753172,0.9998144701258647
300480727_1806,300480727,CCc1noc(-c2ccc(CC[NH3+])cc2)n1,5,0.3333333333333333,2.0338950317062525,0.998016258734856
32437102_815,32437102,COCc1cc(-c2nnc(CCc3ccccc3)[nH]2)ccc1OC,5,0.3728813559322034,1.2289820991370117,0.998873878076291
327160_2378,327160,CNc1ncc(CN(C)CC[NH+]2CCCCC2)cn1,5,0.37254901960784315,2.387916665212747,0.9989199423870905
327160_2379,327160,CNc1ncc(C[N@@H+](C)CCN2CCCCC2)cn1,5,0.25,1.6302260579439447,0.9981445502697174
327160_2377,327160,CNc1ncc(C[N@H+](C)CC[NH+]2CCCCC2)cn1,5,0.37254901960784315,2.0559029646362377,0.9980262805090103
316786090_3492,316786090,Cc1nc2cc(C(=O)N[C@@]34CCC[C@H]3[NH2+]CC4)ccc2c(=O)[nH]1,5,0.5230769230769231,2.017061972275655,0.9993572665468101
316786090_3491,316786090,Cc1nc(=O)c2ccc(C(=O)N[C@@]34CCC[C@@H]3[NH2+]CC4)cc2[nH]1,5,0.5151515151515151,2.531981437530067,0.999426319754689
44598747_1266,44598747,CCNC(=O)N1CCC2(CCc3ccccc3O2)CC1,5,0.5,1.567212812606971,0.9987692874234149
44598735_1265,44598735,CCOCC(=O)N1CCC2(CCc3ccccc3O2)CC1,5,0.36507936507936506,1.3985227920918806,0.9994062268664908
32033566_391,32033566,COc1ccccc1CNC(=O)[C@@H](C)[N@H+]1CCCN(c2ccccc2C#N)CC1,5,0.38666666666666666,2.064843093312185,0.9989264319902773
32033566_390,32033566,COc1ccccc1CNC(=O)[C@H](C)N1CCCN(c2ccccc2C#N)CC1,5,0.3698630136986301,2.3468297765286907,0.998492082072293
30640320_770,30640320,Cc1nn(C)c(C)c1NC(=O)CN1CCN(c2nccs2)CC1,5,0.5357142857142857,2.769709371034753,0.9995359451498191
49089949_2663,49089949,O=C(Nc1ccc(Cl)nc1)N[C@H]1CC[N@H+](C2CCCC2)CC1,5,0.47540983606557374,2.526608002837539,0.9985578697150709
44551324_1393,44551324,Cc1ccc([N-]S(C)(=O)=O)c(C(=O)N(C)c2ccc3ccccc3c2)c1,5,0.58,2.4350036960957078,0.9951249606147532
44551324_1392,44551324,Cc1ccc(NS(C)(=O)=O)c(C(=O)N(C)c2ccc3ccccc3c2)c1,5,0.58,1.6007085930926475,0.9979677709488315
1195337_728,1195337,Nc1ccc2nc(CCc3ccccc3)[nH]c2c1,5,0.3958333333333333,1.4600434925031736,0.9993080383526933
1195337_730,1195337,Nc1ccc2[nH+]c(CCc3ccccc3)[nH]c2c1,5,0.3958333333333333,2.251917405235034,0.9985755532088623
1195337_729,1195337,Nc1ccc2[nH]c(CCc3ccccc3)nc2c1,5,0.425531914893617,1.6539313770530844,0.9992740001544627
30016064_649,30016064,Cc1nn(C)c2ncc(C(=O)Nc3ccc4c(c3)CCO4)cc12,5,0.46875,1.6124248819712892,0.9997280984239958
320364216_127,320364216,Cn1cc(Nc2nc(N)nc(-c3cccc(-n4ccc5cc(C6CC6)cc(F)c5c4=O)c3CO)n2)cn1,5,0.25510204081632654,4.405701987197697,0.9985362415974719
48820442_1057,48820442,O=C(Cc1ccc(Cl)c(Cl)c1)N1CC(n2ccnn2)C1,5,0.3728813559322034,1.5437655262376615,0.9973474085708597
25018171_740,25018171,CN(Cc1ccc2c(c1)OCO2)Cc1ccccc1C#N,5,0.6086956521739131,2.0149312643363486,0.9982366056826919
25018171_739,25018171,C[N@@H+](Cc1ccc2c(c1)OCO2)Cc1ccccc1C#N,5,0.6086956521739131,1.779328525033989,0.9993635386871917
43241226_2059,43241226,Cn1nc(C2CC[NH2+]CC2)c2cccnc21,5,0.30357142857142855,1.8586559660140356,0.9994545844019627
2205552_1699,2205552,C[N@@H+](CCOCCOc1ccccc1-c1ccccc1)Cc1ccccc1,5,0.391304347826087,1.7429397579949863,0.9982930469852351
2205552_1700,2205552,CN(CCOCCOc1ccccc1-c1ccccc1)Cc1ccccc1,5,0.3829787234042553,3.5958334221706445,0.9970235915515946
49320295_1299,49320295,Cc1cc(C)[nH+]c(NC(=O)N(C)C2CCC2)c1,5,0.3269230769230769,1.656745605094427,0.9991634369004179
49320295_1298,49320295,Cc1cc(C)nc(NC(=O)N(C)C2CCC2)c1,5,0.4230769230769231,1.2332903145651364,0.9992918346882815
49335777_1711,49335777,Cn1cc(C[NH+]2CCN(c3ccccc3O)CC2)c(-c2ccncc2)n1,5,0.3559322033898305,1.487181898759298,0.9994948567843112
49335777_1712,49335777,Cn1cc(CN2CCN(c3ccccc3O)CC2)c(-c2ccncc2)n1,5,0.328125,1.8040379707751153,0.9991221961214982
5965122_2187,5965122,CCC(=O)NCCNC(=O)c1cc(-c2ccccc2)nc2ccccc12,5,0.6666666666666666,1.8479675321822866,0.9992407978807465
31878736_638,31878736,CN(Cc1ccccc1)C(=O)c1ccc(-n2cccn2)nc1,5,0.5344827586206896,2.107209054650281,0.9985191110785084
232859591_2562,232859591,Cc1ncc(-c2ccc(C)c(S(=O)(=O)NCc3cnn(C)c3C)c2)o1,5,0.578125,1.9529562207072315,0.9997406125925972
232859591_2563,232859591,Cc1ncc(-c2ccc(C)c(S(=O)(=O)[N-]Cc3cnn(C)c3C)c2)o1,5,0.578125,4.113496566183132,0.9990028102388535
50282425_712,50282425,COc1ccc(C(=O)C2CCN(CC(=O)N(Cc3nc(=O)c4c([nH]3)CCOC4)CC3CC3)CC2)cc1,5,0.2808988764044944,2.8687274182118374,0.9982293190384302
50282425_713,50282425,COc1ccc(C(=O)[C@H]2CC[N@H+](CC(=O)N(Cc3nc(=O)c4c([nH]3)CCOC4)CC3CC3)CC2)cc1,5,0.28735632183908044,3.3246760744468418,0.9979722814154013
53882383_2135,53882383,CNC(=O)N1CCc2nc3ccc(Cl)cn3c(=O)c2C1,5,0.34328358208955223,1.7704937164531491,0.9992532436963348
53882535_2133,53882535,CCNC(=O)N1CCc2nc3ccc(F)cn3c(=O)c2C1,5,0.34782608695652173,1.6102152030087418,0.9996348074486285
53882535_2132,53882535,CCNC(=O)N1CCc2[nH+]c3ccc(F)cn3c(=O)c2C1,5,0.34782608695652173,1.8693929495962434,0.9997484064561781
53882383_2134,53882383,CNC(=O)N1CCc2[nH+]c3ccc(Cl)cn3c(=O)c2C1,5,0.34328358208955223,2.2552518706345985,0.999497251076933
48923065_3464,48923065,COc1ccc(C(=O)N2CCN(C(=O)/C=C/c3ccc(Br)cc3)CC2)cc1,5,0.3584905660377358,1.7154279349482329,0.9983376559572575
49304907_567,49304907,Cc1nc(-c2ccccc2)ccc1C(=O)N1CCCS1(=O)=O,5,0.29411764705882354,1.4521039907665438,0.9974592523647481
17091023_258,17091023,Cc1nn(-c2ccc(C(=O)[O-])cc2C#Cc2ccccc2)c(C)c1C,5,0.3064516129032258,2.88459165221001,0.9973506504053985
31929988_595,31929988,COc1cccc(NC(=O)CNc2cccc(-c3ccnc(C)n3)c2)c1,5,0.5873015873015873,2.1779024312398434,0.9990913628023875
31929992_1907,31929992,Cc1nccc(-c2cccc(NCC(=O)N(C)c3ccccc3)c2)n1,5,0.5932203389830508,1.2443994535516212,0.9991728118877051
300525339_369,300525339,CC(C)c1cnn2c(NCc3ccccc3)cc(NCCCCCC[NH3+])[nH+]c12,5,0.28169014084507044,3.1683330001751617,0.9994583155649773
300525339_370,300525339,CC(C)c1cnn2c(NCc3ccccc3)cc(NCCCCCC[NH3+])nc12,5,0.25,2.2863015986526816,0.9996657829177191
53751990_2928,53751990,Cc1ccc(F)cc1S(=O)(=O)[N-]c1ccc(C(=O)N2CCCC2)cc1,5,0.5,2.5599384758233237,0.9944823166758966
53751990_2929,53751990,Cc1ccc(F)cc1S(=O)(=O)Nc1ccc(C(=O)N2CCCC2)cc1,5,0.5,1.858169529402459,0.9984724147119866
31856310_1577,31856310,Cc1cc(CN2CCN(c3ncccn3)CC2)on1,5,0.46808510638297873,1.1151488689856148,0.9994440835209654
31856310_1578,31856310,Cc1cc(C[NH+]2CCN(c3ncccn3)CC2)on1,5,0.4897959183673469,2.475934571025986,0.999019403540684
136045_2099,136045,COc1ccccc1-c1ccc(CC2(C(=O)NC3CC3)CCOCC2)cc1,5,0.4307692307692308,2.108831192864827,0.9991475340315917
20593051_1657,20593051,Cc1ccc(CN(C)C(=O)c2cn(Cc3ccccc3F)nn2)cc1,5,0.36065573770491804,1.6597313035548324,0.9982486555771348
49992529_417,49992529,CCn1cc([C@H]2CC[N@@H+](Cc3ccc(C#N)cc3)CC2)cn1,5,0.42857142857142855,1.9684039219631315,0.9978828659091888
49942032_2294,49942032,CC(C)Oc1ccc(C#N)cc1N[C@H]1CC[N@@H+](C)CC1,5,0.42105263157894735,1.9370477536699946,0.9987914693707076
36747881_3511,36747881,Cc1cccc(NC2CCN(C(=O)OC(C)(C)C)CC2)c1,5,0.3870967741935484,1.4206889173920136,0.9984510767031196
11826916_3525,11826916,Nc1[nH+]c2c3ccccc3oc2c2ccccc12,5,0.2641509433962264,1.1017703935036143,0.999589529223597
11826916_3524,11826916,Nc1nc2c3ccccc3oc2c2ccccc12,5,0.34,1.433040125049221,0.9995432052461609
104336618_2612,104336618,CN1CCC[n+]2c1cc(OCc1cc(F)c(Oc3ccc(C(F)(F)F)nc3)c(F)c1)[nH]c2=O,5,0.5714285714285714,2.667488519188212,0.9989181806954587
417952_2917,417952,O=c1c2sccc2nc2n1CC[N@H+](Cc1ccc(F)cc1F)CC2,5,0.5,2.0225679222210573,0.99909599705148
335958_3360,335958,O=c1c2sccc2nc2n1CCN(Cc1cc(F)ccc1F)CC2,5,0.4918032786885246,2.438831277476866,0.999014345777891
417952_2916,417952,O=c1c2sccc2nc2n1CCN(Cc1ccc(F)cc1F)CC2,5,0.4918032786885246,2.3179905090401194,0.9990846192621322
335958_3361,335958,O=c1c2sccc2nc2n1CC[N@H+](Cc1cc(F)ccc1F)CC2,5,0.5,1.993526272713161,0.9993368388436709
53839716_3099,53839716,COC(=O)C1=NO[C@]2(CC[N@H+](CCCCCF)CC2)C1,5,0.3125,1.7463848373138549,0.9986713434574622
53777863_3312,53777863,COC(=O)C1=NO[C@]2(CC[N@@H+](CCC(C)(C)C)CC2)C1,5,0.2571428571428571,1.7830647772865258,0.9983552094060613
25000139_551,25000139,CN(CC(=O)Nc1cccc(F)c1)C(=O)c1cccc(C#N)c1,5,0.5882352941176471,1.5072252651809634,0.9985638383066008
49337535_3380,49337535,Cc1cc(NCC2(c3ccncc3)CC2)nc[nH+]1,5,0.3103448275862069,1.0492282878380215,0.9995927244775826
49337535_3379,49337535,Cc1cc(NCC2(c3ccncc3)CC2)ncn1,5,0.30357142857142855,1.271931995037053,0.9994612835060563
32093544_233,32093544,CC[N@H+]1CC[C@H](CNC(=O)c2cc(C)nc3cc(F)ccc23)CC1,5,0.44776119402985076,1.6368842353687922,0.9989092616400908
53880275_1007,53880275,O=C(Cc1ccccc1F)N1CCN(c2[nH+]ccn3nc4c(c23)CCCC4)CC1,5,0.5606060606060606,2.4544826338766303,0.9993892738179694
53880275_1006,53880275,O=C(Cc1ccccc1F)N1CCN(c2nccn3nc4c(c23)CCCC4)CC1,5,0.5692307692307692,2.8907322601719665,0.9978983330522935
217047_503,217047,Cc1c[nH]nc1[C@]1(C)CC[N@H+](Cc2cnn(C)c2)CC1,5,0.32786885245901637,2.6182763414136545,0.9996491079071244
217047_502,217047,Cc1cn[nH]c1[C@]1(C)CC[N@H+](Cc2cnn(C)c2)CC1,5,0.3333333333333333,2.9592874142269543,0.9996068812931819
20536111_2657,20536111,O=C(CC1c2ccccc2CCc2ccccc21)NCC[NH+]1CCOCC1,5,0.3389830508474576,1.9140859437338609,0.9982493037785999
20536111_2658,20536111,O=C(CC1c2ccccc2CCc2ccccc21)NCCN1CCOCC1,5,0.3157894736842105,2.447997753267042,0.9994027707549785
73052466_3707,73052466,CCOC(=O)CC[N@@H+]1CCC=C(Br)C1,5,0.26785714285714285,2.0509258884708093,0.9966892209650365
73052466_3708,73052466,CCOC(=O)CCN1CCC=C(Br)C1,5,0.2777777777777778,2.2507898613597486,0.9976704036781335
29689751_2023,29689751,O=C(NCc1cccnc1)c1sccc1-c1ccccc1,5,0.4909090909090909,1.5216339901565694,0.9996643324994361
329184_1616,329184,Cc1cnc(-c2nc(NCc3ccccn3)ncc2-c2onc(C)c2C)cn1,5,0.3466666666666667,2.403209936731154,0.9993726743168075
329184_1617,329184,Cc1cnc(-c2[nH+]c(NCc3ccccn3)ncc2-c2onc(C)c2C)cn1,5,0.36363636363636365,3.2580254756517313,0.9995107784722496
1516596_3672,1516596,Cc1ccc(C(=O)COC(=O)c2cc(=O)[nH]c3ccccc23)cc1,5,0.3220338983050847,2.0586269696086883,0.9976002456069956
49968150_1107,49968150,Cc1cc(N(C)Cc2ccc(N)nc2)nc(-c2ccncc2)[nH+]1,5,0.5636363636363636,1.5374052816353303,0.9993571766410854
49968150_1106,49968150,Cc1cc(N(C)Cc2ccc(N)nc2)nc(-c2ccncc2)n1,5,0.56,1.8885544736649205,0.9993801204434737
42902190_105,42902190,Cc1ncc(CN2CC[C@H](Nc3ccc4nnnn4n3)[C@@H](C)C2)s1,5,0.2631578947368421,1.632280919449881,0.9992316868973028
42902190_104,42902190,Cc1ncc(C[N@H+]2CC[C@@H](Nc3ccc4nnnn4n3)[C@@H](C)C2)s1,5,0.2597402597402597,2.613397788321198,0.9996265415814749
2500471_3548,2500471,Cc1ccc(-c2[nH]c3ccccc3[nH+]2)cc1NS(=O)(=O)c1ccc(Cl)cc1,5,0.3150684931506849,1.3628026269424784,0.9994157472237103
4498619_596,4498619,O=S(=O)(Nc1cccc(-c2nc3ccccc3[nH]2)c1)c1ccc(Cl)cc1,5,0.3380281690140845,1.5029830338363415,0.9994371489801184
4498619_597,4498619,O=S(=O)(Nc1cccc(-c2[nH]c3ccccc3[nH+]2)c1)c1ccc(Cl)cc1,5,0.3380281690140845,1.4002271244332678,0.9994506654021775
2500471_3547,2500471,Cc1ccc(-c2nc3ccccc3[nH]2)cc1NS(=O)(=O)c1ccc(Cl)cc1,5,0.3150684931506849,1.9495684137783158,0.9992402078714616
43021928_3679,43021928,CCCCOc1ccccc1-c1cc(C(=O)NCCc2cccs2)n[nH]1,5,0.3472222222222222,3.1458587063004027,0.9988918894792446
43021928_3680,43021928,CCCCOc1ccccc1-c1cc(C(=O)NCCc2cccs2)[nH]n1,5,0.3150684931506849,2.913864615935604,0.9990458596985327
177361051_3059,177361051,COc1ccc(OC)c(Cn2cnc3cn(C)nc3c2=O)c1,5,0.34285714285714286,1.6471788002521608,0.999240865870037
72973086_1333,72973086,CC(C)(O)CNc1ncc(-c2ccnc(Nc3ccnc(Cl)c3)n2)c(CC2CC2)[nH+]1,5,0.345679012345679,4.58366774537636,0.9991592772954905
72973086_1332,72973086,CC(C)(O)CNc1ncc(-c2ccnc(Nc3ccnc(Cl)c3)n2)c(CC2CC2)n1,5,0.3815789473684211,2.8616617549953762,0.9990654911115409
18918409_2041,18918409,Cc1c(-c2ccccc2)oc2c(C(=O)NCCC[NH+]3CCCCC3)cccc2c1=O,5,0.47761194029850745,2.891149079518306,0.9983392702932611
194963090_2,194963090,CC(C)(Oc1ccc(-c2cnc(N)c(-c3ccc(Cl)cc3)c2)cc1)C(=O)[O-],5,0.288135593220339,3.1532067804061903,0.9977650726589122
194963090_3,194963090,CC(C)(Oc1ccc(-c2c[nH+]c(N)c(-c3ccc(Cl)cc3)c2)cc1)C(=O)[O-],5,0.288135593220339,2.3117562587782747,0.9984100701197111
324135965_2548,324135965,CC(C)(O)CCn1cc2cc(NC(=O)c3cccc(C(F)F)n3)c(OCC3COC3)cc2n1,5,0.7777777777777778,2.404890849914835,0.9992772271155954
49297123_513,49297123,Cc1cc(C)c(NC(=O)c2ccnc(OC3CCC3)c2)c(C)n1,5,0.423728813559322,1.2443817742158985,0.9993212042982056
49297123_514,49297123,Cc1cc(C)c(NC(=O)c2ccnc(OC3CCC3)c2)c(C)[nH+]1,5,0.4166666666666667,1.4471879629128883,0.9991982494775824
13448534_2374,13448534,Fc1ccc(CN2CCCN(c3ccc4nnnn4n3)CC2)cc1,5,0.3220338983050847,1.975401478181058,0.997507074446471
13448534_2373,13448534,Fc1ccc(C[N@@H+]2CCCN(c3ccc4nnnn4n3)CC2)cc1,5,0.3442622950819672,1.6726789889277525,0.9991237612337721
876432_1632,876432,COc1cc2ncnc(Nc3ccc(F)c(Cl)c3)c2cc1OCCC[NH+]1CCOCC1,5,0.43661971830985913,2.046682681804451,0.9987098262956622
876432_1633,876432,COc1cc2ncnc(Nc3ccc(F)c(Cl)c3)c2cc1OCCCN1CCOCC1,5,0.43661971830985913,2.2870043725362046,0.99760846184177
876432_1634,876432,COc1cc2[nH+]cnc(Nc3ccc(F)c(Cl)c3)c2cc1OCCC[NH+]1CCOCC1,5,0.34615384615384615,2.567329741189831,0.9984725651333919
3566194_1526,3566194,Cc1nc2cc(NC(=O)CCc3c(C)noc3C)ccc2o1,5,0.639344262295082,1.7057458779076706,0.9993743097513876
49040700_2243,49040700,Brc1nnc(N2CCC(OC3CCCC3)CC2)s1,5,0.2545454545454545,1.827392130879411,0.9975010548443644
35684677_1434,35684677,COc1ccc(F)cc1CN1CCC(n2c(=O)[nH]c3ccccc32)CC1,5,0.5245901639344263,2.1055341365077447,0.9993197506675169
35684677_1433,35684677,COc1ccc(F)cc1C[N@H+]1CC[C@H](n2c(=O)[nH]c3ccccc32)CC1,5,0.532258064516129,1.7881535168988207,0.9987457804930971
1308759_2680,1308759,N#Cc1ccccc1NC(=O)CCc1ccccc1,5,0.44680851063829785,1.810756195626397,0.998827073972723
232828909_2937,232828909,O=C1CCCN1CCCc1nnc(Cc2c(Cl)cccc2Cl)[nH]1,5,0.5471698113207547,1.6731790101480164,0.9994731488144422
48339892_1555,48339892,Cc1ccc(CC(=O)Nc2nc(C)no2)cn1,5,0.4444444444444444,1.9973933012805434,0.9995107703759368
49972886_2402,49972886,CCc1nc(CNc2ccc(C#N)nc2)cs1,5,0.42592592592592593,1.7651229418933492,0.999604475768814
365482_2432,365482,Cc1cc(-c2cn(C)nc2[C@H]2CC[C@H](CNC(=O)C(C)C)CC2)on1,5,0.32857142857142857,1.8596198536252275,0.9987414293066252
1313043_415,1313043,CCOC(=O)N1CCN(C(=O)c2ccc3c(c2)OCO3)CC1,5,0.5094339622641509,1.6370561994015147,0.9986015599466195
36701026_689,36701026,Clc1cccc(-c2nnc(Cn3c[nH+]c4ccccc43)o2)c1,5,0.5925925925925926,1.4484923196207533,0.9996610401575238
36701026_688,36701026,Clc1cccc(-c2nnc(Cn3cnc4ccccc43)o2)c1,5,0.5849056603773585,2.251203233828794,0.9991369650174047
15279096_490,15279096,Cc1cc(C)c(C#N)c(N2CCN(CC(=O)Nc3ccccc3Cl)CC2)n1,5,0.46153846153846156,1.559096533252555,0.9993764426504861
15279096_491,15279096,Cc1cc(C)c(C#N)c(N2CCN(CC(=O)Nc3ccccc3Cl)CC2)[nH+]1,5,0.453125,1.9839581648812017,0.9990889841835515
24010647_2384,24010647,O=C(c1cc(F)ccc1F)N1CCN(C(=O)C2CC2)CC1,5,0.44,1.115248402823496,0.9989914391956074
232853784_3284,232853784,Cc1nc(N(C)C[C@H]2CC[N@H+](C)CC2)c(Cl)c(=O)[nH]1,5,0.3508771929824561,1.65982047222039,0.9990832240364059
232853784_3283,232853784,Cc1nc(=O)c(Cl)c(N(C)C[C@H]2CC[N@H+](C)CC2)[nH]1,5,0.3508771929824561,1.7428654566554078,0.9992929007798075
232851609_3425,232851609,COc1ccc(OCc2nnc(-c3ncoc3C(C)C)[nH]2)cc1,5,0.509090909090909,1.4873274689860796,0.9992092088864795
181731_2745,181731,CNc1cc(C[NH2+]C)nc([C@@H]2CCCN2C(=O)C(C)(C)c2ccc(C)cc2)n1,5,0.5694444444444444,3.048076114535398,0.9989390375848329
181731_2746,181731,CNCc1cc(NC)nc([C@@H]2CCCN2C(=O)C(C)(C)c2ccc(C)cc2)[nH+]1,5,0.5753424657534246,2.389090621973001,0.9990137805148603
181731_2748,181731,CNc1cc(C[NH2+]C)[nH+]c([C@H]2CCCN2C(=O)C(C)(C)c2ccc(C)cc2)n1,5,0.5866666666666667,2.375142732552972,0.9992055276108067
181731_2747,181731,CNCc1cc(NC)nc([C@@H]2CCCN2C(=O)C(C)(C)c2ccc(C)cc2)n1,5,0.5571428571428572,3.1102903401451654,0.9993590143562833
152135_1120,152135,O=S(=O)(c1cn[nH]c1)N1CCC[C@H](c2cccc(-c3cccc(Cl)c3)n2)C1,5,0.5147058823529411,1.5294296322487217,0.99930434794692
152135_1121,152135,O=S(=O)(c1cn[nH]c1)N1CCC[C@@H](c2cccc(-c3cccc(Cl)c3)[nH+]2)C1,5,0.5352112676056338,2.083020403164817,0.9992991787996663
53835106_3205,53835106,CSc1cnc(N2CCCN(c3ncc(SC)cn3)CC2)nc1,5,0.32608695652173914,2.6313350223793566,0.9972098807988957
2502094_2208,2502094,Cn1cnnc1-c1cccc([N-]S(=O)(=O)c2ccc(N3CCCC3=O)cc2)c1,5,0.7049180327868853,3.384370399350644,0.9979297976958533
2502094_2207,2502094,Cn1cnnc1-c1cccc(NS(=O)(=O)c2ccc(N3CCCC3=O)cc2)c1,5,0.7049180327868853,1.4712583049885908,0.9992754621215234
LN01345100_42,LN01345100,CC#CC(=O)N1CC[C@@H](n2c(=O)n(-c3ccc(Oc4ccccc4)cc3)c3c(N)ncnc32)C1,5,0.3522727272727273,2.5848864578542767,0.9994131206337616
43571967_1718,43571967,CCc1nc(C)c(Cn2cc[nH+]c2-c2cnc(N3CCCC3)nc2)s1,5,0.3088235294117647,2.0010996976664392,0.9997002405799719
4752649_1862,4752649,c1ccc(-n2ncc3c(-n4ccnc4)ncnc32)cc1,5,0.2833333333333333,2.236299622143662,0.9989713642295625
18861554_987,18861554,Cc1ccc(F)cc1NC(=O)c1cnc2onc(C(C)C)c2c1,5,0.38571428571428573,1.2950675658041209,0.9996218885196049
300053407_2188,300053407,CN(C)C(=O)COC(=O)Cc1ccc(OC(=O)c2ccc(NC(N)=[NH2+])cc2)cc1,5,0.3064516129032258,2.464706676259859,0.9978037936611096
271693_1829,271693,Cn1cncc1-c1ncccc1C(=O)N1CCCC1,5,0.3442622950819672,1.3907965343638893,0.9996488766906887
271693_1828,271693,Cn1c[nH+]cc1-c1ncccc1C(=O)N1CCCC1,5,0.3387096774193548,1.6468141971701749,0.9995932843141212
44114971_2490,44114971,CSc1ccc(C)c(C(=O)NCC[N@H+]2CC[C@@H](C)CC2)c1,5,0.5283018867924528,1.548377860859511,0.9983455514926265
71008775_183,71008775,Cc1cc(F)c(C(=O)Nc2cccc(-c3nncn3C(C)C)n2)cc1-n1cnc(C2CC2)c1,5,0.37362637362637363,2.8882011702794865,0.999503918186259
71008775_184,71008775,Cc1cc(F)c(C(=O)Nc2cccc(-c3nncn3C(C)C)n2)cc1-n1c[nH+]c(C2CC2)c1,5,0.37894736842105264,2.718416082942787,0.9993332665574606
45688619_755,45688619,COCc1ccccc1CNc1ccc2cc(C#N)ccc2n1,5,0.4576271186440678,0.9031085206111499,0.9994238512882839
45688619_756,45688619,COCc1ccccc1CNc1ccc2cc(C#N)ccc2[nH+]1,5,0.45901639344262296,1.7660175537064604,0.9985204569037365
151551_772,151551,Cn1ccc(C(=O)N2CCC[C@H](c3cccc(-c4cccc(Cl)c4)n3)C2)n1,5,0.7049180327868853,2.2132272815957093,0.9987250557367511
151551_773,151551,Cn1ccc(C(=O)N2CCC[C@@H](c3cccc(-c4cccc(Cl)c4)[nH+]3)C2)n1,5,0.7258064516129032,2.291848380674229,0.998685764379648
49081113_3132,49081113,CC(C)(C)c1cnc(CN2CCC(=O)Nc3cc(F)ccc32)o1,5,0.576271186440678,1.8733704919207497,0.9993350019071873
44588358_1662,44588358,CC(C)c1cnc(COc2ccc(Br)nc2)o1,5,0.288135593220339,1.8597717601901895,0.9994229608257481
43805996_327,43805996,CCc1nnc(NC(=O)Cc2cccc(F)c2)s1,5,0.48148148148148145,1.2709197456966237,0.9994112698142494
1536855_1501,1536855,COc1cc(C[NH2+]CCN2CCOCC2)cc(Cl)c1OCc1ccccc1,5,0.3114754098360656,2.1739211117240402,0.9969475087824982
1536855_1502,1536855,COc1cc(CNCC[NH+]2CCOCC2)cc(Cl)c1OCc1ccccc1,5,0.3333333333333333,1.7452590065661722,0.998159156795511
53800443_3151,53800443,CCc1n[nH]c(N[C@H]2CC[C@H](C(=O)OC)CC2)c1C,5,0.5510204081632653,1.6806531468445396,0.999313520328986
53800443_3150,53800443,CCc1[nH]nc(N[C@H]2CC[C@H](C(=O)OC)CC2)c1C,5,0.5510204081632653,2.086149323514536,0.9995228205492817
29618437_1331,29618437,Cc1ccc(CCNC(=O)c2ccncc2)o1,5,0.44,1.6059987546689531,0.9997745963330702
49300421_2703,49300421,Cc1noc(NCc2ccc(F)cc2C)[nH+]1,5,0.4444444444444444,1.663527877734417,0.9990958255643091
49300421_2702,49300421,Cc1noc(NCc2ccc(F)cc2C)n1,5,0.4339622641509434,1.4949795985233043,0.9988705474517695
36419852_1967,36419852,Cc1cccc(-n2cnnc2CCCN2CCOCC2)c1,5,0.45161290322580644,1.4362492819842763,0.9992342292750613
36419852_1966,36419852,Cc1cccc(-n2cnnc2CCC[NH+]2CCOCC2)c1,5,0.4603174603174603,1.2583354083870213,0.9996455114385934
24068092_1674,24068092,O=C(NCC1CC1)c1cncn1-c1ccc(F)cc1,5,0.41379310344827586,1.4125062831721147,0.9993562733577892
24068092_1675,24068092,O=C(NCC1CC1)c1c[nH+]cn1-c1ccc(F)cc1,5,0.38333333333333336,1.7113199583949312,0.9995847378238576
24883050_1411,24883050,COc1ccc(C2([NH2+]Cc3cccc4ncccc34)CC2)cc1,5,0.29508196721311475,1.867194151661875,0.9990271224461432
151187_2223,151187,COc1ccc(-c2cccc([C@H]3CCCN(C(=O)C4CCCC4)C3)[nH+]2)cc1,5,0.5645161290322581,2.3225367596661837,0.9973128297573742
151187_2222,151187,COc1ccc(-c2cccc([C@H]3CCCN(C(=O)C4CCCC4)C3)n2)cc1,5,0.5757575757575758,2.4584065977781657,0.9984932212639396
36261251_1335,36261251,O=C(CCc1cc2ccccc2o1)N1CCN(c2cnccn2)CC1,5,0.3235294117647059,2.801380552513361,0.9987240331471688
50406372_1742,50406372,CN(c1ccc(NC(=O)Nc2ccc(OC(F)(F)F)cc2)cc1)c1ccnc(Nc2cccc(S(N)(=O)=O)c2)n1,5,0.421875,2.7233158098166106,0.998752793740149
50406372_1743,50406372,CN(c1ccc(NC(=O)Nc2ccc(OC(F)(F)F)cc2)cc1)c1cc[nH+]c(Nc2cccc(S(N)(=O)=O)c2)n1,5,0.4235294117647059,2.7795996114544317,0.9984379011963458
24879868_1895,24879868,CCC(=O)N1CCCc2cc([C@@H](O)C[NH+]3CCN(c4ccc(OC)cc4)CC3)ccc21,5,0.40540540540540543,2.6675753035290817,0.999169888190109
24879868_1896,24879868,CCC(=O)N1CCCc2cc([C@@H](O)CN3CCN(c4ccc(OC)cc4)CC3)ccc21,5,0.32051282051282054,2.456547984469286,0.9977284783097019
24884318_257,24884318,COc1c(C)cccc1CN1CCC(O)(c2ccc(F)cc2)CC1,5,0.40625,2.0786642345507684,0.997426579783874
24884318_256,24884318,COc1c(C)cccc1C[N@H+]1CC[C@@](O)(c2ccc(F)cc2)CC1,5,0.47540983606557374,1.7375166186255224,0.9991659258591277
35689572_1642,35689572,Cc1ccc(CN(C)c2[nH+]cnc3c2cnn3C)o1,5,0.4482758620689655,2.632911316394562,0.9998019677095142
35689572_1641,35689572,Cc1ccc(CN(C)c2ncnc3c2cnn3C)o1,5,0.42857142857142855,2.3906434280322504,0.9997502308460212
35754387_1474,35754387,CNC(=O)c1cccc(Oc2ncnc3c2CN(C)CC3)c1,5,0.32786885245901637,1.3395282751774922,0.9976817561767904
35754387_1473,35754387,CNC(=O)c1cccc(Oc2ncnc3c2C[N@H+](C)CC3)c1,5,0.328125,1.4096591786670223,0.9988947188268003
42901988_949,42901988,CC(C)c1noc2nc(C3CC3)cc(C(=O)N3CCN(C)C(=O)C3)c12,5,0.3,2.5224957879055028,0.9993627308474768
180601629_82,180601629,COc1ccccc1C(=O)Nc1ccc2cc[nH]c2c1,5,0.5294117647058824,3.459360779103725,0.9947041405754993
1311623_975,1311623,COc1ccc(CNCc2cccc3ccccc23)cc1,5,0.3392857142857143,1.5991560274096885,0.9991272571422014
1311623_974,1311623,COc1ccc(C[NH2+]Cc2cccc3ccccc23)cc1,5,0.3076923076923077,2.444319537212711,0.998617658458619
177509728_2345,177509728,Cc1nnc2ncc(-c3cccc4ccnn34)cn12,5,0.3728813559322034,1.2294746845705269,0.9994120273713951
48597409_1122,48597409,CN(C)c1ncn(-c2cccc(N)c2)n1,5,0.29411764705882354,1.76254390016257,0.9991005738678898
48306804_2958,48306804,Cc1ccc([O-])c(C[N@H+]2CC[C@H](c3nc4ccccc4o3)CC2)n1,5,0.3972602739726027,3.99338202530123,0.9984015555137353
48306804_2955,48306804,Cc1ccc(O)c(C[N@H+]2CC[C@H](c3nc4ccccc4o3)CC2)n1,5,0.4166666666666667,2.111184501648055,0.9995504708358096
48306804_2956,48306804,Cc1ccc([O-])c(C[N@H+]2CC[C@H](c3nc4ccccc4o3)CC2)[nH+]1,5,0.40540540540540543,1.8574170237183985,0.9986810318533524
48306804_2957,48306804,Cc1ccc([O-])c(CN2CCC(c3nc4ccccc4o3)CC2)[nH+]1,5,0.3918918918918919,2.093496596605767,0.9975648534286516
48306804_2959,48306804,Cc1ccc(O)c(CN2CCC(c3nc4ccccc4o3)CC2)n1,5,0.4225352112676056,1.57661694777133,0.9995361434240874
84836387_3600,84836387,Clc1cc2c(NC3CCCC3)nnc(-c3ccncc3)c2cc1Cl,5,0.30434782608695654,1.6281203886690085,0.9993696961858752
84836387_3601,84836387,Clc1cc2c(NC3CCCC3)nnc(-c3cc[nH+]cc3)c2cc1Cl,5,0.2903225806451613,2.1075409841801114,0.998824878161505
409118_2431,409118,Cn1cc(CN2CCc3nc4ccccc4c(=O)n3CC2)cn1,5,0.6792452830188679,1.8328177759938762,0.9991493516838281
409118_2430,409118,Cn1cc(C[N@H+]2CCc3nc4ccccc4c(=O)n3CC2)cn1,5,0.6909090909090909,1.7056514884353924,0.9991834786590299
30270890_3676,30270890,Oc1ccc(-c2noc(C3CC3)n2)cc1,5,0.45098039215686275,1.6448942215229472,0.9987283628254411
30270890_3677,30270890,[O-]c1ccc(-c2noc(C3CC3)n2)cc1,5,0.4230769230769231,2.6589949228987737,0.9984673936467823
276241702_3190,276241702,CC(C)Cc1ccccc1C[NH2+]Cc1ccc2[nH]cnc2c1,5,0.5,2.319560949835043,0.9970791712718907
276241702_3191,276241702,CC(C)Cc1ccccc1C[NH2+]Cc1ccc2nc[nH]c2c1,5,0.5,2.335786163157834,0.9972761241038942
276241702_3192,276241702,CC(C)Cc1ccccc1C[NH2+]Cc1ccc2[nH]c[nH+]c2c1,5,0.46153846153846156,2.7843798232281958,0.996996194078512
31327400_1460,31327400,C[N@@H+]1CCc2nc(NC(=O)c3c[nH+]cn3-c3ccccc3)sc2C1,5,0.5483870967741935,1.8631422382626757,0.9995787259119941
31327400_1459,31327400,C[N@H+]1CCc2nc(NC(=O)c3cncn3-c3ccccc3)sc2C1,5,0.5573770491803278,1.6760745806801458,0.9997681294073749
294504_1443,294504,CC(C)(C)NC(=O)Cn1nc(C(c2ccccc2)c2ccccc2)oc1=O,5,0.3220338983050847,1.9350033591701803,0.998646694599288
44585808_797,44585808,Cc1csc(N(C(=O)c2ccc(-n3cncn3)c(F)c2)C2CC2)n1,5,0.43661971830985913,1.4575698954078684,0.9995338752906714
46620326_1349,46620326,CCc1nc(CN2C(=O)COc3ccc(F)cc32)cs1,5,0.3150684931506849,1.8209011505296053,0.9996551559880686
44447553_1481,44447553,Cn1cnnc1CCn1cc[nH+]c1-c1cc2ccccc2s1,5,0.3472222222222222,2.649030577400211,0.9995341975682892
44447553_1482,44447553,Cn1cnnc1CCn1ccnc1-c1cc2ccccc2s1,5,0.3380281690140845,1.9004857273863784,0.9993361001487635
82737563_3084,82737563,Cc1ccccc1CCNC(=O)N(Cc1cccnc1)[C@H]1CC[N@H+](C)CC1,5,0.7457627118644068,1.4193012365244229,0.9994427928761216
44384801_168,44384801,CCCNS(=O)(=O)/N=c1\nc[nH]c(OCCOc2ncc(Br)cn2)c1-c1ccc(Br)cc1,5,0.2236842105263158,3.264394277657063,0.9985411321156663
44384801_169,44384801,CCCNS(=O)(=O)/N=c1\[nH]cnc(OCCOc2ncc(Br)cn2)c1-c1ccc(Br)cc1,5,0.22666666666666666,3.058030248379179,0.9982305764028674
44384801_171,44384801,CCC[N-]S(=O)(=O)/N=c1/nc[nH]c(OCCOc2ncc(Br)cn2)c1-c1ccc(Br)cc1,5,0.2236842105263158,3.5069639290992463,0.9977975473219649
44384801_170,44384801,CCC[N-]S(=O)(=O)/N=c1/[nH]cnc(OCCOc2ncc(Br)cn2)c1-c1ccc(Br)cc1,5,0.23376623376623376,2.3004490865914193,0.9991412262569421
89942329_3585,89942329,Cc1c(NC(=O)c2cc(C(N)=O)nc3cc(F)ccc23)c(C(F)(F)F)nn1Cc1ccc(C#N)cc1,5,0.43037974683544306,2.385228500584871,0.9995834971241828
1548090_3673,1548090,COc1cccc(NC(=O)c2c([O-])n(-c3cccc(OC)c3)n[n+]2C)c1,5,0.45614035087719296,2.2312678010489355,0.9991059666617488
171813288_2879,171813288,CCOc1ccc2[nH]c(C(=O)N3CC[C@@](O)(CC(C)C)[C@@H](Oc4ccc(F)cc4)C3)c(C)c2c1,5,0.2631578947368421,4.0447600670499835,0.9996850324293317
171813207_3354,171813207,Cc1cc(C)c2[nH]c(C(=O)N3CC[C@@](O)(CC(C)C)[C@@H](Oc4ccc(F)cc4)C3)c(C)c2c1,5,0.24210526315789474,4.249292764684475,0.9993069878726671
171813311_2415,171813311,CCc1c(C(=O)N2CC[C@@](O)(CC(C)C)[C@@H](Oc3ccc(F)cc3)C2)[nH]c2ccc(C)cc12,5,0.2903225806451613,3.858244030643899,0.9995999951952215
43648627_628,43648627,Cn1c(=O)n(Cc2cccc(OC(F)F)c2)c2cnccc21,5,0.36363636363636365,2.372872310091773,0.9985653562297788
43648627_629,43648627,Cn1c(=O)n(Cc2cccc(OC(F)F)c2)c2c[nH+]ccc21,5,0.3620689655172414,1.8339678295981632,0.9988039217734823
36464053_1424,36464053,CCc1cnc(C)nc1-c1ccc(-c2cc[nH]n2)cc1,5,0.425531914893617,2.271684397093865,0.9990296793954355
36464053_1425,36464053,CCc1cnc(C)nc1-c1ccc(-c2ccn[nH]2)cc1,5,0.43478260869565216,6.013841700610323,0.991826717917401
36284654_1324,36284654,Cc1c(C(=O)N[C@H]2CC[N@H+](CC3CCCCC3)CC2)cnn1C,5,0.4461538461538462,2.037203229921071,0.9988152115246507
43366900_162,43366900,Cc1nc(C(=O)NCC(=O)[O-])c([O-])c2ccc(Oc3ccccc3)cc12,5,0.30158730158730157,2.4584275462173393,0.9986537256588172
43366900_163,43366900,Cc1[nH+]c(C(=O)NCC(=O)[O-])c([O-])c2ccc(Oc3ccccc3)cc12,5,0.3,2.443634588067659,0.9978661080119212
2258851_1397,2258851,O=C(NCCc1ccccc1)c1cnccn1,5,0.3958333333333333,1.4174766312009024,0.9996369380279579
35986174_340,35986174,Cc1ccccc1OCCCNc1cc(Cn2c(C)[nH+]c3ccccc32)[nH+]c(N)n1,5,0.4918032786885246,3.6954297449685014,0.9980679104298035
35986174_341,35986174,Cc1ccccc1OCCCNc1cc(Cn2c(C)[nH+]c3ccccc32)nc(N)n1,5,0.4918032786885246,1.9338999457052675,0.999038337264312
35986106_2204,35986106,Cc1cccc(OCCCNc2cc(Cn3c(C)[nH+]c4ccccc43)[nH+]c(N)n2)c1,5,0.32857142857142857,3.207879673553658,0.9973975690532451
35986106_2205,35986106,Cc1cccc(OCCCNc2cc(Cn3c(C)[nH+]c4ccccc43)nc(N)n2)c1,5,0.32857142857142857,2.042066600284329,0.9990591331237908
35986106_2203,35986106,Cc1cccc(OCCCNc2cc(Cn3c(C)nc4ccccc43)nc(N)n2)c1,5,0.3333333333333333,2.885528721049191,0.9981057851525111
35986174_338,35986174,Cc1ccccc1OCCCNc1cc(Cn2c(C)nc3ccccc32)[nH+]c(N)n1,5,0.4838709677419355,1.9802749809051017,0.9989868635468611
35986174_339,35986174,Cc1ccccc1OCCCNc1cc(Cn2c(C)nc3ccccc32)nc(N)n1,5,0.5,2.5934255339216583,0.9986679183964282
35986106_2202,35986106,Cc1cccc(OCCCNc2cc(Cn3c(C)nc4ccccc43)[nH+]c(N)n2)c1,5,0.323943661971831,2.244205650112319,0.9986242543411734
301023837_3314,301023837,COc1cc(C[N@H+]2CCC[NH2+]CC2)cc2c1OCO2,5,0.3125,2.141161133591019,0.9991641160700127
301023837_3315,301023837,COc1cc(C[N@@H+]2CCCNCC2)cc2c1OCO2,5,0.3125,1.4713592355372984,0.9993081317295421
301023837_3313,301023837,COc1cc(CN2CCC[NH2+]CC2)cc2c1OCO2,5,0.328125,1.5111303716093814,0.998694799242407
17660388_1668,17660388,Cn1c(=O)c2c([nH+]c3n2CCN3Cc2c(F)cccc2Cl)n(C)c1=O,5,0.2982456140350877,2.1252837457616747,0.9988835699450286
153321_957,153321,c1cc(C[N@H+]2CC[C@@H](c3ccn[nH]3)CC2)ccn1,5,0.4230769230769231,2.947342192551987,0.9991047195178239
153321_958,153321,c1cc(C[N@H+]2CC[C@H](c3cc[nH]n3)CC2)ccn1,5,0.41509433962264153,1.7708949714751052,0.9995556773503808
7695671_3605,7695671,Cc1cccc(OCC(=O)Nc2ccc3c(c2)C(=O)N(c2ccccc2)C3=O)c1,5,0.4067796610169492,1.8950496035723439,0.9987681724450505
326092_1751,326092,Fc1cccc(CCNCc2cc(-c3ccccc3)cn3nnnc23)c1,5,0.4461538461538462,1.3044485424881038,0.998546222234067
326092_1750,326092,Fc1cccc(CC[NH2+]Cc2cc(-c3ccccc3)cn3nnnc23)c1,5,0.4461538461538462,1.262429403967014,0.9987000088626887
181767_2744,181767,CNCc1cc(N(C)C)nc([C@H]2CCCN2C(=O)[C@H]2C[N@@H+](Cc3ccc(Cl)cc3)C2)[nH+]1,5,0.7014925373134329,2.6336603805350154,0.998540891147757
181767_2741,181767,C[NH2+]Cc1cc(N(C)C)nc([C@H]2CCCN2C(=O)C2CN(Cc3ccc(Cl)cc3)C2)n1,5,0.7142857142857143,2.466899673679775,0.9983775759431249
181767_2743,181767,CNCc1cc(N(C)C)nc([C@H]2CCCN2C(=O)C2CN(Cc3ccc(Cl)cc3)C2)n1,5,0.7142857142857143,2.130428125988013,0.9980217089827537
181767_2740,181767,C[NH2+]Cc1cc(N(C)C)nc([C@@H]2CCCN2C(=O)[C@H]2C[N@H+](Cc3ccc(Cl)cc3)C2)n1,5,0.6923076923076923,2.715723476350157,0.9978903871679382
181767_2742,181767,CNCc1cc(N(C)C)nc([C@@H]2CCCN2C(=O)[C@H]2C[N@H+](Cc3ccc(Cl)cc3)C2)n1,5,0.6923076923076923,1.8847015678883465,0.9990601055988771
232880886_2708,232880886,O=C(c1ccccc1N1CCOCC1)N(Cc1ccccn1)C1CCCCC1,5,0.35714285714285715,2.191123684322542,0.9979317813556097
3593598_692,3593598,O=C(c1ccccc1)N1CCN(C(=O)c2ccc(-c3ccccc3Cl)o2)CC1,5,0.38461538461538464,2.293254892069466,0.9986456025124277
49925834_2662,49925834,CC(C)c1[nH+]ccn1Cc1nc2ccccc2[nH]1,5,0.45614035087719296,2.1956545721044125,0.9997656664423575
49925834_2661,49925834,CC(C)c1nccn1Cc1nc2ccccc2[nH]1,5,0.44642857142857145,1.7258261789646643,0.9996734701881087
48301846_1789,48301846,C[NH+](C)C1CN(c2nc(-c3cnccn3)nc3sc4c(c23)CCCC4)C1,5,0.5,2.460091258470338,0.9991268284773801
48301846_1790,48301846,CN(C)C1CN(c2nc(-c3cnccn3)nc3sc4c(c23)CCCC4)C1,5,0.4931506849315068,1.837832146851181,0.9994878205142486
49921682_2901,49921682,Cc1cc(Cn2cnc(C#N)c2C#N)c2ccccc2n1,5,0.4716981132075472,1.6179199609373554,0.999436259193214
50610014_2841,50610014,COC(=O)N1CC(NCc2c(C)nn(C(C)(C)C)c2C)C1,5,0.27692307692307694,1.6882650858197759,0.9993563971909731
50610014_2840,50610014,COC(=O)N1CC([NH2+]Cc2c(C)nn(C(C)(C)C)c2C)C1,5,0.265625,1.7582206914949143,0.9993230035785355
171961096_2838,171961096,Cc1cccc(OC[C@@]2(O)C[N@@H+](C[C@]3(O)CC[C@H](C(C)(C)C)CC3)CC[C@@H]2O)c1,5,0.39436619718309857,5.895800284948627,0.9977818004963949
171961096_2839,171961096,Cc1cccc(OC[C@@]2(O)CN(C[C@]3(O)CC[C@@H](C(C)(C)C)CC3)CC[C@@H]2O)c1,5,0.3888888888888889,4.436968221657578,0.9963088976271016
32674428_2695,32674428,COc1cc(OC)cc(C(=O)NCc2noc(-c3ccccc3)n2)c1,5,0.3548387096774194,1.4375284345012036,0.9989336153656505
24140848_2115,24140848,O=C(NCc1nnc2n1-c1ccccc1CC2)c1ccc2ccccc2c1,5,0.6101694915254238,1.802985302213772,0.9981582417230606
44048515_3007,44048515,C[NH+](C)CC(C)(C)CNc1cnnc([O-])c1Br,5,0.22413793103448276,2.0133462196047547,0.9989357754929303
44048515_3008,44048515,C[NH+](C)CC(C)(C)CNc1cnnc(O)c1Br,5,0.22413793103448276,1.8954933394765592,0.9987761725268227
MCULE-6181763916_1962,MCULE-6181763916,Cc1noc(OCC(=O)N2CCCCCC2)n1,5,0.3888888888888889,2.367695292895805,0.9945907411710008
6892467_600,6892467,COc1cc(CNc2nnn[nH]2)cc(Br)c1OCc1ccc(Cl)cc1,5,0.2876712328767123,2.018096132497111,0.9951816700940909
6892467_599,6892467,COc1cc(CNc2nnn[n-]2)cc(Br)c1OCc1ccc(Cl)cc1,5,0.27692307692307694,2.4181947812367097,0.9978852400272223
157315_454,157315,Cc1nc(CC2CCN(S(=O)(=O)c3cn(C)cn3)CC2)cc(NC2CCCC2)n1,5,0.6307692307692307,2.5294671375611695,0.9990063638677049
157315_453,157315,Cc1nc(NC2CCCC2)cc(CC2CCN(S(=O)(=O)c3cn(C)cn3)CC2)[nH+]1,5,0.6417910447761194,2.6226789738739056,0.9979418537784353
13535869_2867,13535869,COc1ccc(NC(C)=O)cc1NC(=O)CN(Cc1ccccc1)C(C)C,5,0.36923076923076925,2.089735868477047,0.9979949921055916
13535869_2868,13535869,COc1ccc(NC(C)=O)cc1NC(=O)C[N@@H+](Cc1ccccc1)C(C)C,5,0.3709677419354839,1.8509554289605958,0.9989531844276759
104352855_1624,104352855,O=C(CSC1CCCC1)NCCn1nc2c(cc1=O)CCCC2,5,0.5714285714285714,2.097700169233291,0.9979379621718166
43133355_765,43133355,CCc1ccccc1NC(=O)CCn1cc[nH+]c1-c1ccc2c(c1)OCO2,5,0.3783783783783784,1.7000888212101992,0.9992412584871397
25835159_3515,25835159,O=C1N=C(N2CCN(c3ccccc3)CC2)S/C1=C\c1ccc([O-])cc1O,5,0.2727272727272727,2.480108062161671,0.9985330161210297
25835159_3514,25835159,O=C1N=C(N2CCN(c3ccccc3)CC2)S/C1=C\c1ccc(O)cc1[O-],5,0.2727272727272727,2.539314671323924,0.9982593487794887
25835159_3513,25835159,O=C1N=C(N2CCN(c3ccccc3)CC2)S/C1=C\c1ccc(O)cc1O,5,0.26153846153846155,1.5054414634913047,0.9991637858960285
25835159_3516,25835159,O=C1NC(=[N+]2CCN(c3ccccc3)CC2)S/C1=C\c1ccc(O)cc1[O-],5,0.24285714285714285,3.4198638861801345,0.9989648848605046
49947006_3104,49947006,Cc1nn(C)c(NCc2sccc2C)[nH+]1,5,0.6428571428571429,2.0794518508488857,0.9995819694189144
104336630_411,104336630,CC(C)(C)NC(=O)c1c[nH+]cn1C1CCN(c2ccc(-c3nnc(C(F)(F)F)o3)cn2)CC1,5,0.2876712328767123,1.6761214156514006,0.9996046080062928
104336630_412,104336630,CC(C)(C)NC(=O)c1cncn1C1CCN(c2ccc(-c3nnc(C(F)(F)F)o3)cn2)CC1,5,0.2916666666666667,1.7162601784102018,0.99952544181395
49837463_103,49837463,O=C(Nc1nc2cccc(-c3ccc(CN4CCS(=O)(=O)CC4)cc3)n2n1)C1CC1,5,0.3037974683544304,2.0159846229574088,0.9987064238372255
49837463_102,49837463,O=C(Nc1nn2c(-c3ccc(CN4CCS(=O)(=O)CC4)cc3)cccc2[nH+]1)C1CC1,5,0.2962962962962963,2.504871653398781,0.9987727157945113
152925_1018,152925,NC(=O)CN1CCC(Oc2cccc(F)c2)CC1,5,0.5178571428571429,1.4398520757355184,0.9958807949442899
152939_687,152939,Cc1cccc(O[C@H]2CC[N@H+](CC(N)=O)CC2)c1,5,0.39655172413793105,1.4589246039461556,0.9989287740217342
152939_686,152939,Cc1cccc(OC2CCN(CC(N)=O)CC2)c1,5,0.421875,1.3910614652129032,0.9983325871491265
152925_1019,152925,NC(=O)C[N@H+]1CC[C@@H](Oc2cccc(F)c2)CC1,5,0.5272727272727272,1.239563632896422,0.9982629366061309
25041311_3461,25041311,Cc1nnc(-c2ccc(N3CCC(Oc4cc(F)ccc4Cl)CC3)nn2)o1,5,0.43661971830985913,1.506158358207961,0.9985492741407594
316162153_38,316162153,O=C(c1ccc(Oc2ccccc2)cc1Cl)c1c[nH]c2ncnc(N[C@@H]3CC[C@@H](CO)OC3)c12,5,0.3118279569892473,5.1971212223686365,0.9993208105890431
316162153_39,316162153,O=C(c1ccc(Oc2ccccc2)cc1Cl)c1c[nH]c2nc[nH+]c(N[C@@H]3CC[C@@H](CO)OC3)c12,5,0.3125,5.5040568674389725,0.9994290808861407
36981448_1765,36981448,Cc1cccc(N(C)C(=O)COC2CCCC2)n1,5,0.3793103448275862,0.8780563763219326,0.999228817530877
36981448_1766,36981448,Cc1cccc(N(C)C(=O)COC2CCCC2)[nH+]1,5,0.3389830508474576,1.5949793102108067,0.9986704246967244
31966128_657,31966128,Cc1nc(Cn2ncc3ccccc3c2=O)cs1,5,0.43103448275862066,1.185800151796622,0.9993528088060308
49083485_2236,49083485,CC(C)c1nc(S(=O)(=O)N2CC3(CC3)c3ccccc32)c[nH]1,5,0.5714285714285714,2.455460649247514,0.9995493769541322
2890746_1513,2890746,O=C(Cc1ccc2ccccc2c1)NCCc1nc2ccccc2[nH]1,5,0.41379310344827586,2.0090271277413643,0.998519768063113
2890746_1514,2890746,O=C(Cc1ccc2ccccc2c1)NCCc1[nH]c2ccccc2[nH+]1,5,0.4067796610169492,2.0608364806554937,0.9979077743918241
36716227_2190,36716227,Cc1c(C(=O)NCc2cnc(N(C)C)n2C)sc2ccccc12,5,0.34375,1.7739543398862578,0.9998039200001231
36716227_2189,36716227,Cc1c(C(=O)NCc2c[nH+]c(N(C)C)n2C)sc2ccccc12,5,0.31746031746031744,1.8255859333372562,0.999769978745293
181799_3340,181799,CNCc1cc(N(C)C)nc([C@H]2CCCN2C(=O)CCc2c[nH]c3ccccc23)[nH+]1,5,0.625,2.422325329100659,0.9989611768129263
181799_3339,181799,CNCc1cc(N(C)C)nc([C@H]2CCCN2C(=O)CCc2c[nH]c3ccccc23)n1,5,0.6056338028169014,1.8462578368140528,0.999360278648168
181799_3338,181799,C[NH2+]Cc1cc(N(C)C)nc([C@H]2CCCN2C(=O)CCc2c[nH]c3ccccc23)n1,5,0.6142857142857143,2.416990897790514,0.9994434760685631
48755664_2462,48755664,COc1ccc2nc(C)[nH+]c(NCc3ncc(C)o3)c2c1,5,0.41935483870967744,1.8107465311292859,0.999551758574489
48755664_2460,48755664,COc1ccc2nc(C)nc(NCc3ncc(C)o3)c2c1,5,0.4,1.851241745424389,0.9993811207077323
48755664_2461,48755664,COc1ccc2[nH+]c(C)nc(NCc3ncc(C)o3)c2c1,5,0.41935483870967744,1.3545143040955752,0.999652196392534
49343751_3081,49343751,O=C(Nc1nnc2n1CCCC2)c1cscn1,5,0.3387096774193548,1.4333914329311717,0.9996850691346179
29659409_985,29659409,Cn1cc(C[N@@H+](C)Cc2cccc(C#N)c2)cn1,5,0.5531914893617021,1.6325345325597225,0.9994420155900133
300062043_1680,300062043,c1ccc(COc2ccc(C[NH2+]CC3CC[NH2+]CC3)cc2)cc1,5,0.3018867924528302,1.8634347318862914,0.9975351989183616
316046283_3699,316046283,CCN1CCO[C@H](C(=O)N2CCC(c3cn[nH]c3)CC2)C1,5,0.3287671232876712,1.5657835099396336,0.9982341093000642
316046283_3698,316046283,CC[N@H+]1CCO[C@H](C(=O)N2CCC(c3cn[nH]c3)CC2)C1,5,0.32,2.2245141042485788,0.9984489456550374
1536151_1816,1536151,COc1cc(OC)c(OC)cc1CNc1ccc(N2CCOCC2)c(C(=O)[O-])c1,5,0.3142857142857143,2.374375075678094,0.9985282946036553
44811452_3555,44811452,Cc1nc(-c2cccnc2)sc1C(=O)Nc1ccccc1-c1cn2c(C[NH+]3CCOCC3)csc2n1,5,0.3020833333333333,3.1157324981459458,0.9995463684392293
44811452_3554,44811452,Cc1nc(-c2cccnc2)sc1C(=O)Nc1ccccc1-c1cn2c(CN3CCOCC3)csc2n1,5,0.3103448275862069,3.609907062516812,0.9995300929095451
31881571_897,31881571,CCCC(=O)Nc1ccc(-n2cccn2)nc1,5,0.4339622641509434,2.06249072725161,0.9997931704209849
38477365_2398,38477365,Cc1ccc(CN)c(-n2cc(Cl)cn2)n1,5,0.2631578947368421,2.166766023363223,0.9995908033314131
38477365_2397,38477365,Cc1ccc(C[NH3+])c(-n2cc(Cl)cn2)n1,5,0.2631578947368421,2.7733667265614264,0.999322163375228
320405235_195,320405235,C=CC(=O)N(C)CCOc1c(N)ncnc1-c1cc(F)cc(NC(=O)c2ccc(C3CC3)cc2F)c1C,5,0.25892857142857145,1.5982277684984316,0.9990316526427463
43106737_1787,43106737,Cc1nn(C)c2ncnc(N(C)Cc3cccc(Cl)c3)c12,5,0.30434782608695654,2.269450373989232,0.999031949307241
43106737_1788,43106737,Cc1nn(C)c2nc[nH+]c(N(C)Cc3cccc(Cl)c3)c12,5,0.31746031746031744,1.6904866163321743,0.9995466752454307
24055786_419,24055786,CCc1cc2c(N(C)CCO)ncnc2s1,5,0.2807017543859649,0.9210814296262118,0.9996955245955496
32033578_1235,32033578,C[C@@H](C(=O)N1CCc2sccc2C1)[N@@H+]1CCCN(c2ccccc2C#N)CC1,5,0.40540540540540543,2.7934978074091577,0.9981486526634169
32033578_1236,32033578,C[C@H](C(=O)N1CCc2sccc2C1)N1CCCN(c2ccccc2C#N)CC1,5,0.39473684210526316,2.768267328131471,0.9986825790247829
89942016_90,89942016,Nc1ncc(C(=O)NC2CN(C(=O)C3CC3)C2)c2ccc(-c3cccc(F)c3)nc12,5,0.3188405797101449,1.9681740268580414,0.9995123356360536
206931104_442,206931104,C[NH+](C)CCOc1ccc(-c2[nH]c(-c3ccc4c(c3)CC/C4=N\[O-])c(-c3ccncc3)[nH+]2)cc1,5,0.4025974025974026,3.4616110411199648,0.9990627722231215
206931104_444,206931104,C[NH+](C)CCOc1ccc(-c2nc(-c3cc[nH+]cc3)c(-c3ccc4c(c3)CC/C4=N\[O-])[nH]2)cc1,5,0.44,3.0532228873762386,0.9988427336539829
206931104_443,206931104,C[NH+](C)CCOc1ccc(-c2nc(-c3ccncc3)c(-c3ccc4c(c3)CC/C4=N\[O-])[nH]2)cc1,5,0.4266666666666667,3.120267937212963,0.9989520220275542
36922856_1834,36922856,O=C(CN1CCCc2ccc(F)cc21)N1CCNC1=O,5,0.6,1.6904381088937297,0.9974693234370506
Z86139961_1478,Z86139961,Fc1cccc(Cl)c1CNCCc1c[nH]c2ccccc12,5,0.3448275862068966,1.7502985459624187,0.9989416947556252
Z86139961_1477,Z86139961,Fc1cccc(Cl)c1C[NH2+]CCc1c[nH]c2ccccc12,5,0.31746031746031744,1.4959852940448004,0.9991364049517545
MCULE-1169396424_1500,MCULE-1169396424,CCOc1ccccc1C[NH2+]CCc1c[nH]c2ccccc12,5,0.3275862068965517,1.9742963303412235,0.9988855828814173
MCULE-2124560621_2015,MCULE-2124560621,CCOc1cccc(C[NH2+]CCc2c[nH]c3ccccc23)c1,5,0.3157894736842105,1.8791886547120533,0.9984914349842536
36260547_935,36260547,N#CCCC[N@H+]1CC[C@H](c2c[nH]c3ccccc32)CC1,5,0.3939393939393939,1.709760801983176,0.9995442259108267
11886855_2646,11886855,Cc1ccc(C(=O)NCCc2ccc(F)cc2)o1,5,0.4166666666666667,1.7181807239057316,0.998840826932394
3615737_3506,3615737,c1sc(NC[C@H]2CCCO2)nc1[C@]12C[C@H]3C[C@H](C[C@H](C3)C1)C2,5,0.24193548387096775,3.195964956003067,0.9987461165987801
49130722_2836,49130722,CC[N@H+]1CCCN(C(=O)Nc2ccc(COC3CCCC3)cc2)CC1,5,0.6363636363636364,2.6077104900661943,0.9978081508551528
323968411_136,323968411,C[C@@](O)(C#Cc1ccc2c(c1)N(c1nc(N)ncc1Cl)CC2)c1nccs1,5,0.2247191011235955,3.3513680788599247,0.9997008389279577
323968411_137,323968411,C[C@@](O)(C#Cc1ccc2c(c1)N(c1nc(N)[nH+]cc1Cl)CC2)c1nccs1,5,0.21978021978021978,3.786073163583105,0.9994661637912917
30745331_855,30745331,Cc1nc(CC(=O)NCc2ccccc2)cs1,5,0.4489795918367347,1.2939207858289434,0.9994167527393291
31609908_1702,31609908,C=C(C)COc1cccc(C(=O)NCc2nncn2C2CCCCC2)c1,5,0.37142857142857144,2.5376120664907487,0.9994528688258452
53752451_2017,53752451,O=C(NCc1ccc(F)cc1)C1CCN(C(=O)/C=C/c2ccc(F)cc2)CC1,5,0.36507936507936506,1.6043023405829842,0.9985946745305196
26060327_1227,26060327,O=C(NCc1ccc(F)cc1)C1CCN(C(=O)/C=C/c2ccccc2)CC1,5,0.3870967741935484,2.416176525008001,0.9983823674496569
201887_898,201887,CCn1cc(C[N@H+]2CC[C@@H](c3nc(N(C)C)ncc3-c3ccc(OC)cc3)CC2)c(C)n1,5,0.3333333333333333,2.60884629673748,0.9985993213235076
201873_2218,201873,CCn1ncc(C[N@H+]2CC[C@H](c3nc(N(C)C)ncc3-c3ccc(OC)cc3)CC2)c1C,5,0.4177215189873418,3.111040179747021,0.9984502165357644
48312238_1629,48312238,C#CCOc1ccc(C(=O)NN2CCCC2=O)cc1,5,0.3188405797101449,0.8375882043100328,0.9995034613646061
31940641_471,31940641,N#Cc1ccc(OCCn2cccn2)cc1,5,0.4,2.5117394371230453,0.9968101107871308
49311027_75,49311027,O=C1NCCN(C(=O)c2ccncc2)[C@@H]1c1ccccc1Cl,5,0.44776119402985076,1.5707797426760306,0.9989699869800022
13523780_668,13523780,Cc1nc2ccc(NC(=O)c3sc(-c4ccccn4)nc3C)cc2s1,5,0.45454545454545453,1.6739629625541104,0.9996706753263768
32018884_610,32018884,Nc1[nH+]c2ccccc2n1CCCc1ccccc1,5,0.5111111111111111,1.5811941689746893,0.9985042066717508
32018884_611,32018884,Nc1nc2ccccc2n1CCCc1ccccc1,5,0.5,1.1223769420301275,0.9991802638876552
31409108_1353,31409108,NCc1cccnc1OCc1ccccc1,5,0.3333333333333333,1.1796952996433092,0.9991888132416863
31409108_1352,31409108,[NH3+]Cc1cccnc1OCc1ccccc1,5,0.30434782608695654,1.2516996444832054,0.9989160948010832
149747_1968,149747,Cc1ccnc([C@H]2CC[N@H+](C3CCCC3)CC2)n1,5,0.3958333333333333,2.271451518302804,0.9975786648649252
36269102_1185,36269102,Cc1cc(C(=O)N2CCOC(C)(C)C2)cc(C)c1OCc1cccnc1,5,0.4838709677419355,1.7231096889053348,0.9983959532536397
412756_3588,412756,COc1ccc(-c2nnc3nn(C)c(=O)n3c2-c2ccc(OC)cc2)cc1,5,0.31666666666666665,1.1492736836804112,0.9988423346586494
11011932_1935,11011932,CN(C)CCN(Cc1ccccc1)C(=O)CCC(=O)Nc1[nH+]cc(-c2ccccc2)n1C,5,0.42105263157894735,2.4280504525235482,0.9980046174127095
11011932_1934,11011932,Cn1c(-c2ccccc2)c[nH+]c1NC(=O)CCC(=O)N(CC[NH+](C)C)Cc1ccccc1,5,0.42857142857142855,2.128226256768481,0.9989259251141716
323986453_2880,323986453,O=C(Nc1cn(CCOCC(F)(F)F)nc1-c1ccccn1)c1coc(-c2cn[nH]c2)n1,5,0.29473684210526313,4.2673314846635035,0.998965803433938
49970070_2275,49970070,CCn1nccc1CNc1ncccn1,5,0.46938775510204084,1.3392800304648578,0.9994160926111068
23827295_1283,23827295,Cc1ccc(-c2ccccc2-c2nc3c(cnn3[C@H]3CC[N@@H+](C)CC3)[nH]2)o1,5,0.5901639344262295,2.9797572048752263,0.999808743041976
23827295_1284,23827295,Cc1ccc(-c2ccccc2-c2nc3cnn([C@H]4CC[N@@H+](C)CC4)c3[nH]2)o1,5,0.5901639344262295,3.3826937490704965,0.9997253370844432
20436461_2599,20436461,CCCc1noc(CN2CCN(c3ccccc3OC)CC2)n1,5,0.3870967741935484,1.2911343849500552,0.9985564752738804
MCULE-3550646247_1645,MCULE-3550646247,N#CC1(NC(=O)CN2CCOCC2)CCCCCC1,5,0.40384615384615385,1.4636345172210137,0.998222539313024
MCULE-7418747203_3148,MCULE-7418747203,Cc1noc(C)c1CSC(N)=[N+]1CCOCC1,5,0.2833333333333333,1.8132768679938107,0.9987948430429285
301758325_3476,301758325,[NH3+]C[C@H]1CCC[C@H]1NC(=O)c1cc(N2CCNC2=O)ccc1F,5,0.5,1.9601137722086512,0.9988028625056588
214735_555,214735,Cc1cc(NC2CCCC2)nc(C2CC[NH2+]CC2)[nH+]1,5,0.37254901960784315,2.04141642003764,0.998908279106028
214735_554,214735,Cc1cc(NC2CCCC2)nc(C2CC[NH2+]CC2)n1,5,0.3541666666666667,1.7375566177813506,0.9993195196388884
214735_556,214735,Cc1cc(NC2CCCC2)[nH+]c(C2CC[NH2+]CC2)n1,5,0.37254901960784315,2.301217069291697,0.9991733876305176
48934153_3220,48934153,C[N@H+](CCOc1ccccc1)CC(=O)NCCc1ccccc1,5,0.32075471698113206,1.5842654449300286,0.998807937938426
48934153_3219,48934153,CN(CCOc1ccccc1)CC(=O)NCCc1ccccc1,5,0.5272727272727272,1.4351470307951766,0.9981566496517978
301191566_2194,301191566,COc1cc2nc(/C=C/c3cocn3)sc2cc1OC,5,0.4444444444444444,2.0691051205774156,0.9987646966629096
18855069_1735,18855069,Cc1nc(COc2ccc(F)cc2)sc1C(=O)N1CCC(C)CC1,5,0.38666666666666666,1.6640441700865358,0.9982099065347199
2868274_2874,2868274,Cc1csc(Cc2nc(-c3ccc([O-])cc3)no2)n1,5,0.3584905660377358,1.9822764691132677,0.9994961944694545
2868274_2873,2868274,Cc1csc(Cc2nc(-c3ccc(O)cc3)no2)n1,5,0.3333333333333333,1.8704325702897675,0.999180767975467
36568125_1994,36568125,CCC[N@@H+]1CCn2nc(-c3nc4ccc(OC)cc4[nH]3)cc2C1,5,0.27848101265822783,2.129543847869204,0.9994298911687705
36568125_1997,36568125,CCC[N@H+]1CCn2nc(-c3[nH]c4cc(OC)ccc4[nH+]3)cc2C1,5,0.2911392405063291,4.722419295233857,0.9976114761871148
36568125_1998,36568125,CCCN1CCn2nc(-c3[nH]c4cc(OC)ccc4[nH+]3)cc2C1,5,0.28378378378378377,2.912138046178443,0.998437973413347
36568125_1996,36568125,CCCN1CCn2nc(-c3nc4ccc(OC)cc4[nH]3)cc2C1,5,0.2777777777777778,1.6924567941303814,0.9995893815009407
36568125_1995,36568125,CCCN1CCn2nc(-c3nc4cc(OC)ccc4[nH]3)cc2C1,5,0.2602739726027397,1.8336510027805233,0.9995751995789468
36568125_1993,36568125,CCC[N@@H+]1CCn2nc(-c3nc4cc(OC)ccc4[nH]3)cc2C1,5,0.27848101265822783,2.00693696961243,0.9995880198104319
31981926_1139,31981926,CC(=O)NCC1CCN(C(=O)c2c[nH+]cn2-c2ccc(F)cc2)CC1,5,0.45901639344262296,1.522439161345836,0.9994899061531446
31981926_1138,31981926,CC(=O)NCC1CCN(C(=O)c2cncn2-c2ccc(F)cc2)CC1,5,0.5084745762711864,1.459829099586797,0.9990222276012096
32125849_607,32125849,Cn1cc[nH+]c1CCNC(=O)c1cccc2cccnc12,5,0.46296296296296297,1.941241870556968,0.9998525450099447
32125849_606,32125849,Cn1ccnc1CCNC(=O)c1cccc2cccnc12,5,0.52,1.1918267491540235,0.9997715039661305
301492332_3456,301492332,O=C(NC1CC[NH2+]CC1)c1ccc2[nH]ncc2c1,5,0.4,2.461718911654521,0.9992367407973182
177407455_2486,177407455,CCCN(CCC1=CCCCC1)C(=O)c1cc(C(F)F)n[nH]1,5,0.5806451612903226,1.803529317754832,0.9982133623686137
177407455_2485,177407455,CCCN(CCC1=CCCCC1)C(=O)c1cc(C(F)F)[nH]n1,5,0.5573770491803278,2.055300707925441,0.9981046599028547
177307724_2767,177307724,COC1(c2nc(Cc3ccccc3)no2)CCN(Cc2cnc(C)o2)CC1,5,0.6666666666666666,1.6158106324692647,0.9986584016049675
177307724_2768,177307724,CO[C@]1(c2nc(Cc3ccccc3)no2)CC[N@H+](Cc2cnc(C)o2)CC1,5,0.6825396825396826,1.123987544414344,0.9995043621801502
33297597_278,33297597,O=C(CCOc1ccccc1)N1CCCC1,5,0.8484848484848485,0.4954775474223395,0.9995779307035876
300095105_3410,300095105,Cc1cncc(CN2CCC(=C3c4ccc(Cl)cc4CCc4cccnc43)CC2)c1,5,0.55,1.9701185243525032,0.9992735785325324
300095105_3409,300095105,Cc1cncc(C[NH+]2CCC(=C3c4ccc(Cl)cc4CCc4cccnc43)CC2)c1,5,0.55,2.8286942217214626,0.9990664892638343
49956350_2769,49956350,CS(=O)(=O)Nc1ccccc1-c1ccncc1,5,0.3157894736842105,1.2916412040504364,0.9989309961558912
49956350_2771,49956350,CS(=O)(=O)[N-]c1ccccc1-c1ccncc1,5,0.30434782608695654,1.7159143335259939,0.9988630906010755
49956350_2770,49956350,CS(=O)(=O)/N=C1/C=CC=CC1=C1C=CNC=C1,5,0.2553191489361702,2.000121996279132,0.9962150260779491
32611176_3560,32611176,CCOC(=O)C1CCN(C(=O)c2cc3occc3c(Nc3ccc(F)cc3)n2)CC1,5,0.32222222222222224,1.8660163450511955,0.9993111017561693
36931863_537,36931863,COc1ccc2c(c1)CN(C(=O)c1cc(C3CC3)[nH]n1)CC2,5,0.352112676056338,1.8920052854047407,0.9989767794189368
2042658_2044,2042658,O=C(Cc1cccs1)NCc1ccccc1F,5,0.4444444444444444,1.6519158574214612,0.9995464151392492
177418075_3083,177418075,COCC(C)(C)C(=O)N1CCCC2(CC[NH2+]CC2)CC1,5,0.31666666666666665,2.919440871125883,0.9987437362452639
177454167_3364,177454167,CCOCCC(=O)N1CCC2(CCC[N@H+](C)CC2)CC1,5,0.30357142857142855,2.005498192470059,0.9982569024763118
36356102_485,36356102,CC(C)c1[nH+]c2c(n1C)CCN(c1ncnc3ccsc13)C2,5,0.6727272727272727,2.5723738064290553,0.9987634004948168
36356102_486,36356102,CC(C)c1nc2c(n1C)CCN(c1nc[nH+]c3ccsc13)C2,5,0.5245901639344263,2.00218680447137,0.9994992288800582
36356102_484,36356102,CC(C)c1nc2c(n1C)CCN(c1ncnc3ccsc13)C2,5,0.6851851851851852,1.5885981241328107,0.9996660693241112
177383138_2530,177383138,Cc1nnc2ncc(-c3cccc(-c4ccnn4C)c3)cn12,5,0.22388059701492538,1.3255115993458717,0.999516218351619
48788735_2783,48788735,Cc1ccccc1S(=O)(=O)[N-]c1c(C)ccnc1Cl,5,0.2537313432835821,1.9406068638445082,0.9977950312699194
48788735_2782,48788735,Cc1ccccc1S(=O)(=O)Nc1c(C)ccnc1Cl,5,0.25757575757575757,1.2152485342512611,0.9992067733671117
30569846_3685,30569846,Cc1ccc(Cn2ccn(-c3ccc(F)c(F)c3)c(=O)c2=O)cc1,5,0.39215686274509803,1.6488966007605406,0.9984745251306248
16154631_3684,16154631,O=c1c(=O)n(-c2ccc(F)c(F)c2)ccn1Cc1ccccc1Cl,5,0.42,1.738052358244727,0.9985906395305235
31951751_1250,31951751,CC(C)c1csc(NC(=O)C2CCN(c3ncccn3)CC2)n1,5,0.4339622641509434,1.9440547831784478,0.9992143276361675
32130663_1159,32130663,OC1(Cn2nnc(-c3cccnc3)n2)CCCCC1,5,0.3157894736842105,0.9379392304415886,0.9994945885920118
222782930_2259,222782930,C[N@@H+](CCCC1CCCC1)Cc1cc(=O)[nH]c(=O)[nH]1,5,0.25,3.0761934269483944,0.996854312027046
222782930_2260,222782930,CN(CCCC1CCCC1)Cc1cc(=O)[nH]c(=O)[nH]1,5,0.288135593220339,1.830431369923574,0.9984419957938688
29676702_1883,29676702,O=C1CCCN1C(=O)COc1cccc(-c2nnco2)c1,5,0.3484848484848485,1.8714913838965959,0.9984344907614983
50136169_1215,50136169,CC(=O)Nc1ccc(C(=O)N2CCc3ncncc3C2)cc1,5,0.3492063492063492,1.4923896944161836,0.999140654741276
3416569_3657,3416569,Cc1ccc(-c2nc(CN3C(=O)C(=O)N(C4CCCC4)C3=O)cs2)cc1,5,0.42857142857142855,2.3540152930683442,0.9989546453708158
49874322_282,49874322,COc1ccc(C[N@H+]2CC[C@H](c3nc(C(C)C)no3)CC2)c(F)c1,5,0.3611111111111111,1.6330575617536558,0.9988662284997413
49874322_283,49874322,COc1ccc(CN2CCC(c3nc(C(C)C)no3)CC2)c(F)c1,5,0.3466666666666667,1.6499327259011904,0.9985146303665751
300456235_3711,300456235,COc1cc(Nc2c(C#N)cnc3cc(OCCC[N@H+]4CC[N@H+](C)CC4)c(OC)cc23)c(Cl)cc1Cl,5,0.5217391304347826,2.8309766865876105,0.9988737513443863
300456235_3709,300456235,COc1cc(Nc2c(C#N)cnc3cc(OCCCN4CC[NH+](C)CC4)c(OC)cc23)c(Cl)cc1Cl,5,0.5285714285714286,2.822439901928632,0.9985376841418758
300456235_3712,300456235,COc1cc(Nc2c(C#N)c[nH+]c3cc(OCCCN4CC[NH+](C)CC4)c(OC)cc23)c(Cl)cc1Cl,5,0.5211267605633803,3.8798087581735974,0.9973692316166253
300456235_3710,300456235,COc1cc(Nc2c(C#N)cnc3cc(OCCC[NH+]4CCN(C)CC4)c(OC)cc23)c(Cl)cc1Cl,5,0.5070422535211268,2.8343637734068015,0.9980325980023118
29581584_1240,29581584,CON(C)C(=O)CCc1c(C)nn(C)c1C,5,0.45098039215686275,1.849210912795151,0.998827400441758
82725547_2363,82725547,CCSCCC(=O)NCCn1nc(C)c(CC)c1C,5,0.5818181818181818,1.4780236804596467,0.9993685159840847
29658437_1316,29658437,C#CCNC(=O)c1cc(C(C)C)nn1CC,5,0.35294117647058826,0.7345202515932472,0.9998166464751277
49956374_2295,49956374,CCc1c/c(=N\S(C)(=O)=O)n(C)[nH]1,5,0.3111111111111111,1.9283231057064225,0.9994933456687094
19991792_1925,19991792,C#CCNC(=O)CCc1c(C)nn(C)c1C,5,0.5306122448979592,0.9438506237747529,0.9996861587355222
49038938_2983,49038938,Cc1nn(C(F)F)c(C)c1CC(=O)NCC[NH2+]C(C)(C)C,5,0.3076923076923077,2.1231511957466673,0.9993843806705237
45634538_3215,45634538,CONC(=O)c1c(C)nn(C)c1Cl,5,0.3541666666666667,1.9424242584983427,0.9989900627441863
49010170_2406,49010170,CC(C)CCCNC(=O)c1n[nH]cc1Br,5,0.2786885245901639,2.840214428524682,0.9997481030665681
49956374_2296,49956374,CCc1cc(NS(C)(=O)=O)n(C)n1,5,0.28125,1.5045039049473286,0.9996755388867055
49010170_2407,49010170,CC(C)CCCNC(=O)c1[nH]ncc1Br,5,0.2786885245901639,2.9932188359690177,0.9995395549519469
222778100_2601,222778100,CCN(Cc1cnn(C(C)C)c1)C(=O)NCCC(C)(C)OC,5,0.2923076923076923,1.3667973514749001,0.9992393987181603
