lgfe_0,lgfe_1,lgfe_2,lgfe_3,lgfe_4,lgfe_5,lgfe_6,lgfe_7,lgfe_8,lgfe_9,lgfe_10,lgfe_11,lgfe_12,lgfe_13,lgfe_14,lgfe_15,lgfe_16,lgfe_17,lgfe_18,lgfe_19,lgfe_20,lgfe_21,lgfe_22,lgfe_23,lgfe_24,lgfe_25,lgfe_26,lgfe_27,lgfe_28,lgfe_29,lgfe_30,lgfe_31,lgfe_32,lgfe_33,lgfe_34,lgfe_35,lgfe_36,lgfe_37,lgfe_38,lgfe_39,lgfe_40,lgfe_41,lgfe_42,lgfe_43,lgfe_44,lgfe_45,lgfe_46,lgfe_47,lgfe_48,lgfe_49,lgfe_50,lgfe_51,lgfe_52,lgfe_53,lgfe_54,lgfe_55,lgfe_56,lgfe_57,lgfe_58,lgfe_59,lgfe_60,lgfe_61,lgfe_62,lgfe_63,lgfe_64,lgfe_65,lgfe_66,lgfe_67,lgfe_68,lgfe_69,lgfe_70,lgfe_71,lgfe_72,lgfe_73,lgfe_74,lgfe_75,lgfe_76,lgfe_77,lgfe_78,lgfe_79,lgfe_80,lgfe_81,lgfe_82,lgfe_83,lgfe_84,lgfe_85,lgfe_86,lgfe_87,lgfe_88,lgfe_89,lgfe_90,lgfe_91,lgfe_92,lgfe_93,lgfe_94,lgfe_95,lgfe_96,lgfe_97,lgfe_98,lgfe_99,lgfe_100,lgfe_101,lgfe_102,lgfe_103,lgfe_104,lgfe_105,lgfe_106,lgfe_107,lgfe_108,lgfe_109,lgfe_110,lgfe_111,lgfe_112,lgfe_113,lgfe_114,lgfe_115,lgfe_116,lgfe_117,lgfe_118,lgfe_119,lgfe_120,lgfe_121,lgfe_122,lgfe_123,lgfe_124,lgfe_125,lgfe_126,lgfe_127,lgfe_128,lgfe_129,lgfe_130,lgfe_131,lgfe_132,lgfe_133,lgfe_134,lgfe_135,lgfe_136,lgfe_137,lgfe_138,lgfe_139,lgfe_140,lgfe_141,lgfe_142,lgfe_143,lgfe_144,lgfe_145,lgfe_146,lgfe_147,lgfe_148,lgfe_149,lgfe_150,lgfe_151,lgfe_152,lgfe_153,lgfe_154,lgfe_155,lgfe_156,lgfe_157,lgfe_158,lgfe_159,lgfe_160,lgfe_161,lgfe_162,lgfe_163,lgfe_164,lgfe_165,lgfe_166,lgfe_167,lgfe_168,lgfe_169,lgfe_170,lgfe_171,lgfe_172,lgfe_173,lgfe_174,lgfe_175,lgfe_176,lgfe_177,lgfe_178,lgfe_179,lgfe_180,lgfe_181,lgfe_182,lgfe_183,lgfe_184,Molecule,Parent,log10_P_app,SMILES
1.408,1.413,1.416,1.418,1.421,1.419,1.42,1.42,1.42,1.419,1.415,1.415,1.412,1.409,1.403,1.397,1.393,1.389,1.384,1.384,1.383,1.381,1.381,1.38,1.38,1.378,1.375,1.374,1.372,1.371,1.367,1.363,1.361,1.359,1.357,1.357,1.359,1.362,1.363,1.365,1.369,1.369,1.369,1.369,1.369,1.368,1.364,1.362,1.36,1.36,1.359,1.359,1.359,1.359,1.359,1.358,1.354,1.352,1.35,1.35,1.35,1.348,1.359,1.389,1.462,1.601,1.564,1.43,1.284,1.11,0.92,0.647,0.326,0.097,-0.274,-0.758,-1.124,-1.306,-1.306,-1.254,-1.174,-0.865,-0.434,0.303,1.21,2.366,3.652,4.863,5.915,7.186,7.928,9.212,9.428,8.164,7.285,6.137,5.176,4.025,2.633,1.46,0.473,-0.181,-0.723,-1.039,-1.204,-1.273,-1.252,-1.161,-0.827,-0.306,0.049,0.314,0.566,0.786,1.062,1.236,1.37,1.495,1.575,1.432,1.341,1.296,1.278,1.269,1.267,1.267,1.271,1.276,1.278,1.281,1.287,1.292,1.297,1.303,1.313,1.319,1.324,1.326,1.329,1.333,1.333,1.336,1.339,1.342,1.344,1.348,1.352,1.355,1.356,1.359,1.359,1.36,1.361,1.363,1.366,1.371,1.375,1.377,1.381,1.384,1.384,1.388,1.389,1.392,1.395,1.396,1.397,1.399,1.402,1.406,1.408,1.408,1.411,1.414,1.415,1.416,1.418,1.419,1.416,1.416,1.417,1.419,1.419,1.42,1.422,Labetalol_96,Labetalol,-4.6020599913279625,C[C@H](CCc1ccccc1)NC[C@@H](O)c1ccc(O)c(C(N)=O)c1
0.325,0.325,0.328,0.33,0.329,0.329,0.327,0.327,0.322,0.316,0.315,0.315,0.319,0.319,0.321,0.322,0.322,0.316,0.314,0.312,0.31,0.31,0.309,0.308,0.306,0.304,0.303,0.301,0.301,0.299,0.296,0.292,0.288,0.285,0.279,0.278,0.279,0.279,0.279,0.276,0.276,0.275,0.274,0.27,0.265,0.257,0.251,0.242,0.236,0.221,0.203,0.185,0.159,0.133,0.112,0.084,0.054,0.027,-0.005,-0.031,-0.047,-0.049,-0.049,-0.023,0.052,0.195,0.432,0.786,1.265,1.785,2.135,2.345,2.482,2.598,2.776,3.034,3.444,3.946,4.76,5.61,6.68,7.668,8.226,8.72,9.207,9.841,10.283,10.718,11.068,11.183,11.421,11.701,11.801,11.529,11.131,10.846,10.728,10.397,10.002,9.455,8.737,8.144,7.605,6.709,5.588,4.649,3.95,3.455,3.022,2.775,2.58,2.455,2.318,2.116,1.784,1.27,0.792,0.404,0.15,-0.003,-0.1,-0.132,-0.132,-0.131,-0.12,-0.099,-0.067,-0.038,-0.004,0.03,0.054,0.084,0.111,0.13,0.157,0.177,0.186,0.194,0.206,0.211,0.215,0.224,0.231,0.238,0.244,0.251,0.256,0.263,0.264,0.265,0.264,0.264,0.265,0.266,0.268,0.271,0.272,0.272,0.272,0.275,0.277,0.28,0.283,0.286,0.288,0.293,0.3,0.304,0.308,0.311,0.312,0.313,0.316,0.316,0.318,0.318,0.319,0.319,0.32,0.32,0.321,0.319,0.316,0.316,0.317,Olsalazine_38,Olsalazine,-7.318758762624412,O=C([O-])c1cc(/N=N\c2ccc(O)c(C(=O)[O-])c2)ccc1[O-]
1.11,1.114,1.117,1.121,1.121,1.124,1.124,1.124,1.119,1.114,1.11,1.106,1.103,1.099,1.097,1.091,1.088,1.085,1.084,1.084,1.083,1.079,1.079,1.08,1.078,1.077,1.075,1.074,1.073,1.069,1.066,1.059,1.054,1.049,1.045,1.045,1.048,1.051,1.052,1.052,1.052,1.053,1.053,1.05,1.042,1.036,1.033,1.027,1.02,1.012,0.998,0.988,0.973,0.962,0.945,0.932,0.922,0.918,0.917,0.916,0.916,0.916,0.924,0.959,1.044,1.201,1.44,1.778,1.986,2.077,2.152,2.213,2.142,1.792,1.392,1.177,1.177,1.186,1.292,1.639,2.349,3.323,4.531,5.878,7.449,9.086,10.808,12.456,13.918,14.853,15.555,15.979,16.359,15.923,15.225,14.228,12.976,11.194,9.337,7.734,6.269,4.79,3.569,2.578,1.83,1.415,1.304,1.258,1.258,1.43,1.783,2.151,2.244,2.195,2.1,1.971,1.8,1.461,1.198,1.027,0.924,0.875,0.859,0.858,0.86,0.861,0.861,0.866,0.876,0.895,0.914,0.927,0.944,0.96,0.975,0.983,0.997,1.006,1.011,1.016,1.021,1.024,1.026,1.033,1.039,1.042,1.046,1.052,1.052,1.052,1.05,1.049,1.05,1.054,1.054,1.057,1.064,1.07,1.072,1.073,1.077,1.078,1.079,1.081,1.084,1.084,1.087,1.089,1.094,1.097,1.102,1.105,1.107,1.111,1.116,1.117,1.12,1.122,1.122,1.124,1.127,1.124,1.121,1.121,1.123,Cephalexin_47,Cephalexin,-6.318758762624412,CC1=C(C(=O)[O-])N2C(=O)[C@@H](NC(=O)[C@@H](N)c3ccccc3)[C@H]2SC1
1.157,1.16,1.166,1.168,1.17,1.172,1.174,1.173,1.173,1.17,1.165,1.161,1.159,1.159,1.153,1.152,1.15,1.146,1.142,1.142,1.142,1.142,1.142,1.142,1.141,1.141,1.141,1.14,1.14,1.139,1.138,1.137,1.136,1.134,1.133,1.133,1.134,1.135,1.136,1.139,1.14,1.141,1.141,1.142,1.14,1.14,1.142,1.14,1.138,1.138,1.138,1.14,1.142,1.143,1.145,1.15,1.154,1.159,1.164,1.175,1.185,1.196,1.218,1.245,1.305,1.413,1.569,1.788,1.639,1.47,1.219,0.899,0.556,0.194,-0.262,-0.699,-0.958,-1.101,-1.165,-1.165,-1.047,-0.827,-0.456,0.057,0.639,1.191,1.716,2.078,2.193,2.143,2.114,2.107,2.107,2.115,2.154,2.184,2.155,1.803,1.247,0.685,0.162,-0.427,-0.804,-1.045,-1.168,-1.168,-1.113,-0.996,-0.754,-0.332,0.088,0.481,0.82,1.143,1.389,1.611,1.775,1.569,1.395,1.271,1.199,1.159,1.135,1.125,1.112,1.103,1.099,1.096,1.094,1.093,1.093,1.094,1.095,1.096,1.096,1.097,1.095,1.095,1.095,1.095,1.094,1.094,1.094,1.095,1.099,1.102,1.105,1.108,1.11,1.114,1.114,1.114,1.114,1.115,1.117,1.12,1.121,1.125,1.129,1.131,1.133,1.134,1.135,1.135,1.136,1.138,1.14,1.141,1.144,1.145,1.146,1.148,1.149,1.151,1.152,1.152,1.152,1.153,1.155,1.154,1.156,1.158,1.158,1.158,1.161,Bupropion_34,Bupropion,-3.886056647693163,C[C@@H]([NH2+]C(C)(C)C)C(=O)c1cccc(Cl)c1
1.13,1.135,1.137,1.138,1.145,1.145,1.145,1.145,1.145,1.143,1.136,1.134,1.132,1.126,1.123,1.118,1.118,1.114,1.112,1.111,1.11,1.11,1.109,1.107,1.107,1.106,1.104,1.103,1.101,1.099,1.096,1.095,1.094,1.09,1.088,1.088,1.089,1.092,1.091,1.091,1.095,1.098,1.1,1.097,1.096,1.093,1.094,1.093,1.089,1.087,1.085,1.084,1.082,1.082,1.082,1.08,1.078,1.078,1.078,1.076,1.076,1.078,1.089,1.126,1.201,1.348,1.557,1.704,1.565,1.376,1.196,1.015,0.736,0.533,0.035,-0.464,-0.784,-0.85,-0.85,-0.781,-0.513,0.067,0.922,1.996,3.115,4.078,4.74,5.187,5.988,6.833,7.753,8.502,8.696,7.706,6.885,6.103,5.402,4.849,4.268,3.334,2.2,1.091,0.205,-0.406,-0.704,-0.804,-0.804,-0.755,-0.477,0.026,0.524,0.713,0.931,1.147,1.402,1.519,1.678,1.568,1.339,1.189,1.085,1.042,1.017,1.011,1.01,1.01,1.013,1.018,1.02,1.026,1.03,1.035,1.039,1.047,1.05,1.056,1.062,1.062,1.064,1.065,1.066,1.07,1.07,1.072,1.075,1.078,1.08,1.081,1.084,1.087,1.086,1.087,1.087,1.09,1.092,1.096,1.098,1.102,1.103,1.109,1.113,1.113,1.114,1.116,1.117,1.118,1.121,1.125,1.127,1.129,1.131,1.133,1.136,1.138,1.138,1.14,1.143,1.143,1.143,1.145,1.145,1.144,1.145,1.145,1.145,Practolol_62,Practolol,-5.886056647693163,CC(=O)Nc1ccc(OC[C@H](O)CNC(C)C)cc1
0.915,0.92,0.924,0.924,0.925,0.925,0.925,0.924,0.925,0.921,0.917,0.912,0.912,0.912,0.912,0.909,0.906,0.902,0.896,0.892,0.891,0.888,0.888,0.888,0.889,0.887,0.885,0.882,0.88,0.88,0.88,0.876,0.875,0.873,0.871,0.871,0.872,0.874,0.878,0.88,0.881,0.88,0.88,0.88,0.878,0.877,0.873,0.873,0.871,0.869,0.867,0.857,0.852,0.839,0.834,0.827,0.817,0.814,0.814,0.819,0.825,0.836,0.852,0.886,0.961,1.08,1.271,1.456,1.359,1.233,1.106,1.025,0.952,0.859,0.718,0.718,0.744,0.896,1.179,1.675,2.427,3.182,3.949,4.973,5.987,6.798,7.539,8.118,8.707,9.267,9.73,10.084,9.98,9.795,9.403,8.814,8.25,7.673,6.924,6.068,5.069,4.133,3.332,2.483,1.685,1.167,0.854,0.734,0.661,0.661,0.787,0.884,0.959,1.029,1.134,1.275,1.378,1.254,1.051,0.907,0.824,0.77,0.756,0.745,0.736,0.734,0.734,0.736,0.745,0.756,0.757,0.771,0.78,0.796,0.803,0.805,0.814,0.816,0.823,0.823,0.823,0.83,0.833,0.837,0.842,0.846,0.851,0.856,0.858,0.86,0.86,0.861,0.862,0.864,0.868,0.871,0.871,0.874,0.878,0.879,0.881,0.882,0.884,0.887,0.889,0.892,0.896,0.9,0.902,0.903,0.904,0.904,0.903,0.903,0.904,0.902,0.902,0.903,0.904,0.903,0.903,0.905,0.906,0.908,0.909,Terbutaline_105,Terbutaline,-6.0,CC(C)(C)[NH2+]C[C@@H](O)c1cc([O-])cc(O)c1
1.125,1.129,1.133,1.133,1.139,1.138,1.138,1.138,1.135,1.134,1.13,1.126,1.122,1.119,1.117,1.11,1.107,1.104,1.101,1.1,1.098,1.098,1.097,1.097,1.096,1.096,1.095,1.094,1.094,1.092,1.09,1.088,1.087,1.084,1.082,1.082,1.084,1.086,1.087,1.087,1.088,1.094,1.097,1.093,1.092,1.09,1.089,1.089,1.089,1.088,1.087,1.088,1.087,1.087,1.088,1.093,1.097,1.102,1.109,1.117,1.13,1.148,1.172,1.223,1.306,1.45,1.584,1.502,1.414,1.315,1.227,0.978,0.753,0.635,0.036,-0.446,-0.704,-0.729,-0.699,-0.572,-0.084,0.601,1.589,2.809,3.825,4.645,5.394,5.986,6.329,6.912,7.417,8.078,8.079,7.548,7.019,6.493,6.033,5.565,4.797,3.949,2.958,1.732,0.726,-0.007,-0.594,-0.656,-0.679,-0.673,-0.536,-0.047,0.589,0.699,0.899,1.113,1.289,1.35,1.435,1.512,1.434,1.273,1.169,1.108,1.078,1.057,1.042,1.029,1.028,1.028,1.03,1.03,1.03,1.031,1.031,1.036,1.037,1.042,1.043,1.043,1.043,1.045,1.046,1.048,1.048,1.048,1.053,1.056,1.058,1.059,1.063,1.065,1.066,1.069,1.07,1.072,1.077,1.08,1.082,1.085,1.089,1.093,1.096,1.097,1.097,1.102,1.103,1.103,1.106,1.11,1.112,1.114,1.114,1.115,1.116,1.118,1.12,1.121,1.123,1.124,1.126,1.127,1.127,1.128,1.129,1.131,1.132,Practolol_63,Practolol,-5.886056647693163,CC(=O)Nc1ccc(OC[C@@H](O)C[NH2+]C(C)C)cc1
1.307,1.31,1.314,1.315,1.317,1.318,1.318,1.317,1.315,1.314,1.309,1.306,1.304,1.299,1.299,1.298,1.294,1.288,1.283,1.282,1.281,1.278,1.278,1.279,1.277,1.277,1.275,1.272,1.271,1.266,1.265,1.263,1.261,1.259,1.256,1.255,1.255,1.258,1.259,1.263,1.263,1.261,1.262,1.256,1.25,1.248,1.247,1.244,1.241,1.236,1.227,1.225,1.214,1.199,1.193,1.192,1.191,1.194,1.192,1.193,1.196,1.201,1.216,1.252,1.33,1.483,1.39,1.144,0.904,0.635,0.428,0.294,0.235,0.232,0.232,0.213,0.267,0.266,0.333,0.58,1.064,1.68,2.501,3.403,4.273,5.14,6.026,6.685,7.431,8.3,8.939,9.532,9.537,9.011,8.377,7.746,7.078,6.349,5.492,4.677,3.593,2.613,1.761,1.115,0.611,0.328,0.27,0.239,0.181,0.154,0.176,0.194,0.224,0.346,0.542,0.803,1.076,1.307,1.459,1.29,1.184,1.133,1.119,1.103,1.103,1.099,1.103,1.1,1.11,1.116,1.122,1.132,1.144,1.147,1.17,1.174,1.183,1.19,1.193,1.199,1.203,1.205,1.209,1.218,1.223,1.227,1.231,1.234,1.236,1.239,1.242,1.242,1.241,1.244,1.248,1.252,1.256,1.258,1.263,1.265,1.267,1.269,1.27,1.273,1.275,1.277,1.28,1.283,1.286,1.291,1.292,1.293,1.294,1.295,1.298,1.298,1.299,1.301,1.302,1.3,1.301,1.303,1.305,1.306,1.307,Labetalol_97,Labetalol,-4.6020599913279625,C[C@@H](CCc1ccccc1)[NH2+]C[C@@H](O)c1ccc([O-])c(C(N)=O)c1
0.133,0.135,0.137,0.137,0.142,0.142,0.141,0.139,0.133,0.126,0.122,0.119,0.117,0.12,0.118,0.119,0.119,0.115,0.111,0.109,0.109,0.109,0.108,0.106,0.105,0.105,0.103,0.102,0.101,0.096,0.094,0.09,0.087,0.079,0.078,0.077,0.076,0.077,0.076,0.075,0.074,0.073,0.074,0.071,0.066,0.06,0.053,0.045,0.036,0.028,0.013,-0.001,-0.02,-0.037,-0.059,-0.083,-0.112,-0.129,-0.14,-0.156,-0.156,-0.158,-0.152,-0.121,-0.021,0.144,0.434,0.851,1.404,2.102,2.477,2.614,2.786,3.032,3.238,3.447,3.766,4.163,4.631,5.45,6.222,7.075,8.14,9.288,10.482,11.579,12.491,13.454,14.432,15.52,16.488,17.546,17.703,16.65,15.642,14.654,13.76,12.833,11.827,10.818,9.635,8.323,7.188,6.304,5.575,4.809,4.283,3.875,3.555,3.319,3.14,2.854,2.658,2.504,2.192,1.466,0.873,0.453,0.151,-0.04,-0.16,-0.206,-0.213,-0.211,-0.21,-0.2,-0.176,-0.153,-0.134,-0.11,-0.089,-0.065,-0.04,-0.024,-0.005,0.007,0.014,0.025,0.03,0.038,0.042,0.046,0.054,0.059,0.063,0.067,0.069,0.075,0.076,0.075,0.072,0.073,0.073,0.073,0.078,0.08,0.083,0.083,0.083,0.087,0.094,0.098,0.1,0.102,0.104,0.108,0.111,0.117,0.121,0.122,0.124,0.128,0.129,0.132,0.138,0.139,0.141,0.147,0.147,0.147,0.147,0.147,0.147,0.146,0.146,Lucifer_Yellow_11,Lucifer_Yellow,-6.200659450546418,NNC(=O)N1C(=O)c2cc(S(=O)(=O)[O-])cc3c(N)c(S(=O)(=O)[O-])cc(c23)C1=O
1.021,1.025,1.028,1.029,1.03,1.031,1.032,1.034,1.03,1.026,1.024,1.02,1.019,1.016,1.016,1.012,1.012,1.007,1.003,1.003,1.003,1.001,0.999,0.998,0.998,0.998,0.996,0.995,0.994,0.993,0.99,0.989,0.986,0.985,0.984,0.983,0.983,0.983,0.983,0.984,0.984,0.987,0.987,0.984,0.983,0.977,0.976,0.974,0.968,0.962,0.957,0.949,0.937,0.931,0.919,0.909,0.903,0.905,0.904,0.913,0.921,0.934,0.95,0.981,1.043,1.169,1.366,1.336,1.194,1.084,0.981,0.837,0.79,0.759,0.747,0.738,0.754,0.754,0.935,1.335,2.077,2.414,2.815,3.054,3.536,4.135,4.836,5.514,6.269,6.857,7.112,7.418,7.474,7.319,7.071,6.35,5.551,4.8,4.236,3.646,3.137,2.741,2.398,2.096,1.365,0.929,0.725,0.725,0.669,0.744,0.716,0.739,0.764,0.909,1.007,1.116,1.244,1.347,1.126,0.999,0.917,0.876,0.861,0.84,0.833,0.826,0.828,0.83,0.834,0.844,0.855,0.87,0.884,0.888,0.903,0.905,0.911,0.92,0.921,0.927,0.931,0.933,0.941,0.943,0.949,0.953,0.955,0.956,0.96,0.963,0.964,0.967,0.967,0.968,0.971,0.974,0.975,0.978,0.979,0.982,0.986,0.989,0.992,0.992,0.993,0.997,1.001,1.003,1.006,1.006,1.006,1.008,1.01,1.011,1.011,1.01,1.01,1.01,1.012,1.014,1.014,1.013,1.013,1.014,1.017,Sotalol_91,Sotalol,-5.327902142064283,CC(C)[NH2+]C[C@@H](O)c1ccc([N-]S(C)(=O)=O)cc1
1.457,1.463,1.468,1.472,1.476,1.476,1.477,1.476,1.472,1.47,1.465,1.459,1.456,1.451,1.445,1.441,1.438,1.434,1.434,1.433,1.43,1.428,1.427,1.427,1.427,1.424,1.423,1.42,1.42,1.419,1.418,1.416,1.412,1.406,1.405,1.405,1.404,1.406,1.41,1.412,1.416,1.419,1.418,1.416,1.414,1.411,1.409,1.404,1.399,1.395,1.393,1.391,1.39,1.391,1.389,1.385,1.386,1.387,1.386,1.385,1.386,1.392,1.415,1.478,1.607,1.808,2.12,2.19,2.145,2.116,2.115,2.115,1.852,1.242,0.303,-0.457,-0.92,-1.062,-1.062,-1.048,-0.813,-0.239,0.677,1.597,2.636,3.579,4.423,5.244,6.04,6.847,7.662,8.458,8.761,7.873,7.057,6.254,5.46,4.643,3.8,2.852,1.774,0.833,-0.035,-0.692,-0.957,-0.992,-0.992,-0.883,-0.464,0.246,1.142,1.823,2.099,2.08,2.074,2.103,2.137,2.138,1.787,1.568,1.431,1.347,1.307,1.294,1.29,1.29,1.294,1.299,1.305,1.313,1.321,1.328,1.335,1.344,1.348,1.356,1.358,1.359,1.364,1.366,1.366,1.369,1.369,1.37,1.376,1.381,1.384,1.385,1.389,1.391,1.393,1.393,1.395,1.398,1.401,1.405,1.41,1.415,1.418,1.421,1.425,1.426,1.428,1.43,1.432,1.435,1.437,1.441,1.443,1.446,1.451,1.455,1.458,1.463,1.466,1.469,1.47,1.471,1.473,1.476,1.478,1.473,1.473,1.472,1.474,Timolol_116,Timolol,-4.259637310505756,CC(C)(C)NC[C@@H](O)COc1nsnc1N1CCOCC1
0.847,0.851,0.854,0.857,0.861,0.86,0.861,0.86,0.859,0.856,0.851,0.843,0.841,0.838,0.837,0.834,0.831,0.828,0.825,0.822,0.822,0.822,0.819,0.819,0.818,0.818,0.817,0.817,0.816,0.813,0.813,0.811,0.808,0.806,0.804,0.803,0.803,0.806,0.807,0.811,0.812,0.814,0.814,0.814,0.814,0.811,0.809,0.807,0.805,0.802,0.801,0.801,0.8,0.801,0.802,0.803,0.807,0.809,0.814,0.821,0.83,0.847,0.878,0.937,1.047,1.232,1.498,1.881,2.333,2.311,1.938,1.492,1.041,0.614,0.058,-0.429,-0.707,-0.807,-0.807,-0.714,-0.447,0.136,1.001,1.898,2.434,3.36,4.324,5.458,6.657,7.826,8.883,9.952,10.344,9.211,8.165,6.909,5.681,4.523,3.515,2.584,1.793,1.175,0.268,-0.346,-0.661,-0.763,-0.763,-0.679,-0.442,-0.006,0.571,0.982,1.423,1.882,2.26,2.363,1.91,1.522,1.215,1.024,0.901,0.823,0.785,0.76,0.756,0.752,0.747,0.745,0.745,0.745,0.748,0.752,0.755,0.76,0.763,0.764,0.764,0.768,0.768,0.767,0.766,0.766,0.767,0.767,0.771,0.774,0.777,0.781,0.787,0.788,0.787,0.786,0.786,0.789,0.792,0.795,0.799,0.804,0.807,0.812,0.815,0.818,0.817,0.816,0.821,0.822,0.826,0.829,0.831,0.836,0.841,0.843,0.847,0.849,0.853,0.854,0.854,0.856,0.858,0.861,0.861,0.861,0.864,0.862,0.862,Trimethoprim_126,Trimethoprim,-4.2839966563652006,COc1cc(Cc2cnc(N)[nH+]c2N)cc(OC)c1OC
1.452,1.457,1.462,1.468,1.47,1.474,1.474,1.473,1.472,1.466,1.459,1.452,1.446,1.443,1.44,1.433,1.429,1.424,1.423,1.422,1.417,1.417,1.417,1.416,1.416,1.415,1.414,1.413,1.413,1.413,1.41,1.406,1.404,1.402,1.401,1.401,1.401,1.403,1.406,1.41,1.411,1.416,1.415,1.414,1.412,1.408,1.407,1.404,1.399,1.397,1.396,1.396,1.398,1.398,1.403,1.406,1.407,1.413,1.42,1.43,1.448,1.467,1.508,1.577,1.728,1.945,2.101,2.057,2.093,2.092,2.092,2.304,1.875,1.211,0.316,-0.402,-0.786,-0.876,-0.891,-0.822,-0.47,0.254,1.199,2.206,3.316,4.448,5.489,6.418,7.056,7.585,7.893,8.199,8.235,8.104,7.828,7.302,6.603,5.697,4.66,3.423,2.351,1.269,0.359,-0.379,-0.771,-0.872,-0.859,-0.785,-0.439,0.233,1.134,1.811,2.16,2.06,1.991,1.975,1.975,2.018,1.898,1.674,1.529,1.429,1.371,1.349,1.328,1.315,1.311,1.313,1.312,1.318,1.321,1.326,1.332,1.335,1.336,1.339,1.343,1.345,1.346,1.346,1.347,1.347,1.347,1.347,1.355,1.359,1.365,1.368,1.369,1.371,1.375,1.377,1.378,1.381,1.384,1.389,1.394,1.4,1.402,1.407,1.408,1.41,1.413,1.416,1.418,1.419,1.422,1.427,1.428,1.432,1.435,1.439,1.442,1.444,1.448,1.448,1.452,1.453,1.455,1.46,1.46,1.457,1.458,1.457,1.459,Timolol_117,Timolol,-4.259637310505756,CC(C)(C)[NH2+]C[C@H](O)COc1nsnc1N1CCOCC1
1.063,1.065,1.068,1.068,1.069,1.072,1.073,1.073,1.074,1.072,1.068,1.067,1.066,1.064,1.063,1.063,1.062,1.059,1.057,1.057,1.057,1.056,1.056,1.055,1.055,1.055,1.053,1.053,1.052,1.048,1.046,1.045,1.042,1.041,1.04,1.038,1.038,1.04,1.039,1.039,1.04,1.04,1.04,1.035,1.034,1.029,1.027,1.025,1.022,1.012,1.004,0.995,0.981,0.971,0.959,0.946,0.936,0.93,0.928,0.927,0.923,0.923,0.923,0.927,0.956,1.02,1.137,1.321,1.332,1.24,1.104,0.926,0.737,0.464,0.209,0.036,-0.042,-0.042,-0.04,0.002,0.128,0.339,0.578,1.043,1.44,1.735,1.869,1.94,1.936,1.874,1.841,1.836,1.836,1.839,1.859,1.903,1.876,1.789,1.787,1.45,1.029,0.687,0.355,0.13,0.0,-0.046,-0.05,-0.047,0.021,0.17,0.409,0.678,0.87,1.052,1.203,1.294,1.303,1.133,0.997,0.919,0.879,0.868,0.866,0.866,0.867,0.87,0.873,0.882,0.892,0.907,0.919,0.931,0.945,0.954,0.969,0.974,0.982,0.99,0.992,0.995,1.0,1.001,1.004,1.012,1.016,1.021,1.022,1.028,1.029,1.03,1.03,1.029,1.029,1.029,1.03,1.032,1.035,1.036,1.038,1.039,1.041,1.042,1.043,1.043,1.043,1.045,1.046,1.049,1.05,1.054,1.056,1.056,1.056,1.058,1.059,1.059,1.059,1.059,1.061,1.061,1.062,1.062,1.062,1.062,1.063,Ketoprofen_95,Ketoprofen,-4.698970004336019,C[C@@H](C(=O)[O-])c1cccc(C(=O)c2ccccc2)c1
1.868,1.869,1.873,1.879,1.882,1.883,1.88,1.872,1.869,1.867,1.867,1.865,1.865,1.858,1.856,1.855,1.85,1.845,1.838,1.835,1.834,1.832,1.833,1.834,1.83,1.827,1.825,1.824,1.822,1.818,1.818,1.812,1.808,1.805,1.803,1.802,1.802,1.806,1.808,1.809,1.809,1.808,1.807,1.802,1.801,1.797,1.793,1.787,1.779,1.769,1.76,1.756,1.74,1.731,1.716,1.699,1.685,1.672,1.671,1.673,1.673,1.685,1.706,1.769,1.877,2.076,2.235,2.299,2.328,2.406,2.378,2.338,2.077,1.993,1.531,1.445,1.431,1.382,1.784,2.088,2.953,4.091,5.118,6.172,7.096,7.764,8.541,9.194,9.731,10.209,10.631,10.93,10.934,10.577,10.286,9.958,9.501,8.784,8.013,7.177,6.04,5.225,4.141,2.993,2.318,1.528,1.457,1.291,1.498,1.533,1.76,2.086,2.169,2.265,2.336,2.254,2.214,2.156,2.042,1.82,1.679,1.605,1.573,1.56,1.554,1.556,1.563,1.563,1.572,1.592,1.612,1.627,1.642,1.657,1.676,1.681,1.692,1.702,1.705,1.712,1.72,1.722,1.729,1.737,1.745,1.75,1.756,1.763,1.766,1.769,1.77,1.77,1.772,1.774,1.778,1.781,1.787,1.792,1.794,1.795,1.802,1.802,1.807,1.808,1.811,1.815,1.819,1.824,1.828,1.831,1.834,1.835,1.837,1.837,1.837,1.838,1.838,1.839,1.842,1.845,1.846,1.847,1.847,1.848,1.852,Lisinopril_2,Lisinopril,-6.7447274948966935,[NH3+]CCCC[C@H]([NH2+][C@H](CCc1ccccc1)C(=O)[O-])C(=O)N1CCC[C@@H]1C(=O)[O-]
1.057,1.063,1.066,1.069,1.071,1.07,1.068,1.064,1.065,1.058,1.051,1.047,1.043,1.04,1.035,1.028,1.022,1.015,1.013,1.012,1.012,1.01,1.008,1.007,1.004,1.004,1.001,0.997,0.995,0.99,0.987,0.982,0.975,0.968,0.964,0.964,0.966,0.97,0.975,0.976,0.974,0.972,0.967,0.967,0.962,0.951,0.944,0.939,0.929,0.92,0.914,0.902,0.89,0.88,0.868,0.854,0.839,0.827,0.825,0.824,0.83,0.834,0.859,0.945,1.096,1.325,1.775,2.162,2.308,2.451,2.589,2.78,3.042,3.139,2.6,2.293,2.293,2.37,2.592,3.233,4.307,6.083,8.338,10.706,13.215,15.917,17.655,19.009,20.404,21.07,21.562,22.005,22.171,21.843,21.327,20.531,19.764,18.169,16.339,13.725,11.11,8.758,6.637,4.781,3.516,2.825,2.564,2.43,2.437,2.672,3.144,3.112,2.814,2.593,2.443,2.301,2.137,1.744,1.362,1.056,0.889,0.796,0.755,0.748,0.745,0.745,0.745,0.758,0.776,0.796,0.816,0.834,0.854,0.872,0.886,0.895,0.914,0.92,0.926,0.932,0.936,0.942,0.949,0.953,0.96,0.966,0.969,0.972,0.974,0.975,0.974,0.975,0.975,0.978,0.983,0.987,0.994,0.999,1.004,1.007,1.008,1.012,1.017,1.018,1.02,1.025,1.026,1.033,1.037,1.038,1.044,1.051,1.056,1.059,1.067,1.071,1.071,1.074,1.079,1.078,1.079,1.081,1.08,1.078,1.078,Cefatrizine_41,Cefatrizine,-5.6020599913279625,N[C@@H](C(=O)N[C@@H]1C(=O)N2C(C(=O)[O-])=C(CSc3c[nH]nn3)CS[C@H]12)c1ccc(O)cc1
1.403,1.408,1.41,1.411,1.415,1.412,1.415,1.414,1.413,1.412,1.409,1.404,1.401,1.398,1.395,1.39,1.387,1.38,1.374,1.373,1.369,1.368,1.368,1.371,1.368,1.367,1.366,1.364,1.362,1.36,1.358,1.356,1.355,1.353,1.353,1.352,1.353,1.355,1.36,1.361,1.364,1.365,1.367,1.366,1.366,1.365,1.365,1.364,1.363,1.363,1.363,1.364,1.366,1.37,1.371,1.375,1.377,1.382,1.388,1.391,1.402,1.417,1.443,1.485,1.571,1.726,1.629,1.462,1.174,0.89,0.684,0.503,0.377,0.146,-0.261,-0.742,-0.982,-1.061,-1.068,-1.054,-0.853,-0.451,0.225,1.06,1.918,2.806,3.64,4.357,5.294,6.132,7.118,7.935,8.089,7.198,6.392,5.555,4.977,4.019,3.077,2.111,1.205,0.333,-0.391,-0.824,-1.028,-1.08,-1.08,-1.042,-0.808,-0.366,0.029,0.229,0.409,0.59,0.958,1.082,1.341,1.546,1.692,1.527,1.424,1.364,1.338,1.316,1.307,1.301,1.293,1.29,1.289,1.289,1.291,1.294,1.296,1.295,1.301,1.304,1.305,1.311,1.311,1.312,1.313,1.315,1.317,1.319,1.322,1.326,1.331,1.335,1.336,1.339,1.341,1.343,1.345,1.346,1.35,1.354,1.359,1.362,1.365,1.367,1.368,1.371,1.374,1.378,1.38,1.381,1.382,1.386,1.388,1.391,1.392,1.393,1.394,1.395,1.397,1.397,1.398,1.399,1.4,1.399,1.4,1.401,1.404,1.404,1.407,Labetalol_98,Labetalol,-4.6020599913279625,C[C@@H](CCc1ccccc1)[NH2+]C[C@H](O)c1ccc(O)c(C(N)=O)c1
0.391,0.393,0.395,0.397,0.398,0.398,0.398,0.399,0.398,0.394,0.391,0.39,0.39,0.394,0.394,0.393,0.39,0.389,0.387,0.387,0.387,0.387,0.387,0.386,0.385,0.384,0.383,0.383,0.383,0.384,0.383,0.381,0.379,0.376,0.373,0.373,0.373,0.374,0.375,0.375,0.375,0.373,0.373,0.372,0.372,0.367,0.365,0.36,0.356,0.353,0.348,0.339,0.331,0.329,0.311,0.301,0.29,0.277,0.267,0.261,0.26,0.26,0.26,0.271,0.308,0.383,0.5,0.674,0.881,1.106,1.332,1.284,1.088,0.938,0.856,0.856,0.856,0.858,0.942,1.132,1.471,1.911,2.409,2.528,2.942,3.117,3.224,3.313,3.253,3.198,3.127,3.118,3.118,3.12,3.143,3.196,3.31,3.3,3.075,2.847,2.652,2.424,1.9,1.502,1.16,0.945,0.855,0.855,0.855,0.856,0.926,1.062,1.248,1.327,1.104,0.877,0.675,0.492,0.362,0.281,0.234,0.218,0.215,0.214,0.217,0.224,0.232,0.249,0.259,0.271,0.283,0.294,0.309,0.313,0.322,0.33,0.333,0.339,0.339,0.34,0.346,0.347,0.348,0.349,0.355,0.358,0.361,0.364,0.365,0.364,0.363,0.363,0.363,0.363,0.364,0.366,0.366,0.368,0.369,0.371,0.372,0.372,0.373,0.373,0.375,0.378,0.381,0.382,0.384,0.386,0.388,0.39,0.391,0.392,0.392,0.392,0.392,0.393,0.396,0.397,0.397,0.395,0.393,0.393,0.393,Acetylsalicylic_Acid_5,Acetylsalicylic_Acid,-5.130768280269024,CC(=O)Oc1ccccc1C(=O)[O-]
0.227,0.232,0.235,0.238,0.239,0.238,0.237,0.232,0.23,0.226,0.218,0.21,0.209,0.203,0.202,0.198,0.194,0.192,0.191,0.191,0.19,0.186,0.186,0.186,0.186,0.185,0.184,0.184,0.183,0.183,0.178,0.173,0.168,0.165,0.165,0.165,0.166,0.167,0.169,0.172,0.175,0.176,0.176,0.174,0.169,0.163,0.159,0.152,0.148,0.143,0.138,0.137,0.137,0.137,0.135,0.135,0.135,0.132,0.132,0.132,0.134,0.143,0.173,0.235,0.368,0.564,0.85,1.259,1.582,1.818,2.024,2.167,2.197,2.008,1.787,1.653,1.629,1.629,1.751,2.179,2.933,3.967,5.388,7.102,8.889,10.686,12.581,14.352,16.022,17.204,18.719,19.64,19.606,19.177,17.71,16.514,14.823,13.054,11.165,9.294,7.514,5.771,4.306,3.212,2.411,1.94,1.785,1.772,1.772,1.861,2.057,2.229,2.187,2.036,1.84,1.618,1.296,0.882,0.568,0.372,0.249,0.159,0.117,0.098,0.092,0.091,0.092,0.095,0.102,0.109,0.119,0.126,0.133,0.139,0.146,0.151,0.154,0.156,0.161,0.165,0.165,0.167,0.169,0.169,0.171,0.171,0.171,0.172,0.173,0.174,0.176,0.175,0.179,0.183,0.185,0.188,0.19,0.195,0.199,0.2,0.2,0.201,0.201,0.203,0.204,0.205,0.206,0.209,0.212,0.214,0.218,0.225,0.229,0.232,0.234,0.239,0.243,0.244,0.246,0.248,0.25,0.248,0.244,0.236,0.235,Acyclovir_9,Acyclovir,-6.6777807052660805,Nc1nc2c(ncn2COCCO)c(=O)[nH]1
0.439,0.441,0.443,0.446,0.447,0.448,0.45,0.451,0.449,0.448,0.445,0.441,0.441,0.44,0.439,0.438,0.436,0.434,0.434,0.434,0.434,0.435,0.435,0.434,0.434,0.434,0.434,0.434,0.435,0.435,0.434,0.434,0.43,0.429,0.429,0.429,0.429,0.43,0.431,0.431,0.432,0.432,0.433,0.433,0.432,0.43,0.43,0.429,0.427,0.424,0.423,0.422,0.421,0.421,0.421,0.423,0.423,0.422,0.421,0.421,0.422,0.427,0.433,0.455,0.495,0.558,0.658,0.802,1.003,1.247,1.176,0.902,0.549,0.155,-0.209,-0.494,-0.653,-0.719,-0.74,-0.74,-0.718,-0.612,-0.397,-0.123,0.145,0.368,0.526,0.608,0.544,0.462,0.429,0.428,0.428,0.431,0.468,0.541,0.615,0.553,0.39,0.183,-0.095,-0.371,-0.58,-0.695,-0.716,-0.718,-0.705,-0.65,-0.504,-0.235,0.117,0.505,0.861,1.14,1.261,1.015,0.811,0.653,0.544,0.472,0.433,0.404,0.388,0.388,0.385,0.386,0.386,0.388,0.391,0.394,0.396,0.399,0.399,0.402,0.405,0.407,0.409,0.409,0.408,0.408,0.408,0.408,0.407,0.407,0.409,0.412,0.413,0.416,0.419,0.419,0.418,0.418,0.418,0.418,0.418,0.42,0.422,0.424,0.426,0.426,0.428,0.43,0.43,0.43,0.43,0.432,0.432,0.434,0.437,0.438,0.44,0.442,0.443,0.446,0.447,0.447,0.447,0.447,0.448,0.451,0.452,0.451,0.449,0.448,0.448,Guanabenz_87,Guanabenz,-3.721246399047171,NC(=[NH2+])N/N=C/c1c(Cl)cccc1Cl
1.066,1.068,1.071,1.076,1.078,1.075,1.076,1.076,1.072,1.071,1.065,1.058,1.056,1.052,1.049,1.045,1.042,1.038,1.033,1.029,1.029,1.029,1.027,1.027,1.026,1.026,1.025,1.023,1.022,1.018,1.016,1.011,1.009,1.01,1.008,1.008,1.01,1.013,1.013,1.015,1.02,1.022,1.02,1.017,1.015,1.014,1.013,1.012,1.009,1.009,1.009,1.009,1.008,1.008,1.013,1.013,1.016,1.019,1.024,1.032,1.044,1.063,1.09,1.138,1.235,1.383,1.601,1.559,1.52,1.489,1.446,1.351,1.135,0.857,0.616,0.38,0.31,0.319,0.336,0.619,1.203,2.19,3.359,4.51,5.674,6.649,7.719,8.634,9.486,10.402,11.445,12.456,12.783,11.749,10.705,9.713,8.836,7.95,7.089,6.036,4.958,3.602,2.346,1.364,0.743,0.424,0.258,0.35,0.35,0.489,0.84,1.081,1.339,1.415,1.452,1.482,1.51,1.612,1.38,1.218,1.105,1.042,1.013,0.993,0.978,0.965,0.963,0.964,0.965,0.966,0.967,0.967,0.972,0.972,0.975,0.98,0.984,0.985,0.985,0.985,0.988,0.991,0.993,0.994,0.994,0.998,0.999,1.001,1.005,1.007,1.01,1.01,1.012,1.015,1.02,1.022,1.026,1.027,1.03,1.033,1.033,1.034,1.033,1.035,1.037,1.038,1.04,1.043,1.045,1.048,1.049,1.05,1.053,1.053,1.053,1.055,1.057,1.06,1.061,1.064,1.064,1.062,1.062,1.062,1.063,Pindolol_61,Pindolol,-4.229147988357856,CC(C)[NH2+]C[C@@H](O)COc1cccc2[nH]ccc12
1.872,1.876,1.88,1.884,1.887,1.888,1.889,1.882,1.88,1.877,1.873,1.871,1.871,1.869,1.866,1.863,1.857,1.852,1.844,1.844,1.845,1.844,1.843,1.841,1.839,1.839,1.838,1.836,1.831,1.828,1.824,1.819,1.814,1.81,1.808,1.806,1.806,1.809,1.812,1.813,1.813,1.812,1.809,1.803,1.802,1.797,1.79,1.782,1.773,1.761,1.75,1.734,1.723,1.701,1.689,1.664,1.644,1.618,1.611,1.606,1.604,1.605,1.62,1.667,1.772,1.96,2.137,2.201,2.326,2.485,2.562,2.477,2.4,1.917,1.554,1.35,1.178,1.369,1.46,1.804,2.555,3.45,4.438,5.517,6.38,7.296,8.049,9.004,9.947,10.74,11.334,11.718,11.885,11.357,10.909,10.104,9.339,8.225,7.232,6.436,5.701,4.715,3.718,2.509,1.901,1.551,1.088,1.259,1.229,1.505,1.833,2.302,2.408,2.503,2.45,2.279,2.155,2.06,1.919,1.712,1.578,1.527,1.503,1.5,1.502,1.504,1.514,1.526,1.548,1.575,1.6,1.623,1.646,1.663,1.674,1.69,1.702,1.714,1.721,1.731,1.734,1.745,1.752,1.757,1.767,1.772,1.776,1.783,1.787,1.79,1.79,1.788,1.789,1.79,1.795,1.798,1.803,1.809,1.812,1.812,1.816,1.819,1.821,1.822,1.827,1.83,1.832,1.838,1.84,1.844,1.848,1.851,1.853,1.854,1.856,1.857,1.857,1.858,1.861,1.863,1.865,1.865,1.864,1.865,1.868,Lisinopril_3,Lisinopril,-6.7447274948966935,[NH3+]CCCC[C@H](N[C@H](CCc1ccccc1)C(=O)[O-])C(=O)N1CCC[C@@H]1C(=O)[O-]
1.216,1.225,1.227,1.23,1.233,1.236,1.235,1.23,1.227,1.226,1.222,1.22,1.216,1.212,1.206,1.2,1.197,1.194,1.192,1.191,1.191,1.191,1.187,1.186,1.186,1.185,1.184,1.184,1.182,1.181,1.18,1.175,1.172,1.167,1.165,1.165,1.165,1.168,1.17,1.174,1.174,1.174,1.177,1.176,1.176,1.171,1.169,1.165,1.161,1.156,1.153,1.152,1.151,1.151,1.15,1.15,1.15,1.146,1.145,1.145,1.143,1.144,1.157,1.205,1.303,1.483,1.752,1.929,1.974,2.02,2.087,1.841,1.462,1.226,0.428,-0.304,-0.755,-0.888,-0.918,-0.874,-0.637,-0.03,0.774,1.744,2.897,4.121,5.521,6.927,8.297,9.248,10.135,10.778,11.024,10.502,9.626,8.62,7.237,5.811,4.371,3.112,1.957,0.938,0.153,-0.569,-0.78,-0.802,-0.802,-0.716,-0.307,0.389,1.239,1.458,1.792,2.067,2.016,1.942,1.902,1.787,1.474,1.277,1.162,1.096,1.071,1.063,1.06,1.061,1.066,1.068,1.076,1.082,1.087,1.093,1.099,1.107,1.113,1.116,1.126,1.132,1.133,1.135,1.136,1.138,1.139,1.141,1.145,1.148,1.149,1.153,1.155,1.16,1.158,1.158,1.158,1.159,1.162,1.169,1.176,1.177,1.184,1.187,1.189,1.19,1.194,1.197,1.198,1.198,1.199,1.203,1.207,1.211,1.216,1.219,1.223,1.228,1.23,1.233,1.232,1.234,1.234,1.239,1.242,1.241,1.235,1.234,1.234,Penicillin_V_49,Penicillin_V,-6.823908740944319,CC1(C)S[C@H]2[C@H](NC(=O)COc3ccccc3)C(=O)N2[C@@H]1C(=O)O
0.854,0.86,0.863,0.865,0.867,0.869,0.87,0.869,0.864,0.86,0.856,0.854,0.853,0.849,0.848,0.843,0.842,0.838,0.834,0.834,0.835,0.834,0.834,0.834,0.833,0.833,0.833,0.833,0.832,0.829,0.828,0.822,0.818,0.817,0.817,0.817,0.817,0.817,0.82,0.823,0.822,0.822,0.823,0.824,0.822,0.816,0.813,0.808,0.804,0.801,0.801,0.801,0.801,0.801,0.801,0.8,0.799,0.797,0.796,0.791,0.79,0.79,0.798,0.818,0.873,0.972,1.129,1.338,1.578,1.816,2.014,1.832,1.411,0.952,0.515,0.117,-0.156,-0.259,-0.253,-0.238,-0.08,0.295,0.912,1.749,2.768,3.946,5.236,6.59,7.876,8.942,9.666,9.943,10.006,9.912,9.238,8.224,6.925,5.534,4.211,2.994,1.952,1.11,0.469,0.06,-0.126,-0.168,-0.174,-0.094,0.137,0.504,0.926,1.365,1.778,2.008,1.835,1.597,1.363,1.143,0.978,0.868,0.802,0.766,0.755,0.754,0.754,0.758,0.759,0.76,0.763,0.766,0.77,0.777,0.784,0.791,0.794,0.797,0.8,0.802,0.805,0.806,0.808,0.809,0.809,0.811,0.812,0.814,0.819,0.82,0.821,0.82,0.82,0.82,0.82,0.82,0.822,0.826,0.828,0.832,0.835,0.837,0.839,0.839,0.84,0.84,0.841,0.842,0.843,0.843,0.845,0.847,0.849,0.852,0.856,0.858,0.861,0.866,0.867,0.867,0.867,0.869,0.871,0.869,0.866,0.866,0.868,Phenytoin_59,Phenytoin,-3.9208187539523753,O=C1NC(=O)C(c2ccccc2)(c2ccccc2)N1
1.103,1.107,1.114,1.116,1.117,1.118,1.12,1.118,1.112,1.106,1.101,1.098,1.097,1.094,1.09,1.086,1.08,1.078,1.077,1.075,1.075,1.072,1.071,1.069,1.068,1.067,1.067,1.063,1.062,1.058,1.055,1.051,1.045,1.045,1.041,1.041,1.042,1.046,1.046,1.046,1.046,1.049,1.049,1.045,1.039,1.033,1.03,1.025,1.018,1.009,0.999,0.993,0.978,0.971,0.958,0.947,0.943,0.94,0.94,0.941,0.95,0.969,0.988,1.041,1.136,1.31,1.569,1.905,2.103,2.315,2.49,2.506,2.255,1.895,1.573,1.435,1.435,1.463,1.551,1.951,2.695,3.75,5.029,6.448,8.074,9.748,11.465,12.894,14.154,14.909,15.496,15.736,15.729,15.729,15.177,14.376,13.282,11.908,9.971,8.258,6.661,5.299,3.94,2.838,1.914,1.638,1.505,1.492,1.493,1.578,1.858,2.199,2.441,2.453,2.294,2.088,1.875,1.574,1.3,1.109,0.996,0.93,0.902,0.883,0.873,0.871,0.871,0.871,0.875,0.891,0.905,0.918,0.932,0.947,0.962,0.965,0.974,0.986,0.988,0.992,0.999,1.001,1.006,1.013,1.021,1.023,1.028,1.03,1.035,1.034,1.032,1.032,1.033,1.036,1.039,1.044,1.049,1.053,1.056,1.057,1.061,1.063,1.064,1.065,1.069,1.07,1.073,1.076,1.079,1.083,1.087,1.09,1.092,1.096,1.098,1.101,1.101,1.102,1.104,1.104,1.11,1.109,1.106,1.107,1.107,Cephalexin_48,Cephalexin,-6.318758762624412,CC1=C(C(=O)[O-])N2C(=O)[C@H](NC(=O)[C@@H]([NH3+])c3ccccc3)[C@@H]2SC1
0.206,0.21,0.211,0.214,0.216,0.215,0.212,0.206,0.203,0.199,0.193,0.184,0.179,0.176,0.175,0.172,0.168,0.167,0.16,0.158,0.157,0.156,0.154,0.154,0.151,0.151,0.15,0.15,0.149,0.148,0.148,0.145,0.143,0.141,0.139,0.139,0.141,0.144,0.148,0.149,0.153,0.154,0.154,0.154,0.153,0.152,0.151,0.149,0.147,0.144,0.144,0.145,0.147,0.148,0.155,0.159,0.169,0.178,0.187,0.203,0.223,0.259,0.321,0.405,0.552,0.765,1.051,1.427,1.768,1.915,2.001,2.014,1.841,1.668,1.465,1.465,1.465,1.491,1.835,2.509,3.537,4.973,6.779,8.794,10.927,13.037,15.082,16.819,18.277,19.234,19.689,20.124,20.16,19.877,19.518,18.878,17.348,15.594,13.509,11.303,9.148,7.097,5.26,3.788,2.706,1.974,1.579,1.498,1.496,1.496,1.651,1.82,1.982,1.975,1.91,1.761,1.455,1.072,0.769,0.543,0.399,0.285,0.22,0.177,0.152,0.14,0.124,0.118,0.114,0.112,0.107,0.108,0.111,0.112,0.116,0.115,0.117,0.115,0.113,0.114,0.115,0.115,0.116,0.116,0.12,0.121,0.123,0.125,0.128,0.13,0.13,0.132,0.135,0.139,0.143,0.146,0.15,0.156,0.159,0.16,0.161,0.162,0.163,0.165,0.166,0.166,0.167,0.173,0.176,0.18,0.183,0.184,0.187,0.191,0.192,0.193,0.193,0.193,0.194,0.2,0.202,0.205,0.203,0.198,0.198,Acyclovir_11,Acyclovir,-6.6777807052660805,Nc1[nH]c(=O)c2ncn(COCCO)c2[nH+]1
1.051,1.054,1.059,1.06,1.059,1.059,1.06,1.059,1.058,1.05,1.042,1.041,1.037,1.033,1.029,1.025,1.019,1.01,1.009,1.008,1.008,1.007,1.004,1.002,1.0,1.0,0.996,0.993,0.99,0.986,0.979,0.976,0.971,0.964,0.961,0.958,0.959,0.961,0.961,0.962,0.954,0.95,0.948,0.937,0.935,0.927,0.916,0.907,0.892,0.886,0.853,0.844,0.821,0.797,0.772,0.754,0.741,0.729,0.727,0.725,0.723,0.724,0.738,0.808,0.956,1.223,1.64,2.026,2.183,2.321,2.52,2.682,2.623,2.676,2.593,2.877,3.383,3.603,3.934,4.757,6.075,7.933,10.229,12.293,13.361,14.74,16.393,18.182,20.016,21.143,22.063,22.639,22.98,22.39,21.402,20.323,18.936,17.026,15.049,13.532,12.552,10.596,8.278,6.399,5.014,4.133,3.754,3.581,3.129,2.729,2.567,2.669,2.693,2.515,2.297,2.154,1.984,1.653,1.226,0.926,0.744,0.655,0.628,0.628,0.628,0.632,0.639,0.649,0.667,0.701,0.721,0.736,0.762,0.781,0.813,0.825,0.845,0.869,0.882,0.894,0.899,0.911,0.924,0.928,0.939,0.947,0.951,0.952,0.957,0.957,0.958,0.959,0.96,0.962,0.966,0.972,0.979,0.982,0.989,0.992,0.993,0.997,0.998,1.004,1.005,1.008,1.011,1.017,1.025,1.028,1.036,1.039,1.042,1.048,1.053,1.054,1.06,1.063,1.063,1.063,1.065,1.065,1.064,1.059,1.061,Cefatrizine_43,Cefatrizine,-5.6020599913279625,N[C@@H](C(=O)N[C@@H]1C(=O)N2C(C(=O)[O-])=C(CSc3cnn[n-]3)CS[C@@H]12)c1ccc(O)cc1
0.994,0.999,1.002,1.007,1.01,1.01,1.008,1.005,1.001,0.999,0.994,0.988,0.985,0.98,0.974,0.97,0.968,0.963,0.959,0.959,0.96,0.96,0.959,0.959,0.958,0.956,0.954,0.954,0.952,0.952,0.947,0.946,0.941,0.939,0.936,0.936,0.938,0.94,0.943,0.944,0.945,0.949,0.95,0.947,0.945,0.943,0.94,0.936,0.932,0.929,0.927,0.926,0.926,0.928,0.929,0.932,0.934,0.935,0.936,0.939,0.95,0.974,1.012,1.075,1.183,1.362,1.626,1.762,1.814,1.878,2.004,2.082,1.923,1.43,0.963,0.703,0.628,0.628,0.666,0.99,1.671,2.671,3.87,5.405,6.955,8.46,9.882,11.252,12.389,13.362,14.284,15.217,15.117,14.479,13.777,12.992,11.687,10.265,8.792,7.29,5.683,4.216,2.904,1.863,1.168,0.794,0.712,0.712,0.758,0.996,1.429,1.882,2.089,2.016,1.879,1.787,1.723,1.655,1.375,1.178,1.052,0.979,0.937,0.908,0.89,0.888,0.886,0.886,0.886,0.888,0.889,0.896,0.9,0.904,0.908,0.908,0.913,0.915,0.916,0.918,0.918,0.919,0.923,0.924,0.926,0.929,0.933,0.933,0.934,0.935,0.935,0.937,0.938,0.941,0.944,0.949,0.953,0.956,0.957,0.962,0.965,0.966,0.965,0.965,0.965,0.967,0.969,0.972,0.975,0.977,0.979,0.982,0.984,0.987,0.991,0.993,0.996,0.996,0.999,1.0,0.998,0.999,1.003,1.002,1.001,Sumatriptan_98,Sumatriptan,-5.721246399047171,CNS(=O)(=O)Cc1ccc2[nH]cc(CC[NH+](C)C)c2c1
1.593,1.598,1.6,1.605,1.608,1.611,1.609,1.609,1.609,1.611,1.605,1.603,1.599,1.595,1.594,1.588,1.585,1.582,1.578,1.576,1.575,1.574,1.575,1.576,1.575,1.574,1.573,1.571,1.569,1.567,1.565,1.562,1.559,1.557,1.556,1.556,1.557,1.559,1.56,1.561,1.567,1.568,1.569,1.568,1.566,1.566,1.566,1.563,1.562,1.561,1.561,1.561,1.56,1.56,1.56,1.559,1.557,1.555,1.554,1.551,1.549,1.549,1.55,1.567,1.62,1.72,1.873,2.103,2.048,1.83,1.587,1.37,0.857,0.27,-0.545,-1.17,-1.648,-1.873,-1.979,-1.98,-1.963,-1.858,-1.627,-1.18,-0.632,0.021,0.725,1.428,2.183,2.969,3.651,4.221,4.337,3.848,3.073,2.347,1.562,0.831,0.134,-0.515,-1.086,-1.537,-1.812,-1.939,-1.953,-1.974,-1.905,-1.683,-1.235,-0.585,0.151,0.784,1.232,1.48,1.874,2.054,2.099,1.869,1.692,1.585,1.52,1.491,1.48,1.478,1.478,1.479,1.481,1.487,1.489,1.493,1.496,1.501,1.508,1.511,1.518,1.523,1.523,1.526,1.527,1.528,1.53,1.533,1.534,1.535,1.539,1.544,1.548,1.548,1.552,1.552,1.552,1.552,1.553,1.555,1.559,1.561,1.564,1.567,1.57,1.573,1.575,1.575,1.576,1.578,1.579,1.581,1.582,1.584,1.586,1.588,1.591,1.593,1.594,1.595,1.595,1.596,1.597,1.597,1.599,1.6,1.601,1.602,1.603,1.603,1.604,Alprenolol_12,Alprenolol,-3.795880017344075,C=CCc1ccccc1OC[C@H](O)CNC(C)C
1.017,1.02,1.025,1.027,1.028,1.029,1.029,1.029,1.029,1.025,1.023,1.021,1.019,1.014,1.01,1.009,1.005,1.0,0.996,0.995,0.993,0.992,0.992,0.991,0.989,0.988,0.988,0.986,0.984,0.983,0.978,0.977,0.974,0.973,0.972,0.973,0.975,0.977,0.979,0.981,0.983,0.986,0.988,0.988,0.988,0.986,0.986,0.985,0.985,0.984,0.983,0.983,0.983,0.985,0.985,0.985,0.981,0.98,0.979,0.979,0.979,0.981,0.991,1.021,1.089,1.192,1.365,1.617,1.704,1.545,1.317,1.052,0.743,0.319,-0.106,-0.519,-0.633,-0.684,-0.657,-0.608,-0.264,0.376,1.312,2.387,3.6,4.899,6.181,7.392,8.313,9.061,9.804,10.416,10.386,9.895,9.229,8.596,7.46,6.495,5.151,3.859,2.591,1.481,0.524,-0.127,-0.542,-0.696,-0.682,-0.649,-0.528,-0.244,0.257,0.67,0.999,1.252,1.476,1.651,1.616,1.373,1.164,1.045,0.972,0.934,0.915,0.908,0.898,0.898,0.9,0.905,0.909,0.912,0.918,0.924,0.932,0.94,0.942,0.947,0.95,0.952,0.951,0.954,0.956,0.958,0.959,0.962,0.964,0.967,0.972,0.974,0.975,0.976,0.977,0.98,0.981,0.984,0.987,0.989,0.99,0.993,0.998,0.998,1.0,1.0,1.006,1.007,1.008,1.009,1.011,1.015,1.017,1.018,1.018,1.018,1.018,1.019,1.02,1.022,1.021,1.021,1.019,1.019,1.019,1.02,1.021,1.021,1.023,Terbutaline_103,Terbutaline,-6.0,CC(C)(C)NC[C@H](O)c1cc(O)cc(O)c1
0.835,0.84,0.843,0.845,0.848,0.849,0.848,0.847,0.845,0.844,0.838,0.831,0.828,0.826,0.823,0.821,0.817,0.814,0.814,0.813,0.811,0.811,0.811,0.81,0.809,0.809,0.809,0.807,0.805,0.801,0.8,0.796,0.795,0.791,0.79,0.79,0.791,0.792,0.795,0.797,0.797,0.797,0.797,0.797,0.794,0.785,0.782,0.778,0.775,0.771,0.767,0.764,0.764,0.764,0.764,0.763,0.763,0.764,0.76,0.758,0.758,0.762,0.779,0.828,0.932,1.114,1.383,1.774,2.246,2.23,1.91,1.563,1.247,0.898,0.466,-0.013,-0.352,-0.414,-0.422,-0.425,-0.187,0.297,1.026,1.612,2.263,2.999,3.852,4.861,5.992,7.257,8.509,9.676,9.983,8.821,7.588,6.28,5.104,4.064,3.197,2.462,1.804,1.195,0.462,-0.033,-0.292,-0.307,-0.332,-0.263,0.017,0.452,0.925,1.224,1.53,1.861,2.184,2.284,1.823,1.417,1.108,0.922,0.806,0.737,0.704,0.699,0.699,0.702,0.704,0.705,0.715,0.715,0.724,0.73,0.738,0.745,0.749,0.756,0.755,0.756,0.763,0.763,0.763,0.766,0.766,0.77,0.77,0.771,0.773,0.778,0.783,0.784,0.782,0.782,0.782,0.784,0.789,0.793,0.795,0.8,0.802,0.806,0.809,0.811,0.812,0.811,0.812,0.816,0.818,0.821,0.823,0.827,0.832,0.837,0.84,0.842,0.845,0.849,0.852,0.854,0.859,0.86,0.858,0.857,0.857,0.853,0.853,Trimethoprim_124,Trimethoprim,-4.2839966563652006,COc1cc(Cc2cnc(N)nc2N)cc(OC)c1OC
1.011,1.014,1.019,1.02,1.021,1.021,1.022,1.022,1.022,1.019,1.014,1.012,1.012,1.011,1.015,1.013,1.01,1.003,0.999,0.998,0.999,1.001,1.0,0.998,0.997,0.996,0.995,0.994,0.992,0.992,0.991,0.989,0.988,0.985,0.984,0.982,0.982,0.985,0.988,0.988,0.986,0.986,0.986,0.987,0.987,0.984,0.981,0.979,0.976,0.975,0.972,0.969,0.962,0.959,0.949,0.943,0.936,0.927,0.925,0.923,0.923,0.923,0.934,0.949,0.997,1.082,1.225,1.412,1.602,1.607,1.346,1.015,0.688,0.436,0.28,0.214,0.216,0.216,0.354,0.642,1.105,1.69,2.315,2.852,3.412,3.9,4.363,4.412,4.714,4.636,4.587,4.579,4.579,4.579,4.599,4.653,4.732,4.484,3.592,3.085,2.654,2.326,1.711,1.137,0.669,0.361,0.212,0.179,0.179,0.241,0.371,0.605,0.926,1.252,1.523,1.587,1.4,1.21,1.06,0.958,0.897,0.876,0.868,0.862,0.863,0.868,0.87,0.877,0.881,0.886,0.894,0.903,0.914,0.92,0.928,0.934,0.933,0.933,0.937,0.937,0.938,0.946,0.947,0.951,0.955,0.96,0.963,0.967,0.97,0.968,0.967,0.967,0.967,0.968,0.971,0.976,0.977,0.978,0.981,0.981,0.982,0.986,0.986,0.985,0.986,0.989,0.991,0.994,0.996,0.997,0.999,0.998,0.998,0.998,0.998,0.997,0.997,0.998,1.0,1.0,1.003,1.004,1.004,1.004,1.006,Gabapentin_81,Gabapentin,-6.443697499232713,[NH3+]CC1(CC(=O)[O-])CCCCC1
0.86,0.867,0.868,0.872,0.875,0.877,0.875,0.872,0.869,0.864,0.858,0.856,0.852,0.85,0.842,0.839,0.835,0.831,0.83,0.827,0.827,0.826,0.821,0.822,0.822,0.822,0.821,0.82,0.82,0.813,0.812,0.808,0.804,0.799,0.798,0.798,0.799,0.803,0.805,0.807,0.809,0.811,0.811,0.81,0.808,0.802,0.8,0.794,0.79,0.784,0.78,0.779,0.777,0.776,0.775,0.774,0.773,0.773,0.772,0.771,0.769,0.772,0.794,0.844,0.954,1.147,1.453,1.711,1.874,2.012,2.164,2.214,2.056,1.645,0.912,0.379,0.144,0.081,0.081,0.24,0.756,1.555,2.769,4.343,6.226,8.35,10.616,12.6,14.028,15.175,16.017,16.528,16.9,16.305,15.649,14.49,13.133,11.092,8.785,6.624,4.68,3.064,1.819,0.975,0.418,0.208,0.208,0.262,0.417,0.912,1.629,2.069,2.226,2.164,2.017,1.865,1.706,1.471,1.165,0.939,0.813,0.747,0.712,0.701,0.701,0.703,0.704,0.706,0.71,0.718,0.729,0.733,0.743,0.752,0.76,0.767,0.772,0.777,0.777,0.779,0.783,0.783,0.783,0.787,0.79,0.793,0.798,0.796,0.798,0.8,0.799,0.799,0.799,0.803,0.807,0.811,0.818,0.824,0.827,0.829,0.832,0.833,0.835,0.837,0.84,0.84,0.842,0.845,0.849,0.853,0.86,0.863,0.865,0.87,0.875,0.88,0.88,0.882,0.882,0.883,0.887,0.888,0.883,0.881,0.881,Loracarbef_4,Loracarbef,-6.040958607678906,N[C@@H](C(=O)N[C@@H]1C(=O)N2C(C(=O)O)=C(Cl)CC[C@@H]12)c1ccccc1
1.125,1.129,1.132,1.133,1.137,1.138,1.139,1.138,1.136,1.135,1.131,1.125,1.122,1.12,1.117,1.111,1.108,1.106,1.1,1.098,1.097,1.098,1.097,1.097,1.096,1.096,1.094,1.093,1.093,1.091,1.089,1.087,1.085,1.085,1.083,1.083,1.083,1.086,1.087,1.087,1.09,1.094,1.096,1.092,1.09,1.088,1.087,1.087,1.089,1.087,1.088,1.088,1.088,1.088,1.09,1.094,1.098,1.102,1.106,1.114,1.124,1.14,1.165,1.211,1.294,1.45,1.571,1.492,1.402,1.297,1.179,1.074,0.818,0.505,-0.04,-0.511,-0.803,-0.851,-0.851,-0.846,-0.458,0.222,1.187,2.374,3.597,4.286,5.16,5.437,5.756,6.179,6.592,7.172,7.146,6.724,6.25,5.844,5.494,5.173,4.605,3.859,2.313,1.327,0.334,-0.373,-0.774,-0.85,-0.836,-0.825,-0.541,-0.141,0.447,0.736,0.987,1.114,1.218,1.335,1.427,1.497,1.42,1.253,1.162,1.106,1.074,1.053,1.042,1.03,1.029,1.03,1.03,1.03,1.03,1.031,1.031,1.035,1.035,1.039,1.041,1.044,1.043,1.044,1.046,1.048,1.048,1.048,1.051,1.055,1.058,1.06,1.063,1.065,1.068,1.069,1.069,1.072,1.076,1.08,1.082,1.086,1.09,1.091,1.096,1.096,1.099,1.101,1.102,1.103,1.107,1.109,1.112,1.114,1.115,1.115,1.114,1.116,1.119,1.121,1.123,1.123,1.125,1.127,1.127,1.128,1.129,1.13,1.131,Atenolol_29,Atenolol,-5.7447274948966935,CC(C)[NH2+]C[C@H](O)COc1ccc(CC(N)=O)cc1
0.267,0.268,0.269,0.27,0.271,0.268,0.268,0.268,0.267,0.266,0.265,0.265,0.265,0.268,0.269,0.267,0.265,0.262,0.261,0.259,0.259,0.259,0.258,0.257,0.257,0.257,0.256,0.255,0.254,0.253,0.252,0.252,0.249,0.247,0.246,0.245,0.245,0.246,0.247,0.249,0.249,0.246,0.246,0.246,0.247,0.246,0.24,0.238,0.234,0.232,0.23,0.227,0.22,0.213,0.205,0.191,0.181,0.169,0.156,0.145,0.14,0.139,0.14,0.142,0.156,0.201,0.274,0.364,0.517,0.682,0.825,0.895,0.861,0.861,0.875,0.932,1.039,1.186,1.353,1.621,1.988,2.423,2.795,3.097,3.521,3.888,4.203,4.478,4.8,5.128,5.358,5.397,5.394,5.293,5.177,4.919,4.564,4.172,3.826,3.539,3.235,2.92,2.444,1.968,1.63,1.352,1.168,1.023,0.92,0.859,0.843,0.843,0.866,0.811,0.671,0.509,0.358,0.255,0.178,0.129,0.109,0.105,0.104,0.104,0.11,0.112,0.126,0.136,0.146,0.158,0.17,0.185,0.192,0.2,0.209,0.21,0.213,0.219,0.219,0.222,0.229,0.23,0.232,0.232,0.238,0.24,0.242,0.243,0.245,0.243,0.243,0.243,0.244,0.245,0.247,0.248,0.249,0.249,0.249,0.25,0.25,0.252,0.253,0.253,0.255,0.257,0.26,0.261,0.261,0.264,0.265,0.264,0.262,0.262,0.262,0.262,0.262,0.264,0.264,0.264,0.263,0.263,0.263,0.263,0.263,Salicylic_Acid_82,Salicylic_Acid,-5.0,O=C([O-])c1ccccc1O
0.42,0.423,0.425,0.425,0.425,0.426,0.426,0.426,0.424,0.419,0.413,0.413,0.412,0.414,0.41,0.41,0.411,0.41,0.406,0.404,0.402,0.402,0.399,0.397,0.397,0.395,0.395,0.395,0.392,0.391,0.391,0.387,0.383,0.377,0.374,0.374,0.374,0.377,0.376,0.376,0.376,0.378,0.377,0.371,0.369,0.363,0.363,0.356,0.35,0.341,0.327,0.307,0.297,0.283,0.27,0.25,0.226,0.205,0.181,0.167,0.162,0.162,0.167,0.19,0.26,0.396,0.617,0.968,1.441,1.942,2.205,2.407,2.306,2.185,2.185,2.186,2.267,2.486,2.915,3.617,4.607,5.827,6.685,7.619,8.37,8.945,9.383,9.696,10.025,10.351,10.572,10.902,10.962,10.678,10.324,10.104,9.811,9.453,9.004,8.373,7.509,6.899,5.566,4.681,3.701,2.942,2.47,2.242,2.169,2.147,2.147,2.252,2.376,2.188,1.921,1.45,0.98,0.618,0.343,0.204,0.124,0.084,0.078,0.078,0.085,0.096,0.111,0.132,0.158,0.183,0.208,0.226,0.242,0.258,0.267,0.288,0.296,0.308,0.311,0.321,0.327,0.331,0.334,0.338,0.347,0.353,0.357,0.36,0.363,0.364,0.367,0.367,0.367,0.368,0.37,0.37,0.372,0.376,0.379,0.38,0.38,0.385,0.389,0.39,0.394,0.397,0.4,0.403,0.404,0.411,0.411,0.415,0.418,0.419,0.417,0.416,0.416,0.418,0.418,0.418,0.42,0.42,0.419,0.419,0.419,Olsalazine_39,Olsalazine,-7.318758762624412,O=C([O-])c1cc(/N=N/c2ccc(O)c(C(=O)[O-])c2)ccc1O
1.534,1.537,1.542,1.546,1.549,1.549,1.548,1.546,1.543,1.54,1.536,1.531,1.525,1.522,1.519,1.514,1.507,1.503,1.502,1.502,1.502,1.502,1.5,1.5,1.501,1.498,1.497,1.496,1.493,1.491,1.489,1.486,1.479,1.477,1.475,1.475,1.476,1.477,1.479,1.482,1.484,1.485,1.483,1.479,1.479,1.475,1.471,1.466,1.463,1.461,1.457,1.457,1.456,1.456,1.455,1.454,1.453,1.45,1.446,1.446,1.446,1.447,1.462,1.508,1.596,1.749,1.98,2.294,2.506,2.578,2.54,2.39,2.166,1.702,1.174,0.774,0.582,0.554,0.594,0.694,1.083,1.693,2.571,3.632,4.773,6.04,7.089,7.908,8.619,9.322,10.024,10.689,10.796,10.305,9.67,9.007,8.272,7.43,6.452,5.15,3.969,2.858,1.932,1.3,0.87,0.732,0.712,0.686,0.874,1.226,1.721,2.187,2.402,2.545,2.575,2.515,2.317,2.012,1.766,1.603,1.497,1.441,1.413,1.404,1.403,1.403,1.404,1.412,1.414,1.419,1.426,1.434,1.437,1.443,1.447,1.454,1.459,1.463,1.465,1.468,1.47,1.473,1.476,1.478,1.481,1.484,1.486,1.488,1.489,1.489,1.488,1.488,1.49,1.493,1.494,1.498,1.502,1.505,1.506,1.507,1.507,1.508,1.506,1.506,1.504,1.504,1.505,1.507,1.51,1.512,1.514,1.517,1.521,1.524,1.526,1.529,1.53,1.533,1.535,1.536,1.536,1.536,1.534,1.534,1.532,Ondansetron_44,Ondansetron,-3.958607314841775,Cc1nccn1C[C@@H]1CCc2c(c3ccccc3n2C)C1=O
0.695,0.696,0.697,0.697,0.698,0.705,0.706,0.702,0.701,0.701,0.695,0.69,0.685,0.682,0.682,0.682,0.679,0.679,0.675,0.671,0.671,0.669,0.669,0.669,0.667,0.665,0.666,0.661,0.662,0.661,0.661,0.659,0.654,0.649,0.648,0.647,0.647,0.649,0.648,0.65,0.648,0.644,0.643,0.641,0.641,0.638,0.632,0.62,0.612,0.602,0.586,0.574,0.561,0.544,0.537,0.532,0.53,0.526,0.526,0.524,0.525,0.527,0.551,0.606,0.725,0.926,1.253,1.674,1.996,1.817,1.627,1.546,1.544,1.544,1.219,1.053,1.014,1.014,1.093,1.439,2.121,3.161,4.455,5.728,6.496,6.838,7.269,7.829,8.496,9.16,9.764,10.078,10.169,9.818,9.333,8.713,7.999,7.381,6.921,6.507,5.795,4.591,3.328,2.263,1.534,1.17,1.067,1.08,1.082,1.237,1.572,1.58,1.575,1.64,1.791,1.961,1.677,1.264,0.913,0.679,0.554,0.478,0.446,0.439,0.439,0.443,0.448,0.452,0.461,0.474,0.482,0.499,0.504,0.522,0.534,0.542,0.562,0.569,0.575,0.587,0.59,0.596,0.605,0.606,0.607,0.613,0.617,0.622,0.624,0.631,0.633,0.634,0.634,0.637,0.637,0.64,0.645,0.649,0.652,0.655,0.659,0.66,0.663,0.663,0.665,0.669,0.675,0.678,0.683,0.685,0.687,0.689,0.693,0.696,0.698,0.702,0.705,0.705,0.711,0.71,0.71,0.711,0.71,0.71,0.711,Sulfasalazine_95,Sulfasalazine,-6.318758762624412,O=C([O-])c1cc(/N=N/c2ccc(S(=O)(=O)/N=c3/cccc[nH]3)cc2)ccc1O
1.435,1.439,1.441,1.446,1.45,1.45,1.449,1.449,1.447,1.446,1.444,1.439,1.437,1.434,1.433,1.427,1.422,1.421,1.416,1.413,1.413,1.414,1.414,1.413,1.412,1.412,1.41,1.41,1.407,1.406,1.406,1.404,1.403,1.401,1.4,1.4,1.402,1.403,1.403,1.405,1.411,1.413,1.414,1.414,1.414,1.413,1.413,1.415,1.414,1.415,1.415,1.414,1.415,1.416,1.42,1.423,1.423,1.424,1.425,1.43,1.441,1.453,1.477,1.509,1.563,1.674,1.834,1.895,1.811,1.659,1.485,1.346,0.931,0.279,-0.464,-1.009,-1.36,-1.548,-1.591,-1.593,-1.552,-1.451,-1.167,-0.772,-0.235,0.434,1.203,2.023,2.801,3.308,3.605,3.896,3.9,3.758,3.56,2.898,2.123,1.298,0.519,-0.18,-0.729,-1.14,-1.436,-1.569,-1.621,-1.616,-1.592,-1.428,-1.094,-0.519,0.145,0.82,1.267,1.419,1.625,1.743,1.819,1.809,1.642,1.524,1.452,1.407,1.382,1.366,1.356,1.35,1.35,1.351,1.354,1.355,1.355,1.355,1.357,1.357,1.358,1.358,1.363,1.36,1.36,1.361,1.361,1.362,1.363,1.363,1.368,1.372,1.376,1.378,1.379,1.381,1.383,1.386,1.386,1.387,1.391,1.393,1.396,1.4,1.403,1.406,1.408,1.409,1.409,1.412,1.414,1.414,1.416,1.417,1.419,1.421,1.425,1.426,1.426,1.426,1.426,1.426,1.426,1.427,1.428,1.43,1.431,1.433,1.434,1.435,1.436,Propranolol_67,Propranolol,-3.769551078621726,CC(C)[NH2+]C[C@H](O)COc1cccc2ccccc12
1.051,1.057,1.062,1.062,1.062,1.065,1.06,1.059,1.056,1.05,1.039,1.035,1.032,1.03,1.025,1.016,1.012,1.008,1.005,1.004,1.0,1.0,0.998,0.995,0.993,0.993,0.99,0.988,0.985,0.982,0.976,0.973,0.969,0.963,0.961,0.961,0.962,0.966,0.969,0.97,0.97,0.969,0.965,0.962,0.956,0.946,0.943,0.938,0.932,0.926,0.914,0.907,0.901,0.89,0.875,0.865,0.857,0.852,0.852,0.85,0.852,0.869,0.902,0.985,1.153,1.432,1.873,2.113,2.213,2.382,2.582,2.887,2.986,2.856,2.416,2.213,2.213,2.213,2.528,3.284,4.703,6.42,8.414,10.931,13.767,16.208,17.946,19.283,20.23,21.031,21.259,22.189,22.614,22.003,21.369,20.595,19.606,18.328,16.699,14.189,11.461,8.975,6.875,5.024,3.597,2.663,2.383,2.326,2.326,2.461,2.847,3.005,2.891,2.571,2.341,2.174,2.05,1.898,1.442,1.132,0.929,0.836,0.79,0.767,0.76,0.758,0.761,0.764,0.781,0.793,0.806,0.826,0.842,0.859,0.866,0.879,0.889,0.898,0.907,0.911,0.916,0.921,0.926,0.928,0.938,0.942,0.947,0.95,0.95,0.952,0.953,0.954,0.956,0.961,0.966,0.971,0.979,0.981,0.988,0.99,0.994,0.997,0.998,1.002,1.007,1.009,1.013,1.018,1.022,1.024,1.029,1.034,1.036,1.04,1.046,1.046,1.05,1.056,1.058,1.06,1.061,1.061,1.063,1.063,1.063,Cefatrizine_42,Cefatrizine,-5.6020599913279625,[NH3+][C@@H](C(=O)N[C@H]1C(=O)N2C(C(=O)[O-])=C(CSc3cnn[nH]3)CS[C@H]12)c1ccc(O)cc1
0.847,0.852,0.854,0.858,0.86,0.86,0.861,0.86,0.857,0.855,0.85,0.843,0.84,0.838,0.837,0.833,0.83,0.827,0.824,0.822,0.821,0.82,0.818,0.817,0.817,0.817,0.818,0.816,0.816,0.814,0.812,0.811,0.808,0.806,0.805,0.805,0.805,0.807,0.81,0.811,0.811,0.812,0.814,0.814,0.814,0.811,0.809,0.806,0.803,0.8,0.798,0.798,0.798,0.8,0.799,0.802,0.802,0.809,0.815,0.821,0.834,0.847,0.881,0.938,1.051,1.237,1.496,1.851,2.293,2.2,1.828,1.433,1.013,0.575,0.079,-0.359,-0.56,-0.61,-0.602,-0.513,-0.163,0.406,1.146,1.906,2.75,3.653,4.655,5.759,6.828,7.924,8.98,9.81,10.245,9.324,8.28,7.134,5.985,4.844,3.819,2.909,2.054,1.289,0.537,-0.075,-0.422,-0.551,-0.551,-0.507,-0.361,0.025,0.54,0.916,1.373,1.769,2.206,2.316,1.892,1.511,1.222,1.029,0.903,0.827,0.787,0.761,0.758,0.75,0.743,0.743,0.744,0.745,0.745,0.752,0.755,0.758,0.761,0.764,0.764,0.766,0.767,0.767,0.766,0.766,0.766,0.768,0.77,0.773,0.774,0.781,0.787,0.787,0.786,0.786,0.786,0.787,0.792,0.796,0.8,0.804,0.808,0.812,0.814,0.818,0.819,0.818,0.822,0.823,0.825,0.829,0.832,0.836,0.84,0.844,0.848,0.848,0.852,0.853,0.854,0.855,0.859,0.861,0.861,0.862,0.863,0.862,0.861,Trimethoprim_125,Trimethoprim,-4.2839966563652006,COc1cc(Cc2c[nH+]c(N)nc2N)cc(OC)c1OC
2.058,2.061,2.064,2.067,2.071,2.075,2.076,2.076,2.078,2.072,2.068,2.063,2.059,2.056,2.051,2.048,2.047,2.043,2.036,2.035,2.035,2.033,2.032,2.03,2.029,2.028,2.027,2.025,2.022,2.021,2.018,2.016,2.015,2.012,2.009,2.009,2.009,2.011,2.012,2.013,2.016,2.018,2.015,2.015,2.012,2.011,2.009,2.008,1.999,1.997,1.994,1.984,1.978,1.974,1.974,1.97,1.97,1.977,1.989,1.996,2.017,2.031,2.052,2.1,2.186,2.335,2.553,2.393,2.246,1.803,1.248,0.683,0.26,-0.116,-0.385,-0.538,-0.574,-0.574,-0.495,-0.157,0.38,1.08,2.011,3.109,4.126,4.677,5.043,5.438,5.835,6.091,6.15,6.141,6.14,6.146,6.2,5.903,5.603,5.223,4.729,4.214,3.182,2.025,1.097,0.375,-0.141,-0.47,-0.647,-0.651,-0.599,-0.493,-0.26,0.098,0.573,1.099,1.651,2.12,2.275,2.447,2.285,2.119,2.019,1.963,1.933,1.912,1.898,1.889,1.879,1.875,1.873,1.873,1.881,1.887,1.895,1.9,1.907,1.917,1.919,1.92,1.932,1.932,1.935,1.94,1.944,1.95,1.957,1.962,1.97,1.973,1.974,1.98,1.984,1.983,1.983,1.984,1.989,1.992,1.996,1.998,2.002,2.007,2.011,2.013,2.014,2.015,2.017,2.018,2.02,2.023,2.027,2.028,2.03,2.033,2.033,2.033,2.032,2.031,2.031,2.031,2.034,2.037,2.038,2.042,2.046,2.047,2.051,Acrivastine_8,Acrivastine,-5.657577319177793,Cc1ccc(/C(=C\C[NH+]2CCCC2)c2cccc(/C=C\C(=O)[O-])[nH+]2)cc1
1.043,1.049,1.052,1.056,1.058,1.058,1.057,1.056,1.05,1.045,1.041,1.037,1.035,1.034,1.028,1.025,1.024,1.018,1.016,1.016,1.016,1.016,1.014,1.014,1.013,1.011,1.01,1.008,1.006,1.004,1.0,0.998,0.993,0.991,0.989,0.988,0.988,0.99,0.99,0.993,0.992,0.994,0.995,0.993,0.988,0.986,0.98,0.977,0.971,0.966,0.957,0.95,0.94,0.927,0.921,0.909,0.899,0.89,0.888,0.888,0.893,0.905,0.936,0.989,1.07,1.222,1.469,1.613,1.656,1.726,1.811,1.904,1.956,2.018,2.056,2.023,2.023,2.079,2.339,2.915,3.455,4.059,4.739,5.318,6.078,7.115,8.365,9.88,10.854,11.804,12.756,13.494,13.796,13.03,12.142,11.244,9.971,8.652,7.403,6.348,5.601,4.8,4.175,3.697,3.025,2.445,2.135,2.07,2.07,2.049,2.058,1.968,1.859,1.798,1.701,1.612,1.561,1.487,1.223,1.052,0.953,0.888,0.853,0.834,0.831,0.831,0.831,0.839,0.852,0.861,0.877,0.893,0.902,0.916,0.921,0.928,0.939,0.942,0.948,0.952,0.956,0.96,0.965,0.967,0.97,0.976,0.98,0.981,0.981,0.983,0.983,0.984,0.986,0.987,0.991,0.995,0.996,0.999,1.003,1.005,1.007,1.008,1.007,1.007,1.008,1.012,1.015,1.019,1.021,1.024,1.026,1.029,1.029,1.031,1.031,1.032,1.035,1.037,1.039,1.038,1.038,1.04,1.042,1.042,1.042,Sumatriptan_99,Sumatriptan,-5.721246399047171,C[N-]S(=O)(=O)Cc1ccc2[nH]cc(CC[NH+](C)C)c2c1
1.07,1.077,1.081,1.084,1.086,1.089,1.089,1.086,1.082,1.075,1.071,1.069,1.064,1.061,1.056,1.053,1.045,1.04,1.04,1.04,1.037,1.035,1.035,1.035,1.033,1.033,1.031,1.031,1.031,1.028,1.025,1.02,1.016,1.009,1.008,1.009,1.009,1.013,1.015,1.017,1.02,1.022,1.022,1.02,1.017,1.015,1.008,1.005,1.0,0.995,0.992,0.992,0.991,0.991,0.991,0.991,0.987,0.987,0.983,0.978,0.978,0.979,0.989,1.031,1.127,1.294,1.57,1.934,2.231,2.264,2.364,2.341,2.137,1.548,0.828,0.208,-0.056,-0.122,-0.122,-0.033,0.412,1.227,2.407,3.965,5.792,7.862,10.118,11.806,13.183,14.364,15.823,16.26,16.248,15.706,14.696,13.609,12.205,10.578,8.259,6.132,4.232,2.741,1.469,0.635,0.128,0.008,0.008,0.042,0.275,0.818,1.498,2.101,2.357,2.367,2.275,2.162,1.958,1.598,1.308,1.112,0.999,0.945,0.917,0.91,0.911,0.913,0.919,0.924,0.923,0.927,0.938,0.945,0.955,0.965,0.972,0.979,0.984,0.987,0.99,0.993,0.994,0.994,0.997,0.997,1.002,1.006,1.01,1.01,1.011,1.015,1.012,1.011,1.012,1.015,1.021,1.024,1.031,1.036,1.041,1.042,1.045,1.045,1.045,1.049,1.052,1.053,1.054,1.056,1.059,1.062,1.067,1.07,1.073,1.079,1.083,1.087,1.088,1.09,1.09,1.091,1.095,1.095,1.088,1.088,1.089,Cephalexin_46,Cephalexin,-6.318758762624412,CC1=C(C(=O)O)N2C(=O)[C@H](NC(=O)[C@H](N)c3ccccc3)[C@@H]2SC1
2.628,2.634,2.642,2.645,2.65,2.655,2.658,2.658,2.658,2.656,2.647,2.641,2.638,2.634,2.627,2.623,2.615,2.602,2.6,2.598,2.597,2.597,2.597,2.596,2.593,2.592,2.59,2.586,2.584,2.583,2.58,2.577,2.57,2.568,2.567,2.567,2.569,2.569,2.577,2.579,2.581,2.585,2.588,2.588,2.589,2.586,2.586,2.58,2.578,2.578,2.577,2.576,2.578,2.579,2.579,2.58,2.581,2.58,2.573,2.564,2.564,2.566,2.58,2.637,2.763,2.975,3.322,3.784,4.035,3.684,3.167,2.46,1.612,0.45,-0.882,-1.987,-2.835,-3.323,-3.475,-3.491,-3.455,-3.192,-2.475,-1.697,-0.958,-0.079,0.858,1.835,2.732,3.593,4.277,4.696,4.727,4.357,3.369,2.713,1.976,1.026,0.067,-0.843,-1.627,-2.393,-3.055,-3.449,-3.508,-3.508,-3.403,-2.942,-2.144,-1.076,0.232,1.402,2.334,3.002,3.535,3.916,3.768,3.291,2.933,2.693,2.544,2.464,2.432,2.426,2.424,2.424,2.426,2.433,2.439,2.445,2.447,2.46,2.469,2.478,2.488,2.495,2.499,2.503,2.502,2.504,2.509,2.511,2.512,2.516,2.522,2.53,2.54,2.544,2.55,2.552,2.554,2.554,2.554,2.556,2.56,2.569,2.575,2.579,2.582,2.588,2.593,2.596,2.598,2.599,2.599,2.603,2.609,2.612,2.617,2.619,2.619,2.623,2.625,2.627,2.629,2.63,2.632,2.632,2.634,2.635,2.634,2.636,2.636,2.636,2.637,Dexamethasone_59,Dexamethasone,-4.698970004336019,C[C@@H]1C[C@H]2[C@@H]3CCC4=CC(=O)C=C[C@]4(C)[C@@]3(F)[C@@H](O)C[C@]2(C)[C@]1(O)C(=O)CO
0.144,0.149,0.152,0.154,0.156,0.157,0.156,0.154,0.15,0.146,0.142,0.138,0.135,0.132,0.129,0.129,0.125,0.125,0.126,0.125,0.123,0.123,0.122,0.122,0.122,0.122,0.122,0.122,0.122,0.118,0.116,0.114,0.113,0.11,0.108,0.108,0.109,0.109,0.112,0.112,0.113,0.114,0.112,0.111,0.109,0.103,0.098,0.094,0.09,0.085,0.082,0.08,0.08,0.08,0.08,0.08,0.08,0.079,0.077,0.077,0.077,0.083,0.109,0.158,0.251,0.399,0.608,0.894,1.21,1.496,1.717,1.842,1.75,1.522,1.07,0.686,0.516,0.473,0.473,0.539,0.758,1.245,1.86,2.642,3.595,4.677,5.841,7.071,8.373,9.56,10.476,11.102,11.475,10.746,9.871,8.699,7.359,6.098,4.9,3.813,2.853,2.055,1.428,0.915,0.665,0.596,0.596,0.624,0.744,1.086,1.53,1.76,1.857,1.73,1.522,1.237,0.925,0.628,0.402,0.25,0.148,0.085,0.054,0.043,0.04,0.04,0.042,0.044,0.047,0.051,0.055,0.062,0.071,0.075,0.079,0.085,0.086,0.09,0.092,0.093,0.095,0.094,0.094,0.094,0.096,0.1,0.1,0.103,0.106,0.104,0.103,0.103,0.103,0.104,0.107,0.111,0.112,0.116,0.118,0.123,0.125,0.126,0.127,0.127,0.127,0.129,0.132,0.134,0.135,0.14,0.144,0.147,0.15,0.154,0.16,0.163,0.165,0.167,0.169,0.171,0.172,0.169,0.167,0.163,0.163,Lamotrigine_99,Lamotrigine,-4.055517327849832,Nc1nnc(-c2cccc(Cl)c2Cl)c(N)n1
1.531,1.535,1.539,1.542,1.542,1.543,1.542,1.543,1.54,1.541,1.539,1.534,1.532,1.529,1.526,1.521,1.517,1.515,1.509,1.507,1.506,1.507,1.506,1.506,1.505,1.505,1.503,1.502,1.501,1.499,1.499,1.497,1.495,1.494,1.491,1.491,1.493,1.495,1.496,1.497,1.499,1.506,1.506,1.504,1.503,1.502,1.502,1.503,1.503,1.503,1.502,1.503,1.504,1.505,1.505,1.509,1.512,1.515,1.519,1.523,1.536,1.552,1.577,1.618,1.689,1.838,1.988,1.867,1.751,1.546,1.363,1.18,0.899,0.415,-0.403,-1.052,-1.525,-1.708,-1.709,-1.709,-1.613,-1.326,-1.075,-0.786,-0.408,0.077,0.706,1.451,2.274,3.325,3.585,4.109,4.112,3.836,3.223,2.375,1.545,0.785,0.116,-0.363,-0.758,-1.073,-1.333,-1.631,-1.758,-1.736,-1.736,-1.585,-1.17,-0.519,0.253,0.818,1.11,1.307,1.489,1.663,1.809,1.895,1.799,1.646,1.558,1.498,1.473,1.451,1.437,1.43,1.43,1.431,1.433,1.433,1.433,1.435,1.435,1.437,1.44,1.443,1.443,1.444,1.445,1.445,1.446,1.447,1.447,1.449,1.453,1.459,1.461,1.463,1.467,1.469,1.472,1.472,1.474,1.477,1.481,1.483,1.485,1.489,1.492,1.493,1.499,1.499,1.502,1.504,1.505,1.507,1.51,1.511,1.513,1.517,1.518,1.519,1.52,1.52,1.521,1.522,1.523,1.524,1.525,1.527,1.528,1.53,1.531,1.532,1.533,Metoprolol_23,Metoprolol,-3.823908740944319,COCCc1ccc(OC[C@@H](O)C[NH2+]C(C)C)cc1
1.394,1.397,1.401,1.404,1.406,1.406,1.406,1.406,1.401,1.396,1.393,1.388,1.383,1.381,1.376,1.371,1.367,1.362,1.359,1.358,1.358,1.357,1.357,1.357,1.357,1.356,1.354,1.352,1.351,1.348,1.345,1.342,1.339,1.339,1.337,1.337,1.338,1.341,1.342,1.344,1.346,1.349,1.349,1.347,1.344,1.342,1.339,1.338,1.337,1.335,1.334,1.334,1.335,1.335,1.337,1.335,1.336,1.339,1.341,1.35,1.357,1.375,1.408,1.462,1.563,1.71,1.923,2.198,2.412,2.602,2.502,2.198,1.726,1.178,0.764,0.536,0.49,0.49,0.553,0.766,1.278,2.061,3.115,4.231,5.482,6.747,7.862,8.83,9.629,10.203,10.683,11.038,11.289,10.959,10.546,9.964,9.145,8.188,7.07,5.828,4.546,3.363,2.274,1.458,0.947,0.655,0.565,0.565,0.599,0.791,1.158,1.67,2.17,2.493,2.583,2.416,2.207,1.94,1.719,1.555,1.442,1.38,1.343,1.317,1.307,1.298,1.297,1.295,1.295,1.296,1.297,1.299,1.304,1.307,1.311,1.314,1.315,1.316,1.317,1.319,1.32,1.322,1.323,1.327,1.329,1.333,1.334,1.335,1.338,1.339,1.339,1.339,1.342,1.345,1.347,1.35,1.356,1.358,1.358,1.361,1.361,1.361,1.361,1.36,1.358,1.358,1.361,1.362,1.365,1.367,1.368,1.369,1.372,1.375,1.375,1.379,1.38,1.381,1.383,1.385,1.387,1.389,1.387,1.387,1.385,Ondansetron_45,Ondansetron,-3.958607314841775,Cc1[nH+]ccn1C[C@@H]1CCc2c(c3ccccc3n2C)C1=O
0.268,0.272,0.274,0.277,0.278,0.277,0.275,0.271,0.268,0.265,0.257,0.253,0.252,0.252,0.25,0.249,0.246,0.244,0.242,0.241,0.242,0.24,0.239,0.238,0.236,0.235,0.233,0.232,0.231,0.229,0.227,0.221,0.221,0.216,0.213,0.212,0.213,0.214,0.215,0.218,0.216,0.213,0.213,0.211,0.207,0.199,0.194,0.187,0.184,0.176,0.164,0.149,0.141,0.125,0.114,0.104,0.091,0.08,0.076,0.074,0.075,0.078,0.104,0.159,0.274,0.454,0.758,1.176,1.73,2.099,2.303,2.41,2.501,2.291,2.163,2.164,2.203,2.257,2.594,3.203,4.107,5.349,6.849,8.101,9.452,10.842,11.493,12.239,13.118,14.094,15.214,15.999,16.503,15.292,14.338,13.461,12.503,11.779,11.143,9.722,8.219,7.005,5.653,4.359,3.409,2.773,2.408,2.306,2.289,2.289,2.351,2.53,2.435,2.327,2.131,1.775,1.242,0.79,0.476,0.26,0.138,0.071,0.036,0.027,0.027,0.027,0.035,0.049,0.065,0.082,0.096,0.113,0.128,0.145,0.156,0.165,0.172,0.178,0.184,0.185,0.186,0.195,0.198,0.202,0.204,0.208,0.212,0.216,0.216,0.214,0.214,0.214,0.214,0.216,0.219,0.224,0.227,0.227,0.227,0.23,0.234,0.235,0.236,0.237,0.238,0.241,0.244,0.249,0.255,0.257,0.26,0.264,0.268,0.272,0.274,0.276,0.279,0.282,0.284,0.284,0.283,0.282,0.281,0.279,0.277,Furosemide_79,Furosemide,-6.2076083105017466,NS(=O)(=O)c1cc(C(=O)[O-])c(NCc2ccco2)cc1Cl
0.713,0.717,0.72,0.72,0.72,0.719,0.721,0.721,0.72,0.714,0.71,0.709,0.711,0.71,0.706,0.704,0.703,0.702,0.698,0.696,0.693,0.693,0.692,0.691,0.689,0.689,0.688,0.687,0.685,0.683,0.681,0.674,0.672,0.669,0.663,0.662,0.662,0.665,0.665,0.664,0.664,0.665,0.663,0.658,0.652,0.65,0.644,0.64,0.628,0.622,0.611,0.591,0.58,0.563,0.55,0.54,0.524,0.496,0.471,0.452,0.447,0.447,0.45,0.473,0.555,0.709,0.969,1.328,1.8,2.284,2.622,2.773,2.656,2.525,2.45,2.41,2.41,2.574,2.948,3.606,4.314,5.076,5.61,6.306,7.128,7.955,8.654,9.515,10.238,10.887,11.341,11.717,12.057,11.627,10.991,10.319,9.607,8.825,8.068,7.236,6.46,5.74,5.035,4.48,3.666,3.015,2.603,2.408,2.408,2.425,2.506,2.598,2.703,2.619,2.28,1.814,1.347,0.967,0.683,0.504,0.408,0.373,0.368,0.368,0.372,0.383,0.403,0.429,0.455,0.478,0.498,0.509,0.528,0.54,0.56,0.579,0.587,0.596,0.606,0.609,0.617,0.623,0.626,0.631,0.638,0.641,0.646,0.648,0.653,0.653,0.654,0.654,0.655,0.655,0.66,0.66,0.663,0.668,0.671,0.672,0.673,0.676,0.68,0.683,0.684,0.688,0.693,0.694,0.696,0.699,0.702,0.703,0.707,0.712,0.713,0.714,0.713,0.712,0.712,0.712,0.717,0.719,0.715,0.715,0.716,Olsalazine_41,Olsalazine,-7.318758762624412,O=C([O-])C1=C/C(=N/Nc2ccc(O)c(C(=O)[O-])c2)C=CC1=O
1.012,1.016,1.02,1.022,1.022,1.023,1.023,1.023,1.023,1.02,1.016,1.011,1.009,1.008,1.003,1.002,0.998,0.994,0.989,0.984,0.982,0.98,0.98,0.98,0.979,0.978,0.978,0.974,0.973,0.972,0.97,0.969,0.969,0.967,0.967,0.967,0.97,0.972,0.975,0.977,0.98,0.982,0.984,0.985,0.986,0.985,0.987,0.987,0.987,0.989,0.99,0.991,0.995,0.996,0.998,1.001,1.006,1.011,1.022,1.029,1.043,1.058,1.08,1.121,1.203,1.333,1.507,1.682,1.564,1.409,1.209,1.027,0.759,0.327,-0.04,-0.388,-0.515,-0.515,-0.475,-0.273,0.242,0.956,2.006,2.955,3.849,4.879,5.497,6.699,7.555,8.279,8.947,9.545,9.628,9.038,8.346,7.626,6.704,6.085,5.212,4.125,3.189,2.145,1.051,0.201,-0.272,-0.524,-0.57,-0.57,-0.478,-0.165,0.221,0.659,0.948,1.127,1.309,1.476,1.6,1.48,1.286,1.149,1.068,1.011,0.981,0.966,0.952,0.938,0.931,0.919,0.919,0.918,0.917,0.918,0.923,0.929,0.93,0.933,0.934,0.933,0.933,0.932,0.933,0.936,0.937,0.939,0.942,0.945,0.949,0.954,0.957,0.959,0.962,0.963,0.964,0.967,0.97,0.973,0.974,0.977,0.981,0.984,0.985,0.985,0.99,0.992,0.994,0.994,0.998,1.0,1.002,1.003,1.004,1.003,1.003,1.003,1.003,1.002,1.002,1.0,1.0,1.001,1.002,1.004,1.005,1.006,1.009,Terbutaline_104,Terbutaline,-6.0,CC(C)(C)[NH2+]C[C@H](O)c1cc(O)cc(O)c1
0.606,0.608,0.609,0.611,0.612,0.614,0.614,0.614,0.611,0.608,0.604,0.602,0.601,0.599,0.596,0.593,0.59,0.587,0.587,0.587,0.588,0.586,0.586,0.585,0.585,0.585,0.585,0.583,0.582,0.581,0.58,0.578,0.573,0.57,0.568,0.568,0.569,0.572,0.574,0.576,0.576,0.575,0.575,0.576,0.575,0.573,0.57,0.566,0.562,0.56,0.557,0.557,0.557,0.556,0.556,0.557,0.553,0.551,0.55,0.549,0.549,0.55,0.558,0.585,0.635,0.73,0.88,1.079,1.261,1.322,1.304,1.217,1.035,0.705,0.416,0.233,0.213,0.209,0.209,0.351,0.679,1.22,1.961,2.871,3.936,5.113,6.39,7.652,8.772,9.492,9.856,9.943,10.036,10.145,9.798,9.084,7.991,6.72,5.39,4.177,3.077,2.152,1.401,0.839,0.478,0.311,0.287,0.287,0.3,0.443,0.705,1.023,1.213,1.303,1.323,1.269,1.11,0.908,0.746,0.636,0.578,0.545,0.529,0.527,0.527,0.527,0.529,0.531,0.535,0.537,0.542,0.548,0.551,0.555,0.558,0.561,0.563,0.565,0.567,0.57,0.57,0.571,0.572,0.573,0.574,0.575,0.576,0.578,0.579,0.578,0.576,0.576,0.576,0.579,0.58,0.583,0.586,0.591,0.591,0.592,0.592,0.593,0.593,0.593,0.593,0.593,0.594,0.595,0.597,0.601,0.602,0.602,0.606,0.609,0.612,0.614,0.613,0.612,0.613,0.616,0.619,0.617,0.617,0.614,0.614,Propylthiouracil_68,Propylthiouracil,-4.3872161432802645,CCCc1cc(=O)[nH]c(=S)[nH]1
-0.082,-0.08,-0.078,-0.075,-0.072,-0.071,-0.07,-0.071,-0.078,-0.08,-0.084,-0.089,-0.09,-0.094,-0.095,-0.095,-0.096,-0.098,-0.1,-0.102,-0.102,-0.101,-0.102,-0.103,-0.103,-0.102,-0.102,-0.101,-0.101,-0.101,-0.104,-0.104,-0.106,-0.11,-0.11,-0.112,-0.112,-0.111,-0.109,-0.108,-0.108,-0.108,-0.108,-0.108,-0.108,-0.114,-0.118,-0.121,-0.125,-0.13,-0.135,-0.137,-0.139,-0.139,-0.139,-0.14,-0.14,-0.138,-0.137,-0.135,-0.132,-0.12,-0.086,-0.022,0.087,0.252,0.515,0.866,1.28,1.712,1.875,1.734,1.667,1.362,0.859,0.59,0.464,0.444,0.444,0.645,1.079,1.815,2.794,3.869,4.994,5.993,6.965,7.845,8.461,9.076,9.476,9.793,9.814,9.601,9.319,8.731,8.046,7.157,6.227,5.164,4.061,2.971,1.993,1.245,0.781,0.555,0.535,0.553,0.609,0.882,1.366,1.702,1.764,1.875,1.751,1.33,0.893,0.545,0.269,0.081,-0.043,-0.111,-0.155,-0.178,-0.178,-0.178,-0.178,-0.176,-0.171,-0.168,-0.165,-0.157,-0.15,-0.145,-0.141,-0.138,-0.138,-0.135,-0.133,-0.133,-0.134,-0.134,-0.133,-0.133,-0.133,-0.13,-0.127,-0.125,-0.121,-0.124,-0.124,-0.124,-0.124,-0.123,-0.121,-0.117,-0.113,-0.111,-0.111,-0.106,-0.103,-0.101,-0.1,-0.1,-0.1,-0.097,-0.093,-0.089,-0.086,-0.082,-0.078,-0.074,-0.069,-0.067,-0.063,-0.061,-0.058,-0.058,-0.054,-0.054,-0.055,-0.055,-0.056,-0.058,-0.058,Chlorothiazide_49,Chlorothiazide,-6.522878745280337,NS(=O)(=O)c1cc2c(cc1Cl)NC=NS2(=O)=O
0.228,0.231,0.236,0.24,0.242,0.241,0.24,0.236,0.23,0.228,0.222,0.215,0.214,0.21,0.207,0.205,0.203,0.2,0.197,0.194,0.194,0.195,0.194,0.193,0.192,0.192,0.19,0.189,0.187,0.183,0.184,0.181,0.18,0.175,0.174,0.173,0.175,0.176,0.177,0.18,0.182,0.182,0.181,0.179,0.178,0.174,0.168,0.164,0.161,0.154,0.151,0.148,0.147,0.146,0.145,0.142,0.143,0.143,0.143,0.144,0.148,0.162,0.201,0.276,0.406,0.628,0.929,1.342,1.875,2.262,2.401,2.419,2.233,1.905,1.498,1.228,1.151,1.17,1.226,1.554,2.22,3.247,4.456,5.91,7.414,9.223,10.469,11.823,13.191,14.104,15.742,16.632,16.772,15.974,14.803,13.525,12.237,10.908,9.568,7.755,6.221,4.731,3.507,2.459,1.758,1.39,1.29,1.29,1.336,1.564,1.919,2.235,2.465,2.427,2.291,1.932,1.408,0.971,0.639,0.411,0.262,0.173,0.125,0.101,0.092,0.092,0.094,0.095,0.101,0.108,0.111,0.121,0.131,0.139,0.142,0.148,0.155,0.156,0.158,0.159,0.16,0.161,0.161,0.165,0.166,0.17,0.172,0.176,0.177,0.175,0.175,0.175,0.175,0.18,0.184,0.188,0.191,0.194,0.193,0.196,0.201,0.203,0.204,0.205,0.207,0.208,0.211,0.215,0.22,0.223,0.227,0.23,0.237,0.238,0.242,0.244,0.247,0.249,0.252,0.252,0.249,0.249,0.249,0.246,0.245,Furosemide_78,Furosemide,-6.2076083105017466,NS(=O)(=O)c1cc(C(=O)O)c(NCc2ccco2)cc1Cl
0.666,0.668,0.673,0.677,0.678,0.681,0.68,0.676,0.669,0.665,0.657,0.651,0.643,0.639,0.636,0.631,0.626,0.621,0.62,0.618,0.615,0.613,0.61,0.61,0.61,0.609,0.61,0.606,0.606,0.599,0.599,0.593,0.591,0.583,0.579,0.58,0.581,0.585,0.59,0.59,0.589,0.589,0.589,0.588,0.585,0.579,0.574,0.566,0.559,0.551,0.543,0.538,0.536,0.535,0.536,0.536,0.536,0.533,0.532,0.532,0.534,0.552,0.601,0.708,0.9,1.211,1.648,2.273,3.056,3.322,3.305,3.231,3.115,2.724,1.947,1.416,1.273,1.23,1.23,1.607,2.435,3.849,5.815,8.249,10.794,13.46,15.804,17.446,18.925,20.308,21.457,22.349,22.512,21.778,20.684,19.266,17.831,16.218,14.111,11.345,8.767,6.258,4.255,2.795,1.901,1.463,1.463,1.475,1.567,2.017,2.73,3.233,3.35,3.348,3.388,3.136,2.351,1.702,1.234,0.891,0.676,0.556,0.485,0.454,0.447,0.451,0.453,0.459,0.465,0.476,0.485,0.495,0.511,0.521,0.526,0.534,0.54,0.548,0.553,0.555,0.556,0.56,0.56,0.565,0.566,0.572,0.576,0.576,0.58,0.581,0.578,0.579,0.581,0.585,0.592,0.598,0.603,0.611,0.612,0.615,0.616,0.617,0.626,0.626,0.628,0.628,0.635,0.64,0.644,0.652,0.66,0.666,0.672,0.679,0.686,0.692,0.694,0.695,0.695,0.698,0.701,0.698,0.695,0.692,0.688,Cefuroxime_44,Cefuroxime,-6.795880017344075,CO/N=C(\C(=O)N[C@@H]1C(=O)N2C(C(=O)O)=C(COC(N)=O)CS[C@@H]12)c1ccco1
1.121,1.128,1.134,1.135,1.137,1.139,1.138,1.134,1.13,1.126,1.12,1.116,1.113,1.109,1.108,1.1,1.099,1.095,1.09,1.089,1.089,1.087,1.085,1.084,1.083,1.08,1.08,1.078,1.076,1.075,1.071,1.065,1.062,1.059,1.055,1.055,1.057,1.062,1.065,1.066,1.066,1.065,1.065,1.065,1.061,1.058,1.052,1.049,1.043,1.038,1.034,1.024,1.02,1.011,1.001,0.993,0.984,0.97,0.967,0.967,0.97,0.988,1.026,1.101,1.212,1.388,1.669,2.067,2.177,2.281,2.425,2.644,2.542,1.911,1.427,1.273,1.226,1.226,1.456,2.076,3.077,4.178,5.583,7.258,9.097,10.849,12.678,13.965,14.746,15.119,15.462,15.846,15.934,15.837,15.594,15.209,14.325,13.148,11.253,9.269,7.518,5.958,4.408,3.021,2.242,1.545,1.264,1.264,1.29,1.394,1.804,2.466,2.601,2.405,2.245,2.138,2.049,1.671,1.368,1.165,1.041,0.953,0.906,0.889,0.881,0.881,0.881,0.891,0.903,0.917,0.929,0.945,0.959,0.968,0.975,0.984,0.992,1.0,1.006,1.007,1.008,1.012,1.019,1.023,1.029,1.036,1.04,1.042,1.042,1.044,1.045,1.045,1.048,1.051,1.055,1.06,1.064,1.07,1.073,1.075,1.078,1.08,1.082,1.086,1.088,1.09,1.094,1.097,1.098,1.105,1.107,1.111,1.112,1.114,1.118,1.12,1.119,1.119,1.122,1.122,1.128,1.126,1.124,1.124,1.127,Amoxicillin_26,Amoxicillin,-6.619788758288394,CC1(C)S[C@@H]2[C@H](NC(=O)[C@H]([NH3+])c3ccc(O)cc3)C(=O)N2[C@@H]1C(=O)[O-]
1.071,1.074,1.076,1.081,1.082,1.08,1.08,1.081,1.078,1.077,1.071,1.067,1.063,1.061,1.058,1.052,1.05,1.044,1.042,1.041,1.039,1.039,1.039,1.038,1.037,1.036,1.035,1.033,1.032,1.029,1.026,1.023,1.019,1.015,1.014,1.013,1.015,1.017,1.019,1.021,1.024,1.026,1.023,1.02,1.018,1.018,1.015,1.012,1.009,1.007,1.006,1.004,1.002,1.002,1.002,1.001,0.999,0.998,0.995,0.992,0.992,0.993,0.999,1.039,1.115,1.256,1.468,1.771,1.693,1.61,1.483,1.334,1.155,0.867,0.529,0.239,0.118,0.106,0.111,0.289,0.753,1.533,2.616,3.964,5.51,7.171,8.487,9.498,10.402,11.392,12.46,13.48,13.627,12.651,11.639,10.682,9.804,8.896,7.485,5.857,4.283,2.901,1.773,0.948,0.434,0.228,0.207,0.196,0.286,0.535,0.851,1.147,1.309,1.448,1.59,1.694,1.714,1.499,1.264,1.111,1.024,0.973,0.951,0.948,0.946,0.946,0.948,0.952,0.956,0.959,0.967,0.973,0.982,0.986,0.991,0.998,1.002,1.004,1.006,1.008,1.011,1.014,1.015,1.016,1.017,1.02,1.021,1.023,1.026,1.027,1.026,1.027,1.028,1.03,1.036,1.039,1.041,1.043,1.043,1.047,1.05,1.05,1.049,1.05,1.052,1.053,1.055,1.058,1.059,1.062,1.064,1.066,1.069,1.072,1.073,1.074,1.076,1.078,1.08,1.082,1.08,1.078,1.077,1.078,1.078,Pindolol_60,Pindolol,-4.229147988357856,CC(C)NC[C@@H](O)COc1cccc2[nH]ccc12
2.618,2.625,2.627,2.634,2.638,2.644,2.647,2.647,2.647,2.646,2.638,2.634,2.631,2.629,2.625,2.619,2.614,2.602,2.595,2.594,2.594,2.595,2.595,2.593,2.593,2.592,2.591,2.588,2.585,2.581,2.579,2.579,2.574,2.569,2.569,2.567,2.567,2.571,2.577,2.58,2.582,2.584,2.587,2.586,2.586,2.585,2.583,2.581,2.579,2.579,2.578,2.578,2.58,2.582,2.582,2.582,2.582,2.581,2.575,2.567,2.565,2.565,2.57,2.6,2.691,2.871,3.155,3.546,3.548,3.162,2.592,1.928,1.212,0.233,-0.941,-2.069,-2.913,-3.44,-3.581,-3.624,-3.624,-3.488,-3.095,-2.52,-2.037,-1.54,-0.94,-0.311,0.34,0.885,1.423,1.843,1.875,1.471,1.004,0.427,-0.199,-0.859,-1.462,-1.971,-2.445,-3.037,-3.475,-3.635,-3.635,-3.608,-3.488,-3.022,-2.218,-1.124,0.057,1.018,1.772,2.436,3.019,3.431,3.542,3.121,2.832,2.636,2.523,2.466,2.452,2.446,2.444,2.444,2.447,2.458,2.461,2.464,2.467,2.476,2.487,2.495,2.499,2.505,2.505,2.511,2.511,2.514,2.516,2.519,2.521,2.524,2.529,2.538,2.546,2.551,2.554,2.555,2.555,2.555,2.556,2.558,2.563,2.569,2.574,2.579,2.582,2.584,2.588,2.592,2.595,2.594,2.594,2.596,2.602,2.606,2.608,2.61,2.612,2.613,2.615,2.616,2.615,2.618,2.619,2.619,2.621,2.622,2.622,2.623,2.625,2.625,2.627,Corticosterone_58,Corticosterone,-3.853871964321762,C[C@]12C[C@@H](O)[C@@H]3[C@H](CCC4=CC(=O)CC[C@]43C)[C@H]1CC[C@@H]2C(=O)CO
1.024,1.028,1.03,1.031,1.034,1.036,1.037,1.035,1.035,1.035,1.032,1.029,1.028,1.026,1.024,1.021,1.018,1.016,1.011,1.01,1.011,1.011,1.011,1.011,1.011,1.011,1.01,1.009,1.009,1.008,1.006,1.005,1.003,1.002,1.0,1.0,1.0,1.002,1.003,1.004,1.005,1.008,1.008,1.008,1.007,1.007,1.006,1.004,1.003,1.001,1.001,1.001,1.002,1.002,1.002,1.002,1.001,1.0,0.999,0.996,0.994,0.994,0.997,1.013,1.055,1.139,1.272,1.441,1.456,1.347,1.206,1.017,0.771,0.341,-0.311,-0.823,-1.225,-1.463,-1.544,-1.544,-1.545,-1.509,-1.389,-1.176,-0.935,-0.648,-0.348,-0.014,0.356,0.744,1.145,1.487,1.546,1.185,0.8,0.414,0.047,-0.299,-0.605,-0.901,-1.159,-1.323,-1.492,-1.548,-1.548,-1.547,-1.483,-1.27,-0.889,-0.386,0.244,0.709,0.959,1.152,1.311,1.414,1.409,1.255,1.118,1.026,0.972,0.948,0.934,0.933,0.934,0.935,0.938,0.939,0.942,0.945,0.947,0.951,0.953,0.957,0.962,0.965,0.971,0.972,0.972,0.972,0.972,0.974,0.974,0.976,0.979,0.983,0.986,0.986,0.988,0.992,0.991,0.99,0.991,0.993,0.995,0.998,0.999,1.003,1.004,1.006,1.006,1.009,1.01,1.01,1.011,1.013,1.013,1.015,1.017,1.019,1.02,1.023,1.024,1.026,1.027,1.027,1.027,1.028,1.029,1.03,1.029,1.029,1.028,1.028,1.029,Ketoprofen_94,Ketoprofen,-4.698970004336019,C[C@@H](C(=O)O)c1cccc(C(=O)c2ccccc2)c1
2.013,2.016,2.02,2.024,2.029,2.031,2.032,2.033,2.034,2.029,2.025,2.022,2.017,2.012,2.009,2.002,2.0,1.994,1.991,1.989,1.989,1.988,1.989,1.987,1.987,1.985,1.982,1.981,1.977,1.975,1.974,1.971,1.966,1.963,1.961,1.962,1.963,1.966,1.966,1.971,1.972,1.973,1.976,1.973,1.973,1.972,1.969,1.967,1.964,1.963,1.96,1.96,1.96,1.958,1.957,1.956,1.953,1.951,1.948,1.947,1.947,1.948,1.953,1.988,2.068,2.231,2.444,2.588,2.463,2.272,1.789,1.289,0.824,0.347,-0.225,-1.042,-1.5,-1.713,-1.779,-1.768,-1.724,-1.416,-0.87,-0.247,0.604,1.622,2.687,3.798,4.384,4.954,5.563,6.103,6.131,5.678,5.166,4.628,4.096,2.951,1.858,0.807,-0.09,-0.746,-1.296,-1.63,-1.71,-1.713,-1.675,-1.521,-1.08,-0.261,0.301,0.766,1.22,1.682,2.186,2.414,2.527,2.411,2.217,2.034,1.936,1.884,1.861,1.858,1.858,1.859,1.863,1.869,1.873,1.879,1.884,1.889,1.899,1.905,1.91,1.912,1.919,1.923,1.925,1.929,1.931,1.934,1.936,1.938,1.943,1.948,1.952,1.954,1.955,1.956,1.958,1.957,1.958,1.962,1.965,1.969,1.973,1.978,1.98,1.983,1.988,1.99,1.99,1.99,1.991,1.992,1.994,1.996,1.999,2.001,2.004,2.007,2.01,2.014,2.015,2.017,2.018,2.02,2.021,2.022,2.023,2.024,2.024,2.025,2.025,Acrivastine_6,Acrivastine,-5.657577319177793,Cc1ccc(/C(=C\CN2CCCC2)c2cccc(/C=C\C(=O)O)n2)cc1
0.619,0.621,0.623,0.621,0.621,0.621,0.622,0.625,0.62,0.614,0.611,0.611,0.613,0.612,0.608,0.608,0.611,0.61,0.606,0.606,0.603,0.603,0.6,0.6,0.598,0.598,0.598,0.597,0.593,0.589,0.586,0.58,0.578,0.573,0.57,0.566,0.566,0.568,0.565,0.565,0.564,0.564,0.557,0.549,0.545,0.54,0.535,0.524,0.511,0.491,0.475,0.451,0.421,0.4,0.371,0.345,0.326,0.304,0.279,0.251,0.233,0.232,0.232,0.248,0.32,0.476,0.746,1.159,1.688,2.224,2.449,2.572,2.654,2.728,2.838,3.089,3.402,3.963,4.703,5.316,6.06,6.813,7.638,8.591,9.651,10.404,11.142,11.597,12.072,12.395,12.622,12.57,12.57,12.543,12.402,12.117,11.606,11.243,10.532,9.695,8.697,7.801,6.864,6.03,5.39,4.783,4.043,3.471,3.133,2.875,2.718,2.608,2.55,2.431,2.215,1.702,1.172,0.759,0.44,0.264,0.173,0.15,0.15,0.15,0.162,0.189,0.216,0.245,0.266,0.295,0.324,0.356,0.38,0.398,0.426,0.449,0.46,0.477,0.486,0.497,0.508,0.512,0.517,0.527,0.537,0.543,0.544,0.547,0.554,0.554,0.555,0.554,0.553,0.554,0.557,0.558,0.561,0.565,0.568,0.569,0.57,0.573,0.576,0.579,0.582,0.585,0.59,0.593,0.597,0.601,0.603,0.604,0.608,0.613,0.613,0.613,0.614,0.615,0.614,0.614,0.618,0.62,0.616,0.616,0.617,Olsalazine_40,Olsalazine,-7.318758762624412,O=C([O-])C1=C/C(=N/Nc2ccc([O-])c(C(=O)[O-])c2)C=CC1=O
2.532,2.539,2.542,2.549,2.551,2.555,2.559,2.559,2.559,2.558,2.549,2.545,2.542,2.539,2.534,2.529,2.522,2.508,2.504,2.503,2.503,2.504,2.503,2.501,2.499,2.499,2.497,2.493,2.492,2.488,2.486,2.483,2.477,2.475,2.475,2.475,2.474,2.478,2.483,2.485,2.488,2.491,2.495,2.495,2.495,2.493,2.493,2.49,2.487,2.487,2.486,2.487,2.489,2.491,2.491,2.49,2.492,2.49,2.482,2.476,2.475,2.476,2.483,2.528,2.625,2.824,3.123,3.551,3.596,3.266,2.748,2.111,1.329,0.243,-0.983,-1.999,-2.791,-3.224,-3.319,-3.319,-3.298,-3.011,-2.547,-1.935,-1.26,-0.538,0.292,1.222,2.097,2.985,3.708,4.442,4.503,3.818,3.073,2.263,1.349,0.445,-0.439,-1.182,-1.843,-2.476,-2.982,-3.303,-3.352,-3.342,-3.279,-2.899,-2.153,-1.174,0.052,1.132,1.953,2.586,3.119,3.48,3.538,3.099,2.781,2.576,2.436,2.375,2.346,2.344,2.341,2.343,2.351,2.357,2.358,2.36,2.366,2.376,2.386,2.394,2.403,2.409,2.414,2.417,2.418,2.419,2.421,2.425,2.427,2.43,2.435,2.442,2.451,2.455,2.461,2.463,2.463,2.463,2.464,2.467,2.472,2.479,2.485,2.489,2.492,2.496,2.501,2.504,2.506,2.506,2.508,2.509,2.516,2.519,2.522,2.523,2.526,2.527,2.527,2.529,2.53,2.532,2.532,2.532,2.535,2.535,2.536,2.537,2.535,2.535,2.538,Hydrocortisone_92,Hydrocortisone,-4.508638306165727,C[C@@]12CCC(=O)C=C1CC[C@H]1[C@H]2[C@@H](O)C[C@]2(C)[C@@H]1CC[C@]2(O)C(=O)CO
1.537,1.54,1.544,1.547,1.55,1.548,1.548,1.55,1.55,1.551,1.547,1.544,1.542,1.535,1.532,1.527,1.527,1.524,1.52,1.518,1.518,1.517,1.517,1.517,1.515,1.515,1.513,1.511,1.51,1.509,1.504,1.504,1.503,1.498,1.497,1.497,1.498,1.501,1.502,1.502,1.503,1.509,1.509,1.508,1.507,1.505,1.505,1.504,1.502,1.5,1.498,1.497,1.497,1.497,1.496,1.495,1.493,1.494,1.494,1.49,1.489,1.49,1.495,1.517,1.589,1.712,1.913,1.75,1.615,1.44,1.286,1.114,0.918,0.549,-0.303,-1.074,-1.538,-1.816,-1.927,-1.927,-1.83,-1.682,-1.28,-1.093,-0.878,-0.484,0.075,0.761,1.532,2.358,3.194,4.044,4.186,3.347,2.494,1.658,0.89,0.203,-0.374,-0.801,-1.055,-1.214,-1.607,-1.815,-1.83,-1.88,-1.827,-1.599,-1.128,-0.44,0.423,0.871,1.075,1.254,1.386,1.551,1.733,1.901,1.684,1.553,1.474,1.429,1.416,1.412,1.412,1.412,1.417,1.42,1.423,1.427,1.43,1.436,1.441,1.445,1.448,1.454,1.46,1.463,1.464,1.465,1.466,1.47,1.471,1.472,1.475,1.48,1.485,1.485,1.487,1.49,1.489,1.49,1.49,1.493,1.497,1.501,1.502,1.506,1.508,1.509,1.515,1.517,1.518,1.52,1.52,1.522,1.524,1.527,1.529,1.532,1.533,1.536,1.537,1.54,1.54,1.542,1.542,1.542,1.543,1.547,1.547,1.547,1.548,1.547,1.547,Metoprolol_22,Metoprolol,-3.823908740944319,COCCc1ccc(OC[C@H](O)CNC(C)C)cc1
1.588,1.592,1.595,1.6,1.603,1.604,1.603,1.602,1.603,1.601,1.598,1.593,1.591,1.588,1.586,1.581,1.576,1.574,1.569,1.564,1.564,1.565,1.565,1.564,1.564,1.563,1.562,1.561,1.559,1.558,1.558,1.554,1.553,1.551,1.552,1.551,1.553,1.554,1.556,1.558,1.563,1.565,1.565,1.565,1.564,1.564,1.566,1.566,1.566,1.564,1.565,1.565,1.566,1.567,1.571,1.575,1.575,1.576,1.579,1.583,1.593,1.606,1.625,1.658,1.719,1.835,2.011,2.066,2.005,1.921,1.618,1.234,0.823,0.198,-0.535,-1.138,-1.555,-1.79,-1.821,-1.821,-1.81,-1.672,-1.315,-0.748,-0.085,0.642,1.39,2.234,2.873,3.108,3.394,3.68,3.684,3.549,3.362,3.033,2.35,1.473,0.768,-0.01,-0.701,-1.265,-1.665,-1.832,-1.848,-1.844,-1.828,-1.662,-1.239,-0.648,0.075,0.721,1.157,1.512,1.818,1.941,1.993,1.988,1.805,1.679,1.602,1.555,1.533,1.512,1.503,1.496,1.496,1.497,1.501,1.501,1.501,1.501,1.503,1.504,1.505,1.506,1.51,1.508,1.508,1.509,1.51,1.511,1.511,1.513,1.516,1.523,1.527,1.529,1.529,1.531,1.533,1.535,1.536,1.538,1.543,1.544,1.548,1.551,1.553,1.558,1.559,1.559,1.56,1.563,1.564,1.566,1.567,1.569,1.57,1.573,1.577,1.577,1.579,1.578,1.578,1.578,1.578,1.578,1.58,1.583,1.583,1.584,1.586,1.588,1.589,Alprenolol_13,Alprenolol,-3.795880017344075,C=CCc1ccccc1OC[C@H](O)C[NH2+]C(C)C
0.978,0.981,0.982,0.986,0.991,0.992,0.99,0.989,0.989,0.988,0.982,0.98,0.978,0.974,0.97,0.966,0.963,0.958,0.957,0.957,0.956,0.956,0.956,0.955,0.955,0.953,0.951,0.949,0.948,0.945,0.944,0.943,0.943,0.938,0.936,0.937,0.938,0.94,0.941,0.941,0.942,0.946,0.947,0.947,0.944,0.941,0.941,0.938,0.936,0.932,0.932,0.931,0.93,0.931,0.928,0.926,0.926,0.926,0.925,0.923,0.922,0.921,0.934,0.97,1.04,1.175,1.382,1.567,1.387,1.193,1.031,0.873,0.721,0.58,0.089,-0.384,-0.655,-0.692,-0.699,-0.612,-0.355,0.239,1.156,2.205,3.245,4.148,5.211,5.915,6.747,7.599,8.541,9.221,9.292,8.615,7.806,6.967,6.2,5.29,4.451,3.427,2.389,1.31,0.449,-0.19,-0.57,-0.625,-0.633,-0.631,-0.39,0.064,0.579,0.701,0.839,1.003,1.165,1.349,1.497,1.406,1.175,1.025,0.93,0.885,0.87,0.865,0.863,0.864,0.864,0.869,0.872,0.878,0.882,0.885,0.893,0.898,0.902,0.908,0.911,0.913,0.913,0.915,0.915,0.919,0.921,0.922,0.925,0.928,0.93,0.933,0.935,0.936,0.936,0.936,0.936,0.937,0.939,0.945,0.95,0.951,0.952,0.955,0.959,0.961,0.963,0.965,0.965,0.966,0.968,0.972,0.973,0.975,0.976,0.979,0.981,0.983,0.984,0.988,0.99,0.99,0.99,0.992,0.99,0.988,0.989,0.99,0.991,Sotalol_89,Sotalol,-5.327902142064283,CC(C)NC[C@H](O)c1ccc(NS(C)(=O)=O)cc1
0.628,0.63,0.631,0.633,0.634,0.637,0.635,0.633,0.632,0.632,0.628,0.622,0.617,0.613,0.611,0.607,0.604,0.602,0.598,0.594,0.594,0.595,0.593,0.592,0.592,0.59,0.59,0.588,0.587,0.582,0.583,0.585,0.579,0.576,0.574,0.574,0.577,0.578,0.58,0.58,0.579,0.579,0.578,0.577,0.573,0.57,0.567,0.566,0.565,0.563,0.56,0.558,0.557,0.554,0.553,0.553,0.554,0.554,0.557,0.557,0.557,0.569,0.598,0.678,0.81,1.041,1.351,1.807,1.866,1.864,1.864,1.921,1.926,1.599,0.981,0.413,0.118,0.102,0.102,0.248,0.635,1.458,2.673,4.195,5.804,7.237,7.75,8.148,8.528,9.288,9.928,10.204,10.133,9.774,9.213,8.6,8.267,7.937,7.44,6.091,4.453,2.905,1.658,0.796,0.331,0.19,0.164,0.168,0.416,0.946,1.553,1.94,1.92,1.884,1.838,1.818,1.824,1.376,1.013,0.785,0.63,0.54,0.493,0.472,0.47,0.465,0.467,0.469,0.478,0.486,0.49,0.497,0.503,0.511,0.512,0.517,0.526,0.529,0.534,0.537,0.542,0.54,0.54,0.544,0.545,0.548,0.556,0.557,0.558,0.561,0.562,0.565,0.565,0.57,0.574,0.578,0.579,0.583,0.585,0.592,0.594,0.595,0.596,0.599,0.602,0.605,0.609,0.614,0.617,0.62,0.625,0.625,0.629,0.631,0.632,0.638,0.64,0.643,0.646,0.646,0.646,0.648,0.648,0.646,0.646,Sulfasalazine_92,Sulfasalazine,-6.318758762624412,O=C(O)c1cc(/N=N/c2ccc(S(=O)(=O)Nc3ccccn3)cc2)ccc1O
1.53,1.534,1.539,1.543,1.545,1.547,1.547,1.546,1.546,1.543,1.541,1.534,1.532,1.529,1.527,1.522,1.517,1.515,1.51,1.506,1.506,1.506,1.506,1.504,1.505,1.505,1.504,1.502,1.501,1.5,1.499,1.496,1.495,1.492,1.491,1.492,1.493,1.495,1.497,1.498,1.504,1.506,1.506,1.506,1.505,1.505,1.505,1.505,1.503,1.502,1.502,1.502,1.504,1.505,1.51,1.511,1.512,1.513,1.518,1.521,1.536,1.55,1.573,1.607,1.688,1.819,2.008,2.056,2.004,1.969,1.768,1.375,0.941,0.306,-0.476,-1.133,-1.541,-1.717,-1.745,-1.752,-1.661,-1.416,-0.985,-0.324,0.225,0.95,1.582,2.442,3.02,3.531,3.821,4.108,4.11,3.972,3.786,3.396,2.442,1.681,1.04,0.288,-0.404,-0.917,-1.403,-1.653,-1.758,-1.758,-1.737,-1.585,-1.235,-0.608,0.165,0.846,1.252,1.723,1.915,1.942,1.978,1.991,1.774,1.639,1.554,1.497,1.473,1.45,1.435,1.429,1.43,1.43,1.431,1.431,1.435,1.436,1.44,1.44,1.441,1.443,1.444,1.445,1.446,1.445,1.447,1.448,1.448,1.448,1.452,1.46,1.463,1.467,1.467,1.469,1.471,1.472,1.474,1.477,1.48,1.482,1.485,1.491,1.494,1.496,1.499,1.499,1.502,1.504,1.505,1.509,1.509,1.511,1.513,1.516,1.517,1.521,1.522,1.522,1.524,1.524,1.523,1.524,1.525,1.529,1.531,1.531,1.531,1.534,1.535,Oxyprenolol_47,Oxyprenolol,-3.886056647693163,C=CCOc1ccccc1OC[C@@H](O)C[NH2+]C(C)C
0.343,0.347,0.349,0.352,0.352,0.354,0.353,0.353,0.351,0.345,0.34,0.337,0.335,0.333,0.331,0.327,0.324,0.32,0.316,0.312,0.311,0.309,0.31,0.308,0.308,0.307,0.306,0.305,0.304,0.303,0.302,0.299,0.299,0.298,0.297,0.297,0.297,0.298,0.303,0.304,0.308,0.311,0.311,0.311,0.309,0.309,0.309,0.306,0.304,0.3,0.298,0.298,0.298,0.299,0.3,0.3,0.301,0.303,0.303,0.303,0.305,0.314,0.34,0.401,0.505,0.679,0.936,1.289,1.728,1.979,1.967,1.809,1.458,1.025,0.461,0.022,-0.178,-0.234,-0.223,-0.119,0.229,0.807,1.696,2.791,4.052,5.443,6.914,8.395,9.085,9.778,10.519,11.182,11.291,10.587,9.894,9.175,8.516,7.094,5.656,4.274,2.979,1.839,0.894,0.258,-0.127,-0.257,-0.257,-0.21,-0.023,0.395,0.947,1.368,1.711,1.958,1.923,1.728,1.27,0.915,0.638,0.452,0.339,0.271,0.23,0.208,0.207,0.204,0.205,0.205,0.206,0.209,0.218,0.229,0.237,0.242,0.25,0.258,0.26,0.259,0.259,0.261,0.261,0.261,0.264,0.267,0.269,0.271,0.277,0.283,0.286,0.286,0.288,0.288,0.291,0.295,0.298,0.302,0.305,0.307,0.309,0.313,0.318,0.32,0.321,0.324,0.326,0.328,0.333,0.336,0.341,0.344,0.344,0.347,0.348,0.352,0.353,0.353,0.353,0.353,0.352,0.352,0.355,0.352,0.35,0.349,0.35,Olsalazine_37,Olsalazine,-7.318758762624412,O=C(O)c1cc(/N=N\c2ccc(O)c(C(=O)O)c2)ccc1O
0.234,0.233,0.233,0.236,0.233,0.231,0.231,0.231,0.227,0.224,0.224,0.229,0.226,0.224,0.223,0.224,0.228,0.228,0.225,0.224,0.219,0.219,0.218,0.218,0.216,0.214,0.214,0.213,0.212,0.205,0.205,0.198,0.196,0.192,0.189,0.185,0.182,0.182,0.18,0.18,0.177,0.177,0.175,0.164,0.158,0.151,0.145,0.135,0.118,0.106,0.085,0.058,0.031,0.004,-0.026,-0.053,-0.075,-0.104,-0.145,-0.193,-0.23,-0.236,-0.237,-0.236,-0.197,-0.061,0.175,0.578,1.114,1.828,2.668,3.491,4.017,4.464,4.963,5.582,6.017,6.737,7.584,8.344,8.829,9.37,9.872,10.509,11.275,12.052,12.439,12.588,12.66,12.5,12.373,12.298,12.255,12.266,12.293,12.423,12.735,12.388,11.932,11.355,10.632,9.923,9.206,8.7,8.305,7.598,6.703,6.013,5.411,4.975,4.511,4.068,3.569,2.717,1.89,1.136,0.585,0.166,-0.116,-0.268,-0.313,-0.315,-0.315,-0.315,-0.291,-0.243,-0.204,-0.17,-0.136,-0.107,-0.073,-0.044,-0.019,0.006,0.032,0.057,0.071,0.091,0.098,0.109,0.119,0.127,0.132,0.136,0.145,0.152,0.152,0.162,0.164,0.164,0.165,0.164,0.164,0.164,0.166,0.166,0.169,0.172,0.173,0.174,0.174,0.177,0.182,0.185,0.19,0.196,0.196,0.201,0.204,0.21,0.212,0.213,0.22,0.22,0.218,0.219,0.22,0.22,0.22,0.22,0.224,0.222,0.22,0.22,0.219,Olsalazine_42,Olsalazine,-7.318758762624412,O=C([O-])c1cc(/N=N/c2ccc([O-])c(C(=O)[O-])c2)ccc1[O-]
1.721,1.725,1.73,1.735,1.739,1.739,1.738,1.739,1.737,1.736,1.729,1.723,1.721,1.719,1.714,1.708,1.703,1.7,1.693,1.687,1.687,1.685,1.683,1.683,1.679,1.681,1.678,1.678,1.676,1.674,1.673,1.668,1.668,1.665,1.665,1.665,1.668,1.67,1.674,1.676,1.681,1.684,1.685,1.686,1.685,1.684,1.685,1.688,1.687,1.686,1.687,1.689,1.688,1.688,1.693,1.697,1.698,1.7,1.704,1.709,1.723,1.741,1.761,1.812,1.902,2.072,2.101,1.975,1.871,1.781,1.713,1.636,1.441,0.651,-0.235,-0.89,-1.357,-1.481,-1.543,-1.513,-1.267,-0.64,0.475,1.712,2.937,3.75,4.665,5.519,6.312,7.043,7.782,8.496,8.592,7.885,7.121,6.402,5.671,4.839,4.086,3.146,1.884,0.562,-0.517,-1.087,-1.541,-1.583,-1.549,-1.378,-1.0,-0.367,0.464,1.359,1.541,1.633,1.702,1.783,1.879,1.991,2.013,1.841,1.729,1.663,1.64,1.62,1.606,1.595,1.589,1.587,1.59,1.591,1.592,1.592,1.595,1.599,1.6,1.604,1.611,1.616,1.615,1.616,1.617,1.62,1.621,1.622,1.627,1.634,1.639,1.645,1.648,1.651,1.655,1.655,1.657,1.659,1.664,1.667,1.67,1.674,1.678,1.682,1.685,1.689,1.69,1.693,1.695,1.695,1.7,1.703,1.705,1.708,1.709,1.71,1.713,1.712,1.711,1.712,1.711,1.711,1.711,1.713,1.714,1.715,1.717,1.718,1.72,Nadolol_31,Nadolol,-5.853871964321762,CC(C)(C)[NH2+]C[C@H](O)COc1cccc2c1C[C@@H](O)[C@H](O)C2
0.973,0.975,0.977,0.981,0.985,0.985,0.985,0.984,0.982,0.98,0.977,0.97,0.969,0.967,0.964,0.958,0.954,0.949,0.945,0.946,0.946,0.945,0.944,0.944,0.943,0.943,0.941,0.941,0.94,0.94,0.937,0.935,0.933,0.933,0.932,0.931,0.933,0.935,0.937,0.937,0.938,0.942,0.942,0.942,0.939,0.938,0.937,0.936,0.935,0.935,0.935,0.935,0.936,0.939,0.941,0.943,0.946,0.95,0.957,0.967,0.979,0.995,1.021,1.071,1.155,1.301,1.475,1.395,1.291,1.186,1.093,0.928,0.857,0.707,0.062,-0.284,-0.492,-0.492,-0.48,-0.391,-0.002,0.723,1.737,2.883,4.024,5.03,5.875,6.656,7.27,7.981,8.366,8.71,8.769,8.629,8.122,7.395,6.759,6.046,5.192,4.183,3.027,1.885,0.831,0.091,-0.347,-0.473,-0.493,-0.5,-0.341,0.003,0.618,0.805,0.831,1.035,1.129,1.228,1.322,1.406,1.284,1.126,1.018,0.963,0.933,0.915,0.894,0.883,0.882,0.879,0.879,0.88,0.88,0.883,0.887,0.889,0.89,0.89,0.894,0.895,0.896,0.896,0.896,0.898,0.898,0.9,0.903,0.906,0.908,0.911,0.913,0.915,0.916,0.918,0.919,0.92,0.922,0.929,0.934,0.935,0.937,0.939,0.944,0.945,0.948,0.949,0.95,0.951,0.953,0.957,0.958,0.96,0.96,0.962,0.962,0.964,0.965,0.971,0.971,0.97,0.971,0.975,0.973,0.971,0.972,0.975,0.976,Sotalol_90,Sotalol,-5.327902142064283,CC(C)[NH2+]C[C@H](O)c1ccc(NS(C)(=O)=O)cc1
0.898,0.904,0.907,0.91,0.912,0.912,0.916,0.915,0.905,0.9,0.898,0.893,0.89,0.889,0.889,0.881,0.878,0.874,0.873,0.873,0.872,0.868,0.868,0.868,0.868,0.867,0.866,0.864,0.862,0.861,0.855,0.85,0.846,0.841,0.838,0.836,0.836,0.839,0.843,0.843,0.843,0.843,0.843,0.843,0.833,0.831,0.824,0.817,0.81,0.802,0.792,0.782,0.773,0.759,0.748,0.733,0.721,0.709,0.709,0.71,0.713,0.713,0.728,0.769,0.871,1.046,1.334,1.674,1.887,2.151,2.398,2.371,2.134,1.863,1.571,1.35,1.311,1.356,1.499,1.873,2.494,3.572,5.193,6.486,8.068,9.754,11.417,13.126,14.575,15.443,16.167,16.605,17.017,16.558,15.821,14.834,13.624,11.832,10.08,8.404,6.898,5.305,3.834,2.739,1.949,1.642,1.454,1.644,1.436,1.603,1.89,2.129,2.298,2.359,2.179,1.983,1.704,1.355,1.048,0.847,0.73,0.68,0.658,0.651,0.65,0.65,0.654,0.661,0.675,0.69,0.708,0.726,0.739,0.763,0.772,0.781,0.793,0.797,0.802,0.808,0.811,0.812,0.82,0.823,0.828,0.83,0.837,0.842,0.842,0.84,0.837,0.836,0.837,0.841,0.842,0.847,0.852,0.858,0.86,0.861,0.864,0.866,0.867,0.872,0.873,0.875,0.877,0.879,0.884,0.887,0.893,0.897,0.899,0.902,0.907,0.912,0.912,0.913,0.916,0.918,0.92,0.914,0.915,0.915,0.914,Loracarbef_5,Loracarbef,-6.040958607678906,N[C@H](C(=O)N[C@H]1C(=O)N2C(C(=O)[O-])=C(Cl)CC[C@@H]12)c1ccccc1
1.131,1.134,1.137,1.138,1.144,1.145,1.144,1.145,1.145,1.143,1.137,1.134,1.132,1.126,1.123,1.118,1.117,1.112,1.109,1.109,1.109,1.109,1.109,1.108,1.107,1.107,1.104,1.103,1.1,1.099,1.097,1.095,1.095,1.088,1.087,1.088,1.088,1.092,1.091,1.092,1.094,1.098,1.099,1.095,1.094,1.092,1.092,1.092,1.088,1.085,1.084,1.083,1.083,1.082,1.083,1.081,1.079,1.078,1.078,1.075,1.075,1.075,1.081,1.113,1.185,1.31,1.509,1.649,1.499,1.378,1.14,0.975,0.666,0.402,-0.013,-0.613,-0.919,-1.057,-1.057,-1.004,-0.756,-0.252,0.469,1.653,2.753,4.09,4.787,5.55,6.094,6.842,7.466,7.81,7.814,7.408,7.023,6.31,5.323,4.726,4.363,3.215,1.725,0.755,-0.043,-0.659,-0.921,-1.0,-1.0,-0.91,-0.612,-0.059,0.375,0.704,0.947,1.105,1.337,1.457,1.605,1.522,1.299,1.154,1.079,1.029,1.014,1.011,1.009,1.009,1.012,1.017,1.022,1.025,1.029,1.034,1.041,1.047,1.05,1.055,1.061,1.063,1.064,1.065,1.066,1.069,1.071,1.071,1.073,1.078,1.081,1.083,1.085,1.086,1.086,1.086,1.086,1.088,1.091,1.096,1.098,1.102,1.106,1.106,1.111,1.112,1.115,1.116,1.115,1.118,1.121,1.124,1.127,1.13,1.13,1.133,1.134,1.136,1.138,1.14,1.142,1.142,1.143,1.146,1.145,1.145,1.146,1.146,1.147,Atenolol_28,Atenolol,-5.7447274948966935,CC(C)NC[C@H](O)COc1ccc(CC(N)=O)cc1
1.128,1.134,1.138,1.141,1.143,1.144,1.148,1.144,1.139,1.132,1.129,1.124,1.121,1.119,1.118,1.112,1.108,1.102,1.098,1.098,1.098,1.097,1.095,1.094,1.093,1.092,1.091,1.088,1.087,1.086,1.081,1.073,1.069,1.065,1.062,1.062,1.062,1.065,1.068,1.069,1.07,1.07,1.07,1.071,1.062,1.057,1.05,1.045,1.038,1.027,1.019,1.01,0.996,0.982,0.98,0.962,0.948,0.938,0.935,0.933,0.933,0.94,0.952,0.994,1.089,1.273,1.568,1.995,2.336,2.521,2.864,2.921,2.531,2.121,1.64,1.357,1.287,1.287,1.522,2.029,2.951,4.059,5.214,6.629,8.141,9.985,11.755,12.989,14.116,15.076,15.928,16.864,17.033,16.634,15.501,14.583,13.35,12.095,10.425,8.562,6.867,5.45,4.312,3.145,2.232,1.642,1.371,1.371,1.388,1.663,2.046,2.507,2.86,2.707,2.527,2.327,2.019,1.588,1.27,1.063,0.95,0.892,0.865,0.859,0.857,0.857,0.863,0.872,0.885,0.906,0.925,0.939,0.953,0.967,0.99,0.997,1.009,1.017,1.022,1.029,1.03,1.031,1.04,1.045,1.049,1.053,1.061,1.065,1.067,1.066,1.065,1.065,1.065,1.066,1.071,1.075,1.08,1.086,1.088,1.09,1.093,1.097,1.098,1.101,1.102,1.103,1.109,1.112,1.116,1.118,1.122,1.125,1.128,1.131,1.136,1.138,1.138,1.139,1.14,1.142,1.145,1.141,1.138,1.138,1.142,Amoxicillin_25,Amoxicillin,-6.619788758288394,CC1(C)S[C@H]2[C@@H](NC(=O)[C@H](N)c3ccc(O)cc3)C(=O)N2[C@H]1C(=O)[O-]
1.061,1.064,1.069,1.071,1.072,1.074,1.076,1.077,1.076,1.073,1.069,1.065,1.063,1.063,1.062,1.058,1.055,1.051,1.048,1.048,1.048,1.049,1.049,1.049,1.047,1.047,1.046,1.045,1.045,1.045,1.045,1.042,1.042,1.04,1.04,1.04,1.04,1.041,1.042,1.046,1.048,1.048,1.048,1.048,1.049,1.05,1.051,1.049,1.049,1.049,1.049,1.05,1.05,1.054,1.056,1.06,1.066,1.07,1.073,1.082,1.087,1.099,1.121,1.149,1.197,1.276,1.393,1.551,1.702,1.484,1.174,0.787,0.394,0.008,-0.407,-0.719,-0.879,-0.954,-0.969,-0.971,-0.851,-0.635,-0.331,0.104,0.608,1.137,1.615,1.896,1.996,1.922,1.888,1.886,1.886,1.89,1.923,1.985,2.023,1.689,1.192,0.659,0.133,-0.322,-0.623,-0.834,-0.963,-0.97,-0.963,-0.913,-0.762,-0.475,-0.06,0.318,0.701,1.075,1.389,1.635,1.544,1.377,1.254,1.167,1.109,1.072,1.054,1.037,1.03,1.022,1.017,1.017,1.014,1.013,1.01,1.01,1.01,1.012,1.012,1.012,1.011,1.01,1.008,1.009,1.008,1.008,1.008,1.009,1.012,1.015,1.017,1.022,1.025,1.026,1.026,1.025,1.025,1.025,1.026,1.03,1.031,1.034,1.039,1.039,1.04,1.044,1.044,1.043,1.043,1.044,1.046,1.047,1.049,1.051,1.051,1.053,1.054,1.054,1.054,1.053,1.053,1.054,1.055,1.057,1.057,1.061,1.061,1.061,1.061,Bretylium_Tosylate_32,Bretylium_Tosylate,-5.853871964321762,CC[N+](C)(C)Cc1ccccc1Br
0.172,0.173,0.173,0.174,0.175,0.172,0.17,0.17,0.169,0.167,0.167,0.167,0.171,0.175,0.178,0.176,0.173,0.17,0.17,0.17,0.17,0.17,0.17,0.166,0.166,0.165,0.165,0.163,0.163,0.163,0.163,0.161,0.158,0.153,0.151,0.149,0.149,0.149,0.15,0.149,0.149,0.146,0.143,0.142,0.142,0.14,0.135,0.128,0.123,0.117,0.112,0.106,0.095,0.081,0.065,0.044,0.02,-0.002,-0.027,-0.051,-0.064,-0.071,-0.071,-0.07,-0.061,-0.018,0.06,0.193,0.388,0.623,0.873,1.118,1.357,1.622,1.917,2.238,2.582,2.946,3.387,3.923,4.507,5.067,5.444,5.657,5.923,5.968,5.955,5.925,5.872,5.812,5.748,5.699,5.699,5.699,5.708,5.737,5.884,6.007,5.969,5.944,5.875,5.56,5.061,4.477,3.91,3.413,2.955,2.58,2.252,1.942,1.644,1.37,1.12,0.872,0.622,0.386,0.188,0.046,-0.043,-0.094,-0.109,-0.109,-0.109,-0.104,-0.091,-0.07,-0.046,-0.026,-0.004,0.016,0.038,0.055,0.065,0.08,0.09,0.093,0.102,0.109,0.109,0.117,0.124,0.127,0.129,0.134,0.14,0.141,0.144,0.145,0.146,0.145,0.144,0.144,0.143,0.143,0.144,0.146,0.148,0.146,0.146,0.147,0.147,0.147,0.148,0.149,0.153,0.156,0.159,0.161,0.162,0.165,0.166,0.166,0.165,0.163,0.163,0.163,0.163,0.165,0.167,0.168,0.165,0.164,0.164,0.164,0.164,Salicylic_Acid_83,Salicylic_Acid,-5.0,O=C([O-])c1ccccc1[O-]
0.599,0.602,0.603,0.603,0.605,0.609,0.611,0.609,0.606,0.602,0.595,0.592,0.586,0.585,0.586,0.586,0.588,0.583,0.582,0.581,0.58,0.58,0.58,0.578,0.576,0.576,0.575,0.575,0.571,0.568,0.565,0.562,0.561,0.555,0.553,0.552,0.551,0.55,0.548,0.545,0.545,0.541,0.541,0.534,0.532,0.523,0.512,0.502,0.488,0.472,0.45,0.423,0.397,0.372,0.349,0.329,0.319,0.317,0.314,0.311,0.311,0.311,0.334,0.39,0.497,0.71,1.02,1.479,1.846,1.936,1.891,1.882,1.916,1.776,1.659,1.652,1.875,2.038,2.461,2.871,3.959,4.976,6.238,6.54,7.065,7.522,8.071,8.586,9.186,9.85,10.464,11.068,11.443,10.724,10.08,9.282,8.542,8.005,7.602,7.178,6.772,6.311,5.243,4.113,3.055,2.551,2.061,1.945,1.728,1.652,1.883,1.947,1.898,1.898,1.924,1.836,1.507,1.028,0.682,0.455,0.331,0.259,0.232,0.225,0.225,0.228,0.234,0.246,0.258,0.282,0.305,0.331,0.356,0.379,0.407,0.422,0.44,0.456,0.466,0.476,0.481,0.487,0.492,0.499,0.504,0.512,0.514,0.522,0.529,0.534,0.533,0.532,0.533,0.534,0.536,0.538,0.54,0.544,0.547,0.551,0.552,0.556,0.558,0.56,0.562,0.566,0.569,0.574,0.581,0.587,0.587,0.592,0.594,0.598,0.603,0.605,0.609,0.609,0.612,0.612,0.61,0.61,0.612,0.609,0.609,Sulfasalazine_93,Sulfasalazine,-6.318758762624412,O=C([O-])c1cc(/N=N\c2ccc(S(=O)(=O)/N=c3\cccc[nH]3)cc2)ccc1[O-]
2.046,2.051,2.055,2.059,2.062,2.064,2.066,2.066,2.064,2.062,2.055,2.05,2.047,2.044,2.043,2.042,2.037,2.03,2.027,2.025,2.023,2.023,2.023,2.021,2.02,2.019,2.018,2.016,2.014,2.012,2.008,2.004,2.002,1.998,1.996,1.995,1.996,1.998,2.001,1.999,2.003,2.004,2.003,2.0,1.996,1.995,1.992,1.985,1.975,1.973,1.958,1.946,1.941,1.93,1.916,1.909,1.907,1.909,1.909,1.909,1.914,1.93,1.952,2.001,2.071,2.239,2.423,2.554,2.55,2.223,1.909,1.414,0.89,0.376,0.057,-0.228,-0.412,-0.329,-0.286,-0.152,0.139,0.677,1.405,2.44,3.345,4.143,4.963,5.745,5.993,6.198,6.352,6.349,6.349,6.382,6.378,6.084,5.831,5.191,4.183,3.33,2.449,1.569,0.706,0.168,-0.134,-0.272,-0.321,-0.379,-0.243,-0.049,0.226,0.784,1.299,1.79,2.191,2.428,2.5,2.374,2.196,2.03,1.926,1.87,1.847,1.828,1.82,1.819,1.816,1.817,1.822,1.831,1.85,1.858,1.881,1.885,1.894,1.912,1.917,1.925,1.926,1.93,1.937,1.94,1.945,1.951,1.957,1.964,1.966,1.972,1.977,1.978,1.98,1.98,1.979,1.982,1.985,1.989,1.993,1.998,2.0,2.004,2.004,2.005,2.007,2.007,2.008,2.01,2.012,2.014,2.019,2.022,2.024,2.027,2.029,2.029,2.029,2.031,2.031,2.032,2.034,2.035,2.039,2.04,2.042,2.042,2.043,Acrivastine_7,Acrivastine,-5.657577319177793,Cc1ccc(/C(=C/C[NH+]2CCCC2)c2cccc(/C=C\C(=O)[O-])n2)cc1
1.09,1.097,1.1,1.101,1.105,1.105,1.103,1.103,1.102,1.095,1.09,1.087,1.084,1.081,1.073,1.069,1.065,1.057,1.055,1.053,1.054,1.053,1.051,1.049,1.047,1.048,1.047,1.045,1.045,1.04,1.038,1.034,1.03,1.023,1.023,1.023,1.025,1.029,1.032,1.035,1.037,1.037,1.038,1.039,1.037,1.034,1.029,1.024,1.02,1.015,1.012,1.011,1.011,1.011,1.01,1.011,1.01,1.007,1.004,1.002,1.002,1.006,1.021,1.075,1.191,1.389,1.693,2.122,2.372,2.409,2.108,1.854,1.56,1.205,0.648,0.058,-0.262,-0.262,-0.192,-0.106,0.41,1.422,2.89,4.582,6.696,8.966,11.042,12.725,13.873,14.837,15.781,16.534,16.678,16.14,15.201,14.286,13.165,11.551,9.467,7.107,5.026,3.07,1.701,0.626,0.056,-0.052,-0.189,-0.189,0.069,0.633,1.217,1.54,1.861,2.064,2.369,2.337,2.14,1.715,1.385,1.161,1.039,0.961,0.93,0.918,0.915,0.916,0.921,0.927,0.929,0.935,0.944,0.954,0.966,0.973,0.978,0.982,0.99,0.997,0.999,1.001,1.003,1.003,1.004,1.009,1.013,1.019,1.021,1.021,1.023,1.025,1.024,1.024,1.024,1.031,1.035,1.037,1.045,1.052,1.057,1.059,1.062,1.063,1.064,1.068,1.071,1.071,1.075,1.077,1.08,1.085,1.09,1.091,1.096,1.1,1.104,1.105,1.107,1.107,1.106,1.108,1.114,1.115,1.11,1.108,1.108,Amoxicillin_24,Amoxicillin,-6.619788758288394,CC1(C)S[C@@H]2[C@@H](NC(=O)[C@H](N)c3ccc(O)cc3)C(=O)N2[C@@H]1C(=O)O
1.726,1.73,1.735,1.739,1.742,1.744,1.744,1.744,1.744,1.743,1.736,1.733,1.728,1.724,1.719,1.716,1.711,1.706,1.701,1.699,1.698,1.697,1.695,1.695,1.692,1.689,1.689,1.688,1.686,1.682,1.68,1.676,1.673,1.671,1.67,1.671,1.673,1.675,1.678,1.681,1.684,1.687,1.689,1.689,1.686,1.686,1.687,1.684,1.683,1.681,1.681,1.68,1.68,1.678,1.679,1.678,1.678,1.678,1.678,1.674,1.673,1.673,1.682,1.715,1.795,1.944,2.17,2.18,1.986,1.842,1.697,1.548,1.338,0.737,-0.174,-0.94,-1.462,-1.654,-1.734,-1.734,-1.547,-1.019,-0.126,1.076,2.488,3.99,5.358,6.198,7.017,7.827,8.636,9.322,9.257,8.618,7.911,7.135,6.35,5.552,4.279,2.587,1.299,0.055,-0.892,-1.489,-1.679,-1.747,-1.701,-1.518,-1.027,-0.323,0.584,1.284,1.491,1.656,1.788,1.943,2.109,2.154,1.91,1.741,1.648,1.598,1.58,1.572,1.566,1.567,1.569,1.57,1.577,1.583,1.588,1.599,1.606,1.613,1.617,1.622,1.631,1.632,1.635,1.637,1.638,1.641,1.643,1.645,1.649,1.655,1.66,1.66,1.662,1.67,1.671,1.671,1.671,1.675,1.68,1.683,1.685,1.69,1.694,1.698,1.7,1.703,1.705,1.706,1.708,1.712,1.714,1.717,1.72,1.722,1.723,1.725,1.727,1.727,1.728,1.729,1.729,1.73,1.73,1.732,1.732,1.732,1.733,1.734,1.734,Nadolol_30,Nadolol,-5.853871964321762,CC(C)(C)NC[C@@H](O)COc1cccc2c1C[C@H](O)[C@@H](O)C2
1.797,1.805,1.811,1.814,1.817,1.82,1.821,1.819,1.814,1.81,1.808,1.805,1.801,1.794,1.788,1.781,1.778,1.771,1.767,1.766,1.765,1.763,1.762,1.762,1.761,1.761,1.761,1.757,1.754,1.752,1.747,1.743,1.74,1.737,1.735,1.736,1.737,1.738,1.743,1.746,1.748,1.75,1.75,1.75,1.748,1.747,1.741,1.737,1.734,1.732,1.729,1.729,1.729,1.729,1.728,1.728,1.727,1.72,1.719,1.712,1.711,1.711,1.724,1.771,1.872,2.072,2.295,2.396,2.459,2.563,2.569,2.235,1.692,1.023,-0.075,-0.955,-1.484,-1.713,-1.681,-1.685,-1.585,-1.187,-0.42,0.688,2.12,3.794,5.425,7.329,8.616,9.439,10.584,10.968,11.203,10.787,9.876,8.908,7.585,5.979,3.975,2.369,0.938,-0.214,-0.985,-1.471,-1.611,-1.663,-1.624,-1.448,-0.94,-0.099,0.89,1.591,2.137,2.555,2.538,2.413,2.332,2.24,2.054,1.842,1.705,1.647,1.617,1.603,1.603,1.605,1.613,1.62,1.625,1.629,1.638,1.649,1.656,1.666,1.676,1.681,1.687,1.694,1.695,1.696,1.7,1.7,1.704,1.707,1.714,1.716,1.719,1.727,1.729,1.73,1.728,1.727,1.73,1.735,1.739,1.743,1.749,1.755,1.761,1.765,1.767,1.77,1.771,1.773,1.775,1.778,1.779,1.784,1.787,1.789,1.795,1.797,1.801,1.803,1.806,1.811,1.812,1.812,1.814,1.816,1.817,1.815,1.815,1.815,1.818,Lisinopril_1,Lisinopril,-6.7447274948966935,NCCCC[C@@H](N[C@@H](CCc1ccccc1)C(=O)O)C(=O)N1CCC[C@H]1C(=O)O
0.286,0.288,0.29,0.29,0.292,0.293,0.292,0.292,0.288,0.281,0.277,0.276,0.28,0.28,0.279,0.278,0.278,0.273,0.27,0.266,0.265,0.264,0.264,0.262,0.261,0.26,0.259,0.258,0.257,0.256,0.253,0.25,0.248,0.245,0.24,0.239,0.239,0.241,0.241,0.241,0.242,0.243,0.242,0.24,0.236,0.232,0.228,0.221,0.214,0.206,0.195,0.181,0.164,0.149,0.137,0.115,0.099,0.075,0.048,0.031,0.026,0.027,0.031,0.069,0.158,0.332,0.567,0.938,1.403,1.879,2.223,2.383,2.471,2.417,2.391,2.361,2.479,2.735,3.173,3.831,4.638,5.483,6.38,7.331,8.267,9.015,9.615,10.29,10.76,11.051,11.352,11.726,11.966,11.54,11.105,10.683,10.36,9.694,8.996,8.188,7.341,6.311,5.503,4.757,3.82,3.193,2.726,2.45,2.347,2.347,2.39,2.517,2.351,2.238,1.926,1.407,0.939,0.556,0.275,0.1,0.0,-0.055,-0.058,-0.058,-0.058,-0.047,-0.027,-0.0,0.02,0.048,0.068,0.09,0.107,0.122,0.146,0.154,0.165,0.172,0.177,0.182,0.185,0.193,0.195,0.201,0.208,0.212,0.218,0.224,0.225,0.226,0.226,0.226,0.227,0.23,0.233,0.235,0.237,0.238,0.239,0.243,0.245,0.248,0.25,0.255,0.257,0.261,0.267,0.269,0.274,0.278,0.278,0.278,0.282,0.284,0.285,0.284,0.285,0.287,0.286,0.287,0.288,0.287,0.285,0.283,0.284,Olsalazine_43,Olsalazine,-7.318758762624412,O=C(O)c1cc(/N=N\c2ccc(O)c(C(=O)[O-])c2)ccc1[O-]
1.528,1.532,1.537,1.539,1.54,1.542,1.543,1.541,1.541,1.536,1.534,1.529,1.525,1.523,1.519,1.513,1.511,1.505,1.501,1.498,1.499,1.496,1.496,1.496,1.495,1.494,1.494,1.492,1.491,1.489,1.485,1.484,1.481,1.48,1.479,1.479,1.478,1.482,1.485,1.484,1.484,1.487,1.493,1.493,1.488,1.488,1.486,1.485,1.483,1.482,1.481,1.481,1.48,1.477,1.477,1.48,1.487,1.491,1.494,1.501,1.516,1.536,1.565,1.622,1.731,1.928,2.0,1.978,1.949,1.94,1.828,1.515,1.152,0.843,-0.092,-0.815,-1.204,-1.285,-1.293,-1.277,-0.96,-0.265,0.647,1.867,3.0,3.895,4.609,5.322,6.081,6.976,7.695,8.087,8.19,7.766,6.967,6.195,5.489,4.796,4.029,3.135,1.888,0.778,-0.217,-0.891,-1.229,-1.268,-1.3,-1.201,-0.925,-0.183,0.709,1.127,1.419,1.73,1.869,1.884,1.907,1.927,1.895,1.689,1.56,1.49,1.448,1.422,1.409,1.402,1.401,1.401,1.401,1.403,1.406,1.407,1.412,1.416,1.42,1.422,1.424,1.424,1.425,1.431,1.431,1.432,1.432,1.433,1.44,1.442,1.446,1.447,1.451,1.454,1.456,1.461,1.461,1.462,1.467,1.473,1.476,1.477,1.482,1.485,1.492,1.494,1.495,1.495,1.498,1.501,1.504,1.508,1.511,1.514,1.514,1.516,1.519,1.52,1.522,1.526,1.526,1.527,1.527,1.533,1.535,1.533,1.532,1.534,1.535,Acebutolol_2,Acebutolol,-5.769551078621726,CCCC(=O)Nc1ccc(OC[C@@H](O)C[NH2+]C(C)C)c(C(C)=O)c1
0.793,0.798,0.801,0.804,0.806,0.809,0.811,0.81,0.809,0.803,0.799,0.794,0.792,0.791,0.791,0.787,0.783,0.782,0.78,0.779,0.779,0.78,0.778,0.778,0.777,0.777,0.777,0.778,0.778,0.776,0.776,0.776,0.774,0.771,0.771,0.771,0.772,0.773,0.774,0.776,0.779,0.779,0.779,0.78,0.779,0.779,0.778,0.778,0.776,0.774,0.774,0.773,0.773,0.773,0.777,0.781,0.786,0.787,0.793,0.796,0.808,0.823,0.849,0.891,0.963,1.077,1.251,1.482,1.752,1.98,1.954,1.7,1.279,0.665,0.061,-0.393,-0.692,-0.838,-0.861,-0.861,-0.758,-0.482,-0.022,0.568,1.21,1.814,2.372,2.833,3.079,3.009,2.963,2.954,2.954,2.967,3.015,3.112,2.909,2.431,1.87,1.263,0.606,0.022,-0.452,-0.741,-0.851,-0.851,-0.844,-0.717,-0.437,-0.008,0.569,1.17,1.64,1.887,1.943,1.748,1.482,1.24,1.056,0.93,0.849,0.8,0.768,0.751,0.74,0.732,0.732,0.73,0.73,0.729,0.729,0.731,0.733,0.733,0.735,0.735,0.735,0.734,0.734,0.733,0.733,0.733,0.732,0.732,0.735,0.74,0.744,0.748,0.75,0.751,0.749,0.749,0.75,0.751,0.753,0.755,0.758,0.762,0.764,0.768,0.769,0.77,0.77,0.772,0.773,0.773,0.777,0.778,0.78,0.784,0.786,0.788,0.789,0.791,0.792,0.791,0.791,0.791,0.795,0.797,0.798,0.799,0.8,0.8,0.8,Fluparoxan_74,Fluparoxan,-3.6020599913279625,Fc1cccc2c1O[C@H]1C[NH2+]C[C@@H]1O2
2.793,2.799,2.804,2.808,2.813,2.819,2.824,2.825,2.825,2.823,2.817,2.813,2.81,2.808,2.804,2.796,2.794,2.785,2.777,2.778,2.779,2.781,2.781,2.782,2.781,2.779,2.778,2.776,2.774,2.771,2.769,2.766,2.763,2.757,2.757,2.757,2.757,2.761,2.764,2.766,2.767,2.768,2.77,2.771,2.77,2.77,2.766,2.763,2.763,2.762,2.762,2.762,2.762,2.763,2.763,2.763,2.763,2.761,2.757,2.747,2.744,2.744,2.748,2.77,2.845,2.997,3.233,3.567,3.707,3.36,2.826,2.156,1.314,0.171,-1.033,-2.184,-3.097,-3.727,-4.071,-4.192,-4.206,-4.206,-4.063,-3.768,-3.461,-3.418,-3.335,-3.23,-3.133,-3.128,-3.168,-3.176,-3.176,-3.167,-3.126,-3.119,-3.214,-3.306,-3.371,-3.442,-3.732,-4.029,-4.189,-4.189,-4.187,-4.106,-3.786,-3.194,-2.336,-1.204,-0.024,1.146,1.999,2.696,3.236,3.617,3.559,3.197,2.961,2.803,2.702,2.659,2.647,2.646,2.647,2.654,2.659,2.665,2.669,2.671,2.673,2.678,2.686,2.694,2.698,2.7,2.704,2.705,2.705,2.706,2.708,2.71,2.711,2.713,2.719,2.726,2.735,2.739,2.74,2.745,2.742,2.739,2.738,2.738,2.743,2.749,2.753,2.758,2.762,2.764,2.768,2.77,2.771,2.769,2.769,2.771,2.776,2.776,2.781,2.781,2.782,2.785,2.786,2.789,2.79,2.792,2.792,2.792,2.796,2.796,2.796,2.799,2.801,2.801,2.803,Progesterone_65,Progesterone,-3.795880017344075,CC(=O)[C@H]1CC[C@@H]2[C@@H]3CCC4=CC(=O)CC[C@]4(C)[C@H]3CC[C@@]12C
0.986,0.991,0.996,0.998,1.003,1.002,1.002,1.001,0.998,0.992,0.985,0.981,0.979,0.975,0.971,0.965,0.962,0.954,0.951,0.948,0.948,0.948,0.946,0.946,0.946,0.945,0.942,0.941,0.938,0.937,0.936,0.929,0.926,0.925,0.923,0.923,0.923,0.926,0.929,0.934,0.937,0.937,0.94,0.939,0.934,0.933,0.931,0.926,0.922,0.916,0.916,0.916,0.918,0.919,0.919,0.919,0.916,0.914,0.915,0.915,0.916,0.92,0.936,0.997,1.106,1.304,1.607,1.933,2.169,2.358,2.497,2.451,2.143,1.505,0.815,0.295,0.007,0.007,0.031,0.219,0.742,1.609,2.831,4.323,6.099,8.02,9.941,11.479,12.72,13.869,14.803,15.604,15.67,15.046,14.39,13.144,11.83,10.356,8.462,6.49,4.646,3.08,1.824,0.917,0.327,0.11,0.066,0.066,0.303,0.772,1.428,2.044,2.39,2.474,2.345,2.146,1.919,1.589,1.301,1.076,0.95,0.875,0.843,0.829,0.822,0.822,0.822,0.825,0.833,0.838,0.846,0.855,0.861,0.873,0.882,0.889,0.892,0.894,0.897,0.9,0.902,0.904,0.905,0.905,0.907,0.912,0.916,0.919,0.922,0.923,0.926,0.926,0.929,0.934,0.938,0.943,0.945,0.949,0.954,0.956,0.957,0.957,0.959,0.964,0.965,0.965,0.969,0.973,0.975,0.98,0.982,0.984,0.987,0.989,0.991,0.996,0.996,0.998,0.998,0.998,0.999,0.998,0.995,0.995,0.995,Netivudine_32,Netivudine,-5.853871964321762,CC#Cc1cn([C@@H]2O[C@H](CO)[C@@H](O)[C@@H]2O)c(=O)[nH]c1=O
1.057,1.061,1.066,1.069,1.068,1.067,1.065,1.065,1.064,1.058,1.049,1.045,1.041,1.034,1.031,1.027,1.022,1.013,1.011,1.011,1.011,1.009,1.008,1.005,1.005,1.005,1.0,0.997,0.995,0.992,0.985,0.983,0.976,0.968,0.965,0.966,0.968,0.969,0.975,0.975,0.969,0.969,0.964,0.961,0.958,0.953,0.945,0.936,0.927,0.921,0.911,0.901,0.882,0.875,0.858,0.849,0.831,0.826,0.824,0.824,0.822,0.825,0.843,0.912,1.074,1.345,1.745,2.145,2.277,2.427,2.601,2.839,2.898,2.827,2.46,2.245,2.253,2.27,2.438,3.203,4.4,6.118,8.3,10.782,13.294,15.698,17.319,19.14,20.756,21.397,21.854,22.346,22.678,22.15,21.607,21.002,19.575,17.907,16.229,13.796,11.11,8.747,6.543,4.786,3.484,2.761,2.436,2.435,2.419,2.591,2.849,2.837,2.872,2.63,2.394,2.25,2.087,1.782,1.359,1.062,0.881,0.786,0.751,0.738,0.737,0.743,0.744,0.755,0.765,0.79,0.814,0.832,0.852,0.87,0.881,0.894,0.909,0.918,0.926,0.933,0.937,0.941,0.946,0.955,0.96,0.965,0.969,0.972,0.971,0.971,0.972,0.974,0.974,0.976,0.982,0.988,0.996,0.999,1.004,1.006,1.009,1.013,1.015,1.02,1.023,1.024,1.028,1.031,1.035,1.042,1.045,1.048,1.054,1.06,1.065,1.067,1.07,1.075,1.078,1.077,1.079,1.079,1.078,1.076,1.077,Cefatrizine_40,Cefatrizine,-5.6020599913279625,N[C@H](C(=O)N[C@H]1C(=O)N2C(C(=O)[O-])=C(CSc3cnn[nH]3)CS[C@H]12)c1ccc(O)cc1
0.839,0.843,0.846,0.847,0.85,0.851,0.85,0.85,0.85,0.847,0.84,0.837,0.836,0.834,0.831,0.828,0.828,0.824,0.823,0.824,0.822,0.822,0.823,0.822,0.822,0.822,0.821,0.821,0.82,0.819,0.818,0.814,0.811,0.81,0.809,0.81,0.81,0.81,0.811,0.813,0.813,0.815,0.816,0.813,0.811,0.81,0.808,0.806,0.801,0.8,0.798,0.797,0.797,0.798,0.798,0.798,0.796,0.796,0.794,0.792,0.792,0.792,0.797,0.82,0.867,0.954,1.081,1.265,1.462,1.626,1.741,1.679,1.384,0.982,0.551,0.214,-0.015,-0.095,-0.095,-0.091,-0.001,0.204,0.566,1.056,1.642,2.282,2.942,3.6,4.233,4.722,5.028,5.164,5.216,5.176,4.916,4.459,3.82,3.141,2.452,1.784,1.18,0.684,0.312,0.087,-0.015,-0.027,-0.027,0.035,0.236,0.569,0.958,1.353,1.649,1.733,1.626,1.471,1.279,1.096,0.954,0.864,0.808,0.777,0.761,0.76,0.76,0.762,0.763,0.764,0.768,0.771,0.775,0.777,0.783,0.788,0.79,0.793,0.796,0.796,0.798,0.798,0.799,0.802,0.802,0.802,0.805,0.807,0.809,0.81,0.812,0.811,0.811,0.811,0.811,0.813,0.816,0.817,0.818,0.82,0.824,0.824,0.823,0.824,0.824,0.824,0.824,0.824,0.824,0.825,0.827,0.828,0.83,0.832,0.835,0.837,0.837,0.841,0.841,0.842,0.844,0.845,0.847,0.845,0.843,0.84,0.84,Antipyrine_27,Antipyrine,-3.823908740944319,Cc1cc(=O)n(-c2ccccc2)n1C
0.8,0.803,0.806,0.81,0.812,0.815,0.817,0.816,0.816,0.81,0.807,0.804,0.801,0.801,0.799,0.797,0.795,0.792,0.79,0.79,0.789,0.789,0.789,0.788,0.788,0.788,0.788,0.788,0.787,0.787,0.786,0.782,0.78,0.776,0.776,0.776,0.777,0.778,0.779,0.781,0.783,0.783,0.783,0.782,0.78,0.78,0.779,0.776,0.773,0.77,0.767,0.767,0.766,0.766,0.767,0.767,0.768,0.768,0.767,0.765,0.765,0.767,0.78,0.808,0.862,0.962,1.122,1.353,1.625,1.896,1.968,1.687,1.271,0.722,0.108,-0.388,-0.719,-0.905,-0.936,-0.936,-0.894,-0.695,-0.376,0.074,0.658,1.158,1.63,2.09,2.51,2.914,3.236,3.544,3.635,3.344,3.024,2.611,2.192,1.72,1.242,0.706,0.167,-0.3,-0.634,-0.836,-0.897,-0.897,-0.874,-0.707,-0.396,0.072,0.665,-0.814,1.639,1.937,1.905,1.639,1.369,1.13,0.953,0.84,0.782,0.742,0.721,0.717,0.718,0.718,0.719,0.722,0.726,0.729,0.731,0.734,0.739,0.742,0.747,0.75,0.752,0.754,0.753,0.753,0.755,0.756,0.755,0.755,0.758,0.761,0.767,0.769,0.77,0.769,0.768,0.767,0.767,0.768,0.77,0.771,0.775,0.778,0.78,0.784,0.785,0.787,0.787,0.788,0.787,0.788,0.792,0.794,0.795,0.797,0.801,0.803,0.805,0.809,0.809,0.81,0.81,0.811,0.814,0.817,0.817,0.818,0.815,0.814,0.814,Fluparoxan_73,Fluparoxan,-3.6020599913279625,Fc1cccc2c1O[C@@H]1CNC[C@H]1O2
0.028,0.031,0.035,0.039,0.041,0.042,0.043,0.039,0.036,0.032,0.027,0.023,0.02,0.017,0.015,0.014,0.012,0.01,0.009,0.008,0.007,0.007,0.005,0.005,0.005,0.005,0.005,0.006,0.007,0.005,0.001,-0.001,-0.001,-0.008,-0.008,-0.008,-0.008,-0.006,-0.005,-0.003,-0.003,-0.003,-0.002,-0.003,-0.005,-0.008,-0.013,-0.016,-0.02,-0.026,-0.029,-0.034,-0.035,-0.036,-0.036,-0.039,-0.039,-0.037,-0.036,-0.036,-0.033,-0.025,0.009,0.067,0.181,0.358,0.631,1.001,1.453,1.892,2.021,1.986,1.893,1.519,1.011,0.705,0.573,0.573,0.607,0.822,1.333,2.185,3.348,4.61,5.88,7.231,8.452,9.465,10.42,11.365,12.197,12.886,12.946,12.327,11.67,10.719,9.825,8.706,7.494,6.146,4.856,3.579,2.477,1.537,1.006,0.749,0.686,0.686,0.784,1.05,1.511,1.931,2.001,2.043,1.935,1.501,1.055,0.664,0.385,0.176,0.053,-0.016,-0.052,-0.075,-0.075,-0.075,-0.074,-0.07,-0.067,-0.061,-0.059,-0.051,-0.044,-0.038,-0.033,-0.03,-0.03,-0.026,-0.023,-0.023,-0.023,-0.022,-0.022,-0.022,-0.021,-0.018,-0.014,-0.013,-0.011,-0.014,-0.014,-0.014,-0.014,-0.013,-0.011,-0.006,-0.001,-0.001,0.001,0.008,0.009,0.011,0.012,0.013,0.014,0.016,0.018,0.023,0.027,0.028,0.035,0.04,0.045,0.048,0.049,0.051,0.053,0.053,0.055,0.06,0.057,0.057,0.057,0.054,0.054,Hydrochlorothiazide_90,Hydrochlorothiazide,-6.0,NS(=O)(=O)c1cc2c(cc1Cl)NCNS2(=O)=O
1.534,1.537,1.542,1.545,1.545,1.548,1.549,1.55,1.551,1.547,1.542,1.538,1.535,1.53,1.524,1.522,1.52,1.513,1.511,1.511,1.509,1.509,1.508,1.506,1.506,1.504,1.502,1.501,1.5,1.497,1.496,1.494,1.491,1.485,1.484,1.484,1.483,1.486,1.489,1.489,1.489,1.491,1.495,1.495,1.493,1.493,1.491,1.489,1.485,1.481,1.48,1.477,1.476,1.474,1.473,1.473,1.473,1.472,1.471,1.468,1.468,1.472,1.484,1.529,1.62,1.795,2.083,2.101,2.059,1.96,1.797,1.442,1.154,0.847,-0.026,-0.786,-1.239,-1.433,-1.413,-1.402,-1.19,-0.542,0.302,1.387,2.416,3.323,4.019,4.721,5.409,6.182,6.976,7.801,7.752,7.026,6.239,5.564,4.953,4.3,3.515,2.692,1.578,0.434,-0.396,-1.017,-1.35,-1.326,-1.383,-1.246,-0.814,-0.092,0.819,1.135,1.407,1.749,1.929,2.048,2.082,2.084,1.782,1.598,1.477,1.419,1.392,1.383,1.382,1.382,1.386,1.391,1.397,1.403,1.409,1.413,1.418,1.425,1.43,1.435,1.443,1.446,1.448,1.45,1.45,1.453,1.454,1.456,1.461,1.464,1.467,1.47,1.472,1.477,1.477,1.476,1.476,1.478,1.484,1.488,1.493,1.493,1.497,1.5,1.507,1.509,1.511,1.511,1.513,1.515,1.519,1.522,1.525,1.528,1.532,1.535,1.538,1.541,1.542,1.543,1.546,1.547,1.549,1.55,1.552,1.552,1.552,1.551,1.551,Acebutolol_1,Acebutolol,-5.769551078621726,CCCC(=O)Nc1ccc(OC[C@@H](O)CNC(C)C)c(C(C)=O)c1
2.611,2.616,2.62,2.625,2.629,2.632,2.638,2.64,2.641,2.638,2.632,2.628,2.625,2.623,2.619,2.611,2.609,2.598,2.593,2.593,2.593,2.595,2.595,2.593,2.593,2.59,2.589,2.588,2.584,2.582,2.581,2.579,2.575,2.569,2.569,2.57,2.57,2.573,2.577,2.578,2.581,2.583,2.584,2.587,2.585,2.584,2.582,2.58,2.579,2.579,2.579,2.58,2.582,2.582,2.583,2.582,2.582,2.579,2.574,2.567,2.561,2.561,2.561,2.58,2.641,2.76,2.971,3.271,3.516,3.174,2.721,2.017,1.124,0.074,-1.143,-2.168,-2.953,-3.484,-3.762,-3.823,-3.823,-3.772,-3.572,-3.209,-2.83,-2.63,-2.374,-2.07,-1.732,-1.394,-1.099,-0.808,-0.786,-1.037,-1.353,-1.678,-2.005,-2.309,-2.583,-2.808,-3.157,-3.546,-3.761,-3.835,-3.835,-3.787,-3.553,-3.056,-2.31,-1.306,-0.127,0.926,1.836,2.572,3.044,3.41,3.268,2.957,2.73,2.589,2.509,2.476,2.465,2.463,2.463,2.469,2.475,2.482,2.483,2.483,2.487,2.493,2.501,2.509,2.514,2.518,2.521,2.522,2.522,2.523,2.525,2.527,2.531,2.533,2.538,2.544,2.552,2.557,2.561,2.561,2.559,2.559,2.559,2.56,2.564,2.57,2.574,2.578,2.581,2.583,2.587,2.59,2.59,2.588,2.588,2.59,2.595,2.597,2.599,2.6,2.601,2.602,2.603,2.604,2.605,2.606,2.606,2.607,2.608,2.611,2.613,2.614,2.614,2.614,2.616,Testosterone_106,Testosterone,-3.853871964321762,C[C@@]12CC[C@@H]3[C@H](CCC4=CC(=O)CC[C@]43C)[C@H]1CC[C@@H]2O
0.988,0.992,0.995,0.998,0.999,1.003,1.001,0.998,0.997,0.997,0.992,0.986,0.981,0.977,0.977,0.976,0.972,0.969,0.968,0.967,0.964,0.963,0.964,0.962,0.961,0.96,0.959,0.955,0.952,0.948,0.948,0.948,0.944,0.941,0.937,0.935,0.935,0.937,0.937,0.937,0.933,0.93,0.925,0.925,0.925,0.921,0.908,0.898,0.889,0.874,0.864,0.849,0.832,0.823,0.816,0.809,0.806,0.807,0.804,0.804,0.805,0.805,0.828,0.884,1.003,1.209,1.536,2.013,2.265,2.031,1.868,1.843,1.846,1.846,1.461,1.11,0.969,1.013,1.054,1.327,1.993,3.053,3.974,4.695,5.402,6.161,6.919,7.844,8.663,9.592,10.427,11.09,11.242,10.613,9.9,9.079,8.178,7.183,6.343,5.539,4.95,4.198,3.226,2.187,1.462,1.136,1.09,1.045,1.194,1.483,1.877,1.877,1.876,1.883,2.018,2.228,2.033,1.549,1.209,0.969,0.828,0.765,0.726,0.721,0.722,0.725,0.73,0.737,0.742,0.749,0.76,0.771,0.791,0.802,0.815,0.83,0.841,0.86,0.862,0.871,0.883,0.887,0.893,0.899,0.9,0.901,0.909,0.912,0.914,0.921,0.923,0.921,0.922,0.924,0.929,0.932,0.937,0.941,0.944,0.949,0.951,0.953,0.954,0.956,0.957,0.961,0.963,0.968,0.974,0.981,0.982,0.984,0.989,0.994,0.998,1.001,1.003,1.003,1.007,1.005,1.006,1.007,1.01,1.008,1.008,Sulfasalazine_94,Sulfasalazine,-6.318758762624412,O=C([O-])C1=C/C(=N/Nc2ccc(S(=O)(=O)/N=c3\cccc[nH]3)cc2)C=CC1=O
0.227,0.233,0.235,0.238,0.239,0.239,0.238,0.233,0.229,0.224,0.217,0.212,0.208,0.205,0.202,0.198,0.193,0.191,0.19,0.19,0.191,0.187,0.185,0.185,0.184,0.185,0.185,0.184,0.183,0.183,0.177,0.175,0.168,0.165,0.163,0.163,0.164,0.166,0.169,0.173,0.175,0.175,0.175,0.174,0.171,0.163,0.158,0.153,0.147,0.142,0.137,0.137,0.136,0.136,0.137,0.136,0.134,0.133,0.131,0.131,0.132,0.141,0.171,0.234,0.359,0.55,0.84,1.231,1.582,1.813,2.01,2.154,2.249,2.104,1.817,1.686,1.659,1.662,1.787,2.192,2.957,4.088,5.565,7.327,9.33,11.255,13.243,15.125,16.469,17.796,19.111,19.648,19.74,19.475,18.272,17.337,15.632,13.732,11.754,9.779,7.748,5.949,4.425,3.248,2.43,1.964,1.793,1.793,1.811,1.905,2.154,2.278,2.174,2.027,1.831,1.615,1.288,0.88,0.574,0.369,0.233,0.153,0.113,0.098,0.093,0.09,0.09,0.096,0.1,0.109,0.118,0.126,0.133,0.139,0.146,0.151,0.152,0.156,0.162,0.164,0.166,0.166,0.169,0.169,0.17,0.17,0.171,0.175,0.175,0.176,0.175,0.176,0.178,0.183,0.185,0.189,0.192,0.197,0.199,0.2,0.2,0.201,0.202,0.203,0.203,0.204,0.206,0.209,0.212,0.215,0.219,0.222,0.225,0.232,0.235,0.241,0.243,0.244,0.245,0.247,0.25,0.246,0.242,0.236,0.236,Acyclovir_10,Acyclovir,-6.6777807052660805,Nc1nc(=O)c2ncn(COCCO)c2[nH]1
1.407,1.411,1.415,1.418,1.421,1.425,1.426,1.427,1.425,1.42,1.417,1.415,1.413,1.41,1.409,1.406,1.402,1.398,1.395,1.395,1.395,1.396,1.396,1.396,1.396,1.395,1.395,1.394,1.394,1.392,1.39,1.388,1.384,1.384,1.382,1.382,1.382,1.383,1.384,1.386,1.388,1.389,1.389,1.39,1.387,1.386,1.382,1.38,1.377,1.375,1.374,1.374,1.375,1.376,1.376,1.376,1.373,1.373,1.372,1.368,1.366,1.366,1.368,1.383,1.433,1.526,1.689,1.906,2.087,2.237,1.967,1.542,1.075,0.516,-0.206,-0.813,-1.308,-1.693,-1.857,-1.891,-1.899,-1.834,-1.674,-1.382,-1.0,-0.55,-0.094,0.236,0.477,0.567,0.559,0.552,0.551,0.552,0.574,0.535,0.316,-0.003,-0.477,-0.935,-1.315,-1.611,-1.786,-1.855,-1.855,-1.828,-1.698,-1.357,-0.85,-0.274,0.434,1.006,1.476,1.9,2.193,2.08,1.889,1.671,1.514,1.402,1.341,1.313,1.306,1.304,1.305,1.308,1.311,1.313,1.316,1.319,1.324,1.328,1.333,1.338,1.342,1.344,1.345,1.349,1.349,1.349,1.349,1.35,1.351,1.353,1.355,1.361,1.364,1.366,1.37,1.37,1.37,1.369,1.368,1.368,1.373,1.374,1.378,1.38,1.383,1.386,1.388,1.388,1.389,1.389,1.389,1.391,1.392,1.394,1.397,1.398,1.4,1.401,1.405,1.408,1.411,1.412,1.413,1.413,1.414,1.415,1.419,1.415,1.414,1.414,1.416,Warfarin_131,Warfarin,-4.356547323513813,CC(=O)C[C@@H](c1ccccc1)c1c([O-])c2ccccc2oc1=O
1.042,1.045,1.049,1.054,1.056,1.058,1.057,1.055,1.052,1.049,1.045,1.039,1.034,1.032,1.028,1.024,1.022,1.015,1.014,1.014,1.015,1.015,1.014,1.014,1.013,1.012,1.011,1.01,1.008,1.006,1.001,0.998,0.997,0.991,0.989,0.99,0.991,0.993,0.995,0.997,0.999,0.999,1.001,0.999,0.994,0.991,0.989,0.984,0.981,0.977,0.972,0.97,0.97,0.969,0.967,0.967,0.964,0.964,0.962,0.961,0.961,0.962,0.979,1.022,1.118,1.284,1.545,1.907,1.967,1.926,1.833,1.742,1.644,1.197,0.649,0.222,0.048,0.048,0.048,0.156,0.541,1.251,2.237,3.311,4.557,5.926,7.423,8.802,10.007,10.896,11.834,12.461,12.406,11.919,10.952,10.192,9.195,7.819,6.285,4.857,3.575,2.485,1.487,0.741,0.316,0.167,0.167,0.169,0.289,0.652,1.182,1.703,1.763,1.882,1.927,1.967,1.963,1.58,1.29,1.119,1.007,0.951,0.922,0.915,0.915,0.916,0.919,0.923,0.927,0.929,0.937,0.943,0.95,0.957,0.963,0.966,0.971,0.973,0.975,0.976,0.978,0.979,0.982,0.984,0.986,0.987,0.992,0.993,0.993,0.995,0.995,0.995,0.995,0.998,1.0,1.006,1.01,1.011,1.013,1.016,1.02,1.02,1.018,1.018,1.02,1.02,1.024,1.027,1.03,1.032,1.036,1.04,1.043,1.046,1.048,1.052,1.055,1.055,1.058,1.059,1.058,1.059,1.06,1.057,1.057,Sumatriptan_97,Sumatriptan,-5.721246399047171,CNS(=O)(=O)Cc1ccc2[nH]cc(CCN(C)C)c2c1
0.353,0.355,0.357,0.359,0.361,0.361,0.363,0.364,0.362,0.358,0.355,0.352,0.351,0.351,0.35,0.349,0.346,0.344,0.343,0.34,0.341,0.341,0.341,0.34,0.34,0.34,0.34,0.339,0.34,0.34,0.339,0.338,0.336,0.335,0.335,0.335,0.335,0.335,0.336,0.339,0.34,0.341,0.34,0.34,0.34,0.34,0.338,0.336,0.333,0.331,0.329,0.329,0.329,0.329,0.329,0.33,0.331,0.332,0.33,0.329,0.329,0.332,0.341,0.364,0.415,0.499,0.629,0.8,0.997,1.198,1.362,1.236,0.902,0.517,0.093,-0.233,-0.463,-0.561,-0.582,-0.582,-0.541,-0.36,-0.021,0.451,0.916,1.372,1.779,2.162,2.503,2.789,3.059,3.225,3.295,3.094,2.848,2.537,2.212,1.845,1.438,0.98,0.513,0.032,-0.321,-0.52,-0.573,-0.573,-0.557,-0.475,-0.259,0.074,0.447,0.855,1.186,1.348,1.191,0.995,0.799,0.614,0.483,0.395,0.336,0.302,0.29,0.282,0.279,0.279,0.28,0.281,0.285,0.289,0.292,0.297,0.301,0.305,0.307,0.309,0.312,0.312,0.312,0.312,0.313,0.312,0.312,0.313,0.315,0.318,0.321,0.324,0.325,0.325,0.324,0.324,0.325,0.326,0.329,0.33,0.331,0.332,0.336,0.338,0.339,0.339,0.34,0.341,0.342,0.344,0.346,0.347,0.349,0.35,0.353,0.355,0.357,0.36,0.36,0.36,0.36,0.361,0.362,0.363,0.364,0.362,0.361,0.359,0.359,Acetylsalicylic_Acid_4,Acetylsalicylic_Acid,-5.130768280269024,CC(=O)Oc1ccccc1C(=O)O
0.08,0.082,0.084,0.088,0.089,0.089,0.089,0.086,0.084,0.079,0.075,0.074,0.071,0.071,0.071,0.071,0.068,0.066,0.065,0.064,0.064,0.064,0.061,0.06,0.06,0.059,0.059,0.059,0.059,0.057,0.055,0.052,0.051,0.045,0.044,0.042,0.042,0.044,0.046,0.046,0.044,0.044,0.044,0.043,0.042,0.032,0.03,0.024,0.02,0.014,0.007,-0.004,-0.013,-0.022,-0.038,-0.051,-0.059,-0.071,-0.078,-0.078,-0.078,-0.075,-0.061,-0.018,0.076,0.227,0.466,0.806,1.254,1.769,1.935,1.864,1.854,1.799,1.713,1.713,1.715,1.809,2.029,2.491,3.272,4.127,4.985,6.032,7.02,7.988,8.972,9.997,10.556,11.133,11.566,11.844,11.835,11.597,11.315,10.77,10.068,9.231,8.298,7.171,6.096,5.185,4.336,3.385,2.656,2.109,1.886,1.789,1.765,1.765,1.824,1.872,1.928,1.923,1.804,1.3,0.844,0.488,0.225,0.05,-0.048,-0.096,-0.121,-0.127,-0.127,-0.124,-0.118,-0.103,-0.092,-0.078,-0.063,-0.05,-0.031,-0.024,-0.014,-0.002,-0.003,0.001,0.011,0.01,0.011,0.018,0.019,0.021,0.024,0.029,0.033,0.035,0.036,0.034,0.034,0.034,0.034,0.034,0.036,0.04,0.044,0.044,0.046,0.051,0.052,0.054,0.056,0.057,0.058,0.06,0.064,0.069,0.073,0.076,0.077,0.082,0.084,0.089,0.09,0.093,0.094,0.094,0.096,0.099,0.097,0.097,0.097,0.095,0.095,Hydrochlorothiazide_91,Hydrochlorothiazide,-6.0,NS(=O)(=O)c1cc2c(cc1Cl)NC[N-]S2(=O)=O
1.018,1.023,1.027,1.029,1.031,1.031,1.03,1.026,1.022,1.017,1.014,1.008,1.003,0.998,0.989,0.984,0.978,0.972,0.967,0.967,0.967,0.964,0.961,0.962,0.959,0.959,0.957,0.955,0.952,0.948,0.944,0.941,0.936,0.929,0.928,0.928,0.929,0.932,0.937,0.939,0.937,0.934,0.933,0.929,0.926,0.925,0.923,0.916,0.912,0.908,0.902,0.898,0.897,0.897,0.897,0.895,0.892,0.892,0.889,0.889,0.889,0.896,0.924,1.009,1.176,1.462,1.898,2.258,2.457,2.601,2.787,2.71,2.626,2.473,1.797,1.166,0.897,0.865,0.864,1.208,2.069,3.536,5.586,8.157,11.016,13.457,15.733,17.609,19.084,20.136,21.048,21.652,21.939,21.263,20.46,19.654,18.239,16.378,14.263,11.775,8.701,6.078,3.969,2.37,1.48,1.113,1.03,1.03,1.251,1.828,2.476,2.719,2.752,2.78,2.564,2.441,2.232,1.925,1.472,1.173,0.974,0.876,0.818,0.795,0.793,0.793,0.797,0.809,0.811,0.819,0.83,0.839,0.857,0.866,0.875,0.883,0.885,0.897,0.903,0.904,0.91,0.912,0.914,0.917,0.921,0.926,0.93,0.932,0.934,0.934,0.933,0.934,0.936,0.942,0.947,0.952,0.96,0.966,0.971,0.973,0.976,0.981,0.983,0.987,0.988,0.992,0.995,0.997,1.002,1.009,1.011,1.016,1.021,1.026,1.029,1.037,1.039,1.043,1.045,1.047,1.049,1.05,1.046,1.045,1.047,Cefatrizine_39,Cefatrizine,-5.6020599913279625,N[C@H](C(=O)N[C@@H]1C(=O)N2C(C(=O)O)=C(CSc3cn[nH]n3)CS[C@@H]12)c1ccc(O)cc1
0.701,0.708,0.711,0.714,0.714,0.716,0.716,0.716,0.707,0.699,0.694,0.688,0.685,0.68,0.68,0.67,0.667,0.665,0.662,0.662,0.661,0.659,0.657,0.656,0.655,0.654,0.653,0.648,0.648,0.645,0.641,0.637,0.633,0.623,0.619,0.617,0.618,0.624,0.627,0.625,0.625,0.623,0.621,0.62,0.613,0.606,0.598,0.59,0.581,0.569,0.559,0.544,0.529,0.519,0.508,0.494,0.482,0.473,0.472,0.475,0.475,0.488,0.534,0.631,0.815,1.131,1.568,2.175,2.956,3.162,3.209,3.156,3.097,3.097,2.851,2.606,2.593,2.585,2.867,3.556,4.786,6.521,8.68,11.096,13.598,15.353,17.118,18.952,20.126,21.193,21.866,22.27,22.426,22.086,21.478,20.404,19.1,17.48,15.746,13.83,11.46,9.145,6.887,5.164,3.89,3.118,2.808,2.767,2.781,2.972,3.198,3.198,3.241,3.232,3.177,3.023,2.255,1.607,1.136,0.813,0.605,0.486,0.424,0.398,0.397,0.396,0.4,0.411,0.424,0.446,0.47,0.487,0.506,0.526,0.536,0.549,0.56,0.57,0.576,0.581,0.582,0.588,0.597,0.601,0.606,0.608,0.616,0.617,0.619,0.619,0.618,0.618,0.619,0.623,0.628,0.634,0.639,0.643,0.647,0.649,0.65,0.652,0.657,0.66,0.663,0.665,0.668,0.673,0.68,0.687,0.692,0.698,0.703,0.709,0.717,0.722,0.725,0.727,0.728,0.728,0.732,0.728,0.726,0.723,0.723,Cefuroxime_45,Cefuroxime,-6.795880017344075,CO/N=C(/C(=O)N[C@@H]1C(=O)N2C(C(=O)[O-])=C(COC(N)=O)CS[C@H]12)c1ccco1
1.32,1.324,1.328,1.332,1.335,1.339,1.339,1.339,1.337,1.332,1.329,1.326,1.324,1.321,1.319,1.315,1.312,1.306,1.303,1.303,1.303,1.302,1.302,1.302,1.302,1.302,1.301,1.3,1.299,1.297,1.295,1.292,1.29,1.289,1.289,1.288,1.288,1.288,1.291,1.295,1.296,1.297,1.297,1.298,1.297,1.295,1.293,1.289,1.287,1.283,1.282,1.282,1.284,1.285,1.285,1.285,1.283,1.282,1.282,1.282,1.281,1.284,1.293,1.329,1.397,1.525,1.719,1.955,2.149,2.362,2.152,1.796,1.318,0.698,-0.054,-0.668,-1.073,-1.254,-1.35,-1.336,-1.312,-1.082,-0.619,-0.034,0.657,1.292,1.877,2.42,2.851,3.16,3.35,3.481,3.476,3.431,3.222,2.955,2.513,1.992,1.419,0.779,0.083,-0.53,-1.001,-1.267,-1.334,-1.32,-1.261,-1.091,-0.721,-0.124,0.608,1.239,1.723,2.086,2.31,2.135,1.936,1.698,1.505,1.365,1.276,1.235,1.215,1.211,1.206,1.206,1.206,1.208,1.214,1.217,1.223,1.23,1.234,1.241,1.246,1.248,1.249,1.252,1.253,1.255,1.255,1.255,1.256,1.258,1.261,1.266,1.27,1.271,1.276,1.276,1.278,1.278,1.278,1.278,1.282,1.284,1.288,1.291,1.292,1.297,1.298,1.3,1.301,1.302,1.302,1.303,1.306,1.308,1.311,1.312,1.315,1.317,1.319,1.321,1.324,1.325,1.327,1.328,1.328,1.33,1.331,1.328,1.326,1.326,1.328,Warfarin_130,Warfarin,-4.356547323513813,CC(=O)C[C@H](c1ccccc1)c1c(O)c2ccccc2oc1=O
2.684,2.691,2.694,2.701,2.706,2.708,2.714,2.714,2.711,2.711,2.705,2.7,2.697,2.694,2.689,2.681,2.675,2.667,2.657,2.656,2.655,2.656,2.655,2.653,2.653,2.651,2.65,2.646,2.644,2.638,2.638,2.634,2.631,2.626,2.626,2.626,2.626,2.632,2.635,2.638,2.641,2.643,2.646,2.646,2.646,2.647,2.644,2.642,2.641,2.641,2.641,2.641,2.643,2.642,2.643,2.643,2.643,2.642,2.633,2.627,2.626,2.626,2.629,2.671,2.77,2.968,3.28,3.695,3.678,3.243,2.663,1.948,1.157,0.217,-1.008,-2.187,-3.06,-3.539,-3.695,-3.716,-3.716,-3.488,-2.958,-2.227,-1.538,-0.858,0.006,1.141,1.959,2.95,3.739,4.38,4.468,3.806,3.075,2.208,1.26,0.332,-0.739,-1.482,-2.109,-2.874,-3.467,-3.722,-3.719,-3.719,-3.613,-3.184,-2.378,-1.194,0.006,0.984,1.774,2.495,3.091,3.544,3.69,3.245,2.928,2.703,2.58,2.515,2.496,2.488,2.486,2.486,2.494,2.504,2.504,2.507,2.513,2.524,2.534,2.545,2.55,2.557,2.561,2.565,2.566,2.569,2.571,2.573,2.575,2.58,2.583,2.593,2.603,2.608,2.612,2.613,2.614,2.614,2.615,2.618,2.626,2.631,2.634,2.641,2.645,2.648,2.652,2.655,2.657,2.658,2.659,2.662,2.666,2.671,2.674,2.676,2.679,2.681,2.681,2.681,2.681,2.685,2.685,2.685,2.688,2.687,2.687,2.689,2.69,2.691,2.692,Methylprednisolone_19,Methylprednisolone,-4.795880017344075,C[C@@H]1C[C@H]2[C@@H]([C@@H](O)C[C@]3(C)[C@@H]2CC[C@@]3(O)C(=O)CO)[C@]2(C)C=CC(=O)C=C12
1.162,1.165,1.17,1.174,1.176,1.178,1.18,1.18,1.18,1.176,1.173,1.17,1.169,1.168,1.162,1.158,1.156,1.154,1.152,1.152,1.153,1.153,1.153,1.153,1.153,1.15,1.15,1.15,1.149,1.146,1.146,1.142,1.141,1.139,1.138,1.138,1.138,1.14,1.141,1.143,1.144,1.145,1.145,1.146,1.144,1.144,1.141,1.139,1.136,1.135,1.133,1.133,1.133,1.132,1.132,1.132,1.129,1.127,1.127,1.124,1.123,1.122,1.129,1.15,1.197,1.285,1.428,1.643,1.845,1.605,1.289,0.918,0.541,0.127,-0.304,-0.795,-1.15,-1.344,-1.366,-1.366,-1.348,-1.188,-0.855,-0.418,-0.016,0.454,0.975,1.513,2.015,2.444,2.757,2.883,2.899,2.851,2.537,2.15,1.624,1.087,0.536,0.069,-0.336,-0.771,-1.113,-1.296,-1.319,-1.318,-1.318,-1.144,-0.82,-0.334,0.093,0.51,0.873,1.232,1.543,1.764,1.655,1.435,1.276,1.173,1.117,1.085,1.076,1.073,1.072,1.076,1.077,1.082,1.084,1.088,1.092,1.095,1.1,1.102,1.105,1.107,1.112,1.114,1.114,1.115,1.116,1.115,1.116,1.118,1.121,1.124,1.128,1.131,1.13,1.132,1.131,1.13,1.13,1.131,1.133,1.134,1.137,1.14,1.146,1.147,1.149,1.15,1.15,1.152,1.151,1.152,1.153,1.156,1.158,1.161,1.161,1.162,1.167,1.168,1.168,1.171,1.171,1.171,1.173,1.173,1.173,1.174,1.173,1.173,1.174,Bupropion_33,Bupropion,-3.886056647693163,C[C@H](NC(C)(C)C)C(=O)c1cccc(Cl)c1
0.893,0.897,0.9,0.905,0.906,0.906,0.909,0.907,0.901,0.892,0.889,0.886,0.885,0.882,0.875,0.873,0.869,0.864,0.864,0.864,0.864,0.861,0.86,0.858,0.856,0.856,0.856,0.852,0.853,0.851,0.846,0.841,0.836,0.835,0.832,0.832,0.832,0.835,0.838,0.835,0.835,0.838,0.839,0.838,0.83,0.821,0.82,0.816,0.808,0.801,0.791,0.779,0.778,0.765,0.748,0.739,0.739,0.734,0.734,0.74,0.756,0.773,0.801,0.861,0.963,1.152,1.434,1.721,1.813,1.881,1.943,2.059,2.084,1.887,1.67,1.423,1.447,1.444,1.551,1.989,2.816,4.099,5.685,7.138,8.772,10.448,12.134,13.519,14.721,15.557,16.339,16.374,16.373,16.431,15.834,15.008,13.914,12.492,10.672,8.958,7.352,6.053,4.286,3.045,2.155,1.726,1.552,1.435,1.422,1.746,1.884,2.067,2.038,1.912,1.842,1.775,1.681,1.445,1.137,0.938,0.81,0.742,0.705,0.688,0.67,0.665,0.663,0.663,0.665,0.686,0.691,0.708,0.723,0.748,0.752,0.758,0.765,0.774,0.779,0.786,0.788,0.791,0.798,0.802,0.808,0.811,0.816,0.818,0.82,0.821,0.819,0.819,0.819,0.823,0.826,0.831,0.834,0.84,0.844,0.846,0.849,0.851,0.852,0.856,0.857,0.86,0.861,0.864,0.869,0.873,0.877,0.88,0.884,0.886,0.891,0.892,0.894,0.896,0.897,0.898,0.902,0.901,0.9,0.899,0.899,Loracarbef_6,Loracarbef,-6.040958607678906,[NH3+][C@@H](C(=O)N[C@@H]1C(=O)N2C(C(=O)[O-])=C(Cl)CC[C@H]12)c1ccccc1
1.535,1.539,1.543,1.548,1.551,1.554,1.553,1.552,1.553,1.553,1.548,1.544,1.541,1.536,1.534,1.53,1.527,1.524,1.519,1.518,1.516,1.516,1.516,1.516,1.516,1.515,1.514,1.512,1.51,1.509,1.507,1.504,1.501,1.497,1.497,1.497,1.499,1.499,1.501,1.503,1.508,1.51,1.51,1.509,1.508,1.507,1.507,1.505,1.502,1.5,1.5,1.498,1.497,1.497,1.497,1.495,1.495,1.495,1.493,1.49,1.489,1.489,1.493,1.523,1.581,1.704,1.878,2.14,2.154,1.997,1.734,1.357,0.954,0.444,-0.415,-1.131,-1.579,-1.837,-1.916,-1.941,-1.889,-1.73,-1.381,-0.884,-0.361,0.227,0.865,1.57,2.311,3.07,3.872,4.474,4.64,4.016,3.227,2.443,1.69,0.988,0.354,-0.245,-0.795,-1.307,-1.676,-1.828,-1.899,-1.899,-1.812,-1.596,-1.19,-0.513,0.329,0.935,1.262,1.659,1.946,2.116,2.151,1.874,1.67,1.546,1.474,1.43,1.414,1.411,1.412,1.413,1.414,1.419,1.423,1.428,1.431,1.436,1.442,1.448,1.453,1.459,1.461,1.464,1.465,1.466,1.466,1.47,1.47,1.471,1.475,1.481,1.485,1.487,1.489,1.489,1.49,1.49,1.491,1.493,1.497,1.499,1.502,1.507,1.51,1.514,1.515,1.515,1.515,1.519,1.52,1.523,1.524,1.526,1.527,1.531,1.535,1.536,1.539,1.54,1.541,1.541,1.542,1.543,1.544,1.546,1.547,1.548,1.549,1.548,1.549,Oxyprenolol_46,Oxyprenolol,-3.886056647693163,C=CCOc1ccccc1OC[C@H](O)CNC(C)C
0.369,0.373,0.374,0.375,0.375,0.376,0.378,0.378,0.376,0.373,0.37,0.369,0.368,0.367,0.365,0.364,0.361,0.359,0.357,0.357,0.357,0.357,0.355,0.354,0.355,0.355,0.354,0.353,0.353,0.352,0.351,0.35,0.347,0.347,0.346,0.346,0.345,0.348,0.349,0.351,0.351,0.351,0.352,0.352,0.353,0.352,0.35,0.349,0.347,0.345,0.344,0.343,0.343,0.344,0.344,0.344,0.344,0.343,0.343,0.342,0.342,0.344,0.352,0.372,0.415,0.486,0.606,0.763,0.972,1.115,1.104,0.955,0.764,0.537,0.235,0.04,-0.055,-0.079,-0.079,0.037,0.301,0.713,1.28,1.974,2.701,3.449,4.146,4.816,5.355,5.71,6.087,6.31,6.352,6.167,5.9,5.469,4.952,4.298,3.621,2.851,2.112,1.389,0.799,0.365,0.09,-0.049,-0.049,-0.049,0.043,0.222,0.509,0.75,0.933,1.078,1.102,0.986,0.78,0.606,0.486,0.4,0.353,0.326,0.315,0.313,0.307,0.307,0.308,0.309,0.311,0.315,0.318,0.319,0.324,0.327,0.33,0.333,0.336,0.336,0.337,0.336,0.336,0.339,0.339,0.339,0.341,0.343,0.345,0.346,0.347,0.347,0.347,0.347,0.347,0.349,0.35,0.352,0.353,0.356,0.357,0.359,0.359,0.361,0.362,0.363,0.363,0.363,0.365,0.368,0.368,0.37,0.37,0.37,0.371,0.373,0.376,0.376,0.376,0.376,0.375,0.375,0.377,0.377,0.375,0.375,0.376,Acetaminophen_3,Acetaminophen,-4.455931955649724,CC(=O)Nc1ccc(O)cc1
1.441,1.444,1.446,1.453,1.455,1.457,1.455,1.455,1.455,1.456,1.451,1.45,1.444,1.441,1.438,1.434,1.432,1.431,1.426,1.425,1.423,1.423,1.423,1.424,1.424,1.422,1.421,1.42,1.417,1.416,1.413,1.411,1.409,1.406,1.406,1.406,1.406,1.408,1.409,1.41,1.414,1.417,1.418,1.418,1.415,1.415,1.415,1.412,1.411,1.41,1.41,1.409,1.409,1.408,1.409,1.407,1.406,1.405,1.405,1.4,1.399,1.399,1.399,1.418,1.462,1.557,1.709,1.9,1.924,1.757,1.505,1.256,0.936,0.303,-0.428,-0.937,-1.396,-1.65,-1.736,-1.736,-1.713,-1.657,-1.485,-1.136,-0.682,-0.114,0.541,1.27,2.045,2.827,3.661,4.261,4.426,3.796,2.991,2.181,1.403,0.665,0.008,-0.573,-1.057,-1.432,-1.624,-1.708,-1.719,-1.727,-1.666,-1.456,-1.063,-0.502,0.239,0.867,1.214,1.466,1.711,1.865,1.881,1.698,1.54,1.432,1.373,1.342,1.334,1.332,1.332,1.333,1.337,1.34,1.341,1.345,1.349,1.353,1.358,1.362,1.366,1.373,1.375,1.378,1.379,1.38,1.381,1.385,1.385,1.386,1.389,1.394,1.399,1.4,1.402,1.402,1.403,1.403,1.403,1.404,1.408,1.409,1.412,1.416,1.418,1.422,1.425,1.425,1.425,1.427,1.428,1.429,1.431,1.432,1.434,1.435,1.439,1.442,1.443,1.443,1.444,1.444,1.445,1.445,1.447,1.448,1.449,1.449,1.45,1.45,1.45,Propranolol_66,Propranolol,-3.769551078621726,CC(C)NC[C@@H](O)COc1cccc2ccccc12
0.562,0.563,0.564,0.562,0.562,0.57,0.571,0.568,0.567,0.567,0.563,0.555,0.55,0.546,0.546,0.546,0.543,0.542,0.54,0.534,0.534,0.535,0.535,0.533,0.532,0.532,0.531,0.528,0.528,0.524,0.523,0.522,0.521,0.517,0.514,0.512,0.512,0.513,0.514,0.515,0.513,0.507,0.505,0.505,0.505,0.501,0.489,0.481,0.474,0.464,0.45,0.441,0.423,0.411,0.401,0.394,0.392,0.391,0.391,0.389,0.389,0.394,0.413,0.48,0.61,0.834,1.181,1.59,1.881,1.63,1.557,1.45,1.465,1.468,1.57,1.637,1.579,1.579,1.652,2.004,2.659,3.555,4.575,5.67,6.752,7.324,7.74,8.208,8.833,9.381,9.966,10.374,10.413,10.082,9.607,8.988,8.395,7.836,7.417,6.969,5.758,4.677,3.768,2.826,2.123,1.715,1.654,1.631,1.689,1.616,1.506,1.49,1.483,1.553,1.681,1.833,1.592,1.187,0.811,0.568,0.426,0.343,0.314,0.302,0.302,0.303,0.307,0.315,0.322,0.331,0.342,0.356,0.368,0.379,0.394,0.403,0.422,0.429,0.437,0.448,0.455,0.458,0.467,0.469,0.471,0.476,0.476,0.483,0.485,0.493,0.494,0.495,0.496,0.499,0.501,0.505,0.509,0.511,0.514,0.521,0.523,0.523,0.526,0.527,0.53,0.532,0.539,0.544,0.549,0.554,0.556,0.559,0.562,0.567,0.568,0.573,0.574,0.575,0.579,0.578,0.577,0.578,0.58,0.578,0.578,Sulfasalazine_96,Sulfasalazine,-6.318758762624412,O=C(O)c1cc(/N=N/c2ccc(S(=O)(=O)/N=c3/cccc[nH]3)cc2)ccc1[O-]
0.184,0.186,0.189,0.193,0.194,0.195,0.194,0.194,0.194,0.19,0.185,0.182,0.178,0.176,0.175,0.175,0.173,0.171,0.171,0.169,0.169,0.169,0.168,0.168,0.168,0.168,0.168,0.167,0.167,0.169,0.164,0.161,0.161,0.159,0.158,0.158,0.159,0.159,0.159,0.16,0.163,0.163,0.163,0.16,0.159,0.157,0.155,0.148,0.145,0.141,0.137,0.137,0.137,0.136,0.136,0.137,0.138,0.138,0.137,0.136,0.136,0.14,0.159,0.193,0.265,0.386,0.562,0.799,1.079,1.345,1.545,1.507,1.213,0.834,0.449,0.152,-0.074,-0.149,-0.152,-0.152,-0.047,0.267,0.77,1.433,2.223,3.08,3.936,4.803,5.64,6.49,7.298,7.98,8.173,7.513,6.704,5.834,4.974,4.1,3.242,2.379,1.585,0.911,0.386,0.053,-0.084,-0.098,-0.098,-0.038,0.165,0.469,0.814,1.198,1.483,1.55,1.364,1.105,0.823,0.572,0.384,0.258,0.18,0.133,0.111,0.103,0.1,0.1,0.103,0.104,0.105,0.113,0.116,0.119,0.122,0.129,0.134,0.134,0.138,0.14,0.14,0.142,0.142,0.142,0.141,0.143,0.143,0.147,0.15,0.15,0.151,0.152,0.151,0.15,0.15,0.151,0.154,0.156,0.158,0.158,0.162,0.167,0.17,0.171,0.172,0.172,0.172,0.175,0.176,0.178,0.18,0.183,0.186,0.19,0.196,0.198,0.198,0.198,0.204,0.205,0.207,0.208,0.209,0.207,0.205,0.204,0.204,Guanabenz_86,Guanabenz,-3.721246399047171,NC(N)=N/N=C\c1c(Cl)cccc1Cl
0.229,0.23,0.231,0.232,0.234,0.233,0.233,0.233,0.232,0.23,0.228,0.227,0.226,0.225,0.224,0.224,0.221,0.219,0.217,0.214,0.212,0.212,0.212,0.212,0.212,0.212,0.212,0.212,0.211,0.209,0.209,0.208,0.207,0.206,0.206,0.206,0.206,0.208,0.211,0.212,0.213,0.214,0.214,0.215,0.215,0.216,0.214,0.212,0.212,0.211,0.211,0.211,0.212,0.212,0.212,0.212,0.213,0.213,0.211,0.21,0.21,0.211,0.214,0.231,0.26,0.322,0.404,0.522,0.668,0.798,0.903,0.867,0.621,0.345,0.08,-0.131,-0.266,-0.293,-0.293,-0.277,-0.164,0.085,0.472,0.996,1.636,2.363,3.149,3.918,4.602,5.109,5.504,5.641,5.628,5.526,5.213,4.704,4.014,3.236,2.467,1.745,1.092,0.544,0.125,-0.153,-0.285,-0.31,-0.31,-0.294,-0.168,0.034,0.294,0.568,0.828,0.882,0.786,0.655,0.511,0.391,0.303,0.24,0.202,0.184,0.175,0.169,0.163,0.163,0.166,0.166,0.166,0.166,0.173,0.178,0.183,0.188,0.19,0.191,0.192,0.192,0.192,0.193,0.194,0.195,0.195,0.196,0.197,0.2,0.202,0.203,0.205,0.204,0.204,0.205,0.208,0.21,0.212,0.213,0.214,0.214,0.215,0.217,0.217,0.219,0.22,0.222,0.222,0.223,0.225,0.226,0.226,0.229,0.231,0.23,0.23,0.231,0.231,0.23,0.23,0.232,0.231,0.231,0.231,0.229,0.229,0.229,0.229,Salicylic_Acid_81,Salicylic_Acid,-5.0,O=C(O)c1ccccc1O
1.257,1.262,1.264,1.267,1.27,1.272,1.272,1.269,1.266,1.263,1.257,1.255,1.253,1.25,1.249,1.244,1.241,1.238,1.236,1.236,1.237,1.235,1.232,1.231,1.23,1.23,1.229,1.228,1.226,1.221,1.219,1.212,1.211,1.205,1.204,1.203,1.205,1.207,1.209,1.209,1.21,1.209,1.209,1.205,1.201,1.195,1.19,1.184,1.178,1.169,1.16,1.147,1.131,1.122,1.105,1.092,1.079,1.073,1.073,1.072,1.071,1.071,1.075,1.102,1.186,1.344,1.598,1.825,1.883,1.903,1.938,1.978,1.964,1.479,0.925,0.588,0.525,0.489,0.489,0.697,1.179,1.861,2.835,3.978,5.21,6.46,7.647,8.888,10.045,10.833,11.235,11.373,11.376,11.429,10.995,10.215,9.126,8.025,6.718,5.4,4.134,3.02,2.021,1.32,0.805,0.568,0.568,0.58,0.613,0.918,1.437,1.952,1.969,1.926,1.887,1.848,1.789,1.619,1.339,1.15,1.05,1.008,0.999,0.994,0.994,0.998,1.003,1.013,1.024,1.043,1.061,1.074,1.089,1.103,1.12,1.125,1.137,1.151,1.155,1.159,1.162,1.165,1.172,1.177,1.184,1.184,1.185,1.194,1.195,1.195,1.196,1.195,1.195,1.197,1.201,1.205,1.21,1.215,1.217,1.221,1.222,1.222,1.226,1.227,1.23,1.231,1.233,1.236,1.242,1.244,1.249,1.252,1.255,1.259,1.264,1.265,1.265,1.266,1.267,1.271,1.273,1.274,1.268,1.266,1.269,Penicillin_V_50,Penicillin_V,-6.823908740944319,CC1(C)S[C@H]2[C@H](NC(=O)COc3ccccc3)C(=O)N2[C@@H]1C(=O)[O-]
0.979,0.983,0.986,0.989,0.99,0.99,0.992,0.994,0.993,0.99,0.987,0.984,0.983,0.98,0.98,0.977,0.972,0.967,0.965,0.963,0.963,0.964,0.964,0.963,0.963,0.963,0.963,0.962,0.961,0.959,0.957,0.954,0.951,0.95,0.948,0.948,0.95,0.952,0.954,0.957,0.957,0.958,0.959,0.959,0.96,0.958,0.956,0.954,0.951,0.95,0.95,0.95,0.951,0.951,0.95,0.95,0.95,0.949,0.945,0.941,0.941,0.941,0.946,0.966,1.015,1.107,1.244,1.455,1.677,1.793,1.535,1.147,0.679,0.174,-0.341,-0.781,-1.08,-1.219,-1.243,-1.243,-1.175,-0.937,-0.521,0.047,0.727,1.492,2.318,3.174,3.989,4.689,5.204,5.445,5.498,5.346,4.81,4.169,3.308,2.464,1.635,0.856,0.16,-0.417,-0.864,-1.131,-1.222,-1.222,-1.206,-1.092,-0.818,-0.4,0.103,0.605,1.071,1.463,1.732,1.671,1.465,1.244,1.089,0.995,0.934,0.904,0.893,0.887,0.887,0.888,0.893,0.898,0.898,0.899,0.904,0.91,0.916,0.921,0.925,0.927,0.928,0.929,0.93,0.931,0.932,0.933,0.935,0.935,0.937,0.94,0.944,0.948,0.95,0.948,0.947,0.947,0.948,0.95,0.951,0.956,0.959,0.96,0.962,0.964,0.966,0.969,0.968,0.969,0.969,0.97,0.973,0.975,0.975,0.976,0.979,0.981,0.981,0.983,0.984,0.984,0.984,0.985,0.985,0.987,0.988,0.987,0.986,0.986,0.987,Gabapentin_80,Gabapentin,-6.443697499232713,NCC1(CC(=O)O)CCCCC1
