Name,Vendor ID,SMILES,CollectionName,Internal ID,MDR1-MDCK Papp_A2B (nm/s),MDR1-MDCK Papp_B2A (nm/s),MDR1-MDCK Recovery_A2B,MDR1-MDCK Recovery_B2A,LOG MDR1-MDCK ER (B-A/A-B),MDR1-MDCK Papp_A2B (cm/s),MDR1-MDCK Papp_B2A (nm/s),LOG10 MDR1-MDCK Papp_A2B (cm/s),LOG 10 MDR1-MDCK Papp_B2A (nm/s),LOG 10 ER Calc
324056965,324056965,CCOc1cc2nn(cc2cc1NC(=O)c1cccc(n1)C(F)F)CCC(C)(C)O,emolecules,Mol2,34.05,203.5,76,66.5,1.040008636,0.000003405,0.00002035,-5.467882884,-4.691435586,0.776447297
194963090,194963090,CC(C)(Oc1ccc(cc1)-c1cnc(c(c1)-c1ccc(cc1)Cl)N)C(=O)O,emolecules,Mol4,32.7,347,94,86,1.025305865,0.00000327,0.0000347,-5.485452247,-4.459670525,1.025781722
324059015,324059015,CC(C)(O)CCn1cc2cc(c(cc2n1)C(C)(C)O)NC(=O)c1cccc(n1)C(F)(F)F,emolecules,Mol5,65.35,281,78,83.5,0.825426118,0.000006535,0.0000281,-5.184754408,-4.55129368,0.633460728
299985775,299985775,CC(C)NCC(O)COc1cccc2ccccc12,emolecules,Mol7,242.3624238524239,165.5822230802231,91.84856284856285,97.53882453882454,-0.151463239,2.42362E-05,1.65582E-05,-4.615534713,-4.780986291,-0.165451578
538570,538570,COc1ccc(cc1C(=O)NCCc1ccc(cc1)S(=O)(=O)NC(=O)NC1CCCCC1)Cl,emolecules,Mol8,2.49,307,95,104,2.089905111,0.000000249,0.0000307,-6.603800653,-4.512861625,2.090939028
44811418,44811418,CC(C)NC(=O)COc1cccc(c1)-c1nc(c2ccccc2n1)Nc1ccc2[nH]ncc2c1,emolecules,Mol10,2.665,50.55,39,45.5,1.302114377,2.665E-07,0.000005055,-6.574302787,-5.29627884,1.278023947
43216036,43216036,CCS(=O)(=O)N1CC(CC#N)(C1)n1cc(cn1)-c1ncnc2[nH]ccc12,emolecules,Mol11,1.7,348,,,2.305351369,0.00000017,0.0000348,-6.769551079,-4.458420756,2.311130323
2171363,2171363,COc1ccc(cc1)S(=O)(=O)N1CCC(CC1)N1CCC(C)CC1,emolecules,Mol12,206,257,106,103,0.096910013,0.0000206,0.0000257,-4.68613278,-4.590066877,0.096065903
36366966,36366966,CCn1c(nc2cnc(cc12)Oc1cccc(c1)NC(=O)c1ccc(cc1)OCCN1CCOCC1)-c1nonc1N,emolecules,Mol13,17,132.2,61.5,57,0.892372907,0.0000017,0.00001322,-5.769551079,-4.878768545,0.890782534
50283346,50283346,CC1(C)CC[C@@]2(CC[C@]3(C)[C@@H]([C@@H]2C1)C(=O)C=C1[C@@]3(C)CC[C@H]2C(C)(C)C(=O)C(=C[C@@]21C)C#N)NC(=O)C(C)(F)F |r|,emolecules,Mol14,44.5,271,49,57,0.799799877,0.00000445,0.0000271,-5.351639989,-4.567030709,0.78460928
44811754,44811754,Cc1c[nH]c2nccc(c12)Oc1c(cc(cc1F)Nc1cc(nc(n1)N)Cl)F,emolecules,Mol15,72.3,181.5,47,51.5,0.402261382,0.00000723,0.00001815,-5.140861703,-4.741123371,0.399738332
48544545,48544545,Oc1[nH]c2ccc(cc2c1-c1ccc(cn1)CN1CCOCC1)C#N,emolecules,Mol17,34.1,887,141,243,1.414973348,0.00000341,0.0000887,-5.467245621,-4.05207638,1.415169241
44507857,44507857,CCCc1cc(n2ncnc2n1)N1CCc2c(nc(n2C)C2CC2)C1,emolecules,Mol18,7.226666666666667,271,92.5,100,1.582820633,7.22667E-07,0.0000271,-6.141061977,-4.567030709,1.574031268
194974866,194974866,Fc1ccc(cn1)-c1ccc2c(c1)[nH]c1ccncc12,emolecules,Mol19,192,90.2,60,64,-0.328827157,0.0000192,0.00000902,-4.716698771,-5.044793462,-0.328094691
316756775,316756775,[2H]C([2H])([2H])NC(=O)c1nnc(cc1Nc1cccc(c1OC)-c1ncn(n1)C)NC(=O)C1CC1,emolecules,Mol23,2.63,304,98,99,2.057475916,0.000000263,0.0000304,-6.580044252,-4.517126416,2.062917835
114309331,114309331,Nc1ncnc(c1-c1ccc(cc1)Oc1ccccc1)NCC1CCN(CC1)C(=O)C=C,emolecules,Mol24,12.3,298,76,76.5,1.393575203,0.00000123,0.0000298,-5.910094889,-4.525783736,1.384311153
53744933,53744933,Nc1n[nH]cc1-c1cc(ccc1Oc1cc(c(cc1Cl)S(=O)(=O)Nc1cscn1)F)Cl,emolecules,Mol25,4.01,306,92,92,1.881954971,0.000000401,0.0000306,-6.396855627,-4.514278574,1.882577054
207623013,207623013,CN1C(=O)N(C(=O)c2cccc(c21)F)c1cccc(c1C)-c1c(cc(c2[nH]c3c(c12)CC[C@@H](C3)C(C)(C)O)C(=O)N)F |r|,emolecules,Mol26,44,150,79,60,0.531478917,0.0000044,0.000015,-5.356547324,-4.823908741,0.532638583
322748925,322748925,O=C(Nc1cc(ccn1)C(=O)Nc1cccnc1)C1CC1,emolecules,Mol28,64.3,181,87,88,0.44870632,0.00000643,0.0000181,-5.191789027,-4.742321425,0.449467602
316162153,316162153,OC[C@@H]1CC[C@H](CO1)Nc1ncnc2[nH]cc(c12)C(=O)c1ccc(cc1Cl)Oc1ccccc1 |r|,emolecules,Mol29,47.7,324,64,64,0.832508913,0.00000477,0.0000324,-5.321481621,-4.48945499,0.832026631
75542235,75542235,CN1CCN(CC1)c1ccc(cc1)Nc1nc(c2sccc2n1)Oc1cccc(c1)NC(=O)C=C,emolecules,Mol32,1.66,142,78,57,1.931966115,0.000000166,0.0000142,-6.779891912,-4.847711656,1.932180256
LN01345100,LN01345100,CC#CC(=O)N1CC[C@H](C1)N1C(=O)N(c2ccc(cc2)Oc2ccccc2)c2c(ncnc21)N |r|,labnetworkBB,Mol33,10.4,300,83,83,1.460897843,0.00000104,0.00003,-5.982966661,-4.522878745,1.460087915
168890455,168890455,NC(=O)c1c2n(nc1-c1ccc(cc1)Oc1ccccc1)[C@@H](CCN2)C1CCN(CC1)C(=O)C=C |r|,emolecules,Mol34,6.97,354,76,86,1.705863712,0.000000697,0.0000354,-6.156767222,-4.450996738,1.705770484
93438921,93438921,CN1CCN(CC1)c1ccc(cc1F)Nc1nc(c2cc[nH]c2n1)Oc1cccc(c1)NC(=O)C=C,emolecules,Mol38,1.81,91.7,89,63,1.704150517,0.000000181,0.00000917,-6.742321425,-5.037630664,1.704690761
32130783,32130783,COc1ccccc1-c1cc([nH]n1)NC(=O)c1cccc(c1)N1CCNC1=O,emolecules,Mol40,4.38,265,77,71,1.781036939,0.000000438,0.0000265,-6.358525889,-4.576754126,1.781771763
202119,202119,Nc1ncc(c(n1)C1CCCCN1C(=O)c1ccccc1)-c1cccc(c1)C(F)(F)F,emolecules,Mol41,111,215,67,61,0.285557309,0.0000111,0.0000215,-4.954677021,-4.66756154,0.287115481
110118917,110118917,O=C(Nc1cccc(c1)-c1nncn1C1CC1)c1cc(ccn1)-n1cnc(c1)C1CC1,emolecules,Mol42,7.47,346,92,88,1.666517981,0.000000747,0.0000346,-6.126679398,-4.460923901,1.665755497
207447,207447,Fc1ccccc1-c1c[nH]nc1C1CCCN1Cc1ccc2ncccc2c1,emolecules,Mol43,142,320,78,82,0.354108439,0.0000142,0.000032,-4.847711656,-4.494850022,0.352861634
313516892,313516892,Cc1nccc(n1)-c1cn(c2cnccc12)Cc1ccccc1,emolecules,Mol44,209,141,65,62,-0.170696227,0.0000209,0.0000141,-4.679853714,-4.850780887,-0.170927173
168892617,168892617,CCc1nc(cn2nc(cc12)C1=CC(=O)N2C=C(C=C(C)C2=N1)C1CCN(C)CC1)C,emolecules,Mol45,29.185,166.3925,70.75,84.25,0.761363942,2.9185E-06,1.66393E-05,-5.534840302,-4.778866253,0.755974049
49863827,49863827,Nc1ncnc2n(nc(c12)-c1ccc(cc1)Oc1ccccc1)[C@@H]1CCCNC1 |r|,emolecules,Mol47,19.4,407,89,104,1.322219295,0.00000194,0.0000407,-5.71219827,-4.390405591,1.321792679
53790787,53790787,CC(CN(C)Cc1nnc(n1C)C)Oc1ccc(c(c1)Cl)Cl,emolecules,Mol48,60,425,96,101,0.850646235,0.000006,0.0000425,-5.22184875,-4.37161107,0.85023768
45816980,45816980,COc1nn(cc1C(=O)Nc1cccc(c1)-c1cnc2n1CCC2)C,emolecules,Mol49,39,371,92,96,0.979092901,0.0000039,0.0000371,-5.408935393,-4.43062609,0.978309303
89942308,89942308,COc1cc(ccc1-c1ncnc(n1)Nc1cccc(c1)C[S@@](=N)(=O)C)F |r|,emolecules,Mol50,2.31,346,97,99,2.176091259,0.000000231,0.0000346,-6.63638802,-4.460923901,2.175464119
139133,139133,CN(C)C(=O)C1(CCN(CC1)C(=O)c1ccc(s1)C)Cc1ccccc1-c1ccccc1,emolecules,Mol52,268,300,82,54,0.049218023,0.0000268,0.00003,-4.571865206,-4.522878745,0.048986461
89942282,89942282,CCc1nc2c(cc(cn2c1N(C)c1nc(c(s1)C#N)-c1ccc(cc1)F)N1CCN(CC1)CC(=O)N1CC(O)C1)C,emolecules,Mol53,4.07,395,92.5,124.5,1.991078331,0.000000407,0.0000395,-6.390405591,-4.403402904,1.987002686
139117,139117,CN(C)C(=O)C1(CCN(CC1)C(=O)C1CCCO1)Cc1ccccc1-c1ccccc1,emolecules,Mol55,25.5,441,105,126,1.238046103,0.00000255,0.0000441,-5.59345982,-4.355561411,1.237898409
202525,202525,CC(=O)Nc1ccc(cc1)C(=O)N1CCCCC1c1nc(ncc1-c1ccc(cc1)Cl)N,emolecules,Mol56,3.53,376,78,85,2.025305865,0.000000353,0.0000376,-6.452225295,-4.424812155,2.02741314
202527,202527,CC(=O)Nc1ccc(cc1)C(=O)N1CCCCC1c1nc(ncc1-c1cccc(c1)Cl)N,emolecules,Mol57,4.01,393,90,88,1.991226076,0.000000401,0.0000393,-6.396855627,-4.40560745,1.991248178
31929526,31929526,FC(F)(F)c1ccnc(n1)Nc1ccc(nc1)N1CCNC(=O)C1,emolecules,Mol58,85.7,252,78,84,0.46834733,0.00000857,0.0000252,-5.067019178,-4.598599459,0.468419719
189638257,189638257,FC(F)(F)c1ccccc1C1N(CCNC1=O)C(=O)c1ccc2nccn2c1,emolecules,Mol59,8.46,60.5,101,86,0.854306042,0.000000846,0.00000605,-6.072629637,-5.218244625,0.854385012
189741166,189741166,Cc1cc(ccc1C1N(CCNC1=O)C(=O)c1ccc2nccn2c1)F,emolecules,Mol60,11.2,94.3,94,98,0.925312092,0.00000112,0.00000943,-5.950781977,-5.025488307,0.92529367
49311027,49311027,Clc1ccccc1C1N(CCNC1=O)C(=O)c1ccncc1,emolecules,Mol61,39.8,178,99,97,0.649334859,0.00000398,0.0000178,-5.400116928,-4.749579998,0.65053693
1284751,1284751,C[C@@H]1CN(C[C@H](C)O1)C(=O)CC(c1ccccc1)c1ccccc1 |r|,emolecules,Mol62,235,308,96,90,0.117271296,0.0000235,0.0000308,-4.628932138,-4.511449283,0.117482854
299989682,299989682,CN1[C@@H]2CC[C@H]1C[C@@H](C2)OC(c1ccccc1)c1ccccc1 |r|,emolecules,Mol63,31.4,267.5,73,89,0.948657432,0.00000314,0.00002675,-5.503070352,-4.572676214,0.930394138
140075,140075,CC(C)(C)C(=O)N1CCC(CC1)(Cc1ccc(cc1)-c1cccs1)C(=O)N1CCCC1,emolecules,Mol64,299,299,93,67,-8.69E-04,0.0000299,0.0000299,-4.524328812,-4.524328812,0
200967,200967,CN(C)c1ncc(c(n1)C1CCCCN1C(=O)c1scnc1C)-c1cccc(c1)Cl,emolecules,Mol66,304,389,97,70,0.10720997,0.0000304,0.0000389,-4.517126416,-4.410050399,0.107076018
32236728,32236728,OCC1CCCCN1Cc1ccc(c(c1)Cl)Cl,emolecules,Mol67,304,159,99,87,-0.280668713,0.0000304,0.0000159,-4.517126416,-4.798602876,-0.281476459
48337674,48337674,CC(=O)N1CCN(CC1)c1nc(nc2sc(c(c12)C)C)C(F)(F)F,emolecules,Mol68,267,327,90,83,0.086359831,0.0000267,0.0000327,-4.573488739,-4.485452247,0.088036491
180601629,180601629,COc1ccccc1C(=O)Nc1ccc2cc[nH]c2c1,emolecules,Mol69,94.9,23.4,37,50,-0.607303047,0.00000949,0.00000234,-5.022733788,-5.630784143,-0.608050355
17268136,17268136,C1CN(CCO1)CCN(Cc1cccnc1)Cc1cccc(c1)Oc1ccccc1,emolecules,Mol70,179,239,78,72,0.123851641,0.0000179,0.0000239,-4.747146969,-4.621602099,0.12554487
32449297,32449297,COc1ccc(cc1)[C@H]1CN([C@@H]2CCCN(Cc3cccc(c3)F)[C@@H]21)C(=O)C |r|,emolecules,Mol71,164,222,72,75,0.130333768,0.0000164,0.0000222,-4.785156152,-4.653647026,0.131509126
324071118,324071118,CC(C)Oc1cc(ccc1Nc1ncnc2sc(c(c12)C)C(=O)NCCCN(C)C)F,emolecules,Mol72,5.37,192.5,66,77,1.772688355,0.000000537,0.00001925,-6.270025714,-4.715569266,1.554456448
2066408,2066408,OCC1CCCCN1Cc1ccc(cc1)-c1ccccc1,emolecules,Mol73,142,101,64,82,-0.149966742,0.0000142,0.0000101,-4.847711656,-4.995678626,-0.147966971
89942016,89942016,Nc1ncc(c2ccc(nc12)-c1cccc(c1)F)C(=O)NC1CN(C1)C(=O)C1CC1,emolecules,Mol74,11.7,211,92,79,1.257678575,0.00000117,0.0000211,-5.931814138,-4.675717545,1.256096594
72973189,72973189,CC1(C)CC(CC(C)(C)N1)Oc1ccc(nn1)-c1ccc(cc1O)-c1cn[nH]c1,emolecules,Mol75,14.58888888888889,262.5588888888889,86.66666666666667,89.33333333333333,1.31227141,1.45889E-06,2.62559E-05,-5.835977783,-4.580773274,1.255204509
32234428,32234428,CS(=O)c1ccc(cc1)-c1coc2ccc(cc12)-c1nnc(o1)C,emolecules,Mol76,206,409,90,99,0.29666519,0.0000206,0.0000409,-4.68613278,-4.388276692,0.297856088
202517,202517,Cc1ncsc1C(=O)N1CCCCC1c1nc(ncc1-c1cccc(c1)C(F)(F)F)N,emolecules,Mol77,36.2,332,64,81,0.962369336,0.00000362,0.0000332,-5.441291429,-4.478861916,0.962429513
45636709,45636709,O=C(Nc1ccc2ccccc2n1)c1ccc(cc1)N1CCOC1=O,emolecules,Mol78,85.4,50.7,43,56,-0.226213555,0.00000854,0.00000507,-5.068542129,-5.294992041,-0.226449911
300003450,300003450,O=S(=O)(N1CCCNCC1)c1cccc2cnccc12,emolecules,Mol80,82.66666666666667,305.6666666666667,105.3333333333333,105.3333333333333,0.645422269,8.26667E-06,3.05667E-05,-5.082669574,-4.514751919,0.567917655
317744209,317744209,CN1CCN(CC1)c1ccc(cc1)Nc1nc(c2occc2n1)Oc1cccc(c1)NC(=O)C=C,emolecules,Mol81,12,265,90,80,1.342422681,0.0000012,0.0000265,-5.920818754,-4.576754126,1.344064628
13329354,13329354,CCN1CCN(CC1)S(=O)(=O)Cc1ccc(c(c1)Cl)Cl,emolecules,Mol82,415,170,111,85,-0.387216143,0.0000415,0.000017,-4.381951903,-4.769551079,-0.387599175
49837463,49837463,O=C(Nc1nc2cccc(n2n1)-c1ccc(cc1)CN1CCS(=O)(=O)CC1)C1CC1,emolecules,Mol83,2.45,333,96,108,2.133538908,0.000000245,0.0000333,-6.610833916,-4.477555766,2.133278149
42902190,42902190,CC1CN(CCC1Nc1ccc2nnnn2n1)Cc1cnc(s1)C,emolecules,Mol91,6.73,185,94,106,1.439332694,0.000000673,0.0000185,-6.171984936,-4.732828272,1.439156664
210343,210343,Cc1nc(cc(n1)C1CN(C1)c1ncccn1)Nc1nccs1,emolecules,Mol92,72.3,105,47,67,0.161368002,0.00000723,0.0000105,-5.140861703,-4.978810701,0.162051002
32538596,32538596,COc1ccc(cc1Cl)Nc1c(cnc2cc(c(cc12)OC)OC)C#N,emolecules,Mol93,104,337,67,60,0.51054501,0.0000104,0.0000337,-4.982966661,-4.472370099,0.510596562
50614392,50614392,COc1ccc(cc1F)CCCN1CCN(C(=O)C1)c1cnn(c1)C,emolecules,Mol94,326,239,103,96,-0.13430394,0.0000326,0.0000239,-4.4867824,-4.621602099,-0.134819699
36933671,36933671,CC1CN(CC(O1)c1ccccc1)C(=O)c1c(noc1C(C)C)C,emolecules,Mol95,265,250,96,81,-0.025488307,0.0000265,0.000025,-4.576754126,-4.602059991,-0.025305865
31246617,31246617,CN(Cc1ccccc1)C1(Cc2ccccc2C1)C(=O)N1CCNC(=O)CC1,emolecules,Mol96,43.1,373,68,76,0.938019097,0.00000431,0.0000373,-5.36552273,-4.428291168,0.937231562
43278877,43278877,Cc1c(cccc1NC(=O)CN1[C@H](Cc2ccccc2)C[C@]2(C)NC(=O)CCC[C@H]12)F |r|,emolecules,Mol97,36.4,451,94,98,1.093421685,0.00000364,0.0000451,-5.438898616,-4.345823458,1.093075158
901943,901943,CCC1=C(C)CN(C(=O)NCCc2ccc(cc2)S(=O)(=O)NC(=O)N[C@H]2CC[C@H](C)CC2)C1=O |r|,emolecules,Mol98,3.98,273,96,90,1.836324116,0.000000398,0.0000273,-6.400116928,-4.563837353,1.836279575
300011391,300011391,Oc1nccc2c(cccc12)S(=O)(=O)N1CCCNCC1,emolecules,Mol99,6.485,52.8,100,102.5,0.915399835,6.485E-07,0.00000528,-6.18809002,-5.277366077,0.910723942
43280049,43280049,Cc1ccc(cc1F)NC(=O)CN1[C@H](Cc2ccccc2)C[C@]2(C)NC(=O)CCC[C@H]12 |r|,emolecules,Mol100,28,346,80,71,1.093421685,0.0000028,0.0000346,-5.552841969,-4.460923901,1.091918067
139303,139303,CN(C)C(=O)C1(CCN(CC1)C(=O)C1CCC=CC1)Cc1ccccc1-c1cccc(c1)F,emolecules,Mol101,223,325,92,75,0.164352856,0.0000223,0.0000325,-4.651695137,-4.488116639,0.163578498
139341,139341,COCC(=O)N1CCC(CC1)(Cc1ccccc1-c1cccc(c1)F)C(=O)NC(C)C,emolecules,Mol102,15,496,91,109,1.519827994,0.0000015,0.0000496,-5.823908741,-4.304518324,1.519390417
29261445,29261445,COc1ccc(cc1)CNC(=O)c1sc2nc(cc(c2c1N)C)C,emolecules,Mol103,108,41.5,44,52,-0.413412695,0.0000108,0.00000415,-4.966576245,-5.381951903,-0.415375659
324007832,324007832,CC[C@@](C)(NC(=O)c1cc(cnc1NC1CC(F)(F)C1)F)C#C |r|,emolecules,Mol104,212,170,79,63,-0.095825632,0.0000212,0.000017,-4.673664139,-4.769551079,-0.09588694
320364216,320364216,Cn1cc(cn1)Nc1nc(nc(n1)-c1cccc(c1CO)N1C=Cc2cc(cc(c2C1=O)F)C1CC1)N,emolecules,Mol105,7.87,192,87,76,1.385606274,0.000000787,0.0000192,-6.104025268,-4.716698771,1.387326496
496510,496510,Cc1cnc(cn1)C(=O)NCCc1ccc(cc1)S(=O)(=O)NC(=O)NC1CCCCC1,emolecules,Mol106,1.07,205,101,105,2.281033367,0.000000107,0.0000205,-6.970616222,-4.688246139,2.282370083
393408,393408,CNC(=O)C1(CCN(Cc2ccc(cc2)F)C1)Cc1ccc(cc1)-c1cccnc1,emolecules,Mol107,130,199,75,78,0.184691431,0.000013,0.0000199,-4.886056648,-4.701146924,0.184909724
393424,393424,CNC(=O)C1(CCN(Cc2cccc(c2)F)C1)Cc1ccc(cc1)-c1cccnc1,emolecules,Mol108,114,150,63,77,0.120573931,0.0000114,0.000015,-4.943095149,-4.823908741,0.119186408
270775,270775,Fc1ccccc1C[C@@H]1C[C@@H]2NC(=O)CCCC[C@H]2N1C(=O)c1cccc2ncccc12 |r|,emolecules,Mol110,9.27,446,94,104,1.682145076,0.000000927,0.0000446,-6.032920266,-4.350665141,1.682255125
MCULE-3611790330,,CCOc1cc(ccc1C(=O)O)CC(=O)N[C@@H](CC(C)C)c1ccccc1N1CCCCC1 |r|,mcule,Mol111,12,344,96,98,1.457881897,0.0000012,0.0000344,-5.920818754,-4.463441557,1.457377197
323968411,323968411,CC(O)(C#Cc1ccc2c(c1)N(CC2)c1nc(ncc1Cl)N)c1nccs1,emolecules,Mol112,23.4,134,70,58,0.759667845,0.00000234,0.0000134,-5.630784143,-4.872895202,0.757888941
46088801,46088801,COCCc1noc(n1)CN1CC(CCC1=O)(c1ccccc1)c1ccccc1,emolecules,Mol113,136,329,69,77,0.385606274,0.0000136,0.0000329,-4.866461092,-4.482804102,0.38365699
44392699,44392699,Cc1[nH]nc2c1C1(CCCCC1)CC(=O)N2,emolecules,Mol114,102,344,100,102,0.526339277,0.0000102,0.0000344,-4.991399828,-4.463441557,0.527958271
49942166,49942166,Cc1oc2ccccc2c1CNc1nnc(o1)-c1ccncc1,emolecules,Mol115,174,177,71,76,0.008600172,0.0000174,0.0000177,-4.759450752,-4.752026734,0.007424018
29371307,29371307,Nc1ncnc2n(nc(c12)-c1cnc2[nH]ccc2c1)C1CCCC1,emolecules,Mol118,73,504,78,93,0.838849091,0.0000073,0.0000504,-5.13667714,-4.297569464,0.839107676
320368312,320368312,Clc1ccc(cc1)-c1ccncc1NC(=O)c1ccnc(c1)NC(=O)C1CC1,emolecules,Mol119,75.9,222,74,80,0.46686762,0.00000759,0.0000222,-5.119758224,-4.653647026,0.466111199
89942274,89942274,CN1C(=N[C@@](C)(CS1(=O)=O)c1cc(ccc1F)NC(=O)c1ccc(cn1)F)N |r|,emolecules,Mol120,2.83,264,90,102,1.970346876,0.000000283,0.0000264,-6.548213564,-4.578396073,1.969817491
44550372,44550372,CC1CN(CC(O1)c1ccccc1)C(=O)c1cccnc1N1CCOCC1,emolecules,Mol121,85.2,445,89,99,0.717670503,0.00000852,0.0000445,-5.069560405,-4.351639989,0.717920416
511449,511449,CCCCNC(=O)NS(=O)(=O)c1ccc(cc1)C,emolecules,Mol122,144,256,96,99,0.250420002,0.0000144,0.0000256,-4.841637508,-4.591760035,0.249877473
197915,197915,Cc1cc(cc(n1)C1CCCN(C1)CC(=O)N1CCCC1)Nc1cnccn1,emolecules,Mol123,3.68,98.4,90,98,1.426511261,0.000000368,0.00000984,-6.434152181,-5.007004902,1.42714728
198953,198953,Cc1cccnc1Nc1cccc(n1)C1CCCN(C1)CC(=O)Nc1nccs1,emolecules,Mol124,93.6,139,67,68,0.173186268,0.00000936,0.0000139,-5.028724151,-4.8569852,0.171738952
139135,139135,CN(C)C(=O)C1(CCN(CC1)C(=O)c1cnn(c1)C)Cc1ccccc1-c1ccccc1,emolecules,Mol125,21.9,549,96,109,1.399673721,0.00000219,0.0000549,-5.659555885,-4.260427656,1.39912823
2566233,2566233,CC1(C)CC(=O)C2=C(C1)NC(=O)CC2c1ccc(cc1)Br,emolecules,Mol126,110,370,77,88,0.5289167,0.000011,0.000037,-4.958607315,-4.431798276,0.526809039
49383448,49383448,CN1CCN(CC1)S(=O)(=O)c1ccc(cc1)-c1cnc(c(n1)C(=O)Nc1cccnc1)N,emolecules,Mol127,1.88,136,80,60,1.859738566,0.000000188,0.0000136,-6.725842151,-4.866461092,1.859381059
393410,393410,CNC(=O)C1(CCN(Cc2ccccc2Cl)C1)Cc1ccc(cc1)-c1cccnc1,emolecules,Mol128,127,122,45,66,-0.017276612,0.0000127,0.0000122,-4.896196279,-4.913640169,-0.01744389
43366900,43366900,Cc1nc(c(c2ccc(cc12)Oc1ccccc1)O)C(=O)NCC(=O)O,emolecules,Mol141,346,425,,,0.089905111,0.0000346,0.0000425,-4.460923901,-4.37161107,0.089312831
Z29433525,Z29433525,Clc1cc(cnc1Cl)C(=O)Nc1nc-2c(s1)COc1ccccc12,enamineHTS,Mol144,9.88,10.1,,,0.008600172,0.000000988,0.00000101,-6.005243055,-5.995678626,0.009564429
2728688,2728688,COc1ccccc1Oc1c(nc(nc1OCCO)-c1ncccn1)NS(=O)(=O)c1ccc(cc1)C(C)(C)C,emolecules,Mol145,2.56,226,,,1.945468585,0.000000256,0.0000226,-6.591760035,-4.645891561,1.945868474
44384801,44384801,CCCNS(=O)(=O)Nc1ncnc(c1-c1ccc(cc1)Br)OCCOc1ncc(cn1)Br,emolecules,Mol146,89.8,83.8,,,-0.030118356,0.00000898,0.00000838,-5.046723663,-5.076755981,-0.030032318
301048201,301048201,CC(C)(C)c1ccc(cc1)C(=O)Nc1cn2cc(ccc2n1)-n1ccnc1,emolecules,Mol147,117,334,,,0.45484486,0.0000117,0.0000334,-4.931814138,-4.476253533,0.455560605
106928257,106928257,FC(F)(F)c1cc(n2nc(nc2c1)NC(=O)c1cccnc1)NC1CC1,emolecules,Mol148,132.5,310.5,,,0.371067862,0.00001325,0.00003105,-4.877784122,-4.507938395,0.369845726
315276693,315276693,COc1cc(ccc1N1CCN(C)CC1)Nc1cc(ccn1)-c1cccc(c1)C#N,emolecules,Mol149,35.7,137,,,0.58546073,0.00000357,0.0000137,-5.447331784,-4.863279433,0.584052351
LN00130941,LN00130941,COC([C@H](Oc1nc(cc(n1)C)C)C(=O)O)(c1ccccc1)c1ccccc1 |r|,labnetworkBB,Mol150,3.94,151,,,1.583198774,0.000000394,0.0000151,-6.404503778,-4.821023053,1.583480725
50282202,50282202,CCS(=O)(=O)N1CCN(CC1)c1ccc(cc1)Nc1ncc(c(n1)NC1CC1)C(=O)N,emolecules,Mol151,7.1,280,,,1.595496222,0.00000071,0.000028,-6.148741651,-4.552841969,1.595899683
313091037,313091037,OC(=O)C1CN(C1)Cc1ccc(cc1)OCc1ccc(c(c1)Cl)Cl,emolecules,Mol152,39,160,,,0.612783857,0.0000039,0.000016,-5.408935393,-4.795880017,0.613055376
71008775,71008775,CC(C)n1cnnc1-c1cccc(n1)NC(=O)c1cc(c(cc1F)C)-n1cnc(c1)C1CC1,emolecules,Mol155,7.33,538.4,101.5,86.5,1.800442121,0.000000733,0.00005384,-6.134896025,-4.268894949,1.866001077
60180599,60180599,CC(C)(C)OC(=O)c1ccc(nc1)N1NC=C(C1=O)n1ccnn1,emolecules,Mol156,154,184,,,0.075546961,0.0000154,0.0000184,-4.812479279,-4.735182177,0.077297102
104336645,104336645,C[C@H]1CN(CCN1c1ccc(nc1)NC1=CC(=CN(C)C1=O)c1ccnc(c1CO)N1CCn2c3c(cc2C1=O)CC(C)(C)C3)C1COC1 |r|,emolecules,Mol157,6.02,139,,,1.36361198,0.000000602,0.0000139,-6.220403509,-4.8569852,1.363418309
315272596,315272596,Nc1ncc(cc1C(F)(F)F)-c1cc(n(n1)CC1CC1)C1C2CN(CC21)C1COC1,emolecules,Mol158,173,189,,,0.037426498,0.0000173,0.0000189,-4.761953897,-4.723538196,0.038415701
46339059,46339059,COCCOc1ccc(cc1)Nc1ncc(c(n1)Nc1cccc(c1)NC(=O)C=C)F,emolecules,Mol160,13.5,55.35,36.5,54.5,0.596047008,0.00000135,0.000005535,-5.869666232,-5.256882375,0.612783857
49424084,49424084,CNC(=O)c1cc(ccn1)Oc1ccc(cc1)Nc1ncc(c(n1)Nc1cccc(c1)NC(=O)C=C)F,emolecules,Mol161,11.4,150,59,52,1.120573931,0.00000114,0.000015,-5.943095149,-4.823908741,1.119186408
320405235,320405235,CN(CCOc1c(ncnc1-c1cc(cc(c1C)NC(=O)c1ccc(cc1F)C1CC1)F)N)C(=O)C=C,emolecules,Mol162,4.1,356,76,91,1.938519725,0.00000041,0.0000356,-6.387216143,-4.448550002,1.938666141
72972951,72972951,CC#CC(=O)N1CCC[C@@H]1c1nc(c2c(nccn12)N)-c1ccc(cc1)C(=O)Nc1ccccn1 |r|,emolecules,Mol163,6.7,249,96,100,1.56937391,0.00000067,0.0000249,-6.173925197,-4.603800653,1.570124544
313519451,313519451,CN(C)S(=O)(=O)c1cccc(c1)-c1c(nc2c(cc(nn12)Cl)NCCNC(=O)C)C,emolecules,Mol165,5.18,293,81,75,1.830588669,0.000000518,0.0000293,-6.28567024,-4.53313238,1.752537861
35732653,35732653,CC1=CNC(=O)N1c1ccc(cc1)C(=O)Nc1ccc2ccccc2n1,emolecules,Mol166,23,234.5,70.5,87.5,1.00838723,0.0000023,0.00002345,-5.638272164,-4.629857153,1.008415011
42768719,42768719,CNC(=O)c1cccc(c1)NC(=O)N1CCC(CC1)Oc1ccccc1Cl,emolecules,Mol167,22.4,435,75.5,85.5,1.301029996,0.00000224,0.0000435,-5.649751982,-4.361510743,1.288241239
11480017,11480017,COc1ccc(cc1)OCC(=O)Nc1cccc(c1N1CCN(CC1)C(=O)C)Cl,emolecules,Mol168,190,208,66,67,0.037426498,0.000019,0.0000208,-4.721246399,-4.681936665,0.039309734
2057338,2057338,C1CCCN(CCC1)Cc1ccc(cc1)-c1ccccc1,emolecules,Mol169,181.72,92.475,80.5,126,-0.265600257,0.000018172,9.2475E-06,-4.740597272,-5.03397566,-0.293378388
1525474,1525474,CCC(=O)N1CCN(CC1)c1ccc(cc1NC(=O)COc1ccccc1)Cl,emolecules,Mol171,272,236,76,67,-0.059981845,0.0000272,0.0000236,-4.565431096,-4.627087997,-0.061656901
44014989,44014989,CN(C)C(=O)CN(C)CC(=O)Nc1cc(ccc1Oc1ccc(cc1)C)Cl,emolecules,Mol172,208,335,82,74,0.206825876,0.0000208,0.0000335,-4.681936665,-4.474955193,0.206981472
5514552,5514552,O=C(N1CCCCC1)c1sc(nc1-c1ccccc1)N1CCOCC1,emolecules,Mol173,231,273,87,87,0.071882007,0.0000231,0.0000273,-4.63638802,-4.563837353,0.072550667
36571105,36571105,CC(C)c1nccn1Cc1nc(oc1C)-c1ccccc1C,emolecules,Mol174,198,145,67,83,-0.135488919,0.0000198,0.0000145,-4.70333481,-4.838631998,-0.135297188
36427432,36427432,CCc1nc2cc(ccc2o1)-c1c(cccc1OC)OC,emolecules,Mol175,194,89.2,53,62,-0.337242168,0.0000194,0.00000892,-4.71219827,-5.049635146,-0.337436876
73036824,73036824,OC1CCC(CC1)C(=O)N1CCCN(CC1)c1ccc(cc1)F,emolecules,Mol176,83.5,391,99,103,0.670245853,0.00000835,0.0000391,-5.078313525,-4.407823243,0.670490282
32409538,32409538,CCn1ncnc1-c1[nH]cnc1-c1ccccc1,emolecules,Mol177,116,253,102,91,0.338456494,0.0000116,0.0000253,-4.935542011,-4.596879479,0.338662532
31890078,31890078,Cc1nnc(c(c1C)C#N)NCCc1ccc2c(c1)OCO2,emolecules,Mol178,341,217,82,80,-0.196542884,0.0000341,0.0000217,-4.467245621,-4.663540266,-0.196294645
49994071,49994071,Cc1nc(c2cnn(c2n1)C)N1CCn2ccnc2C1,emolecules,Mol179,85.6,311,89,102,0.559906625,0.00000856,0.0000311,-5.067526235,-4.507239611,0.560286624
31930262,31930262,CN(Cc1cscn1)Cc1cc(on1)C,emolecules,Mol180,453,243,144,111,-0.270025714,0.0000453,0.0000243,-4.343901798,-4.614393726,-0.270491928
32132063,32132063,Cc1occc1C(=O)NCC(=O)Nc1nc2cc(ccc2n1C)Cl,emolecules,Mol181,91.5,120,,,0.117271296,0.00000915,0.000012,-5.038578906,-4.920818754,0.117760152
13475108,13475108,CCNC(=O)c1ccc(cc1)CS(=O)(=O)C,emolecules,Mol182,29.1,76.4,116,94,0.418301291,0.00000291,0.00000764,-5.536107011,-5.116906641,0.41920037
31209008,31209008,C1CC1Nc1nc(no1)-c1ccccc1,emolecules,Mol183,294,238,73,83,-0.092051478,0.0000294,0.0000238,-4.53165267,-4.623423043,-0.091770373
Z224124934,Z224124934,Cc1nn(c2sc(cc12)C(=O)N1CCC(CC1)(C(=O)O)c1ccccc1)C,enamineHTS,Mol184,7.44,63.5,91,96,0.931457871,0.000000744,0.00000635,-6.128427064,-5.197226275,0.93120079
300620222,300620222,CCN(CC)Cc1ccc2cc(ccc2c1)COC(=O)Nc1ccc(cc1)C(=O)NO,emolecules,Mol185,6.66,151,118,88,1.354108439,0.000000666,0.0000151,-6.176525771,-4.821023053,1.355502718
33312761,33312761,Fc1ccc(cc1)C1(CCOCC1)CNC(=O)c1ccccn1,emolecules,Mol186,297,236,103,97,-0.100726813,0.0000297,0.0000236,-4.527243551,-4.627087997,-0.099844446
1552730,1552730,COc1cc(cc(c1)-c1nnc(s1)SCC(=O)Nc1cccc(c1)C(=O)O)OC,emolecules,Mol187,158,146,97,109,-0.032452024,0.0000158,0.0000146,-4.801342913,-4.835647144,-0.034304231
18877730,18877730,OC(=O)c1cc(cc(c1NC(=O)CSc1nccn1C1CC1)Cl)Cl,emolecules,Mol188,3.39,28,112,105,0.918030337,0.000000339,0.0000028,-6.469800302,-5.552841969,0.916958333
32093544,32093544,CCN1CCC(CC1)CNC(=O)c1cc(nc2cc(ccc12)F)C,emolecules,Mol189,7.28,185,95,101,1.404833717,0.000000728,0.0000185,-6.137868621,-4.732828272,1.405040349
31384184,31384184,COc1ccc(cc1)CCC(=O)N1CCCNCC1,emolecules,Mol190,64.8,179,103,90,0.440909082,0.00000648,0.0000179,-5.188424994,-4.747146969,0.441278025
425680,425680,Cc1cc(on1)-c1cnn(c1C1CC1)CCNC(=O)c1sc(nc1C)C,emolecules,Mol191,80.8,425,98,98,0.720985744,0.00000808,0.0000425,-5.092588639,-4.37161107,0.720977569
30400370,30400370,Oc1cc(c2sc(nc2n1)SCC(=O)c1ccc(cc1)-c1ccccc1)O,emolecules,Mol192,14.3,12.5,86,85,-0.057495894,0.00000143,0.00000125,-5.844663963,-5.903089987,-0.058426024
36675429,36675429,Cc1cccc(n1)C(=O)N1CCCN(CC1)CC(=O)NCC#C,emolecules,Mol193,5.6,182,94,95,1.511883361,0.00000056,0.0000182,-6.251811973,-4.739928612,1.511883361
48247380,48247380,CN(C)c1ccc2c(c1)OCCN2C(=O)NCc1cccnc1,emolecules,Mol194,116,309,104,94,0.424881637,0.0000116,0.0000309,-4.935542011,-4.510041521,0.42550049
32080176,32080176,OCc1ccc(cc1F)CNC(=O)Nc1ccccc1,emolecules,Mol195,3520,1500,597,165,-0.369572125,0.000352,0.00015,-3.453457337,-3.823908741,-0.370451404
44712587,44712587,CCCOc1ccccc1C(=O)N1CC(C1)Oc1cccc(c1)OC,emolecules,Mol196,154,111,42,67,-0.142667504,0.0000154,0.0000111,-4.812479279,-4.954677021,-0.142197742
29621147,29621147,Oc1ccccc1N1CCN(CC1)C(=O)c1ccc(nc1)-n1cccn1,emolecules,Mol197,399,298,108,105,-0.126679398,0.0000399,0.0000298,-4.399027104,-4.525783736,-0.126756632
4017382,4017382,COc1ccc(cc1OC)CCNCc1ccc(o1)-c1ccccc1,emolecules,Mol198,92.8,90.9,45,66,-0.009217308,0.00000928,0.00000909,-5.032452024,-5.041436117,-0.008984093
42907173,42907173,CSCC(=O)N1CCN(C(=O)CSC)C2(CCCCC2)C1,emolecules,Mol199,90.7,484,104,102,0.726727209,0.00000907,0.0000484,-5.042392713,-4.315154638,0.727238075
24501994,24501994,CCCCNC(=O)c1cccc2ncccc12,emolecules,Mol200,365,231,107,96,-0.199970641,0.0000365,0.0000231,-4.437707136,-4.63638802,-0.198680885
30455849,30455849,COc1cccc(c1)OCCCn1cncc1-c1cc2c(cc1C)N(C)C(=O)N2C,emolecules,Mol201,3.1,443,102,102,2.155336037,0.00000031,0.0000443,-6.508638306,-4.353596274,2.155042032
32063538,32063538,Cc1ccc(cc1F)C(=O)N1CCN(CC1)C(=O)NCC(=O)N1CCCC1,emolecules,Mol202,4.61,280,102,104,1.782472624,0.000000461,0.000028,-6.336299075,-4.552841969,1.783457106
11964390,11964390,COC(=O)c1c([nH]c(c1C)C(=O)N(C)Cc1ccc(c(c1)F)OC)C,emolecules,Mol203,179,268,81,80,0.176091259,0.0000179,0.0000268,-4.747146969,-4.571865206,0.175281763
49292072,49292072,CN(C1CCCCCCC1)C(=O)COc1cc(on1)C,emolecules,Mol204,363,278,109,102,-0.116338565,0.0000363,0.0000278,-4.440093375,-4.555955204,-0.115861829
73032016,73032016,CC(C)CNc1nnc(s1)SCc1ccncc1,emolecules,Mol205,294,303,100,95,0.012837225,0.0000294,0.0000303,-4.53165267,-4.518557371,0.013095298
24884318,24884318,COc1c(cccc1CN1CCC(O)(CC1)c1ccc(cc1)F)C,emolecules,Mol206,251,146,97,94,-0.235823868,0.0000251,0.0000146,-4.600326279,-4.835647144,-0.235320866
17091023,17091023,Cc1nn(c(c1C)C)-c1ccc(cc1C#Cc1ccccc1)C(=O)O,emolecules,Mol207,62.8,240,105,98,0.582063363,0.00000628,0.000024,-5.202040356,-4.619788758,0.582251598
161275,161275,Cc1cc(nc(n1)Nc1ccc(nc1)C1CCCN(C1)CC(=O)N1CCCC1)C,emolecules,Mol208,3.61,149,,,1.615950052,0.000000361,0.0000149,-6.442492798,-4.826813732,1.615679067
31341416,31341416,CCc1nc2ccccc2n1CC(=O)N1CCNC(=O)C1,emolecules,Mol209,0.783,3.02,98,95,0.586587305,7.83E-08,0.000000302,-7.106238238,-6.519993057,0.586245181
49646610,49646610,CCN(C/C=C/c1ccc(cc1)F)Cc1nc(no1)COC,emolecules,Mol211,261,138,85,64,-0.278189385,0.0000261,0.0000138,-4.583359493,-4.860120914,-0.276761421
1296389,1296389,CC(=O)Nc1ccc2nc(cc(c2c1)O)C,emolecules,Mol212,4.6,7.14,106,93,0.190331698,0.00000046,0.000000714,-6.337242168,-6.146301788,0.19094038
318302594,318302594,O=C(NC[C@@H]1CCN(C1)c1ccccc1)N1CCc2ccccc2C1 |r|,emolecules,Mol213,343,242,87,60,-0.151195299,0.0000343,0.0000242,-4.46470588,-4.616184634,-0.151478754
31959693,31959693,CC1CCN(CCNC(=O)c2ccncc2)CC1,emolecules,Mol214,98.5,226,106,103,0.361727836,0.00000985,0.0000226,-5.00656377,-4.645891561,0.360672209
35701590,35701590,CCN1CCC(CC1)N(C)c1ncnc2n(ncc12)C,emolecules,Mol215,201,203,114,99,0.004321374,0.0000201,0.0000203,-4.696803943,-4.692503962,0.00429998
36303318,36303318,CN(CC#N)C(=O)c1cccc(c1)CN1CCCC1,emolecules,Mol216,56.9,147,101,105,0.413299764,0.00000569,0.0000147,-5.244887734,-4.832682665,0.412205068
146921,146921,CN(C)C(=O)c1ccc(nc1N)C1CCN(CC1)C(=O)CCc1nc2cc(c(cc2[nH]1)C)C,emolecules,Mol217,3.39,123,94,92,1.558708571,0.000000339,0.0000123,-6.469800302,-4.910094889,1.559705413
25002833,25002833,CNC(=O)C1CCN(CC1)Cc1ncc(o1)-c1ccc(cc1)F,emolecules,Mol219,66.3,322,99,97,0.686636269,0.00000663,0.0000322,-5.178486472,-4.492144128,0.686342343
2877070,2877070,COc1ccc(cc1NC(=O)CN1CCc2ccccc2C1)C,emolecules,Mol220,49.2,24.4,29,50,-0.303643611,0.00000492,0.00000244,-5.308034897,-5.612610174,-0.304575276
33297597,33297597,O=C(CCOc1ccccc1)N1CCCC1,emolecules,Mol221,346,187,109,90,-0.266802735,0.0000346,0.0000187,-4.460923901,-4.728158393,-0.267234492
48234480,48234480,C1CN(CCC1c1nc(n[nH]1)-c1ccccc1)c1ccccn1,emolecules,Mol222,178,173,75,81,-0.011441043,0.0000178,0.0000173,-4.749579998,-4.761953897,-0.012373899
11480138,11480138,COc1ccc(cc1)-n1cc2c(c1-c1ccccc1Br)C(=O)N(C)C(=O)N2C,emolecules,Mol223,225,213,68,56,-0.024108864,0.0000225,0.0000213,-4.647817482,-4.671620397,-0.023802915
49874322,49874322,COc1ccc(c(c1)F)CN1CCC(CC1)c1nc(no1)C(C)C,emolecules,Mol225,336,261,96,82,-0.109578981,0.0000336,0.0000261,-4.473660723,-4.583359493,-0.10969877
35762297,35762297,Cc1nnc(c(c1C)C#N)NCC(=O)N1CCc2sccc2C1,emolecules,Mol226,166,217,,,0.117271296,0.0000166,0.0000217,-4.779891912,-4.663540266,0.116351646
49915301,49915301,CCNC(=O)C1CN(C1)c1cccc(n1)C#N,emolecules,Mol227,144,298,102,104,0.315970345,0.0000144,0.0000298,-4.841637508,-4.525783736,0.315853772
137015,137015,CCCn1cc(cn1)C(=O)N1CCC(CC1)c1n[nH]cc1C(=O)N(C)Cc1ccccc1,emolecules,Mol229,10.3,97.5,95,95,0.975431809,0.00000103,0.00000975,-5.987162775,-5.010995384,0.976167391
3347988,3347988,CN(Cc1ccc(cc1)Br)C(=O)c1cc(on1)C,emolecules,Mol231,393,271,96,91,-0.161150909,0.0000393,0.0000271,-4.40560745,-4.567030709,-0.16142326
8296397,8296397,NCc1cccc(c1)C(=O)N1CCCC1,emolecules,Mol232,15.9,57,129,98,0.553883027,0.00000159,0.0000057,-5.798602876,-5.244125144,0.554477731
48806523,48806523,Cc1ncsc1CN1CCCN(CC1)c1nc2ccccc2[nH]1,emolecules,Mol233,6.39,322,91,87,1.702430536,0.000000639,0.0000322,-6.194499142,-4.492144128,1.702355014
24121680,24121680,Cc1ccccc1CNC(=O)c1ccc(nc1)-n1ccnc1,emolecules,Mol234,241,209,92,90,-0.061980903,0.0000241,0.0000209,-4.617982957,-4.679853714,-0.061870756
24121594,24121594,O=C(NCc1cnn(c1)-c1ccccc1)C1CCC1,emolecules,Mol235,329,238,99,99,-0.140861703,0.0000329,0.0000238,-4.482804102,-4.623423043,-0.140618941
33303147,33303147,CNC(=O)c1ccc(nc1)N1CCCC1,emolecules,Mol236,370,215,105,96,-0.236572006,0.000037,0.0000215,-4.431798276,-4.66756154,-0.235763264
29578498,29578498,CN(CC(=O)NC1CC1)c1nc(cc(n1)C)C,emolecules,Mol237,272,240,119,96,-0.053547735,0.0000272,0.000024,-4.565431096,-4.619788758,-0.054357662
29578860,29578860,Cc1cc(on1)C(=O)Nc1cccc2ncccc12,emolecules,Mol238,339,189,106,103,-0.252588192,0.0000339,0.0000189,-4.469800302,-4.723538196,-0.253737894
49993241,49993241,CN(C1CCCCC1)c1ncnc2n(ncc12)CCO,emolecules,Mol239,454,305,129,101,-0.172630727,0.0000454,0.0000305,-4.342944147,-4.515700161,-0.172756014
31968180,31968180,CN1CCN(CC1)c1ccc(nc1)NC(=O)c1ccccc1Cl,emolecules,Mol241,385,202,115,92,-0.281498311,0.0000385,0.0000202,-4.41453927,-4.694648631,-0.28010936
48304378,48304378,Cc1cc(nn1C)OCc1ncc(o1)C(C)(C)C,emolecules,Mol242,368,263,107,94,-0.145086978,0.0000368,0.0000263,-4.434152181,-4.580044252,-0.14589207
48237764,48237764,Clc1cccc(c1)CNc1nc(no1)C1CC1,emolecules,Mol243,236,112,66,58,-0.322393047,0.0000236,0.0000112,-4.627087997,-4.950781977,-0.32369398
410858,410858,Cc1ccc(cn1)-c1nc(ncc1-c1cc(no1)C)NCc1ccco1,emolecules,Mol244,168,166,58,76,-0.004803708,0.0000168,0.0000166,-4.774690718,-4.779891912,-0.005201194
49953876,49953876,COc1nc(nc(c1C)N(C)Cc1nccs1)C,emolecules,Mol246,524,245,123,97,-0.330683119,0.0000524,0.0000245,-4.280668713,-4.610833916,-0.330165203
36308604,36308604,O=C(N1CCC(CC1)c1n[nH]c(n1)C1CC1)c1ccc2c(c1)OCO2,emolecules,Mol247,4.6,289,98,104,1.797267541,0.00000046,0.0000289,-6.337242168,-4.539102157,1.798140011
27415022,27415022,CN(Cc1cccc(c1)C#N)Cc1ccccc1C#N,emolecules,Mol248,276,163,70,64,-0.228412519,0.0000276,0.0000163,-4.559090918,-4.787812396,-0.228721478
45649160,45649160,CN1CCN(Cc2noc(n2)Cc2ccccc2)c2ccccc21,emolecules,Mol249,292,187,65,51,-0.19314197,0.0000292,0.0000187,-4.534617149,-4.728158393,-0.193541245
24883078,24883078,COc1ccc(cc1)C1(CC1)NCc1ccc(cc1)N1CCCC1=O,emolecules,Mol250,321,165,101,78,-0.290730039,0.0000321,0.0000165,-4.493494968,-4.782516056,-0.289021088
150563,150563,Clc1cccc(c1)-c1cccc(n1)C1CCCN(C1)C(=O)c1cccnc1,emolecules,Mol251,206,186,,,-0.043351421,0.0000206,0.0000186,-4.68613278,-4.730487056,-0.044354276
48247166,48247166,CNC(=O)c1ccc(nn1)N(C)C1CCC1,emolecules,Mol252,348,204,101,93,-0.232102384,0.0000348,0.0000204,-4.458420756,-4.690369833,-0.231949077
48758418,48758418,CC#CCNc1ccc(c(c1)C)-n1cnnn1,emolecules,Mol253,364,215,99,84,-0.229147988,0.0000364,0.0000215,-4.438898616,-4.66756154,-0.228662924
830565,830565,Nc1nc2ccccc2nc1N1CCCC1,emolecules,Mol254,234,125,73,83,-0.273272791,0.0000234,0.0000125,-4.630784143,-4.903089987,-0.272305844
1539589,1539589,CCN1C(=O)N(CC)c2cc(ccc21)N,emolecules,Mol255,395,321,119,105,-0.089375595,0.0000395,0.0000321,-4.403402904,-4.493494968,-0.090092063
48613632,48613632,Cc1cc(nc(n1)CNC(=O)c1ccccc1Cl)N1CCCCC1,emolecules,Mol256,240,161,76,86,-0.17327748,0.000024,0.0000161,-4.619788758,-4.793174124,-0.173385366
48613628,48613628,COc1ccccc1C(=O)NCc1nc(cc(n1)N1CCCCC1)C,emolecules,Mol257,65.8,16,29,58,-0.614393726,0.00000658,0.0000016,-5.181774106,-5.795880017,-0.614105911
43805996,43805996,CCc1nnc(s1)NC(=O)Cc1cccc(c1)F,emolecules,Mol258,259,236,78,92,-0.040005162,0.0000259,0.0000236,-4.586700236,-4.627087997,-0.040387761
15275058,15275058,Fc1ccccc1NC(=O)CN1CCCN(CC1)c1ccc(cn1)C(F)(F)F,emolecules,Mol259,218,147,,,-0.17327748,0.0000218,0.0000147,-4.661543506,-4.832682665,-0.171139159
16678763,16678763,Cc1cccc(c1)NC(=O)CN1CCCN(CC1)c1ccc(cn1)C(F)(F)F,emolecules,Mol260,98.2,93.3,,,-0.021819483,0.00000982,0.00000933,-5.007888512,-5.030118356,-0.022229844
43643219,43643219,Clc1cccc(c1)NC(=O)CN1CCCN(CC1)c1nccs1,emolecules,Mol261,182,155,,,-0.07007044,0.0000182,0.0000155,-4.739928612,-4.809668302,-0.06973969
36647090,36647090,COc1ccccc1NC(=O)CN1CCCN(CC1)c1nc(cs1)C,emolecules,Mol262,238,171,,,-0.145086978,0.0000238,0.0000171,-4.623423043,-4.76700389,-0.143580847
33324457,33324457,CC(C)(C)c1cc([nH]n1)NC(=O)c1cccc2cn[nH]c12,emolecules,Mol263,96.2,149,62,76,0.190331698,0.00000962,0.0000149,-5.016824928,-4.826813732,0.190011196
35986174,35986174,Cc1ccccc1OCCCNc1cc(nc(n1)N)Cn1c(nc2ccccc12)C,emolecules,Mol264,7.68,164,46,57,1.330413773,0.000000768,0.0000164,-6.11463878,-4.785156152,1.329482628
151085,151085,COc1ccc(cc1)-c1cccc(n1)C1CCCN(C1)CC(=O)Nc1ccccn1,emolecules,Mol265,91.1,75.9,,,-0.079354999,0.00000911,0.00000759,-5.040481623,-5.119758224,-0.079276601
31931312,31931312,O=C1Nc2ccc(cc2O1)-c1csc(n1)CCN1CCCC1=O,emolecules,Mol266,19.2,365,98,96,1.281033367,0.00000192,0.0000365,-5.716698771,-4.437707136,1.278991636
48339568,48339568,Cc1noc(c1C(=O)N1CCCN(CC1)c1ccc(cc1)F)C,emolecules,Mol267,176,317,98,100,0.255272505,0.0000176,0.0000317,-4.754487332,-4.498940738,0.255546594
48761324,48761324,COCC1CCN(CC1)c1noc(n1)-c1cccs1,emolecules,Mol268,394,213,98,86,-0.266802735,0.0000394,0.0000213,-4.404503778,-4.671620397,-0.267116618
33297195,33297195,NC(=O)COc1ccccc1-c1ccccc1,emolecules,Mol269,353,219,90,80,-0.2069084,0.0000353,0.0000219,-4.452225295,-4.659555885,-0.207330591
46034633,46034633,Cc1nc(c(c(n1)NCc1cc(no1)-c1ccc(cc1)F)C)C,emolecules,Mol270,150,136,70,76,-0.042871802,0.000015,0.0000136,-4.823908741,-4.866461092,-0.042552351
42961554,42961554,CC1=CC=CN(Cc2cccc(c2)F)C1=O,emolecules,Mol271,378,246,106,100,-0.185752404,0.0000378,0.0000246,-4.4225082,-4.609064893,-0.186556693
72973342,72973342,Cn1cc(cn1)-c1ccc(cc1)-c1cncc(c1N1CCC2(CCNC2=O)CC1)Cl,emolecules,Mol273,11.6,706,75,117,1.78604121,0.00000116,0.0000706,-5.935542011,-4.151195299,1.784346712
23816897,23816897,Cc1ccc(cc1)-c1cn(nn1)CC1CCN(CC1)Cc1c[nH]c(n1)C,emolecules,Mol274,2.11,49.3,114,98,1.367355921,0.000000211,0.00000493,-6.675717545,-5.307153081,1.368564464
24126665,24126665,Clc1ccc2c(ncnc2c1)Oc1cccnc1,emolecules,Mol275,340,222,93,91,-0.184422252,0.000034,0.0000222,-4.468521083,-4.653647026,-0.185125943
13331036,13331036,CC(C)(C)c1csc(n1)NC(=O)C1CC1,emolecules,Mol276,245,155,68,70,-0.197910742,0.0000245,0.0000155,-4.610833916,-4.809668302,-0.198834386
23671374,23671374,Cc1ccc(s1)C(=O)Nc1ncccc1C,emolecules,Mol277,337,223,106,99,-0.177831921,0.0000337,0.0000223,-4.472370099,-4.651695137,-0.179325038
37009025,37009025,CC(C)(C)C(=O)N1CCN(CC1)C(=O)CCN1CCOC1=O,emolecules,Mol278,1.77,115,95,96,1.812244697,0.000000177,0.0000115,-6.752026734,-4.93930216,1.812724574
151211,151211,COc1ccc(cc1)Cc1cccc(n1)C1CCN(CC1)C(=O)C1CCCC1,emolecules,Mol279,364,240,86,62,-0.180456064,0.0000364,0.000024,-4.438898616,-4.619788758,-0.180890142
16159378,16159378,O=C(CN1C(=O)c2cccn2-c2ccccc21)NCCCN1CCCC1,emolecules,Mol281,2.37,185,100,105,1.892651034,0.000000237,0.0000185,-6.625251654,-4.732828272,1.892423382
44107241,44107241,O=C(CCCc1nnc(o1)-c1ccccc1)Nc1cccc2ccccc12,emolecules,Mol282,159,155,63,70,-0.010550182,0.0000159,0.0000155,-4.798602876,-4.809668302,-0.011065426
32106016,32106016,CN(CC(=O)NC1(CCCCC1)C#N)c1cccc(c1)C#N,emolecules,Mol283,29.5,306,83,90,1.017033339,0.00000295,0.0000306,-5.530177984,-4.514278574,1.015899411
32127001,32127001,Cc1nc(no1)C1(CCCC1)NCc1cccc(c1)C#N,emolecules,Mol284,264,180,94,87,-0.166852888,0.0000264,0.000018,-4.578396073,-4.744727495,-0.166331422
49330331,49330331,CN(CCC1CCCCC1)C(=O)c1ccon1,emolecules,Mol285,480,287,109,89,-0.224025669,0.000048,0.0000287,-4.318758763,-4.542118103,-0.223359341
32176681,32176681,CN(C)Cc1cccc(c1)N/C(=C/1\C(=O)Nc2cc(ccc21)C(=O)N(C)C)c1ccccc1,emolecules,Mol286,9.07,412,119,121,1.657055853,0.000000907,0.0000412,-6.042392713,-4.385102784,1.657289929
300525339,300525339,CC(C)c1cnn2c(cc(nc12)NCCCCCCN)NCc1ccccc1,emolecules,Mol287,2.08,85.8,85,71,1.615950052,0.000000208,0.00000858,-6.681936665,-5.066512712,1.615423953
17400188,17400188,COc1cc(c2c(c1)S(=O)(=O)N(COC1=CC(=O)N3C=CC=C(OCCN4CCCCC4)C3=N1)C2=O)C(C)C,emolecules,Mol288,1.29,118,85,85,1.961421094,0.000000129,0.0000118,-6.88941029,-4.928117993,1.961292297
30151761,30151761,OC(=O)c1ccc(c(c1)F)N1CCCC1,emolecules,Mol289,414,358,108,78,-0.062983893,0.0000414,0.0000358,-4.382999659,-4.446116973,-0.063117314
20173881,20173881,Cc1cc(cc(c1)Oc1cc(ccn1)C#N)C,emolecules,Mol290,380,212,85,68,-0.252588192,0.000038,0.0000212,-4.420216403,-4.673664139,-0.253447736
42923335,42923335,Cc1cc(sn1)NC(=O)C1CCOCC1,emolecules,Mol291,195,177,105,99,-0.040958608,0.0000195,0.0000177,-4.709965389,-4.752026734,-0.042061345
300449850,300449850,Fc1ccccc1CCNC(=O)CC1CCNCC1,emolecules,Mol292,1.18,10.4,103,104,0.943988875,0.000000118,0.00000104,-6.928117993,-5.982966661,0.945151332
29566339,29566339,O=C1CCCN1CCc1nc(cs1)-c1ccc(cc1)C#N,emolecules,Mol293,266,262,101,96,-0.00656377,0.0000266,0.0000262,-4.575118363,-4.581698709,-0.006580345
32391674,32391674,O=C(NCC1=CCCN(C1)Cc1cccc(c1)C#N)c1cccs1,emolecules,Mol294,161,362,106,102,0.352182518,0.0000161,0.0000362,-4.793174124,-4.441291429,0.351882695
44551318,44551318,CON(C)C(=O)c1cc(ccc1NS(=O)(=O)C)C,emolecules,Mol295,138,210,107,101,0.181843588,0.0000138,0.000021,-4.860120914,-4.677780705,0.182340208
Z1169976242,Z1169976242,Cc1nc(no1)Cc1noc(n1)C1CCN(CC1)CC#C,enamineHTS,Mol296,263,193,106,108,-0.135488919,0.0000263,0.0000193,-4.580044252,-4.714442691,-0.134398439
36256386,36256386,Cc1ccc(o1)Cn1nccc1NC(=O)c1ccncc1,emolecules,Mol297,147,334,96,100,0.357934847,0.0000147,0.0000334,-4.832682665,-4.476253533,0.356429132
44402919,44402919,NC(=O)Cn1cc(cn1)-c1ccc(cc1)F,emolecules,Mol298,281,244,105,101,-0.060480747,0.0000281,0.0000244,-4.55129368,-4.612610174,-0.061316494
19625558,19625558,CCN(C(=O)CN1CCNC(=O)C1)c1ccc(cc1)F,emolecules,Mol299,3.63,179,102,99,1.693726949,0.000000363,0.0000179,-6.440093375,-4.747146969,1.692946406
15267170,15267170,Cc1ccc(c(c1)F)NC(=O)CN1CCCN(CC1)c1ccc(cn1)C(F)(F)F,emolecules,Mol300,112,122,,,0.037426498,0.0000112,0.0000122,-4.950781977,-4.913640169,0.037141808
31856931,31856931,CNC(=O)Cc1csc(n1)-c1ccc(cc1)C,emolecules,Mol303,275,194,80,87,-0.149966742,0.0000275,0.0000194,-4.560667306,-4.71219827,-0.151530964
32033566,32033566,COc1ccccc1CNC(=O)C(C)N1CCCN(CC1)c1ccccc1C#N,emolecules,Mol304,176,265,,,0.178976947,0.0000176,0.0000265,-4.754487332,-4.576754126,0.177733206
24027900,24027900,CON(C)C(=O)c1cc2ccc(cc2[nH]1)C(C)(C)C,emolecules,Mol305,85.2,37.3,33,53,-0.358525889,0.00000852,0.00000373,-5.069560405,-5.428291168,-0.358730763
300430678,300430678,CCN(CC)Cc1cccc(n1)/C=C/C1=Nc2ccc(cc2C(=O)N1c1ccccc1Cl)F,emolecules,Mol306,21.8,183,65,71,0.925827575,0.00000218,0.0000183,-5.661543506,-4.73754891,0.923994596
43370379,43370379,N#CCCN(C1CC1)c1ncnc2sccc12,emolecules,Mol307,309,220,97,97,-0.146301788,0.0000309,0.000022,-4.510041521,-4.657577319,-0.147535799
23966628,23966628,Cc1ccc2nc3c(c(c2c1)C(=O)NCc1nnc2n1CCC2)CCCC3,emolecules,Mol308,2.61,85.7,103,101,1.517195898,0.000000261,0.00000857,-6.583359493,-5.067019178,1.516340315
18817139,18817139,O=C1N(CCc2ccncc2)N=NN1c1ccccc1,emolecules,Mol309,342,195,102,88,-0.243363892,0.0000342,0.0000195,-4.465973894,-4.709965389,-0.243991495
32180530,32180530,CCCCOc1ccc(cc1)C(=O)NCc1cc(on1)C,emolecules,Mol310,226,127,56,76,-0.249491605,0.0000226,0.0000127,-4.645891561,-4.896196279,-0.250304718
1527912,1527912,COc1cccc(c1)C(=O)C[n+]1cc(n(c1N)C)-c1ccc(cc1)F,emolecules,Mol311,1.33,34.9,96,95,1.419955748,0.000000133,0.00000349,-6.876148359,-5.457174573,1.418973786
46092427,46092427,COc1ccc(c(c1)OC)Cc1ncnn1-c1ccc2c(c1)OCO2,emolecules,Mol312,355,218,88,79,-0.211831629,0.0000355,0.0000218,-4.449771647,-4.661543506,-0.211771859
32433398,32433398,Clc1cccc(c1)N1C(=O)NN=C1CCCN1CCOCC1,emolecules,Mol313,11.1,283,106,114,1.408239965,0.00000111,0.0000283,-5.954677021,-4.548213564,1.406463457
49176076,49176076,Nc1cncc(c1)-c1ccc(cc1)CN1CCCCC1,emolecules,Mol314,219,163,92,94,-0.129011186,0.0000219,0.0000163,-4.659555885,-4.787812396,-0.12825651
43267241,43267241,O=C(CN1CCCC(C1)c1ccc2cn[nH]c2n1)N1CCCC1,emolecules,Mol315,4.51,136,,,1.480006943,0.000000451,0.0000136,-6.345823458,-4.866461092,1.479362366
46042019,46042019,CCn1nc(nc1-c1ccncc1)C1CCCC1,emolecules,Mol319,386,277,119,110,-0.145086978,0.0000386,0.0000277,-4.413412695,-4.557520231,-0.144107536
324054153,324054153,CC1(C)Cc2cc(c(nc2O1)N1CCN(CC1)CC(F)F)NC(=O)c1cnn2cccnc12,emolecules,Mol321,43.8,337,73,85,0.887054378,0.00000438,0.0000337,-5.358525889,-4.472370099,0.88615579
104336630,104336630,CC(C)(C)NC(=O)c1cncn1C1CCN(CC1)c1ccc(cn1)-c1nnc(o1)C(F)(F)F,emolecules,Mol322,28.8,243,72,85,0.926856709,0.00000288,0.0000243,-5.540607512,-4.614393726,0.926213786
33303639,33303639,COc1ccc(cc1)-n1c(nc2ccccc12)Cn1cnc(n1)C#N,emolecules,Mol323,166,227,73,68,0.136720567,0.0000166,0.0000227,-4.779891912,-4.643974143,0.135917769
1313043,1313043,CCOC(=O)N1CCN(CC1)C(=O)c1ccc2c(c1)OCO2,emolecules,Mol324,377,309,121,110,-0.086186148,0.0000377,0.0000309,-4.42365865,-4.510041521,-0.086382871
49946968,49946968,Cc1nc(n(n1)C)NCc1scnc1C,emolecules,Mol325,47.6,200,96,102,0.624282096,0.00000476,0.00002,-5.322393047,-4.698970004,0.623423043
49992529,49992529,CCn1cc(cn1)C1CCN(CC1)Cc1ccc(cc1)C#N,emolecules,Mol326,449,202,126,100,-0.346787486,0.0000449,0.0000202,-4.347753659,-4.694648631,-0.346894972
31925740,31925740,CCCn1nccc1NC(=O)c1c(noc1C)C,emolecules,Mol327,157,249,112,98,0.201397124,0.0000157,0.0000249,-4.804100348,-4.603800653,0.200299695
24055786,24055786,CCc1cc2c(ncnc2s1)N(C)CCO,emolecules,Mol328,375,254,111,98,-0.170053304,0.0000375,0.0000254,-4.425968732,-4.595166283,-0.169197551
208143,208143,C1CN(CCC1Cc1ccncc1)c1ncccn1,emolecules,Mol329,443,254,115,92,-0.240332155,0.0000443,0.0000254,-4.353596274,-4.595166283,-0.24157001
53851976,53851976,Cc1cc(n(n1)CCNC(=O)NC1CCOCC1)C,emolecules,Mol330,5.28,149,99,94,1.451786436,0.000000528,0.0000149,-6.277366077,-4.826813732,1.450552346
44502768,44502768,CCNC(=O)c1cc(nc2n(nc(c12)C)-c1ccccn1)C1CC1,emolecules,Mol331,72.6,275,83,96,0.5774918,0.00000726,0.0000275,-5.139063379,-4.560667306,0.578396073
18817053,18817053,CC(=O)Nc1ccc2nc(sc2c1)N1CCOCC1,emolecules,Mol332,260,210,92,94,-0.093126465,0.000026,0.000021,-4.585026652,-4.677780705,-0.092754053
42960950,42960950,Cc1ccc(cn1)CNC/C=C/c1ccccc1,emolecules,Mol333,298,115,110,91,-0.412289035,0.0000298,0.0000115,-4.525783736,-4.93930216,-0.413518424
EN300-1590205,,CC(C)(C)N1N=CC(=C(Cl)C1=O)OCc1ccc(nc1)OCCOCCO,enamineBB_pmc,Mol334,92.1,419,83,92,0.658011397,0.00000921,0.0000419,-5.03574037,-4.377785977,0.657954393
2951118,2951118,CC(=O)Nc1ccc(cc1)Oc1ncnc2scc(c12)-c1ccccc1,emolecules,Mol335,308,248,82,63,-0.094743951,0.0000308,0.0000248,-4.511449283,-4.605548319,-0.094099036
142671,142671,CCCNC(=O)C1(CCOCC1)Cc1ccccn1,emolecules,Mol336,24.1,262,94,91,1.037426498,0.00000241,0.0000262,-5.617982957,-4.581698709,1.036284249
222077,222077,CC1(CCN(CC1)Cc1ccco1)c1ccn[nH]1,emolecules,Mol337,201,182,95,91,-0.04383157,0.0000201,0.0000182,-4.696803943,-4.739928612,-0.043124669
136967,136967,CCCn1cc(cn1)C(=O)N1CCC(CC1)c1n[nH]cc1C(=O)N1CCOCC1,emolecules,Mol338,0.775,11.9,105,106,1.184691431,7.75E-08,0.00000119,-7.110698297,-5.924453039,1.186245259
165195,165195,Fc1ccc(cc1)-c1cccc(n1)C1CCCN(C1)C(=O)c1ccc2[nH]ccc2c1,emolecules,Mol339,65,104,,,0.204119983,0.0000065,0.0000104,-5.187086643,-4.982966661,0.204119983
32278040,32278040,CCCCC1=NC2(CCCC2)C(=O)N1Cc1ccc(cc1)-c1ccccc1-c1nn[nH]n1,emolecules,Mol340,1.65,244,92,104,2.170261715,0.000000165,0.0000244,-6.782516056,-4.612610174,2.169905882
44568872,44568872,CN1C(=O)Oc2cc(ccc21)Nc1cc(nc(n1)C1CC1)C,emolecules,Mol341,146,105,63,72,-0.144480844,0.0000146,0.0000105,-4.835647144,-4.978810701,-0.143163557
24997821,24997821,Fc1cccc(c1CC(=O)Nc1cccc2cnccc12)Cl,emolecules,Mol342,237,211,75,113,-0.051098239,0.0000237,0.0000211,-4.625251654,-4.675717545,-0.050465891
50301971,50301971,CCc1ccc(cc1)NC(=O)C1CCN(CC1)c1ccc2nncn2n1,emolecules,Mol343,20.3,276,85,76,1.133538908,0.00000203,0.0000276,-5.692503962,-4.559090918,1.133413044
206931104,206931104,CN(C)CCOc1ccc(cc1)-c1nc(c([nH]1)-c1ccc/2c(c1)CC\C2=N/O)-c1ccncc1,emolecules,Mol344,10.9,52.3,101,84,0.681241237,0.00000109,0.00000523,-5.962573502,-5.281498311,0.681075191
31956373,31956373,O=C(NCc1ccc(nc1)-n1cncn1)c1csc2c1CCCC2,emolecules,Mol345,254,252,81,99,-0.003488328,0.0000254,0.0000252,-4.595166283,-4.598599459,-0.003433176
3247549,3247549,Cc1sc2ncnc(c2c1C)OCC(=O)NC1CCCCC1,emolecules,Mol346,175,278,93,95,0.201397124,0.0000175,0.0000278,-4.756961951,-4.555955204,0.201006747
27429921,27429921,CC(C)c1nc(c(s1)C(=O)Nc1nc(cs1)C(C)(C)C)C,emolecules,Mol347,59.5,18.2,38,59,-0.514278574,0.00000595,0.00000182,-5.225483034,-5.739928612,-0.514445578
16252179,16252179,CCOC(=O)c1c([nH]c(c1C)CN(Cc1ccccc1)C(=O)c1ccccc1Cl)C,emolecules,Mol348,120,257,47,65,0.330413773,0.000012,0.0000257,-4.920818754,-4.590066877,0.330751877
15967580,15967580,Cc1cc(n2ncc(c2n1)C(=O)Nc1cccc(c1)C(=O)O)C,emolecules,Mol349,45.8,32.5,96,96,-0.149353765,0.00000458,0.00000325,-5.339134522,-5.488116639,-0.148982117
1520446,1520446,CN(C)c1ccc(cc1)-c1nc2ccc(cc2[nH]1)C,emolecules,Mol350,82.3,26,37,47,-0.500312917,0.00000823,0.0000026,-5.084600165,-5.585026652,-0.500426487
157315,157315,Cc1nc(cc(n1)NC1CCCC1)CC1CCN(CC1)S(=O)(=O)c1cn(cn1)C,emolecules,Mol351,5.24,196,93,103,1.572871602,0.000000524,0.0000196,-6.280668713,-4.707743929,1.572924784
3321097,3321097,CCC(CC)NC(=O)c1ccc2ncsc2c1,emolecules,Mol352,491,259,136,97,-0.278189385,0.0000491,0.0000259,-4.308918508,-4.586700236,-0.277781728
36924312,36924312,O=C1CNC(=O)N1CCCN1CCc2sccc2C1,emolecules,Mol353,126,191,96,103,0.181843588,0.0000126,0.0000191,-4.899629455,-4.718966633,0.180662822
171745752,171745752,CCCc1nc(ncc1C(=O)O)N1CCc2ccccc2C1,emolecules,Mol354,652,472,128,105,-0.139661993,0.0000652,0.0000472,-4.185752404,-4.326058001,-0.140305597
48305854,48305854,Cc1nc(cs1)CCN1C(=O)NC(C)(C)C1=O,emolecules,Mol355,59,272,101,98,0.663700925,0.0000059,0.0000272,-5.229147988,-4.565431096,0.663716892
25831601,25831601,COc1ccc(cc1)N1N=C(C)/C(=C(\C)Nc2ccc(cc2)S(=O)(=O)N)C1=O,emolecules,Mol356,6.85,281,75,76,1.613841822,0.000000685,0.0000281,-6.164309429,-4.55129368,1.613015748
43033977,43033977,C(NC1(COC1)Cc1cc(on1)COc1ccccc1)c1cnc2ccccc2c1,emolecules,Mol357,180,232,85,71,0.11058971,0.000018,0.0000232,-4.744727495,-4.634512015,0.11021548
48831256,48831256,Cc1nn(cc1CNc1nc(nc2sc3c(c12)CCCC3)-c1cnccn1)C,emolecules,Mol358,65.2,125,55,71,0.283301229,0.00000652,0.0000125,-5.185752404,-4.903089987,0.282662417
602991,602991,CCOc1ccc(cc1)-c1csc(n1)N,emolecules,Mol359,230,132,56,64,-0.242603971,0.000023,0.0000132,-4.638272164,-4.879426069,-0.241153905
152525,152525,CN(C)c1cccc(c1)C(=O)N1CCCC(C1)c1cccc(n1)-c1cccs1,emolecules,Mol360,177,115,,,-0.189095719,0.0000177,0.0000115,-4.752026734,-4.93930216,-0.187275426
49150113,49150113,CNc1ncc(cn1)-c1nc(nn1C(C)(C)C)C1(CC1)c1ccccc1,emolecules,Mol361,257,256,95,87,-0.002176919,0.0000257,0.0000256,-4.590066877,-4.591760035,-0.001693158
31940641,31940641,N#Cc1ccc(cc1)OCCn1cccn1,emolecules,Mol362,478,279,116,95,-0.233587153,0.0000478,0.0000279,-4.320572103,-4.554395797,-0.233823693
49328626,49328626,CC(C)CC(=O)Nc1cccnc1N(C)C,emolecules,Mol364,357,213,109,97,-0.224025669,0.0000357,0.0000213,-4.447331784,-4.671620397,-0.224288613
43079475,43079475,CC(C)c1nccn1-c1cccc(c1)-c1ccnc(n1)C,emolecules,Mol365,240,347,104,106,0.161368002,0.000024,0.0000347,-4.619788758,-4.459670525,0.160118233
29686205,29686205,CN(Cc1cnn(c1)C)c1ncnc2c3ccccc3oc12,emolecules,Mol366,274,266,89,87,-0.013676223,0.0000274,0.0000266,-4.562249437,-4.575118363,-0.012868926
32071082,32071082,Cc1cccc(n1)NC(=O)c1cccnc1N1CCCCC1,emolecules,Mol367,222,155,79,77,-0.156767222,0.0000222,0.0000155,-4.653647026,-4.809668302,-0.156021276
36325996,36325996,Clc1snnc1CN1CCCN(CC1)c1nc2ccccc2[nH]1,emolecules,Mol368,25.8,337,96,101,1.117271296,0.00000258,0.0000337,-5.588380294,-4.472370099,1.116010195
30434191,30434191,COc1ccc(cc1)S(=O)(=O)CCC(=O)Nc1ccc2c(c1)N(C)C(=O)CO2,emolecules,Mol369,11.9,330,89,99,1.440909082,0.00000119,0.000033,-5.924453039,-4.48148606,1.442966978
36356102,36356102,CC(C)c1nc2c(n1C)CCN(C2)c1ncnc2ccsc12,emolecules,Mol370,97.2,314.5,106,109,0.515873844,0.00000972,0.00003145,-5.012333735,-4.50237935,0.509954385
36310332,36310332,CN(CC(=O)Nc1cc(ccn1)C)C(=O)c1ccc(cc1)Cl,emolecules,Mol371,312,349,118,97,0.049218023,0.0000312,0.0000349,-4.505845406,-4.457174573,0.048670833
14004708,14004708,C(Nc1ncccn1)c1cnn(c1)-c1ccccc1,emolecules,Mol372,180,89.4,56,81,-0.303643611,0.000018,0.00000894,-4.744727495,-5.048662481,-0.303934986
15279096,15279096,Cc1cc(c(c(n1)N1CCN(CC1)CC(=O)Nc1ccccc1Cl)C#N)C,emolecules,Mol373,181,145,55,57,-0.094743951,0.0000181,0.0000145,-4.742321425,-4.838631998,-0.096310573
42924873,42924873,O=C(NCCCn1ccnc1)N1CCC21CCC2,emolecules,Mol374,7.68,235,98,94,1.484299839,0.000000768,0.0000235,-6.11463878,-4.628932138,1.485706642
323264,323264,Cc1nccc(n1)-c1ccc(cc1)-c1noc(n1)CN1CCOCC1,emolecules,Mol375,437,296,121,100,-0.169411331,0.0000437,0.0000296,-4.359518563,-4.528708289,-0.169189726
49168678,49168678,COCCc1nc(n(n1)Cc1ccc(cc1)F)-c1cnc(nc1)C1CC1,emolecules,Mol376,185,278,98,101,0.178976947,0.0000185,0.0000278,-4.732828272,-4.555955204,0.176873068
56769871,56769871,Oc1nccn2c(nnc12)CNC(=O)C1CCCC1,emolecules,Mol377,4.6,5.61,101,93,0.086359831,0.00000046,0.000000561,-6.337242168,-6.251037139,0.08620503
32441825,32441825,CN(C)C(=O)COc1ccc(c(c1)F)N,emolecules,Mol378,296,227,107,102,-0.11577123,0.0000296,0.0000227,-4.528708289,-4.643974143,-0.115265854
32441961,32441961,COc1ccc(c(c1)-c1nnc(o1)N)Br,emolecules,Mol379,348,246,96,95,-0.150580586,0.0000348,0.0000246,-4.458420756,-4.609064893,-0.150644137
49165262,49165262,CCCn1ccnc1CNc1nc2n(nc(c2s1)C)C,emolecules,Mol380,44.3,396,91,103,0.951337519,0.00000443,0.0000396,-5.353596274,-4.402304814,0.95129146
217047,217047,Cc1cn[nH]c1C1(C)CCN(CC1)Cc1cnn(c1)C,emolecules,Mol382,4.68,106,106,104,1.354108439,0.000000468,0.0000106,-6.329754147,-4.974694135,1.355060012
49640518,49640518,Cc1nc2ccccn2c1CC(=O)NCCCSc1ccccc1,emolecules,Mol383,17.2,452,99,103,1.418301291,0.00000172,0.0000452,-5.764471553,-4.344861565,1.419609988
145071,145071,COc1ccccc1CNC(=O)c1cnc(nc1C)C1CCN(CC1)C(=O)C(C)(C)C,emolecules,Mol384,38.2,363,91,100,0.978636948,0.00000382,0.0000363,-5.417936637,-4.440093375,0.977843262
25633058,25633058,CCOC(=O)N1CCC(CC1)Nc1nc2ccccc2s1,emolecules,Mol385,239,194,80,80,-0.090443971,0.0000239,0.0000194,-4.621602099,-4.71219827,-0.090596171
36467131,36467131,CCOc1ccc(cc1)-c1ccccc1NC(=O)COC,emolecules,Mol386,230,92.2,67,63,-0.396855627,0.000023,0.00000922,-4.638272164,-5.035269079,-0.396996915
45676719,45676719,Cc1ccc(cc1)-n1nc(c2c1CCCC2)C(=O)N1CC(O)C1,emolecules,Mol387,64.6,366,82,92,0.753583059,0.00000646,0.0000366,-5.189767482,-4.436518915,0.753248567
36946295,36946295,CNC(=O)c1cnc(s1)/C=C/c1csc(n1)-c1cccs1,emolecules,Mol388,84.9,44.2,25,54,-0.283162277,0.00000849,0.00000442,-5.07109231,-5.354577731,-0.283485421
29569223,29569223,Cc1ccc(o1)-c1nc(cs1)C(=O)N1CCc2ccccc2C1,emolecules,Mol389,164,69.2,,,-0.375717904,0.0000164,0.00000692,-4.785156152,-5.159893906,-0.374737754
3563624,3563624,FC(F)(F)c1nc(c2ccccc2n1)Nc1ccc(cc1)-n1cnnn1,emolecules,Mol390,141,159,70,53,0.053078443,0.0000141,0.0000159,-4.850780887,-4.798602876,0.052178012
49336073,49336073,CC(=O)NC1CCN(CC1)Cc1cccc(c1)-c1cccnc1,emolecules,Mol391,22,299,116,103,1.133538908,0.0000022,0.0000299,-5.657577319,-4.524328812,1.133248508
49297123,49297123,Cc1cc(c(c(n1)C)NC(=O)c1ccnc(c1)OC1CCC1)C,emolecules,Mol392,174,249,95,89,0.155336037,0.0000174,0.0000249,-4.759450752,-4.603800653,0.155650099
1527152,1527152,Cn1c(ncc1-c1ccccc1)NCc1ccccc1,emolecules,Mol393,321,161,89,89,-0.300162274,0.0000321,0.0000161,-4.493494968,-4.793174124,-0.299679156
3506779,3506779,Cc1ccc(cc1)-c1cc(on1)NC(=O)CN1CCOCC1,emolecules,Mol394,246,138,74,89,-0.251037139,0.0000246,0.0000138,-4.609064893,-4.860120914,-0.251056021
193785,193785,COc1ccc2c(c1)C=C(CO2)CN1CCC(CC1)c1cc(cc(n1)C)-c1ccc(nc1)N,emolecules,Mol395,2.76,2.76,26,46,-4.35E-04,0.000000276,0.000000276,-6.559090918,-6.559090918,0
44566730,44566730,CCc1nnnn1Cc1noc2c1CCCC2,emolecules,Mol396,309,245,107,100,-0.101274818,0.0000309,0.0000245,-4.510041521,-4.610833916,-0.100792395
49144758,49144758,CSCCc1nc(n(n1)CCO)-c1cc(nc2cc(ccc12)F)C,emolecules,Mol397,18.8,410,100,104,1.338456494,0.00000188,0.000041,-5.725842151,-4.387216143,1.338626007
36466247,36466247,CCOc1ncccc1-c1cc(ccc1O)Cl,emolecules,Mol398,324,193,78,66,-0.225483034,0.0000324,0.0000193,-4.48945499,-4.714442691,-0.224987701
46075643,46075643,Cc1nc(c2sccc2n1)NC(C1CC1)c1nccn1C,emolecules,Mol399,22.9,318,,,1.1430148,0.00000229,0.0000318,-5.640164518,-4.49757288,1.142591638
43251541,43251541,CN(C1CCC1)C(=O)c1cc(nc2ccnn12)C,emolecules,Mol400,321,231,108,98,-0.14327111,0.0000321,0.0000231,-4.493494968,-4.63638802,-0.142893053
197317,197317,CCCn1ncc2ccc(nc12)C1CCCN(C1)CC(=O)N1CCCC1,emolecules,Mol401,37,248,,,0.825426118,0.0000037,0.0000248,-5.431798276,-4.605548319,0.826249957
36987134,36987134,CC1CCC(CC1)NC(=O)c1oc2ccccc2c1CS(=O)C,emolecules,Mol402,128,323,85,99,0.401400541,0.0000128,0.0000323,-4.89279003,-4.490797478,0.401992553
LN01297365,LN01297365,CCN(C1CCOCC1)c1cc(cc(c1C)C(=O)NCc1c(cc(nc1O)C)C)-c1ccc(cc1)CN1CCOCC1,labnetworkBB,Mol403,3.05,184,94,93,1.780317312,0.000000305,0.0000184,-6.515700161,-4.735182177,1.780517984
31928328,31928328,Cn1cc(cn1)NC(=O)c1ccccc1C(F)(F)F,emolecules,Mol404,290,240,99,94,-0.081969663,0.000029,0.000024,-4.537602002,-4.619788758,-0.082186756
25614421,25614421,CN(Cc1n[nH]c2c1CCCC2)c1nccnc1C#N,emolecules,Mol405,283,286,96,89,0.004321374,0.0000283,0.0000286,-4.548213564,-4.543633967,0.004579598
36931863,36931863,COc1ccc2c(c1)CN(CC2)C(=O)c1cc([nH]n1)C1CC1,emolecules,Mol406,288,306,79,90,0.025305865,0.0000288,0.0000306,-4.540607512,-4.514278574,0.026328939
1533629,1533629,COc1ccc(c(c1)Oc1nc2c(n1C)C(=O)N(C)C(=O)N2C)C(=O)c1ccccc1,emolecules,Mol407,146,268,75,85,0.26245109,0.0000146,0.0000268,-4.835647144,-4.571865206,0.263781938
32136137,32136137,COc1ccc(c(c1)-c1cc(no1)C(=O)N1CCCN(CC1)C(=O)C)OC,emolecules,Mol408,71.7,338,,,0.673941999,0.00000717,0.0000338,-5.144480844,-4.4710833,0.673397545
43397821,43397821,Cc1cc(cc(c1)C(=O)Nc1nn(cc1C#N)C(C)(C)C)C,emolecules,Mol409,157,331,79,83,0.322219295,0.0000157,0.0000331,-4.804100348,-4.480172006,0.323928341
30713459,30713459,CC(C)CC(=O)NCC(=O)N1CCCC1,emolecules,Mol410,183,220,107,104,0.079181246,0.0000183,0.000022,-4.73754891,-4.657577319,0.079971591
31612429,31612429,Cc1cccc(c1)-c1ncc(cn1)CNCc1ccccc1-n1cccn1,emolecules,Mol413,147,87.1,54,63,-0.226945307,0.0000147,0.00000871,-4.832682665,-5.059981845,-0.22729918
12602676,12602676,Clc1ccc(c(c1)Cl)-c1ccc(o1)CNCC1CCCO1,emolecules,Mol415,194,121,,,-0.20481541,0.0000194,0.0000121,-4.71219827,-4.91721463,-0.20501636
24465856,24465856,Oc1c(ccc2ccccc12)C(=O)N1CCN(CC1)C(=O)c1cccc(c1)Cl,emolecules,Mol416,276,187,79,68,-0.168770306,0.0000276,0.0000187,-4.559090918,-4.728158393,-0.169067476
43423841,43423841,CN(C)C(=O)CN1CCN(CC1)C(=O)c1ccc2ccccc2c1O,emolecules,Mol417,175,411,110,98,0.371067862,0.0000175,0.0000411,-4.756961951,-4.386158178,0.370803773
139895,139895,NC(=O)C1(CCN(CC1)Cc1cccc(c1)Cl)Cc1ccc(cc1)-c1cccnc1,emolecules,Mol418,21.5,105,58,76,0.687528961,0.00000215,0.0000105,-5.66756154,-4.978810701,0.688750839
25000139,25000139,CN(CC(=O)Nc1cccc(c1)F)C(=O)c1cccc(c1)C#N,emolecules,Mol419,58.3,356,86,107,0.78604121,0.00000583,0.0000356,-5.234331445,-4.448550002,0.785781443
25000719,25000719,CC(=O)N1CCC(CC1)Nc1ncnc2cc(sc12)-c1ccc(cc1)Br,emolecules,Mol420,42.9,254,61,65,0.771587481,0.00000429,0.0000254,-5.367542708,-4.595166283,0.772376424
214735,214735,Cc1cc(nc(n1)C1CCNCC1)NC1CCCC1,emolecules,Mol421,1.46,97.6,107,95,1.824125834,0.000000146,0.00000976,-6.835647144,-5.010550182,1.825096962
25831727,25831727,COC(=O)CC/1=NN(C(=O)\C1=C(\C)NCc1ccc(cc1)OC)c1ccc(cc1)OC,emolecules,Mol422,137,173,73,63,0.100370545,0.0000137,0.0000173,-4.863279433,-4.761953897,0.101325536
31901754,31901754,Cc1ccc2nc(c(cc2c1)C(=O)N1CCC(CC1)C(=O)Nc1ccncc1)C,emolecules,Mol423,7.05,260,92,103,1.567026366,0.000000705,0.000026,-6.151810883,-4.585026652,1.566784231
49992227,49992227,Cn1cc(cn1)C1CCN(CC1)CC(=O)N1CCc2sccc2C1,emolecules,Mol424,119,329,108,111,0.440909082,0.0000119,0.0000329,-4.924453039,-4.482804102,0.441648937
18822495,18822495,O=C(CCN1C(=O)CCC1=O)Nc1cccc2ncccc12,emolecules,Mol425,8.37,94.9,109,103,1.053078443,0.000000837,0.00000949,-6.077274542,-5.022733788,1.054540754
31858299,31858299,CCc1ccccc1NC(=O)Cn1nc(cc1C)C,emolecules,Mol426,291,208,93,91,-0.145086978,0.0000291,0.0000208,-4.536107011,-4.681936665,-0.145829654
1422270,1422270,Clc1ccc(cc1)CC(=O)NCc1ccncc1,emolecules,Mol427,287,222,109,94,-0.1123827,0.0000287,0.0000222,-4.542118103,-4.653647026,-0.111528922
104707925,104707925,CC(C)n1cc(c2c(ccnc12)NS(=O)(=O)c1ccn(n1)C)-c1ccc2c(c1)N(C)CC2,emolecules,Mol428,156.5,390.5,,,0.394451681,0.00001565,0.00003905,-4.805485658,-4.408378962,0.397106696
24142070,24142070,O=C(Cc1cccc2ccccc12)NCc1nnc2n1-c1ccccc1CC2,emolecules,Mol429,9.07,408,94,94,1.653212514,0.000000907,0.0000408,-6.042392713,-4.389339837,1.653052876
49304907,49304907,Cc1nc(ccc1C(=O)N1CCCS1(=O)=O)-c1ccccc1,emolecules,Mol430,304,233,94,92,-0.11577123,0.0000304,0.0000233,-4.517126416,-4.632644079,-0.115517663
30748239,30748239,Cc1cccnc1NC(=O)CCn1cnc2ccccc12,emolecules,Mol431,21.5,342,134,93,1.201397124,0.00000215,0.0000342,-5.66756154,-4.465973894,1.201587646
35743833,35743833,CNC(=O)c1ccc(cc1)CN(C)c1c(cc(cc1F)C#N)F,emolecules,Mol432,340,202,84,78,-0.225483034,0.000034,0.0000202,-4.468521083,-4.694648631,-0.226127548
36648529,36648529,CC(N1CCCN(CC1)c1nccs1)C(=O)Nc1ccccc1,emolecules,Mol433,182,168,,,-0.033389013,0.0000182,0.0000168,-4.739928612,-4.774690718,-0.034762106
24888190,24888190,Fc1ccc2c(noc2c1)C1CCN(CC1)Cc1ccc(cc1)N1CCCC1=O,emolecules,Mol434,180,173,83,83,-0.016373713,0.000018,0.0000173,-4.744727495,-4.761953897,-0.017226402
11654209,11654209,Brc1ccc(o1)-c1nnc(o1)Cn1cnc2ccccc12,emolecules,Mol435,225,219,90,88,-0.010550182,0.0000225,0.0000219,-4.647817482,-4.659555885,-0.011738403
29377737,29377737,Cc1cc(c2ccccc2n1)NC(=O)CCc1cnn(c1)C,emolecules,Mol436,47.7,366,91,99,0.88536122,0.00000477,0.0000366,-5.321481621,-4.436518915,0.884962706
73008556,73008556,CCc1noc(n1)C1CCC(CC1)NCC1CCC(F)(F)CC1,emolecules,Mol437,102,304,99,105,0.474216264,0.0000102,0.0000304,-4.991399828,-4.517126416,0.474273412
44563083,44563083,COC(=O)N1CCCN(CC1)C(=O)c1ccc(o1)-c1ccccc1Cl,emolecules,Mol438,310,205,,,-0.179798541,0.000031,0.0000205,-4.508638306,-4.688246139,-0.179607833
32278042,32278042,CCCCc1nc2cc(ccc2n1CCN(CC)CC)/C=C/C(=O)NO,emolecules,Mol439,11,312,99,95,1.451786436,0.0000011,0.0000312,-5.958607315,-4.505845406,1.452761909
49883411,49883411,COc1ccc(c(c1)CN1CCC(CC1)Cc1noc(n1)C)F,emolecules,Mol440,317,208,112,103,-0.183096161,0.0000317,0.0000208,-4.498940738,-4.681936665,-0.182995927
1556723,1556723,Cc1ccc(c(c1)-n1c(nnc1-c1ccc(cc1)O)S)C,emolecules,Mol441,11,340,98,83,1.492760389,0.0000011,0.000034,-5.958607315,-4.468521083,1.490086232
48210000,48210000,CCN1CCC(CC1)Nc1ncnc2n(ncc12)C,emolecules,Mol442,43.4,174,120,102,0.604226053,0.00000434,0.0000174,-5.36251027,-4.759450752,0.603059519
36950801,36950801,CN(CC1CCCC1)C(=O)Nc1ccccc1N1CCOC1=O,emolecules,Mol443,85.1,428,94,99,0.701567985,0.00000851,0.0000428,-5.07007044,-4.368556231,0.701514209
32272128,32272128,Cc1nccn1CCNC(=O)C(C)(C)C,emolecules,Mol444,10.7,69.8,109,89,0.814247596,0.00000107,0.00000698,-5.970616222,-5.156144577,0.814471645
3409017,3409017,O=C(NCCc1ccc2c(c1)OCCO2)c1ccc2ccccc2n1,emolecules,Mol445,246,139,51,57,-0.247951552,0.0000246,0.0000139,-4.609064893,-4.8569852,-0.247920307
36950373,36950373,CC(C)(C)c1csc(n1)CCNC(=O)N1CCSCC1,emolecules,Mol446,227,259,96,97,0.056904851,0.0000227,0.0000259,-4.643974143,-4.586700236,0.057273907
43389174,43389174,CS(=O)(=O)CCNc1ccc2ccc(cc2n1)F,emolecules,Mol447,320,208,100,92,-0.185752404,0.000032,0.0000208,-4.494850022,-4.681936665,-0.187086643
31929988,31929988,COc1cccc(c1)NC(=O)CNc1cccc(c1)-c1ccnc(n1)C,emolecules,Mol448,117,279,72,89,0.378397901,0.0000117,0.0000279,-4.931814138,-4.554395797,0.377418342
4498619,4498619,Clc1ccc(cc1)S(=O)(=O)Nc1cccc(c1)-c1nc2ccccc2[nH]1,emolecules,Mol449,22.2,237,51,50,1.029383778,0.00000222,0.0000237,-5.653647026,-4.625251654,1.028395372
43127347,43127347,Cn1ncc2cc(ccc12)-c1ccnc2[nH]ccc12,emolecules,Mol450,252,153,51,57,-0.216096421,0.0000252,0.0000153,-4.598599459,-4.815308569,-0.21670911
6892467,6892467,COc1cc(cc(c1OCc1ccc(cc1)Cl)Br)CNc1nnn[nH]1,emolecules,Mol451,87.7,353,67,86,0.605305046,0.00000877,0.0000353,-5.057000407,-4.452225295,0.604775112
31239684,31239684,Fc1ccc(cc1)C1=C(NN(C1=O)c1ccc(cc1)Cl)c1ccncc1,emolecules,Mol452,222,324,92,104,0.164352856,0.0000222,0.0000324,-4.653647026,-4.48945499,0.164192036
36673851,36673851,CCNC(=O)N1CCC(CC1)c1nc(no1)-c1ccccc1,emolecules,Mol453,333,280,107,96,-0.075204004,0.0000333,0.000028,-4.477555766,-4.552841969,-0.075286202
44527032,44527032,Fc1cc2c(cc1F)N(CCC2)C(=O)CCc1nnc(o1)-c1ccsc1,emolecules,Mol454,222,192,74,70,-0.062482108,0.0000222,0.0000192,-4.653647026,-4.716698771,-0.063051746
32125849,32125849,Cn1ccnc1CCNC(=O)c1cccc2cccnc12,emolecules,Mol455,40.5,318,94,101,0.895974732,0.00000405,0.0000318,-5.392544977,-4.49757288,0.894972097
299971700,299971700,COc1ccc2cc-3[n+](cc2c1OC)CCc1cc(c(cc13)OC)OC,emolecules,Mol456,0.549,12.3,102,91,1.352182518,5.49E-08,0.00000123,-7.260427656,-5.910094889,1.350332767
36262171,36262171,Cc1nn(c(c1CCC(=O)N1CCCc2ncccc21)C)C,emolecules,Mol457,17.5,398,100,110,1.356025857,0.00000175,0.0000398,-5.756961951,-4.400116928,1.356845023
32018884,32018884,Nc1nc2ccccc2n1CCCc1ccccc1,emolecules,Mol458,127,123,58,71,-0.015022874,0.0000127,0.0000123,-4.896196279,-4.910094889,-0.01389861
3434817,3434817,Cc1ccc2c(coc2c1)CC(=O)NCc1cccs1,emolecules,Mol459,304,166,75,68,-0.262012674,0.0000304,0.0000166,-4.517126416,-4.779891912,-0.262765496
44505466,44505466,CC1CCC(CC1)(NC(=O)C)C(=O)N1CCCN(CC1)C1CC1,emolecules,Mol460,4.88,184,108,101,1.57634135,0.000000488,0.0000184,-6.311580178,-4.735182177,1.576398001
32149349,32149349,O=C(N1CCCCC1)c1cccc(c1)CNc1ccc2nccnc2n1,emolecules,Mol461,9.46,354,96,102,1.572871602,0.000000946,0.0000354,-6.024108864,-4.450996738,1.573112126
24970980,24970980,CC(C)CN(C1CC1)c1ncnc2n(ncc12)C,emolecules,Mol462,300,219,97,95,-0.136082623,0.00003,0.0000219,-4.522878745,-4.659555885,-0.13667714
150507,150507,Fc1ccc(cc1)Cc1cccc(n1)C1CCN(CC1)C(=O)CCc1ccccc1,emolecules,Mol463,193,140,,,-0.138465589,0.0000193,0.000014,-4.714442691,-4.853871964,-0.139429273
44424625,44424625,Cc1ccc(cc1)-c1ccc(o1)-c1nccn1CCCn1cnnc1,emolecules,Mol464,2,246,96,99,2.089905111,0.0000002,0.0000246,-6.698970004,-4.609064893,2.089905111
48430874,48430874,CCc1cc(ncn1)NCc1cccc(c1)OCCOC,emolecules,Mol465,278,230,110,103,-0.08249449,0.0000278,0.000023,-4.555955204,-4.638272164,-0.08231696
35772359,35772359,Cn1ccnc1CN1CCN(CC1)Cc1ccc(cc1C#N)F,emolecules,Mol466,61.5,387,113,103,0.799340549,0.00000615,0.0000387,-5.211124884,-4.412289035,0.798835849
43648627,43648627,CN1C(=O)N(Cc2cccc(c2)OC(F)F)c2cnccc21,emolecules,Mol467,200,268,91,87,0.127104798,0.00002,0.0000268,-4.698970004,-4.571865206,0.127104798
314102886,314102886,CCOC(=O)CNC(=O)c1ccc(cc1O)O,emolecules,Mol469,289,203,94,94,-0.152427341,0.0000289,0.0000203,-4.539102157,-4.692503962,-0.153401805
36931743,36931743,O=C(N1CCN(CC1)Cc1ccccn1)C1(CCCCC1)C#N,emolecules,Mol470,255,283,108,104,0.045322979,0.0000255,0.0000283,-4.59345982,-4.548213564,0.045246255
36265861,36265861,N#Cc1cccnc1NCCc1cn2c(n1)CCCC2,emolecules,Mol471,170,226,95,100,0.123851641,0.000017,0.0000226,-4.769551079,-4.645891561,0.123659518
31878736,31878736,CN(Cc1ccccc1)C(=O)c1ccc(nc1)-n1cccn1,emolecules,Mol472,399,226,98,84,-0.247183569,0.0000399,0.0000226,-4.399027104,-4.645891561,-0.246864457
48248900,48248900,Clc1cnc(nc1)N1CCC(CC1)CC(=O)N1CCOCC1,emolecules,Mol473,334,255,111,97,-0.116906641,0.0000334,0.0000255,-4.476253533,-4.59345982,-0.117206286
11957669,11957669,CC1CCN(CC1)Cc1nc(c2c(c(sc2n1)C)C)N1CCN(CC1)c1cnccn1,emolecules,Mol474,12.3,115,58,73,0.968949681,0.00000123,0.0000115,-5.910094889,-4.93930216,0.970792729
49295738,49295738,CN(CCC(=O)O)C(=O)c1cc2cc(c(cc2o1)C)C,emolecules,Mol475,49.3,84.9,105,101,0.235528447,0.00000493,0.00000849,-5.307153081,-5.07109231,0.236060771
32402718,32402718,Cc1ccncc1-c1ccc(cc1)-c1ccn[nH]1,emolecules,Mol476,458,270,106,88,-0.229147988,0.0000458,0.000027,-4.339134522,-4.568636236,-0.229501714
48280740,48280740,CN(CC1(O)CCCC1)c1ncccn1,emolecules,Mol477,545,695,147,678,0.10720997,0.0000545,0.0000695,-4.263603498,-4.158015195,0.105588302
48755148,48755148,CCNC(=O)C1CN(C1)c1nc(nc2c1CCC2)C1CC1,emolecules,Mol478,14.6,344,92,90,1.371067862,0.00000146,0.0000344,-5.835647144,-4.463441557,1.372205587
25614739,25614739,Cc1cc(n(n1)C)-c1nnc2ccc3ccccc3n12,emolecules,Mol479,310,392,118,105,0.103803721,0.000031,0.0000392,-4.508638306,-4.406713933,0.101924373
30016064,30016064,Cc1nn(c2ncc(cc12)C(=O)Nc1ccc2c(c1)CCO2)C,emolecules,Mol480,144,82.2,51,76,-0.243363892,0.0000144,0.00000822,-4.841637508,-5.085128182,-0.243490675
114695027,114695027,Clc1ccc(nn1)NCc1ccoc1,emolecules,Mol482,381,226,106,99,-0.226213555,0.0000381,0.0000226,-4.419075024,-4.645891561,-0.226816537
48355585,48355585,CCOCC(=O)NCc1cc(n(n1)C1CCCC1)C1CC1,emolecules,Mol483,262,201,90,92,-0.11463878,0.0000262,0.0000201,-4.581698709,-4.696803943,-0.115105234
93428812,93428812,CCS(=O)(=O)Nc1ccc(c(c1)C1=CN(C)C(=O)c2[nH]ccc21)Oc1ccc(cc1F)F,emolecules,Mol484,5.51,282,81,70,1.709269961,0.000000551,0.0000282,-6.258848401,-4.549750892,1.709097509
43657158,43657158,CN(C)C1(CCOCC1)CNC(=O)N1CCCC(C)(C)CC1,emolecules,Mol485,20.3,336,97,113,1.217483944,0.00000203,0.0000336,-5.692503962,-4.473660723,1.218843239
43659306,43659306,CCc1noc(n1)CN1CCCN(C(=O)C)c2ccccc21,emolecules,Mol486,267,335,110,99,0.100370545,0.0000267,0.0000335,-4.573488739,-4.474955193,0.098533546
53751074,53751074,CN1C=CC(=CC1=O)CN1C(=O)c2ccccc2C1=O,emolecules,Mol487,189,359,111,94,0.278753601,0.0000189,0.0000359,-4.723538196,-4.444905551,0.278632644
31966128,31966128,Cc1nc(cs1)CN1N=Cc2ccccc2C1=O,emolecules,Mol488,349,238,104,101,-0.166852888,0.0000349,0.0000238,-4.457174573,-4.623423043,-0.16624847
48759010,48759010,Cc1ncccc1CNc1nnc(s1)C(C)(C)C,emolecules,Mol489,259,331,121,107,0.10720997,0.0000259,0.0000331,-4.586700236,-4.480172006,0.10652823
36343702,36343702,Cc1ncc2c(n1)CN(CCCc1nc3ccccc3o1)CC2,emolecules,Mol490,342,265,124,104,-0.111259039,0.0000342,0.0000265,-4.465973894,-4.576754126,-0.110780232
1321458,1321458,COc1cc(c(c(c1)Br)Nc1nc(cs1)-c1c(nc2ncccn12)C)Br,emolecules,Mol491,125,324,73,68,0.413299764,0.0000125,0.0000324,-4.903089987,-4.48945499,0.413634997
49975856,49975856,CN1CCCN(CC1)C(=O)Nc1ccnn1-c1cc(ccn1)C,emolecules,Mol492,90.3,266,93,98,0.469822016,0.00000903,0.0000266,-5.04431225,-4.575118363,0.469193886
306342,306342,O=C1Oc2nc3cc4c(cc3cc2CN1CCN1CCOCC1)OCO4,emolecules,Mol493,49,119,91,92,0.383815366,0.0000049,0.0000119,-5.30980392,-4.924453039,0.385350881
13523780,13523780,Cc1nc2ccc(cc2s1)NC(=O)c1sc(nc1C)-c1ccccn1,emolecules,Mol494,161,110,54,52,-0.164309429,0.0000161,0.000011,-4.793174124,-4.958607315,-0.165433191
56766469,56766469,CCOc1ccc(cn1)C(=O)Nc1cnn(c1)C1CCOCC1,emolecules,Mol495,161,227,94,98,0.149219113,0.0000161,0.0000227,-4.793174124,-4.643974143,0.149199981
207921,207921,Cc1nc(cc(n1)C1CCN(CC1)c1cnccn1)O,emolecules,Mol496,7.71,324,104,99,1.62324929,0.000000771,0.0000324,-6.112945622,-4.48945499,1.623490632
36421752,36421752,COc1ccc(cn1)-c1c(n[nH]c1C)C,emolecules,Mol497,430,292,115,94,-0.168770306,0.000043,0.0000292,-4.366531544,-4.534617149,-0.168085604
189882719,189882719,Clc1ccc(cc1)/C=C/C(=O)N1CCC2(CC1)CN(Cc1ccc(c(c1)Cl)Cl)C(=O)O2,emolecules,Mol499,49,122,30,53,0.397940009,0.0000049,0.0000122,-5.30980392,-4.913640169,0.396163751
6887028,6887028,Cc1cc(n(n1)-c1ncnc2sc(c(c12)-c1ccc(cc1)Cl)C)N,emolecules,Mol500,387,276,97,75,-0.147520006,0.0000387,0.0000276,-4.412289035,-4.559090918,-0.146801883
42961078,42961078,Cc1nc(cc(n1)Nc1cnn(c1)C(C)(C)C)Cl,emolecules,Mol502,261,178,89,94,-0.164943898,0.0000261,0.0000178,-4.583359493,-4.749579998,-0.166220505
43104263,43104263,CCc1ccc2nc(cc(c2c1)C(=O)N1CC(C1)c1cccnc1)C,emolecules,Mol503,33.5,376,76,108,1.049218023,0.00000335,0.0000376,-5.474955193,-4.424812155,1.050143038
301229871,301229871,CC(C)(C)CC(=O)N1CCC(CC1)OCCCN,emolecules,Mol504,9.48,76.3,94,74,0.90579588,0.000000948,0.00000763,-6.023191663,-5.117475462,0.905716201
48745653,48745653,CC(C)NC(=O)Cn1nnnc1C(C)(C)C,emolecules,Mol505,212,264,84,105,0.096910013,0.0000212,0.0000264,-4.673664139,-4.578396073,0.095268066
49165848,49165848,CCn1nc(nc1Cc1sc(nc1C)C)Cc1ccc(cc1)OC,emolecules,Mol506,168,355,94,97,0.324282455,0.0000168,0.0000355,-4.774690718,-4.449771647,0.324919071
16744002,16744002,CCONC(=O)c1cncn1-c1ccc(cc1)F,emolecules,Mol507,90.3,202,99,94,0.350248018,0.00000903,0.0000202,-5.04431225,-4.694648631,0.349663619
30426285,30426285,O=C(CN1N=C2N3CCN=C3c3ccccc3N2C1=O)N1CCCc2ccccc21,emolecules,Mol508,58.5,425,89,95,0.861534411,0.00000585,0.0000425,-5.232844134,-4.37161107,0.861233064
1300953,1300953,Cc1ccccc1OCCn1c(nc2ccccc12)N,emolecules,Mol509,66.3,101,41,66,0.184691431,0.00000663,0.0000101,-5.178486472,-4.995678626,0.182807845
152939,152939,Cc1cccc(c1)OC1CCN(CC1)CC(=O)N,emolecules,Mol510,340,216,105,91,-0.196542884,0.000034,0.0000216,-4.468521083,-4.665546249,-0.197025166
36701026,36701026,Clc1cccc(c1)-c1nnc(o1)Cn1cnc2ccccc12,emolecules,Mol511,236,205,68,84,-0.062482108,0.0000236,0.0000205,-4.627087997,-4.688246139,-0.061158142
32435950,32435950,COc1cc(ccc1-c1ncccc1NC(=O)C(C)C)F,emolecules,Mol512,90,299,99,97,0.522444234,0.000009,0.0000299,-5.045757491,-4.524328812,0.521428679
49679970,49679970,CCCN(C1Cc2ccccc2C1)C(=O)c1c(onc1CC)C,emolecules,Mol513,222,210,85,77,-0.023650021,0.0000222,0.000021,-4.653647026,-4.677780705,-0.02413368
3593598,3593598,Clc1ccccc1-c1ccc(o1)C(=O)N1CCN(CC1)C(=O)c1ccccc1,emolecules,Mol514,236,162,71,64,-0.165579296,0.0000236,0.0000162,-4.627087997,-4.790484985,-0.163396988
32014834,32014834,Clc1cc(cc2c1OCO2)C(=O)NCCN1C(=O)CSC1=O,emolecules,Mol515,101,272,74,83,0.42975228,0.0000101,0.0000272,-4.995678626,-4.565431096,0.43024753
43195213,43195213,CCc1ccc(o1)-c1nccn1Cc1c(nn(c1C)CC)C,emolecules,Mol516,133,436,86,90,0.515873844,0.0000133,0.0000436,-4.876148359,-4.360513511,0.515634848
3301360,3301360,COc1ccc(c(c1)OC)Nc1ncnc2sccc12,emolecules,Mol517,178,102,58,73,-0.242603971,0.0000178,0.0000102,-4.749579998,-4.991399828,-0.241819831
23971521,23971521,Cc1cccc(n1)C(=O)NCC#Cc1ccccc1,emolecules,Mol518,224,94.5,56,67,-0.375717904,0.0000224,0.00000945,-4.649751982,-5.024568191,-0.37481621
29994713,29994713,CN(CCc1ccccn1)c1cnc2ccccc2n1,emolecules,Mol519,260,167,72,89,-0.193820026,0.000026,0.0000167,-4.585026652,-4.777283529,-0.192256877
13397114,13397114,Cc1ccc(cc1)Cn1nc(c(c1Cl)C(=O)N)C,emolecules,Mol520,362,240,104,94,-0.178486472,0.0000362,0.000024,-4.441291429,-4.619788758,-0.178497329
45659871,45659871,O=C1C=C(CN2CCCCc3ccccc32)Nc2ccnn21,emolecules,Mol521,57.1,387,97,97,0.831229694,0.00000571,0.0000387,-5.243363892,-4.412289035,0.831074857
25645386,25645386,FC(F)(F)c1cccc(c1)Oc1cccc(c1)C(=O)N1CCNC(=O)C1,emolecules,Mol522,44.8,376,93,100,0.923761961,0.00000448,0.0000376,-5.348721986,-4.424812155,0.923909831
89942044,89942044,Oc1ccc(c(c1)C(F)(F)F)Cn1ccc(n1)NC(=O)c1c(cccc1F)F,emolecules,Mol523,90.5,202,60,58,0.348304863,0.00000905,0.0000202,-5.043351421,-4.694648631,0.34870279
141603,141603,CC(C)CC(=O)N1CCC(CC1)(Cc1cccc(c1)-c1cncnc1)C(=O)NC(C)C,emolecules,Mol524,5.17,371,98,104,1.856124444,0.000000517,0.0000371,-6.286509457,-4.43062609,1.855883367
43485719,43485719,O=C(CSC1CCCC1)N1CCC(CC1)Cn1cccn1,emolecules,Mol527,265,426,107,110,0.206825876,0.0000265,0.0000426,-4.576754126,-4.370590401,0.206163725
227571,227571,CN(C)C(=O)c1sc2nc(ccc2c1N)C1(C)CCN(CC1)c1ncccn1,emolecules,Mol528,220,275,79,75,0.096910013,0.000022,0.0000275,-4.657577319,-4.560667306,0.096910013
104388935,104388935,CSc1ccc(cc1)NC(=O)CN1N=C(C=CC1=O)C1CC1,emolecules,Mol529,193,256,82,93,0.123851641,0.0000193,0.0000256,-4.714442691,-4.591760035,0.122682656
16664610,16664610,Cc1nc2cc(ccc2o1)NC(=O)CCc1c(nc2n(nc(c2c1C)C)C)C,emolecules,Mol531,25.2,340,79,93,1.130333769,0.00000252,0.000034,-5.598599459,-4.468521083,1.130078376
35697150,35697150,O=C(NCCc1ccc2c(c1)OCO2)N1CCc2sccc2C1,emolecules,Mol532,354,229,,,-0.189767482,0.0000354,0.0000229,-4.450996738,-4.640164518,-0.18916778
50282425,50282425,COc1ccc(cc1)C(=O)C1CCN(CC1)CC(=O)N(CC1CC1)CC1=NC2=C(COCC2)C(=O)N1,emolecules,Mol533,4.89,264,96,89,1.730782276,0.000000489,0.0000264,-6.310691141,-4.578396073,1.732295068
50282995,50282995,N#Cc1cc(ccn1)-c1n[nH]c(n1)-c1ccncc1,emolecules,Mol534,55,268,91,101,0.687528961,0.0000055,0.0000268,-5.259637311,-4.571865206,0.687772105
31836142,31836142,Cc1ccc(o1)C(=O)Nc1ccccc1-c1ccccc1,emolecules,Mol535,242,112,56,64,-0.332547047,0.0000242,0.0000112,-4.616184634,-4.950781977,-0.334597343
45769048,45769048,CN(CCN1CCOC1=O)C(=O)c1cc2cc(ccc2o1)Br,emolecules,Mol536,146,333,93,99,0.357934847,0.0000146,0.0000333,-4.835647144,-4.477555766,0.358091378
89942288,89942288,CC1(C)OCCn2c1nc1c(nc(nc21)-c1cnc(nc1)N)N1CCOCC1,emolecules,Mol537,200,262,96,91,0.117271296,0.00002,0.0000262,-4.698970004,-4.581698709,0.117271296
36680675,36680675,CCSCc1nc(c2ccccc2n1)N,emolecules,Mol539,309,211,102,90,-0.166852888,0.0000309,0.0000211,-4.510041521,-4.675717545,-0.165676024
184569,184569,CNC(=O)c1sc2ncccc2c1[C@H]1CC[C@@H](CC1)CNC(=O)COc1ccccc1 |r|,emolecules,Mol540,9.52,295,66,81,1.491361694,0.000000952,0.0000295,-6.021363052,-4.530177984,1.491185068
32130309,32130309,Fc1ccc(cc1F)-c1cnc([nH]1)C1CCN(CC1)C(=O)C1CCC1,emolecules,Mol541,97.4,341,75,80,0.544068044,0.00000974,0.0000341,-5.011441043,-4.467245621,0.544195422
32148273,32148273,CC(C)C(=O)Nc1ncn(n1)Cc1cccnc1,emolecules,Mol542,4.39,71.7,99,106,1.212187604,0.000000439,0.00000717,-6.35753548,-5.144480844,1.213054635
31965105,31965105,Cc1csc(n1)NC(=O)CCc1ccncc1,emolecules,Mol543,273,239,105,95,-0.057495894,0.0000273,0.0000239,-4.563837353,-4.621602099,-0.057764746
49149133,49149133,CSc1cccc(c1)-c1ccccc1-c1nnc(o1)C,emolecules,Mol544,432,282,87,67,-0.185752404,0.0000432,0.0000282,-4.364516253,-4.549750892,-0.185234638
33365153,33365153,Clc1cccc(c1)-c1cc(no1)C(=O)N1CCC(CC1)n1cccc1,emolecules,Mol545,241,168,61,56,-0.156144577,0.0000241,0.0000168,-4.617982957,-4.774690718,-0.156707761
1195337,1195337,Nc1ccc2[nH]c(nc2c1)CCc1ccccc1,emolecules,Mol546,160,202,89,93,0.103803721,0.000016,0.0000202,-4.795880017,-4.694648631,0.101231387
32389082,32389082,CC(C)c1ncc(cn1)-c1cc(c2ccc(c(c2n1)C)C)C(=O)N(C)C,emolecules,Mol547,112,218,69,76,0.290034611,0.0000112,0.0000218,-4.950781977,-4.661543506,0.289238471
24881110,24881110,COc1ccc2nc(ccc2c1)CN1CCC(O)(CC1)c1ccc(cc1)C,emolecules,Mol548,137,66.5,62,80,-0.314258261,0.0000137,0.00000665,-4.863279433,-5.177178355,-0.313898922
2344317,2344317,Fc1ccccc1CN1CCN(CC1)c1ncccn1,emolecules,Mol549,354,254,97,98,-0.144480844,0.0000354,0.0000254,-4.450996738,-4.595166283,-0.144169545
36925362,36925362,CN(Cc1ccn(n1)-c1ccccc1)C(=O)c1ccc(nc1)O,emolecules,Mol550,11.4,352,121,125,1.488550717,0.00000114,0.0000352,-5.943095149,-4.453457337,1.489637812
36925778,36925778,O=C(N1CCN(CC1)c1ncccn1)c1noc2c1CCCC2,emolecules,Mol551,332,207,97,89,-0.20481541,0.0000332,0.0000207,-4.478861916,-4.684029655,-0.205167738
25018171,25018171,CN(Cc1ccc2c(c1)OCO2)Cc1ccccc1C#N,emolecules,Mol552,382,134,112,76,-0.454692884,0.0000382,0.0000134,-4.417936637,-4.872895202,-0.454958565
43375385,43375385,CC1(C)CN(CC(=O)NCC#N)c2cccc(c21)Cl,emolecules,Mol554,460,275,109,81,-0.224025669,0.000046,0.0000275,-4.337242168,-4.560667306,-0.223425138
48247754,48247754,Cc1ccc(cc1Br)C(=O)NC1CCN(CC1)CC#N,emolecules,Mol555,174,157,72,73,-0.045757491,0.0000174,0.0000157,-4.759450752,-4.804100348,-0.044649596
48286431,48286431,Cc1nc(n(n1)CC(C)(C)O)-c1ccc(c(c1)Cl)Cl,emolecules,Mol556,324,206,90,86,-0.197910742,0.0000324,0.0000206,-4.48945499,-4.68613278,-0.19667779
45652159,45652159,Cc1csc(n1)N(C1CC1)C(=O)c1cc2c(nn(c2s1)C)C,emolecules,Mol557,249,160,73,77,-0.192464972,0.0000249,0.000016,-4.603800653,-4.795880017,-0.192079364
2047138,2047138,CC(=O)Nc1cccc(c1)OC(=O)N1CCOCC1,emolecules,Mol558,79.7,209,100,96,0.418301291,0.00000797,0.0000209,-5.098541679,-4.679853714,0.418687965
42961772,42961772,Cc1cccnc1CNc1ccc(cc1F)C#N,emolecules,Mol559,339,177,85,74,-0.280668713,0.0000339,0.0000177,-4.469800302,-4.752026734,-0.282226432
72972996,72972996,CC(C)n1nccc1-c1ncccc1COc1cccc(c1C=O)O,emolecules,Mol560,221,235,103,122,0.025305865,0.0000221,0.0000235,-4.655607726,-4.628932138,0.026675589
11995039,11995039,Fc1ccc(c(c1)F)NC(=O)N1CCn2c1nc1ccccc21,emolecules,Mol562,210,98.1,57,51,-0.329754147,0.000021,0.00000981,-4.677780705,-5.008330993,-0.330550287
9760971,9760971,Fc1ccc(cc1)-c1nc2ccccc2n1CC(=O)N1CCOCC1,emolecules,Mol563,28.6,367,95,98,1.10720997,0.00000286,0.0000367,-5.543633967,-4.435333936,1.108300031
36355642,36355642,CC(=O)N1CCN(CC1)C(=O)c1ccc(cc1F)-c1ccc(cc1)F,emolecules,Mol565,244,359,109,98,0.167317335,0.0000244,0.0000359,-4.612610174,-4.444905551,0.167704622
45688619,45688619,COCc1ccccc1CNc1ccc2cc(ccc2n1)C#N,emolecules,Mol566,223,98.4,58,48,-0.354577731,0.0000223,0.00000984,-4.651695137,-5.007004902,-0.355309765
48749260,48749260,CN(C)c1nccc(n1)N(C)Cc1nc(cs1)C,emolecules,Mol567,485,280,142,101,-0.238072162,0.0000485,0.000028,-4.314258261,-4.552841969,-0.238583707
49146795,49146795,Cn1cc(cc1-c1nc(nn1CCc1ccccc1)C1CC1)C#N,emolecules,Mol568,276,258,94,77,-0.030584088,0.0000276,0.0000258,-4.559090918,-4.588380294,-0.029289376
27513231,27513231,Nc1nnc(o1)-c1ccc2c(c1)OCCO2,emolecules,Mol569,314,206,95,88,-0.18243463,0.0000314,0.0000206,-4.503070352,-4.68613278,-0.183062428
36275216,36275216,N#CCCCN1CCN(CC1)c1cc(ccn1)C#N,emolecules,Mol570,448,251,123,100,-0.251811973,0.0000448,0.0000251,-4.348721986,-4.600326279,-0.251604293
43133355,43133355,CCc1ccccc1NC(=O)CCn1ccnc1-c1ccc2c(c1)OCO2,emolecules,Mol571,15.7,347,90,96,1.344392274,0.00000157,0.0000347,-5.804100348,-4.459670525,1.344429822
2858011,2858011,CC(C)CN1C(=O)NC(=O)c2c1ncn2CC(C)C,emolecules,Mol572,183,359,105,96,0.292256071,0.0000183,0.0000359,-4.73754891,-4.444905551,0.292643359
44436449,44436449,CCn1ccc2cc(ccc12)C(=O)N1CCN(C(=O)C1)c1ccc(cc1)C,emolecules,Mol573,128,317,88,91,0.392696953,0.0000128,0.0000317,-4.89279003,-4.498940738,0.393849293
49976422,49976422,Cn1cc(cn1)-c1nnc(o1)NCc1ccc2ccccc2c1,emolecules,Mol574,339,238,92,76,-0.154281982,0.0000339,0.0000238,-4.469800302,-4.623423043,-0.153622741
30640320,30640320,Cc1nn(c(c1NC(=O)CN1CCN(CC1)c1nccs1)C)C,emolecules,Mol575,20.7,392,110,109,1.276461804,0.00000207,0.0000392,-5.684029655,-4.406713933,1.277315722
41949940,41949940,CCc1c(cnn1-c1ccccc1C)N,emolecules,Mol576,433,293,119,104,-0.169411331,0.0000433,0.0000293,-4.363512104,-4.53313238,-0.169620276
151551,151551,Cn1ccc(n1)C(=O)N1CCCC(C1)c1cccc(n1)-c1cccc(c1)Cl,emolecules,Mol577,175,144,,,-0.085128182,0.0000175,0.0000144,-4.756961951,-4.841637508,-0.084675557
25642172,25642172,CCN(CC)S(=O)(=O)c1ccc2c(c1)CCN2CC(=O)NCc1ccccc1F,emolecules,Mol578,35.6,353,62,81,0.996511672,0.00000356,0.0000353,-5.448550002,-4.452225295,0.996324707
29965110,29965110,CNC(=O)CN(C)c1cccc(c1C#N)F,emolecules,Mol579,308,227,114,98,-0.131943638,0.0000308,0.0000227,-4.511449283,-4.643974143,-0.132524859
11652485,11652485,O=C(Cc1csc(n1)-c1ccccn1)NC1CCCCCC1,emolecules,Mol580,160,151,56,77,-0.024568191,0.000016,0.0000151,-4.795880017,-4.821023053,-0.025143035
3565214,3565214,CN1C(=O)N(CC(=O)Nc2ccccc2-c2ccccc2)C(=O)C1(C)C,emolecules,Mol581,32.6,420,93,101,1.11058971,0.00000326,0.000042,-5.4867824,-4.37675071,1.11003169
49065818,49065818,CN1C(=O)COc2ccc(cc21)Nc1cc(nc(n1)C)Cl,emolecules,Mol582,279,208,98,85,-0.127261173,0.0000279,0.0000208,-4.554395797,-4.681936665,-0.127540868
540123,540123,COc1cc2nc(sc2cc1OC)N,emolecules,Mol583,300,200,102,96,-0.175223538,0.00003,0.00002,-4.522878745,-4.698970004,-0.176091259
338392,338392,CCOC(=O)C1(CCN(CC1)Cc1ccccc1O)Cc1cc(no1)-c1ccc(cc1)F,emolecules,Mol584,23.3,50.3,34,55,0.334453751,0.00000233,0.00000503,-5.632644079,-5.298432015,0.334212064
49667242,49667242,COc1cc(ccc1F)CN1CCC(CC1)c1ccnc(n1)C,emolecules,Mol585,322,217,111,87,-0.171340103,0.0000322,0.0000217,-4.492144128,-4.663540266,-0.171396138
2343133,2343133,Oc1ccc(cc1)CN1CCN(CC1)c1cccc(c1)Cl,emolecules,Mol586,310,140,71,62,-0.345823458,0.000031,0.000014,-4.508638306,-4.853871964,-0.345233658
157723,157723,CNC(=O)c1cn(nc1CC1CCN(CC1)Cc1cnc(nc1)-c1ccc(cc1)OC)C,emolecules,Mol587,14.4,296,96,85,1.31386722,0.00000144,0.0000296,-5.841637508,-4.528708289,1.312929219
36944203,36944203,Cc1cc(ccc1NC(=O)c1c(oc(c1C)C)C)Oc1ncccn1,emolecules,Mol588,294,235,95,86,-0.096910013,0.0000294,0.0000235,-4.53165267,-4.628932138,-0.097279468
1934410,1934410,CN(C)c1cccc(c1)C(=O)Nc1ccc(c(c1)NC(=O)c1ccc(cc1)O)C,emolecules,Mol589,13.9,231,71,73,1.220108088,0.00000139,0.0000231,-5.8569852,-4.63638802,1.22059718
16784498,16784498,COc1cccc(c1OC)-c1nc(cs1)C(=O)O,emolecules,Mol590,59.8,54.7,97,96,-0.038104526,0.00000598,0.00000547,-5.223298816,-5.262012674,-0.038713858
193781,193781,COc1ccc2c(c1)C=C(CO2)CN1CCC(CC1)c1cc(cc(n1)C)-c1cncnc1,emolecules,Mol591,60.4,86,59,70,0.152288344,0.00000604,0.0000086,-5.218963061,-5.065501549,0.153461513
278832,278832,O=C(C(c1ccccc1)c1ccccc1)N1CCOCC(C1)Cc1ccc2cnccc2c1,emolecules,Mol593,129.4,250.5,,,0.294466226,0.00001294,0.00002505,-4.888065724,-4.60119227,0.286873454
1317203,1317203,COc1ccc(cc1)OCC(=O)N1CCN(C)CC1,emolecules,Mol594,261,199,111,98,-0.117475462,0.0000261,0.0000199,-4.583359493,-4.701146924,-0.117787431
44498594,44498594,CC(=O)N1CCN(CC1)C(=O)CCc1ccc([nH]1)-c1ccccc1,emolecules,Mol595,46.5,411,103,107,0.945960704,0.00000465,0.0000411,-5.332547047,-4.386158178,0.946388869
1412632,1412632,Cc1cc(no1)NC(=O)c1cccs1,emolecules,Mol596,238,147,67,82,-0.209714836,0.0000238,0.0000147,-4.623423043,-4.832682665,-0.209259622
44585808,44585808,Cc1csc(n1)N(C1CC1)C(=O)c1ccc(c(c1)F)-n1cncn1,emolecules,Mol597,400,252,107,102,-0.200659451,0.00004,0.0000252,-4.397940009,-4.598599459,-0.200659451
48747142,48747142,COc1c(cnc(c1C)CN(C)S(=O)(=O)N)C,emolecules,Mol598,140,267,113,103,0.281033367,0.000014,0.0000267,-4.853871964,-4.573488739,0.280383226
17074467,17074467,CCc1ccccc1NC(=O)c1cc(nc2onc(c12)C)C,emolecules,Mol599,332,222,99,94,-0.173925197,0.0000332,0.0000222,-4.478861916,-4.653647026,-0.174785109
35682807,35682807,CN(Cc1ccsc1)C(=O)c1cc(on1)C,emolecules,Mol600,320,209,101,98,-0.185086819,0.000032,0.0000209,-4.494850022,-4.679853714,-0.185003692
165629,165629,OCCN1CCC(CC1)c1ccncn1,emolecules,Mol601,63.5,39.1,115,108,-0.211124884,0.00000635,0.00000391,-5.197226275,-5.407823243,-0.210596968
48248496,48248496,CN(C1CCS(=O)CC1)c1ncc(cn1)Br,emolecules,Mol602,299,282,109,98,-0.025488307,0.0000299,0.0000282,-4.524328812,-4.549750892,-0.02542208
49968176,49968176,CCc1ncnc(c1F)N(C)Cc1ccc(nc1)N,emolecules,Mol603,369,234,115,100,-0.197226275,0.0000369,0.0000234,-4.432973634,-4.630784143,-0.197810509
49336129,49336129,COc1ncnc2c1CN(CC2)Cc1c[nH]nc1-c1ccc(cc1)F,emolecules,Mol604,57.3,403,92,97,0.846955325,0.00000573,0.0000403,-5.241845378,-4.394694954,0.847150424
24032918,24032918,Fc1cc(cc(c1)CNC(=O)c1ccccn1)F,emolecules,Mol605,267,192,77,83,-0.14327111,0.0000267,0.0000192,-4.573488739,-4.716698771,-0.143210033
23832549,23832549,CN1CCC(CC1)n1ncc2[nH]c(nc12)-c1ccc2ccccc2c1,emolecules,Mol606,9.23,128,67,84,1.1430148,0.000000923,0.0000128,-6.034798299,-4.89279003,1.142008269
23998049,23998049,O=C(Cc1ccc2c(c1)CCC2)Nc1nc2ccccc2o1,emolecules,Mol607,143,71.3,36,56,-0.301899454,0.0000143,0.00000713,-4.844663963,-5.14691047,-0.302246508
36662662,36662662,CC(C)n1nc(c(c1C)NC(=O)c1cc(nc2cc(ccc12)F)C)C,emolecules,Mol608,42.7,359,105,108,0.925312092,0.00000427,0.0000359,-5.369572125,-4.444905551,0.924666574
32437102,32437102,COCc1cc(ccc1OC)-c1nc(n[nH]1)CCc1ccccc1,emolecules,Mol609,62,142,51,68,0.359835482,0.0000062,0.0000142,-5.207608311,-4.847711656,0.359896655
36332254,36332254,CN(CCN1CCCC1)C(=O)c1sc2nc(nc(c2c1C)C)C,emolecules,Mol610,20.7,261,104,100,1.100370545,0.00000207,0.0000261,-5.684029655,-4.583359493,1.100670162
36646466,36646466,Cc1ccc2nc3c(c(c2c1)C(=O)NCc1cnn(c1)C)CCCC3,emolecules,Mol612,20.8,370,84,90,1.250420002,0.00000208,0.000037,-5.681936665,-4.431798276,1.250138389
49307701,49307701,Clc1cc2ncc(nc2cc1Cl)-n1ccnc1,emolecules,Mol613,265,128,69,73,-0.314258261,0.0000265,0.0000128,-4.576754126,-4.89279003,-0.316035904
49936164,49936164,CN(Cc1ccncc1)Cc1cc2ccccc2nc1O,emolecules,Mol614,128,322,111,99,0.399673721,0.0000128,0.0000322,-4.89279003,-4.492144128,0.400645902
18898062,18898062,CCC(CC)NC(=O)c1cc(nc2onc(c12)C)C,emolecules,Mol615,216,290,101,100,0.127104798,0.0000216,0.000029,-4.665546249,-4.537602002,0.127944247
36286506,36286506,CCCN(C)C(=O)Nc1cccc(c1)-c1nnc2n1CCCCC2,emolecules,Mol616,2.11,195,102,113,1.965671971,0.000000211,0.0000195,-6.675717545,-4.709965389,1.965752156
35724598,35724598,CN(CC(=O)N)Cc1cc2c(cc1Br)OCO2,emolecules,Mol617,364,277,109,102,-0.118615343,0.0000364,0.0000277,-4.438898616,-4.557520231,-0.118621615
75983310,75983310,CC(C)c1nc2c(n1C)CCN(C2)C(=O)c1cccc(c1F)C(F)(F)F,emolecules,Mol618,55.3,443,89,92,0.903632516,0.00000553,0.0000443,-5.257274869,-4.353596274,0.903678595
25587599,25587599,COc1cccc(c1)-c1nc(n[nH]1)-c1cccnc1,emolecules,Mol619,250,174,83,73,-0.156144577,0.000025,0.0000174,-4.602059991,-4.759450752,-0.15739076
31845178,31845178,CC(C)(C)c1ccc(cc1)CN1CCC(CC1)C(=O)N,emolecules,Mol620,159,155,95,105,-0.010995384,0.0000159,0.0000155,-4.798602876,-4.809668302,-0.011065426
36342840,36342840,N#Cc1ccc(nc1)N1CCc2c(ncn2C2CC2)C1,emolecules,Mol621,325,285,93,97,-0.057000407,0.0000325,0.0000285,-4.488116639,-4.54515514,-0.057038501
48747071,48747071,O=S(=O)(Cc1csc(n1)C1CCCC1)C1CCCC1,emolecules,Mol622,401,216,109,95,-0.269217724,0.0000401,0.0000216,-4.396855627,-4.665546249,-0.268690621
32126735,32126735,OCCN1CCN(CC1)c1c(cc(cc1F)C#N)F,emolecules,Mol623,420,220,125,98,-0.280668713,0.000042,0.000022,-4.37675071,-4.657577319,-0.28082661
32172391,32172391,CC(C)c1nnc(o1)CN1CCN(CC1)c1nccs1,emolecules,Mol624,255,248,109,98,-0.01278077,0.0000255,0.0000248,-4.59345982,-4.605548319,-0.0120885
24128634,24128634,O=C(NCc1cccnc1)c1cnn(c1)-c1ccccc1,emolecules,Mol625,93.9,231,71,83,0.390935107,0.00000939,0.0000231,-5.027334408,-4.63638802,0.390946388
31981950,31981950,CC(=O)NCC1CCN(CC1)C(=O)c1ccc(nc1)C,emolecules,Mol626,0.499,64.7,107,101,2.113943352,4.99E-08,0.00000647,-7.301899454,-5.189095719,2.112803735
31842542,31842542,CC1CCN(CC1)C(=O)c1n[nH]c2ccccc12,emolecules,Mol627,366,205,94,89,-0.251037139,0.0000366,0.0000205,-4.436518915,-4.688246139,-0.251727224
49314549,49314549,CN(Cc1cccnc1)Cc1ccc(o1)C#N,emolecules,Mol628,327,212,105,94,-0.188424994,0.0000327,0.0000212,-4.485452247,-4.673664139,-0.188211892
31507670,31507670,Nc1nc(c2nc(c(nc2n1)-c1cccc(c1)O)-c1cccc(c1)O)N,emolecules,Mol629,18,50.1,101,86,0.444044796,0.0000018,0.00000501,-5.744727495,-5.300162274,0.444565221
49972454,49972454,Cc1ccc(cn1)CCNC(=O)N1CC(C)(C)OC(C)(C)C1,emolecules,Mol630,14.3,326,111,102,1.359835482,0.00000143,0.0000326,-5.844663963,-4.4867824,1.357881563
1734240,1734240,CS(=O)(=O)N(CC(=O)Nc1ccccc1C(=O)NCc1ccco1)c1ccc(cc1)F,emolecules,Mol631,26.1,251,70,74,0.982723388,0.00000261,0.0000251,-5.583359493,-4.600326279,0.983033214
49949882,49949882,CN(C)C(=O)c1ccnc(c1)NCc1cc(ccc1C)F,emolecules,Mol632,259,276,105,99,0.029383778,0.0000259,0.0000276,-4.586700236,-4.559090918,0.027609318
49148845,49148845,COCCc1nc(n(n1)C1Cc2ccccc2C1)CCCn1cccn1,emolecules,Mol633,41.9,413,94,101,0.993876915,0.00000419,0.0000413,-5.377785977,-4.384049948,0.993736029
46036273,46036273,Cn1nc(c2c(cccc12)Cl)-c1cn(nn1)Cc1ccc(cc1)CO,emolecules,Mol634,67.6,346,63,93,0.709269961,0.00000676,0.0000346,-5.170053304,-4.460923901,0.709129403
49937270,49937270,CC(C)c1nnc(n1C)CNC(=O)C1(C)CCC1,emolecules,Mol635,2.98,136,92,98,1.657055853,0.000000298,0.0000136,-6.525783736,-4.866461092,1.659322644
31412367,31412367,Cc1nn(c2nc(cc(c12)C(=O)O)C1CC1)-c1ccccn1,emolecules,Mol637,2.16,5.45,96,97,0.401400541,0.000000216,0.000000545,-6.665546249,-6.263603498,0.401942751
44583632,44583632,CCc1nc(n(n1)Cc1nc(cs1)C)CC,emolecules,Mol638,323,257,106,91,-0.098541679,0.0000323,0.0000257,-4.490797478,-4.590066877,-0.099269399
46091137,46091137,OCc1ccc(cc1)Cn1cc(nn1)-c1cc(ccc1-n1cccn1)F,emolecules,Mol639,167,348,96,91,0.320146286,0.0000167,0.0000348,-4.777283529,-4.458420756,0.318862773
30745331,30745331,Cc1nc(cs1)CC(=O)NCc1ccccc1,emolecules,Mol641,314,248,113,99,-0.102372909,0.0000314,0.0000248,-4.503070352,-4.605548319,-0.102477967
11835068,11835068,O=C(Nc1ccc2c(c1)OCCCO2)c1cnn(c1)Cc1ccccc1,emolecules,Mol642,80.4,51.5,40,67,-0.193820026,0.00000804,0.00000515,-5.094743951,-5.288192771,-0.19344882
222721,222721,CC(C)C(=O)N1CC(C1)Cc1nccc2ccn(c12)C,emolecules,Mol643,25.9,189,95,96,0.862131379,0.00000259,0.0000189,-5.586700236,-4.723538196,0.86316204
1539152,1539152,COc1ccc(cc1)Nc1nc(nc(n1)CN1CCN(CC1)Cc1ccccc1)N,emolecules,Mol644,24.1,264,88,86,1.037426498,0.00000241,0.0000264,-5.617982957,-4.578396073,1.039586884
301065487,301065487,CCCN(Cc1ccccc1)C(=O)CC1(N)CCC1,emolecules,Mol645,28.4,338,99,104,1.075546961,0.00000284,0.0000338,-5.54668166,-4.4710833,1.07559836
6630813,6630813,Cc1ccc(cc1)CNC(=O)CN1CCC(CC1)n1nnc2cc(ccc12)C,emolecules,Mol647,71,265,60,74,0.572871602,0.0000071,0.0000265,-5.148741651,-4.576754126,0.571987525
36659962,36659962,COC(=O)N1CCCN(CC1)C(=O)C(=O)Nc1cccc(c1)C(C)C,emolecules,Mol648,260,278,94,101,0.029383778,0.000026,0.0000278,-4.585026652,-4.555955204,0.029071448
44587026,44587026,Fc1cccc(c1C(=O)Nc1ccn(n1)Cc1ccccn1)I,emolecules,Mol649,84.5,241,84,91,0.45484486,0.00000845,0.0000241,-5.073143291,-4.617982957,0.455160334
36622590,36622590,CCN1CCC(CC1)Nc1nc(cc(c1C#N)C)C,emolecules,Mol650,208,257,102,97,0.093421685,0.0000208,0.0000257,-4.681936665,-4.590066877,0.091869788
45764946,45764946,CS(=O)(=O)CCNC(=O)N1CC2(CCCC2)c2ccccc21,emolecules,Mol651,88.3,324,90,97,0.564666064,0.00000883,0.0000324,-5.054039296,-4.48945499,0.564584307
45639971,45639971,O=C(COCC1CC1)N1CCCc2ncccc21,emolecules,Mol652,307,253,109,99,-0.083546051,0.0000307,0.0000253,-4.512861625,-4.596879479,-0.084017854
18815715,18815715,Fc1ccc(cc1)CNC(=O)c1ccc(nc1)-n1ccnc1,emolecules,Mol653,235,245,88,91,0.017033339,0.0000235,0.0000245,-4.628932138,-4.610833916,0.018098222
4758327,4758327,O=C(NCCNC(=O)c1cc(nc2ccccc12)-c1ccccc1)c1ccco1,emolecules,Mol654,33.9,340,73,82,1,0.00000339,0.000034,-5.469800302,-4.468521083,1.001279219
32099814,32099814,O=C(NC1CCCC1)C(=O)c1ccc2c(c1)CCC2,emolecules,Mol655,267,146,74,81,-0.261219442,0.0000267,0.0000146,-4.573488739,-4.835647144,-0.262158406
43370641,43370641,COc1cc(cc(c1O)OC)CNC(=O)NC1CCCCC1,emolecules,Mol656,93.7,392,147,121,0.621176282,0.00000937,0.0000392,-5.028260409,-4.406713933,0.621546476
50310131,50310131,COCc1ccccc1CNc1ccc2nnc(n2n1)-c1ccccc1,emolecules,Mol657,24.8,232,57,69,0.969881644,0.00000248,0.0000232,-5.605548319,-4.634512015,0.971036304
12013114,12013114,CN1C(=O)N(CC(=O)NCc2ccc(cc2)Cl)C(=O)C21CCCCC2,emolecules,Mol658,48,265,77,90,0.742725131,0.0000048,0.0000265,-5.318758763,-4.576754126,0.742004637
49149249,49149249,Cc1ccccc1OC1CCN(CC1)C(=O)Nc1ccc2n(cnc2c1)C,emolecules,Mol659,40.8,355,91,96,0.939519253,0.00000408,0.0000355,-5.389339837,-4.449771647,0.93956819
36662966,36662966,CC(C)c1nnc(o1)CN1CCN(CC1)c1ccccc1Cl,emolecules,Mol660,323,211,100,90,-0.185752404,0.0000323,0.0000211,-4.490797478,-4.675717545,-0.184920067
1553084,1553084,O=C(Nc1ccc(cc1)S(=O)(=O)Nc1ccnn1-c1ccccc1)c1ccco1,emolecules,Mol661,5.55,271,98,101,1.688419822,0.000000555,0.0000271,-6.255707017,-4.567030709,1.688676308
49144354,49144354,Cc1ccc2nc(c(cc2c1)-c1nc(nn1CCO)C)C,emolecules,Mol662,45.3,409,98,107,0.955206538,0.00000453,0.0000409,-5.343901798,-4.388276692,0.955625106
25610913,25610913,COc1ccc(cc1OC(C)C)-c1nnc2ccc(cn12)C(F)(F)F,emolecules,Mol663,206,228,81,87,0.045322979,0.0000206,0.0000228,-4.68613278,-4.642065153,0.044067627
9657617,9657617,COCC(=O)Nc1nc(c(s1)C)C,emolecules,Mol664,343,226,104,94,-0.181114585,0.0000343,0.0000226,-4.46470588,-4.645891561,-0.181185681
1464553,1464553,Cc1ccc(cc1)NC(=O)Cc1c[nH]c2ccccc12,emolecules,Mol665,223,102,58,52,-0.341988603,0.0000223,0.0000102,-4.651695137,-4.991399828,-0.339704691
31895184,31895184,CC(C)C(=O)N1CCC(CC1)Nc1ncnc2ccsc12,emolecules,Mol666,62.5,409,95,106,0.8162413,0.00000625,0.0000409,-5.204119983,-4.388276692,0.815843291
49946976,49946976,Cc1nc(n(n1)C)NCc1ccc(c(c1)Cl)F,emolecules,Mol667,297,234,111,109,-0.102922997,0.0000297,0.0000234,-4.527243551,-4.630784143,-0.103540592
50127813,50127813,Fc1cccc(c1)CNC(=O)c1[nH]nnc1-c1ccccc1,emolecules,Mol668,189,258,84,82,0.136720567,0.0000189,0.0000258,-4.723538196,-4.588380294,0.135157902
36318534,36318534,Cn1ccc2c(cccc12)C(=O)Nc1ncn(n1)Cc1cccnc1,emolecules,Mol669,3.85,211,109,103,1.739572344,0.000000385,0.0000211,-6.41453927,-4.675717545,1.738821726
44507875,44507875,C1CC1c1nnc2n1CCN(C2)c1ncnc2ccccc12,emolecules,Mol670,20.9,335,96,101,1.204119983,0.00000209,0.0000335,-5.679853714,-4.474955193,1.204898521
31881571,31881571,CCCC(=O)Nc1ccc(nc1)-n1cccn1,emolecules,Mol671,304,170,84,92,-0.252588192,0.0000304,0.000017,-4.517126416,-4.769551079,-0.252424662
201887,201887,CCn1cc(c(n1)C)CN1CCC(CC1)c1nc(ncc1-c1ccc(cc1)OC)N(C)C,emolecules,Mol672,14.7,196,70,90,1.123851641,0.00000147,0.0000196,-5.832682665,-4.707743929,1.124938737
18915110,18915110,Cc1ccc(c(c1)C(=O)Nc1cnc2n(nc(c2c1)C)C)C,emolecules,Mol673,233,156,81,78,-0.173925197,0.0000233,0.0000156,-4.632644079,-4.806875402,-0.174231323
208609,208609,CC(=O)N1CCC(CC1)c1ccccn1,emolecules,Mol674,314,248,108,103,-0.101823517,0.0000314,0.0000248,-4.503070352,-4.605548319,-0.102477967
30231738,30231738,Fc1cccc(c1)-c1nnn(n1)Cc1ccc(cc1)C(=O)N1CCCC1,emolecules,Mol675,241,191,79,77,-0.100726813,0.0000241,0.0000191,-4.617982957,-4.718966633,-0.100983675
33339330,33339330,Cc1ccc2nc(c(cc2c1)C(=O)NOCc1ccccc1)C,emolecules,Mol676,213,142,60,82,-0.176525771,0.0000213,0.0000142,-4.671620397,-4.847711656,-0.176091259
45736550,45736550,Cc1ccc(cc1)C(=O)C(=O)NC1CCCC1,emolecules,Mol677,335,158,88,82,-0.326979093,0.0000335,0.0000158,-4.474955193,-4.801342913,-0.32638772
150193,150193,Clc1cccc(c1)-c1cccc(n1)C1CCCN(C1)CC(=O)N1CCCC1,emolecules,Mol678,89.3,193,,,0.334453751,0.00000893,0.0000193,-5.049148541,-4.714442691,0.33470585
1527130,1527130,COc1cccc(c1)CNc1ncc(n1C)-c1ccccc1,emolecules,Mol679,148,79.9,58,80,-0.268411235,0.0000148,0.00000799,-4.829738285,-5.097453221,-0.267714936
168323,168323,Clc1cccc(c1)-c1cncc(n1)C1CCCN(C1)CC(=O)N1CCCC1,emolecules,Mol680,110,190,,,0.238046103,0.000011,0.000019,-4.958607315,-4.721246399,0.237360916
25831315,25831315,Cc1nc2ccccc2c(c1C(=O)/C=C/c1ccccc1)N,emolecules,Mol681,206,50.3,55,69,-0.612610174,0.0000206,0.00000503,-4.68613278,-5.298432015,-0.612299235
46061355,46061355,CCc1ccccc1-c1cn(nn1)CCc1cnccn1,emolecules,Mol683,243,190,73,96,-0.106238238,0.0000243,0.000019,-4.614393726,-4.721246399,-0.106852673
31836416,31836416,Fc1ccc(cc1)CNC(=O)c1ccccn1,emolecules,Mol684,312,170,85,86,-0.26520017,0.0000312,0.000017,-4.505845406,-4.769551079,-0.263705673
32444473,32444473,CN1CCN(CCOc2ccccc2N)CC1,emolecules,Mol685,236,129,102,90,-0.261219442,0.0000236,0.0000129,-4.627087997,-4.88941029,-0.262322293
23995487,23995487,Cc1cc(n(n1)-c1ccc(cc1)C(=O)NCc1cccnc1)C,emolecules,Mol686,58.8,291,98,98,0.694605199,0.00000588,0.0000291,-5.230622674,-4.536107011,0.694515663
149593,149593,CNC(=O)CC1CCN(CC1)c1ncccn1,emolecules,Mol687,269,221,104,80,-0.084600165,0.0000269,0.0000221,-4.57024772,-4.655607726,-0.085360006
27369500,27369500,Cc1ccc(cc1)C(=O)C(=O)Nc1c(nn(c1C)C)C,emolecules,Mol688,326,200,106,94,-0.211124884,0.0000326,0.00002,-4.4867824,-4.698970004,-0.212187604
49176426,49176426,CCCn1ncnc1-c1ccccc1SC,emolecules,Mol689,325,260,95,90,-0.097997109,0.0000325,0.000026,-4.488116639,-4.585026652,-0.096910013
31879758,31879758,O=C(CCc1cccs1)Nc1ccc(cn1)N1CCOCC1,emolecules,Mol690,253,156,80,85,-0.209011525,0.0000253,0.0000156,-4.596879479,-4.806875402,-0.209995923
32077202,32077202,Cc1nccc(n1)-c1cccc(c1)NCC(=O)NCC(=O)N1CCCC1,emolecules,Mol691,7.05,306,104,101,1.63748973,0.000000705,0.0000306,-6.151810883,-4.514278574,1.637532309
32135801,32135801,CC(C)C(=O)Nc1ccc2cnn(c2c1)C(C)C,emolecules,Mol692,197,280,86,97,0.152288344,0.0000197,0.000028,-4.705533774,-4.552841969,0.152691805
23829815,23829815,O=C(N1CCN(CC1)Cc1cccnc1)c1ccccc1-n1cccn1,emolecules,Mol693,21.5,414,102,101,1.285557309,0.00000215,0.0000414,-5.66756154,-4.382999659,1.284561881
485897,485897,OC(=O)CCn1c2ccccc2c2ccccc12,emolecules,Mol694,413,334,130,105,-0.092051478,0.0000413,0.0000334,-4.384049948,-4.476253533,-0.092203585
300136806,300136806,OC(=O)/C=C/c1ccc(cc1)Cn1ccnc1,emolecules,Mol695,1.69,5.06,117,93,0.477121255,0.000000169,0.000000506,-6.772113295,-6.295849483,0.476263812
30173146,30173146,Cc1c(n(c2ccc(cc12)O)Cc1ccc(cc1)OCCN1CCCCCC1)-c1ccc(cc1)O,emolecules,Mol696,7.065,232.4775,71.25,63.75,1.545554507,7.065E-07,2.32478E-05,-6.150887834,-4.633619073,1.517268761
32042968,32042968,C1CN(Cc2ccccc2N1)c1cnc2ccccc2n1,emolecules,Mol697,203,110,52,55,-0.26760624,0.0000203,0.000011,-4.692503962,-4.958607315,-0.266103353
14858512,14858512,Fc1ccc(cc1)CCNc1ncccc1C#N,emolecules,Mol698,343,178,79,64,-0.284832642,0.0000343,0.0000178,-4.46470588,-4.749579998,-0.284874118
36260547,36260547,N#CCCCN1CCC(CC1)c1c[nH]c2ccccc12,emolecules,Mol699,379,174,115,96,-0.337242168,0.0000379,0.0000174,-4.42136079,-4.759450752,-0.338089962
134995,134995,CCn1c(nc2cc(ccc12)NC(=O)C1=CN(CC(=O)N2CCCCC2)C(=O)C=C1)C,emolecules,Mol700,1.92,7.83,101,103,0.610660163,0.000000192,0.000000783,-6.716698771,-6.106238238,0.610460533
33340599,33340599,Cc1nn(c(c1C(=O)NCc1ccccc1)C)C,emolecules,Mol701,290,228,103,104,-0.104577454,0.000029,0.0000228,-4.537602002,-4.642065153,-0.104463151
43670748,43670748,CC(C)n1ccc(n1)C(=O)N1CCS(=O)(=O)C(C)(C)C1,emolecules,Mol702,121,293,97,101,0.383815366,0.0000121,0.0000293,-4.91721463,-4.53313238,0.38408225
3566966,3566966,Cc1nc2cc(ccc2o1)NC(=O)Cc1c(nc2ccccc2c1C)C,emolecules,Mol703,66.8,305,77,91,0.6599162,0.00000668,0.0000305,-5.175223538,-4.515700161,0.659523377
49863653,49863653,C[C@H](N1C2CCC1CC(C2)C(=O)O)c1ccc2ccc(c(c2c1)C(F)(F)F)O[C@H]1CC[C@H](CC1)C(F)(F)F |r|,emolecules,Mol704,4.82,250,84,88,1.71432976,0.000000482,0.000025,-6.316952962,-4.602059991,1.71489297
53870877,53870877,Cc1ccccc1N1C(=O)NN=C1CC1CCN(CC1)C(=O)C1CC1,emolecules,Mol705,1.89,220,96,103,2.068185862,0.000000189,0.000022,-6.723538196,-4.657577319,2.065960877
Z102329238,Z102329238,Cn1c(nc2ccccc12)CNC(=O)Cc1cccc2ccccc12,enamineHTS,Mol706,139,323,73,77,0.367355921,0.0000139,0.0000323,-4.8569852,-4.490797478,0.366187722
49159718,49159718,CS(=O)(=O)CCc1nc(nn1-c1ccccc1)C1(CC1)c1ccccc1,emolecules,Mol707,44.9,265,73,88,0.770852012,0.00000449,0.0000265,-5.347753659,-4.576754126,0.770999533
31600959,31600959,Cc1nc2ncccn2c1C(=O)N(CC#Cc1ccccc1)C1CCCC1,emolecules,Mol708,144,279,88,87,0.28780173,0.0000144,0.0000279,-4.841637508,-4.554395797,0.287241711
42901988,42901988,CC(C)c1noc2nc(cc(c12)C(=O)N1CCN(C)C(=O)C1)C1CC1,emolecules,Mol709,9.25,376,100,102,1.608526034,0.000000925,0.0000376,-6.033858267,-4.424812155,1.609046112
29972621,29972621,Clc1snnc1CN1CCC(CC1)N1C(=O)Nc2ccccc21,emolecules,Mol710,41.2,335,,,0.910624405,0.00000412,0.0000335,-5.385102784,-4.474955193,0.910147591
49953664,49953664,COc1ccc2nc(nc(c2c1)N1CC(O)(C1)c1ccc(cc1)F)C,emolecules,Mol711,92.4,357,89,85,0.587710965,0.00000924,0.0000357,-5.034328029,-4.447331784,0.586996245
2353222,2353222,Fc1ccc(c(c1)CN1CCN(CC1)Cc1ccc2c(c1)OCO2)F,emolecules,Mol712,204,132,75,80,-0.190440285,0.0000204,0.0000132,-4.690369833,-4.879426069,-0.189056236
153321,153321,C1CN(CCC1c1ccn[nH]1)Cc1ccncc1,emolecules,Mol713,207,218,98,90,0.021189299,0.0000207,0.0000218,-4.684029655,-4.661543506,0.022486148
158151,158151,Cc1[nH]c2ccc(cc2c1CC(=O)N1CCC(CC1)Cc1ncncc1C(=O)N)Cl,emolecules,Mol714,4.88,90.6,97,100,1.269512944,0.000000488,0.00000906,-6.311580178,-5.042871802,1.268708376
49644632,49644632,O=C(NCCN1CCC(CC1)c1ccccc1)c1ccc2ncsc2c1,emolecules,Mol715,113,147,75,75,0.117271296,0.0000113,0.0000147,-4.946921557,-4.832682665,0.114238891
35774799,35774799,C1CC(C1)CNc1nc(no1)-c1ccccc1,emolecules,Mol716,156,94.1,43,57,-0.218244625,0.0000156,0.00000941,-4.806875402,-5.026410377,-0.219534975
32161047,32161047,C1CN(CCC1c1nc(n[nH]1)-c1ccccc1)c1cnc2ccccc2n1,emolecules,Mol717,68.5,82,40,55,0.079181246,0.00000685,0.0000082,-5.164309429,-5.086186148,0.078123281
30455813,30455813,COc1cccc(c1)OCCCn1cncc1-c1cc2c(cc1OC)OCCCO2,emolecules,Mol719,71.7,378,73,81,0.722633923,0.00000717,0.0000378,-5.144480844,-4.4225082,0.721972644
18867454,18867454,Cl.COc1ccc(cc1)-c1nc(sc1C)CC(=O)N,emolecules,Mol720,485,120,,,-0.609064893,0.0000485,0.000012,-4.314258261,-4.920818754,-0.606560493
32005722,32005722,O=C1NCCCCC1NC(=O)N1CCc2sccc2C1,emolecules,Mol721,61.5,275,,,0.651278014,0.00000615,0.0000275,-5.211124884,-4.560667306,0.650457578
4847598,4847598,OC(=O)C1=CN(CCc2c[nH]c3ccccc23)C(=O)C=C1,emolecules,Mol722,1.82,4.35,110,94,0.378397901,0.000000182,0.000000435,-6.739928612,-6.361510743,0.378417869
233395,233395,Cn1ccc(n1)CN1CCC(CC1)c1cnccn1,emolecules,Mol723,281,276,109,107,-0.007446482,0.0000281,0.0000276,-4.55129368,-4.559090918,-0.007797238
36703704,36703704,CC(C)C(=O)NCc1cc(ccc1-n1ccnc1C)F,emolecules,Mol724,11.1,246,98,93,1.346352974,0.00000111,0.0000246,-5.954677021,-4.609064893,1.345612128
15274760,15274760,Fc1ccccc1NC(=O)CN1CCSC1=O,emolecules,Mol725,297,219,105,102,-0.131355562,0.0000297,0.0000219,-4.527243551,-4.659555885,-0.132312334
1311623,1311623,COc1ccc(cc1)CNCc1cccc2ccccc12,emolecules,Mol726,90.7,40.8,34,60,-0.346787486,0.00000907,0.00000408,-5.042392713,-5.389339837,-0.346947124
6809286,6809286,O=C(NCc1ccccc1)c1ccc(cc1)NS(=O)(=O)c1ccc(cc1)C1CCCCC1,emolecules,Mol727,218,585,94,103,0.42975228,0.0000218,0.0000585,-4.661543506,-4.232844134,0.428699372
49920814,49920814,Cc1noc(n1)NCc1cccc(c1)-c1cccnc1,emolecules,Mol728,267,201,87,87,-0.123782159,0.0000267,0.0000201,-4.573488739,-4.696803943,-0.123315204
43179665,43179665,CCCn1cnnc1Cn1ccnc1-c1ccc2occc2c1,emolecules,Mol729,2.38,223,90,99,1.972202838,0.000000238,0.0000223,-6.623423043,-4.651695137,1.971727906
36311460,36311460,CN(CC(=O)Nc1ccc(cn1)C)C(=O)c1ccccc1F,emolecules,Mol730,209,299,112,106,0.155336037,0.0000209,0.0000299,-4.679853714,-4.524328812,0.155524902
36915937,36915937,O=C(CCNc1ncccn1)N1CCc2ccccc2C1,emolecules,Mol731,255,313,102,101,0.089905111,0.0000255,0.0000313,-4.59345982,-4.504455662,0.089004157
29659409,29659409,CN(Cc1cccc(c1)C#N)Cc1cnn(c1)C,emolecules,Mol732,341,197,114,95,-0.238072162,0.0000341,0.0000197,-4.467245621,-4.705533774,-0.238288153
32444518,32444518,Nc1cnc(nc1)Cc1ccc(cc1)F,emolecules,Mol733,378,253,117,100,-0.173925197,0.0000378,0.0000253,-4.4225082,-4.596879479,-0.174371279
18861554,18861554,CC(C)c1noc2ncc(cc12)C(=O)Nc1cc(ccc1C)F,emolecules,Mol735,288,187,86,77,-0.187755303,0.0000288,0.0000187,-4.540607512,-4.728158393,-0.187550881
44435341,44435341,Fc1ccc(cc1)CCCC(=O)N1CCN(C(=O)C1)c1ccccc1,emolecules,Mol736,324,290,107,98,-0.04769199,0.0000324,0.000029,-4.48945499,-4.537602002,-0.048147012
35715808,35715808,CC(C)NC(=O)c1cc(n(n1)-c1ccccn1)-c1ccccc1,emolecules,Mol738,252,192,88,85,-0.118045029,0.0000252,0.0000192,-4.598599459,-4.716698771,-0.118099312
31882595,31882595,CS(=O)(=O)NC1CCN(CC1)C(=O)NCCc1ccc(cc1)F,emolecules,Mol739,6.74,238,101,111,1.547774705,0.000000674,0.0000238,-6.171340103,-4.623423043,1.547917061
46650374,46650374,CC(C)CCN(C)c1ncnc2nc(cc(c12)C)C,emolecules,Mol740,330,284,106,83,-0.064492734,0.000033,0.0000284,-4.48148606,-4.54668166,-0.0651956
44492208,44492208,CN(CC(=O)NC1CC1)C(=O)C1C2CC3CC(C2)CC1C3,emolecules,Mol741,220,347,106,105,0.198657087,0.000022,0.0000347,-4.657577319,-4.459670525,0.197906794
3669743,3669743,CCc1nnc(s1)NC(=O)Cc1c(noc1C)C,emolecules,Mol742,30.8,396,103,101,1.10720997,0.00000308,0.0000396,-5.511449283,-4.402304814,1.109144469
48337566,48337566,CN1CCCN(CC1)c1nc(nc2cc3c(cc12)OCO3)C(F)(F)F,emolecules,Mol743,241,268,106,94,0.045322979,0.0000241,0.0000268,-4.617982957,-4.571865206,0.046117751
49944058,49944058,CCn1nccc1CNc1nnc(o1)-c1ccc(cc1)OC,emolecules,Mol744,108,205,72,94,0.276461804,0.0000108,0.0000205,-4.966576245,-4.688246139,0.278330106
53817229,53817229,Fc1cncc(c1)-c1cnc(nc1)NCc1ccc(c(c1)F)Cl,emolecules,Mol745,209,70.9,57,52,-0.469800302,0.0000209,0.00000709,-4.679853714,-5.149353765,-0.469500051
48752280,48752280,O=C1CCC(=O)N1CCN1CCCCc2ccccc21,emolecules,Mol746,334,218,90,85,-0.186419011,0.0000334,0.0000218,-4.476253533,-4.661543506,-0.185289973
17480068,17480068,O=C1CC2(CCN(CC2)C(=O)NCc2ccccc2)Oc2ccccc21,emolecules,Mol747,126,385,80,90,0.484299839,0.0000126,0.0000385,-4.899629455,-4.41453927,0.485090184
53880265,53880265,O=C(NC1CCCC1)N1CCN(CC1)c1nccn2nc3c(c12)CCCC3,emolecules,Mol748,169,339,87,90,0.301029996,0.0000169,0.0000339,-4.772113295,-4.469800302,0.302312994
53880275,53880275,Fc1ccccc1CC(=O)N1CCN(CC1)c1nccn2nc3c(c12)CCCC3,emolecules,Mol749,211,203,62,71,-0.017276612,0.0000211,0.0000203,-4.675717545,-4.692503962,-0.016786417
48355573,48355573,CCC(=O)NCc1cc(n(n1)C1CCCC1)C1CC1,emolecules,Mol751,259,273,112,98,0.021189299,0.0000259,0.0000273,-4.586700236,-4.563837353,0.022862883
3389897,3389897,O=C(Nc1nccs1)c1c2c(nc3ccccc13)CCC2,emolecules,Mol752,163,234,70,82,0.158362492,0.0000163,0.0000234,-4.787812396,-4.630784143,0.157028253
37038179,37038179,CC(C)(C)c1ccc(cc1)C1=NC2(CCNCC2)NC1=O,emolecules,Mol753,9.31,315,93,97,1.5289167,0.000000931,0.0000315,-6.031050319,-4.501689446,1.529360873
2521907,2521907,O=C(CSc1ncn[nH]1)N(C1CCCCC1)C1CCCCC1,emolecules,Mol754,165,425,98,88,0.409933123,0.0000165,0.0000425,-4.782516056,-4.37161107,0.410904986
44582746,44582746,OC1CCN(CC1)C(=O)CCCc1cc(sc1Cl)Cl,emolecules,Mol755,373,319,115,94,-0.067019178,0.0000373,0.0000319,-4.428291168,-4.496209317,-0.067918149
32007466,32007466,Cc1cc(n(n1)-c1ccc(cn1)CNC(=O)C1CCC1)C,emolecules,Mol756,234,253,99,101,0.033423755,0.0000234,0.0000253,-4.630784143,-4.596879479,0.033904664
48825778,48825778,CN1CCC(CC1)NS(=O)(=O)C1CN(C1)C(=O)c1cccc(c1)Cl,emolecules,Mol757,2.72,77.1,96,94,1.45331834,0.000000272,0.00000771,-6.565431096,-5.112945622,1.452485474
35741477,35741477,O=C(NCc1ccc2c(c1)OCCO2)c1sccc1C1CC1,emolecules,Mol758,173,82.1,47,53,-0.324221658,0.0000173,0.00000821,-4.761953897,-5.085656843,-0.323702946
152925,152925,NC(=O)CN1CCC(CC1)Oc1cccc(c1)F,emolecules,Mol759,413,225,118,105,-0.26520017,0.0000413,0.0000225,-4.384049948,-4.647817482,-0.263767534
31873876,31873876,Fc1ccccc1CN1CCN(CC1)S(=O)(=O)N1CCOCC1,emolecules,Mol760,367,352,114,111,-0.018634491,0.0000367,0.0000352,-4.435333936,-4.453457337,-0.018123401
183407,183407,COc1ccc(cc1)-c1nc([nH]c1C(=O)N)C1CCN(CC1)C(=O)c1sc(nc1C)C,emolecules,Mol761,0.85,35.8,99,93,1.624282096,0.000000085,0.00000358,-7.070581074,-5.446116973,1.624464101
153307,153307,CCn1c(nnc1C1CCN(C)CC1)SC,emolecules,Mol762,9.52,70.9,95,101,0.872156273,0.000000952,0.00000709,-6.021363052,-5.149353765,0.872009287
35720088,35720088,CC(=O)N1CCN(CCNC(=O)N2CCc3sccc3C2)CC1,emolecules,Mol763,5.11,155,,,1.482873584,0.000000511,0.0000155,-6.2915791,-4.809668302,1.481910798
31325002,31325002,Cc1ccccc1CC(=O)N1CCN(CC1)C(=O)c1ccccc1,emolecules,Mol765,185,380,109,105,0.31386722,0.0000185,0.000038,-4.732828272,-4.420216403,0.312611868
31397498,31397498,O=C(Nc1ccccc1-n1ccnc1)c1cccs1,emolecules,Mol766,293,216,109,86,-0.13076828,0.0000293,0.0000216,-4.53313238,-4.665546249,-0.132413869
408502,408502,CN(Cc1ccccc1)c1nc(nc2c1CCN(Cc1ccccc1)C2)C,emolecules,Mol767,266,197,66,69,-0.129596095,0.0000266,0.0000197,-4.575118363,-4.705533774,-0.13041541
48313236,48313236,CC(C)S(=O)(=O)C1CCN(CC1)C(=O)c1c(nn(c1Cl)-c1ccc(cc1)F)C,emolecules,Mol769,27.6,404,101,98,1.164352856,0.00000276,0.0000404,-5.559090918,-4.393618635,1.165472283
36997483,36997483,COc1ccc(cc1OC)CN1CCN(CC1)c1cc(nc(n1)N)C,emolecules,Mol770,32.8,187,85,98,0.755874856,0.00000328,0.0000187,-5.484126156,-4.728158393,0.755967763
15211082,15211082,CCN(C(=O)C)c1ccc(cc1C(=O)O)C,emolecules,Mol771,2.99,2.58,92,101,-0.063486258,0.000000299,0.000000258,-6.524328812,-6.588380294,-0.064051482
36698232,36698232,CCc1ncc2c(n1)CN(CC2)c1ccnc(n1)-c1ccccc1,emolecules,Mol772,224,109,71,63,-0.314258261,0.0000224,0.0000109,-4.649751982,-4.962573502,-0.31282152
45748055,45748055,CON(C)C(=O)c1cccc2c(c([nH]c12)C)C,emolecules,Mol773,191,91,60,79,-0.322393047,0.0000191,0.0000091,-4.718966633,-5.040958608,-0.321991975
313516885,313516885,CC(C)c1nnc(n1-c1cccc2nonc12)-c1ccc(nc1)-c1ccccc1,emolecules,Mol774,77.3,316,72,80,0.611723308,0.00000773,0.0000316,-5.111820506,-4.500312917,0.611507589
43141052,43141052,N#Cc1ccccc1-c1ccc(o1)-c1nccn1-c1cccnc1,emolecules,Mol776,158,233,57,71,0.170261715,0.0000158,0.0000233,-4.801342913,-4.632644079,0.168698834
42957976,42957976,Cc1cc(no1)CNc1ncc(cc1Cl)C(F)(F)F,emolecules,Mol777,284,170,69,65,-0.221125528,0.0000284,0.000017,-4.54668166,-4.769551079,-0.222869419
MCULE-7051565077,,COCCNC(=O)CN1CCN(CC1)c1nccn1-c1cccc(c1)Cl,mcule,Mol778,11,580,97,103,1.720159303,0.0000011,0.000058,-5.958607315,-4.236572006,1.722035308
30191309,30191309,Cc1cc(no1)NC(=O)CCc1c(nn(c1C)C)C,emolecules,Mol779,93.5,361,111,107,0.586587305,0.00000935,0.0000361,-5.029188389,-4.442492798,0.586695591
23825625,23825625,CCCn1ncc2[nH]c(nc12)-c1cc(c(cc1C)C)Cn1cncn1,emolecules,Mol780,3.32,302,94,98,1.958563883,0.000000332,0.0000302,-6.478861916,-4.519993057,1.958868859
3664558,3664558,CCc1nnsc1C(=O)Nc1cccc(c1)-c1nnc2n1CCCCC2,emolecules,Mol781,5.68,268,98,99,1.673941999,0.000000568,0.0000268,-6.245651664,-4.571865206,1.673786458
413444,413444,OC1CCN(CC1)c1ncc(c(n1)-c1cccs1)-c1cnccn1,emolecules,Mol782,238,271,93,91,0.056904851,0.0000238,0.0000271,-4.623423043,-4.567030709,0.056392334
50568787,50568787,CN(CC(=O)Nc1cc(cc(c1)F)F)c1ccnc(c1)C(=O)N,emolecules,Mol783,32.9,404,101,98,1.089905111,0.00000329,0.0000404,-5.482804102,-4.393618635,1.089185467
231817334,231817334,CSc1ncccc1C(=O)Nc1ccc(cc1)N1CCCCC1=O,emolecules,Mol784,45.1,367,101,103,0.910624405,0.00000451,0.0000367,-5.345823458,-4.435333936,0.910489522
49954298,49954298,CCC1(CC)NC(=O)N(CC(=O)N2CCOCC3(CCCC3)C2)C1=O,emolecules,Mol785,3.6,293,96,104,1.911157609,0.00000036,0.0000293,-6.443697499,-4.53313238,1.91056512
48820442,48820442,Clc1ccc(cc1Cl)CC(=O)N1CC(C1)n1ccnn1,emolecules,Mol786,159,333,103,105,0.320146286,0.0000159,0.0000333,-4.798602876,-4.477555766,0.321047109
30708810,30708810,Cc1oc(c(c1C)C(=O)Nc1ccn(n1)C)C,emolecules,Mol787,264,158,81,92,-0.224025669,0.0000264,0.0000158,-4.578396073,-4.801342913,-0.22294684
30708674,30708674,CN(C)c1ccc(cn1)CN1C(=O)Nc2ccccc2C1=O,emolecules,Mol788,84.9,400,83,89,0.673020907,0.00000849,0.00004,-5.07109231,-4.397940009,0.673152301
30742732,30742732,CN(Cc1ccc(o1)C)C(=O)c1sc2nc(nc(c2c1C)C)C,emolecules,Mol789,268,295,97,98,0.041392685,0.0000268,0.0000295,-4.571865206,-4.530177984,0.041687222
53755274,53755274,CC1=CC=CN(Cc2cccc(c2)C#N)C1=O,emolecules,Mol790,331,228,109,98,-0.161150909,0.0000331,0.0000228,-4.480172006,-4.642065153,-0.161893147
46223729,46223729,CN1CCN(CC1)c1nc(c(c(n1)C)NC(=O)C1CCCCC1)C,emolecules,Mol792,73.2,260,89,90,0.550228353,0.00000732,0.000026,-5.135488919,-4.585026652,0.550462267
194321,194321,CC(C)(O)C(=O)N1CCC(CC1)c1ccc2c(n[nH]c2n1)NCc1ccccc1F,emolecules,Mol793,21.6,332,78,92,1.187520721,0.00000216,0.0000332,-5.665546249,-4.478861916,1.186684333
36356108,36356108,CCCc1cc(n2ncnc2n1)N1CCc2c(nc(n2C)C(C)C)C1,emolecules,Mol794,73.85,416.5,151,114,1.182557301,0.000007385,0.00004165,-5.1316495,-4.380384994,0.751264506
30197060,30197060,CN(Cc1c(cccc1Cl)F)C(=O)c1ccc(nc1)-n1ccnc1,emolecules,Mol795,276,173,74,70,-0.204119983,0.0000276,0.0000173,-4.559090918,-4.761953897,-0.202862979
50334305,50334305,Cc1sc(c(c1C)C)NC(=O)CN1CCOC(C1)C1CCCO1,emolecules,Mol796,175,176,,,0.004321374,0.0000175,0.0000176,-4.756961951,-4.754487332,0.002474619
48257681,48257681,Cn1ccnc1CNc1cc(ccc1-n1cccn1)Br,emolecules,Mol797,286,240,90,75,-0.075204004,0.0000286,0.000024,-4.543633967,-4.619788758,-0.076154791
32061442,32061442,FC(F)(F)c1cccnc1NCCNC(=O)C1=CN=C2C=CC=CN2C1=O,emolecules,Mol799,153,167,,,0.037426498,0.0000153,0.0000167,-4.815308569,-4.777283529,0.03802504
3962718,3962718,O=C(Nc1nncs1)c1cccnc1,emolecules,Mol800,203,210,113,98,0.017033339,0.0000203,0.000021,-4.692503962,-4.677780705,0.014723257
49148489,49148489,Fc1ccc(c(c1)-c1nc(nn1-c1cccnc1)C1CCOCC1)F,emolecules,Mol803,219,291,105,99,0.123851641,0.0000219,0.0000291,-4.659555885,-4.536107011,0.123448874
147149,147149,Cc1nc(ccc1C(=O)N)[C@H]1CC[C@@H](CC1)CNC(=O)CN1CCC(CC1)c1ccccc1 |r|,emolecules,Mol804,18.4,275,94,94,1.173186268,0.00000184,0.0000275,-5.735182177,-4.560667306,1.174514871
36994254,36994254,O=C(NC1(CCC1)c1ccccc1)c1cc(on1)C1CC1,emolecules,Mol805,352,191,97,76,-0.26520017,0.0000352,0.0000191,-4.453457337,-4.718966633,-0.265509296
45762658,45762658,CN(Cc1nnc(n1C)C1CC1)C(=O)C1C2CC3CC(C2)CC1C3,emolecules,Mol806,35.8,398,100,102,1.045322979,0.00000358,0.0000398,-5.446116973,-4.400116928,1.046000045
30000529,30000529,CN(Cc1nc(c2ccccc2n1)N)Cc1ccc(cc1F)F,emolecules,Mol807,86.5,302,82,95,0.542825427,0.00000865,0.0000302,-5.062983893,-4.519993057,0.542990835
902539,902539,CCCCCNC(=N)N/N=C/c1c[nH]c2ccc(cc12)OC,emolecules,Mol808,0.367,26.4,74,45,1.857332496,3.67E-08,0.00000264,-7.435333936,-5.578396073,1.856937863
32394390,32394390,COc1ccc(cc1)CCN1C(=O)NN=C1C1CC1,emolecules,Mol809,367,368,125,109,0.001959,0.0000367,0.0000368,-4.435333936,-4.434152181,0.001181754
48421225,48421225,CN1C(=O)N(C)c2cc(ccc21)CN1CCC(CC1)c1ccc(cn1)Cc1ccccc1F,emolecules,Mol810,23.4,146,52,75,0.79518459,0.00000234,0.0000146,-5.630784143,-4.835647144,0.795136998
30693076,30693076,O=C(NC1CC1)c1cccnc1Oc1ccccc1,emolecules,Mol811,451,267,134,101,-0.227678293,0.0000451,0.0000267,-4.345823458,-4.573488739,-0.227665281
42964208,42964208,N#Cc1ccc(cc1)CN1CC(C1)n1cccn1,emolecules,Mol812,371,221,118,97,-0.22475374,0.0000371,0.0000221,-4.43062609,-4.655607726,-0.224981636
50894425,50894425,NC(=O)Cn1ccc(n1)-c1ccccc1,emolecules,Mol813,316,250,110,99,-0.101274818,0.0000316,0.000025,-4.500312917,-4.602059991,-0.101747074
312296,312296,COc1ccc(cc1)C(=O)CN1C(=O)N(c2ccccc2F)c2nc(nc(c21)C(=O)N)C,emolecules,Mol814,171,249,81,81,0.164352856,0.0000171,0.0000249,-4.76700389,-4.603800653,0.163203237
11963582,11963582,Cc1cccc(c1)NC(=O)c1cccc2ncccc12,emolecules,Mol815,114,53.6,37,64,-0.326979093,0.0000114,0.00000536,-4.943095149,-5.27083521,-0.327740062
300055299,300055299,OC(=O)CNc1nc(nc2ccccc12)-c1ccccc1,emolecules,Mol817,19.2,14.1,95,99,-0.132532512,0.00000192,0.00000141,-5.716698771,-5.850780887,-0.134082116
73020372,73020372,COCCS(=O)(=O)N1CCC2(C1)Cc1ccccc1C2,emolecules,Mol818,445,260,114,95,-0.234331445,0.0000445,0.000026,-4.351639989,-4.585026652,-0.233386663
49945934,49945934,Cc1cnn(c1)Cc1nnc(s1)-c1ccccc1,emolecules,Mol819,393,218,98,92,-0.256490235,0.0000393,0.0000218,-4.40560745,-4.661543506,-0.255936057
49968150,49968150,CN(Cc1ccc(nc1)N)c1cc(nc(n1)-c1ccncc1)C,emolecules,Mol820,72.8,320,88,93,0.643452676,0.00000728,0.000032,-5.137868621,-4.494850022,0.643018599
33324451,33324451,O=C(NCC1CCC1)c1ccc(nn1)-n1ccnc1,emolecules,Mol821,357,220,106,90,-0.210419288,0.0000357,0.000022,-4.447331784,-4.657577319,-0.210245535
42885549,42885549,CC1(CCOCC1)c1nnc(o1)-c1cc(n[nH]1)-c1ccccc1,emolecules,Mol822,62,75.3,48,77,0.08278537,0.0000062,0.00000753,-5.207608311,-5.123205024,0.084403287
25649639,25649639,COc1ccc2nc(c(cc2c1)C(=O)Nc1ccccc1N1CCCC1)C,emolecules,Mol823,97.9,47.4,41,61,-0.315154638,0.00000979,0.00000474,-5.009217308,-5.324221658,-0.31500435
43081907,43081907,CN(Cc1snnc1C)c1ccc2cc[nH]c2n1,emolecules,Mol824,322,191,80,74,-0.226945307,0.0000322,0.0000191,-4.492144128,-4.718966633,-0.226822504
24958639,24958639,Cn1cnnc1CNc1ccccc1C#N,emolecules,Mol825,26.3,120,101,95,0.658964843,0.00000263,0.000012,-5.580044252,-4.920818754,0.659225498
23673158,23673158,Oc1ccc(cn1)C(=O)N1CCN(CC1)c1ncccn1,emolecules,Mol826,9.97,69.8,95,96,0.84509804,0.000000997,0.00000698,-6.001304842,-5.156144577,0.845160264
9879245,9879245,COc1ccc(c(c1)OC)NC(=O)c1snnc1C,emolecules,Mol827,286,149,78,87,-0.283162277,0.0000286,0.0000149,-4.543633967,-4.826813732,-0.283179765
Z1411035575,Z1411035575,Cc1ccc(c(c1)N(Cc1nccn1C(F)F)C#N)F,enamineHTS,Mol828,275,169,84,87,-0.212539525,0.0000275,0.0000169,-4.560667306,-4.772113295,-0.211445989
32015702,32015702,CN(C1CCCCC1)c1ccc(cc1F)NC(=O)N1CCCN(CC1)C(=O)C,emolecules,Mol829,9.1,256,,,1.450249108,0.00000091,0.0000256,-6.040958608,-4.591760035,1.449198573
152135,152135,Clc1cccc(c1)-c1cccc(n1)C1CCCN(C1)S(=O)(=O)c1cn[nH]c1,emolecules,Mol830,59.5,178,,,0.477121255,0.00000595,0.0000178,-5.225483034,-4.749579998,0.475903037
48597409,48597409,CN(C)c1ncn(n1)-c1cccc(c1)N,emolecules,Mol831,356,212,116,93,-0.22475374,0.0000356,0.0000212,-4.448550002,-4.673664139,-0.225114137
901477,901477,Cc1ccc(cc1)-n1nc(cc1NC(=O)Nc1ccc(c2ccccc12)OCCN1CCOCC1)C(C)(C)C,emolecules,Mol832,34.3,225,61,68,0.8162413,0.00000343,0.0000225,-5.46470588,-4.647817482,0.816888398
32146223,32146223,C1CN(CCC1c1ncc[nH]1)c1ncnc2sc(cc12)-c1ccccc1,emolecules,Mol833,7.99,142,,,1.250420002,0.000000799,0.0000142,-6.097453221,-4.847711656,1.249741565
140213,140213,C=CCNC(=O)C1(CCN(CC1)C(=O)c1cccnc1)Cc1ccc(cc1)-c1ccccc1,emolecules,Mol834,11.1,311,69,86,1.447158031,0.00000111,0.0000311,-5.954677021,-4.507239611,1.44743741
49169918,49169918,Cc1ccc(o1)-c1nc(n(n1)Cc1ccc(cc1)F)CN1CCOCC1,emolecules,Mol835,80.1,329,76,85,0.613841822,0.00000801,0.0000329,-5.096367484,-4.482804102,0.613563382
49965014,49965014,CCC1(O)CN(C1)c1ncnc2n(nc(c12)Br)C,emolecules,Mol837,322,274,116,105,-0.070581074,0.0000322,0.0000274,-4.492144128,-4.562249437,-0.070105309
7723164,7723164,Cc1cccc(n1)NC(=O)c1ccc2ccccc2c1,emolecules,Mol838,75.9,9.57,23,45,-0.899629455,0.00000759,0.000000957,-5.119758224,-6.019088062,-0.899329838
48880634,48880634,C1CCN(C1)CCOc1ccc(cc1)-c1[nH]c2ncnc(c2c1-c1ccccc1)NCC1SCCS1,emolecules,Mol839,1.36,34,32,54,1.397940009,0.000000136,0.0000034,-6.866461092,-5.468521083,1.397940009
33361007,33361007,Fc1cccc(c1)C1(CCOCC1)C(=O)Nc1cccc(c1)-c1cnco1,emolecules,Mol840,117,276,71,74,0.374748346,0.0000117,0.0000276,-4.931814138,-4.559090918,0.37272322
31981926,31981926,CC(=O)NCC1CCN(CC1)C(=O)c1cncn1-c1ccc(cc1)F,emolecules,Mol841,0.693,41.2,108,81,1.774516966,6.93E-08,0.00000412,-7.159266765,-5.385102784,1.774163981
32009682,32009682,Cn1cc(cn1)CCNC(=O)N1CCc2sccc2C1,emolecules,Mol842,134,204,,,0.178976947,0.0000134,0.0000204,-4.872895202,-4.690369833,0.182525369
147155,147155,Cc1cc(ccc1F)CCCC(=O)NC[C@H]1CC[C@@H](CC1)c1ccc(c(n1)C)C(=O)N |r|,emolecules,Mol843,10,334,79,90,1.522444234,0.000001,0.0000334,-6,-4.476253533,1.523746467
44529882,44529882,COC1CCN(CC1)C(=O)Nc1cc(cc(c1)C(F)(F)F)C(F)(F)F,emolecules,Mol844,178,84.6,53,71,-0.322393047,0.0000178,0.00000846,-4.749579998,-5.072629637,-0.323049639
36909737,36909737,Cc1cccc(c1C)Oc1cc(ccn1)CN,emolecules,Mol845,286,127,92,74,-0.353596274,0.0000286,0.0000127,-4.543633967,-4.896196279,-0.352562312
300636138,300636138,CC(C)(C)Sc1c(n(c2ccc(cc12)OCc1ccc2ccccc2n1)Cc1ccc(cc1)Cl)CC(C)(C)C(=O)O,emolecules,Mol846,29.4,69.7,30,20,0.374748346,0.00000294,0.00000697,-5.53165267,-5.156767222,0.374885448
13484208,13484208,CN(Cc1nnc2n1CCC2)C(=O)Cc1coc2c(c(ccc12)C)C,emolecules,Mol847,5.25,347,97,110,1.820201459,0.000000525,0.0000347,-6.279840697,-4.459670525,1.820170171
33308690,33308690,CC(C)(C)c1nnnn1CC(=O)NC12CC3CC(CC(C3)C2)C1,emolecules,Mol848,307,239,97,88,-0.110138279,0.0000307,0.0000239,-4.512861625,-4.621602099,-0.108740475
43249211,43249211,OC(=O)c1ccccc1-n1cnc(c1)CN1CCCC1,emolecules,Mol849,0.45,1.12,95,105,0.396199347,0.000000045,0.000000112,-7.346787486,-6.950781977,0.396005509
17159117,17159117,COc1cccc(c1)CC(=O)Nc1ccc2nc(sc2c1)C,emolecules,Mol850,332,271,85,79,-0.087246696,0.0000332,0.0000271,-4.478861916,-4.567030709,-0.088168793
49955148,49955148,Cc1cc(c(c(c1)C)CC(=O)N1CC(CO)C1)C,emolecules,Mol851,130,224,97,99,0.235528447,0.000013,0.0000224,-4.886056648,-4.649751982,0.236304666
13419387,13419387,Cc1sc2nc(nc(c2c1C)N)CN1CCCC1,emolecules,Mol853,18.9,332,102,86,1.245512668,0.00000189,0.0000332,-5.723538196,-4.478861916,1.24467628
36356120,36356120,CC(C)c1nc2c(n1C)CCN(C2)c1ncnc2ccccc12,emolecules,Mol854,54.6,235,,,0.63447727,0.00000546,0.0000235,-5.262807357,-4.628932138,0.63387522
2972727,2972727,Cc1nn(c(c1Oc1ccccc1O)C)CCC#N,emolecules,Mol855,187,295,101,101,0.195899652,0.0000187,0.0000295,-4.728158393,-4.530177984,0.197980409
32130663,32130663,OC1(CCCCC1)Cn1nnc(n1)-c1cccnc1,emolecules,Mol856,372,246,124,98,-0.180456064,0.0000372,0.0000246,-4.42945706,-4.609064893,-0.179607833
31341176,31341176,Cc1cc(c(s1)C)C(=O)NCCc1ccccn1,emolecules,Mol857,295,188,87,88,-0.194499142,0.0000295,0.0000188,-4.530177984,-4.725842151,-0.195664167
5799127,5799127,Nc1ccc(nc1)Oc1ccccc1F,emolecules,Mol858,420,223,103,89,-0.27572413,0.000042,0.0000223,-4.37675071,-4.651695137,-0.274944427
30446887,30446887,Cn1c(ncc1-c1ccc(cc1)F)NC(=O)CCC(=O)N1CC(=O)Nc2ccccc21,emolecules,Mol859,3.21,155,113,84,1.683047038,0.000000321,0.0000155,-6.493494968,-4.809668302,1.683826666
43664822,43664822,Cc1nc(nc2ccccc12)CN1C(=O)CN(C2CCCC2)C1=O,emolecules,Mol860,208,320,107,102,0.187520721,0.0000208,0.000032,-4.681936665,-4.494850022,0.187086643
43140484,43140484,CCOC(=O)c1cccnc1-c1cccc2ccnn12,emolecules,Mol861,329,226,105,96,-0.163043263,0.0000329,0.0000226,-4.482804102,-4.645891561,-0.163087459
24110376,24110376,COc1cc2c(cc1OC)CN(CC2)C(=O)C1CCCN(C1)C(=O)Nc1ccccc1,emolecules,Mol862,9.2,250,94,101,1.431363764,0.00000092,0.000025,-6.036212173,-4.602059991,1.434152181
24022867,24022867,NC(=O)c1ccccc1NC(=O)CN1CCCC(C1)c1nc2ccccc2o1,emolecules,Mol863,30,240,82,81,0.903089987,0.000003,0.000024,-5.522878745,-4.619788758,0.903089987
25020465,25020465,COc1cc2c(cc1OC)CN(CC2)C(=O)C1CCCN(C1)S(=O)(=O)c1ccc(cc1)F,emolecules,Mol864,40.6,219,,,0.73239376,0.00000406,0.0000219,-5.391473966,-4.659555885,0.731918081
27368582,27368582,O=C(C1CCCN(C1)C(=O)c1cccc2ccccc12)N1CCc2ccccc2C1,emolecules,Mol865,54,315,,,0.765668555,0.0000054,0.0000315,-5.26760624,-4.501689446,0.765916794
44106917,44106917,CCCS(=O)(=O)N1CCCC(C1)C(=O)N1CCc2ccccc2C1,emolecules,Mol866,138,259,,,0.271841607,0.0000138,0.0000259,-4.860120914,-4.586700236,0.273420678
30026465,30026465,FC(F)(F)Oc1ccc(cc1)NC(=O)CN1CCCC(C1)c1nc2ccccc2o1,emolecules,Mol867,121,119,,,-0.007446482,0.0000121,0.0000119,-4.91721463,-4.924453039,-0.007238409
30026467,30026467,CC(N1CCCC(C1)c1nc2ccccc2o1)C(=O)Nc1ccc(cc1)C(=O)N,emolecules,Mol868,19,286,,,1.178976947,0.0000019,0.0000286,-5.721246399,-4.543633967,1.177612432
30026463,30026463,Cc1ccc(cc1C)NC(=O)CN1CCCC(C1)c1nc2ccccc2o1,emolecules,Mol869,155,168,,,0.033423755,0.0000155,0.0000168,-4.809668302,-4.774690718,0.034977584
208343,208343,Cc1nc(cc(n1)C1CN(C1)C1CCCCC1)O,emolecules,Mol870,4.45,73.3,91,96,1.217483944,0.000000445,0.00000733,-6.351639989,-5.134896025,1.216743964
32147565,32147565,CN(C1CCCCCCC1)C(=O)C1CCN(CC1)c1ncccn1,emolecules,Mol871,375,319,106,87,-0.070581074,0.0000375,0.0000319,-4.425968732,-4.496209317,-0.070240585
32147581,32147581,CCS(=O)(=O)N1CCC(CC1)C(=O)N(C)C1CCCCCCC1,emolecules,Mol872,256,401,119,102,0.195899652,0.0000256,0.0000401,-4.591760035,-4.396855627,0.194904407
36356154,36356154,COc1ccnc(n1)N1CC(C1)n1nc(cc1C)C,emolecules,Mol874,320,209,122,96,-0.1837587,0.000032,0.0000209,-4.494850022,-4.679853714,-0.185003692
131225,131225,Cc1cc(cc(n1)C1CCN(C1)C(=O)COc1ccccc1F)Nc1ccc(cn1)F,emolecules,Mol875,19.4,185,,,0.977723605,0.00000194,0.0000185,-5.71219827,-4.732828272,0.979369998
260081695,260081695,COCCOCc1ccc(cc1)C1=Cc2onc(c2C(=O)N1C)-c1ccccc1,emolecules,Mol876,214,99.7,61,36,-0.331614083,0.0000214,0.00000997,-4.669586227,-5.001304842,-0.331718615
36269102,36269102,Cc1cc(cc(c1OCc1cccnc1)C)C(=O)N1CCOC(C)(C)C1,emolecules,Mol877,150,327,100,91,0.338456494,0.000015,0.0000327,-4.823908741,-4.485452247,0.338456494
110220963,110220963,Cc1ccc(cc1)S(=O)(=O)N1CCC[C@@H](C1)C(=O)NC1CCOCC1 |r|,emolecules,Mol879,18.2,380,101,103,1.320146286,0.00000182,0.000038,-5.739928612,-4.420216403,1.319712209
45716971,45716971,COc1ccc(cc1)CNC(=O)CCCOc1ccc(cc1)C(=O)C,emolecules,Mol880,206,210,77,85,0.008600172,0.0000206,0.000021,-4.68613278,-4.677780705,0.008352074
43559227,43559227,CCc1ccc(nc1)-c1nccn1CC(=O)Nc1ccc(cc1F)C,emolecules,Mol881,204,148,72,79,-0.139661993,0.0000204,0.0000148,-4.690369833,-4.829738285,-0.139368452
45763784,45763784,Cc1cc(no1)NC(=O)C1CCN(CC1)c1ccncc1Cl,emolecules,Mol882,156,71.1,62,44,-0.3400838,0.0000156,0.00000711,-4.806875402,-5.148130399,-0.341254998
2343643,2343643,Fc1cccc(c1)CN1CCN(CC1)c1ncccn1,emolecules,Mol883,398,210,106,90,-0.278189385,0.0000398,0.000021,-4.400116928,-4.677780705,-0.277663777
320420210,320420210,CCN(Cc1ccccc1)C(=O)c1ccc(cc1O)O,emolecules,Mol884,336,279,94,97,-0.080921908,0.0000336,0.0000279,-4.473660723,-4.554395797,-0.080735074
181210453,181210453,CCN(Cc1ccccc1)C(=O)c1cccnc1N,emolecules,Mol885,388,252,105,97,-0.187086643,0.0000388,0.0000252,-4.411168274,-4.598599459,-0.187431185
48629606,48629606,Cc1cc(no1)-c1nc(nn1CCc1ccccc1)C,emolecules,Mol886,418,251,106,87,-0.22184875,0.0000418,0.0000251,-4.378823718,-4.600326279,-0.22150256
29601204,29601204,CCCNC(=O)c1ccnc(c1)N(C)C,emolecules,Mol887,297,183,98,91,-0.210419288,0.0000297,0.0000183,-4.527243551,-4.73754891,-0.21030536
32117877,32117877,O=C(CNC(=O)c1ccccc1)N1CCN(CC1)C1CC1,emolecules,Mol888,335,221,119,94,-0.181114585,0.0000335,0.0000221,-4.474955193,-4.655607726,-0.180652533
43366906,43366906,CCc1cc2c(cc1N1CCC(CC1)N1CCOCC1)C(C)(C)c1[nH]c3cc(ccc3c1C2=O)C#N,emolecules,Mol889,4.05,47.9,34,48,1.071882007,0.000000405,0.00000479,-6.392544977,-5.319664487,1.07288049
32083468,32083468,CCN(C1CCCC1)C(=O)c1cc(ccc1F)NC(=O)C,emolecules,Mol890,30.2,428,91,103,1.152288344,0.00000302,0.0000428,-5.519993057,-4.368556231,1.151436826
31839122,31839122,Cc1ccccc1C(=O)Nc1nc(c(s1)C)C,emolecules,Mol891,110,61.1,37,55,-0.254144805,0.000011,0.00000611,-4.958607315,-5.21395879,-0.255351475
43366944,43366944,CC(C)c1cc(c(cc1O)O)C(=O)N1Cc2ccc(cc2C1)CN1CCN(C)CC1,emolecules,Mol892,10.5,254,78,96,1.385606274,0.00000105,0.0000254,-5.978810701,-4.595166283,1.383644418
2246274,2246274,COc1ccccc1C(=O)Nc1cccc(c1)C#N,emolecules,Mol893,117,28.7,41,62,-0.609064893,0.0000117,0.00000287,-4.931814138,-5.542118103,-0.610303965
50136169,50136169,CC(=O)Nc1ccc(cc1)C(=O)N1CCc2ncncc2C1,emolecules,Mol895,6.36,109,102,107,1.235528447,0.000000636,0.0000109,-6.196542884,-4.962573502,1.233969382
Z1611059418,Z1611059418,CC(C)c1nnc(o1)NCc1ccn(c1)C,enamineHTS,Mol897,305,234,105,97,-0.11463878,0.0000305,0.0000234,-4.515700161,-4.630784143,-0.115083982
152907,152907,CC(C)N1CCC(O)(CC1)c1ccccc1F,emolecules,Mol899,324,174,114,106,-0.270025714,0.0000324,0.0000174,-4.48945499,-4.759450752,-0.269995762
31378111,31378111,CN(Cc1cnn(c1)C)C(=O)c1ccccc1-c1ccccc1C#N,emolecules,Mol900,23.3,450,106,102,1.285557309,0.00000233,0.000045,-5.632644079,-4.346787486,1.285856593
30063543,30063543,O=C(CN1CCc2ccccc21)N1CCC(CC1)c1nc2ccccc2[nH]1,emolecules,Mol901,6.92,388,85,99,1.748962861,0.000000692,0.0000388,-6.159893906,-4.411168274,1.748725631
31348551,31348551,O=C1Nc2ccccc2N1C1CCN(CC1)CCc1ccccn1,emolecules,Mol902,11.8,570,,,1.69019608,0.00000118,0.000057,-5.928117993,-4.244125144,1.683992848
45736512,45736512,CC1Cc2ccccc2N1C(=O)CN1CCC(CC1)N1C(=O)Nc2ccccc21,emolecules,Mol903,20,573,,,1.462397998,0.000002,0.0000573,-5.698970004,-4.241845378,1.457124626
31876232,31876232,Cc1ccc(nc1)NC(=O)C(C)(C)c1ccccc1,emolecules,Mol904,302,168,89,78,-0.254925208,0.0000302,0.0000168,-4.519993057,-4.774690718,-0.254697661
26060327,26060327,Fc1ccc(cc1)CNC(=O)C1CCN(CC1)C(=O)/C=C/c1ccccc1,emolecules,Mol905,42.4,261,63,82,0.790285164,0.00000424,0.0000261,-5.372634143,-4.583359493,0.789274651
227979253,227979253,COCCNc1cc(ncc1C#N)NC(=O)N1CCCc2cc(c(nc21)C=O)CN1CCN(C)CC1=O,emolecules,Mol906,5.54,255,93,84,1.662757832,0.000000554,0.0000255,-6.256490235,-4.59345982,1.663030416
20072667,20072667,CC(C)(C(=O)NCc1ccccn1)c1ccccc1,emolecules,Mol907,327,241,112,102,-0.133122186,0.0000327,0.0000241,-4.485452247,-4.617982957,-0.13253071
31397472,31397472,Fc1ccc(cc1)C(=O)Nc1ccccc1-n1ccnc1,emolecules,Mol908,273,262,100,120,-0.017276612,0.0000273,0.0000262,-4.563837353,-4.581698709,-0.017861356
7716996,7716996,OC(=O)c1ccc(cc1O)NC(=O)c1ccc(cc1)NC(=O)c1cccs1,emolecules,Mol909,2.6,1.49,90,100,-0.242603971,0.00000026,0.000000149,-6.585026652,-6.826813732,-0.24178708
32033578,32033578,CC(N1CCCN(CC1)c1ccccc1C#N)C(=O)N1CCc2sccc2C1,emolecules,Mol910,227,198,,,-0.059981845,0.0000227,0.0000198,-4.643974143,-4.70333481,-0.059360667
36907186,36907186,COc1ccc(c(c1)F)C(=O)N(C)Cc1nccn1C,emolecules,Mol911,170,378,110,108,0.346352974,0.000017,0.0000378,-4.769551079,-4.4225082,0.347042878
11791483,11791483,CC(C)CN1C(=O)N(Cc2ccccn2)C(=O)C1=O,emolecules,Mol912,252,211,96,99,-0.076755981,0.0000252,0.0000211,-4.598599459,-4.675717545,-0.077118085
29581584,29581584,CON(C)C(=O)CCc1c(nn(c1C)C)C,emolecules,Mol913,178,236,104,103,0.123851641,0.0000178,0.0000236,-4.749579998,-4.627087997,0.122492001
54864400,54864400,CN1CCN(CC1)c1ncncc1-c1nc(no1)-c1ccccc1,emolecules,Mol914,301,159,93,84,-0.278189385,0.0000301,0.0000159,-4.521433504,-4.798602876,-0.277169371
35693197,35693197,O=C(CNc1ccc(cc1)C(=O)N1CCCC1)N1CCCCC1,emolecules,Mol915,63.7,368,106,106,0.761927838,0.00000637,0.0000368,-5.195860568,-4.434152181,0.761708386
32431408,32431408,COc1ccc(cc1-c1cccnc1O)C,emolecules,Mol916,207,223,102,100,0.033423755,0.0000207,0.0000223,-4.684029655,-4.651695137,0.032334518
36447805,36447805,N#Cc1cccc(n1)-c1ccc2[nH]ccc2c1,emolecules,Mol917,251,132,55,50,-0.277366077,0.0000251,0.0000132,-4.600326279,-4.879426069,-0.27909979
31412633,31412633,Cc1ccc(cc1)-c1noc2nc(cc(c12)C(=O)O)C,emolecules,Mol918,1.72,5.03,103,102,0.46686762,0.000000172,0.000000503,-6.764471553,-6.298432015,0.466039538
32446521,32446521,OC(=O)c1nc(oc1-c1ccccc1)-c1ccccc1,emolecules,Mol919,491,393,116,103,-0.095825632,0.0000491,0.0000393,-4.308918508,-4.40560745,-0.096688942
35739549,35739549,COc1ccc(cc1-n1ccc(n1)C(=O)NC(C)C)C,emolecules,Mol921,254,138,81,88,-0.263603498,0.0000254,0.0000138,-4.595166283,-4.860120914,-0.26495463
31951751,31951751,CC(C)c1csc(n1)NC(=O)C1CCN(CC1)c1ncccn1,emolecules,Mol922,301,169,77,66,-0.250263684,0.0000301,0.0000169,-4.521433504,-4.772113295,-0.250679791
35765811,35765811,CN1CCN(CC1)C(=O)C1(CCCC1)NC(=O)c1ccc(cc1)C(F)(F)F,emolecules,Mol923,3.07,264,94,101,1.934498451,0.000000307,0.0000264,-6.512861625,-4.578396073,1.934465551
45751322,45751322,CN(CCc1ccccn1)C(=O)Nc1nncs1,emolecules,Mol924,176,286,102,107,0.212187604,0.0000176,0.0000286,-4.754487332,-4.543633967,0.210853365
31997330,31997330,CC1CCN(CC1)Cc1ccc(cc1)NC(=O)c1ccccn1,emolecules,Mol925,261,176,116,95,-0.170696227,0.0000261,0.0000176,-4.583359493,-4.754487332,-0.17112784
1527294,1527294,COc1ccc(c(c1)OC)CNc1ncc(n1C)-c1ccc2c(c1)OCO2,emolecules,Mol926,75.7,112,54,63,0.170261715,0.00000757,0.0000112,-5.12090412,-4.950781977,0.170122143
31231105,31231105,OC(=O)c1ccc(cc1)Nc1ncc2c(n1)-c1ccc(cc1C(=NC2)c1c(cccc1F)F)Cl,emolecules,Mol927,111,368,80,84,0.521138084,0.0000111,0.0000368,-4.954677021,-4.434152181,0.52052484
31837160,31837160,CN(C)C(=O)c1ccc(cc1)NC(=O)c1cccc(c1)F,emolecules,Mol928,225,209,96,90,-0.032920266,0.0000225,0.0000209,-4.647817482,-4.679853714,-0.032036232
49972816,49972816,CN(CC(=O)Nc1cccc(n1)C)c1ncccc1F,emolecules,Mol929,324,213,98,93,-0.18243463,0.0000324,0.0000213,-4.48945499,-4.671620397,-0.182165407
2059266,2059266,CCN(CC)C(=O)c1ccc(cc1)NC(=O)C,emolecules,Mol930,111,217,95,85,0.290034611,0.0000111,0.0000217,-4.954677021,-4.663540266,0.291136755
299994993,299994993,C[n+]1cc2c3c(ccc2c2ccc4cc5c(cc4c12)OCO5)OCO3,emolecules,Mol931,1.61,21.8,23,41,1.130333769,0.000000161,0.00000218,-6.793174124,-5.661543506,1.131630618
MCULE-8889700922,,Cc1ccc(c(c1)S(=O)(=O)N1CCCN(CC1)CCn1cccn1)C,mcule,Mol932,277,316,106,97,0.056904851,0.0000277,0.0000316,-4.557520231,-4.500312917,0.057207314
44598735,44598735,CCOCC(=O)N1CCC2(CC1)CCc1ccccc1O2,emolecules,Mol933,415,304,112,101,-0.135488919,0.0000415,0.0000304,-4.381951903,-4.517126416,-0.135174513
44598747,44598747,CCNC(=O)N1CCC2(CC1)CCc1ccccc1O2,emolecules,Mol934,369,272,110,98,-0.132532512,0.0000369,0.0000272,-4.432973634,-4.565431096,-0.132457462
29703166,29703166,CCOc1ccc(cc1)Nc1nc(cs1)-c1c(nc2ccccn12)C,emolecules,Mol935,21,2.83,27,51,-0.872895202,0.0000021,0.000000283,-5.677780705,-6.548213564,-0.870432859
50132153,50132153,CCc1ccc(cc1)S(=O)(=O)NCc1ccnc(n1)N1CCCC1,emolecules,Mol936,447,399,108,87,-0.050122296,0.0000447,0.0000399,-4.349692477,-4.399027104,-0.049334627
33312531,33312531,Cc1noc(n1)C1CCN(CC1)C(=O)C1(CCC1)c1cccc(c1)F,emolecules,Mol937,328,283,106,101,-0.064996849,0.0000328,0.0000283,-4.484126156,-4.548213564,-0.064087408
73014318,73014318,Fc1ccc(nc1)NCc1cccc(c1)OCCN1CCOCC1,emolecules,Mol938,275,212,95,87,-0.111820506,0.0000275,0.0000212,-4.560667306,-4.673664139,-0.112996833
2873705,2873705,Cc1ccccc1-n1nc(cc1N)C(C)(C)C,emolecules,Mol939,322,195,109,85,-0.216811309,0.0000322,0.0000195,-4.492144128,-4.709965389,-0.21782126
139887,139887,COc1cccc(c1)CN1CCC(CC1)(Cc1ccc(cc1)-c1cccnc1)C(=O)N,emolecules,Mol940,22.1,155,75,94,0.846337112,0.00000221,0.0000155,-5.655607726,-4.809668302,0.845939424
53777805,53777805,CC1=CC=CN(Cc2cccnc2)C1=O,emolecules,Mol941,368,224,118,97,-0.215382707,0.0000368,0.0000224,-4.434152181,-4.649751982,-0.2155998
25014865,25014865,C1CC1N1CCC(CC1)Nc1ncnc2ccsc12,emolecules,Mol942,163,202,89,83,0.093421685,0.0000163,0.0000202,-4.787812396,-4.694648631,0.093163765
33317735,33317735,Cc1cnn(c1NC(=O)/C=C/c1ccccc1)CC1CC1,emolecules,Mol943,99.1,265,84,90,0.428134794,0.00000991,0.0000265,-5.003926346,-4.576754126,0.427172219
27419746,27419746,O=C(NCc1nncn1-c1ccccc1)C1CCCC1,emolecules,Mol944,12.1,251,105,103,1.318063335,0.00000121,0.0000251,-5.91721463,-4.600326279,1.316888351
48309286,48309286,Cc1nccn1CCCN1C(=O)SC(C)(C)C1=O,emolecules,Mol945,99.9,251,94,101,0.399673721,0.00000999,0.0000251,-5.000434512,-4.600326279,0.400108233
23827295,23827295,CN1CCC(CC1)n1ncc2[nH]c(nc12)-c1ccccc1-c1ccc(o1)C,emolecules,Mol946,10.3,414,97,97,1.603144373,0.00000103,0.0000414,-5.987162775,-4.382999659,1.604163116
46078321,46078321,Cc1ccc(c2c(cc(nc12)CN1CC(C1)c1ccccn1)O)C,emolecules,Mol947,69.6,292,70,98,0.62324929,0.00000696,0.0000292,-5.15739076,-4.534617149,0.622773612
42964650,42964650,COCc1nc(c(s1)C)-c1cc(ccc1F)F,emolecules,Mol948,364,249,92,79,-0.164943898,0.0000364,0.0000249,-4.438898616,-4.603800653,-0.164902037
16780289,16780289,Cn1ncc2c(ncnc12)Oc1cccc(c1)C(C)(C)C,emolecules,Mol949,266,128,63,65,-0.318758763,0.0000266,0.0000128,-4.575118363,-4.89279003,-0.317671667
43413534,43413534,N#Cc1ccccc1Cn1nnc(n1)-c1ccccc1,emolecules,Mol951,623,279,126,70,-0.348721986,0.0000623,0.0000279,-4.205511953,-4.554395797,-0.348883843
42961556,42961556,CC1=CC=CN(Cc2ccccc2F)C1=O,emolecules,Mol952,367,233,102,102,-0.197910742,0.0000367,0.0000233,-4.435333936,-4.632644079,-0.197310143
49961912,49961912,O=C(N(CCC#N)C12CC3CC(CC(C3)C2)C1)c1sccc1C#N,emolecules,Mol953,234,271,84,82,0.064457989,0.0000234,0.0000271,-4.630784143,-4.567030709,0.063753433
42956770,42956770,CN(Cc1ccccn1)c1nc2ccccc2o1,emolecules,Mol954,347,249,103,93,-0.143875556,0.0000347,0.0000249,-4.459670525,-4.603800653,-0.144130128
37112493,37112493,Fc1ccc(cc1)CNC(=O)NCC#CCN1CCc2ccccc2C1,emolecules,Mol955,100,401,87,92,0.602059991,0.00001,0.0000401,-5,-4.396855627,0.603144373
23728018,23728018,Cc1ccc(cn1)C(=O)NCC#Cc1ccccc1,emolecules,Mol956,337,195,91,80,-0.237321436,0.0000337,0.0000195,-4.472370099,-4.709965389,-0.23759529
291159,291159,COc1ccc(cc1)CNc1c(nc2cnccn12)-c1ccc(c(c1)OC)OC,emolecules,Mol957,81.3,197,58,77,0.383815366,0.00000813,0.0000197,-5.089909454,-4.705533774,0.384375681
49320295,49320295,CN(C1CCC1)C(=O)Nc1cc(cc(n1)C)C,emolecules,Mol958,178,89.5,62,88,-0.298432015,0.0000178,0.00000895,-4.749579998,-5.048176965,-0.298596967
49932658,49932658,CCCCN(C)C(=O)Nc1cc(ccn1)C,emolecules,Mol959,168,93.7,60,81,-0.251811973,0.0000168,0.00000937,-4.774690718,-5.028260409,-0.253569691
30697446,30697446,CC(C)(C)C(=O)N1CCC(CC1)NS(=O)(=O)C,emolecules,Mol961,115,217,116,109,0.276461804,0.0000115,0.0000217,-4.93930216,-4.663540266,0.275761893
30448845,30448845,CC1(C)Cc2cc(ccc2O1)CN1CCC2(CC1)NC(=O)N(Cc1ccccc1)C2=O,emolecules,Mol962,31.7,245,63,77,0.888179494,0.00000317,0.0000245,-5.498940738,-4.610833916,0.888106822
30666181,30666181,CN(Cc1ccccc1N1CCOCC1)C(=O)c1c(oc(c1C)C)C,emolecules,Mol963,161,255,,,0.198657087,0.0000161,0.0000255,-4.793174124,-4.59345982,0.199714304
36464307,36464307,C(Cc1n[nH]c(n1)-c1cccc2cnccc12)c1ccccc1,emolecules,Mol964,91,99,41,69,0.037426498,0.0000091,0.0000099,-5.040958608,-5.004364805,0.036593802
351738,351738,COc1cc2cc(c(nc2cc1OC)C1CCN(CC1)C(=O)C(C)(C)C)N,emolecules,Mol965,65.9,382,94,96,0.763427994,0.00000659,0.0000382,-5.181114585,-4.417936637,0.763177948
36791100,36791100,Nc1nncc(n1)-c1ccccc1OC(F)F,emolecules,Mol966,394,280,106,88,-0.149353765,0.0000394,0.000028,-4.404503778,-4.552841969,-0.14833819
48312888,48312888,CN(CCc1cnccn1)C(=O)c1cccc(c1)C,emolecules,Mol967,293,234,115,99,-0.096910013,0.0000293,0.0000234,-4.53313238,-4.630784143,-0.097651763
31878740,31878740,Oc1cc2c(cc1CN1CCCC(C1)C(=O)N1CCOCC1)OCO2,emolecules,Mol968,88,171,,,0.28780173,0.0000088,0.0000171,-5.055517328,-4.76700389,0.288513438
29577392,29577392,O=C(NCc1ncc(o1)-c1ccccc1)C1CCCCC1,emolecules,Mol969,168,95.9,51,81,-0.244125144,0.0000168,0.00000959,-4.774690718,-5.018181393,-0.243490675
11812085,11812085,CC1CCN(CC1)CC(=O)Nc1nc(cs1)-c1c[nH]c2ccccc12,emolecules,Mol970,39.5,32.6,26,47,-0.083019953,0.00000395,0.00000326,-5.403402904,-5.4867824,-0.083379496
35709702,35709702,CNC(=O)Cn1ccc2cc(ccc12)OC,emolecules,Mol971,405,269,114,102,-0.177831921,0.0000405,0.0000269,-4.392544977,-4.57024772,-0.177702743
29658437,29658437,CCn1nc(cc1C(=O)NCC#C)C(C)C,emolecules,Mol972,312,267,103,105,-0.068033885,0.0000312,0.0000267,-4.505845406,-4.573488739,-0.067643333
29658635,29658635,CCOC(=O)N1CCN(CC1)C(=O)Nc1cccc2c1CCCC2,emolecules,Mol973,170,285,96,104,0.225309282,0.000017,0.0000285,-4.769551079,-4.54515514,0.224395939
6180154,6180154,Cc1cccc2sc(nc12)NC(=O)C(C)(C)C,emolecules,Mol974,226,79.4,57,59,-0.453457337,0.0000226,0.00000794,-4.645891561,-5.100179498,-0.454287937
24093551,24093551,Cc1cccc(n1)NC(=O)c1ccccc1-c1ccccc1,emolecules,Mol975,252,139,62,67,-0.258848401,0.0000252,0.0000139,-4.598599459,-4.8569852,-0.258385741
36342874,36342874,Cc1nc(c2c(c(sc2n1)C)C)N1CCc2c(ncn2C)C1,emolecules,Mol976,232,450,92,96,0.28780173,0.0000232,0.000045,-4.634512015,-4.346787486,0.287724529
13458787,13458787,CC(C)C(=O)Nc1ccc(cc1)-c1nc(sc1C)-c1ccccn1,emolecules,Mol977,233,145,69,57,-0.20481541,0.0000233,0.0000145,-4.632644079,-4.838631998,-0.205987919
36284654,36284654,Cc1c(cnn1C)C(=O)NC1CCN(CC1)CC1CCCCC1,emolecules,Mol978,47.6,325,106,105,0.833784375,0.00000476,0.0000325,-5.322393047,-4.488116639,0.834276408
37022061,37022061,COc1cc(c(cc1OC)NCC(=O)Nc1ccc(cc1)C)F,emolecules,Mol979,254,170,69,84,-0.174573882,0.0000254,0.000017,-4.595166283,-4.769551079,-0.174384795
3572643,3572643,CC(=O)N1CCC(CC1)(C(=O)Nc1nccs1)c1ccccc1,emolecules,Mol980,8.64,340,92,96,1.595496222,0.000000864,0.000034,-6.063486258,-4.468521083,1.594965175
32378112,32378112,Fc1ccc(c(c1)CN1CCC=C(CNC(=O)c2ccco2)C1)Cl,emolecules,Mol982,318,220,93,75,-0.161150909,0.0000318,0.000022,-4.49757288,-4.657577319,-0.160004439
48763678,48763678,C1CC(CCO1)Nc1nnc(s1)Cc1ccccc1,emolecules,Mol983,278,343,114,122,0.089905111,0.0000278,0.0000343,-4.555955204,-4.46470588,0.091249324
29618437,29618437,Cc1ccc(o1)CCNC(=O)c1ccncc1,emolecules,Mol984,298,210,103,107,-0.151810883,0.0000298,0.000021,-4.525783736,-4.677780705,-0.151996969
72973086,72973086,CC(C)(O)CNc1ncc(c(n1)CC1CC1)-c1ccnc(n1)Nc1ccnc(c1)Cl,emolecules,Mol985,17,178,58,60,1.021189299,0.0000017,0.0000178,-5.769551079,-4.749579998,1.019971081
30190454,30190454,NC(=O)C1CCN(CC1)C(=O)CCc1ccc(cc1)Cl,emolecules,Mol986,43.1,269,103,102,0.79518459,0.00000431,0.0000269,-5.36552273,-4.57024772,0.79527501
36261251,36261251,O=C(CCc1cc2ccccc2o1)N1CCN(CC1)c1cnccn1,emolecules,Mol987,234,147,72,76,-0.201349355,0.0000234,0.0000147,-4.630784143,-4.832682665,-0.201898523
195031,195031,COc1cccc(c1)N(C)CCC(=O)N1CCC(CC1)c1ccc(cn1)-c1ccc(nc1)N,emolecules,Mol988,42.7,288,68,77,0.828015064,0.00000427,0.0000288,-5.369572125,-4.540607512,0.828964613
48779690,48779690,CC1(C)COCCN1Cc1cnn(n1)-c1ccccc1,emolecules,Mol989,285,156,90,97,-0.263603498,0.0000285,0.0000156,-4.54515514,-4.806875402,-0.261720262
32146431,32146431,CN(CC(=O)Nc1ccncc1)C1CCCC1,emolecules,Mol990,258,125,102,85,-0.315154638,0.0000258,0.0000125,-4.588380294,-4.903089987,-0.314709693
31911519,31911519,CCn1cc(cn1)NC(=O)c1ccccc1C,emolecules,Mol991,369,219,117,102,-0.226945307,0.0000369,0.0000219,-4.432973634,-4.659555885,-0.226582251
24070010,24070010,Cc1sc2nc(nc(c2c1C)N1CCN(CC1)c1ccncc1)CN1CCOCC1,emolecules,Mol993,6.44,186,80,96,1.460897843,0.000000644,0.0000186,-6.191114133,-4.730487056,1.460627077
31871793,31871793,COc1ccccc1-c1nn(cc1CO)-c1ccccc1,emolecules,Mol994,140,58.6,52,71,-0.378823718,0.000014,0.00000586,-4.853871964,-5.232102384,-0.37823042
46620326,46620326,CCc1nc(cs1)CN1C(=O)COc2ccc(cc21)F,emolecules,Mol995,346,238,92,87,-0.162411562,0.0000346,0.0000238,-4.460923901,-4.623423043,-0.162499142
49156244,49156244,CCCCn1nc(nc1CNC)-c1ccc(o1)C,emolecules,Mol996,204,271,109,95,0.120573931,0.0000204,0.0000271,-4.690369833,-4.567030709,0.123339123
31409108,31409108,NCc1cccnc1OCc1ccccc1,emolecules,Mol998,323,140,103,93,-0.36251027,0.0000323,0.000014,-4.490797478,-4.853871964,-0.363074487
49155578,49155578,Fc1ccc(c(c1)F)-n1nc(nc1-c1cn[nH]c1)C1CCOCC1,emolecules,Mol999,17.3,338,91,104,1.292256071,0.00000173,0.0000338,-5.761953897,-4.4710833,1.290870597
32048916,32048916,CC(C)(C)c1nc(no1)CN1N=Nc2ccccc2C1=O,emolecules,Mol1000,312,212,94,87,-0.167491087,0.0000312,0.0000212,-4.505845406,-4.673664139,-0.167818733
24069164,24069164,FC(F)Oc1ccccc1NC(=O)CN1CCOC(C1)c1ccc(cc1)F,emolecules,Mol1001,207,122,,,-0.229884705,0.0000207,0.0000122,-4.684029655,-4.913640169,-0.229610515
15283106,15283106,COc1ccc(cc1)NC(=O)C(C)N1CCCN(CC1)c1ccc(cn1)C(F)(F)F,emolecules,Mol1002,113,110,,,-0.013676223,0.0000113,0.000011,-4.946921557,-4.958607315,-0.011685758
14097435,14097435,CN(C)C(=O)c1ccc(c(c1)NS(=O)(=O)C)C,emolecules,Mol1003,22.3,185,99,104,0.919078092,0.00000223,0.0000185,-5.651695137,-4.732828272,0.918866865
267729,267729,CS(=O)(=O)N1CC(C1)c1n[nH]c2ncccc12,emolecules,Mol1004,165,232,112,97,0.149219113,0.0000165,0.0000232,-4.782516056,-4.634512015,0.148004041
30438633,30438633,CN1C(=O)COc2ccc(cc21)NC(=O)CCN1C(=O)COc2ccc(cc21)Cl,emolecules,Mol1005,32,298,90,83,0.968949681,0.0000032,0.0000298,-5.494850022,-4.525783736,0.969066286
537527,537527,NC(=N)N/N=C/c1c(cccc1Cl)Cl,emolecules,Mol1006,162,88,69,81,-0.26520017,0.0000162,0.0000088,-4.790484985,-5.055517328,-0.265032342
1456984,1456984,CCOC(=O)CC1=C(C)Nc2c(cnn2C1=O)-c1ccccc1,emolecules,Mol1007,18.3,329,96,102,1.255272505,0.00000183,0.0000329,-5.73754891,-4.482804102,1.254744808
50897890,50897890,Cc1c(ccc2n(c(cc12)C#N)Cc1cn[nH]c1)CN1CCC(CC1)Nc1ncnc2sc(cc12)CC(F)(F)F,emolecules,Mol1008,0.974,13.7,68,40,1.149219113,9.74E-08,0.00000137,-7.011441043,-5.863279433,1.14816161
71010653,71010653,O=C1N=C2C=CC=CN2C21Cc1ccccc1C2,emolecules,Mol1009,51.2,210,91,95,0.611723308,0.00000512,0.000021,-5.290730039,-4.677780705,0.612949334
222599,222599,C1CCC(C1)N1CC(C1)Cc1nccc2cc[nH]c12,emolecules,Mol1010,2.81,9.02,92,97,0.506505032,0.000000281,0.000000902,-6.55129368,-6.044793462,0.506500218
33362309,33362309,COc1ccc(cc1)-c1csc2ncnc(c12)Oc1ccc(nc1)C,emolecules,Mol1011,387,230,88,64,-0.225483034,0.0000387,0.000023,-4.412289035,-4.638272164,-0.225983129
43272847,43272847,CC(C)CCNc1ccc(cc1)Cc1c(n[nH]c1C)C,emolecules,Mol1012,393,240,88,70,-0.214670165,0.0000393,0.000024,-4.40560745,-4.619788758,-0.214181309
306388,306388,O=C1Oc2nc3cc4c(cc3cc2CN1CCN1CCOCC1)OCCO4,emolecules,Mol1014,14,54.2,102,112,0.587710965,0.0000014,0.00000542,-5.853871964,-5.266000713,0.587871251
235805596,235805596,CC(C)(C)C1=NN(CC2CN(C2)CC2(O)CCCC2)C(=O)C=C1,emolecules,Mol1015,15.6,292,98,84,1.274157849,0.00000156,0.0000292,-5.806875402,-4.534617149,1.272258253
205724941,205724941,OC1(CCCC1)CN1CC(C1)CN1N=C(C=CC1=O)C1CC1,emolecules,Mol1016,21.8,273,105,93,1.096910013,0.00000218,0.0000273,-5.661543506,-4.563837353,1.097706153
31323694,31323694,Cc1nnc(c2ccccc12)NCc1cccnc1,emolecules,Mol1017,43.5,284,87,92,0.815577748,0.00000435,0.0000284,-5.361510743,-4.54668166,0.814829083
31405077,31405077,Cc1c(c2c(ncnc2n1Cc1ccccc1)N)C,emolecules,Mol1018,340,206,90,78,-0.216811309,0.000034,0.0000206,-4.468521083,-4.68613278,-0.217611697
32494828,32494828,CCCCC1=C(C)Nc2nc(nn2C1=O)N(Cc1cccs1)C(=O)C,emolecules,Mol1019,10.5,272,89,99,1.414973348,0.00000105,0.0000272,-5.978810701,-4.565431096,1.413379605
53882277,53882277,O=C1N2C=CC=CC2=NC2=C1CN(CC2)S(=O)(=O)C1CCCCC1,emolecules,Mol1020,296,350,112,101,0.071882007,0.0000296,0.000035,-4.528708289,-4.455931956,0.072776333
11850006,11850006,CN1CCC(CC1)NC(=O)COc1ccc(cc1)C#N,emolecules,Mol1021,73.1,178,123,107,0.387389826,0.00000731,0.0000178,-5.136082623,-4.749579998,0.386502625
37009919,37009919,FC(F)(F)Oc1ccc(cc1)N1CCC(CC1)NC(=O)N1CCC1,emolecules,Mol1023,332,237,104,97,-0.145086978,0.0000332,0.0000237,-4.478861916,-4.625251654,-0.146389738
49995595,49995595,CNC(=O)c1cccc(c1)Cn1nnc(n1)-c1ccccc1Cl,emolecules,Mol1024,36.2,338,89,99,0.969881644,0.00000362,0.0000338,-5.441291429,-4.4710833,0.97020813
49297145,49297145,CN(C(=O)c1cncc(c1)F)c1cccc2ncccc12,emolecules,Mol1025,135,370,102,101,0.437750563,0.0000135,0.000037,-4.869666232,-4.431798276,0.437867956
44551324,44551324,CN(C(=O)c1cc(ccc1NS(=O)(=O)C)C)c1ccc2ccccc2c1,emolecules,Mol1026,164,295,80,81,0.255272505,0.0000164,0.0000295,-4.785156152,-4.530177984,0.254978168
2908077,2908077,COc1ccc(cc1)-c1cn2c3ccccc3nc2n1CCO,emolecules,Mol1027,123,47.8,44,69,-0.410050399,0.0000123,0.00000478,-4.910094889,-5.320572103,-0.410477215
31878068,31878068,Cc1ccc(cn1)C(=O)NCCc1csc(n1)C,emolecules,Mol1028,211,194,100,90,-0.037157319,0.0000211,0.0000194,-4.675717545,-4.71219827,-0.036480725
2258851,2258851,O=C(NCCc1ccccc1)c1cnccn1,emolecules,Mol1029,319,194,96,93,-0.216811309,0.0000319,0.0000194,-4.496209317,-4.71219827,-0.215988953
49933864,49933864,CN(C)C(=O)OCCN1CCC(CC1)c1c[nH]c2ncccc12,emolecules,Mol1030,47.5,304,,,0.806179974,0.00000475,0.0000304,-5.32330639,-4.517126416,0.806179974
31921006,31921006,CN(Cc1ccc(o1)Br)C(=O)CN1CCCC1=O,emolecules,Mol1031,134,359,98,105,0.426511261,0.0000134,0.0000359,-4.872895202,-4.444905551,0.42798965
157255,157255,Cc1nc(cc(n1)NC1CCCC1)CC1CCN(CC1)S(=O)(=O)c1c(noc1C)C,emolecules,Mol1032,20.4,232,65,76,1.056904851,0.00000204,0.0000232,-5.690369833,-4.634512015,1.055857817
32021126,32021126,CN(Cc1ccccc1N1CCCC1)C(=O)c1cccc(c1)Cn1ccnc1,emolecules,Mol1034,15.2,330,,,1.336459734,0.00000152,0.000033,-5.818156412,-4.48148606,1.336670352
32434890,32434890,CN(C)c1nc(ncc1C)NCc1ccccc1-n1ccnc1,emolecules,Mol1035,29.3,331,78,81,1.053078443,0.00000293,0.0000331,-5.53313238,-4.480172006,1.052960373
49670792,49670792,COc1ccc2ccccc2c1CNC(=O)c1cnc(nc1)C1CC1,emolecules,Mol1036,146,94.4,57,66,-0.190440285,0.0000146,0.00000944,-4.835647144,-5.025028006,-0.189380861
24873612,24873612,COc1ccc(cc1)-c1ccc(cc1)CN(CCN1CCOCC1)Cc1cccnc1,emolecules,Mol1038,47.8,70.8,41,56,0.170261715,0.00000478,0.00000708,-5.320572103,-5.149966742,0.170605361
24883050,24883050,COc1ccc(cc1)C1(CC1)NCc1cccc2ncccc12,emolecules,Mol1039,438,212,110,72,-0.316052869,0.0000438,0.0000212,-4.358525889,-4.673664139,-0.31513825
MCULE-6903077184,,CC(=O)c1ccc(cc1)OCCCCN1CCCC1,mcule,Mol1040,180,161,95,95,-0.048176965,0.000018,0.0000161,-4.744727495,-4.793174124,-0.048446629
35717800,35717800,OC(=O)c1cc(nc2ccccc12)/C=C/c1csnn1,emolecules,Mol1041,3.02,6.26,97,99,0.318063335,0.000000302,0.000000626,-6.519993057,-6.203425667,0.31656739
32018130,32018130,CSCc1csc(n1)NC(=O)C,emolecules,Mol1042,357,225,109,94,-0.199970641,0.0000357,0.0000225,-4.447331784,-4.647817482,-0.200485698
29596013,29596013,CN(C)c1cc(ccn1)CNc1ccc(cn1)C#N,emolecules,Mol1043,264,183,80,91,-0.158015195,0.0000264,0.0000183,-4.578396073,-4.73754891,-0.159152837
36933237,36933237,CC(C)(C)n1ncc(c1C(F)(F)F)C(=O)N1CCCn2ncnc21,emolecules,Mol1044,259,251,95,93,-0.01278077,0.0000259,0.0000251,-4.586700236,-4.600326279,-0.013626043
48213727,48213727,C1CCC(C1)NCc1cccnc1-n1cccn1,emolecules,Mol1045,284,270,107,92,-0.021819483,0.0000284,0.000027,-4.54668166,-4.568636236,-0.021954576
48257421,48257421,CCc1nnc(c(c1CC)C#N)Oc1cccnc1,emolecules,Mol1046,282,220,97,96,-0.107348966,0.0000282,0.000022,-4.549750892,-4.657577319,-0.107826427
3333585,3333585,O=C(CSc1nnc([nH]1)-c1cccs1)N1CCCCCC1,emolecules,Mol1047,111,234,68,89,0.324282455,0.0000111,0.0000234,-4.954677021,-4.630784143,0.323892879
46223555,46223555,CN(C)c1nc(c(c(n1)C)NC(=O)C1CCCCC1)C,emolecules,Mol1048,352,230,120,106,-0.183096161,0.0000352,0.000023,-4.453457337,-4.638272164,-0.184814827
36464053,36464053,CCc1cnc(nc1-c1ccc(cc1)-c1ccn[nH]1)C,emolecules,Mol1051,260,221,72,89,-0.070581074,0.000026,0.0000221,-4.585026652,-4.655607726,-0.070581074
35690264,35690264,O=C(Nc1ccc(nc1)N1CCOCC1)N1CCc2sccc2C1,emolecules,Mol1052,106,203,,,0.281033367,0.0000106,0.0000203,-4.974694135,-4.692503962,0.282190173
53927369,53927369,Cc1cn(c2ccccc12)CCN1CCN(CC1)c1ccccc1-c1cc(cc(c1)C(=O)NCCCN1CCCC1)C#N,emolecules,Mol1053,66.3,22.4,56,50,-0.4710833,0.00000663,0.00000224,-5.178486472,-5.649751982,-0.47126551
45475529,45475529,CCN1CCN(CC1)Cc1ccc(nc1)Nc1ncc(c(n1)-c1cc(c2nc(n(c2c1)C(C)C)C)F)F.CS(=O)(=O)O,emolecules,Mol1054,2,123,58,69,1.788168371,0.0000002,0.0000123,-6.698970004,-4.910094889,1.788875116
Z344039182,Z344039182,Fc1ccc(cc1F)C(=O)N1CCN(CC1)C(=O)c1nc(ccc1Cl)Cl,enamineHTS,Mol1056,75.4,333,101,99,0.645422269,0.00000754,0.0000333,-5.122628654,-4.477555766,0.645072888
35684677,35684677,COc1ccc(cc1CN1CCC(CC1)N1C(=O)Nc2ccccc21)F,emolecules,Mol1057,123,445,,,0.558708571,0.0000123,0.0000445,-4.910094889,-4.351639989,0.5584549
42653736,42653736,O=C1Nc2ccccc2N1C1CCN(CCOc2ccccc2)CC1,emolecules,Mol1058,105,225,,,0.330413773,0.0000105,0.0000225,-4.978810701,-4.647817482,0.330993219
43241548,43241548,CC(=O)Nc1cc(ccn1)CCC1CCNCC1,emolecules,Mol1059,13,31.4,102,102,0.383815366,0.0000013,0.00000314,-5.886056648,-5.503070352,0.382986296
29780390,29780390,CC(C)Cc1sc(nc1-c1ccc(o1)P(=O)(O)O)N,emolecules,Mol1060,112,47.7,109,104,-0.37161107,0.0000112,0.00000477,-4.950781977,-5.321481621,-0.370699644
49832746,49832746,O=C1N(NC=C1n1ccnn1)c1cc(ncn1)N1CCOCC1,emolecules,Mol1061,57.9,103.6,97,99,0.244277121,0.00000579,0.00001036,-5.237321436,-4.984640245,0.252681192
294504,294504,CC(C)(C)NC(=O)CN1N=C(OC1=O)C(c1ccccc1)c1ccccc1,emolecules,Mol1062,64.7,263,80,70,0.609594409,0.00000647,0.0000263,-5.189095719,-4.580044252,0.609051468
5536034,5536034,Cc1ccccc1CSc1ccc(nn1)-c1ccccn1,emolecules,Mol1063,197,116,53,57,-0.229884705,0.0000197,0.0000116,-4.705533774,-4.935542011,-0.230008237
316806315,316806315,CC(C)c1noc(n1)CN1CCC(CC1)N1C(=O)Nc2ccccc21,emolecules,Mol1064,44.3,281,,,0.802773725,0.00000443,0.0000281,-5.353596274,-4.55129368,0.802302594
49968164,49968164,CCc1cc(nc(n1)C)N(C)Cc1ccc(nc1)N,emolecules,Mol1066,116,230,90,90,0.298853076,0.0000116,0.000023,-4.935542011,-4.638272164,0.297269847
41560058,41560058,CCC1(O)CN(C1)c1ncccc1C#N,emolecules,Mol1067,518,271,139,97,-0.281498311,0.0000518,0.0000271,-4.28567024,-4.567030709,-0.281360469
11015786,11015786,Cc1ccc(cc1NS(=O)(=O)c1csc(c1)C(=O)Nc1ccccc1)C(=O)O,emolecules,Mol1068,60.6,53.2,110,94,-0.056011125,0.00000606,0.00000532,-5.217527376,-5.274088368,-0.056560992
1119882,1119882,CC(C)(C)C(=O)Nc1nnc(s1)Cc1ccccc1,emolecules,Mol1070,195,233,75,82,0.075546961,0.0000195,0.0000233,-4.709965389,-4.632644079,0.07732131
5662916,5662916,CC(C)(CO)NCCCCn1c2ccccc2c2ccccc12,emolecules,Mol1071,28.7,212,62,85,0.868644438,0.00000287,0.0000212,-5.542118103,-4.673664139,0.868453964
235805590,235805590,CN1C(=O)N(C2CCCC2)C(=O)c2c(cccc21)F,emolecules,Mol1072,455,314,106,88,-0.161150909,0.0000455,0.0000314,-4.341988603,-4.503070352,-0.161081749
32069322,32069322,Cc1noc2ncc(cc12)C(=O)Nc1nc(cs1)C1CC1,emolecules,Mol1073,252,129,69,73,-0.2915791,0.0000252,0.0000129,-4.598599459,-4.88941029,-0.29081083
35747521,35747521,Cc1noc(c1CS(=O)(=O)Cc1cccc2c1OCCO2)C,emolecules,Mol1074,141,347,91,102,0.390935107,0.0000141,0.0000347,-4.850780887,-4.459670525,0.391110362
31841658,31841658,Cc1ccc(n1C)CNC(=O)c1cccnc1,emolecules,Mol1075,353,237,124,102,-0.173925197,0.0000353,0.0000237,-4.452225295,-4.625251654,-0.173026359
31327400,31327400,CN1CCc2nc(sc2C1)NC(=O)c1cncn1-c1ccccc1,emolecules,Mol1076,16.6,336,89,100,1.307496038,0.00000166,0.0000336,-5.779891912,-4.473660723,1.306231189
13159362,13159362,CN(C(=O)COc1cccc2ccc(nc12)C)c1ccccc1,emolecules,Mol1077,266,404,105,103,0.181843588,0.0000266,0.0000404,-4.575118363,-4.393618635,0.181499728
49154015,49154015,Clc1cc(cc2n(cnc12)CC=C)-c1ccc(o1)C(=O)NC1CC1,emolecules,Mol1078,35.1,179,75,48,0.706717782,0.00000351,0.0000179,-5.454692884,-4.747146969,0.707545915
177285116,177285116,FC(F)(F)COc1ccc(nn1)CN1CCc2c(cnn2-c2ccccc2)C1,emolecules,Mol1080,381,225,106,85,-0.229147988,0.0000381,0.0000225,-4.419075024,-4.647817482,-0.228742458
2289263,2289263,COc1ccccc1CC(=O)NC1CCN(C)CC1,emolecules,Mol1081,24.2,148,104,99,0.788168371,0.00000242,0.0000148,-5.616184634,-4.829738285,0.786446349
32090192,32090192,CC(=O)N(c1ccc(cc1)C)c1nc(cs1)Cn1ccnc1,emolecules,Mol1082,124,356,102,101,0.457881897,0.0000124,0.0000356,-4.906578315,-4.448550002,0.458028313
60174406,60174406,Cc1cc2c(cccc2n1-c1nc2c(c(n1)NCc1ccccc1)COCC2)C(=O)N,emolecules,Mol1083,61.4,207,70,70,0.526339277,0.00000614,0.0000207,-5.211831629,-4.684029655,0.527801974
16298385,16298385,Fc1ccccc1CNc1nc(no1)-c1ccccc1,emolecules,Mol1084,180,109,49,44,-0.218244625,0.000018,0.0000109,-4.744727495,-4.962573502,-0.217846007
36682965,36682965,CC(=O)NC1(CCCCC1)C(=O)N1CCCN(CC1)c1cccnn1,emolecules,Mol1085,0.761,16.6,109,96,1.338456494,7.61E-08,0.00000166,-7.118615343,-5.779891912,1.338723431
35754387,35754387,CNC(=O)c1cccc(c1)Oc1ncnc2c1CN(C)CC2,emolecules,Mol1086,15.2,291,103,97,1.283301229,0.00000152,0.0000291,-5.818156412,-4.536107011,1.282049401
300481204,300481204,NC1CCN(CC1)c1ccccc1C#N,emolecules,Mol1088,283,159,113,108,-0.250263684,0.0000283,0.0000159,-4.548213564,-4.798602876,-0.250389311
31416879,31416879,Fc1cc(ccc1Cn1cncn1)C#N,emolecules,Mol1089,376,262,114,108,-0.156767222,0.0000376,0.0000262,-4.424812155,-4.581698709,-0.156886554
Z86139961,Z86139961,Fc1cccc(c1CNCCc1c[nH]c2ccccc12)Cl,enamineHTS,Mol1090,202,92.3,62,66,-0.3400838,0.0000202,0.00000923,-4.694648631,-5.034798299,-0.340149668
48321050,48321050,CN(C)S(=O)(=O)Nc1ccc(cc1)-n1ncc2ccccc12,emolecules,Mol1091,487,273,119,74,-0.250263684,0.0000487,0.0000273,-4.312471039,-4.563837353,-0.251366314
44447553,44447553,Cn1cnnc1CCn1ccnc1-c1cc2ccccc2s1,emolecules,Mol1092,2.21,296,98,106,2.127104798,0.000000221,0.0000296,-6.655607726,-4.528708289,2.126899437
178528031,178528031,CC(=O)N1CCc2ccc(cc21)N(C1CCN(CCC2CCCC2)CC1)C(=O)/C=C/c1cccc(c1)C#N,emolecules,Mol1093,3.61,109,70,70,1.478566496,0.000000361,0.0000109,-6.442492798,-4.962573502,1.479919296
24065064,24065064,CN(C)C(=O)c1cccc(c1)NC(=O)c1ccc(nc1)C,emolecules,Mol1094,12.3,285,95,100,1.365487985,0.00000123,0.0000285,-5.910094889,-4.54515514,1.364939749
31247054,31247054,CC(C)c1noc(n1)-c1ccc(nc1)N(C)Cc1cccnc1,emolecules,Mol1095,241,123,62,74,-0.2915791,0.0000241,0.0000123,-4.617982957,-4.910094889,-0.292111931
29627941,29627941,CCc1nc(sc1C)NC(=O)c1ccccc1F,emolecules,Mol1097,200,46.5,59,32,-0.634512015,0.00002,0.00000465,-4.698970004,-5.332547047,-0.633577043
15270501,15270501,Cc1ccc(cc1)NC(=O)CN1CCCN(CC1)c1ccc(cn1)C(F)(F)F,emolecules,Mol1098,165,142,,,-0.067019178,0.0000165,0.0000142,-4.782516056,-4.847711656,-0.0651956
15276004,15276004,Fc1cccc(c1)NC(=O)CN1CCCN(CC1)c1ccc(cn1)C(F)(F)F,emolecules,Mol1099,130,103,,,-0.099086932,0.000013,0.0000103,-4.886056648,-4.987162775,-0.101106128
43248547,43248547,OC(=O)c1ccccc1-c1ccc(cc1)CN1CCCCC1,emolecules,Mol1100,2.03,8.47,92,122,0.620136055,0.000000203,0.000000847,-6.692503962,-6.07211659,0.620387372
29683420,29683420,CN1CC(=O)N(CCCC(=O)Nc2cccc(c2)C#Cc2cccs2)C1=O,emolecules,Mol1101,67.2,287,62,82,0.631443769,0.00000672,0.0000287,-5.172630727,-4.542118103,0.630512624
27352131,27352131,FC(F)Oc1ccccc1NC(=O)CCc1ccco1,emolecules,Mol1102,267,142,81,67,-0.273272791,0.0000267,0.0000142,-4.573488739,-4.847711656,-0.274222917
33313717,33313717,Cn1cc(c(n1)-c1cccnc1)C(=O)NCCc1c[nH]c2ccccc12,emolecules,Mol1103,8.17,237,,,1.462397998,0.000000817,0.0000237,-6.087777943,-4.625251654,1.462526289
24472719,24472719,Cc1noc(c1CCC(=O)Nc1cccnc1)C,emolecules,Mol1104,41.3,299,94,100,0.859738566,0.00000413,0.0000299,-5.384049948,-4.524328812,0.859721137
48340662,48340662,CCCN1CCCN(CC1)c1ncccc1C#N,emolecules,Mol1105,285,119,103,93,-0.37675071,0.0000285,0.0000119,-4.54515514,-4.924453039,-0.379297899
11844078,11844078,CSCc1c(oc2ccccc12)C(=O)NC(C)C,emolecules,Mol1106,354,225,82,77,-0.196542884,0.0000354,0.0000225,-4.450996738,-4.647817482,-0.196820744
32157229,32157229,Fc1ccc(c2c(ccnc12)NCc1ccc(nc1)N1CCOCC1)F,emolecules,Mol1107,157,203,69,72,0.11058971,0.0000157,0.0000203,-4.804100348,-4.692503962,0.111596386
MCULE-1169396424,,CCOc1ccccc1CNCCc1c[nH]c2ccccc12,mcule,Mol1108,59.8,200,62,85,0.523746467,0.00000598,0.00002,-5.223298816,-4.698970004,0.524328812
1536855,1536855,COc1cc(cc(c1OCc1ccccc1)Cl)CNCCN1CCOCC1,emolecules,Mol1109,47.2,91.5,48,73,0.28780173,0.00000472,0.00000915,-5.326058001,-5.038578906,0.287479095
48277570,48277570,COc1ccncc1NCc1ccc2c(c1)OCCO2,emolecules,Mol1110,268,178,87,90,-0.176525771,0.0000268,0.0000178,-4.571865206,-4.749579998,-0.177714792
106929051,106929051,Clc1ccc(cc1)C1CCN(CCCN2C(=O)c3cccn3-c3ccccc32)CC1,emolecules,Mol1111,1.52,3.69,27,48,0.715585552,0.000000152,0.000000369,-6.818156412,-6.432973634,0.385182778
48791655,48791655,Cn1cc(cn1)CCNC(=O)N1CCCc2c(cccc21)F,emolecules,Mol1112,170,290,106,102,0.23299611,0.000017,0.000029,-4.769551079,-4.537602002,0.231949077
44440551,44440551,Cc1ccc(c2cccnc12)-n1ccnc1-c1ccoc1,emolecules,Mol1113,353,334,98,93,-0.024108864,0.0000353,0.0000334,-4.452225295,-4.476253533,-0.024028239
44591290,44591290,O=C(N1CCOC2(CCCC2)C1)c1cnc(s1)-c1ccccc1,emolecules,Mol1114,258,150,66,83,-0.236572006,0.0000258,0.000015,-4.588380294,-4.823908741,-0.235528447
300042043,300042043,Clc1ccccc1CNCc1ccc2c(c1)OCCO2,emolecules,Mol1115,229,101,69,72,-0.353596274,0.0000229,0.0000101,-4.640164518,-4.995678626,-0.355514109
20689377,20689377,CC(C)N(Cc1cnn(c1)C)Cc1nc(oc1C)-c1cccc(c1)C,emolecules,Mol1116,193,240,85,92,0.093421685,0.0000193,0.000024,-4.714442691,-4.619788758,0.094653933
2890746,2890746,O=C(Cc1ccc2ccccc2c1)NCCc1nc2ccccc2[nH]1,emolecules,Mol1117,25.8,398,78,91,1.187520721,0.00000258,0.0000398,-5.588380294,-4.400116928,1.188263366
193725,193725,COc1ccc(cc1)NC(=O)CN1CCC(CC1)c1cc(cc(n1)C)-c1cnc(nc1)N,emolecules,Mol1118,48.6,247,77,75,0.705863712,0.00000486,0.0000247,-5.313363731,-4.607303047,0.706060684
30656579,30656579,Cc1ccc(cn1)C(=O)Nc1ccccc1C(C)(C)C,emolecules,Mol1119,347,241,111,97,-0.15739076,0.0000347,0.0000241,-4.459670525,-4.617982957,-0.158312432
36951097,36951097,C1CN(CCN(C1)c1nc(ns1)-c1ccccc1)c1nccs1,emolecules,Mol1120,338,222,84,58,-0.183096161,0.0000338,0.0000222,-4.4710833,-4.653647026,-0.182563726
202901,202901,Cc1nc(c2c(cc(nc2n1)C1CCN(CC1)C(=O)Cc1ccc(cc1)F)C(F)(F)F)N,emolecules,Mol1121,13.8,395,88,95,1.45484486,0.00000138,0.0000395,-5.860120914,-4.403402904,1.456718009
44398457,44398457,CCCC(=O)Nc1cnc(nc1)N1CCN(C)CC1,emolecules,Mol1122,148,205,105,100,0.1430148,0.0000148,0.0000205,-4.829738285,-4.688246139,0.141492146
3566194,3566194,Cc1nc2cc(ccc2o1)NC(=O)CCc1c(noc1C)C,emolecules,Mol1123,58.9,272,85,95,0.664641976,0.00000589,0.0000272,-5.229884705,-4.565431096,0.664453609
29683998,29683998,CN(C)C(=O)CN(C)Cc1cc(ccc1F)C#N,emolecules,Mol1124,284,203,115,96,-0.14691047,0.0000284,0.0000203,-4.54668166,-4.692503962,-0.145822302
31357352,31357352,O=C(CCc1ccc2c(c1)OCO2)Nc1cccc2cnccc12,emolecules,Mol1125,144,146,68,70,0.004321374,0.0000144,0.0000146,-4.841637508,-4.835647144,0.005990364
1553046,1553046,CN(C)c1ccc(cc1)NS(=O)(=O)c1c(cc(c(c1C)-n1cnnn1)C)C,emolecules,Mol1127,30.4,296,63,80,0.98811284,0.00000304,0.0000296,-5.517126416,-4.528708289,0.988418127
53873925,53873925,COc1ccc(cc1)CCC(=O)N1CCN(CC1)C(=O)c1cc2n(n1)CCCC2,emolecules,Mol1129,66.6,395,94,103,0.773786445,0.00000666,0.0000395,-5.176525771,-4.403402904,0.773122866
1556709,1556709,Cc1ccc(c(c1)C)-n1c(nnc1-c1ccc(cc1)O)S,emolecules,Mol1130,10.2,351,99,80,1.539076099,0.00000102,0.0000351,-5.991399828,-4.454692884,1.536706945
48314264,48314264,Cc1nccn1-c1cncc(n1)N1CCN(CC2CCCC2)C(=O)C1,emolecules,Mol1131,58.1,403,84,96,0.84135947,0.00000581,0.0000403,-5.235823868,-4.394694954,0.841128914
LN00201761,LN00201761,Oc1ccccc1-c1ccc(cc1)-c1csc2nc(c(c(c12)O)C#N)O,labnetworkBB,Mol1132,4.55,5.42,80,91,0.075546961,0.000000455,0.000000542,-6.341988603,-6.266000713,0.07598789
36906076,36906076,Fc1ccc(cc1)C(=O)N1CCNC(=O)C1,emolecules,Mol1133,54.6,124,99,103,0.356025857,0.00000546,0.0000124,-5.262807357,-4.906578315,0.356229042
3347103,3347103,CN(CC(=O)NC1(CCCC1)C#N)c1ccccc1,emolecules,Mol1134,235,217,99,96,-0.034328029,0.0000235,0.0000217,-4.628932138,-4.663540266,-0.034608128
195351220,195351220,CCOc1ccc(cc1)CC(=O)NCCN1C=CC=NC1=O,emolecules,Mol1135,2.96,53.4,102,97,1.255272505,0.000000296,0.00000534,-6.528708289,-5.272458743,1.256249546
231820085,231820085,Cc1ccc(c(c1)S(=O)(=O)N1CCCN(CC1)C1CCC1)C,emolecules,Mol1136,369,223,103,84,-0.218244625,0.0000369,0.0000223,-4.432973634,-4.651695137,-0.218721503
315631672,315631672,COc1c(ncnc1N1CCCC(C)(C)CC1)N,emolecules,Mol1137,417,380,103,93,-0.040005162,0.0000417,0.000038,-4.379863945,-4.420216403,-0.040352458
1284117,1284117,COc1ccc(cc1OC)-c1nnc(o1)-c1ccccc1,emolecules,Mol1138,79,17.9,26,54,-0.643974143,0.0000079,0.00000179,-5.102372909,-5.747146969,-0.64477406
267985,267985,Cc1nccc(n1)C1(C)CCN(CC1)CC(=O)N,emolecules,Mol1139,73.7,208,105,102,0.450249108,0.00000737,0.0000208,-5.132532512,-4.681936665,0.450595847
31835712,31835712,Cc1cc2ncn(c2cc1C)CC(=O)NC(C)(C)C,emolecules,Mol1140,63.8,353,91,100,0.742725131,0.00000638,0.0000353,-5.195179321,-4.452225295,0.742954027
48276932,48276932,O=C1CCCN1c1ccc(nc1)NCc1ccccn1,emolecules,Mol1141,163,214,107,101,0.117271296,0.0000163,0.0000214,-4.787812396,-4.669586227,0.118226169
43674916,43674916,Cc1csc(n1)N1CCN(CC1)Cc1ccc(nc1)OCC(F)(F)F,emolecules,Mol1142,514,337,105,72,-0.1837587,0.0000514,0.0000337,-4.289036881,-4.472370099,-0.183333218
25616683,25616683,CNc1nc(ncc1F)-c1cc(cc(c1)OC)OC,emolecules,Mol1143,103,42,35,58,-0.389339837,0.0000103,0.0000042,-4.987162775,-5.37675071,-0.389587934
25428520,25428520,COc1ccccc1-c1nc(cs1)C(=O)O,emolecules,Mol1144,233,151,121,110,-0.187755303,0.0000233,0.0000151,-4.632644079,-4.821023053,-0.188378974
48339892,48339892,Cc1ccc(cn1)CC(=O)Nc1nc(no1)C,emolecules,Mol1145,64.1,128,96,96,0.301029996,0.00000641,0.0000128,-5.19314197,-4.89279003,0.30035194
33339849,33339849,CCCN1C(=O)N(Cc2ccc(cc2F)C#N)c2ccccc21,emolecules,Mol1146,318,203,86,68,-0.195179321,0.0000318,0.0000203,-4.49757288,-4.692503962,-0.194931082
44699501,44699501,OCCCCCn1cc(nn1)-c1ccccc1-c1ccco1,emolecules,Mol1147,275,299,93,94,0.037426498,0.0000275,0.0000299,-4.560667306,-4.524328812,0.036338494
32636348,32636348,Cc1ccc(cc1)C1=NC2(CCN(CC2)Cc2ccc(cc2)F)NC1=O,emolecules,Mol1148,183,99.3,62,68,-0.266802735,0.0000183,0.00000993,-4.73754891,-5.003050752,-0.265501841
18813553,18813553,Fc1ccc(c(c1)Cl)C(=O)NCc1ccccn1,emolecules,Mol1149,379,226,107,96,-0.22475374,0.0000379,0.0000226,-4.42136079,-4.645891561,-0.224530771
31708035,31708035,Nc1ccc(cc1)CC(=O)Nc1ccccc1F,emolecules,Mol1150,365,241,106,98,-0.180456064,0.0000365,0.0000241,-4.437707136,-4.617982957,-0.180275822
31847933,31847933,COc1ccc(cc1F)CN(C)C(=O)Nc1ccccc1,emolecules,Mol1151,254,170,80,78,-0.174573882,0.0000254,0.000017,-4.595166283,-4.769551079,-0.174384795
36890321,36890321,CN(C)CCNC(=O)c1cn(nn1)-c1ccc(c(c1)C)C,emolecules,Mol1152,89.7,285,94,104,0.50242712,0.00000897,0.0000285,-5.047207557,-4.54515514,0.502052417
36889463,36889463,CC(C)c1ccc(cc1)-c1cc2n(n1)C=CN(CCC(=O)NCCN(C)C)C2=O,emolecules,Mol1153,2.99,259,87,86,1.938019097,0.000000299,0.0000259,-6.524328812,-4.586700236,1.937628576
1360373,1360373,CCOC(=O)Nc1ccc2c(c1)N(C(=O)CN(CC)CC)c1ccccc1CC2,emolecules,Mol1154,14.3,310,93,95,1.336459734,0.00000143,0.000031,-5.844663963,-4.508638306,1.336025656
31231103,31231103,COc1cccc(c1C1=NCc2cnc(nc2-c2ccc(cc21)Cl)Nc1ccc(c(c1)OC)C(=O)O)F,emolecules,Mol1155,29.1,392,82,96,1.130333769,0.00000291,0.0000392,-5.536107011,-4.406713933,1.129393078
36268414,36268414,Cc1nccc(n1)-c1cccc(c1)NCc1cc(on1)C,emolecules,Mol1156,268,144,75,87,-0.27083521,0.0000268,0.0000144,-4.571865206,-4.841637508,-0.269772302
15267772,15267772,FC(F)(F)c1ccc(nc1)N1CCCN(CC1)CC(=O)Nc1ccccc1Cl,emolecules,Mol1157,168,173,,,0.012837225,0.0000168,0.0000173,-4.774690718,-4.761953897,0.012736821
15267776,15267776,Cc1ccc(c(c1)NC(=O)CN1CCCN(CC1)c1ccc(cn1)C(F)(F)F)C,emolecules,Mol1158,134,128,,,-0.018181393,0.0000134,0.0000128,-4.872895202,-4.89279003,-0.019894829
44855101,44855101,C/C=C/CC(=O)N1CCC(CC1)c1cc(n[nH]1)Cc1ccccc1,emolecules,Mol1159,136,329,91,94,0.382017043,0.0000136,0.0000329,-4.866461092,-4.482804102,0.38365699
30451421,30451421,Fc1ccc(cc1)-c1cc(on1)C(=O)NC1=NS(=O)(=O)c2ccccc21,emolecules,Mol1160,35.1,90,91,93,0.408239965,0.00000351,0.000009,-5.454692884,-5.045757491,0.408935393
31856310,31856310,Cc1cc(on1)CN1CCN(CC1)c1ncccn1,emolecules,Mol1161,368,224,113,95,-0.216096421,0.0000368,0.0000224,-4.434152181,-4.649751982,-0.2155998
36686539,36686539,CCc1nnc2n1CCN(C2)C(=O)c1ccccc1Oc1cccnc1,emolecules,Mol1162,0.708,43.5,97,97,1.788875116,7.08E-08,0.00000435,-7.149966742,-5.361510743,1.788455999
208359,208359,CNC(=O)c1cc(ncn1)C1CCN(C)CC1,emolecules,Mol1163,198,120,96,113,-0.218244625,0.0000198,0.000012,-4.70333481,-4.920818754,-0.217483944
35754541,35754541,CN1CCc2ncnc(c2C1)N1CCCN(CC1)c1nccs1,emolecules,Mol1164,69.3,330,113,90,0.677606953,0.00000693,0.000033,-5.159266765,-4.48148606,0.677780705
35741943,35741943,CN(C)c1cc(nc(n1)N(C)Cc1csc(n1)C)C,emolecules,Mol1165,330,208,117,105,-0.199282922,0.000033,0.0000208,-4.48148606,-4.681936665,-0.200450605
36918888,36918888,CC(C)c1ncncc1C(=O)N1CCN(CC1)c1cccc(c1)C,emolecules,Mol1166,347,306,115,95,-0.054531415,0.0000347,0.0000306,-4.459670525,-4.514278574,-0.054608048
48242285,48242285,CCc1cnc(o1)CN1C(=O)NC2(CCC2)C1=O,emolecules,Mol1167,81.7,297,99,97,0.559906625,0.00000817,0.0000297,-5.087777943,-4.527243551,0.560534393
36695013,36695013,Cc1cnn(c1)C1CN(C1)CC1(O)CCCCC1,emolecules,Mol1168,411,200,132,119,-0.311580178,0.0000411,0.00002,-4.386158178,-4.698970004,-0.312811826
43657166,43657166,CC1(C)CCN(C1)C(=O)NCCOc1cccnc1,emolecules,Mol1169,87.8,293,102,99,0.522444234,0.00000878,0.0000293,-5.056505484,-4.53313238,0.523373104
36647960,36647960,CN(Cc1cscn1)c1nc2c(cc1C#N)CCC2,emolecules,Mol1170,352,225,86,87,-0.19314197,0.0000352,0.0000225,-4.453457337,-4.647817482,-0.194360145
30020148,30020148,O=C(CSCC#N)NC1CCCCCC1,emolecules,Mol1171,338,251,107,100,-0.129011186,0.0000338,0.0000251,-4.4710833,-4.600326279,-0.129242979
48840184,48840184,CN(C)C(=O)c1ccnc(c1)NCc1cc(c(s1)Br)C,emolecules,Mol1172,281,209,74,81,-0.128427064,0.0000281,0.0000209,-4.55129368,-4.679853714,-0.128560034
49943582,49943582,CCC(Nc1cnn(c1)C)c1ccc2c(c1)OCCO2,emolecules,Mol1173,223,186,,,-0.078313525,0.0000223,0.0000186,-4.651695137,-4.730487056,-0.078791919
48303504,48303504,CC(C)c1cccc(n1)CN1C(=O)N(C)C2(CCCCC2)C1=O,emolecules,Mol1174,230,260,88,84,0.053078443,0.000023,0.000026,-4.638272164,-4.585026652,0.053245512
31592368,31592368,Cn1c(nc2cc(ccc12)C(=O)N(CCC(=O)O)c1ccccn1)CNc1ccc(cc1)C(=N)N,emolecules,Mol1175,3.01,1.51,93,101,-0.298432015,0.000000301,0.000000151,-6.521433504,-6.821023053,-0.299589548
49299793,49299793,Brc1cc2c(cc1Cn1cncn1)OCCCO2,emolecules,Mol1176,332,188,96,87,-0.247183569,0.0000332,0.0000188,-4.478861916,-4.725842151,-0.246980234
36259510,36259510,COCCNc1ncnc2ccsc12,emolecules,Mol1177,333,237,104,96,-0.148130399,0.0000333,0.0000237,-4.477555766,-4.625251654,-0.147695887
150731,150731,Clc1cccc(c1)-c1cccc(n1)C1CCCN(C1)C(=O)c1ccccn1,emolecules,Mol1178,207,164,,,-0.101823517,0.0000207,0.0000164,-4.684029655,-4.785156152,-0.101126497
48953611,48953611,CN1CCN(CC1)c1ccc(cc1)NC(=O)c1ccc(cc1)S(=O)(=O)N1CCCc2ccccc21,emolecules,Mol1179,16.8,147,57,61,0.943494516,0.00000168,0.0000147,-5.774690718,-4.832682665,0.942008053
44508907,44508907,Cc1cnn(c1)Cc1nc(no1)Cn1cccn1,emolecules,Mol1180,297,229,109,102,-0.112945622,0.0000297,0.0000229,-4.527243551,-4.640164518,-0.112920967
2292167,2292167,COc1ccccc1CC(=O)Nc1ncc(s1)C,emolecules,Mol1181,291,196,81,83,-0.171340103,0.0000291,0.0000196,-4.536107011,-4.707743929,-0.171636918
36294663,36294663,CCCN(CC)c1ccc(cc1)C(=O)N1CCCN(CC1)C(=O)C,emolecules,Mol1182,35.3,245,,,0.840106094,0.00000353,0.0000245,-5.452225295,-4.610833916,0.841391379
36648519,36648519,CC(N1CCCN(CC1)c1nccs1)C(=O)Nc1cccc(c1C)Cl,emolecules,Mol1183,232,222,,,-0.018634491,0.0000232,0.0000222,-4.634512015,-4.653647026,-0.01913501
32043132,32043132,Cc1nc(c2cnn(c2n1)C)N1CCOc2ccccc2C1,emolecules,Mol1184,290,149,76,81,-0.289882635,0.000029,0.0000149,-4.537602002,-4.826813732,-0.289211729
33314123,33314123,COCC(=O)Nc1cccc(c1)-n1cccc1,emolecules,Mol1185,299,149,77,80,-0.302770657,0.0000299,0.0000149,-4.524328812,-4.826813732,-0.30248492
17400037,17400037,CO[C@H]1CC[C@H](CC1)C(=O)c1ccc2nc3c(cc2c1)CCCO3 |r|,emolecules,Mol1186,168,135,56,84,-0.09420412,0.0000168,0.0000135,-4.774690718,-4.869666232,-0.094975513
329184,329184,Cc1cnc(cn1)-c1nc(ncc1-c1onc(c1C)C)NCc1ccccn1,emolecules,Mol1187,38.8,414,97,93,1.029383778,0.00000388,0.0000414,-5.411168274,-4.382999659,1.028168616
49681766,49681766,CCNC(=O)c1ccc(nc1)-c1cc(cc(c1OC)OC)C,emolecules,Mol1189,225,224,93,94,-8.69E-04,0.0000225,0.0000224,-4.647817482,-4.649751982,-0.0019345
32230796,32230796,CN(CCOc1cc(ccc1C)C)C(=O)c1ccc2n(nnc2c1)C,emolecules,Mol1190,200,246,94,90,0.089905111,0.00002,0.0000246,-4.698970004,-4.609064893,0.089905111
49322283,49322283,CC(C)c1nc(n(n1)C)NCc1cccnc1,emolecules,Mol1191,59.3,220,94,78,0.57054294,0.00000593,0.000022,-5.226945307,-4.657577319,0.569367987
411314,411314,COc1ccc(cc1)N1CCCN(CC1)CC1CCN(CC1)C(=O)C1CC1,emolecules,Mol1192,251,280,115,104,0.049218023,0.0000251,0.000028,-4.600326279,-4.552841969,0.04748431
13484504,13484504,CCc1nc2ccccc2n1CC(=O)Nc1ncc(s1)C,emolecules,Mol1193,12.3,361,86,101,1.46834733,0.00000123,0.0000361,-5.910094889,-4.442492798,1.46760209
104352855,104352855,O=C(CSC1CCCC1)NCCN1N=C2CCCCC2=CC1=O,emolecules,Mol1194,51.8,474,95,101,0.960946196,0.00000518,0.0000474,-5.28567024,-4.324221658,0.961448582
30765753,30765753,Fc1ccc(cc1)C1=NN(Cc2ccncc2)C(=O)C=C1,emolecules,Mol1195,360,243,110,100,-0.171340103,0.000036,0.0000243,-4.443697499,-4.614393726,-0.170696227
45668511,45668511,Cc1cc(c2c(c1)CCCN2C(=O)c1ccc(cc1)-c1nnc(o1)C)C,emolecules,Mol1197,338,231,101,83,-0.164309429,0.0000338,0.0000231,-4.4710833,-4.63638802,-0.16530472
31254852,31254852,CCC(=O)N(C)c1ccccc1C(=O)O,emolecules,Mol1198,4.89,6.24,92,91,0.10720997,0.000000489,0.000000624,-6.310691141,-6.20481541,0.105875731
44575095,44575095,CCc1cnc(s1)CNC(=O)N1CCC(CC1)n1cncn1,emolecules,Mol1199,8.98,222,103,94,1.392696953,0.000000898,0.0000222,-6.046723663,-4.653647026,1.393076638
48312238,48312238,O=C1CCCN1NC(=O)c1ccc(cc1)OCC#C,emolecules,Mol1200,164,216,108,103,0.120573931,0.0000164,0.0000216,-4.785156152,-4.665546249,0.119609903
49152821,49152821,COC(=O)c1ccc(cc1)NC(=O)N(C)Cc1ccccc1CN1CCCC1,emolecules,Mol1201,38.8,304,93,86,0.894869657,0.00000388,0.0000304,-5.411168274,-4.517126416,0.894041858
1373175,1373175,CN(C)C(=O)CN(c1ccccc1C)S(=O)(=O)C,emolecules,Mol1202,143,287,110,105,0.301029996,0.0000143,0.0000287,-4.844663963,-4.542118103,0.302545859
876432,876432,COc1cc2ncnc(c2cc1OCCCN1CCOCC1)Nc1ccc(c(c1)Cl)F,emolecules,Mol1204,3.83,175,61,67,1.6599162,0.000000383,0.0000175,-6.416801226,-4.756961951,1.659839275
16692987,16692987,COc1ccc(c(c1)OC)C(=O)Nc1ccc2oc(nc2c1)C,emolecules,Mol1205,183,100,51,67,-0.262012674,0.0000183,0.00001,-4.73754891,-5,-0.26245109
43251081,43251081,O=C(NCC1CC1)c1ccc(nc1)-n1ccnc1,emolecules,Mol1206,217,234,105,94,0.033423755,0.0000217,0.0000234,-4.663540266,-4.630784143,0.032756124
30457837,30457837,Fc1cccc(c1)OC1CCN(CC1)Cc1nc2ccccc2[nH]1,emolecules,Mol1207,249,203,87,80,-0.088309841,0.0000249,0.0000203,-4.603800653,-4.692503962,-0.088703309
35689572,35689572,CN(Cc1ccc(o1)C)c1ncnc2n(ncc12)C,emolecules,Mol1209,297,195,86,90,-0.18243463,0.0000297,0.0000195,-4.527243551,-4.709965389,-0.182721838
36910847,36910847,O=C(CN1CCC(CC1)c1ccccc1)N1CCNC1=O,emolecules,Mol1210,250,266,114,106,0.025305865,0.000025,0.0000266,-4.602059991,-4.575118363,0.026941628
MCULE-3550646247,,O=C(CN1CCOCC1)NC1(CCCCCC1)C#N,mcule,Mol1211,114,243,106,96,0.330413773,0.0000114,0.0000243,-4.943095149,-4.614393726,0.328701422
36913784,36913784,O=C(CCCc1nc2ccccc2[nH]1)N1CCCC1,emolecules,Mol1212,20.1,350,100,90,1.243038049,0.00000201,0.000035,-5.696803943,-4.455931956,1.240871987
31611971,31611971,Cc1nc(c2ccsc2n1)N(CC=C)Cc1cccnc1,emolecules,Mol1213,351,281,97,81,-0.097997109,0.0000351,0.0000281,-4.454692884,-4.55129368,-0.096600797
36258440,36258440,CN(C)C(C)(C)CNc1ncnc2ccccc12,emolecules,Mol1214,96.3,275,99,96,0.456366033,0.00000963,0.0000275,-5.016373713,-4.560667306,0.455706407
877450,877450,OC(Cn1cncn1)(Cn1cncn1)c1ccc(cc1F)F,emolecules,Mol1215,44.6,235,94,98,0.720159303,0.00000446,0.0000235,-5.350665141,-4.628932138,0.721733004
43249441,43249441,CN(C)c1cc(nc(n1)C)C1(C)CCNCC1,emolecules,Mol1217,6.3,112,97,107,1.247973266,0.00000063,0.0000112,-6.200659451,-4.950781977,1.249877473
32176610,32176610,Fc1ccc(c(c1)F)SC1=NN2C=NC(=O)C(=C2C=C1)c1c(cccc1Cl)Cl,emolecules,Mol1218,39.4,315,63,88,0.903632516,0.00000394,0.0000315,-5.404503778,-4.501689446,0.902814332
20593051,20593051,CN(Cc1ccc(cc1)C)C(=O)c1cn(nn1)Cc1ccccc1F,emolecules,Mol1219,234,178,71,54,-0.116906641,0.0000234,0.0000178,-4.630784143,-4.749579998,-0.118795855
3477427,3477427,Cc1nnc(s1)NC(=O)c1ccccc1-c1ccc(cc1)C(F)(F)F,emolecules,Mol1220,134,193,60,62,0.158362492,0.0000134,0.0000193,-4.872895202,-4.714442691,0.158452511
48836360,48836360,O=C(N(CCC#N)C12CC3CC(CC(C3)C2)C1)c1cccs1,emolecules,Mol1221,444,236,112,81,-0.274905479,0.0000444,0.0000236,-4.35261703,-4.627087997,-0.274470967
45748880,45748880,CON(C)C(=O)Cc1c([nH]c2ccccc12)C,emolecules,Mol1222,378,237,117,93,-0.202732459,0.0000378,0.0000237,-4.4225082,-4.625251654,-0.202743454
45491581,45491581,Cc1cccc(c1C)Oc1ncccc1N,emolecules,Mol1223,361,213,98,89,-0.230622674,0.0000361,0.0000213,-4.442492798,-4.671620397,-0.229127598
44588358,44588358,CC(C)c1cnc(o1)COc1ccc(nc1)Br,emolecules,Mol1224,107,56.3,40,67,-0.278189385,0.0000107,0.00000563,-4.970616222,-5.249491605,-0.278875383
44811839,44811839,CCN1CCC(CC1)n1cc(nn1)CNc1cc(c2ncc(c(c2c1)Nc1ccc(c(c1)Cl)F)C#N)Cl,emolecules,Mol1225,3.24,63.1,86,59,1.290034611,0.000000324,0.00000631,-6.48945499,-5.199970641,1.289484349
35721780,35721780,CN1CCCN(CC1)C(=O)NCCOc1ccc2c(c1)OCO2,emolecules,Mol1226,13.2,262,108,104,1.298853076,0.00000132,0.0000262,-5.879426069,-4.581698709,1.29772736
29590164,29590164,O=C(CCc1ccc(cc1)C#N)Nc1ccncc1,emolecules,Mol1227,129,180,91,64,0.1430148,0.0000129,0.000018,-4.88941029,-4.744727495,0.144682795
17660388,17660388,CN1C(=O)N(C)c2nc3n(c2C1=O)CCN3Cc1c(cccc1Cl)F,emolecules,Mol1228,252,321,97,104,0.103803721,0.0000252,0.0000321,-4.598599459,-4.493494968,0.105104492
11833271,11833271,COc1ccc2c(coc2c1)CC(=O)NCC#C,emolecules,Mol1229,376,243,102,98,-0.189767482,0.0000376,0.0000243,-4.424812155,-4.614393726,-0.189581571
321036,321036,COc1ccc(c(c1C)C)CN1CCc2nc(nc(c2C1)O)-c1cccnc1,emolecules,Mol1230,120,402,92,95,0.523746467,0.000012,0.0000402,-4.920818754,-4.395773947,0.525044807
260568164,260568164,CN(C)c1nc(nc(n1)Sc1ccccc1)N,emolecules,Mol1231,242,180,62,81,-0.127261173,0.0000242,0.000018,-4.616184634,-4.744727495,-0.128542861
3686549,3686549,Cc1c(oc2c(cccc12)F)C(=O)N1CCC(CC1)C(=O)Nc1ccc2c(c1)OCO2,emolecules,Mol1232,302,264,82,68,-0.059483515,0.0000302,0.0000264,-4.519993057,-4.578396073,-0.058403016
24068092,24068092,Fc1ccc(cc1)-n1cncc1C(=O)NCC1CC1,emolecules,Mol1233,199,249,110,96,0.100370545,0.0000199,0.0000249,-4.701146924,-4.603800653,0.097346271
43212065,43212065,CCc1cc(on1)CN(C)c1nccc(n1)-c1ccc(nc1C)C,emolecules,Mol1234,345,232,91,74,-0.171984936,0.0000345,0.0000232,-4.462180905,-4.634512015,-0.17233111
44426195,44426195,Cc1cc(c2cccc(c2n1)C)C(=O)NCCC1=CSC2=NCCCN12,emolecules,Mol1235,1.17,9.74,94,108,0.919601024,0.000000117,0.000000974,-6.931814138,-6.011441043,0.920373095
300062043,300062043,C1CC(CCN1)CNCc1ccc(cc1)OCc1ccccc1,emolecules,Mol1236,7.98,39.1,77,84,0.69019608,0.000000798,0.00000391,-6.097997109,-5.407823243,0.690173866
46622380,46622380,CN(C)C1=CC(=O)N(CCC(C#N)(c2ccccc2)c2ccccc2)N=C1,emolecules,Mol1237,138,378,78,90,0.437750563,0.0000138,0.0000378,-4.860120914,-4.4225082,0.437612713
197589,197589,Nc1nc(nc2nc(ccc12)C1CCCN(C1)CC(=O)N1CCCC1)-c1ccccc1,emolecules,Mol1238,5.56,69.8,,,1.096910013,0.000000556,0.00000698,-6.254925208,-5.156144577,1.098780631
525100,525100,COc1cc(c(c(c1OC)OC)N)C(=O)O,emolecules,Mol1239,47.1,79.6,110,97,0.227886705,0.00000471,0.00000796,-5.326979093,-5.099086932,0.227892161
32131885,32131885,CC(C)(C)N1CCCN(CC1)C(=O)CNc1ccc(cc1)C#N,emolecules,Mol1240,226,200,105,96,-0.05207638,0.0000226,0.00002,-4.645891561,-4.698970004,-0.053078443
31998416,31998416,O=C(NCCc1ccc2c(c1)OCO2)Nc1ccncc1,emolecules,Mol1241,91.1,328,94,109,0.556302501,0.00000911,0.0000328,-5.040481623,-4.484126156,0.556355467
45903948,45903948,COc1ccc(nc1OC)CNC(=O)c1cc(ncc1-c1nccs1)-c1cncc(c1)C,emolecules,Mol1242,29.4,288,81,89,0.992111488,0.00000294,0.0000288,-5.53165267,-4.540607512,0.991045157
300764697,300764697,Cc1sc(c(c1Cc1ccc(cc1)C(F)(F)F)C(=O)NC1(CC1)c1ccc(cc1)C(=O)O)C,emolecules,Mol1243,44.4,363,90,97,0.913283902,0.00000444,0.0000363,-5.35261703,-4.440093375,0.912523655
342116,342116,COc1cccc(c1)CN1Cc2ccccc2OC2(CCOCC2)C1,emolecules,Mol1244,344,181,89,60,-0.278189385,0.0000344,0.0000181,-4.463441557,-4.742321425,-0.278879868
3562110,3562110,NC(=O)COc1ncnc2ccccc12,emolecules,Mol1245,59.1,75.2,113,103,0.103803721,0.00000591,0.00000752,-5.228412519,-5.123782159,0.10463036
1527366,1527366,CN(C)CCN(Cc1ccccc1)Cc1ccccc1O,emolecules,Mol1247,180,151,73,83,-0.075720714,0.000018,0.0000151,-4.744727495,-4.821023053,-0.076295558
42859262,42859262,Cc1n[nH]c(c1CCC(=O)N1CCOCC1)C,emolecules,Mol1248,8.82,119,98,99,1.130333769,0.000000882,0.0000119,-6.054531415,-4.924453039,1.130078376
2205552,2205552,CN(CCOCCOc1ccccc1-c1ccccc1)Cc1ccccc1.OC(=O)C(=O)O,emolecules,Mol1249,50.3,91.2,36,65,0.260071388,0.00000503,0.00000912,-5.298432015,-5.040005162,0.258426853
209889,209889,Cn1nccc1CC1CCN(CC1)C1CCCC1,emolecules,Mol1250,250,235,109,102,-0.026872146,0.000025,0.0000235,-4.602059991,-4.628932138,-0.026872146
31609908,31609908,CC(=C)COc1cccc(c1)C(=O)NCc1nncn1C1CCCCC1,emolecules,Mol1251,18.1,305,87,96,1.227886705,0.00000181,0.0000305,-5.742321425,-4.515700161,1.226621264
178526390,178526390,Cc1cnc(nc1-c1ccc(cc1)N(Cc1ccc(cc1)CNC(=O)C(F)F)C(=O)c1ccc(cc1O)O)Cl,emolecules,Mol1252,3.08,169,87,61,1.737987326,0.000000308,0.0000169,-6.511449283,-4.772113295,1.739335988
152833,152833,CN1CCC(CC1)Cn1cc(cn1)NC(=O)C,emolecules,Mol1253,2.01,7.15,95,109,0.551449998,0.000000201,0.000000715,-6.696803943,-6.145693958,0.551109984
43663244,43663244,CC(=O)Nc1cccc(c1)CN1CCCN(C(=O)C)c2ccccc21,emolecules,Mol1255,23.2,368,90,95,1.201397124,0.00000232,0.0000368,-5.634512015,-4.434152181,1.200359834
11010047,11010047,Cc1nc2ccccc2n1Cc1ccc(cc1)C(=O)O,emolecules,Mol1257,6.94,19.1,114,100,0.439332694,0.000000694,0.00000191,-6.15864053,-5.718966633,0.439673897
29665944,29665944,Cc1ccc2c(coc2c1C)CC(=O)Nc1ncccc1C,emolecules,Mol1258,377,240,93,89,-0.196542884,0.0000377,0.000024,-4.42365865,-4.619788758,-0.196130108
49335777,49335777,Cn1cc(c(n1)-c1ccncc1)CN1CCN(CC1)c1ccccc1O,emolecules,Mol1259,113,303,108,91,0.431363764,0.0000113,0.0000303,-4.946921557,-4.518557371,0.428364185
32113613,32113613,CN(C(=O)COc1c(cccc1C)C)C1(CCC1)C#N,emolecules,Mol1260,425,264,107,98,-0.2069084,0.0000425,0.0000264,-4.37161107,-4.578396073,-0.206785003
36662114,36662114,CS(=O)(=O)Cc1ccn(n1)-c1ccccc1,emolecules,Mol1261,337,223,104,97,-0.179798541,0.0000337,0.0000223,-4.472370099,-4.651695137,-0.179325038
25831603,25831603,C/C(=C/1\C(=NN(C1=O)c1ccc(cc1)F)C)Nc1ccc(cc1)S(=O)(=O)N,emolecules,Mol1262,22.9,276,70,75,1.079181246,0.00000229,0.0000276,-5.640164518,-4.559090918,1.0810736
11841196,11841196,CN1CCC(CC1)OC(=O)Nc1ccc(c(c1)Cl)Cl,emolecules,Mol1263,117,46.6,42,58,-0.401209493,0.0000117,0.00000466,-4.931814138,-5.331614083,-0.399799945
43571967,43571967,CCc1nc(c(s1)Cn1ccnc1-c1cnc(nc1)N1CCCC1)C,emolecules,Mol1264,87,370,99,101,0.62838893,0.0000087,0.000037,-5.060480747,-4.431798276,0.628682471
43081435,43081435,COc1ccc(cc1)-c1nc2cc(ccc2cc1CN(C)Cc1nccn1C)C,emolecules,Mol1265,29.7,144,56,67,0.684845362,0.00000297,0.0000144,-5.527243551,-4.841637508,0.685606043
11478087,11478087,Cc1ccc2c(c1)cc(c1nnnn21)CNCCc1ccccc1,emolecules,Mol1266,209,93.9,61,61,-0.346787486,0.0000209,0.00000939,-4.679853714,-5.027334408,-0.347480694
31603444,31603444,O=C(CCn1cncn1)N(CC#Cc1ccccc1)C1CCCC1,emolecules,Mol1267,149,295,92,92,0.29666519,0.0000149,0.0000295,-4.826813732,-4.530177984,0.296635748
20740589,20740589,CC(=O)Nc1ccnn1C1CCN(CC1)Cc1ccccc1C#Cc1ccccc1,emolecules,Mol1269,9.93,263,66,64,1.423245874,0.000000993,0.0000263,-6.003050752,-4.580044252,1.4230065
36435318,36435318,Cc1nnc(s1)-c1ccccc1-c1ccc(cc1)O,emolecules,Mol1270,180,234,66,77,0.113943352,0.000018,0.0000234,-4.744727495,-4.630784143,0.113943352
46613610,46613610,CCc1cnc(nc1)NCc1ccc(cc1)CN1CCCC1,emolecules,Mol1271,248,263,129,96,0.025305865,0.0000248,0.0000263,-4.605548319,-4.580044252,0.025504068
14383848,14383848,CCCNC(=O)c1c(nn(c1C)-c1ccccc1)C,emolecules,Mol1272,357,238,113,102,-0.175223538,0.0000357,0.0000238,-4.447331784,-4.623423043,-0.176091259
Z1373904915,Z1373904915,CN1CCN(C(=O)c2cc(cnc2Cl)Br)c2cnccc21,enamineHTS,Mol1273,72.4,328,90,89,0.657055853,0.00000724,0.0000328,-5.140261434,-4.484126156,0.656135278
18855069,18855069,CC1CCN(CC1)C(=O)c1sc(nc1C)COc1ccc(cc1)F,emolecules,Mol1274,259,141,78,65,-0.26520017,0.0000259,0.0000141,-4.586700236,-4.850780887,-0.264080651
31912359,31912359,CN(C)c1cc(ccn1)CNC(=O)C1CCOCC1,emolecules,Mol1275,52.7,256,116,105,0.687528961,0.00000527,0.0000256,-5.278189385,-4.591760035,0.68642935
24879320,24879320,OC1(CCN(CCNC(=O)c2cccc(c2)F)CC1)c1cccc(c1)F,emolecules,Mol1276,40.3,228,79,86,0.752048448,0.00000403,0.0000228,-5.394694954,-4.642065153,0.752629801
42966292,42966292,COC(=O)c1cc(c(c(c1)NC(=O)CCCc1ccccn1)C)F,emolecules,Mol1277,204,160,60,78,-0.105130343,0.0000204,0.000016,-4.690369833,-4.795880017,-0.105510185
33363767,33363767,COc1ccc(cc1-n1ccc(n1)C(=O)Nc1c2c(nn1C)CCC2)C,emolecules,Mol1278,154,223,58,77,0.161368002,0.0000154,0.0000223,-4.812479279,-4.651695137,0.160784142
50406372,50406372,CN(c1ccc(cc1)NC(=O)Nc1ccc(cc1)OC(F)(F)F)c1ccnc(n1)Nc1cccc(c1)S(=O)(=O)N,emolecules,Mol1279,2,31.5,0,0,0.929418926,0.0000002,0.00000315,-6.698970004,-5.501689446,1.197280558
157063,157063,NC(=O)c1cnc(nc1CCNC(=O)C1(CCOCC1)c1cccc(c1)F)NC1CC1,emolecules,Mol1280,2.52,82.3,95,98,1.5132176,0.000000252,0.00000823,-6.598599459,-5.084600165,1.513999294
11480015,11480015,CC(C)c1ccc(cc1)OCC(=O)Nc1cccc(c1N1CCN(CC1)C(=O)C)Cl,emolecules,Mol1281,71.1,152,47,54,0.330413773,0.00000711,0.0000152,-5.148130399,-4.818156412,0.329973987
23808246,23808246,Cn1nc(c2[nH]c(nc12)-c1cccc(c1)CN1CCOCC1)C1CC1,emolecules,Mol1283,7.15,371,95,98,1.716003344,0.000000715,0.0000371,-6.145693958,-4.43062609,1.715067868
326092,326092,Fc1cccc(c1)CCNCc1cc(cn2nnnc12)-c1ccccc1,emolecules,Mol1285,175,124,44,49,-0.148741651,0.0000175,0.0000124,-4.756961951,-4.906578315,-0.149616364
1546088,1546088,COc1ccc(c(c1)S(=O)(=O)Nc1cccc(c1)CCc1ccccn1)OC,emolecules,Mol1286,117,492,84,91,0.624282096,0.0000117,0.0000492,-4.931814138,-4.308034897,0.623779241
48439112,48439112,OC(=O)c1cccc(n1)N1CCC(CC1)Oc1ccc(cc1)Cl,emolecules,Mol1287,612,435,147,98,-0.148130399,0.0000612,0.0000435,-4.213248578,-4.361510743,-0.148262165
43132553,43132553,C1CC1c1ncn(n1)Cc1nc(no1)C(c1ccccc1)c1ccccc1,emolecules,Mol1288,193,220,72,66,0.056904851,0.0000193,0.000022,-4.714442691,-4.657577319,0.056865372
44385386,44385386,Nc1nc(cs1)CN1CCN(CC1)c1ccc(cc1)F,emolecules,Mol1289,311,185,106,107,-0.224025669,0.0000311,0.0000185,-4.507239611,-4.732828272,-0.225588661
32029938,32029938,COC(=O)Nc1ccc(cc1)Oc1nc2ccccc2o1,emolecules,Mol1290,215,117,59,54,-0.26520017,0.0000215,0.0000117,-4.66756154,-4.931814138,-0.264252598
36914406,36914406,CC1(C)CN(CCO1)C(=O)c1cncc(c1)Br,emolecules,Mol1291,350,274,119,114,-0.106238238,0.000035,0.0000274,-4.455931956,-4.562249437,-0.106317482
30571034,30571034,CN1CCc2nc(sc2C1)NC(=O)c1ccc(s1)Cl,emolecules,Mol1292,224,131,77,81,-0.232102384,0.0000224,0.0000131,-4.649751982,-4.882728704,-0.232976723
24024401,24024401,O=C(Nn1cnc2ccccc12)c1c2c(nc3ccccc13)CCC2,emolecules,Mol1293,8,346,91,99,1.635483747,0.0000008,0.0000346,-6.096910013,-4.460923901,1.635986112
36981448,36981448,CN(C(=O)COC1CCCC1)c1cccc(n1)C,emolecules,Mol1294,412,275,118,103,-0.175874166,0.0000412,0.0000275,-4.385102784,-4.560667306,-0.175564522
32020284,32020284,Cc1cc(c2c(nn(c2n1)C)C)C(=O)Nc1cccc(c1)-c1cnco1,emolecules,Mol1295,94.8,103,56,76,0.033423755,0.00000948,0.0000103,-5.023191663,-4.987162775,0.036028887
314274,314274,CCN(CC)CCCNc1ncc(c(n1)-c1ccco1)-c1cc(no1)C,emolecules,Mol1296,22.1,385,90,106,1.243038049,0.00000221,0.0000385,-5.655607726,-4.41453927,1.241068456
32278068,32278068,Clc1ccc(cc1)C1(CCNCC1)c1ccc(cc1)-c1cn[nH]c1,emolecules,Mol1297,6,391.05,95,86,1.849879878,0.0000006,0.000039105,-6.22184875,-4.40776771,1.81408104
LN01331065,LN01331065,OCCn1cc(c(n1)-c1ccncc1)-c1ccc/2c(c1)CC\C2=N/O,labnetworkBB,Mol1298,10.6,385,93,103,1.561101384,0.00000106,0.0000385,-5.974694135,-4.41453927,1.560154864
49350315,49350315,Fc1ccc(cc1)CNc1nnc(o1)-c1ccc2c(c1)OCO2,emolecules,Mol1299,203,63.5,46,55,-0.504455662,0.0000203,0.00000635,-4.692503962,-5.197226275,-0.504722313
42942540,42942540,Cc1oc(c(c1C)C(=O)NCC#Cc1ccccc1)C,emolecules,Mol1300,244,109,72,43,-0.350665141,0.0000244,0.0000109,-4.612610174,-4.962573502,-0.349963328
184567,184567,CNC(=O)c1sc2ncccc2c1[C@H]1CC[C@@H](CC1)CNC(=O)CCc1ccccc1 |r|,emolecules,Mol1301,10.1,340,87,93,1.527629901,0.00000101,0.000034,-5.995678626,-4.468521083,1.527157543
43427775,43427775,Cc1cc(c2ccccc2n1)NCc1ccnc(c1)N1CCCC1,emolecules,Mol1302,11.6,197,65,76,1.230448921,0.00000116,0.0000197,-5.935542011,-4.705533774,1.230008237
15280962,15280962,Cc1ccc(c(c1)OCC(=O)N1CCC(CC1)C(=O)Nc1ccccc1)C,emolecules,Mol1303,57.9,166,63,66,0.456366033,0.00000579,0.0000166,-5.237321436,-4.779891912,0.457429524
35705370,35705370,Cc1nccc(n1)-c1cccc(c1)NCC(=O)N1CCCCCCC1,emolecules,Mol1304,370,277,112,107,-0.126098402,0.000037,0.0000277,-4.431798276,-4.557520231,-0.125721955
32369318,32369318,Cc1ccc(c2cccnc12)-c1cnc(cn1)N,emolecules,Mol1305,294,197,94,92,-0.17327748,0.0000294,0.0000197,-4.53165267,-4.705533774,-0.173881104
11009421,11009421,COc1ccc(cc1)CNC(=O)c1nnn(c1N)-c1ccc(cc1)OC,emolecules,Mol1306,275,141,79,62,-0.289882635,0.0000275,0.0000141,-4.560667306,-4.850780887,-0.290113581
48250662,48250662,Clc1cnccc1N1CCC(CC1)C(=O)NC1CCCCC1,emolecules,Mol1307,273,229,98,93,-0.076755981,0.0000273,0.0000229,-4.563837353,-4.640164518,-0.076327165
48631332,48631332,C1CN(Cc2nnc(o2)C2CC2)CC(C1)(c1ccccc1)c1ccccc1,emolecules,Mol1308,375,257,96,70,-0.164309429,0.0000375,0.0000257,-4.425968732,-4.590066877,-0.164098144
43106737,43106737,CN(Cc1cccc(c1)Cl)c1ncnc2n(nc(c12)C)C,emolecules,Mol1309,362,206,86,74,-0.244887734,0.0000362,0.0000206,-4.441291429,-4.68613278,-0.24484135
48301846,48301846,CN(C)C1CN(C1)c1nc(nc2sc3c(c12)CCCC3)-c1cnccn1,emolecules,Mol1310,167,195,87,82,0.068185862,0.0000167,0.0000195,-4.777283529,-4.709965389,0.06731814
43585059,43585059,CC(C)c1nc(cs1)CCn1ccnc1-c1ccoc1,emolecules,Mol1311,286,189,82,93,-0.179798541,0.0000286,0.0000189,-4.543633967,-4.723538196,-0.179904229
29963741,29963741,CC(C)c1cc2c(coc2cc1C)CC(=O)NC1CCN(C)CC1,emolecules,Mol1312,55.9,354,101,108,0.800717078,0.00000559,0.0000354,-5.252588192,-4.450996738,0.801591454
35731142,35731142,CCOC1CCN(CC1)C(=O)CN1C(=O)Nc2ccccc21,emolecules,Mol1313,17.4,294,95,99,1.227886705,0.00000174,0.0000294,-5.759450752,-4.53165267,1.227798082
30039419,30039419,Nc1ccccc1OCCn1ccnc1,emolecules,Mol1314,268,219,114,101,-0.088842391,0.0000268,0.0000219,-4.571865206,-4.659555885,-0.087690679
36008838,36008838,CCCCCCNc1ncnc2[nH]ccc12,emolecules,Mol1315,251,125,73,72,-0.302770657,0.0000251,0.0000125,-4.600326279,-4.903089987,-0.302763708
46041909,46041909,Cc1cc2cc(ccc2o1)C(=O)N(Cc1ccc2c(c1)OCO2)C1CC1,emolecules,Mol1316,207,57.7,50,49,-0.552841969,0.0000207,0.00000577,-4.684029655,-5.238824187,-0.554794532
183257,183257,CCOc1ccccc1C(=O)N1CCC(CC1)c1nc(c([nH]1)C(=O)N)-c1ccc(cc1)OC,emolecules,Mol1317,2.68,128,94,94,1.678518379,0.000000268,0.0000128,-6.571865206,-4.89279003,1.679075176
313514585,313514585,COc1cccc(c1)-n1nc(cc1-c1ccc(c(c1)Cl)C1CCCCC1)C(=O)O,emolecules,Mol1320,186,290,48,69,0.193124598,0.0000186,0.000029,-4.730487056,-4.537602002,0.192885054
35754411,35754411,CCN1CCc2ncnc(c2C1)N1CCNc2ccccc2C1,emolecules,Mol1321,174,310,109,109,0.250420002,0.0000174,0.000031,-4.759450752,-4.508638306,0.250812446
42949037,42949037,Cn1cc(cn1)NC(=O)c1cn(nn1)Cc1ccccc1,emolecules,Mol1322,237,243,98,98,0.012837225,0.0000237,0.0000243,-4.625251654,-4.614393726,0.010857928
300480727,300480727,CCc1noc(n1)-c1ccc(cc1)CCN,emolecules,Mol1323,303,145,105,78,-0.319664487,0.0000303,0.0000145,-4.518557371,-4.838631998,-0.320074626
1541141,1541141,OC(=O)CCC(=O)Nc1ccccc1C1=Nc2ccccc2NC1=O,emolecules,Mol1324,6.96,2.4,101,103,-0.462180905,0.000000696,0.00000024,-6.15739076,-6.619788758,-0.462397998
36264533,36264533,O=C(NCCc1cn2c(n1)CCCC2)c1ccccn1,emolecules,Mol1325,23.2,283,97,98,1.086359831,0.00000232,0.0000283,-5.634512015,-4.548213564,1.086298451
27425362,27425362,Cc1cc(n(n1)-c1cccc(c1)NC(=O)c1ccc(c(c1)F)F)C,emolecules,Mol1326,178,116,52,60,-0.187755303,0.0000178,0.0000116,-4.749579998,-4.935542011,-0.185962013
31844110,31844110,O=C(CN1CCc2ccccc21)N1CCNC1=O,emolecules,Mol1327,374,269,118,97,-0.142667504,0.0000374,0.0000269,-4.427128398,-4.57024772,-0.143119322
43245209,43245209,OC(=O)c1n(nc2ccccc12)Cc1ccccc1,emolecules,Mol1328,104,168,104,94,0.209515015,0.0000104,0.0000168,-4.982966661,-4.774690718,0.208275942
315782,315782,Cc1nc2cc(nn2c(c1C)NCc1cccnc1)-c1nccn1C,emolecules,Mol1329,14.8,420,98,111,1.45484486,0.00000148,0.000042,-5.829738285,-4.37675071,1.452987575
1536151,1536151,COc1cc(c(cc1CNc1ccc(c(c1)C(=O)O)N1CCOCC1)OC)OC,emolecules,Mol1330,10.5,295,101,96,1.447158031,0.00000105,0.0000295,-5.978810701,-4.530177984,1.448632717
1543632,1543632,CCOc1ccc(cc1)C(=O)Nc1cc(ccc1N1CCN(CC1)C(=O)C)C(=O)OC,emolecules,Mol1331,40.3,234,76,86,0.764176132,0.00000403,0.0000234,-5.394694954,-4.630784143,0.763910811
49971700,49971700,Cc1cccc(n1)NCCc1cn2c(n1)CCCC2,emolecules,Mol1332,63.9,229,95,99,0.553883027,0.00000639,0.0000229,-5.194499142,-4.640164518,0.554334624
49655478,49655478,COc1cccc(c1)-c1ccc(o1)C(=O)N(C)Cc1c(nn(c1C)C(C)C)C,emolecules,Mol1333,94.4,139,48,70,0.167317335,0.00000944,0.0000139,-5.025028006,-4.8569852,0.168042806
42942710,42942710,CN(C)c1cc(nc(n1)-n1ccnc1)C,emolecules,Mol1334,354,249,109,97,-0.152427341,0.0000354,0.0000249,-4.450996738,-4.603800653,-0.152803915
50131633,50131633,CCCC(=O)NCC(=O)Nc1cnc(nc1)N1CCN(C)CC1,emolecules,Mol1335,4.02,43.8,110,107,1.037426498,0.000000402,0.00000438,-6.395773947,-5.358525889,1.037248057
1324972,1324972,COc1cc2c(cc1NC(=O)C)oc1ccccc12,emolecules,Mol1336,167,63.4,43,63,-0.42136079,0.0000167,0.00000634,-4.777283529,-5.197910742,-0.420627213
271693,271693,Cn1cncc1-c1ncccc1C(=O)N1CCCC1,emolecules,Mol1337,14.7,254,101,101,1.238046103,0.00000147,0.0000254,-5.832682665,-4.595166283,1.237516382
30724831,30724831,CC(C)c1onc(c1C(=O)Nc1ccccn1)C,emolecules,Mol1338,449,235,116,85,-0.280668713,0.0000449,0.0000235,-4.347753659,-4.628932138,-0.281178479
44466308,44466308,Cn1ncnc1COc1nn2c(nnc2cc1C1CCC1)-c1c(cccc1F)F,emolecules,Mol1339,6.05,444,93,102,1.86569606,0.000000605,0.0000444,-6.218244625,-4.35261703,1.865627595
31854715,31854715,CNC(=O)CCc1nc(no1)-c1ccccn1,emolecules,Mol1340,175,183,116,95,0.021189299,0.0000175,0.0000183,-4.756961951,-4.73754891,0.019413041
36922856,36922856,Fc1ccc2c(c1)N(CCC2)CC(=O)N1CCNC1=O,emolecules,Mol1341,233,209,90,90,-0.04769199,0.0000233,0.0000209,-4.632644079,-4.679853714,-0.047209635
42942714,42942714,CN(C)c1cc(nc(n1)-n1cnc(n1)C#N)C,emolecules,Mol1342,362,215,104,95,-0.225483034,0.0000362,0.0000215,-4.441291429,-4.66756154,-0.226270111
45697853,45697853,N#CC1(CC1)CN1CCc2cc(oc2C1)-c1ccccc1,emolecules,Mol1343,148,40.4,48,57,-0.563837353,0.0000148,0.00000404,-4.829738285,-5.393618635,-0.56388035
2937124,2937124,CCOC(=S)SCC(=O)Nc1nc(cs1)-c1ccc(cc1)C1CCCCC1,emolecules,Mol1344,3.29,0.754,43,39,-0.640164518,0.000000329,7.54E-08,-6.482804102,-7.122628654,-0.639824552
7689820,7689820,Nc1nc(c2c(c(ccc2n1)Br)Cl)N,emolecules,Mol1345,375,215,87,79,-0.241088108,0.0000375,0.0000215,-4.425968732,-4.66756154,-0.241592808
32434626,32434626,C(Sc1ccccc1)c1nc(n[nH]1)Cc1ccccc1,emolecules,Mol1346,223,164,69,67,-0.13430394,0.0000223,0.0000164,-4.651695137,-4.785156152,-0.133461015
193881,193881,Cc1cc(cc(n1)C1CCN(CC1)C(=O)CCCc1ccc(c(c1)C)F)-c1ccc(nc1)N,emolecules,Mol1347,45.3,122,45,54,0.431363764,0.00000453,0.0000122,-5.343901798,-4.913640169,0.430261629
29773508,29773508,Cc1ccc(cc1)C1=NN(Cc2ccncc2)C(=O)C=C1,emolecules,Mol1348,371,229,107,96,-0.209714836,0.0000371,0.0000229,-4.43062609,-4.640164518,-0.209538427
36790963,36790963,Cc1ccnc(c1)Oc1cc(ccc1C)N,emolecules,Mol1349,395,214,103,93,-0.266000713,0.0000395,0.0000214,-4.403402904,-4.669586227,-0.266183322
11000834,11000834,CCOC(=O)c1cc2ccccc2n1CC(=O)c1ccc(cc1)F,emolecules,Mol1350,260,172,64,54,-0.179142011,0.000026,0.0000172,-4.585026652,-4.764471553,-0.179444901
206425,206425,CN1C=C(C=CC1=O)C(=O)N1CCC(CC1)c1cc(c2c(n1)CCNC2=O)C(F)(F)F,emolecules,Mol1351,61.7,46.4,114,100,-0.123782159,0.00000617,0.00000464,-5.209714836,-5.333482019,-0.123767183
48638440,48638440,Cc1ccccc1COC1CN(C1)C(=O)CN1C(=O)Nc2ccccc21,emolecules,Mol1353,48.2,345,99,98,0.854306042,0.00000482,0.0000345,-5.316952962,-4.462180905,0.854772057
42946564,42946564,COc1cc(ccn1)CNc1nc2ccccc2nc1C,emolecules,Mol1354,249,165,78,72,-0.177831921,0.0000249,0.0000165,-4.603800653,-4.782516056,-0.178715403
31888771,31888771,CCN1CCc2nc(sc2C1)NC(=O)Cc1ccc(cc1)Cl,emolecules,Mol1355,142,145,66,86,0.008600172,0.0000142,0.0000145,-4.847711656,-4.838631998,0.009079658
32070902,32070902,Cn1ccnc1CN(C1CC1)C(=O)c1[nH]c2ccccc2c1Cl,emolecules,Mol1357,32.9,407,79,87,1.093421685,0.00000329,0.0000407,-5.482804102,-4.390405591,1.092398511
1425831,1425831,Clc1ccc(cc1)Cc1nc(no1)-c1cccnc1,emolecules,Mol1358,215,98.3,54,53,-0.339134522,0.0000215,0.00000983,-4.66756154,-5.007446482,-0.339884942
24039580,24039580,CCC(=O)N(C)CC(=O)Nc1cccc(c1)F,emolecules,Mol1359,306,216,114,100,-0.151810883,0.0000306,0.0000216,-4.514278574,-4.665546249,-0.151267675
43583679,43583679,O=C1CCCc2c1[nH]c1cc(ccc21)-n1ccnc1-c1ccncc1,emolecules,Mol1360,27,392,76,91,1.161368002,0.0000027,0.0000392,-5.568636236,-4.406713933,1.161922303
43657264,43657264,O=C(NCCc1csc(n1)N1CCCC1)N1CCSCC1,emolecules,Mol1361,71.4,304,76,96,0.629409599,0.00000714,0.0000304,-5.146301788,-4.517126416,0.629175372
31274390,31274390,Cc1ccccc1N1C=CNC(=O)C1=O,emolecules,Mol1362,44.8,56.5,101,103,0.100370545,0.00000448,0.00000565,-5.348721986,-5.247951552,0.100770434
36705292,36705292,CCN(CC)C(=O)N1CCCN(CC1)C(=O)N(CC)CC,emolecules,Mol1363,76.4,345,106,105,0.654176542,0.00000764,0.0000345,-5.116906641,-4.462180905,0.654725736
4752649,4752649,c1ccc(cc1)-n1ncc2c(ncnc12)-n1ccnc1,emolecules,Mol1364,322,199,86,80,-0.209011525,0.0000322,0.0000199,-4.492144128,-4.701146924,-0.209002795
1542910,1542910,CCOC(=O)c1ccc(cc1)NC(=O)Cn1cnc2ccccc12,emolecules,Mol1365,70.1,300,68,57,0.631443769,0.00000701,0.00003,-5.154281982,-4.522878745,0.631403237
11883158,11883158,COC(=O)c1c([nH]c(c1C)C(=O)OCC(=O)N(C)Cc1cccs1)C,emolecules,Mol1366,104,153,49,68,0.167317335,0.0000104,0.0000153,-4.982966661,-4.815308569,0.167658092
45665715,45665715,CC(=O)N1CCC(CCNc2ccc3ccc(cc3n2)F)CC1,emolecules,Mol1367,306,243,103,88,-0.099632871,0.0000306,0.0000243,-4.514278574,-4.614393726,-0.100115153
50141257,50141257,O=C(CSC1CCCC1)N1CCC(CC1)n1ccnn1,emolecules,Mol1368,243,315,108,103,0.113943352,0.0000243,0.0000315,-4.614393726,-4.501689446,0.11270428
48835672,48835672,CC(C)(C)C(=O)N1CCC(CC1)CN1C(=O)N(C2CCCC2)C(=O)C1=O,emolecules,Mol1370,117,238,99,92,0.307496038,0.0000117,0.0000238,-4.931814138,-4.623423043,0.308391095
48780034,48780034,CC(=O)N1CCCN(CC1)Cc1c(nn(c1Cl)C)C,emolecules,Mol1371,81.5,260,94,91,0.503790683,0.00000815,0.000026,-5.088842391,-4.585026652,0.503815739
209461,209461,NC(=O)CC1CCN(CC1)c1ncccn1,emolecules,Mol1372,215,217,111,103,0.004321374,0.0000215,0.0000217,-4.66756154,-4.663540266,0.004021274
48764146,48764146,COc1ccc2nc(nc(c2c1)N1CC(CO)C1)C,emolecules,Mol1373,25.2,291,95,109,1.06069784,0.00000252,0.0000291,-5.598599459,-4.536107011,1.062492448
29627143,29627143,Nc1ccc(c(c1)Cl)C(=O)N1CCOCC1,emolecules,Mol1374,360,171,136,105,-0.322393047,0.000036,0.0000171,-4.443697499,-4.76700389,-0.32330639
25646720,25646720,O=C(CCc1ccc2c(c1)OCO2)Nc1nc2c(s1)CCC2,emolecules,Mol1375,127,29.9,31,50,-0.627087997,0.0000127,0.00000299,-4.896196279,-5.524328812,-0.628132533
165247,165247,Cc1nccc(n1)C1CCN(CC1)Cc1ncc[nH]1,emolecules,Mol1376,6.99,180,98,90,1.409933123,0.000000699,0.000018,-6.155522824,-4.744727495,1.410795329
31205261,31205261,CCCC(=O)Nc1ccc(c2ncccc12)C,emolecules,Mol1377,205,153,76,89,-0.129011186,0.0000205,0.0000153,-4.688246139,-4.815308569,-0.12706243
31863944,31863944,CC(C)CN1C(=O)NC(=O)c2c1nc1n2CCCCC1,emolecules,Mol1378,148,524,103,117,0.549003262,0.0000148,0.0000524,-4.829738285,-4.280668713,0.549069572
29676702,29676702,O=C1CCCN1C(=O)COc1cccc(c1)-c1nnco1,emolecules,Mol1379,228,208,90,90,-0.040958608,0.0000228,0.0000208,-4.642065153,-4.681936665,-0.039871512
228285,228285,CCn1nccc1-c1cc(ncn1)CC1CCNCC1,emolecules,Mol1380,3.43,188,97,97,1.737987326,0.000000343,0.0000188,-6.46470588,-4.725842151,1.738863729
31919176,31919176,CN(Cc1c(noc1C)C)C(=O)c1ccc(nc1)C,emolecules,Mol1381,193,261,115,99,0.130333768,0.0000193,0.0000261,-4.714442691,-4.583359493,0.131083198
31356688,31356688,O=C(CCN1N=Nc2ccccc2C1=O)Nc1ccncc1,emolecules,Mol1382,73.9,300,118,102,0.608526034,0.00000739,0.00003,-5.131355562,-4.522878745,0.608476816
1123117,1123117,O=C1Nc2cnccc2N1Cc1ccccc1,emolecules,Mol1383,210,325,122,101,0.190331698,0.000021,0.0000325,-4.677780705,-4.488116639,0.189664066
37000875,37000875,Cc1nn(c(c1C(=O)O)C)Cc1cccc(c1)Br,emolecules,Mol1384,225,356,108,104,0.198657087,0.0000225,0.0000356,-4.647817482,-4.448550002,0.19926748
32423148,32423148,Clc1ccc(cn1)Cc1nc(n[nH]1)-c1ccccc1,emolecules,Mol1385,152,231,74,85,0.181843588,0.0000152,0.0000231,-4.818156412,-4.63638802,0.181768392
23809094,23809094,CCCn1ncc2[nH]c(nc12)C1CCCCC1,emolecules,Mol1386,219,276,93,88,0.100370545,0.0000219,0.0000276,-4.659555885,-4.559090918,0.100464967
42961472,42961472,Cc1ccc(cc1F)-c1noc(n1)CCC(=O)N1CCCC1(C)C,emolecules,Mol1387,291,156,73,66,-0.271646218,0.0000291,0.0000156,-4.536107011,-4.806875402,-0.270768391
24879868,24879868,CCC(=O)N1CCCc2cc(ccc21)C(O)CN1CCN(CC1)c1ccc(cc1)OC,emolecules,Mol1388,96.5,163,,,0.227886705,0.00000965,0.0000163,-5.015472687,-4.787812396,0.227660291
2202636,2202636,O=C(Nc1nc2ccccc2[nH]1)C1CCCCC1,emolecules,Mol1389,297,214,86,89,-0.142064735,0.0000297,0.0000214,-4.527243551,-4.669586227,-0.142342676
2258308,2258308,O=C(Nc1nc2ccccc2[nH]1)c1ccncc1,emolecules,Mol1390,204,254,85,129,0.093421685,0.0000204,0.0000254,-4.690369833,-4.595166283,0.095203549
19162470,19162470,O=C(Cc1ccc2c(c1)OCCO2)NC1CCCCCC1,emolecules,Mol1391,423,261,108,91,-0.208309351,0.0000423,0.0000261,-4.373659633,-4.583359493,-0.20969986
32144061,32144061,CNC(=O)CN1CCCN(CC1)C(=O)c1c(nn(c1Cl)-c1ccccc1)C,emolecules,Mol1392,3.83,315,99,108,1.914343157,0.000000383,0.0000315,-6.416801226,-4.501689446,1.91511178
1933590,1933590,CC(C(O)c1ccc(cc1)O)N1CCC(CC1)Cc1ccccc1,emolecules,Mol1393,136,164,87,92,0.089905111,0.0000136,0.0000164,-4.866461092,-4.785156152,0.08130494
37817860,37817860,CC(C)(C)n1cc(cn1)CNc1cccnc1,emolecules,Mol1394,467,263,138,105,-0.248720896,0.0000467,0.0000263,-4.330683119,-4.580044252,-0.249361132
31929992,31929992,CN(C(=O)CNc1cccc(c1)-c1ccnc(n1)C)c1ccccc1,emolecules,Mol1395,232,223,91,90,-0.015922966,0.0000232,0.0000223,-4.634512015,-4.651695137,-0.017183122
1249615,1249615,Cc1cc(n2ncc(c2n1)C(=O)NC1CCCCC1)C,emolecules,Mol1396,302,212,89,89,-0.153662888,0.0000302,0.0000212,-4.519993057,-4.673664139,-0.153671082
44447021,44447021,Cc1ccc(cc1)N1CCN(CC1=O)C(=O)c1c(nc2sccn12)C,emolecules,Mol1397,61,410,105,99,0.827369273,0.0000061,0.000041,-5.214670165,-4.387216143,0.827454022
Z57841791,Z57841791,Cn1c(nc2ccccc12)CNC(=O)Cc1ccccc1,enamineHTS,Mol1398,138,310,93,97,0.352182518,0.0000138,0.000031,-4.860120914,-4.508638306,0.351482607
31875350,31875350,Cc1ccnc(c1)NC(=O)CN1CCCC1=O,emolecules,Mol1399,108,229,94,96,0.326335861,0.0000108,0.0000229,-4.966576245,-4.640164518,0.326411727
36440866,36440866,CC(=O)N1CCC(CC1)Cn1ccnc1-c1cc2ccccc2s1,emolecules,Mol1400,30.8,431,116,106,1.146128036,0.00000308,0.0000431,-5.511449283,-4.36552273,1.145926554
43112807,43112807,CC(C)c1cc(n2nccc2n1)N1CCc2[nH]nc(c2C1)C1CC1,emolecules,Mol1402,83.5,536,86,115,0.807535028,0.00000835,0.0000536,-5.078313525,-4.27083521,0.807478314
20650033,20650033,Fc1ccccc1-c1noc(n1)-c1ccc(nc1)NCCc1cnccn1,emolecules,Mol1403,198,28.2,53,59,-0.847711656,0.0000198,0.00000282,-4.70333481,-5.549750892,-0.846416082
32427430,32427430,COc1ccccc1OC1CCN(CC1)Cc1ccccc1C#N,emolecules,Mol1404,288,160,77,74,-0.254144805,0.0000288,0.000016,-4.540607512,-4.795880017,-0.255272505
31378890,31378890,O=C(NCC1(CC1)c1ccccc1)c1cccnc1,emolecules,Mol1405,327,248,106,97,-0.120904121,0.0000327,0.0000248,-4.485452247,-4.605548319,-0.120096072
19991792,19991792,Cc1nn(c(c1CCC(=O)NCC#C)C)C,emolecules,Mol1406,30.2,241,103,96,0.900913068,0.00000302,0.0000241,-5.519993057,-4.617982957,0.9020101
3683577,3683577,COc1cc2c(cc1OC)CN(CC2)C(=O)C1CCCN(C1)S(=O)(=O)c1cccs1,emolecules,Mol1407,22,210,85,77,0.986771734,0.0000022,0.000021,-5.657577319,-4.677780705,0.979796614
16732808,16732808,COc1cc2c(cc1OC)CN(CC2)C(=O)C1CCCN(C1)C(=O)C,emolecules,Mol1408,6.68,381,,,1.756636108,0.000000668,0.0000381,-6.175223538,-4.419075024,1.756148513
30696460,30696460,COc1cc2c(cc1OC)CN(CC2)C(=O)C1CCCN(C1)C(=O)OC(C)(C)C,emolecules,Mol1409,122,219,90,86,0.252853031,0.0000122,0.0000219,-4.913640169,-4.659555885,0.254084284
30431093,30431093,Cn1ncc-2c1CCc1sc(nc12)NC(=O)c1cccnc1,emolecules,Mol1410,140,221,93,78,0.198657087,0.000014,0.0000221,-4.853871964,-4.655607726,0.198264238
35733771,35733771,COc1ccc2nc(ccc2c1)NCc1cnn(c1)C,emolecules,Mol1411,311,165,94,93,-0.274088368,0.0000311,0.0000165,-4.507239611,-4.782516056,-0.275276445
27432296,27432296,O=C1NCCN1c1cccc(c1)C(=O)N1CCc2ccccc2C1,emolecules,Mol1412,61.7,353,97,96,0.757396029,0.00000617,0.0000353,-5.209714836,-4.452225295,0.757489541
36922204,36922204,Cc1nnc(c(c1C)C#N)N1CCCSCC1,emolecules,Mol1413,379,245,108,96,-0.189767482,0.0000379,0.0000245,-4.42136079,-4.610833916,-0.189473126
11011932,11011932,CN(C)CCN(Cc1ccccc1)C(=O)CCC(=O)Nc1ncc(n1C)-c1ccccc1,emolecules,Mol1414,3.92,150,89,101,1.582063363,0.000000392,0.000015,-6.406713933,-4.823908741,1.582805192
48794033,48794033,CC1(C)CN(C(=O)C2(CCC2)C(=O)N2CC(C)(C)C2(C)C)C1(C)C,emolecules,Mol1415,174,417,107,104,0.380211242,0.0000174,0.0000417,-4.759450752,-4.379863945,0.379586807
48224722,48224722,C1CN(CCO1)Cc1nc(c2c(csc2n1)-c1cccs1)N1CCc2[nH]ncc2C1,emolecules,Mol1417,4.06,339,74,84,1.921686475,0.000000406,0.0000339,-6.391473966,-4.469800302,1.921673665
38522400,38522400,CC(C)n1nnnc1-c1ccc(cc1F)N,emolecules,Mol1418,312,197,95,72,-0.200659451,0.0000312,0.0000197,-4.505845406,-4.705533774,-0.199688368
36671973,36671973,CN1CCN(C(=O)CCc2c(nn(c2C)C)C)c2ccccc2C1,emolecules,Mol1419,5.95,273,116,103,1.660865478,0.000000595,0.0000273,-6.225483034,-4.563837353,1.661645681
34501664,34501664,Fc1ccc(c(c1)Cl)C(=O)Nc1nc(cs1)-c1ccccn1,emolecules,Mol1420,127,18.9,39,48,-0.826813732,0.0000127,0.00000189,-4.896196279,-5.723538196,-0.827341917
32376162,32376162,Cc1n[nH]c(n1)-c1c(c2cc(ccc2n1C)F)C,emolecules,Mol1421,282,143,73,71,-0.293282218,0.0000282,0.0000143,-4.549750892,-4.844663963,-0.294913071
35754209,35754209,CCN1CCc2ncnc(c2C1)N(C)Cc1ccc2c(c1)OCCO2,emolecules,Mol1422,286,225,123,102,-0.104025268,0.0000286,0.0000225,-4.543633967,-4.647817482,-0.104183515
49964732,49964732,Cc1nc(n(n1)C)NCC(C)(C)c1ccccc1,emolecules,Mol1423,249,267,116,103,0.029383778,0.0000249,0.0000267,-4.603800653,-4.573488739,0.030311914
46651868,46651868,CCCc1nnc(o1)NCc1cn2ccc(cc2n1)C,emolecules,Mol1424,93.2,327,95,101,0.544068044,0.00000932,0.0000327,-5.030584088,-4.485452247,0.54513184
44457145,44457145,CNC(=O)c1ccccc1Nc1nc(ncc1Cl)Nc1ccc(cc1OC)N1CCOCC1,emolecules,Mol1425,62.3,191,59,73,0.485721426,0.00000623,0.0000191,-5.205511953,-4.718966633,0.486545321
45766450,45766450,COc1ccc(cc1NC(C)C)C(=O)N1CCCC1,emolecules,Mol1426,270,293,102,94,0.033423755,0.000027,0.0000293,-4.568636236,-4.53313238,0.035503856
42897127,42897127,FC(F)c1nc2cc(ccc2[nH]1)C(=O)OCc1cc(ccn1)Cl,emolecules,Mol1427,88.7,121,40,64,0.136720567,0.00000887,0.0000121,-5.05207638,-4.91721463,0.13486175
93438708,93438708,Cc1nc(c2c(ncnn12)N1CCC1)-c1cnn(c1-c1ccc(cn1)C(F)(F)F)C,emolecules,Mol1428,32.5,398,97,101,1.086359831,0.00000325,0.0000398,-5.488116639,-4.400116928,1.087999711
45689545,45689545,Brc1ccc(cc1)-n1cnc(c1)C(=O)N(CC#N)C1CC1,emolecules,Mol1429,231,241,91,102,0.017033339,0.0000231,0.0000241,-4.63638802,-4.617982957,0.018405063
43596043,43596043,CN(C)c1cccc(c1)Cn1ccnc1-c1ccc(cc1)O,emolecules,Mol1430,108,408,92,91,0.57634135,0.0000108,0.0000408,-4.966576245,-4.389339837,0.577236408
11479585,11479585,CC(C)(C)OC(=O)NCc1ccc(cc1)C(=N)NC(=O)OCc1ccccc1,emolecules,Mol1431,85.7,191,69,66,0.348304863,0.00000857,0.0000191,-5.067019178,-4.718966633,0.348052545
MCULE-6181763916,,Cc1noc(n1)OCC(=O)N1CCCCCC1,mcule,Mol1433,218,220,116,103,0.004321374,0.0000218,0.000022,-4.661543506,-4.657577319,0.003966187
25618066,25618066,Cc1csc(n1)NC(=O)c1ccc(cc1)-c1ccncc1,emolecules,Mol1434,73.9,13.2,33,60,-0.747146969,0.00000739,0.00000132,-5.131355562,-5.879426069,-0.748070507
49352627,49352627,CCN(C(C)C)C(=O)N1CCC(CC1)CC(=O)N1CCN(C)CC1,emolecules,Mol1435,18.1,294,111,105,1.209515015,0.00000181,0.0000294,-5.742321425,-4.53165267,1.210668756
36419852,36419852,Cc1cccc(c1)-n1cnnc1CCCN1CCOCC1,emolecules,Mol1436,10.5,321,98,129,1.484299839,0.00000105,0.0000321,-5.978810701,-4.493494968,1.485315733
149747,149747,Cc1ccnc(n1)C1CCN(CC1)C1CCCC1,emolecules,Mol1437,188,212,92,87,0.049218023,0.0000188,0.0000212,-4.725842151,-4.673664139,0.052178012
177167,177167,CN1CCC(CC1)c1nc2cc(ccc2[nH]1)C,emolecules,Mol1438,46.5,134,89,87,0.459392488,0.00000465,0.0000134,-5.332547047,-4.872895202,0.459651845
11938711,11938711,O=C1Nc2ccccc2N1C1CCN(CC1)Cc1nc(no1)-c1ccsc1,emolecules,Mol1440,79.3,296,77,74,0.571708832,0.00000793,0.0000296,-5.100726813,-4.528708289,0.572018524
11813013,11813013,CC(N1CCC(CC1)N1C(=O)Nc2ccccc21)c1nnc(o1)-c1cccs1,emolecules,Mol1441,24.6,518,,,1.324282455,0.00000246,0.0000518,-5.609064893,-4.28567024,1.323394653
3596324,3596324,O=C(CN1CCC(CC1)N1C(=O)Nc2ccccc21)N1CCc2ccccc21,emolecules,Mol1442,18,910,,,1.707570176,0.0000018,0.000091,-5.744727495,-4.040958608,1.703768887
29640121,29640121,CN(Cc1ccc(cc1)Cl)C(=O)c1ccc(nc1)-n1ccnc1,emolecules,Mol1443,351,379,104,108,0.033423755,0.0000351,0.0000379,-4.454692884,-4.42136079,0.033332094
32037496,32037496,N#Cc1ccccc1OCc1csc(n1)-c1ncccn1,emolecules,Mol1444,207,122,60,83,-0.229147988,0.0000207,0.0000122,-4.684029655,-4.913640169,-0.229610515
1556512,1556512,Nc1ccc2n(cnc2c1)CCc1ccccc1,emolecules,Mol1445,318,223,104,109,-0.154281982,0.0000318,0.0000223,-4.49757288,-4.651695137,-0.154122257
35754185,35754185,COc1cccc(c1)CN(C)c1ncnc2c1CN(C)CC2,emolecules,Mol1446,305,230,109,90,-0.122628654,0.0000305,0.000023,-4.515700161,-4.638272164,-0.122572003
35692276,35692276,CCONC(=O)c1sc(nc1C)C,emolecules,Mol1447,264,208,106,101,-0.103473783,0.0000264,0.0000208,-4.578396073,-4.681936665,-0.103540592
33368543,33368543,OC(=O)c1cnc(s1)/C=C/c1csc(n1)-c1ccsc1,emolecules,Mol1452,195,162,101,95,-0.079876674,0.0000195,0.0000162,-4.709965389,-4.790484985,-0.080519597
46026615,46026615,FC(F)(F)c1nccc(n1)NCCSc1nc2ccccc2o1,emolecules,Mol1453,62.3,19.7,26,50,-0.498940738,0.00000623,0.00000197,-5.205511953,-5.705533774,-0.50002182
48832018,48832018,OCC1CN(C1)C(=O)Cc1cccc(c1)I,emolecules,Mol1454,175,279,108,106,0.201397124,0.0000175,0.0000279,-4.756961951,-4.554395797,0.202566155
46603974,46603974,Cc1nc(c2c(noc2n1)C)NC1(CC1)c1cccc(c1)Cl,emolecules,Mol1455,249,217,83,74,-0.059981845,0.0000249,0.0000217,-4.603800653,-4.663540266,-0.059739613
32436924,32436924,CCc1oc2c(cccc2c1C)-n1cnnc1,emolecules,Mol1456,510,300,124,95,-0.231361899,0.000051,0.00003,-4.292429824,-4.522878745,-0.230448921
36458355,36458355,CCOC(=O)c1cccnc1-c1ccc2[nH]ccc2c1,emolecules,Mol1457,302,181,93,79,-0.222573178,0.0000302,0.0000181,-4.519993057,-4.742321425,-0.222328368
36568125,36568125,CCCN1CCn2nc(cc2C1)-c1nc2cc(ccc2[nH]1)OC,emolecules,Mol1458,227,187,93,97,-0.083546051,0.0000227,0.0000187,-4.643974143,-4.728158393,-0.084184251
49682290,49682290,Cc1cc(nc(n1)NCc1cnc(c(c1)C)C)C,emolecules,Mol1459,388,241,125,87,-0.206209615,0.0000388,0.0000241,-4.411168274,-4.617982957,-0.206814683
901986,901986,CCCCC1=NC2(CCCC2)C(=O)N1Cc1ccc(cc1)-c1ccccc1-c1nnn[nH]1,emolecules,Mol1460,2.73,207,93,97,1.878521796,0.000000273,0.0000207,-6.563837353,-4.684029655,1.879807698
45670925,45670925,Cc1nn(c(c1C#N)N)Cc1csc(n1)-c1cccs1,emolecules,Mol1461,251,173,70,70,-0.161780778,0.0000251,0.0000173,-4.600326279,-4.761953897,-0.161627618
32278090,32278090,COc1ccc2cc(ccc2c1)-c1[nH]c(nc1-c1ccncc1)-c1ccc(cc1)S(=O)C,emolecules,Mol1462,5.57,194,86,69,1.541579244,0.000000557,0.0000194,-6.254144805,-4.71219827,1.541946535
30043512,30043512,CN(Cc1ccccc1Br)C(=O)Nc1ccc(cc1)C(=O)N1CCCC1,emolecules,Mol1463,32.1,320,77,92,0.998695158,0.00000321,0.000032,-5.493494968,-4.494850022,0.998644946
25609569,25609569,COc1cccc(c1F)-c1cccc(n1)N,emolecules,Mol1464,262,200,79,67,-0.116906641,0.0000262,0.00002,-4.581698709,-4.698970004,-0.117271296
31968914,31968914,Cc1ccc(cn1)CNC(=O)c1cccs1,emolecules,Mol1465,273,230,101,99,-0.074687909,0.0000273,0.000023,-4.563837353,-4.638272164,-0.074434811
197945,197945,Cc1cc(cc(n1)C1CCCN(C1)CC(=O)Nc1ncc(s1)C)Nc1ccccn1,emolecules,Mol1466,5.315,135,,,1.559906625,5.315E-07,0.0000135,-6.274496731,-4.869666232,1.4048305
207489,207489,Fc1cccc(c1)-c1c[nH]nc1C1CCCN(C1)C(=O)CCc1ccc(cc1)Cl,emolecules,Mol1467,32.1,182,,,0.753583059,0.00000321,0.0000182,-5.493494968,-4.739928612,0.753566356
MCULE-2124560621,,CCOc1cccc(c1)CNCCc1c[nH]c2ccccc12,mcule,Mol1468,110,69.1,53,65,-0.202040356,0.000011,0.00000691,-4.958607315,-5.160521953,-0.201914638
49352631,49352631,CCN(C(C)C)C(=O)N1CCC(CC1)OC1CCOCC1,emolecules,Mol1469,316,241,114,101,-0.117475462,0.0000316,0.0000241,-4.500312917,-4.617982957,-0.11767004
53752451,53752451,Fc1ccc(cc1)CNC(=O)C1CCN(CC1)C(=O)/C=C/c1ccc(cc1)F,emolecules,Mol1470,45.8,282,70,78,0.788168371,0.00000458,0.0000282,-5.339134522,-4.549750892,0.78938363
1536313,1536313,C1Oc2ccc(cc2O1)CNC/C=C/c1ccccc1,emolecules,Mol1471,200,67.6,71,76,-0.472370099,0.00002,0.00000676,-4.698970004,-5.170053304,-0.4710833
32443301,32443301,Cc1nc(c2c(n1)CN(CC2)Cc1ccccc1)O,emolecules,Mol1472,32.1,314,102,103,0.990338855,0.00000321,0.0000314,-5.493494968,-4.503070352,0.990424616
31417877,31417877,Cn1cc(c(n1)C1CCCCC1)C(=O)O,emolecules,Mol1473,156,163,112,100,0.017033339,0.0000156,0.0000163,-4.806875402,-4.787812396,0.019063006
3035918,3035918,O=C(COc1ncnc2ccccc12)NC12CC3CC(CC(C3)C2)C1,emolecules,Mol1474,269,323,96,96,0.079181246,0.0000269,0.0000323,-4.57024772,-4.490797478,0.079450242
29689751,29689751,O=C(NCc1cccnc1)c1sccc1-c1ccccc1,emolecules,Mol1475,242,267,90,86,0.041392685,0.0000242,0.0000267,-4.616184634,-4.573488739,0.042695895
35700952,35700952,Cc1oc(c(c1Br)C(=O)N1CCNC(=O)C1)C,emolecules,Mol1476,41.6,246,108,97,0.772321707,0.00000416,0.0000246,-5.380906669,-4.609064893,0.771841776
24874030,24874030,COc1ccc(cc1)-c1ccc(cc1)CN(CCN(C)C)Cc1ccncc1,emolecules,Mol1477,11.1,22.8,28,37,0.31386722,0.00000111,0.00000228,-5.954677021,-5.642065153,0.312611868
31935468,31935468,O=C(NCCc1nnc2n1CCC2)c1ccc2c(c1)CCC2,emolecules,Mol1478,3.24,268,112,103,1.91750551,0.000000324,0.0000268,-6.48945499,-4.571865206,1.917589784
33353814,33353814,O=C(NC1CCCCCC1)c1ccc(cc1)-c1cnco1,emolecules,Mol1479,286,147,80,75,-0.287350298,0.0000286,0.0000147,-4.543633967,-4.832682665,-0.289048698
48242383,48242383,Cc1cnc(s1)CNCc1cccc2c1OCO2,emolecules,Mol1480,327,198,96,93,-0.216811309,0.0000327,0.0000198,-4.485452247,-4.70333481,-0.217882562
49976216,49976216,CNC(=O)Cc1nc(cs1)-c1cncc(c1)C,emolecules,Mol1481,188,184,97,95,-0.009661145,0.0000188,0.0000184,-4.725842151,-4.735182177,-0.009340026
16785188,16785188,Cn1ncc2c(ncnc12)Oc1cccc(c1)Oc1ccccn1,emolecules,Mol1482,278,187,76,76,-0.172630727,0.0000278,0.0000187,-4.555955204,-4.728158393,-0.172203189
11868858,11868858,CC(=O)Nc1nc(cs1)-c1c(cc(cc1C)C)C,emolecules,Mol1483,319,178,84,70,-0.252588192,0.0000319,0.0000178,-4.496209317,-4.749579998,-0.253370681
49968178,49968178,CN(Cc1ccc(nc1)N)c1ncccn1,emolecules,Mol1484,345,214,111,109,-0.207608311,0.0000345,0.0000214,-4.462180905,-4.669586227,-0.207405322
41287015,41287015,CN(CCc1ccccc1)C(=O)CC#N,emolecules,Mol1485,380,253,120,99,-0.176525771,0.000038,0.0000253,-4.420216403,-4.596879479,-0.176663075
31413696,31413696,Cc1csc(n1)Nc1ccc(cc1)C#N,emolecules,Mol1486,160,67.1,42,54,-0.377785977,0.000016,0.00000671,-4.795880017,-5.17327748,-0.377397462
32138137,32138137,Cc1noc(n1)CCNc1ncnc2ccccc12,emolecules,Mol1487,248,230,99,93,-0.033389013,0.0000248,0.000023,-4.605548319,-4.638272164,-0.032723845
18918409,18918409,CC1=C(Oc2c(cccc2C1=O)C(=O)NCCCN1CCCCC1)c1ccccc1,emolecules,Mol1488,36,397,113,101,1.041392685,0.0000036,0.0000397,-5.443697499,-4.401209493,1.042488006
152649,152649,CCCC(=O)N1CCC(CC1)c1cccc(n1)C,emolecules,Mol1489,440,252,133,98,-0.241088108,0.000044,0.0000252,-4.356547324,-4.598599459,-0.242052136
2042658,2042658,Fc1ccccc1CNC(=O)Cc1cccs1,emolecules,Mol1490,260,167,77,84,-0.19314197,0.000026,0.0000167,-4.585026652,-4.777283529,-0.192256877
16760340,16760340,Fc1ccc(cc1C(=O)Nn1cnc2ccccc12)Cl,emolecules,Mol1491,302,297,85,92,-0.00656377,0.0000302,0.0000297,-4.519993057,-4.527243551,-0.007250494
49310649,49310649,C1Cc2c(ncn2CCc2ccccc2)CN1c1ncccn1,emolecules,Mol1492,289,232,92,104,-0.095825632,0.0000289,0.0000232,-4.539102157,-4.634512015,-0.095409858
49951918,49951918,Cc1cccc(n1)NCC1CCN(CC1)C(=O)c1ccccc1,emolecules,Mol1493,257,304,108,101,0.071882007,0.0000257,0.0000304,-4.590066877,-4.517126416,0.07294046
11477618,11477618,O=C(NCCCNC(=O)c1cc2ccccc2[nH]1)c1ccc2c(c1)OCCO2,emolecules,Mol1494,43.1,290,60,76,0.828659897,0.00000431,0.000029,-5.36552273,-4.537602002,0.827920728
31847077,31847077,O=C(NC1CC1)c1cccc2cccnc12,emolecules,Mol1496,375,265,105,96,-0.149966742,0.0000375,0.0000265,-4.425968732,-4.576754126,-0.150785394
49151417,49151417,COCCc1nc(n(n1)CCO)-c1ccccc1-c1ccccc1,emolecules,Mol1497,30.3,480,98,113,1.201397124,0.00000303,0.000048,-5.518557371,-4.318758763,1.199798609
49973690,49973690,C1CCC(CC1)OCc1noc(n1)C1CC1,emolecules,Mol1498,386,341,94,103,-0.053547735,0.0000386,0.0000341,-4.413412695,-4.467245621,-0.053832926
24062566,24062566,Cc1noc(c1CC(=O)N1CCc2[nH]c3ccc(cc3c2C1)Br)C,emolecules,Mol1499,52,264,68,69,0.705007959,0.0000052,0.0000264,-5.283996656,-4.578396073,0.705600583
49383433,49383433,CCOC(=O)Nc1cc(nn2c(nnc12)C)-c1ccc(c(c1)NS(=O)(=O)C)C,emolecules,Mol1500,14.6,414,89,95,1.45331834,0.00000146,0.0000414,-5.835647144,-4.382999659,1.452647485
43241226,43241226,Cn1nc(c2cccnc12)C1CCNCC1,emolecules,Mol1501,18.7,128,95,98,0.836324116,0.00000187,0.0000128,-5.728158393,-4.89279003,0.835368363
45750904,45750904,Cc1nc(cs1)CNC1CCN(CC1)C(=O)C1CC1,emolecules,Mol1502,81.1,278,135,118,0.53529412,0.00000811,0.0000278,-5.090979146,-4.555955204,0.535023942
43581803,43581803,CC1=NN(C(=O)N1CC(=O)N1CC(C1)Oc1cccc(c1)C)c1ccccc1,emolecules,Mol1503,308,306,102,88,-0.003050752,0.0000308,0.0000306,-4.511449283,-4.514278574,-0.00282929
49160264,49160264,CN(C)c1ccc(nn1)-c1ccc(cc1)COCc1cccs1,emolecules,Mol1504,293,142,66,62,-0.316052869,0.0000293,0.0000142,-4.53313238,-4.847711656,-0.314579276
20478041,20478041,O=C(N1CCC(CC1)Oc1cccnc1)c1ccc2oc(nc2c1)CCCc1ccccc1,emolecules,Mol1505,179,264,71,68,0.170261715,0.0000179,0.0000264,-4.747146969,-4.578396073,0.168750896
11813315,11813315,O=C(NC1CCCCCC1)c1ccc(cc1)CSc1nc2ccccc2[nH]1,emolecules,Mol1506,43.6,130,28,56,0.475671188,0.00000436,0.000013,-5.360513511,-4.886056648,0.474456863
50897900,50897900,CCc1nc(c(nc1NC1CCOCC1)Nc1ccc(c(c1)OC)N1CCC(CC1)N1CCN(C)CC1)C(=O)N,emolecules,Mol1507,0.816,109,67,69,2.123851641,8.16E-08,0.0000109,-7.088309841,-4.962573502,2.125736339
44501962,44501962,Cc1cc(no1)C(=O)NC1CCN(CC1)C(=O)c1cc(sc1C)C,emolecules,Mol1508,173,270,104,94,0.193124598,0.0000173,0.000027,-4.761953897,-4.568636236,0.193317661
226909,226909,Cc1cc(nc(n1)CC1CCNCC1)-c1nccs1,emolecules,Mol1509,2.14,43.1,95,98,1.303196057,0.000000214,0.00000431,-6.669586227,-5.36552273,1.304063497
30658737,30658737,CN(Cc1cccc(c1)C#N)c1cnc2ccccc2n1,emolecules,Mol1510,330,146,84,55,-0.354577731,0.000033,0.0000146,-4.48148606,-4.835647144,-0.354161084
317396814,317396814,Cc1ccc(cc1)-c1ccnc(c1C#N)O,emolecules,Mol1511,290,280,104,99,-0.015022874,0.000029,0.000028,-4.537602002,-4.552841969,-0.015239967
43060096,43060096,COc1cncc(c1)-c1ccnc2[nH]ccc12,emolecules,Mol1512,365,245,92,85,-0.17327748,0.0000365,0.0000245,-4.437707136,-4.610833916,-0.17312678
32785534,32785534,Cc1ccc(cc1)N1C=CNC(=O)C1=O,emolecules,Mol1513,109,114,97,98,0.021189299,0.0000109,0.0000114,-4.962573502,-4.943095149,0.019478353
48755678,48755678,Cc1nc(c(s1)CNc1cnn(c1)-c1ccccc1)C,emolecules,Mol1514,262,137,78,83,-0.283162277,0.0000262,0.0000137,-4.581698709,-4.863279433,-0.281580724
48752236,48752236,Cc1cccc(n1)NC1CCN(CC1)Cc1ccncc1,emolecules,Mol1515,155,77,64,82,-0.304518324,0.0000155,0.0000077,-4.809668302,-5.113509275,-0.303840973
295412827,295412827,C1Cn2nccc2CN1Cc1ccccc1,emolecules,Mol1516,419,245,114,99,-0.233587153,0.0000419,0.0000245,-4.377785977,-4.610833916,-0.233047939
11882682,11882682,CN(C)c1nc(nc2scc(c12)-c1cccs1)CN1CCOCC1,emolecules,Mol1517,248,256,81,85,0.012837225,0.0000248,0.0000256,-4.605548319,-4.591760035,0.013788284
23998653,23998653,O=C(Nc1cccnc1)c1ccccc1Cc1ccccc1,emolecules,Mol1519,341,209,97,79,-0.213248578,0.0000341,0.0000209,-4.467245621,-4.679853714,-0.212608093
17943398,17943398,CCN(CC)C(=O)N1CCC(CC1)C(=O)O,emolecules,Mol1520,2.97,13.1,96,94,0.644438589,0.000000297,0.00000131,-6.527243551,-5.882728704,0.644514846
31619881,31619881,CC(C)c1cc(no1)CN(C)Cc1c[nH]nc1-c1ccc(cc1)F,emolecules,Mol1521,212,213,76,66,0.004321374,0.0000212,0.0000213,-4.673664139,-4.671620397,0.002043743
36706256,36706256,Cc1ccc(cn1)OCc1noc(n1)-c1ccsc1,emolecules,Mol1522,190,99.8,53,71,-0.280668713,0.000019,0.00000998,-4.721246399,-5.000869459,-0.27962306
46038339,46038339,C1C(CN1c1ncccn1)c1nc2ccccc2[nH]1,emolecules,Mol1523,71.4,283,97,108,0.597695186,0.00000714,0.0000283,-5.146301788,-4.548213564,0.598088224
18894115,18894115,Cc1cc(cc(c1)C(=O)Nc1c(cnn1C)C#N)C,emolecules,Mol1524,216,237,79,90,0.041392685,0.0000216,0.0000237,-4.665546249,-4.625251654,0.040294595
552358,552358,CN(C)CCNc1c2c(c(c3nc4ccccc4n13)C#N)CCCC2,emolecules,Mol1525,113,291,90,91,0.409933123,0.0000113,0.0000291,-4.946921557,-4.536107011,0.410814546
24889188,24889188,Cc1ccc2c(c1)C(=O)CC1(CCN(CC1)C(=O)c1ccc3nc(cc(c3c1)O)C)O2,emolecules,Mol1526,3.08,92.7,97,97,1.478566496,0.000000308,0.00000927,-6.511449283,-5.032920266,1.478529018
136045,136045,COc1ccccc1-c1ccc(cc1)CC1(CCOCC1)C(=O)NC1CC1,emolecules,Mol1527,146,275,80,88,0.276461804,0.0000146,0.0000275,-4.835647144,-4.560667306,0.274979838
36340866,36340866,CCS(=O)(=O)Cc1ccn(n1)-c1cccc(c1)F,emolecules,Mol1528,366,231,105,96,-0.199282922,0.0000366,0.0000231,-4.436518915,-4.63638802,-0.199869106
2332052,2332052,O=C1N(CCN2CCOCC2)C(=O)c2cccc3cccc1c23,emolecules,Mol1529,295,176,94,75,-0.225483034,0.0000295,0.0000176,-4.530177984,-4.754487332,-0.224309348
3595726,3595726,O=C(NC1CCCC1)c1cc(nc2ccccc12)C1CC1,emolecules,Mol1530,371,258,94,86,-0.158015195,0.0000371,0.0000258,-4.43062609,-4.588380294,-0.157754204
48316168,48316168,Cn1cc(cn1)CCNc1cncc(c1)Br,emolecules,Mol1531,245,161,72,88,-0.1837587,0.0000245,0.0000161,-4.610833916,-4.793174124,-0.182340208
177360703,177360703,CN1C(=O)C=C(N(C)C1=O)C(=O)N1CCN(CCc2ccccc2)C(=O)C1,emolecules,Mol1533,23.3,194,106,101,0.920645001,0.00000233,0.0000194,-5.632644079,-4.71219827,0.920445809
31213616,31213616,Cc1noc(n1)-c1ccc(cc1)NC(=O)Cc1ccccc1,emolecules,Mol1534,295,169,75,64,-0.241845378,0.0000295,0.0000169,-4.530177984,-4.772113295,-0.241935311
341560,341560,Cc1ccc(cc1)C1(O)CCN(CC1)Cc1cn(c2ccc(cc12)F)C,emolecules,Mol1535,78.7,68.4,45,74,-0.060980224,0.00000787,0.00000684,-5.104025268,-5.164943898,-0.060918631
48278518,48278518,CN(CCn1nnnc1C)c1ccccc1,emolecules,Mol1536,310,185,90,93,-0.22475374,0.000031,0.0000185,-4.508638306,-4.732828272,-0.224189965
29574117,29574117,CCC(=O)NCc1ccnc(c1)N(C)C,emolecules,Mol1537,211,186,98,88,-0.056011125,0.0000211,0.0000186,-4.675717545,-4.730487056,-0.054769511
35762433,35762433,Cc1nn(c(c1NC(=O)CN1CCC2(CCCCC2)CC1)C)C,emolecules,Mol1538,171,274,107,80,0.204119983,0.0000171,0.0000274,-4.76700389,-4.562249437,0.204754452
104348771,104348771,C1Cc2nnc(n2C1)CN1CCc2ccccc2C1,emolecules,Mol1539,42.4,293,92,101,0.839478047,0.00000424,0.0000293,-5.372634143,-4.53313238,0.839501764
24140848,24140848,O=C(NCc1nnc2n1-c1ccccc1CC2)c1ccc2ccccc2c1,emolecules,Mol1540,61.4,423,70,93,0.837588438,0.00000614,0.0000423,-5.211831629,-4.373659633,0.838171996
32007436,32007436,Cc1cc(n(n1)-c1ccc(cn1)CNC(=O)c1ccc2c(c1)CCO2)C,emolecules,Mol1541,309,238,93,83,-0.11407366,0.0000309,0.0000238,-4.510041521,-4.623423043,-0.113381522
24497238,24497238,O=C(NCCc1ccc2c(c1)OCO2)C1CCCC1,emolecules,Mol1542,322,222,89,94,-0.161150909,0.0000322,0.0000222,-4.492144128,-4.653647026,-0.161502897
15288168,15288168,FC(F)(F)c1ccc(nc1)N1CCCN(CC1)CC(=O)Nc1ccccc1,emolecules,Mol1543,166,124,,,-0.126098402,0.0000166,0.0000124,-4.779891912,-4.906578315,-0.126686403
49383511,49383511,FC(F)(F)c1cc(cc(c1)C(F)(F)F)-c1ncn(n1)/C=C\C(=O)NNc1cnccn1,emolecules,Mol1544,133,261,76,84,0.292256071,0.0000133,0.0000261,-4.876148359,-4.583359493,0.292788866
17074465,17074465,CCn1ncc(c1C)-c1cc(nc(n1)NCCCOC)C(F)F,emolecules,Mol1545,150,79,57,73,-0.279840697,0.000015,0.0000079,-4.823908741,-5.102372909,-0.278464168
31399424,31399424,Cc1cc(c(c(n1)C)NC(=O)c1cc(ccc1F)Cl)C,emolecules,Mol1546,301,227,104,98,-0.121478204,0.0000301,0.0000227,-4.521433504,-4.643974143,-0.122540638
13477850,13477850,CCc1nnc(s1)NC(=O)c1ccc2cc(ccc2n1)OC,emolecules,Mol1547,144,35.8,38,57,-0.605548319,0.0000144,0.00000358,-4.841637508,-5.446116973,-0.604479465
198935,198935,CCc1nnc(s1)Nc1cccc(n1)C1CCCN(C1)CC(=O)N1CCCC1,emolecules,Mol1549,7.23,253,,,1.544068044,0.000000723,0.0000253,-6.140861703,-4.596879479,1.543982224
32106793,32106793,Cc1cc(n(n1)-c1cc(ncn1)Nc1ccccc1C)C,emolecules,Mol1550,240,118,62,61,-0.310691141,0.000024,0.0000118,-4.619788758,-4.928117993,-0.308329234
2853111,2853111,O=C(CC(=O)N1CCCC1)N1CCCC1,emolecules,Mol1551,36.1,102,93,88,0.450249108,0.00000361,0.0000102,-5.442492798,-4.991399828,0.45109297
53882535,53882535,CCNC(=O)N1CCC2=C(C1)C(=O)N1C=C(F)C=CC1=N2,emolecules,Mol1552,33.3,345,103,102,1.012837225,0.00000333,0.0000345,-5.477555766,-4.462180905,1.015374862
53882383,53882383,CNC(=O)N1CCC2=C(C1)C(=O)N1C=C(Cl)C=CC1=N2,emolecules,Mol1553,58.6,361,108,107,0.789580712,0.00000586,0.0000361,-5.232102384,-4.442492798,0.789609586
23280366,23280366,COc1ccc(cc1OC)CC(=O)N1CCc2[nH]c3ccc(cc3c2C1)Cl,emolecules,Mol1554,33.6,214,59,61,0.804139432,0.00000336,0.0000214,-5.473660723,-4.669586227,0.804074496
36997025,36997025,Cc1cc(nc(n1)-n1nc(c(c1C)CC(=O)NC1CCCCCC1)C)C,emolecules,Mol1555,13.1,437,79,109,1.522444234,0.00000131,0.0000437,-5.882728704,-4.359518563,1.523210141
189882795,189882795,CS(=O)(=O)c1ccc(cc1)-c1cnc(n2cnnc12)NCc1ccco1,emolecules,Mol1556,19.9,294,98,105,1.170261715,0.00000199,0.0000294,-5.701146924,-4.53165267,1.169494254
42968116,42968116,Cc1ncc(s1)C(=O)Nc1ncnc2oc(c(c12)C)C,emolecules,Mol1557,169,71.2,59,83,-0.374687549,0.0000169,0.00000712,-4.772113295,-5.147520006,-0.375406711
43571023,43571023,Cc1ccc2n(nc(c2c1)Cn1ccnc1-c1cccc(n1)C)C,emolecules,Mol1558,280,190,78,74,-0.168130226,0.000028,0.000019,-4.552841969,-4.721246399,-0.16840443
173035,173035,Cc1noc(n1)C1CCN(CC1)CCc1ccccc1,emolecules,Mol1559,390,192,115,98,-0.308034897,0.000039,0.0000192,-4.408935393,-4.716698771,-0.307763378
48347951,48347951,O=C(Nc1ccc2sccc2c1)N1CCCN(CC1)C(=O)Oc1ccccc1,emolecules,Mol1560,187,245,69,72,0.117271296,0.0000187,0.0000245,-4.728158393,-4.610833916,0.117324478
194348513,194348513,COc1cc(ccc1Nc1ncc2c(n1)N(C)c1ccccc1C(=O)N2)N1CCN(C)CC1,emolecules,Mol1561,9.37,422,86,106,1.653212514,0.000000937,0.0000422,-6.028260409,-4.374687549,1.65357286
43242674,43242674,CN(C)c1cc(nc(n1)C)C1CCNCC1,emolecules,Mol1562,11.4,51.2,111,92,0.654176542,0.00000114,0.00000512,-5.943095149,-5.290730039,0.65236511
35771333,35771333,NC(=O)c1ccc(cc1)Oc1ccc(cc1)C(=O)N1CCCCCC1,emolecules,Mol1563,79.2,388,89,95,0.69019608,0.00000792,0.0000388,-5.101274818,-4.411168274,0.690106544
1436740,1436740,O=C(CCCOc1ccccc1)N1CCCC1,emolecules,Mol1564,391,247,111,94,-0.199970641,0.0000391,0.0000247,-4.407823243,-4.607303047,-0.199479804
31923278,31923278,Cc1cc2ccccc2n1CC(=O)N1CCc2ccc(cc2C1)O,emolecules,Mol1566,104,269,75,78,0.413299764,0.0000104,0.0000269,-4.982966661,-4.57024772,0.412718941
32083384,32083384,O=C(Nc1ccc2c3c(cccc13)CC2)c1ccnc(c1)-n1cncn1,emolecules,Mol1567,128,31.9,40,62,-0.602059991,0.0000128,0.00000319,-4.89279003,-5.496209317,-0.603419287
4742397,4742397,CC(C)CCNC(=O)Cc1csc(n1)-c1ccc(cc1)C,emolecules,Mol1568,178,94,45,60,-0.276544328,0.0000178,0.0000094,-4.749579998,-5.026872146,-0.277292149
35785818,35785818,Fc1ccc(cc1)NC(=O)c1cc(nn1-c1ccccc1)C1CC1,emolecules,Mol1569,162,51.1,47,51,-0.503070352,0.0000162,0.00000511,-4.790484985,-5.2915791,-0.501094114
35739191,35739191,CC(C)(C)NC(=O)c1cnc(s1)-c1ccc(s1)Cl,emolecules,Mol1570,367,182,84,65,-0.306273051,0.0000367,0.0000182,-4.435333936,-4.739928612,-0.304594676
136115,136115,CCC(C)(C)NC(=O)C1(CCOCC1)Cc1ccc(cc1)-c1cc(ccc1OC)F,emolecules,Mol1571,49.5,80.2,26,49,0.209515015,0.00000495,0.00000802,-5.305394801,-5.095825632,0.209569169
31507610,31507610,Cn1cc(cn1)-c1ccc2nnc(n2n1)C(F)(F)c1ccc2ncccc2c1,emolecules,Mol1572,46.3,438,80,96,0.975891136,0.00000463,0.0000438,-5.334419009,-4.358525889,0.975893119
32176408,32176408,CC(=O)C1=C(C)c2cnc(nc2N(C2CCCC2)C1=O)Nc1ccc(cn1)N1CCNCC1,emolecules,Mol1573,4.06,256,89,87,1.800029359,0.000000406,0.0000256,-6.391473966,-4.591760035,1.799713932
16021876,16021876,Cc1cc(n(n1)-c1ccccc1)C(=O)Nc1ccc(c(c1)C)C,emolecules,Mol1574,87.3,34.2,34,50,-0.406713933,0.00000873,0.00000342,-5.058985756,-5.465973894,-0.406988138
31835550,31835550,CC(=O)Nc1cccc(c1)OCC(=O)N1CCCCC1,emolecules,Mol1575,28.7,340,96,99,1.075546961,0.00000287,0.000034,-5.542118103,-4.468521083,1.07359702
784983,784983,OC(=O)c1cc(ccc1O)/N=N/c1ccc(cc1)S(=O)(=O)Nc1ccccn1,emolecules,Mol1576,27.8,12.8,96,101,-0.338187314,0.00000278,0.00000128,-5.555955204,-5.89279003,-0.336834826
36919308,36919308,O=C(NCCc1cnn(c1)-c1ccccc1)N1CCC1,emolecules,Mol1577,206,277,101,98,0.127104798,0.0000206,0.0000277,-4.68613278,-4.557520231,0.128612549
48752652,48752652,COc1cc(ncn1)NC(=O)c1ccc(cc1C)F,emolecules,Mol1578,287,160,87,87,-0.253365801,0.0000287,0.000016,-4.542118103,-4.795880017,-0.253761914
43137136,43137136,CN(C)Cc1csc(c1)-c1nccn1-c1ccc2c(c1)N(C)C(=O)N2C,emolecules,Mol1580,3.82,277,94,109,1.860338007,0.000000382,0.0000277,-6.417936637,-4.557520231,1.860416406
300958586,300958586,COc1cccc(c1-c1cc(n[nH]1)Nc1cnc(cn1)C#N)OCCCN,emolecules,Mol1581,6.11,107,98,84,1.243038049,0.000000611,0.0000107,-6.21395879,-4.970616222,1.243342567
31364239,31364239,O=C(CC1CCCC1)NCc1nnc2n1CCC2,emolecules,Mol1582,2.58,133,107,100,1.713490543,0.000000258,0.0000133,-6.588380294,-4.876148359,1.712231935
49155634,49155634,COCC1(CC1)c1nc(nn1Cc1cccc(c1)Cl)-c1ccncc1,emolecules,Mol1583,339,248,104,82,-0.136082623,0.0000339,0.0000248,-4.469800302,-4.605548319,-0.135748017
36322410,36322410,Cc1ccsc1C(=O)NCc1ccc2c(c1)OCCCO2,emolecules,Mol1584,292,170,83,79,-0.235077015,0.0000292,0.000017,-4.534617149,-4.769551079,-0.23493393
32419804,32419804,CCNc1ccnc(n1)N(C)Cc1nc2ccccc2n1C,emolecules,Mol1585,185,237,99,80,0.10720997,0.0000185,0.0000237,-4.732828272,-4.625251654,0.107576618
49985873,49985873,COc1ncccc1CNc1ncnc2n(ncc12)C,emolecules,Mol1586,297,288,109,99,-0.014573526,0.0000297,0.0000288,-4.527243551,-4.540607512,-0.013363962
31845870,31845870,O=C(NCC#C)c1ccc2c(c1)OCO2,emolecules,Mol1587,302,245,99,103,-0.092051478,0.0000302,0.0000245,-4.519993057,-4.610833916,-0.090840859
48262457,48262457,CC(C)(C)c1nccc(n1)NCc1ccncc1,emolecules,Mol1588,358,251,114,98,-0.15490196,0.0000358,0.0000251,-4.446116973,-4.600326279,-0.154209305
5965122,5965122,CCC(=O)NCCNC(=O)c1cc(nc2ccccc12)-c1ccccc1,emolecules,Mol1589,24.3,366,85,93,1.178976947,0.00000243,0.0000366,-5.614393726,-4.436518915,1.177874812
300053407,300053407,CN(C)C(=O)COC(=O)Cc1ccc(cc1)OC(=O)c1ccc(cc1)NC(=N)N,emolecules,Mol1590,3.37,2.38,117,117,-0.150580586,0.000000337,0.000000238,-6.472370099,-6.623423043,-0.151052944
36716227,36716227,CN(C)c1ncc(n1C)CNC(=O)c1sc2ccccc2c1C,emolecules,Mol1591,67.6,338,86,99,0.698970004,0.00000676,0.0000338,-5.170053304,-4.4710833,0.698970004
206429,206429,CN1CCC(CC1)C(=O)N1CCC(CC1)c1cc(c2c(n1)CCNC2=O)C(F)(F)F,emolecules,Mol1592,1.75,9.04,95,99,0.712649702,0.000000175,0.000000904,-6.756961951,-6.04383157,0.713130382
56767825,56767825,Cn1cc(cn1)NC(=O)c1ccc(nc1)OCC1CCOCC1,emolecules,Mol1593,105,310,94,103,0.469822016,0.0000105,0.000031,-4.978810701,-4.508638306,0.470172395
170720716,170720716,CC(C)(C)NC(=O)NCCN1N=C2CCCCC2=CC1=O,emolecules,Mol1594,4.05,272,105,97,1.826074803,0.000000405,0.0000272,-6.392544977,-4.565431096,1.827113881
301191566,301191566,COc1cc2nc(sc2cc1OC)/C=C/c1cocn1,emolecules,Mol1595,181,91,58,60,-0.297569464,0.0000181,0.0000091,-4.742321425,-5.040958608,-0.298637183
36436018,36436018,CCOc1ncccc1-c1nc(cc(n1)NC)C,emolecules,Mol1596,309,207,103,94,-0.172630727,0.0000309,0.0000207,-4.510041521,-4.684029655,-0.173988134
36582188,36582188,CN(Cc1noc(n1)C)C(=O)C1c2ccccc2-c2ccccc21,emolecules,Mol1597,188,204,74,86,0.037426498,0.0000188,0.0000204,-4.725842151,-4.690369833,0.035472318
33360977,33360977,O=C(CN1CCc2ccccc21)N1CCC(CC1)C(=O)Nc1nccs1,emolecules,Mol1598,13.7,333,86,98,1.387389826,0.00000137,0.0000333,-5.863279433,-4.477555766,1.385723666
36966070,36966070,CC1(CCOCC1)c1nnc(o1)-c1ccc2c(c1)OCCO2,emolecules,Mol1600,356,264,96,93,-0.129596095,0.0000356,0.0000264,-4.448550002,-4.578396073,-0.129846071
44503860,44503860,CCN(CC#N)C(=O)c1nn(c2c1CCCC2)-c1ccc(cc1)F,emolecules,Mol1601,215,153,70,63,-0.147520006,0.0000215,0.0000153,-4.66756154,-4.815308569,-0.147747029
25670537,25670537,Fc1ccccc1-c1cnc(o1)-c1ccccc1C(=O)N1CCC1,emolecules,Mol1602,324,213,92,83,-0.181114585,0.0000324,0.0000213,-4.48945499,-4.671620397,-0.182165407
35986106,35986106,Cc1cccc(c1)OCCCNc1cc(nc(n1)N)Cn1c(nc2ccccc12)C,emolecules,Mol1603,8.92,202,60,58,1.356025857,0.000000892,0.0000202,-6.049635146,-4.694648631,1.354986515
43251079,43251079,Cc1cc(n2nccc2n1)C(=O)NCC1CC1,emolecules,Mol1605,292,168,87,95,-0.239577517,0.0000292,0.0000168,-4.534617149,-4.774690718,-0.24007357
2502094,2502094,Cn1cnnc1-c1cccc(c1)NS(=O)(=O)c1ccc(cc1)N1CCCC1=O,emolecules,Mol1606,7.66,28.4,,,0.568201724,0.000000766,0.00000284,-6.11577123,-5.54668166,0.56908957
136829,136829,Fc1ccc(cc1)CNC(=O)C1(CCOCC1)Cc1ccc(cc1)-c1cccnc1,emolecules,Mol1607,85.2,411,74,95,0.683047038,0.00000852,0.0000411,-5.069560405,-4.386158178,0.683402227
233697,233697,Cc1cncc(n1)C1CCN(CC1)Cc1cnccn1,emolecules,Mol1608,315,205,112,102,-0.187086643,0.0000315,0.0000205,-4.501689446,-4.688246139,-0.186556693
31937832,31937832,CC(C)c1nc(cs1)CC(=O)N1CCCN(CC1)C(=O)C,emolecules,Mol1609,14.5,295,98,96,1.309630167,0.00000145,0.0000295,-5.838631998,-4.530177984,1.308454014
1755438,1755438,Fc1ccc(cc1)SCC(=O)N1CCCC1,emolecules,Mol1610,370,276,107,98,-0.127261173,0.000037,0.0000276,-4.431798276,-4.559090918,-0.127292642
27398627,27398627,Fc1ccc(cc1)C(=O)N1CCN(CC1)CC(=O)N1CCCC1=O,emolecules,Mol1611,31.4,325,105,96,1.017033339,0.00000314,0.0000325,-5.503070352,-4.488116639,1.014953713
173261,173261,O=C(N1CCC(CC1)c1cnccn1)c1ccncc1,emolecules,Mol1612,106,286,98,102,0.432969291,0.0000106,0.0000286,-4.974694135,-4.543633967,0.431060168
25831317,25831317,COc1ccc(cc1)/C=C/C(=O)c1c(nc2ccccc2c1N)C,emolecules,Mol1613,68.9,13.6,35,61,-0.705533774,0.00000689,0.00000136,-5.161780778,-5.866461092,-0.704680314
201873,201873,CCn1ncc(c1C)CN1CCC(CC1)c1nc(ncc1-c1ccc(cc1)OC)N(C)C,emolecules,Mol1614,18.6,291,78,87,1.193124598,0.00000186,0.0000291,-5.730487056,-4.536107011,1.194380045
195351193,195351193,Fc1ccc(cc1)CC(=O)NCCN1C=CC=NC1=O,emolecules,Mol1615,2.94,27.1,101,98,0.965201701,0.000000294,0.00000271,-6.53165267,-5.567030709,0.96462196
36444864,36444864,Cc1cnc(c(c1)-c1cccc(c1Cl)Cl)-n1cnnc1,emolecules,Mol1616,175,394,90,91,0.352182518,0.0000175,0.0000394,-4.756961951,-4.404503778,0.352458173
1557197,1557197,Cc1cccc(c1)-n1c(nnc1CNc1ccc(cc1)F)S,emolecules,Mol1617,112,273,76,85,0.387389826,0.0000112,0.0000273,-4.950781977,-4.563837353,0.386944624
151187,151187,COc1ccc(cc1)-c1cccc(n1)C1CCCN(C1)C(=O)C1CCCC1,emolecules,Mol1618,175,125,,,-0.144480844,0.0000175,0.0000125,-4.756961951,-4.903089987,-0.146128036
233948224,233948224,C1CCC(CC1)Nc1cc(ccn1)-c1cc2cnccc2c(n1)N1CCNCC1,emolecules,Mol1619,0.752,19.9,35,52,1.423245874,7.52E-08,0.00000199,-7.123782159,-5.701146924,1.422635236
205729538,205729538,O=C(Nc1ccccc1)N1CCCc2cnc(nc21)N1CCOCC1,emolecules,Mol1620,209,255,95,96,0.086359831,0.0000209,0.0000255,-4.679853714,-4.59345982,0.086393894
31618239,31618239,CSc1ccc(cc1)CN(CCO)C(=O)CCc1cccc(c1)F,emolecules,Mol1621,210,202,72,76,-0.017276612,0.000021,0.0000202,-4.677780705,-4.694648631,-0.016867925
43429664,43429664,CC(N1CCCC(C1)c1nc2ccccc2o1)C(=O)Nc1ccccc1,emolecules,Mol1623,256.5,208,,,-0.080137746,0.00002565,0.0000208,-4.590912631,-4.681936665,-0.091024034
493944,493944,CN1C(=O)N(C)c2ncn(c2C1=O)C,emolecules,Mol1858,304,257,116,107,-0.073657553,0.0000304,0.0000257,-4.517126416,-4.590066877,-0.07294046
49083485,49083485,CC(C)c1nc(c[nH]1)S(=O)(=O)N1CC2(CC2)c2ccccc21,emolecules,Mol1859,45.8,379,72,81,0.916980047,0.00000458,0.0000379,-5.339134522,-4.42136079,0.917773732
48784525,48784525,NC(=O)COc1ccccc1C(=O)Nc1cccc(n1)-c1ccc2ccccc2c1,emolecules,Mol1860,12.2,3.61,18,39,-0.528708289,0.00000122,0.000000361,-5.913640169,-6.442492798,-0.528852629
222766824,222766824,CN1CCC(O)(CC1)CNC(=O)C1CCCCCC1,emolecules,Mol1861,6.47,72.5,99,95,1.049218023,0.000000647,0.00000725,-6.189095719,-5.139661993,1.049433726
38813764,38813764,Cc1cc(ccc1C(=O)O)-n1ccnc1,emolecules,Mol1862,99,41.3,110,105,-0.379863945,0.0000099,0.00000413,-5.004364805,-5.384049948,-0.379685143
13529886,13529886,FC(F)(F)c1ccc(nc1)N1CCCN(CC1)C1CC(=O)N(C1=O)c1ccccc1,emolecules,Mol1863,176,134,,,-0.118615343,0.0000176,0.0000134,-4.754487332,-4.872895202,-0.118407869
82738853,82738853,O=C(NCc1cnn2cccnc12)c1ccccc1-n1cnnc1,emolecules,Mol1864,2.07,10.1,99,103,0.687528961,0.000000207,0.00000101,-6.684029655,-5.995678626,0.688351028
49040700,49040700,Brc1nnc(s1)N1CCC(CC1)OC1CCCC1,emolecules,Mol1865,534,311,116,93,-0.235077015,0.0000534,0.0000311,-4.272458743,-4.507239611,-0.234780868
49911442,49911442,Cc1ccc(cn1)CCNc1ccc(nc1)C#N,emolecules,Mol1866,469,259,120,83,-0.258060922,0.0000469,0.0000259,-4.328827157,-4.586700236,-0.257873079
49969678,49969678,Cn1cc(c(n1)C(C)(C)C)CNc1ncccn1,emolecules,Mol1867,315,285,111,102,-0.043351421,0.0000315,0.0000285,-4.501689446,-4.54515514,-0.043465694
73023165,73023165,CC(=O)Nc1ccccc1CN1CCC(CC1)c1nnc2ccccn12,emolecules,Mol1869,6.48,320,103,101,1.692846919,0.000000648,0.000032,-6.188424994,-4.494850022,1.693574972
53804145,53804145,CCC1=CC(=O)NC(=N1)SCCN1CCCCC1,emolecules,Mol1871,96.4,331,105,100,0.53529412,0.00000964,0.0000331,-5.015922966,-4.480172006,0.53575096
420214,420214,CCCn1ncc(c1C)CN1CCC(CC1)c1cc2cccnc2[nH]1,emolecules,Mol1872,39.4,349,102,100,0.947433722,0.00000394,0.0000349,-5.404503778,-4.457174573,0.947329205
309592,309592,O=C1NN=C2C(=C1)CCc1nc(ncc12)N1CCCC1,emolecules,Mol1873,257,192,76,90,-0.126098402,0.0000257,0.0000192,-4.590066877,-4.716698771,-0.126631895
177445050,177445050,OC1(CCN(CC1)C(=O)c1ccc(cc1)-c1ccncc1)CN1CCCC1,emolecules,Mol1874,16.1,285,119,102,1.247973266,0.00000161,0.0000285,-5.793174124,-4.54515514,1.248018984
315806,315806,CN(C)CCCNc1c(c(nc2cc(nn12)-c1nccn1C)C)C,emolecules,Mol1875,4.47,302,117,118,1.829946696,0.000000447,0.0000302,-6.349692477,-4.519993057,1.82969942
43311512,43311512,CN(C)CCSc1nnnn1-c1ccc(cc1)Br,emolecules,Mol1876,404,176,107,92,-0.361510743,0.0000404,0.0000176,-4.393618635,-4.754487332,-0.360868697
43423819,43423819,Cc1ccc(cc1)Nc1ccnc(n1)Nc1ccc(cc1)C,emolecules,Mol1877,8.87,1.77,79,86,-0.698970004,0.000000887,0.000000177,-6.05207638,-6.752026734,-0.699950353
222760478,222760478,Cc1cnn(c1)CC(=O)NCCCn1cc(cn1)Cl,emolecules,Mol1878,162,381,100,101,0.369215857,0.0000162,0.0000381,-4.790484985,-4.419075024,0.371409961
222782930,222782930,CN(CCCC1CCCC1)CC1=CC(=O)NC(=O)N1,emolecules,Mol1879,418,350,132,109,-0.076238039,0.0000418,0.000035,-4.378823718,-4.455931956,-0.077108237
31231716,31231716,C[C@H](Cc1cc2c(c(c1)C(=O)N)N(CCCO)CC2)NCCOc1ccccc1OCC(F)(F)F |r|,emolecules,Mol1880,6.69,183,124,117,1.437750563,0.000000669,0.0000183,-6.174573882,-4.73754891,1.437024972
422202,422202,CC(C)N(C(C)C)C(=O)CN1C=CC=C2C=C(N=C12)C(F)F,emolecules,Mol1881,119,483,101,102,0.607455023,0.0000119,0.0000483,-4.924453039,-4.316052869,0.608400169
73006343,73006343,Cc1noc2ncnc(c12)N1CCCN(CC1)C(=O)C1CC1,emolecules,Mol1882,31.5,668,103,111,1.326335861,0.00000315,0.0000668,-5.501689446,-4.175223538,1.326465909
177400113,177400113,CCn1ncc(c1C)CN(C)C(=O)c1ccc(cc1)-c1nc(cc(n1)C)C,emolecules,Mol1883,112,465,93,98,0.619093331,0.0000112,0.0000465,-4.950781977,-4.332547047,0.61823493
177400083,177400083,FC(F)(F)c1cccc2c1N=CN(C1CCCC1)C2=O,emolecules,Mol1884,490,259,106,91,-0.277366077,0.000049,0.0000259,-4.30980392,-4.586700236,-0.276896316
232859404,232859404,COc1cccc(c1C(=O)N(C)Cc1ncc[nH]1)C,emolecules,Mol1885,70.3,444,120,105,0.800717078,0.00000703,0.0000444,-5.153044675,-4.35261703,0.800427645
177499958,177499958,COc1ncnc(c1-c1cccc(c1)OC(C)C)C,emolecules,Mol1886,301,191,71,86,-0.197910742,0.0000301,0.0000191,-4.521433504,-4.718966633,-0.197533128
49128370,49128370,Fc1cccc(c1CN1CCN(CC1)Cc1ccon1)N1CCCC1,emolecules,Mol1887,442,283,118,106,-0.193820026,0.0000442,0.0000283,-4.354577731,-4.548213564,-0.193635834
49354187,49354187,FC(F)(F)CN1CCC(CC1)N1CCS(=O)(=O)CC1,emolecules,Mol1888,365,280,114,101,-0.116338565,0.0000365,0.000028,-4.437707136,-4.552841969,-0.115134833
50347911,50347911,CC(C)n1cnnc1SCOCc1ccccc1,emolecules,Mol1889,349,248,85,83,-0.148130399,0.0000349,0.0000248,-4.457174573,-4.605548319,-0.148373746
49970070,49970070,CCn1nccc1CNc1ncccn1,emolecules,Mol1890,473,280,130,103,-0.227678293,0.0000473,0.000028,-4.325138859,-4.552841969,-0.227703109
314860,314860,CCN1C(=Nc2ccccc2C1=O)CN1CCCCCC1,emolecules,Mol1891,448,251,118,96,-0.251037139,0.0000448,0.0000251,-4.348721986,-4.600326279,-0.251604293
48250318,48250318,Fc1ccccc1CN(C1CCOCC1)C(=O)NCC#C,emolecules,Mol1892,203,436,114,104,0.33243846,0.0000203,0.0000436,-4.692503962,-4.360513511,0.331990451
3967714,3967714,CCc1cccc(c1NC(=O)c1ccc(o1)C)C,emolecules,Mol1893,385,255,104,98,-0.179798541,0.0000385,0.0000255,-4.41453927,-4.59345982,-0.178920549
232902536,232902536,COCC1(CCC1)CNS(=O)(=O)c1ccccc1,emolecules,Mol1895,373,259,102,98,-0.15739076,0.0000373,0.0000259,-4.428291168,-4.586700236,-0.158409068
177285754,177285754,CCC(C)(C)N1CCN(CC1)C(=O)Nc1cnn(c1C(F)F)CC(C)C,emolecules,Mol1896,107,437,107,102,0.610660163,0.0000107,0.0000437,-4.970616222,-4.359518563,0.611097659
177444153,177444153,Cn1cc(cn1)-c1cccc2c(cccc12)C(=O)N,emolecules,Mol1897,317,371,114,103,0.068185862,0.0000317,0.0000371,-4.498940738,-4.43062609,0.068314647
177369616,177369616,O=C1N(Cc2ccc3c(c2)CCCO3)C=Nc2ccncc21,emolecules,Mol1898,387,280,96,88,-0.140261434,0.0000387,0.000028,-4.412289035,-4.552841969,-0.140552934
49000996,49000996,CN(CCNC(=O)NC1CCOCC1)C1CCCC1,emolecules,Mol1899,1.06,19.4,93,100,1.260071388,0.000000106,0.00000194,-6.974694135,-5.71219827,1.262495865
43423180,43423180,COc1ccc(cc1NC(=O)CN1CCCN(CC1)c1ccc(cn1)C(F)(F)F)Cl,emolecules,Mol1901,32.1,56,,,0.243038049,0.00000321,0.0000056,-5.493494968,-5.251811973,0.241682995
49300403,49300403,Cc1noc(n1)NCc1c(nn(c1C)C)C,emolecules,Mol1902,230,308,108,104,0.127104798,0.000023,0.0000308,-4.638272164,-4.511449283,0.12682288
131239,131239,Cc1cc(cc(n1)C1CCN(C1)C(=O)CCc1cccc(c1)Cl)Nc1ccc(cn1)F,emolecules,Mol1903,7.2,70.6,,,0.991669007,0.00000072,0.00000706,-6.142667504,-5.151195299,0.991472205
48931495,48931495,CN(C)S(=O)(=O)c1cc(ccc1C)NC(=O)CN(C)C1CCCCC1,emolecules,Mol1904,207,299,86,86,0.161368002,0.0000207,0.0000299,-4.684029655,-4.524328812,0.159700843
49942032,49942032,CC(C)Oc1ccc(cc1NC1CCN(C)CC1)C#N,emolecules,Mol1905,135,340,108,100,0.399673721,0.0000135,0.000034,-4.869666232,-4.468521083,0.401145149
49956374,49956374,CCc1cc(n(n1)C)NS(=O)(=O)C,emolecules,Mol1906,19,48.3,94,98,0.404833717,0.0000019,0.00000483,-5.721246399,-5.316052869,0.40519353
423170,423170,Cc1ncc(c(n1)CCNC(=O)C1CCCC1)-c1ccccn1,emolecules,Mol1907,53.3,412,100,101,0.888179494,0.00000533,0.0000412,-5.273272791,-4.385102784,0.888170007
73019704,73019704,FC(F)CN1C(=O)CSc2ccc(cc21)NC(=O)C1CC=CC1,emolecules,Mol1908,139,103,47,63,-0.129596095,0.0000139,0.0000103,-4.8569852,-4.987162775,-0.130177576
Z1227937331,Z1227937331,Cc1nccc(n1)NC(=O)c1ccc(nc1Cl)Cl,enamineHTS,Mol1909,346,190,100,94,-0.261219442,0.0000346,0.000019,-4.460923901,-4.721246399,-0.260322498
11909115,11909115,Fc1ccc(cc1)OCCN1N=Nc2ccccc2C1=O,emolecules,Mol1910,372,156,87,64,-0.37675071,0.0000372,0.0000156,-4.42945706,-4.806875402,-0.377418342
72972981,72972981,COc1cc(cc(c1)N(CCNC(C)C)c1ccc2ncc(nc2c1)-c1cnn(c1)C)OC,emolecules,Mol1911,1.69,180,90,80,2.025305865,0.000000169,0.000018,-6.772113295,-4.744727495,2.0273858
46016546,46016546,CC(C)[C@@H]1N(C)c2ccc(cc2C[C@@H](CO)NC1=O)NC(=O)/C=C/C=C/c1ccc(cc1)C(F)(F)F |r|,emolecules,Mol1912,1.24,69.5,62,40,1.747411808,0.000000124,0.00000695,-6.906578315,-5.158015195,1.748563119
49038326,49038326,OCC1CCN(CC1)C(=O)Nc1ccc(cc1)COC1CCCC1,emolecules,Mol1913,95.3,530,107,101,0.745074792,0.00000953,0.000053,-5.020907099,-4.27572413,0.745182969
258223286,258223286,C1CC(CCO1)n1cc(cn1)Nc1ncc2nnn(c2n1)-c1ccc2cn[nH]c2c1,emolecules,Mol1915,0.302,160,51,58,2.725094521,3.02E-08,0.000016,-7.519993057,-4.795880017,2.72411304
73016246,73016246,C1CN(CCS1)c1nc2c(c(n1)N1CCSCC1)SCC2,emolecules,Mol1916,2060,788,335,95,-0.416801226,0.000206,0.0000788,-3.68613278,-4.103473783,-0.417341003
36639987,36639987,Cc1cc(n2nc(c(c2n1)C(=O)NCC1CC1)C)C,emolecules,Mol1917,423,307,104,92,-0.139661993,0.0000423,0.0000307,-4.373659633,-4.512861625,-0.139201992
73014952,73014952,CCN(CC)C(=O)CSCc1cncc(c1)F,emolecules,Mol1918,435,309,117,107,-0.148130399,0.0000435,0.0000309,-4.361510743,-4.510041521,-0.148530778
383970,383970,Cc1ccc(cc1)S(=O)(=O)N1CCC(C1)c1nnc(o1)-c1cccnc1,emolecules,Mol1919,105,302,106,107,0.457881897,0.0000105,0.0000302,-4.978810701,-4.519993057,0.458817644
171790057,171790057,O[C@H]1CCN(CC[C@@H]1Oc1ccccc1F)C(=O)c1cc(on1)-c1ccc(cc1)F |r|,emolecules,Mol1921,335,289,83,60,-0.064996849,0.0000335,0.0000289,-4.474955193,-4.539102157,-0.064146964
49094148,49094148,CC(C)c1nsc(n1)N1CCC(CC1)Nc1cccnc1,emolecules,Mol1922,409,334,109,101,-0.088309841,0.0000409,0.0000334,-4.388276692,-4.476253533,-0.087976841
232833340,232833340,COc1cccc(c1)Oc1ccc(cn1)NC(=O)CN1CCOCC1,emolecules,Mol1923,271,341,109,99,0.100370545,0.0000271,0.0000341,-4.567030709,-4.467245621,0.099785088
177469670,177469670,CN(Cc1c(noc1C)C)C(=O)NCCc1nc(cc(n1)C(F)(F)F)C,emolecules,Mol1924,34.3,561,98,114,1.214843848,0.00000343,0.0000561,-5.46470588,-4.251037139,1.213668741
48397445,48397445,CC1(C)[C@H]2C[C@H]3Oc4c(ccc(c4C(=O)NCCNc4ccccn4)O)[C@H](O)[C@@]3(O)[C@@H]1C2 |r|,emolecules,Mol1925,13.7,337,68,79,1.389166084,0.00000137,0.0000337,-5.863279433,-4.472370099,1.390909334
49003848,49003848,CC(=O)Nc1ccc(cc1)CNCCOc1ccc(cc1F)F,emolecules,Mol1926,170,268,103,97,0.195899652,0.000017,0.0000268,-4.769551079,-4.571865206,0.197685873
276227040,276227040,CCCc1cc(nc(n1)SCC(=O)N1CCN(C)CC1)O,emolecules,Mol1927,6.78,162,101,95,1.378397901,0.000000678,0.0000162,-6.168770306,-4.790484985,1.378285321
49041846,49041846,CN1CCC(O)(CC1)CNS(=O)(=O)CC1CCCCC1,emolecules,Mol1928,27.8,81.3,107,99,0.465382851,0.00000278,0.00000813,-5.555955204,-5.089909454,0.46604575
415550,415550,COCCCNc1ncc(c(n1)C(C)C)-c1cc(no1)C,emolecules,Mol1929,250,110,61,64,-0.35753548,0.000025,0.000011,-4.602059991,-4.958607315,-0.356547324
49825510,49825510,Nc1ccnc2ccc(cc12)Oc1ccccc1,emolecules,Mol1930,268,130,75,78,-0.313363731,0.0000268,0.000013,-4.571865206,-4.886056648,-0.314191442
177465521,177465521,CN(CCO)c1ccc(nn1)-c1ccc(cc1-n1cccn1)C,emolecules,Mol1931,17.8,522,103,105,1.46686762,0.00000178,0.0000522,-5.749579998,-4.282329497,1.467250501
232861350,232861350,COc1ccc(cc1)-c1cc(nc(n1)-c1ncccn1)C(C)(C)C,emolecules,Mol1932,206,251,66,81,0.086359831,0.0000206,0.0000251,-4.68613278,-4.600326279,0.085806501
306432,306432,Cc1nc2ncc3c(n2n1)CCCC3=O,emolecules,Mol1934,345,259,117,105,-0.123782159,0.0000345,0.0000259,-4.462180905,-4.586700236,-0.124519331
48373672,48373672,O/N=C\1/CCCc2c1cnc1ncnn21,emolecules,Mol1935,233,390,107,105,0.222716471,0.0000233,0.000039,-4.632644079,-4.408935393,0.223708686
300445634,300445634,CN(C)CCOc1cc(ccc1NC(=O)C1COc2ccccc2O1)-c1cn[nH]c1,emolecules,Mol1936,12,384,95,95,1.506505032,0.0000012,0.0000384,-5.920818754,-4.415668776,1.505149978
49063828,49063828,CCc1cc(on1)CNC(=O)Nc1ccc(cc1)N1CCSCC1,emolecules,Mol1937,27.1,519,76,91,1.283301229,0.00000271,0.0000519,-5.567030709,-4.284832642,1.282198067
177501347,177501347,CCCN(CCC1=CCCCC1)C(=O)CC1=NNC(=O)N1,emolecules,Mol1938,30.8,347,100,83,1.053078443,0.00000308,0.0000347,-5.511449283,-4.459670525,1.051778758
25721481,25721481,C/C(=C/COc1c2c(cc3ccoc13)C=CC(=O)O2)CO,emolecules,Mol1939,362,240,101,95,-0.179142011,0.0000362,0.000024,-4.441291429,-4.619788758,-0.178497329
48759286,48759286,CN(C)c1noc(n1)-c1cc(nc(c1)O)C,emolecules,Mol1940,336,244,119,106,-0.139063379,0.0000336,0.0000244,-4.473660723,-4.612610174,-0.138949451
49945424,49945424,CCc1cnccc1C(=O)Nc1cnccn1,emolecules,Mol1941,309,237,101,102,-0.115204636,0.0000309,0.0000237,-4.510041521,-4.625251654,-0.115210133
53839672,53839672,CN(C)c1nccc(n1)N1CCN(CCCCCF)CC1,emolecules,Mol1942,308,129,94,86,-0.377785977,0.0000308,0.0000129,-4.511449283,-4.88941029,-0.377961006
53780028,53780028,CC(=O)NC1CCC(CC1)NCCc1c(cccc1C)C,emolecules,Mol1943,14.5,286,102,100,1.29666519,0.00000145,0.0000286,-5.838631998,-4.543633967,1.294998031
177509728,177509728,Cc1nnc2ncc(cn12)-c1cccc2ccnn12,emolecules,Mol1944,490,229,120,97,-0.329754147,0.000049,0.0000229,-4.30980392,-4.640164518,-0.330360598
49033160,49033160,O=C(CC/C=C/c1ccccc1)Nc1ccccc1N1CCOC1=O,emolecules,Mol1945,163,399,89,83,0.389166084,0.0000163,0.0000399,-4.787812396,-4.399027104,0.388785291
310450,310450,COc1cc(cc(c1OC)OC)CN1C[C@H]2CCC3=C(N=C(C)NC3=O)[C@H]2C1 |r|,emolecules,Mol1946,2.33,110,106,103,1.67669361,0.000000233,0.000011,-6.632644079,-4.958607315,1.674036764
36849731,36849731,Cc1ccnc(n1)NCc1cccnc1,emolecules,Mol1947,371,221,114,88,-0.22475374,0.0000371,0.0000221,-4.43062609,-4.655607726,-0.224981636
171789564,171789564,CC(=O)N1CCN(CC1)[C@H]1CCN(CC[C@@H]1O)C(=O)c1cc2cc(ccc2o1)Cl |r|,emolecules,Mol1948,14.8,558,87,111,1.5774918,0.00000148,0.0000558,-5.829738285,-4.253365801,1.576372484
48242871,48242871,C1CCC2(CC1)CCN(C2)c1ncnc2[nH]ncc12,emolecules,Mol1949,516,413,120,97,-0.096910013,0.0000516,0.0000413,-4.287350298,-4.384049948,-0.09669965
49068002,49068002,CC(C)(C)CCCNC(=O)N1CCN(CC1)Cc1ccon1,emolecules,Mol1950,270,405,113,101,0.176091259,0.000027,0.0000405,-4.568636236,-4.392544977,0.176091259
82730349,82730349,COc1ccc(c(c1OC)OC)-c1nn(c2ccccc12)C,emolecules,Mol1951,345,178,82,69,-0.288192771,0.0000345,0.0000178,-4.462180905,-4.749579998,-0.287399093
232887379,232887379,COCC1(CCC1)CNC(=O)c1cc(cnc1O)Cl,emolecules,Mol1952,76.7,433,95,99,0.751279104,0.00000767,0.0000433,-5.115204636,-4.363512104,0.751692532
28183660,28183660,COc1ccc(cc1)COc1ccc(cc1OC)Cc1cnc(nc1N)N,emolecules,Mol1953,25.4,279,69,70,1.041392685,0.00000254,0.0000279,-5.595166283,-4.554395797,1.040770487
82725547,82725547,CCSCCC(=O)NCCn1nc(c(c1C)CC)C,emolecules,Mol1954,163,407,97,101,0.396199347,0.0000163,0.0000407,-4.787812396,-4.390405591,0.397406805
49951746,49951746,Cc1cccc(n1)NCCc1cc(cc2c1OCOC2)F,emolecules,Mol1955,162,60.8,48,64,-0.427128398,0.0000162,0.00000608,-4.790484985,-5.216096421,-0.425611435
232855284,232855284,COCC1(CCC1)CNS(=O)(=O)c1ccc2[nH]cnc2c1,emolecules,Mol1956,12.2,401,95,102,1.515873844,0.00000122,0.0000401,-5.913640169,-4.396855627,1.516784542
53749740,53749740,Clc1ccc(cn1)CSc1nc(c[nH]1)-c1ccccc1,emolecules,Mol1957,184,115,47,53,-0.2069084,0.0000184,0.0000115,-4.735182177,-4.93930216,-0.204119983
276231421,276231421,CCc1ccccc1S(=O)(=O)NCCc1cn[nH]c1,emolecules,Mol1958,144,382,93,97,0.423245874,0.0000144,0.0000382,-4.841637508,-4.417936637,0.423700871
13448534,13448534,Fc1ccc(cc1)CN1CCCN(CC1)c1ccc2nnnn2n1,emolecules,Mol1959,384,233,113,93,-0.217527376,0.0000384,0.0000233,-4.415668776,-4.632644079,-0.216975303
49041586,49041586,CC(C)N(Cc1nnc(o1)C(C)C)C1CCOCC1,emolecules,Mol1960,292,271,116,103,-0.031517051,0.0000292,0.0000271,-4.534617149,-4.567030709,-0.032413561
327160,327160,CNc1ncc(cn1)CN(C)CCN1CCCCC1,emolecules,Mol1961,162,183,93,96,0.053078443,0.0000162,0.0000183,-4.790484985,-4.73754891,0.052936075
48765718,48765718,COc1ccc(c(c1)C(=O)N)OCC#C,emolecules,Mol1962,421,302,106,103,-0.144480844,0.0000421,0.0000302,-4.375717904,-4.519993057,-0.144275153
MCULE-2007854892,,Cc1cc(nc(n1)N1Cc2ccccc2C1=N)C,mcule,Mol1963,169,136,60,86,-0.093126465,0.0000169,0.0000136,-4.772113295,-4.866461092,-0.094347796
4851238,4851238,OC(=O)c1csc(n1)Cc1ccc(cc1)Cl,emolecules,Mol1964,81.3,32.5,104,102,-0.397940009,0.00000813,0.00000325,-5.089909454,-5.488116639,-0.398207185
50612278,50612278,CCOc1cc(ncn1)N(C)CC1CCN(C)CC1,emolecules,Mol1965,153,238,107,101,0.190331698,0.0000153,0.0000238,-4.815308569,-4.623423043,0.191885526
24010647,24010647,Fc1ccc(c(c1)C(=O)N1CCN(CC1)C(=O)C1CC1)F,emolecules,Mol1966,154,186,,,0.08278537,0.0000154,0.0000186,-4.812479279,-4.730487056,0.081992223
73050098,73050098,Cc1ccnc(n1)N1CCC(CC1)OCC1CCCC1,emolecules,Mol1967,1280,659,222,124,-0.288192771,0.000128,0.0000659,-3.89279003,-4.181114585,-0.288324555
300481375,300481375,Fc1cc(ccc1CNCc1ccccn1)Br,emolecules,Mol1968,19.1,228,131,93,1.079181246,0.00000191,0.0000228,-5.718966633,-4.642065153,1.07690148
53815325,53815325,CN(CCSc1ccc2nnnn2n1)Cc1ccccc1,emolecules,Mol1969,434,187,111,89,-0.36552273,0.0000434,0.0000187,-4.36251027,-4.728158393,-0.365648123
49951840,49951840,Cc1cccc(n1)NCCN1C(=O)CCC1=O,emolecules,Mol1970,339,226,115,101,-0.175874166,0.0000339,0.0000226,-4.469800302,-4.645891561,-0.176091259
49942182,49942182,Cc1ncsc1CNc1nnc(o1)-c1ccncc1,emolecules,Mol1971,94.9,356,99,105,0.574031268,0.00000949,0.0000356,-5.022733788,-4.448550002,0.574183786
36368096,36368096,C(Sc1ccc(nn1)-n1cccn1)c1csc(n1)-c1ccccc1,emolecules,Mol1972,268,145,70,78,-0.266802735,0.0000268,0.0000145,-4.571865206,-4.838631998,-0.266766792
49956558,49956558,CCS(=O)(=O)N(C)c1ccc(cc1)N(C)C,emolecules,Mol1973,457,265,117,97,-0.237321436,0.0000457,0.0000265,-4.3400838,-4.576754126,-0.236670326
38477365,38477365,Cc1ccc(c(n1)-n1cc(cn1)Cl)CN,emolecules,Mol1974,369,146,108,84,-0.402304814,0.0000369,0.0000146,-4.432973634,-4.835647144,-0.40267351
49346047,49346047,Cc1nccc(c1Cl)NC(=O)c1ccncc1Cl,emolecules,Mol1975,339,247,97,101,-0.137272472,0.0000339,0.0000247,-4.469800302,-4.607303047,-0.137502745
44051475,44051475,COC(=O)c1cccc2c1CCCN2C(=O)c1ccc(cc1F)F,emolecules,Mol1976,438,311,92,70,-0.149966742,0.0000438,0.0000311,-4.358525889,-4.507239611,-0.148713721
49972886,49972886,CCc1nc(cs1)CNc1ccc(nc1)C#N,emolecules,Mol1977,320,178,84,87,-0.254925208,0.000032,0.0000178,-4.494850022,-4.749579998,-0.254729976
49322427,49322427,O=C1Oc2cccnc2N1Cc1ccccn1,emolecules,Mol1978,88.1,219,109,100,0.396199347,0.00000881,0.0000219,-5.055024092,-4.659555885,0.395468206
131201,131201,Cc1cc(cc(n1)C1CCN(C1)C(=O)COc1ccccc1)Nc1ccc(cn1)F,emolecules,Mol1979,12.5,193,,,1.190331698,0.00000125,0.0000193,-5.903089987,-4.714442691,1.188647296
49010170,49010170,CC(C)CCCNC(=O)c1[nH]ncc1Br,emolecules,Mol1980,488,282,107,89,-0.237321436,0.0000488,0.0000282,-4.311580178,-4.549750892,-0.238170714
300417634,300417634,N#Cc1cccc(c1)CNCc1ccccn1,emolecules,Mol1982,438,242,124,101,-0.256490235,0.0000438,0.0000242,-4.358525889,-4.616184634,-0.257658745
171788455,171788455,CN([C@H]1CC2(CCN(CC2)C(=O)COc2ccc(cc2F)F)OC[C@]1(C)O)C(=O)C |r|,emolecules,Mol1983,18.6,279,95,102,1.173186268,0.00000186,0.0000279,-5.730487056,-4.554395797,1.176091259
177508549,177508549,Clc1cnn(c1)CCCNC(=O)CCc1cn[nH]c1,emolecules,Mol1984,12.9,234,92,98,1.257678575,0.00000129,0.0000234,-5.88941029,-4.630784143,1.258626147
232838302,232838302,CN(C)c1nc(cc(n1)C(C)(C)C)-c1c(nn(c1C)C)C,emolecules,Mol1985,448,277,91,76,-0.208309351,0.0000448,0.0000277,-4.348721986,-4.557520231,-0.208798245
232868057,232868057,CSc1ncccc1C(=O)Nc1ccc(cc1)-c1nnc([nH]1)C,emolecules,Mol1987,57.3,399,88,97,0.84260924,0.00000573,0.0000399,-5.241845378,-4.399027104,0.842818274
171813311,171813311,CCc1c([nH]c2ccc(cc12)C)C(=O)N1CC[C@@](O)(CC(C)C)[C@H](C1)Oc1ccc(cc1)F |r|,emolecules,Mol1988,43.1,179,26,44,0.618048097,0.00000431,0.0000179,-5.36552273,-4.747146969,0.618375761
177344381,177344381,COc1cccc(c1Cl)CN1C=NC2=C(COCC2)C1=O,emolecules,Mol1989,369,332,113,102,-0.045757491,0.0000369,0.0000332,-4.432973634,-4.478861916,-0.045888282
222761855,222761855,CN(Cc1cnc2ccccc2n1)S(=O)(=O)N1CCCC1,emolecules,Mol1990,360,253,97,93,-0.153662888,0.000036,0.0000253,-4.443697499,-4.596879479,-0.15318198
232863503,232863503,CCN1CCC(CCNc2ncc(c(n2)N(C)C)C)CC1,emolecules,Mol1992,21.1,243,96,89,1.06069784,0.00000211,0.0000243,-5.675717545,-4.614393726,1.061323818
177498530,177498530,CN(CCCC1CCCC1)C(=O)c1cc(nc(c1)C)C,emolecules,Mol1993,454,355,116,80,-0.106793247,0.0000454,0.0000355,-4.342944147,-4.449771647,-0.1068275
353778,353778,CC(=O)N1CCC2(CC1)Oc1cc(c(cc1C=C2)C)C,emolecules,Mol1994,528,305,109,84,-0.237321436,0.0000528,0.0000305,-4.277366077,-4.515700161,-0.238334083
50354657,50354657,CC1=NN(CCOc2cc(cc(c2)Br)F)C(=O)C=C1,emolecules,Mol1995,325,194,73,78,-0.22475374,0.0000325,0.0000194,-4.488116639,-4.71219827,-0.224081631
48745346,48745346,COCC(=O)Nc1cc(cn1C(C)(C)C)C#N,emolecules,Mol1996,228,294,102,105,0.11058971,0.0000228,0.0000294,-4.642065153,-4.53165267,0.110412483
46745630,46745630,Cn1nc(c2ccccc12)CNC(=O)C1CCC1,emolecules,Mol1997,405,268,110,97,-0.179142011,0.0000405,0.0000268,-4.392544977,-4.571865206,-0.179320229
49948650,49948650,CN(Cc1ccc(nc1)N)c1nc(cs1)C(F)(F)F,emolecules,Mol1999,372,223,98,89,-0.223298816,0.0000372,0.0000223,-4.42945706,-4.651695137,-0.222238077
48819726,48819726,CC(C)c1nnc(n1C)CNc1ncc(cn1)Br,emolecules,Mol2000,97.3,427,103,94,0.64246452,0.00000973,0.0000427,-5.01188716,-4.369572125,0.642315035
409118,409118,Cn1cc(cn1)CN1CCN2C(=Nc3ccccc3C2=O)CC1,emolecules,Mol2001,160,443,108,107,0.444044796,0.000016,0.0000443,-4.795880017,-4.353596274,0.442283744
365482,365482,CC(C)C(=O)NC[C@H]1CC[C@@H](CC1)c1nn(cc1-c1cc(no1)C)C |r|,emolecules,Mol2002,19.4,589,99,107,1.481442629,0.00000194,0.0000589,-5.71219827,-4.229884705,1.482313565
73044938,73044938,NC(=O)CN1CCC(CC1)COc1ccccc1C(F)(F)F,emolecules,Mol2003,408,214,111,92,-0.280668713,0.0000408,0.0000214,-4.389339837,-4.669586227,-0.28024639
73007305,73007305,Nc1nnc(n1C1CC1)SCCSC1CCCCC1,emolecules,Mol2004,155,590,97,105,0.580924976,0.0000155,0.000059,-4.809668302,-4.229147988,0.580520313
55628764,55628764,Cc1cccnc1CN1CCC(O)(CC1)c1ccccc1,emolecules,Mol2005,281,269,114,105,-0.018634491,0.0000281,0.0000269,-4.55129368,-4.57024772,-0.01895404
48753166,48753166,CCc1nccn1Cc1nc(nc(n1)N(C)C)N,emolecules,Mol2006,23.8,439,100,113,1.267171728,0.00000238,0.0000439,-5.623423043,-4.35753548,1.265887563
Z60745180,Z60745180,O=C(Nc1ccccn1)c1ccc2c(c1)C(=O)N(C1CCCCC1)C2=O,enamineHTS,Mol2007,30,11.8,14,43,-0.40560745,0.000003,0.00000118,-5.522878745,-5.928117993,-0.405239247
82702441,82702441,CC1(C)CC(CC(=O)NCCn2ccnn2)CC(C)(C)N1,emolecules,Mol2008,14.6,2.71,100,105,-0.730487056,0.00000146,0.000000271,-5.835647144,-6.567030709,-0.731383565
49946970,49946970,Cc1nc(n(n1)C)NCc1cn(nc1-c1cccs1)C,emolecules,Mol2009,34.3,435,99,104,1.103803721,0.00000343,0.0000435,-5.46470588,-4.361510743,1.103195137
171974149,171974149,CC(=O)NC[C@H]1C[C@]2(C)[C@@H](CCCC[C@]2(C)O)N1CC1(O)CCOCC1 |r|,emolecules,Mol2010,8.25,78,113,102,0.975891136,0.000000825,0.0000078,-6.083546051,-5.107905397,0.975640654
49045390,49045390,CCc1cc(on1)CNC(=O)NC1CCN(CC1)CC1CCCCC1,emolecules,Mol2011,10.3,273,102,105,1.424881637,0.00000103,0.0000273,-5.987162775,-4.563837353,1.423325422
50897886,50897886,Cc1c(ccc2[nH]c(cc12)C#N)CN1CCC(CC1)Nc1ncnc2sc(cc12)CC(F)(F)F,emolecules,Mol2012,20.6,107,40,48,0.71432976,0.00000206,0.0000107,-5.68613278,-4.970616222,0.715516557
303172217,303172217,CC1=C2N(C(=O)C(=C1)Nc1cc(ncn1)N)C1(CCCCC1)NC2=O,emolecules,Mol2013,15.8,403,88,99,1.40654018,0.00000158,0.0000403,-5.801342913,-4.394694954,1.406647959
50615726,50615726,Cc1ccnc(c1)-n1nccc1NC(=O)NC1(C)CCC1,emolecules,Mol2014,224,129,58,70,-0.237321436,0.0000224,0.0000129,-4.649751982,-4.88941029,-0.239658308
49056878,49056878,CCOC(=O)c1cccnc1SCc1cccnc1,emolecules,Mol2015,605,391,116,83,-0.189767482,0.0000605,0.0000391,-4.218244625,-4.407823243,-0.189578617
53752266,53752266,FC(F)(F)COc1cccc(c1)CN1N=Cc2ccccc2C1=O,emolecules,Mol2016,12,432,102,105,1.555094449,0.0000012,0.0000432,-5.920818754,-4.364516253,1.556302501
4899313,4899313,Clc1ccc(cc1)CN1C=Nc2c(oc3ccccc23)C1=O,emolecules,Mol2017,357,204,75,53,-0.241845378,0.0000357,0.0000204,-4.447331784,-4.690369833,-0.243038049
30063049,30063049,CC1Cc2cc(ccc2N1C(=O)C)S(=O)(=O)Nc1cccc(c1)-c1cnco1,emolecules,Mol2019,21.65,241.5,,,1.058236169,0.000002165,0.00002415,-5.664542099,-4.617082865,1.047459234
265767,265767,CC(C)c1noc(c1C(=O)N1CCOC(C1)c1cc(cc(n1)C)Nc1nnc(s1)C)C,emolecules,Mol2020,3.16,172,,,1.73479983,0.000000316,0.0000172,-6.500312917,-4.764471553,1.735841364
48755664,48755664,COc1ccc2nc(nc(c2c1)NCc1ncc(o1)C)C,emolecules,Mol2021,181,251,83,91,0.139879086,0.0000181,0.0000251,-4.742321425,-4.600326279,0.141995147
49934036,49934036,CC(C)c1cc(n[nH]1)N(C)Cc1nc(n[nH]1)C1CC1,emolecules,Mol2022,21.2,341,95,99,1.206825876,0.00000212,0.0000341,-5.673664139,-4.467245621,1.206418518
49300427,49300427,Cc1nsc(n1)NCc1cncs1,emolecules,Mol2023,353,241,113,103,-0.164943898,0.0000353,0.0000241,-4.452225295,-4.617982957,-0.165757663
31412719,31412719,CCCc1noc2nc(cc(c12)C(=O)O)-c1ccncc1,emolecules,Mol2024,8.5,7.15,95,106,-0.075204004,0.00000085,0.000000715,-6.070581074,-6.145693958,-0.075112884
323952813,323952813,CC(C)n1cnnc1-c1cccc(n1)N1Cc2ccc(cc2C1=O)Br,emolecules,Mol2025,60.3,157,,,0.414973348,0.00000603,0.0000157,-5.219682688,-4.804100348,0.41558234
49088739,49088739,CC(C)OCCS(=O)(=O)N1CCc2ccccc2CC1,emolecules,Mol2026,336,224,85,83,-0.176525771,0.0000336,0.0000224,-4.473660723,-4.649751982,-0.176091259
29626233,29626233,COC(=O)CCCNC(=O)CN1CCC(CC1)C(=O)c1ccc(cc1C)C,emolecules,Mol2027,109,358,89,93,0.517195898,0.0000109,0.0000358,-4.962573502,-4.446116973,0.516456529
50279769,50279769,COc1cc(c2c(c1)N=C(C)NC2=O)Br,emolecules,Mol2028,437,302,113,96,-0.160521953,0.0000437,0.0000302,-4.359518563,-4.519993057,-0.160474494
50335071,50335071,CSc1nnc(n1C1CCCC1)CCCNc1cc(ccn1)C,emolecules,Mol2029,21.6,393,102,100,1.260071388,0.00000216,0.0000393,-5.665546249,-4.40560745,1.259938799
49132706,49132706,CC(=O)N1CCN(Cc2nc(cc(n2)C(F)(F)F)O)C(C)(C)C1,emolecules,Mol2030,12.8,340,103,98,1.424881637,0.00000128,0.000034,-5.89279003,-4.468521083,1.424268947
181801,181801,CNCc1cc(nc(n1)C1CCCN1C(=O)COc1ccc(cc1)F)N(C)C,emolecules,Mol2031,3.51,164,94,100,1.669316881,0.000000351,0.0000164,-6.454692884,-4.785156152,1.669536732
271815,271815,CN1CCCC(C1)Cc1cncc(n1)-c1scnc1C,emolecules,Mol2032,201,195,,,-0.013228266,0.0000201,0.0000195,-4.696803943,-4.709965389,-0.013161446
232862626,232862626,CC(=O)NCCCC(=O)Nc1ccc(cc1)Oc1ccccc1Cl,emolecules,Mol2033,63.3,522,87,94,0.916453949,0.00000633,0.0000522,-5.19859629,-4.282329497,0.916266793
48759758,48759758,COC(C)(C)C(=O)Nc1ccnc(n1)C(C)(C)C,emolecules,Mol2034,449,269,122,98,-0.222573178,0.0000449,0.0000269,-4.347753659,-4.57024772,-0.222494061
177407455,177407455,CCCN(CCC1=CCCCC1)C(=O)c1cc(n[nH]1)C(F)F,emolecules,Mol2035,222,87.7,50,59,-0.403402904,0.0000222,0.00000877,-4.653647026,-5.057000407,-0.403353381
1269126,1269126,COc1cccc(c1)C(=O)Nc1nccs1,emolecules,Mol2036,154,86.4,44,67,-0.250263684,0.0000154,0.00000864,-4.812479279,-5.063486258,-0.251006978
316271501,316271501,CCC(CC)N1CC[C@H](O)[C@@](O)(COc2cc(ccc2Cl)C)C1 |r|,emolecules,Mol2037,306,362,104,93,0.071882007,0.0000306,0.0000362,-4.514278574,-4.441291429,0.072987144
44114971,44114971,CSc1ccc(c(c1)C(=O)NCCN1CCC(C)CC1)C,emolecules,Mol2038,335,282,172,90,-0.075204004,0.0000335,0.0000282,-4.474955193,-4.549750892,-0.074795699
177495339,177495339,Cc1cnn(c1)CCNC(=O)C1(CC1)Cn1cccn1,emolecules,Mol2039,68.2,417,98,101,0.78604121,0.00000682,0.0000417,-5.166215625,-4.379863945,0.78635168
44811774,44811774,C[C@@H]1CN(C[C@H]1C1=Nc2c(cnn2C2CCOCC2)C(=O)N1)Cc1ccccc1 |r|,emolecules,Mol2040,39.6,565,95,109,1.155336037,0.00000396,0.0000565,-5.402304814,-4.247951552,1.154353262
181837,181837,CNCc1cc(nc(n1)C1CCCN1C(=O)C1CCCC1)N(C)C,emolecules,Mol2041,3.68,168,106,105,1.658964843,0.000000368,0.0000168,-6.434152181,-4.774690718,1.659461463
181831,181831,CNCc1cc(nc(n1)C1CCCN1C(=O)c1ccccc1-c1ccccc1)N(C)C,emolecules,Mol2042,2.96,194,97,88,1.815577748,0.000000296,0.0000194,-6.528708289,-4.71219827,1.816510019
177472907,177472907,CCn1nccc1-c1cc(nc(n1)N1CCCC1)C,emolecules,Mol2043,333,214,77,79,-0.19314197,0.0000333,0.0000214,-4.477555766,-4.669586227,-0.19203046
36944794,36944794,C1COc2ccc(cc2OC1)CNc1ccccn1,emolecules,Mol2044,384,269,88,93,-0.154281982,0.0000384,0.0000269,-4.415668776,-4.57024772,-0.154578944
11312507,11312507,CCCN(CCc1cccs1)[C@H]1CCc2c(cccc2C1)O |r|,emolecules,Mol2045,109,55.8,36,62,-0.290730039,0.0000109,0.00000558,-4.962573502,-5.253365801,-0.290792299
73050302,73050302,C1CCN(C1)c1cc(ncn1)NCc1ccccc1N1CCOCC1,emolecules,Mol2046,153,321,81,84,0.320146286,0.0000153,0.0000321,-4.815308569,-4.493494968,0.321813602
49942184,49942184,C(Nc1nnc(o1)-c1ccncc1)c1cncs1,emolecules,Mol2047,105,199,90,96,0.278753601,0.0000105,0.0000199,-4.978810701,-4.701146924,0.277663777
82719667,82719667,CC1=CCN(CC1)C(=O)c1cc(nc2cc(cc(c12)C)C)C,emolecules,Mol2048,391,402,102,93,0.012837225,0.0000391,0.0000402,-4.407823243,-4.395773947,0.012049296
48826448,48826448,Cc1nc2n(c1CN1CCN(CC1)c1ncccn1)CCCC2,emolecules,Mol2049,50.4,376,102,103,0.872156273,0.00000504,0.0000376,-5.297569464,-4.424812155,0.872757308
49090047,49090047,FC(F)Cn1ccc(n1)NC(=O)NC1CCN(CC1)C1CCCC1,emolecules,Mol2050,4.03,140,101,102,1.540329475,0.000000403,0.000014,-6.394694954,-4.853871964,1.54082299
902055,902055,CCC[C@@H]1C[C@H](N(C)C1)C(=O)N[C@H]([C@@H](C)O)[C@H]1O[C@H](SC)[C@H](O)[C@@H](O)[C@@H]1O |r|,emolecules,Mol2051,1.96,4.92,96,99,0.399673721,0.000000196,0.000000492,-6.707743929,-6.308034897,0.399709031
50612204,50612204,CCc1nc(n[nH]1)CN1CCC(=O)Nc2cc(ccc21)F,emolecules,Mol2052,12.4,183,102,101,1.167317335,0.00000124,0.0000183,-5.906578315,-4.73754891,1.169029405
50613596,50613596,CCCNC(=O)C1(CCCCC1)NCc1csnn1,emolecules,Mol2053,138,396,110,100,0.457881897,0.0000138,0.0000396,-4.860120914,-4.402304814,0.4578161
LN01341916,LN01341916,NC[C@@](O)(c1ccc(cc1)Cl)c1ccc(cc1)-c1cn[nH]c1 |r|,labnetworkBB,Mol2057,128,206,99,95,0.206825876,0.0000128,0.0000206,-4.89279003,-4.68613278,0.206657251
222788220,222788220,COCCc1n[nH]c(n1)-c1ccc(cc1)N1CCN(C)CC1,emolecules,Mol2058,42,317,95,103,0.876794976,0.0000042,0.0000317,-5.37675071,-4.498940738,0.877809972
49078022,49078022,CCCn1cc(cn1)NC(=O)Nc1ccc(cc1)N1CCSCC1,emolecules,Mol2059,58.7,422,80,90,0.856124444,0.00000587,0.0000422,-5.231361899,-4.374687549,0.85667435
53784330,53784330,COc1cccc(c1NC(=O)N1CCC(CC1)N1CC=CC1)F,emolecules,Mol2061,32.1,264,97,103,0.915927212,0.00000321,0.0000264,-5.493494968,-4.578396073,0.915098894
53789119,53789119,O=C(NCCN1CCc2ccccc2C1=O)c1ccon1,emolecules,Mol2062,302,357,112,106,0.071882007,0.0000302,0.0000357,-4.519993057,-4.447331784,0.072661273
177383138,177383138,Cc1nnc2ncc(cn12)-c1cccc(c1)-c1ccnn1C,emolecules,Mol2063,301,279,92,99,-0.031984286,0.0000301,0.0000279,-4.521433504,-4.554395797,-0.032962292
49130614,49130614,Clc1cccc(c1)CNc1cnn(c1)CC(=O)N1CCOCC1,emolecules,Mol2064,107,453,101,107,0.627365857,0.0000107,0.0000453,-4.970616222,-4.343901798,0.626714424
49934116,49934116,CCc1nc(c2ccsc2n1)N1CC(CO)C1,emolecules,Mol2066,282,375,107,102,0.123851641,0.0000282,0.0000375,-4.549750892,-4.425968732,0.123782159
LN01343314,LN01343314,CCc1c([nH]c2ccc(cc12)Cl)C(=O)NCCc1ccc(cc1)N1CCCCC1,labnetworkBB,Mol2067,30.1,17.4,79,72,-0.238824187,0.00000301,0.00000174,-5.521433504,-5.759450752,-0.238017247
LN01305527,LN01305527,Brc1ccc(cc1)Cn1cncc1Cn1cc(c(c1)-c1cccc2ccccc12)C(=O)N1CCOCC1,labnetworkBB,Mol2069,17.4,395,93,72,1.357934847,0.00000174,0.0000395,-5.759450752,-4.403402904,1.356047847
13534588,13534588,Clc1ccc2c(ncnc2c1)NCCN1CCOCC1,emolecules,Mol2070,230,314,118,97,0.136720567,0.000023,0.0000314,-4.638272164,-4.503070352,0.135201812
2199776,2199776,O=C(NCc1cccs1)c1cccnc1,emolecules,Mol2071,421,261,121,101,-0.207608311,0.0000421,0.0000261,-4.375717904,-4.583359493,-0.207641588
177391578,177391578,COc1cc(cc(c1)-c1c(ncnc1OC)C)OC,emolecules,Mol2072,544,408,114,81,-0.125518182,0.0000544,0.0000408,-4.2644011,-4.389339837,-0.124938737
49301499,49301499,Clc1cccnc1NC(=O)Cc1cccnc1,emolecules,Mol2073,349,246,117,100,-0.152427341,0.0000349,0.0000246,-4.457174573,-4.609064893,-0.15189032
171789858,171789858,CC(=O)N1CCN(CC1)[C@H]1CCN(CC[C@@H]1O)C(=O)c1cc2cc(ccc2o1)C |r|,emolecules,Mol2074,15.8,612,98,112,1.588831726,0.00000158,0.0000612,-5.801342913,-4.213248578,1.588094335
82721257,82721257,O=C(NCc1nc(n[nH]1)-c1cnccn1)C1Cc2ccccc2C1,emolecules,Mol2075,40.4,353,95,103,0.942008053,0.00000404,0.0000353,-5.393618635,-4.452225295,0.94139334
324135709,324135709,COc1cc2nn(cc2cc1NC(=O)c1ccn(n1)C(F)F)CCC(C)(C)O,emolecules,Mol2076,28,285,92,92,1.008600172,0.0000028,0.0000285,-5.552841969,-4.54515514,1.007686829
324135965,324135965,CC(C)(O)CCn1cc2cc(c(cc2n1)OCC1COC1)NC(=O)c1cccc(n1)C(F)F,emolecules,Mol2077,18.3,214,76,70,1.068185862,0.00000183,0.0000214,-5.73754891,-4.669586227,1.067962684
324134429,324134429,CC(C)(O)CCn1cc2cc(c(cc2n1)OCC1COC1)NC(=O)c1ccn(n1)C(F)F,emolecules,Mol2078,26.2,309,92,96,1.071882007,0.00000262,0.0000309,-5.581698709,-4.510041521,1.071657188
49080339,49080339,CNC(=O)c1ccc(nn1)N1CCCc2cc(ccc2C1)OC,emolecules,Mol2079,353,313,105,89,-0.052566278,0.0000353,0.0000313,-4.452225295,-4.504455662,-0.052230368
313520210,313520210,C[C@@H](N1CC(C1)Oc1ccccc1)C1=NC(=O)c2cnn(c2N1)C1CCOCC1 |r|,emolecules,Mol2080,39.1,374,94,97,0.981365509,0.00000391,0.0000374,-5.407823243,-4.427128398,0.980694845
73053174,73053174,CCN1CCN(CC1)C(=O)CNc1ncnc2onc(c12)C,emolecules,Mol2081,97.7,359,103,103,0.565847819,0.00000977,0.0000359,-5.010105436,-4.444905551,0.565199885
3140960,3140960,Clc1ccc(cc1Cl)C(=O)NN1CCOCC1,emolecules,Mol2082,421,291,114,101,-0.160521953,0.0000421,0.0000291,-4.375717904,-4.536107011,-0.160389107
30506974,30506974,O=C(CCCC(=O)N1CCN(CC1)c1nsc2ccccc12)Nc1nccs1,emolecules,Mol2083,23.6,265,57,76,1.049218023,0.00000236,0.0000265,-5.627087997,-4.576754126,1.050333871
25664405,25664405,Fc1ccc(cc1)-c1cnc([nH]1)SCCN1C(=O)CCC1=O,emolecules,Mol2084,167,401,94,97,0.378397901,0.0000167,0.0000401,-4.777283529,-4.396855627,0.380427901
300635762,300635762,COc1ccc(cc1)CC1CN2CCN(CC2CO1)C(=O)OCc1ccccc1,emolecules,Mol2086,191,152,,,-0.098541679,0.0000191,0.0000152,-4.718966633,-4.818156412,-0.099189779
232859591,232859591,Cc1ccc(cc1S(=O)(=O)NCc1cnn(c1C)C)-c1cnc(o1)C,emolecules,Mol2087,16.9,615,95,106,1.562292864,0.00000169,0.0000615,-5.772113295,-4.211124884,1.560988411
222774912,222774912,Cc1noc(c1-c1cc(nc(n1)C1CC1)-c1ccccc1Cl)C,emolecules,Mol2088,198,102,49,78,-0.287350298,0.0000198,0.0000102,-4.70333481,-4.991399828,-0.288065018
181787,181787,CNCc1cc(nc(n1)C1CCCN1C(=O)COC)N(C)C,emolecules,Mol2089,2.12,10.7,94,95,0.703291378,0.000000212,0.00000107,-6.673664139,-5.970616222,0.703047917
177363859,177363859,CCCc1ccc(cc1)-c1cccc(c1)C(=O)N1CCN(CC1)CC(=O)N,emolecules,Mol2090,38.6,319,56,80,0.91750551,0.00000386,0.0000319,-5.413412695,-4.496209317,0.917203378
49946792,49946792,Cc1nc(c(s1)CNc1ncnn1C)C,emolecules,Mol2092,64,256,99,99,0.602059991,0.0000064,0.0000256,-5.193820026,-4.591760035,0.602059991
82736647,82736647,CC(=O)c1ccccc1-c1cccc(c1)C(=O)NCCCN1CCCC1,emolecules,Mol2093,3.07,410,88,99,2.123851641,0.000000307,0.000041,-6.512861625,-4.387216143,2.125645481
226819,226819,CN1CCC(C1)Cc1cccc(n1)-c1nccs1,emolecules,Mol2094,155,180,,,0.064457989,0.0000155,0.000018,-4.809668302,-4.744727495,0.064940807
331526,331526,COCCCNc1nnc(s1)-c1ccncc1,emolecules,Mol2095,296,194,88,94,-0.184422252,0.0000296,0.0000194,-4.528708289,-4.71219827,-0.183489981
309652,309652,O=C1NN=C2C(=C1)CCc1nc(ncc12)N1CCCCC1,emolecules,Mol2096,289,163,73,60,-0.247951552,0.0000289,0.0000163,-4.539102157,-4.787812396,-0.248710238
290047753,290047753,CC(C)N(C)S(=O)(=O)N1CCC(CC1)CNC(=O)CCCn1cccn1,emolecules,Mol2097,7.6,440,92,107,1.762678564,0.00000076,0.000044,-6.119186408,-4.356547324,1.762639084
301143195,301143195,Oc1ccc2nc(ccc2c1Cl)/C=C/c1csnn1,emolecules,Mol2098,198,13.6,46,52,-1.162411562,0.0000198,0.00000136,-4.70333481,-5.866461092,-1.163126282
31206173,31206173,CC1=C(C(CC(=O)N1)c1ccc(cc1)C(F)(F)F)C(=O)Nc1cc2cn[nH]c2cc1F,emolecules,Mol2099,6.82,384,93,99,1.750508395,0.000000682,0.0000384,-6.166215625,-4.415668776,1.75054685
313517655,313517655,CC(C)CC1=NN(C)C(=O)c2c(n(cc21)Cc1cccc2ccccc12)SCCCO,emolecules,Mol2100,151,276,48,47,0.260071388,0.0000151,0.0000276,-4.821023053,-4.559090918,0.261932135
49829625,49829625,Cc1cc(ccc1Nc1nc(c2nc[nH]c2n1)NC1CCCCC1)N1CCOCC1,emolecules,Mol2101,10.3,349,57,70,1.5289167,0.00000103,0.0000349,-5.987162775,-4.457174573,1.529988202
82741579,82741579,O=C(NCCc1cnn[nH]1)C1Cc2ccccc2C1,emolecules,Mol2102,112,276,95,96,0.392696953,0.0000112,0.0000276,-4.950781977,-4.559090918,0.391691059
49064492,49064492,CC1CCC(O)(CC1)CSc1nncn1C(C)C,emolecules,Mol2103,371,315,118,89,-0.070581074,0.0000371,0.0000315,-4.43062609,-4.501689446,-0.071063356
171813474,171813474,C[C@]1(O)CN(CC[C@@H]1Oc1ccccc1)C(=O)Cn1cnc2ccccc12 |r|,emolecules,Mol2104,11.3,533,88,106,1.673941999,0.00000113,0.0000533,-5.946921557,-4.273272791,1.673648766
49938986,49938986,CN(C)c1ccncc1CN1CCN(CC1)c1ccc(cc1)C(=O)N,emolecules,Mol2105,13.7,258,111,105,1.274157849,0.00000137,0.0000258,-5.863279433,-4.588380294,1.274899139
53839506,53839506,CSC1(CCOCC1)CNC(=O)N1CCC=C(C1)c1ccccc1,emolecules,Mol2107,227,365,81,84,0.206825876,0.0000227,0.0000365,-4.643974143,-4.437707136,0.206267007
177485348,177485348,OCC1(CCCC1)CNC(=O)CN1CCCC1=O,emolecules,Mol2108,90,203,119,104,0.354108439,0.000009,0.0000203,-5.045757491,-4.692503962,0.353253528
48745068,48745068,CN(CCc1ccncc1)c1ncccc1C#N,emolecules,Mol2109,367,273,94,96,-0.129011186,0.0000367,0.0000273,-4.435333936,-4.563837353,-0.128503417
20436461,20436461,CCCc1noc(n1)CN1CCN(CC1)c1ccccc1OC,emolecules,Mol2110,336,250,99,92,-0.129011186,0.0000336,0.000025,-4.473660723,-4.602059991,-0.128399269
68918136,68918136,CCOCCNC(=O)c1cccc(c1)-c1cc(ccc1OC)F,emolecules,Mol2111,193,101,46,66,-0.279840697,0.0000193,0.0000101,-4.714442691,-4.995678626,-0.281235935
222778100,222778100,CCN(Cc1cnn(c1)C(C)C)C(=O)NCCC(C)(C)OC,emolecules,Mol2112,24.2,417,99,103,1.235528447,0.00000242,0.0000417,-5.616184634,-4.379863945,1.236320689
48281908,48281908,Cc1oc2ncnc(c2c1C)NCc1cc(cc2c1OCOC2)F,emolecules,Mol2113,182,101,44,52,-0.257274869,0.0000182,0.0000101,-4.739928612,-4.995678626,-0.255750014
222761300,222761300,CN(Cc1cnc2ccccc2n1)S(=O)(=O)N1CCCCCC1,emolecules,Mol2114,302,187,66,73,-0.207608311,0.0000302,0.0000187,-4.519993057,-4.728158393,-0.208165336
82741701,82741701,CCc1c(nn(c1C)CCNC(=O)CCc1cnccn1)C,emolecules,Mol2115,20.5,479,96,104,1.369215857,0.00000205,0.0000479,-5.688246139,-4.319664487,1.368581652
49383509,49383509,CCC(=O)Nc1cccc(c1)Oc1nc(ncc1Cl)Nc1ccc(cc1OC)N1CCN(C)CC1,emolecules,Mol2116,9.2,130,,,1.146128036,0.00000092,0.000013,-6.036212173,-4.886056648,1.150155525
73048893,73048893,CC1=C(Br)CN(CC1)CCC1=Nc2ccccc2C(=O)N1,emolecules,Mol2117,249,213,70,83,-0.067526235,0.0000249,0.0000213,-4.603800653,-4.671620397,-0.067819744
104336618,104336618,CN1CCCN2C(=O)N=C(OCc3cc(c(c(c3)F)Oc3ccc(nc3)C(F)(F)F)F)C=C12,emolecules,Mol2118,33.7,405,70,75,1.079181246,0.00000337,0.0000405,-5.472370099,-4.392544977,1.079825122
414840,414840,Cc1cc(sc1C)C(=O)N1CCC(CC1)C(=O)c1ccnn1C,emolecules,Mol2119,378,273,102,87,-0.140861703,0.0000378,0.0000273,-4.4225082,-4.563837353,-0.141329153
50427820,50427820,CCCOc1ccn2c(cc(c2c1)-c1ccccc1S(=O)(=O)C)C(=O)C,emolecules,Mol2120,135,179,51,59,0.123851641,0.0000135,0.0000179,-4.869666232,-4.747146969,0.122519262
82703737,82703737,CCN(CCOC)C(=O)Nc1ccc2c(c1)C(=O)C=CO2,emolecules,Mol2121,167,220,76,94,0.120573931,0.0000167,0.000022,-4.777283529,-4.657577319,0.11970621
48671463,48671463,COc1ccc(c(c1)OCc1ccccc1)N,emolecules,Mol2122,209,147,52,76,-0.151810883,0.0000209,0.0000147,-4.679853714,-4.832682665,-0.152828951
404346,404346,COc1ccc2nc3c(cc2c1)CNCCO3,emolecules,Mol2123,344,173,109,97,-0.297569464,0.0000344,0.0000173,-4.463441557,-4.761953897,-0.298512339
49997748,49997748,Cc1ccc(cc1)-n1nc(cc1C)NCc1cnn(c1)C,emolecules,Mol2124,369,269,105,97,-0.138465589,0.0000369,0.0000269,-4.432973634,-4.57024772,-0.137274086
36335290,36335290,NC(=O)NC(=O)CCN(Cc1cccs1)c1cccc(c1)C#C,emolecules,Mol2125,140,262,63,57,0.274157849,0.000014,0.0000262,-4.853871964,-4.581698709,0.272173256
43725006,43725006,CCCNC(=O)CSc1nc2cc(ccc2[nH]1)C,emolecules,Mol2126,178,373,87,94,0.322219295,0.0000178,0.0000373,-4.749579998,-4.428291168,0.321288829
222754562,222754562,CCCn1cnnc1CN(C)Cc1ccc(nc1)C(F)(F)F,emolecules,Mol2127,19.2,452,105,103,1.372912003,0.00000192,0.0000452,-5.716698771,-4.344861565,1.371837206
49929056,49929056,CC(C)CCn1ccc(n1)NC1CCN(CC1)C(C)C,emolecules,Mol2128,102,363,112,116,0.553883027,0.0000102,0.0000363,-4.991399828,-4.440093375,0.551306453
171788496,171788496,CN([C@H]1CC2(CCN(CC2)C(=O)COc2cc(c(c(c2)C)Cl)C)OC[C@]1(C)O)C(=O)C |r|,emolecules,Mol2129,40.5,348,106,99,0.933993164,0.00000405,0.0000348,-5.392544977,-4.458420756,0.934124221
82700885,82700885,Cc1cc(c2ccc(cc2n1)C(=O)N1CCN(CC1)c1nc[nH]n1)C,emolecules,Mol2130,4.42,313,95,101,1.850033258,0.000000442,0.0000313,-6.354577731,-4.504455662,1.850122068
49973650,49973650,CCCC1=NN(CCCN2CCCCC2)C(=O)O1,emolecules,Mol2131,360,195,118,98,-0.266000713,0.000036,0.0000195,-4.443697499,-4.709965389,-0.266267889
49961090,49961090,COCC1=NN(CCCN2CCCCC2)C(=O)O1,emolecules,Mol2132,279,185,107,104,-0.179142011,0.0000279,0.0000185,-4.554395797,-4.732828272,-0.178432475
31991615,31991615,Cc1noc(c1CS(=O)(=O)C1CCCc2ccccc21)C,emolecules,Mol2133,184,176,,,-0.020907099,0.0000184,0.0000176,-4.735182177,-4.754487332,-0.019305155
49028063,49028063,Cc1nnc2ccc(nn12)NCCOC1CCCCCC1,emolecules,Mol2134,288,445,105,99,0.190331698,0.0000288,0.0000445,-4.540607512,-4.351639989,0.188967523
82717689,82717689,NCCOc1cccc(c1)CC(=O)N1CCCN(CC1)C(=O)C1CCC1,emolecules,Mol2135,2,11,101,95,0.741151599,0.0000002,0.0000011,-6.698970004,-5.958607315,0.740362689
177482615,177482615,CN1C=CC=C(C(=O)NCc2nc(no2)C(C)(C)C)C1=O,emolecules,Mol2137,220,316,94,95,0.158362492,0.000022,0.0000316,-4.657577319,-4.500312917,0.157264402
49055842,49055842,Cc1nnc2ccc(nn12)N1CCC2(CCCCC2)C1,emolecules,Mol2138,688,488,136,89,-0.149353765,0.0000688,0.0000488,-4.162411562,-4.311580178,-0.149168616
49907010,49907010,Fc1cccc(c1C#N)Oc1cccnc1,emolecules,Mol2140,442,280,106,94,-0.197910742,0.0000442,0.000028,-4.354577731,-4.552841969,-0.198264238
222773330,222773330,CCn1cnnc1CN(C)C1CCN(CC1)c1ccccc1F,emolecules,Mol2141,156,417,103,100,0.428134794,0.0000156,0.0000417,-4.806875402,-4.379863945,0.427011457
232870003,232870003,CSc1ccc(cc1)C(=O)Nc1cccc(c1)C(=O)NCC(C)C,emolecules,Mol2142,96,153,44,57,0.204119983,0.0000096,0.0000153,-5.017728767,-4.815308569,0.202420198
531049,531049,COc1cc(cc(c1OC)OC)[C@H]1[C@H]2[C@H](COC2=O)[C@@H](O)c2cc3c(cc21)OCO3 |r|,emolecules,Mol2143,373,166,135,93,-0.35261703,0.0000373,0.0000166,-4.428291168,-4.779891912,-0.351600744
317654466,317654466,Nc1ncnc2ccc(nc12)-c1ccnc(c1)F,emolecules,Mol2144,243,177,,,-0.139063379,0.0000243,0.0000177,-4.614393726,-4.752026734,-0.137633007
11886855,11886855,Cc1ccc(o1)C(=O)NCCc1ccc(cc1)F,emolecules,Mol2145,253,129,74,56,-0.2915791,0.0000253,0.0000129,-4.596879479,-4.88941029,-0.292530811
36905836,36905836,CCCc1ccc(cc1)C(=O)CSc1nncs1,emolecules,Mol2146,77.8,36.7,18,45,-0.326979093,0.00000778,0.00000367,-5.109020403,-5.435333936,-0.326313533
53744945,53744945,OC(=O)c1cnn(c1)-c1nc2cc(c(cc2[nH]1)OC(F)(F)F)Cl,emolecules,Mol2147,150,158,,,0.021189299,0.000015,0.0000158,-4.823908741,-4.801342913,0.022565828
53744804,53744804,Cc1cnc(c2nc(nn12)[C@@H]1C[C@H]1c1nc2c3cccnc3ccn2c1C)C |r|,emolecules,Mol2148,267,374,98,90,0.146128036,0.0000267,0.0000374,-4.573488739,-4.427128398,0.146360341
280546,280546,O=C(N1CCOCC(C1)Cc1cccc2ccncc12)c1cccc(c1)Nc1ncccn1,emolecules,Mol2149,11,310,,,1.447158031,0.0000011,0.000031,-5.958607315,-4.508638306,1.449969009
49968826,49968826,Cc1cccc(c1Cl)NC(=O)N1CCC(CC1)N1CC=CC1,emolecules,Mol2150,430,222,124,103,-0.286509457,0.000043,0.0000222,-4.366531544,-4.653647026,-0.287115481
25855068,25855068,CC(C)(C(=O)c1ccccc1)/[N+](=C/c1ccc(cc1)F)[O-],emolecules,Mol2151,342,232,93,89,-0.167491087,0.0000342,0.0000232,-4.465973894,-4.634512015,-0.168538121
177507264,177507264,COCC1(CCC1)C(=O)N(C)Cc1ccc2ccccc2n1,emolecules,Mol2152,312,355,108,101,0.056904851,0.0000312,0.0000355,-4.505845406,-4.449771647,0.056073759
20536111,20536111,O=C(CC1c2ccccc2CCc2ccccc21)NCCN1CCOCC1,emolecules,Mol2153,52.2,554,103,106,1.025305865,0.00000522,0.0000554,-5.282329497,-4.256490235,1.025839262
177401551,177401551,COc1ccccc1-n1cc(cn1)CNC(=O)N(C)Cc1c(nn(c1C)C)C,emolecules,Mol2154,9.18,502,99,108,1.737987326,0.000000918,0.0000502,-6.037157319,-4.299296283,1.737861036
68874464,68874464,CN(C1CCSCC1)C(=O)C1=CC(=C(C)N(C)C1=O)C,emolecules,Mol2155,10.1,395,98,99,1.591064607,0.00000101,0.0000395,-5.995678626,-4.403402904,1.592275722
49925834,49925834,CC(C)c1nccn1Cc1nc2ccccc2[nH]1,emolecules,Mol2156,13.4,326,99,99,1.387389826,0.00000134,0.0000326,-5.872895202,-4.4867824,1.386112802
49089949,49089949,Clc1ccc(cn1)NC(=O)NC1CCN(CC1)C1CCCC1,emolecules,Mol2157,12.1,254,104,114,1.320146286,0.00000121,0.0000254,-5.91721463,-4.595166283,1.322048346
3660163,3660163,Cc1cc2nc(c3ccccc3n2n1)Sc1nnc(n1C)C,emolecules,Mol2158,49.8,562,102,109,1.053078443,0.00000498,0.0000562,-5.302770657,-4.250263684,1.052506973
53808517,53808517,CCCS(=O)(=O)NC1CCN(CC1)Cc1ccc(c(c1)OC)C,emolecules,Mol2159,223,320,115,95,0.155336037,0.0000223,0.000032,-4.651695137,-4.494850022,0.156845115
320312,320312,CCc1cc(nc(n1)C1CCN(CC1)C(=O)C1CC1)N1CCOCC1,emolecules,Mol2162,110,525,110,103,0.677606953,0.000011,0.0000525,-4.958607315,-4.279840697,0.678766618
177307791,177307791,CC(C)Nc1ccc(cn1)-c1cc2c(cc1CO)OCCO2,emolecules,Mol2163,252,195,77,76,-0.110698297,0.0000252,0.0000195,-4.598599459,-4.709965389,-0.111365929
49426796,49426796,Cc1ccc(cn1)NC(=O)OCC(F)(F)F,emolecules,Mol2165,400,234,104,85,-0.233587153,0.00004,0.0000234,-4.397940009,-4.630784143,-0.232844134
49934844,49934844,COc1ncccc1C(=O)Nc1nc(nn1C)C,emolecules,Mol2166,326,191,111,74,-0.232844134,0.0000326,0.0000191,-4.4867824,-4.718966633,-0.232184233
49951308,49951308,O=C(Cc1n[nH]c2ccccc12)N1CCCO1,emolecules,Mol2167,265,254,109,87,-0.018634491,0.0000265,0.0000254,-4.576754126,-4.595166283,-0.018412157
289474,289474,Cc1ccc(c2nc3c(cc12)CNCCO3)C,emolecules,Mol2168,408,214,109,97,-0.279840697,0.0000408,0.0000214,-4.389339837,-4.669586227,-0.28024639
53815321,53815321,CN(CCSc1ccc2nnc(n2n1)C(F)F)Cc1ccccc1,emolecules,Mol2169,367,239,94,94,-0.185086819,0.0000367,0.0000239,-4.435333936,-4.621602099,-0.186268163
36640884,36640884,CCOC(=O)c1ccc(nc1)N1CCSCC1,emolecules,Mol2170,238,73.6,52,72,-0.510041521,0.0000238,0.00000736,-4.623423043,-5.133122186,-0.509699143
1308759,1308759,O=C(CCc1ccccc1)Nc1ccccc1C#N,emolecules,Mol2171,338,187,85,79,-0.258060922,0.0000338,0.0000187,-4.4710833,-4.728158393,-0.257075094
36516873,36516873,COc1cccc(c1)Nc1c(cnc2c(cc(cc12)S(=O)(=O)c1cccc(c1)C(=O)N(C)C)C)C(=O)N,emolecules,Mol2172,3.91,301,86,79,1.886490725,0.000000391,0.0000301,-6.407823243,-4.521433504,1.886389738
49953992,49953992,CN1CCc2ccc(cc21)C(=O)NCCC(=O)Nc1cccnc1,emolecules,Mol2173,10.5,454,107,117,1.63748973,0.00000105,0.0000454,-5.978810701,-4.342944147,1.635866554
232847546,232847546,CCCc1cc(no1)C(=O)Nc1ccc(cc1)-c1nnc([nH]1)C,emolecules,Mol2174,177,153,57,72,-0.062983893,0.0000177,0.0000153,-4.752026734,-4.815308569,-0.063281836
50615550,50615550,CC(C)N1CCN(CCCSc2ccccn2)CC1,emolecules,Mol2175,310,230,105,118,-0.13076828,0.000031,0.000023,-4.508638306,-4.638272164,-0.129633858
48745204,48745204,CS(=O)(=O)NC1CCCN(C1)c1nc2ccccc2o1,emolecules,Mol2176,60.5,255,,,0.624282096,0.00000605,0.0000255,-5.218244625,-4.59345982,0.624784806
49911406,49911406,CN(CC(=O)Nc1c(cc(cc1C)C)C)c1ccc(nc1)C#N,emolecules,Mol2177,51.8,347,81,92,0.825426118,0.00000518,0.0000347,-5.28567024,-4.459670525,0.825999715
32042022,32042022,Cc1nc(nc(c1C)O)-c1ccccc1,emolecules,Mol2178,360,228,105,97,-0.197910742,0.000036,0.0000228,-4.443697499,-4.642065153,-0.198367654
53829712,53829712,O=C(CSCCc1ccccn1)Nc1ccccc1,emolecules,Mol2179,273,141,68,79,-0.28567024,0.0000273,0.0000141,-4.563837353,-4.850780887,-0.286943534
49084025,49084025,O=C(NCC1CCC2(CC1)OCCO2)c1[nH]nc2c1CCCC2,emolecules,Mol2180,78,462,93,102,0.772321707,0.0000078,0.0000462,-5.107905397,-4.335358024,0.772547373
EN300-53017,,C[C@@]12C=CC(=O)C=C2CC[C@H]2[C@@H]3CC[C@](O)(C(=O)CO)[C@@]3(C)C[C@H](O)[C@@H]21 |r|,enamineBB_pmc,Mol2181,41,223,93,88,0.7355989,0.0000041,0.0000223,-5.387216143,-4.651695137,0.735521006
32674428,32674428,COc1cc(cc(c1)C(=O)NCc1noc(n1)-c1ccccc1)OC,emolecules,Mol2182,80.9,27.1,29,46,-0.474955193,0.00000809,0.00000271,-5.092051478,-5.567030709,-0.474979231
222763049,222763049,CC(C)N(C)S(=O)(=O)NCCCc1nc2cc(ccc2[nH]1)Cl,emolecules,Mol2183,27.3,455,75,84,1.222716471,0.00000273,0.0000455,-5.563837353,-4.341988603,1.22184875
177258756,177258756,CN(Cc1ccc(cc1)OC(F)(F)F)Cc1cn(nn1)C,emolecules,Mol2184,400,267,109,92,-0.176525771,0.00004,0.0000267,-4.397940009,-4.573488739,-0.17554873
49300421,49300421,Cc1noc(n1)NCc1ccc(cc1C)F,emolecules,Mol2185,360,212,100,87,-0.229884705,0.000036,0.0000212,-4.443697499,-4.673664139,-0.22996664
48269211,48269211,COc1ccc(cc1)CC(=O)Nc1ccc(nc1)F,emolecules,Mol2186,328,205,95,77,-0.20481541,0.0000328,0.0000205,-4.484126156,-4.688246139,-0.204119983
49963610,49963610,CC(=O)NC1CCC(CC1)NCCSc1ccc(cc1)C,emolecules,Mol2187,36.1,391,102,106,1.033423755,0.00000361,0.0000391,-5.442492798,-4.407823243,1.034669555
49948742,49948742,CCOc1cc(ncn1)N1CCOC2(CCCC2)C1,emolecules,Mol2188,432,250,109,95,-0.237321436,0.0000432,0.000025,-4.364516253,-4.602059991,-0.237543738
49924914,49924914,CN(CCn1cnc(c1C#N)C#N)c1ccccc1,emolecules,Mol2189,307,195,87,86,-0.197910742,0.0000307,0.0000195,-4.512861625,-4.709965389,-0.197103764
232880886,232880886,O=C(N(Cc1ccccn1)C1CCCCC1)c1ccccc1N1CCOCC1,emolecules,Mol2190,141,447,92,94,0.499687083,0.0000141,0.0000447,-4.850780887,-4.349692477,0.50108841
2873332,2873332,COc1cccc(c1)Cc1cnc(s1)N,emolecules,Mol2191,423,284,102,89,-0.17327748,0.0000423,0.0000284,-4.373659633,-4.54668166,-0.173022027
177425249,177425249,Clc1cnc(nc1)NCC1(CC1)CN1CCCC1,emolecules,Mol2192,319,234,106,99,-0.13430394,0.0000319,0.0000234,-4.496209317,-4.630784143,-0.134574826
31407175,31407175,COc1cc(c(cc1CNC(C)(C)C)OC)OC,emolecules,Mol2193,48.3,231,106,101,0.679427897,0.00000483,0.0000231,-5.316052869,-4.63638802,0.679664849
43798139,43798139,CC(=O)Nc1ccccc1OCCOc1ccc(cc1)Cl,emolecules,Mol2194,178,66.4,38,54,-0.428291168,0.0000178,0.00000664,-4.749579998,-5.177831921,-0.428251923
49951580,49951580,CN(C)CC(=O)Nc1nc(ns1)-c1sccc1C,emolecules,Mol2195,403,352,120,96,-0.058488567,0.0000403,0.0000352,-4.394694954,-4.453457337,-0.058762383
177303970,177303970,Fc1c(cccc1OC1CC1)CN1CCC(CC1)c1nnc2ccccn12,emolecules,Mol2196,99.7,428,102,99,0.632457292,0.00000997,0.0000428,-5.001304842,-4.368556231,0.632748611
353922,353922,CC1CCN(CC1)C(=O)CCn1ccc2ccncc12,emolecules,Mol2197,218,430,114,105,0.29666519,0.0000218,0.000043,-4.661543506,-4.366531544,0.295011962
30196760,30196760,CN(CCOc1ccccc1)CC(=O)Nc1cc(no1)C,emolecules,Mol2198,267,138,71,83,-0.287350298,0.0000267,0.0000138,-4.573488739,-4.860120914,-0.286632175
49953010,49953010,Cc1nc(c2c(csc2n1)C)NCCN1C(=O)CCC1=O,emolecules,Mol2199,82.9,501,102,107,0.781036939,0.00000829,0.0000501,-5.081445469,-4.300162274,0.781283195
43283831,43283831,O[C@@H]1CN(CC[C@@]1(O)CNC(=O)c1c[nH]cn1)Cc1ccsc1 |r|,emolecules,Mol2200,156,57.2,119,103,-0.436518915,0.0000156,0.00000572,-4.806875402,-5.242603971,-0.43572857
53766760,53766760,CC1=CC(=CN(Cc2ccc(cc2F)C#N)C1=O)Br,emolecules,Mol2202,370,238,87,82,-0.191114133,0.000037,0.0000238,-4.431798276,-4.623423043,-0.191624767
49125034,49125034,CC1CCC(CC1)CNC1(CCO)CCOCC1,emolecules,Mol2203,200,257,107,98,0.11058971,0.00002,0.0000257,-4.698970004,-4.590066877,0.108903128
177394353,177394353,COCCN(C)C(=O)c1ccc(cc1)-c1cccc(c1)-c1noc(n1)C,emolecules,Mol2204,296,260,85,78,-0.056505484,0.0000296,0.000026,-4.528708289,-4.585026652,-0.056318363
177506724,177506724,Cc1[nH]nc(c1C)CCC(=O)NCCCOC1CCCCC1,emolecules,Mol2205,22.6,410,91,96,1.260071388,0.00000226,0.000041,-5.645891561,-4.387216143,1.258675418
265683,265683,COc1cccc(c1)CC(=O)N1CCOC(C1)c1cc(cc(n1)C)Nc1nnc(s1)C,emolecules,Mol2206,17.8,190,,,1.029383778,0.00000178,0.000019,-5.749579998,-4.721246399,1.028333599
131219,131219,Cc1cc(cc(n1)C1CCN(C1)C(=O)CCn1ncc2ccccc12)Nc1ccc(cn1)F,emolecules,Mol2207,2.81,169,,,1.77815125,0.000000281,0.0000169,-6.55129368,-4.772113295,1.779180385
73050408,73050408,CN(Cc1ccc(cc1C)Br)C(=O)CO,emolecules,Mol2208,415,312,109,95,-0.124938737,0.0000415,0.0000312,-4.381951903,-4.505845406,-0.123893503
32176505,32176505,CC(C)(C)c1[nH]cnc1/C=C/1\NC(=O)/C(=C/c2ccccc2)NC1=O,emolecules,Mol2209,43.4,312,60,66,0.85672889,0.00000434,0.0000312,-5.36251027,-4.505845406,0.856664865
181775,181775,CNCc1cc(nc(n1)C1CCCN1C(=O)c1oc2ccc(cc2c1C)Cl)N(C)C,emolecules,Mol2210,2.89,338,89,94,2.068185862,0.000000289,0.0000338,-6.539102157,-4.4710833,2.068018858
181767,181767,CNCc1cc(nc(n1)C1CCCN1C(=O)C1CN(C1)Cc1ccc(cc1)Cl)N(C)C,emolecules,Mol2211,2.52,118,132,121,1.670245853,0.000000252,0.0000118,-6.598599459,-4.928117993,1.670481467
181731,181731,CNCc1cc(nc(n1)C1CCCN1C(=O)C(C)(C)c1ccc(cc1)C)NC,emolecules,Mol2212,3.62,133,93,98,1.565847819,0.000000362,0.0000133,-6.441291429,-4.876148359,1.56514307
41630506,41630506,Cc1cc(n(n1)-c1ccc(cc1)C#N)Cl,emolecules,Mol2214,458,213,98,71,-0.332547047,0.0000458,0.0000213,-4.339134522,-4.671620397,-0.332485875
32074520,32074520,Cc1ccccc1NC(=O)Cn1nnc(n1)C1CC1,emolecules,Mol2215,292,262,98,99,-0.048176965,0.0000292,0.0000262,-4.534617149,-4.581698709,-0.04708156
49969708,49969708,Fc1cc(ccc1CNc1ncccn1)-c1ccncc1,emolecules,Mol2216,399,336,90,86,-0.074172425,0.0000399,0.0000336,-4.399027104,-4.473660723,-0.074633618
49961770,49961770,CN(C)CC(=O)Nc1cc(ccc1-n1cc(cn1)C)C,emolecules,Mol2217,296,166,86,101,-0.252588192,0.0000296,0.0000166,-4.528708289,-4.779891912,-0.251183623
29954871,29954871,C(CN1CCN(CC1)c1ncccn1)Oc1ccccc1,emolecules,Mol2218,454,242,113,91,-0.272458743,0.0000454,0.0000242,-4.342944147,-4.616184634,-0.273240487
6843283,6843283,CCOc1c2c(c(c3ccccc13)OCC)C(=O)N(C2)c1ccc(cc1)CC(=O)NS(=O)(=O)c1ccccc1,emolecules,Mol2219,108,314,88,87,0.462397998,0.0000108,0.0000314,-4.966576245,-4.503070352,0.463505893
171788263,171788263,CC(=O)N[C@H]1CC2(CCN(CC2)C(=O)COc2cc(c(c(c2)C)Cl)C)OC[C@]1(C)O |r|,emolecules,Mol2220,8.46,360,108,112,1.629409599,0.000000846,0.000036,-6.072629637,-4.443697499,1.628932138
50283408,50283408,FC(F)(F)c1cc(cc(c1)C(F)(F)F)-c1ncn(n1)/C=C\C(=O)NNc1ccccn1,emolecules,Mol2221,328,355,86,98,0.033423755,0.0000328,0.0000355,-4.484126156,-4.449771647,0.034354509
177461018,177461018,Cc1cccc2c1C(=O)N(CCc1ncc[nH]1)C=N2,emolecules,Mol2222,67.3,434,92,103,0.808885867,0.00000673,0.0000434,-5.171984936,-4.36251027,0.809474665
177433919,177433919,CCNc1ccnc(n1)-c1cccc(c1)C(=O)NCCCc1cnn(c1)C,emolecules,Mol2223,13.1,513,92,97,1.593286067,0.00000131,0.0000513,-5.882728704,-4.289882635,1.592846069
73039342,73039342,CC(=O)c1ccc2c(c1)CCN(CCC1OCCO1)CC2,emolecules,Mol2224,424,224,122,101,-0.278189385,0.0000424,0.0000224,-4.372634143,-4.649751982,-0.277117838
177307724,177307724,COC1(CCN(CC1)Cc1cnc(o1)C)c1nc(no1)Cc1ccccc1,emolecules,Mol2225,305,340,105,103,0.049218023,0.0000305,0.000034,-4.515700161,-4.468521083,0.047179078
49956350,49956350,CS(=O)(=O)Nc1ccccc1-c1ccncc1,emolecules,Mol2226,221,279,107,97,0.103803721,0.0000221,0.0000279,-4.655607726,-4.554395797,0.10121193
49968166,49968166,CN(Cc1ccc(nc1)N)c1nc2cc(ccc2o1)F,emolecules,Mol2227,7.66,256,64,88,1.525044807,0.000000766,0.0000256,-6.11577123,-4.591760035,1.524011196
49330926,49330926,C(c1nc(no1)-c1ccccn1)n1ccnc1,emolecules,Mol2228,170,245,107,91,0.158362492,0.000017,0.0000245,-4.769551079,-4.610833916,0.158717163
48793753,48793753,Oc1ccc(cc1)C(=O)N1CCN(CC1)c1ncnc2c1CCC2,emolecules,Mol2230,6.37,276,86,103,1.635483747,0.000000637,0.0000276,-6.195860568,-4.559090918,1.63676965
171818667,171818667,CN([C@@H]1CCC[C@@H](O)[C@@H]1O)C(=O)COc1c(cccc1C)C |r|,emolecules,Mol2231,43,482,97,113,1.049218023,0.0000043,0.0000482,-5.366531544,-4.316952962,1.049578583
310428,310428,COc1cc2cc3c(nc2cc1OC)OCCN(C3)C1CCCCC1,emolecules,Mol2232,269,349,106,97,0.113943352,0.0000269,0.0000349,-4.57024772,-4.457174573,0.113073147
48788735,48788735,Cc1ccnc(c1NS(=O)(=O)c1ccccc1C)Cl,emolecules,Mol2233,369,293,92,84,-0.099632871,0.0000369,0.0000293,-4.432973634,-4.53313238,-0.100158746
232868125,232868125,CN1CCN(CC1)c1nc(cc(n1)C(C)(C)C)-c1c(nn(c1C)C)C,emolecules,Mol2234,182,330,97,89,0.257678575,0.0000182,0.000033,-4.739928612,-4.48148606,0.258442552
31918332,31918332,Cc1nc(sc1C(=O)Nc1cccc(c1)-c1ccn[nH]1)Cc1ccccc1,emolecules,Mol2235,59.6,171,54,45,0.456366033,0.00000596,0.0000171,-5.22475374,-4.76700389,0.457749851
222783725,222783725,CC(C)n1nc(c(c1C)S(=O)(=O)NCC1CCN(CC1)C(=O)C1CC1)C,emolecules,Mol2238,5.51,462,97,114,1.923244019,0.000000551,0.0000462,-6.258848401,-4.335358024,1.923490377
73020370,73020370,O=S(=O)(N1CCC2(C1)Cc1ccccc1C2)c1cccnc1,emolecules,Mol2239,477,300,98,72,-0.202732459,0.0000477,0.00003,-4.321481621,-4.522878745,-0.201397124
48670752,48670752,CN(C)c1ccc2c(c1)Sc1cc(ccc1N2)N(C)C,emolecules,Mol2240,7.67,50.5,81,57,0.818885415,0.000000767,0.00000505,-6.115204636,-5.296708622,0.818496014
49138606,49138606,CN1CCN(C(C)(C)C1)S(=O)(=O)c1ccc(nc1)C(F)(F)F,emolecules,Mol2241,416,267,116,100,-0.192464972,0.0000416,0.0000267,-4.380906669,-4.573488739,-0.192582069
301184387,301184387,COc1ccccc1/C=C/CN1CCCC2(C1)OCCO2,emolecules,Mol2242,406,223,112,98,-0.260427656,0.0000406,0.0000223,-4.391473966,-4.651695137,-0.260221171
324412,324412,C1CC1c1nc(ncc1-c1cnccn1)NCc1ccncc1,emolecules,Mol2243,266,360,102,98,0.130333768,0.0000266,0.000036,-4.575118363,-4.443697499,0.131420864
362026,362026,O=C(NC1CCCC1)C1=CCN(C1)C(=O)C1CC1,emolecules,Mol2245,71.7,373,105,109,0.716003344,0.00000717,0.0000373,-5.144480844,-4.428291168,0.716189676
49331719,49331719,Fc1ccc(cc1NCC(=O)N1CCCCCC1)N1CCCC1=O,emolecules,Mol2246,132,355,93,92,0.428134794,0.0000132,0.0000355,-4.879426069,-4.449771647,0.429654422
324086,324086,CN(C)c1ncc(c(n1)-c1ccco1)-c1ccncc1C,emolecules,Mol2247,413,262,96,79,-0.196542884,0.0000413,0.0000262,-4.384049948,-4.581698709,-0.19764876
295311420,295311420,Cn1cnc2c1C(=O)N(Cc1nc(no1)CCc1ccc(cc1)Cl)C=N2,emolecules,Mol2248,24.5,384,88,99,1.195899652,0.00000245,0.0000384,-5.610833916,-4.415668776,1.19516514
411872,411872,CCCCN1CCc2nc3cc(nn3c(c2C1)O)C1CC1,emolecules,Mol2249,7.05,187,89,102,1.423245874,0.000000705,0.0000187,-6.151810883,-4.728158393,1.42365249
49962786,49962786,CN(C)C(=O)c1ccnc(c1)NCc1cccc(c1)C#N,emolecules,Mol2250,67.9,389,96,97,0.757396029,0.00000679,0.0000389,-5.168130226,-4.410050399,0.758079827
177361869,177361869,CN(C)c1nc(ncc1C)NCC1(CO)CCCC1,emolecules,Mol2251,284,270,106,96,-0.022276395,0.0000284,0.000027,-4.54668166,-4.568636236,-0.021954576
49946002,49946002,C(Nc1ncccn1)c1cccc(c1)-c1cccnc1,emolecules,Mol2252,435,249,105,86,-0.243363892,0.0000435,0.0000249,-4.361510743,-4.603800653,-0.24228991
49084049,49084049,Cc1cc([nH]n1)C(=O)NCC1CCC2(CC1)OCCO2,emolecules,Mol2253,88.7,358,106,101,0.605305046,0.00000887,0.0000358,-5.05207638,-4.446116973,0.605959407
218757,218757,Cn1cc(cn1)CN1CCCC(C1)c1ccnc(c1)Nc1cnccn1,emolecules,Mol2254,32.7,208,,,0.803457116,0.00000327,0.0000208,-5.485452247,-4.681936665,0.803515582
49085431,49085431,COCc1ccc(cc1)SCC(=O)NC1CCCC1,emolecules,Mol2255,385,275,103,98,-0.146301788,0.0000385,0.0000275,-4.41453927,-4.560667306,-0.146128036
43881116,43881116,CN(CC1=CC(=O)N2C=C(C)C=CC2=N1)Cc1cccc(c1Cl)Cl,emolecules,Mol2256,200,123,45,56,-0.209714836,0.00002,0.0000123,-4.698970004,-4.910094889,-0.211124884
37153227,37153227,CCc1c(cc(c(c1CC(=O)N(CCOC)CCOC)C(=O)c1ccc(c(c1)OC)OCCN1CCOCC1)O)O,emolecules,Mol2258,1.3,9.75,101,94,0.876794976,0.00000013,0.000000975,-6.886056648,-6.010995384,0.875061263
310102,310102,OC1CCN(CC1)c1nccc(n1)-c1cccs1,emolecules,Mol2259,368,181,77,64,-0.307153081,0.0000368,0.0000181,-4.434152181,-4.742321425,-0.308169244
177444466,177444466,Cc1c[nH]c(n1)C(=O)NCC1(CCCC1)N1CCCCC1,emolecules,Mol2260,21.3,431,102,99,1.307496038,0.00000213,0.0000431,-5.671620397,-4.36552273,1.306097667
177444469,177444469,CC(=O)NCc1cc2n(n1)CCN(C2)C1Cc2ccccc2C1,emolecules,Mol2261,305,342,141,107,0.049218023,0.0000305,0.0000342,-4.515700161,-4.465973894,0.049726267
306440,306440,Cc1nc2ncc3c(n2n1)CC(C)(C)CC3=O,emolecules,Mol2262,344,280,111,99,-0.089375595,0.0000344,0.000028,-4.463441557,-4.552841969,-0.089400411
82709477,82709477,CCc1cc(nc(n1)N1CCOCC1)-c1ccc(c2nc(ccc12)C)OC,emolecules,Mol2263,212,238,70,71,0.049218023,0.0000212,0.0000238,-4.673664139,-4.623423043,0.050241096
300518355,300518355,Cc1nc(c2cnn(c2n1)C)N1CCNCC1,emolecules,Mol2264,23.4,358,110,102,1.184691431,0.00000234,0.0000358,-5.630784143,-4.446116973,1.184667169
49344419,49344419,Cc1ccc(nc1)OCN1CCCCC1=O,emolecules,Mol2265,144,379,114,100,0.419955748,0.0000144,0.0000379,-4.841637508,-4.42136079,0.420276718
49125344,49125344,CC1CCC(CC1)N(Cc1nnc(o1)C1CCC1)C1CCC(O)CC1,emolecules,Mol2266,203,411,105,97,0.307496038,0.0000203,0.0000411,-4.692503962,-4.386158178,0.306345784
49130722,49130722,CCN1CCCN(CC1)C(=O)Nc1ccc(cc1)COC1CCCC1,emolecules,Mol2267,46,421,97,103,0.961895474,0.0000046,0.0000421,-5.337242168,-4.375717904,0.961524264
177471695,177471695,COc1cc(cc(c1-c1ccc(cc1)-c1nn[nH]n1)OC)C,emolecules,Mol2268,94.1,185,102,102,0.294466226,0.00000941,0.0000185,-5.026410377,-4.732828272,0.293582105
171961096,171961096,Cc1cccc(c1)OC[C@@]1(O)CN(CC[C@@H]1O)C[C@]1(O)CC[C@H](CC1)C(C)(C)C |r|,emolecules,Mol2269,125,166,48,66,0.123851641,0.0000125,0.0000166,-4.903089987,-4.779891912,0.123198075
50610014,50610014,COC(=O)N1CC(C1)NCc1c(nn(c1C)C(C)(C)C)C,emolecules,Mol2270,185,331,108,104,0.252853031,0.0000185,0.0000331,-4.732828272,-4.480172006,0.252656265
50570563,50570563,CC(C)n1cc(cn1)CN1CCC(CC1)c1nc(no1)N(C)C,emolecules,Mol2271,185,330,110,103,0.252853031,0.0000185,0.000033,-4.732828272,-4.48148606,0.251342211
222778471,222778471,CN(C)C(=O)c1cncc(n1)N(C)CCCc1c(n[nH]c1C)C,emolecules,Mol2272,4.64,435,100,99,1.971739591,0.000000464,0.0000435,-6.333482019,-4.361510743,1.971971276
49088031,49088031,Cc1cnc(nc1N1CCSCC1)N1CCSCC1,emolecules,Mol2273,476,329,98,84,-0.160521953,0.0000476,0.0000329,-4.322393047,-4.482804102,-0.160411055
48764932,48764932,Cc1ncccc1CNc1ccc(cc1)CC#N,emolecules,Mol2274,326,174,86,84,-0.272458743,0.0000326,0.0000174,-4.4867824,-4.759450752,-0.272668352
232885372,232885372,Cc1nc(c[nH]1)CN1CCC(CC1)CNC(=O)COc1ccccc1Cl,emolecules,Mol2275,5.47,29.1,91,102,0.725911632,0.000000547,0.00000291,-6.262012674,-5.536107011,0.725905663
49096260,49096260,CC(C)CCN1CCC(CC1)CNS(=O)(=O)C,emolecules,Mol2276,41.2,100,95,99,0.385606274,0.00000412,0.00001,-5.385102784,-5,0.385102784
49139348,49139348,CC(=O)c1cc(cc(c1OCc1ccccn1)F)Br,emolecules,Mol2277,321,200,73,76,-0.206209615,0.0000321,0.00002,-4.493494968,-4.698970004,-0.205475037
44581824,44581824,Fc1ccc(cc1)-c1cnc(o1)CN1C(=O)Oc2cccnc21,emolecules,Mol2278,150,430,92,99,0.456366033,0.000015,0.000043,-4.823908741,-4.366531544,0.457377197
300096535,300096535,CC(COc1ccccc1Cc1ccccc1)N1CCCCC1,emolecules,Mol2279,84.7,110,48,69,0.113943352,0.00000847,0.000011,-5.07211659,-4.958607315,0.113509275
177425312,177425312,CN(CC1(CO)CCCC1)C(=O)CCN1CCCCC1=O,emolecules,Mol2280,21.3,452,98,106,1.326335861,0.00000213,0.0000452,-5.671620397,-4.344861565,1.326758831
82719175,82719175,CN(C)c1ccc(nn1)-c1ccc(cc1)C(=O)NCCN1CCCC1=O,emolecules,Mol2281,5.31,293,95,100,1.741939078,0.000000531,0.0000293,-6.274905479,-4.53313238,1.741773099
232847331,232847331,Cc1nn(c(c1C)C)CCNS(=O)(=O)N1CCCCC1,emolecules,Mol2282,219,336,109,100,0.187520721,0.0000219,0.0000336,-4.659555885,-4.473660723,0.185895163
13329162,13329162,CN1CCN(CC1)S(=O)(=O)Cc1ccc(c(c1)Cl)Cl,emolecules,Mol2283,318,179,88,88,-0.250263684,0.0000318,0.0000179,-4.49757288,-4.747146969,-0.249574089
49336815,49336815,Cc1ncn(c1C)Cc1noc(n1)-c1ccccc1O,emolecules,Mol2284,187,120,55,84,-0.191789027,0.0000187,0.000012,-4.728158393,-4.920818754,-0.19266036
53808457,53808457,COc1cc(ccc1C)CN1CCC(CC1)C(=O)N1CCOCC1,emolecules,Mol2287,108,313,111,104,0.463892989,0.0000108,0.0000313,-4.966576245,-4.504455662,0.462120582
13535869,13535869,COc1ccc(cc1NC(=O)CN(Cc1ccccc1)C(C)C)NC(=O)C,emolecules,Mol2288,154,339,66,64,0.344392274,0.0000154,0.0000339,-4.812479279,-4.469800302,0.342678977
EN300-6477654,,C[C@]12CCC3=C4CCC(=O)C=C4CC[C@H]3[C@@H]1CC[C@@]2(O)CC#N |r|,enamineBB_pmc,Mol2289,158,573,101,110,0.561101384,0.0000158,0.0000573,-4.801342913,-4.241845378,0.559497535
5852446,5852446,CCC(=O)NCC[C@@H]1CCc2ccc3c(c21)CCO3 |r|,emolecules,Mol2290,385,334,104,94,-0.061980903,0.0000385,0.0000334,-4.41453927,-4.476253533,-0.061714263
171790267,171790267,COc1cccc(c1)O[C@H]1CCN(CC[C@@H]1O)C(=O)c1cc(on1)-c1ccc(cc1)F |r|,emolecules,Mol2291,347,306,85,58,-0.054531415,0.0000347,0.0000306,-4.459670525,-4.514278574,-0.054608048
82716591,82716591,COc1cccc(c1OCCCN)C(=O)N(C)CC(F)(F)F,emolecules,Mol2292,3.1,93.3,107,98,1.478566496,0.00000031,0.00000933,-6.508638306,-5.030118356,1.47851995
2868274,2868274,Cc1csc(n1)Cc1nc(no1)-c1ccc(cc1)O,emolecules,Mol2293,128,67.8,31,57,-0.274905479,0.0000128,0.00000678,-4.89279003,-5.168770306,-0.275980276
222758283,222758283,COc1ccc(cc1S(=O)(=O)NCCC(=O)Nc1ccccc1C)C,emolecules,Mol2294,28.1,477,83,96,1.227886705,0.00000281,0.0000477,-5.55129368,-4.321481621,1.229812059
177455527,177455527,CN(C)c1cncc(n1)-c1ccc(cc1)C(=O)NC(C)(C)C,emolecules,Mol2295,302,210,78,78,-0.156767222,0.0000302,0.000021,-4.519993057,-4.677780705,-0.157787648
222755004,222755004,COC(C)(C)CCNC(=O)CC1CC(C)(C)NC(C)(C)C1,emolecules,Mol2296,0.499,6.44,99,100,1.11058971,4.99E-08,0.000000644,-7.301899454,-6.191114133,1.110785322
171813288,171813288,CCOc1ccc2[nH]c(c(c2c1)C)C(=O)N1CC[C@@](O)(CC(C)C)[C@H](C1)Oc1ccc(cc1)F |r|,emolecules,Mol2297,30.5,206,39,52,0.828659897,0.00000305,0.0000206,-5.515700161,-4.68613278,0.829567381
323986453,323986453,FC(F)(F)COCCn1cc(c(n1)-c1ccccn1)NC(=O)c1coc(n1)-c1cn[nH]c1,emolecules,Mol2298,16.8,101,41,50,0.780317312,0.00000168,0.0000101,-5.774690718,-4.995678626,0.779012092
73045134,73045134,CC(=O)c1ccc2c(c1)CCN(CC2)CC1CCC2(CC1)OCCO2,emolecules,Mol2299,425,236,122,99,-0.254925208,0.0000425,0.0000236,-4.37161107,-4.627087997,-0.255476927
36000452,36000452,CN1CCN(CC1)c1ccc(cc1)Nc1ncc2c(n1)N(N(CC=C)C2=O)c1cccc(n1)C(C)(C)O,emolecules,Mol2300,6.63,420,94,101,1.802089258,0.000000663,0.000042,-6.178486472,-4.37675071,1.801735762
177435263,177435263,CCN(Cc1nc(no1)C)C(=O)C1=CC(=C(C)N(C)C1=O)C,emolecules,Mol2302,2.98,247,92,103,1.916980047,0.000000298,0.0000247,-6.525783736,-4.607303047,1.918480689
177435260,177435260,Cc1cc(c(cn1)O)C(=O)N1CCN(CC1)C(=O)C1CCC1,emolecules,Mol2303,7.68,223,108,103,1.463892989,0.000000768,0.0000223,-6.11463878,-4.651695137,1.462943643
877481,877481,Clc1ccc2c(c1)CCc1cccnc1C2=C1CCNCC1,emolecules,Mol2305,9.02,432,88,119,1.679427897,0.000000902,0.0000432,-6.044793462,-4.364516253,1.680277209
222751269,222751269,COCC1(CCC1)CNC(=O)c1ccc(cc1)-n1cccn1,emolecules,Mol2306,339,202,95,89,-0.22475374,0.0000339,0.0000202,-4.469800302,-4.694648631,-0.224848329
48754146,48754146,O=C1N(CCn2ccnc2)N=NN1c1cccs1,emolecules,Mol2307,380,280,119,103,-0.131943638,0.000038,0.000028,-4.420216403,-4.552841969,-0.132625565
48746727,48746727,CN(C)C(=O)C(C)(C)NC(=O)OC(C)(C)C,emolecules,Mol2308,221,302,109,105,0.136720567,0.0000221,0.0000302,-4.655607726,-4.519993057,0.135614669
49134782,49134782,OCCOc1ccccc1OCc1ncc(cc1Cl)Cl,emolecules,Mol2309,244,135,55,81,-0.258848401,0.0000244,0.0000135,-4.612610174,-4.869666232,-0.257056058
45699341,45699341,CN1C(=O)N(Cc2ccccc2)C(=C(C(=O)CSc2nc3ccccc3n2C)C1=O)N,emolecules,Mol2310,19.2,250,50,59,1.113943352,0.00000192,0.000025,-5.716698771,-4.602059991,1.11463878
82720833,82720833,CCC(=O)Nc1ccc(c(c1)NC(=O)N1CCC(=CC1)C)F,emolecules,Mol2311,202,272,75,96,0.130333768,0.0000202,0.0000272,-4.694648631,-4.565431096,0.129217535
82737865,82737865,O=C(N1CCC2(CC1)C=Cc1ccccc12)c1n[nH]c2c1COCC2,emolecules,Mol2312,277,414,94,91,0.173186268,0.0000277,0.0000414,-4.557520231,-4.382999659,0.174520572
73016554,73016554,Cc1cc(cc(n1)N1CCc2c(ncn2CCc2ccccc2)C1)C#N,emolecules,Mol2313,211,258,65,61,0.086359831,0.0000211,0.0000258,-4.675717545,-4.588380294,0.087337251
31837136,31837136,CCCC(=O)Nc1ccc(cc1)C(=O)N(C)C,emolecules,Mol2314,237,334,108,110,0.149219113,0.0000237,0.0000334,-4.625251654,-4.476253533,0.148998121
49921682,49921682,Cc1cc(c2ccccc2n1)Cn1cnc(c1C#N)C#N,emolecules,Mol2315,98.3,279,76,87,0.45331834,0.00000983,0.0000279,-5.007446482,-4.554395797,0.453050685
49055884,49055884,CSC1(CCOCC1)CNc1cc(nc(n1)C)C,emolecules,Mol2317,217,307,115,103,0.152288344,0.0000217,0.0000307,-4.663540266,-4.512861625,0.150678642
48856634,48856634,CCc1c2c(nc3ccc(cc13)O)C1=CC3=C(COC(=O)[C@]3(O)CC)C(=O)N1C2 |r|,emolecules,Mol2318,2.82,143,93,98,1.705863712,0.000000282,0.0000143,-6.549750892,-4.844663963,1.705086929
48760182,48760182,Cc1ncc(s1)CCN1C(=O)NC2(CCCC2)C1=O,emolecules,Mol2319,5.09,463,101,105,1.959041392,0.000000509,0.0000463,-6.293282218,-4.334419009,1.958863209
295413823,295413823,CC[C@H]1N(c2ccn(n2)C)c2nc(ncc2N(C)C1=O)-n1ccnc1-c1ccc(cc1)F |r|,emolecules,Mol2320,29.5,419,84,96,1.152288344,0.00000295,0.0000419,-5.530177984,-4.377785977,1.152392007
49977918,49977918,CCCn1cc(cn1)CN1CCC(CC1)c1nc(no1)N(C)C,emolecules,Mol2321,260,295,110,100,0.053078443,0.000026,0.0000295,-4.585026652,-4.530177984,0.054848668
43830470,43830470,Fc1ccc(cc1)CSc1nnc(s1)NC(=O)C1CCC1,emolecules,Mol2322,395,272,71,52,-0.161780778,0.0000395,0.0000272,-4.403402904,-4.565431096,-0.162028192
411164,411164,COCCNc1c(c(nc2cc(nn12)-c1nccn1C)C)C,emolecules,Mol2323,215,329,124,94,0.184691431,0.0000215,0.0000329,-4.66756154,-4.482804102,0.184757438
43470233,43470233,Fc1ccc(cc1)Nc1cc(ccn1)C#N,emolecules,Mol2324,228,139,54,52,-0.215382707,0.0000228,0.0000139,-4.642065153,-4.8569852,-0.214920047
82700463,82700463,COc1cccc(c1-c1ccc(cc1)OCCN1CCCC1)OC,emolecules,Mol2325,218,306,104,98,0.146128036,0.0000218,0.0000306,-4.661543506,-4.514278574,0.147264933
417952,417952,Fc1ccc(c(c1)F)CN1CCN2C(=Nc3ccsc3C2=O)CC1,emolecules,Mol2326,551,286,117,82,-0.284832642,0.0000551,0.0000286,-4.258848401,-4.543633967,-0.284785566
48243153,48243153,N#CCn1ncnc1-c1cccc(c1)C#N,emolecules,Mol2327,340,254,107,106,-0.126098402,0.000034,0.0000254,-4.468521083,-4.595166283,-0.1266452
82723223,82723223,CN1CCC(CC1)N(Cc1cccnc1)C(=O)NCCCc1ccccc1,emolecules,Mol2328,2.07,271,111,97,2.117271296,0.000000207,0.0000271,-6.684029655,-4.567030709,2.116998945
232898989,232898989,Cc1nn(c(c1C)C)CCNS(=O)(=O)N1CCOCC1,emolecules,Mol2329,53.8,461,96,103,0.933487288,0.00000538,0.0000461,-5.269217724,-4.336299075,0.93291865
48229519,48229519,CC1=NC2=CC(=O)NN2C(=C1CC(=O)OC1CCCCC1)C,emolecules,Mol2330,450,490,144,106,0.037426498,0.000045,0.000049,-4.346787486,-4.30980392,0.036983566
300070232,300070232,CCc1c2c(nc3ccc(cc13)OC(=O)N1CCC(CC1)N1CCCCC1)C1=CC3=C(COC(=O)[C@]3(O)CC)C(=O)N1C2 |r|,emolecules,Mol2331,5.4,106,85,88,1.294466226,0.00000054,0.0000106,-6.26760624,-4.974694135,1.292912105
50612838,50612838,CC(C)(C)C(=O)N1CCC(CC1)CN(CC(=O)N)C1CCCC1,emolecules,Mol2332,21.6,573,96,103,1.424881637,0.00000216,0.0000573,-5.665546249,-4.241845378,1.423700871
53751990,53751990,Cc1ccc(cc1S(=O)(=O)Nc1ccc(cc1)C(=O)N1CCCC1)F,emolecules,Mol2334,20,445,84,102,1.348304863,0.000002,0.0000445,-5.698970004,-4.351639989,1.347330015
53751988,53751988,O=C(N1CCCC1)c1ccc(cc1)NS(=O)(=O)c1cccc2cnccc12,emolecules,Mol2335,5.47,432,104,103,1.898176484,0.000000547,0.0000432,-6.262012674,-4.364516253,1.89749642
49913437,49913437,CS(=O)(=O)NCCN1CCc2c(cc(cc2C1)Cl)Cl,emolecules,Mol2336,444,314,110,89,-0.150580586,0.0000444,0.0000314,-4.35261703,-4.503070352,-0.150453322
11904640,11904640,Fc1ccc(cc1)NCCN1C(=O)c2ccccc2C1=O,emolecules,Mol2337,287,123,66,57,-0.366531544,0.0000287,0.0000123,-4.542118103,-4.910094889,-0.367976785
177388619,177388619,CCc1nc(cc(n1)N1CCCC2(CCNCC2)CC1)C,emolecules,Mol2338,1.98,64.1,97,102,1.51054501,0.000000198,0.00000641,-6.70333481,-5.19314197,1.510192839
232828909,232828909,Clc1cccc(c1Cc1n[nH]c(n1)CCCN1CCCC1=O)Cl,emolecules,Mol2339,6.21,487,98,106,1.894316063,0.000000621,0.0000487,-6.2069084,-4.312471039,1.894437361
49325135,49325135,CN(C(=O)c1cc(nc(c1)O)C)c1nc2ccccc2s1,emolecules,Mol2340,107,427,88,98,0.602059991,0.0000107,0.0000427,-4.970616222,-4.369572125,0.601044097
30062609,30062609,CC(=O)N1CCN(CC1)C(=O)CS(=O)(=O)C12CC3CC(CC(C3)C2)C1,emolecules,Mol2341,23,237,,,1.012837225,0.0000023,0.0000237,-5.638272164,-4.625251654,1.01302051
48758078,48758078,CCc1nnc(c(c1CC)C#N)N1CC(C1)N(C)C,emolecules,Mol2342,334,282,108,102,-0.074172425,0.0000334,0.0000282,-4.476253533,-4.549750892,-0.073497358
265647,265647,CCc1nnc(s1)Nc1cc(nc(c1)C1CN(CCO1)C(=O)C(C)C)C,emolecules,Mol2343,5.18,210,,,1.606381365,0.000000518,0.000021,-6.28567024,-4.677780705,1.607889535
49947026,49947026,Cc1nc(n(n1)C)NCc1ccc(cc1)F,emolecules,Mol2346,303,296,107,104,-0.010995384,0.0000303,0.0000296,-4.518557371,-4.528708289,-0.010150917
48762012,48762012,Cc1cc(n(n1)C)C(=O)Nc1nnc2n1CCCC2,emolecules,Mol2347,164,235,90,98,0.158362492,0.0000164,0.0000235,-4.785156152,-4.628932138,0.156224014
342572,342572,Cc1csc2c1C(=O)N1CCNCCC1=N2,emolecules,Mol2348,365,250,111,104,-0.163675884,0.0000365,0.000025,-4.437707136,-4.602059991,-0.164352856
31507581,31507581,C[C@H](Nc1ncc(c(n1)Nc1cc([nH]n1)C)Cl)c1ncc(cn1)F |r|,emolecules,Mol2349,38.6,404,,,1.021189299,0.00000386,0.0000404,-5.413412695,-4.393618635,1.01979406
232838707,232838707,COCC(=O)Nc1ccc(cc1)NC(=O)Cc1ccc(cc1)C(F)(F)F,emolecules,Mol2350,211,228,79,78,0.033423755,0.0000211,0.0000228,-4.675717545,-4.642065153,0.033652392
48306804,48306804,Cc1ccc(c(n1)CN1CCC(CC1)c1nc2ccccc2o1)O,emolecules,Mol2351,404,278,116,95,-0.162411562,0.0000404,0.0000278,-4.393618635,-4.555955204,-0.162336569
49935002,49935002,CN(C)C(=O)CNC(C)(C)c1ncc(s1)C,emolecules,Mol2352,203,379,106,102,0.269512944,0.0000203,0.0000379,-4.692503962,-4.42136079,0.271143172
48762192,48762192,Cc1nccc(c1Cl)NC(=O)CCc1ccncc1,emolecules,Mol2353,296,245,98,99,-0.083019953,0.0000296,0.0000245,-4.528708289,-4.610833916,-0.082125627
68933234,68933234,Cc1cccc(n1)-c1cccc(c1)C(=O)NCCC1(O)CCCC1,emolecules,Mol2354,145,401,81,93,0.442479769,0.0000145,0.0000401,-4.838631998,-4.396855627,0.44177637
49093836,49093836,Cc1ccc(cc1)S(=O)(=O)N1CCOc2ccncc21,emolecules,Mol2355,351,249,94,83,-0.148741651,0.0000351,0.0000249,-4.454692884,-4.603800653,-0.149107769
416572,416572,COc1ccc(cc1)-c1nc(ncc1-c1ncc[nH]1)NC(C)C,emolecules,Mol2356,49.9,319,84,91,0.805500858,0.00000499,0.0000319,-5.301899454,-4.496209317,0.805690137
44811321,44811321,Fc1ccc(cc1C#N)CN1CCC(CC1)Nc1ncnc2sc(cc12)Cl,emolecules,Mol2357,47.1,443,99,94,0.973127854,0.00000471,0.0000443,-5.326979093,-4.353596274,0.973382819
222793668,222793668,CN(CCN1CCCCC1)c1cncc(n1)C(=O)N,emolecules,Mol2358,44.4,196,90,99,0.644438589,0.00000444,0.0000196,-5.35261703,-4.707743929,0.644873101
49956416,49956416,CCOc1cccc(n1)NS(=O)(=O)C,emolecules,Mol2359,384,372,107,106,-0.013676223,0.0000384,0.0000372,-4.415668776,-4.42945706,-0.013788284
LN01309001,LN01309001,CCCc1cc(nc(c1CNC(=O)c1cc(cc2n(ncc12)C(C)C)-c1ccc(nc1)N1CCN(CC1)C(C)C)O)C,labnetworkBB,Mol2361,0.927,113,85,76,2.086359831,9.27E-08,0.0000113,-7.032920266,-4.946921557,2.085998709
232839938,232839938,CCOc1ccnc(n1)NCCCc1nc2cc(ccc2[nH]1)F,emolecules,Mol2362,87.2,275,58,78,0.498310554,0.00000872,0.0000275,-5.059483515,-4.560667306,0.498816209
222764757,222764757,CCCc1ncncc1C(=O)NCc1nncn1CCC,emolecules,Mol2363,3.55,52.1,98,107,1.167317335,0.000000355,0.00000521,-6.449771647,-5.283162277,1.16660937
82713843,82713843,CCc1cc(nc(n1)N1CCOCC1)-c1ccc(c2ncccc12)OC,emolecules,Mol2364,308,261,85,75,-0.071604148,0.0000308,0.0000261,-4.511449283,-4.583359493,-0.071910209
LN01342817,LN01342817,C[C@H]1CC[C@@H](CC1)n1c2cnccc2c2cnc(nc12)Nc1ccc2c(n1)CCN(C2)C(=O)CO |r|,labnetworkBB,Mol2365,13.2,65.2,51,39,0.692846919,0.00000132,0.00000652,-5.879426069,-5.185752404,0.693673665
50550848,50550848,COC1=CN(N=C(C1=O)c1ccnn1-c1ccccc1)c1ccc(cc1F)-n1cccn1,emolecules,Mol2366,35.5,385,67,81,1.037426498,0.00000355,0.0000385,-5.449771647,-4.41453927,1.035232376
49038938,49038938,Cc1nn(c(c1CC(=O)NCCNC(C)(C)C)C)C(F)F,emolecules,Mol2367,1.69,34.7,97,101,1.311753861,0.000000169,0.00000347,-6.772113295,-5.459670525,1.31244277
177472658,177472658,CN(CC1(CO)CCC1)C(=O)CCN1CCCCC1=O,emolecules,Mol2368,16.9,391,98,107,1.365487985,0.00000169,0.0000391,-5.772113295,-4.407823243,1.364290053
177380774,177380774,CN(C)S(=O)(=O)CCNC(=O)N(C)CCOc1cc(cc(c1)C)C,emolecules,Mol2369,41.1,498,94,101,1.08278537,0.00000411,0.0000498,-5.386158178,-4.302770657,1.083387521
68907961,68907961,CC(C)CN(Cc1cnn(c1)C)C(=O)c1cccc(c1)-c1cnccn1,emolecules,Mol2370,84.9,613,95,108,0.858537198,0.00000849,0.0000613,-5.07109231,-4.212539525,0.858552784
177427275,177427275,FC(F)(F)c1cccc2c1C(=O)N(CCc1ncc[nH]1)C=N2,emolecules,Mol2371,29.9,465,94,102,1.193124598,0.00000299,0.0000465,-5.524328812,-4.332547047,1.191781765
82702219,82702219,CCCCN1CCN(CC1)C(=O)c1cccc(c1)-c1ccc(cc1)CO,emolecules,Mol2372,281,317,103,94,0.053078443,0.0000281,0.0000317,-4.55129368,-4.498940738,0.052352942
44579402,44579402,O=C(Nc1cnc2ccccc2n1)c1ccncc1,emolecules,Mol2373,281,163,75,87,-0.238072162,0.0000281,0.0000163,-4.55129368,-4.787812396,-0.236518716
43958394,43958394,COc1ccc(cc1)CN1CCN(CC1)C(=O)C1CCN(CC1)C(=O)C1CC1,emolecules,Mol2374,67.3,510,110,105,0.879669206,0.00000673,0.000051,-5.171984936,-4.292429824,0.879555112
44134429,44134429,COc1cc2c(cc1OC)C(=O)NC(=N2)CN1CCC(CO)CC1,emolecules,Mol2375,13.4,389,92,108,1.462397998,0.00000134,0.0000389,-5.872895202,-4.410050399,1.462844803
49064812,49064812,CC(=CCOc1cccc(c1)C(=O)NN1CCOCC1)C,emolecules,Mol2377,238,308,102,98,0.11058971,0.0000238,0.0000308,-4.623423043,-4.511449283,0.111973759
48328503,48328503,CC#CCCNC(=O)c1cccnc1C,emolecules,Mol2379,309,233,104,102,-0.122053048,0.0000309,0.0000233,-4.510041521,-4.632644079,-0.122602558
48292374,48292374,O=C(Nc1cncc2ccccc12)c1ncccn1,emolecules,Mol2380,272,184,99,94,-0.170053304,0.0000272,0.0000184,-4.565431096,-4.735182177,-0.169751081
37544502,37544502,Cn1nc(cc1N)-c1cc(cc(c1)F)F,emolecules,Mol2381,435,264,105,85,-0.216811309,0.0000435,0.0000264,-4.361510743,-4.578396073,-0.21688533
49339585,49339585,OC(=O)c1ccc(cc1)CCC(=O)N1CCc2c(cc(cc2C1)F)F,emolecules,Mol2382,63.9,259,103,108,0.607455023,0.00000639,0.0000259,-5.194499142,-4.586700236,0.607798906
49946784,49946784,Cc1ccc(nc1)CNc1ncnn1C,emolecules,Mol2383,318,218,111,93,-0.164309429,0.0000318,0.0000218,-4.49757288,-4.661543506,-0.163970626
82737949,82737949,COc1ncc(cn1)C(=O)NCc1cnn2cccnc12,emolecules,Mol2385,122,309,99,98,0.404833717,0.0000122,0.0000309,-4.913640169,-4.510041521,0.403598649
177502491,177502491,CCn1nc(c2ccccc12)CNC(=O)C1CCOCC1,emolecules,Mol2386,147,416,103,101,0.451786436,0.0000147,0.0000416,-4.832682665,-4.380906669,0.451775996
44048515,44048515,CN(C)CC(C)(C)CNC1=C(Br)C(=O)NN=C1,emolecules,Mol2387,239,162,109,98,-0.170053304,0.0000239,0.0000162,-4.621602099,-4.790484985,-0.168882886
36748737,36748737,Cc1ccc(nn1)Oc1ccc(cc1)N,emolecules,Mol2388,414,300,119,109,-0.139661993,0.0000414,0.00003,-4.382999659,-4.522878745,-0.139879086
310422,310422,COCCN1CCOc2nc3c(cccc3cc2C1)C,emolecules,Mol2389,310,175,79,89,-0.248720896,0.000031,0.0000175,-4.508638306,-4.756961951,-0.248323645
LN00194655,LN00194655,C[C@]12CC[C@H]3[C@@H](CC(=C)C4=CC(=O)C=C[C@]34C)[C@@H]1CCC2=O |r|,labnetworkBB,Mol2390,491,242,138,98,-0.306273051,0.0000491,0.0000242,-4.308918508,-4.616184634,-0.307266126
82709621,82709621,O=C(CN1N=C(Cc2ccccc2)c2ccccc2C1=O)NCc1ncc[nH]1,emolecules,Mol2391,4.39,406,95,100,1.966610987,0.000000439,0.0000406,-6.35753548,-4.391473966,1.966061513
48773349,48773349,OC(=O)c1ccccc1COc1cccc2cccnc12,emolecules,Mol2392,91.2,160,108,98,0.245512668,0.00000912,0.000016,-5.040005162,-4.795880017,0.244125144
82713457,82713457,O=C(CN1N=C(Cc2ccccc2)c2ccccc2C1=O)NCCc1c[nH]cn1,emolecules,Mol2393,4.55,157,103,107,1.539076099,0.000000455,0.0000157,-6.341988603,-4.804100348,1.537888256
177405420,177405420,CN(Cc1c(nn(c1C)C)C)C(=O)NCc1cnc(c(c1)C)C,emolecules,Mol2394,3.68,347,98,101,1.973589623,0.000000368,0.0000347,-6.434152181,-4.459670525,1.974481656
36988038,36988038,CCc1ccc(c(c1)C(=O)CSc1nncs1)CC,emolecules,Mol2395,295,139,62,51,-0.325138859,0.0000295,0.0000139,-4.530177984,-4.8569852,-0.326807216
31416534,31416534,OCc1cnnn1-c1cncc(n1)Cl,emolecules,Mol2396,373,242,103,96,-0.188424994,0.0000373,0.0000242,-4.428291168,-4.616184634,-0.187893466
38843428,38843428,CCNc1nc(nc(c1C)C)-c1cccnc1,emolecules,Mol2397,375,217,105,83,-0.238824187,0.0000375,0.0000217,-4.425968732,-4.663540266,-0.237571534
48743317,48743317,O=C(Cc1coc(n1)-c1ccccc1)NCC#C,emolecules,Mol2398,265,191,76,84,-0.14327111,0.0000265,0.0000191,-4.576754126,-4.718966633,-0.142212507
49964398,49964398,Cn1cnnc1NC(=O)c1cnn2c1CCCC2,emolecules,Mol2399,32.5,128,106,89,0.596597096,0.00000325,0.0000128,-5.488116639,-4.89279003,0.595326609
49933492,49933492,O=C(N1CCCO1)c1ccc(cn1)C#N,emolecules,Mol2400,449,218,129,78,-0.312471039,0.0000449,0.0000218,-4.347753659,-4.661543506,-0.313789847
222753013,222753013,CN(C)C1(CCCCC1)CNC(=O)CN1C=CC(=O)C=C1,emolecules,Mol2401,85.1,23.2,129,97,-0.563837353,0.00000851,0.00000232,-5.07007044,-5.634512015,-0.564441575
49082955,49082955,O=C(OCC1CCSCC1)c1cccc(n1)-n1cccn1,emolecules,Mol2402,337,167,75,67,-0.305394801,0.0000337,0.0000167,-4.472370099,-4.777283529,-0.30491343
308044,308044,CCOc1cc(ccc1OC)CN1CCc2c(nc(nc2C1)N1CCCC1)N,emolecules,Mol2403,23.2,386,92,97,1.220108088,0.00000232,0.0000386,-5.634512015,-4.413412695,1.22109932
44498516,44498516,O=C(Nc1ccc(cn1)N1CCCC1)c1ccc(cc1)-c1cnco1,emolecules,Mol2404,283,95.6,84,59,-0.4710833,0.0000283,0.00000956,-4.548213564,-5.019542108,-0.471328543
171974271,171974271,CN([C@@H]1CO[C@@H]2CCN(C[C@@H]2C[C@@]1(C)O)C[C@]1(O)CC[C@H](CC1)C(C)(C)C)C(=O)C |r|,emolecules,Mol2405,23.5,552,99,108,1.371067862,0.00000235,0.0000552,-5.628932138,-4.258060922,1.370871215
53805613,53805613,COCCc1nsc(n1)Oc1ccc(cc1Br)C,emolecules,Mol2406,704,407,129,107,-0.238072162,0.0000704,0.0000407,-4.152427341,-4.390405591,-0.23797825
44000683,44000683,CCc1c([n+](c2c([n+]1[O-])CCCCC2)[O-])-c1ccccc1,emolecules,Mol2407,152,447,107,109,0.469822016,0.0000152,0.0000447,-4.818156412,-4.349692477,0.468463935
316900455,316900455,Cn1cc(c(n1)C1CCCCC1)NC(=O)c1cnn2cccnc12,emolecules,Mol2408,227,279,95,91,0.089905111,0.0000227,0.0000279,-4.643974143,-4.554395797,0.089578346
50347915,50347915,Cn1c(nnc1C1CC1)SCOCc1ccccc1,emolecules,Mol2409,413,235,98,90,-0.244125144,0.0000413,0.0000235,-4.384049948,-4.628932138,-0.244882189
177470998,177470998,COc1cc(cc(c1OC)OC)-c1ccc(cn1)Cn1nc(cc1C)C,emolecules,Mol2410,196,323,78,81,0.217483944,0.0000196,0.0000323,-4.707743929,-4.490797478,0.216946451
53833498,53833498,CC(C)CC(=O)N1CCC(CC1)CN1CCN(CC1)c1cc([nH]n1)C,emolecules,Mol2411,45.2,428,102,103,0.976808337,0.00000452,0.0000428,-5.344861565,-4.368556231,0.976305334
348408,348408,CC1=NN(CC2(O)CCN(CC2)Cc2cccs2)C(=O)C=C1,emolecules,Mol2412,77.7,328,102,105,0.625312451,0.00000777,0.0000328,-5.109578981,-4.484126156,0.625452825
324396,324396,C=CCNc1ncc(c(n1)C1CC1)-c1cnccn1,emolecules,Mol2413,378,201,86,91,-0.274905479,0.0000378,0.0000201,-4.4225082,-4.696803943,-0.274295742
13656111,13656111,COCCNC(=O)C1=NN=C2N(CCN2c2ccccc2)C1=O,emolecules,Mol2414,15.35,141,106.5,92.5,0.979320697,0.000001535,0.0000141,-5.81389162,-4.850780887,0.963110733
276236010,276236010,CCC(C)(C)N1CCN(CC1)C(=O)NCCc1cc(no1)C,emolecules,Mol2415,55.2,396,112,108,0.856124444,0.00000552,0.0000396,-5.258060922,-4.402304814,0.855756108
177501206,177501206,CCCC1(CCC1)CNC(=O)CN1C=CC(=O)C=C1,emolecules,Mol2416,4.12,58.8,100,97,1.155336037,0.000000412,0.00000588,-6.385102784,-5.230622674,1.15448011
177503755,177503755,CN(Cc1ccncc1C)C(=O)NCCc1nc(cc(n1)C(F)(F)F)C,emolecules,Mol2417,9.03,470,102,108,1.716003344,0.000000903,0.000047,-6.04431225,-4.327902142,1.716410108
49950940,49950940,CN1CCC(CC1)CNC(=O)c1ncoc1-c1ccc(cc1)F,emolecules,Mol2418,166,291,104,101,0.245512668,0.0000166,0.0000291,-4.779891912,-4.536107011,0.243784901
13482608,13482608,COc1ccc2cc(ccc2c1)C(=O)NCc1nnc2n1CCCCC2,emolecules,Mol2419,15.3,537,100,109,1.546542663,0.00000153,0.0000537,-5.815308569,-4.270025714,1.545282855
3679149,3679149,Cc1cccc(c1)NC(=O)CSc1nncs1,emolecules,Mol2420,240,122,62,84,-0.292429824,0.000024,0.0000122,-4.619788758,-4.913640169,-0.293851411
53747118,53747118,CCOc1ccc(cc1)OCCN1CCN(CC1)C(=O)C,emolecules,Mol2421,373,251,117,98,-0.17327748,0.0000373,0.0000251,-4.428291168,-4.600326279,-0.17203511
177304918,177304918,COC1(CCN(CC1)Cc1ncccc1Cl)c1nc(no1)Cc1ccccc1,emolecules,Mol2422,372,283,101,84,-0.119186408,0.0000372,0.0000283,-4.42945706,-4.548213564,-0.118756504
82728603,82728603,CN(CCO)C(=O)c1ccc(cc1)-c1cccc(n1)C(F)(F)F,emolecules,Mol2423,200,304,98,98,0.181843588,0.00002,0.0000304,-4.698970004,-4.517126416,0.181843588
177361051,177361051,COc1ccc(c(c1)CN1C=Nc2cn(nc2C1=O)C)OC,emolecules,Mol2424,155,397,183,102,0.408239965,0.0000155,0.0000397,-4.809668302,-4.401209493,0.408458809
177394614,177394614,CN(CC1CCN(CCO)CC1)C(=O)c1cc(nc(c1)C)C,emolecules,Mol2425,9.15,17.9,99,97,0.290034611,0.000000915,0.00000179,-6.038578906,-5.747146969,0.291431937
31834534,31834534,CN1CC(=O)N(CC(=O)Nc2ccc(c(c2)C)C)C1=O,emolecules,Mol2426,114,434,102,114,0.579783597,0.0000114,0.0000434,-4.943095149,-4.36251027,0.580584878
177505100,177505100,CCn1nc(c2ccccc12)CNC(=O)c1nc(c[nH]1)C,emolecules,Mol2427,76.2,409,75,87,0.729974286,0.00000762,0.0000409,-5.118045029,-4.388276692,0.729768337
313515615,313515615,Fc1cc(c(nc1Cl)Cl)C1=CC(=O)n2nc(c(c2N1)-c1ccccc1)C(F)(F)F,emolecules,Mol2428,204.47,373.78,70,85.5,0.257678575,0.000020447,0.000037378,-4.689370403,-4.42738394,0.261986463
16223443,16223443,CCOc1ccc(cc1)CNC(=O)Cn1ccc2cc(ccc12)S(=O)(=O)N1CCCC1,emolecules,Mol2429,30.2,358,63,70,1.075546961,0.00000302,0.0000358,-5.519993057,-4.446116973,1.073876084
49968158,49968158,CN(Cc1ccc(nc1)N)c1ccnc(n1)C,emolecules,Mol2430,68.4,300,82,93,0.64246452,0.00000684,0.00003,-5.164943898,-4.522878745,0.642065153
53798259,53798259,COCCN(C)c1ccc(cn1)CN1CCOC2(CCCC2)C1,emolecules,Mol2431,416,258,125,105,-0.208309351,0.0000416,0.0000258,-4.380906669,-4.588380294,-0.207473625
232877422,232877422,CC(=O)N1CCC(CC1)CNc1nccc2cccnc12,emolecules,Mol2432,198,376,94,99,0.278753601,0.0000198,0.0000376,-4.70333481,-4.424812155,0.278522655
104336605,104336605,Cc1c(nnn1Cc1ccc(c(c1)Cl)Cl)C(=O)Nc1ccc(cc1)CO,emolecules,Mol2433,344,194,79,57,-0.248720896,0.0000344,0.0000194,-4.463441557,-4.71219827,-0.248756713
222782402,222782402,O=C(C1CC1)N1CCC(CC1)CNS(=O)(=O)N1CCCCCC1,emolecules,Mol2434,41.2,627,97,106,1.181843588,0.00000412,0.0000627,-5.385102784,-4.202732459,1.182370325
73029963,73029963,CN(Cc1ccc(cc1)CO)Cc1cc(c(c(c1)F)F)F,emolecules,Mol2435,592,251,125,85,-0.37161107,0.0000592,0.0000251,-4.227678293,-4.600326279,-0.372647985
177506030,177506030,CN(C)c1cncc(n1)-c1ccc(cc1)S(=O)(=O)N(C)C,emolecules,Mol2436,368,225,88,75,-0.214670165,0.0000368,0.0000225,-4.434152181,-4.647817482,-0.213665301
53819787,53819787,COC1=NN(Cc2noc3c2CCCC3)C(=O)C=C1,emolecules,Mol2437,429,346,114,108,-0.093664958,0.0000429,0.0000346,-4.367542708,-4.460923901,-0.093381193
53825026,53825026,CCC1=CC(=O)NC(=N1)SCCCCC1CCOCC1,emolecules,Mol2438,462,515,111,96,0.049218023,0.0000462,0.0000515,-4.335358024,-4.288192771,0.047165253
49343751,49343751,O=C(Nc1nnc2n1CCCC2)c1cscn1,emolecules,Mol2439,46.4,192,93,87,0.617000341,0.00000464,0.0000192,-5.333482019,-4.716698771,0.616783248
708404,708404,Cc1nsc(c1C#N)Nc1ccccc1,emolecules,Mol2440,134,49.3,35,62,-0.435333936,0.0000134,0.00000493,-4.872895202,-5.307153081,-0.434257879
177418075,177418075,COCC(C)(C)C(=O)N1CCCC2(CCNCC2)CC1,emolecules,Mol2441,9.31,40.1,101,96,0.63447727,0.000000931,0.00000401,-6.031050319,-5.396855627,0.634194692
82737563,82737563,CN1CCC(CC1)N(Cc1cccnc1)C(=O)NCCc1ccccc1C,emolecules,Mol2442,4.08,227,99,93,1.745855195,0.000000408,0.0000227,-6.389339837,-4.643974143,1.745365694
24034759,24034759,CCc1nnc([nH]1)Sc1nc2cc(nn2c2ccccc12)C,emolecules,Mol2443,150,182,64,90,0.08278537,0.000015,0.0000182,-4.823908741,-4.739928612,0.083980129
232900428,232900428,COCC(=O)Nc1ccc(cc1)NC(=O)Cc1cc(ccc1C)C,emolecules,Mol2444,225,269,84,91,0.079181246,0.0000225,0.0000269,-4.647817482,-4.57024772,0.077569762
344474,344474,CC(C)N(C(C)C)C(=O)CN1C=CC=C2C=C(N=C12)c1ccco1,emolecules,Mol2445,236,426,106,93,0.257678575,0.0000236,0.0000426,-4.627087997,-4.370590401,0.256497596
43881453,43881453,CN(CC(=O)Nc1cccc(c1C)C)CC1=Nc2ccccc2C(=O)N1,emolecules,Mol2446,27.4,481,88,94,1.245512668,0.00000274,0.0000481,-5.562249437,-4.317854924,1.244394514
50359676,50359676,CC1=NN(CCOc2ccc(c(c2)F)Cl)C(=O)C=C1,emolecules,Mol2447,386,264,91,88,-0.164943898,0.0000386,0.0000264,-4.413412695,-4.578396073,-0.164983378
31910305,31910305,Cc1nc(c(s1)C(=O)Nc1cccc(c1)-c1ccn[nH]1)C,emolecules,Mol2448,73.9,267,67,85,0.557507202,0.00000739,0.0000267,-5.131355562,-4.573488739,0.557866823
41482724,41482724,Cc1ncccc1NC(=O)OC(C)(C)C,emolecules,Mol2449,404,305,110,106,-0.122053048,0.0000404,0.0000305,-4.393618635,-4.515700161,-0.122081526
49969658,49969658,C(Nc1ncccn1)c1cnc(s1)-c1ccccn1,emolecules,Mol2450,354,227,98,92,-0.19314197,0.0000354,0.0000227,-4.450996738,-4.643974143,-0.192977405
1465672,1465672,C1CN(CCN1)c1nc(nc(n1)N1CCOCC1)Nc1ccccc1,emolecules,Mol2451,8.8,380,95,100,1.635483747,0.00000088,0.000038,-6.055517328,-4.420216403,1.635300924
49925402,49925402,NC(=O)c1csc(c1)CN1CCc2cc(ccc2C1)F,emolecules,Mol2452,250,172,76,87,-0.163675884,0.000025,0.0000172,-4.602059991,-4.764471553,-0.162411562
53839716,53839716,COC(=O)C1=NOC2(CCN(CCCCCF)CC2)C1,emolecules,Mol2453,298,138,83,73,-0.334419009,0.0000298,0.0000138,-4.525783736,-4.860120914,-0.334337178
222793392,222793392,CCCc1cc(on1)CNS(=O)(=O)c1cc(ccc1C)-c1cnc(o1)C,emolecules,Mol2454,65.8,507,75,87,0.886490725,0.00000658,0.0000507,-5.181774106,-4.294992041,0.886782066
222774264,222774264,CN(Cc1nncn1C)C1CCN(CC1)c1ccccc1F,emolecules,Mol2455,165,339,105,100,0.31386722,0.0000165,0.0000339,-4.782516056,-4.469800302,0.312715754
49947006,49947006,Cc1nc(n(n1)C)NCc1sccc1C,emolecules,Mol2457,328,261,109,97,-0.099632871,0.0000328,0.0000261,-4.484126156,-4.583359493,-0.099233336
48764100,48764100,CCc1nnc(c(c1CC)C#N)N1CCCO1,emolecules,Mol2458,390,291,112,103,-0.127261173,0.000039,0.0000291,-4.408935393,-4.536107011,-0.127171618
50283565,50283565,C1CC1c1cc(n[nH]1)Nc1ccnc(n1)Nc1ccc2nc[nH]c2c1,emolecules,Mol2459,29.9,80.55,97,85.5,0.445604203,0.00000299,0.000008055,-5.524328812,-5.093934455,0.430394356
11894372,11894372,O=C1NC2(CCCCC2)C(=O)N1Cc1csc(n1)-c1ccccc1,emolecules,Mol2460,279,322,80,75,0.06069784,0.0000279,0.0000322,-4.554395797,-4.492144128,0.062251668
48831858,48831858,Cc1ccc(o1)CCC(=O)Nc1nccc2sccc12,emolecules,Mol2462,297,138,75,72,-0.332547047,0.0000297,0.0000138,-4.527243551,-4.860120914,-0.332877363
197921,197921,Cc1cc(cc(n1)C1CCCN(C1)CC(=O)Nc1ccc(cc1)F)Nc1ncccn1,emolecules,Mol2463,14.5,121,,,0.920123326,0.00000145,0.0000121,-5.838631998,-4.91721463,0.921417368
48281626,48281626,O=C(NCC1(CC1)C1CC1)C1(CCCCC1)C#N,emolecules,Mol2464,338,241,96,92,-0.14691047,0.0000338,0.0000241,-4.4710833,-4.617982957,-0.146899658
19996324,19996324,O=C(CSc1ccc2c(c1)OCCO2)NC1CCCC1,emolecules,Mol2465,350,256,92,90,-0.13667714,0.000035,0.0000256,-4.455931956,-4.591760035,-0.135828079
82728121,82728121,Cc1cc2nc([nH]c2cc1C)CCC(=O)N1CCc2n[nH]cc2C1,emolecules,Mol2466,4.85,116,96,96,1.380211242,0.000000485,0.0000116,-6.314258261,-4.935542011,1.378716251
290036652,290036652,COc1cccc(c1C(=O)N(C)CCCn1cccn1)C,emolecules,Mol2467,108,382,97,99,0.550228353,0.0000108,0.0000382,-4.966576245,-4.417936637,0.548639607
100221253,100221253,Clc1ccc(cc1)C(=O)N1CCC(CC1)c1nnc2n1CCCC2,emolecules,Mol2468,2.12,271,89,99,2.10720997,0.000000212,0.0000271,-6.673664139,-4.567030709,2.10663343
171790224,171790224,COc1cccc(c1)O[C@H]1CCN(CC[C@@H]1O)C(=O)c1cc(on1)-c1ccc(cc1)C |r|,emolecules,Mol2469,250,180,70,61,-0.142064735,0.000025,0.000018,-4.602059991,-4.744727495,-0.142667504
32278227,32278227,CC(C)c1cc(c(c(c1)C(C)C)CC(=O)NS(=O)(=O)Oc1c(cccc1C(C)C)C(C)C)C(C)C,emolecules,Mol2470,67.2,299,31,56,0.648360011,0.00000672,0.0000299,-5.172630727,-4.524328812,0.648301915
30066231,30066231,CC(C)Oc1cccc(c1)C(C)NC(=O)c1ccnc(c1)-n1cncn1,emolecules,Mol2471,100,182,,,0.257678575,0.00001,0.0000182,-5,-4.739928612,0.260071388
49970980,49970980,N#Cc1cc(ncn1)Oc1ccc2c(c1)CCC2,emolecules,Mol2472,587,239,126,86,-0.389339837,0.0000587,0.0000239,-4.231361899,-4.621602099,-0.3902402
48817782,48817782,Clc1cncc(c1Cl)NC(=O)c1cccc(n1)-n1cccn1,emolecules,Mol2473,43.8,3.93,20,44,-1.047207557,0.00000438,0.000000393,-5.358525889,-6.40560745,-1.04708156
49064514,49064514,CC1CCC(O)(CC1)CSc1nnnn1C1CC1,emolecules,Mol2474,429,264,105,92,-0.210419288,0.0000429,0.0000264,-4.367542708,-4.578396073,-0.210853365
232861763,232861763,CCOCC(=O)Nc1cccc(c1)CN1CCCC1,emolecules,Mol2475,128,296,104,95,0.36361198,0.0000128,0.0000296,-4.89279003,-4.528708289,0.364081741
49081113,49081113,CC(C)(C)c1cnc(o1)CN1CCC(=O)Nc2cc(ccc21)F,emolecules,Mol2476,213,409,88,92,0.283301229,0.0000213,0.0000409,-4.671620397,-4.388276692,0.283343705
133851,133851,Cc1ccc2n(c(cc2c1)C(=O)N1CCOC(C1)C(=O)N1CCc2ccccc2C1)C,emolecules,Mol2477,116,278,70,68,0.378397901,0.0000116,0.0000278,-4.935542011,-4.555955204,0.379586807
177473520,177473520,CN(CCOc1cc(cc(c1)C)C)C(=O)NCCN1CCCCC1=O,emolecules,Mol2478,20,584,95,106,1.465382851,0.000002,0.0000584,-5.698970004,-4.233587153,1.465382851
1933753,1933753,CN1CCC(=C2c3ccccc3CCc3sccc32)CC1,emolecules,Mol2479,168,145,59,80,-0.064492734,0.0000168,0.0000145,-4.774690718,-4.838631998,-0.063941279
232884320,232884320,CN1CCC(CC1)CNc1nccc2cccnc12,emolecules,Mol2480,189,161,98,93,-0.068542129,0.0000189,0.0000161,-4.723538196,-4.793174124,-0.069635928
53802705,53802705,COc1cccc(n1)CN(C)c1cc(ncn1)N1CCCC1,emolecules,Mol2481,384,262,98,90,-0.165579296,0.0000384,0.0000262,-4.415668776,-4.581698709,-0.166029933
300566847,300566847,CCN(CC)C(=O)c1ccc(cc1)C1=CC2(CCNCC2)Oc2cccc(c21)O,emolecules,Mol2482,1.78,37.2,96,102,1.320146286,0.000000178,0.00000372,-6.749579998,-5.42945706,1.320122938
177420398,177420398,CC(C)Cc1n[nH]c(n1)-c1ccc(cc1)N1CCN(C)CC1,emolecules,Mol2483,127,426,110,108,0.526339277,0.0000127,0.0000426,-4.896196279,-4.370590401,0.525605878
222760164,222760164,CN(C)C(=O)c1cncc(n1)N(C)CCN(C)C1CCCC1,emolecules,Mol2484,16.7,337,98,85,1.305351369,0.00000167,0.0000337,-5.777283529,-4.472370099,1.30491343
48760016,48760016,CCc1ccc(o1)CNc1nncs1,emolecules,Mol2485,464,309,111,96,-0.176525771,0.0000464,0.0000309,-4.333482019,-4.510041521,-0.176559501
MCULE-7418747203,,Cc1noc(c1CSC(=N)N1CCOCC1)C,mcule,Mol2486,150,182,87,80,0.08278537,0.000015,0.0000182,-4.823908741,-4.739928612,0.083980129
38281327,38281327,OC(=O)Cc1ccc(cc1)Oc1ccncc1,emolecules,Mol2487,20.7,24.8,97,101,0.079181246,0.00000207,0.00000248,-5.684029655,-5.605548319,0.078481335
53800443,53800443,CCc1[nH]nc(c1C)NC1CCC(CC1)C(=O)OC,emolecules,Mol2488,313,258,101,96,-0.083019953,0.0000313,0.0000258,-4.504455662,-4.588380294,-0.083924632
44462124,44462124,CN(C)CC(=O)N1CCC(CC1)c1ccc(c(c1)C1=CCCCC1)NC(=O)c1nc(c[nH]1)C#N,emolecules,Mol2489,9.1,388,109,102,1.629409599,0.00000091,0.0000388,-6.040958608,-4.411168274,1.629790333
181759,181759,CNCc1cc(nc(n1)C1CCCN1C(=O)COc1ccccc1OC)NC,emolecules,Mol2490,6.79,8.12,98,97,0.079181246,0.000000679,0.000000812,-6.168130226,-6.090443971,0.077686255
49829589,49829589,NC(=O)CCCSc1nc(nc(n1)-c1c(cc2c3c(cccc13)COC2)Cl)N,emolecules,Mol2491,31.3,345,93,85,1.041392685,0.00000313,0.0000345,-5.504455662,-4.462180905,1.042274758
89942347,89942347,CC(C)(O)Cn1nc(c2c(c(nnc12)-c1ccccc1)Cl)-c1ccccc1,emolecules,Mol2492,182,132,51,54,-0.139661993,0.0000182,0.0000132,-4.739928612,-4.879426069,-0.139497457
45697439,45697439,Cn1ccc(n1)CSc1n[nH]c(n1)-c1cc(cc(c1)F)F,emolecules,Mol2493,305,177,66,69,-0.236572006,0.0000305,0.0000177,-4.515700161,-4.752026734,-0.236326573
232862115,232862115,COc1ccccc1-c1cc(nc(n1)-c1ncccn1)C(C)(C)C,emolecules,Mol2494,225,445,95,94,0.29666519,0.0000225,0.0000445,-4.647817482,-4.351639989,0.296177493
290024482,290024482,COc1ccc(cc1)OCc1n[nH]c(n1)-c1n[nH]c2c1CCC2,emolecules,Mol2495,150,329,76,82,0.342422681,0.000015,0.0000329,-4.823908741,-4.482804102,0.341104639
49317565,49317565,OC1(CCCCC1)Cc1nc(no1)-c1ccsc1,emolecules,Mol2497,396,223,105,92,-0.248720896,0.0000396,0.0000223,-4.402304814,-4.651695137,-0.249390323
49316037,49316037,N#Cc1ccc2nc(ccc2c1)NCCn1ccnc1,emolecules,Mol2498,68.2,326,101,99,0.679427897,0.00000682,0.0000326,-5.166215625,-4.4867824,0.679433225
44018989,44018989,CN(CC1=CC(=O)N(C)C(=O)N1C)Cc1cccc(c1Cl)Cl,emolecules,Mol2499,409,339,96,88,-0.081445469,0.0000409,0.0000339,-4.388276692,-4.469800302,-0.08152361
131231,131231,CC1=NN(CC(=O)N2CCC(C2)c2cc(cc(n2)C)Nc2ccc(cn2)F)C(=O)C=C1,emolecules,Mol2500,4.26,127,,,1.475671188,0.000000426,0.0000127,-6.370590401,-4.896196279,1.474394122
44097664,44097664,Cc1ccc(c(c1)C)C(=O)C1CCN(CC1)CC(=O)NC(=O)Nc1ccccc1,emolecules,Mol2501,246,138,62,49,-0.252588192,0.0000246,0.0000138,-4.609064893,-4.860120914,-0.251056021
31406035,31406035,CN1CCNc2nc3ccccc3nc21,emolecules,Mol2502,344,231,89,94,-0.17327748,0.0000344,0.0000231,-4.463441557,-4.63638802,-0.172946463
49960790,49960790,CC1(C)CCCN1C(=O)c1c(cc(cc1F)C#N)F,emolecules,Mol2503,363,241,105,98,-0.178486472,0.0000363,0.0000241,-4.440093375,-4.617982957,-0.177889582
171813413,171813413,C[C@]1(O)CN(CC[C@@H]1Oc1ccccc1)C(=O)CN1C=Nc2ccccc2C1=O |r|,emolecules,Mol2504,32.2,376,78,96,1.068185862,0.00000322,0.0000376,-5.492144128,-4.424812155,1.067331973
222754040,222754040,CCN(C)S(=O)(=O)N(C)Cc1cnc2ccccc2c1,emolecules,Mol2505,307,202,79,85,-0.181774106,0.0000307,0.0000202,-4.512861625,-4.694648631,-0.181787006
313144331,313144331,N#Cc1ccc2ncnc(c2c1)N[C@H]1CC[C@@H](CC1)N1CCOCC1 |r|,emolecules,Mol2506,10.6,260,92,101,1.390935107,0.00000106,0.000026,-5.974694135,-4.585026652,1.389667483
887222,887222,C1CN(CCO1)c1nc(nc(n1)N1CCOCC1)Nc1ccccc1,emolecules,Mol2507,159,79.7,53,70,-0.299296283,0.0000159,0.00000797,-4.798602876,-5.098541679,-0.299938803
171818496,171818496,CO[C@@H]1CC[C@H]([C@H]1O)N(C)C(=O)COc1c(cccc1C)C |r|,emolecules,Mol2508,181,302,105,100,0.222716471,0.0000181,0.0000302,-4.742321425,-4.519993057,0.222328368
49008924,49008924,CN(CC1CCC1)C(=O)C1CCN(CC1)c1ccc2nncn2n1,emolecules,Mol2509,41.2,478,95,107,1.064457989,0.00000412,0.0000478,-5.385102784,-4.320572103,1.064530681
49973152,49973152,Cc1ccc(c(n1)NCc1ccccc1-n1ccnc1)C#N,emolecules,Mol2510,207,365,81,85,0.245512668,0.0000207,0.0000365,-4.684029655,-4.437707136,0.246322519
49307933,49307933,Cc1noc(n1)COc1cccnc1C,emolecules,Mol2511,416,294,114,105,-0.151195299,0.0000416,0.0000294,-4.380906669,-4.53165267,-0.150746
232872526,232872526,Cc1cc(cnc1C)C(=O)NCC1CCN(CC1)c1ccc2ccccc2n1,emolecules,Mol2512,149,327,74,62,0.340444115,0.0000149,0.0000327,-4.826813732,-4.485452247,0.341361484
276241702,276241702,CC(C)Cc1ccccc1CNCc1ccc2[nH]cnc2c1,emolecules,Mol2513,41,298,88,91,0.860338007,0.0000041,0.0000298,-5.387216143,-4.525783736,0.861432407
31507466,31507466,Cc1cc(no1)-c1nncc2c(c(nn12)OCc1ncnn1C)C(C)(C)C,emolecules,Mol2514,57.9,465,96,103,0.905256049,0.00000579,0.0000465,-5.237321436,-4.332547047,0.904774389
53829602,53829602,OCc1nnc(n1C1CC1)SCCSC1CCCCC1,emolecules,Mol2516,271,530,104,97,0.292256071,0.0000271,0.000053,-4.567030709,-4.27572413,0.291306579
2711872,2711872,CC(C)CCNC(=O)CSc1nc2ccccc2[nH]1,emolecules,Mol2517,105,416,81,88,0.599883072,0.0000105,0.0000416,-4.978810701,-4.380906669,0.597904032
30663852,30663852,O=C(CSc1ccccn1)N1CCSc2ccccc21,emolecules,Mol2518,463,271,98,72,-0.232102384,0.0000463,0.0000271,-4.334419009,-4.567030709,-0.2326117
30194144,30194144,COc1ccccc1C(=O)CSc1nncn1C1CC1,emolecules,Mol2519,285,370,104,99,0.113943352,0.0000285,0.000037,-4.54515514,-4.431798276,0.113356864
73004431,73004431,OCCC1(CC1)CNc1ncc(cn1)Br,emolecules,Mol2520,409,276,107,95,-0.171340103,0.0000409,0.0000276,-4.388276692,-4.559090918,-0.170814226
222769009,222769009,CC(C)Cc1cc(n[nH]1)CN1CCN(CC1)S(=O)(=O)N1CCOCC1,emolecules,Mol2521,21.6,504,104,106,1.367355921,0.00000216,0.0000504,-5.665546249,-4.297569464,1.367976785
53835106,53835106,CSc1cnc(nc1)N1CCCN(CC1)c1ncc(cn1)SC,emolecules,Mol2522,645,417,130,90,-0.188424994,0.0000645,0.0000417,-4.190440285,-4.379863945,-0.18942366
49935944,49935944,COc1cc(cc(c1)N1CCC(CC1)NCC1(C)CCOCC1)OC,emolecules,Mol2523,196,302,111,103,0.190331698,0.0000196,0.0000302,-4.707743929,-4.519993057,0.187750872
48750988,48750988,CN(C(=O)CSC(C)(C)C)c1ccccc1C#N,emolecules,Mol2524,373,302,108,108,-0.092588639,0.0000373,0.0000302,-4.428291168,-4.519993057,-0.091701889
82712955,82712955,CC(C)Oc1ccc(cc1)C1(CCCC1)C(=O)NC1CCS(=O)(=O)CC1,emolecules,Mol2525,13.6,516,89,109,1.57863921,0.00000136,0.0000516,-5.866461092,-4.287350298,1.579110793
89937183,89937183,C[C@@H]1CC(=O)Nc2cccc(c2N1)-c1ccc2n(nc(c2c1)-c1cnn(c1)C)C |r|,emolecules,Mol2526,7.44,426,81,94,1.758154622,0.000000744,0.0000426,-6.128427064,-4.370590401,1.757836664
425292,425292,COc1ccc(cc1OC)CN[C@@H]1CCC[C@H]1Cc1cc(no1)C |r|,emolecules,Mol2527,112,370,111,105,0.51851394,0.0000112,0.000037,-4.950781977,-4.431798276,0.518983701
82711525,82711525,Cc1cc(c2ccc(cc2n1)C(=O)N1CCN(CC1)C1=NC=CNC1=O)C,emolecules,Mol2528,8.15,537,106,113,1.818885415,0.000000815,0.0000537,-6.088842391,-4.270025714,1.818816677
48295458,48295458,Cn1ccnc1-c1noc(n1)NCc1ccccc1,emolecules,Mol2529,280,338,106,102,0.08278537,0.000028,0.0000338,-4.552841969,-4.4710833,0.081758669
45634538,45634538,CONC(=O)c1c(nn(c1Cl)C)C,emolecules,Mol2530,233,202,90,112,-0.061480275,0.0000233,0.0000202,-4.632644079,-4.694648631,-0.062004552
49954362,49954362,Fc1ccc(c(c1F)C(=O)NCC1CCN(CC1)CC#N)F,emolecules,Mol2533,108,191,62,62,0.245512668,0.0000108,0.0000191,-4.966576245,-4.718966633,0.247609612
49127244,49127244,NS(=O)(=O)N1CCN(CC1)Cc1c(cccc1N1CCCC1)F,emolecules,Mol2534,256,447,102,95,0.243038049,0.0000256,0.0000447,-4.591760035,-4.349692477,0.242067558
48934153,48934153,CN(CCOc1ccccc1)CC(=O)NCCc1ccccc1,emolecules,Mol2535,415,302,95,82,-0.137868621,0.0000415,0.0000302,-4.381951903,-4.519993057,-0.138041154
36436988,36436988,CSc1nccc(n1)N1Cc2cnn(c2C1)Cc1ccc(cc1)F,emolecules,Mol2536,325,188,77,57,-0.237321436,0.0000325,0.0000188,-4.488116639,-4.725842151,-0.237725512
49139618,49139618,COCc1ccccc1COC(=O)c1ccc(nc1)C,emolecules,Mol2537,326,198,74,84,-0.216096421,0.0000326,0.0000198,-4.4867824,-4.70333481,-0.21655241
49979686,49979686,Cc1ccnc(c1C#N)N1CC(O)(C1)c1ccc(cc1)F,emolecules,Mol2538,351,244,83,72,-0.15739076,0.0000351,0.0000244,-4.454692884,-4.612610174,-0.15791729
44811798,44811798,CCOC(=O)c1ccc(cc1)N1C=C(Cc2cnc(nc2)OCC)C(=O)N=C1SCc1ccc(cc1)F,emolecules,Mol2539,11.6,243,60,55,1.318063335,0.00000116,0.0000243,-5.935542011,-4.614393726,1.321148284
49934120,49934120,OCC1CN(C1)c1nc2cc(ccc2o1)F,emolecules,Mol2541,409,288,109,93,-0.152427341,0.0000409,0.0000288,-4.388276692,-4.540607512,-0.15233082
25678159,25678159,Cn1ncnc1COc1nn2c(nnc2cc1C(C)(C)C)-c1cc(ccc1F)F,emolecules,Mol2542,87.8,510,105,103,0.764176132,0.00000878,0.000051,-5.056505484,-4.292429824,0.76407566
48786468,48786468,COc1nccnc1N1CCC(CC1)C(=O)Nc1cccc(c1)F,emolecules,Mol2543,126,79.2,39,69,-0.201349355,0.0000126,0.00000792,-4.899629455,-5.101274818,-0.201645364
43947755,43947755,COc1ccccc1CNC1=C(Cl)C(=O)NN=C1,emolecules,Mol2544,257,333,95,91,0.113943352,0.0000257,0.0000333,-4.590066877,-4.477555766,0.11251111
424596,424596,CC(C)NC(=O)C1(CCOCC1)Cc1ccccc1-c1ccncc1,emolecules,Mol2545,9.41,487,110,104,1.713490543,0.000000941,0.0000487,-6.026410377,-4.312471039,1.713939338
82737339,82737339,NCCOc1cccc(c1)CC(=O)N1CCC(F)(F)CC1,emolecules,Mol2546,12.3,239,105,103,1.28780173,0.00000123,0.0000239,-5.910094889,-4.621602099,1.28849279
73019382,73019382,CN(C)C1(CCOCC1)CNC(=O)N1CCC=C(C1)c1ccccc1,emolecules,Mol2547,12.8,455,103,99,1.550228353,0.00000128,0.0000455,-5.89279003,-4.341988603,1.550801427
49012602,49012602,CCOC1CCN(CC1)c1ccnc(c1)C(=O)NCc1ccccc1,emolecules,Mol2548,396,193,90,73,-0.311580178,0.0000396,0.0000193,-4.402304814,-4.714442691,-0.312137877
49963976,49963976,CCCNC(=O)C1(CCCCC1)NCc1cncnc1,emolecules,Mol2549,63.7,475,100,104,0.872738827,0.00000637,0.0000475,-5.195860568,-4.32330639,0.872554177
82702429,82702429,COc1ccc(cc1)-c1ccc(cn1)Cn1nc(cc1C)C,emolecules,Mol2550,468,224,100,72,-0.319664487,0.0000468,0.0000224,-4.329754147,-4.649751982,-0.319997835
48798145,48798145,Fc1ccc(cc1)CCNc1ncnc2ncccc12,emolecules,Mol2551,154,361,94,101,0.371067862,0.0000154,0.0000361,-4.812479279,-4.442492798,0.369986481
48931485,48931485,CN(CC(=O)Nc1cccc(c1)S(=O)(=O)N1CCCC1)C1CCCCC1,emolecules,Mol2552,136,312,86,82,0.359835482,0.0000136,0.0000312,-4.866461092,-4.505845406,0.360615686
49383435,49383435,CCCCOc1nc(c2c(n1)N(CC(=O)N2)Cc1cccc(c1)CN1CCCC1)N,emolecules,Mol2553,51.5,283,157,131,0.739572344,0.00000515,0.0000283,-5.288192771,-4.548213564,0.739979206
31908762,31908762,NC(=O)c1cccc(c1)CN1C=Nc2c(oc3ccccc23)C1=O,emolecules,Mol2554,26.8,372,91,103,1.1430148,0.00000268,0.0000372,-5.571865206,-4.42945706,1.142408146
24053614,24053614,CN1C(=O)N(Cc2cccnc2)C(=O)c2ccc(nc21)C(F)(F)F,emolecules,Mol2555,423,273,110,90,-0.190440285,0.0000423,0.0000273,-4.373659633,-4.563837353,-0.19017772
53798267,53798267,COCCN(C)c1ccc(cn1)CN1CCC2=NN(C)C(=O)C=C2C1,emolecules,Mol2556,118,358,104,105,0.480006943,0.0000118,0.0000358,-4.928117993,-4.446116973,0.482001019
316272522,316272522,Cc1ccc(c(c1)OC[C@@]1(O)CN(CC[C@@H]1O)C1CCCC1)Cl |r|,emolecules,Mol2557,363,373,115,104,0.012837225,0.0000363,0.0000373,-4.440093375,-4.428291168,0.011802207
48749865,48749865,CN(Cc1nc2c(s1)CCCC2)c1cnccn1,emolecules,Mol2558,508,292,115,95,-0.239577517,0.0000508,0.0000292,-4.294136288,-4.534617149,-0.240480861
49964694,49964694,Cc1cc(ccc1F)CN1CC(O)(CC#N)C1,emolecules,Mol2559,340,205,116,101,-0.220403509,0.000034,0.0000205,-4.468521083,-4.688246139,-0.219725056
48759724,48759724,Cc1cc(nn1-c1ccc(cc1)F)C(=O)NC(C)(C)C#N,emolecules,Mol2560,190,256,75,89,0.130333768,0.000019,0.0000256,-4.721246399,-4.591760035,0.129486364
44053085,44053085,COc1cccc(c1)C(=O)NCC(=O)Nc1cccc2c1CCCC2,emolecules,Mol2561,198,256,63,74,0.113943352,0.0000198,0.0000256,-4.70333481,-4.591760035,0.111574775
232887473,232887473,Clc1cccc(c1Cc1n[nH]c(n1)CCCn1cccn1)Cl,emolecules,Mol2562,38.7,515,88,98,1.123851641,0.00000387,0.0000515,-5.412289035,-4.288192771,1.124096264
LN01265151,LN01265151,C[C@]12C=CC3=C4CCC(=O)C=C4CC[C@H]3[C@@H]1CC[C@@]2(O)CC=C |r|,labnetworkBB,Mol2565,493,375,99,75,-0.118615343,0.0000493,0.0000375,-4.307153081,-4.425968732,-0.118815652
11880948,11880948,CCN1CCN(CC1)c1ccc(cc1)Nc1ncnc2sccc12,emolecules,Mol2566,195,234,112,90,0.079181246,0.0000195,0.0000234,-4.709965389,-4.630784143,0.079181246
49293741,49293741,CN(C1CCN(CC1)Cc1cc(no1)C)c1ncc(cn1)Cl,emolecules,Mol2567,424,246,117,94,-0.236572006,0.0000424,0.0000246,-4.372634143,-4.609064893,-0.236430749
2460976,2460976,Cc1nc(c(s1)C(=O)Nc1ccc(c(c1)Cl)Cl)-c1ccccc1,emolecules,Mol2568,101,74,,,-0.13667714,0.0000101,0.0000074,-4.995678626,-5.13076828,-0.135089654
177377491,177377491,Cc1[nH]nc(c1C)CCC(=O)NCCCOC1CCCC1,emolecules,Mol2569,24.9,359,110,106,1.158362492,0.00000249,0.0000359,-5.603800653,-4.444905551,1.158895101
177453659,177453659,C1CN(CCC2(C1)CCNCC2)c1cnc2ccccc2n1,emolecules,Mol2570,13.1,438,108,102,1.522444234,0.00000131,0.0000438,-5.882728704,-4.358525889,1.524202815
421362,421362,Cc1ccccc1C(=O)N1CCC(O)(CC1)Cn1ccnc1C,emolecules,Mol2571,3.87,19.1,102,96,0.692846919,0.000000387,0.00000191,-6.412289035,-5.718966633,0.693322402
48383292,48383292,CC1(C)[C@H]2C[C@H]3Oc4c(ccc(c4C(=O)NCCNS(=O)(=O)C)O)[C@H](O)[C@@]3(O)[C@@H]1C2 |r|,emolecules,Mol2572,4.05,369,102,108,1.959041392,0.000000405,0.0000369,-6.392544977,-4.432973634,1.959571343
49083449,49083449,CCN1CCN(c2ccccc21)S(=O)(=O)c1c[nH]c(n1)C(C)C,emolecules,Mol2573,24.1,488,95,103,1.305351369,0.00000241,0.0000488,-5.617982957,-4.311580178,1.306402779
49354299,49354299,Cn1ncnc1NCc1cc(cc(c1)F)F,emolecules,Mol2575,395,299,116,98,-0.120904121,0.0000395,0.0000299,-4.403402904,-4.524328812,-0.120925907
177431642,177431642,O=C(NCC1(CCCC1)N1CCCCC1)c1cnn[nH]1,emolecules,Mol2576,2.81,89,108,106,1.501059262,0.000000281,0.0000089,-6.55129368,-5.050609993,1.500683687
53803937,53803937,CNC(=O)Cc1cccc(c1)OCCN1CCCCC1,emolecules,Mol2577,25.3,298,100,102,1.071882007,0.00000253,0.0000298,-5.596879479,-4.525783736,1.071095743
171975111,171975111,CC(=O)NC[C@H]1C[C@]2(C)[C@@H](CCCC[C@]2(C)O)N1CC1(O)CCCC1 |r|,emolecules,Mol2578,34.5,283,102,108,0.913283902,0.00000345,0.0000283,-5.462180905,-4.548213564,0.91396734
53829686,53829686,O=C(CSCCc1ccncc1)Nc1ccccc1,emolecules,Mol2579,170,137,57,83,-0.09420412,0.000017,0.0000137,-4.769551079,-4.863279433,-0.093728354
36627798,36627798,O=C(Cc1cn2ccccc2n1)N1CCC(CC1)N1C(=O)Nc2ccccc21,emolecules,Mol2581,7.06,171,,,1.385606274,0.000000706,0.0000171,-6.151195299,-4.76700389,1.384191409
232853784,232853784,CN1CCC(CC1)CN(C)c1nc(nc(c1Cl)O)C,emolecules,Mol2582,2.71,20.7,93,95,0.883093359,0.000000271,0.00000207,-6.567030709,-5.684029655,0.883001055
322812,322812,OC1(CCN(CC1)Cc1ccc(o1)-c1ccc(cc1)F)c1cccnc1F,emolecules,Mol2583,229,130,75,75,-0.244125144,0.0000229,0.000013,-4.640164518,-4.886056648,-0.24589213
53827576,53827576,CCN(CC(=O)N)CC(=O)N1c2ccccc2CCc2ccccc21,emolecules,Mol2584,17,492,101,105,1.460897843,0.0000017,0.0000492,-5.769551079,-4.308034897,1.461516181
177475488,177475488,CS(=O)(=O)NCc1cc2n(n1)CCN(C2)C1Cc2ccccc2C1,emolecules,Mol2585,156,455,103,111,0.465382851,0.0000156,0.0000455,-4.806875402,-4.341988603,0.464886798
49916996,49916996,Cc1cc(ncc1Br)N(CCO)CCCO,emolecules,Mol2586,437,335,128,102,-0.11577123,0.0000437,0.0000335,-4.359518563,-4.474955193,-0.11543663
395728,395728,Cc1ccc(cc1)-c1cnn2c(cc(nc12)Cn1cccn1)O,emolecules,Mol2587,124,303,92,97,0.390935107,0.0000124,0.0000303,-4.906578315,-4.518557371,0.388020943
48263071,48263071,Cn1cc(cn1)C(C)(C)NC(=O)C#Cc1ccc2c(c1)OCO2,emolecules,Mol2588,99.2,386,84,96,0.589949601,0.00000992,0.0000386,-5.003488328,-4.413412695,0.590075633
177465976,177465976,Clc1ccc(nc1)C(=O)N1CCN(CCc2ccccc2)C(=O)C1,emolecules,Mol2589,348,385,113,94,0.041392685,0.0000348,0.0000385,-4.458420756,-4.41453927,0.043881486
39127879,39127879,Cc1ccc(c(c1)-c1noc(c1C)N)F,emolecules,Mol2590,476,249,94,75,-0.281498311,0.0000476,0.0000249,-4.322393047,-4.603800653,-0.281407606
276241705,276241705,CC(C)Cc1ccccc1CNCc1nc(c[nH]1)C,emolecules,Mol2591,82.5,359,100,94,0.652729696,0.00000825,0.0000359,-5.083546051,-4.444905551,0.6386405
82726817,82726817,COc1ccc(c(c1OC)OC)-c1nc(ccc1OC)C,emolecules,Mol2593,295,289,95,91,-0.008330993,0.0000295,0.0000289,-4.530177984,-4.539102157,-0.008924173
320451104,320451104,CNc1ccc(cc1)/C=C/c1ccc(nc1)OCCOCCOCCF,emolecules,Mol2594,697,371,136,87,-0.273272791,0.0000697,0.0000371,-4.156767222,-4.43062609,-0.273858868
49330914,49330914,C1CN(CCO1)Cc1nc(no1)-c1ccncc1,emolecules,Mol2595,393,288,116,107,-0.135488919,0.0000393,0.0000288,-4.40560745,-4.540607512,-0.135000063
177382586,177382586,Cc1ccc2[nH]c(nc2c1C)CNC(=O)c1ncoc1C,emolecules,Mol2596,87.5,209,60,86,0.378397901,0.00000875,0.0000209,-5.057991947,-4.679853714,0.378138233
68882212,68882212,COc1ccc(cc1-c1cccc(c1)C(=O)NCCN1CCCC1=O)Cl,emolecules,Mol2597,90.3,543,83,94,0.778874472,0.00000903,0.0000543,-5.04431225,-4.26520017,0.779112079
36811266,36811266,COc1ccc(c(c1)OC)C(=O)c1ccc(cc1)C,emolecules,Mol2598,370,170,83,57,-0.337242168,0.000037,0.000017,-4.431798276,-4.769551079,-0.337752803
33665609,33665609,COc1ccc(c(c1)OC)C(=O)c1ccc(cc1)Cl,emolecules,Mol2599,321,168,89,60,-0.282329497,0.0000321,0.0000168,-4.493494968,-4.774690718,-0.281195751
44105331,44105331,Cc1cccc(c1)N1CCN(CCCCNC(=O)c2c(cccc2F)F)CC1,emolecules,Mol2600,228,278,95,93,0.086359831,0.0000228,0.0000278,-4.642065153,-4.555955204,0.086109949
31232131,31232131,Cn1nc(c2ccc(cc12)Br)N,emolecules,Mol2601,359,258,85,88,-0.142667504,0.0000359,0.0000258,-4.444905551,-4.588380294,-0.143474743
53777863,53777863,COC(=O)C1=NOC2(CCN(CCC(C)(C)C)CC2)C1,emolecules,Mol2602,254,121,76,76,-0.324221658,0.0000254,0.0000121,-4.595166283,-4.91721463,-0.322048346
301023837,301023837,COc1cc(cc2c1OCO2)CN1CCCNCC1,emolecules,Mol2603,26,218,97,82,0.923244019,0.0000026,0.0000218,-5.585026652,-4.661543506,0.923483146
495451,495451,C1CN=C(Cc2ccccc2)N1,emolecules,Mol2604,195,70.5,123,96,-0.442492798,0.0000195,0.00000705,-4.709965389,-5.151810883,-0.441845494
49941012,49941012,Cc1cc(ccc1-c1nc(no1)CCn1c(nc2ccccc12)C)F,emolecules,Mol2605,376,262,87,68,-0.15739076,0.0000376,0.0000262,-4.424812155,-4.581698709,-0.156886554
171789496,171789496,Cc1ccc2oc(cc2c1)C(=O)N1CC[C@H](O)[C@H](CC1)N1CCOCC1 |r|,emolecules,Mol2606,188,462,104,101,0.390935107,0.0000188,0.0000462,-4.725842151,-4.335358024,0.390484126
49969712,49969712,C(Nc1ncccn1)c1cnc2ccsc2c1,emolecules,Mol2607,403,237,109,89,-0.229884705,0.0000403,0.0000237,-4.394694954,-4.625251654,-0.2305567
49945104,49945104,Cc1nn(c2ncc(cc12)CNc1ccon1)C,emolecules,Mol2608,313,269,104,97,-0.066512712,0.0000313,0.0000269,-4.504455662,-4.57024772,-0.065792058
425314,425314,CCOc1ccc(cc1OC)CN[C@@H]1CCC[C@H]1Cc1cc(no1)C |r|,emolecules,Mol2609,122,312,113,96,0.40654018,0.0000122,0.0000312,-4.913640169,-4.505845406,0.407794763
177386071,177386071,CC(C)C(=O)N1CCn2nc(cc2C1)CNC1CCc2ccccc2CC1,emolecules,Mol2610,15.3,414,101,103,1.432969291,0.00000153,0.0000414,-5.815308569,-4.382999659,1.43230891
222758924,222758924,CCCn1cnnc1CN(C)Cc1cc(on1)C(C)C,emolecules,Mol2611,29.6,453,99,100,1.184691431,0.00000296,0.0000453,-5.528708289,-4.343901798,1.184806491
49067448,49067448,CC1(CCCC1)CNC(=O)N1CCN(CC1)Cc1ccon1,emolecules,Mol2612,196,405,106,104,0.315970345,0.0000196,0.0000405,-4.707743929,-4.392544977,0.315198952
97290253,97290253,CCCS(=O)(=O)c1nc(cc(n1)-c1ccc2n(ccc2c1)C1CC(C)(C)NC(C)(C)C1)NC1CC1,emolecules,Mol2613,6.22,217,90,78,1.542825427,0.000000622,0.0000217,-6.206209615,-4.663540266,1.542669349
82742019,82742019,Cc1cc(c2c(cc(nc2c1)C)C(=O)N1CC2(CNC(=O)N2)C1)C,emolecules,Mol2614,2.24,19,94,100,0.927370363,0.000000224,0.0000019,-6.649751982,-5.721246399,0.928505583
44508995,44508995,CN(C)S(=O)(=O)CCCN1CCc2ccccc2CC1,emolecules,Mol2615,372,223,113,97,-0.22184875,0.0000372,0.0000223,-4.42945706,-4.651695137,-0.222238077
872402,872402,COc1ccc2c(c1OC)CN1CCc3cc(c(cc3[C@@H]1C2)OC)OC |r|,emolecules,Mol2616,340,185,101,82,-0.266000713,0.000034,0.0000185,-4.468521083,-4.732828272,-0.264307189
29703109,29703109,CN(C)c1ccnc2sc3c(c12)N=CN(N1CCCCCC1)C3=O,emolecules,Mol2617,133,409,94,104,0.487138375,0.0000133,0.0000409,-4.876148359,-4.388276692,0.487871667
181799,181799,CNCc1cc(nc(n1)C1CCCN1C(=O)CCc1c[nH]c2ccccc12)N(C)C,emolecules,Mol2618,1.18,41.3,103,98,1.545307116,0.000000118,0.00000413,-6.928117993,-5.384049948,1.544068044
48876547,48876547,CCn1c(cc2c1nc(c1ncn(c12)C)Nc1cc(n(n1)C)C)C(=O)N(C1CC1)C1CC1,emolecules,Mol2619,19.2,403,66,88,1.322219295,0.00000192,0.0000403,-5.716698771,-4.394694954,1.322003817
177414009,177414009,CC(C)c1cc(nc(n1)C)-c1ccc(cc1)S(=O)(=O)N(C)C,emolecules,Mol2620,371,248,99,83,-0.174573882,0.0000371,0.0000248,-4.43062609,-4.605548319,-0.174922229
177370206,177370206,Cc1cc(n2nc(c(c2n1)C(=O)NCCc1nnc(s1)C)C)C,emolecules,Mol2621,78.4,509,98,105,0.812244697,0.00000784,0.0000509,-5.105683937,-4.293282218,0.81240172
222754320,222754320,CN(C)S(=O)(=O)CCCN1CCC(CC1)CCC(=O)N,emolecules,Mol2622,36.2,15.4,103,101,-0.37161107,0.00000362,0.00000154,-5.441291429,-5.812479279,-0.37118785
49122070,49122070,Cc1cccc(c1CNC1(CCO)CCOCC1)C,emolecules,Mol2623,304,296,117,102,-0.012333735,0.0000304,0.0000296,-4.517126416,-4.528708289,-0.011581873
32398880,32398880,CCOc1cccc(c1)-c1cccc(n1)N,emolecules,Mol2624,103,57.5,25,45,-0.252588192,0.0000103,0.00000575,-4.987162775,-5.240332155,-0.25316938
48217798,48217798,CN(Cc1ccc(cc1)C(=O)O)C(=O)c1ccnn1C,emolecules,Mol2625,9.08,6.02,107,106,-0.178486472,0.000000908,0.000000602,-6.041914151,-6.220403509,-0.178489357
49067788,49067788,CCN(CC)CC(=O)Nc1ccc(cc1)Oc1ccc(nn1)C,emolecules,Mol2626,193,313,110,98,0.209515015,0.0000193,0.0000313,-4.714442691,-4.504455662,0.209987029
48760058,48760058,CC(C)c1nnc(o1)NCc1cc(cc(c1)F)F,emolecules,Mol2627,352,277,99,97,-0.104577454,0.0000352,0.0000277,-4.453457337,-4.557520231,-0.104062894
171813207,171813207,CC(C)C[C@]1(O)CCN(C[C@@H]1Oc1ccc(cc1)F)C(=O)c1[nH]c2c(cc(cc2c1C)C)C |r|,emolecules,Mol2628,48.9,239,26,43,0.689308859,0.00000489,0.0000239,-5.310691141,-4.621602099,0.689089042
50614022,50614022,CSc1ccccc1S(=O)(=O)NC1CCC(CC1)CN(C)C,emolecules,Mol2629,40.2,358,106,108,0.949877704,0.00000402,0.0000358,-5.395773947,-4.446116973,0.949656974
49323875,49323875,CN(C)c1ncc(cn1)CN(C)c1cccc(n1)C,emolecules,Mol2630,390,300,97,104,-0.11407366,0.000039,0.00003,-4.408935393,-4.522878745,-0.113943352
1392865,1392865,CCc1sc(nc1-c1ccc(cc1)OC)N,emolecules,Mol2631,365,206,79,65,-0.249491605,0.0000365,0.0000206,-4.437707136,-4.68613278,-0.248425644
335958,335958,Fc1ccc(c(c1)CN1CCN2C(=Nc3ccsc3C2=O)CC1)F,emolecules,Mol2632,537,249,114,78,-0.334419009,0.0000537,0.0000249,-4.270025714,-4.603800653,-0.333774939
222756631,222756631,COc1ccc(c(c1)S(=O)(=O)NCCC(=O)Nc1ccccc1C)OC,emolecules,Mol2633,23.9,476,88,99,1.298853076,0.00000239,0.0000476,-5.621602099,-4.322393047,1.299209052
177454167,177454167,CCOCCC(=O)N1CCC2(CCCN(C)CC2)CC1,emolecules,Mol2634,62.5,183,108,102,0.465382851,0.00000625,0.0000183,-5.204119983,-4.73754891,0.466571072
177428613,177428613,Cc1n[nH]c(n1)C1CCN(CC1)C(=O)NC1CCN(CC1)c1ccc(cc1)F,emolecules,Mol2635,8.08,185,99,105,1.359835482,0.000000808,0.0000185,-6.092588639,-4.732828272,1.359760368
177450733,177450733,COCCc1noc(n1)CN(C)C(=O)c1ccc2c(c1)CCC2,emolecules,Mol2636,393,319,110,101,-0.090443971,0.0000393,0.0000319,-4.40560745,-4.496209317,-0.090601867
36655350,36655350,OCCN1CCN(CC1)c1ccnc2ccc(cc12)Br,emolecules,Mol2637,178,310,93,100,0.240549248,0.0000178,0.000031,-4.749579998,-4.508638306,0.240941692
48258569,48258569,Cc1cccc(c1OCCn1nnnc1C)C,emolecules,Mol2638,397,261,109,96,-0.18243463,0.0000397,0.0000261,-4.401209493,-4.583359493,-0.182149999
232795278,232795278,OCC1=Cc2cc3c(cc2N(Cc2ccccn2)C1=O)CCC3,emolecules,Mol2639,287,400,111,97,0.1430148,0.0000287,0.00004,-4.542118103,-4.397940009,0.144178095
232865232,232865232,COc1cccc(c1)Oc1ccc(cn1)NC(=O)CN1CCCCC1=O,emolecules,Mol2640,36.7,498,91,100,1.133538908,0.00000367,0.0000498,-5.435333936,-4.302770657,1.132563279
49383383,49383383,C[C@H](NC(=O)CCC(F)(F)F)C(=O)N[C@@H]1C(=O)N(CCO)c2ncccc2-c2ccccc21 |r|,emolecules,Mol2644,5.1,123,99,98,1.380211242,0.00000051,0.0000123,-6.292429824,-4.910094889,1.382334935
49435320,49435320,CNc1nc(nc(n1)N[C@H]1CCC[C@H](C1)C(=O)NCc1ccc(cc1C(F)(F)F)C#N)C |r|,emolecules,Mol2645,3.42,369,98,94,2.033423755,0.000000342,0.0000369,-6.465973894,-4.432973634,2.03300026
53747827,53747827,Fc1ccc(cc1F)CN1C=Nc2c(oc3ccccc23)C1=O,emolecules,Mol2647,304,163,72,58,-0.270025714,0.0000304,0.0000163,-4.517126416,-4.787812396,-0.270685979
53750832,53750832,COc1cccc(c1)CC1=Nc2sc3c(c2C(=O)N1)CCSC3,emolecules,Mol2648,122,125,31,47,0.008600172,0.0000122,0.0000125,-4.913640169,-4.903089987,0.010550182
49337535,49337535,Cc1cc(ncn1)NCC1(CC1)c1ccncc1,emolecules,Mol2650,142,354,119,105,0.396199347,0.0000142,0.0000354,-4.847711656,-4.450996738,0.396714918
48955399,48955399,CC(C)c1ccc(cc1)CN1CCN(CC1)C(=O)C1CCN(CC1)C(=O)C1CC1,emolecules,Mol2651,152,403,99,100,0.423245874,0.0000152,0.0000403,-4.818156412,-4.394694954,0.423461458
48210605,48210605,C(Cn1ccnc1)Nc1cnc2ccccc2n1,emolecules,Mol2652,101,352,102,102,0.544068044,0.0000101,0.0000352,-4.995678626,-4.453457337,0.54222129
189725381,189725381,Cc1nnc(n1C1CC1)COc1cccc(c1)-n1ccnc1,emolecules,Mol2653,13.5,312,93,97,1.36361198,0.00000135,0.0000312,-5.869666232,-4.505845406,1.363820826
36640365,36640365,NC(=O)CN1CCC(CC1)Nc1c(cnc2cc(cc(c12)F)F)C#N,emolecules,Mol2654,36.5,548,98,96,1.176091259,0.00000365,0.0000548,-5.437707136,-4.261219442,1.176487694
36330868,36330868,NC(=O)NC(=O)CN(Cc1cccs1)c1cccc(c1)C#C,emolecules,Mol2655,139,311,73,59,0.350248018,0.0000139,0.0000311,-4.8569852,-4.507239611,0.349745589
30435883,30435883,Cn1cnnc1-c1cccc(c1)NS(=O)(=O)c1cc2c(cc1Cl)OCCO2,emolecules,Mol2656,8.26,139,,,1.227886705,0.000000826,0.0000139,-6.083019953,-4.8569852,1.226034753
265759,265759,Cc1cc(cc(n1)C1CN(CCO1)C(=O)Cc1csc(n1)C)Nc1nnc(s1)C,emolecules,Mol2657,4.56,162,,,1.550228353,0.000000456,0.0000162,-6.341035157,-4.790484985,1.550550172
49095542,49095542,CC(C)CCN1CCC(CC1)CNC(=O)C1CC=CC1,emolecules,Mol2659,64.9,245,101,101,0.57634135,0.00000649,0.0000245,-5.187755303,-4.610833916,0.576921388
43964901,43964901,CN(CC(=O)Nc1cccc(c1C)C)CC1=Nc2ccc(cc2C(=O)N1)Cl,emolecules,Mol2660,35,437,70,83,1.096910013,0.0000035,0.0000437,-5.455931956,-4.359518563,1.096413393
46632506,46632506,Cc1cccc2cc(n(c12)C)C(=O)NCCCn1nnc2ccccc12,emolecules,Mol2661,233,207,59,54,-0.052566278,0.0000233,0.0000207,-4.632644079,-4.684029655,-0.051385576
49326735,49326735,COc1ccnc(n1)N1CC(O)(C1)C1CC1,emolecules,Mol2663,370,263,110,97,-0.148130399,0.000037,0.0000263,-4.431798276,-4.580044252,-0.148245976
30020911,30020911,Cn1cnnc1-c1cccc(c1)NS(=O)(=O)c1ccc2c(c1)OCCCO2,emolecules,Mol2664,2.33,186,,,1.900913068,0.000000233,0.0000186,-6.632644079,-4.730487056,1.902157023
177400551,177400551,O=C1N(Cc2ccc3c(c2)CCCC3)C=Nc2ncccc21,emolecules,Mol2665,576,392,113,87,-0.167491087,0.0000576,0.0000392,-4.239577517,-4.406713933,-0.167136416
362022,362022,O=C(NC1CCCCC1)C1=CCN(C1)C(=O)C1CC1,emolecules,Mol2666,179,429,95,105,0.380211242,0.0000179,0.0000429,-4.747146969,-4.367542708,0.379604261
43990384,43990384,CCN(CCO)CC1=Nc2cc(c(cc2C(=O)N1)OC)OC,emolecules,Mol2667,12.4,389,101,97,1.494154594,0.00000124,0.0000389,-5.906578315,-4.410050399,1.496527916
300095105,300095105,Cc1cncc(c1)CN1CCC(=C2c3ccc(cc3CCc3cccnc32)Cl)CC1,emolecules,Mol2668,154,224,56,68,0.161368002,0.0000154,0.0000224,-4.812479279,-4.649751982,0.162727297
177389272,177389272,CCCc1ncncc1C(=O)NCc1noc(n1)C1CC1,emolecules,Mol2669,208,361,111,107,0.238046103,0.0000208,0.0000361,-4.681936665,-4.442492798,0.239443867
49912141,49912141,CN(Cc1nc(no1)-c1cccnc1)c1ccnc(n1)C,emolecules,Mol2670,358,311,110,104,-0.060480747,0.0000358,0.0000311,-4.446116973,-4.507239611,-0.061122638
49343397,49343397,COc1cc(ccc1Cn1ccnc1C(C)C)C#N,emolecules,Mol2671,144,405,97,101,0.450249108,0.0000144,0.0000405,-4.841637508,-4.392544977,0.449092531
319188,319188,CC(C)CCN1CCc2nc3cc(nn3c(c2C1)O)C1CC1,emolecules,Mol2672,29.3,265,94,103,0.956648579,0.00000293,0.0000265,-5.53313238,-4.576754126,0.956378254
49837375,49837375,Cc1c(cnn1-c1ccc(cc1)Cl)C(=O)Nc1ccc(c(c1)C#N)N1CCC(CC1)N1CCOCC1,emolecules,Mol2673,9.07,104,58,53,1.06069784,0.000000907,0.0000104,-6.042392713,-4.982966661,1.059426052
222774342,222774342,CCCc1nnc(s1)N1CCC2(CCCC2)C1,emolecules,Mol2674,574,301,123,90,-0.279840697,0.0000574,0.0000301,-4.241088108,-4.521433504,-0.280345397
44051471,44051471,COC(=O)c1cccc2c1CCCN2C(=O)c1ccccc1,emolecules,Mol2675,592,280,126,79,-0.324221658,0.0000592,0.000028,-4.227678293,-4.552841969,-0.325163675
49939748,49939748,N#Cc1ccc(o1)CNc1cnc2ccccc2c1,emolecules,Mol2676,104,35.8,30,50,-0.46470588,0.0000104,0.00000358,-4.982966661,-5.446116973,-0.463150313
36368094,36368094,C(Sc1ccc(nn1)-n1cccn1)c1cn2ccccc2n1,emolecules,Mol2677,274,200,73,84,-0.135488919,0.0000274,0.00002,-4.562249437,-4.698970004,-0.136720567
49944040,49944040,COc1cc(ccc1F)CCNC1CCC2(CC1)OCCO2,emolecules,Mol2678,252,253,114,99,9.54E-4,0.0000252,0.0000253,-4.598599459,-4.596879479,0.00171998
232851609,232851609,COc1ccc(cc1)OCc1n[nH]c(n1)-c1ncoc1C(C)C,emolecules,Mol2679,278,188,66,72,-0.170696227,0.0000278,0.0000188,-4.555955204,-4.725842151,-0.169886947
171948518,171948518,Cc1ccc(c(c1)OC[C@@]1(O)CN(CC[C@@H]1O)C1CCC1)Cl |r|,emolecules,Mol2680,463,322,126,102,-0.158015195,0.0000463,0.0000322,-4.334419009,-4.492144128,-0.157725119
49929048,49929048,CCc1[nH]nc(c1C)NC1CCN(CC1)C(C)C,emolecules,Mol2681,7.64,105,100,98,1.136720567,0.000000764,0.0000105,-6.116906641,-4.978810701,1.13809594
415648,415648,CCCOc1c2c(nc3cc(nn13)C1CCOCC1)CCC2,emolecules,Mol2682,18.3,408,99,104,1.348304863,0.00000183,0.0000408,-5.73754891,-4.389339837,1.348209073
306110,306110,Fc1ccc(cc1)CN1CCN2C(=Nc3ccccc3C2=O)CC1,emolecules,Mol2683,581,274,119,78,-0.326979093,0.0000581,0.0000274,-4.235823868,-4.562249437,-0.32642557
222751297,222751297,FC(F)Oc1ccc(cc1)S(=O)(=O)NCc1n[nH]c2c1CCCCC2,emolecules,Mol2684,56.7,412,71,77,0.860338007,0.00000567,0.0000412,-5.246416941,-4.385102784,0.861314157
4599098,4599098,CN1CCN(CC1)c1oc(nc1C#N)-c1cccc2ccccc12,emolecules,Mol2685,79.8,29,32,53,-0.440093375,0.00000798,0.0000029,-5.097997109,-5.537602002,-0.439604893
222768389,222768389,CN(Cc1cnn(c1C)C)Cc1nnc(s1)C,emolecules,Mol2686,220,316,109,94,0.158362492,0.000022,0.0000316,-4.657577319,-4.500312917,0.157264402
232832319,232832319,COc1ccc(cc1Cn1cccn1)CN1CC(C1)c1ccncc1,emolecules,Mol2687,78.7,501,122,109,0.803457116,0.00000787,0.0000501,-5.104025268,-4.300162274,0.803862994
299987327,299987327,COc1cc2nc(nc(c2cc1OC)N)N1CCN(CC1)C(=O)c1ccco1,emolecules,Mol3055,10.67,388.5,91.5,92,1.559906625,0.000001067,0.00003885,-5.971835581,-4.410608977,1.561226604
29936179,29936179,CC(CCc1ccccc1)NCC(O)c1ccc(c(c1)C(=O)N)O,emolecules,Mol3056,5.26,273,78,70,1.715167358,0.000000526,0.0000273,-6.279014256,-4.563837353,1.715176903
324053897,324053897,CC1(C)Cc2cc(c(nc2O1)OCC1CC1)NC(=O)c1cnn2cccnc12,emolecules,Mol3057,53.5,16.9,36,54,-0.500312917,0.00000535,0.00000169,-5.271646218,-5.772113295,-0.500467077
324071116,324071116,Fc1cc(c(cc1NS(=O)(=O)c1c[nH]c2cc(ccc12)Cl)F)C#N,emolecules,Mol3058,198.4685714285714,252.2814285714286,92.57142857142857,84.14285714285714,0.168581657,1.98469E-05,2.52281E-05,-4.702308256,-4.598114718,0.104193538
300014701,300014701,CC(C)CC(NC(=O)C(O)C(N)Cc1ccccc1)C(=O)O,emolecules,Mol3059,8.225691896024465,4.228530986993114,101.7048929663609,100.5963302752294,-0.11026559,8.22569E-07,4.22853E-07,-6.084827562,-6.373810483,-0.288982921
15987806,15987806,CCCc1nc2nc(c(c(n2n1)O)NS(=O)(=O)c1ccc(cc1)C1CCCCC1)C,emolecules,Mol3067,6.04,304,91,101,1.701567985,0.000000604,0.0000304,-6.218963061,-4.517126416,1.701836645
301492332,301492332,O=C(NC1CCNCC1)c1ccc2[nH]ncc2c1,emolecules,Mol3071,203,48.5,128,92,-0.621602099,0.0000203,0.00000485,-4.692503962,-5.314258261,-0.621754299
36367041,36367041,Cc1cccc(c1)/C=N/Nc1cc(nc(n1)OCCc1ccccn1)N1CCOCC1,emolecules,Mol3072,17.2,15.8,19,38,-0.037630664,0.00000172,0.00000158,-5.764471553,-5.801342913,-0.03687136
30599464,30599464,CCN1C(=O)Oc2cc(ccc21)NC(=O)c1ccc(cc1)C(C)(C)C,emolecules,Mol3073,82.5,28,26,48,-0.468521083,0.00000825,0.0000028,-5.083546051,-5.552841969,-0.469295917
5466232,5466232,Cc1nc(c(s1)C(=O)Nc1ccccc1)-c1ccccc1,emolecules,Mol3084,310,177,,,-0.243363892,0.000031,0.0000177,-4.508638306,-4.752026734,-0.243388427
25041311,25041311,Cc1nnc(o1)-c1ccc(nn1)N1CCC(CC1)Oc1cc(ccc1Cl)F,emolecules,Mol3086,407,265,94,69,-0.187086643,0.0000407,0.0000265,-4.390405591,-4.576754126,-0.186348535
324058573,324058573,Fc1cc(ccc1NS(=O)(=O)c1c[nH]c2nc(ccc12)Cl)C#N,emolecules,Mol3087,44.1,283,84,92,0.80685803,0.00000441,0.0000283,-5.355561411,-4.548213564,0.807347846
48923065,48923065,COc1ccc(cc1)C(=O)N1CCN(CC1)C(=O)/C=C/c1ccc(cc1)Br,emolecules,Mol3088,241,206,,,-0.066512712,0.0000241,0.0000206,-4.617982957,-4.68613278,-0.068149822
313833267,313833267,Cc1cn2nc(cc(c2n1)C)C1=CC(=O)N2C=C(C=CC2=N1)N1CCNC2(CC2)C1,emolecules,Mol3091,32.59,293.482,95,96,1.01046957,0.000003259,2.93482E-05,-5.48691564,-4.53241853,0.95449711
32176418,32176418,CCCS(=O)(=O)Nc1ccc(c(c1F)C(=O)c1c[nH]c2ncc(cc12)-c1ccc(cc1)Cl)F,emolecules,Mol3092,23.75,120,35,46.5,0.741939078,0.000002375,0.000012,-5.624336386,-4.920818754,0.703517632
171948773,171948773,Cc1ccc(cc1)OCC1(O)CCN(CC1)CC1(O)CCN(CC1)c1ccccc1C,emolecules,Mol3093,50.9,33.4,35,56,-0.1837587,0.00000509,0.00000334,-5.293282218,-5.476253533,-0.182971316
301693590,301693590,CN(C1CCNC1)C(=O)c1cc(ccc1F)N1CCNC1=O,emolecules,Mol3094,4.97,4.15,91,100,-0.078313525,0.000000497,0.000000415,-6.303643611,-6.381951903,-0.078308292
316928211,316928211,O=C(Nc1cccc(c1)N1CCNC1=O)C1NCC21CCCC2,emolecules,Mol3095,13.8,303,163,122,1.342422681,0.00000138,0.0000303,-5.860120914,-4.518557371,1.341563542
301758325,301758325,NCC1CCCC1NC(=O)c1cc(ccc1F)N1CCNC1=O,emolecules,Mol3096,2.8,5.37,106,121,0.283301229,0.00000028,0.000000537,-6.552841969,-6.270025714,0.282816254
316875519,316875519,Cn1c(nnc1-c1n[nH]c2c1CCCC2)N1CCC2(CNC(=O)C2)C1,emolecules,Mol3097,2.6,13,82,106,0.699837726,0.00000026,0.0000013,-6.585026652,-5.886056648,0.698970004
317964046,317964046,Cc1nnc(s1)-c1ccc(nn1)N1CCC(CC1)Oc1ccccc1C(F)(F)F,emolecules,Mol3098,289,140,68,55,-0.314258261,0.0000289,0.000014,-4.539102157,-4.853871964,-0.314769807
17464371,17464371,O=C(Nc1ccc(cc1)C(=O)NCCc1ccccc1)N1CCCCc2ccccc21,emolecules,Mol3099,122,257,66,61,0.324282455,0.0000122,0.0000257,-4.913640169,-4.590066877,0.323573293
24880306,24880306,CC(C)(C)c1ccc(cc1)C(O)CN1CCC(O)(CC1)c1ccc2c(c1)OCO2,emolecules,Mol3100,100,70,51,62,-0.156144577,0.00001,0.000007,-5,-5.15490196,-0.15490196
301817626,301817626,CN(C1CCC(N)CC1)C(=O)c1cc(ccc1F)N1CCNC1=O,emolecules,Mol3102,6.58,6.72,115,95,0.008600172,0.000000658,0.000000672,-6.181774106,-6.172630727,0.009143379
301949755,301949755,NC1CCCC1C(=O)N1CCC(CC1)c1c[nH]c2ncccc12,emolecules,Mol3103,12.6,85.2,108,88,0.829946696,0.00000126,0.00000852,-5.899629455,-5.069560405,0.83006905
MCULE-9833651829,,NC1CCCC(C1)C(=O)Nc1ccc2[nH]ncc2c1,mcule,Mol3104,4.69,3.58,88,96,-0.116906641,0.000000469,0.000000358,-6.328827157,-6.446116973,-0.117289816
316789943,316789943,NC1CC(NC(=O)c2ccc(cn2)-c2cn[nH]c2)C21CCC2,emolecules,Mol3105,8.03,71.9,95,127,0.95230801,0.000000803,0.00000719,-6.095284455,-5.14327111,0.952013345
Z2380426119,Z2380426119,NC1CCC(C1)C(=O)N1CCC(CC1)c1c[nH]c2ncccc12,enamineHTS,Mol3106,6.07,16.1,99,104,0.424881637,0.000000607,0.00000161,-6.216811309,-5.793174124,0.423637185
301949756,301949756,NC1CCCC(C1)C(=O)N1CCC(CC1)c1c[nH]c2ncccc12,emolecules,Mol3107,11.4,17,79,120,0.176091259,0.00000114,0.0000017,-5.943095149,-5.769551079,0.17354407
316779701,316779701,O=C(NC12CCCC2NCC1)c1ccc(cc1)-c1cn[nH]c1,emolecules,Mol3108,3.35,7.66,87,96,0.359835482,0.000000335,0.000000766,-6.474955193,-6.11577123,0.359183963
316786090,316786090,CC1=Nc2cc(ccc2C(=O)N1)C(=O)NC12CCCC2NCC1,emolecules,Mol3109,5.75,4.33,88,107,-0.122628654,0.000000575,0.000000433,-6.240332155,-6.363512104,-0.123179948
73014754,73014754,CNc1nc(cc(n1)C(=O)Nc1ccc2[nH]ncc2c1)C,emolecules,Mol3110,207,136,77,79,-0.181114585,0.0000207,0.0000136,-4.684029655,-4.866461092,-0.182431437
316949638,316949638,O=C(Nc1ccc(cc1)CN1CCCCC1)c1ccnc2[nH]cnc12,emolecules,Mol3111,25.5,232,98,92,0.958563883,0.00000255,0.0000232,-5.59345982,-4.634512015,0.958947804
316977624,316977624,CCc1c[nH]c2ncnc(c12)N1CCC(CC1)CN1CCN(C)CC1,emolecules,Mol3112,44.2,364,110,107,0.915399835,0.00000442,0.0000364,-5.354577731,-4.438898616,0.915679114
36987396,36987396,NC(=O)c1cnc(c(c1)Cl)N1CCc2[nH]nc(c2C1)C(F)(F)F,emolecules,Mol3113,45.8,336,90,78,0.865103975,0.00000458,0.0000336,-5.339134522,-4.473660723,0.865473799
MCULE-4852587261,,NC1CCCC(C1)C(=O)Nc1cccc(c1)N1CCNC1=O,mcule,Mol3114,3.76,4.99,98,113,0.123851641,0.000000376,0.000000499,-6.424812155,-6.301899454,0.122912701
301928950,301928950,CC1CC(N)CCN1C(=O)c1cc(c(cc1F)F)N1CCNC1=O,emolecules,Mol3115,5.45,7.17,91,84,0.120573931,0.000000545,0.000000717,-6.263603498,-6.144480844,0.119122653
3615737,3615737,C1COC(C1)CNc1nc(cs1)C12CC3CC(CC(C3)C2)C1,emolecules,Mol3116,327,176,77,78,-0.270025714,0.0000327,0.0000176,-4.485452247,-4.754487332,-0.269035085
1521515,1521515,COc1ccc(cc1)-c1nn2c(nnc2c2ccccc12)-c1ccco1,emolecules,Mol3117,104,54.9,40,53,-0.279014256,0.0000104,0.00000549,-4.982966661,-5.260427656,-0.277460995
43021930,43021930,CCCCOc1ccccc1-c1cc([nH]n1)C(=O)NCc1ccccc1C,emolecules,Mol3118,17.4,11.9,19,38,-0.166215625,0.00000174,0.00000119,-5.759450752,-5.924453039,-0.165002287
35695446,35695446,Clc1ccc(nc1)NC(=O)C1(CC1)c1cccc(c1)Cl,emolecules,Mol3119,296,170,81,62,-0.241088108,0.0000296,0.000017,-4.528708289,-4.769551079,-0.24084279
36747881,36747881,Cc1cccc(c1)NC1CCN(CC1)C(=O)OC(C)(C)C,emolecules,Mol3120,493,239,110,78,-0.313363731,0.0000493,0.0000239,-4.307153081,-4.621602099,-0.314449018
27042311,27042311,COc1cccc2c1O/C(=N\Nc1ccccc1)C(=C2)C(=S)N,emolecules,Mol3121,209,104,52,48,-0.304518324,0.0000209,0.0000104,-4.679853714,-4.982966661,-0.303112947
25835159,25835159,Oc1ccc(c(c1)O)/C=C/1\SC(=NC1=O)N1CCN(CC1)c1ccccc1,emolecules,Mol3122,13.7,58.2,75,66,0.629409599,0.00000137,0.00000582,-5.863279433,-5.235077015,0.628202417
95699457,95699457,Oc1cc(ccc1/C=C/1\SC(=NC1=O)N1CCCCN1)F,emolecules,Mol3123,140,238,86,92,0.227886705,0.000014,0.0000238,-4.853871964,-4.623423043,0.230448921
3112768,3112768,N#Cc1ccc(cc1)COc1cnc2ccccc2n1,emolecules,Mol3124,265,134,53,49,-0.294992041,0.0000265,0.0000134,-4.576754126,-4.872895202,-0.296141076
4731245,4731245,COc1ccc(cc1)C(=O)Nc1cc(no1)-c1ccc(c(c1)F)F,emolecules,Mol3125,52,22.4,22,51,-0.366531544,0.0000052,0.00000224,-5.283996656,-5.649751982,-0.365755325
11326025,11326025,CCCNC(=O)Nc1ccc(cc1Cl)Oc1ncnc2cc(c(cc12)OC)OC,emolecules,Mol3126,37.4,227,60,62,0.783903579,0.00000374,0.0000227,-5.427128398,-4.643974143,0.783154255
11826916,11826916,Nc1nc2c3ccccc3oc2c2ccccc12,emolecules,Mol3128,126,29.8,33,43,-0.627087997,0.0000126,0.00000298,-4.899629455,-5.525783736,-0.626154281
7683299,7683299,COc1ccccc1N1CCN(CC1)C1=NC(=CC(=O)N1)c1ccc(cc1)C,emolecules,Mol3129,83.6,146,41,55,0.243038049,0.00000836,0.0000146,-5.077793723,-4.835647144,0.242146578
3473190,3473190,C(c1ccccc1)c1ccccc1-c1nnc(o1)-c1cccnc1,emolecules,Mol3130,215,96.7,61,51,-0.346787486,0.0000215,0.00000967,-4.66756154,-5.014573526,-0.347011986
60174709,60174709,Nc1nc(c2c(cccc2n1)OCC1CCN(CC1)Cc1c(cccc1Cl)Cl)N,emolecules,Mol3131,1.27,1.03,12,34,-0.088309841,0.000000127,0.000000103,-6.896196279,-6.987162775,-0.090966496
1548054,1548054,Cc1ccc(cc1)NC(=O)c1c(n(n[n+]1Cc1ccccc1)-c1ccc(cc1)C)[O-],emolecules,Mol3132,76.3,77.5,42,60,0.008600172,0.00000763,0.00000775,-5.117475462,-5.110698297,0.006777165
29676888,29676888,Clc1ccc2c(c1)N=C(NC2=O)/C(=C/c1cnn(c1)Cc1ccccc1)C#N,emolecules,Mol3133,12.8,14.9,70,81,0.068185862,0.00000128,0.00000149,-5.89279003,-5.826813732,0.065976299
50282751,50282751,CC(C)OC(=O)N1CCC(CC1)Oc1ncnc2n(ncc12)-c1ccc(cc1F)S(=O)(=O)C,emolecules,Mol3134,151,242,78,73,0.206825876,0.0000151,0.0000242,-4.821023053,-4.616184634,0.204838419
49205553,49205553,O=C/1N(N=C(Nc2ccccc2)\C1=C\1/CCCCCN1)c1ccccc1,emolecules,Mol3135,137,101,47,46,-0.132532512,0.0000137,0.0000101,-4.863279433,-4.995678626,-0.132399193
31348116,31348116,Fc1cccc(c1F)Cn1nnc(n1)-c1ccccc1,emolecules,Mol3136,423,151,128,109,-0.446116973,0.0000423,0.0000151,-4.373659633,-4.821023053,-0.44736342
29703212,29703212,OC(=O)c1ccc(cc1C1CCCC1)-c1c[nH]c2ncc(cc12)-c1ccccc1,emolecules,Mol3137,246,373.5,81,86,0.187520721,0.0000246,0.00003735,-4.609064893,-4.427709394,0.181355499
45712854,45712854,CCN(c1ccccc1)S(=O)(=O)c1ccc(cc1)C(=O)Nc1ccccc1C(=O)C,emolecules,Mol3138,133,157,46,47,0.071882007,0.0000133,0.0000157,-4.876148359,-4.804100348,0.072048011
44554243,44554243,CN(C(=O)c1cc2ccc(cc2[nH]1)C(C)(C)C)C1(CCC1)C#N,emolecules,Mol3139,168,82.9,51,54,-0.308034897,0.0000168,0.00000829,-4.774690718,-5.081445469,-0.306754751
43423042,43423042,COc1ccc(cc1NC(=O)C1(CCCC1)C#N)C(C)(C)C,emolecules,Mol3140,308,147,88,72,-0.320572103,0.0000308,0.0000147,-4.511449283,-4.832682665,-0.321233382
6922052,6922052,CCOc1nc(n(n1)-c1cccc(c1)NC(=O)c1ccc(cc1)F)-c1ccc(c(c1)Cl)Cl,emolecules,Mol3141,48.9,130,27,48,0.426511261,0.00000489,0.000013,-5.310691141,-4.886056648,0.424634493
31326902,31326902,Cc1cc(ccc1NC(=O)c1cccc2cccnc12)F,emolecules,Mol3142,77.4,9.09,30,46,-0.931814138,0.00000774,0.000000909,-5.111259039,-6.041436117,-0.930177077
1590696,1590696,CC(C)(C)c1ccc(cc1)C(=O)Nc1ccc(cc1)C(=O)Nc1ccccc1,emolecules,Mol3143,16.2,7.34,77,78,-0.341988603,0.00000162,0.000000734,-5.790484985,-6.13430394,-0.343818955
13509338,13509338,Cc1cc(c(c(c1)C)NC(=O)CN1N=NN(C1=O)c1cccs1)C,emolecules,Mol3144,235,173,82,71,-0.131943638,0.0000235,0.0000173,-4.628932138,-4.761953897,-0.133021759
2500471,2500471,Cc1ccc(cc1NS(=O)(=O)c1ccc(cc1)Cl)-c1nc2ccccc2[nH]1,emolecules,Mol3145,59.5,291,59,57,0.689308859,0.00000595,0.0000291,-5.225483034,-4.536107011,0.689376023
17125201,17125201,COc1cc2ncn(c2cc1OC)-c1cc(c(s1)C#N)OCc1ccccc1S(=O)(=O)C,emolecules,Mol3146,14.4,115,36,41,0.903632516,0.00000144,0.0000115,-5.841637508,-4.93930216,0.902335348
1069906,1069906,CC1=C(Oc2ccc(cc2)F)C(=O)c2ccc(cc2O1)OCC(=O)Nc1nccs1,emolecules,Mol3147,117,114,50,56,-0.013228266,0.0000117,0.0000114,-4.931814138,-4.943095149,-0.01128101
89940865,89940865,FC1(F)CCN(C1)c1cc(cc(n1)Nc1cc(ccn1)C#N)C1CCN(CC1)C1COC1,emolecules,Mol3148,29.4,53.75,40,56,0.267171728,0.00000294,0.000005375,-5.53165267,-5.269621531,0.262031138
44811452,44811452,Cc1nc(sc1C(=O)Nc1ccccc1-c1cn2c(csc2n1)CN1CCOCC1)-c1cccnc1,emolecules,Mol3149,24.3,79.7,34,44,0.515873844,0.00000243,0.00000797,-5.614393726,-5.098541679,0.515852048
36516782,36516782,FC(F)(F)c1ccc(cc1)Nc1nc2cc(ccc2[nH]1)Oc1ccnc(c1)-c1ncc([nH]1)C(F)(F)F,emolecules,Mol3150,16.1,13.8,68,75,-0.065501549,0.00000161,0.00000138,-5.793174124,-5.860120914,-0.06694679
32611176,32611176,CCOC(=O)C1CCN(CC1)C(=O)c1cc2occc2c(n1)Nc1ccc(cc1)F,emolecules,Mol3151,54.5,72.2,40,53,0.120573931,0.00000545,0.00000722,-5.263603498,-5.141462802,0.122140695
1545812,1545812,Cc1cc(c(c(c1-n1cnnn1)C)S(=O)(=O)Nc1ccc2c(c1)OCO2)C,emolecules,Mol3152,12.6,305,96,96,1.382017043,0.00000126,0.0000305,-5.899629455,-4.515700161,1.383929294
45657759,45657759,O=C(Nc1nncs1)c1ccc(nc1)N1CCC2(CCCCC2)C1,emolecules,Mol3153,175,128,49,51,-0.137272472,0.0000175,0.0000128,-4.756961951,-4.89279003,-0.135828079
4759628,4759628,COc1ccccc1N1CCN(CC1)C1=NC(=CC(=O)N1)c1ccc(cc1)F,emolecules,Mol3154,80.2,172,46,63,0.33243846,0.00000802,0.0000172,-5.095825632,-4.764471553,0.331354079
104389046,104389046,Cc1cc(ccc1Cl)NC(=O)CN1N=C(C=CC1=O)C1CC1,emolecules,Mol3155,372,333,99,87,-0.048662481,0.0000372,0.0000333,-4.42945706,-4.477555766,-0.048098706
50282148,50282148,CS(=O)(=O)c1ccc(nc1)-c1nnc(n1-c1ccccc1Cl)/C=C/c1nnc(o1)-c1ccc(cc1)C#N,emolecules,Mol3156,5.27,202,69,69,1.583198774,0.000000527,0.0000202,-6.278189385,-4.694648631,1.583540754
2017461,2017461,FC(F)(F)Oc1ccc(cc1)NC(=O)Nc1ccccc1,emolecules,Mol3157,188,61.8,55,47,-0.484126156,0.0000188,0.00000618,-4.725842151,-5.209011525,-0.483169374
17120607,17120607,NCC(=O)Nc1ccc(cc1)-n1nc(cc1-c1ccc2c(ccc3ccccc32)c1)C(F)(F)F,emolecules,Mol3158,2.38,7.05,18,28,0.471291711,0.000000238,0.000000705,-6.623423043,-6.151810883,0.47161216
31362621,31362621,COc1ccc2nc(ccc2c1)C(=O)Nc1cnc2n(ncc2c1)C(C)C,emolecules,Mol3159,204,94.6,62,53,-0.333482019,0.0000204,0.00000946,-4.690369833,-5.024108864,-0.333739031
2266063,2266063,Cc1cccc2sc(nc12)NC(=O)c1cccnc1,emolecules,Mol3160,205,67.3,50,58,-0.482804102,0.0000205,0.00000673,-4.688246139,-5.171984936,-0.483738797
33351514,33351514,Cc1ccc(c(c1)OCc1c(ccc2cccnc12)Cl)C(=O)N,emolecules,Mol3161,71,26.4,27,50,-0.42945706,0.0000071,0.00000264,-5.148741651,-5.578396073,-0.429654422
30426287,30426287,O=C(CN1N=C2N3CCN=C3c3ccccc3N2C1=O)N1CCc2ccccc21,emolecules,Mol3162,12.9,289,92,99,1.350248018,0.00000129,0.0000289,-5.88941029,-4.539102157,1.350308132
36986676,36986676,CN(C(=O)OC(C)(C)C)c1ccc2ccccc2n1,emolecules,Mol3163,281,133,74,88,-0.326058001,0.0000281,0.0000133,-4.55129368,-4.876148359,-0.324854679
35281979,35281979,CN(Cc1cnn(c1)C)C(=O)Cn1c(cc2ccccc12)C,emolecules,Mol3164,169,362,103,88,0.330413773,0.0000169,0.0000362,-4.772113295,-4.441291429,0.330821866
4338859,4338859,C1Oc2ccc(cc2O1)Cn1nnc2ccccc12,emolecules,Mol3165,442,257,90,64,-0.235823868,0.0000442,0.0000257,-4.354577731,-4.590066877,-0.235489146
207509,207509,Clc1ccc(cc1)-c1c[nH]nc1C1CCCN(C1)C(=O)CCOc1ccccc1,emolecules,Mol3166,37.7,161,,,0.629409599,0.00000377,0.0000161,-5.42365865,-4.793174124,0.630484526
5514558,5514558,O=C(Nc1ccccc1)c1sc(nc1-c1ccccc1)N1CCOCC1,emolecules,Mol3167,116,57.2,38,59,-0.306273051,0.0000116,0.00000572,-4.935542011,-5.242603971,-0.30706196
3110901,3110901,Cc1nc(c(s1)C(=O)Nc1ccc(c(c1)C(F)(F)F)Cl)-c1ccccc1,emolecules,Mol3169,110,79.4,38,52,-0.140861703,0.000011,0.00000794,-4.958607315,-5.100179498,-0.141572183
16219171,16219171,Cc1ccc(cc1)S(=O)(=O)Cc1nc(oc1C)-c1ccc(cc1)C(=O)NCc1cccnc1,emolecules,Mol3170,10.2,575,123,103,1.751279104,0.00000102,0.0000575,-5.991399828,-4.240332155,1.751067673
89942329,89942329,Cc1c(c(nn1Cc1ccc(cc1)C#N)C(F)(F)F)NC(=O)c1cc(nc2cc(ccc12)F)C(=O)N,emolecules,Mol3171,3.18,261,79,78,1.914343157,0.000000318,0.0000261,-6.49757288,-4.583359493,1.914213387
7687079,7687079,COc1ccc(cc1OC)-c1cnn2c(c(cnc12)-c1ccccc1)N,emolecules,Mol3172,148,68,46,43,-0.338187314,0.0000148,0.0000068,-4.829738285,-5.167491087,-0.337752803
412756,412756,COc1ccc(cc1)C1=C(N2C(=O)N(C)N=C2N=N1)c1ccc(cc1)OC,emolecules,Mol3173,294,266,91,85,-0.04383157,0.0000294,0.0000266,-4.53165267,-4.575118363,-0.043465694
3573849,3573849,COc1ccc(cc1)-c1csc(n1)CC(=O)N,emolecules,Mol3174,253,190,,,-0.124360063,0.0000253,0.000019,-4.596879479,-4.721246399,-0.12436692
26239500,26239500,CNC(=O)c1ccc(cc1)/C=C/c1nc2cc(ccc2o1)Cl,emolecules,Mol3175,127,76,33,47,-0.223298816,0.0000127,0.0000076,-4.896196279,-5.119186408,-0.222990129
1530850,1530850,CCOC(=O)c1ccc(cc1)OCC(=O)c1c[nH]c2ccccc12,emolecules,Mol3176,297,136,70,52,-0.341035157,0.0000297,0.0000136,-4.527243551,-4.866461092,-0.339217541
3301248,3301248,CN(C)S(=O)(=O)c1ccc(c(c1)C(=O)Nc1ncc(s1)C)N1CCCC1,emolecules,Mol3177,15.4,307,61,74,1.298853076,0.00000154,0.0000307,-5.812479279,-4.512861625,1.299617655
316762184,316762184,COc1cc2c(cc1OC)-c1[nH]nc(c1C2=O)NCc1c(cccc1Cl)Cl,emolecules,Mol3178,57.7,176,64,58,0.484299839,0.00000577,0.0000176,-5.238824187,-4.754487332,0.484336855
43495449,43495449,O=C1Nc2nc(ncc2C(=O)N1c1ccccc1)N1CCc2ccccc2C1,emolecules,Mol3179,102,45.6,35,58,-0.351639989,0.0000102,0.00000456,-4.991399828,-5.341035157,-0.349635329
11480136,11480136,COc1ccccc1-n1cc2c(c1-c1ccccc1Br)C(=O)N(C)C(=O)N2C,emolecules,Mol3180,140,317,76,73,0.354108439,0.000014,0.0000317,-4.853871964,-4.498940738,0.354931227
43068693,43068693,COCc1noc(n1)-c1ccc(nc1)-c1cc(cc(c1)C)C,emolecules,Mol3181,152,44.8,46,59,-0.530177984,0.0000152,0.00000448,-4.818156412,-5.348721986,-0.530565574
36989933,36989933,Oc1cccc(c1)/C=C/c1nc2ccccc2o1,emolecules,Mol3182,143,27.4,38,49,-0.716698771,0.0000143,0.00000274,-4.844663963,-5.562249437,-0.717585475
84836387,84836387,Clc1cc2c(nnc(c2cc1Cl)-c1ccncc1)NC1CCCC1,emolecules,Mol3183,189,138,57,67,-0.137272472,0.0000189,0.0000138,-4.723538196,-4.860120914,-0.136582718
50285533,50285533,Cc1ccc(cc1NC(=O)C=C)N1C(=O)C=Cc2cnc3ccc(cc3c21)-c1ccc(cc1)NS(=O)(=O)C,emolecules,Mol3184,2.86,144,88,73,1.703291378,0.000000286,0.0000144,-6.543633967,-4.841637508,1.701996459
64016648,64016648,CN(C(=O)CNC(=O)c1ccccc1OCC(=O)Nc1ccc(cc1)Br)c1ccccc1,emolecules,Mol3185,46.8,161,52,59,0.53529412,0.00000468,0.0000161,-5.329754147,-4.793174124,0.536580023
7695671,7695671,Cc1cccc(c1)OCC(=O)Nc1ccc2c(c1)C(=O)N(C2=O)c1ccccc1,emolecules,Mol3186,21.3,340,89,98,1.204119983,0.00000213,0.000034,-5.671620397,-4.468521083,1.203099314
31855457,31855457,Cc1ccc(cc1C)-c1csc(n1)CC(=O)N,emolecules,Mol3187,225,170,,,-0.123782159,0.0000225,0.000017,-4.647817482,-4.769551079,-0.121733597
1545904,1545904,CS(=O)(=O)N1CCc2cc(ccc21)C(=O)NCCOc1ccc2ccccc2c1,emolecules,Mol3188,137,229,67,58,0.225309282,0.0000137,0.0000229,-4.863279433,-4.640164518,0.223114915
195793,195793,Cc1cccc(n1)Nc1ccc(nc1)C1CCN(CC1)C(=O)c1cc2cc(ccc2n1C)F,emolecules,Mol3189,60.7,90.9,33,46,0.176091259,0.00000607,0.00000909,-5.216811309,-5.041436117,0.175375192
29586826,29586826,CC(C)C(=O)Nc1ncc(s1)-c1ccccc1,emolecules,Mol3190,86.2,33.8,26,50,-0.40560745,0.00000862,0.00000338,-5.064492734,-5.4710833,-0.406590566
11930272,11930272,Cc1cc(c(c(c1)C)-c1csc(n1)NC(=O)Cn1cnnn1)C,emolecules,Mol3191,37.9,292,73,72,0.88592634,0.00000379,0.0000292,-5.42136079,-4.534617149,0.886743641
1548060,1548060,[O-]c1c([n+](nn1-c1ccccc1)Cc1ccccc1)C(=O)Nc1ccccc1,emolecules,Mol3192,71.1,61.7,38,54,-0.061480275,0.00000711,0.00000617,-5.148130399,-5.209714836,-0.061584437
36635336,36635336,CN1CCN(CC1)C1=C2C=CC=CC2=Nc2ccc(cc2N1)Cl,emolecules,Mol3193,131,105,52,78,-0.096910013,0.0000131,0.0000105,-4.882728704,-4.978810701,-0.096081997
1152113,1152113,COc1ccc(cc1)OCc1nn2c(nnc2s1)-c1ccc(cc1)OC,emolecules,Mol3194,227,122,50,55,-0.27083521,0.0000227,0.0000122,-4.643974143,-4.913640169,-0.269666027
313516125,313516125,Oc1nc(nc(c1C#N)C1CC1)SCc1cccc(c1F)F,emolecules,Mol3195,346,283,98,92,-0.087777943,0.0000346,0.0000283,-4.460923901,-4.548213564,-0.087289663
300964829,300964829,Cn1cc(cn1)-c1ccnc(n1)/C=C/c1ccc(cc1Br)F,emolecules,Mol3196,107,70.4,42,47,-0.181774106,0.0000107,0.00000704,-4.970616222,-5.152427341,-0.181811119
2461065,2461065,Nc1nc(c(s1)C(=O)Nc1ccc(c(c1)Cl)Cl)-c1ccccc1,emolecules,Mol3197,82.8,53.2,,,-0.191789027,0.00000828,0.00000532,-5.081969663,-5.274088368,-0.192118704
5736788,5736788,CN1C(=O)N(Cc2ccccc2C)C(=O)c2c1nc1n(c(cn21)C)-c1ccccc1O,emolecules,Mol3198,13,284,77,72,1.338456494,0.0000013,0.0000284,-5.886056648,-4.54668166,1.339374988
6670067,6670067,NC(=O)c1ccc(c(c1)NC(=O)c1ncoc1-c1ccc2ccccc2c1)N1CCCCC1,emolecules,Mol3199,6.77,3.51,14,21,-0.284832642,0.000000677,0.000000351,-6.169411331,-6.454692884,-0.285281552
11480248,11480248,Cc1nc(nc2n(cnc12)-c1ccc(cc1)F)Nc1ccc(cc1)F,emolecules,Mol3200,50.5,19.6,31,45,-0.411168274,0.00000505,0.00000196,-5.296708622,-5.707743929,-0.411035307
44466255,44466255,CC(C)c1ccccc1OC(=O)NCCc1ccc2ccccc2c1,emolecules,Mol3201,154,75.9,38,44,-0.308034897,0.0000154,0.00000759,-4.812479279,-5.119758224,-0.307278945
27448904,27448904,Fc1ccc(cc1)Nc1nc(c2nccnc2n1)N1CCCCC1,emolecules,Mol3202,181,55.1,55,49,-0.515700161,0.0000181,0.00000551,-4.742321425,-5.258848401,-0.516526976
45753290,45753290,Cc1nnc(o1)-c1ccccc1NCc1ccsc1,emolecules,Mol3203,214,43.7,53,51,-0.690369833,0.0000214,0.00000437,-4.669586227,-5.359518563,-0.689932336
300962268,300962268,Fc1ccc(cc1Cl)-n1cc(nn1)/C=C/c1ccnnc1,emolecules,Mol3204,299,192,85,81,-0.192464972,0.0000299,0.0000192,-4.524328812,-4.716698771,-0.19236996
32146291,32146291,Cc1cc(on1)C(=O)NC1CCN(CC1)c1nc(nc2ccccc12)-c1cccs1,emolecules,Mol3205,121,90.8,50,48,-0.123205024,0.0000121,0.00000908,-4.91721463,-5.041914151,-0.124699522
5736794,5736794,CN1C(=O)N(Cc2ccccc2Cl)C(=O)c2c1nc1n(c(cn21)C)-c1ccccc1O,emolecules,Mol3206,16.7,213,63,65,1.10720997,0.00000167,0.0000213,-5.777283529,-4.671620397,1.105663132
3665537,3665537,Cc1sc2ncnc(c2c1C)OCC(=O)Nc1ccc2c(c1)OCO2,emolecules,Mol3207,294,290,87,73,-0.006123085,0.0000294,0.000029,-4.53165267,-4.537602002,-0.005949333
17107056,17107056,Clc1ccc(cc1)COc1ccc2c(c1)C(=O)N1CCCCCC1=N2,emolecules,Mol3208,33.3,32.3,23,44,-0.013676223,0.00000333,0.00000323,-5.477555766,-5.490797478,-0.013241711
2944765,2944765,COc1ccc2c(cc3nnnn3c2c1)-c1ccccc1,emolecules,Mol3209,329,158,69,48,-0.318758763,0.0000329,0.0000158,-4.482804102,-4.801342913,-0.318538811
49672228,49672228,CC(C)COc1cc(cc(c1)-c1cncc(n1)C(=O)N1CCCC1)F,emolecules,Mol3210,204,90.1,63,60,-0.354577731,0.0000204,0.00000901,-4.690369833,-5.045275209,-0.354905376
6666291,6666291,COc1cccc(c1)N1CCN(CC1)c1nc(cc(c1C#N)C)C,emolecules,Mol3211,322,167,69,58,-0.284832642,0.0000322,0.0000167,-4.492144128,-4.777283529,-0.285139401
1542039,1542039,CCc1nnc2c3ccccc3nc(n12)Nc1ccc(cc1)OC,emolecules,Mol3212,54.8,5.06,27,46,-1.034328029,0.00000548,0.000000506,-5.261219442,-6.295849483,-1.034630042
205729574,205729574,Clc1ccccc1S(=O)(=O)N1CCCc2cnc(nc21)N1CCOCC1,emolecules,Mol3213,320,223,92,74,-0.156767222,0.000032,0.0000223,-4.494850022,-4.651695137,-0.156845115
24667669,24667669,COc1ccccc1NC(=O)CSc1nc(nc2ccccc12)C(C)(C)C,emolecules,Mol3214,103,131,37,49,0.100370545,0.0000103,0.0000131,-4.987162775,-4.882728704,0.104434071
43488186,43488186,Cc1ccc2[nH]c(nc2c1)C1CN(C1)C(=O)Cc1cccc2ccccc12,emolecules,Mol3215,16.4,250,63,78,1.181843588,0.00000164,0.000025,-5.785156152,-4.602059991,1.183096161
48974948,48974948,Cc1nc(c(s1)C(=O)Nc1ccc(cc1)Cl)-c1ccccc1,emolecules,Mol3216,220,96.2,58,59,-0.358525889,0.000022,0.00000962,-4.657577319,-5.016824928,-0.359247609
334892,334892,COc1ccc(cc1)-c1[nH]c2ncccc2c1CN(C)CCOc1ccccc1OC,emolecules,Mol3218,26.8,104,44,50,0.588831726,0.00000268,0.0000104,-5.571865206,-4.982966661,0.588898545
11005871,11005871,CCOc1ccc(cc1)S(=O)(=O)N(CC)CC(=O)Nc1ccc2c(c1)OCO2,emolecules,Mol3220,213,182,67,61,-0.069050969,0.0000213,0.0000182,-4.671620397,-4.739928612,-0.068308215
320383153,320383153,CC(C)(C)Nc1cc(c2ncc(n2n1)-c1ccc(cc1)C(=O)NC1CC1)NCC1CCOCC1,emolecules,Mol3221,24.4,183,60,60,0.876217841,0.00000244,0.0000183,-5.612610174,-4.73754891,0.875061263
72972985,72972985,CC(C)(O)CNc1nc(nc(n1)-c1cccc(n1)C(F)(F)F)Nc1ccnc(c1)C(F)(F)F,emolecules,Mol3222,8.19,203,68,67,1.394451681,0.000000819,0.0000203,-6.086716098,-4.692503962,1.394212136
1498988,1498988,Cc1ccc2n(c3nc4ccccc4nc3c2c1)CC(=O)N,emolecules,Mol3223,127,106,47,73,-0.079354999,0.0000127,0.0000106,-4.896196279,-4.974694135,-0.078497856
320548501,320548501,CCN(c1ccc(cc1)C(C)C)S(=O)(=O)c1ccccc1,emolecules,Mol3224,281,145,67,47,-0.287350298,0.0000281,0.0000145,-4.55129368,-4.838631998,-0.287338318
3416569,3416569,Cc1ccc(cc1)-c1nc(cs1)CN1C(=O)N(C2CCCC2)C(=O)C1=O,emolecules,Mol3225,87.1,68.7,74,79,-0.102922997,0.00000871,0.00000687,-5.059981845,-5.163043263,-0.103061418
32785616,32785616,CCCCOc1ccc(cc1)-c1cc2n(n1)C=CNC2=O,emolecules,Mol3226,117,87.3,32,55,-0.129011186,0.0000117,0.00000873,-4.931814138,-5.058985756,-0.127171618
1542057,1542057,C(Nc1nn2nnnc2c2ccccc12)c1ccccc1,emolecules,Mol3227,226,141,61,71,-0.20481541,0.0000226,0.0000141,-4.645891561,-4.850780887,-0.204889326
1512339,1512339,COC(=O)c1ccc(cc1)NS(=O)(=O)c1ccc2c(c1)N(C)C(=O)N2C,emolecules,Mol3228,17.7,362,102,107,1.311753861,0.00000177,0.0000362,-5.752026734,-4.441291429,1.310735304
43371947,43371947,CS(=O)(=O)N1CCc2c(cccc2NC(=O)c2ccc(cc2)F)C1,emolecules,Mol3229,44.1,282,84,92,0.806179974,0.00000441,0.0000282,-5.355561411,-4.549750892,0.805810519
25002955,25002955,Cc1cc(no1)NC(=O)N1Cc2cc3c(cc2C2(CCCC2)C1)OCCO3,emolecules,Mol3230,90.4,65.1,36,58,-0.142667504,0.00000904,0.00000651,-5.04383157,-5.186419011,-0.142587442
23998591,23998591,Cc1ccsc1C(=O)Nc1nc2ccccc2s1,emolecules,Mol3232,70.8,9.62,24,48,-0.866461092,0.00000708,0.000000962,-5.149966742,-6.016824928,-0.866858186
36334458,36334458,CCC(=O)Nc1cccc(c1)C(=O)N1CCN(C)Cc2ccccc21,emolecules,Mol3233,6.32,262,95,89,1.618048097,0.000000632,0.0000262,-6.199282922,-4.581698709,1.617584213
48297162,48297162,C1CCN(CC1)c1nc(nc(n1)N1CCCCC1)NC1CC1,emolecules,Mol3234,56.9,17.1,33,55,-0.521433504,0.00000569,0.00000171,-5.244887734,-5.76700389,-0.522116156
11001656,11001656,Cc1ccc(o1)-c1ccc(cc1)NC(=O)c1ncoc1-c1ccccc1,emolecules,Mol3235,10.3,4.62,22,51,-0.349692477,0.00000103,0.000000462,-5.987162775,-6.335358024,-0.348195249
312262,312262,CCOc1ccc(cc1)C(=O)CN1C(=O)N(c2ccc(cc2)F)c2nc(nc(c21)C(=O)N)C,emolecules,Mol3236,179,166,67,64,-0.033389013,0.0000179,0.0000166,-4.747146969,-4.779891912,-0.032744943
3330721,3330721,CSCC(=O)Nc1nc(cs1)-c1ccc(cc1)C1CCCCC1,emolecules,Mol3237,30.9,21.5,16,34,-0.158015195,0.00000309,0.00000215,-5.510041521,-5.66756154,-0.15752002
36304724,36304724,Cc1cccc(c1)CNc1cccc2c1CCN(C2)S(=O)(=O)C,emolecules,Mol3238,208,135,62,53,-0.187086643,0.0000208,0.0000135,-4.681936665,-4.869666232,-0.187729566
1516596,1516596,Cc1ccc(cc1)C(=O)COC(=O)c1cc(nc2ccccc12)O,emolecules,Mol3239,98.6,49.5,25,26,-0.299296283,0.00000986,0.00000495,-5.006123085,-5.305394801,-0.299271716
1548090,1548090,COc1cccc(c1)NC(=O)c1c(n(n[n+]1C)-c1cccc(c1)OC)[O-],emolecules,Mol3240,9.94,6.33,12,37,-0.195860568,0.000000994,0.000000633,-6.002613616,-6.19859629,-0.195982674
14371708,14371708,CC(C)NC(=O)c1cn(nc1-c1ccccc1)-c1ccccc1,emolecules,Mol3241,239,109,66,68,-0.338187314,0.0000239,0.0000109,-4.621602099,-4.962573502,-0.340971403
134495,134495,O=C(CN1C=CC=C(C(=O)Nc2cccc(c2)-n2cccn2)C1=O)NC1CCCCC1,emolecules,Mol3242,12.9,241,61,76,1.271841607,0.00000129,0.0000241,-5.88941029,-4.617982957,1.271427332
30270890,30270890,Oc1ccc(cc1)-c1noc(n1)C1CC1,emolecules,Mol3243,327,221,82,86,-0.171340103,0.0000327,0.0000221,-4.485452247,-4.655607726,-0.170155479
8049874,8049874,C(Oc1ccccc1)c1nc2cc3ccccc3cc2[nH]1,emolecules,Mol3244,224,57.5,59,47,-0.590066877,0.0000224,0.00000575,-4.649751982,-5.240332155,-0.590580174
43021928,43021928,CCCCOc1ccccc1-c1cc([nH]n1)C(=O)NCCc1cccs1,emolecules,Mol3245,90.8,41.7,33,45,-0.338187314,0.00000908,0.00000417,-5.041914151,-5.379863945,-0.337949794
33339030,33339030,O=C(Nc1ccc2c3c(cccc13)CC2)c1ccc(cc1)-n1cncn1,emolecules,Mol3246,195,92.3,53,63,-0.325138859,0.0000195,0.00000923,-4.709965389,-5.034798299,-0.32483291
1557473,1557473,COc1cc(cc(c1)-n1c(nnc1COc1cccc2ccccc12)S)OC,emolecules,Mol3247,164,272,66,66,0.217483944,0.0000164,0.0000272,-4.785156152,-4.565431096,0.219725056
44113727,44113727,Cc1ccc(cc1)CC(=O)NCc1cccc(c1)C(=O)Nc1ccccc1,emolecules,Mol3248,143,218,65,65,0.184691431,0.0000143,0.0000218,-4.844663963,-4.661543506,0.183120456
16154631,16154631,Fc1ccc(cc1F)N1C=CN(Cc2ccccc2Cl)C(=O)C1=O,emolecules,Mol3249,317,220,100,88,-0.15739076,0.0000317,0.000022,-4.498940738,-4.657577319,-0.158636581
30569846,30569846,Cc1ccc(cc1)CN1C=CN(C(=O)C1=O)c1ccc(c(c1)F)F,emolecules,Mol3250,297,199,99,85,-0.17327748,0.0000297,0.0000199,-4.527243551,-4.701146924,-0.173903373
29665183,29665183,COc1cccc(c1)-c1nnn(n1)Cc1cc(cc2cccnc12)F,emolecules,Mol3251,26.7,13,24,45,-0.313363731,0.00000267,0.0000013,-5.573488739,-5.886056648,-0.312567909
3030747,3030747,CCC(C)(C)c1ccc(cc1)Oc1ccc(cc1)NC(=O)CSc1cccc[n+]1[O-],emolecules,Mol3252,110,243,34,56,0.342422681,0.000011,0.0000243,-4.958607315,-4.614393726,0.344213588
55540581,55540581,Cc1ccc(cc1)-n1nc(cc1NC(=O)NCc1cc(ccc1Oc1ccc2n(ncc2c1)CCO)F)C(C)(C)C,emolecules,Mol3254,10.8,176,60,57,1.209515015,0.00000108,0.0000176,-5.966576245,-4.754487332,1.212088912
3476517,3476517,O=C(Nc1nc(cs1)-c1cccnc1)C1CCCCC1,emolecules,Mol3255,238,118,65,71,-0.303643611,0.0000238,0.0000118,-4.623423043,-4.928117993,-0.30469495
1557497,1557497,COc1cccc(c1)-n1c(nnc1COc1cccc2ccccc12)S,emolecules,Mol3256,181,194,52,52,0.029383778,0.0000181,0.0000194,-4.742321425,-4.71219827,0.030123155
1487936,1487936,N#Cc1cc2c(nc1SCc1cccnc1)CCCCCC2,emolecules,Mol3257,356,325,92,76,-0.039529222,0.0000356,0.0000325,-4.448550002,-4.488116639,-0.039566637
44466340,44466340,NC(=O)CSc1nc(c(c(c1C#N)-c1ccc(cc1)OCC1CC1)C#N)N,emolecules,Mol3258,8.91,378,86,64,1.62838893,0.000000891,0.0000378,-6.050122296,-4.4225082,1.627614096
37153210,37153210,Cc1csc(c1)-c1nnc(c2ccccc12)Nc1ccc(cc1)Oc1ncccc1-c1ccnc(n1)N,emolecules,Mol3259,69.9,64.1,49,45,-0.037157319,0.00000699,0.00000641,-5.155522824,-5.19314197,-0.037619146
194299,194299,CN(C)S(=O)(=O)N1CCC(CC1)c1ccc2c(n[nH]c2n1)NCc1ccccc1F,emolecules,Mol3260,84.6,260,64,69,0.487138375,0.00000846,0.000026,-5.072629637,-4.585026652,0.487602985
205729567,205729567,Cc1cc(ccc1S(=O)(=O)N1CCCc2cnc(nc21)N1CCOCC1)F,emolecules,Mol3261,354,256,93,68,-0.140861703,0.0000354,0.0000256,-4.450996738,-4.591760035,-0.140763297
316046283,316046283,CCN1CCOC(C1)C(=O)N1CCC(CC1)c1cn[nH]c1,emolecules,Mol3498,56.1,197,111,120,0.545307116,0.00000561,0.0000197,-5.251037139,-4.705533774,0.545503365
44064836,44064836,O=C1CCCN1c1ccc(cc1)S(=O)(=O)Nc1cccc(c1)-c1nnc2n1CCC2,emolecules,Mol3500,3.08,30.6,,,0.996949248,0.000000308,0.00000306,-6.511449283,-5.514278574,0.99717071
318732407,318732407,CC(C)[C@H]1CC[C@H](CC1)NC(=O)c1cnn2c(cc(nc12)C)C |r|,emolecules,Mol3503,151,117,44,63,-0.110698297,0.0000151,0.0000117,-4.821023053,-4.931814138,-0.110791086
32176636,32176636,CN1CCN(CC1)Cc1ccc(cc1C(F)(F)F)NC(=O)c1ccc(c(c1)C#Cc1cnc2cccnn12)C,emolecules,Mol3504,11.6,306,,,1.414973348,0.00000116,0.0000306,-5.935542011,-4.514278574,1.421263437
31854734,31854734,Cc1cc(c(cc1C)-c1csc(n1)CC(=O)N)C,emolecules,Mol3505,176,147,,,-0.080398976,0.0000176,0.0000147,-4.754487332,-4.832682665,-0.078195333
73052466,73052466,CCOC(=O)CCN1CCC=C(Br)C1,emolecules,Mol3508,362,226,93,97,-0.204119983,0.0000362,0.0000226,-4.441291429,-4.645891561,-0.204600131
300456235,300456235,COc1cc(c(cc1Cl)Cl)Nc1c(cnc2cc(c(cc12)OC)OCCCN1CCN(C)CC1)C#N,emolecules,Mol3509,4.4,543,,,2.089905111,0.00000044,0.0000543,-6.356547324,-4.26520017,2.091347153
30151586,30151586,CN(c1ccc2c(n(nc2c1)C)C)c1ccnc(n1)Nc1ccc(c(c1)S(=O)(=O)N)C,emolecules,Mol3510,7.9,850,,,2.033423755,0.00000079,0.000085,-6.102372909,-4.070581074,2.031791834
7338408,7338408,O=C(NNc1ccccc1)c1ccncc1,emolecules,Mol3511,313,231,117,91,-0.131943638,0.0000313,0.0000231,-4.504455662,-4.63638802,-0.131932358
299988347,299988347,CN(C)C(=O)C(CCN1CCC(O)(CC1)c1ccc(cc1)Cl)(c1ccccc1)c1ccccc1,emolecules,Mol3512,3.211007669616519,245.4617185840708,77.88967551622419,82.01533923303835,2.006287883,3.21101E-07,2.45462E-05,-6.493358657,-4.610016229,1.883342428
10645209,10645209,Cc1cn(cn1)-c1cc(cc(c1)C(F)(F)F)NC(=O)c1ccc(c(c1)Nc1nccc(n1)-c1cccnc1)C,emolecules,Mol3513,31.2,278,,,0.949390007,0.00000312,0.0000278,-5.505845406,-4.555955204,0.949890202
3593846,3593846,COc1cc2c(cc1OC)CN(CC2)C(=O)C1CCCN(C1)C(=O)c1ccc(cc1)Cl,emolecules,Mol3514,28.4,285,,,1.004321374,0.00000284,0.0000285,-5.54668166,-4.54515514,1.00152652
258731,258731,COc1cccc(c1)S(=O)(=O)N1CCOC(C1)c1c(sc2ncccc12)C(=O)N,emolecules,Mol3515,6.79,260,,,1.582063363,0.000000679,0.000026,-6.168130226,-4.585026652,1.583103574
43258693,43258693,O=C(N1CCOCC1c1ccn[nH]1)c1ccc2c(c1)CCCC2,emolecules,Mol3517,104,422,96,96,0.606381365,0.0000104,0.0000422,-4.982966661,-4.374687549,0.608279112
27448206,27448206,O=C(Nc1nc2ccccc2[nH]1)c1ccc(cc1)-n1cccc1,emolecules,Mol3518,25,8.99,20,35,-0.444905551,0.0000025,0.000000899,-5.602059991,-6.046240308,-0.444180317
