lgfe_0,lgfe_1,lgfe_2,lgfe_3,lgfe_4,lgfe_5,lgfe_6,lgfe_7,lgfe_8,lgfe_9,lgfe_10,lgfe_11,lgfe_12,lgfe_13,lgfe_14,lgfe_15,lgfe_16,lgfe_17,lgfe_18,lgfe_19,lgfe_20,lgfe_21,lgfe_22,lgfe_23,lgfe_24,lgfe_25,lgfe_26,lgfe_27,lgfe_28,lgfe_29,lgfe_30,lgfe_31,lgfe_32,lgfe_33,lgfe_34,lgfe_35,lgfe_36,lgfe_37,lgfe_38,lgfe_39,lgfe_40,lgfe_41,lgfe_42,lgfe_43,lgfe_44,lgfe_45,lgfe_46,lgfe_47,lgfe_48,lgfe_49,lgfe_50,lgfe_51,lgfe_52,lgfe_53,lgfe_54,lgfe_55,lgfe_56,lgfe_57,lgfe_58,lgfe_59,lgfe_60,lgfe_61,lgfe_62,lgfe_63,lgfe_64,lgfe_65,lgfe_66,lgfe_67,lgfe_68,lgfe_69,lgfe_70,lgfe_71,lgfe_72,lgfe_73,lgfe_74,lgfe_75,lgfe_76,lgfe_77,lgfe_78,lgfe_79,lgfe_80,lgfe_81,lgfe_82,lgfe_83,lgfe_84,lgfe_85,lgfe_86,lgfe_87,lgfe_88,lgfe_89,lgfe_90,lgfe_91,lgfe_92,lgfe_93,lgfe_94,lgfe_95,lgfe_96,lgfe_97,lgfe_98,lgfe_99,lgfe_100,lgfe_101,lgfe_102,lgfe_103,lgfe_104,lgfe_105,lgfe_106,lgfe_107,lgfe_108,lgfe_109,lgfe_110,lgfe_111,lgfe_112,lgfe_113,lgfe_114,lgfe_115,lgfe_116,lgfe_117,lgfe_118,lgfe_119,lgfe_120,lgfe_121,lgfe_122,lgfe_123,lgfe_124,lgfe_125,lgfe_126,lgfe_127,lgfe_128,lgfe_129,lgfe_130,lgfe_131,lgfe_132,lgfe_133,lgfe_134,lgfe_135,lgfe_136,lgfe_137,lgfe_138,lgfe_139,lgfe_140,lgfe_141,lgfe_142,lgfe_143,lgfe_144,lgfe_145,lgfe_146,lgfe_147,lgfe_148,lgfe_149,lgfe_150,lgfe_151,lgfe_152,lgfe_153,lgfe_154,lgfe_155,lgfe_156,lgfe_157,lgfe_158,lgfe_159,lgfe_160,lgfe_161,lgfe_162,lgfe_163,lgfe_164,lgfe_165,lgfe_166,lgfe_167,lgfe_168,lgfe_169,lgfe_170,lgfe_171,lgfe_172,lgfe_173,lgfe_174,lgfe_175,lgfe_176,lgfe_177,lgfe_178,lgfe_179,lgfe_180,lgfe_181,lgfe_182,lgfe_183,lgfe_184,Molecule,Parent,log10_P_app,SMILES
2.863,2.845,2.841,2.841,2.841,2.841,2.845,2.849,2.851,2.852,2.853,2.857,2.859,2.861,2.862,2.861,2.861,2.861,2.864,2.869,2.874,2.877,2.88,2.879,2.881,2.884,2.884,2.881,2.879,2.878,2.872,2.866,2.858,2.853,2.845,2.839,2.836,2.831,2.828,2.824,2.821,2.816,2.81,2.804,2.799,2.792,2.781,2.772,2.765,2.754,2.744,2.732,2.723,2.712,2.705,2.698,2.697,2.697,2.698,2.712,2.735,2.801,2.804,2.666,2.49,2.263,2.022,1.791,1.545,1.362,1.195,0.362,-0.449,-1.019,-1.353,-1.412,-1.386,-1.351,-0.908,-0.326,0.43,0.599,0.951,1.236,1.566,1.989,2.433,2.785,2.819,2.748,2.719,2.71,2.716,2.791,2.95,2.552,2.109,1.666,1.26,0.973,0.755,0.528,-0.134,-0.762,-1.396,-1.502,-1.488,-1.488,-1.225,-0.75,-0.038,0.966,1.297,1.456,1.662,1.914,2.152,2.392,2.58,2.731,2.811,2.744,2.707,2.694,2.688,2.683,2.683,2.684,2.689,2.693,2.706,2.717,2.73,2.735,2.743,2.755,2.761,2.763,2.773,2.777,2.778,2.786,2.794,2.799,2.801,2.806,2.81,2.815,2.817,2.818,2.82,2.821,2.822,2.823,2.828,2.829,2.83,2.828,2.828,2.828,2.831,2.831,2.831,2.83,2.83,2.831,2.835,2.839,2.845,2.85,2.855,2.861,2.866,2.87,2.873,2.877,2.88,2.884,2.884,2.888,2.889,2.888,2.888,2.892,2.906,Donepezil_62,Donepezil,-4.471083299722345,COc1cc2c(cc1OC)C(=O)[C@@H](C[C@H]1CC[N@H+](Cc3ccccc3)CC1)C2
1.773,1.761,1.757,1.757,1.757,1.757,1.759,1.76,1.764,1.765,1.767,1.767,1.768,1.767,1.767,1.765,1.765,1.766,1.771,1.775,1.78,1.785,1.789,1.792,1.79,1.787,1.786,1.785,1.782,1.778,1.772,1.763,1.76,1.755,1.749,1.746,1.74,1.738,1.735,1.734,1.725,1.722,1.717,1.715,1.711,1.707,1.696,1.69,1.683,1.67,1.664,1.654,1.643,1.638,1.632,1.63,1.63,1.633,1.634,1.647,1.67,1.719,1.812,1.955,2.147,2.25,2.234,2.039,1.711,1.262,0.783,0.269,-0.381,-0.846,-1.074,-1.092,-1.071,-0.997,-0.588,0.06,0.828,1.74,2.652,3.145,3.581,3.942,4.134,3.937,3.789,3.704,3.696,3.696,3.706,3.748,3.958,4.194,4.076,3.726,3.299,2.817,2.071,1.094,0.242,-0.439,-0.947,-1.152,-1.152,-1.136,-1.021,-0.629,-0.035,0.569,1.061,1.53,1.901,2.153,2.249,2.171,2.013,1.845,1.739,1.676,1.642,1.628,1.623,1.621,1.621,1.621,1.623,1.627,1.636,1.646,1.654,1.661,1.665,1.676,1.683,1.69,1.696,1.698,1.7,1.704,1.712,1.717,1.718,1.723,1.728,1.729,1.732,1.731,1.731,1.733,1.733,1.737,1.739,1.743,1.743,1.744,1.746,1.745,1.744,1.742,1.742,1.746,1.745,1.745,1.749,1.755,1.76,1.764,1.766,1.769,1.773,1.774,1.777,1.782,1.783,1.789,1.792,1.794,1.795,1.794,1.794,1.795,1.81,Clozapine_57,Clozapine,-4.548213564475709,C[NH+]1CCN(C2=Nc3cc(Cl)ccc3Nc3ccccc32)CC1
2.641,2.622,2.617,2.617,2.617,2.618,2.622,2.626,2.631,2.634,2.635,2.637,2.637,2.638,2.639,2.638,2.639,2.64,2.644,2.653,2.659,2.664,2.67,2.673,2.677,2.677,2.676,2.674,2.669,2.667,2.661,2.656,2.65,2.646,2.64,2.635,2.633,2.63,2.627,2.624,2.619,2.618,2.613,2.606,2.601,2.596,2.59,2.582,2.575,2.564,2.559,2.552,2.543,2.538,2.536,2.535,2.534,2.535,2.537,2.547,2.579,2.647,2.767,2.946,3.207,3.039,2.823,2.501,2.139,1.555,0.821,-0.082,-0.952,-1.707,-2.224,-2.525,-2.603,-2.625,-2.582,-2.468,-2.214,-1.86,-1.563,-1.277,-1.173,-1.116,-0.952,-0.739,-0.487,-0.214,0.067,0.224,-0.056,-0.344,-0.614,-0.847,-1.026,-1.165,-1.211,-1.442,-1.782,-2.089,-2.421,-2.561,-2.605,-2.642,-2.577,-2.361,-1.892,-1.218,-0.413,0.507,1.333,1.903,2.36,2.711,2.952,3.24,3.016,2.79,2.664,2.574,2.53,2.511,2.503,2.498,2.495,2.492,2.492,2.496,2.505,2.512,2.522,2.53,2.534,2.543,2.546,2.548,2.558,2.564,2.568,2.575,2.58,2.583,2.584,2.588,2.591,2.595,2.596,2.599,2.601,2.601,2.602,2.604,2.607,2.608,2.611,2.61,2.608,2.607,2.605,2.604,2.601,2.601,2.602,2.603,2.606,2.61,2.615,2.62,2.625,2.63,2.635,2.641,2.647,2.649,2.654,2.657,2.662,2.664,2.665,2.664,2.663,2.665,2.679,Perphenazine_53,Perphenazine,-5.7447274948966935,OCCN1CCN(CCCN2c3ccccc3Sc3ccc(Cl)cc32)CC1
2.812,2.803,2.799,2.799,2.799,2.8,2.803,2.806,2.809,2.814,2.817,2.817,2.817,2.817,2.819,2.82,2.82,2.82,2.824,2.828,2.834,2.837,2.841,2.843,2.845,2.842,2.842,2.838,2.831,2.83,2.824,2.82,2.816,2.808,2.804,2.802,2.796,2.792,2.792,2.787,2.787,2.776,2.775,2.767,2.765,2.76,2.751,2.742,2.736,2.728,2.717,2.71,2.704,2.699,2.691,2.69,2.688,2.688,2.69,2.695,2.714,2.762,2.841,2.967,2.788,2.555,2.37,2.14,1.612,1.078,0.319,-0.348,-0.995,-1.605,-2.021,-2.29,-2.434,-2.415,-2.363,-2.256,-1.953,-1.613,-1.092,-0.823,-0.316,-0.164,-0.154,-0.263,-0.368,-0.413,-0.43,-0.43,-0.42,-0.383,-0.304,-0.184,-0.068,-0.091,-0.614,-1.063,-1.487,-1.826,-2.201,-2.367,-2.431,-2.421,-2.375,-2.168,-1.82,-1.251,-0.63,0.031,0.78,1.386,1.919,2.279,2.46,2.68,2.914,2.875,2.78,2.721,2.692,2.68,2.674,2.673,2.672,2.672,2.674,2.681,2.686,2.694,2.701,2.707,2.714,2.722,2.733,2.735,2.739,2.748,2.749,2.754,2.758,2.762,2.765,2.77,2.771,2.777,2.777,2.777,2.778,2.78,2.783,2.785,2.788,2.789,2.789,2.792,2.792,2.788,2.786,2.785,2.784,2.782,2.782,2.782,2.785,2.788,2.792,2.794,2.798,2.802,2.806,2.814,2.817,2.821,2.823,2.828,2.832,2.834,2.835,2.834,2.836,2.837,2.844,Trifluoperazine_121,Trifluoperazine,-6.154901959985743,CN1CC[NH+](CCCN2c3ccccc3Sc3ccc(C(F)(F)F)cc32)CC1
2.821,2.807,2.805,2.804,2.804,2.805,2.809,2.813,2.817,2.82,2.824,2.825,2.827,2.827,2.824,2.822,2.822,2.824,2.827,2.836,2.841,2.845,2.851,2.857,2.86,2.86,2.858,2.854,2.852,2.846,2.84,2.835,2.832,2.826,2.822,2.817,2.816,2.813,2.813,2.811,2.81,2.808,2.805,2.803,2.796,2.792,2.784,2.779,2.77,2.764,2.757,2.751,2.741,2.738,2.736,2.734,2.732,2.732,2.733,2.742,2.769,2.823,2.927,3.089,3.306,3.096,2.741,2.313,1.739,1.049,0.303,-0.412,-1.144,-1.868,-2.425,-2.799,-2.947,-2.984,-2.984,-2.936,-2.742,-2.435,-2.134,-1.904,-1.763,-1.811,-1.834,-1.954,-2.072,-2.122,-2.13,-2.131,-2.128,-2.088,-1.975,-1.828,-1.801,-1.762,-1.843,-2.121,-2.337,-2.669,-2.904,-2.978,-2.978,-2.972,-2.879,-2.595,-2.102,-1.436,-0.639,0.035,0.757,1.498,2.108,2.56,2.961,3.291,3.151,2.97,2.847,2.773,2.738,2.724,2.717,2.712,2.709,2.709,2.709,2.713,2.719,2.727,2.735,2.742,2.749,2.755,2.76,2.763,2.764,2.766,2.768,2.774,2.781,2.784,2.788,2.789,2.793,2.794,2.794,2.792,2.791,2.791,2.794,2.795,2.799,2.8,2.801,2.801,2.8,2.796,2.794,2.792,2.791,2.789,2.789,2.79,2.793,2.796,2.801,2.806,2.808,2.813,2.817,2.823,2.828,2.831,2.835,2.836,2.842,2.844,2.846,2.845,2.845,2.846,2.855,Mesoridazine_16,Mesoridazine,-4.826813731587726,CN1CCCC[C@H]1CCN1c2ccccc2Sc2ccc([S@@](C)=O)cc21
2.524,2.508,2.501,2.501,2.501,2.501,2.507,2.509,2.512,2.516,2.52,2.524,2.526,2.526,2.527,2.525,2.525,2.524,2.529,2.533,2.539,2.542,2.547,2.553,2.554,2.557,2.555,2.554,2.551,2.548,2.543,2.537,2.532,2.522,2.521,2.515,2.507,2.504,2.502,2.5,2.497,2.494,2.49,2.484,2.478,2.472,2.465,2.457,2.449,2.441,2.43,2.42,2.408,2.4,2.394,2.393,2.393,2.394,2.399,2.415,2.456,2.53,2.655,2.853,3.135,3.154,2.932,2.663,2.348,1.989,1.37,0.635,0.03,-0.38,-0.526,-0.501,-0.496,-0.309,0.181,0.935,1.973,3.163,4.365,4.956,5.61,5.941,6.197,6.47,6.933,7.256,7.71,7.799,7.433,7.02,6.686,6.456,6.248,5.801,5.107,4.436,3.538,2.289,1.178,0.336,-0.271,-0.554,-0.583,-0.583,-0.518,-0.196,0.365,1.115,1.751,2.206,2.542,2.813,3.064,3.25,2.93,2.694,2.547,2.456,2.406,2.385,2.377,2.372,2.369,2.368,2.369,2.373,2.382,2.391,2.4,2.412,2.419,2.427,2.435,2.437,2.444,2.448,2.451,2.456,2.465,2.47,2.474,2.48,2.484,2.486,2.488,2.488,2.491,2.492,2.492,2.496,2.499,2.501,2.504,2.503,2.502,2.502,2.505,2.505,2.507,2.508,2.509,2.514,2.516,2.521,2.524,2.529,2.534,2.537,2.541,2.545,2.55,2.553,2.554,2.554,2.555,2.558,2.557,2.557,2.557,2.558,2.566,Tiagabine_114,Tiagabine,-4.767003889607846,Cc1ccsc1C(=CCCN1CCC[C@H](C(=O)O)C1)c1sccc1C
2.508,2.494,2.49,2.49,2.49,2.491,2.492,2.495,2.501,2.501,2.503,2.505,2.504,2.507,2.514,2.515,2.516,2.515,2.518,2.521,2.525,2.526,2.529,2.528,2.53,2.529,2.527,2.525,2.521,2.516,2.512,2.509,2.503,2.497,2.493,2.488,2.482,2.477,2.474,2.472,2.464,2.462,2.454,2.445,2.437,2.43,2.422,2.41,2.405,2.401,2.386,2.378,2.37,2.356,2.35,2.344,2.335,2.334,2.335,2.339,2.351,2.388,2.452,2.556,2.42,2.242,1.877,1.484,1.094,0.719,0.421,-0.085,-0.778,-1.239,-1.412,-1.466,-1.46,-1.382,-1.009,-0.485,0.182,0.761,1.169,1.494,1.828,2.084,2.189,2.347,2.594,2.868,3.22,3.313,3.024,2.746,2.535,2.367,2.259,2.128,1.855,1.495,1.096,0.523,-0.172,-0.812,-1.282,-1.474,-1.48,-1.455,-1.332,-1.043,-0.425,0.262,0.558,0.915,1.29,1.692,2.059,2.403,2.551,2.458,2.383,2.343,2.324,2.316,2.313,2.313,2.316,2.322,2.327,2.334,2.341,2.354,2.363,2.374,2.379,2.389,2.398,2.403,2.412,2.415,2.418,2.425,2.429,2.436,2.439,2.444,2.447,2.453,2.457,2.457,2.46,2.465,2.467,2.469,2.473,2.476,2.476,2.476,2.476,2.475,2.472,2.472,2.47,2.469,2.471,2.474,2.474,2.475,2.478,2.485,2.487,2.493,2.498,2.505,2.509,2.512,2.518,2.521,2.523,2.523,2.524,2.525,2.525,2.526,2.538,Quetiapine_71,Quetiapine,-4.481486060122112,OCCOCC[NH+]1CC[N+](=C2Nc3ccccc3Sc3ccccc32)CC1
1.487,1.479,1.476,1.475,1.475,1.474,1.475,1.477,1.479,1.481,1.482,1.484,1.485,1.485,1.486,1.485,1.485,1.485,1.487,1.49,1.493,1.496,1.5,1.5,1.499,1.498,1.497,1.495,1.493,1.489,1.484,1.484,1.48,1.475,1.472,1.469,1.468,1.463,1.462,1.461,1.459,1.456,1.449,1.446,1.44,1.439,1.435,1.43,1.421,1.416,1.411,1.399,1.395,1.391,1.384,1.381,1.379,1.379,1.379,1.382,1.399,1.423,1.478,1.562,1.679,1.649,1.461,1.224,0.949,0.544,0.264,-0.099,-0.545,-0.875,-1.042,-1.055,-1.074,-1.001,-0.841,-0.496,-0.043,0.456,0.866,1.03,1.395,1.395,1.377,1.23,1.158,1.119,1.1,1.099,1.105,1.13,1.202,1.347,1.404,1.404,1.404,1.148,0.688,0.154,-0.362,-0.754,-0.949,-1.091,-1.091,-1.081,-0.991,-0.7,-0.295,0.094,0.488,0.831,1.11,1.367,1.551,1.711,1.584,1.49,1.426,1.395,1.382,1.378,1.373,1.37,1.37,1.374,1.377,1.384,1.388,1.392,1.4,1.408,1.413,1.42,1.426,1.431,1.431,1.431,1.432,1.435,1.44,1.443,1.447,1.451,1.454,1.454,1.455,1.455,1.456,1.458,1.46,1.46,1.462,1.464,1.466,1.466,1.465,1.464,1.464,1.462,1.461,1.461,1.464,1.465,1.465,1.468,1.471,1.474,1.475,1.479,1.483,1.485,1.488,1.49,1.493,1.497,1.497,1.497,1.498,1.498,1.499,1.5,1.508,Bupropion_34,Bupropion,-4.323306390375134,C[C@@H]([NH2+]C(C)(C)C)C(=O)c1cccc(Cl)c1
2.805,2.793,2.792,2.792,2.792,2.793,2.794,2.799,2.802,2.807,2.81,2.811,2.811,2.811,2.812,2.813,2.813,2.814,2.816,2.818,2.822,2.827,2.828,2.828,2.83,2.829,2.826,2.823,2.818,2.814,2.809,2.803,2.798,2.79,2.785,2.783,2.776,2.77,2.77,2.759,2.758,2.746,2.745,2.74,2.734,2.728,2.721,2.704,2.698,2.683,2.675,2.668,2.662,2.647,2.642,2.635,2.632,2.633,2.633,2.638,2.646,2.681,2.736,2.634,2.497,2.396,2.363,2.226,1.77,1.026,0.306,-0.364,-1.096,-1.592,-1.944,-2.168,-2.191,-2.191,-2.148,-1.9,-1.497,-1.331,-0.797,-0.177,0.448,0.96,1.511,1.459,1.349,1.295,1.279,1.279,1.279,1.31,1.396,1.52,1.516,0.816,0.124,-0.563,-1.17,-1.628,-1.944,-2.112,-2.237,-2.24,-2.225,-2.056,-1.781,-1.333,-0.658,0.035,0.727,1.496,2.036,2.325,2.346,2.433,2.557,2.696,2.688,2.648,2.633,2.624,2.623,2.624,2.624,2.625,2.629,2.639,2.648,2.658,2.67,2.678,2.684,2.692,2.701,2.709,2.714,2.727,2.728,2.731,2.739,2.742,2.746,2.751,2.751,2.756,2.762,2.761,2.762,2.765,2.768,2.774,2.775,2.778,2.778,2.78,2.78,2.78,2.777,2.777,2.773,2.773,2.773,2.773,2.776,2.779,2.781,2.785,2.786,2.794,2.797,2.804,2.805,2.812,2.817,2.821,2.823,2.827,2.827,2.826,2.826,2.826,2.839,Trifluoperazine_123,Trifluoperazine,-6.154901959985743,C[N@H+]1CC[N@@H+](CCCN2c3ccccc3Sc3ccc(C(F)(F)F)cc32)CC1
2.137,2.13,2.126,2.126,2.127,2.127,2.129,2.133,2.135,2.139,2.14,2.141,2.143,2.142,2.14,2.139,2.14,2.14,2.143,2.143,2.153,2.157,2.16,2.165,2.171,2.169,2.166,2.164,2.161,2.158,2.153,2.149,2.145,2.141,2.138,2.133,2.13,2.128,2.127,2.125,2.122,2.121,2.118,2.115,2.109,2.105,2.101,2.094,2.085,2.079,2.074,2.064,2.06,2.056,2.054,2.053,2.052,2.053,2.058,2.066,2.085,2.131,2.209,2.337,2.509,2.72,2.684,2.471,2.012,1.351,0.658,-0.028,-0.627,-1.085,-1.412,-1.521,-1.521,-1.484,-1.431,-1.22,-0.82,-0.387,0.059,0.454,0.698,0.855,0.797,0.694,0.598,0.552,0.55,0.55,0.554,0.611,0.736,0.852,0.944,0.824,0.577,0.181,-0.249,-0.735,-1.146,-1.382,-1.521,-1.554,-1.554,-1.518,-1.246,-0.844,-0.28,0.368,1.098,1.754,2.317,2.615,2.743,2.572,2.384,2.24,2.143,2.085,2.058,2.047,2.04,2.035,2.034,2.034,2.035,2.037,2.039,2.048,2.056,2.062,2.071,2.076,2.081,2.086,2.087,2.088,2.09,2.094,2.098,2.105,2.11,2.111,2.114,2.114,2.115,2.114,2.114,2.114,2.116,2.117,2.118,2.121,2.122,2.123,2.123,2.123,2.122,2.121,2.119,2.119,2.119,2.121,2.122,2.126,2.13,2.134,2.139,2.142,2.144,2.148,2.151,2.155,2.158,2.16,2.16,2.162,2.163,2.162,2.163,2.166,2.169,Citalopram_52,Citalopram,-4.742321425130816,CN(C)CCC[C@@]1(c2ccc(F)cc2)OCc2cc(C#N)ccc21
1.532,1.525,1.522,1.521,1.521,1.521,1.523,1.527,1.53,1.532,1.533,1.535,1.534,1.532,1.531,1.53,1.53,1.531,1.534,1.537,1.543,1.549,1.552,1.553,1.556,1.555,1.555,1.552,1.55,1.546,1.544,1.54,1.537,1.533,1.528,1.525,1.522,1.521,1.52,1.519,1.518,1.516,1.514,1.513,1.506,1.504,1.5,1.497,1.49,1.485,1.478,1.473,1.467,1.463,1.462,1.461,1.461,1.462,1.466,1.474,1.493,1.533,1.605,1.723,1.89,2.085,2.206,2.258,1.856,1.328,0.788,0.262,-0.24,-0.714,-1.036,-1.223,-1.25,-1.25,-1.23,-1.104,-0.834,-0.481,-0.144,0.172,0.413,0.622,0.587,0.436,0.336,0.301,0.294,0.294,0.297,0.332,0.431,0.58,0.678,0.489,0.24,-0.061,-0.427,-0.766,-1.064,-1.24,-1.282,-1.284,-1.284,-1.147,-0.877,-0.458,0.068,0.559,1.095,1.639,2.14,2.235,2.12,1.955,1.766,1.632,1.545,1.494,1.468,1.458,1.451,1.448,1.445,1.445,1.447,1.447,1.454,1.458,1.465,1.47,1.479,1.482,1.485,1.489,1.489,1.489,1.491,1.494,1.498,1.505,1.509,1.51,1.509,1.51,1.509,1.509,1.509,1.509,1.512,1.512,1.514,1.515,1.518,1.518,1.517,1.516,1.515,1.513,1.513,1.514,1.514,1.516,1.517,1.518,1.524,1.528,1.532,1.535,1.536,1.539,1.542,1.546,1.547,1.549,1.549,1.551,1.551,1.551,1.553,1.553,1.56,Diazepam_60,Diazepam,-4.333482019445119,CN1C(=O)CN=C(c2ccccc2)c2cc(Cl)ccc21
1.417,1.409,1.409,1.409,1.409,1.409,1.409,1.412,1.414,1.416,1.417,1.417,1.419,1.419,1.419,1.418,1.418,1.418,1.419,1.422,1.426,1.426,1.43,1.431,1.431,1.43,1.429,1.426,1.424,1.419,1.418,1.413,1.41,1.406,1.404,1.398,1.398,1.398,1.394,1.394,1.393,1.392,1.389,1.382,1.38,1.376,1.372,1.367,1.364,1.358,1.352,1.347,1.334,1.333,1.328,1.322,1.319,1.315,1.315,1.317,1.327,1.339,1.374,1.424,1.507,1.604,1.524,1.27,0.934,0.574,0.24,-0.058,-0.347,-0.536,-0.556,-0.556,-0.492,-0.274,0.122,0.666,1.25,1.655,1.985,2.372,2.759,3.002,3.108,3.125,3.039,3.017,2.99,2.99,2.992,3.019,3.145,3.236,3.113,2.891,2.585,2.225,1.848,1.469,0.951,0.326,-0.161,-0.464,-0.564,-0.614,-0.589,-0.452,-0.191,0.108,0.441,0.8,1.15,1.424,1.622,1.531,1.442,1.381,1.342,1.327,1.322,1.32,1.317,1.317,1.317,1.321,1.327,1.33,1.336,1.338,1.345,1.353,1.361,1.364,1.369,1.371,1.37,1.37,1.371,1.375,1.379,1.385,1.389,1.392,1.393,1.393,1.393,1.393,1.395,1.396,1.397,1.399,1.401,1.403,1.404,1.404,1.403,1.403,1.403,1.402,1.402,1.401,1.401,1.402,1.401,1.401,1.406,1.408,1.411,1.413,1.416,1.417,1.42,1.423,1.425,1.427,1.428,1.428,1.43,1.43,1.43,1.43,1.436,Tacrine_101,Tacrine,-4.546681659952962,Nc1c2c([nH+]c3ccccc13)CCCC2
0.808,0.795,0.792,0.791,0.79,0.788,0.788,0.79,0.788,0.788,0.791,0.793,0.791,0.788,0.787,0.787,0.788,0.789,0.793,0.798,0.805,0.809,0.812,0.815,0.817,0.817,0.814,0.81,0.807,0.805,0.801,0.796,0.791,0.786,0.782,0.779,0.776,0.772,0.77,0.767,0.764,0.764,0.763,0.758,0.755,0.75,0.745,0.736,0.73,0.727,0.719,0.713,0.704,0.699,0.698,0.696,0.697,0.699,0.705,0.725,0.751,0.806,0.904,1.048,1.265,1.42,1.559,1.503,1.303,0.963,0.528,0.049,-0.395,-0.708,-0.874,-0.916,-0.916,-0.818,-0.568,-0.08,0.624,1.499,2.491,3.523,4.531,5.123,5.464,5.75,5.746,5.676,5.661,5.661,5.672,5.733,5.861,5.606,5.337,4.834,3.825,2.771,1.743,0.819,0.051,-0.502,-0.819,-0.932,-0.957,-0.957,-0.831,-0.557,-0.136,0.353,0.824,1.2,1.438,1.567,1.465,1.309,1.121,0.934,0.827,0.755,0.718,0.704,0.699,0.694,0.691,0.689,0.689,0.692,0.7,0.708,0.714,0.721,0.725,0.731,0.731,0.735,0.736,0.738,0.744,0.749,0.754,0.761,0.764,0.763,0.763,0.764,0.768,0.768,0.769,0.768,0.768,0.773,0.773,0.774,0.774,0.774,0.777,0.779,0.775,0.774,0.774,0.779,0.783,0.783,0.788,0.794,0.798,0.803,0.805,0.809,0.807,0.807,0.808,0.812,0.817,0.817,0.818,0.822,0.824,0.826,0.827,0.83,0.839,Meprobamate_15,Meprobamate,-5.031517051446065,CCCC(C)(COC(N)=O)COC(N)=O
2.536,2.529,2.528,2.528,2.528,2.528,2.531,2.535,2.539,2.544,2.548,2.55,2.55,2.548,2.547,2.546,2.545,2.547,2.55,2.554,2.561,2.566,2.57,2.572,2.575,2.575,2.572,2.569,2.566,2.56,2.558,2.554,2.549,2.545,2.539,2.536,2.535,2.536,2.536,2.536,2.537,2.536,2.534,2.531,2.527,2.524,2.519,2.515,2.511,2.504,2.497,2.489,2.485,2.481,2.479,2.476,2.475,2.474,2.475,2.481,2.498,2.534,2.601,2.715,2.855,3.041,3.012,2.65,2.111,1.481,0.769,-0.078,-0.916,-1.552,-1.975,-2.306,-2.478,-2.498,-2.498,-2.496,-2.463,-2.361,-2.168,-1.922,-1.652,-1.378,-1.099,-0.799,-0.539,-0.361,-0.354,-0.354,-0.353,-0.412,-0.69,-0.987,-1.282,-1.565,-1.837,-2.095,-2.314,-2.446,-2.494,-2.501,-2.501,-2.496,-2.377,-2.102,-1.729,-1.159,-0.363,0.452,1.238,1.878,2.443,2.882,3.077,2.924,2.749,2.632,2.555,2.507,2.482,2.472,2.467,2.465,2.464,2.464,2.464,2.467,2.471,2.476,2.483,2.489,2.495,2.501,2.502,2.502,2.502,2.503,2.504,2.507,2.512,2.52,2.523,2.523,2.525,2.524,2.524,2.523,2.522,2.523,2.524,2.527,2.53,2.531,2.532,2.533,2.531,2.528,2.525,2.523,2.519,2.518,2.518,2.518,2.518,2.519,2.522,2.528,2.532,2.536,2.54,2.543,2.545,2.55,2.555,2.557,2.556,2.556,2.558,2.558,2.558,2.56,2.564,Maprotiline_13,Maprotiline,-5.229147988357856,CNCCC[C@]12CC[C@H](c3ccccc31)c1ccccc12
2.545,2.528,2.523,2.523,2.524,2.526,2.529,2.533,2.537,2.541,2.542,2.543,2.543,2.543,2.544,2.544,2.544,2.546,2.549,2.557,2.565,2.57,2.576,2.577,2.58,2.582,2.581,2.578,2.576,2.572,2.566,2.56,2.555,2.551,2.546,2.543,2.539,2.535,2.531,2.529,2.523,2.521,2.513,2.51,2.506,2.502,2.493,2.488,2.48,2.474,2.467,2.46,2.45,2.445,2.442,2.441,2.44,2.443,2.443,2.456,2.485,2.548,2.674,2.85,3.093,3.038,2.775,2.452,2.077,1.575,1.025,0.122,-0.831,-1.584,-2.099,-2.433,-2.5,-2.53,-2.53,-2.4,-2.135,-1.779,-1.453,-1.216,-1.042,-0.923,-0.779,-0.619,-0.414,-0.186,0.082,0.235,-0.021,-0.28,-0.499,-0.688,-0.85,-0.994,-1.147,-1.379,-1.642,-2.053,-2.325,-2.508,-2.516,-2.516,-2.461,-2.276,-1.835,-1.141,-0.274,0.726,1.358,1.878,2.309,2.639,2.926,3.119,2.923,2.705,2.564,2.48,2.437,2.419,2.413,2.406,2.401,2.401,2.4,2.404,2.412,2.422,2.43,2.439,2.442,2.448,2.453,2.457,2.463,2.47,2.473,2.481,2.486,2.489,2.492,2.495,2.497,2.501,2.502,2.505,2.505,2.506,2.508,2.51,2.513,2.515,2.516,2.516,2.514,2.513,2.511,2.507,2.507,2.508,2.508,2.509,2.512,2.519,2.523,2.528,2.531,2.538,2.542,2.548,2.551,2.553,2.557,2.563,2.565,2.568,2.569,2.57,2.569,2.57,2.587,Quetiapine_69,Quetiapine,-4.481486060122112,OCCOCCN1CCN(C2=Nc3ccccc3Sc3ccccc32)CC1
2.635,2.619,2.612,2.611,2.611,2.612,2.614,2.619,2.622,2.627,2.63,2.63,2.628,2.632,2.631,2.634,2.636,2.637,2.639,2.645,2.649,2.657,2.662,2.663,2.663,2.661,2.661,2.66,2.656,2.652,2.647,2.638,2.632,2.628,2.624,2.616,2.613,2.61,2.604,2.603,2.597,2.592,2.586,2.583,2.578,2.564,2.556,2.551,2.545,2.53,2.521,2.513,2.505,2.497,2.488,2.486,2.485,2.485,2.487,2.496,2.529,2.585,2.695,2.859,2.952,2.847,2.733,2.562,2.078,1.557,0.748,-0.208,-0.972,-1.616,-2.041,-2.239,-2.276,-2.262,-2.118,-1.895,-1.589,-1.113,-0.701,-0.302,0.085,0.464,0.866,1.284,1.537,1.813,2.105,2.272,2.066,1.825,1.536,1.184,0.803,0.34,-0.094,-0.572,-0.934,-1.457,-1.844,-2.101,-2.254,-2.264,-2.275,-2.206,-1.832,-1.236,-0.523,0.336,1.233,1.819,2.386,2.712,2.805,2.886,2.907,2.72,2.588,2.522,2.484,2.47,2.46,2.454,2.453,2.454,2.458,2.468,2.473,2.48,2.495,2.502,2.508,2.515,2.517,2.524,2.535,2.545,2.548,2.555,2.561,2.565,2.568,2.571,2.577,2.577,2.577,2.583,2.584,2.584,2.588,2.593,2.595,2.599,2.601,2.601,2.598,2.596,2.595,2.594,2.592,2.591,2.592,2.594,2.598,2.604,2.608,2.611,2.617,2.618,2.624,2.63,2.638,2.641,2.644,2.649,2.653,2.655,2.655,2.655,2.656,2.66,2.673,Perphenazine_55,Perphenazine,-5.7447274948966935,OCC[NH+]1CCN(CCCN2c3ccccc3Sc3ccc(Cl)cc32)CC1
1.935,1.929,1.926,1.926,1.926,1.926,1.929,1.932,1.933,1.935,1.938,1.941,1.942,1.941,1.94,1.941,1.941,1.941,1.943,1.946,1.95,1.953,1.955,1.959,1.956,1.955,1.953,1.953,1.95,1.945,1.94,1.938,1.932,1.931,1.926,1.923,1.92,1.918,1.917,1.908,1.908,1.903,1.903,1.901,1.899,1.89,1.887,1.88,1.869,1.864,1.86,1.851,1.847,1.838,1.836,1.83,1.83,1.832,1.833,1.833,1.84,1.863,1.91,1.982,2.093,2.038,1.753,1.389,1.032,0.553,0.133,-0.391,-0.848,-1.29,-1.598,-1.79,-1.862,-1.878,-1.878,-1.833,-1.668,-1.334,-1.003,-0.598,-0.147,0.246,0.371,0.299,0.237,0.213,0.207,0.207,0.21,0.226,0.275,0.351,0.427,0.075,-0.404,-0.845,-1.236,-1.597,-1.812,-1.876,-1.879,-1.879,-1.85,-1.676,-1.427,-1.023,-0.543,-0.046,0.366,0.837,1.247,1.596,1.914,2.128,2.008,1.922,1.868,1.838,1.823,1.82,1.817,1.816,1.816,1.822,1.826,1.828,1.832,1.843,1.851,1.857,1.862,1.866,1.872,1.878,1.885,1.886,1.888,1.891,1.896,1.899,1.9,1.903,1.904,1.909,1.909,1.911,1.91,1.911,1.912,1.912,1.918,1.921,1.92,1.92,1.921,1.919,1.917,1.915,1.915,1.914,1.914,1.914,1.915,1.917,1.92,1.924,1.925,1.927,1.933,1.936,1.939,1.942,1.943,1.948,1.95,1.952,1.953,1.952,1.952,1.952,1.955,Fluoxetine_72,Fluoxetine,-5.1938200260161125,C[NH2+]CC[C@H](Oc1ccc(C(F)(F)F)cc1)c1ccccc1
1.857,1.846,1.843,1.843,1.843,1.843,1.845,1.847,1.851,1.855,1.857,1.859,1.857,1.857,1.854,1.854,1.853,1.853,1.856,1.86,1.868,1.873,1.877,1.88,1.884,1.881,1.88,1.878,1.876,1.871,1.867,1.864,1.86,1.855,1.852,1.848,1.844,1.842,1.841,1.838,1.837,1.837,1.834,1.832,1.827,1.824,1.817,1.811,1.807,1.799,1.794,1.783,1.778,1.775,1.772,1.771,1.771,1.772,1.775,1.786,1.81,1.855,1.941,2.073,2.243,2.438,2.632,2.67,2.18,1.582,0.941,0.292,-0.358,-0.884,-1.201,-1.393,-1.394,-1.394,-1.381,-1.2,-0.892,-0.451,0.074,0.615,1.108,1.325,1.138,1.001,0.918,0.875,0.865,0.865,0.872,0.912,0.991,1.142,1.361,1.217,0.756,0.211,-0.335,-0.809,-1.159,-1.376,-1.453,-1.453,-1.453,-1.329,-1.057,-0.6,0.022,0.688,1.342,1.953,2.489,2.676,2.497,2.301,2.118,1.972,1.87,1.809,1.781,1.768,1.763,1.758,1.755,1.755,1.755,1.757,1.761,1.771,1.779,1.785,1.794,1.798,1.801,1.804,1.804,1.807,1.808,1.813,1.819,1.824,1.829,1.83,1.83,1.83,1.83,1.831,1.831,1.83,1.832,1.834,1.835,1.836,1.839,1.839,1.839,1.841,1.837,1.834,1.834,1.834,1.836,1.838,1.839,1.844,1.849,1.852,1.856,1.86,1.862,1.863,1.866,1.869,1.875,1.875,1.876,1.877,1.878,1.878,1.878,1.879,1.887,Mirtazapine_26,Mirtazapine,-4.489454989793388,CN1CCN2c3ncccc3Cc3ccccc3[C@@H]2C1
0.751,0.748,0.745,0.745,0.745,0.745,0.745,0.746,0.749,0.749,0.749,0.75,0.75,0.749,0.749,0.75,0.75,0.75,0.75,0.751,0.753,0.754,0.756,0.757,0.756,0.755,0.754,0.75,0.749,0.748,0.746,0.743,0.74,0.737,0.735,0.733,0.727,0.727,0.725,0.725,0.725,0.717,0.717,0.713,0.712,0.71,0.704,0.701,0.698,0.689,0.684,0.681,0.677,0.673,0.673,0.667,0.659,0.658,0.656,0.656,0.659,0.665,0.683,0.718,0.773,0.85,0.892,0.763,0.563,0.301,0.006,-0.314,-0.569,-0.727,-0.826,-0.826,-0.826,-0.817,-0.677,-0.411,0.0,0.525,1.143,1.821,2.469,3.099,3.661,3.816,3.776,3.758,3.754,3.754,3.755,3.767,3.8,3.854,3.432,2.839,2.118,1.389,0.715,0.137,-0.317,-0.631,-0.807,-0.846,-0.846,-0.846,-0.774,-0.637,-0.415,-0.115,0.187,0.459,0.689,0.839,0.873,0.789,0.727,0.687,0.666,0.656,0.654,0.653,0.653,0.653,0.661,0.666,0.668,0.672,0.678,0.683,0.688,0.693,0.698,0.702,0.703,0.707,0.709,0.711,0.714,0.714,0.719,0.721,0.725,0.727,0.727,0.727,0.73,0.729,0.729,0.731,0.732,0.736,0.738,0.738,0.739,0.74,0.741,0.74,0.739,0.738,0.738,0.738,0.738,0.739,0.741,0.743,0.746,0.748,0.75,0.752,0.753,0.753,0.755,0.758,0.759,0.759,0.76,0.76,0.762,0.761,0.761,0.761,0.764,Phenelzine_58,Phenelzine,-4.262012673666569,[NH3+]NCCc1ccccc1
1.783,1.769,1.764,1.764,1.764,1.764,1.767,1.768,1.771,1.773,1.774,1.776,1.774,1.773,1.772,1.772,1.772,1.773,1.776,1.782,1.789,1.792,1.797,1.803,1.806,1.803,1.803,1.8,1.797,1.792,1.786,1.78,1.778,1.771,1.766,1.765,1.762,1.757,1.757,1.755,1.751,1.75,1.748,1.744,1.738,1.736,1.728,1.722,1.715,1.705,1.701,1.694,1.684,1.679,1.678,1.678,1.679,1.682,1.686,1.698,1.726,1.787,1.892,2.053,2.276,2.557,2.548,2.186,1.715,1.124,0.545,0.021,-0.49,-0.996,-1.333,-1.459,-1.471,-1.471,-1.295,-0.874,-0.246,0.512,1.12,1.599,2.014,2.333,2.417,2.26,2.085,2.006,2.002,2.002,2.002,2.07,2.304,2.513,2.476,2.158,1.754,1.271,0.735,-0.057,-0.738,-1.229,-1.486,-1.504,-1.504,-1.447,-1.176,-0.722,-0.184,0.319,0.89,1.506,1.999,2.403,2.641,2.356,2.118,1.931,1.807,1.733,1.693,1.676,1.669,1.664,1.66,1.659,1.659,1.663,1.67,1.679,1.684,1.691,1.698,1.703,1.708,1.714,1.716,1.718,1.721,1.726,1.731,1.737,1.739,1.744,1.745,1.747,1.745,1.745,1.746,1.746,1.746,1.749,1.751,1.753,1.753,1.756,1.755,1.755,1.754,1.754,1.754,1.753,1.754,1.756,1.761,1.765,1.77,1.771,1.775,1.779,1.782,1.786,1.787,1.792,1.793,1.798,1.799,1.803,1.803,1.803,1.804,1.804,1.821,Clozapine_54,Clozapine,-4.548213564475709,CN1CCN(C2=Nc3cc(Cl)ccc3Nc3ccccc32)CC1
1.181,1.174,1.172,1.171,1.171,1.171,1.172,1.175,1.178,1.178,1.18,1.18,1.18,1.18,1.179,1.179,1.178,1.179,1.181,1.184,1.188,1.191,1.194,1.197,1.197,1.197,1.196,1.194,1.19,1.188,1.187,1.183,1.18,1.177,1.174,1.169,1.168,1.168,1.166,1.166,1.166,1.165,1.164,1.163,1.161,1.158,1.151,1.15,1.145,1.141,1.137,1.13,1.126,1.123,1.121,1.119,1.118,1.118,1.118,1.129,1.145,1.175,1.231,1.313,1.436,1.584,1.703,1.693,1.424,1.043,0.617,0.162,-0.25,-0.571,-0.779,-0.908,-0.908,-0.899,-0.833,-0.648,-0.322,0.112,0.624,1.171,1.686,2.16,2.52,2.614,2.55,2.518,2.513,2.514,2.517,2.547,2.618,2.688,2.343,1.878,1.337,0.778,0.242,-0.222,-0.586,-0.815,-0.9,-0.947,-0.947,-0.862,-0.681,-0.387,0.007,0.457,0.89,1.286,1.609,1.722,1.628,1.481,1.351,1.25,1.187,1.149,1.129,1.123,1.118,1.116,1.115,1.115,1.115,1.117,1.12,1.124,1.131,1.135,1.139,1.14,1.144,1.143,1.143,1.146,1.148,1.15,1.155,1.16,1.162,1.163,1.162,1.162,1.164,1.165,1.164,1.164,1.166,1.167,1.167,1.17,1.17,1.17,1.17,1.171,1.17,1.168,1.168,1.167,1.167,1.169,1.171,1.171,1.177,1.179,1.181,1.184,1.185,1.185,1.185,1.189,1.191,1.193,1.193,1.193,1.195,1.196,1.196,1.197,1.201,Carbamazepine_37,Carbamazepine,-4.510041520575165,NC(=O)N1c2ccccc2C=Cc2ccccc21
1.029,1.021,1.018,1.017,1.017,1.017,1.018,1.02,1.024,1.021,1.021,1.022,1.022,1.021,1.021,1.021,1.021,1.021,1.024,1.026,1.033,1.036,1.04,1.043,1.044,1.043,1.042,1.04,1.033,1.032,1.029,1.026,1.022,1.015,1.009,1.005,1.003,1.0,0.999,0.998,0.997,0.996,0.994,0.992,0.988,0.983,0.977,0.972,0.966,0.959,0.955,0.945,0.941,0.935,0.933,0.933,0.932,0.932,0.936,0.948,0.974,1.01,1.082,1.19,1.342,1.516,1.699,1.857,1.658,1.322,0.896,0.451,0.05,-0.238,-0.373,-0.394,-0.394,-0.32,-0.035,0.485,1.233,2.17,3.229,4.357,5.439,6.282,6.838,6.687,6.623,6.592,6.589,6.589,6.589,6.633,6.739,6.989,6.654,5.797,4.707,3.551,2.441,1.451,0.642,0.04,-0.321,-0.44,-0.44,-0.438,-0.355,-0.092,0.293,0.743,1.182,1.553,1.805,1.753,1.572,1.399,1.235,1.112,1.025,0.978,0.955,0.943,0.935,0.933,0.932,0.932,0.932,0.933,0.935,0.943,0.951,0.958,0.961,0.966,0.968,0.97,0.971,0.974,0.978,0.983,0.988,0.996,0.998,0.998,0.998,0.999,1.001,1.003,1.005,1.005,1.005,1.007,1.009,1.009,1.009,1.012,1.012,1.012,1.012,1.013,1.013,1.013,1.017,1.018,1.021,1.026,1.033,1.035,1.037,1.04,1.041,1.041,1.041,1.044,1.047,1.046,1.046,1.048,1.051,1.051,1.054,1.056,1.061,Phenytoin_59,Phenytoin,-4.565431095965801,O=C1NC(=O)C(c2ccccc2)(c2ccccc2)N1
1.309,1.303,1.303,1.303,1.303,1.303,1.304,1.308,1.309,1.311,1.311,1.312,1.312,1.312,1.31,1.309,1.309,1.31,1.312,1.316,1.321,1.323,1.327,1.33,1.331,1.33,1.329,1.327,1.324,1.322,1.318,1.315,1.311,1.309,1.304,1.3,1.299,1.298,1.298,1.297,1.295,1.294,1.293,1.292,1.29,1.286,1.283,1.278,1.272,1.265,1.262,1.257,1.251,1.246,1.244,1.244,1.244,1.245,1.248,1.254,1.266,1.297,1.355,1.459,1.606,1.769,1.901,1.742,1.477,1.134,0.714,0.294,-0.101,-0.367,-0.472,-0.477,-0.461,-0.391,-0.18,0.209,0.728,1.335,1.974,2.511,2.996,3.34,3.488,3.499,3.358,3.301,3.298,3.298,3.3,3.39,3.557,3.69,3.547,3.217,2.731,2.18,1.512,0.884,0.329,-0.101,-0.366,-0.493,-0.518,-0.516,-0.461,-0.252,0.095,0.527,0.982,1.359,1.662,1.847,1.825,1.657,1.503,1.385,1.313,1.272,1.251,1.245,1.244,1.24,1.238,1.238,1.238,1.238,1.245,1.251,1.255,1.26,1.264,1.266,1.27,1.274,1.274,1.274,1.276,1.28,1.285,1.289,1.289,1.29,1.295,1.295,1.296,1.296,1.295,1.295,1.295,1.297,1.299,1.3,1.301,1.302,1.304,1.303,1.303,1.303,1.303,1.303,1.303,1.303,1.306,1.309,1.311,1.315,1.316,1.318,1.321,1.322,1.322,1.324,1.325,1.326,1.329,1.329,1.329,1.329,1.329,1.329,1.334,Tacrine_100,Tacrine,-4.546681659952962,Nc1c2c(nc3ccccc13)CCCC2
0.766,0.758,0.756,0.755,0.755,0.755,0.755,0.756,0.758,0.758,0.758,0.759,0.759,0.759,0.758,0.757,0.757,0.758,0.76,0.762,0.767,0.769,0.773,0.774,0.776,0.775,0.773,0.772,0.771,0.765,0.765,0.764,0.76,0.757,0.753,0.749,0.746,0.745,0.743,0.741,0.74,0.74,0.738,0.737,0.735,0.731,0.728,0.722,0.718,0.714,0.708,0.704,0.696,0.693,0.691,0.69,0.69,0.691,0.695,0.708,0.723,0.757,0.815,0.909,1.046,1.223,1.394,1.483,1.315,1.037,0.708,0.354,0.034,-0.17,-0.286,-0.286,-0.274,-0.128,0.158,0.618,1.233,1.955,2.723,3.495,4.064,4.455,4.62,4.444,4.344,4.304,4.299,4.299,4.302,4.341,4.512,4.719,4.706,4.296,3.723,2.953,2.16,1.401,0.749,0.238,-0.108,-0.294,-0.353,-0.353,-0.264,-0.093,0.209,0.585,0.915,1.222,1.428,1.435,1.284,1.099,0.95,0.838,0.768,0.724,0.703,0.697,0.694,0.689,0.687,0.687,0.687,0.689,0.694,0.699,0.706,0.708,0.713,0.718,0.719,0.72,0.721,0.724,0.726,0.729,0.735,0.737,0.74,0.74,0.74,0.742,0.744,0.745,0.745,0.745,0.745,0.745,0.748,0.748,0.75,0.751,0.751,0.751,0.752,0.752,0.752,0.753,0.754,0.757,0.759,0.762,0.769,0.769,0.771,0.773,0.775,0.774,0.774,0.775,0.777,0.777,0.778,0.78,0.781,0.782,0.781,0.781,0.788,Ethosuximide_70,Ethosuximide,-5.013228265733755,CC[C@@]1(C)CC(=O)NC1=O
3.56,3.529,3.517,3.515,3.514,3.518,3.521,3.526,3.527,3.531,3.532,3.54,3.543,3.545,3.545,3.544,3.544,3.543,3.548,3.558,3.562,3.569,3.571,3.573,3.578,3.579,3.576,3.575,3.567,3.558,3.549,3.542,3.538,3.528,3.52,3.508,3.499,3.492,3.488,3.48,3.464,3.46,3.449,3.442,3.433,3.424,3.412,3.398,3.38,3.367,3.352,3.335,3.319,3.306,3.295,3.29,3.29,3.293,3.305,3.325,3.384,3.492,3.695,4.012,4.327,4.041,3.57,3.059,2.499,2.096,1.885,1.299,0.464,-0.216,-0.491,-0.505,-0.505,-0.146,0.601,1.805,3.346,5.222,6.916,8.53,9.276,9.808,10.388,10.767,11.442,12.193,12.929,13.229,12.503,11.774,11.161,10.694,10.256,9.765,9.106,7.554,5.859,3.912,2.212,0.815,-0.07,-0.596,-0.596,-0.574,-0.496,0.039,0.934,1.619,1.932,2.292,2.808,3.35,3.849,4.323,4.101,3.773,3.529,3.386,3.317,3.285,3.272,3.267,3.265,3.265,3.27,3.279,3.292,3.306,3.325,3.339,3.347,3.362,3.368,3.383,3.397,3.409,3.411,3.419,3.433,3.442,3.444,3.451,3.459,3.467,3.474,3.475,3.478,3.482,3.489,3.491,3.492,3.494,3.498,3.501,3.504,3.504,3.504,3.508,3.511,3.513,3.519,3.523,3.524,3.528,3.543,3.548,3.556,3.562,3.567,3.577,3.582,3.584,3.586,3.59,3.597,3.601,3.602,3.604,3.605,3.608,3.62,Ergotamine_66,Ergotamine,-4.991399828238082,C[N@@H+]1C[C@H](C(=O)N[C@@]2(C)O[C@@]3(O)[C@@H]4CCCN4C(=O)[C@@H](Cc4ccccc4)N3C2=O)C=C2c3cccc4[nH]cc(c34)C[C@H]21
2.963,2.949,2.943,2.941,2.941,2.942,2.946,2.949,2.955,2.958,2.962,2.963,2.962,2.962,2.962,2.959,2.959,2.96,2.968,2.971,2.98,2.988,2.994,2.998,3.001,3.001,3.002,2.994,2.992,2.986,2.981,2.976,2.971,2.965,2.96,2.953,2.949,2.946,2.943,2.94,2.937,2.936,2.929,2.928,2.922,2.915,2.907,2.899,2.891,2.882,2.875,2.864,2.858,2.854,2.849,2.847,2.847,2.846,2.851,2.866,2.901,2.974,3.101,3.301,3.483,3.24,2.953,2.543,1.865,1.232,0.557,-0.037,-1.002,-1.934,-2.597,-2.988,-3.121,-3.135,-3.135,-3.075,-2.932,-2.62,-2.201,-1.714,-1.605,-1.451,-1.23,-1.338,-1.469,-1.527,-1.535,-1.536,-1.532,-1.484,-1.37,-1.242,-1.398,-1.536,-1.672,-2.088,-2.536,-2.879,-3.083,-3.164,-3.167,-3.169,-3.076,-2.8,-2.228,-1.39,-0.387,0.327,0.951,1.589,2.254,2.813,3.104,3.359,3.371,3.142,2.993,2.906,2.858,2.838,2.828,2.821,2.818,2.818,2.819,2.822,2.827,2.837,2.846,2.855,2.864,2.87,2.877,2.881,2.883,2.889,2.892,2.9,2.904,2.911,2.916,2.918,2.919,2.923,2.92,2.92,2.923,2.924,2.926,2.928,2.931,2.933,2.933,2.933,2.932,2.928,2.928,2.924,2.923,2.922,2.921,2.922,2.929,2.934,2.939,2.946,2.95,2.954,2.959,2.966,2.97,2.976,2.981,2.985,2.986,2.989,2.99,2.99,2.994,2.996,3.008,Thiothixene_109,Thiothixene,-5.468521082957745,CN1CCN(CC/C=C2/c3ccccc3Sc3ccc(S(=O)(=O)N(C)C)cc32)CC1
2.032,2.015,2.009,2.008,2.008,2.008,2.01,2.009,2.01,2.015,2.015,2.016,2.02,2.021,2.02,2.02,2.018,2.018,2.022,2.027,2.034,2.036,2.041,2.041,2.04,2.041,2.041,2.037,2.032,2.023,2.021,2.018,2.012,2.006,1.999,1.992,1.985,1.982,1.977,1.972,1.965,1.96,1.953,1.946,1.933,1.924,1.918,1.909,1.904,1.887,1.875,1.868,1.851,1.842,1.835,1.831,1.83,1.834,1.842,1.863,1.893,1.967,2.095,2.3,2.582,2.549,2.273,1.956,1.643,1.441,1.227,1.057,0.546,0.256,0.231,0.231,0.316,0.762,1.553,2.583,3.928,4.748,5.344,5.534,5.856,6.288,6.785,7.433,8.114,8.824,9.434,9.434,9.031,8.303,7.621,6.976,6.47,6.105,5.799,5.544,5.115,4.361,2.926,1.744,0.897,0.264,0.09,0.074,0.074,0.277,0.767,1.086,1.322,1.489,1.787,2.117,2.43,2.638,2.372,2.136,1.992,1.9,1.855,1.839,1.832,1.825,1.822,1.824,1.829,1.835,1.845,1.858,1.872,1.882,1.894,1.902,1.908,1.917,1.924,1.927,1.932,1.939,1.945,1.951,1.961,1.966,1.965,1.968,1.973,1.976,1.978,1.982,1.984,1.986,1.988,1.989,1.995,1.997,1.998,1.999,1.999,2.0,2.001,2.006,2.01,2.015,2.022,2.025,2.027,2.031,2.037,2.042,2.046,2.05,2.053,2.055,2.06,2.063,2.064,2.063,2.063,2.066,2.065,2.066,2.079,Ziprasidone_135,Ziprasidone,-4.931814138253839,O=C1Cc2cc(CC[NH+]3CCN(c4nsc5ccccc45)CC3)c(Cl)cc2N1
1.219,1.205,1.202,1.2,1.2,1.2,1.2,1.203,1.203,1.204,1.204,1.205,1.203,1.203,1.205,1.206,1.205,1.205,1.207,1.21,1.213,1.217,1.218,1.22,1.22,1.222,1.221,1.219,1.214,1.21,1.206,1.2,1.197,1.19,1.181,1.175,1.171,1.168,1.165,1.158,1.154,1.15,1.145,1.142,1.136,1.131,1.122,1.115,1.109,1.096,1.086,1.078,1.066,1.06,1.051,1.048,1.048,1.049,1.056,1.071,1.09,1.131,1.216,1.347,1.406,1.433,1.461,1.548,1.595,1.573,1.165,0.7,0.404,0.33,0.328,0.328,0.547,1.103,1.999,3.127,4.453,5.684,6.877,7.872,8.815,9.38,9.853,10.342,10.397,10.313,10.293,10.293,10.297,10.392,10.62,10.17,9.753,9.094,8.43,7.26,6.064,4.867,3.473,2.236,1.275,0.577,0.255,0.215,0.215,0.268,0.55,0.96,1.397,1.586,1.558,1.467,1.44,1.398,1.361,1.241,1.149,1.09,1.068,1.061,1.055,1.054,1.052,1.052,1.055,1.063,1.071,1.079,1.087,1.096,1.102,1.11,1.116,1.124,1.132,1.135,1.137,1.144,1.146,1.151,1.158,1.16,1.163,1.17,1.17,1.173,1.174,1.177,1.178,1.181,1.184,1.186,1.188,1.189,1.191,1.193,1.195,1.197,1.199,1.201,1.203,1.206,1.209,1.214,1.217,1.222,1.225,1.226,1.229,1.231,1.233,1.233,1.236,1.239,1.24,1.239,1.24,1.243,1.244,1.246,1.252,Sumatriptan_98,Sumatriptan,-6.3979400086720375,CNS(=O)(=O)Cc1ccc2[nH]cc(CC[NH+](C)C)c2c1
0.71,0.708,0.708,0.708,0.708,0.708,0.708,0.708,0.708,0.708,0.71,0.71,0.711,0.71,0.709,0.709,0.709,0.709,0.71,0.713,0.715,0.719,0.721,0.722,0.724,0.723,0.72,0.717,0.715,0.715,0.711,0.707,0.705,0.703,0.7,0.699,0.699,0.698,0.698,0.698,0.698,0.697,0.696,0.695,0.691,0.688,0.685,0.682,0.68,0.677,0.67,0.668,0.664,0.663,0.663,0.661,0.659,0.659,0.661,0.666,0.679,0.698,0.729,0.786,0.867,0.951,0.991,0.913,0.771,0.57,0.338,0.067,-0.179,-0.394,-0.525,-0.592,-0.592,-0.591,-0.571,-0.43,-0.161,0.232,0.745,1.342,1.996,2.688,3.351,3.861,4.233,4.294,4.29,4.29,4.292,4.306,4.131,3.594,2.926,2.217,1.533,0.906,0.365,-0.072,-0.384,-0.56,-0.611,-0.613,-0.613,-0.563,-0.457,-0.264,-0.007,0.257,0.49,0.705,0.868,0.962,0.98,0.901,0.816,0.751,0.708,0.682,0.672,0.667,0.665,0.664,0.663,0.663,0.663,0.664,0.667,0.669,0.672,0.675,0.678,0.681,0.681,0.682,0.682,0.683,0.685,0.688,0.691,0.692,0.697,0.699,0.698,0.698,0.698,0.7,0.7,0.7,0.701,0.702,0.703,0.704,0.705,0.705,0.706,0.704,0.704,0.704,0.704,0.704,0.705,0.706,0.706,0.708,0.71,0.713,0.716,0.716,0.716,0.716,0.716,0.719,0.721,0.721,0.721,0.721,0.721,0.724,0.725,0.726,0.729,Phenelzine_56,Phenelzine,-4.262012673666569,NNCCc1ccccc1
1.292,1.289,1.288,1.285,1.285,1.285,1.286,1.291,1.291,1.291,1.291,1.294,1.295,1.295,1.294,1.293,1.292,1.292,1.293,1.294,1.297,1.299,1.299,1.3,1.302,1.3,1.298,1.296,1.294,1.293,1.291,1.287,1.283,1.279,1.275,1.272,1.27,1.264,1.264,1.265,1.265,1.263,1.257,1.252,1.247,1.244,1.241,1.238,1.232,1.225,1.222,1.21,1.207,1.207,1.203,1.201,1.194,1.193,1.185,1.185,1.188,1.194,1.209,1.253,1.33,1.446,1.499,1.225,0.842,0.443,0.096,-0.168,-0.352,-0.408,-0.408,-0.328,-0.203,0.058,0.452,0.946,1.52,1.908,2.266,2.57,2.854,2.742,2.634,2.544,2.488,2.475,2.468,2.468,2.469,2.5,2.571,2.654,2.765,2.881,3.001,2.492,2.085,1.876,1.249,0.658,0.183,-0.144,-0.317,-0.387,-0.387,-0.388,-0.231,-0.011,0.301,0.686,1.069,1.388,1.485,1.353,1.267,1.213,1.19,1.182,1.179,1.177,1.184,1.183,1.187,1.188,1.193,1.198,1.204,1.208,1.213,1.22,1.227,1.236,1.238,1.238,1.24,1.243,1.244,1.246,1.251,1.259,1.263,1.266,1.266,1.265,1.265,1.266,1.267,1.27,1.274,1.274,1.276,1.276,1.279,1.281,1.279,1.277,1.273,1.272,1.271,1.271,1.271,1.273,1.273,1.276,1.277,1.281,1.286,1.289,1.292,1.292,1.294,1.3,1.304,1.302,1.302,1.302,1.302,1.301,1.301,1.302,1.307,Gabapentin_81,Gabapentin,-6.3979400086720375,[NH3+]CC1(CC(=O)[O-])CCCCC1
2.073,2.057,2.05,2.049,2.049,2.05,2.053,2.056,2.056,2.058,2.061,2.062,2.064,2.063,2.065,2.064,2.062,2.063,2.068,2.072,2.076,2.079,2.082,2.083,2.083,2.083,2.086,2.081,2.078,2.076,2.067,2.066,2.059,2.054,2.046,2.04,2.037,2.031,2.025,2.024,2.02,2.016,2.006,2.003,1.995,1.986,1.98,1.971,1.961,1.953,1.943,1.93,1.918,1.912,1.904,1.902,1.903,1.905,1.912,1.926,1.955,2.017,2.121,2.297,2.403,2.236,1.894,1.535,1.219,0.948,0.751,0.624,0.017,-0.37,-0.606,-0.606,-0.491,-0.334,0.112,0.788,1.453,2.074,2.556,2.794,3.183,3.658,4.131,4.628,5.057,4.96,4.939,4.939,4.954,5.045,4.756,4.287,3.797,3.365,2.957,2.645,2.315,1.688,0.963,0.231,-0.351,-0.578,-0.688,-0.628,-0.634,-0.235,0.342,0.694,0.832,1.08,1.39,1.725,2.087,2.312,2.36,2.158,2.032,1.957,1.919,1.903,1.895,1.891,1.889,1.89,1.896,1.899,1.909,1.918,1.929,1.943,1.952,1.962,1.967,1.975,1.978,1.983,1.987,1.992,1.995,2.0,2.009,2.015,2.015,2.016,2.019,2.022,2.024,2.028,2.028,2.029,2.031,2.034,2.037,2.036,2.035,2.036,2.038,2.039,2.041,2.041,2.046,2.049,2.054,2.057,2.059,2.064,2.07,2.073,2.075,2.08,2.084,2.085,2.09,2.093,2.095,2.095,2.095,2.095,2.097,2.101,2.111,Trazodone_119,Trazodone,-4.423658649794207,O=c1n(CCC[NH+]2CCN(c3cccc(Cl)c3)CC2)nc2ccccn12
2.649,2.626,2.62,2.618,2.617,2.617,2.621,2.624,2.626,2.629,2.631,2.634,2.636,2.639,2.637,2.637,2.635,2.635,2.641,2.649,2.655,2.657,2.659,2.66,2.661,2.66,2.66,2.66,2.653,2.65,2.648,2.642,2.633,2.625,2.62,2.612,2.603,2.6,2.593,2.59,2.586,2.581,2.571,2.561,2.549,2.544,2.535,2.526,2.519,2.503,2.491,2.478,2.46,2.452,2.444,2.441,2.441,2.443,2.452,2.466,2.502,2.591,2.73,2.964,2.699,2.365,2.06,1.805,1.602,1.463,1.259,0.908,0.244,-0.301,-0.494,-0.504,-0.504,-0.233,0.339,1.272,2.485,3.782,4.29,4.543,4.786,5.197,5.611,6.112,6.615,6.575,6.521,6.523,6.542,6.697,6.219,5.75,5.337,5.032,4.758,4.516,4.23,2.88,1.549,0.493,-0.216,-0.551,-0.674,-0.674,-0.526,-0.108,0.58,1.097,1.324,1.502,1.641,1.896,2.197,2.536,2.87,2.784,2.611,2.501,2.46,2.439,2.431,2.425,2.425,2.427,2.431,2.436,2.449,2.464,2.473,2.489,2.5,2.512,2.522,2.531,2.532,2.539,2.54,2.551,2.556,2.564,2.571,2.577,2.578,2.582,2.584,2.585,2.591,2.593,2.594,2.598,2.598,2.602,2.604,2.609,2.609,2.61,2.61,2.613,2.614,2.614,2.618,2.622,2.627,2.633,2.637,2.643,2.649,2.652,2.658,2.663,2.667,2.671,2.676,2.679,2.678,2.678,2.681,2.679,2.679,2.685,2.698,Risperidone_77,Risperidone,-4.522878745280337,Cc1nc2n(c(=O)c1CC[N@H+]1CC[C@H](c3noc4cc(F)ccc43)CC1)CCCC2
2.816,2.801,2.799,2.798,2.798,2.798,2.8,2.805,2.808,2.811,2.815,2.816,2.819,2.819,2.819,2.818,2.818,2.82,2.822,2.829,2.836,2.839,2.844,2.846,2.847,2.844,2.843,2.839,2.836,2.831,2.825,2.821,2.815,2.809,2.805,2.8,2.796,2.795,2.792,2.789,2.786,2.779,2.776,2.773,2.768,2.765,2.753,2.747,2.739,2.726,2.719,2.712,2.702,2.693,2.691,2.686,2.684,2.683,2.683,2.688,2.711,2.756,2.845,2.985,2.908,2.714,2.52,2.226,1.7,1.029,0.372,-0.319,-1.065,-1.719,-2.152,-2.417,-2.451,-2.444,-2.374,-2.2,-1.851,-1.387,-0.967,-0.597,-0.137,-0.078,-0.093,-0.229,-0.346,-0.421,-0.427,-0.427,-0.424,-0.375,-0.27,-0.111,-0.109,-0.05,-0.285,-0.776,-1.256,-1.698,-2.123,-2.348,-2.46,-2.473,-2.468,-2.302,-1.919,-1.33,-0.593,0.099,0.77,1.445,2.038,2.413,2.629,2.821,2.994,2.868,2.769,2.712,2.685,2.674,2.672,2.67,2.667,2.668,2.671,2.681,2.688,2.696,2.705,2.713,2.719,2.727,2.733,2.74,2.743,2.746,2.747,2.753,2.76,2.763,2.767,2.767,2.774,2.777,2.778,2.777,2.778,2.78,2.781,2.784,2.789,2.789,2.791,2.791,2.792,2.787,2.786,2.786,2.782,2.781,2.781,2.782,2.784,2.787,2.791,2.796,2.798,2.803,2.806,2.812,2.818,2.823,2.827,2.83,2.834,2.835,2.837,2.836,2.835,2.836,2.847,Mesoridazine_17,Mesoridazine,-4.826813731587726,C[N@@H+]1CCCC[C@@H]1CCN1c2ccccc2Sc2ccc([S@](C)=O)cc21
2.613,2.6,2.6,2.6,2.6,2.6,2.603,2.606,2.608,2.612,2.617,2.619,2.62,2.622,2.621,2.619,2.619,2.618,2.621,2.626,2.632,2.637,2.639,2.642,2.643,2.643,2.639,2.634,2.632,2.628,2.622,2.62,2.613,2.606,2.598,2.591,2.589,2.588,2.584,2.582,2.581,2.579,2.572,2.568,2.558,2.556,2.547,2.542,2.536,2.524,2.513,2.504,2.489,2.483,2.479,2.472,2.467,2.466,2.466,2.477,2.496,2.536,2.622,2.763,2.89,2.849,2.525,2.094,1.624,1.11,0.589,0.091,-0.439,-0.845,-1.002,-1.03,-1.03,-0.915,-0.661,-0.211,0.357,1.058,1.742,2.289,2.936,3.603,4.201,4.762,5.163,5.401,5.385,5.384,5.387,5.433,5.018,4.47,3.825,3.195,2.566,1.962,1.375,0.677,-0.003,-0.539,-0.909,-1.064,-1.064,-1.076,-0.96,-0.642,-0.102,0.407,0.913,1.437,1.917,2.359,2.72,2.866,2.816,2.658,2.557,2.501,2.479,2.472,2.469,2.467,2.467,2.469,2.474,2.479,2.487,2.494,2.504,2.513,2.524,2.534,2.538,2.542,2.544,2.546,2.548,2.552,2.56,2.568,2.575,2.578,2.578,2.579,2.58,2.583,2.586,2.586,2.589,2.591,2.594,2.597,2.599,2.597,2.596,2.595,2.594,2.594,2.594,2.596,2.598,2.598,2.599,2.603,2.607,2.611,2.615,2.618,2.62,2.625,2.627,2.635,2.638,2.641,2.641,2.642,2.642,2.641,2.64,2.641,2.646,Pergolide_52,Pergolide,-4.600326278518962,CCC[N@@H+]1C[C@H](CSC)C[C@@H]2c3cccc4[nH]cc(c34)C[C@H]21
1.829,1.819,1.815,1.814,1.814,1.814,1.815,1.817,1.821,1.824,1.826,1.829,1.829,1.827,1.826,1.825,1.825,1.826,1.83,1.834,1.838,1.845,1.846,1.849,1.85,1.851,1.85,1.848,1.844,1.841,1.835,1.829,1.827,1.824,1.819,1.817,1.814,1.81,1.81,1.811,1.811,1.811,1.809,1.806,1.802,1.798,1.792,1.789,1.782,1.775,1.769,1.763,1.757,1.754,1.752,1.749,1.748,1.748,1.751,1.761,1.785,1.834,1.914,2.04,2.218,2.384,2.098,1.72,1.304,0.9,0.446,-0.063,-0.618,-1.115,-1.461,-1.62,-1.648,-1.648,-1.568,-1.344,-0.972,-0.574,-0.328,-0.127,0.136,0.453,0.804,1.099,1.257,1.215,1.207,1.207,1.215,1.247,1.22,0.927,0.584,0.251,-0.032,-0.248,-0.498,-0.857,-1.263,-1.53,-1.663,-1.659,-1.651,-1.564,-1.273,-0.835,-0.273,0.272,0.726,1.139,1.549,1.946,2.272,2.286,2.094,1.948,1.849,1.792,1.765,1.751,1.743,1.74,1.737,1.737,1.738,1.739,1.745,1.752,1.756,1.762,1.767,1.773,1.778,1.779,1.779,1.782,1.783,1.786,1.788,1.794,1.798,1.804,1.803,1.802,1.801,1.802,1.803,1.803,1.804,1.804,1.807,1.81,1.811,1.813,1.811,1.807,1.807,1.807,1.804,1.802,1.802,1.805,1.808,1.811,1.815,1.816,1.816,1.825,1.828,1.832,1.833,1.837,1.842,1.842,1.844,1.844,1.845,1.846,1.847,1.849,1.856,Sertraline_86,Sertraline,-5.6777807052660805,CN[C@@H]1CC[C@H](c2ccc(Cl)c(Cl)c2)c2ccccc21
2.957,2.942,2.935,2.935,2.935,2.935,2.939,2.942,2.947,2.949,2.952,2.954,2.955,2.955,2.956,2.955,2.955,2.957,2.962,2.969,2.973,2.978,2.984,2.986,2.987,2.987,2.985,2.981,2.975,2.971,2.967,2.96,2.955,2.948,2.941,2.937,2.932,2.927,2.922,2.918,2.915,2.906,2.904,2.897,2.892,2.884,2.878,2.866,2.858,2.851,2.838,2.828,2.82,2.813,2.807,2.802,2.798,2.798,2.8,2.811,2.839,2.905,3.024,3.203,3.09,2.946,2.709,2.322,1.752,1.141,0.587,0.028,-0.926,-1.732,-2.209,-2.524,-2.535,-2.535,-2.484,-2.245,-1.912,-1.407,-0.742,-0.138,0.088,0.24,0.401,0.371,0.257,0.181,0.171,0.172,0.172,0.212,0.327,0.43,0.284,0.143,0.028,-0.479,-1.199,-1.79,-2.187,-2.461,-2.593,-2.594,-2.598,-2.359,-1.98,-1.293,-0.317,0.393,0.897,1.51,2.073,2.602,2.865,3.012,3.192,3.058,2.923,2.846,2.81,2.791,2.782,2.781,2.78,2.781,2.785,2.79,2.797,2.805,2.818,2.825,2.837,2.841,2.854,2.859,2.863,2.871,2.873,2.879,2.884,2.891,2.895,2.898,2.899,2.906,2.907,2.908,2.909,2.912,2.914,2.916,2.919,2.922,2.922,2.922,2.921,2.92,2.919,2.916,2.914,2.913,2.913,2.916,2.921,2.924,2.929,2.936,2.939,2.945,2.949,2.957,2.961,2.969,2.973,2.975,2.976,2.981,2.982,2.983,2.984,2.985,2.999,Thiothixene_110,Thiothixene,-5.468521082957745,CN1CC[NH+](CC/C=C2/c3ccccc3Sc3ccc(S(=O)(=O)N(C)C)cc32)CC1
1.753,1.74,1.735,1.735,1.735,1.736,1.738,1.738,1.741,1.743,1.742,1.743,1.747,1.747,1.747,1.747,1.747,1.747,1.747,1.751,1.756,1.761,1.763,1.765,1.766,1.765,1.765,1.761,1.757,1.754,1.75,1.742,1.74,1.736,1.73,1.726,1.723,1.722,1.721,1.715,1.714,1.713,1.708,1.706,1.693,1.692,1.684,1.681,1.674,1.666,1.656,1.65,1.641,1.631,1.629,1.626,1.622,1.622,1.626,1.632,1.647,1.69,1.752,1.871,2.032,1.991,1.715,1.361,0.937,0.541,0.197,-0.075,-0.472,-0.789,-0.846,-0.882,-0.882,-0.71,-0.315,0.283,0.982,1.757,2.328,2.675,3.108,3.481,3.655,3.561,3.425,3.385,3.367,3.363,3.363,3.403,3.593,3.786,3.645,3.335,2.941,2.534,2.122,1.359,0.564,-0.126,-0.615,-0.896,-0.903,-0.903,-0.883,-0.651,-0.192,0.045,0.395,0.774,1.199,1.573,1.88,2.08,1.908,1.782,1.696,1.652,1.631,1.619,1.616,1.617,1.617,1.618,1.621,1.624,1.63,1.64,1.647,1.656,1.666,1.669,1.676,1.68,1.682,1.683,1.684,1.687,1.697,1.7,1.706,1.711,1.712,1.712,1.713,1.715,1.715,1.716,1.717,1.718,1.721,1.723,1.726,1.725,1.723,1.723,1.724,1.724,1.723,1.723,1.724,1.727,1.728,1.731,1.735,1.736,1.743,1.744,1.746,1.751,1.755,1.757,1.76,1.764,1.766,1.766,1.766,1.766,1.768,1.771,1.782,Clozapine_56,Clozapine,-4.548213564475709,CN1CC[N+](=C2Nc3cc(Cl)ccc3Nc3ccccc32)CC1
0.952,0.943,0.939,0.938,0.938,0.938,0.94,0.941,0.942,0.942,0.942,0.944,0.942,0.941,0.941,0.94,0.941,0.942,0.945,0.947,0.952,0.956,0.957,0.965,0.964,0.963,0.961,0.959,0.955,0.952,0.948,0.947,0.939,0.934,0.932,0.928,0.927,0.927,0.926,0.925,0.922,0.922,0.919,0.918,0.916,0.913,0.906,0.902,0.893,0.89,0.886,0.878,0.872,0.869,0.867,0.867,0.867,0.867,0.872,0.885,0.907,0.95,1.018,1.124,1.269,1.427,1.579,1.693,1.578,1.233,0.758,0.257,-0.172,-0.48,-0.68,-0.729,-0.729,-0.695,-0.501,-0.1,0.495,1.253,2.094,2.976,3.863,4.567,4.96,4.894,4.818,4.776,4.768,4.768,4.772,4.808,4.882,5.141,4.825,4.136,3.263,2.353,1.476,0.698,0.026,-0.441,-0.685,-0.777,-0.777,-0.739,-0.606,-0.33,0.075,0.563,1.073,1.449,1.72,1.617,1.487,1.318,1.17,1.05,0.964,0.912,0.885,0.873,0.869,0.866,0.863,0.863,0.863,0.865,0.87,0.876,0.881,0.886,0.891,0.892,0.895,0.899,0.899,0.9,0.905,0.908,0.913,0.919,0.922,0.922,0.922,0.924,0.926,0.925,0.925,0.925,0.926,0.928,0.929,0.929,0.929,0.93,0.934,0.933,0.931,0.93,0.93,0.934,0.934,0.935,0.94,0.942,0.945,0.95,0.952,0.954,0.954,0.954,0.955,0.958,0.962,0.961,0.962,0.966,0.968,0.968,0.969,0.971,0.978,Primidone_64,Primidone,-5.6020599913279625,CCC1(c2ccccc2)C(=O)NCNC1=O
1.787,1.777,1.772,1.772,1.772,1.773,1.776,1.777,1.778,1.779,1.779,1.781,1.784,1.784,1.785,1.784,1.784,1.784,1.786,1.787,1.793,1.796,1.799,1.801,1.8,1.8,1.799,1.796,1.794,1.79,1.787,1.781,1.778,1.775,1.766,1.758,1.756,1.755,1.753,1.746,1.744,1.743,1.738,1.736,1.725,1.719,1.714,1.708,1.703,1.695,1.684,1.675,1.667,1.656,1.651,1.65,1.647,1.647,1.65,1.659,1.674,1.715,1.786,1.905,2.07,2.155,1.986,1.772,1.473,1.135,0.8,0.415,0.155,-0.02,-0.02,-0.013,0.088,0.48,1.145,1.947,2.886,3.896,4.675,5.341,6.002,6.578,6.885,6.967,6.794,6.739,6.718,6.716,6.716,6.781,7.032,7.236,6.899,6.36,5.669,4.937,4.186,3.32,2.26,1.356,0.618,0.105,-0.081,-0.112,-0.112,0.001,0.268,0.63,0.994,1.33,1.683,1.897,2.103,2.098,1.947,1.811,1.726,1.682,1.657,1.648,1.646,1.646,1.648,1.648,1.65,1.654,1.661,1.67,1.679,1.69,1.696,1.701,1.71,1.711,1.717,1.718,1.719,1.724,1.732,1.735,1.744,1.747,1.749,1.75,1.751,1.754,1.756,1.757,1.757,1.759,1.762,1.764,1.768,1.766,1.765,1.766,1.767,1.77,1.771,1.772,1.774,1.777,1.778,1.783,1.785,1.787,1.792,1.793,1.798,1.801,1.801,1.803,1.806,1.808,1.809,1.809,1.809,1.809,1.809,1.81,1.821,Olanzapine_35,Olanzapine,-4.804100347590766,Cc1cc2c(s1)Nc1ccccc1NC2=[N+]1CCN(C)CC1
2.324,2.315,2.312,2.312,2.312,2.312,2.315,2.32,2.324,2.328,2.33,2.331,2.332,2.33,2.329,2.327,2.328,2.33,2.331,2.337,2.342,2.346,2.351,2.355,2.356,2.357,2.356,2.353,2.35,2.344,2.344,2.339,2.335,2.332,2.326,2.323,2.321,2.321,2.32,2.32,2.318,2.318,2.315,2.312,2.308,2.305,2.302,2.296,2.291,2.285,2.278,2.271,2.266,2.262,2.26,2.259,2.257,2.257,2.259,2.264,2.284,2.324,2.4,2.522,2.698,2.813,2.651,2.402,2.03,1.495,0.797,-0.043,-0.794,-1.431,-1.907,-2.269,-2.448,-2.483,-2.483,-2.45,-2.352,-2.141,-1.874,-1.676,-1.647,-1.631,-1.683,-1.808,-1.885,-1.923,-1.925,-1.928,-1.927,-1.897,-1.828,-1.704,-1.615,-1.627,-1.657,-1.805,-2.068,-2.303,-2.438,-2.491,-2.491,-2.462,-2.331,-2.075,-1.614,-1.056,-0.334,0.464,1.261,1.842,2.254,2.561,2.744,2.77,2.568,2.43,2.339,2.288,2.261,2.25,2.244,2.241,2.239,2.239,2.24,2.241,2.246,2.254,2.259,2.267,2.274,2.278,2.279,2.282,2.283,2.283,2.284,2.288,2.295,2.298,2.303,2.304,2.305,2.305,2.304,2.304,2.302,2.302,2.303,2.306,2.309,2.31,2.311,2.312,2.311,2.308,2.305,2.302,2.3,2.3,2.3,2.299,2.299,2.304,2.307,2.311,2.316,2.319,2.322,2.326,2.33,2.334,2.338,2.34,2.34,2.342,2.343,2.342,2.342,2.344,2.349,Doxepin_63,Doxepin,-4.787812395596042,CN(C)CC/C=C1/c2ccccc2COc2ccccc21
1.376,1.362,1.36,1.358,1.358,1.358,1.361,1.361,1.361,1.362,1.364,1.364,1.363,1.363,1.362,1.36,1.36,1.362,1.366,1.372,1.376,1.381,1.385,1.391,1.391,1.39,1.388,1.388,1.386,1.379,1.373,1.369,1.366,1.358,1.352,1.349,1.347,1.347,1.345,1.342,1.339,1.336,1.334,1.33,1.323,1.32,1.313,1.308,1.299,1.291,1.285,1.274,1.268,1.261,1.26,1.259,1.259,1.265,1.273,1.283,1.313,1.371,1.478,1.667,1.73,1.54,1.344,1.175,1.002,0.709,0.372,0.017,-0.419,-0.74,-0.876,-0.889,-0.887,-0.725,-0.273,0.324,1.111,1.728,2.38,3.004,3.642,4.1,4.498,4.886,5.129,5.021,5.003,5.003,5.016,5.193,5.085,4.727,4.338,3.87,3.282,2.601,1.913,1.258,0.49,-0.181,-0.674,-0.93,-0.955,-0.959,-0.879,-0.591,-0.14,0.194,0.585,0.894,1.124,1.277,1.457,1.659,1.741,1.535,1.399,1.32,1.279,1.261,1.258,1.252,1.25,1.245,1.246,1.252,1.256,1.265,1.275,1.28,1.286,1.29,1.295,1.302,1.304,1.304,1.309,1.314,1.321,1.326,1.328,1.328,1.334,1.337,1.337,1.337,1.338,1.339,1.34,1.339,1.34,1.342,1.342,1.342,1.345,1.347,1.345,1.345,1.348,1.349,1.351,1.355,1.359,1.363,1.37,1.373,1.373,1.374,1.375,1.379,1.384,1.388,1.389,1.389,1.392,1.397,1.397,1.398,1.4,1.405,1.415,Metoclopramide_20,Metoclopramide,-4.774690718274138,CCN(CC)CCNC(=O)c1cc(Cl)c(N)cc1OC
2.952,2.938,2.931,2.929,2.929,2.931,2.933,2.935,2.94,2.943,2.946,2.948,2.946,2.945,2.945,2.947,2.951,2.952,2.953,2.956,2.959,2.965,2.971,2.971,2.974,2.972,2.971,2.967,2.961,2.955,2.951,2.943,2.938,2.931,2.925,2.915,2.909,2.906,2.897,2.891,2.884,2.876,2.872,2.868,2.862,2.855,2.843,2.827,2.819,2.808,2.796,2.787,2.773,2.762,2.751,2.749,2.746,2.746,2.748,2.757,2.78,2.833,2.886,2.833,2.773,2.741,2.75,2.361,1.821,1.275,0.734,-0.065,-0.972,-1.696,-2.112,-2.34,-2.424,-2.399,-2.35,-2.068,-1.54,-0.851,-0.013,0.79,1.297,1.743,2.089,2.092,1.978,1.899,1.881,1.879,1.879,1.917,2.03,2.133,1.995,1.694,1.101,0.349,-0.585,-1.353,-1.953,-2.37,-2.404,-2.447,-2.4,-2.291,-1.892,-1.292,-0.458,0.394,0.988,1.597,2.123,2.573,2.713,2.72,2.771,2.848,2.842,2.779,2.753,2.734,2.732,2.729,2.73,2.735,2.738,2.746,2.756,2.773,2.788,2.794,2.805,2.813,2.818,2.828,2.836,2.85,2.852,2.859,2.864,2.872,2.875,2.877,2.879,2.885,2.891,2.893,2.893,2.895,2.899,2.904,2.907,2.909,2.912,2.912,2.912,2.91,2.91,2.907,2.905,2.905,2.904,2.907,2.909,2.916,2.916,2.927,2.932,2.936,2.939,2.946,2.952,2.958,2.963,2.966,2.968,2.973,2.973,2.974,2.976,2.98,2.988,Thiothixene_112,Thiothixene,-5.468521082957745,CN(C)S(=O)(=O)c1ccc2c(c1)/C(=C\CC[N@H+]1CC[N@@H+](C)CC1)c1ccccc1S2
0.616,0.605,0.604,0.602,0.601,0.601,0.603,0.604,0.604,0.603,0.603,0.602,0.602,0.602,0.602,0.6,0.6,0.601,0.604,0.608,0.61,0.617,0.62,0.622,0.622,0.623,0.622,0.62,0.617,0.611,0.608,0.605,0.603,0.595,0.59,0.585,0.583,0.579,0.576,0.573,0.572,0.571,0.569,0.567,0.559,0.556,0.551,0.545,0.54,0.534,0.526,0.519,0.51,0.508,0.505,0.503,0.504,0.507,0.518,0.532,0.553,0.595,0.674,0.788,0.953,1.049,1.066,1.03,0.968,0.939,0.916,0.788,0.433,0.213,0.186,0.186,0.204,0.426,0.919,1.694,2.687,3.738,4.997,6.235,7.312,8.051,8.55,8.499,8.385,8.339,8.334,8.334,8.337,8.379,8.618,8.9,8.399,7.708,6.617,5.353,4.074,2.935,1.896,1.054,0.461,0.158,0.08,0.08,0.101,0.265,0.606,0.903,0.935,0.973,1.004,1.055,1.058,0.984,0.834,0.706,0.615,0.555,0.524,0.517,0.513,0.506,0.504,0.503,0.503,0.505,0.509,0.52,0.525,0.529,0.535,0.538,0.542,0.546,0.55,0.555,0.557,0.563,0.57,0.573,0.574,0.577,0.577,0.579,0.581,0.583,0.586,0.586,0.587,0.588,0.588,0.59,0.59,0.591,0.592,0.592,0.594,0.599,0.6,0.6,0.606,0.609,0.61,0.619,0.625,0.628,0.629,0.629,0.631,0.631,0.629,0.629,0.63,0.634,0.634,0.637,0.638,0.64,0.64,0.641,0.646,Isocarboxazid_93,Isocarboxazid,-4.752026733638194,Cc1cc(C(=O)NNCc2ccccc2)no1
1.471,1.46,1.454,1.453,1.453,1.453,1.455,1.457,1.459,1.461,1.462,1.463,1.462,1.461,1.459,1.458,1.458,1.46,1.464,1.467,1.474,1.48,1.483,1.488,1.49,1.489,1.489,1.485,1.482,1.477,1.474,1.471,1.465,1.459,1.455,1.45,1.446,1.442,1.441,1.438,1.434,1.432,1.43,1.424,1.418,1.415,1.41,1.403,1.396,1.387,1.378,1.371,1.364,1.361,1.359,1.357,1.357,1.361,1.369,1.381,1.415,1.472,1.577,1.742,1.972,2.238,2.446,2.619,2.35,1.93,1.413,0.82,0.159,-0.338,-0.623,-0.768,-0.768,-0.722,-0.591,-0.227,0.267,0.829,1.443,2.064,2.608,3.069,3.387,3.225,3.073,3.015,2.999,2.999,3.01,3.07,3.209,3.427,3.194,2.746,2.199,1.587,0.955,0.365,-0.126,-0.575,-0.784,-0.845,-0.845,-0.773,-0.543,-0.116,0.518,1.101,1.727,2.188,2.532,2.502,2.313,2.056,1.805,1.614,1.489,1.414,1.374,1.359,1.351,1.344,1.339,1.339,1.339,1.341,1.349,1.359,1.367,1.376,1.383,1.39,1.393,1.398,1.399,1.402,1.406,1.411,1.418,1.423,1.427,1.429,1.429,1.43,1.431,1.432,1.433,1.434,1.435,1.437,1.439,1.439,1.441,1.442,1.442,1.443,1.443,1.443,1.443,1.444,1.449,1.45,1.454,1.459,1.465,1.47,1.475,1.477,1.479,1.481,1.484,1.488,1.489,1.492,1.492,1.493,1.494,1.494,1.494,1.498,1.508,Midazolam_24,Midazolam,-4.434152181326482,Cc1ncc2n1-c1ccc(Cl)cc1C(c1ccccc1F)=NC2
3.083,3.069,3.067,3.067,3.067,3.069,3.073,3.077,3.081,3.085,3.089,3.091,3.093,3.091,3.09,3.089,3.089,3.091,3.095,3.1,3.107,3.108,3.116,3.124,3.126,3.126,3.123,3.12,3.117,3.111,3.108,3.101,3.098,3.091,3.087,3.083,3.083,3.081,3.08,3.079,3.078,3.076,3.073,3.072,3.066,3.062,3.055,3.05,3.042,3.034,3.028,3.022,3.013,3.008,3.007,3.004,3.003,3.003,3.003,3.012,3.036,3.089,3.189,3.344,3.552,3.462,3.178,2.777,2.163,1.432,0.675,-0.222,-1.163,-1.931,-2.52,-2.927,-3.15,-3.18,-3.178,-3.198,-3.058,-2.88,-2.705,-2.511,-2.388,-2.389,-2.488,-2.629,-2.736,-2.79,-2.802,-2.802,-2.795,-2.751,-2.65,-2.506,-2.397,-2.353,-2.459,-2.65,-2.816,-3.006,-3.141,-3.177,-3.188,-3.189,-3.035,-2.684,-2.154,-1.461,-0.596,0.362,1.144,1.885,2.574,3.035,3.348,3.567,3.397,3.23,3.112,3.043,3.009,2.993,2.986,2.984,2.98,2.98,2.98,2.983,2.99,2.995,3.005,3.013,3.019,3.024,3.028,3.031,3.032,3.034,3.036,3.041,3.048,3.052,3.055,3.057,3.059,3.061,3.059,3.058,3.058,3.059,3.06,3.061,3.065,3.065,3.068,3.068,3.066,3.064,3.06,3.058,3.056,3.054,3.053,3.053,3.054,3.056,3.062,3.066,3.071,3.074,3.077,3.085,3.09,3.093,3.097,3.097,3.105,3.105,3.105,3.104,3.105,3.107,3.116,Thioridazine_107,Thioridazine,-5.853871964321762,CSc1ccc2c(c1)N(CC[C@@H]1CCCCN1C)c1ccccc1S2
1.261,1.252,1.251,1.251,1.25,1.25,1.251,1.254,1.253,1.253,1.251,1.252,1.253,1.252,1.253,1.254,1.255,1.255,1.256,1.258,1.26,1.264,1.266,1.265,1.264,1.264,1.263,1.26,1.256,1.252,1.25,1.245,1.239,1.232,1.228,1.222,1.217,1.213,1.211,1.209,1.199,1.196,1.193,1.19,1.186,1.179,1.171,1.163,1.15,1.141,1.132,1.124,1.117,1.11,1.104,1.104,1.106,1.106,1.108,1.117,1.133,1.167,1.23,1.335,1.388,1.388,1.416,1.483,1.526,1.528,1.514,1.254,1.14,1.118,1.118,1.22,1.632,2.188,2.716,3.342,4.025,4.764,5.66,6.517,7.44,8.048,8.573,9.014,9.273,9.219,9.197,9.198,9.207,9.285,9.336,8.945,8.353,7.778,6.85,6.037,5.075,4.238,3.484,2.909,2.394,1.722,1.292,1.08,1.046,1.064,1.103,1.343,1.422,1.504,1.505,1.425,1.388,1.38,1.378,1.247,1.175,1.132,1.116,1.112,1.106,1.104,1.102,1.102,1.104,1.111,1.119,1.129,1.134,1.144,1.148,1.154,1.162,1.168,1.179,1.183,1.186,1.19,1.196,1.199,1.205,1.209,1.213,1.218,1.22,1.223,1.226,1.227,1.229,1.23,1.232,1.234,1.237,1.238,1.237,1.239,1.239,1.241,1.243,1.244,1.249,1.25,1.253,1.258,1.26,1.265,1.267,1.27,1.272,1.276,1.276,1.278,1.278,1.278,1.281,1.283,1.283,1.282,1.282,1.284,1.292,Sumatriptan_99,Sumatriptan,-6.3979400086720375,C[N-]S(=O)(=O)Cc1ccc2[nH]cc(CC[NH+](C)C)c2c1
1.85,1.838,1.837,1.837,1.836,1.835,1.837,1.84,1.844,1.846,1.849,1.85,1.85,1.85,1.849,1.849,1.848,1.848,1.85,1.856,1.86,1.863,1.866,1.87,1.869,1.867,1.864,1.862,1.86,1.854,1.853,1.851,1.844,1.839,1.836,1.831,1.826,1.822,1.819,1.819,1.814,1.808,1.806,1.802,1.797,1.794,1.789,1.782,1.773,1.768,1.755,1.747,1.74,1.732,1.728,1.724,1.722,1.722,1.723,1.73,1.749,1.785,1.856,1.961,2.112,2.306,2.439,2.36,2.021,1.543,0.922,0.262,-0.339,-0.74,-0.943,-1.047,-1.047,-1.024,-0.78,-0.393,0.188,0.897,1.671,2.378,2.836,3.002,2.839,2.73,2.627,2.578,2.567,2.567,2.57,2.611,2.694,2.832,3.037,2.927,2.651,1.987,1.16,0.38,-0.272,-0.729,-1.008,-1.12,-1.12,-1.042,-0.889,-0.556,-0.007,0.63,1.325,1.843,2.226,2.455,2.34,2.161,1.995,1.872,1.794,1.752,1.728,1.717,1.716,1.715,1.715,1.716,1.717,1.722,1.731,1.74,1.748,1.757,1.766,1.771,1.778,1.783,1.784,1.786,1.788,1.793,1.798,1.803,1.808,1.81,1.812,1.814,1.815,1.816,1.817,1.818,1.82,1.822,1.824,1.827,1.828,1.828,1.83,1.83,1.827,1.825,1.825,1.826,1.828,1.828,1.832,1.834,1.838,1.842,1.847,1.849,1.852,1.853,1.856,1.861,1.866,1.867,1.869,1.87,1.869,1.868,1.867,1.867,1.879,Mirtazapine_27,Mirtazapine,-4.489454989793388,C[N@@H+]1CCN2c3ncccc3Cc3ccccc3[C@H]2C1
0.154,0.141,0.136,0.135,0.134,0.134,0.133,0.132,0.132,0.133,0.132,0.131,0.13,0.129,0.128,0.127,0.127,0.129,0.13,0.135,0.139,0.144,0.15,0.151,0.151,0.152,0.15,0.147,0.142,0.14,0.134,0.13,0.128,0.122,0.117,0.113,0.111,0.108,0.104,0.102,0.097,0.096,0.094,0.089,0.084,0.077,0.072,0.067,0.06,0.051,0.044,0.038,0.033,0.029,0.027,0.026,0.028,0.032,0.04,0.06,0.09,0.146,0.242,0.381,0.568,0.811,1.021,1.197,1.302,1.219,1.066,0.792,0.466,0.298,0.24,0.24,0.31,0.487,0.912,1.519,2.283,3.215,4.28,5.38,6.499,7.42,8.16,8.711,8.763,8.691,8.684,8.685,8.686,8.764,8.935,8.506,7.783,6.83,5.7,4.564,3.457,2.471,1.645,1.006,0.494,0.252,0.167,0.167,0.197,0.308,0.61,0.984,1.157,1.282,1.242,1.093,0.88,0.647,0.436,0.272,0.162,0.091,0.055,0.041,0.032,0.028,0.025,0.025,0.025,0.027,0.033,0.042,0.048,0.054,0.058,0.061,0.067,0.07,0.072,0.077,0.083,0.086,0.093,0.099,0.102,0.103,0.103,0.105,0.106,0.107,0.112,0.112,0.113,0.115,0.115,0.115,0.117,0.118,0.12,0.12,0.123,0.125,0.127,0.131,0.135,0.14,0.144,0.148,0.156,0.161,0.161,0.161,0.162,0.161,0.162,0.164,0.166,0.167,0.167,0.169,0.171,0.174,0.175,0.177,0.19,Lamotrigine_99,Lamotrigine,-4.701146923590294,Nc1nnc(-c2cccc(Cl)c2Cl)c(N)n1
2.131,2.124,2.121,2.12,2.12,2.12,2.121,2.126,2.128,2.132,2.133,2.134,2.135,2.134,2.134,2.134,2.134,2.135,2.138,2.138,2.146,2.149,2.15,2.154,2.156,2.154,2.15,2.149,2.146,2.144,2.138,2.133,2.129,2.125,2.121,2.115,2.109,2.109,2.105,2.098,2.093,2.093,2.087,2.084,2.082,2.074,2.068,2.061,2.046,2.042,2.035,2.025,2.017,2.013,2.004,2.001,2.001,2.003,2.005,2.012,2.029,2.066,2.132,2.244,2.353,2.39,2.428,2.403,1.918,1.337,0.667,0.026,-0.528,-0.786,-0.935,-1.023,-1.021,-1.057,-0.873,-0.557,-0.058,0.58,1.161,1.696,2.136,2.432,2.511,2.417,2.311,2.259,2.253,2.253,2.26,2.312,2.432,2.551,2.641,2.432,1.969,1.406,0.764,0.099,-0.46,-0.83,-1.036,-1.085,-1.121,-1.016,-0.92,-0.702,-0.277,0.365,1.094,1.68,2.241,2.429,2.39,2.346,2.273,2.154,2.072,2.027,2.007,2.0,1.995,1.992,1.992,1.993,1.994,1.996,2.007,2.017,2.024,2.032,2.039,2.046,2.055,2.061,2.063,2.068,2.07,2.074,2.078,2.085,2.088,2.09,2.093,2.096,2.099,2.1,2.099,2.1,2.101,2.104,2.107,2.109,2.11,2.112,2.115,2.114,2.113,2.111,2.11,2.11,2.111,2.112,2.113,2.116,2.12,2.123,2.127,2.131,2.133,2.138,2.141,2.145,2.149,2.151,2.152,2.154,2.154,2.153,2.153,2.157,2.16,Citalopram_53,Citalopram,-4.742321425130816,C[NH+](C)CCC[C@]1(c2ccc(F)cc2)OCc2cc(C#N)ccc21
1.409,1.394,1.391,1.391,1.391,1.391,1.391,1.392,1.393,1.396,1.398,1.401,1.401,1.401,1.4,1.399,1.398,1.399,1.402,1.406,1.41,1.414,1.416,1.418,1.421,1.422,1.421,1.418,1.415,1.412,1.411,1.407,1.403,1.398,1.396,1.391,1.386,1.383,1.38,1.377,1.376,1.374,1.373,1.367,1.363,1.36,1.355,1.351,1.344,1.337,1.331,1.324,1.316,1.31,1.307,1.306,1.306,1.307,1.314,1.329,1.354,1.408,1.502,1.65,1.855,1.848,1.667,1.458,1.238,0.988,0.75,0.377,-0.015,-0.287,-0.391,-0.388,-0.388,-0.301,-0.008,0.467,1.083,1.606,2.074,2.596,3.152,3.688,4.097,4.395,4.285,4.215,4.207,4.208,4.211,4.287,4.466,4.318,3.868,3.332,2.763,2.225,1.746,1.211,0.572,0.046,-0.301,-0.452,-0.46,-0.46,-0.399,-0.169,0.202,0.633,0.883,1.125,1.367,1.577,1.769,1.877,1.706,1.537,1.427,1.358,1.325,1.31,1.305,1.301,1.297,1.297,1.297,1.3,1.308,1.316,1.322,1.328,1.334,1.34,1.343,1.345,1.348,1.352,1.355,1.36,1.363,1.365,1.37,1.373,1.374,1.374,1.374,1.377,1.38,1.38,1.381,1.383,1.382,1.384,1.385,1.386,1.386,1.387,1.388,1.388,1.388,1.389,1.394,1.396,1.4,1.405,1.407,1.41,1.412,1.416,1.417,1.419,1.42,1.422,1.425,1.428,1.428,1.429,1.428,1.428,1.428,1.429,1.439,Zaleplon_132,Zaleplon,-4.425968732272281,CCN(C(C)=O)c1cccc(-c2ccnc3c(C#N)cnn23)c1
3.564,3.537,3.523,3.52,3.521,3.522,3.528,3.535,3.538,3.538,3.542,3.542,3.547,3.55,3.549,3.547,3.548,3.551,3.559,3.565,3.575,3.582,3.588,3.588,3.594,3.594,3.597,3.589,3.584,3.576,3.565,3.557,3.553,3.546,3.535,3.526,3.517,3.512,3.507,3.505,3.495,3.489,3.477,3.474,3.466,3.454,3.443,3.43,3.415,3.402,3.39,3.368,3.359,3.344,3.336,3.337,3.337,3.342,3.359,3.384,3.454,3.583,3.806,4.144,4.396,4.199,3.74,3.188,2.741,2.466,2.294,1.449,0.394,-0.452,-0.884,-0.964,-0.969,-0.681,-0.018,0.984,2.353,4.064,5.714,7.083,7.645,8.13,8.501,9.051,9.731,10.447,11.206,11.53,10.748,9.994,9.322,8.837,8.379,7.933,7.412,6.251,4.625,2.808,1.282,0.2,-0.657,-1.013,-1.112,-1.107,-0.776,-0.05,0.979,2.096,2.334,2.578,2.996,3.537,4.063,4.414,4.208,3.89,3.631,3.465,3.376,3.336,3.318,3.312,3.307,3.305,3.305,3.311,3.325,3.336,3.356,3.368,3.377,3.388,3.394,3.408,3.42,3.427,3.432,3.443,3.451,3.462,3.466,3.469,3.48,3.486,3.489,3.489,3.491,3.498,3.5,3.503,3.505,3.504,3.512,3.511,3.513,3.514,3.516,3.518,3.518,3.521,3.522,3.531,3.535,3.538,3.553,3.557,3.565,3.57,3.578,3.586,3.592,3.594,3.596,3.601,3.604,3.611,3.611,3.612,3.614,3.618,3.638,Ergotamine_65,Ergotamine,-4.991399828238082,CN1C[C@@H](C(=O)N[C@@]2(C)O[C@@]3(O)[C@@H]4CCCN4C(=O)[C@@H](Cc4ccccc4)N3C2=O)C=C2c3cccc4[nH]cc(c34)C[C@@H]21
2.892,2.88,2.874,2.874,2.874,2.875,2.878,2.88,2.885,2.889,2.892,2.894,2.893,2.894,2.897,2.899,2.9,2.902,2.906,2.909,2.914,2.919,2.924,2.928,2.928,2.929,2.926,2.924,2.919,2.914,2.909,2.904,2.897,2.893,2.887,2.884,2.88,2.872,2.871,2.866,2.865,2.858,2.85,2.844,2.837,2.835,2.828,2.819,2.81,2.801,2.791,2.784,2.776,2.77,2.764,2.761,2.759,2.758,2.76,2.765,2.793,2.844,2.944,3.09,3.022,2.774,2.649,2.441,1.926,1.257,0.539,-0.258,-0.957,-1.614,-2.037,-2.255,-2.353,-2.353,-2.24,-2.09,-1.821,-1.405,-0.966,-0.567,-0.302,0.016,0.104,0.306,0.56,0.796,1.085,1.232,0.973,0.728,0.503,0.321,0.17,-0.045,-0.305,-0.747,-1.23,-1.679,-2.025,-2.171,-2.355,-2.346,-2.274,-2.164,-1.796,-1.252,-0.527,0.22,0.983,1.678,2.271,2.48,2.718,2.871,3.118,2.963,2.856,2.786,2.752,2.739,2.73,2.729,2.729,2.73,2.731,2.737,2.745,2.751,2.761,2.768,2.776,2.787,2.79,2.794,2.802,2.81,2.815,2.821,2.823,2.829,2.835,2.835,2.84,2.846,2.847,2.847,2.849,2.851,2.857,2.859,2.862,2.864,2.865,2.865,2.865,2.861,2.86,2.859,2.858,2.856,2.856,2.856,2.86,2.864,2.866,2.869,2.873,2.877,2.886,2.89,2.894,2.9,2.908,2.91,2.914,2.915,2.916,2.916,2.917,2.921,2.928,Fluphenazine_76,Fluphenazine,-5.455931955649724,OCCN1CC[NH+](CCCN2c3ccccc3Sc3ccc(C(F)(F)F)cc32)CC1
2.891,2.879,2.873,2.873,2.873,2.875,2.879,2.883,2.886,2.892,2.895,2.894,2.895,2.893,2.898,2.899,2.901,2.902,2.905,2.91,2.915,2.92,2.926,2.927,2.93,2.929,2.925,2.923,2.919,2.917,2.911,2.9,2.897,2.892,2.886,2.88,2.879,2.876,2.869,2.869,2.86,2.857,2.851,2.848,2.834,2.831,2.825,2.817,2.805,2.795,2.788,2.78,2.773,2.765,2.762,2.76,2.759,2.759,2.762,2.768,2.786,2.834,2.931,3.08,3.253,3.077,2.997,2.661,2.142,1.551,0.553,-0.274,-1.037,-1.637,-2.106,-2.337,-2.418,-2.423,-2.365,-2.3,-2.08,-1.902,-1.552,-1.05,-0.905,-0.486,-0.06,0.402,0.864,1.09,1.348,1.515,1.31,1.128,0.747,0.3,-0.222,-0.729,-1.173,-1.28,-1.746,-2.074,-2.275,-2.365,-2.415,-2.431,-2.389,-2.2,-1.816,-1.301,-0.553,0.212,1.136,1.902,2.457,2.918,3.14,3.115,3.118,2.954,2.844,2.78,2.754,2.74,2.734,2.731,2.727,2.727,2.732,2.737,2.744,2.749,2.761,2.767,2.773,2.782,2.789,2.79,2.801,2.809,2.816,2.821,2.825,2.832,2.835,2.836,2.842,2.843,2.844,2.849,2.849,2.85,2.854,2.859,2.862,2.863,2.865,2.866,2.864,2.864,2.86,2.859,2.856,2.855,2.855,2.856,2.859,2.862,2.866,2.873,2.877,2.882,2.885,2.889,2.898,2.901,2.905,2.909,2.914,2.914,2.916,2.916,2.917,2.921,2.929,Fluphenazine_77,Fluphenazine,-5.455931955649724,OCC[NH+]1CCN(CCCN2c3ccccc3Sc3ccc(C(F)(F)F)cc32)CC1
2.576,2.57,2.567,2.565,2.566,2.566,2.569,2.573,2.58,2.584,2.587,2.589,2.589,2.588,2.588,2.587,2.587,2.588,2.589,2.593,2.598,2.601,2.604,2.607,2.607,2.607,2.605,2.602,2.599,2.597,2.593,2.588,2.584,2.579,2.572,2.569,2.566,2.564,2.563,2.558,2.557,2.555,2.552,2.55,2.548,2.542,2.537,2.533,2.522,2.517,2.51,2.501,2.494,2.485,2.479,2.474,2.472,2.471,2.473,2.475,2.481,2.498,2.555,2.637,2.713,2.761,2.813,2.535,1.953,1.258,0.471,-0.393,-1.13,-1.75,-2.182,-2.417,-2.515,-2.565,-2.565,-2.552,-2.449,-2.203,-1.88,-1.524,-1.171,-0.9,-0.686,-0.774,-0.847,-0.885,-0.889,-0.889,-0.887,-0.864,-0.813,-0.722,-0.655,-0.974,-1.352,-1.745,-2.105,-2.38,-2.535,-2.552,-2.552,-2.551,-2.452,-2.286,-1.918,-1.37,-0.679,0.141,0.973,1.687,2.319,2.747,2.767,2.721,2.656,2.569,2.502,2.481,2.469,2.459,2.456,2.455,2.456,2.461,2.469,2.473,2.479,2.488,2.499,2.504,2.513,2.516,2.522,2.523,2.527,2.53,2.532,2.534,2.539,2.545,2.55,2.55,2.551,2.553,2.553,2.553,2.553,2.554,2.556,2.56,2.563,2.565,2.567,2.568,2.566,2.564,2.559,2.556,2.554,2.552,2.552,2.552,2.553,2.554,2.557,2.56,2.567,2.57,2.573,2.577,2.581,2.587,2.592,2.593,2.594,2.594,2.594,2.593,2.593,2.595,2.599,Maprotiline_14,Maprotiline,-5.229147988357856,C[NH2+]CCC[C@]12CC[C@H](c3ccccc31)c1ccccc12
1.562,1.552,1.547,1.547,1.547,1.547,1.549,1.55,1.552,1.554,1.554,1.555,1.557,1.557,1.556,1.556,1.556,1.558,1.559,1.561,1.565,1.57,1.573,1.574,1.575,1.573,1.572,1.567,1.563,1.562,1.558,1.551,1.547,1.544,1.54,1.534,1.533,1.532,1.53,1.526,1.524,1.523,1.518,1.517,1.505,1.501,1.494,1.49,1.484,1.476,1.466,1.46,1.455,1.444,1.442,1.441,1.441,1.44,1.442,1.446,1.459,1.499,1.556,1.664,1.819,1.926,1.951,1.8,1.527,1.076,0.605,0.11,-0.29,-0.567,-0.727,-0.734,-0.732,-0.538,-0.232,0.265,0.771,1.322,1.944,2.418,2.796,3.164,3.377,3.548,3.635,3.604,3.58,3.58,3.581,3.622,3.66,3.5,3.299,3.006,2.632,2.173,1.622,1.073,0.467,-0.108,-0.498,-0.717,-0.801,-0.801,-0.676,-0.443,-0.089,0.4,0.874,1.341,1.703,1.893,1.928,1.86,1.701,1.582,1.505,1.463,1.442,1.435,1.43,1.429,1.431,1.434,1.435,1.439,1.445,1.456,1.462,1.472,1.481,1.486,1.492,1.492,1.493,1.495,1.496,1.499,1.505,1.51,1.516,1.52,1.523,1.523,1.523,1.526,1.528,1.528,1.528,1.53,1.532,1.533,1.538,1.539,1.535,1.535,1.536,1.536,1.535,1.535,1.538,1.539,1.541,1.544,1.544,1.548,1.554,1.556,1.559,1.563,1.565,1.569,1.573,1.575,1.576,1.576,1.576,1.576,1.579,1.582,1.591,Amoxapine_22,Amoxapine,-4.8297382846050425,Clc1ccc2c(c1)C(=[N+]1CCNCC1)Nc1ccccc1O2
2.54,2.522,2.517,2.517,2.517,2.518,2.521,2.525,2.53,2.532,2.534,2.534,2.534,2.536,2.54,2.54,2.54,2.542,2.546,2.552,2.559,2.562,2.564,2.567,2.568,2.569,2.565,2.564,2.56,2.556,2.55,2.547,2.538,2.533,2.529,2.524,2.52,2.515,2.512,2.509,2.504,2.496,2.49,2.484,2.478,2.475,2.468,2.457,2.447,2.441,2.43,2.422,2.411,2.406,2.403,2.399,2.398,2.398,2.401,2.409,2.433,2.491,2.606,2.772,2.759,2.67,2.566,2.127,1.646,1.095,0.525,0.023,-0.671,-1.378,-1.775,-2.012,-2.012,-2.006,-1.903,-1.594,-1.147,-0.665,-0.158,0.306,0.738,0.918,0.963,1.095,1.304,1.515,1.816,1.932,1.678,1.457,1.29,1.162,1.057,0.948,0.607,0.139,-0.489,-1.013,-1.47,-1.841,-2.017,-2.047,-2.047,-1.965,-1.588,-0.993,-0.167,0.337,0.866,1.412,1.903,2.36,2.688,2.715,2.818,2.629,2.509,2.428,2.392,2.376,2.369,2.367,2.367,2.368,2.37,2.374,2.382,2.392,2.399,2.407,2.414,2.424,2.432,2.436,2.447,2.452,2.455,2.461,2.466,2.47,2.472,2.478,2.482,2.487,2.489,2.49,2.491,2.495,2.497,2.499,2.502,2.505,2.505,2.506,2.507,2.505,2.501,2.499,2.499,2.499,2.499,2.501,2.505,2.51,2.514,2.519,2.522,2.527,2.533,2.538,2.541,2.545,2.552,2.555,2.557,2.56,2.56,2.56,2.56,2.562,2.579,Quetiapine_72,Quetiapine,-4.481486060122112,OCCOCC[NH+]1CCN(C2=Nc3ccccc3Sc3ccccc32)CC1
0.505,0.497,0.496,0.495,0.494,0.494,0.495,0.494,0.494,0.494,0.495,0.497,0.496,0.495,0.494,0.493,0.493,0.494,0.496,0.498,0.503,0.506,0.51,0.511,0.513,0.512,0.511,0.51,0.506,0.503,0.502,0.499,0.495,0.492,0.49,0.486,0.482,0.48,0.478,0.474,0.473,0.472,0.472,0.47,0.467,0.462,0.456,0.451,0.448,0.445,0.439,0.43,0.427,0.424,0.423,0.422,0.422,0.422,0.428,0.441,0.458,0.49,0.55,0.638,0.758,0.89,1.031,1.139,1.199,1.092,0.815,0.478,0.18,-0.025,-0.122,-0.156,-0.156,-0.118,0.043,0.385,0.909,1.574,2.345,3.161,3.954,4.668,5.159,5.067,5.001,4.969,4.965,4.965,4.967,4.996,5.063,5.182,4.893,4.186,3.385,2.549,1.745,1.039,0.469,0.069,-0.147,-0.211,-0.211,-0.194,-0.125,0.059,0.338,0.685,1.011,1.188,1.16,1.066,0.934,0.799,0.672,0.568,0.497,0.457,0.436,0.429,0.425,0.419,0.418,0.418,0.418,0.419,0.421,0.429,0.437,0.441,0.446,0.45,0.45,0.452,0.455,0.456,0.46,0.464,0.469,0.473,0.474,0.475,0.474,0.474,0.476,0.481,0.481,0.481,0.482,0.484,0.484,0.485,0.486,0.486,0.486,0.486,0.489,0.488,0.488,0.489,0.493,0.497,0.498,0.503,0.511,0.511,0.514,0.514,0.514,0.514,0.514,0.517,0.517,0.519,0.518,0.519,0.523,0.523,0.522,0.523,0.529,Pemoline_48,Pemoline,-5.337242168318426,NC1=NC(=O)[C@H](c2ccccc2)O1
1.823,1.817,1.817,1.817,1.817,1.817,1.819,1.823,1.825,1.828,1.831,1.832,1.831,1.831,1.83,1.829,1.829,1.83,1.831,1.835,1.838,1.843,1.846,1.848,1.85,1.85,1.85,1.848,1.846,1.843,1.841,1.836,1.834,1.831,1.828,1.826,1.825,1.825,1.825,1.824,1.824,1.823,1.822,1.82,1.818,1.816,1.81,1.807,1.804,1.799,1.794,1.79,1.786,1.784,1.783,1.781,1.78,1.779,1.779,1.783,1.795,1.821,1.876,1.957,2.07,2.163,2.141,1.808,1.355,0.855,0.354,-0.169,-0.718,-1.207,-1.549,-1.783,-1.919,-1.945,-1.945,-1.945,-1.915,-1.82,-1.703,-1.584,-1.458,-1.522,-1.585,-1.646,-1.7,-1.724,-1.729,-1.729,-1.726,-1.708,-1.657,-1.595,-1.53,-1.449,-1.542,-1.668,-1.786,-1.889,-1.934,-1.949,-1.949,-1.927,-1.831,-1.642,-1.329,-0.943,-0.44,0.157,0.661,1.165,1.639,2.016,2.18,2.105,1.987,1.898,1.834,1.797,1.782,1.774,1.771,1.768,1.767,1.767,1.767,1.769,1.772,1.775,1.782,1.786,1.79,1.794,1.796,1.798,1.798,1.797,1.798,1.801,1.805,1.809,1.812,1.814,1.814,1.814,1.812,1.812,1.811,1.811,1.812,1.814,1.814,1.817,1.818,1.817,1.816,1.815,1.813,1.81,1.81,1.808,1.808,1.807,1.808,1.81,1.812,1.815,1.817,1.821,1.824,1.825,1.829,1.831,1.834,1.837,1.837,1.838,1.838,1.838,1.837,1.838,1.842,Selegiline_84,Selegiline,-4.313363730737707,C#CCN(C)[C@@H](C)Cc1ccccc1
1.818,1.81,1.809,1.806,1.806,1.807,1.808,1.812,1.817,1.821,1.822,1.824,1.825,1.824,1.823,1.822,1.821,1.821,1.821,1.827,1.83,1.834,1.835,1.835,1.838,1.837,1.833,1.83,1.83,1.828,1.826,1.823,1.82,1.814,1.81,1.808,1.807,1.801,1.801,1.802,1.801,1.801,1.793,1.792,1.787,1.786,1.783,1.78,1.775,1.77,1.764,1.752,1.748,1.743,1.738,1.734,1.726,1.725,1.716,1.716,1.718,1.729,1.758,1.799,1.879,1.996,2.144,2.026,1.548,0.91,0.21,-0.436,-0.963,-1.342,-1.572,-1.712,-1.712,-1.702,-1.542,-1.278,-0.94,-0.541,-0.158,0.196,0.355,0.255,0.168,0.088,0.02,-0.009,-0.018,-0.018,-0.014,0.005,0.056,0.129,0.224,0.336,0.437,0.124,-0.321,-0.765,-1.154,-1.463,-1.663,-1.73,-1.73,-1.642,-1.443,-1.114,-0.639,-0.037,0.641,1.315,1.839,2.188,2.031,1.901,1.814,1.756,1.728,1.714,1.709,1.709,1.715,1.718,1.722,1.723,1.728,1.735,1.741,1.747,1.751,1.76,1.768,1.775,1.777,1.776,1.777,1.777,1.777,1.779,1.786,1.793,1.798,1.798,1.797,1.795,1.794,1.794,1.794,1.798,1.799,1.802,1.803,1.806,1.807,1.809,1.808,1.803,1.801,1.798,1.797,1.797,1.795,1.795,1.797,1.798,1.798,1.805,1.808,1.813,1.814,1.816,1.819,1.825,1.83,1.83,1.828,1.828,1.829,1.828,1.828,1.829,1.833,Amantadine_15,Amantadine,-5.1487416512809245,[NH3+][C@]12C[C@H]3C[C@H](C[C@H](C3)C1)C2
1.94,1.931,1.928,1.927,1.927,1.927,1.93,1.931,1.937,1.938,1.942,1.943,1.942,1.941,1.94,1.941,1.941,1.941,1.943,1.947,1.951,1.953,1.955,1.959,1.96,1.957,1.956,1.953,1.952,1.949,1.946,1.941,1.938,1.933,1.928,1.924,1.921,1.92,1.918,1.918,1.909,1.908,1.904,1.903,1.901,1.898,1.891,1.887,1.88,1.868,1.865,1.858,1.849,1.844,1.837,1.835,1.829,1.829,1.831,1.835,1.843,1.868,1.913,1.996,2.095,2.175,2.142,1.935,1.589,1.085,0.478,-0.178,-0.781,-1.253,-1.597,-1.81,-1.838,-1.843,-1.844,-1.7,-1.401,-0.995,-0.534,-0.074,0.314,0.567,0.453,0.33,0.261,0.219,0.21,0.21,0.211,0.241,0.301,0.402,0.543,0.579,0.15,-0.339,-0.84,-1.292,-1.633,-1.827,-1.873,-1.873,-1.854,-1.699,-1.438,-0.985,-0.421,0.237,0.846,1.423,1.795,2.077,2.191,2.109,2.024,1.925,1.872,1.837,1.826,1.817,1.816,1.816,1.82,1.826,1.828,1.831,1.841,1.85,1.856,1.862,1.869,1.875,1.879,1.884,1.886,1.887,1.89,1.893,1.898,1.9,1.905,1.905,1.908,1.909,1.911,1.911,1.911,1.911,1.912,1.917,1.92,1.92,1.921,1.923,1.924,1.921,1.918,1.916,1.915,1.914,1.914,1.914,1.917,1.919,1.922,1.924,1.928,1.932,1.933,1.938,1.941,1.945,1.948,1.949,1.951,1.954,1.953,1.952,1.953,1.953,1.96,Atomoxetine_31,Atomoxetine,-4.804100347590766,C[NH2+]CC[C@H](Oc1ccccc1C)c1ccccc1
2.576,2.57,2.568,2.568,2.567,2.568,2.57,2.575,2.579,2.584,2.586,2.588,2.588,2.587,2.587,2.587,2.587,2.588,2.591,2.593,2.598,2.602,2.604,2.606,2.607,2.606,2.605,2.602,2.599,2.596,2.593,2.589,2.584,2.579,2.574,2.569,2.565,2.565,2.564,2.564,2.557,2.556,2.553,2.55,2.549,2.545,2.536,2.532,2.528,2.516,2.511,2.502,2.494,2.489,2.481,2.48,2.476,2.475,2.475,2.48,2.489,2.52,2.572,2.662,2.732,2.711,2.636,2.412,1.819,1.18,0.532,-0.295,-1.047,-1.598,-1.993,-2.283,-2.429,-2.448,-2.426,-2.41,-2.224,-1.906,-1.572,-1.208,-0.923,-0.682,-0.683,-0.769,-0.842,-0.886,-0.894,-0.894,-0.889,-0.867,-0.811,-0.717,-0.616,-0.673,-1.006,-1.402,-1.78,-2.114,-2.37,-2.456,-2.447,-2.447,-2.339,-2.113,-1.764,-1.243,-0.577,0.236,0.93,1.572,2.172,2.571,2.673,2.708,2.692,2.59,2.526,2.496,2.479,2.469,2.467,2.468,2.467,2.469,2.471,2.474,2.484,2.491,2.499,2.505,2.512,2.518,2.521,2.525,2.528,2.531,2.532,2.534,2.538,2.546,2.548,2.549,2.552,2.552,2.553,2.553,2.553,2.554,2.558,2.561,2.564,2.564,2.566,2.567,2.566,2.565,2.56,2.557,2.555,2.553,2.553,2.553,2.553,2.554,2.557,2.561,2.566,2.568,2.571,2.577,2.582,2.587,2.59,2.59,2.593,2.594,2.595,2.594,2.594,2.595,2.599,Amitriptyline_17,Amitriptyline,-5.008773924307505,C[NH+](C)CCC=C1c2ccccc2CCc2ccccc21
1.747,1.736,1.729,1.729,1.729,1.73,1.73,1.731,1.734,1.737,1.736,1.736,1.739,1.739,1.738,1.742,1.742,1.743,1.743,1.743,1.747,1.751,1.752,1.752,1.751,1.749,1.749,1.746,1.741,1.738,1.736,1.725,1.723,1.72,1.714,1.706,1.702,1.702,1.701,1.694,1.689,1.685,1.678,1.676,1.666,1.664,1.65,1.649,1.64,1.628,1.616,1.611,1.602,1.588,1.584,1.575,1.571,1.571,1.573,1.58,1.589,1.625,1.676,1.768,1.796,1.685,1.547,1.31,1.035,0.723,0.41,0.038,-0.346,-0.626,-0.692,-0.692,-0.49,-0.079,0.466,1.26,2.184,3.193,4.045,4.39,4.912,5.176,5.386,5.26,5.153,5.1,5.061,5.061,5.072,5.103,5.281,5.48,5.344,5.018,4.647,4.251,3.697,2.661,1.608,0.71,0.042,-0.414,-0.695,-0.692,-0.722,-0.532,-0.171,0.295,0.585,0.894,1.181,1.443,1.605,1.733,1.787,1.692,1.627,1.593,1.578,1.572,1.571,1.571,1.571,1.577,1.581,1.59,1.598,1.609,1.616,1.626,1.634,1.641,1.651,1.658,1.661,1.664,1.664,1.667,1.675,1.679,1.685,1.689,1.696,1.696,1.696,1.7,1.7,1.702,1.705,1.707,1.71,1.713,1.716,1.717,1.715,1.715,1.716,1.714,1.714,1.714,1.715,1.718,1.72,1.721,1.726,1.728,1.733,1.733,1.735,1.742,1.746,1.748,1.751,1.756,1.759,1.759,1.758,1.758,1.76,1.762,1.773,Clozapine_55,Clozapine,-4.548213564475709,C[NH+]1CC[N+](=C2Nc3cc(Cl)ccc3Nc3ccccc32)CC1
2.959,2.942,2.937,2.935,2.935,2.935,2.938,2.941,2.946,2.95,2.953,2.954,2.955,2.955,2.956,2.956,2.956,2.957,2.961,2.967,2.974,2.977,2.978,2.983,2.987,2.986,2.984,2.981,2.974,2.967,2.964,2.958,2.953,2.949,2.941,2.936,2.929,2.923,2.918,2.915,2.911,2.907,2.903,2.895,2.887,2.882,2.869,2.863,2.852,2.844,2.837,2.826,2.817,2.808,2.806,2.804,2.8,2.799,2.801,2.812,2.848,2.903,3.015,3.161,3.021,2.958,2.836,2.447,1.941,1.334,0.727,-0.087,-1.11,-1.889,-2.4,-2.703,-2.734,-2.725,-2.726,-2.617,-2.322,-1.846,-1.199,-0.895,-0.736,-0.471,-0.169,0.154,0.252,0.185,0.169,0.171,0.178,0.221,0.332,0.038,-0.312,-0.616,-0.839,-0.935,-1.702,-2.239,-2.578,-2.736,-2.79,-2.79,-2.769,-2.571,-2.111,-1.461,-0.502,0.467,1.061,1.698,2.211,2.666,2.872,2.962,3.09,3.045,2.917,2.845,2.809,2.791,2.783,2.78,2.779,2.78,2.783,2.786,2.795,2.806,2.816,2.822,2.834,2.841,2.844,2.85,2.858,2.869,2.872,2.879,2.884,2.892,2.897,2.898,2.901,2.901,2.903,2.907,2.909,2.911,2.911,2.915,2.919,2.921,2.922,2.923,2.922,2.918,2.918,2.916,2.916,2.912,2.912,2.914,2.916,2.925,2.928,2.936,2.939,2.945,2.95,2.957,2.96,2.968,2.972,2.975,2.976,2.979,2.981,2.981,2.984,2.987,3.0,Thiothixene_111,Thiothixene,-5.468521082957745,CN(C)S(=O)(=O)c1ccc2c(c1)/C(=C/CCN1CC[NH+](C)CC1)c1ccccc1S2
2.079,2.059,2.057,2.056,2.056,2.056,2.06,2.063,2.064,2.067,2.07,2.07,2.07,2.07,2.069,2.067,2.066,2.067,2.071,2.076,2.083,2.09,2.092,2.097,2.098,2.098,2.099,2.097,2.094,2.091,2.086,2.081,2.072,2.066,2.062,2.058,2.054,2.051,2.047,2.043,2.041,2.035,2.033,2.026,2.018,2.013,2.009,2.002,1.989,1.983,1.974,1.966,1.957,1.95,1.949,1.949,1.95,1.951,1.955,1.975,2.006,2.081,2.205,2.406,2.63,2.513,2.248,1.919,1.599,1.275,0.977,0.478,-0.127,-0.677,-0.976,-1.048,-1.082,-1.033,-0.802,-0.299,0.05,0.325,0.626,1.02,1.407,1.851,2.307,2.802,3.349,3.242,3.223,3.223,3.236,3.335,2.991,2.446,1.959,1.504,1.083,0.697,0.351,0.063,-0.196,-0.751,-1.07,-1.12,-1.115,-1.106,-0.905,-0.4,0.233,0.815,1.141,1.456,1.775,2.101,2.392,2.568,2.48,2.254,2.104,2.01,1.964,1.945,1.939,1.933,1.927,1.925,1.925,1.932,1.942,1.948,1.955,1.964,1.975,1.981,1.987,1.992,1.997,2.0,2.005,2.012,2.017,2.022,2.026,2.028,2.032,2.032,2.033,2.033,2.034,2.039,2.039,2.041,2.043,2.046,2.047,2.049,2.046,2.046,2.048,2.049,2.049,2.051,2.054,2.057,2.062,2.064,2.068,2.076,2.081,2.084,2.086,2.09,2.092,2.094,2.099,2.102,2.104,2.104,2.107,2.105,2.104,2.109,2.123,Trazodone_118,Trazodone,-4.423658649794207,O=c1n(CCCN2CCN(c3cccc(Cl)c3)CC2)nc2ccccn12
1.895,1.888,1.888,1.888,1.888,1.889,1.891,1.894,1.895,1.898,1.901,1.902,1.901,1.901,1.9,1.9,1.9,1.9,1.903,1.906,1.909,1.914,1.917,1.92,1.923,1.921,1.919,1.919,1.917,1.91,1.905,1.903,1.897,1.897,1.894,1.892,1.891,1.89,1.89,1.887,1.887,1.885,1.884,1.879,1.878,1.871,1.869,1.862,1.856,1.852,1.848,1.843,1.84,1.837,1.835,1.834,1.833,1.833,1.834,1.839,1.853,1.88,1.936,2.022,2.133,2.221,2.149,1.758,1.267,0.761,0.256,-0.217,-0.757,-1.113,-1.445,-1.651,-1.762,-1.789,-1.79,-1.79,-1.687,-1.525,-1.292,-0.988,-0.626,-0.228,0.141,0.429,0.667,0.747,0.743,0.743,0.745,0.765,0.538,0.255,-0.106,-0.51,-0.887,-1.212,-1.473,-1.664,-1.779,-1.804,-1.804,-1.785,-1.705,-1.535,-1.253,-0.922,-0.434,0.062,0.563,1.063,1.575,1.95,2.24,2.162,2.055,1.958,1.892,1.856,1.838,1.831,1.827,1.823,1.822,1.822,1.822,1.824,1.826,1.833,1.836,1.841,1.846,1.848,1.853,1.857,1.859,1.859,1.861,1.864,1.868,1.871,1.871,1.875,1.88,1.881,1.881,1.88,1.88,1.88,1.881,1.882,1.884,1.887,1.886,1.886,1.887,1.886,1.884,1.883,1.881,1.881,1.88,1.88,1.881,1.882,1.886,1.888,1.89,1.894,1.9,1.902,1.906,1.908,1.909,1.912,1.914,1.916,1.916,1.916,1.917,1.917,1.921,Fluoxetine_71,Fluoxetine,-5.1938200260161125,CNCC[C@@H](Oc1ccc(C(F)(F)F)cc1)c1ccccc1
1.781,1.771,1.766,1.765,1.765,1.765,1.768,1.769,1.77,1.772,1.772,1.774,1.777,1.776,1.776,1.78,1.78,1.78,1.78,1.78,1.783,1.785,1.788,1.787,1.787,1.784,1.783,1.782,1.778,1.773,1.772,1.765,1.76,1.758,1.751,1.741,1.736,1.734,1.732,1.725,1.722,1.715,1.707,1.705,1.697,1.692,1.682,1.675,1.671,1.657,1.645,1.637,1.629,1.615,1.606,1.603,1.598,1.596,1.599,1.604,1.611,1.643,1.691,1.782,1.869,1.799,1.716,1.622,1.436,1.164,0.829,0.614,0.367,0.24,0.24,0.387,0.609,1.166,2.027,3.106,4.332,5.668,6.393,7.048,7.719,8.276,8.603,8.652,8.514,8.457,8.42,8.418,8.42,8.478,8.718,8.936,8.587,8.052,7.401,6.701,5.977,4.921,3.54,2.331,1.358,0.666,0.324,0.17,0.17,0.208,0.447,0.695,1.02,1.324,1.59,1.664,1.747,1.826,1.808,1.706,1.647,1.615,1.605,1.602,1.602,1.602,1.604,1.606,1.613,1.622,1.628,1.64,1.648,1.658,1.666,1.674,1.685,1.692,1.697,1.7,1.7,1.704,1.712,1.713,1.722,1.725,1.733,1.733,1.735,1.74,1.74,1.743,1.745,1.748,1.75,1.753,1.756,1.757,1.757,1.757,1.758,1.762,1.762,1.764,1.765,1.768,1.769,1.772,1.776,1.777,1.782,1.782,1.786,1.791,1.791,1.793,1.796,1.8,1.801,1.801,1.8,1.8,1.801,1.802,1.811,Olanzapine_34,Olanzapine,-4.804100347590766,Cc1cc2c(s1)Nc1ccccc1NC2=[N+]1CC[NH+](C)CC1
1.777,1.769,1.769,1.769,1.769,1.77,1.771,1.775,1.781,1.781,1.784,1.785,1.785,1.783,1.782,1.781,1.781,1.781,1.782,1.79,1.794,1.799,1.8,1.802,1.805,1.804,1.801,1.799,1.796,1.795,1.793,1.79,1.785,1.781,1.776,1.773,1.773,1.773,1.773,1.774,1.774,1.773,1.772,1.77,1.768,1.765,1.762,1.761,1.755,1.752,1.745,1.739,1.735,1.731,1.73,1.726,1.725,1.725,1.726,1.732,1.748,1.776,1.83,1.92,2.051,2.217,2.397,2.276,1.859,1.305,0.664,0.004,-0.583,-1.057,-1.402,-1.601,-1.716,-1.707,-1.699,-1.565,-1.338,-1.02,-0.631,-0.215,0.178,0.453,0.595,0.609,0.554,0.524,0.518,0.518,0.522,0.545,0.595,0.736,0.567,0.299,-0.069,-0.498,-0.906,-1.248,-1.503,-1.669,-1.723,-1.723,-1.644,-1.487,-1.193,-0.761,-0.214,0.423,1.082,1.658,2.126,2.449,2.276,2.104,1.964,1.857,1.795,1.756,1.735,1.727,1.723,1.721,1.72,1.72,1.72,1.722,1.726,1.73,1.733,1.739,1.745,1.751,1.749,1.749,1.749,1.749,1.749,1.753,1.758,1.764,1.769,1.766,1.765,1.765,1.765,1.765,1.765,1.765,1.765,1.767,1.77,1.771,1.772,1.774,1.773,1.769,1.767,1.765,1.764,1.762,1.761,1.761,1.762,1.762,1.766,1.771,1.774,1.78,1.78,1.78,1.781,1.786,1.792,1.792,1.792,1.792,1.793,1.792,1.792,1.794,1.798,Amantadine_14,Amantadine,-5.1487416512809245,N[C@]12C[C@H]3C[C@H](C[C@H](C3)C1)C2
1.924,1.91,1.906,1.906,1.906,1.906,1.908,1.91,1.915,1.918,1.918,1.919,1.919,1.918,1.918,1.918,1.918,1.918,1.921,1.927,1.93,1.934,1.938,1.942,1.941,1.938,1.935,1.935,1.933,1.928,1.923,1.917,1.911,1.907,1.9,1.897,1.889,1.886,1.885,1.881,1.873,1.87,1.866,1.864,1.861,1.856,1.846,1.838,1.832,1.819,1.812,1.802,1.793,1.786,1.779,1.777,1.777,1.781,1.784,1.792,1.811,1.857,1.947,2.089,2.296,2.479,2.498,2.44,2.166,1.685,1.159,0.443,-0.158,-0.525,-0.644,-0.644,-0.598,-0.464,0.009,0.757,1.732,2.782,3.625,4.2,4.737,5.163,5.398,5.344,5.169,5.064,5.051,5.051,5.07,5.152,5.404,5.582,5.351,4.92,4.39,3.82,3.155,2.041,1.011,0.164,-0.408,-0.677,-0.72,-0.72,-0.668,-0.384,0.148,0.891,1.462,1.976,2.396,2.465,2.49,2.366,2.142,1.978,1.875,1.815,1.786,1.776,1.775,1.771,1.77,1.77,1.77,1.778,1.786,1.796,1.805,1.813,1.82,1.827,1.833,1.841,1.847,1.849,1.852,1.856,1.863,1.866,1.871,1.873,1.878,1.881,1.883,1.883,1.883,1.886,1.887,1.89,1.893,1.895,1.896,1.897,1.899,1.898,1.898,1.9,1.9,1.9,1.901,1.902,1.906,1.911,1.915,1.918,1.921,1.924,1.927,1.931,1.932,1.933,1.938,1.942,1.944,1.947,1.945,1.945,1.945,1.945,1.96,Olanzapine_36,Olanzapine,-4.804100347590766,Cc1cc2c(s1)Nc1ccccc1N=C2N1CC[NH+](C)CC1
1.604,1.592,1.587,1.586,1.586,1.586,1.587,1.588,1.59,1.593,1.593,1.595,1.596,1.595,1.595,1.597,1.597,1.598,1.597,1.598,1.602,1.605,1.607,1.607,1.608,1.605,1.604,1.601,1.597,1.596,1.592,1.585,1.581,1.578,1.574,1.567,1.564,1.563,1.561,1.552,1.546,1.544,1.537,1.535,1.525,1.522,1.514,1.509,1.502,1.489,1.479,1.472,1.465,1.451,1.444,1.441,1.433,1.432,1.432,1.434,1.445,1.477,1.522,1.607,1.699,1.739,1.759,1.644,1.261,0.828,0.374,-0.086,-0.522,-0.744,-0.899,-0.862,-0.861,-0.618,-0.257,0.302,0.928,1.609,2.342,2.897,3.269,3.529,3.391,3.215,3.126,3.076,3.047,3.047,3.05,3.074,3.172,3.335,3.508,3.613,3.217,2.656,1.971,1.279,0.566,-0.086,-0.547,-0.849,-0.927,-0.937,-0.87,-0.648,-0.319,0.183,0.63,1.093,1.5,1.726,1.721,1.695,1.623,1.528,1.47,1.441,1.425,1.418,1.418,1.419,1.424,1.434,1.439,1.447,1.456,1.469,1.479,1.489,1.495,1.503,1.511,1.517,1.521,1.522,1.523,1.528,1.535,1.537,1.544,1.546,1.553,1.553,1.554,1.556,1.557,1.558,1.561,1.563,1.566,1.567,1.571,1.573,1.57,1.57,1.57,1.569,1.569,1.57,1.57,1.573,1.575,1.579,1.58,1.583,1.588,1.591,1.592,1.597,1.6,1.604,1.607,1.611,1.613,1.613,1.611,1.611,1.615,1.617,1.626,Amoxapine_23,Amoxapine,-4.8297382846050425,Clc1ccc2c(c1)C(=[N+]1CC[NH2+]CC1)Nc1ccccc1O2
2.06,2.046,2.043,2.043,2.042,2.042,2.045,2.047,2.05,2.055,2.056,2.058,2.058,2.056,2.056,2.057,2.057,2.058,2.06,2.064,2.07,2.073,2.076,2.077,2.078,2.077,2.075,2.071,2.069,2.067,2.062,2.057,2.053,2.048,2.044,2.039,2.035,2.033,2.032,2.03,2.024,2.019,2.017,2.013,2.012,2.008,1.999,1.994,1.987,1.975,1.97,1.964,1.955,1.946,1.939,1.938,1.937,1.937,1.937,1.946,1.958,1.992,2.057,2.159,2.241,2.267,2.291,1.957,1.543,1.01,0.406,-0.167,-0.762,-1.24,-1.565,-1.777,-1.784,-1.782,-1.77,-1.585,-1.235,-0.835,-0.339,0.253,0.598,0.814,0.731,0.603,0.511,0.458,0.443,0.445,0.447,0.48,0.565,0.7,0.807,0.825,0.475,-0.045,-0.681,-1.121,-1.519,-1.757,-1.835,-1.825,-1.83,-1.688,-1.394,-0.989,-0.374,0.178,0.769,1.357,1.825,2.19,2.257,2.229,2.189,2.074,2.0,1.956,1.938,1.931,1.928,1.926,1.926,1.926,1.927,1.934,1.943,1.952,1.959,1.968,1.973,1.98,1.985,1.99,1.993,1.996,1.998,2.002,2.007,2.011,2.014,2.015,2.02,2.022,2.023,2.022,2.021,2.023,2.025,2.029,2.032,2.033,2.035,2.035,2.037,2.031,2.03,2.03,2.029,2.028,2.028,2.028,2.031,2.035,2.038,2.041,2.043,2.048,2.05,2.055,2.059,2.064,2.066,2.067,2.072,2.072,2.072,2.073,2.073,2.074,2.086,Chlorpromazine_51,Chlorpromazine,-5.130768280269024,C[NH+](C)CCCN1c2ccccc2Sc2ccc(Cl)cc21
2.811,2.799,2.799,2.799,2.798,2.799,2.801,2.807,2.81,2.815,2.818,2.819,2.819,2.82,2.818,2.818,2.817,2.819,2.821,2.828,2.833,2.839,2.842,2.843,2.845,2.844,2.842,2.836,2.834,2.829,2.823,2.817,2.813,2.808,2.802,2.799,2.794,2.792,2.789,2.781,2.781,2.776,2.773,2.771,2.762,2.755,2.749,2.739,2.731,2.722,2.716,2.707,2.701,2.694,2.692,2.69,2.686,2.686,2.684,2.689,2.708,2.748,2.829,2.952,2.96,2.83,2.707,2.511,1.971,1.198,0.448,-0.357,-1.171,-1.764,-2.25,-2.437,-2.537,-2.537,-2.504,-2.359,-2.208,-1.947,-1.667,-1.308,-0.948,-0.603,-0.306,-0.262,-0.362,-0.424,-0.431,-0.431,-0.427,-0.391,-0.303,-0.182,-0.405,-0.786,-1.182,-1.573,-1.887,-2.152,-2.327,-2.463,-2.525,-2.526,-2.539,-2.36,-2.009,-1.431,-0.697,0.12,0.885,1.655,2.325,2.625,2.755,2.893,2.995,2.851,2.756,2.708,2.684,2.675,2.673,2.671,2.67,2.67,2.671,2.676,2.684,2.69,2.699,2.71,2.714,2.718,2.725,2.731,2.735,2.746,2.748,2.752,2.76,2.763,2.767,2.768,2.771,2.774,2.777,2.777,2.777,2.779,2.781,2.785,2.788,2.788,2.789,2.792,2.788,2.787,2.787,2.785,2.782,2.781,2.781,2.782,2.784,2.788,2.79,2.795,2.798,2.804,2.808,2.813,2.816,2.82,2.826,2.829,2.832,2.835,2.837,2.835,2.835,2.835,2.847,Trifluoperazine_122,Trifluoperazine,-6.154901959985743,C[NH+]1CCN(CCCN2c3ccccc3Sc3ccc(C(F)(F)F)cc32)CC1
1.373,1.356,1.354,1.352,1.352,1.352,1.354,1.354,1.355,1.356,1.356,1.355,1.355,1.355,1.357,1.356,1.356,1.358,1.361,1.365,1.371,1.374,1.374,1.378,1.378,1.378,1.377,1.372,1.371,1.364,1.358,1.354,1.351,1.342,1.339,1.332,1.329,1.326,1.325,1.32,1.31,1.309,1.303,1.301,1.297,1.293,1.28,1.274,1.266,1.254,1.247,1.237,1.23,1.222,1.215,1.214,1.214,1.218,1.222,1.233,1.25,1.304,1.389,1.434,1.307,1.209,1.155,1.147,1.147,0.908,0.561,0.207,-0.251,-0.438,-0.421,-0.426,-0.282,0.09,0.798,1.755,2.827,3.437,4.073,4.697,5.322,5.794,6.221,6.611,6.827,6.744,6.712,6.708,6.722,6.834,6.812,6.424,6.024,5.546,4.967,4.311,3.643,3.051,2.184,1.084,0.236,-0.276,-0.537,-0.512,-0.471,-0.392,-0.017,0.383,0.771,1.081,1.14,1.14,1.165,1.259,1.374,1.429,1.322,1.261,1.227,1.216,1.213,1.209,1.207,1.208,1.214,1.219,1.226,1.235,1.244,1.25,1.254,1.262,1.268,1.278,1.284,1.286,1.289,1.295,1.301,1.307,1.307,1.307,1.316,1.32,1.323,1.323,1.324,1.325,1.327,1.329,1.329,1.334,1.334,1.335,1.336,1.336,1.337,1.337,1.34,1.341,1.343,1.345,1.348,1.353,1.358,1.361,1.363,1.364,1.365,1.368,1.376,1.378,1.38,1.38,1.384,1.388,1.388,1.39,1.391,1.396,1.409,Metoclopramide_21,Metoclopramide,-4.774690718274138,CC[NH+](CC)CCNC(=O)c1cc(Cl)c(N)cc1OC
2.656,2.636,2.626,2.624,2.624,2.625,2.629,2.633,2.635,2.639,2.639,2.639,2.643,2.644,2.642,2.64,2.641,2.642,2.645,2.651,2.662,2.666,2.672,2.673,2.677,2.676,2.675,2.673,2.67,2.667,2.66,2.658,2.65,2.642,2.637,2.627,2.623,2.619,2.614,2.611,2.607,2.602,2.59,2.586,2.577,2.571,2.564,2.557,2.546,2.536,2.525,2.511,2.499,2.492,2.487,2.487,2.488,2.491,2.5,2.52,2.571,2.664,2.831,3.097,2.956,2.69,2.465,2.236,2.052,1.811,1.362,0.89,0.245,-0.487,-0.841,-0.899,-0.883,-0.788,-0.402,0.375,1.389,2.277,2.476,2.664,2.941,3.324,3.81,4.335,4.867,4.848,4.827,4.827,4.86,4.969,4.455,3.939,3.458,3.058,2.791,2.586,2.415,1.622,0.516,-0.276,-0.817,-1.009,-1.041,-1.034,-0.777,-0.144,0.665,1.129,1.566,1.932,2.101,2.311,2.551,2.835,3.144,2.901,2.692,2.577,2.514,2.488,2.474,2.467,2.463,2.463,2.462,2.469,2.478,2.494,2.502,2.514,2.522,2.529,2.542,2.549,2.553,2.559,2.561,2.569,2.575,2.582,2.588,2.594,2.595,2.598,2.599,2.6,2.603,2.603,2.607,2.608,2.612,2.613,2.617,2.618,2.619,2.619,2.62,2.62,2.622,2.623,2.627,2.631,2.636,2.643,2.647,2.654,2.658,2.664,2.668,2.672,2.677,2.681,2.684,2.685,2.688,2.688,2.689,2.688,2.69,2.697,2.708,Risperidone_76,Risperidone,-4.522878745280337,Cc1nc2n(c(=O)c1CCN1CCC(c3noc4cc(F)ccc34)CC1)CCCC2
3.078,3.065,3.061,3.06,3.06,3.061,3.064,3.069,3.074,3.077,3.079,3.082,3.084,3.083,3.083,3.085,3.085,3.085,3.089,3.093,3.098,3.104,3.108,3.111,3.112,3.109,3.108,3.104,3.1,3.098,3.094,3.085,3.081,3.075,3.07,3.067,3.062,3.061,3.06,3.057,3.056,3.047,3.046,3.04,3.037,3.034,3.024,3.017,3.009,2.997,2.99,2.983,2.975,2.964,2.961,2.958,2.955,2.954,2.954,2.959,2.978,3.019,3.107,3.239,3.292,3.086,2.848,2.469,1.926,1.312,0.554,-0.119,-1.072,-1.806,-2.397,-2.617,-2.733,-2.741,-2.732,-2.57,-2.368,-2.108,-1.734,-1.304,-0.902,-0.706,-0.787,-0.908,-1.016,-1.08,-1.089,-1.094,-1.085,-1.04,-0.942,-0.821,-0.726,-0.637,-1.071,-1.546,-1.985,-2.236,-2.485,-2.705,-2.737,-2.758,-2.669,-2.462,-2.019,-1.38,-0.491,0.275,1.017,1.689,2.255,2.728,2.989,3.201,3.282,3.13,3.037,2.983,2.957,2.945,2.942,2.941,2.939,2.939,2.94,2.949,2.959,2.965,2.975,2.98,2.987,2.996,3.002,3.008,3.011,3.015,3.016,3.022,3.028,3.031,3.033,3.035,3.039,3.046,3.044,3.044,3.044,3.045,3.048,3.051,3.054,3.054,3.054,3.058,3.057,3.054,3.052,3.049,3.046,3.045,3.044,3.044,3.045,3.048,3.053,3.055,3.06,3.063,3.067,3.076,3.08,3.084,3.086,3.089,3.095,3.096,3.097,3.096,3.096,3.099,3.109,Thioridazine_108,Thioridazine,-5.853871964321762,CSc1ccc2c(c1)N(CC[C@H]1CCCC[N@@H+]1C)c1ccccc1S2
1.182,1.168,1.164,1.162,1.161,1.161,1.161,1.162,1.165,1.165,1.166,1.167,1.169,1.169,1.168,1.169,1.169,1.169,1.167,1.171,1.173,1.175,1.177,1.178,1.176,1.175,1.174,1.171,1.166,1.163,1.159,1.155,1.151,1.145,1.138,1.133,1.129,1.123,1.117,1.116,1.111,1.102,1.098,1.09,1.085,1.08,1.071,1.062,1.052,1.041,1.034,1.026,1.013,1.002,0.994,0.99,0.983,0.98,0.979,0.983,0.995,1.018,1.059,1.134,1.242,1.24,1.232,1.232,1.168,1.021,0.743,0.475,0.353,0.344,0.383,0.567,1.059,1.861,2.951,4.187,5.223,6.279,7.176,8.191,9.06,9.826,10.236,10.464,10.518,10.454,10.42,10.42,10.422,10.497,10.758,10.513,10.108,9.539,8.634,7.564,6.446,5.592,4.531,3.367,2.132,1.187,0.577,0.312,0.24,0.236,0.328,0.567,0.903,1.069,1.169,1.215,1.22,1.231,1.146,1.066,1.015,0.987,0.984,0.985,0.985,0.985,0.989,0.995,1.004,1.013,1.023,1.03,1.037,1.049,1.059,1.065,1.071,1.078,1.088,1.09,1.093,1.098,1.105,1.111,1.112,1.116,1.123,1.126,1.129,1.131,1.135,1.137,1.141,1.142,1.143,1.147,1.148,1.15,1.151,1.154,1.154,1.158,1.159,1.161,1.163,1.169,1.171,1.175,1.178,1.181,1.183,1.184,1.188,1.189,1.192,1.192,1.193,1.194,1.198,1.2,1.199,1.199,1.198,1.2,1.207,Rizatriptan_80,Rizatriptan,-6.0,C[NH+](C)CCc1c[nH]c2ccc(Cn3c[nH+]cn3)cc12
2.258,2.241,2.234,2.234,2.234,2.234,2.236,2.238,2.241,2.243,2.246,2.249,2.252,2.254,2.255,2.255,2.255,2.255,2.258,2.265,2.267,2.272,2.274,2.273,2.273,2.275,2.276,2.272,2.269,2.266,2.262,2.259,2.255,2.248,2.243,2.239,2.234,2.231,2.228,2.226,2.221,2.22,2.215,2.206,2.203,2.194,2.188,2.181,2.172,2.162,2.153,2.14,2.132,2.126,2.119,2.115,2.115,2.115,2.116,2.124,2.152,2.21,2.308,2.469,2.353,2.212,1.996,1.558,1.149,0.858,0.649,0.089,-0.518,-1.078,-1.361,-1.437,-1.437,-1.359,-1.114,-0.752,-0.155,0.275,0.712,1.109,1.424,1.757,2.19,2.554,2.993,3.099,3.062,3.062,3.069,3.139,2.807,2.399,2.028,1.684,1.342,0.993,0.528,0.046,-0.49,-1.019,-1.34,-1.449,-1.434,-1.434,-1.23,-0.792,-0.11,0.409,0.778,1.022,1.39,1.811,2.086,2.271,2.389,2.342,2.219,2.148,2.111,2.097,2.09,2.09,2.089,2.088,2.091,2.097,2.104,2.113,2.124,2.132,2.142,2.15,2.156,2.165,2.169,2.169,2.172,2.177,2.182,2.185,2.191,2.2,2.203,2.204,2.207,2.206,2.209,2.212,2.213,2.215,2.216,2.22,2.222,2.221,2.221,2.22,2.217,2.218,2.217,2.217,2.218,2.22,2.223,2.225,2.229,2.231,2.236,2.244,2.249,2.254,2.259,2.263,2.268,2.271,2.272,2.273,2.274,2.274,2.275,2.279,2.292,Haloperidol_89,Haloperidol,-4.543633966870957,O=C(CCC[N@H+]1CC[C@@](O)(c2ccc(Cl)cc2)CC1)c1ccc(F)cc1
1.819,1.811,1.811,1.811,1.811,1.811,1.812,1.813,1.817,1.819,1.823,1.823,1.824,1.826,1.826,1.825,1.825,1.825,1.826,1.829,1.831,1.834,1.836,1.838,1.837,1.836,1.835,1.832,1.831,1.83,1.825,1.821,1.819,1.816,1.812,1.809,1.808,1.806,1.804,1.804,1.804,1.801,1.793,1.792,1.79,1.785,1.783,1.78,1.774,1.767,1.762,1.752,1.748,1.745,1.739,1.735,1.733,1.729,1.73,1.73,1.738,1.753,1.789,1.846,1.924,1.763,1.548,1.292,1.013,0.65,0.201,-0.33,-0.752,-1.065,-1.322,-1.449,-1.449,-1.436,-1.389,-1.208,-0.912,-0.542,-0.219,0.081,0.236,0.19,0.131,0.071,0.021,-0.012,-0.025,-0.024,-0.021,-0.005,0.043,0.104,0.159,0.228,0.304,0.043,-0.338,-0.75,-1.103,-1.344,-1.444,-1.444,-1.459,-1.387,-1.192,-0.895,-0.51,0.055,0.479,0.865,1.18,1.448,1.676,1.855,1.864,1.799,1.757,1.739,1.731,1.728,1.726,1.726,1.727,1.728,1.735,1.738,1.742,1.746,1.752,1.758,1.767,1.771,1.775,1.779,1.778,1.778,1.779,1.78,1.785,1.789,1.793,1.795,1.798,1.798,1.796,1.796,1.799,1.8,1.801,1.803,1.804,1.807,1.808,1.807,1.807,1.805,1.804,1.802,1.801,1.8,1.799,1.799,1.8,1.8,1.802,1.805,1.807,1.812,1.814,1.817,1.82,1.823,1.826,1.83,1.83,1.83,1.829,1.829,1.828,1.829,1.835,Selegiline_85,Selegiline,-4.313363730737707,C#CC[N@H+](C)[C@@H](C)Cc1ccccc1
2.262,2.246,2.24,2.24,2.239,2.24,2.242,2.246,2.248,2.253,2.256,2.258,2.261,2.261,2.258,2.257,2.257,2.259,2.263,2.271,2.277,2.28,2.284,2.286,2.288,2.286,2.286,2.286,2.284,2.281,2.277,2.274,2.271,2.266,2.261,2.257,2.254,2.251,2.248,2.246,2.242,2.239,2.236,2.231,2.23,2.223,2.218,2.212,2.202,2.195,2.186,2.178,2.169,2.165,2.163,2.161,2.161,2.161,2.165,2.176,2.209,2.279,2.401,2.59,2.491,2.399,2.317,2.065,1.538,1.279,0.584,-0.059,-0.78,-1.478,-1.926,-2.12,-2.167,-2.167,-2.043,-1.714,-1.234,-1.012,-0.827,-0.58,-0.243,0.181,0.633,1.066,1.457,1.368,1.347,1.347,1.366,1.43,1.394,0.805,0.502,0.007,-0.436,-0.704,-0.899,-1.148,-1.598,-1.999,-2.131,-2.163,-2.163,-2.037,-1.683,-1.094,-0.314,0.286,0.974,1.412,1.797,2.246,2.332,2.445,2.563,2.443,2.292,2.208,2.162,2.141,2.133,2.128,2.124,2.122,2.122,2.125,2.135,2.145,2.153,2.158,2.168,2.174,2.177,2.184,2.187,2.189,2.193,2.198,2.204,2.209,2.212,2.216,2.218,2.22,2.222,2.223,2.223,2.223,2.225,2.227,2.228,2.231,2.232,2.233,2.231,2.23,2.229,2.226,2.225,2.225,2.225,2.227,2.231,2.234,2.24,2.244,2.249,2.256,2.261,2.261,2.267,2.272,2.275,2.278,2.282,2.283,2.283,2.283,2.283,2.286,2.298,Haloperidol_88,Haloperidol,-4.543633966870957,O=C(CCCN1CCC(O)(c2ccc(Cl)cc2)CC1)c1ccc(F)cc1
2.815,2.805,2.805,2.805,2.805,2.806,2.81,2.814,2.817,2.822,2.824,2.827,2.826,2.826,2.825,2.823,2.823,2.824,2.827,2.832,2.839,2.841,2.849,2.853,2.857,2.86,2.858,2.851,2.848,2.845,2.839,2.835,2.831,2.826,2.823,2.818,2.816,2.814,2.811,2.809,2.809,2.805,2.801,2.798,2.794,2.789,2.781,2.775,2.768,2.76,2.754,2.748,2.741,2.738,2.736,2.735,2.732,2.732,2.734,2.74,2.762,2.807,2.894,3.033,3.221,2.962,2.673,2.337,1.763,1.089,0.331,-0.49,-1.269,-1.892,-2.426,-2.739,-2.872,-2.883,-2.877,-2.864,-2.719,-2.586,-2.384,-2.176,-2.012,-1.902,-1.868,-1.984,-2.085,-2.129,-2.139,-2.139,-2.133,-2.096,-2.008,-1.878,-1.874,-1.97,-2.129,-2.315,-2.542,-2.674,-2.821,-2.887,-2.893,-2.885,-2.815,-2.573,-2.113,-1.51,-0.763,0.058,0.795,1.488,2.119,2.54,2.841,3.112,3.088,2.928,2.822,2.763,2.733,2.722,2.714,2.712,2.709,2.708,2.708,2.711,2.717,2.723,2.731,2.737,2.743,2.748,2.757,2.758,2.761,2.766,2.768,2.773,2.779,2.783,2.786,2.789,2.792,2.794,2.793,2.792,2.792,2.792,2.795,2.795,2.8,2.8,2.8,2.802,2.8,2.798,2.797,2.795,2.792,2.791,2.791,2.791,2.793,2.795,2.8,2.803,2.807,2.812,2.819,2.822,2.828,2.829,2.834,2.837,2.84,2.845,2.844,2.844,2.844,2.844,2.853,Trifluoperazine_120,Trifluoperazine,-6.154901959985743,CN1CCN(CCCN2c3ccccc3Sc3ccc(C(F)(F)F)cc32)CC1
1.896,1.888,1.888,1.888,1.888,1.889,1.891,1.895,1.896,1.9,1.902,1.904,1.904,1.902,1.9,1.9,1.9,1.9,1.904,1.908,1.913,1.917,1.921,1.924,1.927,1.925,1.922,1.919,1.918,1.916,1.909,1.906,1.903,1.899,1.895,1.891,1.891,1.89,1.89,1.891,1.888,1.888,1.886,1.885,1.88,1.877,1.873,1.868,1.863,1.856,1.852,1.846,1.84,1.838,1.835,1.834,1.833,1.834,1.834,1.839,1.857,1.889,1.955,2.059,2.205,2.383,2.433,2.274,1.898,1.369,0.765,0.07,-0.572,-1.078,-1.437,-1.667,-1.782,-1.797,-1.797,-1.712,-1.555,-1.282,-0.934,-0.557,-0.168,0.163,0.451,0.682,0.781,0.748,0.742,0.742,0.745,0.768,0.801,0.562,0.274,-0.053,-0.432,-0.827,-1.19,-1.497,-1.692,-1.791,-1.803,-1.801,-1.727,-1.546,-1.227,-0.78,-0.192,0.498,1.135,1.707,2.131,2.386,2.411,2.273,2.099,1.984,1.904,1.862,1.84,1.831,1.828,1.824,1.822,1.822,1.822,1.824,1.828,1.835,1.84,1.846,1.852,1.855,1.858,1.859,1.859,1.86,1.861,1.865,1.871,1.873,1.877,1.88,1.88,1.881,1.881,1.879,1.879,1.879,1.882,1.883,1.886,1.886,1.888,1.888,1.889,1.886,1.884,1.882,1.882,1.881,1.88,1.88,1.881,1.884,1.887,1.89,1.895,1.899,1.9,1.902,1.904,1.91,1.912,1.914,1.914,1.915,1.916,1.916,1.917,1.917,1.921,Atomoxetine_30,Atomoxetine,-4.804100347590766,CNCC[C@H](Oc1ccccc1C)c1ccccc1
2.619,2.606,2.606,2.606,2.606,2.606,2.61,2.612,2.614,2.62,2.625,2.627,2.629,2.627,2.626,2.623,2.623,2.623,2.627,2.632,2.64,2.646,2.65,2.653,2.655,2.656,2.655,2.65,2.648,2.643,2.64,2.635,2.629,2.621,2.615,2.608,2.607,2.606,2.604,2.603,2.601,2.6,2.597,2.594,2.587,2.584,2.578,2.572,2.565,2.554,2.547,2.537,2.526,2.522,2.52,2.517,2.516,2.516,2.518,2.531,2.552,2.609,2.701,2.866,3.053,3.163,2.985,2.528,1.965,1.32,0.661,-0.014,-0.648,-1.161,-1.537,-1.697,-1.702,-1.713,-1.648,-1.482,-1.134,-0.673,-0.091,0.553,1.221,1.894,2.513,3.073,3.487,3.687,3.676,3.676,3.683,3.736,3.337,2.757,2.096,1.41,0.721,0.062,-0.554,-1.057,-1.445,-1.671,-1.753,-1.761,-1.766,-1.646,-1.328,-0.841,-0.239,0.422,1.078,1.733,2.327,2.821,3.171,3.081,2.94,2.75,2.632,2.566,2.531,2.517,2.515,2.509,2.506,2.506,2.506,2.509,2.516,2.526,2.533,2.541,2.551,2.555,2.559,2.559,2.562,2.566,2.568,2.573,2.58,2.587,2.59,2.594,2.596,2.594,2.594,2.594,2.597,2.597,2.6,2.602,2.605,2.607,2.609,2.609,2.605,2.603,2.603,2.603,2.603,2.603,2.604,2.607,2.609,2.613,2.617,2.62,2.627,2.628,2.631,2.634,2.637,2.642,2.645,2.649,2.65,2.65,2.652,2.65,2.649,2.649,2.655,Pergolide_51,Pergolide,-4.600326278518962,CCCN1C[C@@H](CSC)C[C@H]2c3cccc4[nH]cc(c34)C[C@@H]21
1.27,1.257,1.253,1.253,1.252,1.252,1.254,1.255,1.259,1.258,1.259,1.261,1.26,1.26,1.26,1.259,1.258,1.258,1.26,1.265,1.27,1.274,1.278,1.28,1.282,1.282,1.281,1.279,1.276,1.271,1.268,1.265,1.261,1.255,1.248,1.242,1.238,1.233,1.231,1.229,1.227,1.224,1.219,1.214,1.209,1.206,1.201,1.194,1.188,1.179,1.171,1.162,1.152,1.145,1.142,1.141,1.142,1.144,1.153,1.168,1.195,1.252,1.356,1.521,1.752,1.833,1.74,1.674,1.563,1.438,1.316,0.981,0.612,0.456,0.426,0.426,0.52,0.843,1.453,2.308,3.331,4.431,5.583,6.678,7.465,8.026,8.542,8.893,8.913,8.822,8.817,8.817,8.828,8.945,9.201,8.88,8.409,7.81,7.04,5.917,4.718,3.573,2.512,1.581,0.895,0.471,0.308,0.308,0.312,0.433,0.77,1.236,1.346,1.492,1.613,1.706,1.781,1.85,1.586,1.397,1.275,1.203,1.165,1.151,1.145,1.14,1.137,1.136,1.137,1.14,1.149,1.158,1.163,1.171,1.177,1.184,1.19,1.195,1.198,1.203,1.205,1.212,1.216,1.22,1.223,1.23,1.23,1.231,1.234,1.236,1.238,1.24,1.241,1.242,1.243,1.245,1.246,1.246,1.246,1.252,1.253,1.256,1.259,1.261,1.263,1.267,1.272,1.278,1.279,1.282,1.289,1.289,1.291,1.293,1.293,1.294,1.294,1.296,1.299,1.299,1.299,1.299,1.299,1.3,1.307,Rizatriptan_78,Rizatriptan,-6.0,CN(C)CCc1c[nH]c2ccc(Cn3cncn3)cc12
1.93,1.916,1.912,1.912,1.912,1.913,1.916,1.919,1.922,1.924,1.925,1.927,1.924,1.924,1.924,1.923,1.922,1.922,1.925,1.931,1.939,1.942,1.949,1.953,1.955,1.954,1.952,1.95,1.948,1.942,1.936,1.933,1.927,1.923,1.916,1.913,1.91,1.906,1.906,1.903,1.902,1.899,1.897,1.894,1.888,1.884,1.879,1.871,1.864,1.854,1.849,1.839,1.831,1.826,1.824,1.824,1.824,1.827,1.832,1.843,1.874,1.929,2.036,2.201,2.434,2.638,2.786,2.591,2.221,1.676,1.013,0.385,-0.202,-0.696,-0.949,-0.995,-0.995,-0.948,-0.656,-0.165,0.522,1.313,1.927,2.507,3.055,3.468,3.685,3.624,3.459,3.359,3.35,3.35,3.361,3.459,3.715,3.875,3.667,3.245,2.705,2.103,1.477,0.725,-0.021,-0.582,-0.931,-1.073,-1.073,-1.036,-0.872,-0.438,0.159,0.761,1.428,2.03,2.462,2.708,2.695,2.502,2.27,2.076,1.953,1.878,1.839,1.824,1.818,1.813,1.81,1.809,1.809,1.813,1.82,1.826,1.834,1.842,1.85,1.852,1.859,1.864,1.867,1.868,1.871,1.877,1.882,1.887,1.892,1.893,1.897,1.899,1.899,1.899,1.898,1.898,1.898,1.901,1.904,1.905,1.906,1.908,1.908,1.907,1.907,1.909,1.909,1.908,1.909,1.91,1.915,1.919,1.924,1.927,1.931,1.933,1.937,1.939,1.941,1.943,1.948,1.951,1.952,1.955,1.954,1.954,1.954,1.954,1.968,Olanzapine_33,Olanzapine,-4.804100347590766,Cc1cc2c(s1)Nc1ccccc1N=C2N1CCN(C)CC1
1.798,1.789,1.782,1.781,1.781,1.782,1.784,1.785,1.788,1.792,1.792,1.793,1.794,1.794,1.794,1.793,1.793,1.794,1.796,1.799,1.803,1.807,1.811,1.813,1.814,1.813,1.812,1.808,1.804,1.801,1.799,1.792,1.789,1.786,1.782,1.775,1.774,1.773,1.772,1.764,1.763,1.762,1.757,1.755,1.743,1.74,1.733,1.728,1.724,1.715,1.705,1.699,1.694,1.682,1.681,1.679,1.677,1.677,1.679,1.682,1.697,1.739,1.806,1.923,2.087,2.178,1.979,1.748,1.462,0.963,0.413,-0.087,-0.592,-0.892,-1.036,-1.101,-1.101,-0.947,-0.611,-0.212,0.28,0.787,1.229,1.409,1.61,1.603,1.49,1.304,1.188,1.158,1.124,1.124,1.124,1.164,1.275,1.466,1.6,1.712,1.58,1.365,1.06,0.591,0.009,-0.513,-0.869,-1.104,-1.125,-1.125,-0.999,-0.754,-0.325,0.198,0.726,1.291,1.636,1.88,2.092,2.116,1.958,1.828,1.744,1.699,1.676,1.668,1.663,1.663,1.663,1.665,1.667,1.671,1.676,1.687,1.693,1.707,1.712,1.718,1.726,1.728,1.729,1.73,1.731,1.734,1.742,1.746,1.752,1.755,1.758,1.758,1.758,1.76,1.76,1.762,1.762,1.764,1.766,1.768,1.773,1.77,1.77,1.768,1.768,1.767,1.767,1.767,1.769,1.77,1.772,1.775,1.778,1.781,1.787,1.788,1.791,1.796,1.799,1.803,1.806,1.81,1.812,1.812,1.812,1.811,1.814,1.818,1.826,Loxapine_10,Loxapine,-4.739928612014925,CN1CC[N+](=C2Nc3ccccc3Oc3ccc(Cl)cc32)CC1
1.871,1.861,1.855,1.853,1.852,1.852,1.853,1.855,1.858,1.862,1.864,1.867,1.867,1.867,1.867,1.867,1.865,1.867,1.87,1.874,1.877,1.881,1.884,1.887,1.884,1.884,1.884,1.881,1.878,1.875,1.872,1.867,1.864,1.858,1.854,1.851,1.845,1.843,1.842,1.841,1.837,1.833,1.83,1.826,1.822,1.819,1.812,1.807,1.802,1.789,1.781,1.776,1.768,1.763,1.757,1.749,1.749,1.746,1.746,1.75,1.771,1.797,1.856,1.963,2.102,2.132,1.88,1.538,1.135,0.72,0.211,-0.304,-0.862,-1.316,-1.595,-1.655,-1.672,-1.662,-1.522,-1.192,-0.74,-0.235,0.183,0.494,0.707,0.805,0.93,0.817,0.728,0.681,0.676,0.676,0.681,0.712,0.779,0.906,0.839,0.735,0.649,0.354,-0.006,-0.619,-1.07,-1.453,-1.657,-1.697,-1.698,-1.655,-1.467,-1.029,-0.51,0.034,0.519,0.972,1.372,1.749,2.017,2.107,1.991,1.875,1.799,1.759,1.74,1.736,1.737,1.736,1.737,1.74,1.744,1.752,1.761,1.766,1.774,1.78,1.786,1.795,1.804,1.807,1.808,1.809,1.811,1.815,1.816,1.822,1.826,1.832,1.833,1.832,1.832,1.833,1.833,1.835,1.836,1.837,1.841,1.842,1.847,1.847,1.845,1.842,1.842,1.839,1.837,1.837,1.837,1.84,1.841,1.846,1.85,1.852,1.853,1.859,1.863,1.866,1.868,1.873,1.877,1.882,1.881,1.88,1.88,1.88,1.883,1.886,1.893,Sertraline_87,Sertraline,-5.6777807052660805,C[NH2+][C@@H]1CC[C@H](c2ccc(Cl)c(Cl)c2)c2ccccc21
1.423,1.41,1.408,1.406,1.406,1.408,1.41,1.413,1.416,1.419,1.421,1.423,1.423,1.421,1.42,1.42,1.42,1.421,1.426,1.43,1.434,1.439,1.442,1.445,1.447,1.445,1.444,1.443,1.441,1.439,1.438,1.436,1.432,1.427,1.422,1.416,1.412,1.411,1.411,1.41,1.408,1.407,1.404,1.402,1.397,1.393,1.389,1.385,1.378,1.371,1.365,1.358,1.351,1.348,1.348,1.346,1.346,1.346,1.35,1.36,1.38,1.428,1.516,1.654,1.839,1.999,2.144,2.272,2.014,1.452,0.896,0.377,-0.221,-0.689,-0.999,-1.124,-1.135,-1.135,-1.056,-0.848,-0.452,0.09,0.691,1.294,1.869,2.376,2.771,3.071,2.994,2.963,2.956,2.956,2.959,2.989,3.062,3.009,2.606,2.092,1.532,0.911,0.286,-0.296,-0.748,-1.035,-1.133,-1.175,-1.175,-1.081,-0.855,-0.431,0.11,0.681,1.22,1.786,2.19,2.176,2.032,1.877,1.691,1.533,1.435,1.374,1.343,1.328,1.323,1.319,1.316,1.316,1.316,1.32,1.325,1.33,1.336,1.343,1.351,1.357,1.36,1.364,1.365,1.365,1.368,1.372,1.377,1.384,1.388,1.39,1.39,1.39,1.391,1.393,1.394,1.395,1.396,1.396,1.399,1.399,1.401,1.402,1.401,1.4,1.4,1.399,1.398,1.398,1.398,1.4,1.402,1.407,1.41,1.415,1.423,1.425,1.425,1.428,1.432,1.435,1.438,1.439,1.44,1.44,1.44,1.442,1.443,1.444,1.453,Temazepam_102,Temazepam,-4.375717904164332,CN1C(=O)[C@@H](O)N=C(c2ccccc2)c2cc(Cl)ccc21
2.317,2.308,2.306,2.306,2.306,2.306,2.307,2.312,2.316,2.32,2.321,2.323,2.323,2.322,2.322,2.322,2.322,2.322,2.326,2.329,2.332,2.337,2.34,2.341,2.342,2.342,2.34,2.337,2.334,2.331,2.328,2.325,2.318,2.314,2.308,2.303,2.301,2.3,2.299,2.298,2.291,2.289,2.285,2.282,2.281,2.276,2.268,2.264,2.259,2.248,2.239,2.235,2.225,2.219,2.214,2.209,2.206,2.206,2.206,2.209,2.225,2.255,2.316,2.406,2.481,2.477,2.426,2.291,1.938,1.342,0.671,-0.168,-0.854,-1.382,-1.763,-2.008,-2.048,-2.048,-2.002,-1.785,-1.559,-1.193,-0.778,-0.411,-0.15,0.052,0.031,-0.09,-0.161,-0.218,-0.224,-0.224,-0.22,-0.199,-0.123,-0.006,0.153,0.104,-0.212,-0.624,-1.044,-1.46,-1.726,-2.02,-2.076,-2.064,-2.055,-1.886,-1.514,-1.068,-0.45,0.328,1.092,1.694,2.168,2.369,2.441,2.463,2.437,2.333,2.261,2.227,2.209,2.2,2.197,2.197,2.196,2.197,2.199,2.206,2.214,2.223,2.23,2.236,2.243,2.25,2.253,2.259,2.261,2.264,2.264,2.268,2.273,2.278,2.283,2.283,2.287,2.287,2.288,2.288,2.288,2.288,2.293,2.295,2.297,2.298,2.301,2.302,2.301,2.3,2.296,2.294,2.292,2.291,2.291,2.291,2.292,2.293,2.298,2.301,2.305,2.309,2.311,2.316,2.32,2.325,2.33,2.331,2.333,2.333,2.334,2.333,2.334,2.334,2.341,Doxepin_64,Doxepin,-4.787812395596042,C[NH+](C)CC/C=C1\c2ccccc2COc2ccccc21
2.896,2.881,2.879,2.879,2.879,2.88,2.885,2.889,2.892,2.897,2.899,2.902,2.902,2.903,2.904,2.904,2.904,2.905,2.909,2.915,2.922,2.928,2.933,2.937,2.939,2.942,2.941,2.939,2.933,2.931,2.924,2.918,2.914,2.908,2.905,2.9,2.897,2.895,2.892,2.89,2.886,2.884,2.879,2.873,2.868,2.862,2.855,2.848,2.842,2.833,2.828,2.821,2.813,2.808,2.807,2.805,2.803,2.802,2.803,2.813,2.838,2.893,2.989,3.151,3.352,3.244,3.002,2.654,2.132,1.455,0.593,-0.335,-1.197,-1.897,-2.398,-2.731,-2.89,-2.89,-2.874,-2.802,-2.629,-2.417,-2.233,-2.06,-1.974,-1.838,-1.638,-1.407,-1.148,-0.89,-0.614,-0.455,-0.731,-1.006,-1.281,-1.52,-1.756,-1.926,-2.026,-2.173,-2.356,-2.549,-2.772,-2.836,-2.896,-2.902,-2.795,-2.543,-2.091,-1.456,-0.678,0.225,1.159,1.913,2.429,2.852,3.071,3.368,3.201,3.021,2.897,2.831,2.796,2.78,2.771,2.768,2.765,2.764,2.764,2.767,2.774,2.781,2.791,2.798,2.8,2.81,2.813,2.814,2.824,2.829,2.834,2.839,2.845,2.849,2.85,2.854,2.856,2.859,2.862,2.864,2.865,2.866,2.867,2.871,2.874,2.874,2.877,2.876,2.874,2.872,2.869,2.869,2.865,2.864,2.864,2.865,2.866,2.869,2.876,2.877,2.884,2.889,2.895,2.901,2.904,2.909,2.915,2.918,2.922,2.924,2.923,2.924,2.924,2.924,2.937,Fluphenazine_75,Fluphenazine,-5.455931955649724,OCCN1CCN(CCCN2c3ccccc3Sc3ccc(C(F)(F)F)cc32)CC1
2.557,2.543,2.54,2.54,2.539,2.54,2.543,2.545,2.548,2.554,2.556,2.556,2.559,2.558,2.558,2.557,2.558,2.558,2.559,2.563,2.566,2.569,2.57,2.57,2.571,2.571,2.57,2.568,2.564,2.558,2.556,2.55,2.544,2.54,2.532,2.526,2.517,2.515,2.513,2.51,2.504,2.495,2.491,2.484,2.48,2.475,2.469,2.458,2.448,2.439,2.424,2.415,2.404,2.395,2.394,2.384,2.381,2.381,2.382,2.398,2.417,2.464,2.554,2.699,2.92,3.187,3.177,2.974,2.674,2.348,1.723,1.186,0.954,0.93,0.927,1.006,1.254,1.851,2.707,3.663,4.122,4.437,4.941,5.569,6.275,6.997,7.692,8.229,8.637,8.587,8.577,8.577,8.594,8.701,8.545,7.955,7.222,6.49,5.784,5.158,4.634,4.272,3.906,3.038,2.038,1.316,0.925,0.799,0.799,0.819,0.998,1.407,2.096,2.493,2.801,3.109,3.191,3.009,2.764,2.586,2.483,2.423,2.399,2.388,2.382,2.378,2.378,2.378,2.381,2.391,2.4,2.409,2.418,2.428,2.441,2.45,2.458,2.465,2.47,2.473,2.476,2.481,2.486,2.494,2.498,2.505,2.51,2.515,2.517,2.519,2.52,2.523,2.526,2.529,2.532,2.534,2.534,2.535,2.535,2.535,2.536,2.538,2.541,2.543,2.544,2.546,2.547,2.553,2.555,2.56,2.562,2.565,2.571,2.574,2.578,2.581,2.583,2.584,2.586,2.587,2.586,2.584,2.584,2.586,2.594,Tiagabine_115,Tiagabine,-4.767003889607846,Cc1ccsc1C(=CCC[N@H+]1CCC[C@H](C(=O)[O-])C1)c1sccc1C
1.224,1.212,1.208,1.206,1.206,1.206,1.207,1.21,1.211,1.212,1.212,1.211,1.211,1.212,1.212,1.21,1.21,1.21,1.212,1.219,1.224,1.229,1.231,1.234,1.234,1.237,1.237,1.234,1.229,1.224,1.221,1.217,1.212,1.205,1.198,1.193,1.191,1.189,1.186,1.184,1.182,1.178,1.176,1.172,1.165,1.161,1.156,1.149,1.14,1.133,1.124,1.113,1.106,1.098,1.096,1.096,1.096,1.101,1.107,1.124,1.153,1.209,1.316,1.487,1.73,1.747,1.691,1.624,1.516,1.425,1.166,0.659,0.223,0.02,-0.015,-0.025,0.04,0.313,0.895,1.77,2.826,3.963,5.18,6.367,7.023,7.686,8.13,8.671,8.698,8.601,8.589,8.589,8.595,8.699,8.821,8.467,8.067,7.496,6.709,5.544,4.282,3.091,2.011,1.046,0.363,-0.021,-0.113,-0.113,-0.098,0.053,0.439,0.955,1.326,1.472,1.548,1.667,1.721,1.775,1.556,1.366,1.239,1.161,1.121,1.107,1.1,1.096,1.093,1.092,1.092,1.095,1.104,1.11,1.116,1.126,1.133,1.138,1.141,1.148,1.152,1.154,1.158,1.164,1.168,1.172,1.178,1.18,1.184,1.186,1.187,1.19,1.19,1.191,1.192,1.193,1.193,1.196,1.197,1.197,1.2,1.202,1.204,1.205,1.209,1.21,1.211,1.214,1.218,1.226,1.228,1.233,1.236,1.236,1.239,1.242,1.242,1.242,1.243,1.247,1.249,1.249,1.249,1.252,1.252,1.255,1.261,Sumatriptan_97,Sumatriptan,-6.3979400086720375,CNS(=O)(=O)Cc1ccc2[nH]cc(CCN(C)C)c2c1
1.794,1.781,1.776,1.775,1.775,1.776,1.777,1.777,1.78,1.783,1.783,1.785,1.786,1.785,1.785,1.788,1.788,1.788,1.789,1.79,1.794,1.798,1.798,1.799,1.8,1.798,1.796,1.793,1.789,1.786,1.784,1.777,1.771,1.768,1.764,1.758,1.754,1.753,1.751,1.743,1.735,1.734,1.726,1.724,1.715,1.71,1.702,1.695,1.69,1.677,1.668,1.661,1.653,1.639,1.632,1.628,1.625,1.624,1.624,1.629,1.641,1.681,1.731,1.821,1.878,1.817,1.736,1.658,1.322,0.886,0.397,-0.072,-0.524,-0.769,-0.822,-0.836,-0.848,-0.609,-0.22,0.276,0.881,1.55,2.275,2.793,3.142,3.336,3.206,3.019,2.911,2.856,2.829,2.829,2.83,2.862,2.985,3.148,3.314,3.456,3.12,2.588,1.911,1.225,0.522,-0.066,-0.522,-0.837,-0.925,-0.909,-0.844,-0.713,-0.303,0.197,0.674,1.139,1.575,1.686,1.758,1.831,1.845,1.743,1.678,1.642,1.625,1.615,1.612,1.612,1.618,1.622,1.627,1.634,1.642,1.655,1.665,1.675,1.683,1.69,1.697,1.704,1.709,1.711,1.711,1.715,1.723,1.727,1.731,1.734,1.741,1.741,1.742,1.745,1.746,1.748,1.75,1.752,1.755,1.755,1.761,1.761,1.759,1.758,1.758,1.758,1.758,1.759,1.76,1.761,1.762,1.765,1.768,1.77,1.777,1.779,1.78,1.786,1.791,1.794,1.796,1.801,1.803,1.804,1.803,1.802,1.804,1.807,1.817,Loxapine_9,Loxapine,-4.739928612014925,C[NH+]1CC[N+](=C2Nc3ccccc3Oc3ccc(Cl)cc32)CC1
1.59,1.58,1.575,1.574,1.574,1.576,1.577,1.579,1.582,1.583,1.585,1.585,1.585,1.583,1.581,1.58,1.58,1.582,1.586,1.589,1.597,1.603,1.608,1.612,1.616,1.612,1.61,1.608,1.602,1.6,1.595,1.589,1.583,1.58,1.577,1.572,1.57,1.57,1.568,1.565,1.562,1.559,1.558,1.555,1.55,1.546,1.539,1.532,1.526,1.519,1.51,1.503,1.497,1.493,1.491,1.491,1.492,1.495,1.498,1.512,1.539,1.595,1.692,1.852,2.071,2.285,2.445,2.5,2.214,1.607,0.888,0.225,-0.373,-0.842,-1.109,-1.268,-1.273,-1.273,-1.191,-0.931,-0.518,-0.049,0.487,1.048,1.542,1.963,2.239,2.404,2.295,2.223,2.216,2.216,2.218,2.283,2.428,2.349,2.107,1.681,1.196,0.636,0.075,-0.418,-0.854,-1.18,-1.301,-1.331,-1.331,-1.228,-1.011,-0.599,-0.017,0.602,1.316,1.999,2.407,2.483,2.336,2.157,1.915,1.733,1.613,1.542,1.504,1.49,1.483,1.478,1.475,1.474,1.474,1.477,1.483,1.492,1.498,1.505,1.514,1.52,1.521,1.525,1.528,1.529,1.53,1.535,1.542,1.545,1.549,1.552,1.556,1.557,1.557,1.556,1.556,1.557,1.558,1.559,1.561,1.563,1.564,1.564,1.565,1.566,1.566,1.563,1.563,1.565,1.565,1.568,1.57,1.575,1.578,1.583,1.588,1.59,1.593,1.595,1.599,1.603,1.606,1.609,1.609,1.609,1.612,1.613,1.615,1.616,1.629,Amoxapine_20,Amoxapine,-4.8297382846050425,Clc1ccc2c(c1)C(N1CCNCC1)=Nc1ccccc1O2
2.635,2.619,2.611,2.61,2.61,2.611,2.615,2.618,2.622,2.624,2.63,2.628,2.628,2.63,2.634,2.636,2.636,2.638,2.642,2.646,2.652,2.656,2.661,2.664,2.666,2.664,2.663,2.659,2.657,2.651,2.645,2.642,2.637,2.632,2.623,2.619,2.617,2.609,2.606,2.604,2.601,2.598,2.586,2.583,2.572,2.568,2.563,2.555,2.544,2.536,2.529,2.517,2.504,2.5,2.496,2.492,2.489,2.489,2.489,2.498,2.53,2.595,2.699,2.871,3.0,2.611,2.336,2.136,1.904,1.307,0.727,0.004,-0.704,-1.433,-1.857,-2.14,-2.057,-2.034,-1.844,-1.543,-1.099,-0.508,-0.031,0.37,0.644,0.805,0.929,1.058,1.481,1.738,1.991,2.164,1.885,1.457,1.403,1.167,0.966,0.813,0.65,0.424,-0.206,-0.865,-1.436,-1.964,-2.011,-2.129,-2.049,-1.927,-1.662,-1.032,-0.256,0.369,1.108,1.605,2.079,2.349,2.416,2.72,2.918,2.735,2.603,2.529,2.485,2.467,2.46,2.458,2.457,2.462,2.465,2.466,2.476,2.483,2.497,2.504,2.513,2.522,2.528,2.532,2.542,2.544,2.547,2.555,2.56,2.563,2.568,2.571,2.578,2.581,2.582,2.583,2.583,2.591,2.591,2.593,2.596,2.599,2.602,2.6,2.598,2.598,2.596,2.595,2.594,2.594,2.592,2.596,2.6,2.601,2.607,2.612,2.615,2.622,2.628,2.632,2.637,2.647,2.647,2.651,2.654,2.654,2.654,2.655,2.657,2.66,2.676,Perphenazine_54,Perphenazine,-5.7447274948966935,OCCN1CC[NH+](CCCN2c3ccccc3Sc3ccc(Cl)cc32)CC1
1.497,1.489,1.483,1.48,1.48,1.48,1.48,1.482,1.486,1.486,1.489,1.489,1.488,1.488,1.488,1.488,1.488,1.489,1.49,1.492,1.498,1.5,1.504,1.507,1.509,1.507,1.506,1.504,1.5,1.497,1.495,1.49,1.485,1.479,1.475,1.47,1.465,1.461,1.461,1.458,1.455,1.445,1.444,1.438,1.435,1.432,1.425,1.42,1.412,1.405,1.392,1.385,1.377,1.371,1.369,1.365,1.364,1.364,1.366,1.374,1.387,1.425,1.483,1.58,1.717,1.879,2.076,2.092,1.763,1.291,0.694,0.116,-0.378,-0.708,-0.849,-0.889,-0.889,-0.774,-0.479,0.03,0.683,1.379,2.121,2.773,3.317,3.756,3.731,3.539,3.419,3.383,3.355,3.355,3.355,3.397,3.526,3.713,3.857,3.605,3.102,2.403,1.622,0.871,0.169,-0.393,-0.762,-0.935,-0.935,-0.909,-0.829,-0.557,-0.109,0.447,1.035,1.591,1.961,2.131,1.93,1.754,1.607,1.496,1.424,1.384,1.365,1.357,1.351,1.351,1.352,1.353,1.354,1.364,1.372,1.379,1.387,1.397,1.404,1.41,1.418,1.422,1.423,1.426,1.428,1.432,1.439,1.445,1.447,1.451,1.452,1.453,1.454,1.455,1.456,1.458,1.462,1.463,1.465,1.466,1.469,1.471,1.471,1.471,1.47,1.469,1.468,1.47,1.472,1.475,1.478,1.48,1.486,1.49,1.493,1.496,1.497,1.5,1.505,1.508,1.51,1.511,1.511,1.512,1.512,1.512,1.514,1.519,1.528,Midazolam_25,Midazolam,-4.434152181326482,Cc1[nH+]cc2n1-c1ccc(Cl)cc1C(c1ccccc1F)=NC2
1.447,1.438,1.436,1.436,1.435,1.435,1.435,1.438,1.441,1.441,1.444,1.447,1.445,1.444,1.443,1.442,1.442,1.443,1.446,1.45,1.454,1.457,1.46,1.465,1.467,1.466,1.465,1.464,1.459,1.456,1.452,1.45,1.444,1.44,1.438,1.434,1.433,1.431,1.43,1.43,1.43,1.428,1.427,1.425,1.422,1.419,1.413,1.407,1.401,1.396,1.393,1.386,1.382,1.378,1.376,1.376,1.376,1.376,1.381,1.386,1.406,1.445,1.512,1.624,1.788,1.979,1.704,1.373,1.036,0.703,0.318,-0.092,-0.51,-0.843,-1.085,-1.19,-1.2,-1.182,-1.098,-0.831,-0.438,-0.134,0.181,0.563,0.961,1.371,1.709,1.805,1.681,1.638,1.63,1.632,1.634,1.681,1.813,1.839,1.512,1.109,0.697,0.296,-0.061,-0.329,-0.732,-0.984,-1.168,-1.235,-1.235,-1.157,-0.979,-0.649,-0.269,0.163,0.543,0.901,1.242,1.597,1.895,1.85,1.665,1.54,1.458,1.411,1.386,1.375,1.371,1.367,1.365,1.365,1.365,1.367,1.372,1.375,1.383,1.389,1.393,1.396,1.398,1.402,1.403,1.403,1.405,1.408,1.412,1.417,1.419,1.422,1.424,1.424,1.425,1.425,1.424,1.425,1.426,1.426,1.428,1.429,1.43,1.431,1.432,1.431,1.429,1.427,1.427,1.426,1.427,1.427,1.43,1.432,1.438,1.441,1.442,1.446,1.447,1.45,1.453,1.455,1.458,1.459,1.461,1.462,1.464,1.464,1.464,1.464,1.471,Bupropion_33,Bupropion,-4.323306390375134,C[C@H](NC(C)(C)C)C(=O)c1cccc(Cl)c1
1.264,1.251,1.247,1.247,1.246,1.245,1.245,1.248,1.251,1.252,1.252,1.253,1.251,1.251,1.251,1.253,1.252,1.252,1.254,1.257,1.258,1.263,1.264,1.267,1.266,1.265,1.266,1.265,1.26,1.256,1.253,1.25,1.245,1.238,1.233,1.227,1.22,1.216,1.213,1.209,1.202,1.196,1.19,1.188,1.185,1.176,1.17,1.164,1.156,1.143,1.133,1.124,1.115,1.106,1.095,1.09,1.09,1.091,1.1,1.113,1.134,1.174,1.255,1.37,1.443,1.471,1.505,1.537,1.587,1.594,1.446,1.035,0.824,0.79,0.79,0.834,1.122,1.709,2.617,3.826,5.079,6.15,7.285,8.344,9.193,9.729,10.25,10.58,10.622,10.531,10.525,10.521,10.529,10.637,10.915,10.548,10.095,9.582,8.854,7.637,6.457,5.384,4.234,2.912,1.862,1.155,0.765,0.656,0.654,0.689,0.82,1.242,1.514,1.597,1.545,1.517,1.473,1.44,1.388,1.27,1.188,1.13,1.109,1.105,1.099,1.095,1.094,1.094,1.097,1.11,1.12,1.126,1.137,1.144,1.149,1.159,1.163,1.175,1.179,1.182,1.185,1.192,1.196,1.202,1.203,1.21,1.214,1.218,1.219,1.222,1.225,1.226,1.227,1.23,1.232,1.234,1.235,1.237,1.237,1.241,1.246,1.249,1.251,1.253,1.254,1.258,1.262,1.267,1.268,1.272,1.278,1.278,1.28,1.283,1.284,1.284,1.284,1.287,1.29,1.29,1.291,1.29,1.291,1.291,1.298,Rizatriptan_79,Rizatriptan,-6.0,C[NH+](C)CCc1c[nH]c2ccc(Cn3cncn3)cc12
2.063,2.051,2.05,2.049,2.05,2.05,2.052,2.055,2.058,2.062,2.065,2.066,2.065,2.065,2.062,2.06,2.061,2.063,2.064,2.072,2.078,2.08,2.085,2.091,2.092,2.092,2.091,2.087,2.086,2.08,2.076,2.073,2.07,2.065,2.061,2.058,2.057,2.055,2.052,2.051,2.051,2.047,2.047,2.044,2.04,2.035,2.031,2.027,2.019,2.013,2.008,2.002,1.994,1.992,1.99,1.988,1.988,1.988,1.99,1.997,2.018,2.063,2.148,2.282,2.473,2.647,2.502,2.172,1.753,1.187,0.54,-0.13,-0.756,-1.365,-1.792,-2.05,-2.139,-2.159,-2.159,-2.09,-1.908,-1.692,-1.395,-1.138,-0.912,-0.878,-0.969,-1.102,-1.212,-1.262,-1.27,-1.27,-1.266,-1.22,-1.13,-0.99,-0.877,-0.848,-1.08,-1.334,-1.62,-1.885,-2.066,-2.169,-2.169,-2.155,-2.117,-1.916,-1.551,-1.012,-0.388,0.285,0.944,1.542,2.016,2.395,2.638,2.536,2.334,2.18,2.082,2.02,1.991,1.979,1.975,1.971,1.968,1.967,1.967,1.97,1.978,1.983,1.991,1.997,2.004,2.007,2.01,2.014,2.014,2.015,2.018,2.023,2.028,2.032,2.034,2.035,2.038,2.039,2.038,2.038,2.036,2.036,2.038,2.04,2.042,2.044,2.045,2.046,2.046,2.041,2.04,2.04,2.037,2.037,2.037,2.038,2.041,2.044,2.049,2.052,2.054,2.059,2.061,2.064,2.069,2.072,2.076,2.078,2.08,2.082,2.082,2.082,2.081,2.082,2.091,Chlorpromazine_50,Chlorpromazine,-5.130768280269024,CN(C)CCCN1c2ccccc2Sc2ccc(Cl)cc21
2.398,2.384,2.378,2.377,2.377,2.377,2.38,2.384,2.387,2.393,2.395,2.398,2.399,2.401,2.401,2.401,2.401,2.402,2.404,2.409,2.414,2.418,2.419,2.423,2.423,2.422,2.422,2.419,2.416,2.412,2.409,2.408,2.405,2.397,2.392,2.389,2.382,2.379,2.379,2.377,2.375,2.373,2.366,2.362,2.358,2.354,2.35,2.343,2.334,2.328,2.314,2.304,2.299,2.291,2.284,2.281,2.275,2.277,2.277,2.283,2.298,2.342,2.414,2.523,2.668,2.808,2.62,2.205,1.657,1.034,0.414,-0.166,-0.9,-1.447,-1.895,-1.929,-1.994,-1.901,-1.68,-1.341,-0.903,-0.391,0.205,0.822,1.405,1.71,1.962,2.196,2.237,2.182,2.162,2.162,2.165,2.2,2.348,2.154,1.892,1.65,1.251,0.569,-0.099,-0.682,-1.188,-1.553,-1.828,-1.949,-1.958,-1.897,-1.722,-1.236,-0.462,0.2,0.804,1.422,1.991,2.478,2.772,2.692,2.545,2.421,2.342,2.293,2.272,2.26,2.257,2.253,2.252,2.253,2.255,2.265,2.273,2.28,2.287,2.293,2.303,2.316,2.322,2.325,2.326,2.326,2.328,2.333,2.337,2.341,2.351,2.356,2.356,2.359,2.359,2.358,2.359,2.361,2.365,2.366,2.37,2.371,2.373,2.374,2.371,2.368,2.366,2.365,2.365,2.363,2.363,2.364,2.366,2.369,2.372,2.374,2.375,2.387,2.39,2.395,2.399,2.405,2.409,2.411,2.411,2.412,2.412,2.412,2.412,2.414,2.423,Venlafaxine_129,Venlafaxine,-4.931814138253839,COc1ccc([C@H](C[NH+](C)C)C2(O)CCCCC2)cc1
2.516,2.501,2.496,2.496,2.496,2.496,2.498,2.503,2.506,2.509,2.514,2.515,2.515,2.519,2.519,2.519,2.518,2.52,2.522,2.526,2.529,2.536,2.538,2.538,2.544,2.544,2.543,2.539,2.537,2.533,2.528,2.524,2.518,2.514,2.509,2.505,2.501,2.497,2.495,2.493,2.489,2.484,2.48,2.476,2.469,2.461,2.451,2.445,2.438,2.433,2.424,2.416,2.406,2.396,2.394,2.387,2.384,2.381,2.38,2.386,2.406,2.445,2.521,2.64,2.742,2.551,2.299,1.976,1.636,1.168,0.477,-0.26,-0.987,-1.547,-1.849,-1.897,-1.879,-1.864,-1.598,-1.205,-0.763,-0.188,-0.04,0.097,0.244,0.394,0.505,0.7,0.934,1.183,1.448,1.603,1.32,1.052,0.81,0.598,0.448,0.333,0.237,0.122,-0.027,-0.414,-0.983,-1.44,-1.798,-1.898,-1.929,-1.888,-1.705,-1.229,-0.533,0.219,0.905,1.483,1.83,2.164,2.435,2.64,2.679,2.54,2.444,2.395,2.372,2.362,2.357,2.354,2.355,2.357,2.361,2.367,2.372,2.383,2.397,2.405,2.41,2.419,2.421,2.427,2.43,2.433,2.438,2.445,2.451,2.458,2.463,2.463,2.464,2.468,2.471,2.474,2.476,2.478,2.479,2.481,2.483,2.487,2.487,2.485,2.485,2.486,2.483,2.48,2.478,2.479,2.479,2.48,2.481,2.483,2.488,2.493,2.497,2.502,2.511,2.515,2.519,2.521,2.527,2.531,2.532,2.532,2.534,2.534,2.534,2.534,2.545,Quetiapine_70,Quetiapine,-4.481486060122112,OCCOCCN1CC[N+](=C2Nc3ccccc3Sc3ccccc32)CC1
1.632,1.62,1.615,1.614,1.614,1.614,1.615,1.617,1.62,1.623,1.624,1.625,1.625,1.623,1.622,1.622,1.622,1.623,1.627,1.63,1.634,1.64,1.644,1.647,1.648,1.643,1.642,1.641,1.638,1.633,1.631,1.623,1.617,1.613,1.611,1.606,1.601,1.598,1.597,1.592,1.583,1.58,1.576,1.574,1.571,1.567,1.558,1.55,1.544,1.531,1.523,1.516,1.508,1.502,1.494,1.494,1.495,1.495,1.498,1.514,1.538,1.588,1.685,1.831,2.037,2.225,2.354,2.359,1.932,1.332,0.676,0.069,-0.45,-0.934,-1.234,-1.375,-1.375,-1.363,-1.231,-0.881,-0.348,0.238,0.891,1.541,2.015,2.25,2.13,1.916,1.765,1.691,1.683,1.683,1.699,1.74,1.884,2.091,2.235,2.326,1.789,1.126,0.426,-0.212,-0.773,-1.193,-1.396,-1.422,-1.422,-1.348,-1.118,-0.677,-0.168,0.407,1.072,1.701,2.215,2.372,2.258,2.097,1.869,1.716,1.605,1.539,1.499,1.48,1.477,1.474,1.474,1.477,1.48,1.486,1.495,1.508,1.515,1.523,1.53,1.539,1.541,1.549,1.556,1.558,1.56,1.563,1.569,1.574,1.578,1.579,1.585,1.586,1.588,1.587,1.587,1.588,1.591,1.592,1.594,1.597,1.599,1.6,1.601,1.6,1.599,1.597,1.597,1.598,1.6,1.602,1.604,1.611,1.614,1.617,1.621,1.624,1.628,1.629,1.633,1.637,1.64,1.646,1.647,1.649,1.648,1.648,1.65,1.652,1.666,Amoxapine_21,Amoxapine,-4.8297382846050425,Clc1ccc2c(c1)C(N1CC[NH2+]CC1)=Nc1ccccc1O2
2.036,2.018,2.014,2.013,2.013,2.014,2.016,2.017,2.018,2.024,2.024,2.026,2.027,2.026,2.025,2.023,2.022,2.023,2.026,2.035,2.043,2.047,2.051,2.053,2.054,2.054,2.055,2.052,2.046,2.041,2.037,2.03,2.026,2.02,2.015,2.008,2.002,1.999,1.995,1.99,1.986,1.978,1.974,1.965,1.96,1.951,1.945,1.939,1.929,1.92,1.91,1.9,1.889,1.879,1.875,1.875,1.876,1.878,1.892,1.912,1.946,2.026,2.167,2.39,2.708,2.729,2.514,2.295,2.119,1.905,1.563,0.898,0.256,-0.214,-0.339,-0.385,-0.385,-0.162,0.377,1.195,2.121,3.069,3.269,3.515,3.83,4.29,4.883,5.526,6.245,6.973,7.624,7.711,7.133,6.403,5.696,5.047,4.454,3.988,3.652,3.388,3.207,2.36,1.39,0.449,-0.145,-0.47,-0.493,-0.493,-0.424,-0.046,0.613,1.263,1.742,1.98,2.166,2.372,2.611,2.793,2.484,2.221,2.058,1.957,1.899,1.881,1.874,1.867,1.86,1.858,1.858,1.864,1.876,1.887,1.894,1.905,1.916,1.92,1.93,1.936,1.939,1.946,1.952,1.959,1.964,1.971,1.974,1.979,1.982,1.985,1.989,1.989,1.99,1.992,1.994,1.996,2.0,2.001,2.002,2.005,2.009,2.008,2.008,2.011,2.012,2.013,2.018,2.023,2.028,2.033,2.038,2.042,2.046,2.053,2.055,2.059,2.063,2.066,2.069,2.071,2.074,2.073,2.073,2.073,2.072,2.074,2.091,Ziprasidone_134,Ziprasidone,-4.931814138253839,O=C1Cc2cc(CCN3CCN(c4nsc5ccccc45)CC3)c(Cl)cc2N1
1.827,1.814,1.81,1.809,1.809,1.81,1.812,1.815,1.818,1.821,1.823,1.823,1.823,1.821,1.818,1.817,1.817,1.819,1.822,1.827,1.835,1.841,1.848,1.85,1.854,1.852,1.85,1.848,1.844,1.838,1.837,1.831,1.826,1.82,1.819,1.815,1.812,1.81,1.808,1.804,1.803,1.799,1.797,1.794,1.789,1.784,1.78,1.771,1.765,1.757,1.75,1.742,1.736,1.731,1.73,1.73,1.731,1.732,1.737,1.747,1.774,1.835,1.941,2.109,2.337,2.591,2.766,2.541,2.175,1.608,0.835,0.033,-0.61,-1.176,-1.52,-1.668,-1.694,-1.712,-1.647,-1.41,-1.067,-0.593,-0.177,0.168,0.413,0.403,0.224,-0.004,-0.162,-0.238,-0.245,-0.245,-0.242,-0.176,-0.027,0.192,0.367,0.476,0.241,-0.08,-0.467,-0.969,-1.362,-1.629,-1.728,-1.728,-1.728,-1.629,-1.362,-0.861,-0.251,0.469,1.307,1.966,2.408,2.681,2.639,2.424,2.17,1.98,1.853,1.776,1.736,1.722,1.715,1.709,1.706,1.706,1.706,1.707,1.715,1.726,1.733,1.739,1.747,1.753,1.756,1.76,1.763,1.765,1.766,1.772,1.779,1.783,1.786,1.789,1.792,1.793,1.792,1.791,1.791,1.791,1.792,1.792,1.795,1.797,1.799,1.8,1.8,1.798,1.798,1.797,1.797,1.797,1.796,1.8,1.802,1.808,1.811,1.816,1.821,1.821,1.827,1.828,1.832,1.837,1.839,1.842,1.846,1.847,1.847,1.847,1.849,1.852,1.866,Loxapine_7,Loxapine,-4.739928612014925,CN1CCN(C2=Nc3ccccc3Oc3ccc(Cl)cc32)CC1
0.752,0.748,0.747,0.745,0.745,0.745,0.745,0.746,0.746,0.747,0.749,0.75,0.751,0.751,0.75,0.75,0.75,0.75,0.751,0.753,0.754,0.754,0.756,0.757,0.756,0.755,0.752,0.75,0.749,0.748,0.745,0.743,0.74,0.737,0.735,0.733,0.728,0.726,0.726,0.726,0.725,0.718,0.717,0.713,0.71,0.708,0.706,0.701,0.699,0.694,0.684,0.681,0.678,0.676,0.675,0.67,0.669,0.665,0.664,0.664,0.669,0.672,0.692,0.728,0.783,0.863,0.862,0.717,0.502,0.243,-0.025,-0.297,-0.512,-0.67,-0.741,-0.743,-0.743,-0.702,-0.552,-0.272,0.125,0.632,1.221,1.811,2.402,2.994,3.393,3.683,3.779,3.758,3.754,3.754,3.754,3.767,3.793,3.623,3.232,2.719,2.15,1.488,0.845,0.275,-0.178,-0.494,-0.686,-0.754,-0.754,-0.753,-0.709,-0.572,-0.378,-0.126,0.14,0.402,0.63,0.804,0.887,0.801,0.737,0.697,0.674,0.668,0.665,0.664,0.665,0.666,0.666,0.668,0.67,0.675,0.682,0.685,0.689,0.692,0.699,0.704,0.708,0.709,0.711,0.712,0.713,0.715,0.719,0.72,0.723,0.728,0.728,0.731,0.73,0.73,0.73,0.732,0.735,0.737,0.738,0.739,0.74,0.74,0.741,0.739,0.738,0.738,0.737,0.737,0.737,0.74,0.741,0.743,0.746,0.748,0.75,0.752,0.752,0.753,0.754,0.758,0.76,0.76,0.76,0.76,0.76,0.76,0.76,0.761,0.764,Phenelzine_57,Phenelzine,-4.262012673666569,N[NH2+]CCc1ccccc1
2.404,2.389,2.384,2.384,2.384,2.386,2.388,2.391,2.396,2.401,2.404,2.409,2.41,2.409,2.408,2.406,2.406,2.406,2.41,2.417,2.424,2.43,2.432,2.435,2.439,2.437,2.436,2.435,2.431,2.428,2.427,2.424,2.421,2.414,2.41,2.404,2.401,2.399,2.398,2.397,2.397,2.396,2.395,2.392,2.389,2.384,2.38,2.373,2.366,2.359,2.35,2.343,2.337,2.331,2.326,2.325,2.324,2.326,2.329,2.338,2.363,2.42,2.521,2.684,2.908,3.046,3.071,2.689,1.995,1.257,0.581,-0.049,-0.787,-1.514,-2.016,-2.307,-2.409,-2.412,-2.385,-2.211,-1.874,-1.392,-1.0,-0.581,-0.129,0.286,0.547,0.653,0.532,0.5,0.492,0.49,0.491,0.515,0.629,0.71,0.479,0.063,-0.376,-0.802,-1.18,-1.704,-2.098,-2.331,-2.391,-2.391,-2.358,-2.123,-1.711,-1.083,-0.311,0.344,0.988,1.704,2.406,2.967,3.051,2.976,2.74,2.55,2.433,2.365,2.325,2.306,2.301,2.297,2.295,2.294,2.294,2.296,2.303,2.311,2.319,2.326,2.332,2.339,2.342,2.345,2.345,2.345,2.348,2.354,2.359,2.364,2.369,2.373,2.374,2.376,2.376,2.374,2.373,2.373,2.377,2.378,2.38,2.382,2.382,2.383,2.382,2.376,2.374,2.373,2.371,2.37,2.369,2.373,2.376,2.377,2.382,2.386,2.392,2.397,2.4,2.403,2.407,2.412,2.416,2.419,2.421,2.421,2.42,2.421,2.423,2.425,2.432,Venlafaxine_128,Venlafaxine,-4.931814138253839,COc1ccc([C@@H](CN(C)C)C2(O)CCCCC2)cc1
2.868,2.851,2.847,2.847,2.847,2.847,2.85,2.855,2.857,2.858,2.861,2.865,2.867,2.867,2.865,2.865,2.864,2.864,2.87,2.876,2.885,2.89,2.891,2.894,2.894,2.899,2.898,2.896,2.894,2.891,2.886,2.878,2.875,2.869,2.861,2.856,2.852,2.848,2.845,2.842,2.839,2.835,2.828,2.826,2.82,2.814,2.803,2.799,2.793,2.785,2.774,2.767,2.757,2.75,2.746,2.745,2.744,2.745,2.751,2.767,2.8,2.876,3.0,3.098,2.957,2.71,2.328,1.931,1.529,1.169,0.834,0.37,-0.543,-1.272,-1.771,-2.049,-2.087,-2.087,-2.026,-1.829,-1.477,-1.174,-0.811,-0.482,-0.085,0.349,0.75,1.089,1.113,1.023,1.008,1.009,1.016,1.093,1.249,0.893,0.486,0.03,-0.395,-0.753,-1.102,-1.451,-1.784,-2.03,-2.14,-2.134,-2.133,-1.966,-1.524,-0.868,0.046,0.654,1.048,1.377,1.768,2.168,2.55,2.86,3.039,3.057,2.9,2.809,2.759,2.739,2.731,2.725,2.721,2.72,2.72,2.724,2.733,2.744,2.752,2.758,2.764,2.77,2.781,2.783,2.793,2.795,2.799,2.806,2.811,2.816,2.819,2.82,2.822,2.826,2.829,2.831,2.831,2.831,2.833,2.836,2.838,2.84,2.838,2.837,2.837,2.838,2.837,2.838,2.838,2.838,2.838,2.838,2.844,2.848,2.855,2.861,2.865,2.87,2.875,2.878,2.882,2.887,2.888,2.892,2.893,2.897,2.896,2.898,2.898,2.9,2.911,Donepezil_61,Donepezil,-4.471083299722345,COc1cc2c(cc1OC)C(=O)[C@@H](CC1CCN(Cc3ccccc3)CC1)C2
1.824,1.81,1.804,1.804,1.803,1.803,1.805,1.808,1.811,1.813,1.815,1.816,1.815,1.814,1.814,1.812,1.812,1.814,1.819,1.824,1.827,1.832,1.835,1.84,1.84,1.836,1.835,1.833,1.831,1.824,1.82,1.815,1.809,1.804,1.801,1.797,1.792,1.789,1.788,1.783,1.776,1.77,1.766,1.764,1.76,1.756,1.746,1.74,1.732,1.72,1.714,1.704,1.695,1.688,1.686,1.686,1.684,1.684,1.686,1.698,1.728,1.782,1.881,2.029,2.249,2.346,2.426,2.407,2.028,1.492,0.802,0.148,-0.475,-0.967,-1.28,-1.356,-1.356,-1.341,-1.156,-0.764,-0.279,0.289,0.874,1.456,1.907,2.027,1.92,1.738,1.57,1.482,1.462,1.462,1.483,1.547,1.689,1.881,2.014,2.139,1.699,1.098,0.463,-0.141,-0.676,-1.094,-1.342,-1.431,-1.431,-1.387,-1.158,-0.713,-0.058,0.521,1.202,1.814,2.316,2.417,2.361,2.269,2.084,1.913,1.796,1.728,1.69,1.676,1.67,1.669,1.668,1.667,1.668,1.672,1.683,1.695,1.702,1.709,1.718,1.726,1.73,1.737,1.744,1.745,1.748,1.753,1.759,1.763,1.764,1.77,1.773,1.775,1.777,1.777,1.777,1.777,1.78,1.782,1.784,1.788,1.789,1.789,1.791,1.79,1.788,1.787,1.787,1.788,1.79,1.791,1.795,1.8,1.801,1.808,1.811,1.812,1.815,1.82,1.823,1.828,1.83,1.835,1.836,1.84,1.839,1.839,1.841,1.843,1.856,Loxapine_8,Loxapine,-4.739928612014925,C[NH+]1CCN(C2=Nc3ccccc3Oc3ccc(Cl)cc32)CC1
1.216,1.206,1.203,1.202,1.202,1.203,1.204,1.207,1.211,1.214,1.215,1.217,1.217,1.216,1.215,1.215,1.215,1.216,1.218,1.22,1.227,1.231,1.233,1.235,1.237,1.237,1.234,1.232,1.229,1.228,1.226,1.225,1.222,1.218,1.214,1.212,1.207,1.207,1.205,1.205,1.205,1.205,1.203,1.201,1.2,1.197,1.193,1.189,1.184,1.179,1.173,1.166,1.161,1.157,1.156,1.153,1.153,1.153,1.154,1.162,1.181,1.218,1.284,1.386,1.544,1.741,1.864,1.641,1.294,0.861,0.374,-0.101,-0.54,-0.887,-1.106,-1.175,-1.176,-1.176,-1.051,-0.737,-0.253,0.366,1.069,1.818,2.546,3.138,3.651,3.984,4.049,4.006,4.0,4.0,4.002,4.039,4.12,3.941,3.45,2.832,2.132,1.357,0.616,-0.059,-0.585,-0.964,-1.157,-1.183,-1.183,-1.155,-0.985,-0.686,-0.268,0.206,0.682,1.133,1.508,1.779,1.783,1.593,1.427,1.302,1.226,1.178,1.153,1.143,1.138,1.135,1.134,1.134,1.134,1.136,1.14,1.145,1.15,1.157,1.162,1.168,1.168,1.168,1.169,1.169,1.171,1.177,1.179,1.185,1.192,1.19,1.19,1.191,1.192,1.194,1.194,1.195,1.195,1.196,1.198,1.199,1.201,1.202,1.2,1.199,1.198,1.195,1.195,1.194,1.194,1.197,1.199,1.202,1.206,1.211,1.214,1.216,1.218,1.218,1.219,1.221,1.227,1.227,1.227,1.228,1.23,1.23,1.23,1.23,1.237,Gabapentin_80,Gabapentin,-6.3979400086720375,NCC1(CC(=O)O)CCCCC1
2.582,2.576,2.574,2.574,2.574,2.575,2.578,2.583,2.588,2.592,2.594,2.596,2.597,2.596,2.594,2.593,2.593,2.594,2.597,2.599,2.607,2.61,2.615,2.619,2.621,2.622,2.62,2.618,2.615,2.609,2.608,2.604,2.601,2.596,2.591,2.588,2.587,2.585,2.585,2.586,2.586,2.584,2.583,2.58,2.576,2.572,2.57,2.565,2.56,2.554,2.549,2.54,2.536,2.533,2.531,2.529,2.526,2.526,2.527,2.532,2.55,2.587,2.655,2.766,2.924,3.024,2.849,2.595,2.126,1.542,0.717,-0.194,-0.977,-1.617,-2.12,-2.49,-2.687,-2.766,-2.777,-2.777,-2.748,-2.669,-2.582,-2.487,-2.412,-2.362,-2.392,-2.49,-2.558,-2.592,-2.595,-2.596,-2.593,-2.565,-2.508,-2.413,-2.342,-2.394,-2.452,-2.551,-2.634,-2.728,-2.77,-2.77,-2.764,-2.715,-2.563,-2.26,-1.802,-1.23,-0.5,0.38,1.239,1.899,2.422,2.738,2.95,2.983,2.808,2.684,2.603,2.557,2.532,2.52,2.514,2.512,2.511,2.51,2.511,2.513,2.517,2.523,2.528,2.536,2.543,2.547,2.547,2.549,2.549,2.551,2.552,2.555,2.56,2.566,2.569,2.57,2.571,2.57,2.57,2.568,2.568,2.568,2.569,2.572,2.575,2.575,2.577,2.578,2.575,2.572,2.57,2.566,2.564,2.562,2.562,2.562,2.562,2.564,2.567,2.57,2.577,2.579,2.583,2.587,2.59,2.596,2.6,2.6,2.6,2.603,2.603,2.603,2.602,2.605,2.609,Amitriptyline_16,Amitriptyline,-5.008773924307505,CN(C)CCC=C1c2ccccc2CCc2ccccc21
