lgfe_0,lgfe_1,lgfe_2,lgfe_3,lgfe_4,lgfe_5,lgfe_6,lgfe_7,lgfe_8,lgfe_9,lgfe_10,lgfe_11,lgfe_12,lgfe_13,lgfe_14,lgfe_15,lgfe_16,lgfe_17,lgfe_18,lgfe_19,lgfe_20,lgfe_21,lgfe_22,lgfe_23,lgfe_24,lgfe_25,lgfe_26,lgfe_27,lgfe_28,lgfe_29,lgfe_30,lgfe_31,lgfe_32,lgfe_33,lgfe_34,lgfe_35,lgfe_36,lgfe_37,lgfe_38,lgfe_39,lgfe_40,lgfe_41,lgfe_42,lgfe_43,lgfe_44,lgfe_45,lgfe_46,lgfe_47,lgfe_48,lgfe_49,lgfe_50,lgfe_51,lgfe_52,lgfe_53,lgfe_54,lgfe_55,lgfe_56,lgfe_57,lgfe_58,lgfe_59,lgfe_60,lgfe_61,lgfe_62,lgfe_63,lgfe_64,lgfe_65,lgfe_66,lgfe_67,lgfe_68,lgfe_69,lgfe_70,lgfe_71,lgfe_72,lgfe_73,lgfe_74,lgfe_75,lgfe_76,lgfe_77,lgfe_78,lgfe_79,lgfe_80,lgfe_81,lgfe_82,lgfe_83,lgfe_84,lgfe_85,lgfe_86,lgfe_87,lgfe_88,lgfe_89,lgfe_90,lgfe_91,lgfe_92,lgfe_93,lgfe_94,lgfe_95,lgfe_96,lgfe_97,lgfe_98,lgfe_99,lgfe_100,lgfe_101,lgfe_102,lgfe_103,lgfe_104,lgfe_105,lgfe_106,lgfe_107,lgfe_108,lgfe_109,lgfe_110,lgfe_111,lgfe_112,lgfe_113,lgfe_114,lgfe_115,lgfe_116,lgfe_117,lgfe_118,lgfe_119,lgfe_120,lgfe_121,lgfe_122,lgfe_123,lgfe_124,lgfe_125,lgfe_126,lgfe_127,lgfe_128,lgfe_129,lgfe_130,lgfe_131,lgfe_132,lgfe_133,lgfe_134,lgfe_135,lgfe_136,lgfe_137,lgfe_138,lgfe_139,lgfe_140,lgfe_141,lgfe_142,lgfe_143,lgfe_144,lgfe_145,lgfe_146,lgfe_147,lgfe_148,lgfe_149,lgfe_150,lgfe_151,lgfe_152,lgfe_153,lgfe_154,lgfe_155,lgfe_156,lgfe_157,lgfe_158,lgfe_159,lgfe_160,lgfe_161,lgfe_162,lgfe_163,lgfe_164,lgfe_165,lgfe_166,lgfe_167,lgfe_168,lgfe_169,lgfe_170,lgfe_171,lgfe_172,lgfe_173,lgfe_174,lgfe_175,lgfe_176,lgfe_177,lgfe_178,lgfe_179,lgfe_180,lgfe_181,lgfe_182,lgfe_183,lgfe_184,Molecule,Parent,log10_P_app,SMILES
1.752,1.735,1.729,1.727,1.727,1.727,1.73,1.735,1.738,1.741,1.747,1.747,1.748,1.748,1.749,1.749,1.749,1.751,1.754,1.76,1.765,1.767,1.773,1.773,1.775,1.776,1.775,1.773,1.771,1.767,1.761,1.761,1.757,1.753,1.746,1.741,1.738,1.733,1.732,1.731,1.73,1.73,1.727,1.719,1.716,1.711,1.707,1.7,1.694,1.683,1.677,1.671,1.662,1.656,1.653,1.65,1.649,1.648,1.652,1.664,1.699,1.755,1.847,1.851,1.73,1.557,1.346,1.12,0.854,0.564,0.222,-0.128,-0.553,-0.946,-1.236,-1.288,-1.257,-1.303,-1.073,-0.673,-0.148,0.6,1.519,2.493,3.506,4.104,5.463,6.433,7.171,7.546,8.432,8.499,8.29,7.602,6.761,5.833,5.076,3.993,2.95,1.949,0.909,0.084,-0.526,-0.945,-1.232,-1.242,-1.306,-1.288,-1.087,-0.684,-0.264,0.086,0.387,0.718,1.028,1.279,1.515,1.636,1.783,1.891,1.769,1.688,1.653,1.633,1.624,1.62,1.619,1.617,1.617,1.62,1.625,1.634,1.64,1.642,1.649,1.653,1.66,1.667,1.671,1.673,1.677,1.684,1.688,1.692,1.695,1.701,1.704,1.708,1.709,1.711,1.714,1.717,1.718,1.718,1.719,1.722,1.723,1.723,1.721,1.721,1.718,1.717,1.717,1.716,1.718,1.719,1.721,1.729,1.734,1.737,1.742,1.748,1.749,1.753,1.756,1.761,1.763,1.765,1.768,1.769,1.769,1.77,1.771,1.773,1.783,Labetalol_96,Labetalol,-4.6020599913279625,C[C@H](CCc1ccccc1)NC[C@@H](O)c1ccc(O)c(C(N)=O)c1
0.367,0.357,0.354,0.353,0.352,0.352,0.352,0.347,0.348,0.348,0.349,0.349,0.347,0.347,0.347,0.347,0.347,0.347,0.349,0.349,0.35,0.354,0.355,0.355,0.355,0.355,0.354,0.352,0.349,0.346,0.342,0.341,0.339,0.336,0.331,0.325,0.32,0.319,0.316,0.313,0.314,0.309,0.302,0.3,0.297,0.291,0.284,0.28,0.273,0.27,0.264,0.258,0.258,0.26,0.259,0.261,0.265,0.266,0.269,0.277,0.293,0.33,0.399,0.527,0.73,1.021,1.373,1.644,1.637,1.58,1.58,1.605,1.616,1.749,2.038,2.511,3.039,3.771,4.66,5.494,5.833,6.262,6.778,7.172,7.651,7.882,7.993,8.202,8.336,8.476,8.475,8.475,8.519,8.504,8.432,8.257,8.137,7.939,7.561,7.145,6.566,6.042,5.651,5.167,4.106,3.253,2.635,2.212,1.815,1.635,1.596,1.578,1.578,1.598,1.71,1.491,1.131,0.803,0.577,0.423,0.332,0.283,0.262,0.251,0.239,0.232,0.228,0.225,0.225,0.225,0.23,0.234,0.244,0.248,0.254,0.262,0.264,0.269,0.273,0.277,0.283,0.286,0.293,0.299,0.305,0.309,0.312,0.315,0.319,0.32,0.322,0.323,0.326,0.327,0.328,0.328,0.33,0.33,0.331,0.33,0.33,0.329,0.33,0.33,0.331,0.336,0.338,0.34,0.348,0.352,0.355,0.36,0.361,0.365,0.366,0.368,0.367,0.367,0.365,0.365,0.365,0.367,0.368,0.376,0.385,Olsalazine_38,Olsalazine,-7.318758762624412,O=C([O-])c1cc(/N=N\c2ccc(O)c(C(=O)[O-])c2)ccc1[O-]
1.337,1.327,1.321,1.32,1.32,1.32,1.323,1.325,1.326,1.326,1.326,1.323,1.322,1.323,1.322,1.322,1.322,1.323,1.325,1.33,1.333,1.339,1.344,1.349,1.35,1.348,1.347,1.342,1.338,1.333,1.327,1.321,1.315,1.306,1.3,1.294,1.289,1.287,1.287,1.284,1.282,1.278,1.272,1.271,1.268,1.262,1.256,1.247,1.238,1.225,1.218,1.208,1.206,1.201,1.197,1.194,1.194,1.198,1.209,1.223,1.257,1.306,1.415,1.592,1.848,2.082,2.251,2.328,2.214,2.022,1.501,1.059,0.677,0.488,0.479,0.512,0.6,1.09,1.887,2.998,4.227,5.605,7.139,8.455,9.34,10.036,10.661,10.923,10.764,10.679,10.679,10.674,10.674,10.86,11.177,11.041,10.531,9.887,8.804,7.67,6.042,5.023,3.401,2.142,1.225,0.654,0.432,0.395,0.401,0.536,0.838,1.37,1.866,2.143,2.29,2.31,2.157,1.939,1.669,1.468,1.337,1.262,1.223,1.21,1.197,1.192,1.189,1.189,1.191,1.192,1.196,1.209,1.217,1.224,1.227,1.232,1.24,1.245,1.246,1.254,1.254,1.264,1.272,1.276,1.281,1.286,1.288,1.29,1.294,1.296,1.296,1.299,1.3,1.301,1.303,1.305,1.307,1.307,1.311,1.312,1.315,1.312,1.312,1.312,1.316,1.318,1.318,1.33,1.337,1.342,1.345,1.347,1.348,1.353,1.355,1.355,1.354,1.356,1.36,1.361,1.362,1.365,1.366,1.369,1.378,Cephalexin_47,Cephalexin,-6.318758762624412,CC1=C(C(=O)[O-])N2C(=O)[C@@H](NC(=O)[C@@H](N)c3ccccc3)[C@H]2SC1
1.487,1.479,1.476,1.475,1.475,1.474,1.475,1.477,1.479,1.481,1.482,1.484,1.485,1.485,1.486,1.485,1.485,1.485,1.487,1.49,1.493,1.496,1.5,1.5,1.499,1.498,1.497,1.495,1.493,1.489,1.484,1.484,1.48,1.475,1.472,1.469,1.468,1.463,1.462,1.461,1.459,1.456,1.449,1.446,1.44,1.439,1.435,1.43,1.421,1.416,1.411,1.399,1.395,1.391,1.384,1.381,1.379,1.379,1.379,1.382,1.399,1.423,1.478,1.562,1.679,1.649,1.461,1.224,0.949,0.544,0.264,-0.099,-0.545,-0.875,-1.042,-1.055,-1.074,-1.001,-0.841,-0.496,-0.043,0.456,0.866,1.03,1.395,1.395,1.377,1.23,1.158,1.119,1.1,1.099,1.105,1.13,1.202,1.347,1.404,1.404,1.404,1.148,0.688,0.154,-0.362,-0.754,-0.949,-1.091,-1.091,-1.081,-0.991,-0.7,-0.295,0.094,0.488,0.831,1.11,1.367,1.551,1.711,1.584,1.49,1.426,1.395,1.382,1.378,1.373,1.37,1.37,1.374,1.377,1.384,1.388,1.392,1.4,1.408,1.413,1.42,1.426,1.431,1.431,1.431,1.432,1.435,1.44,1.443,1.447,1.451,1.454,1.454,1.455,1.455,1.456,1.458,1.46,1.46,1.462,1.464,1.466,1.466,1.465,1.464,1.464,1.462,1.461,1.461,1.464,1.465,1.465,1.468,1.471,1.474,1.475,1.479,1.483,1.485,1.488,1.49,1.493,1.497,1.497,1.497,1.498,1.498,1.499,1.5,1.508,Bupropion_34,Bupropion,-3.886056647693163,C[C@@H]([NH2+]C(C)(C)C)C(=O)c1cccc(Cl)c1
1.406,1.393,1.391,1.391,1.39,1.39,1.392,1.393,1.393,1.394,1.399,1.4,1.403,1.402,1.402,1.4,1.401,1.403,1.406,1.412,1.417,1.421,1.422,1.423,1.425,1.428,1.426,1.422,1.42,1.419,1.415,1.41,1.407,1.403,1.396,1.392,1.388,1.387,1.386,1.385,1.383,1.38,1.378,1.376,1.372,1.365,1.36,1.352,1.345,1.34,1.335,1.326,1.319,1.314,1.31,1.31,1.311,1.313,1.318,1.327,1.352,1.404,1.502,1.664,1.872,1.633,1.571,1.251,1.024,0.807,0.552,0.281,-0.193,-0.604,-0.758,-0.758,-0.764,-0.602,-0.124,0.57,1.494,2.424,2.887,3.276,3.797,4.369,4.989,5.967,6.452,6.718,6.704,6.704,6.714,6.805,5.976,5.339,4.703,4.112,3.593,3.089,2.675,1.838,0.843,0.045,-0.493,-0.738,-0.789,-0.799,-0.722,-0.404,0.064,0.452,0.695,0.984,1.159,1.356,1.566,1.849,1.71,1.54,1.424,1.352,1.318,1.301,1.296,1.293,1.288,1.287,1.287,1.292,1.299,1.304,1.311,1.316,1.322,1.327,1.332,1.337,1.341,1.34,1.345,1.349,1.353,1.36,1.362,1.366,1.369,1.372,1.374,1.375,1.375,1.376,1.377,1.378,1.38,1.381,1.383,1.384,1.383,1.382,1.382,1.383,1.382,1.382,1.384,1.385,1.388,1.395,1.397,1.399,1.402,1.407,1.408,1.414,1.415,1.421,1.422,1.424,1.426,1.426,1.426,1.429,1.43,1.43,1.439,Practolol_62,Practolol,-5.886056647693163,CC(=O)Nc1ccc(OC[C@H](O)CNC(C)C)cc1
1.173,1.158,1.155,1.155,1.155,1.156,1.157,1.16,1.162,1.163,1.165,1.167,1.169,1.172,1.172,1.173,1.173,1.173,1.175,1.175,1.175,1.177,1.179,1.18,1.179,1.178,1.176,1.174,1.173,1.17,1.17,1.169,1.167,1.165,1.161,1.157,1.149,1.148,1.144,1.143,1.142,1.141,1.136,1.131,1.127,1.121,1.115,1.111,1.101,1.097,1.091,1.078,1.071,1.07,1.063,1.062,1.062,1.061,1.058,1.062,1.073,1.105,1.158,1.246,1.376,1.252,1.101,0.962,0.829,0.606,0.471,0.356,0.22,0.236,0.236,0.357,0.669,1.191,1.771,2.42,3.215,4.005,4.69,5.324,5.824,6.33,6.834,7.234,7.412,7.568,7.566,7.566,7.573,7.548,7.393,7.115,6.67,6.205,5.7,5.145,4.556,3.691,2.862,2.139,1.499,0.861,0.449,0.255,0.221,0.221,0.229,0.425,0.531,0.708,0.894,1.022,1.166,1.296,1.237,1.152,1.093,1.06,1.043,1.035,1.029,1.027,1.026,1.027,1.03,1.035,1.042,1.046,1.053,1.061,1.07,1.081,1.086,1.088,1.089,1.093,1.096,1.098,1.105,1.114,1.117,1.122,1.124,1.124,1.131,1.133,1.137,1.137,1.138,1.138,1.138,1.141,1.144,1.142,1.143,1.142,1.14,1.138,1.138,1.139,1.139,1.141,1.141,1.145,1.148,1.154,1.159,1.163,1.164,1.168,1.171,1.175,1.176,1.175,1.177,1.177,1.176,1.177,1.177,1.181,1.189,Terbutaline_105,Terbutaline,-6.0,CC(C)(C)[NH2+]C[C@@H](O)c1cc([O-])cc(O)c1
1.449,1.433,1.431,1.43,1.43,1.43,1.43,1.433,1.433,1.432,1.436,1.437,1.439,1.441,1.443,1.443,1.443,1.444,1.445,1.451,1.455,1.456,1.456,1.458,1.457,1.458,1.459,1.455,1.453,1.452,1.447,1.441,1.44,1.435,1.432,1.427,1.423,1.418,1.416,1.415,1.406,1.404,1.397,1.396,1.391,1.386,1.377,1.371,1.364,1.354,1.349,1.34,1.332,1.324,1.32,1.315,1.311,1.312,1.314,1.318,1.341,1.373,1.441,1.428,1.336,1.273,1.19,1.037,0.896,0.696,0.539,0.129,-0.375,-0.692,-0.756,-0.756,-0.647,-0.331,0.24,1.027,2.116,2.729,3.295,3.925,4.523,5.108,5.485,5.963,6.108,6.197,6.163,6.163,6.167,6.252,5.968,5.566,5.211,4.822,4.334,3.689,3.039,2.446,1.387,0.438,-0.176,-0.59,-0.742,-0.779,-0.739,-0.533,-0.099,0.438,0.565,0.78,0.971,1.117,1.23,1.302,1.377,1.455,1.371,1.325,1.306,1.301,1.299,1.296,1.295,1.296,1.3,1.305,1.314,1.321,1.326,1.332,1.337,1.344,1.353,1.364,1.368,1.367,1.372,1.378,1.381,1.388,1.389,1.391,1.397,1.398,1.403,1.404,1.407,1.408,1.411,1.413,1.413,1.415,1.415,1.417,1.418,1.416,1.416,1.417,1.417,1.418,1.419,1.422,1.424,1.427,1.433,1.434,1.436,1.44,1.441,1.447,1.449,1.455,1.456,1.459,1.461,1.461,1.462,1.463,1.464,1.465,1.476,Practolol_63,Practolol,-5.886056647693163,CC(=O)Nc1ccc(OC[C@@H](O)C[NH2+]C(C)C)cc1
1.662,1.648,1.644,1.644,1.644,1.645,1.645,1.643,1.644,1.647,1.65,1.653,1.656,1.659,1.658,1.657,1.659,1.659,1.661,1.666,1.667,1.669,1.671,1.67,1.67,1.669,1.668,1.668,1.664,1.661,1.658,1.655,1.649,1.645,1.638,1.633,1.628,1.623,1.621,1.62,1.616,1.614,1.607,1.6,1.595,1.587,1.583,1.578,1.571,1.56,1.55,1.537,1.532,1.529,1.521,1.519,1.518,1.517,1.515,1.523,1.548,1.579,1.664,1.513,1.309,1.028,0.719,0.436,0.215,0.057,-0.047,-0.109,-0.204,-0.332,-0.371,-0.359,-0.27,0.049,0.533,1.126,1.735,2.45,3.096,3.696,4.388,5.127,5.852,6.665,7.36,7.474,7.467,7.459,7.466,7.468,6.763,6.369,5.536,4.834,4.176,3.528,2.888,2.183,1.409,0.752,0.205,-0.206,-0.374,-0.372,-0.361,-0.259,-0.173,-0.088,0.004,0.142,0.339,0.592,0.891,1.191,1.418,1.573,1.582,1.536,1.517,1.507,1.5,1.497,1.496,1.496,1.501,1.507,1.513,1.52,1.527,1.535,1.544,1.554,1.559,1.566,1.567,1.569,1.575,1.581,1.586,1.593,1.599,1.601,1.603,1.61,1.612,1.615,1.619,1.622,1.623,1.624,1.626,1.63,1.632,1.629,1.625,1.624,1.624,1.626,1.626,1.624,1.626,1.628,1.631,1.636,1.64,1.645,1.648,1.653,1.657,1.661,1.665,1.67,1.67,1.673,1.677,1.677,1.677,1.676,1.676,1.681,1.688,Labetalol_97,Labetalol,-4.6020599913279625,C[C@@H](CCc1ccccc1)[NH2+]C[C@@H](O)c1ccc([O-])c(C(N)=O)c1
0.135,0.125,0.124,0.123,0.122,0.121,0.118,0.119,0.12,0.118,0.112,0.112,0.11,0.109,0.108,0.108,0.108,0.109,0.109,0.115,0.115,0.116,0.121,0.124,0.126,0.125,0.123,0.118,0.112,0.109,0.102,0.098,0.094,0.09,0.084,0.077,0.073,0.066,0.065,0.062,0.06,0.058,0.054,0.051,0.043,0.035,0.026,0.019,0.012,0.004,-0.0,-0.008,-0.01,-0.01,-0.011,-0.013,-0.01,-0.008,-0.003,0.012,0.04,0.081,0.177,0.325,0.558,0.884,1.314,1.731,2.002,2.071,2.137,2.164,2.177,2.283,2.383,2.716,3.222,4.028,4.742,5.51,6.51,7.602,8.297,9.014,9.769,10.632,11.412,12.183,12.913,13.365,13.343,13.343,13.377,13.228,12.629,11.854,11.03,10.165,9.347,8.6,7.871,6.967,5.818,4.9,4.207,3.462,2.755,2.378,2.217,2.126,2.112,2.079,2.028,1.982,1.863,1.476,1.019,0.667,0.396,0.216,0.106,0.044,0.012,0.0,-0.008,-0.012,-0.019,-0.021,-0.021,-0.019,-0.011,-0.01,-0.005,0.003,0.012,0.022,0.026,0.032,0.032,0.039,0.044,0.048,0.059,0.064,0.074,0.079,0.079,0.082,0.084,0.086,0.089,0.089,0.091,0.091,0.094,0.094,0.098,0.1,0.1,0.101,0.102,0.102,0.102,0.106,0.109,0.115,0.12,0.121,0.132,0.136,0.143,0.142,0.144,0.144,0.144,0.15,0.149,0.15,0.149,0.149,0.15,0.155,0.157,0.158,0.174,Lucifer_Yellow_11,Lucifer_Yellow,-6.200659450546418,NNC(=O)N1C(=O)c2cc(S(=O)(=O)[O-])cc3c(N)c(S(=O)(=O)[O-])cc(c23)C1=O
1.301,1.292,1.291,1.291,1.291,1.291,1.291,1.291,1.291,1.291,1.296,1.297,1.299,1.3,1.301,1.302,1.303,1.302,1.304,1.305,1.309,1.311,1.312,1.311,1.311,1.311,1.309,1.307,1.306,1.302,1.3,1.297,1.293,1.291,1.286,1.281,1.276,1.275,1.274,1.272,1.264,1.26,1.254,1.253,1.251,1.248,1.238,1.233,1.225,1.211,1.204,1.2,1.192,1.19,1.185,1.182,1.182,1.184,1.183,1.186,1.197,1.221,1.276,1.361,1.285,1.174,1.049,0.909,0.718,0.567,0.469,0.332,0.202,0.15,0.15,0.239,0.413,0.813,1.393,1.778,2.003,2.355,2.815,3.282,3.804,4.377,4.775,5.03,5.222,5.304,5.297,5.297,5.306,5.355,5.238,5.065,4.787,4.282,3.665,3.089,2.581,2.157,1.887,1.607,1.078,0.536,0.225,0.161,0.13,0.159,0.252,0.421,0.517,0.633,0.835,0.986,1.111,1.224,1.314,1.282,1.217,1.188,1.175,1.171,1.164,1.161,1.16,1.16,1.165,1.17,1.176,1.182,1.187,1.193,1.2,1.208,1.217,1.225,1.226,1.23,1.233,1.236,1.243,1.245,1.249,1.255,1.259,1.259,1.264,1.267,1.269,1.269,1.269,1.273,1.273,1.274,1.277,1.276,1.275,1.275,1.276,1.274,1.273,1.274,1.275,1.275,1.277,1.281,1.284,1.288,1.292,1.294,1.298,1.301,1.304,1.307,1.308,1.309,1.311,1.314,1.313,1.313,1.313,1.314,1.326,Sotalol_91,Sotalol,-5.327902142064283,CC(C)[NH2+]C[C@@H](O)c1ccc([N-]S(C)(=O)=O)cc1
1.771,1.751,1.743,1.743,1.743,1.744,1.745,1.748,1.75,1.751,1.752,1.755,1.759,1.758,1.756,1.754,1.754,1.755,1.762,1.769,1.775,1.781,1.785,1.788,1.791,1.792,1.791,1.788,1.784,1.782,1.775,1.77,1.765,1.759,1.754,1.748,1.744,1.739,1.735,1.731,1.727,1.724,1.724,1.718,1.713,1.706,1.697,1.691,1.681,1.674,1.663,1.655,1.643,1.632,1.63,1.629,1.631,1.634,1.642,1.659,1.697,1.777,1.917,2.145,2.199,2.136,2.03,1.961,1.907,1.846,1.326,0.597,-0.121,-0.627,-0.864,-0.866,-0.866,-0.733,-0.274,0.488,1.479,2.433,3.418,4.02,4.603,5.432,5.788,6.408,6.811,6.745,6.735,6.735,6.74,6.942,6.75,6.291,5.773,5.017,4.361,3.74,2.746,1.732,0.754,-0.139,-0.671,-0.917,-0.937,-0.945,-0.839,-0.404,0.271,1.063,1.788,1.884,1.931,1.989,2.077,2.155,2.219,1.967,1.799,1.697,1.64,1.619,1.611,1.605,1.6,1.597,1.598,1.603,1.614,1.624,1.632,1.643,1.65,1.657,1.662,1.671,1.672,1.676,1.681,1.692,1.697,1.701,1.704,1.711,1.714,1.715,1.719,1.721,1.72,1.721,1.723,1.725,1.727,1.728,1.729,1.731,1.733,1.732,1.733,1.731,1.731,1.733,1.736,1.739,1.746,1.755,1.76,1.763,1.767,1.771,1.775,1.778,1.779,1.786,1.789,1.79,1.794,1.795,1.797,1.797,1.797,1.801,1.816,Timolol_116,Timolol,-4.259637310505756,CC(C)(C)NC[C@@H](O)COc1nsnc1N1CCOCC1
1.114,1.095,1.093,1.09,1.09,1.089,1.089,1.09,1.091,1.097,1.098,1.097,1.095,1.094,1.092,1.092,1.092,1.092,1.095,1.1,1.104,1.107,1.113,1.115,1.115,1.116,1.113,1.11,1.103,1.1,1.096,1.092,1.086,1.078,1.073,1.07,1.06,1.06,1.059,1.055,1.053,1.043,1.039,1.031,1.027,1.021,1.018,1.009,1.0,0.993,0.977,0.969,0.958,0.953,0.952,0.952,0.953,0.954,0.96,0.97,0.995,1.048,1.151,1.307,1.535,1.813,2.01,1.663,1.236,0.787,0.351,-0.121,-0.559,-0.85,-0.982,-0.982,-0.955,-0.706,-0.223,0.545,1.288,2.076,2.973,3.839,4.73,5.637,6.526,7.253,7.498,7.418,7.416,7.412,7.413,7.481,7.607,6.9,6.118,5.238,4.226,3.276,2.331,1.457,0.774,-0.08,-0.655,-0.951,-1.071,-1.071,-0.957,-0.728,-0.336,0.181,0.589,1.039,1.481,1.867,1.918,1.615,1.36,1.188,1.07,0.999,0.963,0.95,0.942,0.941,0.939,0.938,0.943,0.952,0.961,0.97,0.977,0.987,0.996,1.0,1.01,1.012,1.014,1.019,1.025,1.032,1.036,1.041,1.045,1.052,1.054,1.058,1.057,1.057,1.057,1.063,1.063,1.066,1.067,1.069,1.072,1.073,1.073,1.073,1.072,1.072,1.072,1.075,1.08,1.083,1.091,1.092,1.098,1.104,1.108,1.109,1.113,1.115,1.117,1.12,1.125,1.126,1.128,1.129,1.131,1.131,1.131,1.132,1.151,Trimethoprim_126,Trimethoprim,-4.2839966563652006,COc1cc(Cc2cnc(N)[nH+]c2N)cc(OC)c1OC
1.814,1.793,1.783,1.783,1.784,1.784,1.785,1.787,1.789,1.794,1.794,1.798,1.798,1.796,1.796,1.797,1.797,1.798,1.801,1.808,1.811,1.818,1.823,1.825,1.828,1.827,1.824,1.821,1.818,1.813,1.811,1.803,1.8,1.794,1.791,1.782,1.778,1.773,1.768,1.764,1.76,1.752,1.745,1.74,1.735,1.731,1.723,1.713,1.702,1.692,1.677,1.667,1.658,1.646,1.637,1.633,1.633,1.633,1.64,1.654,1.681,1.75,1.866,2.046,1.868,1.81,2.1,2.131,2.119,1.844,1.152,0.435,-0.222,-0.644,-0.824,-0.8,-0.782,-0.506,0.132,1.016,1.96,2.942,3.862,4.663,5.358,5.853,6.139,6.236,6.336,6.229,6.19,6.19,6.202,6.303,6.464,6.408,6.21,5.826,5.165,4.291,3.31,2.292,1.263,0.312,-0.378,-0.771,-0.846,-0.866,-0.814,-0.46,0.15,0.859,1.588,1.949,2.102,2.18,1.784,1.903,2.1,1.888,1.754,1.671,1.634,1.62,1.614,1.608,1.606,1.608,1.61,1.618,1.632,1.644,1.652,1.663,1.671,1.68,1.69,1.7,1.702,1.703,1.71,1.718,1.722,1.727,1.73,1.738,1.743,1.747,1.749,1.752,1.753,1.755,1.757,1.758,1.761,1.762,1.765,1.764,1.765,1.767,1.768,1.767,1.766,1.772,1.772,1.776,1.78,1.788,1.795,1.796,1.8,1.805,1.81,1.813,1.815,1.822,1.825,1.828,1.83,1.833,1.832,1.831,1.832,1.84,1.857,Timolol_117,Timolol,-4.259637310505756,CC(C)(C)[NH2+]C[C@H](O)COc1nsnc1N1CCOCC1
1.302,1.299,1.298,1.297,1.297,1.297,1.3,1.3,1.3,1.302,1.303,1.306,1.305,1.304,1.304,1.303,1.303,1.303,1.304,1.307,1.309,1.312,1.316,1.316,1.318,1.318,1.317,1.315,1.314,1.311,1.308,1.304,1.301,1.299,1.295,1.291,1.29,1.29,1.289,1.289,1.288,1.283,1.282,1.28,1.28,1.278,1.273,1.271,1.266,1.262,1.258,1.252,1.25,1.248,1.248,1.248,1.249,1.249,1.25,1.255,1.264,1.287,1.336,1.421,1.543,1.585,1.478,1.332,1.13,0.885,0.566,0.233,-0.052,-0.265,-0.377,-0.404,-0.404,-0.396,-0.293,-0.097,0.188,0.505,0.797,0.862,0.928,1.005,0.904,0.827,0.782,0.765,0.76,0.76,0.763,0.789,0.854,0.95,1.051,1.023,0.93,0.873,0.656,0.31,-0.012,-0.246,-0.381,-0.424,-0.424,-0.404,-0.315,-0.141,0.115,0.435,0.773,1.031,1.258,1.43,1.548,1.6,1.456,1.357,1.297,1.266,1.252,1.243,1.237,1.235,1.234,1.234,1.234,1.234,1.238,1.243,1.247,1.252,1.255,1.258,1.261,1.263,1.263,1.265,1.267,1.27,1.274,1.276,1.278,1.281,1.282,1.285,1.285,1.284,1.285,1.286,1.288,1.289,1.29,1.291,1.292,1.291,1.291,1.291,1.288,1.285,1.284,1.284,1.285,1.285,1.286,1.288,1.292,1.295,1.298,1.3,1.302,1.305,1.307,1.31,1.31,1.311,1.312,1.313,1.314,1.314,1.314,1.314,1.32,Ketoprofen_95,Ketoprofen,-4.698970004336019,C[C@@H](C(=O)[O-])c1cccc(C(=O)c2ccccc2)c1
2.373,2.357,2.354,2.352,2.351,2.352,2.355,2.359,2.361,2.361,2.361,2.362,2.363,2.363,2.363,2.365,2.365,2.363,2.364,2.368,2.373,2.375,2.375,2.374,2.373,2.373,2.372,2.369,2.366,2.357,2.352,2.347,2.337,2.33,2.322,2.318,2.312,2.307,2.3,2.294,2.288,2.285,2.282,2.273,2.264,2.252,2.24,2.227,2.22,2.213,2.197,2.189,2.178,2.171,2.156,2.155,2.147,2.143,2.142,2.143,2.156,2.184,2.258,2.38,2.311,2.227,2.162,1.926,1.706,1.419,1.031,0.522,0.125,0.087,0.055,-0.07,0.531,0.978,1.817,2.656,3.403,4.221,4.89,5.479,5.938,6.366,6.549,6.687,6.585,6.54,6.51,6.521,6.533,6.59,6.723,6.859,6.658,6.289,5.847,5.223,4.541,3.963,3.048,2.169,1.198,0.555,0.264,-0.127,-0.006,0.167,0.466,0.809,1.298,1.543,1.859,2.056,2.161,2.229,2.331,2.275,2.189,2.151,2.131,2.119,2.116,2.116,2.121,2.124,2.137,2.148,2.16,2.176,2.186,2.201,2.21,2.22,2.233,2.243,2.251,2.259,2.262,2.265,2.276,2.278,2.289,2.295,2.3,2.302,2.307,2.311,2.315,2.318,2.319,2.321,2.324,2.327,2.333,2.328,2.328,2.331,2.331,2.328,2.325,2.324,2.326,2.33,2.335,2.338,2.342,2.348,2.354,2.36,2.365,2.372,2.376,2.378,2.383,2.384,2.385,2.386,2.386,2.386,2.386,2.392,2.4,Lisinopril_2,Lisinopril,-6.7447274948966935,[NH3+]CCCC[C@H]([NH2+][C@H](CCc1ccccc1)C(=O)[O-])C(=O)N1CCC[C@@H]1C(=O)[O-]
1.24,1.219,1.212,1.207,1.207,1.208,1.211,1.209,1.209,1.21,1.209,1.211,1.211,1.211,1.211,1.21,1.21,1.211,1.214,1.219,1.226,1.233,1.235,1.239,1.241,1.241,1.24,1.237,1.231,1.223,1.217,1.211,1.201,1.192,1.184,1.177,1.171,1.166,1.164,1.16,1.157,1.146,1.139,1.131,1.125,1.119,1.112,1.101,1.088,1.076,1.061,1.049,1.036,1.035,1.029,1.03,1.034,1.037,1.053,1.083,1.137,1.235,1.393,1.654,2.03,2.404,2.588,2.577,2.51,2.411,2.332,1.818,1.497,1.449,1.449,1.537,2.001,2.902,4.403,6.383,8.472,10.788,11.949,13.208,14.775,15.821,16.689,17.475,18.04,18.242,18.412,18.49,18.535,18.414,17.345,16.835,16.523,15.449,14.175,12.865,11.423,9.217,7.082,4.786,3.038,2.03,1.549,1.366,1.335,1.361,1.602,2.07,2.368,2.441,2.536,2.61,2.473,2.164,1.761,1.459,1.263,1.143,1.077,1.041,1.022,1.016,1.012,1.012,1.012,1.014,1.023,1.034,1.044,1.053,1.061,1.072,1.085,1.091,1.096,1.106,1.112,1.12,1.131,1.142,1.144,1.15,1.159,1.162,1.164,1.168,1.171,1.172,1.175,1.179,1.181,1.184,1.184,1.188,1.19,1.192,1.196,1.197,1.201,1.205,1.208,1.215,1.219,1.229,1.236,1.242,1.244,1.248,1.251,1.257,1.259,1.26,1.264,1.264,1.266,1.268,1.27,1.273,1.277,1.288,1.302,Cefatrizine_41,Cefatrizine,-5.6020599913279625,N[C@@H](C(=O)N[C@@H]1C(=O)N2C(C(=O)[O-])=C(CSc3c[nH]nn3)CS[C@H]12)c1ccc(O)cc1
1.792,1.776,1.768,1.767,1.767,1.767,1.77,1.773,1.775,1.78,1.783,1.786,1.788,1.79,1.791,1.791,1.792,1.793,1.795,1.799,1.803,1.806,1.807,1.808,1.808,1.808,1.806,1.806,1.803,1.799,1.798,1.796,1.791,1.789,1.782,1.776,1.771,1.767,1.766,1.762,1.759,1.758,1.75,1.746,1.742,1.731,1.727,1.718,1.714,1.706,1.695,1.685,1.675,1.669,1.663,1.657,1.651,1.653,1.654,1.662,1.69,1.739,1.818,1.784,1.468,1.188,0.901,0.638,0.416,0.241,0.086,-0.221,-0.683,-1.014,-1.157,-1.216,-1.154,-1.075,-0.816,-0.31,0.327,1.031,1.666,2.312,2.931,3.709,4.712,5.385,6.575,6.909,7.77,7.952,7.216,6.427,5.676,4.951,4.112,3.525,2.576,2.046,1.437,0.736,-0.006,-0.629,-1.015,-1.153,-1.163,-1.177,-1.07,-0.829,-0.389,-0.042,0.17,0.324,0.536,0.784,1.054,1.341,1.567,1.754,1.737,1.679,1.649,1.635,1.628,1.627,1.624,1.626,1.632,1.637,1.642,1.649,1.658,1.667,1.676,1.684,1.69,1.695,1.699,1.701,1.705,1.709,1.717,1.722,1.727,1.731,1.731,1.736,1.742,1.744,1.745,1.749,1.751,1.75,1.755,1.757,1.76,1.756,1.753,1.752,1.752,1.752,1.751,1.751,1.753,1.756,1.759,1.761,1.767,1.772,1.777,1.779,1.784,1.788,1.79,1.796,1.801,1.802,1.804,1.803,1.803,1.804,1.806,1.809,1.819,Labetalol_98,Labetalol,-4.6020599913279625,C[C@@H](CCc1ccccc1)[NH2+]C[C@H](O)c1ccc(O)c(C(N)=O)c1
0.473,0.469,0.468,0.468,0.467,0.467,0.468,0.47,0.47,0.468,0.468,0.466,0.466,0.466,0.465,0.465,0.465,0.465,0.465,0.467,0.471,0.473,0.474,0.475,0.476,0.476,0.474,0.473,0.472,0.47,0.468,0.466,0.463,0.461,0.459,0.457,0.455,0.452,0.451,0.449,0.449,0.449,0.447,0.444,0.442,0.439,0.435,0.431,0.429,0.427,0.424,0.419,0.417,0.417,0.417,0.419,0.42,0.42,0.421,0.428,0.437,0.459,0.502,0.574,0.681,0.811,0.955,1.084,1.063,0.862,0.663,0.495,0.403,0.378,0.367,0.393,0.504,0.691,0.945,1.289,1.675,1.981,2.147,2.299,2.441,2.369,2.219,2.141,2.102,2.089,2.085,2.084,2.086,2.121,2.181,2.276,2.389,2.506,2.363,2.208,2.039,1.865,1.497,1.054,0.771,0.543,0.394,0.336,0.341,0.366,0.439,0.576,0.769,0.982,1.115,0.992,0.866,0.726,0.6,0.513,0.465,0.437,0.424,0.418,0.411,0.409,0.406,0.405,0.405,0.406,0.408,0.414,0.418,0.421,0.423,0.427,0.427,0.43,0.434,0.435,0.437,0.438,0.443,0.445,0.447,0.45,0.45,0.451,0.453,0.453,0.453,0.454,0.455,0.455,0.455,0.456,0.457,0.457,0.458,0.457,0.456,0.455,0.454,0.455,0.457,0.459,0.461,0.464,0.466,0.469,0.471,0.472,0.474,0.475,0.476,0.478,0.478,0.478,0.478,0.478,0.48,0.479,0.479,0.482,0.487,Acetylsalicylic_Acid_5,Acetylsalicylic_Acid,-5.130768280269024,CC(=O)Oc1ccccc1C(=O)[O-]
0.174,0.16,0.153,0.151,0.151,0.151,0.151,0.148,0.146,0.146,0.147,0.152,0.151,0.151,0.152,0.149,0.149,0.15,0.154,0.157,0.162,0.167,0.169,0.173,0.173,0.173,0.172,0.169,0.166,0.163,0.158,0.153,0.149,0.149,0.145,0.138,0.133,0.129,0.125,0.119,0.115,0.112,0.109,0.107,0.102,0.097,0.088,0.08,0.072,0.065,0.058,0.045,0.039,0.028,0.024,0.024,0.026,0.033,0.046,0.068,0.105,0.17,0.289,0.478,0.746,1.047,1.262,1.401,1.444,1.478,1.361,1.258,1.16,1.152,1.152,1.244,1.581,2.269,3.23,4.496,6.055,7.701,9.412,11.024,12.355,13.441,13.966,14.02,14.179,14.359,14.526,14.526,14.561,14.429,14.253,14.268,13.988,12.828,11.498,9.919,8.213,6.53,4.901,3.516,2.447,1.674,1.223,1.076,1.059,1.059,1.155,1.294,1.431,1.532,1.442,1.288,1.117,0.851,0.543,0.337,0.19,0.098,0.05,0.031,0.028,0.022,0.019,0.016,0.014,0.02,0.03,0.038,0.047,0.053,0.059,0.064,0.068,0.075,0.08,0.086,0.092,0.099,0.103,0.109,0.11,0.114,0.116,0.122,0.126,0.13,0.132,0.132,0.133,0.133,0.135,0.135,0.136,0.137,0.138,0.142,0.144,0.149,0.152,0.158,0.166,0.169,0.179,0.185,0.189,0.19,0.19,0.193,0.193,0.193,0.193,0.194,0.193,0.195,0.195,0.197,0.199,0.2,0.201,0.206,0.216,Acyclovir_9,Acyclovir,-6.6777807052660805,Nc1nc2c(ncn2COCCO)c(=O)[nH]1
0.47,0.461,0.459,0.456,0.455,0.454,0.454,0.455,0.456,0.458,0.459,0.458,0.458,0.457,0.457,0.456,0.455,0.455,0.456,0.46,0.46,0.462,0.465,0.467,0.467,0.466,0.465,0.462,0.462,0.458,0.458,0.453,0.452,0.449,0.447,0.445,0.438,0.436,0.436,0.432,0.43,0.422,0.421,0.418,0.416,0.414,0.41,0.405,0.401,0.396,0.388,0.381,0.377,0.371,0.369,0.363,0.363,0.356,0.354,0.352,0.352,0.359,0.381,0.425,0.507,0.628,0.803,0.897,0.659,0.353,0.002,-0.339,-0.582,-0.693,-0.744,-0.744,-0.68,-0.487,-0.143,0.346,0.926,1.523,2.113,2.604,2.992,3.079,2.962,2.79,2.691,2.646,2.631,2.631,2.632,2.667,2.765,2.934,3.067,3.146,2.883,2.353,1.733,1.098,0.488,-0.042,-0.429,-0.667,-0.763,-0.763,-0.754,-0.628,-0.469,-0.152,0.208,0.533,0.791,0.866,0.678,0.533,0.432,0.38,0.355,0.335,0.335,0.336,0.339,0.346,0.353,0.357,0.359,0.366,0.375,0.383,0.387,0.391,0.4,0.402,0.406,0.41,0.412,0.414,0.417,0.42,0.424,0.427,0.427,0.429,0.43,0.434,0.434,0.434,0.435,0.435,0.438,0.44,0.442,0.442,0.442,0.443,0.443,0.445,0.443,0.443,0.443,0.444,0.447,0.45,0.451,0.456,0.457,0.46,0.464,0.465,0.466,0.466,0.468,0.471,0.472,0.473,0.475,0.476,0.475,0.475,0.475,0.479,0.487,Guanabenz_87,Guanabenz,-3.721246399047171,NC(=[NH2+])N/N=C/c1c(Cl)cccc1Cl
1.296,1.281,1.279,1.279,1.279,1.279,1.279,1.281,1.281,1.283,1.286,1.288,1.291,1.29,1.293,1.293,1.293,1.293,1.295,1.298,1.301,1.304,1.304,1.305,1.306,1.304,1.304,1.302,1.299,1.296,1.295,1.289,1.289,1.283,1.279,1.272,1.268,1.262,1.26,1.258,1.254,1.246,1.242,1.237,1.235,1.231,1.226,1.218,1.209,1.201,1.192,1.182,1.173,1.163,1.155,1.152,1.149,1.149,1.15,1.161,1.183,1.222,1.281,1.373,1.29,1.231,1.175,1.131,1.075,0.866,0.645,0.255,0.042,-0.072,0.016,-0.035,0.197,0.675,1.415,2.348,3.252,4.076,5.123,6.115,6.967,7.701,8.448,9.065,9.563,9.768,9.741,9.741,9.741,9.817,9.313,8.628,7.914,7.156,6.394,5.462,4.511,3.581,2.782,1.728,0.85,0.293,-0.032,0.003,-0.097,0.016,0.245,0.488,0.742,1.028,1.09,1.143,1.199,1.25,1.317,1.305,1.229,1.178,1.154,1.148,1.144,1.143,1.139,1.142,1.146,1.152,1.161,1.168,1.173,1.18,1.191,1.197,1.208,1.212,1.214,1.217,1.22,1.226,1.232,1.236,1.239,1.245,1.248,1.253,1.256,1.257,1.26,1.261,1.264,1.265,1.265,1.268,1.269,1.27,1.27,1.271,1.271,1.273,1.274,1.279,1.281,1.284,1.284,1.291,1.294,1.295,1.297,1.3,1.303,1.304,1.307,1.311,1.312,1.315,1.316,1.318,1.316,1.316,1.316,1.316,1.325,Pindolol_61,Pindolol,-4.229147988357856,CC(C)[NH2+]C[C@@H](O)COc1cccc2[nH]ccc12
2.328,2.317,2.314,2.314,2.312,2.313,2.317,2.32,2.321,2.323,2.322,2.322,2.322,2.324,2.322,2.323,2.323,2.324,2.323,2.33,2.336,2.337,2.341,2.343,2.34,2.341,2.34,2.336,2.333,2.328,2.321,2.312,2.307,2.299,2.292,2.283,2.277,2.276,2.266,2.264,2.261,2.256,2.252,2.249,2.243,2.234,2.226,2.21,2.203,2.194,2.186,2.173,2.163,2.156,2.149,2.142,2.14,2.138,2.138,2.144,2.158,2.191,2.274,2.416,2.527,2.51,2.51,2.359,2.12,1.826,1.366,0.697,0.19,0.108,0.01,0.01,0.193,0.62,1.178,2.262,3.079,4.005,4.875,5.636,6.187,6.756,7.185,7.221,7.117,7.059,7.053,7.053,7.066,7.132,7.308,7.53,7.081,6.602,5.845,5.175,4.396,3.458,2.702,1.469,0.834,0.287,0.046,-0.024,0.034,0.14,0.615,1.143,1.668,1.983,2.263,2.456,2.498,2.505,2.469,2.301,2.202,2.154,2.127,2.117,2.115,2.111,2.115,2.116,2.125,2.133,2.148,2.161,2.174,2.181,2.189,2.196,2.205,2.214,2.223,2.231,2.234,2.239,2.246,2.254,2.259,2.265,2.268,2.274,2.278,2.28,2.282,2.283,2.285,2.286,2.291,2.295,2.297,2.298,2.298,2.297,2.297,2.294,2.29,2.29,2.291,2.296,2.299,2.301,2.31,2.316,2.322,2.327,2.331,2.335,2.339,2.339,2.344,2.345,2.349,2.349,2.351,2.351,2.351,2.354,2.368,Lisinopril_3,Lisinopril,-6.7447274948966935,[NH3+]CCCC[C@H](N[C@H](CCc1ccccc1)C(=O)[O-])C(=O)N1CCC[C@@H]1C(=O)[O-]
1.496,1.481,1.473,1.471,1.472,1.472,1.473,1.478,1.479,1.48,1.481,1.481,1.484,1.484,1.482,1.481,1.481,1.483,1.488,1.492,1.499,1.507,1.513,1.514,1.515,1.516,1.515,1.513,1.509,1.502,1.497,1.494,1.489,1.48,1.473,1.467,1.466,1.464,1.461,1.459,1.456,1.45,1.449,1.444,1.44,1.429,1.423,1.416,1.407,1.397,1.39,1.381,1.374,1.365,1.36,1.362,1.362,1.364,1.369,1.387,1.425,1.495,1.611,1.796,1.904,1.938,1.932,1.93,1.837,1.482,1.216,0.602,-0.116,-0.6,-0.817,-0.898,-0.898,-0.754,-0.277,0.447,1.519,2.545,3.626,4.719,5.815,6.672,7.374,7.951,8.231,8.321,8.32,8.316,8.316,8.388,8.364,7.844,7.157,6.259,5.252,3.989,2.889,1.793,0.716,-0.078,-0.679,-0.955,-0.955,-0.899,-0.769,-0.38,0.281,1.04,1.334,1.698,1.921,1.92,1.92,1.898,1.866,1.652,1.511,1.424,1.375,1.357,1.347,1.342,1.339,1.339,1.34,1.342,1.349,1.36,1.368,1.373,1.379,1.382,1.39,1.4,1.405,1.408,1.409,1.418,1.422,1.425,1.432,1.438,1.442,1.446,1.446,1.446,1.448,1.45,1.452,1.454,1.455,1.456,1.458,1.458,1.458,1.459,1.462,1.462,1.462,1.464,1.468,1.469,1.474,1.481,1.487,1.493,1.496,1.497,1.503,1.507,1.51,1.511,1.512,1.514,1.516,1.519,1.521,1.522,1.526,1.529,1.538,Penicillin_V_49,Penicillin_V,-6.823908740944319,CC1(C)S[C@H]2[C@H](NC(=O)COc3ccccc3)C(=O)N2[C@@H]1C(=O)O
1.029,1.021,1.018,1.017,1.017,1.017,1.018,1.02,1.024,1.021,1.021,1.022,1.022,1.021,1.021,1.021,1.021,1.021,1.024,1.026,1.033,1.036,1.04,1.043,1.044,1.043,1.042,1.04,1.033,1.032,1.029,1.026,1.022,1.015,1.009,1.005,1.003,1.0,0.999,0.998,0.997,0.996,0.994,0.992,0.988,0.983,0.977,0.972,0.966,0.959,0.955,0.945,0.941,0.935,0.933,0.933,0.932,0.932,0.936,0.948,0.974,1.01,1.082,1.19,1.342,1.516,1.699,1.857,1.658,1.322,0.896,0.451,0.05,-0.238,-0.373,-0.394,-0.394,-0.32,-0.035,0.485,1.233,2.17,3.229,4.357,5.439,6.282,6.838,6.687,6.623,6.592,6.589,6.589,6.589,6.633,6.739,6.989,6.654,5.797,4.707,3.551,2.441,1.451,0.642,0.04,-0.321,-0.44,-0.44,-0.438,-0.355,-0.092,0.293,0.743,1.182,1.553,1.805,1.753,1.572,1.399,1.235,1.112,1.025,0.978,0.955,0.943,0.935,0.933,0.932,0.932,0.932,0.933,0.935,0.943,0.951,0.958,0.961,0.966,0.968,0.97,0.971,0.974,0.978,0.983,0.988,0.996,0.998,0.998,0.998,0.999,1.001,1.003,1.005,1.005,1.005,1.007,1.009,1.009,1.009,1.012,1.012,1.012,1.012,1.013,1.013,1.013,1.017,1.018,1.021,1.026,1.033,1.035,1.037,1.04,1.041,1.041,1.041,1.044,1.047,1.046,1.046,1.048,1.051,1.051,1.054,1.056,1.061,Phenytoin_59,Phenytoin,-3.9208187539523753,O=C1NC(=O)C(c2ccccc2)(c2ccccc2)N1
1.377,1.369,1.362,1.357,1.358,1.358,1.36,1.362,1.363,1.364,1.362,1.363,1.363,1.363,1.364,1.362,1.362,1.362,1.366,1.368,1.373,1.378,1.383,1.384,1.382,1.381,1.379,1.374,1.371,1.364,1.361,1.355,1.35,1.34,1.332,1.328,1.323,1.317,1.315,1.311,1.305,1.301,1.297,1.295,1.29,1.282,1.271,1.266,1.256,1.239,1.233,1.22,1.214,1.208,1.2,1.194,1.194,1.195,1.201,1.212,1.237,1.28,1.369,1.51,1.689,1.839,1.963,2.015,1.937,1.644,1.222,0.821,0.593,0.496,0.478,0.487,0.693,1.176,2.0,3.137,4.496,5.965,7.236,8.466,9.492,10.34,10.583,10.341,10.217,10.165,10.134,10.134,10.142,10.189,10.478,10.781,10.79,9.997,9.001,7.801,6.513,5.108,3.625,2.339,1.331,0.725,0.448,0.413,0.413,0.464,0.679,1.055,1.497,1.801,2.01,1.982,1.87,1.725,1.56,1.403,1.291,1.235,1.205,1.188,1.187,1.185,1.185,1.192,1.196,1.203,1.213,1.219,1.231,1.239,1.249,1.259,1.267,1.271,1.274,1.282,1.284,1.29,1.3,1.306,1.312,1.316,1.321,1.321,1.323,1.327,1.33,1.329,1.33,1.334,1.337,1.339,1.342,1.343,1.345,1.344,1.347,1.347,1.345,1.345,1.35,1.355,1.357,1.362,1.371,1.377,1.378,1.381,1.384,1.389,1.389,1.39,1.392,1.392,1.396,1.397,1.398,1.4,1.401,1.404,1.416,Cephalexin_48,Cephalexin,-6.318758762624412,CC1=C(C(=O)[O-])N2C(=O)[C@H](NC(=O)[C@@H]([NH3+])c3ccccc3)[C@@H]2SC1
0.268,0.252,0.242,0.24,0.236,0.236,0.237,0.232,0.233,0.235,0.236,0.241,0.244,0.243,0.243,0.244,0.243,0.243,0.243,0.245,0.247,0.249,0.248,0.25,0.248,0.248,0.245,0.239,0.239,0.237,0.234,0.23,0.228,0.226,0.22,0.211,0.207,0.2,0.192,0.188,0.181,0.173,0.167,0.156,0.152,0.146,0.14,0.133,0.123,0.114,0.1,0.09,0.076,0.065,0.06,0.06,0.06,0.06,0.062,0.069,0.085,0.13,0.205,0.311,0.466,0.684,0.921,0.97,0.869,0.719,0.568,0.507,0.487,0.487,0.598,0.913,1.546,2.524,3.846,5.341,7.162,9.087,10.96,12.629,13.473,13.764,14.004,14.197,14.353,14.56,14.694,14.694,14.715,14.619,14.463,14.381,14.215,13.937,13.329,11.742,9.895,7.892,5.979,4.277,2.829,1.728,0.985,0.588,0.447,0.443,0.443,0.506,0.647,0.804,0.918,0.988,0.736,0.513,0.336,0.212,0.131,0.079,0.055,0.046,0.045,0.045,0.046,0.047,0.055,0.065,0.076,0.085,0.097,0.106,0.12,0.127,0.133,0.141,0.149,0.154,0.157,0.162,0.168,0.173,0.181,0.187,0.189,0.193,0.196,0.201,0.204,0.21,0.211,0.211,0.213,0.217,0.217,0.22,0.222,0.223,0.225,0.227,0.232,0.235,0.242,0.25,0.257,0.26,0.265,0.267,0.268,0.27,0.274,0.275,0.277,0.278,0.28,0.28,0.28,0.281,0.28,0.28,0.279,0.284,0.296,Acyclovir_11,Acyclovir,-6.6777807052660805,Nc1[nH]c(=O)c2ncn(COCCO)c2[nH+]1
1.214,1.196,1.185,1.183,1.182,1.182,1.186,1.185,1.184,1.184,1.183,1.186,1.186,1.186,1.186,1.184,1.183,1.184,1.188,1.191,1.197,1.202,1.205,1.208,1.213,1.209,1.209,1.206,1.202,1.196,1.187,1.179,1.17,1.164,1.159,1.149,1.139,1.135,1.133,1.129,1.121,1.115,1.107,1.1,1.093,1.086,1.08,1.069,1.056,1.044,1.033,1.019,1.016,1.009,1.004,1.002,1.004,1.004,1.023,1.048,1.104,1.191,1.353,1.615,1.987,2.381,2.491,2.412,2.474,2.394,2.315,2.294,2.282,2.269,2.385,2.342,2.951,3.908,5.255,7.055,9.156,10.032,10.983,12.247,13.479,14.651,15.511,16.438,16.824,17.259,17.664,17.829,17.765,17.314,16.745,16.167,15.325,14.151,12.85,11.633,10.505,9.594,7.881,5.921,4.246,3.048,2.362,2.239,2.051,2.135,2.242,2.274,2.315,2.391,2.466,2.474,2.307,2.128,1.716,1.409,1.223,1.1,1.037,1.01,0.988,0.981,0.977,0.975,0.975,0.979,0.987,1.001,1.01,1.018,1.028,1.034,1.044,1.058,1.066,1.072,1.081,1.091,1.099,1.109,1.115,1.12,1.127,1.133,1.134,1.136,1.142,1.144,1.148,1.15,1.151,1.156,1.156,1.161,1.162,1.165,1.168,1.169,1.17,1.173,1.18,1.184,1.19,1.197,1.205,1.209,1.213,1.216,1.225,1.231,1.235,1.236,1.236,1.235,1.236,1.239,1.24,1.241,1.244,1.252,1.266,Cefatrizine_43,Cefatrizine,-5.6020599913279625,N[C@@H](C(=O)N[C@@H]1C(=O)N2C(C(=O)[O-])=C(CSc3cnn[n-]3)CS[C@@H]12)c1ccc(O)cc1
1.219,1.205,1.202,1.2,1.2,1.2,1.2,1.203,1.203,1.204,1.204,1.205,1.203,1.203,1.205,1.206,1.205,1.205,1.207,1.21,1.213,1.217,1.218,1.22,1.22,1.222,1.221,1.219,1.214,1.21,1.206,1.2,1.197,1.19,1.181,1.175,1.171,1.168,1.165,1.158,1.154,1.15,1.145,1.142,1.136,1.131,1.122,1.115,1.109,1.096,1.086,1.078,1.066,1.06,1.051,1.048,1.048,1.049,1.056,1.071,1.09,1.131,1.216,1.347,1.406,1.433,1.461,1.548,1.595,1.573,1.165,0.7,0.404,0.33,0.328,0.328,0.547,1.103,1.999,3.127,4.453,5.684,6.877,7.872,8.815,9.38,9.853,10.342,10.397,10.313,10.293,10.293,10.297,10.392,10.62,10.17,9.753,9.094,8.43,7.26,6.064,4.867,3.473,2.236,1.275,0.577,0.255,0.215,0.215,0.268,0.55,0.96,1.397,1.586,1.558,1.467,1.44,1.398,1.361,1.241,1.149,1.09,1.068,1.061,1.055,1.054,1.052,1.052,1.055,1.063,1.071,1.079,1.087,1.096,1.102,1.11,1.116,1.124,1.132,1.135,1.137,1.144,1.146,1.151,1.158,1.16,1.163,1.17,1.17,1.173,1.174,1.177,1.178,1.181,1.184,1.186,1.188,1.189,1.191,1.193,1.195,1.197,1.199,1.201,1.203,1.206,1.209,1.214,1.217,1.222,1.225,1.226,1.229,1.231,1.233,1.233,1.236,1.239,1.24,1.239,1.24,1.243,1.244,1.246,1.252,Sumatriptan_98,Sumatriptan,-5.721246399047171,CNS(=O)(=O)Cc1ccc2[nH]cc(CC[NH+](C)C)c2c1
1.973,1.962,1.96,1.96,1.96,1.96,1.963,1.967,1.972,1.976,1.978,1.981,1.98,1.98,1.979,1.978,1.978,1.979,1.983,1.988,1.994,1.996,2.0,2.003,2.005,2.006,2.004,2.001,1.999,1.996,1.993,1.99,1.987,1.982,1.977,1.973,1.97,1.969,1.969,1.968,1.967,1.965,1.964,1.961,1.959,1.954,1.949,1.942,1.938,1.928,1.924,1.917,1.909,1.905,1.903,1.901,1.9,1.9,1.902,1.908,1.927,1.972,2.051,2.171,2.338,2.355,2.229,1.872,1.66,1.299,0.838,0.046,-0.633,-1.185,-1.567,-1.731,-1.764,-1.774,-1.762,-1.608,-1.293,-0.814,-0.229,0.437,1.092,1.754,2.39,2.882,3.172,3.132,3.124,3.124,3.129,3.163,3.216,2.692,2.052,1.359,0.703,0.017,-0.603,-1.138,-1.523,-1.714,-1.787,-1.8,-1.767,-1.639,-1.348,-0.864,-0.238,0.537,1.176,1.452,1.814,2.022,2.278,2.395,2.214,2.073,1.981,1.925,1.899,1.885,1.882,1.879,1.876,1.875,1.875,1.878,1.884,1.89,1.897,1.905,1.91,1.912,1.917,1.918,1.922,1.921,1.924,1.929,1.936,1.939,1.941,1.946,1.948,1.95,1.95,1.952,1.951,1.951,1.953,1.955,1.957,1.958,1.959,1.959,1.959,1.956,1.954,1.954,1.953,1.951,1.951,1.951,1.953,1.956,1.962,1.964,1.968,1.974,1.977,1.979,1.983,1.986,1.989,1.991,1.992,1.992,1.994,1.994,1.994,1.995,2.001,Alprenolol_12,Alprenolol,-3.795880017344075,C=CCc1ccccc1OC[C@H](O)CNC(C)C
1.26,1.248,1.241,1.239,1.24,1.24,1.242,1.245,1.251,1.254,1.257,1.259,1.261,1.263,1.263,1.263,1.264,1.265,1.268,1.271,1.274,1.274,1.277,1.283,1.283,1.283,1.28,1.279,1.277,1.272,1.272,1.274,1.273,1.274,1.271,1.264,1.261,1.258,1.257,1.257,1.258,1.255,1.254,1.252,1.249,1.246,1.24,1.237,1.228,1.224,1.218,1.211,1.204,1.198,1.195,1.192,1.192,1.191,1.196,1.204,1.229,1.275,1.364,1.503,1.688,1.78,1.618,1.434,1.179,0.885,0.504,0.11,-0.25,-0.533,-0.639,-0.646,-0.638,-0.418,0.072,0.723,1.645,2.575,3.55,4.612,5.617,6.456,7.129,7.717,8.241,8.614,8.607,8.607,8.66,8.545,8.128,7.538,6.882,6.138,5.192,4.133,3.087,2.073,1.128,0.341,-0.241,-0.566,-0.632,-0.621,-0.594,-0.369,-0.018,0.332,0.725,1.05,1.317,1.545,1.702,1.739,1.539,1.379,1.278,1.209,1.178,1.161,1.155,1.152,1.148,1.147,1.148,1.15,1.155,1.162,1.169,1.173,1.179,1.183,1.188,1.191,1.192,1.194,1.197,1.202,1.209,1.211,1.216,1.222,1.223,1.225,1.225,1.231,1.231,1.232,1.233,1.232,1.233,1.235,1.237,1.237,1.237,1.236,1.234,1.232,1.233,1.231,1.231,1.232,1.235,1.239,1.244,1.247,1.251,1.256,1.257,1.261,1.263,1.266,1.269,1.27,1.27,1.27,1.27,1.271,1.274,1.275,1.282,Terbutaline_103,Terbutaline,-6.0,CC(C)(C)NC[C@H](O)c1cc(O)cc(O)c1
1.006,0.988,0.987,0.985,0.985,0.985,0.985,0.985,0.986,0.988,0.989,0.989,0.989,0.988,0.985,0.984,0.984,0.984,0.988,0.995,1.003,1.008,1.012,1.015,1.014,1.015,1.014,1.011,1.006,0.999,0.997,0.995,0.989,0.982,0.976,0.97,0.966,0.961,0.961,0.959,0.956,0.952,0.95,0.942,0.937,0.929,0.925,0.921,0.911,0.902,0.893,0.885,0.874,0.867,0.867,0.868,0.868,0.872,0.877,0.896,0.928,0.99,1.109,1.291,1.56,1.92,2.07,1.787,1.441,1.114,0.759,0.442,-0.018,-0.368,-0.441,-0.516,-0.516,-0.321,0.084,0.69,1.441,2.107,2.87,3.659,4.52,5.444,6.342,7.128,7.743,7.711,7.708,7.707,7.71,7.781,7.486,6.677,5.756,4.801,3.893,3.06,2.279,1.564,0.845,0.153,-0.286,-0.573,-0.573,-0.571,-0.507,-0.205,0.228,0.663,0.977,1.293,1.639,1.954,2.022,1.667,1.372,1.151,1.014,0.93,0.89,0.875,0.869,0.864,0.858,0.856,0.856,0.861,0.872,0.879,0.887,0.898,0.905,0.907,0.914,0.914,0.917,0.921,0.927,0.937,0.94,0.945,0.951,0.954,0.955,0.956,0.955,0.955,0.957,0.961,0.962,0.966,0.967,0.967,0.969,0.971,0.968,0.968,0.974,0.974,0.975,0.977,0.983,0.986,0.994,0.994,1.002,1.008,1.01,1.011,1.011,1.015,1.016,1.021,1.024,1.024,1.024,1.029,1.03,1.032,1.032,1.032,1.051,Trimethoprim_124,Trimethoprim,-4.2839966563652006,COc1cc(Cc2cnc(N)nc2N)cc(OC)c1OC
1.292,1.289,1.288,1.285,1.285,1.285,1.286,1.291,1.291,1.291,1.291,1.294,1.295,1.295,1.294,1.293,1.292,1.292,1.293,1.294,1.297,1.299,1.299,1.3,1.302,1.3,1.298,1.296,1.294,1.293,1.291,1.287,1.283,1.279,1.275,1.272,1.27,1.264,1.264,1.265,1.265,1.263,1.257,1.252,1.247,1.244,1.241,1.238,1.232,1.225,1.222,1.21,1.207,1.207,1.203,1.201,1.194,1.193,1.185,1.185,1.188,1.194,1.209,1.253,1.33,1.446,1.499,1.225,0.842,0.443,0.096,-0.168,-0.352,-0.408,-0.408,-0.328,-0.203,0.058,0.452,0.946,1.52,1.908,2.266,2.57,2.854,2.742,2.634,2.544,2.488,2.475,2.468,2.468,2.469,2.5,2.571,2.654,2.765,2.881,3.001,2.492,2.085,1.876,1.249,0.658,0.183,-0.144,-0.317,-0.387,-0.387,-0.388,-0.231,-0.011,0.301,0.686,1.069,1.388,1.485,1.353,1.267,1.213,1.19,1.182,1.179,1.177,1.184,1.183,1.187,1.188,1.193,1.198,1.204,1.208,1.213,1.22,1.227,1.236,1.238,1.238,1.24,1.243,1.244,1.246,1.251,1.259,1.263,1.266,1.266,1.265,1.265,1.266,1.267,1.27,1.274,1.274,1.276,1.276,1.279,1.281,1.279,1.277,1.273,1.272,1.271,1.271,1.271,1.273,1.273,1.276,1.277,1.281,1.286,1.289,1.292,1.292,1.294,1.3,1.304,1.302,1.302,1.302,1.302,1.301,1.301,1.302,1.307,Gabapentin_81,Gabapentin,-6.443697499232713,[NH3+]CC1(CC(=O)[O-])CCCCC1
1.036,1.028,1.014,1.013,1.013,1.014,1.016,1.02,1.02,1.023,1.023,1.021,1.021,1.021,1.018,1.018,1.019,1.02,1.025,1.028,1.035,1.043,1.045,1.049,1.052,1.051,1.05,1.045,1.042,1.036,1.033,1.026,1.023,1.017,1.008,1.001,0.997,0.994,0.99,0.985,0.983,0.982,0.979,0.975,0.97,0.964,0.955,0.947,0.938,0.927,0.917,0.907,0.899,0.891,0.883,0.883,0.884,0.89,0.903,0.92,0.955,1.024,1.152,1.344,1.632,1.915,2.104,2.192,2.16,2.021,1.582,0.991,0.477,0.173,0.126,0.126,0.2,0.609,1.412,2.456,4.0,5.796,7.641,9.114,10.058,11.105,11.582,12.356,12.453,12.375,12.365,12.365,12.366,12.56,12.724,12.328,11.676,10.91,9.643,8.311,6.281,4.515,2.865,1.694,0.744,0.204,0.039,0.04,0.056,0.26,0.719,1.301,1.864,2.097,2.164,2.121,1.984,1.72,1.423,1.201,1.039,0.954,0.908,0.89,0.878,0.875,0.871,0.87,0.87,0.871,0.877,0.888,0.901,0.905,0.914,0.918,0.928,0.933,0.939,0.942,0.946,0.953,0.962,0.965,0.972,0.977,0.982,0.982,0.982,0.983,0.991,0.99,0.99,0.992,0.992,0.998,0.997,0.997,0.997,1.002,1.007,1.008,1.009,1.009,1.015,1.019,1.022,1.027,1.037,1.039,1.044,1.047,1.05,1.055,1.055,1.056,1.055,1.06,1.064,1.064,1.067,1.069,1.073,1.074,1.086,Loracarbef_4,Loracarbef,-6.040958607678906,N[C@@H](C(=O)N[C@@H]1C(=O)N2C(C(=O)O)=C(Cl)CC[C@@H]12)c1ccccc1
1.448,1.432,1.431,1.431,1.43,1.429,1.43,1.433,1.433,1.435,1.435,1.438,1.439,1.441,1.442,1.444,1.443,1.444,1.446,1.45,1.454,1.454,1.456,1.458,1.459,1.457,1.458,1.456,1.453,1.451,1.446,1.441,1.441,1.437,1.43,1.426,1.422,1.418,1.416,1.414,1.405,1.403,1.397,1.396,1.392,1.388,1.378,1.372,1.365,1.355,1.349,1.34,1.331,1.325,1.32,1.316,1.314,1.311,1.311,1.318,1.34,1.375,1.442,1.43,1.34,1.262,1.166,1.062,0.93,0.725,0.436,0.014,-0.422,-0.762,-0.902,-0.907,-0.949,-0.701,-0.134,0.658,1.638,2.461,3.195,3.77,4.223,4.52,4.838,5.147,5.441,5.852,6.165,6.166,6.168,5.61,5.26,4.884,4.589,4.291,4.023,3.453,2.687,2.135,1.02,0.109,-0.565,-0.889,-0.94,-0.94,-0.886,-0.631,-0.209,0.322,0.625,0.867,0.989,1.1,1.215,1.291,1.371,1.455,1.374,1.327,1.309,1.302,1.298,1.296,1.296,1.298,1.3,1.306,1.314,1.322,1.328,1.333,1.337,1.345,1.354,1.366,1.367,1.369,1.371,1.377,1.383,1.388,1.389,1.392,1.397,1.397,1.403,1.403,1.407,1.409,1.41,1.412,1.414,1.415,1.415,1.417,1.417,1.416,1.416,1.416,1.417,1.416,1.419,1.421,1.423,1.426,1.432,1.433,1.435,1.435,1.443,1.447,1.45,1.455,1.458,1.46,1.461,1.461,1.461,1.463,1.463,1.463,1.476,Atenolol_29,Atenolol,-5.7447274948966935,CC(C)[NH2+]C[C@H](O)COc1ccc(CC(N)=O)cc1
0.315,0.312,0.31,0.31,0.31,0.31,0.311,0.313,0.314,0.314,0.313,0.314,0.314,0.314,0.314,0.315,0.315,0.316,0.316,0.316,0.316,0.317,0.318,0.318,0.319,0.319,0.318,0.317,0.316,0.316,0.316,0.316,0.316,0.314,0.312,0.31,0.306,0.304,0.304,0.305,0.305,0.305,0.306,0.301,0.298,0.297,0.295,0.294,0.292,0.29,0.286,0.283,0.282,0.282,0.283,0.283,0.284,0.283,0.283,0.284,0.292,0.304,0.335,0.377,0.447,0.546,0.646,0.725,0.702,0.605,0.525,0.473,0.47,0.47,0.528,0.612,0.748,0.96,1.263,1.63,2.018,2.381,2.735,3.003,3.277,3.551,3.81,3.988,4.011,4.0,3.997,3.997,3.999,4.013,4.071,3.967,3.746,3.453,3.169,2.896,2.632,2.276,1.91,1.465,1.078,0.818,0.654,0.548,0.492,0.477,0.477,0.505,0.566,0.667,0.722,0.665,0.571,0.464,0.39,0.335,0.301,0.284,0.276,0.27,0.265,0.263,0.262,0.262,0.262,0.262,0.264,0.267,0.269,0.271,0.275,0.277,0.278,0.278,0.282,0.283,0.284,0.287,0.288,0.292,0.294,0.296,0.297,0.297,0.3,0.302,0.302,0.303,0.304,0.304,0.304,0.304,0.305,0.306,0.305,0.304,0.304,0.302,0.301,0.301,0.301,0.303,0.304,0.305,0.307,0.309,0.313,0.315,0.316,0.316,0.317,0.318,0.321,0.319,0.318,0.318,0.318,0.317,0.317,0.319,0.322,Salicylic_Acid_82,Salicylic_Acid,-5.0,O=C([O-])c1ccccc1O
0.49,0.481,0.478,0.474,0.474,0.474,0.476,0.48,0.48,0.481,0.482,0.483,0.482,0.481,0.482,0.482,0.481,0.481,0.482,0.486,0.49,0.49,0.491,0.494,0.495,0.494,0.49,0.49,0.488,0.488,0.484,0.481,0.478,0.471,0.471,0.471,0.468,0.464,0.458,0.458,0.456,0.452,0.449,0.444,0.443,0.438,0.435,0.429,0.419,0.417,0.411,0.402,0.396,0.398,0.398,0.401,0.404,0.404,0.404,0.411,0.428,0.471,0.545,0.677,0.887,1.182,1.55,1.719,1.836,1.606,1.368,1.217,1.212,1.212,1.23,1.446,1.903,2.601,3.517,4.593,5.426,6.231,6.692,7.075,7.483,7.805,8.034,8.248,8.47,8.729,8.893,8.893,8.883,8.658,8.435,8.18,8.031,7.744,7.373,6.928,6.455,5.88,5.033,3.995,2.928,2.136,1.58,1.272,1.199,1.199,1.199,1.295,1.494,1.755,1.746,1.614,1.272,0.955,0.719,0.562,0.464,0.411,0.386,0.377,0.365,0.362,0.352,0.352,0.353,0.354,0.361,0.368,0.372,0.379,0.387,0.391,0.397,0.399,0.403,0.407,0.412,0.416,0.423,0.431,0.435,0.438,0.439,0.445,0.449,0.449,0.449,0.451,0.453,0.456,0.456,0.456,0.457,0.458,0.46,0.46,0.457,0.457,0.455,0.458,0.458,0.462,0.466,0.471,0.474,0.48,0.482,0.484,0.489,0.493,0.494,0.497,0.497,0.498,0.498,0.499,0.496,0.496,0.496,0.499,0.515,Olsalazine_39,Olsalazine,-7.318758762624412,O=C([O-])c1cc(/N=N/c2ccc(O)c(C(=O)[O-])c2)ccc1O
1.728,1.715,1.71,1.71,1.71,1.71,1.713,1.715,1.719,1.722,1.724,1.724,1.723,1.723,1.724,1.723,1.723,1.722,1.725,1.73,1.732,1.737,1.741,1.741,1.745,1.745,1.742,1.742,1.741,1.738,1.736,1.73,1.725,1.72,1.717,1.709,1.704,1.7,1.698,1.695,1.692,1.69,1.685,1.679,1.677,1.674,1.669,1.661,1.652,1.643,1.638,1.63,1.624,1.615,1.61,1.61,1.61,1.612,1.622,1.633,1.663,1.72,1.819,1.976,2.196,2.388,2.461,2.397,2.222,2.029,1.687,1.24,0.838,0.612,0.549,0.549,0.618,0.889,1.374,2.117,3.052,3.916,4.575,5.198,5.797,6.358,6.793,7.131,7.36,7.264,7.245,7.245,7.265,7.397,7.364,7.059,6.657,6.125,5.533,4.896,4.182,3.266,2.29,1.475,0.904,0.562,0.445,0.445,0.447,0.63,0.975,1.479,1.899,2.117,2.323,2.44,2.429,2.282,2.038,1.858,1.741,1.672,1.632,1.618,1.613,1.609,1.605,1.605,1.605,1.61,1.617,1.625,1.631,1.637,1.641,1.651,1.658,1.662,1.666,1.667,1.673,1.676,1.681,1.685,1.688,1.693,1.697,1.699,1.7,1.701,1.702,1.704,1.705,1.708,1.709,1.71,1.711,1.713,1.717,1.719,1.719,1.72,1.72,1.723,1.726,1.729,1.734,1.739,1.74,1.741,1.747,1.751,1.752,1.753,1.755,1.756,1.759,1.758,1.758,1.758,1.758,1.756,1.756,1.756,1.762,Ondansetron_44,Ondansetron,-3.958607314841775,Cc1nccn1C[C@@H]1CCc2c(c3ccccc3n2C)C1=O
0.835,0.82,0.814,0.811,0.811,0.811,0.813,0.814,0.814,0.816,0.814,0.814,0.814,0.813,0.813,0.813,0.812,0.813,0.816,0.822,0.822,0.826,0.83,0.837,0.838,0.837,0.834,0.83,0.827,0.822,0.821,0.816,0.81,0.808,0.805,0.802,0.797,0.793,0.789,0.786,0.782,0.775,0.772,0.765,0.756,0.751,0.749,0.744,0.736,0.727,0.715,0.71,0.703,0.696,0.696,0.697,0.699,0.7,0.71,0.726,0.761,0.827,0.949,1.154,1.457,1.722,1.62,1.585,1.465,1.418,1.418,1.041,0.706,0.597,0.597,0.642,0.844,1.413,2.255,3.348,4.414,5.255,5.495,5.787,6.256,6.647,7.138,7.603,8.062,8.407,8.68,8.724,8.447,8.189,7.816,7.375,6.934,6.391,5.884,5.568,5.302,4.798,3.715,2.452,1.596,0.891,0.594,0.561,0.569,0.569,0.837,1.236,1.361,1.36,1.502,1.528,1.631,1.562,1.229,0.997,0.845,0.754,0.706,0.689,0.679,0.673,0.666,0.665,0.665,0.668,0.679,0.687,0.696,0.699,0.711,0.718,0.721,0.728,0.731,0.737,0.742,0.745,0.751,0.76,0.766,0.767,0.768,0.768,0.769,0.776,0.78,0.78,0.782,0.785,0.788,0.789,0.791,0.791,0.791,0.791,0.791,0.794,0.798,0.8,0.801,0.806,0.811,0.818,0.821,0.824,0.824,0.829,0.832,0.837,0.839,0.844,0.846,0.849,0.851,0.851,0.853,0.853,0.853,0.861,0.875,Sulfasalazine_95,Sulfasalazine,-6.318758762624412,O=C([O-])c1cc(/N=N/c2ccc(S(=O)(=O)/N=c3/cccc[nH]3)cc2)ccc1O
1.825,1.813,1.813,1.813,1.813,1.812,1.814,1.817,1.821,1.824,1.824,1.827,1.829,1.829,1.83,1.832,1.832,1.833,1.834,1.838,1.841,1.844,1.845,1.846,1.847,1.845,1.845,1.842,1.841,1.841,1.837,1.833,1.83,1.825,1.821,1.818,1.814,1.81,1.809,1.807,1.804,1.796,1.795,1.789,1.788,1.786,1.777,1.772,1.764,1.754,1.748,1.744,1.736,1.728,1.724,1.723,1.719,1.718,1.716,1.72,1.734,1.763,1.816,1.914,1.834,1.749,1.673,1.528,1.39,1.054,0.606,-0.139,-0.677,-1.155,-1.427,-1.521,-1.534,-1.528,-1.501,-1.254,-0.917,-0.463,0.107,0.755,1.421,2.034,2.399,2.582,2.756,2.814,2.803,2.803,2.804,2.838,2.757,2.557,2.344,1.846,1.113,0.405,-0.242,-0.766,-1.155,-1.443,-1.558,-1.558,-1.553,-1.476,-1.282,-0.86,-0.396,0.33,0.902,1.254,1.415,1.579,1.707,1.785,1.864,1.833,1.762,1.728,1.712,1.704,1.701,1.7,1.697,1.697,1.701,1.708,1.715,1.721,1.728,1.732,1.739,1.743,1.75,1.756,1.761,1.764,1.766,1.77,1.775,1.778,1.778,1.784,1.785,1.788,1.792,1.793,1.795,1.797,1.8,1.801,1.802,1.803,1.803,1.805,1.807,1.805,1.802,1.8,1.799,1.799,1.799,1.799,1.802,1.804,1.807,1.811,1.813,1.818,1.823,1.826,1.83,1.834,1.835,1.838,1.84,1.84,1.84,1.84,1.839,1.839,1.847,Propranolol_67,Propranolol,-3.769551078621726,CC(C)[NH2+]C[C@H](O)COc1cccc2ccccc12
1.283,1.26,1.248,1.244,1.244,1.244,1.245,1.25,1.249,1.249,1.247,1.247,1.247,1.248,1.249,1.249,1.25,1.252,1.255,1.257,1.263,1.267,1.27,1.273,1.274,1.276,1.272,1.269,1.265,1.259,1.249,1.24,1.231,1.225,1.217,1.207,1.203,1.198,1.19,1.181,1.178,1.172,1.171,1.16,1.15,1.142,1.129,1.117,1.102,1.087,1.079,1.063,1.05,1.043,1.036,1.033,1.033,1.035,1.046,1.051,1.094,1.172,1.315,1.546,1.726,1.755,1.8,1.904,2.109,2.305,2.082,1.513,1.136,1.106,1.137,1.27,1.731,2.718,4.253,6.246,8.408,10.518,11.609,12.866,14.307,14.932,15.455,16.008,16.689,17.109,17.25,17.437,17.396,17.033,16.453,15.911,15.362,14.684,13.844,12.131,11.032,9.082,6.96,4.851,3.07,1.909,1.205,1.004,0.969,1.002,1.27,1.79,2.154,2.189,1.976,1.825,1.772,1.715,1.618,1.358,1.171,1.092,1.045,1.024,1.015,1.011,1.01,1.013,1.015,1.022,1.038,1.051,1.06,1.072,1.086,1.095,1.103,1.115,1.127,1.129,1.138,1.148,1.16,1.166,1.175,1.181,1.183,1.188,1.196,1.2,1.202,1.205,1.207,1.208,1.215,1.216,1.219,1.22,1.222,1.227,1.229,1.228,1.234,1.237,1.242,1.244,1.256,1.264,1.271,1.275,1.28,1.283,1.285,1.289,1.297,1.299,1.3,1.3,1.3,1.306,1.307,1.309,1.31,1.315,1.329,Cefatrizine_42,Cefatrizine,-5.6020599913279625,[NH3+][C@@H](C(=O)N[C@H]1C(=O)N2C(C(=O)[O-])=C(CSc3cnn[nH]3)CS[C@H]12)c1ccc(O)cc1
1.11,1.095,1.093,1.09,1.09,1.089,1.089,1.09,1.091,1.095,1.096,1.096,1.095,1.094,1.092,1.092,1.092,1.093,1.095,1.099,1.104,1.107,1.113,1.115,1.115,1.115,1.114,1.109,1.105,1.097,1.096,1.093,1.086,1.079,1.075,1.07,1.063,1.059,1.059,1.056,1.051,1.044,1.038,1.031,1.028,1.021,1.018,1.01,1.0,0.986,0.979,0.97,0.963,0.955,0.95,0.948,0.948,0.948,0.952,0.961,0.984,1.025,1.117,1.26,1.468,1.747,1.973,1.618,1.188,0.771,0.348,-0.088,-0.512,-0.737,-0.804,-0.804,-0.75,-0.439,0.089,0.763,1.536,2.34,3.237,4.062,4.904,5.796,6.514,7.048,7.481,7.417,7.389,7.385,7.385,7.462,7.571,6.871,6.155,5.331,4.486,3.581,2.633,1.747,0.969,0.161,-0.384,-0.754,-0.861,-0.889,-0.84,-0.658,-0.291,0.18,0.58,0.994,1.431,1.825,1.85,1.545,1.314,1.146,1.041,0.982,0.953,0.944,0.941,0.941,0.941,0.943,0.946,0.951,0.962,0.971,0.977,0.987,0.993,0.998,1.01,1.013,1.016,1.02,1.021,1.03,1.034,1.039,1.045,1.052,1.054,1.058,1.054,1.054,1.054,1.061,1.063,1.066,1.067,1.068,1.073,1.073,1.073,1.076,1.073,1.074,1.076,1.077,1.079,1.085,1.09,1.094,1.098,1.103,1.108,1.11,1.111,1.115,1.116,1.122,1.124,1.124,1.126,1.129,1.13,1.131,1.131,1.132,1.151,Trimethoprim_125,Trimethoprim,-4.2839966563652006,COc1cc(Cc2c[nH+]c(N)nc2N)cc(OC)c1OC
2.646,2.63,2.629,2.629,2.629,2.627,2.627,2.632,2.631,2.635,2.639,2.641,2.643,2.646,2.647,2.648,2.647,2.648,2.648,2.649,2.651,2.654,2.656,2.657,2.659,2.657,2.656,2.65,2.645,2.642,2.637,2.633,2.629,2.623,2.615,2.608,2.605,2.601,2.601,2.594,2.593,2.585,2.58,2.569,2.564,2.559,2.552,2.541,2.537,2.526,2.515,2.504,2.497,2.489,2.477,2.476,2.472,2.471,2.471,2.471,2.48,2.512,2.579,2.572,2.421,2.242,1.925,1.379,0.807,0.326,-0.106,-0.424,-0.704,-0.869,-0.906,-0.877,-0.768,-0.512,-0.009,0.64,1.459,2.259,2.622,2.903,3.164,3.351,3.266,3.143,3.079,3.026,2.991,2.991,2.994,3.031,3.145,3.23,3.376,3.447,3.171,2.93,2.689,1.962,0.992,0.208,-0.366,-0.759,-0.899,-0.938,-0.923,-0.794,-0.554,-0.263,0.152,0.596,1.138,1.72,2.139,2.338,2.494,2.601,2.528,2.491,2.473,2.463,2.459,2.458,2.46,2.467,2.472,2.479,2.485,2.495,2.505,2.517,2.527,2.539,2.543,2.548,2.553,2.555,2.556,2.559,2.571,2.576,2.583,2.585,2.589,2.593,2.593,2.596,2.6,2.602,2.605,2.608,2.611,2.614,2.614,2.615,2.615,2.611,2.609,2.608,2.606,2.605,2.605,2.607,2.61,2.609,2.612,2.616,2.622,2.627,2.63,2.636,2.64,2.644,2.649,2.651,2.651,2.655,2.657,2.657,2.656,2.658,2.672,Acrivastine_8,Acrivastine,-5.657577319177793,Cc1ccc(/C(=C\C[NH+]2CCCC2)c2cccc(/C=C\C(=O)[O-])[nH+]2)cc1
1.261,1.252,1.251,1.251,1.25,1.25,1.251,1.254,1.253,1.253,1.251,1.252,1.253,1.252,1.253,1.254,1.255,1.255,1.256,1.258,1.26,1.264,1.266,1.265,1.264,1.264,1.263,1.26,1.256,1.252,1.25,1.245,1.239,1.232,1.228,1.222,1.217,1.213,1.211,1.209,1.199,1.196,1.193,1.19,1.186,1.179,1.171,1.163,1.15,1.141,1.132,1.124,1.117,1.11,1.104,1.104,1.106,1.106,1.108,1.117,1.133,1.167,1.23,1.335,1.388,1.388,1.416,1.483,1.526,1.528,1.514,1.254,1.14,1.118,1.118,1.22,1.632,2.188,2.716,3.342,4.025,4.764,5.66,6.517,7.44,8.048,8.573,9.014,9.273,9.219,9.197,9.198,9.207,9.285,9.336,8.945,8.353,7.778,6.85,6.037,5.075,4.238,3.484,2.909,2.394,1.722,1.292,1.08,1.046,1.064,1.103,1.343,1.422,1.504,1.505,1.425,1.388,1.38,1.378,1.247,1.175,1.132,1.116,1.112,1.106,1.104,1.102,1.102,1.104,1.111,1.119,1.129,1.134,1.144,1.148,1.154,1.162,1.168,1.179,1.183,1.186,1.19,1.196,1.199,1.205,1.209,1.213,1.218,1.22,1.223,1.226,1.227,1.229,1.23,1.232,1.234,1.237,1.238,1.237,1.239,1.239,1.241,1.243,1.244,1.249,1.25,1.253,1.258,1.26,1.265,1.267,1.27,1.272,1.276,1.276,1.278,1.278,1.278,1.281,1.283,1.283,1.282,1.282,1.284,1.292,Sumatriptan_99,Sumatriptan,-5.721246399047171,C[N-]S(=O)(=O)Cc1ccc2[nH]cc(CC[NH+](C)C)c2c1
1.295,1.285,1.275,1.274,1.275,1.275,1.276,1.281,1.282,1.285,1.285,1.285,1.286,1.286,1.285,1.284,1.284,1.285,1.289,1.294,1.3,1.307,1.311,1.316,1.317,1.316,1.315,1.31,1.307,1.304,1.298,1.29,1.288,1.282,1.273,1.266,1.261,1.258,1.257,1.253,1.252,1.248,1.247,1.243,1.238,1.232,1.225,1.215,1.205,1.197,1.185,1.178,1.166,1.159,1.154,1.151,1.151,1.156,1.165,1.185,1.219,1.286,1.413,1.607,1.866,2.135,2.327,2.418,2.262,2.045,1.535,0.86,0.256,-0.098,-0.208,-0.218,-0.163,0.067,0.898,2.033,3.45,4.687,6.851,7.959,9.045,9.922,10.62,11.226,11.694,11.696,11.683,11.683,11.687,11.888,11.665,11.171,10.498,9.569,8.517,7.125,5.775,3.943,2.42,1.163,0.277,-0.194,-0.291,-0.306,-0.237,0.067,0.593,1.273,1.894,2.194,2.37,2.354,2.199,1.937,1.678,1.461,1.308,1.219,1.172,1.158,1.147,1.141,1.138,1.139,1.141,1.142,1.147,1.158,1.167,1.175,1.183,1.186,1.192,1.202,1.205,1.208,1.209,1.221,1.227,1.232,1.236,1.244,1.246,1.248,1.248,1.25,1.254,1.256,1.256,1.257,1.26,1.262,1.264,1.266,1.266,1.269,1.272,1.27,1.269,1.269,1.273,1.277,1.277,1.288,1.299,1.302,1.304,1.308,1.311,1.316,1.316,1.317,1.318,1.321,1.325,1.325,1.326,1.33,1.331,1.333,1.341,Cephalexin_46,Cephalexin,-6.318758762624412,CC1=C(C(=O)O)N2C(=O)[C@H](NC(=O)[C@H](N)c3ccccc3)[C@@H]2SC1
3.251,3.229,3.216,3.213,3.212,3.215,3.215,3.228,3.237,3.241,3.249,3.252,3.253,3.256,3.254,3.254,3.255,3.257,3.262,3.27,3.28,3.283,3.287,3.296,3.299,3.299,3.297,3.292,3.288,3.287,3.282,3.276,3.276,3.271,3.262,3.255,3.248,3.244,3.242,3.242,3.242,3.239,3.235,3.231,3.226,3.219,3.212,3.204,3.19,3.18,3.168,3.154,3.142,3.134,3.128,3.123,3.123,3.122,3.126,3.151,3.203,3.304,3.47,3.733,4.089,4.466,4.186,3.769,3.148,2.381,1.3,0.065,-1.087,-2.033,-2.653,-2.977,-2.977,-2.984,-2.849,-2.403,-1.653,-0.925,-0.171,0.863,1.716,2.335,3.123,3.802,4.592,4.859,4.847,4.839,4.85,4.799,4.103,3.455,2.789,2.207,1.288,0.381,-0.549,-1.315,-2.106,-2.67,-2.916,-2.954,-2.954,-2.776,-2.277,-1.444,-0.368,0.831,1.957,2.856,3.492,3.996,4.321,4.193,3.801,3.511,3.311,3.188,3.12,3.088,3.071,3.065,3.06,3.06,3.061,3.065,3.074,3.088,3.099,3.11,3.122,3.129,3.136,3.144,3.143,3.144,3.147,3.16,3.169,3.178,3.181,3.189,3.195,3.194,3.194,3.195,3.196,3.196,3.202,3.205,3.207,3.21,3.212,3.21,3.21,3.204,3.202,3.196,3.196,3.194,3.194,3.195,3.197,3.207,3.214,3.223,3.231,3.238,3.245,3.248,3.252,3.261,3.268,3.271,3.272,3.274,3.277,3.277,3.277,3.281,3.296,Dexamethasone_59,Dexamethasone,-4.698970004336019,C[C@@H]1C[C@H]2[C@@H]3CCC4=CC(=O)C=C[C@]4(C)[C@@]3(F)[C@@H](O)C[C@]2(C)[C@]1(O)C(=O)CO
0.154,0.141,0.136,0.135,0.134,0.134,0.133,0.132,0.132,0.133,0.132,0.131,0.13,0.129,0.128,0.127,0.127,0.129,0.13,0.135,0.139,0.144,0.15,0.151,0.151,0.152,0.15,0.147,0.142,0.14,0.134,0.13,0.128,0.122,0.117,0.113,0.111,0.108,0.104,0.102,0.097,0.096,0.094,0.089,0.084,0.077,0.072,0.067,0.06,0.051,0.044,0.038,0.033,0.029,0.027,0.026,0.028,0.032,0.04,0.06,0.09,0.146,0.242,0.381,0.568,0.811,1.021,1.197,1.302,1.219,1.066,0.792,0.466,0.298,0.24,0.24,0.31,0.487,0.912,1.519,2.283,3.215,4.28,5.38,6.499,7.42,8.16,8.711,8.763,8.691,8.684,8.685,8.686,8.764,8.935,8.506,7.783,6.83,5.7,4.564,3.457,2.471,1.645,1.006,0.494,0.252,0.167,0.167,0.197,0.308,0.61,0.984,1.157,1.282,1.242,1.093,0.88,0.647,0.436,0.272,0.162,0.091,0.055,0.041,0.032,0.028,0.025,0.025,0.025,0.027,0.033,0.042,0.048,0.054,0.058,0.061,0.067,0.07,0.072,0.077,0.083,0.086,0.093,0.099,0.102,0.103,0.103,0.105,0.106,0.107,0.112,0.112,0.113,0.115,0.115,0.115,0.117,0.118,0.12,0.12,0.123,0.125,0.127,0.131,0.135,0.14,0.144,0.148,0.156,0.161,0.161,0.161,0.162,0.161,0.162,0.164,0.166,0.167,0.167,0.169,0.171,0.174,0.175,0.177,0.19,Lamotrigine_99,Lamotrigine,-4.055517327849832,Nc1nnc(-c2cccc(Cl)c2Cl)c(N)n1
1.945,1.93,1.927,1.927,1.927,1.926,1.928,1.933,1.936,1.936,1.939,1.939,1.942,1.944,1.945,1.946,1.946,1.947,1.948,1.952,1.956,1.957,1.959,1.959,1.959,1.961,1.961,1.961,1.958,1.954,1.951,1.947,1.945,1.943,1.937,1.932,1.929,1.923,1.923,1.921,1.911,1.91,1.905,1.902,1.899,1.895,1.885,1.877,1.872,1.861,1.856,1.847,1.841,1.834,1.826,1.823,1.821,1.82,1.818,1.822,1.841,1.877,1.952,1.926,1.836,1.762,1.653,1.454,1.203,0.932,0.591,-0.087,-0.748,-1.254,-1.501,-1.569,-1.577,-1.533,-1.377,-1.031,-0.784,-0.427,-0.041,0.442,1.031,1.631,2.323,2.643,2.987,3.049,3.039,3.038,3.041,3.086,2.803,2.587,2.224,1.38,0.707,0.121,-0.276,-0.666,-0.949,-1.325,-1.5,-1.594,-1.61,-1.572,-1.361,-0.985,-0.357,0.388,0.819,1.108,1.339,1.547,1.703,1.791,1.873,1.963,1.877,1.831,1.807,1.804,1.801,1.797,1.797,1.797,1.803,1.809,1.816,1.825,1.831,1.836,1.839,1.848,1.855,1.865,1.871,1.871,1.873,1.879,1.883,1.888,1.889,1.89,1.893,1.898,1.902,1.902,1.907,1.908,1.909,1.912,1.914,1.913,1.914,1.915,1.916,1.916,1.915,1.912,1.912,1.912,1.912,1.914,1.915,1.919,1.923,1.927,1.929,1.935,1.939,1.943,1.948,1.951,1.954,1.955,1.958,1.959,1.959,1.96,1.96,1.96,1.972,Metoprolol_23,Metoprolol,-3.823908740944319,COCCc1ccc(OC[C@@H](O)C[NH2+]C(C)C)cc1
1.644,1.633,1.628,1.626,1.626,1.627,1.627,1.628,1.633,1.636,1.638,1.639,1.64,1.639,1.639,1.64,1.638,1.638,1.639,1.64,1.644,1.646,1.65,1.652,1.653,1.652,1.65,1.649,1.647,1.645,1.642,1.638,1.633,1.629,1.624,1.616,1.613,1.607,1.604,1.601,1.594,1.59,1.587,1.582,1.58,1.577,1.57,1.563,1.555,1.543,1.534,1.528,1.522,1.513,1.505,1.502,1.501,1.502,1.503,1.513,1.521,1.557,1.614,1.713,1.858,2.006,2.143,2.147,1.853,1.486,1.062,0.661,0.401,0.27,0.27,0.32,0.42,0.834,1.516,2.37,3.287,4.151,4.959,5.716,6.339,6.872,7.287,7.416,7.253,7.176,7.149,7.148,7.161,7.281,7.53,7.494,7.246,6.854,6.185,5.383,4.484,3.54,2.601,1.687,0.933,0.417,0.195,0.187,0.187,0.243,0.48,0.864,1.303,1.689,2.051,2.19,2.047,1.898,1.748,1.633,1.563,1.52,1.504,1.503,1.498,1.497,1.497,1.498,1.502,1.51,1.521,1.529,1.536,1.541,1.546,1.557,1.564,1.571,1.575,1.579,1.58,1.583,1.589,1.592,1.596,1.601,1.605,1.608,1.609,1.61,1.611,1.612,1.614,1.619,1.62,1.622,1.623,1.625,1.626,1.631,1.631,1.631,1.631,1.632,1.635,1.64,1.642,1.645,1.649,1.652,1.652,1.657,1.659,1.661,1.662,1.662,1.666,1.666,1.666,1.666,1.666,1.665,1.665,1.668,1.672,Ondansetron_45,Ondansetron,-3.958607314841775,Cc1[nH+]ccn1C[C@@H]1CCc2c(c3ccccc3n2C)C1=O
0.254,0.241,0.237,0.236,0.235,0.235,0.236,0.237,0.233,0.233,0.23,0.23,0.227,0.227,0.227,0.226,0.227,0.227,0.229,0.232,0.238,0.241,0.244,0.246,0.247,0.247,0.244,0.242,0.239,0.236,0.23,0.228,0.221,0.215,0.208,0.202,0.199,0.196,0.194,0.19,0.187,0.185,0.181,0.173,0.168,0.161,0.157,0.148,0.143,0.134,0.126,0.118,0.112,0.109,0.108,0.11,0.112,0.116,0.127,0.144,0.171,0.231,0.329,0.507,0.76,1.115,1.489,1.644,1.689,1.711,1.67,1.496,1.405,1.405,1.459,1.664,2.1,2.819,3.949,5.237,6.418,7.707,8.578,9.202,9.794,10.314,10.817,11.347,11.728,11.995,11.968,11.968,11.991,12.031,11.584,11.155,10.622,10.061,9.483,8.899,8.196,6.753,5.552,4.245,3.067,2.155,1.635,1.402,1.324,1.324,1.374,1.515,1.656,1.653,1.653,1.513,1.267,0.88,0.583,0.38,0.25,0.174,0.138,0.121,0.114,0.11,0.104,0.102,0.102,0.104,0.113,0.119,0.124,0.133,0.138,0.143,0.151,0.156,0.163,0.167,0.173,0.175,0.182,0.188,0.194,0.198,0.199,0.203,0.203,0.204,0.205,0.209,0.211,0.213,0.213,0.214,0.217,0.218,0.22,0.223,0.225,0.226,0.231,0.233,0.24,0.245,0.248,0.253,0.256,0.258,0.264,0.268,0.269,0.27,0.271,0.273,0.271,0.271,0.271,0.27,0.27,0.276,0.277,0.28,0.289,Furosemide_79,Furosemide,-6.2076083105017466,NS(=O)(=O)c1cc(C(=O)[O-])c(NCc2ccco2)cc1Cl
0.865,0.852,0.847,0.846,0.846,0.847,0.848,0.849,0.849,0.852,0.852,0.852,0.85,0.85,0.847,0.847,0.847,0.848,0.849,0.853,0.856,0.859,0.863,0.866,0.867,0.864,0.86,0.86,0.858,0.855,0.846,0.844,0.839,0.835,0.834,0.829,0.826,0.823,0.822,0.819,0.816,0.812,0.807,0.803,0.803,0.798,0.791,0.785,0.776,0.77,0.765,0.759,0.753,0.751,0.751,0.751,0.755,0.758,0.763,0.768,0.785,0.831,0.918,1.063,1.295,1.634,1.953,2.131,2.082,1.892,1.553,1.363,1.264,1.264,1.324,1.471,1.832,2.454,3.219,3.796,4.359,4.967,5.59,6.242,6.795,7.274,7.62,7.834,8.099,8.373,8.561,8.561,8.594,8.356,8.087,7.889,7.642,7.229,6.715,5.967,5.225,4.584,3.981,3.46,2.748,1.989,1.522,1.312,1.236,1.236,1.282,1.461,1.758,1.992,2.136,2.005,1.756,1.387,1.127,0.944,0.84,0.781,0.753,0.741,0.73,0.727,0.723,0.719,0.719,0.72,0.729,0.735,0.742,0.748,0.756,0.761,0.767,0.771,0.772,0.776,0.78,0.787,0.796,0.801,0.804,0.807,0.81,0.815,0.817,0.819,0.82,0.82,0.824,0.824,0.828,0.828,0.829,0.83,0.831,0.832,0.829,0.829,0.831,0.831,0.831,0.831,0.838,0.845,0.848,0.851,0.851,0.856,0.86,0.865,0.866,0.866,0.868,0.871,0.874,0.873,0.873,0.873,0.873,0.879,0.891,Olsalazine_41,Olsalazine,-7.318758762624412,O=C([O-])C1=C/C(=N/Nc2ccc(O)c(C(=O)[O-])c2)C=CC1=O
1.303,1.286,1.281,1.278,1.279,1.28,1.282,1.284,1.287,1.292,1.297,1.299,1.3,1.306,1.306,1.306,1.306,1.306,1.308,1.311,1.312,1.314,1.315,1.316,1.316,1.315,1.312,1.311,1.31,1.309,1.309,1.307,1.306,1.308,1.305,1.301,1.295,1.291,1.289,1.287,1.285,1.283,1.275,1.273,1.269,1.266,1.26,1.258,1.247,1.243,1.238,1.226,1.217,1.21,1.204,1.201,1.197,1.194,1.194,1.202,1.222,1.256,1.321,1.416,1.54,1.416,1.252,1.099,0.918,0.653,0.39,0.008,-0.343,-0.504,-0.591,-0.571,-0.466,-0.098,0.383,1.161,1.956,2.622,3.453,4.03,5.09,5.846,6.503,7.128,7.71,8.041,8.052,8.018,8.018,7.93,7.46,6.834,6.166,5.507,4.502,3.93,3.021,2.383,1.678,0.857,0.086,-0.32,-0.524,-0.524,-0.501,-0.434,-0.109,0.223,0.539,0.794,1.029,1.169,1.321,1.445,1.439,1.32,1.244,1.196,1.172,1.161,1.156,1.156,1.156,1.157,1.16,1.167,1.172,1.178,1.185,1.194,1.201,1.211,1.218,1.22,1.221,1.222,1.224,1.229,1.235,1.242,1.246,1.25,1.253,1.255,1.26,1.262,1.264,1.266,1.266,1.266,1.266,1.269,1.272,1.271,1.271,1.269,1.267,1.266,1.266,1.266,1.267,1.268,1.27,1.275,1.277,1.283,1.285,1.29,1.291,1.296,1.298,1.301,1.304,1.308,1.307,1.307,1.307,1.307,1.308,1.312,1.32,Terbutaline_104,Terbutaline,-6.0,CC(C)(C)[NH2+]C[C@H](O)c1cc(O)cc(O)c1
0.718,0.711,0.709,0.709,0.71,0.71,0.711,0.712,0.713,0.713,0.712,0.713,0.712,0.712,0.712,0.711,0.711,0.711,0.714,0.715,0.721,0.723,0.728,0.728,0.729,0.728,0.726,0.726,0.724,0.72,0.718,0.713,0.711,0.709,0.701,0.698,0.696,0.694,0.694,0.692,0.692,0.691,0.69,0.688,0.687,0.681,0.679,0.674,0.669,0.664,0.659,0.653,0.649,0.642,0.639,0.639,0.639,0.643,0.647,0.657,0.671,0.699,0.758,0.859,0.997,1.167,1.171,1.115,1.016,0.859,0.611,0.336,0.12,0.024,0.024,0.043,0.105,0.344,0.793,1.445,2.27,3.216,4.232,5.217,6.024,6.53,6.864,6.753,6.604,6.539,6.537,6.537,6.538,6.669,6.878,7.098,6.895,6.374,5.55,4.552,3.508,2.514,1.639,0.927,0.406,0.097,-0.009,-0.009,-0.03,0.031,0.233,0.509,0.787,0.975,1.09,1.16,1.181,1.054,0.901,0.789,0.718,0.676,0.654,0.649,0.647,0.645,0.642,0.642,0.642,0.644,0.65,0.654,0.659,0.661,0.665,0.669,0.671,0.673,0.675,0.677,0.679,0.684,0.689,0.691,0.693,0.694,0.697,0.698,0.698,0.699,0.699,0.701,0.701,0.701,0.703,0.704,0.705,0.705,0.706,0.706,0.709,0.71,0.711,0.712,0.712,0.714,0.716,0.721,0.727,0.727,0.727,0.727,0.73,0.732,0.728,0.728,0.73,0.731,0.735,0.735,0.737,0.737,0.738,0.738,0.741,Propylthiouracil_68,Propylthiouracil,-4.3872161432802645,CCCc1cc(=O)[nH]c(=S)[nH]1
-0.086,-0.101,-0.108,-0.11,-0.111,-0.111,-0.11,-0.11,-0.112,-0.114,-0.114,-0.116,-0.119,-0.119,-0.122,-0.122,-0.122,-0.119,-0.116,-0.111,-0.105,-0.103,-0.097,-0.096,-0.096,-0.096,-0.097,-0.099,-0.104,-0.107,-0.11,-0.114,-0.119,-0.122,-0.127,-0.13,-0.134,-0.139,-0.139,-0.142,-0.146,-0.149,-0.151,-0.153,-0.158,-0.163,-0.167,-0.173,-0.178,-0.187,-0.193,-0.201,-0.205,-0.21,-0.21,-0.21,-0.209,-0.203,-0.193,-0.178,-0.144,-0.087,0.017,0.182,0.421,0.728,1.046,1.352,1.305,1.24,1.132,0.67,0.393,0.346,0.299,0.299,0.45,0.851,1.541,2.482,3.554,4.691,5.586,6.312,6.871,7.387,7.747,7.807,7.616,7.486,7.46,7.46,7.483,7.659,7.888,7.963,7.617,7.147,6.579,5.856,4.953,3.844,2.741,1.727,0.951,0.455,0.246,0.217,0.217,0.257,0.478,0.873,1.17,1.248,1.329,1.168,0.846,0.521,0.261,0.063,-0.07,-0.144,-0.182,-0.202,-0.21,-0.213,-0.217,-0.217,-0.217,-0.213,-0.209,-0.202,-0.198,-0.189,-0.184,-0.181,-0.175,-0.173,-0.169,-0.166,-0.16,-0.157,-0.156,-0.148,-0.143,-0.143,-0.141,-0.14,-0.141,-0.141,-0.136,-0.136,-0.135,-0.135,-0.134,-0.134,-0.132,-0.129,-0.129,-0.127,-0.123,-0.123,-0.122,-0.116,-0.113,-0.106,-0.101,-0.099,-0.095,-0.091,-0.086,-0.087,-0.087,-0.086,-0.086,-0.085,-0.082,-0.08,-0.079,-0.079,-0.075,-0.073,-0.072,-0.068,-0.059,Chlorothiazide_49,Chlorothiazide,-6.522878745280337,NS(=O)(=O)c1cc2c(cc1Cl)NC=NS2(=O)=O
0.217,0.2,0.193,0.191,0.19,0.19,0.191,0.191,0.19,0.192,0.193,0.191,0.191,0.19,0.188,0.188,0.188,0.191,0.194,0.199,0.204,0.208,0.211,0.214,0.216,0.216,0.212,0.21,0.206,0.204,0.201,0.198,0.195,0.187,0.182,0.176,0.171,0.167,0.163,0.16,0.156,0.153,0.149,0.144,0.139,0.133,0.129,0.12,0.112,0.102,0.094,0.083,0.079,0.068,0.068,0.068,0.07,0.077,0.088,0.105,0.141,0.217,0.337,0.545,0.818,1.18,1.592,1.739,1.726,1.657,1.484,1.194,0.924,0.845,0.845,0.876,1.144,1.714,2.679,3.83,5.195,6.657,7.53,8.527,9.602,10.596,11.493,12.32,12.878,12.999,12.98,12.98,12.994,13.169,12.655,11.971,11.078,10.038,8.973,7.955,6.964,5.563,4.107,2.967,1.885,1.169,0.833,0.74,0.735,0.779,0.987,1.34,1.628,1.665,1.701,1.613,1.315,0.924,0.607,0.386,0.231,0.14,0.091,0.071,0.064,0.06,0.054,0.052,0.052,0.057,0.063,0.07,0.076,0.087,0.095,0.1,0.108,0.113,0.118,0.123,0.129,0.13,0.138,0.146,0.15,0.152,0.156,0.158,0.159,0.162,0.163,0.166,0.167,0.169,0.169,0.17,0.171,0.174,0.178,0.179,0.182,0.183,0.19,0.192,0.197,0.204,0.21,0.211,0.217,0.221,0.228,0.231,0.231,0.231,0.233,0.232,0.234,0.234,0.234,0.234,0.234,0.241,0.241,0.243,0.252,Furosemide_78,Furosemide,-6.2076083105017466,NS(=O)(=O)c1cc(C(=O)O)c(NCc2ccco2)cc1Cl
0.724,0.699,0.685,0.682,0.682,0.682,0.684,0.685,0.688,0.69,0.689,0.686,0.688,0.687,0.682,0.681,0.68,0.681,0.688,0.692,0.706,0.713,0.713,0.716,0.72,0.719,0.718,0.718,0.715,0.708,0.701,0.695,0.691,0.682,0.672,0.661,0.652,0.646,0.638,0.635,0.632,0.624,0.62,0.61,0.602,0.594,0.583,0.572,0.561,0.546,0.537,0.52,0.509,0.493,0.491,0.492,0.492,0.5,0.519,0.552,0.612,0.718,0.918,1.231,1.65,2.168,2.563,2.542,2.538,2.431,2.187,1.51,0.978,0.823,0.786,0.819,1.123,1.935,3.275,5.088,7.176,9.509,11.223,12.384,13.473,14.558,15.637,16.547,17.447,18.038,18.014,18.014,18.026,17.986,17.117,16.206,15.134,14.105,12.928,11.776,10.208,7.782,5.569,3.652,2.134,1.151,0.689,0.674,0.621,0.741,1.193,1.825,2.281,2.439,2.464,2.506,2.407,1.815,1.342,0.987,0.754,0.608,0.534,0.499,0.487,0.478,0.473,0.473,0.473,0.476,0.489,0.502,0.518,0.526,0.537,0.548,0.556,0.566,0.572,0.578,0.586,0.597,0.603,0.613,0.623,0.627,0.631,0.631,0.637,0.641,0.644,0.646,0.649,0.65,0.653,0.655,0.658,0.66,0.662,0.665,0.672,0.674,0.681,0.688,0.692,0.702,0.709,0.719,0.725,0.726,0.733,0.738,0.743,0.745,0.746,0.75,0.749,0.752,0.754,0.756,0.756,0.761,0.761,0.768,0.787,Cefuroxime_44,Cefuroxime,-6.795880017344075,CO/N=C(\C(=O)N[C@@H]1C(=O)N2C(C(=O)O)=C(COC(N)=O)CS[C@@H]12)c1ccco1
1.423,1.408,1.397,1.395,1.394,1.395,1.396,1.399,1.403,1.404,1.401,1.401,1.404,1.406,1.405,1.405,1.403,1.403,1.404,1.409,1.414,1.419,1.424,1.427,1.426,1.424,1.422,1.419,1.413,1.406,1.399,1.398,1.39,1.383,1.38,1.375,1.368,1.364,1.358,1.357,1.349,1.348,1.345,1.34,1.333,1.326,1.316,1.307,1.297,1.282,1.277,1.262,1.254,1.251,1.24,1.24,1.239,1.239,1.239,1.249,1.278,1.321,1.419,1.582,1.819,1.907,1.958,2.045,2.006,1.78,1.421,0.85,0.517,0.431,0.431,0.53,0.899,1.627,2.653,3.897,5.34,6.901,8.295,9.626,10.04,10.344,10.49,10.574,10.691,10.884,11.223,11.351,11.111,10.902,10.902,10.849,10.849,10.569,10.126,8.961,7.48,5.917,4.414,3.141,1.952,1.026,0.519,0.361,0.361,0.413,0.66,1.173,1.664,1.899,2.097,1.98,1.908,1.874,1.602,1.447,1.334,1.27,1.236,1.217,1.212,1.212,1.212,1.213,1.219,1.228,1.237,1.247,1.258,1.267,1.277,1.288,1.294,1.302,1.305,1.31,1.314,1.319,1.331,1.339,1.343,1.348,1.356,1.356,1.359,1.359,1.366,1.367,1.369,1.37,1.372,1.374,1.378,1.379,1.38,1.38,1.38,1.379,1.379,1.381,1.383,1.386,1.391,1.397,1.405,1.408,1.411,1.415,1.422,1.425,1.426,1.431,1.432,1.435,1.437,1.437,1.437,1.439,1.44,1.441,1.459,Amoxicillin_26,Amoxicillin,-6.619788758288394,CC1(C)S[C@@H]2[C@H](NC(=O)[C@H]([NH3+])c3ccc(O)cc3)C(=O)N2[C@@H]1C(=O)[O-]
1.254,1.241,1.239,1.239,1.239,1.239,1.24,1.241,1.242,1.246,1.248,1.25,1.252,1.252,1.251,1.25,1.25,1.251,1.252,1.26,1.262,1.265,1.268,1.268,1.273,1.274,1.27,1.266,1.265,1.262,1.26,1.257,1.255,1.25,1.244,1.237,1.232,1.23,1.229,1.226,1.224,1.223,1.222,1.218,1.214,1.209,1.204,1.198,1.19,1.183,1.177,1.167,1.156,1.151,1.148,1.146,1.147,1.148,1.153,1.167,1.189,1.243,1.33,1.477,1.686,1.654,1.518,1.334,1.158,1.016,0.747,0.47,0.165,-0.026,-0.093,-0.076,0.0,0.327,0.947,1.858,3.025,4.355,5.553,6.616,7.67,8.379,9.105,9.666,10.108,10.288,10.277,10.277,10.283,10.4,9.926,9.341,8.675,7.934,7.082,5.995,4.774,3.439,2.173,1.163,0.444,0.02,-0.12,-0.162,-0.098,0.047,0.355,0.652,0.944,1.11,1.247,1.456,1.537,1.688,1.536,1.367,1.256,1.191,1.159,1.144,1.14,1.138,1.133,1.133,1.133,1.136,1.144,1.151,1.157,1.164,1.171,1.176,1.18,1.184,1.186,1.189,1.192,1.199,1.205,1.21,1.213,1.218,1.219,1.222,1.224,1.224,1.228,1.229,1.23,1.231,1.232,1.233,1.235,1.237,1.237,1.236,1.236,1.236,1.237,1.239,1.245,1.246,1.249,1.257,1.258,1.259,1.265,1.268,1.268,1.268,1.27,1.275,1.276,1.279,1.28,1.281,1.28,1.28,1.281,1.281,1.289,Pindolol_60,Pindolol,-4.229147988357856,CC(C)NC[C@@H](O)COc1cccc2[nH]ccc12
3.24,3.219,3.213,3.211,3.211,3.212,3.214,3.226,3.235,3.24,3.244,3.246,3.247,3.248,3.247,3.245,3.245,3.249,3.253,3.261,3.27,3.274,3.277,3.283,3.289,3.286,3.286,3.282,3.279,3.275,3.274,3.268,3.262,3.258,3.252,3.246,3.239,3.238,3.238,3.237,3.237,3.236,3.233,3.229,3.223,3.217,3.211,3.204,3.197,3.186,3.176,3.165,3.152,3.146,3.143,3.139,3.136,3.134,3.134,3.148,3.189,3.265,3.401,3.611,3.934,4.123,3.795,3.286,2.68,1.999,1.112,-0.052,-1.114,-2.071,-2.74,-3.119,-3.191,-3.191,-3.185,-2.941,-2.508,-1.981,-1.571,-1.062,-0.515,0.074,0.649,1.098,1.456,1.719,1.92,1.982,1.848,1.575,1.257,0.911,0.389,-0.206,-0.798,-1.329,-1.773,-2.267,-2.777,-3.093,-3.168,-3.168,-3.142,-2.882,-2.332,-1.488,-0.446,0.661,1.709,2.405,3.045,3.584,3.968,4.02,3.677,3.433,3.278,3.18,3.13,3.108,3.097,3.091,3.088,3.088,3.089,3.093,3.102,3.111,3.122,3.133,3.14,3.149,3.152,3.156,3.159,3.159,3.163,3.169,3.18,3.186,3.189,3.198,3.199,3.199,3.198,3.199,3.199,3.199,3.204,3.207,3.207,3.211,3.213,3.214,3.211,3.208,3.203,3.197,3.195,3.195,3.195,3.195,3.196,3.201,3.207,3.216,3.224,3.228,3.236,3.238,3.245,3.253,3.256,3.261,3.263,3.263,3.264,3.263,3.263,3.263,3.275,Corticosterone_58,Corticosterone,-3.853871964321762,C[C@]12C[C@@H](O)[C@@H]3[C@H](CCC4=CC(=O)CC[C@]43C)[C@H]1CC[C@@H]2C(=O)CO
1.265,1.255,1.253,1.252,1.251,1.251,1.253,1.257,1.259,1.261,1.263,1.264,1.266,1.266,1.265,1.265,1.265,1.267,1.269,1.272,1.277,1.281,1.282,1.285,1.286,1.286,1.286,1.283,1.282,1.279,1.277,1.275,1.274,1.27,1.267,1.263,1.261,1.259,1.259,1.258,1.257,1.255,1.255,1.253,1.25,1.245,1.243,1.238,1.232,1.228,1.224,1.221,1.215,1.212,1.21,1.209,1.207,1.207,1.209,1.216,1.234,1.268,1.333,1.429,1.569,1.578,1.492,1.352,1.166,0.932,0.633,0.063,-0.464,-0.892,-1.19,-1.337,-1.402,-1.397,-1.397,-1.327,-1.158,-0.889,-0.61,-0.311,-0.007,0.313,0.669,1.031,1.345,1.613,1.758,1.757,1.758,1.521,1.2,0.841,0.49,0.14,-0.184,-0.497,-0.793,-1.035,-1.286,-1.374,-1.398,-1.398,-1.371,-1.259,-1.021,-0.639,-0.129,0.473,0.818,1.068,1.27,1.425,1.536,1.584,1.458,1.345,1.267,1.226,1.205,1.192,1.188,1.185,1.183,1.183,1.183,1.185,1.189,1.194,1.199,1.202,1.205,1.211,1.213,1.217,1.22,1.22,1.221,1.227,1.229,1.231,1.234,1.236,1.239,1.239,1.239,1.24,1.242,1.243,1.244,1.245,1.246,1.248,1.248,1.249,1.247,1.247,1.245,1.242,1.241,1.241,1.242,1.242,1.245,1.248,1.251,1.254,1.257,1.261,1.265,1.266,1.269,1.272,1.272,1.275,1.276,1.277,1.277,1.279,1.278,1.279,1.284,Ketoprofen_94,Ketoprofen,-4.698970004336019,C[C@@H](C(=O)O)c1cccc(C(=O)c2ccccc2)c1
2.456,2.44,2.437,2.437,2.437,2.438,2.441,2.447,2.449,2.454,2.457,2.458,2.458,2.459,2.458,2.457,2.457,2.459,2.465,2.47,2.475,2.481,2.484,2.486,2.492,2.491,2.488,2.486,2.482,2.48,2.473,2.468,2.461,2.459,2.455,2.448,2.442,2.441,2.44,2.437,2.436,2.435,2.434,2.43,2.423,2.418,2.411,2.403,2.395,2.387,2.38,2.37,2.36,2.355,2.35,2.348,2.349,2.35,2.353,2.364,2.394,2.463,2.577,2.766,2.87,2.714,2.55,2.183,1.66,1.121,0.6,0.157,-0.438,-1.067,-1.431,-1.539,-1.56,-1.525,-1.391,-0.985,-0.435,0.264,1.095,1.986,2.558,2.942,3.262,3.571,3.894,4.228,4.524,4.833,4.456,4.132,3.851,3.556,3.203,2.826,2.29,1.399,0.521,-0.254,-0.832,-1.316,-1.542,-1.584,-1.563,-1.52,-1.272,-0.725,-0.043,0.407,0.904,1.453,1.963,2.429,2.634,2.795,2.789,2.618,2.478,2.397,2.353,2.335,2.328,2.324,2.32,2.319,2.319,2.323,2.332,2.342,2.35,2.356,2.365,2.369,2.372,2.375,2.382,2.384,2.388,2.395,2.402,2.408,2.412,2.415,2.416,2.418,2.421,2.421,2.421,2.425,2.425,2.429,2.431,2.433,2.433,2.435,2.435,2.434,2.432,2.43,2.429,2.428,2.428,2.429,2.434,2.441,2.445,2.45,2.457,2.461,2.464,2.468,2.47,2.474,2.477,2.483,2.483,2.482,2.484,2.485,2.486,2.487,2.495,Acrivastine_6,Acrivastine,-5.657577319177793,Cc1ccc(/C(=C\CN2CCCC2)c2cccc(/C=C\C(=O)O)n2)cc1
0.734,0.725,0.724,0.723,0.722,0.723,0.72,0.72,0.719,0.721,0.72,0.72,0.718,0.714,0.714,0.714,0.714,0.714,0.715,0.717,0.718,0.725,0.728,0.728,0.729,0.728,0.725,0.723,0.719,0.716,0.71,0.707,0.701,0.695,0.69,0.686,0.682,0.679,0.678,0.678,0.673,0.667,0.664,0.662,0.659,0.653,0.643,0.639,0.63,0.626,0.618,0.612,0.611,0.612,0.612,0.614,0.619,0.621,0.623,0.635,0.649,0.693,0.771,0.907,1.119,1.437,1.85,2.037,1.956,1.834,1.733,1.733,1.753,1.847,2.023,2.399,3.012,3.783,4.4,4.963,5.702,6.442,7.164,7.652,8.194,8.551,8.518,8.273,8.167,8.134,8.134,8.125,8.148,8.25,8.426,8.692,8.796,8.609,8.152,7.53,6.774,5.967,5.231,4.58,3.921,3.262,2.542,2.077,1.851,1.741,1.721,1.689,1.763,1.894,2.029,1.981,1.576,1.231,0.977,0.812,0.705,0.656,0.628,0.616,0.606,0.597,0.593,0.591,0.592,0.592,0.595,0.604,0.609,0.617,0.624,0.631,0.637,0.64,0.643,0.645,0.652,0.657,0.661,0.671,0.676,0.678,0.683,0.687,0.689,0.691,0.691,0.691,0.695,0.696,0.698,0.699,0.703,0.701,0.701,0.703,0.701,0.701,0.701,0.701,0.702,0.707,0.709,0.713,0.718,0.725,0.724,0.731,0.734,0.738,0.739,0.739,0.739,0.742,0.74,0.74,0.743,0.745,0.745,0.747,0.762,Olsalazine_40,Olsalazine,-7.318758762624412,O=C([O-])C1=C/C(=N/Nc2ccc([O-])c(C(=O)[O-])c2)C=CC1=O
3.133,3.107,3.101,3.098,3.098,3.098,3.1,3.111,3.12,3.125,3.13,3.133,3.135,3.139,3.138,3.139,3.139,3.141,3.144,3.152,3.161,3.163,3.171,3.177,3.178,3.177,3.177,3.172,3.168,3.166,3.165,3.157,3.155,3.155,3.144,3.137,3.133,3.128,3.129,3.129,3.127,3.127,3.123,3.117,3.112,3.106,3.101,3.094,3.081,3.073,3.062,3.051,3.037,3.032,3.026,3.022,3.019,3.019,3.019,3.039,3.085,3.174,3.331,3.558,3.876,4.089,3.808,3.351,2.753,2.06,1.041,-0.099,-1.181,-2.033,-2.632,-2.934,-2.942,-2.942,-2.9,-2.536,-1.97,-1.372,-0.67,-0.029,0.765,1.629,2.448,3.119,3.722,4.298,4.671,4.671,4.676,4.042,3.427,2.784,2.05,1.217,0.388,-0.393,-1.028,-1.688,-2.261,-2.741,-2.886,-2.915,-2.915,-2.73,-2.265,-1.499,-0.503,0.649,1.658,2.468,3.097,3.602,3.947,3.97,3.623,3.36,3.184,3.075,3.013,2.983,2.97,2.963,2.96,2.96,2.96,2.966,2.973,2.983,2.994,3.006,3.015,3.022,3.026,3.034,3.034,3.036,3.039,3.047,3.059,3.066,3.07,3.077,3.079,3.08,3.081,3.082,3.084,3.084,3.087,3.09,3.092,3.094,3.096,3.097,3.095,3.093,3.086,3.082,3.081,3.079,3.078,3.078,3.078,3.088,3.097,3.104,3.11,3.118,3.125,3.128,3.13,3.141,3.148,3.149,3.149,3.153,3.154,3.153,3.153,3.155,3.169,Hydrocortisone_92,Hydrocortisone,-4.508638306165727,C[C@@]12CCC(=O)C=C1CC[C@H]1[C@H]2[C@@H](O)C[C@]2(C)[C@@H]1CC[C@]2(O)C(=O)CO
1.904,1.89,1.887,1.887,1.887,1.888,1.889,1.894,1.896,1.898,1.9,1.902,1.905,1.905,1.903,1.903,1.903,1.904,1.908,1.915,1.92,1.923,1.925,1.927,1.929,1.929,1.93,1.926,1.925,1.923,1.919,1.915,1.911,1.908,1.902,1.898,1.894,1.893,1.892,1.892,1.89,1.888,1.882,1.882,1.879,1.874,1.866,1.858,1.853,1.848,1.841,1.835,1.828,1.821,1.82,1.819,1.817,1.818,1.821,1.828,1.852,1.904,1.995,2.146,2.113,1.92,1.728,1.549,1.416,1.165,0.877,0.197,-0.566,-1.107,-1.517,-1.619,-1.69,-1.656,-1.531,-1.251,-0.941,-0.777,-0.498,-0.081,0.473,1.139,1.839,2.542,3.209,3.584,3.575,3.574,3.579,3.628,2.851,2.121,1.407,0.734,0.132,-0.343,-0.679,-0.888,-1.138,-1.512,-1.605,-1.668,-1.68,-1.574,-1.281,-0.787,-0.112,0.709,1.04,1.303,1.473,1.659,1.842,2.02,2.183,2.022,1.913,1.849,1.818,1.803,1.798,1.794,1.79,1.79,1.79,1.792,1.8,1.808,1.814,1.819,1.823,1.829,1.833,1.838,1.842,1.843,1.846,1.852,1.855,1.861,1.861,1.864,1.867,1.87,1.872,1.875,1.875,1.875,1.876,1.878,1.88,1.881,1.88,1.88,1.881,1.881,1.881,1.878,1.878,1.878,1.877,1.877,1.881,1.884,1.889,1.892,1.896,1.902,1.906,1.908,1.912,1.915,1.919,1.92,1.921,1.923,1.924,1.924,1.925,1.925,1.935,Metoprolol_22,Metoprolol,-3.823908740944319,COCCc1ccc(OC[C@H](O)CNC(C)C)cc1
2.015,2.002,2.0,2.0,2.0,2.0,2.002,2.006,2.01,2.013,2.015,2.018,2.018,2.019,2.02,2.02,2.02,2.021,2.024,2.026,2.03,2.034,2.034,2.038,2.039,2.037,2.037,2.034,2.032,2.029,2.026,2.023,2.023,2.016,2.012,2.007,2.004,1.999,1.998,1.996,1.996,1.987,1.985,1.979,1.978,1.975,1.971,1.961,1.955,1.948,1.937,1.93,1.922,1.915,1.91,1.908,1.904,1.902,1.901,1.905,1.919,1.945,2.013,2.117,2.039,1.953,1.915,1.647,1.324,0.913,0.492,-0.201,-0.874,-1.35,-1.63,-1.736,-1.746,-1.74,-1.676,-1.443,-0.996,-0.408,0.25,0.919,1.518,1.914,2.199,2.379,2.548,2.599,2.588,2.588,2.592,2.622,2.554,2.354,2.156,1.839,1.332,0.597,-0.114,-0.779,-1.307,-1.646,-1.736,-1.765,-1.764,-1.691,-1.496,-1.084,-0.467,0.193,0.725,1.129,1.516,1.868,1.924,1.995,2.061,2.02,1.95,1.906,1.892,1.885,1.884,1.883,1.881,1.882,1.886,1.895,1.902,1.907,1.914,1.921,1.927,1.932,1.942,1.945,1.95,1.95,1.951,1.956,1.963,1.966,1.967,1.973,1.975,1.979,1.979,1.98,1.982,1.986,1.987,1.988,1.99,1.991,1.992,1.992,1.995,1.992,1.989,1.988,1.987,1.986,1.986,1.985,1.989,1.991,1.994,1.999,2.001,2.007,2.011,2.014,2.019,2.023,2.024,2.028,2.029,2.03,2.03,2.029,2.03,2.028,2.037,Alprenolol_13,Alprenolol,-3.795880017344075,C=CCc1ccccc1OC[C@H](O)C[NH2+]C(C)C
1.219,1.205,1.202,1.201,1.2,1.2,1.201,1.204,1.204,1.204,1.207,1.209,1.211,1.212,1.21,1.21,1.21,1.212,1.215,1.22,1.227,1.229,1.23,1.231,1.232,1.235,1.234,1.232,1.229,1.227,1.223,1.22,1.217,1.211,1.206,1.201,1.199,1.197,1.194,1.193,1.193,1.19,1.189,1.187,1.182,1.178,1.169,1.166,1.161,1.154,1.146,1.137,1.133,1.126,1.123,1.123,1.123,1.124,1.13,1.138,1.164,1.215,1.306,1.452,1.626,1.442,1.274,1.073,0.861,0.662,0.478,0.258,-0.21,-0.549,-0.721,-0.707,-0.657,-0.488,-0.048,0.673,1.646,2.714,3.321,3.959,4.517,5.139,5.753,6.349,6.781,6.932,6.927,6.926,6.928,7.064,6.707,6.129,5.485,4.87,4.316,3.689,3.039,2.052,0.959,0.147,-0.398,-0.649,-0.741,-0.736,-0.665,-0.403,0.059,0.412,0.597,0.772,0.984,1.184,1.368,1.528,1.509,1.341,1.229,1.165,1.13,1.116,1.111,1.105,1.102,1.102,1.102,1.105,1.113,1.119,1.123,1.129,1.135,1.141,1.145,1.151,1.152,1.153,1.155,1.163,1.164,1.169,1.174,1.179,1.182,1.182,1.184,1.185,1.187,1.187,1.187,1.189,1.191,1.191,1.193,1.194,1.193,1.192,1.192,1.192,1.193,1.193,1.194,1.197,1.199,1.206,1.209,1.209,1.212,1.22,1.223,1.223,1.225,1.228,1.231,1.234,1.234,1.234,1.237,1.237,1.239,1.24,1.248,Sotalol_89,Sotalol,-5.327902142064283,CC(C)NC[C@H](O)c1ccc(NS(C)(=O)=O)cc1
0.744,0.721,0.715,0.712,0.71,0.71,0.712,0.712,0.712,0.713,0.713,0.712,0.711,0.715,0.72,0.719,0.719,0.721,0.725,0.73,0.735,0.737,0.741,0.746,0.749,0.749,0.744,0.743,0.739,0.735,0.731,0.727,0.718,0.715,0.715,0.712,0.71,0.705,0.702,0.698,0.694,0.69,0.684,0.679,0.672,0.662,0.657,0.649,0.645,0.636,0.625,0.615,0.606,0.598,0.596,0.596,0.597,0.598,0.612,0.632,0.674,0.754,0.903,1.132,1.433,1.619,1.612,1.612,1.585,1.532,1.37,0.935,0.434,0.099,0.041,0.041,0.149,0.448,1.147,2.221,3.623,5.166,5.812,5.918,6.103,6.359,6.72,7.252,7.992,8.81,9.65,9.836,9.002,8.215,7.504,6.996,6.607,6.307,6.112,5.955,5.635,4.148,2.698,1.471,0.616,0.131,0.008,-0.008,-0.012,0.204,0.682,1.235,1.487,1.487,1.507,1.578,1.608,1.559,1.199,0.935,0.764,0.658,0.603,0.577,0.569,0.563,0.558,0.555,0.556,0.562,0.569,0.582,0.589,0.594,0.605,0.609,0.614,0.622,0.629,0.634,0.639,0.646,0.653,0.66,0.663,0.664,0.667,0.668,0.672,0.678,0.678,0.681,0.683,0.687,0.687,0.687,0.69,0.692,0.692,0.692,0.693,0.697,0.699,0.702,0.706,0.713,0.718,0.724,0.726,0.73,0.736,0.735,0.738,0.741,0.748,0.752,0.756,0.757,0.757,0.761,0.762,0.763,0.765,0.77,0.785,Sulfasalazine_92,Sulfasalazine,-6.318758762624412,O=C(O)c1cc(/N=N/c2ccc(S(=O)(=O)Nc3ccccn3)cc2)ccc1O
1.944,1.93,1.927,1.927,1.927,1.927,1.929,1.932,1.937,1.939,1.939,1.942,1.944,1.944,1.944,1.945,1.944,1.945,1.948,1.952,1.955,1.959,1.961,1.963,1.964,1.964,1.963,1.96,1.96,1.956,1.954,1.947,1.946,1.942,1.936,1.933,1.928,1.925,1.923,1.921,1.917,1.909,1.907,1.901,1.898,1.897,1.892,1.881,1.874,1.863,1.855,1.849,1.837,1.833,1.824,1.823,1.82,1.82,1.82,1.826,1.84,1.874,1.948,2.048,1.975,1.922,1.884,1.756,1.333,0.97,0.57,-0.109,-0.764,-1.294,-1.549,-1.602,-1.646,-1.584,-1.459,-1.073,-0.587,-0.01,0.646,1.25,1.818,2.456,2.701,2.84,2.991,3.047,3.036,3.037,3.038,3.083,3.01,2.851,2.698,2.197,1.644,0.971,0.274,-0.388,-0.911,-1.347,-1.563,-1.649,-1.628,-1.614,-1.433,-1.004,-0.411,0.313,0.81,1.197,1.555,1.846,1.884,1.936,1.99,1.96,1.876,1.83,1.811,1.804,1.801,1.798,1.796,1.796,1.798,1.807,1.818,1.824,1.833,1.839,1.845,1.849,1.856,1.866,1.868,1.871,1.873,1.879,1.886,1.888,1.888,1.894,1.898,1.903,1.902,1.902,1.906,1.908,1.91,1.912,1.915,1.914,1.916,1.917,1.917,1.916,1.915,1.911,1.912,1.912,1.912,1.913,1.915,1.918,1.925,1.927,1.93,1.934,1.94,1.942,1.947,1.951,1.955,1.955,1.957,1.96,1.96,1.96,1.958,1.958,1.971,Oxyprenolol_47,Oxyprenolol,-3.886056647693163,C=CCOc1ccccc1OC[C@@H](O)C[NH2+]C(C)C
0.418,0.402,0.39,0.387,0.386,0.386,0.388,0.39,0.393,0.397,0.4,0.401,0.401,0.404,0.404,0.405,0.408,0.41,0.411,0.414,0.419,0.424,0.426,0.428,0.428,0.429,0.426,0.426,0.422,0.422,0.426,0.424,0.424,0.424,0.42,0.415,0.408,0.402,0.402,0.4,0.395,0.393,0.389,0.387,0.385,0.381,0.374,0.369,0.361,0.354,0.345,0.335,0.33,0.324,0.32,0.318,0.318,0.319,0.325,0.345,0.381,0.446,0.567,0.742,0.992,1.315,1.638,1.693,1.581,1.284,0.907,0.507,0.106,-0.167,-0.211,-0.217,-0.192,0.084,0.554,1.402,2.328,3.493,4.801,6.166,7.619,8.522,9.087,9.611,10.174,10.695,11.018,11.018,11.019,10.501,9.916,9.369,8.794,8.289,6.837,5.442,4.076,2.787,1.71,0.835,0.225,-0.111,-0.209,-0.225,-0.192,-0.032,0.352,0.748,1.119,1.456,1.636,1.656,1.398,1.049,0.776,0.57,0.434,0.349,0.301,0.276,0.265,0.259,0.256,0.255,0.254,0.255,0.264,0.273,0.28,0.289,0.296,0.302,0.309,0.312,0.314,0.319,0.322,0.329,0.337,0.342,0.345,0.351,0.352,0.354,0.359,0.363,0.366,0.368,0.368,0.368,0.368,0.368,0.371,0.371,0.371,0.371,0.371,0.371,0.371,0.373,0.375,0.379,0.387,0.392,0.397,0.401,0.403,0.406,0.413,0.415,0.416,0.417,0.422,0.425,0.424,0.424,0.424,0.424,0.43,0.431,0.446,Olsalazine_37,Olsalazine,-7.318758762624412,O=C(O)c1cc(/N=N\c2ccc(O)c(C(=O)O)c2)ccc1O
0.238,0.232,0.231,0.229,0.229,0.229,0.224,0.223,0.223,0.225,0.22,0.218,0.219,0.216,0.216,0.214,0.215,0.214,0.217,0.221,0.221,0.221,0.222,0.223,0.223,0.22,0.218,0.214,0.214,0.209,0.208,0.2,0.198,0.192,0.187,0.185,0.182,0.177,0.174,0.174,0.17,0.161,0.158,0.156,0.156,0.148,0.141,0.137,0.13,0.127,0.125,0.126,0.127,0.123,0.123,0.123,0.129,0.134,0.134,0.142,0.161,0.189,0.251,0.37,0.562,0.854,1.243,1.708,2.21,2.478,2.72,2.827,3.001,3.317,3.66,4.169,4.814,5.638,6.086,6.409,6.828,7.324,7.785,8.218,8.636,8.684,8.323,8.151,8.074,8.031,8.022,8.022,8.035,8.154,8.306,8.526,8.773,9.086,8.708,8.16,7.58,7.03,6.569,6.193,5.891,5.147,4.361,3.75,3.424,3.037,3.031,2.696,2.545,2.351,1.922,1.403,0.978,0.651,0.425,0.28,0.201,0.158,0.134,0.124,0.114,0.106,0.097,0.097,0.097,0.098,0.107,0.111,0.116,0.121,0.127,0.131,0.137,0.143,0.144,0.146,0.156,0.161,0.165,0.174,0.177,0.18,0.184,0.19,0.193,0.195,0.194,0.194,0.196,0.2,0.201,0.2,0.202,0.204,0.203,0.204,0.201,0.2,0.201,0.204,0.204,0.209,0.213,0.217,0.224,0.227,0.228,0.233,0.233,0.238,0.239,0.24,0.24,0.24,0.243,0.24,0.24,0.239,0.239,0.245,0.258,Olsalazine_42,Olsalazine,-7.318758762624412,O=C([O-])c1cc(/N=N/c2ccc([O-])c(C(=O)[O-])c2)ccc1[O-]
2.174,2.155,2.152,2.15,2.149,2.148,2.153,2.157,2.163,2.166,2.17,2.176,2.181,2.181,2.183,2.182,2.183,2.185,2.189,2.193,2.198,2.201,2.201,2.202,2.204,2.201,2.202,2.199,2.198,2.197,2.192,2.186,2.187,2.187,2.181,2.176,2.17,2.166,2.159,2.159,2.156,2.147,2.144,2.14,2.137,2.133,2.125,2.116,2.106,2.095,2.089,2.077,2.067,2.059,2.051,2.049,2.045,2.045,2.044,2.052,2.077,2.131,2.215,2.259,2.121,1.891,1.839,1.713,1.621,1.437,0.988,0.155,-0.647,-1.189,-1.386,-1.417,-1.417,-1.315,-0.878,-0.119,0.944,1.807,2.424,3.285,4.048,4.82,5.431,6.041,6.607,7.131,7.377,7.377,7.376,6.933,6.346,5.719,5.118,4.469,3.72,2.923,2.227,1.522,0.348,-0.625,-1.11,-1.374,-1.401,-1.396,-1.287,-0.874,-0.139,0.69,1.369,1.55,1.631,1.758,1.805,1.917,2.153,2.222,2.116,2.052,2.022,2.006,1.999,1.998,1.997,1.997,2.0,2.007,2.014,2.023,2.035,2.045,2.049,2.058,2.066,2.074,2.08,2.081,2.084,2.09,2.099,2.106,2.111,2.116,2.119,2.125,2.126,2.128,2.13,2.132,2.135,2.135,2.138,2.14,2.139,2.14,2.141,2.139,2.137,2.136,2.134,2.133,2.133,2.135,2.136,2.143,2.147,2.154,2.156,2.161,2.169,2.173,2.178,2.183,2.186,2.188,2.189,2.192,2.191,2.191,2.191,2.193,2.203,Nadolol_31,Nadolol,-5.853871964321762,CC(C)(C)[NH2+]C[C@H](O)COc1cccc2c1C[C@@H](O)[C@H](O)C2
1.261,1.243,1.242,1.241,1.24,1.24,1.242,1.244,1.243,1.244,1.244,1.247,1.25,1.25,1.252,1.253,1.253,1.253,1.255,1.26,1.26,1.263,1.263,1.264,1.267,1.266,1.266,1.265,1.263,1.259,1.255,1.253,1.252,1.246,1.239,1.235,1.233,1.228,1.228,1.225,1.219,1.217,1.21,1.206,1.201,1.199,1.188,1.184,1.179,1.167,1.16,1.151,1.146,1.137,1.132,1.126,1.124,1.123,1.125,1.135,1.157,1.195,1.266,1.302,1.215,1.122,1.033,0.942,0.74,0.623,0.467,0.099,-0.305,-0.545,-0.636,-0.594,-0.539,-0.249,0.325,1.16,2.211,3.045,3.817,4.438,4.99,5.551,5.953,6.199,6.339,6.407,6.388,6.388,6.395,6.467,6.452,6.272,5.902,5.367,4.794,4.134,3.414,2.603,1.531,0.581,-0.111,-0.465,-0.62,-0.679,-0.634,-0.456,-0.067,0.398,0.539,0.723,0.842,0.977,1.069,1.164,1.248,1.275,1.193,1.143,1.124,1.117,1.112,1.109,1.107,1.11,1.117,1.122,1.128,1.135,1.14,1.146,1.151,1.16,1.169,1.176,1.18,1.18,1.183,1.191,1.191,1.196,1.202,1.206,1.209,1.208,1.213,1.216,1.218,1.218,1.22,1.222,1.224,1.226,1.226,1.227,1.227,1.227,1.227,1.228,1.227,1.228,1.23,1.231,1.234,1.237,1.245,1.246,1.247,1.252,1.255,1.256,1.259,1.262,1.268,1.27,1.269,1.269,1.271,1.274,1.274,1.276,1.284,Sotalol_90,Sotalol,-5.327902142064283,CC(C)[NH2+]C[C@H](O)c1ccc(NS(C)(=O)=O)cc1
1.076,1.067,1.06,1.058,1.058,1.058,1.061,1.062,1.061,1.061,1.059,1.059,1.059,1.059,1.057,1.056,1.055,1.056,1.059,1.064,1.068,1.074,1.082,1.085,1.086,1.085,1.081,1.076,1.074,1.066,1.064,1.057,1.049,1.041,1.035,1.029,1.025,1.022,1.021,1.019,1.017,1.014,1.007,1.004,0.999,0.992,0.984,0.974,0.968,0.956,0.948,0.94,0.934,0.928,0.927,0.928,0.928,0.931,0.941,0.959,0.994,1.053,1.161,1.339,1.597,1.912,2.207,2.436,2.325,1.972,1.622,1.201,0.952,0.834,0.822,0.905,1.16,1.622,2.431,3.557,4.868,6.277,7.705,9.094,10.095,10.826,11.383,11.608,11.451,11.366,11.339,11.339,11.374,11.479,11.844,11.809,11.358,10.617,9.6,8.16,6.639,5.309,4.016,2.727,1.757,1.172,0.887,0.742,0.764,0.826,1.047,1.418,1.818,2.171,2.478,2.3,2.018,1.709,1.42,1.214,1.083,1.0,0.957,0.941,0.929,0.922,0.922,0.92,0.92,0.922,0.927,0.936,0.946,0.953,0.96,0.966,0.972,0.976,0.978,0.985,0.991,0.995,1.005,1.013,1.019,1.022,1.024,1.027,1.028,1.03,1.032,1.034,1.034,1.036,1.037,1.038,1.043,1.043,1.044,1.044,1.049,1.05,1.051,1.052,1.056,1.061,1.064,1.067,1.076,1.081,1.084,1.088,1.09,1.092,1.091,1.092,1.095,1.096,1.1,1.1,1.101,1.104,1.105,1.112,1.123,Loracarbef_5,Loracarbef,-6.040958607678906,N[C@H](C(=O)N[C@H]1C(=O)N2C(C(=O)[O-])=C(Cl)CC[C@@H]12)c1ccccc1
1.407,1.393,1.391,1.39,1.39,1.39,1.39,1.392,1.394,1.395,1.397,1.399,1.402,1.402,1.401,1.401,1.4,1.401,1.406,1.412,1.419,1.42,1.421,1.423,1.424,1.425,1.425,1.424,1.42,1.416,1.415,1.409,1.406,1.402,1.396,1.393,1.388,1.387,1.385,1.385,1.383,1.38,1.375,1.374,1.37,1.366,1.359,1.354,1.346,1.341,1.335,1.327,1.318,1.312,1.311,1.31,1.31,1.31,1.313,1.325,1.348,1.399,1.483,1.624,1.84,1.57,1.461,1.246,0.987,0.825,0.511,0.178,-0.384,-0.762,-0.952,-0.969,-0.969,-0.858,-0.462,0.209,1.143,2.292,2.937,3.415,3.959,4.298,5.278,5.881,6.271,6.634,6.701,6.701,6.707,6.148,5.774,5.43,4.572,4.234,3.521,3.201,2.674,1.527,0.484,-0.373,-0.782,-0.976,-1.002,-1.002,-0.915,-0.563,-0.036,0.366,0.739,0.906,1.17,1.296,1.518,1.714,1.683,1.514,1.407,1.348,1.315,1.3,1.296,1.292,1.288,1.288,1.288,1.291,1.297,1.304,1.311,1.318,1.321,1.327,1.333,1.338,1.339,1.339,1.344,1.348,1.356,1.36,1.362,1.365,1.369,1.371,1.374,1.374,1.376,1.376,1.377,1.379,1.381,1.382,1.382,1.385,1.383,1.382,1.382,1.381,1.382,1.382,1.382,1.384,1.387,1.391,1.397,1.397,1.398,1.405,1.411,1.413,1.415,1.419,1.422,1.423,1.425,1.427,1.427,1.427,1.429,1.429,1.436,Atenolol_28,Atenolol,-5.7447274948966935,CC(C)NC[C@H](O)COc1ccc(CC(N)=O)cc1
1.378,1.369,1.357,1.356,1.356,1.356,1.358,1.363,1.362,1.362,1.365,1.365,1.362,1.362,1.362,1.363,1.363,1.366,1.365,1.373,1.377,1.381,1.389,1.394,1.394,1.392,1.39,1.385,1.381,1.376,1.369,1.364,1.354,1.353,1.347,1.338,1.335,1.331,1.331,1.328,1.325,1.324,1.32,1.315,1.311,1.306,1.3,1.289,1.28,1.268,1.259,1.251,1.245,1.24,1.235,1.231,1.231,1.234,1.245,1.264,1.302,1.365,1.489,1.683,1.967,2.334,2.56,2.628,2.663,2.332,1.786,1.308,0.932,0.758,0.755,0.789,0.932,1.487,2.376,3.459,4.659,5.974,7.411,8.663,9.51,10.399,11.082,11.418,11.645,11.773,12.126,12.172,12.135,12.018,11.888,11.631,10.962,10.137,9.24,8.002,6.487,5.08,3.882,2.798,1.717,1.012,0.71,0.71,0.699,0.747,1.102,1.576,2.098,2.6,2.653,2.576,2.418,2.075,1.757,1.535,1.391,1.301,1.256,1.237,1.22,1.217,1.212,1.214,1.216,1.216,1.22,1.232,1.242,1.249,1.257,1.262,1.267,1.274,1.277,1.283,1.285,1.292,1.306,1.31,1.316,1.319,1.322,1.326,1.326,1.328,1.331,1.334,1.335,1.335,1.34,1.341,1.342,1.342,1.344,1.347,1.347,1.344,1.344,1.347,1.348,1.353,1.353,1.362,1.372,1.377,1.379,1.38,1.386,1.39,1.392,1.392,1.394,1.396,1.4,1.401,1.402,1.405,1.405,1.409,1.42,Amoxicillin_25,Amoxicillin,-6.619788758288394,CC1(C)S[C@H]2[C@@H](NC(=O)[C@H](N)c3ccc(O)cc3)C(=O)N2[C@H]1C(=O)[O-]
1.368,1.36,1.36,1.359,1.359,1.359,1.36,1.362,1.362,1.365,1.367,1.369,1.369,1.369,1.37,1.37,1.37,1.37,1.372,1.373,1.376,1.377,1.38,1.381,1.382,1.381,1.377,1.376,1.374,1.373,1.369,1.366,1.363,1.359,1.356,1.354,1.353,1.351,1.348,1.347,1.347,1.343,1.336,1.334,1.33,1.328,1.326,1.322,1.315,1.308,1.302,1.294,1.291,1.288,1.28,1.279,1.277,1.277,1.276,1.279,1.289,1.311,1.35,1.415,1.514,1.573,1.424,1.169,0.823,0.453,0.11,-0.296,-0.623,-0.813,-0.9,-0.925,-0.925,-0.866,-0.656,-0.405,-0.074,0.345,0.745,1.103,1.271,1.188,1.07,0.978,0.921,0.874,0.863,0.863,0.864,0.886,0.951,1.043,1.16,1.261,1.339,1.027,0.566,0.095,-0.312,-0.593,-0.829,-0.942,-0.937,-0.921,-0.859,-0.727,-0.446,-0.057,0.309,0.671,1.041,1.308,1.515,1.544,1.437,1.365,1.316,1.291,1.277,1.275,1.273,1.271,1.27,1.27,1.278,1.283,1.286,1.29,1.295,1.302,1.307,1.317,1.321,1.323,1.323,1.323,1.324,1.327,1.329,1.333,1.337,1.341,1.342,1.342,1.343,1.344,1.345,1.346,1.347,1.348,1.348,1.35,1.353,1.353,1.353,1.353,1.35,1.349,1.348,1.348,1.35,1.35,1.35,1.352,1.354,1.355,1.358,1.361,1.364,1.366,1.369,1.372,1.374,1.377,1.378,1.378,1.379,1.378,1.378,1.378,1.384,Bretylium_Tosylate_32,Bretylium_Tosylate,-5.853871964321762,CC[N+](C)(C)Cc1ccccc1Br
0.189,0.189,0.187,0.187,0.187,0.187,0.189,0.19,0.189,0.185,0.182,0.182,0.182,0.182,0.182,0.183,0.182,0.181,0.181,0.182,0.182,0.182,0.182,0.182,0.182,0.182,0.181,0.18,0.179,0.178,0.177,0.175,0.173,0.17,0.168,0.166,0.164,0.162,0.162,0.162,0.163,0.165,0.166,0.161,0.154,0.151,0.149,0.147,0.146,0.144,0.142,0.141,0.141,0.143,0.146,0.148,0.149,0.148,0.148,0.149,0.157,0.166,0.189,0.23,0.305,0.4,0.52,0.636,0.726,0.797,0.89,0.999,1.131,1.307,1.516,1.779,2.102,2.471,2.883,3.31,3.7,4.021,4.072,3.997,3.861,3.705,3.627,3.586,3.577,3.564,3.561,3.561,3.563,3.6,3.656,3.73,3.803,3.891,4.017,4.116,4.2,4.042,3.672,3.186,2.663,2.216,1.87,1.582,1.362,1.192,1.046,0.923,0.826,0.747,0.661,0.562,0.44,0.334,0.252,0.199,0.173,0.158,0.15,0.146,0.141,0.135,0.134,0.134,0.134,0.134,0.135,0.137,0.14,0.141,0.143,0.144,0.145,0.15,0.154,0.154,0.156,0.158,0.159,0.163,0.166,0.169,0.17,0.17,0.171,0.173,0.174,0.175,0.178,0.177,0.176,0.176,0.178,0.179,0.178,0.177,0.176,0.174,0.174,0.174,0.175,0.177,0.177,0.18,0.181,0.182,0.185,0.188,0.19,0.19,0.19,0.19,0.193,0.193,0.188,0.188,0.188,0.188,0.188,0.191,0.194,Salicylic_Acid_83,Salicylic_Acid,-5.0,O=C([O-])c1ccccc1[O-]
0.711,0.693,0.69,0.688,0.687,0.688,0.686,0.684,0.684,0.683,0.684,0.684,0.682,0.68,0.679,0.679,0.679,0.679,0.68,0.683,0.687,0.691,0.696,0.698,0.698,0.7,0.701,0.697,0.693,0.687,0.682,0.678,0.673,0.667,0.66,0.657,0.65,0.647,0.644,0.64,0.636,0.63,0.625,0.619,0.614,0.61,0.606,0.595,0.588,0.58,0.571,0.564,0.556,0.556,0.556,0.558,0.563,0.567,0.574,0.59,0.621,0.679,0.796,0.986,1.277,1.561,1.662,1.644,1.587,1.538,1.279,1.095,0.998,0.998,1.015,1.244,1.691,2.329,3.221,4.365,4.784,5.099,5.461,5.911,6.321,6.799,7.317,7.764,8.244,8.336,8.334,8.334,8.369,8.354,7.91,7.46,6.979,6.533,6.083,5.594,5.264,4.89,4.565,3.562,2.524,1.681,1.307,1.024,0.906,0.906,0.962,1.139,1.401,1.508,1.585,1.64,1.592,1.401,1.068,0.847,0.703,0.626,0.578,0.563,0.55,0.545,0.54,0.537,0.537,0.538,0.544,0.555,0.56,0.568,0.579,0.585,0.591,0.596,0.601,0.606,0.613,0.618,0.622,0.626,0.632,0.638,0.643,0.645,0.647,0.65,0.65,0.655,0.657,0.657,0.661,0.661,0.663,0.66,0.66,0.661,0.666,0.667,0.668,0.671,0.674,0.678,0.683,0.689,0.692,0.698,0.701,0.704,0.708,0.709,0.714,0.715,0.715,0.716,0.718,0.718,0.721,0.722,0.726,0.73,0.747,Sulfasalazine_93,Sulfasalazine,-6.318758762624412,O=C([O-])c1cc(/N=N\c2ccc(S(=O)(=O)/N=c3\cccc[nH]3)cc2)ccc1[O-]
2.538,2.524,2.522,2.522,2.522,2.523,2.522,2.524,2.528,2.53,2.534,2.534,2.537,2.537,2.538,2.538,2.538,2.539,2.542,2.544,2.548,2.554,2.555,2.558,2.559,2.557,2.554,2.553,2.548,2.545,2.539,2.534,2.529,2.523,2.517,2.511,2.508,2.504,2.502,2.498,2.496,2.487,2.482,2.478,2.473,2.468,2.462,2.452,2.444,2.434,2.424,2.417,2.41,2.402,2.395,2.391,2.391,2.394,2.396,2.403,2.423,2.465,2.561,2.655,2.568,2.474,2.391,2.098,1.553,1.088,0.623,0.132,-0.284,-0.426,-0.503,-0.503,-0.495,-0.281,-0.024,0.593,1.286,2.046,2.63,3.091,3.458,3.74,3.619,3.509,3.385,3.324,3.302,3.302,3.309,3.385,3.516,3.65,3.835,3.791,3.346,2.854,2.351,1.6,0.818,0.189,-0.235,-0.466,-0.537,-0.554,-0.535,-0.415,-0.062,0.419,0.914,1.361,1.827,2.327,2.434,2.518,2.605,2.594,2.49,2.434,2.402,2.387,2.383,2.379,2.378,2.379,2.383,2.389,2.399,2.406,2.412,2.421,2.431,2.439,2.447,2.45,2.455,2.456,2.462,2.467,2.473,2.479,2.484,2.485,2.49,2.492,2.497,2.497,2.5,2.501,2.504,2.507,2.51,2.51,2.512,2.513,2.514,2.512,2.511,2.508,2.509,2.507,2.507,2.509,2.511,2.516,2.52,2.522,2.526,2.532,2.535,2.543,2.543,2.543,2.55,2.553,2.555,2.558,2.557,2.556,2.556,2.558,2.57,Acrivastine_7,Acrivastine,-5.657577319177793,Cc1ccc(/C(=C/C[NH+]2CCCC2)c2cccc(/C=C\C(=O)[O-])n2)cc1
1.342,1.319,1.316,1.31,1.31,1.311,1.314,1.32,1.321,1.324,1.324,1.325,1.326,1.328,1.325,1.323,1.324,1.327,1.333,1.337,1.342,1.348,1.355,1.355,1.359,1.358,1.357,1.353,1.349,1.348,1.343,1.336,1.332,1.326,1.32,1.313,1.306,1.305,1.302,1.3,1.298,1.295,1.29,1.288,1.282,1.276,1.269,1.26,1.25,1.239,1.229,1.219,1.209,1.199,1.192,1.192,1.194,1.201,1.208,1.228,1.263,1.341,1.485,1.722,2.037,2.358,2.407,2.167,1.872,1.553,1.196,0.715,0.317,-0.182,-0.166,-0.266,-0.095,0.252,1.25,2.276,4.177,5.837,8.026,9.313,10.367,11.184,11.796,12.238,12.61,12.795,12.931,13.129,13.144,13.013,12.68,12.291,11.675,10.899,9.845,8.625,6.779,4.788,3.014,1.349,0.347,-0.023,-0.278,-0.313,-0.14,-0.045,0.483,0.967,1.411,1.74,2.022,2.3,2.447,2.133,1.803,1.536,1.366,1.262,1.205,1.181,1.172,1.166,1.163,1.161,1.161,1.164,1.175,1.186,1.194,1.201,1.212,1.214,1.221,1.227,1.234,1.236,1.242,1.25,1.26,1.265,1.27,1.274,1.28,1.281,1.285,1.286,1.287,1.29,1.293,1.293,1.295,1.296,1.298,1.301,1.301,1.303,1.303,1.304,1.306,1.309,1.311,1.311,1.318,1.325,1.332,1.336,1.337,1.342,1.348,1.351,1.355,1.355,1.354,1.358,1.362,1.365,1.365,1.369,1.369,1.371,1.384,Amoxicillin_24,Amoxicillin,-6.619788758288394,CC1(C)S[C@@H]2[C@@H](NC(=O)[C@H](N)c3ccc(O)cc3)C(=O)N2[C@@H]1C(=O)O
2.132,2.116,2.111,2.108,2.108,2.11,2.114,2.119,2.125,2.127,2.129,2.132,2.138,2.139,2.141,2.139,2.14,2.142,2.147,2.152,2.157,2.162,2.164,2.166,2.165,2.169,2.17,2.166,2.162,2.162,2.155,2.152,2.152,2.152,2.146,2.14,2.135,2.131,2.131,2.129,2.125,2.124,2.123,2.12,2.116,2.113,2.107,2.095,2.088,2.083,2.074,2.063,2.053,2.047,2.042,2.041,2.04,2.04,2.044,2.051,2.083,2.143,2.252,2.432,2.422,2.231,2.05,1.871,1.702,1.476,1.205,0.378,-0.457,-1.058,-1.415,-1.548,-1.523,-1.526,-1.21,-0.503,0.386,1.584,2.794,3.727,4.669,5.408,5.96,6.555,7.135,7.717,7.908,7.906,7.909,7.448,6.86,6.333,5.786,5.142,4.315,3.317,2.235,0.948,-0.125,-0.91,-1.399,-1.492,-1.533,-1.509,-1.233,-0.693,0.014,0.937,1.353,1.593,1.774,1.946,2.137,2.325,2.48,2.268,2.144,2.062,2.022,2.004,1.997,1.992,1.987,1.987,1.987,1.99,1.996,2.006,2.017,2.024,2.031,2.033,2.038,2.047,2.05,2.051,2.055,2.064,2.072,2.079,2.082,2.084,2.088,2.093,2.095,2.097,2.099,2.099,2.101,2.102,2.105,2.106,2.104,2.105,2.106,2.103,2.102,2.102,2.1,2.098,2.097,2.097,2.102,2.106,2.113,2.12,2.122,2.129,2.133,2.137,2.142,2.145,2.148,2.152,2.153,2.154,2.155,2.156,2.156,2.158,2.166,Nadolol_30,Nadolol,-5.853871964321762,CC(C)(C)NC[C@@H](O)COc1cccc2c1C[C@H](O)[C@@H](O)C2
2.212,2.193,2.186,2.183,2.183,2.184,2.188,2.193,2.2,2.203,2.207,2.207,2.207,2.21,2.208,2.207,2.206,2.211,2.215,2.221,2.225,2.233,2.241,2.243,2.245,2.243,2.241,2.24,2.235,2.228,2.225,2.223,2.216,2.214,2.205,2.196,2.187,2.186,2.185,2.182,2.179,2.177,2.174,2.17,2.164,2.154,2.147,2.14,2.128,2.118,2.104,2.095,2.088,2.081,2.076,2.071,2.071,2.072,2.08,2.099,2.141,2.221,2.357,2.535,2.594,2.606,2.616,2.592,2.26,1.797,1.252,0.328,-0.609,-1.208,-1.564,-1.667,-1.712,-1.638,-1.374,-0.753,0.177,1.354,2.885,4.385,5.753,7.156,7.898,8.475,8.927,9.181,9.403,9.588,9.379,9.138,8.793,8.286,7.593,6.367,4.98,3.422,1.882,0.561,-0.51,-1.252,-1.596,-1.692,-1.707,-1.702,-1.421,-0.898,-0.076,0.932,1.609,2.084,2.51,2.604,2.575,2.574,2.522,2.397,2.232,2.132,2.08,2.055,2.043,2.038,2.035,2.035,2.037,2.039,2.046,2.055,2.065,2.07,2.079,2.091,2.096,2.104,2.109,2.112,2.114,2.124,2.132,2.137,2.14,2.15,2.154,2.155,2.156,2.162,2.164,2.168,2.168,2.169,2.17,2.174,2.174,2.175,2.175,2.176,2.176,2.176,2.173,2.172,2.171,2.177,2.179,2.188,2.197,2.206,2.209,2.214,2.216,2.223,2.227,2.23,2.231,2.236,2.237,2.241,2.242,2.244,2.248,2.251,2.26,Lisinopril_1,Lisinopril,-6.7447274948966935,NCCCC[C@@H](N[C@@H](CCc1ccccc1)C(=O)O)C(=O)N1CCC[C@H]1C(=O)O
0.329,0.313,0.309,0.308,0.306,0.307,0.308,0.309,0.309,0.309,0.31,0.312,0.31,0.311,0.311,0.31,0.311,0.311,0.312,0.314,0.316,0.322,0.322,0.323,0.324,0.323,0.322,0.319,0.316,0.316,0.316,0.313,0.311,0.307,0.304,0.299,0.291,0.289,0.288,0.284,0.283,0.278,0.274,0.274,0.268,0.263,0.255,0.252,0.244,0.237,0.232,0.225,0.222,0.221,0.221,0.221,0.224,0.225,0.231,0.238,0.259,0.307,0.396,0.54,0.781,1.091,1.414,1.658,1.647,1.647,1.556,1.385,1.309,1.309,1.409,1.683,2.097,2.727,3.454,4.299,5.174,6.006,6.868,7.551,8.141,8.597,8.865,9.068,9.274,9.479,9.479,9.474,9.523,9.455,9.211,9.015,8.797,8.484,7.898,7.294,6.504,5.534,4.625,3.869,2.995,2.28,1.776,1.442,1.296,1.296,1.312,1.438,1.562,1.641,1.709,1.491,1.187,0.866,0.589,0.411,0.302,0.245,0.213,0.2,0.189,0.18,0.178,0.175,0.175,0.178,0.182,0.189,0.196,0.203,0.21,0.219,0.221,0.226,0.229,0.232,0.238,0.244,0.25,0.256,0.259,0.264,0.268,0.27,0.275,0.279,0.281,0.282,0.282,0.283,0.284,0.284,0.287,0.286,0.286,0.285,0.285,0.287,0.287,0.288,0.288,0.294,0.298,0.303,0.308,0.313,0.316,0.319,0.323,0.326,0.326,0.328,0.332,0.332,0.33,0.329,0.329,0.332,0.333,0.338,0.352,Olsalazine_43,Olsalazine,-7.318758762624412,O=C(O)c1cc(/N=N\c2ccc(O)c(C(=O)[O-])c2)ccc1[O-]
1.948,1.926,1.924,1.924,1.923,1.924,1.925,1.927,1.93,1.93,1.931,1.935,1.934,1.937,1.937,1.939,1.939,1.942,1.945,1.949,1.952,1.956,1.957,1.958,1.96,1.961,1.961,1.958,1.954,1.951,1.948,1.944,1.937,1.935,1.927,1.921,1.917,1.912,1.908,1.901,1.897,1.891,1.888,1.885,1.88,1.868,1.863,1.853,1.843,1.838,1.83,1.819,1.81,1.801,1.794,1.789,1.787,1.787,1.79,1.801,1.824,1.879,1.975,1.884,1.851,1.824,1.805,1.732,1.525,1.259,0.892,0.161,-0.58,-1.059,-1.197,-1.262,-1.182,-1.013,-0.523,0.279,1.326,2.191,2.712,3.31,3.976,4.562,5.08,5.642,5.825,5.967,5.965,5.965,5.977,6.06,5.947,5.519,4.959,4.364,3.694,3.063,2.452,1.798,0.603,-0.301,-0.93,-1.251,-1.277,-1.283,-1.198,-0.838,-0.168,0.625,1.011,1.416,1.634,1.758,1.786,1.825,1.853,1.897,1.882,1.811,1.782,1.776,1.77,1.767,1.764,1.764,1.769,1.779,1.785,1.794,1.802,1.808,1.817,1.822,1.831,1.843,1.852,1.851,1.855,1.864,1.867,1.874,1.878,1.877,1.882,1.888,1.892,1.893,1.896,1.899,1.9,1.902,1.905,1.906,1.907,1.907,1.909,1.909,1.909,1.906,1.906,1.908,1.91,1.912,1.916,1.921,1.926,1.931,1.934,1.938,1.941,1.944,1.949,1.953,1.957,1.959,1.961,1.962,1.962,1.967,1.966,1.968,1.981,Acebutolol_2,Acebutolol,-5.769551078621726,CCCC(=O)Nc1ccc(OC[C@@H](O)C[NH2+]C(C)C)c(C(C)=O)c1
1.037,1.027,1.025,1.023,1.023,1.023,1.023,1.025,1.028,1.029,1.03,1.031,1.03,1.028,1.028,1.028,1.028,1.028,1.03,1.036,1.038,1.039,1.042,1.046,1.045,1.044,1.04,1.038,1.037,1.035,1.032,1.029,1.024,1.019,1.016,1.014,1.011,1.008,1.006,1.003,1.0,0.992,0.99,0.985,0.984,0.982,0.977,0.971,0.963,0.958,0.948,0.942,0.936,0.93,0.927,0.922,0.922,0.922,0.922,0.926,0.94,0.969,1.022,1.111,1.246,1.41,1.572,1.661,1.495,1.161,0.633,0.102,-0.323,-0.662,-0.821,-0.867,-0.867,-0.772,-0.535,-0.122,0.418,1.033,1.658,2.121,2.477,2.513,2.329,2.178,2.055,1.99,1.977,1.977,1.986,2.033,2.132,2.297,2.48,2.588,2.404,1.904,1.263,0.605,0.003,-0.459,-0.758,-0.886,-0.894,-0.894,-0.774,-0.496,-0.103,0.409,0.964,1.364,1.603,1.61,1.46,1.284,1.137,1.035,0.968,0.933,0.915,0.908,0.907,0.907,0.912,0.915,0.916,0.922,0.932,0.939,0.945,0.95,0.958,0.963,0.969,0.976,0.977,0.977,0.979,0.983,0.987,0.991,0.993,0.998,1.0,1.001,1.001,1.001,1.002,1.002,1.004,1.006,1.008,1.01,1.01,1.012,1.014,1.013,1.011,1.01,1.01,1.01,1.013,1.015,1.018,1.021,1.024,1.028,1.03,1.032,1.034,1.035,1.036,1.038,1.044,1.045,1.046,1.049,1.049,1.047,1.047,1.051,1.058,Fluparoxan_74,Fluparoxan,-3.6020599913279625,Fc1cccc2c1O[C@H]1C[NH2+]C[C@@H]1O2
3.461,3.445,3.441,3.441,3.441,3.442,3.445,3.453,3.461,3.465,3.47,3.472,3.472,3.47,3.467,3.465,3.466,3.467,3.473,3.482,3.489,3.493,3.501,3.506,3.507,3.506,3.506,3.502,3.498,3.494,3.49,3.484,3.478,3.47,3.464,3.458,3.456,3.456,3.457,3.457,3.457,3.455,3.453,3.448,3.445,3.44,3.435,3.429,3.421,3.413,3.404,3.393,3.384,3.38,3.376,3.372,3.37,3.37,3.372,3.383,3.412,3.479,3.602,3.784,4.041,4.363,4.089,3.63,3.02,2.28,1.248,0.045,-1.117,-2.102,-2.845,-3.366,-3.625,-3.702,-3.702,-3.686,-3.518,-3.231,-3.057,-3.017,-2.969,-2.912,-2.871,-3.025,-3.148,-3.203,-3.215,-3.215,-3.212,-3.167,-3.055,-2.876,-2.888,-2.939,-2.987,-3.022,-3.128,-3.442,-3.646,-3.703,-3.703,-3.668,-3.476,-3.054,-2.395,-1.498,-0.376,0.791,1.925,2.738,3.386,3.909,4.253,4.15,3.858,3.649,3.507,3.423,3.384,3.364,3.355,3.349,3.347,3.347,3.349,3.352,3.359,3.369,3.377,3.387,3.394,3.399,3.403,3.406,3.406,3.406,3.407,3.413,3.422,3.429,3.432,3.436,3.435,3.434,3.433,3.432,3.432,3.431,3.435,3.437,3.441,3.442,3.445,3.445,3.443,3.44,3.435,3.43,3.426,3.424,3.423,3.423,3.425,3.428,3.432,3.439,3.443,3.452,3.458,3.459,3.466,3.475,3.478,3.483,3.483,3.484,3.484,3.485,3.485,3.486,3.495,Progesterone_65,Progesterone,-3.795880017344075,CC(=O)[C@H]1CC[C@@H]2[C@@H]3CCC4=CC(=O)CC[C@]4(C)[C@H]3CC[C@@]12C
1.162,1.144,1.135,1.135,1.134,1.134,1.135,1.138,1.142,1.143,1.145,1.147,1.151,1.153,1.153,1.154,1.155,1.159,1.16,1.164,1.169,1.173,1.179,1.181,1.182,1.182,1.18,1.178,1.172,1.171,1.169,1.169,1.172,1.168,1.161,1.154,1.147,1.143,1.138,1.136,1.133,1.128,1.127,1.123,1.12,1.114,1.105,1.099,1.09,1.082,1.071,1.059,1.049,1.039,1.036,1.034,1.034,1.035,1.047,1.061,1.099,1.175,1.303,1.511,1.77,1.926,2.051,2.126,2.138,1.959,1.384,0.818,0.338,-0.014,-0.11,-0.11,-0.006,0.352,1.058,2.107,3.49,5.042,6.504,7.739,8.851,9.875,10.855,11.794,12.335,12.639,12.635,12.647,12.672,12.773,12.301,11.674,10.597,9.573,8.438,7.201,5.652,4.049,2.567,1.379,0.547,0.041,-0.132,-0.134,-0.125,0.153,0.617,1.183,1.757,2.039,2.114,2.051,1.93,1.795,1.569,1.327,1.174,1.079,1.03,1.007,0.998,0.994,0.988,0.988,0.988,0.99,0.999,1.01,1.02,1.024,1.032,1.041,1.05,1.055,1.059,1.064,1.069,1.077,1.083,1.087,1.092,1.098,1.102,1.107,1.112,1.115,1.116,1.116,1.119,1.119,1.119,1.122,1.123,1.124,1.125,1.126,1.128,1.129,1.128,1.128,1.13,1.136,1.142,1.149,1.155,1.158,1.162,1.169,1.171,1.174,1.174,1.176,1.18,1.182,1.184,1.184,1.185,1.187,1.187,1.188,1.199,Netivudine_32,Netivudine,-5.853871964321762,CC#Cc1cn([C@@H]2O[C@H](CO)[C@@H](O)[C@@H]2O)c(=O)[nH]c1=O
1.239,1.224,1.212,1.207,1.206,1.207,1.21,1.212,1.212,1.21,1.209,1.209,1.211,1.211,1.211,1.21,1.208,1.21,1.213,1.219,1.226,1.234,1.237,1.238,1.239,1.24,1.238,1.235,1.231,1.224,1.217,1.208,1.201,1.192,1.186,1.178,1.17,1.166,1.163,1.159,1.155,1.149,1.14,1.132,1.125,1.115,1.109,1.1,1.088,1.077,1.064,1.049,1.037,1.034,1.031,1.027,1.025,1.032,1.048,1.078,1.134,1.229,1.396,1.661,2.035,2.338,2.452,2.417,2.413,2.322,2.194,1.959,1.581,1.399,1.418,1.466,1.959,2.852,4.266,6.244,8.47,10.663,11.602,12.676,13.85,15.182,16.103,16.814,17.513,18.099,18.249,18.504,18.47,17.835,17.191,16.566,15.746,14.503,13.327,12.258,11.228,9.301,6.952,4.641,3.18,2.089,1.445,1.249,1.274,1.4,1.693,2.091,2.227,2.356,2.382,2.393,2.398,2.172,1.759,1.464,1.265,1.137,1.066,1.043,1.021,1.013,1.013,1.012,1.01,1.015,1.023,1.036,1.045,1.052,1.061,1.069,1.078,1.092,1.099,1.107,1.112,1.12,1.132,1.139,1.146,1.15,1.154,1.164,1.165,1.166,1.171,1.172,1.176,1.176,1.179,1.182,1.182,1.188,1.189,1.192,1.196,1.196,1.2,1.207,1.21,1.215,1.219,1.229,1.235,1.239,1.244,1.246,1.25,1.257,1.261,1.264,1.264,1.265,1.266,1.269,1.272,1.272,1.276,1.282,1.298,Cefatrizine_40,Cefatrizine,-5.6020599913279625,N[C@H](C(=O)N[C@H]1C(=O)N2C(C(=O)[O-])=C(CSc3cnn[nH]3)CS[C@H]12)c1ccc(O)cc1
0.963,0.954,0.953,0.952,0.952,0.953,0.954,0.956,0.958,0.958,0.959,0.96,0.96,0.961,0.96,0.958,0.958,0.958,0.96,0.963,0.968,0.969,0.971,0.975,0.975,0.975,0.973,0.973,0.972,0.971,0.967,0.964,0.963,0.958,0.955,0.952,0.949,0.946,0.945,0.943,0.94,0.94,0.939,0.938,0.934,0.93,0.927,0.923,0.916,0.914,0.911,0.903,0.897,0.894,0.893,0.892,0.892,0.894,0.896,0.906,0.92,0.956,1.014,1.107,1.239,1.388,1.503,1.569,1.513,1.299,0.974,0.607,0.282,0.034,-0.095,-0.099,-0.099,-0.039,0.147,0.46,0.908,1.455,2.056,2.647,3.183,3.576,3.666,3.53,3.446,3.404,3.4,3.4,3.402,3.444,3.531,3.698,3.74,3.33,2.802,2.203,1.586,1.011,0.529,0.171,-0.057,-0.158,-0.164,-0.164,-0.076,0.139,0.464,0.829,1.195,1.454,1.569,1.525,1.426,1.286,1.144,1.038,0.967,0.922,0.902,0.896,0.892,0.889,0.886,0.886,0.886,0.887,0.893,0.898,0.904,0.91,0.915,0.916,0.917,0.921,0.923,0.925,0.927,0.931,0.935,0.939,0.939,0.939,0.94,0.941,0.944,0.945,0.946,0.946,0.947,0.947,0.949,0.949,0.95,0.95,0.952,0.953,0.953,0.953,0.953,0.956,0.957,0.958,0.96,0.965,0.97,0.97,0.973,0.974,0.975,0.976,0.976,0.978,0.978,0.979,0.98,0.981,0.98,0.979,0.979,0.98,0.986,Antipyrine_27,Antipyrine,-3.823908740944319,Cc1cc(=O)n(-c2ccccc2)n1C
0.996,0.987,0.985,0.984,0.984,0.984,0.986,0.988,0.989,0.991,0.992,0.992,0.989,0.989,0.987,0.986,0.986,0.987,0.99,0.996,1.0,1.005,1.008,1.011,1.013,1.012,1.008,1.006,1.005,1.002,0.998,0.993,0.99,0.985,0.982,0.98,0.98,0.978,0.976,0.974,0.974,0.971,0.969,0.968,0.966,0.961,0.958,0.951,0.945,0.941,0.935,0.929,0.923,0.921,0.92,0.92,0.921,0.923,0.926,0.934,0.953,0.993,1.059,1.173,1.341,1.547,1.756,1.885,1.649,1.308,0.919,0.372,-0.126,-0.491,-0.703,-0.756,-0.756,-0.752,-0.62,-0.316,0.055,0.635,1.179,1.646,2.066,2.462,2.683,2.7,2.578,2.525,2.512,2.512,2.523,2.569,2.685,2.795,2.588,2.216,1.782,1.317,0.78,0.256,-0.224,-0.584,-0.761,-0.811,-0.811,-0.779,-0.615,-0.308,0.14,0.716,1.141,1.519,1.793,1.821,1.621,1.409,1.22,1.089,1.004,0.955,0.929,0.919,0.917,0.911,0.91,0.908,0.908,0.912,0.915,0.923,0.928,0.934,0.941,0.944,0.945,0.947,0.948,0.948,0.951,0.955,0.959,0.962,0.967,0.969,0.97,0.971,0.972,0.971,0.97,0.97,0.97,0.972,0.974,0.975,0.975,0.977,0.98,0.978,0.977,0.977,0.977,0.977,0.979,0.981,0.982,0.987,0.99,0.992,0.997,0.999,1.0,1.001,1.002,1.004,1.009,1.01,1.01,1.011,1.012,1.012,1.012,1.016,1.022,Fluparoxan_73,Fluparoxan,-3.6020599913279625,Fc1cccc2c1O[C@@H]1CNC[C@H]1O2
0.053,0.04,0.035,0.033,0.032,0.032,0.032,0.032,0.032,0.032,0.028,0.028,0.025,0.024,0.022,0.021,0.021,0.024,0.028,0.034,0.038,0.042,0.047,0.049,0.05,0.05,0.048,0.044,0.04,0.035,0.034,0.03,0.023,0.016,0.011,0.009,0.006,0.003,-0.0,-0.003,-0.005,-0.007,-0.01,-0.013,-0.018,-0.023,-0.029,-0.036,-0.042,-0.048,-0.056,-0.065,-0.069,-0.075,-0.075,-0.076,-0.074,-0.068,-0.056,-0.042,-0.011,0.046,0.159,0.335,0.582,0.899,1.248,1.463,1.43,1.381,1.191,0.79,0.497,0.383,0.366,0.366,0.535,0.975,1.745,2.805,4.129,5.26,6.326,7.262,8.113,8.901,9.455,9.724,9.648,9.51,9.483,9.495,9.506,9.696,10.026,9.774,9.225,8.487,7.629,6.683,5.605,4.397,3.113,1.962,1.149,0.574,0.318,0.266,0.266,0.356,0.592,1.005,1.312,1.378,1.434,1.38,1.031,0.689,0.402,0.211,0.072,-0.005,-0.047,-0.064,-0.071,-0.074,-0.078,-0.078,-0.078,-0.075,-0.067,-0.064,-0.06,-0.05,-0.043,-0.038,-0.036,-0.032,-0.028,-0.027,-0.02,-0.015,-0.013,-0.009,-0.0,0.001,0.003,0.003,0.004,0.005,0.006,0.006,0.008,0.008,0.01,0.01,0.013,0.014,0.017,0.018,0.021,0.023,0.025,0.028,0.033,0.035,0.043,0.047,0.049,0.053,0.06,0.059,0.058,0.058,0.059,0.061,0.062,0.063,0.066,0.066,0.068,0.073,0.075,0.079,0.085,Hydrochlorothiazide_90,Hydrochlorothiazide,-6.0,NS(=O)(=O)c1cc2c(cc1Cl)NCNS2(=O)=O
1.907,1.886,1.884,1.884,1.883,1.884,1.886,1.89,1.889,1.89,1.894,1.897,1.899,1.899,1.897,1.897,1.897,1.899,1.904,1.912,1.918,1.922,1.922,1.924,1.926,1.929,1.929,1.925,1.922,1.919,1.917,1.911,1.903,1.899,1.893,1.888,1.884,1.881,1.88,1.879,1.875,1.872,1.869,1.865,1.859,1.849,1.845,1.835,1.829,1.824,1.816,1.806,1.796,1.789,1.788,1.787,1.787,1.79,1.795,1.807,1.835,1.905,2.032,2.233,2.203,2.12,1.98,1.836,1.588,1.264,0.908,0.396,-0.393,-0.967,-1.22,-1.297,-1.311,-1.127,-0.656,0.019,0.937,1.843,2.358,2.881,3.481,4.06,4.585,5.19,5.843,6.443,6.502,6.5,6.509,6.156,5.497,4.91,4.358,3.807,3.185,2.668,2.143,1.203,0.279,-0.525,-1.045,-1.307,-1.319,-1.343,-1.135,-0.686,-0.002,0.754,1.156,1.461,1.737,1.92,2.048,2.177,2.226,2.075,1.926,1.837,1.795,1.774,1.768,1.764,1.76,1.759,1.758,1.761,1.772,1.78,1.787,1.792,1.801,1.806,1.81,1.82,1.823,1.823,1.829,1.835,1.839,1.846,1.85,1.851,1.855,1.859,1.863,1.865,1.866,1.865,1.867,1.87,1.871,1.872,1.874,1.874,1.875,1.873,1.874,1.872,1.872,1.875,1.875,1.875,1.881,1.887,1.892,1.896,1.9,1.903,1.908,1.911,1.916,1.92,1.923,1.925,1.926,1.926,1.93,1.931,1.932,1.932,1.946,Acebutolol_1,Acebutolol,-5.769551078621726,CCCC(=O)Nc1ccc(OC[C@@H](O)CNC(C)C)c(C(C)=O)c1
3.23,3.215,3.211,3.21,3.21,3.21,3.215,3.222,3.229,3.232,3.237,3.243,3.243,3.243,3.241,3.239,3.239,3.243,3.246,3.253,3.261,3.265,3.272,3.277,3.279,3.279,3.277,3.272,3.27,3.267,3.262,3.258,3.256,3.25,3.242,3.237,3.233,3.233,3.233,3.233,3.234,3.233,3.231,3.226,3.224,3.22,3.214,3.208,3.201,3.193,3.184,3.172,3.164,3.161,3.157,3.152,3.148,3.148,3.148,3.159,3.186,3.243,3.35,3.52,3.755,4.062,3.826,3.428,2.829,2.027,1.05,-0.11,-1.205,-2.095,-2.752,-3.168,-3.36,-3.421,-3.421,-3.326,-3.107,-2.755,-2.44,-2.251,-2.031,-1.753,-1.485,-1.231,-1.008,-0.838,-0.852,-0.852,-0.845,-0.862,-1.069,-1.337,-1.605,-1.837,-2.106,-2.314,-2.576,-2.971,-3.23,-3.371,-3.371,-3.34,-3.233,-2.893,-2.336,-1.529,-0.517,0.652,1.679,2.537,3.226,3.675,4.003,3.84,3.574,3.383,3.259,3.187,3.151,3.133,3.123,3.12,3.119,3.119,3.119,3.123,3.129,3.137,3.145,3.153,3.163,3.168,3.172,3.173,3.173,3.173,3.175,3.181,3.188,3.198,3.202,3.205,3.205,3.203,3.203,3.203,3.204,3.203,3.206,3.208,3.212,3.214,3.216,3.216,3.214,3.208,3.205,3.2,3.195,3.195,3.194,3.194,3.195,3.198,3.203,3.21,3.215,3.219,3.227,3.229,3.233,3.243,3.248,3.252,3.252,3.253,3.253,3.253,3.253,3.253,3.262,Testosterone_106,Testosterone,-3.853871964321762,C[C@@]12CC[C@@H]3[C@H](CCC4=CC(=O)CC[C@]43C)[C@H]1CC[C@@H]2O
1.206,1.188,1.184,1.183,1.182,1.183,1.185,1.185,1.187,1.185,1.184,1.184,1.186,1.181,1.18,1.178,1.178,1.178,1.184,1.194,1.196,1.202,1.202,1.204,1.201,1.201,1.205,1.204,1.198,1.194,1.188,1.182,1.179,1.172,1.165,1.16,1.157,1.153,1.149,1.144,1.142,1.136,1.132,1.125,1.119,1.114,1.105,1.1,1.094,1.083,1.075,1.066,1.057,1.048,1.048,1.048,1.054,1.056,1.066,1.084,1.116,1.193,1.319,1.543,1.842,2.021,1.892,1.806,1.762,1.762,1.745,1.196,0.723,0.554,0.552,0.552,0.652,1.132,1.938,2.987,3.606,4.035,4.627,5.231,5.753,6.365,7.146,7.813,8.385,8.44,8.427,8.425,8.439,8.52,8.02,7.359,6.634,6.009,5.452,4.921,4.234,3.713,3.115,2.188,1.268,0.681,0.46,0.439,0.464,0.534,0.957,1.539,1.69,1.69,1.73,1.802,1.929,1.979,1.628,1.377,1.224,1.128,1.075,1.053,1.046,1.039,1.032,1.03,1.03,1.036,1.043,1.057,1.066,1.071,1.078,1.082,1.09,1.097,1.102,1.105,1.111,1.117,1.122,1.128,1.136,1.136,1.139,1.143,1.144,1.148,1.151,1.154,1.153,1.157,1.159,1.162,1.162,1.164,1.162,1.164,1.166,1.168,1.17,1.171,1.174,1.177,1.183,1.188,1.196,1.196,1.196,1.2,1.201,1.203,1.214,1.219,1.22,1.221,1.225,1.229,1.229,1.229,1.229,1.234,1.252,Sulfasalazine_94,Sulfasalazine,-6.318758762624412,O=C([O-])C1=C/C(=N/Nc2ccc(S(=O)(=O)/N=c3\cccc[nH]3)cc2)C=CC1=O
0.176,0.157,0.151,0.152,0.151,0.151,0.151,0.149,0.149,0.149,0.149,0.149,0.152,0.153,0.151,0.15,0.15,0.151,0.153,0.158,0.161,0.166,0.171,0.173,0.173,0.173,0.172,0.169,0.166,0.163,0.158,0.154,0.153,0.151,0.145,0.137,0.132,0.129,0.123,0.118,0.115,0.111,0.11,0.106,0.101,0.094,0.088,0.081,0.074,0.065,0.056,0.048,0.04,0.028,0.024,0.024,0.026,0.034,0.049,0.07,0.101,0.172,0.286,0.476,0.743,1.043,1.256,1.369,1.449,1.48,1.41,1.328,1.207,1.207,1.244,1.324,1.705,2.377,3.37,4.668,6.257,8.033,9.826,11.481,12.862,13.61,13.921,14.074,14.184,14.371,14.523,14.523,14.563,14.477,14.374,14.332,14.19,13.35,12.015,10.406,8.575,6.751,5.084,3.668,2.56,1.783,1.317,1.159,1.137,1.137,1.199,1.357,1.471,1.474,1.408,1.3,1.115,0.849,0.549,0.334,0.189,0.1,0.05,0.031,0.027,0.022,0.019,0.014,0.015,0.021,0.029,0.036,0.046,0.052,0.059,0.064,0.07,0.072,0.081,0.086,0.092,0.098,0.103,0.107,0.11,0.115,0.118,0.123,0.125,0.129,0.132,0.132,0.132,0.133,0.133,0.135,0.135,0.136,0.136,0.14,0.144,0.15,0.155,0.158,0.163,0.17,0.176,0.185,0.19,0.19,0.19,0.192,0.196,0.194,0.193,0.193,0.195,0.196,0.197,0.197,0.197,0.2,0.201,0.206,0.213,Acyclovir_10,Acyclovir,-6.6777807052660805,Nc1nc(=O)c2ncn(COCCO)c2[nH]1
1.722,1.715,1.711,1.709,1.709,1.709,1.713,1.717,1.719,1.722,1.723,1.725,1.724,1.722,1.722,1.721,1.721,1.723,1.725,1.728,1.733,1.74,1.743,1.747,1.748,1.747,1.747,1.745,1.741,1.739,1.735,1.732,1.728,1.724,1.721,1.715,1.712,1.711,1.709,1.707,1.707,1.706,1.704,1.701,1.699,1.693,1.688,1.683,1.68,1.674,1.667,1.659,1.654,1.651,1.649,1.647,1.646,1.646,1.648,1.656,1.677,1.715,1.782,1.903,2.073,2.221,2.33,2.148,1.793,1.37,0.895,0.351,-0.297,-0.88,-1.295,-1.555,-1.656,-1.658,-1.658,-1.537,-1.3,-0.93,-0.519,-0.076,0.347,0.429,0.301,0.184,0.112,0.089,0.088,0.086,0.087,0.099,0.172,0.302,0.45,0.452,0.047,-0.411,-0.839,-1.227,-1.507,-1.652,-1.709,-1.702,-1.624,-1.437,-1.076,-0.543,0.082,0.681,1.192,1.629,2.016,2.306,2.256,2.116,1.939,1.808,1.725,1.676,1.655,1.645,1.636,1.632,1.632,1.632,1.632,1.634,1.637,1.644,1.653,1.66,1.664,1.669,1.673,1.675,1.676,1.677,1.678,1.682,1.689,1.691,1.695,1.698,1.697,1.697,1.698,1.7,1.699,1.699,1.701,1.702,1.704,1.705,1.705,1.705,1.705,1.705,1.705,1.701,1.699,1.699,1.701,1.702,1.703,1.707,1.713,1.718,1.72,1.724,1.726,1.728,1.732,1.734,1.737,1.739,1.741,1.741,1.741,1.742,1.742,1.745,1.748,Warfarin_131,Warfarin,-4.356547323513813,CC(=O)C[C@@H](c1ccccc1)c1c([O-])c2ccccc2oc1=O
1.224,1.212,1.208,1.206,1.206,1.206,1.207,1.21,1.211,1.212,1.212,1.211,1.211,1.212,1.212,1.21,1.21,1.21,1.212,1.219,1.224,1.229,1.231,1.234,1.234,1.237,1.237,1.234,1.229,1.224,1.221,1.217,1.212,1.205,1.198,1.193,1.191,1.189,1.186,1.184,1.182,1.178,1.176,1.172,1.165,1.161,1.156,1.149,1.14,1.133,1.124,1.113,1.106,1.098,1.096,1.096,1.096,1.101,1.107,1.124,1.153,1.209,1.316,1.487,1.73,1.747,1.691,1.624,1.516,1.425,1.166,0.659,0.223,0.02,-0.015,-0.025,0.04,0.313,0.895,1.77,2.826,3.963,5.18,6.367,7.023,7.686,8.13,8.671,8.698,8.601,8.589,8.589,8.595,8.699,8.821,8.467,8.067,7.496,6.709,5.544,4.282,3.091,2.011,1.046,0.363,-0.021,-0.113,-0.113,-0.098,0.053,0.439,0.955,1.326,1.472,1.548,1.667,1.721,1.775,1.556,1.366,1.239,1.161,1.121,1.107,1.1,1.096,1.093,1.092,1.092,1.095,1.104,1.11,1.116,1.126,1.133,1.138,1.141,1.148,1.152,1.154,1.158,1.164,1.168,1.172,1.178,1.18,1.184,1.186,1.187,1.19,1.19,1.191,1.192,1.193,1.193,1.196,1.197,1.197,1.2,1.202,1.204,1.205,1.209,1.21,1.211,1.214,1.218,1.226,1.228,1.233,1.236,1.236,1.239,1.242,1.242,1.242,1.243,1.247,1.249,1.249,1.249,1.252,1.252,1.255,1.261,Sumatriptan_97,Sumatriptan,-5.721246399047171,CNS(=O)(=O)Cc1ccc2[nH]cc(CCN(C)C)c2c1
0.435,0.427,0.423,0.422,0.421,0.421,0.421,0.424,0.425,0.427,0.428,0.428,0.428,0.428,0.427,0.427,0.427,0.428,0.431,0.433,0.437,0.44,0.441,0.443,0.445,0.443,0.442,0.441,0.44,0.438,0.438,0.437,0.436,0.434,0.432,0.428,0.426,0.424,0.422,0.418,0.418,0.418,0.417,0.415,0.414,0.411,0.407,0.402,0.398,0.396,0.392,0.387,0.382,0.38,0.378,0.378,0.378,0.379,0.383,0.39,0.405,0.439,0.493,0.58,0.701,0.849,0.978,1.09,1.122,0.875,0.572,0.232,-0.113,-0.364,-0.521,-0.566,-0.566,-0.558,-0.433,-0.173,0.22,0.721,1.285,1.811,2.205,2.545,2.785,3.015,3.12,3.088,3.08,3.08,3.081,3.109,3.164,2.961,2.694,2.375,1.996,1.511,0.918,0.375,-0.06,-0.369,-0.539,-0.581,-0.581,-0.561,-0.475,-0.237,0.084,0.434,0.745,1.03,1.137,1.014,0.88,0.738,0.603,0.503,0.436,0.394,0.375,0.366,0.36,0.358,0.355,0.355,0.355,0.356,0.359,0.366,0.371,0.376,0.379,0.384,0.385,0.386,0.388,0.389,0.392,0.396,0.401,0.402,0.403,0.404,0.405,0.407,0.408,0.41,0.41,0.411,0.411,0.411,0.411,0.412,0.412,0.413,0.413,0.414,0.413,0.412,0.412,0.414,0.414,0.417,0.418,0.424,0.427,0.431,0.433,0.435,0.436,0.436,0.437,0.438,0.439,0.441,0.441,0.444,0.444,0.444,0.444,0.445,0.452,Acetylsalicylic_Acid_4,Acetylsalicylic_Acid,-5.130768280269024,CC(=O)Oc1ccccc1C(=O)O
0.098,0.087,0.084,0.083,0.082,0.082,0.082,0.082,0.08,0.079,0.077,0.077,0.074,0.073,0.072,0.071,0.072,0.073,0.076,0.079,0.082,0.086,0.09,0.09,0.092,0.091,0.09,0.088,0.084,0.08,0.078,0.073,0.066,0.062,0.057,0.055,0.051,0.049,0.045,0.043,0.042,0.041,0.038,0.032,0.027,0.024,0.019,0.012,0.007,0.001,-0.006,-0.012,-0.015,-0.018,-0.017,-0.017,-0.014,-0.011,-0.006,0.008,0.032,0.08,0.166,0.312,0.527,0.817,1.197,1.454,1.445,1.373,1.247,1.108,1.035,1.044,1.056,1.2,1.525,2.108,2.866,3.746,4.706,5.59,6.399,7.109,7.651,8.189,8.603,8.671,8.472,8.404,8.379,8.379,8.401,8.516,8.791,8.88,8.493,7.96,7.382,6.705,5.856,4.942,4.08,3.197,2.288,1.606,1.201,1.015,0.971,0.971,1.018,1.162,1.293,1.343,1.428,1.323,0.937,0.62,0.377,0.205,0.097,0.036,0.002,-0.011,-0.016,-0.023,-0.027,-0.029,-0.028,-0.023,-0.019,-0.014,-0.01,-0.003,0.002,0.009,0.011,0.016,0.02,0.023,0.028,0.033,0.034,0.04,0.046,0.049,0.049,0.052,0.051,0.052,0.055,0.056,0.058,0.058,0.059,0.059,0.061,0.063,0.063,0.065,0.067,0.067,0.069,0.071,0.076,0.08,0.085,0.088,0.091,0.097,0.1,0.098,0.098,0.102,0.102,0.103,0.107,0.107,0.106,0.106,0.109,0.112,0.113,0.116,0.126,Hydrochlorothiazide_91,Hydrochlorothiazide,-6.0,NS(=O)(=O)c1cc2c(cc1Cl)NC[N-]S2(=O)=O
1.209,1.177,1.168,1.161,1.16,1.16,1.164,1.166,1.171,1.173,1.169,1.169,1.17,1.173,1.171,1.172,1.171,1.175,1.182,1.184,1.19,1.2,1.204,1.209,1.209,1.209,1.204,1.205,1.203,1.197,1.189,1.181,1.175,1.166,1.159,1.148,1.139,1.137,1.131,1.127,1.126,1.119,1.111,1.102,1.098,1.092,1.08,1.066,1.058,1.046,1.033,1.02,1.007,0.998,0.987,0.987,0.99,1.0,1.011,1.04,1.094,1.213,1.412,1.719,2.151,2.225,2.315,2.398,2.473,2.458,2.105,1.515,1.013,0.742,0.771,0.771,1.037,1.684,2.906,4.731,7.024,9.664,11.74,13.2,13.994,15.011,16.025,17.047,18.283,18.685,19.116,19.351,19.108,18.66,17.599,16.652,15.595,14.6,13.691,12.519,10.597,7.825,5.352,3.338,1.923,1.062,0.682,0.633,0.665,0.792,1.22,1.81,2.264,2.373,2.426,2.326,2.247,2.163,1.826,1.478,1.239,1.099,1.026,0.989,0.973,0.965,0.96,0.96,0.962,0.967,0.979,0.988,0.999,1.007,1.013,1.029,1.038,1.047,1.053,1.059,1.07,1.079,1.089,1.097,1.103,1.104,1.114,1.115,1.122,1.125,1.126,1.129,1.134,1.135,1.136,1.136,1.141,1.144,1.148,1.152,1.152,1.154,1.159,1.163,1.167,1.172,1.179,1.191,1.199,1.201,1.206,1.212,1.215,1.219,1.222,1.223,1.224,1.227,1.231,1.229,1.236,1.238,1.242,1.246,1.26,Cefatrizine_39,Cefatrizine,-5.6020599913279625,N[C@H](C(=O)N[C@@H]1C(=O)N2C(C(=O)O)=C(CSc3cn[nH]n3)CS[C@@H]12)c1ccc(O)cc1
0.768,0.743,0.733,0.73,0.729,0.729,0.73,0.731,0.729,0.728,0.728,0.727,0.724,0.723,0.722,0.72,0.719,0.72,0.723,0.728,0.738,0.742,0.745,0.751,0.754,0.753,0.752,0.747,0.743,0.736,0.73,0.724,0.719,0.709,0.696,0.687,0.68,0.674,0.669,0.663,0.662,0.655,0.649,0.642,0.631,0.625,0.613,0.603,0.589,0.577,0.566,0.551,0.541,0.537,0.533,0.533,0.536,0.544,0.564,0.594,0.656,0.767,0.944,1.238,1.658,2.179,2.511,2.534,2.445,2.352,2.251,1.885,1.648,1.601,1.601,1.652,2.127,3.097,4.555,6.465,8.74,10.769,12.06,13.222,14.238,15.148,15.799,16.213,16.617,17.048,17.019,17.019,17.055,16.963,16.591,16.223,15.627,14.733,13.752,12.565,11.358,9.392,7.092,5.001,3.334,2.2,1.584,1.433,1.438,1.448,1.693,2.087,2.232,2.334,2.441,2.545,2.29,1.829,1.358,1.026,0.794,0.669,0.589,0.554,0.538,0.53,0.527,0.524,0.524,0.524,0.537,0.548,0.561,0.571,0.584,0.592,0.602,0.608,0.615,0.622,0.631,0.641,0.648,0.654,0.664,0.668,0.675,0.68,0.68,0.684,0.688,0.689,0.692,0.692,0.696,0.699,0.703,0.704,0.704,0.711,0.713,0.718,0.721,0.731,0.734,0.743,0.75,0.756,0.763,0.766,0.774,0.774,0.78,0.785,0.785,0.787,0.79,0.79,0.791,0.793,0.792,0.798,0.798,0.808,0.822,Cefuroxime_45,Cefuroxime,-6.795880017344075,CO/N=C(/C(=O)N[C@@H]1C(=O)N2C(C(=O)[O-])=C(COC(N)=O)CS[C@H]12)c1ccco1
1.616,1.605,1.598,1.596,1.597,1.598,1.599,1.601,1.606,1.609,1.612,1.614,1.614,1.612,1.612,1.612,1.612,1.614,1.616,1.619,1.623,1.631,1.636,1.637,1.638,1.638,1.637,1.635,1.631,1.629,1.628,1.627,1.623,1.62,1.615,1.61,1.606,1.605,1.601,1.598,1.598,1.596,1.595,1.593,1.589,1.585,1.577,1.574,1.568,1.561,1.554,1.546,1.539,1.535,1.532,1.53,1.529,1.529,1.535,1.55,1.577,1.628,1.726,1.867,2.055,2.214,2.377,2.231,1.912,1.525,1.007,0.418,-0.179,-0.643,-0.915,-1.069,-1.067,-1.053,-0.922,-0.57,-0.04,0.552,1.189,1.74,2.252,2.599,2.775,2.924,2.773,2.698,2.69,2.688,2.696,2.768,2.91,3.008,2.83,2.475,1.99,1.427,0.801,0.159,-0.415,-0.826,-1.044,-1.074,-1.081,-1.013,-0.778,-0.405,0.162,0.786,1.342,1.769,2.105,2.37,2.252,2.1,1.906,1.75,1.639,1.572,1.535,1.52,1.51,1.506,1.502,1.502,1.502,1.504,1.509,1.518,1.527,1.534,1.54,1.545,1.549,1.552,1.553,1.556,1.557,1.563,1.568,1.571,1.575,1.578,1.579,1.582,1.582,1.583,1.583,1.584,1.586,1.587,1.587,1.589,1.59,1.589,1.589,1.592,1.589,1.586,1.586,1.588,1.588,1.589,1.592,1.597,1.601,1.606,1.611,1.614,1.616,1.619,1.622,1.623,1.626,1.628,1.631,1.632,1.632,1.63,1.631,1.635,1.642,Warfarin_130,Warfarin,-4.356547323513813,CC(=O)C[C@H](c1ccccc1)c1c(O)c2ccccc2oc1=O
3.318,3.295,3.285,3.285,3.284,3.287,3.292,3.302,3.312,3.317,3.322,3.323,3.324,3.329,3.327,3.327,3.328,3.332,3.337,3.343,3.353,3.353,3.359,3.364,3.37,3.369,3.368,3.365,3.362,3.356,3.355,3.351,3.348,3.345,3.339,3.329,3.324,3.318,3.318,3.319,3.318,3.317,3.314,3.308,3.304,3.297,3.29,3.28,3.273,3.263,3.251,3.238,3.224,3.218,3.215,3.209,3.207,3.207,3.209,3.217,3.26,3.349,3.503,3.736,4.07,4.247,3.862,3.356,2.674,1.928,1.07,-0.091,-1.213,-2.197,-2.86,-3.207,-3.298,-3.298,-3.228,-2.934,-2.358,-1.665,-0.941,-0.151,0.671,1.542,2.361,3.064,3.705,4.208,4.418,4.411,4.355,3.967,3.379,2.729,1.965,1.107,0.206,-0.559,-1.281,-2.049,-2.687,-3.105,-3.266,-3.266,-3.214,-2.98,-2.452,-1.598,-0.513,0.651,1.593,2.368,3.07,3.63,4.065,4.176,3.814,3.543,3.348,3.246,3.193,3.166,3.151,3.149,3.143,3.143,3.143,3.15,3.158,3.171,3.18,3.193,3.2,3.21,3.215,3.22,3.222,3.222,3.228,3.237,3.247,3.255,3.257,3.267,3.268,3.268,3.268,3.271,3.274,3.274,3.278,3.281,3.282,3.286,3.288,3.288,3.286,3.282,3.277,3.274,3.268,3.267,3.267,3.271,3.274,3.278,3.282,3.294,3.3,3.306,3.314,3.316,3.325,3.333,3.338,3.339,3.343,3.345,3.346,3.345,3.344,3.345,3.357,Methylprednisolone_19,Methylprednisolone,-4.795880017344075,C[C@@H]1C[C@H]2[C@@H]([C@@H](O)C[C@]3(C)[C@@H]2CC[C@@]3(O)C(=O)CO)[C@]2(C)C=CC(=O)C=C12
1.447,1.438,1.436,1.436,1.435,1.435,1.435,1.438,1.441,1.441,1.444,1.447,1.445,1.444,1.443,1.442,1.442,1.443,1.446,1.45,1.454,1.457,1.46,1.465,1.467,1.466,1.465,1.464,1.459,1.456,1.452,1.45,1.444,1.44,1.438,1.434,1.433,1.431,1.43,1.43,1.43,1.428,1.427,1.425,1.422,1.419,1.413,1.407,1.401,1.396,1.393,1.386,1.382,1.378,1.376,1.376,1.376,1.376,1.381,1.386,1.406,1.445,1.512,1.624,1.788,1.979,1.704,1.373,1.036,0.703,0.318,-0.092,-0.51,-0.843,-1.085,-1.19,-1.2,-1.182,-1.098,-0.831,-0.438,-0.134,0.181,0.563,0.961,1.371,1.709,1.805,1.681,1.638,1.63,1.632,1.634,1.681,1.813,1.839,1.512,1.109,0.697,0.296,-0.061,-0.329,-0.732,-0.984,-1.168,-1.235,-1.235,-1.157,-0.979,-0.649,-0.269,0.163,0.543,0.901,1.242,1.597,1.895,1.85,1.665,1.54,1.458,1.411,1.386,1.375,1.371,1.367,1.365,1.365,1.365,1.367,1.372,1.375,1.383,1.389,1.393,1.396,1.398,1.402,1.403,1.403,1.405,1.408,1.412,1.417,1.419,1.422,1.424,1.424,1.425,1.425,1.424,1.425,1.426,1.426,1.428,1.429,1.43,1.431,1.432,1.431,1.429,1.427,1.427,1.426,1.427,1.427,1.43,1.432,1.438,1.441,1.442,1.446,1.447,1.45,1.453,1.455,1.458,1.459,1.461,1.462,1.464,1.464,1.464,1.464,1.471,Bupropion_33,Bupropion,-3.886056647693163,C[C@H](NC(C)(C)C)C(=O)c1cccc(Cl)c1
1.117,1.109,1.1,1.096,1.096,1.098,1.099,1.101,1.099,1.099,1.098,1.098,1.1,1.099,1.099,1.096,1.096,1.097,1.101,1.105,1.11,1.114,1.119,1.12,1.116,1.116,1.114,1.11,1.107,1.101,1.096,1.09,1.085,1.077,1.068,1.063,1.059,1.052,1.049,1.044,1.041,1.035,1.031,1.029,1.023,1.013,1.004,0.996,0.986,0.968,0.96,0.952,0.942,0.935,0.932,0.929,0.927,0.927,0.935,0.955,0.987,1.046,1.134,1.287,1.464,1.642,1.799,1.93,2.031,1.567,1.336,1.006,0.809,0.626,0.664,0.687,0.995,1.587,2.495,3.684,5.151,6.699,8.123,9.278,10.288,10.896,11.349,11.058,10.904,10.839,10.822,10.818,10.818,10.883,11.198,11.573,11.522,10.806,9.834,8.367,7.346,5.779,4.212,2.833,1.759,1.065,0.68,0.57,0.57,0.637,0.813,1.169,1.599,1.634,1.963,1.82,1.682,1.507,1.33,1.17,1.052,0.983,0.946,0.928,0.917,0.916,0.916,0.921,0.925,0.933,0.942,0.951,0.96,0.969,0.979,0.987,0.999,1.003,1.005,1.015,1.018,1.023,1.033,1.041,1.047,1.05,1.055,1.057,1.059,1.062,1.063,1.063,1.063,1.068,1.073,1.074,1.077,1.077,1.079,1.079,1.083,1.084,1.084,1.084,1.091,1.093,1.098,1.103,1.113,1.115,1.118,1.122,1.122,1.127,1.13,1.13,1.132,1.131,1.135,1.138,1.138,1.139,1.143,1.148,1.157,Loracarbef_6,Loracarbef,-6.040958607678906,[NH3+][C@@H](C(=O)N[C@@H]1C(=O)N2C(C(=O)[O-])=C(Cl)CC[C@H]12)c1ccccc1
1.903,1.889,1.887,1.887,1.887,1.887,1.89,1.893,1.898,1.901,1.904,1.905,1.905,1.904,1.903,1.903,1.903,1.904,1.908,1.914,1.919,1.924,1.928,1.93,1.933,1.933,1.932,1.928,1.925,1.922,1.919,1.914,1.912,1.907,1.903,1.899,1.895,1.893,1.893,1.892,1.89,1.888,1.885,1.883,1.88,1.876,1.869,1.862,1.855,1.848,1.841,1.834,1.827,1.821,1.819,1.819,1.818,1.819,1.821,1.828,1.852,1.902,1.982,2.118,2.316,2.331,2.149,1.903,1.607,1.279,0.894,0.162,-0.552,-1.141,-1.519,-1.663,-1.706,-1.706,-1.614,-1.36,-0.944,-0.421,0.137,0.716,1.34,1.972,2.59,3.132,3.519,3.58,3.573,3.574,3.577,3.624,3.447,2.888,2.247,1.601,0.977,0.347,-0.224,-0.762,-1.256,-1.567,-1.685,-1.725,-1.701,-1.613,-1.345,-0.805,-0.12,0.602,1.133,1.447,1.774,2.06,2.299,2.385,2.171,2.01,1.909,1.848,1.817,1.802,1.799,1.794,1.79,1.789,1.79,1.792,1.802,1.807,1.814,1.821,1.827,1.831,1.834,1.837,1.841,1.842,1.845,1.852,1.858,1.86,1.862,1.867,1.871,1.873,1.874,1.874,1.875,1.875,1.877,1.878,1.88,1.881,1.881,1.883,1.882,1.881,1.88,1.878,1.878,1.878,1.876,1.877,1.882,1.887,1.89,1.894,1.898,1.902,1.903,1.908,1.912,1.915,1.916,1.92,1.923,1.922,1.924,1.924,1.924,1.925,1.936,Oxyprenolol_46,Oxyprenolol,-3.886056647693163,C=CCOc1ccccc1OC[C@H](O)CNC(C)C
0.459,0.453,0.45,0.45,0.45,0.45,0.45,0.452,0.453,0.455,0.455,0.455,0.456,0.456,0.456,0.456,0.456,0.457,0.459,0.46,0.462,0.464,0.467,0.469,0.468,0.468,0.468,0.467,0.464,0.461,0.461,0.459,0.459,0.459,0.456,0.452,0.451,0.45,0.45,0.448,0.448,0.447,0.446,0.444,0.444,0.442,0.438,0.434,0.432,0.428,0.424,0.42,0.416,0.412,0.411,0.41,0.41,0.412,0.415,0.42,0.435,0.458,0.508,0.591,0.705,0.853,1.014,1.018,0.899,0.74,0.568,0.284,0.078,-0.037,-0.097,-0.097,-0.047,0.161,0.511,0.986,1.589,2.268,2.828,3.28,3.729,4.084,4.376,4.611,4.819,4.876,4.866,4.866,4.875,4.994,4.837,4.616,4.343,4.0,3.582,3.087,2.5,1.841,1.188,0.658,0.273,-0.001,-0.104,-0.104,-0.079,0.012,0.18,0.456,0.643,0.819,0.963,1.043,0.903,0.74,0.615,0.523,0.465,0.428,0.41,0.402,0.399,0.397,0.394,0.394,0.394,0.396,0.399,0.405,0.406,0.41,0.412,0.416,0.42,0.421,0.421,0.421,0.423,0.428,0.431,0.432,0.435,0.439,0.439,0.439,0.439,0.442,0.442,0.442,0.443,0.443,0.444,0.444,0.444,0.445,0.445,0.445,0.446,0.446,0.446,0.447,0.447,0.448,0.449,0.454,0.455,0.457,0.457,0.461,0.463,0.463,0.464,0.465,0.466,0.466,0.466,0.468,0.468,0.469,0.469,0.47,0.474,Acetaminophen_3,Acetaminophen,-4.455931955649724,CC(=O)Nc1ccc(O)cc1
1.785,1.774,1.773,1.773,1.773,1.773,1.775,1.78,1.782,1.785,1.788,1.791,1.791,1.79,1.789,1.788,1.789,1.791,1.792,1.8,1.803,1.806,1.809,1.812,1.814,1.814,1.814,1.811,1.807,1.806,1.804,1.799,1.795,1.791,1.788,1.784,1.78,1.78,1.78,1.78,1.778,1.775,1.774,1.773,1.769,1.764,1.76,1.752,1.746,1.739,1.736,1.73,1.723,1.72,1.718,1.717,1.716,1.716,1.717,1.722,1.741,1.782,1.853,1.967,2.126,2.127,1.967,1.754,1.46,1.186,0.794,0.133,-0.565,-1.004,-1.353,-1.51,-1.557,-1.562,-1.549,-1.455,-1.205,-0.802,-0.31,0.275,0.93,1.619,2.278,2.868,3.295,3.347,3.34,3.341,3.345,3.376,3.186,2.569,1.895,1.195,0.531,-0.091,-0.63,-1.08,-1.398,-1.529,-1.581,-1.581,-1.543,-1.431,-1.169,-0.69,-0.159,0.539,1.073,1.359,1.611,1.892,2.098,2.168,2.005,1.877,1.79,1.738,1.714,1.702,1.697,1.693,1.692,1.692,1.692,1.695,1.698,1.705,1.711,1.717,1.72,1.724,1.728,1.732,1.734,1.735,1.737,1.743,1.748,1.75,1.751,1.755,1.758,1.762,1.763,1.763,1.764,1.764,1.766,1.767,1.769,1.77,1.771,1.771,1.771,1.768,1.768,1.766,1.765,1.765,1.764,1.764,1.765,1.769,1.773,1.776,1.78,1.787,1.789,1.791,1.794,1.797,1.8,1.799,1.804,1.804,1.804,1.804,1.805,1.805,1.811,Propranolol_66,Propranolol,-3.769551078621726,CC(C)NC[C@@H](O)COc1cccc2ccccc12
0.669,0.653,0.645,0.644,0.642,0.642,0.643,0.645,0.645,0.644,0.644,0.646,0.644,0.643,0.642,0.641,0.641,0.643,0.646,0.654,0.655,0.656,0.661,0.665,0.667,0.667,0.665,0.661,0.657,0.651,0.651,0.648,0.64,0.638,0.635,0.629,0.625,0.62,0.616,0.608,0.609,0.6,0.594,0.59,0.584,0.578,0.575,0.57,0.56,0.551,0.542,0.535,0.527,0.521,0.52,0.52,0.524,0.524,0.536,0.553,0.59,0.669,0.798,1.018,1.332,1.55,1.449,1.414,1.309,1.258,1.258,1.235,1.231,1.059,1.059,1.078,1.244,1.728,2.461,3.393,4.484,5.644,6.069,6.37,6.708,7.108,7.551,8.04,8.436,8.861,9.273,9.321,8.956,8.553,8.248,7.826,7.404,6.942,6.451,6.155,5.914,4.808,3.768,2.779,1.901,1.289,1.02,0.965,0.975,1.036,1.156,1.202,1.213,1.217,1.307,1.36,1.455,1.446,1.101,0.848,0.681,0.585,0.534,0.511,0.502,0.494,0.488,0.486,0.486,0.488,0.503,0.51,0.518,0.526,0.533,0.538,0.545,0.553,0.559,0.562,0.568,0.572,0.576,0.584,0.591,0.593,0.594,0.595,0.597,0.605,0.607,0.608,0.61,0.612,0.616,0.617,0.619,0.62,0.62,0.62,0.623,0.623,0.627,0.629,0.633,0.636,0.645,0.649,0.651,0.654,0.659,0.661,0.664,0.667,0.675,0.679,0.68,0.684,0.684,0.686,0.688,0.688,0.688,0.697,0.709,Sulfasalazine_96,Sulfasalazine,-6.318758762624412,O=C(O)c1cc(/N=N/c2ccc(S(=O)(=O)/N=c3/cccc[nH]3)cc2)ccc1[O-]
0.241,0.23,0.227,0.226,0.225,0.224,0.224,0.22,0.22,0.222,0.224,0.222,0.222,0.221,0.219,0.218,0.219,0.22,0.223,0.225,0.231,0.237,0.238,0.241,0.243,0.241,0.24,0.235,0.234,0.228,0.228,0.22,0.217,0.214,0.212,0.21,0.207,0.205,0.204,0.199,0.198,0.195,0.195,0.193,0.187,0.183,0.178,0.169,0.167,0.162,0.157,0.147,0.144,0.143,0.142,0.142,0.143,0.145,0.15,0.16,0.186,0.228,0.305,0.422,0.596,0.796,1.007,1.154,1.171,0.968,0.666,0.338,0.048,-0.173,-0.252,-0.262,-0.262,-0.168,0.093,0.539,1.165,1.931,2.8,3.687,4.523,5.31,5.973,6.405,6.405,6.353,6.345,6.345,6.354,6.409,6.509,6.21,5.562,4.777,3.925,3.033,2.141,1.324,0.653,0.147,-0.161,-0.306,-0.308,-0.308,-0.261,-0.07,0.203,0.53,0.855,1.113,1.19,1.064,0.871,0.665,0.475,0.332,0.244,0.189,0.16,0.15,0.144,0.14,0.138,0.138,0.139,0.141,0.143,0.152,0.157,0.16,0.166,0.171,0.171,0.171,0.176,0.178,0.181,0.187,0.193,0.196,0.198,0.2,0.2,0.2,0.202,0.207,0.205,0.205,0.206,0.207,0.208,0.209,0.21,0.21,0.211,0.213,0.212,0.212,0.213,0.214,0.222,0.224,0.227,0.234,0.238,0.24,0.244,0.242,0.242,0.242,0.245,0.247,0.248,0.248,0.248,0.249,0.254,0.256,0.257,0.26,0.268,Guanabenz_86,Guanabenz,-3.721246399047171,NC(N)=N/N=C\c1c(Cl)cccc1Cl
0.276,0.27,0.265,0.264,0.264,0.264,0.266,0.268,0.271,0.274,0.274,0.276,0.277,0.276,0.276,0.277,0.278,0.279,0.28,0.282,0.283,0.284,0.284,0.286,0.286,0.286,0.285,0.284,0.284,0.284,0.284,0.288,0.289,0.287,0.286,0.284,0.279,0.275,0.274,0.274,0.274,0.274,0.274,0.271,0.27,0.269,0.267,0.265,0.261,0.258,0.253,0.25,0.246,0.245,0.244,0.242,0.242,0.242,0.243,0.245,0.257,0.282,0.323,0.375,0.47,0.578,0.687,0.771,0.734,0.564,0.341,0.102,-0.1,-0.254,-0.316,-0.316,-0.316,-0.273,-0.091,0.231,0.684,1.25,1.918,2.656,3.392,4.092,4.66,5.134,5.013,4.995,4.992,4.992,4.994,5.009,5.094,4.973,4.438,3.743,2.983,2.25,1.557,0.93,0.42,0.042,-0.2,-0.299,-0.303,-0.303,-0.284,-0.168,0.02,0.249,0.487,0.693,0.763,0.694,0.597,0.48,0.391,0.313,0.267,0.239,0.226,0.22,0.214,0.212,0.211,0.211,0.211,0.213,0.215,0.217,0.222,0.227,0.23,0.234,0.235,0.235,0.235,0.237,0.239,0.243,0.247,0.249,0.252,0.251,0.251,0.255,0.258,0.259,0.26,0.26,0.26,0.26,0.26,0.26,0.261,0.261,0.261,0.261,0.26,0.259,0.258,0.258,0.258,0.262,0.264,0.265,0.269,0.273,0.277,0.277,0.277,0.277,0.278,0.279,0.281,0.28,0.28,0.282,0.282,0.281,0.281,0.281,0.286,Salicylic_Acid_81,Salicylic_Acid,-5.0,O=C(O)c1ccccc1O
1.532,1.521,1.516,1.516,1.516,1.517,1.519,1.523,1.522,1.521,1.521,1.521,1.522,1.522,1.52,1.518,1.518,1.518,1.522,1.529,1.532,1.541,1.544,1.546,1.545,1.546,1.545,1.543,1.537,1.532,1.527,1.521,1.518,1.507,1.5,1.496,1.494,1.491,1.489,1.487,1.484,1.48,1.476,1.472,1.469,1.462,1.456,1.448,1.439,1.43,1.422,1.414,1.405,1.403,1.402,1.402,1.402,1.402,1.41,1.424,1.451,1.505,1.608,1.77,1.938,1.933,1.925,1.911,1.892,1.856,1.484,0.823,0.312,0.051,0.005,-0.014,0.057,0.379,0.958,1.754,2.759,3.843,4.898,5.98,6.896,7.631,7.79,7.514,7.373,7.32,7.308,7.312,7.312,7.389,7.651,7.957,7.961,7.293,6.368,5.252,4.151,3.069,2.002,1.131,0.483,0.047,-0.091,-0.076,-0.035,0.121,0.588,1.184,1.777,1.874,1.907,1.923,1.923,1.941,1.84,1.65,1.529,1.454,1.42,1.406,1.397,1.392,1.388,1.387,1.388,1.39,1.396,1.404,1.416,1.421,1.426,1.43,1.437,1.443,1.449,1.453,1.454,1.46,1.467,1.471,1.476,1.481,1.482,1.488,1.491,1.492,1.492,1.493,1.497,1.497,1.498,1.501,1.501,1.502,1.501,1.501,1.505,1.504,1.502,1.502,1.509,1.51,1.512,1.517,1.527,1.531,1.535,1.536,1.54,1.545,1.547,1.548,1.549,1.549,1.552,1.555,1.557,1.559,1.559,1.562,1.573,Penicillin_V_50,Penicillin_V,-6.823908740944319,CC1(C)S[C@H]2[C@H](NC(=O)COc3ccccc3)C(=O)N2[C@@H]1C(=O)[O-]
1.216,1.206,1.203,1.202,1.202,1.203,1.204,1.207,1.211,1.214,1.215,1.217,1.217,1.216,1.215,1.215,1.215,1.216,1.218,1.22,1.227,1.231,1.233,1.235,1.237,1.237,1.234,1.232,1.229,1.228,1.226,1.225,1.222,1.218,1.214,1.212,1.207,1.207,1.205,1.205,1.205,1.205,1.203,1.201,1.2,1.197,1.193,1.189,1.184,1.179,1.173,1.166,1.161,1.157,1.156,1.153,1.153,1.153,1.154,1.162,1.181,1.218,1.284,1.386,1.544,1.741,1.864,1.641,1.294,0.861,0.374,-0.101,-0.54,-0.887,-1.106,-1.175,-1.176,-1.176,-1.051,-0.737,-0.253,0.366,1.069,1.818,2.546,3.138,3.651,3.984,4.049,4.006,4.0,4.0,4.002,4.039,4.12,3.941,3.45,2.832,2.132,1.357,0.616,-0.059,-0.585,-0.964,-1.157,-1.183,-1.183,-1.155,-0.985,-0.686,-0.268,0.206,0.682,1.133,1.508,1.779,1.783,1.593,1.427,1.302,1.226,1.178,1.153,1.143,1.138,1.135,1.134,1.134,1.134,1.136,1.14,1.145,1.15,1.157,1.162,1.168,1.168,1.168,1.169,1.169,1.171,1.177,1.179,1.185,1.192,1.19,1.19,1.191,1.192,1.194,1.194,1.195,1.195,1.196,1.198,1.199,1.201,1.202,1.2,1.199,1.198,1.195,1.195,1.194,1.194,1.197,1.199,1.202,1.206,1.211,1.214,1.216,1.218,1.218,1.219,1.221,1.227,1.227,1.227,1.228,1.23,1.23,1.23,1.23,1.237,Gabapentin_80,Gabapentin,-6.443697499232713,NCC1(CC(=O)O)CCCCC1
