lgfe_0,lgfe_1,lgfe_2,lgfe_3,lgfe_4,lgfe_5,lgfe_6,lgfe_7,lgfe_8,lgfe_9,lgfe_10,lgfe_11,lgfe_12,lgfe_13,lgfe_14,lgfe_15,lgfe_16,lgfe_17,lgfe_18,lgfe_19,lgfe_20,lgfe_21,lgfe_22,lgfe_23,lgfe_24,lgfe_25,lgfe_26,lgfe_27,lgfe_28,lgfe_29,lgfe_30,lgfe_31,lgfe_32,lgfe_33,lgfe_34,lgfe_35,lgfe_36,lgfe_37,lgfe_38,lgfe_39,lgfe_40,lgfe_41,lgfe_42,lgfe_43,lgfe_44,lgfe_45,lgfe_46,lgfe_47,lgfe_48,lgfe_49,lgfe_50,lgfe_51,lgfe_52,lgfe_53,lgfe_54,lgfe_55,lgfe_56,lgfe_57,lgfe_58,lgfe_59,lgfe_60,lgfe_61,lgfe_62,lgfe_63,lgfe_64,lgfe_65,lgfe_66,lgfe_67,lgfe_68,lgfe_69,lgfe_70,lgfe_71,lgfe_72,lgfe_73,lgfe_74,lgfe_75,lgfe_76,lgfe_77,lgfe_78,lgfe_79,lgfe_80,lgfe_81,lgfe_82,lgfe_83,lgfe_84,lgfe_85,lgfe_86,lgfe_87,lgfe_88,lgfe_89,lgfe_90,lgfe_91,lgfe_92,lgfe_93,lgfe_94,lgfe_95,lgfe_96,lgfe_97,lgfe_98,lgfe_99,lgfe_100,lgfe_101,lgfe_102,lgfe_103,lgfe_104,lgfe_105,lgfe_106,lgfe_107,lgfe_108,lgfe_109,lgfe_110,lgfe_111,lgfe_112,lgfe_113,lgfe_114,lgfe_115,lgfe_116,lgfe_117,lgfe_118,lgfe_119,lgfe_120,lgfe_121,lgfe_122,lgfe_123,lgfe_124,lgfe_125,lgfe_126,lgfe_127,lgfe_128,lgfe_129,lgfe_130,lgfe_131,lgfe_132,lgfe_133,lgfe_134,lgfe_135,lgfe_136,lgfe_137,lgfe_138,lgfe_139,lgfe_140,lgfe_141,lgfe_142,lgfe_143,lgfe_144,lgfe_145,lgfe_146,lgfe_147,lgfe_148,lgfe_149,lgfe_150,lgfe_151,lgfe_152,lgfe_153,lgfe_154,lgfe_155,lgfe_156,lgfe_157,lgfe_158,lgfe_159,lgfe_160,lgfe_161,lgfe_162,lgfe_163,lgfe_164,lgfe_165,lgfe_166,lgfe_167,lgfe_168,lgfe_169,lgfe_170,lgfe_171,lgfe_172,lgfe_173,lgfe_174,lgfe_175,lgfe_176,lgfe_177,lgfe_178,lgfe_179,lgfe_180,lgfe_181,lgfe_182,lgfe_183,lgfe_184,Molecule,Parent,log10_P_app,SMILES
1.557,1.557,1.56,1.562,1.566,1.569,1.572,1.575,1.579,1.58,1.582,1.584,1.585,1.581,1.578,1.577,1.575,1.573,1.569,1.567,1.564,1.561,1.556,1.553,1.553,1.551,1.549,1.55,1.55,1.551,1.556,1.559,1.563,1.564,1.567,1.57,1.57,1.569,1.568,1.564,1.561,1.558,1.556,1.553,1.549,1.548,1.543,1.539,1.534,1.529,1.523,1.519,1.517,1.516,1.516,1.517,1.522,1.532,1.546,1.562,1.589,1.647,1.742,1.908,1.771,1.599,1.467,1.245,0.999,0.693,0.413,0.095,-0.26,-0.713,-1.08,-1.275,-1.281,-1.254,-1.186,-0.967,-0.587,-0.051,0.7,1.575,2.302,3.11,4.15,4.724,5.732,6.233,7.091,7.385,6.773,6.07,5.024,4.177,3.442,2.631,1.816,0.947,0.151,-0.373,-0.887,-1.171,-1.35,-1.337,-1.337,-1.206,-0.89,-0.443,-0.056,0.272,0.546,0.899,1.142,1.335,1.513,1.669,1.797,1.746,1.626,1.565,1.521,1.507,1.501,1.497,1.497,1.497,1.496,1.491,1.486,1.483,1.476,1.469,1.467,1.466,1.464,1.467,1.468,1.467,1.467,1.469,1.47,1.47,1.47,1.471,1.471,1.47,1.468,1.465,1.459,1.457,1.456,1.455,1.455,1.456,1.456,1.457,1.458,1.462,1.466,1.47,1.471,1.473,1.475,1.479,1.483,1.486,1.489,1.491,1.492,1.497,1.499,1.502,1.504,1.505,1.507,1.509,1.51,1.512,1.515,1.518,1.519,1.522,1.526,Labetalol_96,Labetalol,-4.6020599913279625,C[C@H](CCc1ccccc1)NC[C@@H](O)c1ccc(O)c(C(N)=O)c1
0.32,0.32,0.317,0.315,0.313,0.313,0.312,0.312,0.312,0.314,0.315,0.317,0.317,0.32,0.317,0.314,0.309,0.307,0.299,0.295,0.288,0.284,0.277,0.274,0.27,0.269,0.266,0.262,0.259,0.253,0.25,0.246,0.248,0.249,0.249,0.25,0.249,0.247,0.247,0.243,0.238,0.233,0.229,0.226,0.222,0.217,0.213,0.208,0.2,0.195,0.19,0.188,0.186,0.186,0.187,0.192,0.199,0.21,0.225,0.249,0.282,0.347,0.454,0.609,0.834,1.129,1.499,1.843,2.054,2.014,2.014,2.01,2.01,2.027,2.152,2.367,2.72,3.052,3.677,4.438,4.647,4.955,5.367,5.887,6.352,6.545,6.687,6.756,6.892,7.052,7.249,7.289,7.171,7.054,6.945,6.791,6.686,6.457,5.999,5.58,5.151,4.801,4.528,3.965,3.22,2.722,2.404,2.131,1.97,1.955,1.955,1.967,1.967,1.998,1.858,1.558,1.171,0.844,0.607,0.436,0.319,0.249,0.201,0.175,0.167,0.163,0.161,0.157,0.156,0.156,0.154,0.15,0.149,0.148,0.148,0.148,0.155,0.157,0.165,0.168,0.175,0.175,0.176,0.18,0.185,0.19,0.194,0.195,0.195,0.195,0.198,0.197,0.203,0.208,0.212,0.215,0.221,0.226,0.227,0.23,0.234,0.24,0.242,0.246,0.252,0.254,0.264,0.266,0.267,0.271,0.272,0.277,0.278,0.276,0.276,0.276,0.275,0.275,0.278,0.281,0.283,0.284,0.286,0.287,0.29,Olsalazine_38,Olsalazine,-7.318758762624412,O=C([O-])c1cc(/N=N\c2ccc(O)c(C(=O)[O-])c2)ccc1[O-]
1.219,1.222,1.224,1.227,1.229,1.231,1.236,1.238,1.239,1.24,1.242,1.242,1.243,1.244,1.244,1.243,1.238,1.234,1.231,1.226,1.223,1.22,1.216,1.216,1.215,1.215,1.215,1.215,1.214,1.212,1.212,1.215,1.218,1.22,1.224,1.229,1.229,1.225,1.219,1.217,1.21,1.204,1.196,1.192,1.189,1.184,1.175,1.172,1.166,1.16,1.154,1.148,1.147,1.147,1.147,1.15,1.155,1.162,1.175,1.196,1.228,1.292,1.413,1.585,1.798,2.023,2.114,2.165,2.167,2.092,1.895,1.425,0.959,0.631,0.523,0.516,0.516,0.705,1.112,1.782,2.781,3.989,5.179,6.379,7.409,8.301,8.837,9.293,9.528,9.475,9.457,9.435,9.435,9.475,9.386,9.151,8.63,7.873,6.828,5.592,4.384,3.086,1.999,1.206,0.714,0.434,0.419,0.419,0.459,0.739,1.159,1.654,1.945,2.034,2.054,2.026,1.951,1.782,1.539,1.348,1.221,1.144,1.096,1.074,1.063,1.063,1.063,1.064,1.066,1.068,1.064,1.059,1.055,1.049,1.046,1.043,1.042,1.042,1.041,1.041,1.044,1.044,1.044,1.047,1.053,1.055,1.056,1.057,1.057,1.053,1.048,1.048,1.049,1.051,1.052,1.053,1.057,1.061,1.067,1.071,1.075,1.078,1.083,1.088,1.092,1.098,1.104,1.11,1.114,1.12,1.122,1.127,1.132,1.131,1.133,1.134,1.134,1.137,1.138,1.14,1.142,1.143,1.147,1.153,1.156,Cephalexin_47,Cephalexin,-6.318758762624412,CC1=C(C(=O)[O-])N2C(=O)[C@@H](NC(=O)[C@@H](N)c3ccccc3)[C@H]2SC1
1.375,1.376,1.378,1.379,1.381,1.384,1.385,1.384,1.386,1.386,1.384,1.384,1.384,1.386,1.386,1.386,1.383,1.381,1.379,1.378,1.374,1.371,1.37,1.369,1.369,1.366,1.367,1.367,1.367,1.37,1.372,1.373,1.373,1.376,1.375,1.373,1.369,1.369,1.367,1.363,1.355,1.353,1.351,1.343,1.34,1.337,1.331,1.325,1.314,1.31,1.303,1.294,1.292,1.286,1.278,1.271,1.262,1.262,1.257,1.262,1.269,1.281,1.317,1.379,1.475,1.497,1.348,1.133,0.887,0.551,0.252,-0.111,-0.498,-0.912,-1.139,-1.301,-1.346,-1.337,-1.253,-1.071,-0.716,-0.256,0.169,0.622,0.965,0.999,1.011,1.019,0.925,0.883,0.88,0.88,0.888,0.922,0.991,1.027,1.013,0.984,0.734,0.335,-0.202,-0.665,-1.014,-1.222,-1.374,-1.367,-1.348,-1.238,-1.049,-0.681,-0.231,0.121,0.429,0.766,1.028,1.195,1.438,1.463,1.357,1.284,1.248,1.229,1.22,1.216,1.217,1.218,1.222,1.229,1.242,1.244,1.249,1.259,1.26,1.262,1.261,1.26,1.26,1.262,1.265,1.267,1.273,1.275,1.277,1.278,1.281,1.283,1.284,1.284,1.287,1.287,1.285,1.285,1.285,1.285,1.286,1.287,1.288,1.289,1.292,1.293,1.296,1.298,1.3,1.303,1.306,1.311,1.316,1.32,1.321,1.324,1.326,1.329,1.332,1.333,1.333,1.337,1.34,1.342,1.343,1.343,1.347,1.35,1.35,1.35,1.354,Bupropion_34,Bupropion,-3.886056647693163,C[C@@H]([NH2+]C(C)(C)C)C(=O)c1cccc(Cl)c1
1.256,1.256,1.26,1.262,1.265,1.267,1.27,1.272,1.274,1.277,1.277,1.28,1.28,1.279,1.278,1.276,1.275,1.273,1.269,1.268,1.265,1.261,1.258,1.258,1.257,1.257,1.256,1.256,1.256,1.259,1.263,1.266,1.27,1.272,1.273,1.274,1.273,1.273,1.274,1.27,1.267,1.262,1.261,1.259,1.255,1.252,1.248,1.242,1.238,1.234,1.229,1.224,1.221,1.221,1.221,1.223,1.227,1.238,1.25,1.266,1.292,1.351,1.444,1.593,1.786,1.747,1.58,1.407,1.169,0.936,0.707,0.485,0.043,-0.407,-0.727,-0.796,-0.796,-0.775,-0.564,-0.065,0.658,1.574,2.19,2.556,3.003,3.534,4.087,4.736,5.512,5.9,6.191,6.185,6.106,5.793,5.206,4.288,3.645,3.127,2.691,2.358,1.867,0.904,0.098,-0.468,-0.767,-0.857,-0.853,-0.819,-0.584,-0.128,0.324,0.577,0.859,1.052,1.258,1.465,1.797,1.761,1.58,1.426,1.32,1.251,1.214,1.196,1.189,1.186,1.185,1.186,1.18,1.178,1.178,1.173,1.171,1.162,1.16,1.159,1.159,1.158,1.159,1.159,1.16,1.16,1.16,1.161,1.162,1.161,1.161,1.158,1.158,1.157,1.15,1.148,1.148,1.148,1.148,1.148,1.149,1.151,1.154,1.155,1.157,1.161,1.164,1.168,1.169,1.173,1.177,1.18,1.185,1.186,1.19,1.192,1.193,1.196,1.198,1.199,1.2,1.201,1.204,1.206,1.209,1.21,1.213,1.215,1.223,Practolol_62,Practolol,-5.886056647693163,CC(=O)Nc1ccc(OC[C@H](O)CNC(C)C)cc1
1.081,1.081,1.082,1.082,1.084,1.084,1.086,1.086,1.086,1.087,1.085,1.085,1.088,1.086,1.084,1.083,1.08,1.075,1.071,1.068,1.065,1.062,1.057,1.049,1.046,1.044,1.042,1.038,1.035,1.03,1.029,1.032,1.031,1.032,1.03,1.029,1.027,1.024,1.022,1.022,1.019,1.015,1.01,1.006,1.0,0.996,0.992,0.983,0.976,0.966,0.959,0.952,0.946,0.944,0.933,0.929,0.926,0.923,0.925,0.925,0.938,0.964,1.003,1.091,1.198,1.182,1.075,0.925,0.782,0.652,0.515,0.361,0.135,0.06,0.06,0.099,0.224,0.494,0.958,1.478,2.108,2.819,3.488,4.071,4.603,5.018,5.447,5.835,6.122,6.332,6.513,6.629,6.505,6.355,6.071,5.676,5.251,4.765,4.303,3.796,3.082,2.367,1.658,1.079,0.648,0.28,0.093,0.056,0.083,0.096,0.275,0.47,0.608,0.728,0.868,1.016,1.142,1.228,1.102,1.016,0.959,0.932,0.918,0.913,0.917,0.919,0.921,0.923,0.93,0.939,0.947,0.95,0.95,0.955,0.954,0.955,0.961,0.969,0.973,0.98,0.983,0.987,0.988,0.989,0.992,0.995,0.997,1.003,1.004,1.004,1.004,1.004,1.005,1.006,1.01,1.012,1.014,1.017,1.019,1.022,1.025,1.029,1.031,1.035,1.038,1.04,1.043,1.045,1.047,1.048,1.047,1.049,1.051,1.053,1.053,1.055,1.058,1.059,1.062,1.066,1.069,1.071,1.073,1.072,1.074,Terbutaline_105,Terbutaline,-6.0,CC(C)(C)[NH2+]C[C@@H](O)c1cc([O-])cc(O)c1
1.337,1.339,1.34,1.342,1.343,1.343,1.349,1.349,1.349,1.35,1.35,1.35,1.351,1.351,1.349,1.348,1.345,1.342,1.339,1.336,1.332,1.328,1.328,1.325,1.322,1.319,1.318,1.318,1.318,1.321,1.322,1.323,1.323,1.324,1.323,1.32,1.32,1.319,1.316,1.316,1.311,1.302,1.298,1.294,1.287,1.283,1.276,1.264,1.257,1.249,1.245,1.234,1.224,1.215,1.207,1.2,1.2,1.199,1.199,1.206,1.212,1.242,1.296,1.33,1.254,1.187,1.084,0.974,0.819,0.617,0.389,0.242,-0.296,-0.727,-0.925,-0.973,-0.967,-0.867,-0.495,0.011,0.851,1.732,2.257,2.807,3.394,3.987,4.485,4.878,5.113,5.379,5.493,5.544,5.496,5.369,4.967,4.625,4.151,3.537,3.009,2.469,1.973,1.15,0.23,-0.375,-0.813,-0.99,-1.026,-1.008,-0.856,-0.495,0.07,0.299,0.503,0.742,0.888,1.02,1.114,1.191,1.267,1.272,1.203,1.175,1.164,1.157,1.157,1.158,1.161,1.164,1.169,1.173,1.183,1.184,1.184,1.192,1.192,1.196,1.197,1.199,1.201,1.205,1.207,1.208,1.215,1.222,1.224,1.224,1.224,1.225,1.225,1.226,1.225,1.225,1.226,1.227,1.227,1.228,1.23,1.232,1.234,1.237,1.24,1.242,1.246,1.252,1.255,1.258,1.26,1.265,1.267,1.27,1.273,1.275,1.277,1.278,1.279,1.281,1.284,1.288,1.29,1.293,1.296,1.299,1.3,1.303,1.307,Practolol_63,Practolol,-5.886056647693163,CC(=O)Nc1ccc(OC[C@@H](O)C[NH2+]C(C)C)cc1
1.529,1.53,1.531,1.531,1.532,1.533,1.536,1.537,1.537,1.539,1.539,1.538,1.538,1.538,1.536,1.533,1.526,1.525,1.522,1.519,1.515,1.511,1.505,1.501,1.5,1.495,1.494,1.494,1.489,1.489,1.492,1.493,1.494,1.494,1.495,1.495,1.49,1.487,1.482,1.479,1.477,1.471,1.464,1.459,1.453,1.447,1.439,1.429,1.42,1.411,1.403,1.393,1.383,1.376,1.373,1.364,1.362,1.359,1.358,1.36,1.382,1.417,1.497,1.394,1.227,1.018,0.735,0.497,0.265,0.107,-0.024,-0.108,-0.193,-0.306,-0.391,-0.409,-0.385,-0.283,0.001,0.393,0.941,1.51,2.101,2.733,3.297,3.893,4.465,5.187,5.552,6.011,6.329,6.413,6.465,5.809,5.279,4.713,4.111,3.623,2.893,2.37,1.698,1.154,0.48,0.086,-0.289,-0.436,-0.467,-0.459,-0.381,-0.233,-0.163,-0.06,0.016,0.161,0.368,0.63,0.897,1.129,1.306,1.479,1.383,1.333,1.311,1.309,1.308,1.315,1.32,1.327,1.337,1.353,1.356,1.361,1.359,1.358,1.357,1.358,1.361,1.365,1.366,1.374,1.378,1.382,1.386,1.388,1.389,1.392,1.392,1.395,1.399,1.403,1.403,1.404,1.404,1.405,1.407,1.408,1.412,1.414,1.418,1.421,1.427,1.431,1.435,1.441,1.446,1.451,1.454,1.459,1.463,1.465,1.466,1.469,1.47,1.472,1.473,1.476,1.479,1.482,1.484,1.486,1.49,1.495,1.496,1.497,1.498,Labetalol_97,Labetalol,-4.6020599913279625,C[C@@H](CCc1ccccc1)[NH2+]C[C@@H](O)c1ccc([O-])c(C(N)=O)c1
0.135,0.135,0.135,0.135,0.136,0.136,0.139,0.142,0.141,0.141,0.144,0.147,0.146,0.146,0.145,0.145,0.142,0.137,0.133,0.127,0.122,0.117,0.114,0.112,0.109,0.109,0.108,0.105,0.102,0.101,0.097,0.096,0.1,0.101,0.102,0.1,0.1,0.102,0.093,0.087,0.083,0.079,0.075,0.071,0.065,0.06,0.054,0.046,0.041,0.032,0.027,0.021,0.018,0.018,0.02,0.024,0.03,0.041,0.056,0.073,0.114,0.188,0.29,0.472,0.717,1.063,1.463,1.968,2.247,2.311,2.404,2.451,2.414,2.414,2.427,2.486,2.659,3.279,3.798,4.35,5.089,6.015,6.62,7.261,7.918,8.664,9.438,10.171,10.883,11.415,11.823,11.823,11.65,11.16,10.462,9.676,8.935,8.226,7.535,6.939,6.318,5.35,4.538,3.921,3.364,2.818,2.413,2.327,2.312,2.312,2.349,2.349,2.255,2.173,1.997,1.518,1.062,0.694,0.421,0.244,0.117,0.031,-0.012,-0.041,-0.055,-0.056,-0.058,-0.057,-0.053,-0.055,-0.061,-0.062,-0.066,-0.067,-0.072,-0.074,-0.074,-0.068,-0.067,-0.066,-0.061,-0.058,-0.056,-0.053,-0.048,-0.043,-0.041,-0.042,-0.041,-0.038,-0.038,-0.036,-0.035,-0.032,-0.029,-0.028,-0.022,-0.017,-0.013,-0.013,-0.006,-0.0,0.005,0.009,0.015,0.018,0.024,0.029,0.029,0.035,0.038,0.042,0.046,0.046,0.047,0.047,0.046,0.047,0.05,0.051,0.052,0.055,0.057,0.061,0.063,Lucifer_Yellow_11,Lucifer_Yellow,-6.200659450546418,NNC(=O)N1C(=O)c2cc(S(=O)(=O)[O-])cc3c(N)c(S(=O)(=O)[O-])cc(c23)C1=O
1.207,1.206,1.207,1.205,1.206,1.208,1.21,1.213,1.211,1.211,1.211,1.211,1.211,1.211,1.21,1.208,1.206,1.204,1.199,1.196,1.192,1.187,1.184,1.182,1.179,1.178,1.173,1.172,1.172,1.171,1.169,1.169,1.17,1.17,1.168,1.165,1.163,1.161,1.156,1.153,1.151,1.144,1.141,1.139,1.132,1.126,1.116,1.109,1.1,1.089,1.085,1.076,1.069,1.059,1.051,1.039,1.038,1.04,1.037,1.044,1.06,1.08,1.127,1.201,1.176,1.089,0.972,0.854,0.733,0.549,0.432,0.351,0.123,-0.035,-0.047,-0.047,-0.014,0.155,0.526,0.923,1.153,1.363,1.735,2.202,2.714,3.217,3.708,4.056,4.224,4.311,4.492,4.53,4.427,4.334,4.165,3.95,3.434,2.898,2.374,1.888,1.508,1.222,0.984,0.695,0.278,-0.001,-0.041,-0.087,-0.101,0.037,0.274,0.388,0.481,0.65,0.798,0.905,1.035,1.13,1.206,1.112,1.054,1.021,1.018,1.011,1.007,1.01,1.013,1.022,1.031,1.038,1.045,1.047,1.059,1.064,1.064,1.065,1.07,1.072,1.073,1.078,1.082,1.087,1.094,1.095,1.098,1.102,1.106,1.108,1.109,1.111,1.111,1.111,1.112,1.113,1.115,1.119,1.121,1.125,1.125,1.128,1.131,1.135,1.138,1.143,1.145,1.15,1.155,1.158,1.159,1.159,1.164,1.165,1.167,1.167,1.167,1.168,1.171,1.173,1.177,1.18,1.182,1.184,1.188,1.188,1.191,Sotalol_91,Sotalol,-5.327902142064283,CC(C)[NH2+]C[C@@H](O)c1ccc([N-]S(C)(=O)=O)cc1
1.599,1.602,1.604,1.607,1.611,1.616,1.619,1.62,1.621,1.624,1.626,1.629,1.629,1.629,1.631,1.63,1.63,1.625,1.621,1.615,1.611,1.608,1.605,1.605,1.605,1.605,1.603,1.603,1.606,1.609,1.613,1.62,1.625,1.629,1.632,1.63,1.63,1.63,1.626,1.625,1.619,1.616,1.611,1.608,1.603,1.597,1.594,1.588,1.583,1.577,1.569,1.565,1.558,1.558,1.558,1.56,1.568,1.58,1.598,1.623,1.668,1.752,1.889,2.095,2.266,2.203,2.189,2.092,2.051,1.983,1.783,1.04,0.272,-0.399,-0.827,-0.951,-0.951,-0.951,-0.749,-0.242,0.567,1.469,2.384,3.189,3.768,4.334,4.872,5.368,5.815,6.195,6.345,6.357,6.265,6.138,5.54,5.017,4.5,3.949,3.356,2.644,1.692,0.816,-0.085,-0.708,-1.0,-1.041,-1.088,-0.983,-0.651,-0.078,0.7,1.427,1.855,1.917,1.999,2.037,2.129,2.181,2.052,1.838,1.684,1.587,1.53,1.504,1.491,1.49,1.49,1.489,1.482,1.48,1.48,1.477,1.469,1.457,1.454,1.452,1.448,1.447,1.447,1.447,1.448,1.448,1.449,1.451,1.455,1.455,1.455,1.452,1.45,1.444,1.437,1.434,1.434,1.435,1.435,1.437,1.439,1.441,1.443,1.447,1.45,1.455,1.459,1.463,1.466,1.469,1.474,1.48,1.485,1.488,1.491,1.495,1.502,1.503,1.507,1.509,1.511,1.513,1.514,1.516,1.521,1.522,1.527,1.532,1.541,Timolol_116,Timolol,-4.259637310505756,CC(C)(C)NC[C@@H](O)COc1nsnc1N1CCOCC1
1.041,1.042,1.042,1.047,1.052,1.052,1.052,1.054,1.057,1.056,1.056,1.056,1.057,1.057,1.057,1.057,1.054,1.053,1.049,1.045,1.037,1.034,1.032,1.03,1.029,1.028,1.028,1.029,1.029,1.031,1.032,1.036,1.038,1.041,1.04,1.037,1.037,1.037,1.029,1.023,1.014,1.011,1.001,0.997,0.992,0.986,0.98,0.97,0.965,0.956,0.942,0.935,0.929,0.92,0.913,0.906,0.906,0.909,0.917,0.934,0.962,1.009,1.096,1.226,1.405,1.65,1.942,1.79,1.404,0.968,0.545,0.12,-0.406,-0.81,-1.053,-1.162,-1.162,-1.077,-0.808,-0.296,0.471,1.143,1.904,2.727,3.589,4.457,5.64,6.162,6.612,6.758,6.728,6.728,6.732,6.786,6.435,5.908,4.716,3.847,2.964,2.099,1.36,0.693,-0.149,-0.752,-1.08,-1.243,-1.243,-1.154,-1.003,-0.638,-0.123,0.329,0.748,1.195,1.609,1.912,1.65,1.393,1.184,1.037,0.942,0.884,0.851,0.839,0.836,0.836,0.839,0.841,0.845,0.851,0.851,0.851,0.854,0.858,0.862,0.864,0.865,0.866,0.866,0.868,0.869,0.87,0.875,0.877,0.882,0.886,0.885,0.885,0.885,0.885,0.883,0.883,0.885,0.887,0.887,0.889,0.89,0.893,0.894,0.897,0.903,0.908,0.913,0.918,0.92,0.927,0.93,0.933,0.939,0.942,0.946,0.95,0.953,0.957,0.958,0.959,0.96,0.963,0.965,0.967,0.968,0.974,0.975,0.983,0.991,Trimethoprim_126,Trimethoprim,-4.2839966563652006,COc1cc(Cc2cnc(N)[nH+]c2N)cc(OC)c1OC
1.681,1.682,1.686,1.689,1.692,1.695,1.696,1.697,1.701,1.7,1.699,1.699,1.701,1.7,1.704,1.704,1.701,1.698,1.691,1.687,1.682,1.677,1.672,1.671,1.669,1.669,1.666,1.666,1.667,1.669,1.672,1.677,1.68,1.684,1.685,1.683,1.681,1.681,1.676,1.67,1.665,1.661,1.649,1.644,1.637,1.631,1.624,1.618,1.608,1.598,1.589,1.579,1.571,1.564,1.555,1.547,1.547,1.548,1.552,1.571,1.602,1.665,1.763,1.92,1.832,1.753,1.738,1.734,2.008,1.788,1.431,0.702,-0.022,-0.647,-0.984,-1.108,-1.082,-1.069,-0.722,-0.083,0.789,1.716,2.657,3.526,4.245,4.805,5.22,5.487,5.581,5.606,5.689,5.737,5.682,5.582,5.503,5.357,4.994,4.455,3.768,2.939,1.966,1.037,0.126,-0.614,-1.076,-1.175,-1.173,-1.114,-0.875,-0.325,0.383,1.168,1.645,1.653,1.66,1.633,2.058,1.702,1.879,1.705,1.591,1.524,1.49,1.473,1.474,1.47,1.472,1.476,1.485,1.491,1.489,1.485,1.491,1.491,1.495,1.494,1.493,1.491,1.491,1.493,1.496,1.506,1.509,1.512,1.519,1.522,1.518,1.514,1.514,1.514,1.513,1.513,1.512,1.514,1.516,1.517,1.519,1.521,1.525,1.529,1.533,1.536,1.542,1.548,1.55,1.554,1.559,1.563,1.565,1.569,1.578,1.583,1.586,1.587,1.59,1.593,1.595,1.6,1.601,1.604,1.609,1.611,1.615,1.618,1.628,Timolol_117,Timolol,-4.259637310505756,CC(C)(C)[NH2+]C[C@H](O)COc1nsnc1N1CCOCC1
1.166,1.166,1.166,1.166,1.166,1.167,1.169,1.171,1.172,1.173,1.173,1.174,1.175,1.175,1.173,1.173,1.17,1.168,1.166,1.164,1.161,1.159,1.158,1.158,1.158,1.158,1.157,1.155,1.155,1.155,1.155,1.157,1.16,1.161,1.163,1.164,1.165,1.164,1.161,1.159,1.157,1.154,1.15,1.149,1.147,1.145,1.141,1.138,1.136,1.132,1.128,1.125,1.124,1.124,1.125,1.127,1.129,1.136,1.143,1.153,1.17,1.202,1.261,1.347,1.467,1.584,1.529,1.419,1.265,1.058,0.823,0.506,0.217,-0.061,-0.257,-0.366,-0.394,-0.394,-0.391,-0.312,-0.132,0.136,0.387,0.455,0.512,0.577,0.642,0.565,0.499,0.466,0.459,0.459,0.461,0.483,0.534,0.625,0.616,0.537,0.476,0.413,0.212,-0.072,-0.275,-0.403,-0.431,-0.431,-0.43,-0.355,-0.178,0.09,0.38,0.696,0.965,1.177,1.349,1.475,1.547,1.474,1.34,1.241,1.179,1.137,1.112,1.102,1.1,1.099,1.099,1.099,1.099,1.098,1.093,1.089,1.087,1.083,1.081,1.081,1.083,1.083,1.083,1.083,1.091,1.091,1.092,1.092,1.094,1.096,1.096,1.095,1.095,1.093,1.092,1.092,1.092,1.093,1.095,1.095,1.096,1.1,1.102,1.103,1.105,1.108,1.111,1.114,1.117,1.12,1.124,1.129,1.131,1.133,1.137,1.139,1.14,1.14,1.141,1.142,1.143,1.143,1.145,1.146,1.147,1.148,1.149,1.15,1.149,Ketoprofen_95,Ketoprofen,-4.698970004336019,C[C@@H](C(=O)[O-])c1cccc(C(=O)c2ccccc2)c1
2.223,2.225,2.226,2.225,2.226,2.225,2.226,2.224,2.224,2.225,2.227,2.225,2.225,2.227,2.225,2.222,2.214,2.208,2.204,2.197,2.193,2.187,2.18,2.177,2.174,2.173,2.171,2.165,2.163,2.162,2.158,2.153,2.153,2.152,2.151,2.147,2.137,2.135,2.129,2.121,2.116,2.111,2.101,2.088,2.074,2.059,2.042,2.036,2.02,2.004,1.979,1.956,1.936,1.91,1.889,1.866,1.854,1.844,1.844,1.841,1.854,1.872,1.949,2.073,2.138,2.052,2.017,1.949,1.717,1.494,1.197,0.781,0.294,-0.179,-0.043,-0.103,-0.082,0.034,0.527,1.249,2.017,2.691,3.25,3.788,4.244,4.573,4.92,5.128,5.178,5.098,5.076,5.095,5.112,5.2,5.322,5.076,4.801,4.451,4.02,3.471,2.935,2.252,1.403,0.673,0.153,-0.048,-0.114,-0.348,-0.232,-0.037,0.536,1.086,1.359,1.583,1.764,1.933,2.007,2.037,2.047,1.901,1.828,1.779,1.758,1.755,1.755,1.769,1.785,1.808,1.837,1.861,1.878,1.898,1.909,1.92,1.928,1.94,1.946,1.96,1.965,1.976,1.979,1.984,1.989,2.001,2.007,2.011,2.014,2.02,2.02,2.025,2.029,2.037,2.039,2.042,2.048,2.054,2.062,2.065,2.071,2.077,2.083,2.088,2.094,2.105,2.113,2.12,2.125,2.129,2.135,2.141,2.147,2.15,2.155,2.159,2.161,2.163,2.164,2.166,2.169,2.173,2.178,2.182,2.185,2.186,2.189,Lisinopril_2,Lisinopril,-6.7447274948966935,[NH3+]CCCC[C@H]([NH2+][C@H](CCc1ccccc1)C(=O)[O-])C(=O)N1CCC[C@@H]1C(=O)[O-]
1.146,1.148,1.153,1.158,1.163,1.163,1.166,1.17,1.174,1.176,1.177,1.178,1.183,1.181,1.179,1.178,1.174,1.172,1.166,1.16,1.155,1.148,1.143,1.142,1.141,1.138,1.136,1.138,1.138,1.139,1.139,1.138,1.142,1.147,1.147,1.147,1.146,1.142,1.141,1.136,1.131,1.121,1.11,1.106,1.102,1.094,1.087,1.074,1.07,1.061,1.055,1.047,1.045,1.044,1.043,1.047,1.055,1.069,1.091,1.119,1.178,1.281,1.476,1.737,2.093,2.28,2.359,2.435,2.51,2.652,2.638,2.38,1.834,1.525,1.426,1.426,1.472,1.981,2.859,4.239,6.034,7.941,9.874,10.844,11.837,12.732,13.563,14.165,14.736,15.359,15.789,15.643,15.609,14.63,14.412,13.904,13.123,12.198,11.215,10.063,8.583,6.629,4.742,3.081,2.092,1.436,1.262,1.262,1.281,1.57,2.06,2.466,2.558,2.403,2.306,2.236,2.166,2.059,1.668,1.395,1.177,1.067,0.993,0.955,0.938,0.933,0.931,0.931,0.931,0.929,0.925,0.922,0.918,0.911,0.903,0.901,0.901,0.899,0.9,0.898,0.899,0.899,0.9,0.903,0.909,0.913,0.913,0.913,0.912,0.91,0.905,0.904,0.904,0.906,0.908,0.913,0.917,0.924,0.927,0.932,0.936,0.939,0.947,0.953,0.961,0.967,0.973,0.979,0.984,0.99,0.994,0.999,1.005,1.007,1.011,1.011,1.014,1.016,1.019,1.022,1.026,1.03,1.036,1.043,1.049,Cefatrizine_41,Cefatrizine,-5.6020599913279625,N[C@@H](C(=O)N[C@@H]1C(=O)N2C(C(=O)[O-])=C(CSc3c[nH]nn3)CS[C@H]12)c1ccc(O)cc1
1.637,1.637,1.639,1.642,1.646,1.649,1.652,1.654,1.654,1.655,1.656,1.655,1.654,1.652,1.651,1.649,1.645,1.644,1.64,1.637,1.634,1.629,1.626,1.62,1.619,1.617,1.614,1.611,1.611,1.612,1.615,1.619,1.62,1.622,1.622,1.62,1.617,1.617,1.613,1.61,1.606,1.6,1.594,1.59,1.589,1.583,1.575,1.564,1.557,1.549,1.536,1.533,1.527,1.518,1.513,1.5,1.5,1.496,1.496,1.492,1.522,1.546,1.621,1.58,1.391,1.164,0.904,0.642,0.409,0.242,0.038,-0.195,-0.596,-1.047,-1.299,-1.384,-1.39,-1.371,-1.245,-0.945,-0.408,0.227,0.909,1.454,1.957,2.617,3.355,4.153,4.831,5.531,6.188,6.757,5.867,5.151,4.433,3.76,2.892,2.371,1.674,1.075,0.389,-0.211,-0.817,-1.198,-1.362,-1.418,-1.42,-1.365,-1.179,-0.778,-0.331,-0.08,0.118,0.308,0.531,0.798,1.066,1.313,1.51,1.606,1.548,1.49,1.471,1.473,1.473,1.473,1.476,1.485,1.494,1.502,1.508,1.507,1.509,1.509,1.508,1.508,1.508,1.51,1.513,1.52,1.525,1.527,1.531,1.532,1.532,1.533,1.535,1.535,1.538,1.538,1.536,1.534,1.534,1.533,1.533,1.534,1.536,1.538,1.54,1.544,1.549,1.551,1.553,1.556,1.56,1.564,1.568,1.569,1.571,1.573,1.574,1.579,1.58,1.585,1.587,1.591,1.594,1.596,1.597,1.601,1.605,1.608,1.609,1.61,1.612,Labetalol_98,Labetalol,-4.6020599913279625,C[C@@H](CCc1ccccc1)[NH2+]C[C@H](O)c1ccc(O)c(C(N)=O)c1
0.425,0.424,0.424,0.423,0.423,0.423,0.424,0.424,0.425,0.425,0.425,0.428,0.429,0.429,0.428,0.428,0.428,0.425,0.42,0.417,0.415,0.413,0.411,0.411,0.411,0.411,0.411,0.411,0.411,0.41,0.409,0.409,0.409,0.411,0.412,0.413,0.412,0.41,0.41,0.409,0.407,0.403,0.402,0.397,0.397,0.396,0.393,0.39,0.388,0.385,0.381,0.377,0.377,0.377,0.377,0.379,0.382,0.389,0.396,0.405,0.421,0.454,0.504,0.585,0.699,0.839,1.003,1.149,1.289,1.127,0.917,0.708,0.562,0.463,0.42,0.42,0.446,0.53,0.691,0.939,1.276,1.514,1.654,1.807,1.945,2.081,2.016,1.895,1.827,1.791,1.781,1.781,1.782,1.804,1.896,1.98,2.088,2.016,1.86,1.707,1.553,1.33,1.002,0.737,0.547,0.419,0.384,0.384,0.389,0.478,0.62,0.808,1.031,1.231,1.168,1.015,0.853,0.697,0.572,0.488,0.428,0.39,0.37,0.356,0.352,0.352,0.351,0.351,0.351,0.35,0.349,0.346,0.342,0.341,0.339,0.339,0.341,0.342,0.346,0.347,0.346,0.346,0.348,0.35,0.353,0.355,0.357,0.357,0.355,0.352,0.352,0.352,0.356,0.356,0.358,0.362,0.362,0.363,0.364,0.366,0.367,0.369,0.371,0.375,0.378,0.379,0.382,0.385,0.385,0.388,0.391,0.393,0.395,0.395,0.394,0.394,0.394,0.394,0.396,0.396,0.398,0.399,0.4,0.4,0.402,Acetylsalicylic_Acid_5,Acetylsalicylic_Acid,-5.130768280269024,CC(=O)Oc1ccccc1C(=O)[O-]
0.214,0.218,0.222,0.226,0.232,0.234,0.236,0.236,0.237,0.238,0.238,0.241,0.243,0.244,0.247,0.246,0.243,0.24,0.235,0.233,0.229,0.226,0.221,0.221,0.22,0.219,0.219,0.218,0.218,0.219,0.223,0.222,0.222,0.226,0.229,0.231,0.231,0.228,0.225,0.22,0.212,0.207,0.204,0.203,0.199,0.195,0.194,0.187,0.183,0.178,0.175,0.171,0.165,0.163,0.163,0.165,0.171,0.179,0.188,0.21,0.252,0.325,0.45,0.621,0.86,1.179,1.396,1.537,1.653,1.722,1.649,1.474,1.32,1.212,1.212,1.222,1.342,1.726,2.343,3.299,4.545,6.02,7.491,8.989,10.342,11.569,12.355,12.569,12.77,12.965,13.107,13.23,13.026,12.761,12.537,12.352,12.009,10.893,9.517,8.02,6.502,4.946,3.602,2.616,1.821,1.334,1.14,1.11,1.11,1.162,1.303,1.464,1.591,1.55,1.457,1.321,1.14,0.826,0.569,0.36,0.239,0.161,0.114,0.088,0.073,0.07,0.069,0.069,0.07,0.072,0.074,0.073,0.069,0.06,0.055,0.05,0.046,0.044,0.042,0.041,0.041,0.042,0.046,0.05,0.055,0.06,0.06,0.06,0.056,0.05,0.047,0.045,0.045,0.045,0.045,0.049,0.052,0.056,0.059,0.064,0.07,0.073,0.075,0.076,0.078,0.08,0.081,0.083,0.087,0.092,0.095,0.1,0.103,0.104,0.105,0.108,0.109,0.11,0.111,0.112,0.116,0.117,0.123,0.131,0.141,Acyclovir_9,Acyclovir,-6.6777807052660805,Nc1nc2c(ncn2COCCO)c(=O)[nH]1
0.489,0.489,0.49,0.49,0.491,0.492,0.494,0.496,0.496,0.496,0.496,0.496,0.498,0.499,0.5,0.5,0.499,0.497,0.496,0.494,0.49,0.49,0.49,0.49,0.491,0.491,0.492,0.492,0.492,0.494,0.496,0.498,0.501,0.504,0.505,0.506,0.506,0.504,0.501,0.499,0.498,0.497,0.496,0.496,0.495,0.493,0.492,0.489,0.487,0.482,0.48,0.479,0.477,0.476,0.476,0.478,0.48,0.487,0.491,0.499,0.514,0.539,0.581,0.647,0.746,0.877,1.04,1.229,1.039,0.773,0.461,0.122,-0.176,-0.402,-0.539,-0.601,-0.615,-0.615,-0.576,-0.47,-0.263,-0.003,0.267,0.514,0.703,0.834,0.825,0.716,0.638,0.592,0.589,0.589,0.59,0.601,0.666,0.758,0.814,0.705,0.547,0.321,0.055,-0.219,-0.455,-0.59,-0.645,-0.657,-0.657,-0.605,-0.497,-0.299,-0.016,0.315,0.645,0.925,1.142,1.061,0.883,0.736,0.63,0.555,0.507,0.477,0.46,0.453,0.449,0.448,0.448,0.449,0.449,0.445,0.445,0.444,0.438,0.432,0.432,0.432,0.433,0.432,0.432,0.43,0.431,0.431,0.432,0.433,0.434,0.435,0.437,0.436,0.433,0.428,0.427,0.427,0.427,0.427,0.428,0.428,0.427,0.427,0.428,0.429,0.429,0.431,0.434,0.436,0.436,0.437,0.439,0.441,0.444,0.447,0.448,0.449,0.451,0.452,0.453,0.454,0.454,0.454,0.455,0.456,0.458,0.459,0.46,0.463,0.465,Guanabenz_87,Guanabenz,-3.721246399047171,NC(=[NH2+])N/N=C/c1c(Cl)cccc1Cl
1.243,1.245,1.246,1.249,1.255,1.253,1.256,1.262,1.261,1.261,1.26,1.261,1.261,1.261,1.263,1.261,1.261,1.257,1.253,1.247,1.246,1.241,1.24,1.237,1.236,1.233,1.231,1.231,1.232,1.232,1.232,1.233,1.233,1.232,1.233,1.227,1.226,1.226,1.228,1.22,1.217,1.212,1.205,1.199,1.195,1.191,1.183,1.176,1.165,1.16,1.15,1.143,1.134,1.118,1.117,1.108,1.1,1.102,1.102,1.103,1.11,1.145,1.198,1.295,1.258,1.195,1.142,1.081,1.004,0.899,0.63,0.397,0.116,-0.095,-0.205,-0.256,-0.119,0.048,0.543,1.281,2.23,3.077,3.871,4.737,5.538,6.256,6.958,7.59,8.13,8.514,8.602,8.67,8.619,8.488,7.921,7.283,6.618,5.852,5.055,4.123,3.259,2.504,1.559,0.751,0.125,-0.172,-0.258,-0.293,-0.173,-0.037,0.204,0.574,0.742,0.909,0.995,1.062,1.112,1.174,1.264,1.128,1.089,1.059,1.036,1.037,1.036,1.038,1.046,1.055,1.063,1.073,1.074,1.081,1.081,1.082,1.08,1.082,1.082,1.085,1.086,1.09,1.093,1.102,1.104,1.105,1.11,1.114,1.112,1.11,1.11,1.112,1.111,1.111,1.113,1.113,1.115,1.117,1.12,1.123,1.128,1.131,1.133,1.136,1.14,1.144,1.148,1.151,1.153,1.156,1.157,1.162,1.163,1.166,1.17,1.171,1.173,1.177,1.178,1.182,1.183,1.186,1.189,1.193,1.192,1.196,1.204,Pindolol_61,Pindolol,-4.229147988357856,CC(C)[NH2+]C[C@@H](O)COc1cccc2[nH]ccc12
2.144,2.144,2.143,2.143,2.145,2.148,2.148,2.149,2.148,2.15,2.15,2.154,2.156,2.154,2.153,2.148,2.146,2.139,2.132,2.13,2.123,2.117,2.112,2.11,2.106,2.106,2.105,2.105,2.105,2.103,2.096,2.095,2.096,2.095,2.1,2.099,2.092,2.089,2.086,2.077,2.07,2.066,2.057,2.043,2.036,2.028,2.011,2.003,1.989,1.978,1.958,1.935,1.919,1.901,1.881,1.866,1.864,1.862,1.869,1.877,1.895,1.945,2.031,2.184,2.38,2.446,2.46,2.465,2.271,2.051,1.714,1.207,0.65,0.225,0.013,0.001,-0.034,0.012,0.393,0.927,1.845,2.64,3.221,3.794,4.353,4.839,5.308,5.601,5.819,5.75,5.73,5.726,5.733,5.797,5.836,5.572,5.181,4.602,4.029,3.43,2.744,2.062,1.297,0.56,0.118,-0.056,-0.203,-0.033,0.072,0.374,0.897,1.566,1.874,2.133,2.349,2.424,2.364,2.301,2.156,1.991,1.873,1.813,1.784,1.78,1.777,1.78,1.788,1.803,1.828,1.842,1.86,1.872,1.884,1.886,1.891,1.898,1.907,1.91,1.913,1.92,1.922,1.926,1.93,1.939,1.944,1.949,1.954,1.956,1.959,1.957,1.96,1.96,1.961,1.967,1.971,1.973,1.98,1.983,1.991,1.995,2.0,2.007,2.015,2.021,2.026,2.033,2.042,2.048,2.054,2.058,2.062,2.069,2.074,2.074,2.075,2.075,2.077,2.082,2.083,2.086,2.089,2.093,2.096,2.098,2.101,Lisinopril_3,Lisinopril,-6.7447274948966935,[NH3+]CCCC[C@H](N[C@H](CCc1ccccc1)C(=O)[O-])C(=O)N1CCC[C@@H]1C(=O)[O-]
1.344,1.346,1.35,1.354,1.357,1.362,1.363,1.365,1.366,1.37,1.37,1.374,1.374,1.374,1.373,1.37,1.367,1.367,1.364,1.36,1.355,1.349,1.348,1.348,1.347,1.347,1.348,1.347,1.348,1.351,1.357,1.359,1.364,1.366,1.366,1.369,1.373,1.369,1.368,1.365,1.358,1.355,1.349,1.347,1.346,1.34,1.331,1.327,1.322,1.316,1.31,1.306,1.302,1.303,1.303,1.304,1.311,1.319,1.334,1.353,1.388,1.46,1.585,1.77,1.962,1.999,2.018,2.018,1.991,1.699,1.366,1.079,0.341,-0.328,-0.737,-0.902,-0.902,-0.88,-0.668,-0.221,0.565,1.407,2.453,3.454,4.49,5.309,5.963,6.486,6.976,7.462,7.556,7.71,7.547,7.159,6.784,6.256,5.6,4.835,3.793,2.752,1.677,0.747,-0.071,-0.648,-0.944,-0.998,-0.998,-0.909,-0.566,0.041,0.818,1.163,1.503,1.81,1.93,1.919,1.915,1.888,1.733,1.541,1.401,1.323,1.276,1.252,1.24,1.24,1.241,1.242,1.242,1.235,1.23,1.229,1.222,1.213,1.209,1.206,1.204,1.203,1.202,1.202,1.202,1.202,1.204,1.207,1.209,1.211,1.211,1.21,1.205,1.203,1.197,1.193,1.193,1.193,1.193,1.194,1.195,1.195,1.201,1.203,1.205,1.212,1.217,1.217,1.221,1.228,1.231,1.235,1.237,1.243,1.249,1.251,1.255,1.256,1.258,1.259,1.261,1.262,1.265,1.268,1.271,1.272,1.276,1.282,1.287,Penicillin_V_49,Penicillin_V,-6.823908740944319,CC1(C)S[C@H]2[C@H](NC(=O)COc3ccccc3)C(=O)N2[C@@H]1C(=O)O
0.942,0.944,0.946,0.95,0.956,0.958,0.961,0.963,0.963,0.964,0.966,0.966,0.967,0.97,0.97,0.969,0.965,0.963,0.962,0.959,0.956,0.954,0.954,0.954,0.954,0.954,0.954,0.954,0.957,0.959,0.961,0.962,0.964,0.965,0.968,0.973,0.973,0.97,0.965,0.963,0.957,0.952,0.95,0.949,0.949,0.945,0.941,0.936,0.932,0.928,0.923,0.919,0.919,0.919,0.919,0.921,0.923,0.928,0.935,0.946,0.967,1.009,1.077,1.182,1.325,1.49,1.672,1.844,1.897,1.637,1.237,0.793,0.361,-0.017,-0.27,-0.384,-0.381,-0.376,-0.256,0.059,0.585,1.317,2.188,3.181,4.181,5.076,5.698,6.092,6.018,5.976,5.972,5.972,5.979,5.99,6.009,6.015,5.388,4.518,3.506,2.493,1.564,0.759,0.146,-0.254,-0.428,-0.472,-0.472,-0.391,-0.183,0.168,0.583,1.02,1.443,1.75,1.825,1.659,1.476,1.297,1.143,1.028,0.951,0.904,0.872,0.861,0.858,0.855,0.855,0.855,0.858,0.859,0.859,0.853,0.849,0.841,0.834,0.833,0.832,0.832,0.831,0.831,0.831,0.83,0.83,0.832,0.836,0.838,0.842,0.843,0.837,0.833,0.83,0.828,0.827,0.827,0.827,0.828,0.829,0.829,0.833,0.836,0.839,0.843,0.846,0.849,0.851,0.854,0.858,0.862,0.864,0.867,0.867,0.872,0.876,0.878,0.879,0.88,0.88,0.88,0.885,0.885,0.886,0.886,0.887,0.891,0.894,Phenytoin_59,Phenytoin,-3.9208187539523753,O=C1NC(=O)C(c2ccccc2)(c2ccccc2)N1
1.299,1.302,1.304,1.308,1.309,1.312,1.314,1.313,1.313,1.313,1.313,1.313,1.315,1.317,1.318,1.313,1.308,1.305,1.302,1.298,1.294,1.289,1.286,1.284,1.281,1.278,1.278,1.278,1.28,1.277,1.277,1.278,1.278,1.279,1.28,1.276,1.275,1.275,1.261,1.259,1.255,1.243,1.24,1.231,1.227,1.219,1.208,1.196,1.186,1.174,1.165,1.156,1.147,1.132,1.119,1.106,1.098,1.093,1.093,1.102,1.136,1.176,1.259,1.39,1.544,1.711,1.855,2.011,2.112,1.92,1.535,1.093,0.712,0.458,0.387,0.387,0.401,0.589,1.051,1.831,2.933,4.102,5.341,6.602,7.625,8.542,8.988,9.001,8.902,8.847,8.836,8.834,8.834,8.863,8.964,9.098,8.884,8.122,7.088,5.789,4.505,3.274,2.098,1.199,0.635,0.377,0.286,0.296,0.324,0.527,0.892,1.302,1.719,1.954,1.965,1.85,1.666,1.507,1.347,1.192,1.096,1.05,1.019,1.005,1.005,1.013,1.023,1.035,1.048,1.059,1.071,1.074,1.077,1.088,1.089,1.088,1.088,1.088,1.09,1.093,1.098,1.1,1.104,1.106,1.113,1.12,1.122,1.129,1.129,1.128,1.128,1.127,1.127,1.129,1.132,1.134,1.139,1.143,1.148,1.153,1.157,1.162,1.168,1.171,1.176,1.184,1.187,1.193,1.197,1.203,1.206,1.212,1.215,1.215,1.216,1.218,1.221,1.222,1.227,1.227,1.231,1.231,1.236,1.241,1.244,Cephalexin_48,Cephalexin,-6.318758762624412,CC1=C(C(=O)[O-])N2C(=O)[C@H](NC(=O)[C@@H]([NH3+])c3ccccc3)[C@@H]2SC1
0.372,0.375,0.38,0.388,0.392,0.393,0.387,0.387,0.385,0.384,0.383,0.383,0.384,0.385,0.384,0.385,0.382,0.381,0.376,0.373,0.367,0.357,0.356,0.354,0.352,0.346,0.34,0.338,0.336,0.337,0.338,0.334,0.333,0.331,0.327,0.325,0.319,0.318,0.314,0.309,0.296,0.29,0.282,0.274,0.265,0.259,0.255,0.247,0.233,0.218,0.21,0.197,0.184,0.172,0.156,0.139,0.129,0.123,0.12,0.12,0.121,0.141,0.182,0.248,0.377,0.54,0.762,0.847,0.785,0.708,0.533,0.392,0.312,0.312,0.312,0.385,0.693,1.308,2.239,3.472,5.027,6.689,8.621,10.025,11.427,11.897,12.186,12.372,12.571,12.751,12.947,13.114,12.866,12.639,12.435,12.271,12.142,11.891,10.755,9.025,7.398,5.556,3.918,2.562,1.521,0.791,0.378,0.222,0.222,0.222,0.279,0.389,0.587,0.661,0.739,0.746,0.508,0.318,0.183,0.105,0.06,0.044,0.036,0.034,0.041,0.041,0.052,0.066,0.08,0.087,0.099,0.113,0.126,0.131,0.135,0.142,0.147,0.148,0.15,0.156,0.159,0.163,0.168,0.173,0.18,0.186,0.19,0.191,0.193,0.192,0.192,0.198,0.202,0.203,0.208,0.21,0.215,0.223,0.227,0.232,0.238,0.241,0.244,0.245,0.248,0.253,0.254,0.255,0.258,0.26,0.263,0.267,0.273,0.275,0.277,0.281,0.284,0.285,0.287,0.291,0.293,0.297,0.307,0.311,0.319,Acyclovir_11,Acyclovir,-6.6777807052660805,Nc1[nH]c(=O)c2ncn(COCCO)c2[nH+]1
1.123,1.124,1.127,1.127,1.131,1.132,1.135,1.139,1.14,1.142,1.148,1.146,1.148,1.145,1.141,1.142,1.137,1.134,1.127,1.124,1.12,1.112,1.105,1.101,1.099,1.098,1.097,1.095,1.095,1.093,1.091,1.09,1.09,1.093,1.095,1.095,1.097,1.093,1.092,1.086,1.079,1.071,1.061,1.056,1.048,1.035,1.032,1.02,1.016,1.007,1.0,0.992,0.991,0.991,0.993,0.994,1.004,1.014,1.038,1.072,1.132,1.249,1.436,1.698,2.06,2.201,2.301,2.374,2.473,2.379,2.312,2.228,2.317,2.275,2.252,2.263,2.283,2.766,3.686,5.067,7.004,8.063,8.785,9.76,10.96,11.913,12.679,13.367,14.096,14.462,14.897,15.036,14.693,14.229,13.767,13.073,12.317,11.346,10.138,9.203,8.276,7.636,5.521,3.99,2.93,2.255,2.099,2.04,2.091,2.248,2.129,2.129,2.263,2.381,2.246,2.168,2.076,1.96,1.639,1.341,1.145,1.021,0.941,0.904,0.887,0.88,0.879,0.879,0.882,0.879,0.876,0.869,0.867,0.858,0.857,0.854,0.853,0.854,0.858,0.858,0.86,0.861,0.865,0.87,0.871,0.874,0.872,0.873,0.876,0.877,0.877,0.879,0.879,0.878,0.884,0.886,0.895,0.899,0.903,0.912,0.915,0.92,0.926,0.933,0.939,0.945,0.951,0.956,0.964,0.972,0.979,0.984,0.988,0.991,0.995,0.996,0.998,1.0,1.001,1.004,1.008,1.013,1.021,1.026,1.03,Cefatrizine_43,Cefatrizine,-5.6020599913279625,N[C@@H](C(=O)N[C@@H]1C(=O)N2C(C(=O)[O-])=C(CSc3cnn[n-]3)CS[C@@H]12)c1ccc(O)cc1
1.179,1.18,1.184,1.187,1.192,1.195,1.195,1.197,1.198,1.198,1.198,1.199,1.201,1.202,1.202,1.2,1.198,1.196,1.193,1.189,1.184,1.181,1.179,1.176,1.176,1.176,1.176,1.175,1.175,1.175,1.174,1.174,1.173,1.176,1.177,1.176,1.176,1.173,1.167,1.163,1.157,1.148,1.142,1.134,1.13,1.124,1.11,1.103,1.094,1.087,1.082,1.071,1.056,1.041,1.03,1.022,1.013,1.012,1.013,1.024,1.043,1.073,1.143,1.236,1.353,1.382,1.437,1.474,1.55,1.55,1.311,0.877,0.447,0.206,0.116,0.116,0.144,0.398,0.984,1.85,2.906,4.156,5.229,6.213,7.161,7.638,8.178,8.647,8.984,9.176,9.123,9.12,9.12,9.157,8.666,8.331,7.976,7.486,6.591,5.632,4.535,3.279,2.116,1.15,0.47,0.107,0.013,0.013,0.062,0.273,0.643,1.057,1.46,1.462,1.386,1.331,1.309,1.265,1.182,1.071,0.992,0.95,0.927,0.921,0.922,0.926,0.932,0.944,0.954,0.962,0.963,0.973,0.976,0.977,0.987,0.987,0.987,0.988,0.987,0.987,0.987,0.993,0.999,1.007,1.012,1.015,1.013,1.013,1.011,1.009,1.011,1.011,1.011,1.014,1.014,1.017,1.021,1.024,1.03,1.034,1.038,1.044,1.046,1.05,1.052,1.057,1.061,1.066,1.072,1.076,1.078,1.081,1.083,1.087,1.088,1.089,1.094,1.096,1.099,1.1,1.103,1.106,1.111,1.115,1.12,Sumatriptan_98,Sumatriptan,-5.721246399047171,CNS(=O)(=O)Cc1ccc2[nH]cc(CC[NH+](C)C)c2c1
1.763,1.764,1.764,1.766,1.77,1.775,1.777,1.779,1.781,1.784,1.784,1.786,1.787,1.787,1.786,1.785,1.783,1.78,1.778,1.773,1.771,1.77,1.767,1.767,1.767,1.767,1.765,1.765,1.766,1.769,1.771,1.776,1.779,1.782,1.785,1.788,1.786,1.786,1.786,1.782,1.78,1.776,1.774,1.773,1.769,1.765,1.764,1.762,1.757,1.752,1.746,1.742,1.74,1.741,1.741,1.742,1.747,1.753,1.764,1.776,1.798,1.839,1.917,2.029,2.18,2.386,2.255,2.0,1.659,1.382,0.963,0.402,-0.315,-0.935,-1.383,-1.705,-1.787,-1.796,-1.804,-1.731,-1.543,-1.202,-0.711,-0.149,0.456,1.057,1.602,2.164,2.47,2.634,2.838,2.847,2.739,2.607,2.392,1.853,1.244,0.647,0.018,-0.565,-1.084,-1.485,-1.718,-1.832,-1.843,-1.822,-1.76,-1.529,-1.156,-0.582,0.175,0.858,1.219,1.598,1.834,2.131,2.314,2.199,2.025,1.903,1.818,1.767,1.737,1.722,1.718,1.718,1.718,1.719,1.715,1.713,1.711,1.706,1.698,1.692,1.69,1.689,1.691,1.692,1.692,1.691,1.691,1.693,1.693,1.693,1.694,1.696,1.694,1.693,1.69,1.686,1.68,1.678,1.678,1.678,1.678,1.678,1.678,1.678,1.678,1.681,1.685,1.688,1.692,1.694,1.697,1.699,1.704,1.706,1.712,1.715,1.716,1.719,1.72,1.721,1.724,1.725,1.727,1.729,1.731,1.733,1.734,1.735,1.737,1.738,1.741,Alprenolol_12,Alprenolol,-3.795880017344075,C=CCc1ccccc1OC[C@H](O)CNC(C)C
1.111,1.111,1.111,1.114,1.117,1.12,1.123,1.124,1.127,1.13,1.13,1.131,1.132,1.131,1.129,1.127,1.124,1.122,1.119,1.115,1.113,1.11,1.104,1.102,1.098,1.096,1.093,1.093,1.091,1.091,1.094,1.096,1.099,1.102,1.105,1.105,1.109,1.105,1.104,1.101,1.101,1.099,1.098,1.099,1.096,1.094,1.092,1.086,1.084,1.08,1.077,1.075,1.074,1.072,1.072,1.073,1.077,1.086,1.097,1.11,1.135,1.186,1.271,1.392,1.548,1.782,1.702,1.511,1.274,0.994,0.674,0.276,-0.161,-0.501,-0.632,-0.684,-0.657,-0.64,-0.35,0.153,0.866,1.696,2.568,3.44,4.395,5.171,5.854,6.488,6.979,7.445,7.768,7.901,7.696,7.264,6.742,6.169,5.5,4.77,3.841,2.906,2.008,1.165,0.351,-0.255,-0.604,-0.712,-0.712,-0.657,-0.524,-0.274,0.168,0.554,0.896,1.182,1.441,1.648,1.776,1.592,1.409,1.279,1.203,1.145,1.112,1.099,1.095,1.092,1.087,1.082,1.082,1.082,1.081,1.074,1.07,1.065,1.063,1.063,1.065,1.067,1.067,1.068,1.07,1.072,1.071,1.071,1.07,1.073,1.071,1.07,1.068,1.065,1.06,1.058,1.057,1.056,1.056,1.055,1.056,1.059,1.06,1.062,1.064,1.068,1.067,1.067,1.068,1.069,1.071,1.072,1.073,1.073,1.074,1.075,1.079,1.082,1.082,1.082,1.086,1.088,1.09,1.093,1.093,1.097,1.098,1.1,1.104,Terbutaline_103,Terbutaline,-6.0,CC(C)(C)NC[C@H](O)c1cc(O)cc(O)c1
0.921,0.924,0.925,0.928,0.934,0.939,0.94,0.943,0.944,0.945,0.945,0.948,0.95,0.951,0.951,0.951,0.946,0.945,0.944,0.938,0.934,0.931,0.93,0.93,0.931,0.931,0.931,0.931,0.933,0.936,0.939,0.941,0.947,0.953,0.955,0.955,0.955,0.954,0.948,0.944,0.937,0.934,0.929,0.926,0.922,0.917,0.915,0.913,0.906,0.9,0.893,0.888,0.881,0.881,0.881,0.883,0.891,0.902,0.916,0.931,0.965,1.037,1.153,1.331,1.577,1.898,2.237,2.064,1.757,1.424,1.076,0.76,0.303,-0.116,-0.416,-0.48,-0.488,-0.488,-0.238,0.173,0.804,1.489,2.14,2.836,3.577,4.411,5.26,6.063,6.678,7.181,7.173,7.174,7.174,6.99,6.335,5.529,4.649,3.798,3.01,2.279,1.602,1.001,0.255,-0.223,-0.544,-0.582,-0.616,-0.562,-0.342,0.049,0.533,0.842,1.206,1.548,1.884,2.134,1.914,1.556,1.269,1.091,0.956,0.877,0.831,0.806,0.797,0.798,0.798,0.798,0.8,0.793,0.791,0.786,0.785,0.776,0.77,0.764,0.764,0.765,0.764,0.763,0.761,0.761,0.764,0.766,0.77,0.773,0.773,0.772,0.769,0.765,0.758,0.757,0.757,0.758,0.758,0.76,0.76,0.761,0.763,0.767,0.77,0.778,0.781,0.783,0.788,0.791,0.796,0.8,0.806,0.809,0.813,0.815,0.822,0.824,0.825,0.827,0.828,0.827,0.828,0.834,0.835,0.837,0.84,0.843,0.855,Trimethoprim_124,Trimethoprim,-4.2839966563652006,COc1cc(Cc2cnc(N)nc2N)cc(OC)c1OC
1.203,1.203,1.203,1.203,1.204,1.205,1.205,1.205,1.204,1.202,1.203,1.205,1.207,1.206,1.204,1.204,1.201,1.2,1.195,1.194,1.187,1.185,1.182,1.18,1.18,1.176,1.175,1.175,1.175,1.173,1.17,1.169,1.169,1.169,1.168,1.168,1.168,1.165,1.163,1.16,1.153,1.15,1.146,1.138,1.135,1.133,1.129,1.123,1.113,1.105,1.098,1.087,1.084,1.077,1.07,1.061,1.052,1.037,1.023,1.015,1.0,1.017,1.037,1.071,1.144,1.249,1.396,1.265,0.968,0.608,0.255,-0.064,-0.299,-0.469,-0.532,-0.532,-0.467,-0.365,-0.154,0.21,0.677,1.183,1.304,1.827,2.085,2.112,1.998,1.905,1.84,1.8,1.797,1.797,1.801,1.84,1.935,2.03,2.136,2.229,1.995,1.444,1.325,0.808,0.34,-0.058,-0.313,-0.458,-0.557,-0.557,-0.544,-0.397,-0.171,0.123,0.48,0.85,1.178,1.39,1.262,1.134,1.058,1.014,0.995,0.981,0.977,0.995,0.998,1.015,1.029,1.037,1.05,1.054,1.06,1.067,1.069,1.069,1.069,1.07,1.079,1.084,1.092,1.096,1.1,1.1,1.101,1.104,1.106,1.112,1.115,1.117,1.116,1.115,1.115,1.118,1.121,1.124,1.127,1.132,1.134,1.136,1.138,1.139,1.141,1.146,1.149,1.154,1.157,1.162,1.165,1.168,1.171,1.174,1.175,1.177,1.178,1.18,1.18,1.183,1.183,1.183,1.186,1.189,1.19,1.191,1.193,1.193,1.194,Gabapentin_81,Gabapentin,-6.443697499232713,[NH3+]CC1(CC(=O)[O-])CCCCC1
0.946,0.948,0.954,0.958,0.961,0.964,0.968,0.97,0.971,0.973,0.976,0.978,0.978,0.979,0.979,0.977,0.975,0.971,0.967,0.963,0.96,0.957,0.954,0.951,0.951,0.95,0.95,0.949,0.951,0.953,0.957,0.96,0.962,0.966,0.97,0.973,0.972,0.972,0.967,0.959,0.954,0.951,0.944,0.943,0.939,0.935,0.93,0.923,0.915,0.908,0.904,0.897,0.896,0.894,0.895,0.897,0.901,0.909,0.925,0.949,0.984,1.059,1.189,1.381,1.632,1.75,1.871,1.941,1.967,1.859,1.684,1.241,0.638,0.138,-0.07,-0.132,-0.132,-0.013,0.418,1.111,2.164,3.534,5.138,6.788,7.913,8.916,9.675,10.329,10.833,11.167,11.428,11.425,11.425,11.112,10.557,9.984,9.279,8.395,7.293,5.675,4.002,2.533,1.338,0.508,-0.019,-0.228,-0.228,-0.196,-0.057,0.36,0.948,1.473,1.725,1.823,1.834,1.778,1.676,1.579,1.34,1.127,0.989,0.909,0.86,0.833,0.821,0.818,0.817,0.818,0.818,0.817,0.813,0.807,0.805,0.799,0.791,0.788,0.785,0.783,0.78,0.779,0.78,0.782,0.784,0.789,0.791,0.794,0.793,0.791,0.79,0.786,0.779,0.776,0.775,0.776,0.777,0.778,0.779,0.785,0.788,0.792,0.794,0.799,0.801,0.802,0.807,0.811,0.817,0.821,0.826,0.831,0.834,0.837,0.842,0.844,0.844,0.845,0.846,0.85,0.853,0.853,0.856,0.857,0.866,0.87,0.876,Loracarbef_4,Loracarbef,-6.040958607678906,N[C@@H](C(=O)N[C@@H]1C(=O)N2C(C(=O)O)=C(Cl)CC[C@@H]12)c1ccccc1
1.336,1.338,1.338,1.341,1.343,1.343,1.347,1.348,1.349,1.351,1.351,1.351,1.351,1.35,1.348,1.347,1.347,1.344,1.34,1.336,1.332,1.328,1.327,1.325,1.322,1.32,1.319,1.317,1.319,1.32,1.322,1.325,1.323,1.325,1.322,1.321,1.321,1.319,1.315,1.315,1.312,1.304,1.299,1.294,1.288,1.282,1.275,1.268,1.258,1.251,1.245,1.236,1.227,1.215,1.205,1.201,1.196,1.2,1.199,1.204,1.214,1.241,1.294,1.332,1.246,1.17,1.08,0.971,0.83,0.724,0.457,0.141,-0.392,-0.792,-1.063,-1.125,-1.125,-1.117,-0.841,-0.277,0.542,1.525,2.131,2.768,3.348,3.64,3.943,4.27,4.641,5.252,5.485,5.541,5.086,4.719,4.357,4.059,3.784,3.525,2.941,2.353,1.801,0.816,-0.074,-0.739,-1.096,-1.17,-1.17,-1.159,-0.908,-0.582,-0.032,0.306,0.607,0.746,0.899,0.997,1.109,1.179,1.265,1.27,1.196,1.175,1.159,1.156,1.156,1.159,1.159,1.164,1.17,1.173,1.181,1.184,1.184,1.192,1.192,1.196,1.199,1.2,1.203,1.205,1.207,1.211,1.22,1.222,1.223,1.224,1.225,1.225,1.224,1.224,1.225,1.225,1.226,1.227,1.228,1.229,1.229,1.232,1.235,1.237,1.24,1.243,1.244,1.251,1.255,1.259,1.261,1.264,1.267,1.268,1.272,1.275,1.277,1.278,1.279,1.282,1.284,1.288,1.289,1.292,1.296,1.298,1.301,1.302,1.307,Atenolol_29,Atenolol,-5.7447274948966935,CC(C)[NH2+]C[C@H](O)COc1ccc(CC(N)=O)cc1
0.279,0.278,0.276,0.276,0.276,0.276,0.276,0.277,0.277,0.277,0.278,0.281,0.281,0.28,0.278,0.276,0.276,0.273,0.272,0.268,0.266,0.265,0.264,0.26,0.258,0.258,0.257,0.254,0.254,0.251,0.248,0.248,0.248,0.248,0.249,0.25,0.251,0.25,0.249,0.249,0.248,0.246,0.245,0.243,0.241,0.24,0.239,0.238,0.236,0.234,0.231,0.229,0.229,0.229,0.229,0.231,0.233,0.236,0.24,0.247,0.257,0.277,0.312,0.365,0.435,0.526,0.645,0.769,0.829,0.783,0.699,0.624,0.584,0.574,0.574,0.599,0.65,0.756,0.949,1.239,1.578,1.863,2.122,2.36,2.596,2.822,3.052,3.26,3.428,3.482,3.499,3.499,3.501,3.533,3.388,3.205,2.979,2.709,2.465,2.222,1.96,1.657,1.341,1.038,0.821,0.674,0.599,0.56,0.56,0.565,0.607,0.667,0.754,0.832,0.778,0.677,0.556,0.455,0.367,0.317,0.279,0.258,0.243,0.236,0.234,0.234,0.232,0.232,0.229,0.229,0.227,0.227,0.226,0.226,0.225,0.225,0.227,0.235,0.236,0.237,0.237,0.237,0.237,0.238,0.24,0.241,0.244,0.243,0.243,0.242,0.242,0.243,0.245,0.246,0.247,0.25,0.25,0.251,0.252,0.252,0.254,0.257,0.259,0.261,0.263,0.263,0.263,0.265,0.266,0.268,0.267,0.267,0.267,0.268,0.268,0.268,0.268,0.268,0.27,0.271,0.272,0.272,0.272,0.273,0.273,Salicylic_Acid_82,Salicylic_Acid,-5.0,O=C([O-])c1ccccc1O
0.433,0.43,0.427,0.425,0.425,0.426,0.428,0.43,0.43,0.429,0.432,0.432,0.429,0.429,0.432,0.431,0.426,0.423,0.419,0.412,0.406,0.402,0.398,0.397,0.395,0.391,0.386,0.383,0.379,0.379,0.375,0.372,0.372,0.374,0.376,0.379,0.379,0.375,0.375,0.372,0.372,0.367,0.362,0.359,0.356,0.354,0.351,0.348,0.337,0.335,0.333,0.324,0.323,0.323,0.323,0.327,0.334,0.342,0.359,0.377,0.405,0.463,0.557,0.715,0.932,1.234,1.601,1.859,1.997,2.029,1.772,1.546,1.415,1.415,1.42,1.445,1.604,2.004,2.646,3.472,4.212,4.851,5.503,5.933,6.342,6.633,6.906,7.092,7.32,7.525,7.716,7.779,7.557,7.332,7.135,6.979,6.771,6.46,6.112,5.737,5.09,4.403,3.719,2.89,2.183,1.675,1.404,1.358,1.343,1.343,1.459,1.669,1.924,1.999,1.87,1.677,1.285,0.955,0.718,0.564,0.451,0.383,0.351,0.331,0.323,0.32,0.319,0.317,0.315,0.312,0.309,0.306,0.301,0.3,0.3,0.3,0.3,0.31,0.31,0.31,0.315,0.319,0.32,0.323,0.327,0.331,0.334,0.335,0.332,0.331,0.33,0.331,0.335,0.336,0.341,0.343,0.346,0.347,0.35,0.355,0.356,0.36,0.363,0.367,0.374,0.375,0.378,0.379,0.383,0.386,0.386,0.389,0.39,0.39,0.39,0.39,0.391,0.391,0.392,0.393,0.398,0.399,0.4,0.401,0.407,Olsalazine_39,Olsalazine,-7.318758762624412,O=C([O-])c1cc(/N=N/c2ccc(O)c(C(=O)[O-])c2)ccc1O
1.643,1.645,1.647,1.654,1.655,1.657,1.662,1.666,1.667,1.668,1.668,1.671,1.674,1.675,1.676,1.676,1.675,1.673,1.669,1.666,1.665,1.662,1.662,1.662,1.662,1.664,1.664,1.666,1.668,1.671,1.672,1.674,1.675,1.677,1.678,1.68,1.679,1.675,1.673,1.671,1.667,1.664,1.66,1.659,1.655,1.651,1.648,1.644,1.638,1.632,1.629,1.625,1.624,1.62,1.62,1.62,1.625,1.63,1.638,1.655,1.685,1.743,1.84,1.987,2.191,2.414,2.541,2.537,2.432,2.225,1.973,1.509,1.053,0.683,0.487,0.477,0.465,0.554,0.847,1.335,2.055,2.933,3.59,4.176,4.692,5.193,5.65,6.035,6.315,6.457,6.403,6.397,6.397,6.392,6.098,5.76,5.362,4.924,4.436,3.863,3.152,2.319,1.505,0.906,0.545,0.387,0.364,0.364,0.494,0.813,1.267,1.733,2.039,2.232,2.395,2.432,2.332,2.131,1.908,1.751,1.643,1.577,1.537,1.518,1.513,1.513,1.513,1.516,1.516,1.515,1.516,1.508,1.504,1.499,1.495,1.49,1.49,1.488,1.487,1.487,1.487,1.487,1.489,1.491,1.494,1.493,1.493,1.492,1.488,1.482,1.477,1.477,1.476,1.476,1.479,1.482,1.485,1.488,1.493,1.497,1.5,1.502,1.505,1.51,1.513,1.516,1.519,1.523,1.527,1.534,1.539,1.541,1.543,1.546,1.552,1.554,1.556,1.557,1.558,1.56,1.561,1.563,1.567,1.571,1.579,Ondansetron_44,Ondansetron,-3.958607314841775,Cc1nccn1C[C@@H]1CCc2c(c3ccccc3n2C)C1=O
0.749,0.75,0.751,0.752,0.755,0.76,0.764,0.765,0.764,0.764,0.766,0.768,0.763,0.762,0.758,0.758,0.759,0.76,0.748,0.748,0.745,0.741,0.74,0.737,0.731,0.729,0.728,0.728,0.727,0.728,0.734,0.736,0.74,0.742,0.746,0.747,0.745,0.741,0.734,0.734,0.732,0.727,0.725,0.719,0.715,0.712,0.706,0.702,0.698,0.689,0.684,0.679,0.674,0.674,0.674,0.676,0.683,0.698,0.716,0.741,0.784,0.867,1.002,1.212,1.496,1.8,1.885,1.734,1.576,1.506,1.48,1.384,1.002,0.719,0.655,0.655,0.643,0.87,1.38,2.193,3.132,4.058,4.637,4.958,5.43,5.944,6.466,6.743,7.003,7.286,7.584,7.679,7.415,7.167,6.825,6.503,6.055,5.51,5.083,4.712,4.372,3.374,2.46,1.543,0.909,0.595,0.572,0.572,0.581,0.825,1.16,1.401,1.411,1.47,1.603,1.762,1.787,1.497,1.179,0.961,0.81,0.714,0.657,0.633,0.618,0.617,0.615,0.612,0.612,0.612,0.609,0.606,0.596,0.59,0.586,0.585,0.582,0.582,0.583,0.585,0.587,0.592,0.594,0.596,0.6,0.596,0.596,0.596,0.596,0.597,0.593,0.593,0.594,0.595,0.595,0.602,0.603,0.607,0.609,0.614,0.618,0.62,0.622,0.626,0.632,0.633,0.637,0.644,0.648,0.649,0.653,0.652,0.656,0.665,0.666,0.669,0.668,0.671,0.672,0.673,0.678,0.679,0.683,0.689,0.694,Sulfasalazine_95,Sulfasalazine,-6.318758762624412,O=C([O-])c1cc(/N=N/c2ccc(S(=O)(=O)/N=c3/cccc[nH]3)cc2)ccc1O
1.675,1.675,1.677,1.677,1.682,1.682,1.683,1.687,1.687,1.687,1.687,1.687,1.688,1.688,1.686,1.685,1.683,1.681,1.677,1.672,1.671,1.666,1.665,1.664,1.661,1.659,1.658,1.657,1.659,1.658,1.661,1.664,1.664,1.666,1.666,1.663,1.662,1.662,1.659,1.655,1.653,1.648,1.64,1.637,1.629,1.624,1.62,1.615,1.606,1.597,1.593,1.588,1.58,1.569,1.558,1.554,1.546,1.546,1.549,1.549,1.556,1.582,1.622,1.691,1.681,1.592,1.507,1.368,1.177,0.996,0.646,0.101,-0.614,-1.069,-1.492,-1.697,-1.762,-1.765,-1.737,-1.657,-1.435,-1.094,-0.637,-0.077,0.607,1.203,1.743,1.965,2.15,2.243,2.365,2.421,2.356,2.222,2.041,1.858,1.533,0.751,0.101,-0.492,-0.976,-1.352,-1.63,-1.746,-1.788,-1.788,-1.755,-1.611,-1.258,-0.772,-0.177,0.507,0.92,1.109,1.298,1.46,1.542,1.632,1.701,1.613,1.564,1.537,1.525,1.523,1.522,1.523,1.526,1.536,1.538,1.54,1.55,1.551,1.557,1.561,1.563,1.565,1.568,1.57,1.571,1.572,1.574,1.581,1.585,1.589,1.59,1.592,1.592,1.59,1.59,1.589,1.591,1.591,1.591,1.591,1.593,1.593,1.594,1.595,1.597,1.599,1.603,1.605,1.608,1.613,1.615,1.619,1.624,1.626,1.629,1.631,1.632,1.635,1.637,1.638,1.64,1.642,1.644,1.648,1.649,1.65,1.653,1.653,1.657,1.659,1.661,Propranolol_67,Propranolol,-3.769551078621726,CC(C)[NH2+]C[C@H](O)COc1cccc2ccccc12
1.223,1.228,1.232,1.237,1.24,1.238,1.242,1.246,1.246,1.247,1.246,1.248,1.252,1.251,1.248,1.246,1.244,1.239,1.234,1.228,1.222,1.214,1.209,1.202,1.2,1.198,1.197,1.197,1.197,1.199,1.193,1.193,1.196,1.2,1.2,1.2,1.196,1.184,1.184,1.182,1.17,1.162,1.152,1.143,1.136,1.125,1.113,1.095,1.088,1.073,1.061,1.048,1.023,1.016,1.007,0.999,0.998,0.998,1.008,1.019,1.05,1.126,1.263,1.463,1.741,1.789,1.869,1.986,2.14,2.313,2.095,1.841,1.327,1.082,1.066,1.066,1.208,1.774,2.696,4.073,5.814,7.903,9.748,10.829,12.017,13.073,13.68,14.213,14.684,14.861,15.194,15.276,15.082,14.813,14.333,13.93,13.406,12.484,11.254,10.148,8.606,6.529,4.533,2.98,1.966,1.218,0.933,0.922,0.934,1.089,1.562,1.899,2.226,2.045,1.882,1.762,1.672,1.629,1.418,1.172,1.017,0.94,0.894,0.887,0.881,0.881,0.888,0.892,0.898,0.91,0.914,0.925,0.929,0.93,0.933,0.933,0.934,0.94,0.94,0.942,0.945,0.951,0.958,0.964,0.971,0.976,0.977,0.979,0.982,0.975,0.976,0.975,0.979,0.98,0.986,0.992,0.997,1.005,1.01,1.014,1.017,1.025,1.029,1.036,1.044,1.044,1.05,1.06,1.064,1.072,1.075,1.084,1.09,1.093,1.094,1.096,1.099,1.1,1.105,1.106,1.111,1.117,1.123,1.127,1.14,Cefatrizine_42,Cefatrizine,-5.6020599913279625,[NH3+][C@@H](C(=O)N[C@H]1C(=O)N2C(C(=O)[O-])=C(CSc3cnn[nH]3)CS[C@H]12)c1ccc(O)cc1
1.039,1.041,1.042,1.045,1.052,1.052,1.052,1.054,1.056,1.056,1.055,1.056,1.057,1.057,1.058,1.057,1.053,1.052,1.049,1.044,1.04,1.035,1.033,1.03,1.027,1.027,1.028,1.029,1.03,1.03,1.033,1.033,1.038,1.04,1.04,1.038,1.038,1.038,1.025,1.021,1.016,1.012,1.001,0.995,0.991,0.985,0.975,0.968,0.963,0.95,0.944,0.936,0.924,0.92,0.904,0.901,0.898,0.897,0.901,0.909,0.928,0.961,1.035,1.155,1.331,1.573,1.876,1.748,1.331,0.924,0.473,0.093,-0.371,-0.753,-0.906,-0.998,-0.983,-0.898,-0.58,-0.08,0.66,1.364,2.161,2.961,3.763,4.555,5.318,5.969,6.442,6.737,6.714,6.716,6.722,6.717,6.213,5.594,4.826,4.005,3.177,2.345,1.541,0.81,0.068,-0.518,-0.895,-1.069,-1.082,-1.012,-0.918,-0.599,-0.129,0.291,0.715,1.134,1.556,1.877,1.579,1.318,1.11,0.972,0.895,0.851,0.832,0.825,0.823,0.823,0.823,0.833,0.839,0.845,0.849,0.849,0.853,0.857,0.861,0.861,0.862,0.862,0.865,0.867,0.868,0.871,0.875,0.877,0.881,0.885,0.885,0.885,0.886,0.885,0.884,0.885,0.886,0.886,0.887,0.889,0.89,0.893,0.894,0.899,0.901,0.909,0.914,0.917,0.92,0.924,0.929,0.934,0.939,0.942,0.947,0.949,0.955,0.957,0.958,0.96,0.96,0.962,0.964,0.968,0.969,0.973,0.978,0.981,0.988,Trimethoprim_125,Trimethoprim,-4.2839966563652006,COc1cc(Cc2c[nH+]c(N)nc2N)cc(OC)c1OC
2.453,2.454,2.454,2.454,2.458,2.46,2.463,2.463,2.461,2.461,2.46,2.461,2.461,2.459,2.454,2.453,2.452,2.449,2.446,2.444,2.438,2.432,2.427,2.426,2.425,2.422,2.415,2.414,2.414,2.414,2.413,2.413,2.413,2.413,2.413,2.41,2.407,2.402,2.396,2.389,2.385,2.374,2.369,2.358,2.354,2.344,2.337,2.323,2.312,2.3,2.287,2.276,2.264,2.256,2.241,2.229,2.218,2.207,2.194,2.2,2.199,2.221,2.255,2.298,2.153,1.967,1.747,1.315,0.757,0.257,-0.167,-0.607,-0.87,-1.123,-1.232,-1.268,-1.242,-1.202,-0.903,-0.508,0.123,0.886,1.337,1.585,1.883,2.187,2.279,2.184,2.093,2.038,2.031,2.031,2.059,2.121,2.227,2.322,2.239,2.038,1.735,1.464,1.154,0.348,-0.344,-0.843,-1.1,-1.2,-1.29,-1.267,-1.23,-0.984,-0.693,-0.37,0.107,0.583,1.143,1.596,1.886,2.092,2.224,2.217,2.176,2.155,2.141,2.145,2.145,2.157,2.169,2.181,2.201,2.211,2.223,2.228,2.238,2.243,2.244,2.245,2.248,2.254,2.264,2.275,2.28,2.284,2.29,2.295,2.297,2.298,2.304,2.309,2.311,2.312,2.315,2.317,2.318,2.321,2.325,2.327,2.331,2.336,2.341,2.344,2.349,2.352,2.356,2.363,2.371,2.377,2.382,2.388,2.394,2.397,2.4,2.4,2.405,2.408,2.411,2.417,2.418,2.421,2.423,2.427,2.431,2.434,2.433,2.435,2.44,Acrivastine_8,Acrivastine,-5.657577319177793,Cc1ccc(/C(=C\C[NH+]2CCCC2)c2cccc(/C=C\C(=O)[O-])[nH+]2)cc1
1.218,1.218,1.218,1.221,1.225,1.228,1.231,1.23,1.23,1.229,1.229,1.232,1.233,1.234,1.233,1.23,1.228,1.225,1.222,1.217,1.212,1.209,1.207,1.203,1.202,1.2,1.2,1.2,1.2,1.197,1.197,1.195,1.193,1.189,1.189,1.189,1.186,1.183,1.178,1.172,1.169,1.16,1.157,1.15,1.144,1.131,1.124,1.116,1.104,1.097,1.091,1.079,1.066,1.046,1.03,1.032,1.025,1.025,1.025,1.033,1.046,1.071,1.131,1.228,1.312,1.336,1.376,1.427,1.473,1.481,1.477,1.338,1.08,0.938,0.912,0.965,1.004,1.41,1.829,2.248,2.741,3.368,3.891,4.936,5.606,6.577,7.072,7.496,7.77,7.899,7.872,7.873,7.873,7.927,7.75,7.312,6.824,6.003,5.269,4.23,3.463,2.918,2.37,1.894,1.481,1.035,0.881,0.846,0.865,0.907,1.176,1.411,1.418,1.418,1.338,1.291,1.262,1.235,1.185,1.066,0.998,0.966,0.946,0.945,0.946,0.951,0.953,0.96,0.97,0.981,0.988,0.995,1.004,1.012,1.017,1.018,1.018,1.025,1.026,1.026,1.028,1.034,1.039,1.048,1.052,1.055,1.058,1.06,1.06,1.061,1.062,1.062,1.065,1.068,1.072,1.074,1.077,1.081,1.086,1.09,1.096,1.099,1.103,1.107,1.111,1.116,1.122,1.126,1.131,1.134,1.137,1.14,1.144,1.146,1.145,1.145,1.148,1.153,1.155,1.156,1.158,1.161,1.165,1.166,1.172,Sumatriptan_99,Sumatriptan,-5.721246399047171,C[N-]S(=O)(=O)Cc1ccc2[nH]cc(CC[NH+](C)C)c2c1
1.179,1.179,1.186,1.192,1.197,1.199,1.203,1.205,1.206,1.208,1.209,1.21,1.211,1.212,1.213,1.21,1.208,1.203,1.2,1.196,1.193,1.191,1.185,1.185,1.184,1.184,1.184,1.184,1.183,1.189,1.192,1.194,1.197,1.201,1.206,1.208,1.207,1.206,1.201,1.195,1.19,1.187,1.179,1.177,1.174,1.172,1.166,1.161,1.153,1.147,1.14,1.134,1.131,1.13,1.131,1.134,1.139,1.145,1.159,1.177,1.212,1.277,1.395,1.568,1.801,2.068,2.165,2.215,2.244,2.077,1.8,1.192,0.542,0.02,-0.274,-0.333,-0.333,-0.269,0.071,0.774,1.779,3.086,4.608,6.234,7.353,8.312,9.071,9.679,10.399,10.629,10.726,10.724,10.724,10.584,10.23,9.4,8.613,7.733,6.751,5.137,3.558,2.148,0.986,0.183,-0.299,-0.437,-0.437,-0.398,-0.186,0.279,0.895,1.536,1.867,2.149,2.137,2.118,2.061,1.796,1.531,1.338,1.216,1.141,1.095,1.072,1.062,1.059,1.059,1.062,1.062,1.061,1.056,1.056,1.046,1.039,1.035,1.028,1.026,1.026,1.026,1.027,1.026,1.026,1.026,1.03,1.034,1.038,1.036,1.036,1.036,1.029,1.021,1.02,1.019,1.019,1.02,1.021,1.021,1.026,1.028,1.033,1.037,1.041,1.044,1.046,1.049,1.053,1.06,1.065,1.069,1.073,1.077,1.081,1.083,1.085,1.087,1.087,1.087,1.092,1.094,1.095,1.098,1.098,1.104,1.109,1.111,Cephalexin_46,Cephalexin,-6.318758762624412,CC1=C(C(=O)O)N2C(=O)[C@H](NC(=O)[C@H](N)c3ccccc3)[C@@H]2SC1
2.889,2.89,2.891,2.894,2.895,2.903,2.91,2.914,2.918,2.921,2.922,2.925,2.926,2.926,2.925,2.921,2.918,2.912,2.909,2.905,2.898,2.893,2.892,2.888,2.886,2.884,2.883,2.883,2.883,2.884,2.893,2.901,2.906,2.913,2.916,2.919,2.92,2.919,2.917,2.912,2.905,2.902,2.902,2.902,2.898,2.895,2.89,2.884,2.877,2.869,2.856,2.853,2.847,2.847,2.846,2.85,2.86,2.874,2.894,2.925,2.975,3.074,3.24,3.479,3.797,4.203,4.192,3.815,3.306,2.66,1.767,0.639,-0.587,-1.608,-2.425,-2.87,-3.077,-3.077,-3.102,-2.834,-2.304,-1.566,-0.866,-0.114,0.64,1.413,2.031,2.887,3.431,3.896,4.222,4.557,4.087,3.642,2.884,2.466,1.691,0.905,0.11,-0.672,-1.381,-2.132,-2.724,-3.104,-3.136,-3.136,-3.021,-2.675,-1.96,-0.975,0.206,1.403,2.386,3.083,3.65,4.064,4.295,3.858,3.506,3.236,3.06,2.948,2.88,2.848,2.839,2.836,2.835,2.833,2.83,2.827,2.816,2.81,2.795,2.785,2.781,2.781,2.782,2.782,2.787,2.788,2.788,2.787,2.785,2.785,2.786,2.792,2.79,2.785,2.782,2.77,2.765,2.76,2.76,2.759,2.759,2.759,2.76,2.76,2.76,2.764,2.768,2.775,2.777,2.78,2.786,2.789,2.795,2.8,2.803,2.808,2.81,2.813,2.821,2.824,2.83,2.831,2.832,2.836,2.841,2.846,2.85,2.85,2.85,2.855,2.864,Dexamethasone_59,Dexamethasone,-4.698970004336019,C[C@@H]1C[C@H]2[C@@H]3CCC4=CC(=O)C=C[C@]4(C)[C@@]3(F)[C@@H](O)C[C@]2(C)[C@]1(O)C(=O)CO
0.158,0.159,0.161,0.164,0.17,0.172,0.175,0.176,0.176,0.176,0.176,0.177,0.179,0.18,0.181,0.181,0.178,0.173,0.173,0.169,0.166,0.164,0.164,0.165,0.164,0.164,0.164,0.164,0.164,0.168,0.17,0.172,0.176,0.178,0.179,0.18,0.18,0.179,0.174,0.168,0.164,0.159,0.156,0.155,0.153,0.148,0.144,0.14,0.138,0.133,0.128,0.123,0.12,0.12,0.12,0.12,0.126,0.134,0.145,0.162,0.196,0.258,0.349,0.481,0.665,0.899,1.126,1.333,1.475,1.481,1.338,1.123,0.737,0.44,0.325,0.294,0.294,0.363,0.573,1.028,1.618,2.365,3.243,4.234,5.268,6.247,6.976,7.618,8.029,8.154,8.118,8.118,8.118,8.146,7.835,7.274,6.523,5.565,4.523,3.498,2.559,1.754,1.121,0.605,0.308,0.21,0.2,0.2,0.285,0.538,0.92,1.174,1.336,1.393,1.283,1.09,0.873,0.635,0.431,0.289,0.182,0.115,0.074,0.051,0.043,0.042,0.04,0.04,0.043,0.042,0.043,0.039,0.035,0.025,0.024,0.02,0.017,0.015,0.014,0.013,0.012,0.012,0.012,0.017,0.022,0.024,0.028,0.027,0.023,0.021,0.015,0.014,0.014,0.014,0.016,0.016,0.017,0.019,0.021,0.025,0.026,0.032,0.036,0.037,0.038,0.043,0.044,0.046,0.049,0.053,0.056,0.063,0.066,0.067,0.068,0.069,0.069,0.069,0.07,0.072,0.074,0.076,0.078,0.083,0.089,Lamotrigine_99,Lamotrigine,-4.055517327849832,Nc1nnc(-c2cccc(Cl)c2Cl)c(N)n1
1.78,1.781,1.782,1.784,1.787,1.788,1.79,1.791,1.79,1.792,1.794,1.794,1.795,1.794,1.792,1.791,1.789,1.788,1.782,1.78,1.778,1.774,1.77,1.769,1.766,1.763,1.762,1.763,1.764,1.764,1.767,1.77,1.769,1.771,1.768,1.768,1.769,1.767,1.763,1.764,1.759,1.753,1.748,1.744,1.737,1.73,1.724,1.715,1.709,1.702,1.696,1.686,1.679,1.669,1.658,1.65,1.65,1.65,1.651,1.656,1.667,1.689,1.748,1.782,1.693,1.616,1.509,1.366,1.181,0.878,0.583,0.153,-0.581,-1.201,-1.567,-1.798,-1.826,-1.835,-1.78,-1.556,-1.216,-0.989,-0.626,-0.238,0.265,0.837,1.662,2.04,2.259,2.512,2.632,2.688,2.626,2.493,2.145,1.87,1.287,0.418,-0.119,-0.573,-0.914,-1.19,-1.453,-1.783,-1.855,-1.865,-1.888,-1.719,-1.374,-0.839,-0.116,0.448,0.783,1.052,1.315,1.432,1.559,1.631,1.716,1.727,1.661,1.629,1.618,1.615,1.615,1.616,1.617,1.615,1.623,1.626,1.636,1.638,1.645,1.649,1.65,1.653,1.654,1.657,1.658,1.659,1.66,1.665,1.673,1.675,1.678,1.677,1.676,1.676,1.676,1.677,1.677,1.677,1.677,1.678,1.679,1.68,1.68,1.68,1.684,1.687,1.689,1.694,1.696,1.702,1.705,1.709,1.712,1.713,1.718,1.72,1.723,1.726,1.73,1.732,1.732,1.735,1.738,1.74,1.744,1.745,1.748,1.749,1.754,1.755,1.76,Metoprolol_23,Metoprolol,-3.823908740944319,COCCc1ccc(OC[C@@H](O)C[NH2+]C(C)C)cc1
1.59,1.592,1.595,1.6,1.603,1.604,1.605,1.606,1.606,1.607,1.607,1.607,1.61,1.611,1.613,1.612,1.61,1.608,1.604,1.599,1.598,1.595,1.594,1.592,1.589,1.589,1.59,1.59,1.59,1.59,1.591,1.593,1.592,1.59,1.59,1.59,1.59,1.587,1.58,1.576,1.574,1.564,1.561,1.556,1.552,1.546,1.536,1.532,1.525,1.512,1.504,1.496,1.484,1.474,1.46,1.452,1.446,1.445,1.444,1.444,1.451,1.47,1.516,1.596,1.716,1.867,2.029,2.152,1.946,1.596,1.151,0.681,0.31,0.097,0.036,0.036,0.094,0.297,0.667,1.317,2.142,2.909,3.62,4.32,4.952,5.518,5.942,6.253,6.261,6.195,6.155,6.15,6.15,6.194,6.292,6.079,5.737,5.257,4.629,3.925,3.173,2.39,1.544,0.813,0.309,0.081,-0.039,-0.039,-0.006,0.137,0.466,0.921,1.399,1.768,2.035,1.98,1.826,1.66,1.526,1.44,1.381,1.358,1.348,1.348,1.35,1.357,1.361,1.372,1.381,1.388,1.396,1.403,1.408,1.413,1.414,1.413,1.413,1.414,1.419,1.42,1.422,1.427,1.43,1.434,1.438,1.438,1.44,1.438,1.438,1.436,1.436,1.436,1.438,1.44,1.444,1.447,1.45,1.455,1.458,1.463,1.466,1.467,1.471,1.475,1.479,1.482,1.486,1.49,1.493,1.498,1.503,1.506,1.509,1.511,1.514,1.519,1.52,1.522,1.522,1.523,1.527,1.532,1.534,1.538,1.544,Ondansetron_45,Ondansetron,-3.958607314841775,Cc1[nH+]ccn1C[C@@H]1CCc2c(c3ccccc3n2C)C1=O
0.271,0.272,0.274,0.277,0.28,0.281,0.282,0.284,0.285,0.285,0.287,0.288,0.292,0.291,0.291,0.29,0.287,0.285,0.281,0.275,0.27,0.268,0.264,0.264,0.264,0.263,0.263,0.263,0.263,0.258,0.258,0.26,0.263,0.266,0.268,0.267,0.267,0.267,0.263,0.259,0.252,0.248,0.242,0.236,0.233,0.228,0.223,0.22,0.215,0.209,0.203,0.197,0.193,0.193,0.192,0.196,0.2,0.212,0.227,0.249,0.292,0.359,0.474,0.661,0.904,1.25,1.669,1.88,2.027,2.083,2.078,1.805,1.641,1.605,1.605,1.617,1.793,2.216,2.961,3.973,4.924,5.978,7.141,8.153,8.334,9.392,9.334,10.435,10.749,10.836,10.785,10.785,10.787,10.838,10.61,9.695,9.011,9.02,8.023,7.587,6.347,5.221,4.257,3.183,2.307,1.78,1.536,1.503,1.503,1.503,1.629,1.885,1.987,1.939,1.821,1.642,1.246,0.865,0.595,0.4,0.271,0.192,0.143,0.118,0.104,0.101,0.099,0.1,0.102,0.099,0.099,0.098,0.094,0.09,0.085,0.08,0.078,0.077,0.078,0.083,0.083,0.083,0.088,0.091,0.095,0.097,0.098,0.1,0.101,0.096,0.093,0.093,0.094,0.095,0.095,0.101,0.106,0.107,0.112,0.117,0.121,0.126,0.13,0.131,0.136,0.139,0.144,0.148,0.153,0.156,0.159,0.16,0.165,0.169,0.169,0.169,0.171,0.172,0.173,0.176,0.177,0.181,0.184,0.189,0.196,Furosemide_79,Furosemide,-6.2076083105017466,NS(=O)(=O)c1cc(C(=O)[O-])c(NCc2ccco2)cc1Cl
0.766,0.766,0.767,0.767,0.767,0.768,0.77,0.77,0.77,0.77,0.772,0.771,0.771,0.772,0.77,0.77,0.767,0.763,0.76,0.755,0.748,0.745,0.738,0.737,0.735,0.731,0.73,0.724,0.724,0.724,0.727,0.725,0.725,0.725,0.729,0.731,0.729,0.726,0.722,0.721,0.716,0.711,0.709,0.704,0.701,0.698,0.693,0.687,0.678,0.674,0.67,0.664,0.662,0.662,0.663,0.666,0.673,0.685,0.7,0.721,0.758,0.819,0.924,1.103,1.345,1.647,2.001,2.274,2.303,2.192,1.951,1.721,1.521,1.441,1.409,1.409,1.546,1.864,2.436,2.914,3.351,3.908,4.448,5.038,5.61,6.082,6.433,6.733,6.949,7.169,7.381,7.471,7.261,7.076,6.866,6.649,6.324,5.819,5.25,4.642,4.093,3.599,3.056,2.613,1.978,1.574,1.368,1.341,1.36,1.428,1.587,1.823,2.08,2.199,2.269,2.052,1.686,1.353,1.093,0.909,0.789,0.711,0.667,0.642,0.634,0.631,0.629,0.629,0.629,0.628,0.628,0.618,0.613,0.612,0.609,0.609,0.618,0.619,0.62,0.621,0.624,0.628,0.629,0.631,0.634,0.639,0.64,0.645,0.645,0.642,0.639,0.639,0.643,0.646,0.647,0.651,0.655,0.658,0.662,0.664,0.666,0.671,0.672,0.68,0.684,0.687,0.69,0.692,0.696,0.704,0.706,0.71,0.71,0.711,0.713,0.713,0.713,0.715,0.716,0.719,0.722,0.723,0.725,0.728,0.729,Olsalazine_41,Olsalazine,-7.318758762624412,O=C([O-])C1=C/C(=N/Nc2ccc(O)c(C(=O)[O-])c2)C=CC1=O
1.191,1.192,1.192,1.195,1.197,1.2,1.202,1.2,1.202,1.204,1.202,1.202,1.203,1.202,1.199,1.198,1.196,1.193,1.19,1.186,1.184,1.179,1.177,1.17,1.165,1.163,1.161,1.159,1.155,1.152,1.153,1.157,1.157,1.157,1.155,1.155,1.154,1.154,1.152,1.15,1.146,1.141,1.14,1.134,1.131,1.128,1.124,1.118,1.11,1.103,1.097,1.09,1.087,1.083,1.075,1.069,1.061,1.06,1.059,1.063,1.072,1.098,1.137,1.219,1.327,1.302,1.175,1.014,0.837,0.634,0.345,-0.01,-0.359,-0.684,-0.823,-0.823,-0.796,-0.697,-0.268,0.376,1.081,1.743,2.42,3.001,3.909,4.584,5.213,5.811,6.343,6.809,7.176,7.313,7.059,6.663,6.156,5.566,4.878,3.97,3.454,2.702,2.024,1.352,0.622,-0.069,-0.557,-0.771,-0.821,-0.778,-0.743,-0.452,-0.11,0.265,0.574,0.767,0.963,1.138,1.275,1.366,1.246,1.16,1.116,1.085,1.076,1.069,1.072,1.075,1.077,1.079,1.085,1.087,1.097,1.102,1.104,1.105,1.105,1.106,1.109,1.113,1.119,1.122,1.127,1.128,1.131,1.131,1.133,1.134,1.135,1.133,1.136,1.136,1.136,1.136,1.135,1.134,1.134,1.135,1.135,1.14,1.141,1.145,1.148,1.151,1.149,1.149,1.15,1.154,1.158,1.159,1.158,1.157,1.157,1.159,1.161,1.163,1.165,1.17,1.172,1.174,1.177,1.179,1.181,1.186,1.187,1.187,1.191,Terbutaline_104,Terbutaline,-6.0,CC(C)(C)[NH2+]C[C@H](O)c1cc(O)cc(O)c1
0.665,0.667,0.67,0.674,0.677,0.678,0.679,0.681,0.682,0.682,0.683,0.685,0.686,0.687,0.687,0.686,0.684,0.683,0.68,0.678,0.678,0.675,0.674,0.674,0.675,0.675,0.674,0.674,0.675,0.676,0.678,0.678,0.678,0.681,0.685,0.687,0.687,0.685,0.684,0.681,0.676,0.674,0.67,0.668,0.667,0.666,0.662,0.658,0.654,0.65,0.647,0.645,0.643,0.643,0.644,0.644,0.644,0.649,0.656,0.666,0.68,0.715,0.778,0.866,0.99,1.157,1.261,1.241,1.166,1.042,0.83,0.546,0.281,0.097,0.059,0.059,0.059,0.158,0.421,0.876,1.509,2.285,3.155,4.073,4.864,5.487,5.82,6.029,5.952,5.922,5.903,5.881,5.881,5.883,5.919,6.043,5.752,5.213,4.386,3.466,2.562,1.732,1.031,0.497,0.159,0.012,0.01,0.009,0.03,0.16,0.41,0.688,0.916,1.064,1.152,1.206,1.146,0.969,0.834,0.737,0.669,0.628,0.608,0.596,0.59,0.59,0.59,0.592,0.593,0.594,0.594,0.59,0.588,0.583,0.58,0.577,0.575,0.574,0.574,0.574,0.574,0.574,0.575,0.576,0.579,0.582,0.583,0.584,0.581,0.577,0.574,0.572,0.572,0.573,0.573,0.574,0.575,0.577,0.58,0.583,0.584,0.585,0.588,0.59,0.591,0.593,0.598,0.6,0.603,0.605,0.608,0.612,0.612,0.612,0.613,0.613,0.614,0.616,0.617,0.617,0.618,0.619,0.622,0.626,0.628,Propylthiouracil_68,Propylthiouracil,-4.3872161432802645,CCCc1cc(=O)[nH]c(=S)[nH]1
-0.082,-0.078,-0.077,-0.074,-0.072,-0.069,-0.068,-0.068,-0.068,-0.068,-0.068,-0.066,-0.064,-0.063,-0.063,-0.062,-0.065,-0.067,-0.069,-0.074,-0.077,-0.08,-0.08,-0.08,-0.08,-0.08,-0.08,-0.08,-0.079,-0.076,-0.074,-0.072,-0.067,-0.063,-0.063,-0.063,-0.061,-0.062,-0.068,-0.071,-0.076,-0.081,-0.082,-0.086,-0.086,-0.091,-0.095,-0.097,-0.101,-0.107,-0.113,-0.117,-0.12,-0.12,-0.12,-0.12,-0.116,-0.104,-0.091,-0.067,-0.029,0.039,0.142,0.306,0.523,0.798,1.121,1.444,1.506,1.413,1.316,0.984,0.599,0.367,0.328,0.328,0.335,0.517,0.944,1.627,2.531,3.565,4.561,5.277,5.899,6.427,6.873,7.223,7.276,7.174,7.132,7.121,7.121,7.168,7.297,6.947,6.542,6.083,5.519,4.789,3.83,2.796,1.823,1.048,0.533,0.279,0.215,0.215,0.251,0.416,0.771,1.187,1.284,1.392,1.398,1.13,0.795,0.508,0.26,0.095,-0.023,-0.1,-0.149,-0.17,-0.184,-0.187,-0.188,-0.188,-0.186,-0.187,-0.19,-0.192,-0.196,-0.205,-0.206,-0.21,-0.213,-0.213,-0.215,-0.216,-0.218,-0.218,-0.216,-0.212,-0.209,-0.204,-0.203,-0.204,-0.205,-0.209,-0.214,-0.215,-0.216,-0.216,-0.215,-0.214,-0.213,-0.212,-0.21,-0.208,-0.203,-0.201,-0.197,-0.197,-0.197,-0.191,-0.19,-0.188,-0.183,-0.178,-0.177,-0.176,-0.173,-0.168,-0.17,-0.17,-0.169,-0.168,-0.166,-0.165,-0.162,-0.159,-0.154,-0.148,-0.141,Chlorothiazide_49,Chlorothiazide,-6.522878745280337,NS(=O)(=O)c1cc2c(cc1Cl)NC=NS2(=O)=O
0.231,0.234,0.235,0.239,0.243,0.246,0.249,0.251,0.253,0.253,0.254,0.257,0.258,0.259,0.259,0.259,0.255,0.252,0.248,0.245,0.239,0.238,0.234,0.233,0.233,0.233,0.231,0.232,0.233,0.232,0.233,0.237,0.242,0.245,0.245,0.247,0.247,0.244,0.241,0.237,0.232,0.224,0.224,0.221,0.219,0.213,0.208,0.205,0.201,0.195,0.188,0.184,0.181,0.179,0.179,0.179,0.186,0.196,0.212,0.238,0.286,0.369,0.499,0.693,0.949,1.283,1.686,1.937,2.045,2.037,1.795,1.486,1.126,0.92,0.85,0.873,0.942,1.227,1.846,2.765,3.895,5.184,6.427,7.44,8.472,9.516,10.471,11.192,11.811,11.982,12.069,12.067,12.074,11.915,11.567,10.789,9.831,8.815,7.806,6.794,5.615,4.229,3.043,2.026,1.287,0.904,0.761,0.761,0.796,0.941,1.297,1.588,1.861,1.944,1.864,1.687,1.278,0.914,0.643,0.432,0.288,0.199,0.143,0.116,0.104,0.097,0.096,0.096,0.098,0.095,0.093,0.09,0.084,0.08,0.073,0.072,0.069,0.067,0.065,0.064,0.064,0.065,0.068,0.071,0.075,0.076,0.078,0.077,0.074,0.071,0.067,0.066,0.064,0.064,0.064,0.064,0.068,0.068,0.074,0.077,0.083,0.087,0.09,0.091,0.093,0.095,0.098,0.102,0.107,0.109,0.112,0.114,0.117,0.121,0.122,0.124,0.124,0.126,0.13,0.131,0.134,0.136,0.14,0.15,0.158,Furosemide_78,Furosemide,-6.2076083105017466,NS(=O)(=O)c1cc(C(=O)O)c(NCc2ccco2)cc1Cl
0.703,0.71,0.715,0.72,0.727,0.727,0.731,0.735,0.738,0.74,0.74,0.745,0.748,0.742,0.742,0.74,0.739,0.739,0.732,0.73,0.722,0.718,0.714,0.713,0.712,0.712,0.712,0.713,0.714,0.716,0.721,0.728,0.73,0.733,0.736,0.738,0.736,0.734,0.728,0.726,0.715,0.71,0.702,0.696,0.692,0.686,0.679,0.671,0.664,0.654,0.647,0.638,0.632,0.628,0.63,0.633,0.641,0.654,0.679,0.716,0.781,0.901,1.088,1.389,1.775,2.291,2.804,2.923,2.884,2.763,2.578,2.038,1.398,0.969,0.858,0.828,0.828,1.196,1.945,3.21,4.963,7.109,9.239,10.478,11.538,12.537,13.449,14.411,15.284,16.084,16.715,16.743,16.331,15.639,14.814,13.91,12.909,11.858,10.802,9.705,7.781,5.536,3.615,2.146,1.201,0.732,0.662,0.662,0.726,1.075,1.642,2.287,2.602,2.674,2.742,2.673,2.254,1.734,1.289,0.987,0.773,0.641,0.563,0.516,0.494,0.49,0.49,0.494,0.492,0.487,0.484,0.479,0.471,0.468,0.458,0.452,0.448,0.444,0.441,0.438,0.44,0.44,0.444,0.45,0.455,0.454,0.453,0.452,0.453,0.446,0.441,0.439,0.438,0.438,0.439,0.442,0.444,0.45,0.453,0.46,0.467,0.473,0.477,0.481,0.484,0.492,0.498,0.502,0.51,0.512,0.516,0.52,0.529,0.533,0.537,0.538,0.54,0.544,0.545,0.548,0.55,0.553,0.567,0.576,0.588,Cefuroxime_44,Cefuroxime,-6.795880017344075,CO/N=C(\C(=O)N[C@@H]1C(=O)N2C(C(=O)O)=C(COC(N)=O)CS[C@@H]12)c1ccco1
1.318,1.321,1.322,1.328,1.33,1.333,1.333,1.333,1.333,1.333,1.333,1.332,1.332,1.336,1.336,1.334,1.331,1.325,1.321,1.316,1.311,1.304,1.3,1.294,1.293,1.291,1.288,1.287,1.287,1.288,1.289,1.287,1.285,1.285,1.289,1.289,1.287,1.282,1.274,1.272,1.266,1.255,1.25,1.246,1.239,1.233,1.222,1.209,1.199,1.189,1.178,1.169,1.155,1.14,1.129,1.125,1.119,1.114,1.114,1.124,1.149,1.208,1.304,1.449,1.655,1.835,1.902,1.966,2.052,1.87,1.601,1.117,0.59,0.337,0.239,0.239,0.342,0.73,1.401,2.288,3.449,4.745,6.06,7.138,8.265,8.6,8.899,9.005,9.194,9.391,9.572,9.69,9.394,9.219,9.125,9.016,8.885,8.575,7.821,6.509,5.206,3.835,2.604,1.568,0.782,0.353,0.155,0.155,0.225,0.402,0.846,1.469,1.709,1.965,1.901,1.845,1.781,1.643,1.416,1.255,1.141,1.078,1.052,1.048,1.049,1.051,1.059,1.069,1.081,1.09,1.101,1.102,1.103,1.108,1.113,1.111,1.112,1.116,1.117,1.122,1.123,1.132,1.134,1.138,1.143,1.149,1.152,1.156,1.155,1.155,1.151,1.15,1.15,1.157,1.159,1.16,1.167,1.17,1.175,1.179,1.183,1.187,1.191,1.197,1.199,1.205,1.211,1.212,1.217,1.223,1.227,1.234,1.241,1.24,1.24,1.24,1.244,1.248,1.25,1.25,1.255,1.259,1.261,1.266,1.268,Amoxicillin_26,Amoxicillin,-6.619788758288394,CC1(C)S[C@@H]2[C@H](NC(=O)[C@H]([NH3+])c3ccc(O)cc3)C(=O)N2[C@@H]1C(=O)[O-]
1.163,1.164,1.167,1.17,1.175,1.178,1.181,1.184,1.186,1.188,1.188,1.191,1.191,1.191,1.191,1.191,1.189,1.186,1.183,1.179,1.176,1.173,1.173,1.172,1.17,1.17,1.169,1.169,1.169,1.171,1.171,1.171,1.175,1.179,1.181,1.181,1.179,1.179,1.179,1.176,1.171,1.166,1.164,1.162,1.158,1.156,1.152,1.149,1.142,1.138,1.133,1.13,1.127,1.126,1.126,1.127,1.13,1.136,1.148,1.161,1.187,1.239,1.331,1.469,1.664,1.809,1.682,1.533,1.355,1.147,0.996,0.711,0.397,0.108,-0.032,-0.056,-0.047,0.064,0.434,1.079,1.976,3.101,4.16,5.217,6.163,6.987,7.745,8.328,8.817,9.109,9.26,9.292,9.205,9.076,8.601,8.027,7.26,6.506,5.614,4.643,3.5,2.301,1.302,0.554,0.081,-0.106,-0.119,-0.119,-0.027,0.209,0.508,0.809,1.05,1.195,1.354,1.566,1.712,1.642,1.428,1.286,1.184,1.123,1.092,1.074,1.067,1.066,1.066,1.067,1.061,1.059,1.059,1.059,1.054,1.05,1.046,1.042,1.042,1.042,1.042,1.043,1.043,1.043,1.043,1.044,1.048,1.049,1.049,1.048,1.046,1.041,1.037,1.036,1.035,1.035,1.035,1.036,1.039,1.041,1.044,1.048,1.052,1.053,1.058,1.062,1.063,1.064,1.069,1.071,1.075,1.08,1.081,1.084,1.087,1.09,1.091,1.092,1.095,1.095,1.097,1.1,1.101,1.103,1.105,1.11,1.117,Pindolol_60,Pindolol,-4.229147988357856,CC(C)NC[C@@H](O)COc1cccc2[nH]ccc12
2.887,2.887,2.887,2.888,2.892,2.902,2.906,2.909,2.914,2.914,2.915,2.92,2.92,2.919,2.919,2.915,2.912,2.91,2.908,2.902,2.897,2.893,2.893,2.89,2.886,2.886,2.886,2.888,2.889,2.891,2.898,2.906,2.909,2.914,2.918,2.923,2.922,2.922,2.919,2.915,2.909,2.907,2.906,2.905,2.901,2.9,2.893,2.888,2.884,2.876,2.868,2.859,2.857,2.857,2.858,2.859,2.869,2.883,2.899,2.919,2.953,3.029,3.165,3.371,3.649,3.988,3.802,3.404,2.856,2.192,1.505,0.541,-0.587,-1.627,-2.432,-2.965,-3.188,-3.218,-3.2,-3.141,-2.866,-2.358,-1.901,-1.497,-1.008,-0.504,0.014,0.516,0.906,1.256,1.516,1.671,1.387,1.071,0.67,0.201,-0.31,-0.853,-1.373,-1.814,-2.228,-2.76,-3.126,-3.246,-3.246,-3.239,-3.137,-2.69,-1.955,-0.957,0.137,1.196,1.979,2.633,3.231,3.683,3.955,3.69,3.381,3.16,3.012,2.92,2.866,2.849,2.845,2.841,2.841,2.841,2.84,2.833,2.826,2.816,2.806,2.794,2.789,2.789,2.795,2.799,2.801,2.802,2.802,2.799,2.798,2.796,2.796,2.801,2.801,2.799,2.794,2.787,2.776,2.773,2.773,2.773,2.774,2.773,2.774,2.775,2.775,2.775,2.779,2.787,2.789,2.793,2.798,2.801,2.807,2.812,2.816,2.821,2.824,2.826,2.831,2.835,2.839,2.841,2.841,2.845,2.85,2.853,2.857,2.858,2.858,2.86,2.866,Corticosterone_58,Corticosterone,-3.853871964321762,C[C@]12C[C@@H](O)[C@@H]3[C@H](CCC4=CC(=O)CC[C@]43C)[C@H]1CC[C@@H]2C(=O)CO
1.127,1.128,1.128,1.129,1.132,1.134,1.137,1.138,1.14,1.141,1.141,1.143,1.143,1.142,1.141,1.14,1.139,1.137,1.135,1.134,1.13,1.129,1.127,1.127,1.127,1.125,1.125,1.126,1.127,1.13,1.132,1.135,1.138,1.14,1.141,1.142,1.142,1.143,1.141,1.139,1.135,1.134,1.134,1.133,1.133,1.131,1.128,1.125,1.122,1.118,1.114,1.111,1.109,1.109,1.109,1.111,1.114,1.121,1.126,1.136,1.157,1.19,1.25,1.345,1.463,1.575,1.524,1.412,1.247,1.054,0.805,0.402,-0.189,-0.681,-1.052,-1.282,-1.38,-1.404,-1.401,-1.376,-1.285,-1.093,-0.842,-0.561,-0.273,0.016,0.336,0.676,0.988,1.282,1.498,1.599,1.397,1.099,0.767,0.424,0.101,-0.199,-0.501,-0.785,-1.026,-1.26,-1.372,-1.432,-1.432,-1.428,-1.357,-1.175,-0.844,-0.383,0.188,0.676,0.953,1.174,1.339,1.47,1.546,1.486,1.344,1.238,1.174,1.136,1.111,1.1,1.096,1.095,1.095,1.093,1.09,1.089,1.087,1.084,1.079,1.072,1.071,1.071,1.072,1.073,1.073,1.073,1.073,1.073,1.074,1.074,1.075,1.077,1.075,1.075,1.073,1.07,1.066,1.064,1.064,1.063,1.063,1.063,1.064,1.064,1.064,1.064,1.066,1.069,1.071,1.073,1.075,1.078,1.08,1.083,1.084,1.085,1.087,1.09,1.091,1.094,1.096,1.096,1.097,1.098,1.099,1.102,1.102,1.103,1.104,1.105,1.107,Ketoprofen_94,Ketoprofen,-4.698970004336019,C[C@@H](C(=O)O)c1cccc(C(=O)c2ccccc2)c1
2.217,2.219,2.221,2.223,2.226,2.231,2.234,2.239,2.24,2.242,2.244,2.246,2.247,2.247,2.247,2.244,2.243,2.24,2.237,2.234,2.229,2.226,2.224,2.224,2.224,2.224,2.223,2.223,2.225,2.23,2.234,2.238,2.242,2.245,2.248,2.249,2.249,2.249,2.247,2.245,2.24,2.234,2.233,2.227,2.226,2.222,2.218,2.214,2.208,2.203,2.195,2.19,2.186,2.186,2.186,2.19,2.194,2.204,2.217,2.236,2.269,2.336,2.451,2.613,2.771,2.761,2.609,2.354,1.914,1.4,0.911,0.419,-0.092,-0.818,-1.307,-1.556,-1.63,-1.63,-1.585,-1.393,-0.953,-0.416,0.266,1.046,1.704,2.058,2.425,2.761,3.11,3.465,3.753,3.847,3.557,3.234,2.868,2.505,2.17,1.843,1.304,0.495,-0.235,-0.831,-1.272,-1.618,-1.685,-1.707,-1.66,-1.497,-1.053,-0.404,0.179,0.683,1.137,1.685,2.17,2.497,2.661,2.736,2.597,2.415,2.287,2.207,2.165,2.142,2.136,2.134,2.135,2.132,2.132,2.131,2.128,2.12,2.113,2.106,2.102,2.102,2.101,2.1,2.1,2.1,2.099,2.099,2.101,2.102,2.103,2.104,2.104,2.099,2.096,2.092,2.085,2.082,2.082,2.083,2.083,2.085,2.086,2.088,2.089,2.092,2.094,2.098,2.102,2.106,2.109,2.113,2.115,2.122,2.129,2.133,2.136,2.14,2.144,2.148,2.151,2.154,2.155,2.157,2.159,2.161,2.163,2.166,2.167,2.169,2.174,Acrivastine_6,Acrivastine,-5.657577319177793,Cc1ccc(/C(=C\CN2CCCC2)c2cccc(/C=C\C(=O)O)n2)cc1
0.655,0.655,0.655,0.654,0.653,0.652,0.652,0.653,0.653,0.653,0.656,0.655,0.655,0.657,0.654,0.653,0.648,0.644,0.642,0.637,0.629,0.624,0.62,0.618,0.616,0.614,0.61,0.603,0.599,0.599,0.6,0.6,0.598,0.598,0.599,0.603,0.603,0.599,0.595,0.592,0.587,0.583,0.573,0.57,0.565,0.562,0.555,0.551,0.542,0.537,0.531,0.525,0.524,0.524,0.526,0.53,0.537,0.55,0.565,0.582,0.622,0.689,0.795,0.971,1.226,1.57,1.971,2.269,2.198,2.139,2.052,1.997,1.98,1.98,2.079,2.275,2.632,3.058,3.589,3.997,4.477,5.102,5.641,6.214,6.652,7.011,7.238,7.115,6.943,6.85,6.817,6.817,6.817,6.92,7.122,7.314,7.198,6.867,6.385,5.848,5.323,4.722,4.14,3.667,3.226,2.672,2.302,2.055,1.928,1.925,1.906,1.964,2.03,2.097,2.152,2.02,1.609,1.217,0.95,0.764,0.64,0.561,0.516,0.485,0.475,0.474,0.473,0.472,0.472,0.475,0.472,0.462,0.461,0.459,0.459,0.459,0.468,0.469,0.47,0.472,0.48,0.484,0.486,0.491,0.495,0.499,0.501,0.505,0.504,0.504,0.506,0.507,0.512,0.514,0.519,0.523,0.524,0.532,0.539,0.541,0.545,0.55,0.558,0.563,0.567,0.571,0.578,0.583,0.588,0.592,0.596,0.596,0.596,0.596,0.598,0.6,0.6,0.602,0.602,0.605,0.607,0.609,0.61,0.61,0.613,Olsalazine_40,Olsalazine,-7.318758762624412,O=C([O-])C1=C/C(=N/Nc2ccc([O-])c(C(=O)[O-])c2)C=CC1=O
2.782,2.784,2.784,2.785,2.788,2.797,2.803,2.806,2.811,2.812,2.813,2.818,2.818,2.817,2.815,2.812,2.807,2.803,2.8,2.797,2.792,2.785,2.783,2.78,2.776,2.776,2.775,2.776,2.776,2.777,2.783,2.793,2.796,2.802,2.806,2.809,2.811,2.809,2.807,2.801,2.797,2.795,2.794,2.794,2.791,2.786,2.784,2.778,2.77,2.762,2.755,2.748,2.744,2.744,2.744,2.747,2.756,2.77,2.787,2.811,2.856,2.94,3.085,3.305,3.602,3.96,3.826,3.458,2.944,2.32,1.514,0.477,-0.674,-1.63,-2.379,-2.833,-2.97,-2.97,-2.969,-2.779,-2.376,-1.805,-1.236,-0.656,0.012,0.76,1.527,2.225,2.846,3.397,4.109,4.322,3.641,3.131,2.507,1.793,1.027,0.28,-0.454,-1.051,-1.659,-2.232,-2.686,-2.984,-3.011,-3.011,-2.957,-2.584,-1.936,-1.031,0.079,1.162,2.076,2.735,3.303,3.727,3.949,3.653,3.334,3.094,2.937,2.838,2.778,2.752,2.744,2.741,2.739,2.738,2.737,2.733,2.723,2.715,2.703,2.695,2.69,2.69,2.691,2.696,2.698,2.7,2.701,2.7,2.698,2.697,2.697,2.7,2.7,2.698,2.692,2.683,2.676,2.673,2.673,2.672,2.671,2.672,2.672,2.673,2.673,2.673,2.68,2.687,2.687,2.69,2.695,2.697,2.702,2.707,2.711,2.715,2.718,2.72,2.725,2.731,2.735,2.735,2.737,2.741,2.745,2.749,2.753,2.754,2.754,2.758,2.764,Hydrocortisone_92,Hydrocortisone,-4.508638306165727,C[C@@]12CCC(=O)C=C1CC[C@H]1[C@H]2[C@@H](O)C[C@]2(C)[C@@H]1CC[C@]2(O)C(=O)CO
1.7,1.7,1.701,1.704,1.708,1.71,1.713,1.716,1.718,1.721,1.721,1.723,1.723,1.721,1.721,1.72,1.718,1.716,1.713,1.712,1.707,1.706,1.703,1.702,1.702,1.702,1.701,1.701,1.702,1.705,1.709,1.714,1.718,1.72,1.721,1.72,1.722,1.721,1.721,1.72,1.716,1.713,1.709,1.709,1.705,1.701,1.698,1.693,1.691,1.687,1.681,1.675,1.673,1.673,1.673,1.674,1.68,1.689,1.701,1.715,1.74,1.791,1.882,2.026,2.126,1.981,1.767,1.614,1.445,1.272,1.003,0.626,-0.184,-0.87,-1.325,-1.613,-1.721,-1.703,-1.666,-1.535,-1.182,-0.949,-0.753,-0.436,0.007,0.571,1.196,1.841,2.452,2.998,3.293,3.309,3.215,2.724,2.079,1.405,0.743,0.146,-0.355,-0.713,-0.927,-1.133,-1.497,-1.696,-1.769,-1.794,-1.7,-1.535,-1.059,-0.432,0.311,0.874,1.133,1.324,1.503,1.701,1.88,2.004,2.012,1.862,1.762,1.699,1.668,1.65,1.644,1.643,1.643,1.641,1.638,1.635,1.633,1.629,1.625,1.616,1.614,1.613,1.614,1.615,1.615,1.614,1.614,1.615,1.615,1.615,1.617,1.616,1.615,1.611,1.611,1.609,1.603,1.601,1.6,1.6,1.6,1.6,1.6,1.601,1.602,1.605,1.606,1.611,1.615,1.617,1.619,1.623,1.628,1.632,1.636,1.638,1.641,1.643,1.645,1.648,1.651,1.652,1.653,1.655,1.658,1.658,1.662,1.662,1.665,1.667,1.672,Metoprolol_22,Metoprolol,-3.823908740944319,COCCc1ccc(OC[C@H](O)CNC(C)C)cc1
1.843,1.844,1.845,1.847,1.851,1.852,1.852,1.856,1.857,1.857,1.857,1.857,1.858,1.857,1.858,1.856,1.854,1.851,1.849,1.844,1.84,1.837,1.834,1.833,1.831,1.83,1.827,1.827,1.827,1.828,1.831,1.834,1.835,1.835,1.836,1.835,1.833,1.834,1.832,1.826,1.824,1.819,1.811,1.808,1.804,1.797,1.794,1.788,1.778,1.771,1.761,1.756,1.748,1.738,1.729,1.723,1.715,1.716,1.719,1.72,1.721,1.739,1.783,1.871,1.873,1.808,1.733,1.657,1.322,0.947,0.512,-0.019,-0.706,-1.257,-1.669,-1.914,-1.977,-1.974,-1.966,-1.878,-1.595,-1.152,-0.556,0.062,0.715,1.247,1.59,1.781,1.957,2.036,2.152,2.209,2.15,2.025,1.854,1.671,1.417,0.9,0.263,-0.383,-0.979,-1.493,-1.83,-1.992,-2.0,-1.993,-1.97,-1.836,-1.476,-0.917,-0.308,0.355,0.798,1.157,1.525,1.703,1.76,1.826,1.857,1.767,1.714,1.693,1.69,1.69,1.688,1.691,1.693,1.704,1.708,1.717,1.716,1.72,1.725,1.724,1.729,1.732,1.733,1.736,1.736,1.737,1.74,1.746,1.75,1.754,1.756,1.759,1.757,1.754,1.755,1.754,1.755,1.755,1.756,1.756,1.757,1.757,1.758,1.759,1.761,1.765,1.767,1.77,1.774,1.778,1.781,1.785,1.789,1.791,1.793,1.797,1.798,1.802,1.804,1.805,1.807,1.81,1.812,1.816,1.817,1.818,1.821,1.821,1.825,1.828,1.829,Alprenolol_13,Alprenolol,-3.795880017344075,C=CCc1ccccc1OC[C@H](O)C[NH2+]C(C)C
1.086,1.088,1.09,1.091,1.094,1.095,1.098,1.101,1.103,1.105,1.107,1.109,1.109,1.107,1.105,1.105,1.105,1.102,1.1,1.097,1.094,1.091,1.089,1.088,1.088,1.087,1.087,1.086,1.086,1.088,1.091,1.094,1.097,1.101,1.1,1.1,1.102,1.103,1.102,1.098,1.094,1.091,1.088,1.087,1.086,1.079,1.076,1.073,1.069,1.064,1.058,1.054,1.051,1.051,1.052,1.052,1.057,1.067,1.077,1.094,1.116,1.169,1.264,1.408,1.6,1.56,1.39,1.18,1.012,0.814,0.652,0.442,0.055,-0.375,-0.653,-0.722,-0.722,-0.64,-0.437,0.046,0.791,1.788,2.615,3.2,3.696,4.218,4.808,5.339,5.807,6.145,6.34,6.394,6.243,6.069,5.606,4.963,4.397,3.884,3.404,2.867,2.051,1.107,0.288,-0.368,-0.646,-0.76,-0.758,-0.734,-0.536,-0.149,0.327,0.544,0.707,0.916,1.088,1.283,1.487,1.603,1.382,1.243,1.139,1.075,1.043,1.024,1.018,1.017,1.017,1.018,1.011,1.01,1.01,1.007,1.003,0.997,0.993,0.991,0.99,0.99,0.99,0.992,0.992,0.992,0.992,0.993,0.994,0.995,0.994,0.994,0.993,0.991,0.986,0.983,0.983,0.983,0.983,0.984,0.984,0.985,0.987,0.99,0.992,0.997,0.999,1.001,1.004,1.006,1.008,1.014,1.017,1.017,1.019,1.022,1.023,1.027,1.029,1.029,1.03,1.032,1.035,1.037,1.04,1.041,1.044,1.045,1.052,Sotalol_89,Sotalol,-5.327902142064283,CC(C)NC[C@H](O)c1ccc(NS(C)(=O)=O)cc1
0.672,0.674,0.675,0.68,0.681,0.687,0.689,0.69,0.694,0.695,0.697,0.698,0.694,0.692,0.689,0.689,0.69,0.691,0.682,0.68,0.676,0.674,0.67,0.667,0.664,0.663,0.663,0.663,0.665,0.668,0.672,0.678,0.68,0.681,0.684,0.683,0.679,0.674,0.672,0.672,0.672,0.669,0.665,0.658,0.652,0.65,0.648,0.643,0.641,0.635,0.63,0.623,0.62,0.619,0.618,0.62,0.625,0.64,0.658,0.681,0.731,0.821,0.968,1.183,1.457,1.791,1.747,1.762,1.755,1.706,1.686,1.317,0.746,0.276,0.026,0.011,0.038,0.147,0.51,1.26,2.331,3.675,5.095,5.238,5.408,5.671,6.075,6.558,7.085,7.718,8.442,8.717,7.997,7.309,6.723,6.186,5.723,5.379,5.213,5.152,4.11,2.682,1.505,0.637,0.13,-0.022,-0.092,-0.077,0.076,0.497,1.068,1.521,1.575,1.601,1.671,1.65,1.686,1.467,1.147,0.924,0.768,0.665,0.608,0.578,0.568,0.566,0.562,0.558,0.554,0.552,0.551,0.548,0.542,0.536,0.527,0.526,0.524,0.523,0.523,0.524,0.524,0.526,0.526,0.526,0.525,0.525,0.528,0.529,0.529,0.525,0.521,0.517,0.517,0.517,0.517,0.516,0.516,0.521,0.523,0.525,0.526,0.531,0.534,0.54,0.54,0.54,0.542,0.547,0.554,0.555,0.563,0.562,0.565,0.572,0.573,0.575,0.577,0.577,0.581,0.584,0.587,0.59,0.596,0.604,0.614,Sulfasalazine_92,Sulfasalazine,-6.318758762624412,O=C(O)c1cc(/N=N/c2ccc(S(=O)(=O)Nc3ccccn3)cc2)ccc1O
1.78,1.781,1.782,1.784,1.787,1.787,1.788,1.793,1.793,1.794,1.794,1.794,1.795,1.795,1.795,1.792,1.791,1.79,1.786,1.78,1.777,1.772,1.77,1.768,1.766,1.766,1.763,1.763,1.764,1.764,1.766,1.77,1.772,1.772,1.774,1.773,1.772,1.772,1.769,1.762,1.76,1.755,1.749,1.744,1.738,1.73,1.727,1.721,1.713,1.706,1.695,1.691,1.68,1.668,1.662,1.654,1.648,1.648,1.651,1.66,1.667,1.692,1.745,1.828,1.834,1.78,1.726,1.672,1.453,1.045,0.608,0.03,-0.614,-1.211,-1.638,-1.806,-1.887,-1.829,-1.801,-1.608,-1.227,-0.693,-0.133,0.45,1.036,1.77,2.101,2.267,2.429,2.507,2.627,2.688,2.622,2.492,2.332,2.17,1.921,1.439,0.61,-0.021,-0.51,-1.107,-1.541,-1.784,-1.882,-1.917,-1.87,-1.755,-1.411,-0.85,-0.221,0.442,0.89,1.272,1.61,1.689,1.718,1.776,1.828,1.718,1.664,1.633,1.616,1.614,1.61,1.616,1.62,1.623,1.632,1.64,1.638,1.638,1.644,1.649,1.654,1.656,1.656,1.658,1.657,1.659,1.66,1.668,1.673,1.676,1.679,1.681,1.679,1.676,1.674,1.677,1.677,1.677,1.676,1.678,1.68,1.68,1.68,1.681,1.684,1.687,1.689,1.692,1.697,1.702,1.706,1.708,1.712,1.715,1.718,1.72,1.723,1.727,1.73,1.731,1.734,1.736,1.737,1.742,1.743,1.745,1.749,1.75,1.754,1.755,1.76,Oxyprenolol_47,Oxyprenolol,-3.886056647693163,C=CCOc1ccccc1OC[C@@H](O)C[NH2+]C(C)C
0.35,0.351,0.352,0.353,0.355,0.357,0.362,0.362,0.364,0.365,0.366,0.368,0.368,0.369,0.368,0.365,0.361,0.358,0.355,0.348,0.344,0.34,0.334,0.333,0.33,0.326,0.323,0.321,0.315,0.316,0.321,0.323,0.329,0.332,0.334,0.334,0.336,0.335,0.334,0.326,0.325,0.325,0.326,0.326,0.324,0.324,0.319,0.316,0.31,0.306,0.302,0.299,0.296,0.295,0.295,0.295,0.301,0.313,0.327,0.349,0.391,0.462,0.582,0.751,0.989,1.288,1.632,1.778,1.768,1.531,1.191,0.783,0.318,-0.02,-0.185,-0.227,-0.227,-0.145,0.15,0.771,1.512,2.526,3.63,4.863,6.104,7.383,8.024,8.62,9.155,9.657,10.263,10.349,9.922,9.383,8.815,8.242,7.692,6.531,5.275,4.004,2.811,1.793,0.912,0.275,-0.096,-0.247,-0.247,-0.235,-0.126,0.204,0.628,1.034,1.391,1.69,1.773,1.697,1.345,1.03,0.774,0.595,0.469,0.392,0.349,0.325,0.32,0.315,0.311,0.306,0.302,0.3,0.298,0.29,0.281,0.277,0.277,0.279,0.279,0.278,0.278,0.282,0.282,0.282,0.283,0.284,0.285,0.289,0.289,0.287,0.284,0.281,0.277,0.274,0.273,0.272,0.271,0.271,0.272,0.273,0.273,0.276,0.279,0.28,0.281,0.281,0.282,0.284,0.286,0.288,0.286,0.288,0.287,0.289,0.29,0.292,0.292,0.291,0.296,0.3,0.303,0.305,0.308,0.311,0.316,0.32,0.325,Olsalazine_37,Olsalazine,-7.318758762624412,O=C(O)c1cc(/N=N\c2ccc(O)c(C(=O)O)c2)ccc1O
0.214,0.212,0.208,0.208,0.206,0.205,0.201,0.199,0.198,0.198,0.2,0.2,0.198,0.198,0.198,0.198,0.192,0.189,0.184,0.179,0.169,0.165,0.163,0.159,0.157,0.151,0.151,0.145,0.139,0.139,0.139,0.131,0.126,0.125,0.125,0.125,0.125,0.124,0.119,0.111,0.11,0.105,0.1,0.097,0.091,0.084,0.079,0.075,0.065,0.06,0.056,0.049,0.049,0.05,0.052,0.055,0.065,0.071,0.093,0.109,0.138,0.203,0.303,0.459,0.702,1.024,1.457,1.952,2.534,2.865,3.087,3.294,3.316,3.454,3.578,3.853,4.16,4.597,5.186,5.364,5.581,5.912,6.363,6.824,7.198,7.392,7.116,6.852,6.671,6.584,6.571,6.571,6.623,6.727,6.911,7.116,7.38,7.28,6.921,6.515,6.122,5.756,5.444,5.225,4.846,4.298,3.837,3.58,3.395,3.317,3.255,3.246,2.945,2.589,2.055,1.525,1.065,0.7,0.443,0.276,0.16,0.085,0.049,0.017,0.009,0.007,0.006,0.006,0.003,0.003,0.007,0.008,0.008,-0.001,-0.001,0.007,0.015,0.015,0.018,0.022,0.029,0.033,0.037,0.04,0.047,0.053,0.057,0.062,0.068,0.071,0.072,0.075,0.079,0.082,0.089,0.092,0.096,0.102,0.107,0.112,0.113,0.117,0.127,0.134,0.14,0.14,0.147,0.15,0.156,0.164,0.164,0.164,0.164,0.164,0.168,0.169,0.164,0.164,0.165,0.168,0.17,0.17,0.172,0.175,0.176,Olsalazine_42,Olsalazine,-7.318758762624412,O=C([O-])c1cc(/N=N/c2ccc([O-])c(C(=O)[O-])c2)ccc1[O-]
1.975,1.975,1.977,1.979,1.984,1.986,1.987,1.989,1.993,1.993,1.994,1.994,1.996,1.996,1.993,1.992,1.987,1.985,1.981,1.977,1.97,1.966,1.963,1.958,1.957,1.955,1.95,1.948,1.948,1.948,1.95,1.95,1.953,1.953,1.952,1.948,1.948,1.949,1.949,1.946,1.938,1.935,1.927,1.926,1.917,1.911,1.909,1.899,1.89,1.882,1.876,1.872,1.864,1.853,1.848,1.842,1.842,1.841,1.841,1.855,1.874,1.91,1.98,2.099,1.836,1.727,1.623,1.524,1.429,1.312,1.091,0.408,-0.41,-1.043,-1.47,-1.656,-1.702,-1.642,-1.535,-1.023,-0.114,0.877,1.571,2.243,2.9,3.578,4.226,4.859,5.42,5.936,6.439,6.758,6.184,5.664,5.088,4.537,3.872,3.182,2.479,1.81,1.162,0.122,-0.788,-1.423,-1.672,-1.701,-1.706,-1.585,-1.206,-0.643,0.141,0.975,1.267,1.381,1.481,1.575,1.682,1.786,1.913,1.993,1.917,1.865,1.846,1.838,1.837,1.833,1.837,1.837,1.838,1.837,1.847,1.848,1.851,1.856,1.858,1.861,1.863,1.867,1.869,1.869,1.87,1.874,1.879,1.885,1.888,1.888,1.884,1.883,1.882,1.883,1.883,1.883,1.882,1.881,1.881,1.882,1.882,1.884,1.887,1.893,1.895,1.899,1.9,1.903,1.91,1.911,1.916,1.918,1.92,1.923,1.924,1.927,1.929,1.929,1.932,1.936,1.941,1.943,1.947,1.948,1.951,1.953,1.958,1.959,1.966,Nadolol_31,Nadolol,-5.853871964321762,CC(C)(C)[NH2+]C[C@H](O)COc1cccc2c1C[C@@H](O)[C@H](O)C2
1.166,1.168,1.17,1.172,1.175,1.177,1.178,1.179,1.179,1.179,1.179,1.179,1.18,1.179,1.176,1.175,1.175,1.173,1.17,1.167,1.163,1.16,1.155,1.154,1.151,1.15,1.149,1.148,1.148,1.149,1.15,1.151,1.151,1.151,1.151,1.15,1.15,1.151,1.147,1.144,1.139,1.132,1.126,1.123,1.118,1.111,1.101,1.094,1.088,1.079,1.074,1.066,1.055,1.044,1.036,1.026,1.023,1.019,1.022,1.031,1.038,1.072,1.115,1.21,1.135,1.049,0.948,0.845,0.741,0.514,0.435,0.233,-0.272,-0.605,-0.817,-0.861,-0.853,-0.731,-0.422,0.25,1.018,2.032,2.793,3.376,3.924,4.468,4.963,5.31,5.475,5.558,5.7,5.775,5.675,5.515,5.358,5.134,4.642,4.138,3.6,2.936,2.238,1.314,0.394,-0.298,-0.714,-0.847,-0.893,-0.877,-0.723,-0.433,0.071,0.343,0.437,0.683,0.779,0.878,0.984,1.075,1.152,1.096,1.039,1.005,0.991,0.987,0.986,0.985,0.992,1.0,1.007,1.008,1.015,1.018,1.023,1.025,1.025,1.028,1.031,1.033,1.033,1.038,1.042,1.045,1.053,1.055,1.056,1.059,1.058,1.059,1.058,1.059,1.06,1.061,1.06,1.06,1.062,1.064,1.064,1.068,1.07,1.072,1.075,1.078,1.08,1.084,1.085,1.091,1.094,1.098,1.1,1.1,1.101,1.107,1.109,1.11,1.111,1.112,1.115,1.117,1.122,1.123,1.126,1.13,1.132,1.133,1.137,Sotalol_90,Sotalol,-5.327902142064283,CC(C)[NH2+]C[C@H](O)c1ccc(NS(C)(=O)=O)cc1
0.986,0.989,0.989,0.993,0.995,0.997,1.002,1.004,1.005,1.007,1.008,1.008,1.009,1.012,1.014,1.011,1.006,1.003,0.999,0.995,0.99,0.986,0.984,0.983,0.982,0.981,0.98,0.98,0.981,0.979,0.979,0.98,0.986,0.986,0.989,0.995,0.996,0.994,0.985,0.981,0.977,0.97,0.963,0.959,0.956,0.95,0.943,0.937,0.93,0.924,0.916,0.913,0.911,0.91,0.91,0.914,0.919,0.928,0.942,0.966,1.004,1.08,1.194,1.378,1.615,1.909,2.092,2.239,2.334,2.052,2.021,1.436,1.137,0.742,0.854,0.696,0.69,0.978,1.393,2.244,3.505,4.695,5.909,7.059,8.118,8.981,9.617,10.022,10.207,10.187,10.145,10.135,10.135,10.155,10.119,9.915,9.343,8.576,7.531,6.313,5.038,3.801,2.428,1.517,0.894,0.639,0.639,0.643,0.717,0.926,1.269,1.586,1.906,2.104,2.171,2.008,1.896,1.593,1.324,1.125,0.995,0.915,0.862,0.838,0.822,0.82,0.82,0.821,0.823,0.828,0.822,0.817,0.811,0.806,0.804,0.798,0.796,0.796,0.8,0.8,0.8,0.801,0.802,0.804,0.811,0.815,0.82,0.819,0.815,0.809,0.805,0.805,0.805,0.807,0.81,0.812,0.818,0.821,0.824,0.828,0.834,0.836,0.84,0.847,0.852,0.856,0.861,0.867,0.869,0.876,0.881,0.886,0.892,0.892,0.893,0.892,0.892,0.896,0.896,0.898,0.9,0.902,0.906,0.914,0.919,Loracarbef_5,Loracarbef,-6.040958607678906,N[C@H](C(=O)N[C@H]1C(=O)N2C(C(=O)[O-])=C(Cl)CC[C@@H]12)c1ccccc1
1.256,1.255,1.258,1.261,1.264,1.267,1.268,1.272,1.276,1.277,1.277,1.279,1.279,1.278,1.277,1.277,1.275,1.272,1.269,1.267,1.264,1.261,1.26,1.259,1.257,1.257,1.256,1.256,1.256,1.259,1.262,1.266,1.269,1.27,1.271,1.272,1.271,1.271,1.272,1.269,1.264,1.263,1.259,1.257,1.254,1.251,1.249,1.244,1.239,1.234,1.229,1.223,1.221,1.221,1.221,1.222,1.227,1.236,1.248,1.263,1.287,1.334,1.421,1.568,1.761,1.745,1.574,1.387,1.133,0.912,0.715,0.376,-0.073,-0.581,-0.878,-0.994,-0.994,-0.964,-0.852,-0.349,0.325,1.257,2.239,2.671,3.153,3.756,4.354,4.898,5.242,5.84,6.14,6.178,5.939,5.358,5.016,4.298,3.688,3.299,2.746,2.331,1.467,0.553,-0.21,-0.731,-1.01,-1.047,-1.042,-0.977,-0.76,-0.256,0.21,0.584,0.841,1.014,1.269,1.463,1.664,1.776,1.55,1.398,1.304,1.245,1.21,1.192,1.185,1.185,1.184,1.186,1.181,1.179,1.175,1.171,1.17,1.161,1.159,1.156,1.158,1.158,1.158,1.158,1.159,1.159,1.159,1.16,1.161,1.16,1.159,1.159,1.158,1.157,1.15,1.149,1.148,1.148,1.149,1.149,1.149,1.151,1.153,1.156,1.158,1.16,1.163,1.168,1.17,1.172,1.177,1.18,1.184,1.187,1.189,1.191,1.193,1.195,1.198,1.199,1.2,1.201,1.204,1.206,1.208,1.21,1.212,1.214,1.222,Atenolol_28,Atenolol,-5.7447274948966935,CC(C)NC[C@H](O)COc1ccc(CC(N)=O)cc1
1.238,1.24,1.241,1.246,1.249,1.252,1.256,1.258,1.259,1.261,1.263,1.263,1.263,1.266,1.266,1.262,1.261,1.255,1.251,1.245,1.241,1.237,1.234,1.229,1.229,1.227,1.227,1.226,1.226,1.225,1.225,1.225,1.228,1.233,1.236,1.242,1.242,1.24,1.232,1.229,1.221,1.215,1.206,1.205,1.205,1.198,1.195,1.187,1.179,1.172,1.163,1.161,1.158,1.158,1.158,1.162,1.168,1.175,1.193,1.216,1.25,1.328,1.468,1.662,1.922,2.265,2.502,2.704,2.772,2.659,2.256,1.641,1.114,0.744,0.547,0.547,0.645,0.958,1.489,2.394,3.385,4.428,5.673,6.787,7.76,8.312,9.012,9.538,9.989,10.199,10.616,10.727,10.26,10.018,9.675,9.306,8.723,8.147,7.265,6.127,4.839,3.691,2.664,1.662,1.01,0.616,0.453,0.453,0.553,0.907,1.389,1.991,2.446,2.667,2.687,2.492,2.265,1.923,1.628,1.422,1.274,1.189,1.132,1.111,1.099,1.096,1.094,1.093,1.094,1.098,1.095,1.089,1.083,1.078,1.071,1.067,1.067,1.067,1.07,1.076,1.076,1.075,1.075,1.077,1.079,1.084,1.089,1.09,1.089,1.081,1.077,1.077,1.077,1.078,1.078,1.08,1.087,1.09,1.095,1.097,1.101,1.103,1.106,1.114,1.117,1.124,1.128,1.133,1.137,1.141,1.143,1.151,1.155,1.154,1.156,1.157,1.159,1.161,1.164,1.166,1.169,1.171,1.173,1.178,1.183,Amoxicillin_25,Amoxicillin,-6.619788758288394,CC1(C)S[C@H]2[C@@H](NC(=O)[C@H](N)c3ccc(O)cc3)C(=O)N2[C@H]1C(=O)[O-]
1.269,1.27,1.271,1.272,1.275,1.277,1.279,1.278,1.278,1.277,1.276,1.276,1.277,1.277,1.278,1.277,1.277,1.274,1.272,1.271,1.268,1.263,1.264,1.263,1.262,1.262,1.26,1.26,1.26,1.263,1.264,1.264,1.265,1.265,1.265,1.264,1.261,1.259,1.257,1.255,1.246,1.245,1.244,1.235,1.234,1.231,1.227,1.221,1.211,1.204,1.199,1.193,1.189,1.183,1.175,1.168,1.158,1.155,1.155,1.156,1.16,1.169,1.193,1.238,1.318,1.413,1.324,1.105,0.819,0.468,0.094,-0.266,-0.649,-0.943,-1.095,-1.162,-1.181,-1.185,-1.105,-0.897,-0.663,-0.303,0.1,0.507,0.81,0.876,0.796,0.712,0.642,0.612,0.608,0.607,0.609,0.648,0.709,0.795,0.879,0.929,0.613,0.23,-0.199,-0.577,-0.846,-1.07,-1.202,-1.199,-1.193,-1.143,-1.033,-0.78,-0.407,-0.034,0.325,0.659,1.011,1.265,1.392,1.309,1.224,1.17,1.146,1.128,1.122,1.121,1.122,1.123,1.13,1.137,1.148,1.154,1.162,1.171,1.17,1.17,1.172,1.171,1.172,1.174,1.175,1.178,1.184,1.187,1.188,1.19,1.192,1.194,1.196,1.198,1.198,1.198,1.199,1.198,1.198,1.198,1.2,1.201,1.201,1.203,1.204,1.205,1.207,1.209,1.213,1.213,1.216,1.221,1.224,1.228,1.23,1.232,1.234,1.235,1.236,1.239,1.241,1.243,1.245,1.246,1.247,1.248,1.25,1.253,1.255,1.255,1.257,Bretylium_Tosylate_32,Bretylium_Tosylate,-5.853871964321762,CC[N+](C)(C)Cc1ccccc1Br
0.171,0.169,0.166,0.164,0.164,0.162,0.161,0.161,0.16,0.16,0.164,0.167,0.166,0.165,0.163,0.161,0.161,0.158,0.154,0.151,0.147,0.147,0.145,0.141,0.14,0.14,0.139,0.138,0.138,0.135,0.128,0.124,0.123,0.123,0.123,0.123,0.123,0.122,0.123,0.123,0.122,0.118,0.114,0.112,0.107,0.104,0.103,0.101,0.099,0.096,0.093,0.091,0.091,0.091,0.093,0.095,0.097,0.1,0.108,0.115,0.126,0.149,0.189,0.246,0.329,0.444,0.595,0.752,0.891,1.014,1.124,1.219,1.307,1.409,1.516,1.646,1.817,2.047,2.356,2.716,3.062,3.331,3.3,3.215,3.165,3.086,2.974,2.885,2.838,2.811,2.807,2.807,2.808,2.872,2.949,3.004,3.089,3.184,3.284,3.364,3.384,3.107,2.786,2.458,2.15,1.891,1.674,1.514,1.402,1.313,1.223,1.129,1.03,0.918,0.776,0.616,0.46,0.335,0.243,0.178,0.136,0.11,0.091,0.079,0.079,0.079,0.077,0.076,0.076,0.076,0.076,0.077,0.077,0.075,0.075,0.075,0.083,0.091,0.094,0.093,0.093,0.093,0.094,0.097,0.1,0.102,0.104,0.105,0.106,0.108,0.109,0.113,0.115,0.118,0.123,0.128,0.129,0.129,0.13,0.131,0.133,0.135,0.138,0.142,0.149,0.149,0.149,0.152,0.154,0.156,0.156,0.158,0.159,0.159,0.158,0.155,0.155,0.155,0.156,0.157,0.158,0.159,0.159,0.159,0.16,Salicylic_Acid_83,Salicylic_Acid,-5.0,O=C([O-])c1ccccc1[O-]
0.638,0.638,0.636,0.635,0.638,0.64,0.645,0.647,0.648,0.648,0.651,0.652,0.652,0.651,0.648,0.646,0.641,0.638,0.636,0.632,0.625,0.62,0.62,0.617,0.616,0.616,0.609,0.605,0.605,0.605,0.607,0.608,0.612,0.614,0.619,0.619,0.619,0.617,0.612,0.608,0.603,0.596,0.591,0.584,0.581,0.575,0.57,0.565,0.559,0.552,0.545,0.54,0.537,0.537,0.539,0.542,0.549,0.561,0.578,0.608,0.655,0.735,0.878,1.081,1.359,1.737,1.918,1.888,1.845,1.826,1.807,1.593,1.417,1.361,1.361,1.283,1.514,1.804,2.377,3.202,3.533,3.822,4.265,4.697,5.154,5.599,6.173,6.702,7.19,7.439,7.398,7.399,7.431,7.301,6.864,6.302,5.774,5.306,4.815,4.361,3.965,3.632,3.403,2.537,1.874,1.475,1.294,1.239,1.069,1.212,1.436,1.544,1.712,1.724,1.775,1.845,1.687,1.351,1.045,0.815,0.665,0.567,0.507,0.476,0.462,0.46,0.459,0.459,0.459,0.454,0.451,0.448,0.44,0.438,0.436,0.433,0.432,0.432,0.433,0.434,0.441,0.447,0.452,0.454,0.457,0.457,0.458,0.459,0.46,0.457,0.457,0.458,0.459,0.464,0.468,0.472,0.475,0.48,0.485,0.49,0.494,0.498,0.5,0.504,0.51,0.517,0.523,0.531,0.535,0.541,0.542,0.545,0.549,0.55,0.552,0.554,0.554,0.556,0.558,0.561,0.563,0.565,0.567,0.571,0.573,Sulfasalazine_93,Sulfasalazine,-6.318758762624412,O=C([O-])c1cc(/N=N\c2ccc(S(=O)(=O)/N=c3\cccc[nH]3)cc2)ccc1[O-]
2.337,2.337,2.338,2.34,2.342,2.343,2.347,2.347,2.348,2.349,2.349,2.352,2.352,2.352,2.353,2.35,2.345,2.341,2.339,2.335,2.33,2.326,2.323,2.323,2.321,2.321,2.32,2.317,2.317,2.318,2.319,2.321,2.322,2.324,2.322,2.322,2.321,2.319,2.313,2.309,2.304,2.296,2.287,2.28,2.277,2.271,2.264,2.253,2.243,2.236,2.226,2.219,2.211,2.202,2.194,2.186,2.183,2.183,2.185,2.197,2.208,2.246,2.319,2.445,2.459,2.424,2.305,2.085,1.68,1.269,0.719,0.208,-0.225,-0.532,-0.767,-0.91,-0.895,-0.836,-0.714,-0.405,0.124,0.795,1.462,2.023,2.537,2.634,2.767,2.667,2.58,2.517,2.49,2.492,2.5,2.549,2.65,2.765,2.887,2.483,2.077,1.696,0.974,0.293,-0.279,-0.671,-0.851,-0.971,-0.954,-0.885,-0.667,-0.403,0.001,0.501,1.037,1.516,2.051,2.278,2.296,2.514,2.414,2.271,2.182,2.147,2.119,2.116,2.113,2.113,2.116,2.123,2.131,2.14,2.145,2.151,2.151,2.151,2.153,2.155,2.155,2.157,2.159,2.166,2.168,2.175,2.177,2.18,2.184,2.186,2.187,2.19,2.189,2.187,2.187,2.19,2.19,2.19,2.193,2.196,2.2,2.205,2.208,2.212,2.216,2.22,2.225,2.23,2.237,2.244,2.25,2.256,2.26,2.262,2.27,2.274,2.274,2.277,2.282,2.284,2.286,2.288,2.29,2.292,2.295,2.298,2.3,2.303,2.305,Acrivastine_7,Acrivastine,-5.657577319177793,Cc1ccc(/C(=C/C[NH+]2CCCC2)c2cccc(/C=C\C(=O)[O-])n2)cc1
1.199,1.201,1.205,1.21,1.216,1.219,1.221,1.224,1.226,1.227,1.228,1.232,1.233,1.231,1.232,1.231,1.228,1.224,1.219,1.214,1.21,1.206,1.201,1.199,1.199,1.195,1.193,1.194,1.195,1.196,1.201,1.206,1.209,1.213,1.216,1.219,1.219,1.216,1.212,1.206,1.203,1.197,1.193,1.191,1.187,1.183,1.179,1.171,1.165,1.156,1.152,1.144,1.143,1.143,1.144,1.143,1.15,1.162,1.179,1.2,1.243,1.318,1.465,1.661,1.937,2.274,2.34,2.214,1.926,1.674,1.315,0.982,0.474,-0.097,-0.411,-0.411,-0.366,-0.283,0.098,0.963,2.118,3.66,5.424,7.242,8.589,9.238,9.912,10.512,10.868,11.244,11.488,11.483,11.262,11.08,10.674,10.18,9.609,8.974,7.797,6.172,4.192,2.561,1.202,0.261,-0.274,-0.432,-0.524,-0.533,-0.3,0.2,0.756,1.144,1.475,1.767,2.049,2.225,2.225,1.936,1.635,1.423,1.276,1.185,1.135,1.108,1.098,1.091,1.089,1.089,1.094,1.09,1.086,1.081,1.075,1.065,1.058,1.058,1.056,1.057,1.055,1.054,1.054,1.057,1.059,1.059,1.063,1.065,1.064,1.063,1.061,1.058,1.052,1.048,1.046,1.046,1.048,1.049,1.05,1.054,1.056,1.058,1.063,1.067,1.069,1.074,1.076,1.079,1.084,1.086,1.087,1.095,1.099,1.102,1.108,1.107,1.109,1.109,1.111,1.116,1.119,1.121,1.123,1.126,1.133,1.133,1.14,Amoxicillin_24,Amoxicillin,-6.619788758288394,CC1(C)S[C@@H]2[C@@H](NC(=O)[C@H](N)c3ccc(O)cc3)C(=O)N2[C@@H]1C(=O)O
1.895,1.895,1.895,1.899,1.904,1.909,1.911,1.915,1.917,1.92,1.921,1.922,1.922,1.922,1.921,1.921,1.917,1.912,1.91,1.904,1.9,1.897,1.893,1.891,1.887,1.886,1.883,1.884,1.884,1.886,1.887,1.891,1.895,1.899,1.904,1.903,1.902,1.903,1.903,1.9,1.897,1.893,1.892,1.889,1.885,1.881,1.88,1.877,1.87,1.867,1.862,1.855,1.852,1.853,1.853,1.854,1.859,1.867,1.882,1.902,1.933,1.996,2.106,2.271,2.495,2.287,2.113,1.924,1.746,1.577,1.32,0.771,-0.046,-0.78,-1.286,-1.523,-1.571,-1.556,-1.474,-1.053,-0.335,0.624,1.769,2.637,3.477,4.224,4.862,5.49,6.005,6.494,6.997,7.271,6.79,6.265,5.699,5.124,4.437,3.761,2.96,2.029,0.986,-0.051,-0.867,-1.42,-1.583,-1.583,-1.572,-1.416,-0.993,-0.313,0.527,1.218,1.478,1.678,1.814,2.022,2.218,2.361,2.293,2.118,1.996,1.922,1.884,1.865,1.859,1.857,1.855,1.85,1.846,1.844,1.842,1.835,1.828,1.818,1.816,1.816,1.818,1.819,1.821,1.821,1.821,1.822,1.824,1.825,1.826,1.827,1.823,1.821,1.82,1.815,1.808,1.804,1.804,1.803,1.803,1.803,1.803,1.804,1.806,1.809,1.813,1.816,1.816,1.821,1.823,1.828,1.831,1.831,1.834,1.838,1.842,1.843,1.845,1.847,1.849,1.851,1.855,1.856,1.86,1.862,1.865,1.866,1.868,1.871,1.878,Nadolol_30,Nadolol,-5.853871964321762,CC(C)(C)NC[C@@H](O)COc1cccc2c1C[C@H](O)[C@@H](O)C2
1.982,1.983,1.987,1.991,1.996,1.999,2.002,2.007,2.009,2.013,2.016,2.017,2.017,2.019,2.017,2.016,2.011,2.005,2.002,1.996,1.995,1.991,1.986,1.984,1.984,1.982,1.981,1.98,1.983,1.987,1.991,1.994,1.999,2.002,2.007,2.01,2.009,2.006,2.0,1.998,1.993,1.988,1.983,1.982,1.98,1.974,1.967,1.963,1.957,1.951,1.943,1.937,1.934,1.934,1.934,1.937,1.943,1.952,1.968,1.995,2.036,2.118,2.257,2.464,2.558,2.627,2.654,2.7,2.539,2.123,1.584,0.892,-0.081,-0.878,-1.409,-1.685,-1.685,-1.668,-1.625,-1.293,-0.669,0.334,1.533,2.923,4.3,5.34,6.232,6.958,7.672,8.059,8.318,8.319,8.146,7.917,7.462,6.575,5.733,4.71,3.258,1.946,0.694,-0.398,-1.144,-1.638,-1.741,-1.789,-1.789,-1.596,-1.166,-0.423,0.503,1.354,1.921,2.391,2.592,2.59,2.558,2.506,2.442,2.221,2.075,1.981,1.928,1.899,1.887,1.885,1.885,1.885,1.884,1.879,1.869,1.862,1.86,1.853,1.846,1.843,1.845,1.844,1.844,1.845,1.844,1.845,1.846,1.849,1.848,1.848,1.851,1.848,1.844,1.839,1.833,1.829,1.83,1.827,1.827,1.827,1.829,1.832,1.835,1.839,1.842,1.847,1.85,1.853,1.855,1.86,1.868,1.873,1.877,1.882,1.883,1.889,1.893,1.895,1.898,1.899,1.903,1.908,1.909,1.91,1.913,1.916,1.919,1.923,1.926,Lisinopril_1,Lisinopril,-6.7447274948966935,NCCCC[C@@H](N[C@@H](CCc1ccccc1)C(=O)O)C(=O)N1CCC[C@H]1C(=O)O
0.282,0.281,0.28,0.279,0.279,0.28,0.28,0.28,0.28,0.28,0.284,0.285,0.286,0.286,0.285,0.281,0.278,0.275,0.268,0.262,0.257,0.253,0.246,0.246,0.239,0.239,0.235,0.232,0.226,0.226,0.223,0.222,0.225,0.226,0.229,0.229,0.231,0.228,0.224,0.222,0.219,0.216,0.214,0.211,0.204,0.202,0.197,0.194,0.189,0.182,0.179,0.175,0.171,0.17,0.172,0.175,0.182,0.195,0.209,0.233,0.271,0.342,0.454,0.614,0.86,1.151,1.509,1.839,2.075,1.948,1.912,1.725,1.57,1.503,1.503,1.562,1.781,2.121,2.68,3.337,4.013,4.747,5.434,6.109,6.666,7.199,7.512,7.739,7.99,8.243,8.522,8.567,8.366,8.099,7.83,7.644,7.407,6.908,6.273,5.677,4.982,4.234,3.544,2.833,2.276,1.821,1.564,1.429,1.429,1.49,1.61,1.826,1.95,1.95,1.888,1.586,1.203,0.87,0.626,0.449,0.319,0.246,0.198,0.173,0.165,0.16,0.158,0.154,0.152,0.151,0.15,0.146,0.144,0.138,0.137,0.138,0.142,0.147,0.147,0.15,0.156,0.158,0.159,0.162,0.166,0.169,0.173,0.174,0.173,0.171,0.17,0.171,0.173,0.176,0.181,0.183,0.185,0.188,0.19,0.191,0.195,0.201,0.203,0.206,0.208,0.215,0.219,0.22,0.222,0.224,0.225,0.229,0.229,0.23,0.231,0.23,0.231,0.231,0.234,0.237,0.239,0.241,0.243,0.244,0.248,Olsalazine_43,Olsalazine,-7.318758762624412,O=C(O)c1cc(/N=N\c2ccc(O)c(C(=O)[O-])c2)ccc1[O-]
1.782,1.784,1.787,1.788,1.789,1.794,1.796,1.797,1.797,1.797,1.799,1.8,1.801,1.801,1.798,1.797,1.796,1.792,1.786,1.785,1.779,1.777,1.774,1.771,1.768,1.765,1.766,1.766,1.767,1.767,1.772,1.773,1.773,1.775,1.773,1.774,1.774,1.77,1.769,1.765,1.758,1.753,1.748,1.739,1.736,1.729,1.718,1.705,1.698,1.695,1.686,1.673,1.662,1.651,1.642,1.642,1.64,1.641,1.644,1.653,1.669,1.711,1.795,1.77,1.735,1.697,1.643,1.598,1.453,1.179,0.89,0.442,-0.358,-1.015,-1.401,-1.469,-1.505,-1.494,-1.166,-0.689,0.116,1.153,1.713,2.214,2.809,3.424,3.988,4.507,5.02,5.18,5.265,5.379,5.236,5.054,4.755,4.15,3.61,2.961,2.421,1.883,1.334,0.407,-0.515,-1.132,-1.497,-1.549,-1.594,-1.573,-1.214,-0.715,0.148,0.705,1.081,1.346,1.51,1.576,1.62,1.668,1.692,1.755,1.663,1.617,1.592,1.585,1.587,1.584,1.586,1.587,1.589,1.595,1.6,1.601,1.608,1.608,1.613,1.613,1.616,1.62,1.622,1.623,1.626,1.628,1.63,1.638,1.643,1.645,1.645,1.645,1.642,1.64,1.642,1.643,1.642,1.643,1.644,1.647,1.647,1.649,1.651,1.653,1.66,1.663,1.668,1.673,1.676,1.681,1.684,1.69,1.692,1.696,1.7,1.705,1.708,1.709,1.71,1.712,1.715,1.717,1.723,1.726,1.729,1.732,1.736,1.737,1.746,Acebutolol_2,Acebutolol,-5.769551078621726,CCCC(=O)Nc1ccc(OC[C@@H](O)C[NH2+]C(C)C)c(C(C)=O)c1
0.973,0.973,0.976,0.976,0.979,0.981,0.981,0.981,0.98,0.979,0.979,0.98,0.981,0.982,0.982,0.983,0.981,0.98,0.976,0.969,0.966,0.965,0.964,0.964,0.96,0.96,0.96,0.96,0.962,0.963,0.964,0.965,0.966,0.969,0.969,0.967,0.965,0.964,0.957,0.952,0.949,0.946,0.938,0.936,0.933,0.93,0.924,0.915,0.907,0.902,0.892,0.885,0.875,0.866,0.859,0.844,0.837,0.823,0.818,0.818,0.826,0.845,0.885,0.956,1.064,1.217,1.387,1.531,1.445,1.209,0.781,0.243,-0.261,-0.644,-0.925,-1.051,-1.073,-1.073,-0.961,-0.712,-0.312,0.218,0.813,1.38,1.83,2.141,2.083,1.942,1.845,1.785,1.77,1.77,1.773,1.813,1.908,2.038,2.137,1.927,1.508,0.952,0.365,-0.188,-0.641,-0.942,-1.082,-1.118,-1.118,-1.027,-0.795,-0.447,0.036,0.583,1.059,1.329,1.494,1.402,1.233,1.067,0.935,0.848,0.803,0.777,0.768,0.768,0.779,0.786,0.798,0.809,0.82,0.832,0.837,0.84,0.849,0.846,0.846,0.847,0.847,0.851,0.852,0.855,0.856,0.86,0.864,0.868,0.871,0.874,0.877,0.877,0.877,0.875,0.873,0.873,0.875,0.876,0.876,0.88,0.88,0.881,0.883,0.885,0.889,0.89,0.895,0.898,0.901,0.903,0.905,0.909,0.913,0.915,0.918,0.921,0.922,0.924,0.924,0.927,0.929,0.93,0.931,0.934,0.936,0.937,0.94,0.943,0.946,Fluparoxan_74,Fluparoxan,-3.6020599913279625,Fc1cccc2c1O[C@H]1C[NH2+]C[C@@H]1O2
3.094,3.095,3.095,3.095,3.101,3.108,3.112,3.115,3.119,3.121,3.121,3.125,3.125,3.127,3.125,3.124,3.122,3.12,3.118,3.115,3.11,3.109,3.109,3.109,3.11,3.111,3.111,3.112,3.117,3.122,3.128,3.133,3.139,3.142,3.146,3.149,3.15,3.15,3.147,3.142,3.137,3.132,3.131,3.131,3.128,3.125,3.122,3.115,3.11,3.102,3.093,3.088,3.086,3.085,3.085,3.089,3.097,3.108,3.122,3.141,3.173,3.24,3.354,3.527,3.765,4.044,4.016,3.673,3.171,2.51,1.688,0.598,-0.566,-1.661,-2.524,-3.147,-3.553,-3.713,-3.741,-3.741,-3.669,-3.454,-3.145,-3.046,-2.99,-2.925,-2.871,-2.831,-2.942,-3.011,-3.029,-3.029,-3.026,-2.988,-2.89,-2.889,-2.949,-3.011,-3.075,-3.115,-3.401,-3.667,-3.792,-3.792,-3.791,-3.685,-3.367,-2.817,-2.026,-0.998,0.151,1.359,2.247,2.956,3.511,3.901,4.084,3.781,3.508,3.325,3.198,3.117,3.068,3.045,3.042,3.042,3.042,3.044,3.041,3.035,3.03,3.022,3.015,3.003,2.997,2.998,3.0,3.003,3.003,3.006,3.003,3.002,2.999,3.0,3.0,3.004,3.002,3.001,2.998,2.99,2.981,2.978,2.977,2.977,2.978,2.979,2.979,2.979,2.98,2.979,2.982,2.987,2.994,2.999,3.005,3.011,3.017,3.023,3.028,3.032,3.035,3.04,3.044,3.045,3.049,3.053,3.054,3.055,3.059,3.062,3.064,3.065,3.066,3.066,3.07,Progesterone_65,Progesterone,-3.795880017344075,CC(=O)[C@H]1CC[C@@H]2[C@@H]3CCC4=CC(=O)CC[C@]4(C)[C@H]3CC[C@@]12C
1.056,1.057,1.059,1.064,1.069,1.071,1.075,1.076,1.08,1.081,1.082,1.085,1.087,1.087,1.086,1.083,1.079,1.076,1.07,1.066,1.063,1.058,1.057,1.05,1.049,1.045,1.044,1.04,1.041,1.042,1.049,1.053,1.055,1.057,1.06,1.063,1.061,1.062,1.059,1.056,1.048,1.045,1.044,1.043,1.041,1.038,1.036,1.028,1.024,1.017,1.013,1.008,1.004,1.002,1.002,1.003,1.009,1.021,1.033,1.056,1.098,1.173,1.305,1.503,1.755,1.973,2.122,2.232,2.284,2.162,1.786,1.191,0.634,0.18,-0.068,-0.111,-0.121,0.04,0.485,1.205,2.264,3.588,4.961,6.201,7.279,8.237,9.293,9.931,10.715,11.238,11.492,11.77,11.458,10.895,10.28,9.658,8.659,7.697,6.676,5.432,4.051,2.643,1.479,0.634,0.09,-0.126,-0.171,-0.171,0.019,0.413,0.956,1.535,2.004,2.182,2.178,2.076,1.945,1.767,1.499,1.274,1.145,1.057,1.007,0.983,0.974,0.971,0.971,0.966,0.965,0.965,0.964,0.956,0.95,0.942,0.937,0.935,0.934,0.934,0.934,0.937,0.938,0.937,0.937,0.939,0.943,0.947,0.946,0.943,0.942,0.937,0.93,0.928,0.927,0.926,0.926,0.926,0.931,0.933,0.937,0.937,0.944,0.95,0.952,0.951,0.951,0.953,0.956,0.961,0.964,0.964,0.964,0.97,0.972,0.977,0.978,0.979,0.982,0.984,0.988,0.989,0.992,0.994,0.999,1.005,1.015,Netivudine_32,Netivudine,-5.853871964321762,CC#Cc1cn([C@@H]2O[C@H](CO)[C@@H](O)[C@@H]2O)c(=O)[nH]c1=O
1.145,1.149,1.152,1.155,1.16,1.163,1.165,1.168,1.172,1.173,1.176,1.176,1.178,1.179,1.178,1.177,1.173,1.17,1.164,1.16,1.155,1.147,1.142,1.139,1.137,1.138,1.135,1.135,1.136,1.138,1.137,1.137,1.142,1.145,1.146,1.147,1.141,1.142,1.138,1.134,1.13,1.12,1.109,1.105,1.097,1.091,1.085,1.073,1.07,1.062,1.053,1.048,1.044,1.043,1.043,1.049,1.053,1.065,1.087,1.118,1.179,1.284,1.463,1.725,2.078,2.242,2.32,2.37,2.464,2.475,2.472,2.346,1.754,1.476,1.438,1.436,1.493,1.881,2.772,4.153,5.973,8.009,9.708,10.715,11.664,12.744,13.452,14.054,14.765,15.154,15.565,15.727,15.421,14.995,14.474,13.822,13.132,12.215,10.961,10.058,8.637,6.572,4.54,3.058,2.008,1.4,1.3,1.206,1.221,1.461,2.033,2.302,2.34,2.337,2.243,2.168,2.12,1.999,1.647,1.374,1.172,1.065,0.988,0.948,0.935,0.926,0.926,0.929,0.931,0.928,0.923,0.922,0.917,0.913,0.902,0.898,0.897,0.898,0.898,0.897,0.897,0.899,0.899,0.905,0.908,0.911,0.91,0.912,0.912,0.91,0.906,0.905,0.903,0.906,0.908,0.911,0.915,0.923,0.926,0.932,0.936,0.943,0.948,0.952,0.958,0.964,0.97,0.976,0.983,0.988,0.993,0.998,1.004,1.006,1.011,1.012,1.014,1.016,1.018,1.02,1.025,1.029,1.036,1.04,1.049,Cefatrizine_40,Cefatrizine,-5.6020599913279625,N[C@H](C(=O)N[C@H]1C(=O)N2C(C(=O)[O-])=C(CSc3cnn[nH]3)CS[C@H]12)c1ccc(O)cc1
0.904,0.906,0.907,0.91,0.913,0.915,0.918,0.919,0.919,0.919,0.919,0.92,0.921,0.924,0.925,0.925,0.923,0.921,0.921,0.917,0.916,0.914,0.914,0.914,0.915,0.916,0.916,0.916,0.918,0.919,0.922,0.923,0.924,0.926,0.928,0.929,0.929,0.928,0.925,0.923,0.922,0.917,0.915,0.915,0.913,0.912,0.91,0.905,0.902,0.899,0.897,0.894,0.891,0.89,0.89,0.892,0.895,0.899,0.906,0.912,0.93,0.965,1.021,1.106,1.221,1.371,1.513,1.622,1.662,1.492,1.208,0.848,0.485,0.175,-0.03,-0.12,-0.129,-0.124,-0.053,0.148,0.462,0.891,1.411,1.979,2.518,2.948,3.229,3.212,3.138,3.088,3.07,3.069,3.069,3.079,3.13,3.21,3.082,2.666,2.14,1.574,1.031,0.558,0.193,-0.048,-0.178,-0.188,-0.186,-0.145,0.03,0.324,0.671,1.04,1.346,1.545,1.581,1.488,1.356,1.197,1.063,0.972,0.911,0.869,0.847,0.834,0.832,0.832,0.833,0.834,0.835,0.834,0.834,0.832,0.827,0.823,0.82,0.816,0.816,0.814,0.814,0.814,0.813,0.813,0.815,0.815,0.819,0.822,0.822,0.82,0.817,0.812,0.809,0.809,0.809,0.809,0.809,0.811,0.812,0.813,0.814,0.818,0.821,0.823,0.824,0.828,0.83,0.83,0.832,0.835,0.836,0.842,0.843,0.846,0.85,0.851,0.852,0.853,0.854,0.855,0.855,0.856,0.858,0.858,0.859,0.861,0.867,Antipyrine_27,Antipyrine,-3.823908740944319,Cc1cc(=O)n(-c2ccccc2)n1C
0.893,0.893,0.895,0.896,0.898,0.902,0.904,0.906,0.906,0.906,0.906,0.908,0.909,0.91,0.911,0.91,0.91,0.908,0.905,0.901,0.898,0.897,0.897,0.898,0.898,0.898,0.898,0.898,0.9,0.902,0.906,0.909,0.912,0.915,0.915,0.918,0.918,0.916,0.914,0.91,0.907,0.904,0.901,0.901,0.899,0.897,0.894,0.89,0.886,0.883,0.877,0.874,0.872,0.872,0.871,0.874,0.879,0.886,0.895,0.906,0.928,0.97,1.036,1.146,1.303,1.491,1.702,1.896,1.795,1.522,1.189,0.667,0.133,-0.304,-0.597,-0.776,-0.808,-0.808,-0.778,-0.601,-0.32,0.095,0.585,1.158,1.585,1.98,2.298,2.479,2.481,2.415,2.393,2.393,2.394,2.424,2.504,2.375,2.065,1.685,1.258,0.764,0.188,-0.255,-0.577,-0.791,-0.862,-0.862,-0.85,-0.729,-0.466,-0.078,0.444,0.989,1.357,1.675,1.889,1.717,1.502,1.29,1.123,1.012,0.927,0.878,0.85,0.834,0.83,0.83,0.83,0.831,0.831,0.832,0.83,0.825,0.818,0.811,0.808,0.808,0.809,0.808,0.808,0.807,0.806,0.806,0.807,0.808,0.81,0.813,0.815,0.814,0.81,0.805,0.801,0.799,0.799,0.799,0.801,0.801,0.8,0.8,0.802,0.804,0.807,0.808,0.812,0.815,0.818,0.82,0.821,0.824,0.827,0.832,0.835,0.838,0.84,0.841,0.843,0.843,0.844,0.844,0.845,0.845,0.848,0.85,0.851,0.855,0.858,Fluparoxan_73,Fluparoxan,-3.6020599913279625,Fc1cccc2c1O[C@@H]1CNC[C@H]1O2
0.047,0.05,0.051,0.054,0.056,0.063,0.063,0.063,0.064,0.064,0.064,0.066,0.068,0.068,0.07,0.069,0.067,0.064,0.062,0.057,0.053,0.05,0.05,0.051,0.051,0.05,0.05,0.05,0.051,0.054,0.056,0.058,0.062,0.066,0.067,0.067,0.07,0.067,0.064,0.057,0.052,0.048,0.046,0.041,0.041,0.034,0.029,0.028,0.023,0.017,0.011,0.007,0.004,0.003,0.003,0.004,0.008,0.02,0.033,0.056,0.088,0.159,0.272,0.433,0.661,0.96,1.302,1.611,1.629,1.576,1.44,1.118,0.713,0.477,0.385,0.385,0.419,0.615,1.094,1.855,2.979,4.118,5.142,6.004,6.868,7.614,8.293,8.743,8.962,8.92,8.883,8.864,8.864,8.897,8.907,8.437,7.825,7.138,6.349,5.449,4.398,3.276,2.164,1.211,0.675,0.379,0.277,0.277,0.323,0.526,0.896,1.287,1.462,1.526,1.552,1.326,0.972,0.638,0.4,0.212,0.096,0.017,-0.03,-0.05,-0.064,-0.068,-0.068,-0.068,-0.065,-0.064,-0.069,-0.07,-0.073,-0.081,-0.086,-0.089,-0.092,-0.093,-0.094,-0.096,-0.097,-0.096,-0.094,-0.092,-0.087,-0.082,-0.08,-0.083,-0.084,-0.088,-0.094,-0.094,-0.095,-0.095,-0.094,-0.093,-0.093,-0.089,-0.088,-0.084,-0.082,-0.079,-0.075,-0.073,-0.072,-0.069,-0.067,-0.062,-0.057,-0.053,-0.05,-0.049,-0.045,-0.044,-0.043,-0.043,-0.043,-0.042,-0.041,-0.038,-0.037,-0.034,-0.028,-0.023,-0.015,Hydrochlorothiazide_90,Hydrochlorothiazide,-6.0,NS(=O)(=O)c1cc2c(cc1Cl)NCNS2(=O)=O
1.701,1.702,1.705,1.708,1.713,1.715,1.718,1.721,1.725,1.726,1.728,1.729,1.729,1.729,1.729,1.725,1.725,1.719,1.718,1.715,1.711,1.709,1.707,1.707,1.705,1.703,1.704,1.704,1.705,1.709,1.714,1.718,1.723,1.726,1.726,1.726,1.727,1.726,1.728,1.724,1.719,1.715,1.711,1.708,1.704,1.699,1.695,1.687,1.686,1.68,1.672,1.666,1.662,1.662,1.662,1.664,1.671,1.684,1.699,1.716,1.752,1.825,1.94,2.126,2.248,2.185,2.066,1.938,1.748,1.447,1.139,0.754,0.03,-0.701,-1.14,-1.332,-1.337,-1.323,-1.101,-0.624,0.092,1.011,1.659,2.113,2.621,3.193,3.748,4.321,4.892,5.43,5.802,5.98,5.686,5.128,4.515,3.901,3.295,2.792,2.293,1.786,1.292,0.318,-0.455,-1.044,-1.355,-1.37,-1.417,-1.292,-0.935,-0.273,0.539,0.968,1.273,1.597,1.824,1.962,2.109,2.167,2.113,1.917,1.778,1.692,1.648,1.627,1.617,1.615,1.615,1.611,1.608,1.607,1.605,1.598,1.596,1.584,1.581,1.58,1.579,1.578,1.579,1.579,1.579,1.58,1.581,1.582,1.583,1.585,1.583,1.581,1.576,1.576,1.567,1.565,1.565,1.565,1.565,1.565,1.566,1.569,1.569,1.575,1.577,1.581,1.585,1.588,1.592,1.595,1.601,1.606,1.61,1.614,1.618,1.619,1.621,1.627,1.63,1.631,1.632,1.635,1.635,1.639,1.642,1.645,1.647,1.65,1.657,Acebutolol_1,Acebutolol,-5.769551078621726,CCCC(=O)Nc1ccc(OC[C@@H](O)CNC(C)C)c(C(C)=O)c1
2.884,2.884,2.884,2.886,2.89,2.897,2.901,2.903,2.907,2.91,2.911,2.913,2.914,2.914,2.914,2.912,2.91,2.907,2.904,2.901,2.896,2.895,2.892,2.892,2.893,2.893,2.894,2.894,2.894,2.899,2.904,2.911,2.914,2.918,2.922,2.925,2.926,2.926,2.925,2.919,2.914,2.912,2.911,2.91,2.909,2.906,2.904,2.899,2.892,2.885,2.877,2.871,2.87,2.87,2.87,2.873,2.879,2.89,2.902,2.917,2.943,2.999,3.099,3.253,3.465,3.736,3.766,3.454,2.992,2.295,1.446,0.423,-0.718,-1.692,-2.461,-2.99,-3.309,-3.403,-3.422,-3.422,-3.276,-3.013,-2.621,-2.391,-2.178,-1.958,-1.708,-1.465,-1.265,-1.085,-0.926,-0.855,-0.994,-1.164,-1.39,-1.647,-1.897,-2.146,-2.349,-2.538,-2.916,-3.237,-3.425,-3.475,-3.475,-3.41,-3.168,-2.705,-2.006,-1.076,0.025,1.128,2.042,2.785,3.317,3.693,3.803,3.495,3.259,3.088,2.98,2.91,2.869,2.852,2.848,2.848,2.848,2.848,2.847,2.843,2.838,2.829,2.819,2.807,2.804,2.804,2.805,2.809,2.813,2.814,2.814,2.812,2.811,2.81,2.81,2.811,2.814,2.811,2.807,2.799,2.791,2.789,2.788,2.788,2.788,2.789,2.789,2.789,2.788,2.788,2.793,2.798,2.801,2.805,2.811,2.814,2.82,2.827,2.83,2.832,2.837,2.839,2.843,2.848,2.849,2.853,2.854,2.855,2.859,2.863,2.865,2.864,2.864,2.864,2.867,Testosterone_106,Testosterone,-3.853871964321762,C[C@@]12CC[C@@H]3[C@H](CCC4=CC(=O)CC[C@]43C)[C@H]1CC[C@@H]2O
1.084,1.084,1.091,1.092,1.095,1.1,1.101,1.104,1.106,1.106,1.106,1.11,1.106,1.103,1.101,1.1,1.101,1.098,1.097,1.093,1.088,1.085,1.082,1.082,1.082,1.079,1.079,1.079,1.08,1.084,1.085,1.087,1.089,1.093,1.097,1.094,1.089,1.089,1.088,1.085,1.081,1.077,1.07,1.067,1.061,1.055,1.044,1.041,1.037,1.029,1.023,1.016,1.014,1.012,1.013,1.017,1.024,1.038,1.056,1.081,1.126,1.209,1.356,1.565,1.869,2.192,2.2,2.036,1.905,1.879,1.834,1.686,1.127,0.738,0.491,0.512,0.489,0.654,1.107,1.897,2.47,3.13,3.606,4.102,4.58,5.092,5.736,6.408,7.112,7.623,7.627,7.627,7.627,7.232,6.561,5.909,5.295,4.743,4.235,3.713,3.226,2.649,2.125,1.235,0.669,0.401,0.345,0.379,0.531,0.883,1.41,1.717,1.772,1.776,1.883,2.045,2.136,1.847,1.53,1.285,1.131,1.035,0.975,0.94,0.93,0.928,0.928,0.928,0.926,0.925,0.917,0.917,0.909,0.905,0.897,0.896,0.894,0.893,0.893,0.894,0.898,0.899,0.902,0.906,0.91,0.905,0.904,0.902,0.903,0.907,0.902,0.901,0.901,0.904,0.905,0.909,0.912,0.914,0.92,0.922,0.927,0.931,0.934,0.937,0.942,0.949,0.956,0.962,0.967,0.968,0.975,0.977,0.981,0.987,0.989,0.991,0.992,0.994,0.996,1.0,1.002,1.004,1.008,1.014,1.019,Sulfasalazine_94,Sulfasalazine,-6.318758762624412,O=C([O-])C1=C/C(=N/Nc2ccc(S(=O)(=O)/N=c3\cccc[nH]3)cc2)C=CC1=O
0.214,0.217,0.222,0.228,0.232,0.234,0.235,0.234,0.237,0.238,0.239,0.241,0.244,0.244,0.244,0.244,0.243,0.24,0.235,0.233,0.229,0.225,0.221,0.22,0.22,0.219,0.218,0.218,0.218,0.22,0.223,0.222,0.222,0.227,0.231,0.232,0.231,0.23,0.225,0.219,0.215,0.208,0.203,0.203,0.2,0.196,0.193,0.188,0.183,0.178,0.174,0.17,0.165,0.163,0.163,0.164,0.169,0.178,0.188,0.209,0.246,0.318,0.438,0.612,0.849,1.157,1.392,1.533,1.642,1.713,1.685,1.541,1.341,1.254,1.233,1.233,1.354,1.732,2.42,3.412,4.693,6.201,7.831,9.388,10.773,11.832,12.269,12.536,12.774,12.937,13.134,13.242,12.992,12.729,12.535,12.368,12.208,11.344,9.941,8.369,6.704,5.11,3.737,2.643,1.834,1.356,1.142,1.136,1.136,1.176,1.392,1.51,1.59,1.54,1.452,1.314,1.134,0.808,0.551,0.359,0.234,0.15,0.112,0.085,0.074,0.07,0.069,0.069,0.07,0.074,0.073,0.071,0.07,0.062,0.055,0.049,0.045,0.043,0.042,0.041,0.04,0.042,0.046,0.051,0.054,0.059,0.061,0.059,0.056,0.05,0.047,0.045,0.044,0.044,0.045,0.047,0.052,0.055,0.061,0.065,0.071,0.073,0.074,0.075,0.077,0.078,0.079,0.084,0.087,0.089,0.093,0.097,0.102,0.104,0.104,0.107,0.109,0.11,0.111,0.113,0.115,0.116,0.123,0.132,0.138,Acyclovir_10,Acyclovir,-6.6777807052660805,Nc1nc(=O)c2ncn(COCCO)c2[nH]1
1.553,1.554,1.555,1.558,1.56,1.563,1.566,1.568,1.569,1.57,1.571,1.572,1.573,1.575,1.576,1.577,1.574,1.57,1.567,1.565,1.563,1.563,1.562,1.562,1.562,1.563,1.564,1.565,1.567,1.57,1.573,1.578,1.581,1.584,1.586,1.589,1.588,1.586,1.583,1.58,1.576,1.574,1.573,1.572,1.571,1.568,1.565,1.561,1.556,1.551,1.545,1.54,1.54,1.54,1.541,1.542,1.545,1.553,1.561,1.574,1.592,1.632,1.704,1.813,1.964,2.139,2.282,2.276,1.973,1.568,1.126,0.61,0.01,-0.582,-1.099,-1.452,-1.633,-1.7,-1.701,-1.65,-1.524,-1.262,-0.904,-0.511,-0.089,0.275,0.341,0.246,0.172,0.133,0.13,0.132,0.142,0.146,0.193,0.268,0.324,-0.003,-0.414,-0.818,-1.195,-1.493,-1.67,-1.757,-1.754,-1.709,-1.594,-1.295,-0.827,-0.24,0.35,0.932,1.381,1.799,2.143,2.263,2.122,1.956,1.79,1.666,1.585,1.535,1.506,1.495,1.494,1.494,1.494,1.495,1.493,1.491,1.487,1.481,1.475,1.47,1.466,1.466,1.465,1.465,1.465,1.465,1.465,1.464,1.463,1.464,1.467,1.469,1.47,1.468,1.464,1.459,1.455,1.454,1.453,1.453,1.453,1.454,1.455,1.456,1.456,1.456,1.46,1.463,1.467,1.469,1.473,1.477,1.479,1.483,1.488,1.49,1.492,1.498,1.5,1.503,1.504,1.505,1.506,1.507,1.509,1.51,1.511,1.513,1.514,1.516,1.517,Warfarin_131,Warfarin,-4.356547323513813,CC(=O)C[C@@H](c1ccccc1)c1c([O-])c2ccccc2oc1=O
1.14,1.141,1.144,1.147,1.15,1.157,1.159,1.16,1.162,1.164,1.164,1.168,1.168,1.17,1.171,1.168,1.166,1.165,1.161,1.158,1.155,1.152,1.152,1.153,1.152,1.152,1.153,1.153,1.155,1.157,1.159,1.162,1.163,1.167,1.169,1.17,1.172,1.172,1.169,1.163,1.158,1.153,1.148,1.147,1.143,1.14,1.134,1.128,1.125,1.118,1.112,1.107,1.106,1.105,1.105,1.106,1.109,1.119,1.129,1.147,1.177,1.238,1.349,1.512,1.735,1.964,1.89,1.814,1.692,1.565,1.442,1.009,0.51,0.141,-0.014,-0.03,-0.03,0.058,0.375,0.979,1.868,2.815,3.898,4.997,5.89,6.43,6.755,7.271,7.832,7.84,7.785,7.783,7.783,7.806,7.315,7.188,6.484,6.129,5.347,4.235,3.117,2.097,1.159,0.442,0.024,-0.122,-0.131,-0.141,-0.026,0.277,0.752,1.254,1.43,1.595,1.691,1.754,1.817,1.689,1.45,1.278,1.157,1.087,1.046,1.023,1.015,1.015,1.016,1.017,1.016,1.015,1.013,1.012,1.008,1.002,0.996,0.993,0.991,0.989,0.988,0.988,0.987,0.987,0.989,0.992,0.994,0.995,0.994,0.994,0.991,0.989,0.982,0.981,0.98,0.981,0.982,0.983,0.986,0.988,0.991,0.994,1.0,1.003,1.006,1.009,1.01,1.017,1.02,1.024,1.03,1.034,1.034,1.04,1.043,1.047,1.048,1.05,1.052,1.053,1.055,1.056,1.058,1.062,1.064,1.07,1.078,Sumatriptan_97,Sumatriptan,-5.721246399047171,CNS(=O)(=O)Cc1ccc2[nH]cc(CCN(C)C)c2c1
0.384,0.385,0.386,0.387,0.388,0.39,0.392,0.392,0.393,0.393,0.393,0.394,0.395,0.396,0.396,0.395,0.394,0.392,0.388,0.386,0.384,0.383,0.38,0.38,0.38,0.38,0.38,0.379,0.379,0.379,0.381,0.384,0.388,0.389,0.392,0.393,0.392,0.39,0.388,0.386,0.384,0.383,0.383,0.383,0.382,0.382,0.379,0.375,0.373,0.371,0.367,0.364,0.362,0.362,0.362,0.363,0.366,0.371,0.38,0.389,0.407,0.441,0.499,0.585,0.699,0.84,1.005,1.148,1.249,1.059,-0.47,0.434,0.091,-0.214,-0.399,-0.493,-0.511,-0.511,-0.468,-0.3,0.014,0.444,0.932,1.374,1.787,2.151,2.451,2.66,2.843,3.011,3.054,3.054,3.057,2.927,2.758,2.516,2.225,1.875,1.484,1.039,0.574,0.116,-0.243,-0.459,-0.538,-0.557,-0.539,-0.472,-0.317,-0.047,0.288,0.636,0.941,1.195,1.156,1.02,0.86,0.7,0.578,0.488,0.423,0.385,0.365,0.354,0.35,0.348,0.348,0.348,0.347,0.345,0.342,0.338,0.334,0.33,0.329,0.329,0.329,0.328,0.328,0.328,0.328,0.328,0.329,0.33,0.332,0.334,0.337,0.335,0.332,0.329,0.326,0.325,0.325,0.325,0.325,0.324,0.324,0.325,0.324,0.327,0.327,0.331,0.333,0.333,0.334,0.335,0.336,0.339,0.339,0.342,0.343,0.344,0.345,0.346,0.346,0.348,0.348,0.349,0.351,0.351,0.352,0.354,0.355,0.356,0.362,Acetylsalicylic_Acid_4,Acetylsalicylic_Acid,-5.130768280269024,CC(=O)Oc1ccccc1C(=O)O
0.088,0.089,0.09,0.091,0.094,0.094,0.095,0.095,0.095,0.095,0.095,0.1,0.1,0.1,0.1,0.099,0.094,0.093,0.092,0.085,0.081,0.078,0.076,0.075,0.075,0.074,0.074,0.073,0.073,0.071,0.071,0.073,0.075,0.078,0.079,0.079,0.079,0.078,0.076,0.071,0.066,0.063,0.06,0.055,0.051,0.047,0.043,0.04,0.035,0.03,0.024,0.019,0.017,0.016,0.017,0.019,0.024,0.035,0.05,0.067,0.098,0.16,0.257,0.404,0.619,0.897,1.249,1.596,1.692,1.591,1.543,1.399,1.221,1.126,1.149,1.172,1.273,1.559,2.1,2.793,3.537,4.307,5.089,5.737,6.38,6.9,7.361,7.701,7.721,7.649,7.619,7.608,7.608,7.682,7.824,7.47,7.043,6.572,6.026,5.344,4.556,3.746,2.951,2.239,1.633,1.272,1.092,1.033,1.061,1.082,1.261,1.43,1.492,1.559,1.576,1.289,0.913,0.603,0.367,0.217,0.102,0.035,-0.005,-0.03,-0.04,-0.042,-0.042,-0.042,-0.042,-0.04,-0.045,-0.047,-0.047,-0.055,-0.059,-0.06,-0.061,-0.061,-0.056,-0.055,-0.056,-0.056,-0.053,-0.051,-0.046,-0.041,-0.04,-0.042,-0.042,-0.043,-0.044,-0.044,-0.044,-0.043,-0.043,-0.04,-0.036,-0.034,-0.031,-0.03,-0.025,-0.023,-0.018,-0.016,-0.014,-0.009,-0.006,-0.001,0.003,0.006,0.009,0.009,0.014,0.015,0.013,0.013,0.014,0.014,0.016,0.017,0.02,0.022,0.026,0.029,0.035,Hydrochlorothiazide_91,Hydrochlorothiazide,-6.0,NS(=O)(=O)c1cc2c(cc1Cl)NC[N-]S2(=O)=O
1.107,1.109,1.115,1.118,1.126,1.129,1.133,1.137,1.139,1.142,1.145,1.146,1.146,1.147,1.144,1.142,1.14,1.139,1.133,1.129,1.124,1.117,1.112,1.109,1.107,1.106,1.106,1.105,1.105,1.109,1.114,1.115,1.121,1.124,1.127,1.125,1.121,1.12,1.118,1.113,1.107,1.102,1.093,1.09,1.084,1.076,1.069,1.06,1.056,1.047,1.042,1.034,1.03,1.028,1.029,1.031,1.039,1.049,1.069,1.103,1.161,1.267,1.454,1.727,2.068,2.253,2.331,2.458,2.506,2.322,2.212,1.968,1.285,0.729,0.48,0.456,0.53,0.732,1.479,2.735,4.508,6.713,8.995,10.358,11.615,12.743,13.713,14.6,15.33,15.914,16.366,16.26,16.078,15.517,14.804,13.886,13.111,12.048,10.824,9.645,7.484,5.119,3.171,1.699,0.79,0.385,0.311,0.311,0.483,0.952,1.622,2.066,2.139,2.319,2.348,2.246,2.128,2.011,1.669,1.375,1.182,1.061,0.987,0.95,0.932,0.924,0.922,0.923,0.926,0.924,0.919,0.914,0.91,0.903,0.891,0.887,0.883,0.881,0.879,0.879,0.879,0.881,0.883,0.889,0.892,0.891,0.89,0.89,0.89,0.888,0.881,0.875,0.874,0.876,0.876,0.877,0.882,0.887,0.89,0.894,0.898,0.905,0.911,0.915,0.916,0.92,0.924,0.93,0.938,0.946,0.949,0.954,0.955,0.957,0.964,0.965,0.966,0.973,0.975,0.976,0.978,0.982,0.992,0.999,1.008,Cefatrizine_39,Cefatrizine,-5.6020599913279625,N[C@H](C(=O)N[C@@H]1C(=O)N2C(C(=O)O)=C(CSc3cn[nH]n3)CS[C@@H]12)c1ccc(O)cc1
0.744,0.75,0.751,0.757,0.759,0.759,0.763,0.769,0.771,0.772,0.773,0.778,0.779,0.776,0.777,0.773,0.772,0.769,0.765,0.759,0.754,0.747,0.744,0.744,0.744,0.743,0.742,0.743,0.745,0.745,0.745,0.749,0.752,0.754,0.755,0.756,0.756,0.755,0.745,0.744,0.738,0.729,0.721,0.711,0.709,0.701,0.695,0.685,0.675,0.668,0.659,0.653,0.648,0.647,0.646,0.649,0.657,0.675,0.695,0.729,0.799,0.923,1.112,1.39,1.778,2.285,2.766,2.875,2.849,2.701,2.623,2.473,2.021,1.776,1.735,1.723,1.914,2.436,3.382,4.806,6.625,8.719,9.904,10.909,11.94,12.829,13.546,14.155,14.531,14.895,15.377,15.43,15.085,14.705,14.404,13.982,13.198,12.35,11.281,10.195,9.085,7.204,5.273,3.666,2.546,1.841,1.569,1.569,1.575,1.738,2.149,2.446,2.517,2.652,2.69,2.614,2.272,1.717,1.303,0.989,0.786,0.645,0.561,0.518,0.499,0.492,0.492,0.494,0.5,0.498,0.49,0.486,0.479,0.478,0.472,0.462,0.458,0.457,0.459,0.457,0.457,0.458,0.463,0.469,0.474,0.474,0.474,0.474,0.476,0.471,0.47,0.468,0.469,0.47,0.474,0.478,0.483,0.489,0.494,0.498,0.506,0.51,0.516,0.52,0.526,0.535,0.539,0.55,0.556,0.558,0.566,0.57,0.577,0.576,0.58,0.585,0.585,0.588,0.59,0.591,0.594,0.601,0.608,0.618,0.626,Cefuroxime_45,Cefuroxime,-6.795880017344075,CO/N=C(/C(=O)N[C@@H]1C(=O)N2C(C(=O)[O-])=C(COC(N)=O)CS[C@H]12)c1ccco1
1.448,1.45,1.451,1.455,1.457,1.461,1.462,1.466,1.466,1.467,1.469,1.47,1.471,1.473,1.473,1.473,1.47,1.467,1.462,1.459,1.458,1.456,1.455,1.453,1.453,1.453,1.453,1.454,1.454,1.456,1.458,1.463,1.466,1.471,1.473,1.477,1.476,1.473,1.471,1.466,1.463,1.461,1.461,1.459,1.459,1.455,1.452,1.448,1.444,1.439,1.433,1.43,1.427,1.427,1.427,1.428,1.432,1.442,1.454,1.47,1.5,1.556,1.646,1.778,1.954,2.145,2.291,2.371,2.089,1.734,1.276,0.715,0.108,-0.464,-0.838,-1.049,-1.142,-1.142,-1.124,-0.924,-0.543,-0.032,0.573,1.152,1.681,2.08,2.358,2.533,2.638,2.611,2.6,2.6,2.611,2.611,-1.015,2.482,2.188,1.79,1.305,0.732,0.111,-0.429,-0.862,-1.138,-1.185,-1.189,-1.155,-0.954,-0.655,-0.139,0.493,1.059,1.554,1.94,2.239,2.283,2.137,1.954,1.767,1.621,1.517,1.457,1.416,1.4,1.398,1.395,1.394,1.394,1.393,1.389,1.383,1.376,1.372,1.367,1.364,1.363,1.362,1.362,1.362,1.363,1.363,1.363,1.363,1.363,1.366,1.368,1.369,1.367,1.363,1.359,1.354,1.352,1.351,1.352,1.351,1.351,1.352,1.353,1.353,1.356,1.357,1.363,1.367,1.369,1.371,1.374,1.376,1.38,1.383,1.387,1.389,1.391,1.393,1.396,1.398,1.398,1.401,1.403,1.405,1.406,1.408,1.409,1.412,1.415,1.417,Warfarin_130,Warfarin,-4.356547323513813,CC(=O)C[C@H](c1ccccc1)c1c(O)c2ccccc2oc1=O
2.953,2.954,2.953,2.954,2.96,2.968,2.972,2.977,2.983,2.983,2.984,2.988,2.988,2.987,2.987,2.981,2.977,2.976,2.972,2.966,2.961,2.957,2.953,2.951,2.946,2.945,2.946,2.947,2.947,2.948,2.956,2.964,2.968,2.973,2.977,2.983,2.981,2.98,2.978,2.975,2.968,2.966,2.966,2.965,2.963,2.96,2.952,2.945,2.941,2.932,2.926,2.916,2.914,2.913,2.913,2.915,2.925,2.941,2.954,2.981,3.023,3.106,3.256,3.476,3.773,4.146,3.918,3.499,2.901,2.193,1.426,0.453,-0.692,-1.749,-2.585,-3.079,-3.303,-3.348,-3.348,-3.211,-2.818,-2.173,-1.484,-0.821,-0.101,0.636,1.407,2.104,2.753,3.333,3.707,3.976,3.578,3.039,2.434,1.694,0.913,0.162,-0.611,-1.394,-1.977,-2.642,-3.155,-3.361,-3.361,-3.349,-3.241,-2.831,-2.093,-1.055,0.053,1.151,1.94,2.667,3.31,3.791,4.1,3.833,3.509,3.264,3.101,3.002,2.944,2.92,2.912,2.91,2.909,2.908,2.903,2.899,2.89,2.881,2.868,2.858,2.853,2.853,2.858,2.862,2.866,2.866,2.866,2.866,2.866,2.863,2.863,2.867,2.866,2.863,2.859,2.851,2.841,2.836,2.836,2.837,2.837,2.837,2.836,2.837,2.838,2.838,2.844,2.852,2.853,2.856,2.861,2.864,2.869,2.874,2.877,2.883,2.886,2.888,2.892,2.899,2.902,2.903,2.907,2.91,2.915,2.919,2.922,2.923,2.923,2.924,2.93,Methylprednisolone_19,Methylprednisolone,-4.795880017344075,C[C@@H]1C[C@H]2[C@@H]([C@@H](O)C[C@]3(C)[C@@H]2CC[C@@]3(O)C(=O)CO)[C@]2(C)C=CC(=O)C=C12
1.295,1.296,1.296,1.299,1.302,1.304,1.304,1.307,1.311,1.311,1.311,1.313,1.314,1.314,1.315,1.314,1.312,1.311,1.309,1.306,1.304,1.302,1.302,1.303,1.303,1.303,1.303,1.303,1.305,1.308,1.312,1.313,1.317,1.319,1.32,1.322,1.325,1.322,1.32,1.316,1.313,1.31,1.309,1.308,1.307,1.304,1.298,1.296,1.291,1.288,1.284,1.28,1.279,1.278,1.278,1.281,1.285,1.292,1.3,1.311,1.331,1.363,1.432,1.531,1.673,1.864,1.884,1.628,1.292,0.927,0.562,0.154,-0.258,-0.668,-1.01,-1.171,-1.24,-1.236,-1.213,-1.11,-0.84,-0.429,-0.006,0.374,0.807,1.223,1.512,1.639,1.557,1.518,1.503,1.501,1.501,1.517,1.57,1.59,1.334,0.923,0.496,0.095,-0.299,-0.756,-1.089,-1.261,-1.292,-1.292,-1.254,-1.139,-0.862,-0.438,-0.009,0.398,0.771,1.146,1.505,1.76,1.874,1.67,1.512,1.396,1.329,1.283,1.258,1.244,1.24,1.24,1.24,1.241,1.238,1.238,1.236,1.229,1.227,1.222,1.218,1.218,1.217,1.215,1.217,1.217,1.217,1.216,1.216,1.217,1.219,1.221,1.22,1.219,1.216,1.214,1.209,1.208,1.207,1.207,1.208,1.208,1.208,1.209,1.21,1.212,1.213,1.216,1.218,1.22,1.225,1.227,1.23,1.234,1.237,1.241,1.243,1.246,1.249,1.251,1.252,1.253,1.253,1.255,1.256,1.257,1.259,1.26,1.262,1.263,1.266,Bupropion_33,Bupropion,-3.886056647693163,C[C@H](NC(C)(C)C)C(=O)c1cccc(Cl)c1
1.067,1.069,1.07,1.074,1.075,1.078,1.08,1.079,1.079,1.079,1.079,1.079,1.082,1.086,1.085,1.081,1.075,1.073,1.068,1.066,1.06,1.056,1.052,1.049,1.045,1.044,1.044,1.043,1.045,1.045,1.044,1.044,1.043,1.046,1.046,1.042,1.042,1.04,1.026,1.025,1.02,1.008,1.001,0.998,0.993,0.983,0.969,0.959,0.946,0.936,0.925,0.914,0.901,0.884,0.874,0.862,0.858,0.858,0.858,0.866,0.908,0.971,1.051,1.181,1.354,1.547,1.741,1.513,1.567,1.566,1.399,1.167,0.785,0.449,0.562,0.521,0.462,0.709,1.314,2.2,3.654,4.843,6.03,7.117,8.082,8.952,9.49,9.767,9.628,9.549,9.511,9.513,9.517,9.566,9.694,9.807,9.318,8.527,7.543,6.478,5.238,3.859,2.598,1.621,0.983,0.563,0.353,0.294,0.444,0.603,0.948,1.207,1.411,1.477,1.43,1.702,1.397,1.311,1.128,0.985,0.885,0.817,0.78,0.764,0.762,0.764,0.773,0.784,0.797,0.811,0.82,0.831,0.833,0.842,0.847,0.843,0.842,0.844,0.844,0.848,0.854,0.857,0.86,0.865,0.87,0.877,0.879,0.886,0.886,0.885,0.885,0.884,0.884,0.887,0.889,0.893,0.896,0.901,0.906,0.909,0.916,0.92,0.926,0.929,0.935,0.94,0.945,0.951,0.954,0.96,0.964,0.97,0.973,0.972,0.974,0.976,0.977,0.98,0.984,0.985,0.99,0.991,0.996,1.002,1.006,Loracarbef_6,Loracarbef,-6.040958607678906,[NH3+][C@@H](C(=O)N[C@@H]1C(=O)N2C(C(=O)[O-])=C(Cl)CC[C@H]12)c1ccccc1
1.699,1.7,1.7,1.703,1.707,1.711,1.714,1.716,1.718,1.72,1.721,1.723,1.724,1.724,1.724,1.723,1.721,1.718,1.715,1.711,1.707,1.705,1.703,1.703,1.702,1.702,1.701,1.701,1.703,1.706,1.709,1.713,1.718,1.722,1.725,1.725,1.725,1.724,1.722,1.719,1.716,1.714,1.71,1.709,1.704,1.7,1.7,1.697,1.691,1.685,1.682,1.676,1.673,1.673,1.673,1.674,1.681,1.687,1.701,1.714,1.74,1.791,1.87,2.001,2.189,2.389,2.288,2.088,1.733,1.399,1.071,0.487,-0.231,-0.868,-1.345,-1.655,-1.75,-1.719,-1.698,-1.601,-1.292,-0.853,-0.345,0.166,0.743,1.313,1.893,2.43,2.831,3.112,3.283,3.309,3.205,3.056,2.655,2.086,1.489,0.903,0.306,-0.244,-0.746,-1.223,-1.569,-1.71,-1.78,-1.78,-1.733,-1.519,-1.115,-0.492,0.248,0.923,1.29,1.616,1.924,2.21,2.307,2.196,1.986,1.856,1.753,1.697,1.667,1.65,1.644,1.644,1.644,1.643,1.638,1.638,1.634,1.632,1.624,1.615,1.614,1.614,1.614,1.613,1.613,1.614,1.613,1.614,1.616,1.615,1.617,1.619,1.617,1.614,1.613,1.609,1.603,1.601,1.6,1.6,1.6,1.6,1.6,1.6,1.603,1.605,1.607,1.61,1.614,1.617,1.621,1.624,1.627,1.63,1.635,1.638,1.641,1.645,1.647,1.648,1.651,1.652,1.654,1.655,1.657,1.658,1.662,1.662,1.665,1.667,1.671,Oxyprenolol_46,Oxyprenolol,-3.886056647693163,C=CCOc1ccccc1OC[C@H](O)CNC(C)C
0.407,0.407,0.408,0.411,0.412,0.414,0.415,0.415,0.417,0.417,0.418,0.419,0.419,0.418,0.418,0.417,0.416,0.415,0.413,0.411,0.41,0.408,0.405,0.404,0.404,0.404,0.402,0.402,0.402,0.402,0.403,0.405,0.406,0.408,0.41,0.412,0.412,0.412,0.41,0.406,0.405,0.403,0.401,0.401,0.402,0.401,0.399,0.395,0.393,0.391,0.388,0.386,0.385,0.385,0.385,0.386,0.387,0.393,0.4,0.408,0.419,0.449,0.503,0.579,0.679,0.819,0.973,1.071,0.986,0.837,0.662,0.446,0.181,0.01,-0.07,-0.101,-0.101,-0.02,0.212,0.559,1.049,1.628,2.206,2.692,3.077,3.461,3.75,3.995,4.179,4.402,4.506,4.536,4.492,4.298,4.064,3.842,3.612,3.284,2.879,2.393,1.834,1.214,0.691,0.29,0.012,-0.114,-0.117,-0.117,-0.038,0.103,0.34,0.586,0.766,0.927,1.049,0.992,0.838,0.687,0.577,0.496,0.44,0.408,0.388,0.382,0.378,0.376,0.375,0.372,0.372,0.374,0.375,0.371,0.367,0.365,0.362,0.362,0.362,0.361,0.361,0.361,0.363,0.362,0.362,0.364,0.364,0.366,0.368,0.367,0.367,0.363,0.359,0.359,0.359,0.358,0.358,0.358,0.359,0.36,0.361,0.363,0.364,0.366,0.365,0.365,0.367,0.368,0.37,0.373,0.372,0.372,0.372,0.375,0.378,0.378,0.378,0.378,0.379,0.379,0.382,0.383,0.384,0.385,0.386,0.387,0.392,Acetaminophen_3,Acetaminophen,-4.455931955649724,CC(=O)Nc1ccc(O)cc1
1.595,1.595,1.595,1.598,1.602,1.605,1.606,1.609,1.611,1.614,1.614,1.616,1.616,1.617,1.615,1.614,1.612,1.61,1.606,1.604,1.602,1.599,1.598,1.598,1.598,1.597,1.596,1.596,1.598,1.6,1.603,1.607,1.609,1.612,1.614,1.615,1.615,1.614,1.614,1.611,1.609,1.607,1.604,1.602,1.599,1.595,1.593,1.591,1.585,1.582,1.578,1.573,1.572,1.572,1.573,1.574,1.578,1.584,1.592,1.604,1.626,1.663,1.734,1.84,1.978,2.125,2.017,1.804,1.576,1.279,0.971,0.439,-0.184,-0.751,-1.224,-1.469,-1.581,-1.611,-1.588,-1.544,-1.412,-1.139,-0.723,-0.237,0.326,0.931,1.557,2.122,2.551,2.845,3.025,3.048,2.948,2.788,2.36,1.755,1.136,0.492,-0.088,-0.614,-1.044,-1.377,-1.556,-1.62,-1.615,-1.626,-1.568,-1.361,-0.937,-0.406,0.215,0.823,1.179,1.432,1.733,1.941,2.098,2.001,1.838,1.721,1.642,1.596,1.566,1.555,1.551,1.552,1.552,1.553,1.546,1.546,1.545,1.541,1.534,1.527,1.524,1.525,1.525,1.526,1.528,1.527,1.526,1.527,1.528,1.528,1.528,1.531,1.53,1.526,1.525,1.521,1.517,1.514,1.514,1.514,1.514,1.514,1.514,1.514,1.515,1.517,1.521,1.523,1.526,1.53,1.531,1.535,1.537,1.541,1.544,1.549,1.55,1.552,1.553,1.555,1.558,1.558,1.559,1.562,1.563,1.563,1.567,1.568,1.569,1.571,1.573,Propranolol_66,Propranolol,-3.769551078621726,CC(C)NC[C@@H](O)COc1cccc2ccccc12
0.601,0.601,0.604,0.604,0.605,0.611,0.615,0.616,0.616,0.616,0.618,0.62,0.614,0.613,0.609,0.609,0.609,0.608,0.599,0.599,0.596,0.592,0.59,0.587,0.584,0.582,0.58,0.58,0.583,0.585,0.586,0.587,0.589,0.591,0.596,0.596,0.595,0.592,0.587,0.586,0.582,0.58,0.575,0.572,0.566,0.562,0.556,0.55,0.547,0.539,0.532,0.527,0.523,0.522,0.522,0.524,0.533,0.546,0.565,0.592,0.642,0.732,0.877,1.093,1.39,1.696,1.717,1.556,1.466,1.42,1.375,1.383,1.408,1.139,0.994,0.996,0.996,1.172,1.603,2.356,3.155,4.112,5.124,5.532,5.932,6.293,6.678,7.036,7.353,7.644,8.025,8.16,7.826,7.471,7.136,6.723,6.31,5.952,5.624,5.309,4.41,3.39,2.539,1.732,1.202,0.954,0.913,0.912,0.974,1.254,1.311,1.284,1.291,1.35,1.422,1.6,1.673,1.383,1.057,0.826,0.671,0.564,0.507,0.477,0.459,0.456,0.457,0.455,0.455,0.453,0.449,0.446,0.441,0.432,0.426,0.422,0.422,0.422,0.422,0.425,0.428,0.43,0.434,0.437,0.439,0.434,0.434,0.434,0.435,0.437,0.436,0.435,0.436,0.436,0.438,0.442,0.442,0.446,0.449,0.454,0.458,0.459,0.461,0.466,0.47,0.476,0.479,0.485,0.489,0.49,0.493,0.494,0.499,0.507,0.509,0.509,0.511,0.512,0.513,0.515,0.52,0.522,0.526,0.531,0.541,Sulfasalazine_96,Sulfasalazine,-6.318758762624412,O=C(O)c1cc(/N=N/c2ccc(S(=O)(=O)/N=c3/cccc[nH]3)cc2)ccc1[O-]
0.215,0.215,0.218,0.219,0.221,0.226,0.228,0.229,0.229,0.229,0.229,0.23,0.231,0.232,0.234,0.233,0.232,0.23,0.225,0.222,0.22,0.219,0.218,0.218,0.217,0.217,0.218,0.218,0.218,0.221,0.224,0.226,0.23,0.231,0.234,0.236,0.234,0.231,0.231,0.226,0.218,0.216,0.214,0.212,0.209,0.208,0.205,0.201,0.199,0.195,0.19,0.186,0.184,0.183,0.183,0.184,0.19,0.197,0.206,0.219,0.243,0.292,0.367,0.481,0.636,0.836,1.052,1.235,1.35,1.188,0.914,0.608,0.263,0.014,-0.178,-0.231,-0.231,-0.235,-0.122,0.186,0.649,1.266,2.005,2.82,3.623,4.392,5.048,5.579,5.88,5.966,5.951,5.951,5.951,5.972,5.753,5.243,4.583,3.835,3.028,2.197,1.424,0.76,0.248,-0.111,-0.283,-0.295,-0.295,-0.274,-0.131,0.09,0.4,0.74,1.039,1.255,1.215,1.056,0.838,0.619,0.445,0.326,0.238,0.185,0.153,0.137,0.132,0.131,0.129,0.13,0.13,0.129,0.129,0.126,0.123,0.114,0.11,0.108,0.108,0.107,0.106,0.106,0.105,0.105,0.106,0.108,0.109,0.115,0.119,0.116,0.114,0.111,0.107,0.105,0.105,0.106,0.106,0.106,0.107,0.106,0.106,0.107,0.114,0.117,0.12,0.122,0.125,0.127,0.128,0.131,0.133,0.137,0.141,0.143,0.143,0.146,0.148,0.148,0.148,0.148,0.15,0.15,0.151,0.155,0.156,0.159,0.163,Guanabenz_86,Guanabenz,-3.721246399047171,NC(N)=N/N=C\c1c(Cl)cccc1Cl
0.238,0.238,0.239,0.239,0.24,0.242,0.244,0.245,0.245,0.245,0.245,0.247,0.248,0.247,0.246,0.245,0.243,0.24,0.239,0.237,0.236,0.234,0.234,0.231,0.227,0.227,0.226,0.225,0.221,0.221,0.222,0.224,0.225,0.226,0.228,0.231,0.229,0.229,0.228,0.227,0.226,0.226,0.227,0.226,0.226,0.226,0.225,0.223,0.222,0.219,0.217,0.214,0.214,0.214,0.214,0.214,0.216,0.219,0.224,0.232,0.244,0.267,0.306,0.366,0.444,0.548,0.657,0.763,0.808,0.684,0.477,0.235,0.011,-0.175,-0.286,-0.304,-0.304,-0.293,-0.21,0.0,0.346,0.804,1.354,1.989,2.652,3.292,3.852,4.296,4.623,4.77,4.774,4.774,4.778,4.787,4.534,4.112,3.548,2.879,2.194,1.547,0.97,0.481,0.103,-0.158,-0.285,-0.302,-0.302,-0.302,-0.217,-0.049,0.162,0.408,0.629,0.785,0.782,0.689,0.578,0.468,0.388,0.319,0.277,0.251,0.242,0.236,0.232,0.23,0.23,0.228,0.227,0.224,0.222,0.221,0.215,0.215,0.215,0.215,0.215,0.216,0.217,0.218,0.218,0.221,0.22,0.219,0.22,0.221,0.223,0.222,0.22,0.217,0.215,0.214,0.214,0.213,0.213,0.212,0.212,0.212,0.213,0.213,0.217,0.219,0.22,0.217,0.217,0.217,0.217,0.218,0.22,0.22,0.217,0.217,0.217,0.218,0.219,0.219,0.222,0.224,0.225,0.227,0.227,0.227,0.227,0.228,0.231,Salicylic_Acid_81,Salicylic_Acid,-5.0,O=C(O)c1ccccc1O
1.385,1.387,1.387,1.39,1.392,1.396,1.397,1.4,1.401,1.401,1.401,1.405,1.406,1.406,1.404,1.402,1.398,1.398,1.395,1.391,1.385,1.38,1.379,1.379,1.378,1.378,1.379,1.379,1.378,1.379,1.379,1.381,1.387,1.39,1.394,1.395,1.395,1.39,1.387,1.385,1.377,1.374,1.367,1.362,1.36,1.355,1.344,1.341,1.336,1.331,1.325,1.318,1.315,1.315,1.316,1.321,1.325,1.334,1.35,1.37,1.398,1.465,1.572,1.76,1.974,2.021,2.023,2.023,2.022,2.004,1.876,1.322,0.706,0.292,0.087,0.019,0.019,0.092,0.391,0.952,1.698,2.599,3.512,4.466,5.439,6.162,6.595,6.719,6.557,6.512,6.497,6.497,6.501,6.531,6.605,6.78,6.473,5.764,4.853,3.832,2.87,1.909,1.113,0.454,0.072,-0.072,-0.072,-0.041,0.11,0.465,1.014,1.661,1.884,1.917,1.921,1.922,1.93,1.893,1.707,1.521,1.394,1.322,1.276,1.254,1.243,1.244,1.244,1.244,1.243,1.243,1.24,1.238,1.23,1.223,1.218,1.217,1.214,1.212,1.213,1.213,1.221,1.221,1.222,1.226,1.228,1.229,1.229,1.233,1.232,1.227,1.22,1.22,1.222,1.224,1.225,1.226,1.23,1.233,1.239,1.241,1.244,1.248,1.255,1.257,1.259,1.268,1.272,1.28,1.285,1.289,1.295,1.299,1.303,1.302,1.302,1.304,1.306,1.309,1.311,1.312,1.315,1.317,1.318,1.321,1.325,Penicillin_V_50,Penicillin_V,-6.823908740944319,CC1(C)S[C@H]2[C@H](NC(=O)COc3ccccc3)C(=O)N2[C@@H]1C(=O)[O-]
1.084,1.083,1.084,1.084,1.089,1.092,1.095,1.097,1.099,1.099,1.099,1.101,1.103,1.102,1.101,1.1,1.099,1.096,1.094,1.091,1.089,1.088,1.087,1.084,1.083,1.084,1.083,1.082,1.082,1.083,1.085,1.089,1.092,1.094,1.096,1.1,1.099,1.098,1.096,1.093,1.088,1.086,1.086,1.086,1.086,1.084,1.081,1.077,1.074,1.069,1.066,1.062,1.061,1.061,1.061,1.061,1.065,1.072,1.08,1.09,1.109,1.146,1.214,1.315,1.454,1.627,1.789,1.762,1.487,1.097,0.647,0.163,-0.301,-0.709,-0.993,-1.149,-1.176,-1.176,-1.143,-0.965,-0.622,-0.125,0.461,1.113,1.775,2.383,2.866,3.271,3.505,3.659,3.693,3.693,3.695,3.568,3.411,3.095,2.598,1.989,1.327,0.661,0.041,-0.495,-0.899,-1.137,-1.207,-1.207,-1.199,-1.087,-0.841,-0.464,-0.007,0.467,0.935,1.341,1.661,1.807,1.661,1.469,1.308,1.204,1.13,1.086,1.061,1.05,1.045,1.044,1.044,1.045,1.046,1.045,1.042,1.037,1.031,1.025,1.023,1.023,1.024,1.024,1.025,1.026,1.024,1.024,1.025,1.025,1.028,1.029,1.031,1.03,1.027,1.022,1.019,1.017,1.017,1.016,1.016,1.017,1.017,1.017,1.018,1.019,1.022,1.026,1.028,1.028,1.03,1.031,1.034,1.039,1.042,1.043,1.043,1.043,1.046,1.048,1.05,1.05,1.051,1.053,1.055,1.057,1.058,1.058,1.059,1.06,1.062,Gabapentin_80,Gabapentin,-6.443697499232713,NCC1(CC(=O)O)CCCCC1
