lgfe_0,lgfe_1,lgfe_2,lgfe_3,lgfe_4,lgfe_5,lgfe_6,lgfe_7,lgfe_8,lgfe_9,lgfe_10,lgfe_11,lgfe_12,lgfe_13,lgfe_14,lgfe_15,lgfe_16,lgfe_17,lgfe_18,lgfe_19,lgfe_20,lgfe_21,lgfe_22,lgfe_23,lgfe_24,lgfe_25,lgfe_26,lgfe_27,lgfe_28,lgfe_29,lgfe_30,lgfe_31,lgfe_32,lgfe_33,lgfe_34,lgfe_35,lgfe_36,lgfe_37,lgfe_38,lgfe_39,lgfe_40,lgfe_41,lgfe_42,lgfe_43,lgfe_44,lgfe_45,lgfe_46,lgfe_47,lgfe_48,lgfe_49,lgfe_50,lgfe_51,lgfe_52,lgfe_53,lgfe_54,lgfe_55,lgfe_56,lgfe_57,lgfe_58,lgfe_59,lgfe_60,lgfe_61,lgfe_62,lgfe_63,lgfe_64,lgfe_65,lgfe_66,lgfe_67,lgfe_68,lgfe_69,lgfe_70,lgfe_71,lgfe_72,lgfe_73,lgfe_74,lgfe_75,lgfe_76,lgfe_77,lgfe_78,lgfe_79,lgfe_80,lgfe_81,lgfe_82,lgfe_83,lgfe_84,lgfe_85,lgfe_86,lgfe_87,lgfe_88,lgfe_89,lgfe_90,lgfe_91,lgfe_92,lgfe_93,lgfe_94,lgfe_95,lgfe_96,lgfe_97,lgfe_98,lgfe_99,lgfe_100,lgfe_101,lgfe_102,lgfe_103,lgfe_104,lgfe_105,lgfe_106,lgfe_107,lgfe_108,lgfe_109,lgfe_110,lgfe_111,lgfe_112,lgfe_113,lgfe_114,lgfe_115,lgfe_116,lgfe_117,lgfe_118,lgfe_119,lgfe_120,lgfe_121,lgfe_122,lgfe_123,lgfe_124,lgfe_125,lgfe_126,lgfe_127,lgfe_128,lgfe_129,lgfe_130,lgfe_131,lgfe_132,lgfe_133,lgfe_134,lgfe_135,lgfe_136,lgfe_137,lgfe_138,lgfe_139,lgfe_140,lgfe_141,lgfe_142,lgfe_143,lgfe_144,lgfe_145,lgfe_146,lgfe_147,lgfe_148,lgfe_149,lgfe_150,lgfe_151,lgfe_152,lgfe_153,lgfe_154,lgfe_155,lgfe_156,lgfe_157,lgfe_158,lgfe_159,lgfe_160,lgfe_161,lgfe_162,lgfe_163,lgfe_164,lgfe_165,lgfe_166,lgfe_167,lgfe_168,lgfe_169,lgfe_170,lgfe_171,lgfe_172,lgfe_173,lgfe_174,lgfe_175,lgfe_176,lgfe_177,lgfe_178,lgfe_179,lgfe_180,lgfe_181,lgfe_182,lgfe_183,lgfe_184,Molecule,Parent,log10_P_app,SMILES
2.636,2.638,2.643,2.646,2.649,2.653,2.655,2.657,2.658,2.658,2.659,2.662,2.663,2.664,2.664,2.66,2.66,2.659,2.657,2.651,2.648,2.643,2.642,2.641,2.641,2.64,2.64,2.641,2.643,2.647,2.65,2.652,2.654,2.651,2.65,2.65,2.651,2.652,2.646,2.644,2.639,2.633,2.627,2.621,2.613,2.606,2.599,2.587,2.579,2.571,2.562,2.552,2.547,2.542,2.535,2.529,2.522,2.523,2.524,2.533,2.551,2.604,2.636,2.528,2.388,2.213,1.977,1.743,1.495,1.262,1.07,0.663,-0.278,-1.0,-1.485,-1.762,-1.792,-1.778,-1.626,-1.343,-0.599,0.037,0.241,0.521,0.761,1.127,1.515,1.894,2.231,2.278,2.257,2.259,2.263,2.326,2.028,1.66,1.268,0.864,0.547,0.328,0.075,-0.456,-1.15,-1.655,-1.831,-1.864,-1.864,-1.723,-1.257,-0.624,0.293,0.901,1.113,1.321,1.586,1.823,2.055,2.261,2.403,2.557,2.504,2.46,2.438,2.422,2.423,2.43,2.432,2.432,2.432,2.435,2.443,2.448,2.455,2.454,2.455,2.454,2.45,2.45,2.453,2.455,2.461,2.466,2.471,2.473,2.473,2.473,2.472,2.471,2.471,2.471,2.469,2.467,2.467,2.467,2.469,2.473,2.476,2.479,2.48,2.485,2.488,2.491,2.497,2.502,2.507,2.515,2.521,2.526,2.53,2.536,2.541,2.545,2.55,2.554,2.557,2.562,2.564,2.569,2.569,2.572,2.577,2.578,2.58,2.583,2.585,Donepezil_62,Donepezil,-4.471083299722345,COc1cc2c(cc1OC)C(=O)[C@@H](C[C@H]1CC[N@H+](Cc3ccccc3)CC1)C2
1.631,1.635,1.637,1.64,1.643,1.644,1.647,1.648,1.648,1.648,1.649,1.649,1.652,1.652,1.65,1.65,1.648,1.645,1.639,1.635,1.633,1.629,1.629,1.626,1.627,1.626,1.625,1.625,1.628,1.63,1.633,1.634,1.635,1.635,1.637,1.638,1.638,1.631,1.629,1.623,1.619,1.607,1.603,1.599,1.594,1.587,1.577,1.571,1.562,1.549,1.545,1.533,1.524,1.514,1.504,1.495,1.495,1.495,1.499,1.513,1.538,1.586,1.66,1.786,1.95,2.069,2.106,1.977,1.711,1.33,0.845,0.363,-0.233,-0.801,-1.159,-1.302,-1.323,-1.323,-1.175,-0.788,-0.15,0.608,1.479,2.157,2.71,3.094,3.305,3.48,3.353,3.283,3.26,3.26,3.264,3.302,3.412,3.456,3.229,2.841,2.379,1.684,0.847,0.039,-0.661,-1.142,-1.36,-1.379,-1.379,-1.291,-0.996,-0.495,0.16,0.641,1.126,1.549,1.861,2.007,2.044,1.929,1.746,1.617,1.533,1.479,1.446,1.437,1.431,1.431,1.433,1.441,1.45,1.454,1.467,1.469,1.47,1.476,1.475,1.476,1.476,1.477,1.478,1.479,1.482,1.484,1.49,1.493,1.498,1.5,1.501,1.502,1.501,1.5,1.498,1.498,1.499,1.499,1.5,1.501,1.504,1.505,1.507,1.51,1.515,1.518,1.52,1.526,1.531,1.535,1.54,1.544,1.549,1.554,1.558,1.562,1.562,1.564,1.567,1.568,1.572,1.574,1.577,1.578,1.581,1.585,1.587,1.592,1.595,Clozapine_57,Clozapine,-4.548213564475709,C[NH+]1CCN(C2=Nc3cc(Cl)ccc3Nc3ccccc32)CC1
2.357,2.358,2.36,2.36,2.365,2.367,2.372,2.375,2.376,2.382,2.382,2.384,2.383,2.384,2.383,2.381,2.381,2.374,2.372,2.37,2.367,2.363,2.362,2.36,2.361,2.362,2.362,2.362,2.365,2.369,2.375,2.38,2.385,2.392,2.395,2.397,2.395,2.393,2.393,2.389,2.386,2.381,2.378,2.374,2.37,2.366,2.361,2.359,2.355,2.347,2.342,2.335,2.331,2.33,2.33,2.331,2.341,2.352,2.365,2.388,2.425,2.493,2.602,2.776,3.015,3.134,2.876,2.604,2.269,1.839,1.19,0.375,-0.521,-1.34,-2.019,-2.441,-2.646,-2.669,-2.67,-2.61,-2.484,-2.172,-1.867,-1.581,-1.317,-1.231,-1.102,-0.885,-0.644,-0.384,-0.097,-0.025,-0.32,-0.593,-0.855,-1.091,-1.252,-1.354,-1.537,-1.837,-2.119,-2.462,-2.632,-2.722,-2.731,-2.726,-2.601,-2.254,-1.615,-0.936,0.023,0.799,1.662,2.099,2.462,2.752,2.967,3.023,2.761,2.573,2.441,2.365,2.321,2.297,2.291,2.288,2.288,2.282,2.282,2.275,2.272,2.267,2.258,2.249,2.247,2.247,2.249,2.248,2.248,2.248,2.248,2.248,2.249,2.249,2.251,2.25,2.247,2.245,2.245,2.238,2.23,2.228,2.226,2.227,2.228,2.228,2.228,2.229,2.23,2.232,2.233,2.239,2.244,2.248,2.253,2.259,2.263,2.267,2.273,2.276,2.282,2.286,2.29,2.29,2.295,2.297,2.3,2.301,2.303,2.304,2.305,2.308,2.313,2.316,2.319,Perphenazine_53,Perphenazine,-5.7447274948966935,OCCN1CCN(CCCN2c3ccccc3Sc3ccc(Cl)cc32)CC1
2.564,2.564,2.564,2.569,2.573,2.576,2.578,2.582,2.582,2.583,2.583,2.584,2.585,2.585,2.585,2.58,2.58,2.577,2.576,2.571,2.567,2.565,2.564,2.563,2.563,2.563,2.564,2.563,2.565,2.567,2.57,2.575,2.578,2.577,2.577,2.574,2.574,2.573,2.57,2.563,2.56,2.555,2.543,2.539,2.534,2.529,2.522,2.514,2.504,2.497,2.493,2.482,2.478,2.472,2.465,2.467,2.459,2.464,2.462,2.473,2.49,2.525,2.608,2.698,2.66,2.43,2.212,2.021,1.615,1.072,0.492,-0.275,-0.978,-1.536,-2.065,-2.405,-2.648,-2.644,-2.668,-2.566,-2.485,-2.172,-1.842,-1.336,-0.878,-0.631,-0.438,-0.453,-0.527,-0.585,-0.599,-0.599,-0.593,-0.553,-0.483,-0.388,-0.549,-0.812,-1.426,-1.682,-2.078,-2.45,-2.654,-2.712,-2.69,-2.664,-2.571,-2.258,-1.771,-1.233,-0.494,0.195,0.872,1.41,1.926,2.111,2.321,2.543,2.684,2.566,2.48,2.437,2.412,2.399,2.4,2.395,2.401,2.4,2.41,2.419,2.422,2.422,2.421,2.421,2.425,2.426,2.426,2.428,2.43,2.432,2.432,2.437,2.438,2.443,2.445,2.448,2.448,2.444,2.443,2.443,2.443,2.442,2.441,2.441,2.441,2.442,2.444,2.446,2.446,2.45,2.453,2.457,2.46,2.465,2.47,2.474,2.479,2.486,2.491,2.497,2.499,2.503,2.505,2.508,2.511,2.516,2.518,2.522,2.524,2.526,2.529,2.529,2.533,2.537,2.541,Trifluoperazine_121,Trifluoperazine,-6.154901959985743,CN1CC[NH+](CCCN2c3ccccc3Sc3ccc(C(F)(F)F)cc32)CC1
2.525,2.526,2.526,2.527,2.532,2.534,2.536,2.542,2.543,2.546,2.548,2.55,2.552,2.552,2.553,2.552,2.549,2.547,2.545,2.541,2.537,2.536,2.536,2.536,2.537,2.538,2.539,2.54,2.544,2.547,2.552,2.556,2.56,2.566,2.571,2.572,2.573,2.571,2.568,2.565,2.561,2.556,2.555,2.554,2.548,2.546,2.543,2.538,2.532,2.527,2.521,2.514,2.512,2.512,2.512,2.514,2.522,2.529,2.545,2.561,2.584,2.64,2.74,2.887,3.087,3.146,2.835,2.439,1.972,1.408,0.673,-0.049,-0.75,-1.55,-2.191,-2.66,-2.935,-3.01,-3.019,-3.019,-2.928,-2.694,-2.378,-2.132,-1.908,-1.763,-1.795,-1.795,-1.866,-1.925,-1.936,-1.936,-1.932,-1.905,-1.834,-1.83,-1.837,-1.881,-2.109,-2.352,-2.656,-2.915,-3.062,-3.082,-3.089,-3.049,-2.843,-2.434,-1.83,-1.08,-0.327,0.348,1.11,1.753,2.256,2.674,3.011,3.091,2.869,2.708,2.593,2.524,2.483,2.467,2.465,2.465,2.466,2.466,2.457,2.456,2.452,2.446,2.437,2.43,2.425,2.425,2.425,2.426,2.428,2.428,2.428,2.427,2.427,2.426,2.427,2.429,2.427,2.425,2.42,2.417,2.409,2.407,2.407,2.407,2.408,2.409,2.409,2.409,2.409,2.411,2.412,2.417,2.421,2.426,2.43,2.433,2.441,2.446,2.45,2.455,2.459,2.464,2.468,2.47,2.473,2.476,2.478,2.479,2.481,2.483,2.484,2.485,2.488,2.49,2.494,Mesoridazine_16,Mesoridazine,-4.826813731587726,CN1CCCC[C@H]1CCN1c2ccccc2Sc2ccc([S@@](C)=O)cc21
2.339,2.341,2.344,2.349,2.354,2.359,2.362,2.367,2.369,2.372,2.372,2.374,2.374,2.376,2.375,2.375,2.374,2.369,2.366,2.364,2.361,2.357,2.355,2.355,2.355,2.354,2.356,2.356,2.359,2.361,2.362,2.362,2.367,2.371,2.374,2.378,2.376,2.375,2.374,2.371,2.365,2.36,2.358,2.355,2.353,2.347,2.341,2.338,2.332,2.325,2.318,2.314,2.312,2.31,2.31,2.31,2.313,2.319,2.335,2.357,2.392,2.468,2.59,2.786,3.038,3.376,3.144,2.91,2.578,2.221,1.751,1.085,0.33,-0.221,-0.502,-0.591,-0.601,-0.593,-0.345,0.159,0.967,1.909,3.063,3.941,4.522,4.838,5.121,5.422,5.742,6.069,6.387,6.542,6.148,5.824,5.464,5.123,4.816,4.655,4.14,3.36,2.298,1.239,0.359,-0.287,-0.623,-0.723,-0.712,-0.67,-0.444,0.034,0.755,1.44,2.019,2.36,2.652,2.95,3.226,2.992,2.724,2.521,2.381,2.294,2.246,2.225,2.217,2.216,2.216,2.214,2.208,2.208,2.203,2.201,2.196,2.192,2.183,2.183,2.18,2.181,2.182,2.183,2.182,2.182,2.184,2.186,2.187,2.186,2.185,2.181,2.18,2.173,2.166,2.164,2.164,2.165,2.164,2.164,2.166,2.173,2.175,2.181,2.185,2.188,2.193,2.196,2.202,2.207,2.211,2.217,2.22,2.226,2.229,2.235,2.24,2.244,2.248,2.251,2.253,2.255,2.256,2.259,2.262,2.263,2.268,2.274,2.283,Tiagabine_114,Tiagabine,-4.767003889607846,Cc1ccsc1C(=CCCN1CCC[C@H](C(=O)O)C1)c1sccc1C
2.33,2.331,2.333,2.338,2.34,2.344,2.343,2.346,2.345,2.344,2.344,2.343,2.341,2.337,2.337,2.336,2.332,2.329,2.328,2.324,2.319,2.317,2.314,2.307,2.307,2.306,2.304,2.302,2.302,2.303,2.305,2.307,2.307,2.304,2.304,2.3,2.296,2.295,2.29,2.282,2.281,2.274,2.261,2.256,2.251,2.241,2.229,2.219,2.211,2.199,2.183,2.175,2.162,2.148,2.137,2.122,2.104,2.094,2.087,2.083,2.086,2.098,2.14,2.205,2.236,2.009,1.652,1.308,0.93,0.552,0.205,-0.132,-0.84,-1.442,-1.779,-1.953,-1.987,-1.968,-1.846,-1.436,-0.904,-0.331,0.155,0.569,0.941,1.208,1.454,1.541,1.733,1.953,2.253,2.351,2.073,1.857,1.639,1.504,1.354,1.033,0.71,0.367,-0.142,-0.627,-1.3,-1.775,-1.988,-1.993,-1.983,-1.884,-1.614,-1.092,-0.342,0.11,0.381,0.766,1.134,1.539,1.907,2.17,2.188,2.113,2.07,2.051,2.049,2.05,2.052,2.059,2.073,2.087,2.101,2.124,2.129,2.136,2.144,2.15,2.152,2.154,2.156,2.162,2.169,2.173,2.176,2.183,2.187,2.193,2.194,2.198,2.2,2.201,2.205,2.207,2.207,2.207,2.207,2.207,2.21,2.211,2.215,2.217,2.219,2.225,2.227,2.23,2.236,2.241,2.246,2.252,2.257,2.26,2.263,2.267,2.269,2.272,2.276,2.278,2.28,2.286,2.29,2.292,2.296,2.299,2.3,2.305,2.309,2.309,2.311,Quetiapine_71,Quetiapine,-4.481486060122112,OCCOCC[NH+]1CC[N+](=C2Nc3ccccc3Sc3ccccc32)CC1
1.375,1.376,1.378,1.379,1.381,1.384,1.385,1.384,1.386,1.386,1.384,1.384,1.384,1.386,1.386,1.386,1.383,1.381,1.379,1.378,1.374,1.371,1.37,1.369,1.369,1.366,1.367,1.367,1.367,1.37,1.372,1.373,1.373,1.376,1.375,1.373,1.369,1.369,1.367,1.363,1.355,1.353,1.351,1.343,1.34,1.337,1.331,1.325,1.314,1.31,1.303,1.294,1.292,1.286,1.278,1.271,1.262,1.262,1.257,1.262,1.269,1.281,1.317,1.379,1.475,1.497,1.348,1.133,0.887,0.551,0.252,-0.111,-0.498,-0.912,-1.139,-1.301,-1.346,-1.337,-1.253,-1.071,-0.716,-0.256,0.169,0.622,0.965,0.999,1.011,1.019,0.925,0.883,0.88,0.88,0.888,0.922,0.991,1.027,1.013,0.984,0.734,0.335,-0.202,-0.665,-1.014,-1.222,-1.374,-1.367,-1.348,-1.238,-1.049,-0.681,-0.231,0.121,0.429,0.766,1.028,1.195,1.438,1.463,1.357,1.284,1.248,1.229,1.22,1.216,1.217,1.218,1.222,1.229,1.242,1.244,1.249,1.259,1.26,1.262,1.261,1.26,1.26,1.262,1.265,1.267,1.273,1.275,1.277,1.278,1.281,1.283,1.284,1.284,1.287,1.287,1.285,1.285,1.285,1.285,1.286,1.287,1.288,1.289,1.292,1.293,1.296,1.298,1.3,1.303,1.306,1.311,1.316,1.32,1.321,1.324,1.326,1.329,1.332,1.333,1.333,1.337,1.34,1.342,1.343,1.343,1.347,1.35,1.35,1.35,1.354,Bupropion_34,Bupropion,-4.323306390375134,C[C@@H]([NH2+]C(C)(C)C)C(=O)c1cccc(Cl)c1
2.603,2.603,2.605,2.606,2.612,2.61,2.61,2.611,2.616,2.615,2.615,2.615,2.616,2.615,2.615,2.612,2.611,2.606,2.603,2.597,2.593,2.59,2.585,2.584,2.582,2.582,2.582,2.583,2.58,2.58,2.582,2.583,2.582,2.581,2.581,2.576,2.574,2.573,2.567,2.557,2.55,2.548,2.53,2.526,2.511,2.503,2.497,2.482,2.473,2.459,2.441,2.429,2.404,2.385,2.365,2.343,2.323,2.315,2.311,2.311,2.322,2.345,2.395,2.302,2.171,2.044,1.948,1.893,1.589,1.029,0.279,-0.43,-1.11,-1.744,-2.181,-2.461,-2.637,-2.637,-2.617,-2.539,-2.291,-1.889,-1.409,-1.225,-0.352,-0.056,0.586,0.885,0.791,0.747,0.743,0.742,0.746,0.786,0.876,0.743,0.334,-0.155,-0.971,-1.614,-1.762,-2.202,-2.496,-2.653,-2.68,-2.682,-2.571,-2.336,-1.949,-1.369,-0.637,0.015,0.777,1.343,1.847,1.901,1.979,2.097,2.237,2.335,2.296,2.272,2.257,2.257,2.264,2.274,2.297,2.315,2.329,2.347,2.356,2.365,2.38,2.383,2.393,2.407,2.412,2.422,2.423,2.425,2.43,2.434,2.441,2.451,2.455,2.461,2.461,2.46,2.461,2.46,2.461,2.464,2.468,2.469,2.474,2.475,2.475,2.479,2.482,2.486,2.49,2.495,2.5,2.505,2.511,2.514,2.522,2.526,2.534,2.538,2.543,2.545,2.548,2.55,2.553,2.556,2.559,2.563,2.564,2.568,2.571,2.572,2.577,2.582,2.586,Trifluoperazine_123,Trifluoperazine,-6.154901959985743,C[N@H+]1CC[N@@H+](CCCN2c3ccccc3Sc3ccc(C(F)(F)F)cc32)CC1
1.937,1.939,1.94,1.944,1.945,1.948,1.952,1.954,1.956,1.957,1.959,1.961,1.961,1.965,1.963,1.963,1.961,1.958,1.955,1.951,1.95,1.95,1.948,1.948,1.95,1.951,1.952,1.953,1.954,1.958,1.96,1.963,1.967,1.97,1.974,1.978,1.98,1.976,1.972,1.969,1.964,1.962,1.961,1.958,1.956,1.954,1.951,1.945,1.94,1.934,1.927,1.925,1.922,1.922,1.923,1.924,1.925,1.933,1.943,1.961,1.985,2.034,2.109,2.225,2.384,2.586,2.689,2.54,2.223,1.663,0.981,0.295,-0.344,-0.924,-1.309,-1.534,-1.615,-1.616,-1.602,-1.499,-1.24,-0.868,-0.43,0.025,0.332,0.536,0.605,0.623,0.559,0.515,0.501,0.498,0.498,0.511,0.57,0.6,0.6,0.395,0.111,-0.299,-0.776,-1.172,-1.485,-1.63,-1.674,-1.674,-1.642,-1.466,-1.145,-0.621,0.016,0.701,1.386,2.026,2.398,2.59,2.563,2.357,2.189,2.056,1.967,1.912,1.881,1.867,1.864,1.864,1.864,1.862,1.861,1.858,1.856,1.845,1.84,1.837,1.834,1.834,1.832,1.833,1.834,1.833,1.832,1.832,1.833,1.833,1.835,1.836,1.836,1.835,1.827,1.823,1.819,1.818,1.817,1.817,1.818,1.818,1.819,1.821,1.822,1.824,1.826,1.827,1.83,1.836,1.84,1.844,1.848,1.853,1.857,1.861,1.866,1.869,1.873,1.875,1.877,1.88,1.883,1.884,1.885,1.886,1.888,1.891,1.893,1.895,1.898,Citalopram_52,Citalopram,-4.742321425130816,CN(C)CCC[C@@]1(c2ccc(F)cc2)OCc2cc(C#N)ccc21
1.383,1.384,1.385,1.386,1.39,1.393,1.395,1.398,1.398,1.399,1.4,1.4,1.401,1.404,1.404,1.402,1.402,1.399,1.398,1.394,1.393,1.391,1.391,1.391,1.392,1.392,1.392,1.394,1.396,1.399,1.402,1.406,1.409,1.413,1.412,1.416,1.416,1.414,1.411,1.408,1.405,1.402,1.401,1.401,1.399,1.397,1.395,1.39,1.386,1.381,1.376,1.373,1.37,1.37,1.371,1.371,1.376,1.384,1.392,1.406,1.424,1.467,1.538,1.647,1.802,1.995,2.149,2.265,2.068,1.573,1.041,0.518,0.013,-0.494,-0.908,-1.176,-1.31,-1.31,-1.303,-1.268,-1.112,-0.82,-0.513,-0.163,0.124,0.345,0.518,0.49,0.389,0.348,0.336,0.334,0.334,0.352,0.413,0.491,0.372,0.16,-0.105,-0.424,-0.749,-1.075,-1.284,-1.36,-1.375,-1.375,-1.288,-1.074,-0.704,-0.199,0.296,0.824,1.363,1.913,2.229,2.141,1.996,1.789,1.622,1.503,1.419,1.371,1.342,1.328,1.325,1.325,1.326,1.326,1.326,1.325,1.321,1.314,1.309,1.304,1.301,1.3,1.3,1.3,1.3,1.299,1.298,1.298,1.298,1.3,1.301,1.303,1.305,1.303,1.298,1.294,1.29,1.288,1.288,1.288,1.288,1.289,1.29,1.291,1.291,1.292,1.294,1.297,1.3,1.303,1.306,1.31,1.313,1.316,1.319,1.323,1.325,1.328,1.332,1.334,1.336,1.336,1.338,1.338,1.341,1.341,1.343,1.344,1.346,1.347,1.351,Diazepam_60,Diazepam,-4.333482019445119,CN1C(=O)CN=C(c2ccccc2)c2cc(Cl)ccc21
1.314,1.316,1.317,1.317,1.321,1.324,1.326,1.325,1.324,1.324,1.323,1.323,1.324,1.324,1.324,1.323,1.322,1.32,1.318,1.317,1.315,1.311,1.31,1.31,1.309,1.308,1.305,1.305,1.305,1.306,1.308,1.309,1.308,1.308,1.308,1.309,1.309,1.306,1.303,1.299,1.295,1.288,1.287,1.285,1.278,1.275,1.271,1.267,1.26,1.248,1.241,1.237,1.229,1.226,1.221,1.213,1.206,1.195,1.186,1.182,1.182,1.188,1.203,1.237,1.299,1.377,1.426,1.224,0.941,0.591,0.239,-0.09,-0.418,-0.666,-0.825,-0.825,-0.817,-0.744,-0.514,-0.093,0.456,0.96,1.332,1.673,2.031,2.31,2.46,2.502,2.515,2.472,2.454,2.454,2.455,2.497,2.565,2.563,2.396,2.148,1.817,1.484,1.127,0.667,0.061,-0.438,-0.721,-0.834,-0.868,-0.868,-0.755,-0.528,-0.208,0.113,0.467,0.816,1.126,1.362,1.376,1.29,1.217,1.179,1.159,1.152,1.148,1.148,1.154,1.163,1.174,1.188,1.194,1.201,1.21,1.21,1.21,1.207,1.207,1.209,1.21,1.214,1.216,1.222,1.226,1.228,1.228,1.229,1.23,1.233,1.238,1.237,1.237,1.238,1.236,1.236,1.236,1.238,1.238,1.241,1.243,1.243,1.246,1.247,1.248,1.251,1.253,1.256,1.262,1.265,1.267,1.27,1.272,1.274,1.275,1.278,1.28,1.281,1.284,1.286,1.288,1.288,1.291,1.292,1.294,1.297,1.297,1.297,1.298,Tacrine_101,Tacrine,-4.546681659952962,Nc1c2c([nH+]c3ccccc13)CCCC2
0.721,0.725,0.725,0.727,0.729,0.732,0.737,0.74,0.74,0.74,0.74,0.742,0.743,0.744,0.745,0.745,0.743,0.74,0.736,0.732,0.729,0.728,0.728,0.728,0.728,0.727,0.727,0.727,0.729,0.732,0.736,0.739,0.742,0.745,0.746,0.75,0.75,0.748,0.745,0.742,0.735,0.729,0.727,0.726,0.724,0.722,0.719,0.713,0.709,0.704,0.699,0.694,0.69,0.689,0.689,0.693,0.696,0.705,0.719,0.732,0.763,0.821,0.92,1.064,1.257,1.438,1.595,1.696,1.568,1.294,0.878,0.412,-0.077,-0.486,-0.748,-0.866,-0.866,-0.853,-0.735,-0.443,0.058,0.738,1.572,2.496,3.447,4.329,4.715,5.075,5.334,5.336,5.315,5.311,5.311,5.335,5.158,4.784,4.388,3.702,2.755,1.814,0.935,0.188,-0.376,-0.736,-0.907,-0.962,-0.962,-0.872,-0.665,-0.303,0.176,0.68,1.11,1.411,1.598,1.567,1.42,1.249,1.023,0.871,0.767,0.701,0.663,0.639,0.63,0.63,0.63,0.632,0.632,0.63,0.63,0.624,0.619,0.613,0.609,0.604,0.603,0.602,0.602,0.601,0.601,0.601,0.602,0.603,0.607,0.61,0.615,0.614,0.61,0.605,0.601,0.6,0.599,0.599,0.599,0.599,0.6,0.599,0.599,0.604,0.607,0.612,0.615,0.619,0.622,0.624,0.626,0.629,0.635,0.639,0.641,0.643,0.645,0.646,0.65,0.652,0.651,0.651,0.651,0.656,0.658,0.658,0.659,0.662,0.669,Meprobamate_15,Meprobamate,-5.031517051446065,CCCC(C)(COC(N)=O)COC(N)=O
2.272,2.272,2.272,2.274,2.277,2.283,2.287,2.291,2.292,2.293,2.294,2.295,2.297,2.297,2.297,2.295,2.293,2.292,2.29,2.288,2.284,2.284,2.284,2.284,2.284,2.285,2.285,2.286,2.287,2.291,2.295,2.299,2.302,2.304,2.306,2.309,2.311,2.31,2.307,2.304,2.3,2.296,2.296,2.292,2.292,2.291,2.288,2.284,2.28,2.273,2.266,2.264,2.263,2.263,2.264,2.265,2.269,2.275,2.284,2.294,2.312,2.348,2.407,2.51,2.65,2.823,2.951,2.691,2.257,1.7,1.068,0.287,-0.5,-1.195,-1.755,-2.165,-2.413,-2.51,-2.511,-2.515,-2.491,-2.424,-2.29,-2.102,-1.87,-1.631,-1.388,-1.124,-0.876,-0.66,-0.535,-0.51,-0.554,-0.781,-1.049,-1.316,-1.573,-1.817,-2.057,-2.267,-2.42,-2.499,-2.544,-2.547,-2.548,-2.508,-2.313,-1.949,-1.475,-0.832,-0.004,0.814,1.486,2.078,2.57,2.877,2.838,2.655,2.5,2.39,2.315,2.27,2.244,2.232,2.231,2.231,2.231,2.233,2.234,2.231,2.226,2.221,2.213,2.206,2.204,2.203,2.203,2.205,2.208,2.209,2.207,2.205,2.206,2.206,2.206,2.207,2.209,2.207,2.202,2.197,2.192,2.19,2.189,2.189,2.189,2.19,2.19,2.19,2.191,2.192,2.195,2.198,2.202,2.207,2.211,2.213,2.218,2.222,2.226,2.229,2.232,2.235,2.238,2.241,2.242,2.244,2.246,2.247,2.248,2.251,2.252,2.252,2.253,2.254,2.255,Maprotiline_13,Maprotiline,-5.229147988357856,CNCCC[C@]12CC[C@H](c3ccccc31)c1ccccc12
2.272,2.275,2.275,2.276,2.28,2.285,2.288,2.292,2.293,2.296,2.297,2.298,2.298,2.298,2.297,2.297,2.295,2.291,2.288,2.284,2.28,2.278,2.277,2.277,2.276,2.276,2.276,2.277,2.279,2.283,2.288,2.293,2.297,2.304,2.309,2.311,2.309,2.308,2.308,2.305,2.3,2.294,2.293,2.289,2.286,2.281,2.277,2.275,2.269,2.264,2.256,2.25,2.246,2.246,2.246,2.248,2.256,2.266,2.281,2.301,2.336,2.402,2.514,2.686,2.906,3.065,2.901,2.606,2.227,1.767,1.219,0.519,-0.388,-1.245,-1.892,-2.342,-2.563,-2.585,-2.599,-2.573,-2.395,-2.149,-1.744,-1.493,-1.244,-1.088,-0.946,-0.776,-0.577,-0.352,-0.084,-0.023,-0.307,-0.552,-0.757,-0.943,-1.1,-1.253,-1.482,-1.714,-2.092,-2.383,-2.597,-2.669,-2.669,-2.656,-2.488,-2.131,-1.533,-0.74,0.192,0.98,1.566,2.047,2.44,2.78,2.995,2.914,2.673,2.483,2.357,2.279,2.235,2.213,2.208,2.205,2.205,2.199,2.199,2.193,2.191,2.185,2.174,2.167,2.166,2.165,2.165,2.166,2.166,2.165,2.165,2.165,2.166,2.167,2.169,2.169,2.166,2.165,2.162,2.154,2.149,2.146,2.145,2.145,2.145,2.146,2.146,2.146,2.146,2.151,2.153,2.156,2.161,2.167,2.172,2.176,2.18,2.185,2.187,2.192,2.2,2.202,2.205,2.208,2.209,2.214,2.215,2.217,2.218,2.219,2.222,2.223,2.226,2.231,2.236,Quetiapine_69,Quetiapine,-4.481486060122112,OCCOCCN1CCN(C2=Nc3ccccc3Sc3ccccc32)CC1
2.396,2.397,2.398,2.403,2.405,2.408,2.411,2.411,2.417,2.417,2.418,2.416,2.415,2.416,2.415,2.413,2.412,2.409,2.399,2.397,2.393,2.391,2.387,2.381,2.381,2.382,2.384,2.384,2.386,2.389,2.392,2.396,2.399,2.401,2.401,2.401,2.399,2.398,2.394,2.388,2.384,2.375,2.372,2.363,2.356,2.347,2.338,2.335,2.324,2.314,2.306,2.295,2.284,2.274,2.267,2.262,2.262,2.262,2.269,2.282,2.311,2.354,2.452,2.585,2.792,2.679,2.594,2.433,2.226,1.621,1.051,0.082,-0.785,-1.493,-2.077,-2.431,-2.485,-2.532,-2.535,-2.381,-2.108,-1.738,-1.281,-0.914,-0.528,-0.14,0.27,0.658,1.033,1.314,1.554,1.751,1.431,1.167,0.807,0.387,-0.032,-0.439,-0.848,-1.262,-1.659,-1.999,-2.352,-2.537,-2.598,-2.589,-2.549,-2.272,-1.756,-1.084,-0.24,0.703,1.388,1.985,2.35,2.509,2.594,2.708,2.579,2.42,2.315,2.253,2.227,2.215,2.215,2.216,2.218,2.221,2.227,2.229,2.235,2.234,2.233,2.238,2.243,2.242,2.244,2.246,2.245,2.246,2.249,2.251,2.258,2.262,2.267,2.267,2.27,2.267,2.262,2.262,2.263,2.261,2.262,2.261,2.262,2.262,2.263,2.266,2.268,2.27,2.274,2.279,2.283,2.29,2.295,2.301,2.305,2.308,2.314,2.318,2.323,2.327,2.329,2.331,2.335,2.335,2.339,2.341,2.346,2.349,2.35,2.352,2.359,2.363,2.366,Perphenazine_55,Perphenazine,-5.7447274948966935,OCC[NH+]1CCN(CCCN2c3ccccc3Sc3ccc(Cl)cc32)CC1
1.779,1.78,1.78,1.781,1.785,1.786,1.788,1.788,1.788,1.789,1.789,1.79,1.792,1.791,1.791,1.791,1.788,1.783,1.779,1.778,1.776,1.775,1.773,1.771,1.771,1.771,1.771,1.771,1.773,1.774,1.776,1.777,1.777,1.779,1.779,1.778,1.773,1.768,1.766,1.764,1.754,1.753,1.75,1.746,1.741,1.731,1.725,1.72,1.709,1.705,1.694,1.682,1.67,1.658,1.644,1.633,1.621,1.615,1.615,1.617,1.622,1.638,1.672,1.736,1.837,1.915,1.67,1.354,0.999,0.581,0.141,-0.314,-0.828,-1.258,-1.639,-1.918,-2.024,-2.063,-2.072,-2.072,-2.008,-1.813,-1.547,-1.201,-0.794,-0.37,0.01,0.058,0.003,-0.023,-0.029,-0.029,-0.026,-0.01,0.033,0.093,-0.244,-0.676,-1.102,-1.469,-1.761,-1.985,-2.081,-2.11,-2.11,-2.088,-2.007,-1.786,-1.413,-0.991,-0.519,-0.017,0.428,0.863,1.227,1.559,1.822,1.83,1.72,1.648,1.605,1.579,1.573,1.571,1.571,1.578,1.595,1.608,1.621,1.634,1.639,1.651,1.655,1.658,1.66,1.661,1.665,1.666,1.669,1.673,1.675,1.676,1.678,1.684,1.686,1.691,1.69,1.69,1.694,1.691,1.688,1.688,1.689,1.689,1.691,1.692,1.695,1.696,1.697,1.699,1.702,1.705,1.707,1.71,1.716,1.72,1.722,1.725,1.729,1.734,1.738,1.74,1.741,1.744,1.745,1.747,1.749,1.752,1.753,1.754,1.755,1.759,1.759,1.76,1.763,Fluoxetine_72,Fluoxetine,-5.1938200260161125,C[NH2+]CC[C@H](Oc1ccc(C(F)(F)F)cc1)c1ccccc1
1.682,1.684,1.684,1.687,1.69,1.695,1.698,1.701,1.702,1.703,1.703,1.703,1.705,1.707,1.708,1.709,1.706,1.704,1.699,1.697,1.695,1.694,1.693,1.694,1.694,1.695,1.696,1.696,1.699,1.702,1.704,1.708,1.71,1.716,1.718,1.722,1.721,1.719,1.716,1.713,1.707,1.705,1.703,1.703,1.702,1.7,1.695,1.69,1.685,1.681,1.674,1.67,1.668,1.668,1.668,1.67,1.673,1.681,1.69,1.706,1.729,1.781,1.862,1.982,2.141,2.331,2.531,2.703,2.432,1.896,1.273,0.626,-0.032,-0.638,-1.085,-1.337,-1.467,-1.467,-1.466,-1.398,-1.206,-0.888,-0.454,0.058,0.564,0.982,1.087,0.961,0.881,0.831,0.811,0.811,0.811,0.837,0.893,0.986,1.015,0.675,0.181,-0.328,-0.8,-1.17,-1.397,-1.529,-1.531,-1.531,-1.472,-1.259,-0.872,-0.307,0.356,1.01,1.642,2.22,2.668,2.528,2.324,2.119,1.952,1.816,1.722,1.666,1.632,1.615,1.612,1.612,1.613,1.614,1.615,1.612,1.608,1.6,1.594,1.588,1.586,1.583,1.582,1.582,1.582,1.582,1.582,1.581,1.58,1.581,1.585,1.588,1.591,1.586,1.581,1.576,1.572,1.569,1.569,1.569,1.569,1.571,1.572,1.573,1.573,1.576,1.578,1.581,1.585,1.587,1.594,1.596,1.599,1.603,1.606,1.609,1.616,1.619,1.624,1.624,1.626,1.628,1.63,1.631,1.632,1.634,1.634,1.636,1.638,1.639,1.642,Mirtazapine_26,Mirtazapine,-4.489454989793388,CN1CCN2c3ncccc3Cc3ccccc3[C@@H]2C1
0.719,0.719,0.719,0.721,0.724,0.724,0.724,0.725,0.724,0.724,0.724,0.724,0.724,0.724,0.724,0.722,0.722,0.721,0.719,0.714,0.713,0.712,0.71,0.709,0.705,0.705,0.705,0.705,0.703,0.703,0.703,0.704,0.705,0.703,0.703,0.701,0.701,0.7,0.696,0.689,0.686,0.683,0.676,0.675,0.671,0.669,0.665,0.657,0.652,0.646,0.637,0.634,0.624,0.613,0.604,0.592,0.577,0.563,0.549,0.536,0.537,0.543,0.544,0.575,0.619,0.68,0.757,0.709,0.543,0.307,0.038,-0.237,-0.519,-0.739,-0.894,-0.962,-0.962,-0.927,-0.924,-0.77,-0.287,-0.106,0.39,0.971,1.584,2.434,2.725,3.211,3.224,3.208,3.205,3.206,3.206,3.217,3.246,3.105,2.415,2.097,1.173,0.569,0.029,-0.4,-0.711,-0.904,-0.987,-0.988,-0.988,-0.947,-0.812,-0.613,-0.345,-0.07,0.208,0.463,0.652,0.758,0.678,0.609,0.558,0.528,0.512,0.509,0.509,0.522,0.537,0.551,0.567,0.579,0.585,0.596,0.601,0.607,0.615,0.617,0.621,0.623,0.625,0.631,0.633,0.633,0.636,0.64,0.64,0.643,0.645,0.647,0.651,0.651,0.652,0.653,0.653,0.652,0.655,0.656,0.657,0.66,0.661,0.662,0.663,0.666,0.669,0.67,0.674,0.675,0.677,0.679,0.683,0.685,0.687,0.688,0.688,0.689,0.691,0.694,0.694,0.695,0.696,0.697,0.698,0.7,0.701,0.701,0.703,0.704,0.706,Phenelzine_58,Phenelzine,-4.262012673666569,[NH3+]NCCc1ccccc1
1.592,1.595,1.596,1.599,1.602,1.604,1.608,1.61,1.612,1.614,1.615,1.616,1.618,1.619,1.62,1.618,1.616,1.613,1.61,1.606,1.603,1.602,1.602,1.602,1.603,1.603,1.603,1.605,1.607,1.61,1.613,1.617,1.621,1.626,1.631,1.634,1.634,1.629,1.627,1.624,1.621,1.613,1.611,1.611,1.607,1.605,1.6,1.596,1.589,1.583,1.579,1.573,1.569,1.569,1.569,1.57,1.577,1.587,1.6,1.618,1.646,1.703,1.8,1.94,2.146,2.417,2.531,2.259,1.874,1.398,0.848,0.281,-0.229,-0.786,-1.229,-1.499,-1.565,-1.565,-1.538,-1.306,-0.859,-0.246,0.41,0.907,1.372,1.779,1.982,2.134,2.008,1.95,1.922,1.922,1.927,1.955,2.034,2.09,1.851,1.467,1.01,0.521,-0.069,-0.739,-1.269,-1.557,-1.66,-1.66,-1.618,-1.421,-1.023,-0.45,0.038,0.606,1.164,1.668,2.086,2.392,2.443,2.136,1.912,1.755,1.642,1.576,1.54,1.518,1.513,1.513,1.514,1.514,1.511,1.511,1.503,1.5,1.492,1.485,1.481,1.481,1.481,1.48,1.479,1.479,1.478,1.479,1.479,1.48,1.483,1.485,1.484,1.483,1.479,1.474,1.468,1.466,1.466,1.466,1.466,1.467,1.467,1.468,1.47,1.473,1.475,1.478,1.481,1.485,1.49,1.494,1.499,1.504,1.506,1.512,1.516,1.521,1.522,1.524,1.527,1.527,1.53,1.53,1.533,1.535,1.537,1.54,1.541,1.544,1.551,Clozapine_54,Clozapine,-4.548213564475709,CN1CCN(C2=Nc3cc(Cl)ccc3Nc3ccccc32)CC1
1.067,1.067,1.067,1.07,1.074,1.077,1.079,1.08,1.082,1.082,1.083,1.083,1.085,1.085,1.086,1.085,1.084,1.081,1.08,1.078,1.076,1.076,1.075,1.075,1.075,1.076,1.076,1.076,1.078,1.08,1.082,1.084,1.085,1.087,1.088,1.091,1.092,1.09,1.089,1.086,1.081,1.078,1.077,1.077,1.077,1.074,1.073,1.069,1.066,1.062,1.057,1.055,1.054,1.054,1.054,1.055,1.058,1.062,1.068,1.074,1.091,1.119,1.171,1.253,1.357,1.5,1.64,1.725,1.577,1.259,0.85,0.394,-0.044,-0.415,-0.691,-0.846,-0.926,-0.926,-0.888,-0.809,-0.589,-0.267,0.162,0.636,1.116,1.566,1.942,2.213,2.288,2.244,2.232,2.231,2.231,2.242,2.282,2.075,1.709,1.27,0.792,0.3,-0.159,-0.526,-0.786,-0.915,-0.966,-0.966,-0.936,-0.801,-0.559,-0.207,0.209,0.667,1.099,1.452,1.662,1.638,1.502,1.352,1.225,1.14,1.088,1.05,1.027,1.018,1.016,1.016,1.017,1.018,1.019,1.019,1.017,1.014,1.009,1.003,1.0,0.999,0.999,0.999,0.999,1.0,1.0,0.998,0.998,0.998,1.0,1.003,1.006,1.005,1.002,0.998,0.994,0.993,0.993,0.992,0.993,0.994,0.994,0.995,0.995,0.997,0.999,1.002,1.004,1.006,1.009,1.011,1.014,1.016,1.019,1.021,1.022,1.026,1.028,1.029,1.03,1.031,1.033,1.033,1.034,1.035,1.035,1.036,1.037,1.038,1.041,Carbamazepine_37,Carbamazepine,-4.510041520575165,NC(=O)N1c2ccccc2C=Cc2ccccc21
0.942,0.944,0.946,0.95,0.956,0.958,0.961,0.963,0.963,0.964,0.966,0.966,0.967,0.97,0.97,0.969,0.965,0.963,0.962,0.959,0.956,0.954,0.954,0.954,0.954,0.954,0.954,0.954,0.957,0.959,0.961,0.962,0.964,0.965,0.968,0.973,0.973,0.97,0.965,0.963,0.957,0.952,0.95,0.949,0.949,0.945,0.941,0.936,0.932,0.928,0.923,0.919,0.919,0.919,0.919,0.921,0.923,0.928,0.935,0.946,0.967,1.009,1.077,1.182,1.325,1.49,1.672,1.844,1.897,1.637,1.237,0.793,0.361,-0.017,-0.27,-0.384,-0.381,-0.376,-0.256,0.059,0.585,1.317,2.188,3.181,4.181,5.076,5.698,6.092,6.018,5.976,5.972,5.972,5.979,5.99,6.009,6.015,5.388,4.518,3.506,2.493,1.564,0.759,0.146,-0.254,-0.428,-0.472,-0.472,-0.391,-0.183,0.168,0.583,1.02,1.443,1.75,1.825,1.659,1.476,1.297,1.143,1.028,0.951,0.904,0.872,0.861,0.858,0.855,0.855,0.855,0.858,0.859,0.859,0.853,0.849,0.841,0.834,0.833,0.832,0.832,0.831,0.831,0.831,0.83,0.83,0.832,0.836,0.838,0.842,0.843,0.837,0.833,0.83,0.828,0.827,0.827,0.827,0.828,0.829,0.829,0.833,0.836,0.839,0.843,0.846,0.849,0.851,0.854,0.858,0.862,0.864,0.867,0.867,0.872,0.876,0.878,0.879,0.88,0.88,0.88,0.885,0.885,0.886,0.886,0.887,0.891,0.894,Phenytoin_59,Phenytoin,-4.565431095965801,O=C1NC(=O)C(c2ccccc2)(c2ccccc2)N1
1.196,1.198,1.199,1.201,1.205,1.208,1.208,1.211,1.213,1.213,1.213,1.214,1.216,1.217,1.218,1.217,1.216,1.213,1.212,1.209,1.207,1.206,1.206,1.206,1.206,1.206,1.207,1.207,1.208,1.21,1.212,1.215,1.216,1.217,1.219,1.223,1.223,1.222,1.219,1.216,1.213,1.211,1.208,1.207,1.206,1.204,1.202,1.197,1.191,1.189,1.186,1.183,1.181,1.181,1.181,1.181,1.185,1.188,1.196,1.205,1.219,1.252,1.312,1.407,1.536,1.691,1.86,1.85,1.635,1.323,0.944,0.499,0.098,-0.258,-0.466,-0.534,-0.534,-0.51,-0.414,-0.175,0.217,0.743,1.313,1.847,2.315,2.686,2.929,3.002,2.979,2.94,2.918,2.912,2.912,2.922,2.971,3.016,2.843,2.491,2.032,1.5,0.902,0.349,-0.097,-0.409,-0.542,-0.576,-0.576,-0.547,-0.396,-0.078,0.321,0.764,1.163,1.495,1.735,1.848,1.685,1.525,1.375,1.279,1.21,1.167,1.147,1.137,1.134,1.134,1.134,1.136,1.136,1.136,1.134,1.13,1.126,1.12,1.118,1.118,1.117,1.116,1.116,1.116,1.116,1.116,1.117,1.118,1.118,1.12,1.122,1.12,1.116,1.112,1.108,1.107,1.107,1.107,1.108,1.11,1.111,1.112,1.114,1.115,1.117,1.12,1.121,1.124,1.128,1.129,1.132,1.135,1.137,1.143,1.145,1.148,1.149,1.149,1.151,1.153,1.154,1.154,1.156,1.157,1.158,1.159,1.162,1.163,1.167,Tacrine_100,Tacrine,-4.546681659952962,Nc1c2c(nc3ccccc13)CCCC2
0.707,0.708,0.708,0.713,0.714,0.717,0.718,0.721,0.721,0.721,0.721,0.723,0.725,0.726,0.726,0.726,0.724,0.722,0.72,0.718,0.716,0.714,0.714,0.714,0.714,0.714,0.715,0.715,0.716,0.719,0.72,0.72,0.723,0.724,0.727,0.729,0.729,0.728,0.725,0.722,0.719,0.714,0.712,0.712,0.712,0.712,0.708,0.703,0.7,0.696,0.693,0.69,0.688,0.688,0.688,0.689,0.692,0.697,0.702,0.711,0.73,0.762,0.823,0.915,1.037,1.196,1.381,1.522,1.495,1.269,0.952,0.569,0.211,-0.065,-0.209,-0.301,-0.301,-0.249,-0.088,0.21,0.671,1.257,1.937,2.649,3.295,3.75,3.998,4.068,3.993,3.952,3.926,3.924,3.924,3.941,3.989,4.068,3.924,3.497,2.867,2.163,1.457,0.823,0.307,-0.06,-0.266,-0.356,-0.356,-0.317,-0.19,0.059,0.403,0.777,1.114,1.373,1.502,1.377,1.199,1.024,0.879,0.782,0.719,0.678,0.654,0.639,0.637,0.637,0.638,0.639,0.64,0.641,0.641,0.635,0.633,0.628,0.624,0.621,0.621,0.619,0.619,0.619,0.618,0.618,0.619,0.621,0.623,0.626,0.629,0.629,0.625,0.62,0.616,0.615,0.615,0.616,0.616,0.618,0.618,0.619,0.621,0.623,0.625,0.628,0.63,0.631,0.634,0.636,0.638,0.642,0.645,0.645,0.649,0.653,0.654,0.655,0.656,0.656,0.656,0.658,0.659,0.66,0.661,0.661,0.663,0.665,0.671,Ethosuximide_70,Ethosuximide,-5.013228265733755,CC[C@@]1(C)CC(=O)NC1=O
3.293,3.297,3.303,3.309,3.316,3.321,3.326,3.328,3.335,3.336,3.337,3.339,3.339,3.34,3.34,3.337,3.335,3.329,3.325,3.32,3.315,3.31,3.306,3.304,3.303,3.301,3.302,3.302,3.305,3.305,3.311,3.314,3.317,3.312,3.311,3.311,3.313,3.312,3.304,3.301,3.292,3.282,3.273,3.261,3.25,3.239,3.227,3.215,3.203,3.194,3.181,3.171,3.157,3.143,3.139,3.139,3.14,3.147,3.16,3.19,3.239,3.347,3.526,3.805,4.141,4.24,3.766,3.291,2.694,2.177,1.815,1.5,0.836,-0.108,-0.678,-0.78,-0.784,-0.805,-0.363,0.391,1.614,3.198,4.824,6.286,7.522,8.149,8.668,9.245,9.791,10.428,11.062,11.314,10.631,9.968,9.462,8.905,8.329,7.799,6.885,5.291,3.659,2.003,0.621,-0.28,-0.861,-0.929,-0.938,-0.915,-0.469,0.37,1.186,1.59,1.901,2.367,2.96,3.456,3.972,4.069,3.718,3.416,3.222,3.102,3.034,3.003,2.993,2.993,2.994,2.993,2.988,2.988,2.995,3.0,3.002,3.009,3.009,3.005,3.003,3.001,3.002,3.004,3.008,3.01,3.012,3.017,3.023,3.02,3.016,3.012,3.012,3.013,3.013,3.011,3.01,3.011,3.012,3.014,3.017,3.023,3.029,3.039,3.043,3.051,3.058,3.066,3.072,3.079,3.088,3.1,3.109,3.116,3.122,3.13,3.131,3.138,3.143,3.148,3.154,3.158,3.164,3.166,3.171,3.176,3.183,3.191,3.199,Ergotamine_66,Ergotamine,-4.991399828238082,C[N@@H+]1C[C@H](C(=O)N[C@@]2(C)O[C@@]3(O)[C@@H]4CCCN4C(=O)[C@@H](Cc4ccccc4)N3C2=O)C=C2c3cccc4[nH]cc(c34)C[C@H]21
2.65,2.652,2.654,2.656,2.66,2.663,2.667,2.671,2.673,2.676,2.68,2.682,2.682,2.682,2.682,2.681,2.679,2.675,2.671,2.669,2.666,2.665,2.665,2.664,2.665,2.666,2.667,2.668,2.673,2.677,2.682,2.686,2.693,2.699,2.703,2.703,2.703,2.702,2.701,2.695,2.691,2.687,2.685,2.681,2.676,2.672,2.667,2.662,2.657,2.65,2.641,2.636,2.633,2.632,2.632,2.635,2.641,2.654,2.672,2.693,2.728,2.798,2.919,3.102,3.301,3.278,2.981,2.634,2.113,1.504,0.897,0.252,-0.533,-1.519,-2.297,-2.822,-3.12,-3.187,-3.202,-3.182,-3.099,-2.925,-2.66,-2.263,-1.8,-1.601,-1.461,-1.264,-1.199,-1.265,-1.275,-1.277,-1.274,-1.246,-1.27,-1.467,-1.644,-1.776,-2.191,-2.623,-2.933,-3.127,-3.243,-3.287,-3.283,-3.268,-3.045,-2.581,-1.89,-0.928,-0.019,0.614,1.239,1.854,2.396,2.821,3.109,3.252,3.073,2.867,2.729,2.646,2.599,2.576,2.569,2.569,2.565,2.564,2.558,2.556,2.549,2.544,2.537,2.527,2.522,2.52,2.519,2.519,2.521,2.523,2.522,2.52,2.519,2.519,2.523,2.522,2.522,2.518,2.515,2.511,2.504,2.5,2.499,2.5,2.5,2.501,2.502,2.502,2.503,2.506,2.508,2.512,2.517,2.522,2.525,2.532,2.539,2.545,2.551,2.555,2.56,2.566,2.571,2.575,2.577,2.581,2.583,2.587,2.589,2.59,2.591,2.594,2.596,2.598,2.601,Thiothixene_109,Thiothixene,-5.468521082957745,CN1CCN(CC/C=C2/c3ccccc3Sc3ccc(S(=O)(=O)N(C)C)cc32)CC1
1.928,1.93,1.935,1.941,1.943,1.947,1.949,1.951,1.953,1.955,1.955,1.956,1.955,1.954,1.955,1.958,1.954,1.953,1.951,1.946,1.941,1.936,1.934,1.934,1.933,1.933,1.933,1.934,1.934,1.936,1.938,1.944,1.946,1.947,1.945,1.942,1.938,1.935,1.928,1.928,1.923,1.915,1.908,1.9,1.896,1.885,1.879,1.873,1.857,1.846,1.839,1.827,1.822,1.815,1.808,1.808,1.8,1.8,1.807,1.819,1.857,1.928,2.046,2.214,2.461,2.559,2.363,2.062,1.744,1.468,1.28,1.034,0.671,0.157,-0.065,-0.065,-0.055,0.042,0.528,1.292,2.302,3.485,4.106,4.563,4.827,5.165,5.587,6.136,6.69,7.289,7.9,8.213,7.615,6.967,6.302,5.712,5.229,4.842,4.603,4.316,3.738,2.643,1.516,0.69,0.029,-0.162,-0.216,-0.216,-0.076,0.389,0.851,1.07,1.269,1.532,1.849,2.169,2.392,2.418,2.131,1.948,1.819,1.738,1.694,1.671,1.669,1.669,1.671,1.679,1.692,1.697,1.705,1.706,1.706,1.705,1.698,1.697,1.695,1.691,1.691,1.695,1.698,1.704,1.708,1.711,1.714,1.715,1.716,1.715,1.718,1.72,1.714,1.712,1.712,1.713,1.715,1.719,1.724,1.727,1.733,1.737,1.741,1.746,1.75,1.755,1.762,1.768,1.773,1.779,1.784,1.79,1.793,1.797,1.803,1.807,1.813,1.816,1.817,1.82,1.821,1.826,1.83,1.836,1.839,1.847,1.854,Ziprasidone_135,Ziprasidone,-4.931814138253839,O=C1Cc2cc(CC[NH+]3CCN(c4nsc5ccccc45)CC3)c(Cl)cc2N1
1.179,1.18,1.184,1.187,1.192,1.195,1.195,1.197,1.198,1.198,1.198,1.199,1.201,1.202,1.202,1.2,1.198,1.196,1.193,1.189,1.184,1.181,1.179,1.176,1.176,1.176,1.176,1.175,1.175,1.175,1.174,1.174,1.173,1.176,1.177,1.176,1.176,1.173,1.167,1.163,1.157,1.148,1.142,1.134,1.13,1.124,1.11,1.103,1.094,1.087,1.082,1.071,1.056,1.041,1.03,1.022,1.013,1.012,1.013,1.024,1.043,1.073,1.143,1.236,1.353,1.382,1.437,1.474,1.55,1.55,1.311,0.877,0.447,0.206,0.116,0.116,0.144,0.398,0.984,1.85,2.906,4.156,5.229,6.213,7.161,7.638,8.178,8.647,8.984,9.176,9.123,9.12,9.12,9.157,8.666,8.331,7.976,7.486,6.591,5.632,4.535,3.279,2.116,1.15,0.47,0.107,0.013,0.013,0.062,0.273,0.643,1.057,1.46,1.462,1.386,1.331,1.309,1.265,1.182,1.071,0.992,0.95,0.927,0.921,0.922,0.926,0.932,0.944,0.954,0.962,0.963,0.973,0.976,0.977,0.987,0.987,0.987,0.988,0.987,0.987,0.987,0.993,0.999,1.007,1.012,1.015,1.013,1.013,1.011,1.009,1.011,1.011,1.011,1.014,1.014,1.017,1.021,1.024,1.03,1.034,1.038,1.044,1.046,1.05,1.052,1.057,1.061,1.066,1.072,1.076,1.078,1.081,1.083,1.087,1.088,1.089,1.094,1.096,1.099,1.1,1.103,1.106,1.111,1.115,1.12,Sumatriptan_98,Sumatriptan,-6.3979400086720375,CNS(=O)(=O)Cc1ccc2[nH]cc(CC[NH+](C)C)c2c1
0.639,0.639,0.639,0.64,0.642,0.648,0.65,0.651,0.652,0.652,0.652,0.653,0.653,0.653,0.652,0.651,0.651,0.65,0.648,0.647,0.646,0.645,0.644,0.644,0.644,0.644,0.644,0.644,0.644,0.644,0.646,0.647,0.648,0.649,0.65,0.652,0.653,0.652,0.651,0.647,0.644,0.642,0.641,0.641,0.638,0.636,0.635,0.633,0.63,0.628,0.625,0.623,0.623,0.623,0.623,0.623,0.624,0.627,0.631,0.636,0.648,0.664,0.699,0.753,0.821,0.907,0.988,0.962,0.865,0.701,0.493,0.264,-0.008,-0.244,-0.435,-0.525,-0.569,-0.569,-0.566,-0.505,-0.33,-0.054,0.337,0.819,1.365,1.962,2.564,3.101,3.481,3.823,3.812,3.812,3.812,3.726,3.328,2.786,2.173,1.562,0.984,0.464,0.037,-0.288,-0.492,-0.588,-0.592,-0.594,-0.579,-0.502,-0.337,-0.103,0.149,0.384,0.608,0.795,0.914,0.972,0.906,0.816,0.738,0.68,0.645,0.62,0.603,0.595,0.595,0.595,0.595,0.596,0.596,0.596,0.596,0.596,0.591,0.588,0.584,0.584,0.584,0.584,0.585,0.586,0.585,0.584,0.584,0.585,0.586,0.588,0.589,0.589,0.588,0.586,0.582,0.582,0.582,0.582,0.582,0.582,0.582,0.582,0.582,0.584,0.588,0.589,0.591,0.593,0.594,0.595,0.598,0.6,0.601,0.605,0.605,0.607,0.607,0.608,0.61,0.61,0.61,0.61,0.612,0.613,0.615,0.614,0.614,0.615,0.616,Phenelzine_56,Phenelzine,-4.262012673666569,NNCCc1ccccc1
1.203,1.203,1.203,1.203,1.204,1.205,1.205,1.205,1.204,1.202,1.203,1.205,1.207,1.206,1.204,1.204,1.201,1.2,1.195,1.194,1.187,1.185,1.182,1.18,1.18,1.176,1.175,1.175,1.175,1.173,1.17,1.169,1.169,1.169,1.168,1.168,1.168,1.165,1.163,1.16,1.153,1.15,1.146,1.138,1.135,1.133,1.129,1.123,1.113,1.105,1.098,1.087,1.084,1.077,1.07,1.061,1.052,1.037,1.023,1.015,1.0,1.017,1.037,1.071,1.144,1.249,1.396,1.265,0.968,0.608,0.255,-0.064,-0.299,-0.469,-0.532,-0.532,-0.467,-0.365,-0.154,0.21,0.677,1.183,1.304,1.827,2.085,2.112,1.998,1.905,1.84,1.8,1.797,1.797,1.801,1.84,1.935,2.03,2.136,2.229,1.995,1.444,1.325,0.808,0.34,-0.058,-0.313,-0.458,-0.557,-0.557,-0.544,-0.397,-0.171,0.123,0.48,0.85,1.178,1.39,1.262,1.134,1.058,1.014,0.995,0.981,0.977,0.995,0.998,1.015,1.029,1.037,1.05,1.054,1.06,1.067,1.069,1.069,1.069,1.07,1.079,1.084,1.092,1.096,1.1,1.1,1.101,1.104,1.106,1.112,1.115,1.117,1.116,1.115,1.115,1.118,1.121,1.124,1.127,1.132,1.134,1.136,1.138,1.139,1.141,1.146,1.149,1.154,1.157,1.162,1.165,1.168,1.171,1.174,1.175,1.177,1.178,1.18,1.18,1.183,1.183,1.183,1.186,1.189,1.19,1.191,1.193,1.193,1.194,Gabapentin_81,Gabapentin,-6.3979400086720375,[NH3+]CC1(CC(=O)[O-])CCCCC1
1.941,1.942,1.945,1.95,1.953,1.956,1.96,1.961,1.961,1.963,1.963,1.964,1.963,1.963,1.963,1.962,1.961,1.96,1.957,1.953,1.949,1.945,1.944,1.943,1.943,1.944,1.943,1.943,1.944,1.948,1.949,1.952,1.955,1.956,1.953,1.951,1.95,1.948,1.943,1.94,1.934,1.926,1.923,1.914,1.912,1.904,1.898,1.888,1.875,1.867,1.86,1.85,1.842,1.841,1.834,1.83,1.824,1.825,1.832,1.846,1.871,1.933,2.026,2.175,2.365,2.197,1.991,1.665,1.333,1.017,0.73,0.569,0.154,-0.358,-0.796,-0.883,-0.883,-0.787,-0.604,-0.145,0.522,1.151,1.734,2.116,2.426,2.814,3.24,3.742,4.173,4.416,4.376,4.376,4.375,4.371,3.897,3.387,2.944,2.525,2.207,1.872,1.309,0.655,-0.018,-0.559,-0.844,-0.978,-0.96,-0.96,-0.592,-0.101,0.436,0.556,0.82,1.122,1.476,1.8,2.042,2.221,2.104,1.945,1.843,1.768,1.74,1.728,1.723,1.722,1.723,1.728,1.741,1.744,1.749,1.759,1.758,1.755,1.751,1.748,1.744,1.744,1.744,1.749,1.754,1.755,1.761,1.764,1.766,1.764,1.764,1.767,1.77,1.771,1.766,1.765,1.764,1.764,1.764,1.768,1.77,1.773,1.778,1.782,1.786,1.791,1.794,1.798,1.802,1.809,1.815,1.819,1.825,1.829,1.832,1.835,1.838,1.846,1.85,1.853,1.856,1.859,1.861,1.862,1.865,1.87,1.875,1.879,1.885,Trazodone_119,Trazodone,-4.423658649794207,O=c1n(CCC[NH+]2CCN(c3cccc(Cl)c3)CC2)nc2ccccn12
2.477,2.48,2.486,2.49,2.495,2.498,2.501,2.503,2.503,2.505,2.505,2.509,2.508,2.508,2.507,2.506,2.504,2.504,2.503,2.496,2.492,2.485,2.485,2.484,2.484,2.485,2.483,2.483,2.486,2.493,2.496,2.5,2.5,2.499,2.499,2.499,2.494,2.492,2.49,2.488,2.48,2.469,2.464,2.458,2.454,2.442,2.437,2.427,2.413,2.403,2.393,2.384,2.374,2.369,2.365,2.362,2.36,2.36,2.369,2.38,2.414,2.482,2.608,2.8,2.761,2.433,2.1,1.817,1.585,1.417,1.234,0.965,0.401,-0.274,-0.704,-0.874,-0.874,-0.831,-0.522,0.082,1.008,2.248,3.195,3.529,3.805,4.129,4.522,4.97,5.377,5.792,5.812,5.812,5.815,5.578,5.109,4.633,4.22,3.864,3.584,3.335,2.569,1.318,0.275,-0.412,-0.842,-1.019,-1.019,-0.899,-0.583,0.087,0.76,1.018,1.246,1.402,1.615,1.887,2.203,2.537,2.73,2.507,2.372,2.286,2.245,2.224,2.22,2.22,2.22,2.228,2.24,2.248,2.25,2.255,2.255,2.247,2.241,2.239,2.239,2.237,2.237,2.238,2.244,2.248,2.251,2.254,2.254,2.253,2.253,2.255,2.257,2.256,2.25,2.248,2.247,2.249,2.251,2.258,2.261,2.266,2.27,2.274,2.278,2.283,2.289,2.294,2.299,2.308,2.313,2.321,2.325,2.331,2.335,2.339,2.346,2.352,2.359,2.364,2.366,2.369,2.372,2.374,2.378,2.384,2.385,2.394,2.403,Risperidone_77,Risperidone,-4.522878745280337,Cc1nc2n(c(=O)c1CC[N@H+]1CC[C@H](c3noc4cc(F)ccc43)CC1)CCCC2
2.564,2.565,2.565,2.566,2.572,2.576,2.577,2.578,2.582,2.583,2.583,2.583,2.584,2.585,2.585,2.583,2.581,2.579,2.576,2.571,2.566,2.563,2.562,2.562,2.562,2.561,2.561,2.561,2.563,2.567,2.57,2.575,2.577,2.58,2.58,2.577,2.576,2.576,2.571,2.563,2.56,2.554,2.545,2.542,2.536,2.531,2.521,2.516,2.507,2.497,2.489,2.483,2.471,2.462,2.457,2.45,2.447,2.447,2.449,2.454,2.467,2.503,2.563,2.69,2.761,2.592,2.397,2.159,1.74,1.151,0.471,-0.209,-0.849,-1.631,-2.217,-2.555,-2.743,-2.743,-2.733,-2.692,-2.43,-2.061,-1.627,-1.24,-0.841,-0.463,-0.479,-0.47,-0.524,-0.588,-0.601,-0.601,-0.599,-0.553,-0.468,-0.481,-0.478,-0.703,-1.143,-1.549,-1.998,-2.366,-2.643,-2.774,-2.802,-2.802,-2.702,-2.407,-1.898,-1.159,-0.497,0.214,0.88,1.54,2.023,2.295,2.499,2.657,2.663,2.535,2.451,2.413,2.393,2.387,2.386,2.387,2.391,2.401,2.408,2.41,2.419,2.42,2.421,2.422,2.421,2.423,2.423,2.425,2.428,2.427,2.429,2.435,2.438,2.441,2.444,2.448,2.448,2.445,2.444,2.444,2.44,2.44,2.44,2.44,2.443,2.443,2.443,2.445,2.448,2.45,2.452,2.456,2.46,2.466,2.471,2.475,2.481,2.487,2.492,2.498,2.502,2.506,2.508,2.511,2.514,2.517,2.518,2.523,2.525,2.526,2.528,2.53,2.533,2.537,2.54,Mesoridazine_17,Mesoridazine,-4.826813731587726,C[N@@H+]1CCCC[C@@H]1CCN1c2ccccc2Sc2ccc([S@](C)=O)cc21
2.428,2.429,2.432,2.436,2.44,2.444,2.45,2.452,2.452,2.452,2.452,2.454,2.454,2.454,2.455,2.453,2.453,2.45,2.447,2.443,2.439,2.436,2.434,2.434,2.434,2.434,2.433,2.433,2.434,2.435,2.436,2.439,2.441,2.442,2.442,2.442,2.441,2.439,2.431,2.428,2.423,2.415,2.411,2.409,2.4,2.395,2.391,2.383,2.371,2.361,2.351,2.342,2.338,2.335,2.328,2.325,2.321,2.314,2.311,2.311,2.327,2.353,2.421,2.535,2.686,2.681,2.504,2.142,1.705,1.226,0.684,0.187,-0.337,-0.859,-1.182,-1.294,-1.3,-1.3,-1.164,-0.869,-0.422,0.178,0.839,1.399,1.954,2.551,3.103,3.644,4.019,4.317,4.465,4.464,4.465,4.277,3.843,3.324,2.774,2.169,1.602,1.064,0.372,-0.278,-0.791,-1.164,-1.347,-1.366,-1.366,-1.311,-1.053,-0.564,-0.057,0.461,0.996,1.49,1.948,2.349,2.616,2.62,2.482,2.36,2.294,2.25,2.23,2.221,2.221,2.226,2.234,2.245,2.256,2.261,2.268,2.274,2.274,2.268,2.263,2.262,2.261,2.261,2.267,2.271,2.277,2.28,2.28,2.282,2.283,2.285,2.289,2.291,2.289,2.288,2.281,2.281,2.282,2.282,2.285,2.286,2.289,2.292,2.294,2.299,2.302,2.309,2.312,2.316,2.321,2.328,2.334,2.339,2.342,2.346,2.349,2.353,2.357,2.362,2.364,2.368,2.37,2.372,2.374,2.377,2.381,2.383,2.383,2.385,2.387,Pergolide_52,Pergolide,-4.600326278518962,CCC[N@@H+]1C[C@H](CSC)C[C@@H]2c3cccc4[nH]cc(c34)C[C@H]21
1.636,1.636,1.637,1.637,1.641,1.642,1.646,1.649,1.653,1.655,1.655,1.656,1.658,1.657,1.657,1.656,1.656,1.653,1.652,1.648,1.646,1.645,1.645,1.644,1.645,1.645,1.646,1.646,1.648,1.652,1.656,1.658,1.661,1.665,1.666,1.667,1.667,1.669,1.665,1.661,1.658,1.655,1.653,1.653,1.649,1.647,1.643,1.638,1.634,1.631,1.626,1.622,1.621,1.62,1.62,1.622,1.626,1.634,1.643,1.656,1.681,1.726,1.806,1.926,2.091,2.291,2.201,1.885,1.497,1.11,0.691,0.221,-0.324,-0.874,-1.304,-1.579,-1.665,-1.671,-1.671,-1.552,-1.314,-0.922,-0.58,-0.328,-0.098,0.169,0.482,0.77,1.001,1.102,1.085,1.085,1.09,1.098,0.879,0.576,0.255,-0.039,-0.294,-0.533,-0.836,-1.247,-1.548,-1.709,-1.74,-1.74,-1.691,-1.466,-1.086,-0.554,0.01,0.492,0.929,1.331,1.739,2.083,2.314,2.088,1.906,1.776,1.688,1.632,1.597,1.582,1.578,1.578,1.578,1.579,1.578,1.574,1.57,1.564,1.56,1.555,1.549,1.548,1.548,1.548,1.553,1.553,1.552,1.55,1.549,1.549,1.553,1.555,1.553,1.552,1.549,1.545,1.541,1.539,1.538,1.538,1.539,1.538,1.54,1.541,1.542,1.542,1.545,1.548,1.55,1.554,1.557,1.561,1.565,1.569,1.574,1.576,1.581,1.583,1.586,1.586,1.587,1.592,1.592,1.593,1.595,1.598,1.599,1.6,1.601,1.603,1.605,Sertraline_86,Sertraline,-5.6777807052660805,CN[C@@H]1CC[C@H](c2ccc(Cl)c(Cl)c2)c2ccccc21
2.689,2.692,2.693,2.697,2.702,2.705,2.708,2.71,2.711,2.713,2.715,2.715,2.715,2.715,2.715,2.712,2.712,2.706,2.704,2.7,2.697,2.694,2.693,2.692,2.691,2.691,2.691,2.692,2.694,2.699,2.702,2.707,2.708,2.709,2.71,2.71,2.707,2.706,2.704,2.698,2.692,2.687,2.674,2.67,2.662,2.657,2.648,2.641,2.634,2.625,2.616,2.603,2.6,2.594,2.585,2.58,2.578,2.579,2.581,2.596,2.63,2.691,2.791,2.943,2.893,2.695,2.505,2.228,1.789,1.273,0.749,0.173,-0.605,-1.518,-2.219,-2.683,-2.89,-2.904,-2.877,-2.744,-2.473,-2.135,-1.63,-0.985,-0.415,-0.262,-0.106,0.06,0.133,0.072,0.067,0.063,0.066,0.106,0.114,-0.089,-0.241,-0.404,-0.868,-1.471,-2.058,-2.446,-2.775,-2.919,-2.969,-2.936,-2.823,-2.494,-1.872,-0.99,-0.062,0.444,1.04,1.57,2.055,2.362,2.573,2.777,2.913,2.74,2.634,2.557,2.523,2.507,2.499,2.498,2.503,2.505,2.514,2.521,2.518,2.518,2.52,2.52,2.519,2.517,2.516,2.516,2.521,2.522,2.524,2.528,2.533,2.537,2.539,2.541,2.54,2.536,2.536,2.535,2.535,2.533,2.533,2.534,2.535,2.535,2.537,2.538,2.54,2.544,2.549,2.553,2.558,2.562,2.566,2.573,2.579,2.586,2.593,2.598,2.6,2.606,2.612,2.615,2.617,2.621,2.625,2.63,2.632,2.633,2.635,2.639,2.642,2.645,2.648,Thiothixene_110,Thiothixene,-5.468521082957745,CN1CC[NH+](CC/C=C2/c3ccccc3Sc3ccc(S(=O)(=O)N(C)C)cc32)CC1
1.611,1.612,1.615,1.619,1.622,1.622,1.624,1.628,1.627,1.627,1.627,1.628,1.627,1.627,1.627,1.624,1.624,1.624,1.619,1.617,1.614,1.612,1.608,1.608,1.608,1.607,1.607,1.607,1.607,1.608,1.609,1.614,1.615,1.616,1.617,1.616,1.614,1.611,1.607,1.604,1.601,1.593,1.587,1.586,1.58,1.572,1.57,1.563,1.555,1.548,1.536,1.53,1.525,1.517,1.517,1.517,1.514,1.512,1.51,1.51,1.521,1.55,1.607,1.698,1.831,1.914,1.696,1.38,1.002,0.619,0.232,-0.124,-0.389,-0.858,-1.099,-1.142,-1.172,-1.172,-0.953,-0.492,0.161,0.896,1.528,1.924,2.307,2.697,2.898,3.025,2.966,2.912,2.888,2.888,2.908,2.951,3.046,3.034,2.825,2.445,2.07,1.685,1.108,0.358,-0.342,-0.885,-1.183,-1.224,-1.224,-1.189,-1.011,-0.606,-0.262,0.068,0.455,0.803,1.203,1.585,1.813,1.813,1.669,1.567,1.507,1.467,1.447,1.44,1.44,1.444,1.456,1.461,1.469,1.477,1.479,1.48,1.48,1.475,1.473,1.473,1.474,1.475,1.48,1.484,1.488,1.488,1.489,1.492,1.494,1.495,1.498,1.498,1.499,1.5,1.497,1.495,1.495,1.495,1.497,1.497,1.501,1.502,1.504,1.507,1.51,1.512,1.513,1.518,1.523,1.53,1.534,1.537,1.539,1.542,1.546,1.55,1.554,1.554,1.558,1.559,1.562,1.563,1.565,1.569,1.571,1.575,1.577,1.578,1.579,Clozapine_56,Clozapine,-4.548213564475709,CN1CC[N+](=C2Nc3cc(Cl)ccc3Nc3ccccc32)CC1
0.851,0.852,0.853,0.854,0.86,0.862,0.865,0.867,0.868,0.868,0.868,0.869,0.869,0.872,0.872,0.871,0.868,0.867,0.866,0.86,0.86,0.858,0.858,0.858,0.857,0.857,0.857,0.858,0.858,0.861,0.863,0.866,0.868,0.87,0.873,0.876,0.877,0.875,0.869,0.868,0.863,0.858,0.857,0.856,0.856,0.851,0.848,0.845,0.84,0.836,0.832,0.829,0.828,0.828,0.828,0.829,0.833,0.838,0.846,0.858,0.884,0.925,0.992,1.095,1.229,1.385,1.553,1.687,1.735,1.497,1.057,0.535,0.046,-0.303,-0.575,-0.701,-0.733,-0.733,-0.651,-0.419,-0.007,0.593,1.301,2.086,2.903,3.636,4.181,4.434,4.439,4.375,4.356,4.356,4.358,4.385,4.437,4.387,3.871,3.138,2.333,1.519,0.775,0.12,-0.366,-0.657,-0.779,-0.778,-0.756,-0.69,-0.482,-0.139,0.355,0.848,1.318,1.618,1.671,1.552,1.385,1.215,1.07,0.958,0.885,0.836,0.804,0.787,0.783,0.782,0.782,0.782,0.783,0.784,0.786,0.781,0.772,0.768,0.763,0.763,0.763,0.762,0.761,0.761,0.761,0.76,0.76,0.762,0.765,0.766,0.77,0.77,0.766,0.761,0.759,0.757,0.756,0.756,0.756,0.757,0.757,0.757,0.757,0.761,0.764,0.767,0.769,0.773,0.775,0.777,0.78,0.782,0.786,0.79,0.793,0.795,0.796,0.797,0.799,0.8,0.8,0.802,0.803,0.804,0.805,0.807,0.807,0.809,0.816,Primidone_64,Primidone,-5.6020599913279625,CCC1(c2ccccc2)C(=O)NCNC1=O
1.687,1.689,1.693,1.699,1.703,1.705,1.705,1.708,1.707,1.707,1.707,1.709,1.708,1.708,1.71,1.708,1.706,1.706,1.701,1.699,1.698,1.694,1.69,1.689,1.689,1.689,1.69,1.688,1.688,1.689,1.689,1.69,1.691,1.693,1.695,1.693,1.692,1.689,1.684,1.681,1.678,1.671,1.666,1.66,1.656,1.647,1.644,1.637,1.63,1.622,1.612,1.606,1.6,1.592,1.591,1.587,1.584,1.582,1.58,1.581,1.594,1.617,1.671,1.767,1.904,2.023,2.031,1.819,1.571,1.191,0.849,0.518,0.174,-0.193,-0.295,-0.31,-0.244,-0.047,0.387,1.016,1.825,2.722,3.598,4.322,4.948,5.462,5.795,5.996,5.906,5.825,5.803,5.803,5.806,5.849,5.937,6.041,5.721,5.197,4.6,3.904,3.067,2.108,1.234,0.517,0.003,-0.264,-0.381,-0.345,-0.256,-0.035,0.343,0.688,1.008,1.364,1.719,1.913,1.959,1.862,1.719,1.612,1.552,1.516,1.497,1.487,1.489,1.489,1.502,1.509,1.517,1.528,1.53,1.53,1.53,1.53,1.527,1.527,1.527,1.527,1.53,1.533,1.537,1.537,1.541,1.544,1.545,1.547,1.551,1.55,1.55,1.55,1.546,1.546,1.546,1.546,1.548,1.55,1.554,1.555,1.56,1.565,1.569,1.57,1.572,1.578,1.582,1.588,1.591,1.593,1.596,1.602,1.606,1.611,1.614,1.614,1.618,1.621,1.625,1.626,1.628,1.63,1.633,1.636,1.638,1.642,1.645,Olanzapine_35,Olanzapine,-4.804100347590766,Cc1cc2c(s1)Nc1ccccc1NC2=[N+]1CCN(C)CC1
2.08,2.08,2.08,2.082,2.085,2.089,2.093,2.094,2.096,2.098,2.099,2.1,2.102,2.103,2.103,2.1,2.099,2.098,2.096,2.093,2.09,2.089,2.089,2.089,2.09,2.091,2.091,2.092,2.094,2.099,2.102,2.107,2.11,2.112,2.117,2.119,2.12,2.119,2.115,2.112,2.108,2.106,2.105,2.104,2.101,2.1,2.098,2.094,2.088,2.083,2.078,2.072,2.071,2.071,2.072,2.073,2.078,2.086,2.095,2.107,2.127,2.166,2.241,2.353,2.512,2.697,2.658,2.454,2.121,1.703,1.108,0.32,-0.461,-1.162,-1.708,-2.142,-2.395,-2.501,-2.518,-2.518,-2.462,-2.322,-2.093,-1.855,-1.695,-1.669,-1.627,-1.649,-1.733,-1.773,-1.779,-1.78,-1.78,-1.758,-1.702,-1.656,-1.693,-1.722,-1.82,-2.047,-2.291,-2.47,-2.547,-2.563,-2.563,-2.492,-2.298,-1.913,-1.409,-0.75,0.031,0.844,1.519,1.971,2.339,2.579,2.702,2.511,2.341,2.217,2.131,2.081,2.05,2.037,2.037,2.037,2.037,2.038,2.034,2.031,2.028,2.024,2.013,2.01,2.006,2.006,2.006,2.008,2.009,2.009,2.008,2.007,2.006,2.006,2.007,2.009,2.009,2.008,2.005,1.997,1.993,1.991,1.99,1.991,1.991,1.991,1.991,1.992,1.992,1.993,1.995,1.997,2.001,2.006,2.01,2.014,2.017,2.022,2.027,2.029,2.032,2.036,2.039,2.041,2.044,2.045,2.046,2.047,2.048,2.051,2.052,2.053,2.054,2.055,2.057,Doxepin_63,Doxepin,-4.787812395596042,CN(C)CC/C=C1/c2ccccc2COc2ccccc21
1.232,1.235,1.237,1.239,1.243,1.246,1.247,1.249,1.25,1.253,1.253,1.257,1.258,1.257,1.258,1.257,1.255,1.253,1.25,1.247,1.244,1.241,1.241,1.24,1.24,1.24,1.24,1.241,1.243,1.246,1.249,1.254,1.257,1.257,1.265,1.266,1.265,1.261,1.259,1.258,1.253,1.249,1.244,1.243,1.239,1.236,1.232,1.226,1.22,1.216,1.21,1.203,1.2,1.199,1.2,1.201,1.208,1.22,1.234,1.252,1.284,1.352,1.463,1.632,1.868,1.725,1.544,1.366,1.194,0.933,0.625,0.25,-0.148,-0.567,-0.846,-0.929,-0.938,-0.899,-0.676,-0.222,0.384,1.063,1.629,2.221,2.787,3.348,3.754,4.131,4.466,4.713,4.696,4.69,4.689,4.523,4.223,3.9,3.511,3.014,2.401,1.778,1.18,0.593,-0.105,-0.648,-0.964,-0.998,-1.002,-0.99,-0.752,-0.352,0.052,0.435,0.773,1.042,1.23,1.401,1.59,1.772,1.596,1.416,1.292,1.212,1.168,1.146,1.137,1.136,1.136,1.138,1.131,1.128,1.128,1.124,1.12,1.113,1.109,1.108,1.105,1.104,1.104,1.104,1.104,1.103,1.105,1.107,1.107,1.107,1.107,1.109,1.106,1.102,1.097,1.095,1.094,1.095,1.095,1.095,1.096,1.099,1.1,1.103,1.106,1.109,1.111,1.115,1.119,1.122,1.129,1.135,1.138,1.141,1.142,1.147,1.153,1.155,1.155,1.156,1.158,1.161,1.163,1.164,1.165,1.167,1.173,1.176,1.182,Metoclopramide_20,Metoclopramide,-4.774690718274138,CCN(CC)CCNC(=O)c1cc(Cl)c(N)cc1OC
2.729,2.732,2.732,2.736,2.739,2.738,2.741,2.743,2.744,2.745,2.747,2.747,2.746,2.747,2.747,2.745,2.742,2.738,2.732,2.726,2.723,2.719,2.714,2.71,2.71,2.71,2.71,2.711,2.71,2.71,2.71,2.713,2.714,2.714,2.715,2.713,2.709,2.705,2.699,2.689,2.682,2.673,2.66,2.656,2.638,2.631,2.621,2.608,2.6,2.585,2.564,2.542,2.523,2.492,2.472,2.46,2.447,2.437,2.437,2.442,2.45,2.479,2.539,2.486,2.43,2.376,2.362,2.18,1.815,1.272,0.726,0.003,-0.927,-1.708,-2.282,-2.758,-2.842,-2.841,-2.857,-2.785,-2.514,-1.986,-1.276,-0.455,0.245,0.785,1.205,1.471,1.47,1.409,1.401,1.401,1.412,1.466,1.555,1.313,0.907,0.368,-0.291,-1.08,-1.82,-2.421,-2.782,-2.902,-2.902,-2.911,-2.848,-2.523,-2.01,-1.198,-0.311,0.477,1.061,1.616,2.028,2.313,2.303,2.352,2.408,2.463,2.411,2.372,2.36,2.36,2.36,2.382,2.397,2.413,2.427,2.439,2.453,2.459,2.472,2.477,2.486,2.5,2.502,2.514,2.517,2.518,2.52,2.523,2.535,2.542,2.549,2.555,2.558,2.552,2.551,2.552,2.552,2.553,2.559,2.563,2.566,2.567,2.569,2.571,2.576,2.582,2.585,2.591,2.599,2.603,2.608,2.613,2.621,2.628,2.636,2.64,2.645,2.648,2.655,2.657,2.659,2.661,2.665,2.67,2.673,2.678,2.678,2.683,2.685,2.688,2.693,Thiothixene_112,Thiothixene,-5.468521082957745,CN(C)S(=O)(=O)c1ccc2c(c1)/C(=C\CC[N@H+]1CC[N@@H+](C)CC1)c1ccccc1S2
0.584,0.585,0.589,0.597,0.6,0.601,0.602,0.602,0.604,0.605,0.605,0.606,0.608,0.609,0.609,0.61,0.608,0.602,0.601,0.6,0.597,0.595,0.595,0.595,0.595,0.595,0.595,0.595,0.596,0.599,0.6,0.601,0.603,0.605,0.607,0.611,0.609,0.607,0.604,0.599,0.597,0.591,0.588,0.587,0.583,0.58,0.577,0.571,0.568,0.564,0.561,0.555,0.553,0.552,0.552,0.553,0.556,0.562,0.572,0.586,0.606,0.66,0.739,0.848,0.998,1.092,1.134,1.126,1.099,1.07,1.035,0.995,0.687,0.388,0.232,0.188,0.188,0.264,0.529,1.006,1.705,2.618,3.688,4.891,5.775,6.546,7.264,7.678,7.715,7.669,7.626,7.625,7.625,7.638,7.683,7.524,6.902,6.159,5.26,4.065,2.928,1.94,1.151,0.577,0.232,0.102,0.102,0.144,0.228,0.505,0.861,0.932,0.965,0.982,1.019,1.04,1.019,0.954,0.797,0.67,0.586,0.535,0.503,0.482,0.477,0.477,0.477,0.477,0.479,0.48,0.479,0.475,0.473,0.467,0.463,0.458,0.452,0.453,0.452,0.452,0.452,0.452,0.453,0.457,0.461,0.463,0.464,0.463,0.461,0.457,0.453,0.452,0.452,0.452,0.452,0.453,0.455,0.457,0.461,0.464,0.469,0.47,0.474,0.475,0.477,0.479,0.482,0.487,0.489,0.491,0.494,0.501,0.504,0.505,0.505,0.505,0.507,0.509,0.51,0.511,0.511,0.511,0.514,0.52,0.522,Isocarboxazid_93,Isocarboxazid,-4.752026733638194,Cc1cc(C(=O)NNCc2ccccc2)no1
1.347,1.349,1.351,1.353,1.357,1.361,1.366,1.367,1.368,1.368,1.369,1.37,1.371,1.374,1.376,1.375,1.374,1.37,1.366,1.363,1.359,1.358,1.358,1.359,1.359,1.36,1.36,1.361,1.364,1.367,1.371,1.376,1.38,1.383,1.386,1.387,1.388,1.385,1.381,1.375,1.37,1.366,1.365,1.364,1.361,1.358,1.354,1.35,1.345,1.339,1.333,1.326,1.324,1.323,1.323,1.327,1.332,1.343,1.354,1.372,1.403,1.47,1.571,1.727,1.944,2.202,2.44,2.647,2.603,2.233,1.759,1.117,0.526,-0.09,-0.529,-0.744,-0.834,-0.834,-0.775,-0.604,-0.21,0.273,0.8,1.388,1.963,2.46,2.87,3.11,2.979,2.898,2.888,2.887,2.886,2.912,3.011,2.93,2.558,2.077,1.515,0.928,0.356,-0.125,-0.579,-0.835,-0.91,-0.91,-0.894,-0.72,-0.35,0.232,0.831,1.476,1.997,2.422,2.62,2.415,2.187,1.91,1.677,1.512,1.389,1.318,1.276,1.255,1.248,1.248,1.248,1.247,1.247,1.246,1.243,1.236,1.227,1.223,1.219,1.215,1.214,1.213,1.212,1.212,1.211,1.21,1.212,1.214,1.216,1.221,1.222,1.219,1.213,1.208,1.204,1.203,1.202,1.202,1.202,1.203,1.204,1.205,1.208,1.209,1.214,1.218,1.222,1.225,1.23,1.233,1.235,1.239,1.244,1.247,1.252,1.257,1.261,1.266,1.267,1.268,1.269,1.27,1.273,1.274,1.275,1.278,1.279,1.282,1.288,Midazolam_24,Midazolam,-4.434152181326482,Cc1ncc2n1-c1ccc(Cl)cc1C(c1ccccc1F)=NC2
2.758,2.758,2.758,2.76,2.765,2.768,2.772,2.775,2.777,2.78,2.782,2.784,2.784,2.786,2.787,2.784,2.783,2.781,2.778,2.775,2.771,2.77,2.77,2.771,2.771,2.772,2.773,2.775,2.778,2.782,2.786,2.791,2.793,2.8,2.806,2.807,2.807,2.805,2.802,2.799,2.797,2.792,2.791,2.79,2.784,2.782,2.779,2.775,2.769,2.763,2.758,2.753,2.75,2.75,2.75,2.753,2.758,2.764,2.777,2.796,2.82,2.874,2.965,3.093,3.272,3.363,3.122,2.773,2.174,1.638,0.953,0.187,-0.747,-1.574,-2.272,-2.795,-3.109,-3.242,-3.252,-3.251,-3.195,-3.042,-2.868,-2.711,-2.526,-2.431,-2.371,-2.45,-2.548,-2.612,-2.627,-2.627,-2.629,-2.591,-2.505,-2.412,-2.454,-2.53,-2.692,-2.879,-3.024,-3.195,-3.307,-3.307,-3.305,-3.237,-2.978,-2.505,-1.867,-1.083,-0.142,0.698,1.402,2.008,2.591,2.989,3.272,3.253,3.077,2.931,2.83,2.765,2.727,2.71,2.708,2.708,2.709,2.709,2.7,2.699,2.694,2.688,2.68,2.672,2.672,2.671,2.669,2.671,2.673,2.673,2.672,2.672,2.671,2.672,2.674,2.67,2.669,2.669,2.663,2.659,2.654,2.651,2.65,2.65,2.651,2.651,2.651,2.652,2.652,2.654,2.655,2.659,2.663,2.668,2.673,2.678,2.685,2.688,2.693,2.697,2.702,2.707,2.711,2.712,2.716,2.719,2.721,2.723,2.723,2.724,2.727,2.728,2.729,2.732,2.735,Thioridazine_107,Thioridazine,-5.853871964321762,CSc1ccc2c(c1)N(CC[C@@H]1CCCCN1C)c1ccccc1S2
1.218,1.218,1.218,1.221,1.225,1.228,1.231,1.23,1.23,1.229,1.229,1.232,1.233,1.234,1.233,1.23,1.228,1.225,1.222,1.217,1.212,1.209,1.207,1.203,1.202,1.2,1.2,1.2,1.2,1.197,1.197,1.195,1.193,1.189,1.189,1.189,1.186,1.183,1.178,1.172,1.169,1.16,1.157,1.15,1.144,1.131,1.124,1.116,1.104,1.097,1.091,1.079,1.066,1.046,1.03,1.032,1.025,1.025,1.025,1.033,1.046,1.071,1.131,1.228,1.312,1.336,1.376,1.427,1.473,1.481,1.477,1.338,1.08,0.938,0.912,0.965,1.004,1.41,1.829,2.248,2.741,3.368,3.891,4.936,5.606,6.577,7.072,7.496,7.77,7.899,7.872,7.873,7.873,7.927,7.75,7.312,6.824,6.003,5.269,4.23,3.463,2.918,2.37,1.894,1.481,1.035,0.881,0.846,0.865,0.907,1.176,1.411,1.418,1.418,1.338,1.291,1.262,1.235,1.185,1.066,0.998,0.966,0.946,0.945,0.946,0.951,0.953,0.96,0.97,0.981,0.988,0.995,1.004,1.012,1.017,1.018,1.018,1.025,1.026,1.026,1.028,1.034,1.039,1.048,1.052,1.055,1.058,1.06,1.06,1.061,1.062,1.062,1.065,1.068,1.072,1.074,1.077,1.081,1.086,1.09,1.096,1.099,1.103,1.107,1.111,1.116,1.122,1.126,1.131,1.134,1.137,1.14,1.144,1.146,1.145,1.145,1.148,1.153,1.155,1.156,1.158,1.161,1.165,1.166,1.172,Sumatriptan_99,Sumatriptan,-6.3979400086720375,C[N-]S(=O)(=O)Cc1ccc2[nH]cc(CC[NH+](C)C)c2c1
1.721,1.723,1.726,1.729,1.731,1.736,1.736,1.737,1.737,1.736,1.736,1.737,1.738,1.74,1.741,1.74,1.737,1.735,1.731,1.726,1.723,1.722,1.721,1.721,1.717,1.717,1.718,1.718,1.719,1.721,1.725,1.725,1.727,1.727,1.728,1.727,1.725,1.723,1.718,1.714,1.706,1.703,1.694,1.693,1.689,1.687,1.681,1.667,1.66,1.655,1.643,1.637,1.627,1.619,1.61,1.602,1.593,1.59,1.589,1.593,1.602,1.629,1.693,1.777,1.902,2.065,2.247,2.305,2.035,1.631,1.111,0.417,-0.2,-0.737,-1.083,-1.223,-1.308,-1.308,-1.238,-0.992,-0.598,-0.04,0.655,1.372,2.006,2.364,2.408,2.289,2.213,2.16,2.146,2.146,2.147,2.181,2.251,2.363,2.395,2.169,1.588,0.869,0.154,-0.462,-0.921,-1.212,-1.362,-1.362,-1.314,-1.212,-0.927,-0.447,0.16,0.857,1.444,1.876,2.192,2.234,2.072,1.885,1.735,1.645,1.576,1.539,1.532,1.528,1.528,1.528,1.535,1.546,1.556,1.568,1.573,1.577,1.581,1.58,1.579,1.58,1.58,1.581,1.582,1.585,1.587,1.59,1.596,1.597,1.6,1.604,1.608,1.607,1.606,1.602,1.602,1.601,1.601,1.603,1.603,1.605,1.608,1.61,1.611,1.614,1.619,1.621,1.625,1.628,1.633,1.637,1.64,1.645,1.649,1.651,1.656,1.66,1.663,1.665,1.665,1.669,1.673,1.674,1.676,1.677,1.677,1.682,1.684,1.685,1.689,Mirtazapine_27,Mirtazapine,-4.489454989793388,C[N@@H+]1CCN2c3ncccc3Cc3ccccc3[C@H]2C1
0.158,0.159,0.161,0.164,0.17,0.172,0.175,0.176,0.176,0.176,0.176,0.177,0.179,0.18,0.181,0.181,0.178,0.173,0.173,0.169,0.166,0.164,0.164,0.165,0.164,0.164,0.164,0.164,0.164,0.168,0.17,0.172,0.176,0.178,0.179,0.18,0.18,0.179,0.174,0.168,0.164,0.159,0.156,0.155,0.153,0.148,0.144,0.14,0.138,0.133,0.128,0.123,0.12,0.12,0.12,0.12,0.126,0.134,0.145,0.162,0.196,0.258,0.349,0.481,0.665,0.899,1.126,1.333,1.475,1.481,1.338,1.123,0.737,0.44,0.325,0.294,0.294,0.363,0.573,1.028,1.618,2.365,3.243,4.234,5.268,6.247,6.976,7.618,8.029,8.154,8.118,8.118,8.118,8.146,7.835,7.274,6.523,5.565,4.523,3.498,2.559,1.754,1.121,0.605,0.308,0.21,0.2,0.2,0.285,0.538,0.92,1.174,1.336,1.393,1.283,1.09,0.873,0.635,0.431,0.289,0.182,0.115,0.074,0.051,0.043,0.042,0.04,0.04,0.043,0.042,0.043,0.039,0.035,0.025,0.024,0.02,0.017,0.015,0.014,0.013,0.012,0.012,0.012,0.017,0.022,0.024,0.028,0.027,0.023,0.021,0.015,0.014,0.014,0.014,0.016,0.016,0.017,0.019,0.021,0.025,0.026,0.032,0.036,0.037,0.038,0.043,0.044,0.046,0.049,0.053,0.056,0.063,0.066,0.067,0.068,0.069,0.069,0.069,0.07,0.072,0.074,0.076,0.078,0.083,0.089,Lamotrigine_99,Lamotrigine,-4.701146923590294,Nc1nnc(-c2cccc(Cl)c2Cl)c(N)n1
1.976,1.978,1.98,1.984,1.984,1.988,1.991,1.992,1.991,1.992,1.993,1.993,1.996,1.997,1.995,1.995,1.993,1.988,1.985,1.979,1.978,1.977,1.974,1.972,1.972,1.972,1.972,1.974,1.974,1.977,1.979,1.98,1.981,1.981,1.982,1.982,1.983,1.979,1.97,1.968,1.963,1.954,1.952,1.945,1.94,1.932,1.927,1.92,1.907,1.901,1.891,1.877,1.865,1.856,1.844,1.84,1.836,1.83,1.833,1.824,1.859,1.884,1.933,2.023,2.139,2.187,2.246,2.265,2.004,1.41,0.823,0.212,-0.423,-0.879,-1.158,-1.317,-1.354,-1.349,-1.331,-1.132,-0.797,-0.292,0.267,0.782,1.281,1.648,1.948,1.958,1.89,1.848,1.837,1.833,1.836,1.854,1.924,1.94,1.789,1.425,0.961,0.421,-0.134,-0.683,-1.076,-1.32,-1.426,-1.426,-1.4,-1.275,-1.034,-0.647,-0.076,0.577,1.195,1.775,2.188,2.209,2.159,2.1,1.984,1.883,1.824,1.794,1.771,1.76,1.766,1.771,1.778,1.779,1.794,1.805,1.809,1.819,1.82,1.822,1.822,1.822,1.828,1.828,1.832,1.832,1.833,1.835,1.838,1.846,1.848,1.852,1.854,1.854,1.849,1.848,1.848,1.847,1.847,1.85,1.851,1.854,1.856,1.857,1.86,1.862,1.866,1.866,1.871,1.876,1.88,1.883,1.888,1.892,1.9,1.904,1.908,1.911,1.913,1.916,1.918,1.92,1.923,1.925,1.927,1.929,1.931,1.935,1.937,1.94,1.944,Citalopram_53,Citalopram,-4.742321425130816,C[NH+](C)CCC[C@]1(c2ccc(F)cc2)OCc2cc(C#N)ccc21
1.311,1.312,1.316,1.319,1.321,1.325,1.327,1.327,1.328,1.331,1.332,1.333,1.336,1.336,1.337,1.336,1.335,1.334,1.332,1.329,1.327,1.324,1.324,1.324,1.325,1.326,1.326,1.327,1.329,1.331,1.332,1.335,1.338,1.342,1.343,1.343,1.343,1.342,1.341,1.337,1.334,1.329,1.327,1.326,1.323,1.319,1.316,1.314,1.309,1.304,1.299,1.296,1.291,1.291,1.291,1.294,1.298,1.305,1.312,1.327,1.357,1.414,1.502,1.637,1.83,1.961,1.84,1.649,1.449,1.207,0.949,0.661,0.206,-0.145,-0.353,-0.433,-0.433,-0.409,-0.282,0.02,0.492,1.023,1.491,1.931,2.425,2.954,3.4,3.735,3.922,3.843,3.812,3.812,3.814,3.84,3.86,3.512,3.081,2.573,2.076,1.617,1.144,0.598,0.1,-0.27,-0.466,-0.508,-0.508,-0.484,-0.314,-0.009,0.433,0.768,1.023,1.288,1.502,1.703,1.851,1.793,1.584,1.44,1.339,1.276,1.239,1.218,1.214,1.214,1.214,1.214,1.21,1.209,1.207,1.204,1.203,1.197,1.194,1.19,1.188,1.187,1.187,1.187,1.186,1.185,1.187,1.19,1.193,1.193,1.192,1.192,1.191,1.184,1.179,1.179,1.178,1.179,1.179,1.181,1.183,1.185,1.187,1.189,1.193,1.196,1.199,1.201,1.203,1.207,1.21,1.216,1.22,1.223,1.227,1.229,1.233,1.237,1.239,1.239,1.24,1.242,1.243,1.245,1.247,1.248,1.25,1.253,1.26,Zaleplon_132,Zaleplon,-4.425968732272281,CCN(C(C)=O)c1cccc(-c2ccnc3c(C#N)cnn23)c1
3.253,3.258,3.264,3.269,3.278,3.282,3.285,3.285,3.295,3.3,3.306,3.308,3.307,3.307,3.308,3.307,3.303,3.297,3.295,3.289,3.284,3.28,3.279,3.275,3.276,3.276,3.277,3.278,3.284,3.289,3.294,3.297,3.305,3.311,3.306,3.308,3.309,3.309,3.305,3.302,3.293,3.288,3.282,3.274,3.265,3.258,3.251,3.241,3.234,3.224,3.214,3.206,3.203,3.202,3.202,3.204,3.214,3.23,3.253,3.289,3.359,3.488,3.704,4.024,4.366,4.517,4.106,3.63,3.098,2.711,2.413,2.08,0.955,-0.016,-0.761,-1.04,-1.04,-1.025,-0.717,0.011,1.014,2.386,4.071,5.35,6.362,6.817,7.3,7.777,8.328,8.995,9.681,9.903,9.183,8.492,7.929,7.43,6.972,6.537,5.742,4.513,2.795,1.309,0.166,-0.681,-1.137,-1.234,-1.234,-1.045,-0.485,0.491,1.591,2.15,2.461,2.829,3.307,3.799,4.213,4.23,3.935,3.606,3.362,3.21,3.129,3.086,3.065,3.063,3.063,3.061,3.054,3.052,3.041,3.032,3.032,3.02,3.014,3.007,3.004,3.0,3.0,3.001,3.001,3.001,3.003,3.007,3.01,3.004,3.002,2.998,2.996,2.99,2.984,2.978,2.975,2.975,2.978,2.98,2.983,2.988,2.992,3.001,3.005,3.013,3.018,3.024,3.032,3.042,3.051,3.058,3.065,3.073,3.079,3.088,3.091,3.098,3.103,3.108,3.112,3.113,3.121,3.124,3.125,3.128,3.137,3.147,3.157,Ergotamine_65,Ergotamine,-4.991399828238082,CN1C[C@@H](C(=O)N[C@@]2(C)O[C@@]3(O)[C@@H]4CCCN4C(=O)[C@@H](Cc4ccccc4)N3C2=O)C=C2c3cccc4[nH]cc(c34)C[C@@H]21
2.63,2.63,2.632,2.635,2.639,2.643,2.646,2.648,2.65,2.65,2.65,2.65,2.651,2.649,2.649,2.645,2.643,2.639,2.637,2.635,2.627,2.624,2.624,2.619,2.619,2.621,2.621,2.621,2.622,2.625,2.629,2.634,2.636,2.638,2.638,2.637,2.633,2.634,2.632,2.625,2.62,2.613,2.609,2.597,2.593,2.587,2.582,2.573,2.565,2.556,2.552,2.541,2.535,2.533,2.53,2.524,2.523,2.522,2.524,2.532,2.555,2.598,2.677,2.797,2.942,2.699,2.432,2.259,1.951,1.349,0.653,-0.108,-0.865,-1.48,-2.098,-2.425,-2.565,-2.639,-2.639,-2.502,-2.333,-2.037,-1.647,-1.217,-0.844,-0.608,-0.346,-0.152,0.083,0.297,0.577,0.636,0.373,0.152,-0.083,-0.263,-0.506,-0.786,-1.092,-1.548,-1.957,-2.296,-2.496,-2.66,-2.672,-2.621,-2.558,-2.289,-1.739,-1.127,-0.406,0.379,1.165,1.775,2.201,2.365,2.604,2.771,2.785,2.658,2.559,2.508,2.482,2.474,2.471,2.467,2.47,2.477,2.486,2.49,2.494,2.495,2.492,2.493,2.49,2.489,2.49,2.492,2.496,2.497,2.5,2.5,2.507,2.508,2.511,2.513,2.515,2.511,2.51,2.51,2.508,2.505,2.504,2.504,2.504,2.507,2.508,2.509,2.511,2.512,2.517,2.521,2.524,2.53,2.535,2.54,2.545,2.552,2.555,2.559,2.565,2.568,2.57,2.574,2.578,2.58,2.584,2.585,2.587,2.588,2.591,2.592,2.598,2.603,2.606,Fluphenazine_76,Fluphenazine,-5.455931955649724,OCCN1CC[NH+](CCCN2c3ccccc3Sc3ccc(C(F)(F)F)cc32)CC1
2.629,2.629,2.631,2.636,2.639,2.642,2.645,2.648,2.65,2.65,2.651,2.649,2.649,2.65,2.649,2.647,2.646,2.637,2.632,2.63,2.626,2.623,2.62,2.616,2.616,2.617,2.618,2.618,2.62,2.624,2.628,2.631,2.635,2.635,2.636,2.636,2.638,2.631,2.628,2.621,2.617,2.61,2.605,2.598,2.588,2.579,2.574,2.569,2.561,2.549,2.543,2.536,2.528,2.525,2.516,2.515,2.515,2.522,2.527,2.54,2.56,2.608,2.684,2.799,2.969,2.983,2.781,2.679,2.195,1.666,0.773,-0.112,-0.909,-1.571,-2.164,-2.417,-2.618,-2.72,-2.697,-2.636,-2.531,-2.271,-2.06,-1.645,-1.298,-1.142,-0.713,-0.249,0.184,0.625,0.846,0.737,0.707,0.49,-0.115,-0.582,-0.774,-1.208,-1.729,-1.922,-2.219,-2.502,-2.649,-2.728,-2.707,-2.747,-2.615,-2.29,-1.822,-1.163,-0.44,0.47,1.349,2.045,2.526,2.679,2.918,2.963,2.795,2.657,2.565,2.504,2.485,2.474,2.472,2.47,2.473,2.474,2.476,2.478,2.485,2.482,2.481,2.482,2.487,2.487,2.489,2.491,2.492,2.492,2.494,2.497,2.499,2.503,2.509,2.511,2.515,2.51,2.507,2.506,2.506,2.505,2.505,2.505,2.506,2.506,2.507,2.507,2.51,2.512,2.516,2.52,2.524,2.532,2.536,2.542,2.546,2.553,2.557,2.56,2.564,2.569,2.571,2.573,2.577,2.579,2.581,2.583,2.586,2.59,2.592,2.593,2.596,2.602,2.605,Fluphenazine_77,Fluphenazine,-5.455931955649724,OCC[NH+]1CCN(CCCN2c3ccccc3Sc3ccc(C(F)(F)F)cc32)CC1
2.352,2.352,2.353,2.355,2.357,2.358,2.361,2.364,2.365,2.365,2.366,2.366,2.368,2.368,2.367,2.366,2.365,2.359,2.358,2.355,2.352,2.351,2.347,2.346,2.346,2.346,2.346,2.347,2.348,2.349,2.351,2.354,2.355,2.355,2.356,2.356,2.357,2.352,2.349,2.346,2.336,2.333,2.33,2.325,2.321,2.313,2.309,2.303,2.292,2.285,2.273,2.261,2.249,2.233,2.219,2.205,2.194,2.187,2.186,2.187,2.195,2.217,2.244,2.307,2.388,2.455,2.499,2.428,2.002,1.367,0.653,-0.17,-0.962,-1.632,-2.155,-2.51,-2.678,-2.737,-2.739,-2.737,-2.722,-2.584,-2.347,-2.049,-1.717,-1.408,-1.137,-1.035,-1.092,-1.124,-1.13,-1.132,-1.132,-1.106,-1.045,-1.071,-1.32,-1.628,-1.956,-2.269,-2.532,-2.708,-2.766,-2.777,-2.777,-2.724,-2.615,-2.326,-1.844,-1.218,-0.452,0.416,1.138,1.807,2.354,2.495,2.444,2.384,2.296,2.219,2.179,2.156,2.145,2.144,2.143,2.154,2.174,2.188,2.202,2.214,2.222,2.23,2.23,2.23,2.236,2.237,2.242,2.246,2.249,2.252,2.254,2.254,2.256,2.261,2.265,2.267,2.271,2.268,2.264,2.263,2.263,2.262,2.262,2.263,2.265,2.266,2.268,2.269,2.271,2.273,2.276,2.279,2.283,2.288,2.292,2.296,2.301,2.306,2.311,2.314,2.315,2.317,2.321,2.324,2.326,2.327,2.329,2.331,2.334,2.337,2.339,2.338,2.339,2.341,2.343,Maprotiline_14,Maprotiline,-5.229147988357856,C[NH2+]CCC[C@]12CC[C@H](c3ccccc31)c1ccccc12
1.441,1.444,1.445,1.448,1.451,1.453,1.456,1.459,1.456,1.456,1.456,1.455,1.455,1.456,1.457,1.456,1.454,1.453,1.448,1.445,1.444,1.442,1.437,1.437,1.437,1.436,1.436,1.435,1.435,1.437,1.439,1.442,1.442,1.446,1.446,1.445,1.441,1.44,1.433,1.43,1.429,1.421,1.417,1.411,1.409,1.4,1.398,1.391,1.386,1.379,1.367,1.36,1.356,1.35,1.349,1.346,1.345,1.344,1.343,1.344,1.354,1.376,1.427,1.515,1.641,1.769,1.828,1.74,1.546,1.16,0.7,0.221,-0.264,-0.65,-0.891,-1.001,-1.015,-1.015,-0.822,-0.469,0.02,0.555,1.068,1.601,2.054,2.441,2.727,2.945,3.054,3.106,3.116,3.117,3.128,3.152,2.999,2.794,2.552,2.193,1.78,1.245,0.687,0.171,-0.376,-0.762,-1.026,-1.077,-1.077,-0.972,-0.8,-0.453,0.042,0.5,0.98,1.433,1.655,1.784,1.74,1.621,1.488,1.391,1.334,1.301,1.283,1.279,1.277,1.277,1.288,1.294,1.3,1.309,1.311,1.31,1.31,1.309,1.308,1.306,1.306,1.312,1.316,1.318,1.321,1.321,1.323,1.325,1.327,1.329,1.334,1.333,1.333,1.333,1.331,1.33,1.33,1.33,1.332,1.333,1.335,1.337,1.337,1.342,1.344,1.347,1.349,1.354,1.359,1.363,1.366,1.368,1.372,1.375,1.38,1.381,1.386,1.387,1.39,1.392,1.394,1.395,1.397,1.4,1.401,1.406,1.408,1.409,1.412,Amoxapine_22,Amoxapine,-4.8297382846050425,Clc1ccc2c(c1)C(=[N+]1CCNCC1)Nc1ccccc1O2
2.311,2.314,2.317,2.319,2.322,2.327,2.327,2.329,2.331,2.332,2.332,2.332,2.331,2.332,2.328,2.328,2.326,2.324,2.321,2.313,2.31,2.306,2.304,2.304,2.302,2.301,2.302,2.301,2.302,2.305,2.31,2.315,2.317,2.316,2.316,2.317,2.315,2.313,2.309,2.305,2.298,2.293,2.286,2.279,2.275,2.268,2.263,2.252,2.244,2.238,2.229,2.218,2.213,2.21,2.206,2.204,2.2,2.199,2.205,2.214,2.244,2.296,2.38,2.512,2.616,2.537,2.42,2.207,1.759,1.226,0.637,0.116,-0.477,-1.271,-1.843,-2.244,-2.318,-2.349,-2.349,-2.193,-1.834,-1.403,-0.893,-0.409,-0.004,0.391,0.525,0.657,0.838,1.03,1.281,1.365,1.095,0.889,0.703,0.581,0.454,0.113,-0.267,-0.831,-1.317,-1.741,-2.141,-2.381,-2.38,-2.369,-2.336,-2.038,-1.52,-0.805,-0.084,0.431,0.991,1.518,2.004,2.369,2.442,2.588,2.503,2.358,2.254,2.193,2.158,2.146,2.145,2.144,2.144,2.147,2.152,2.162,2.162,2.163,2.166,2.165,2.164,2.164,2.165,2.165,2.167,2.167,2.168,2.173,2.181,2.181,2.183,2.188,2.186,2.185,2.185,2.184,2.182,2.18,2.18,2.179,2.18,2.182,2.183,2.184,2.186,2.189,2.193,2.196,2.201,2.206,2.213,2.217,2.222,2.227,2.23,2.237,2.241,2.242,2.245,2.248,2.249,2.253,2.257,2.26,2.263,2.264,2.266,2.269,2.273,2.279,2.284,Quetiapine_72,Quetiapine,-4.481486060122112,OCCOCC[NH+]1CCN(C2=Nc3ccccc3Sc3ccccc32)CC1
0.474,0.475,0.476,0.48,0.483,0.486,0.489,0.489,0.489,0.488,0.489,0.49,0.49,0.491,0.493,0.493,0.492,0.489,0.487,0.484,0.483,0.481,0.481,0.481,0.481,0.481,0.482,0.482,0.483,0.485,0.486,0.489,0.491,0.492,0.493,0.496,0.494,0.492,0.491,0.488,0.482,0.479,0.478,0.478,0.476,0.474,0.47,0.467,0.465,0.462,0.458,0.454,0.452,0.451,0.451,0.453,0.456,0.461,0.466,0.478,0.497,0.533,0.587,0.672,0.789,0.922,1.067,1.199,1.293,1.291,1.053,0.716,0.389,0.112,-0.054,-0.117,-0.137,-0.137,-0.079,0.111,0.463,0.965,1.597,2.329,3.081,3.785,4.35,4.71,4.666,4.625,4.609,4.609,4.609,4.622,4.661,4.536,3.975,3.293,2.54,1.797,1.117,0.559,0.155,-0.092,-0.188,-0.189,-0.189,-0.152,-0.017,0.221,0.545,0.877,1.164,1.249,1.176,1.049,0.899,0.756,0.632,0.542,0.477,0.44,0.414,0.401,0.397,0.397,0.397,0.398,0.398,0.398,0.398,0.395,0.39,0.386,0.383,0.381,0.377,0.375,0.375,0.376,0.375,0.375,0.375,0.377,0.381,0.384,0.388,0.384,0.381,0.379,0.376,0.374,0.374,0.375,0.375,0.375,0.377,0.378,0.379,0.38,0.385,0.388,0.39,0.392,0.393,0.395,0.397,0.399,0.4,0.404,0.406,0.412,0.412,0.414,0.416,0.416,0.417,0.418,0.418,0.419,0.42,0.421,0.423,0.424,0.426,Pemoline_48,Pemoline,-5.337242168318426,NC1=NC(=O)[C@H](c2ccccc2)O1
1.633,1.633,1.634,1.633,1.636,1.639,1.641,1.643,1.646,1.647,1.647,1.648,1.649,1.649,1.65,1.649,1.649,1.645,1.644,1.642,1.64,1.64,1.64,1.64,1.641,1.641,1.642,1.642,1.644,1.647,1.649,1.652,1.655,1.658,1.66,1.662,1.662,1.661,1.66,1.657,1.655,1.652,1.652,1.652,1.652,1.648,1.646,1.642,1.64,1.636,1.633,1.629,1.628,1.628,1.629,1.629,1.633,1.637,1.644,1.654,1.666,1.692,1.742,1.816,1.917,2.025,2.035,1.768,1.42,1.012,0.563,0.021,-0.531,-1.008,-1.38,-1.697,-1.87,-1.967,-1.972,-1.972,-1.952,-1.902,-1.79,-1.692,-1.56,-1.454,-1.496,-1.546,-1.594,-1.625,-1.631,-1.631,-1.63,-1.613,-1.572,-1.524,-1.477,-1.553,-1.676,-1.788,-1.899,-1.969,-2.002,-2.0,-1.999,-1.948,-1.796,-1.532,-1.167,-0.724,-0.174,0.372,0.859,1.282,1.654,1.944,2.017,1.919,1.807,1.727,1.669,1.633,1.615,1.606,1.605,1.605,1.606,1.606,1.606,1.603,1.597,1.593,1.589,1.583,1.581,1.581,1.582,1.585,1.586,1.586,1.586,1.585,1.584,1.583,1.584,1.586,1.585,1.583,1.581,1.578,1.574,1.572,1.572,1.572,1.573,1.573,1.573,1.572,1.573,1.573,1.574,1.578,1.58,1.582,1.585,1.59,1.592,1.594,1.597,1.599,1.602,1.605,1.607,1.608,1.611,1.612,1.613,1.613,1.614,1.615,1.616,1.617,1.618,1.618,1.62,Selegiline_84,Selegiline,-4.313363730737707,C#CCN(C)[C@@H](C)Cc1ccccc1
1.671,1.671,1.671,1.674,1.676,1.679,1.681,1.681,1.68,1.678,1.678,1.679,1.681,1.681,1.681,1.681,1.679,1.678,1.676,1.674,1.668,1.667,1.666,1.665,1.665,1.661,1.661,1.662,1.663,1.665,1.666,1.666,1.667,1.667,1.667,1.668,1.669,1.668,1.665,1.659,1.652,1.649,1.647,1.641,1.641,1.64,1.635,1.63,1.619,1.612,1.605,1.595,1.59,1.582,1.575,1.565,1.554,1.542,1.527,1.512,1.504,1.504,1.519,1.558,1.617,1.703,1.824,1.933,1.552,1.026,0.368,-0.29,-0.87,-1.332,-1.655,-1.842,-1.94,-1.94,-1.891,-1.72,-1.462,-1.121,-0.736,-0.346,-0.052,-0.031,-0.125,-0.196,-0.253,-0.284,-0.289,-0.289,-0.285,-0.265,-0.208,-0.13,-0.035,0.056,-0.223,-0.594,-1.003,-1.371,-1.664,-1.868,-1.959,-1.959,-1.913,-1.75,-1.477,-1.052,-0.498,0.15,0.826,1.404,1.837,1.865,1.72,1.61,1.54,1.498,1.478,1.478,1.478,1.493,1.506,1.522,1.537,1.546,1.56,1.564,1.57,1.575,1.573,1.571,1.571,1.574,1.579,1.583,1.588,1.591,1.594,1.595,1.595,1.595,1.597,1.603,1.606,1.608,1.604,1.601,1.6,1.6,1.6,1.602,1.605,1.605,1.609,1.608,1.61,1.612,1.612,1.615,1.62,1.624,1.626,1.63,1.632,1.637,1.64,1.642,1.643,1.644,1.646,1.65,1.652,1.652,1.655,1.656,1.658,1.661,1.662,1.663,1.663,1.664,1.665,Amantadine_15,Amantadine,-5.1487416512809245,[NH3+][C@]12C[C@H]3C[C@H](C[C@H](C3)C1)C2
1.779,1.78,1.78,1.782,1.786,1.786,1.787,1.79,1.789,1.789,1.79,1.791,1.791,1.792,1.792,1.791,1.79,1.788,1.783,1.779,1.777,1.776,1.774,1.772,1.771,1.771,1.771,1.771,1.772,1.774,1.775,1.777,1.777,1.778,1.779,1.779,1.78,1.775,1.769,1.767,1.765,1.754,1.751,1.749,1.746,1.741,1.733,1.727,1.72,1.71,1.704,1.692,1.68,1.669,1.658,1.644,1.634,1.621,1.617,1.617,1.621,1.636,1.672,1.741,1.827,1.91,1.974,1.808,1.533,1.169,0.568,-0.028,-0.644,-1.214,-1.617,-1.911,-2.054,-2.058,-2.058,-2.032,-1.855,-1.554,-1.157,-0.73,-0.313,0.044,0.184,0.083,0.021,-0.019,-0.027,-0.027,-0.026,0.004,0.071,0.162,0.129,-0.196,-0.611,-1.042,-1.454,-1.794,-2.022,-2.094,-2.094,-2.094,-2.013,-1.755,-1.399,-0.88,-0.251,0.388,0.976,1.416,1.725,1.914,1.91,1.823,1.732,1.656,1.603,1.578,1.571,1.571,1.578,1.595,1.607,1.623,1.636,1.642,1.654,1.655,1.659,1.66,1.66,1.664,1.666,1.671,1.674,1.675,1.676,1.678,1.683,1.685,1.69,1.692,1.695,1.694,1.693,1.691,1.689,1.689,1.689,1.691,1.693,1.695,1.696,1.697,1.699,1.701,1.703,1.706,1.71,1.715,1.718,1.721,1.725,1.729,1.733,1.736,1.739,1.74,1.743,1.745,1.747,1.749,1.75,1.753,1.754,1.755,1.758,1.759,1.759,1.763,1.766,Atomoxetine_31,Atomoxetine,-4.804100347590766,C[NH2+]CC[C@H](Oc1ccccc1C)c1ccccc1
2.352,2.352,2.352,2.355,2.359,2.36,2.361,2.365,2.365,2.365,2.365,2.367,2.368,2.368,2.367,2.365,2.365,2.363,2.357,2.355,2.353,2.351,2.349,2.347,2.347,2.347,2.347,2.348,2.35,2.35,2.353,2.354,2.357,2.356,2.357,2.356,2.357,2.355,2.349,2.346,2.343,2.333,2.33,2.327,2.323,2.319,2.31,2.304,2.297,2.287,2.281,2.27,2.259,2.25,2.236,2.227,2.221,2.219,2.217,2.221,2.231,2.252,2.293,2.365,2.439,2.418,2.384,2.262,1.885,1.293,0.661,-0.078,-0.869,-1.519,-2.015,-2.342,-2.522,-2.581,-2.633,-2.647,-2.557,-2.368,-2.095,-1.767,-1.437,-1.152,-0.953,-1.032,-1.094,-1.126,-1.133,-1.134,-1.131,-1.099,-1.042,-0.952,-1.071,-1.338,-1.671,-2.01,-2.291,-2.518,-2.625,-2.663,-2.645,-2.607,-2.403,-2.171,-1.72,-1.121,-0.359,0.447,1.087,1.699,2.199,2.337,2.408,2.403,2.349,2.276,2.222,2.194,2.174,2.176,2.177,2.187,2.195,2.206,2.214,2.222,2.231,2.232,2.233,2.237,2.238,2.241,2.245,2.249,2.252,2.253,2.253,2.256,2.26,2.263,2.265,2.268,2.271,2.268,2.265,2.266,2.264,2.264,2.264,2.266,2.267,2.268,2.268,2.27,2.271,2.272,2.276,2.28,2.285,2.288,2.292,2.296,2.301,2.307,2.312,2.314,2.316,2.318,2.321,2.324,2.325,2.327,2.329,2.331,2.334,2.337,2.338,2.338,2.339,2.342,2.343,Amitriptyline_17,Amitriptyline,-5.008773924307505,C[NH+](C)CCC=C1c2ccccc2CCc2ccccc21
1.65,1.653,1.655,1.66,1.661,1.661,1.664,1.664,1.661,1.66,1.661,1.659,1.659,1.659,1.659,1.657,1.656,1.655,1.647,1.645,1.644,1.64,1.633,1.63,1.63,1.629,1.629,1.625,1.625,1.626,1.626,1.625,1.622,1.622,1.622,1.621,1.619,1.613,1.606,1.603,1.6,1.588,1.579,1.574,1.567,1.555,1.548,1.537,1.529,1.514,1.504,1.491,1.476,1.46,1.442,1.424,1.407,1.394,1.386,1.382,1.382,1.384,1.412,1.469,1.44,1.347,1.222,1.083,0.824,0.536,0.235,-0.041,-0.554,-0.917,-1.031,-1.112,-1.112,-0.946,-0.6,0.026,0.832,1.679,2.436,3.211,3.653,4.017,4.221,4.36,4.292,4.244,4.225,4.225,4.247,4.3,4.398,4.401,4.2,3.825,3.457,2.74,1.934,1.106,0.252,-0.462,-0.907,-1.123,-1.123,-1.121,-1.018,-0.725,-0.23,0.119,0.422,0.702,0.989,1.147,1.278,1.384,1.446,1.374,1.338,1.327,1.327,1.336,1.339,1.354,1.372,1.388,1.402,1.417,1.432,1.438,1.444,1.454,1.461,1.465,1.469,1.471,1.476,1.481,1.489,1.492,1.499,1.506,1.509,1.51,1.513,1.516,1.516,1.519,1.521,1.524,1.527,1.528,1.531,1.531,1.535,1.54,1.541,1.545,1.55,1.551,1.554,1.56,1.565,1.568,1.575,1.578,1.582,1.585,1.588,1.59,1.594,1.594,1.598,1.599,1.605,1.607,1.609,1.613,1.616,1.619,1.623,1.624,1.625,Clozapine_55,Clozapine,-4.548213564475709,C[NH+]1CC[N+](=C2Nc3cc(Cl)ccc3Nc3ccccc32)CC1
2.69,2.692,2.693,2.696,2.701,2.702,2.705,2.708,2.71,2.712,2.713,2.715,2.714,2.714,2.713,2.706,2.706,2.706,2.699,2.698,2.695,2.692,2.689,2.688,2.688,2.688,2.689,2.689,2.693,2.695,2.699,2.7,2.703,2.703,2.705,2.706,2.705,2.703,2.695,2.691,2.685,2.679,2.673,2.662,2.652,2.645,2.636,2.629,2.619,2.608,2.599,2.585,2.572,2.558,2.555,2.554,2.555,2.559,2.569,2.585,2.614,2.666,2.764,2.915,2.844,2.691,2.535,2.375,1.941,1.389,0.841,0.239,-0.707,-1.627,-2.311,-2.761,-2.971,-3.022,-3.041,-2.957,-2.805,-2.482,-2.003,-1.412,-1.147,-0.96,-0.669,-0.332,0.02,0.059,0.054,0.058,0.059,0.105,-0.236,-0.604,-0.92,-1.188,-1.3,-1.889,-2.399,-2.787,-2.971,-3.109,-3.095,-3.062,-2.941,-2.561,-1.944,-1.095,-0.067,0.586,1.167,1.727,2.204,2.425,2.59,2.734,2.84,2.71,2.606,2.535,2.505,2.49,2.487,2.487,2.488,2.489,2.488,2.489,2.489,2.489,2.493,2.501,2.502,2.505,2.514,2.516,2.517,2.519,2.52,2.522,2.526,2.534,2.534,2.536,2.536,2.536,2.534,2.532,2.531,2.532,2.532,2.534,2.533,2.534,2.534,2.537,2.54,2.543,2.548,2.551,2.557,2.561,2.566,2.572,2.58,2.586,2.593,2.597,2.603,2.608,2.612,2.615,2.619,2.62,2.625,2.627,2.631,2.634,2.636,2.638,2.641,2.644,2.647,Thiothixene_111,Thiothixene,-5.468521082957745,CN(C)S(=O)(=O)c1ccc2c(c1)/C(=C/CCN1CC[NH+](C)CC1)c1ccccc1S2
1.902,1.904,1.905,1.908,1.911,1.916,1.919,1.924,1.926,1.927,1.927,1.93,1.931,1.931,1.931,1.931,1.93,1.928,1.925,1.922,1.917,1.915,1.915,1.916,1.917,1.918,1.918,1.919,1.923,1.926,1.929,1.933,1.939,1.941,1.942,1.941,1.941,1.942,1.938,1.937,1.933,1.929,1.924,1.923,1.917,1.912,1.91,1.904,1.898,1.892,1.886,1.881,1.876,1.875,1.875,1.878,1.885,1.894,1.91,1.93,1.971,2.048,2.176,2.346,2.592,2.609,2.43,2.147,1.789,1.503,1.192,0.835,0.206,-0.391,-0.894,-1.107,-1.131,-1.131,-1.121,-0.826,-0.321,-0.007,0.271,0.583,0.962,1.337,1.766,2.246,2.754,3.068,3.029,3.029,3.03,2.911,2.384,1.888,1.437,1.018,0.641,0.278,-0.033,-0.271,-0.765,-1.151,-1.27,-1.267,-1.247,-1.109,-0.701,-0.105,0.524,0.973,1.285,1.608,1.93,2.237,2.465,2.562,2.294,2.098,1.957,1.869,1.819,1.791,1.785,1.785,1.786,1.785,1.781,1.779,1.772,1.767,1.763,1.757,1.753,1.748,1.747,1.746,1.745,1.744,1.744,1.745,1.746,1.748,1.749,1.748,1.747,1.747,1.744,1.738,1.731,1.731,1.729,1.729,1.733,1.732,1.734,1.737,1.738,1.742,1.745,1.749,1.755,1.758,1.765,1.77,1.773,1.778,1.782,1.787,1.791,1.793,1.797,1.805,1.809,1.812,1.814,1.815,1.817,1.819,1.823,1.824,1.826,1.834,1.839,Trazodone_118,Trazodone,-4.423658649794207,O=c1n(CCCN2CCN(c3cccc(Cl)c3)CC2)nc2ccccn12
1.699,1.7,1.7,1.701,1.704,1.705,1.707,1.711,1.716,1.718,1.718,1.719,1.719,1.719,1.72,1.72,1.717,1.715,1.711,1.711,1.709,1.708,1.708,1.709,1.709,1.709,1.709,1.71,1.712,1.714,1.716,1.719,1.723,1.725,1.728,1.73,1.73,1.726,1.723,1.722,1.719,1.718,1.716,1.714,1.711,1.708,1.704,1.7,1.697,1.695,1.692,1.688,1.687,1.687,1.687,1.688,1.692,1.696,1.702,1.714,1.728,1.757,1.808,1.891,1.998,2.096,2.178,1.898,1.464,0.96,0.469,-0.02,-0.523,-0.969,-1.298,-1.569,-1.73,-1.795,-1.808,-1.808,-1.781,-1.661,-1.49,-1.254,-0.947,-0.595,-0.24,0.076,0.319,0.51,0.594,0.593,0.592,0.401,0.148,-0.135,-0.501,-0.868,-1.203,-1.466,-1.651,-1.785,-1.854,-1.854,-1.845,-1.812,-1.684,-1.45,-1.127,-0.728,-0.199,0.274,0.77,1.281,1.749,2.119,2.084,1.985,1.873,1.78,1.719,1.683,1.662,1.654,1.652,1.652,1.653,1.653,1.653,1.649,1.644,1.637,1.636,1.631,1.628,1.628,1.629,1.63,1.629,1.629,1.63,1.63,1.629,1.628,1.63,1.632,1.631,1.627,1.624,1.623,1.618,1.617,1.617,1.617,1.617,1.617,1.617,1.617,1.617,1.619,1.621,1.623,1.626,1.629,1.634,1.638,1.64,1.642,1.645,1.648,1.654,1.657,1.658,1.66,1.662,1.665,1.666,1.667,1.668,1.668,1.669,1.673,1.673,1.674,1.675,Fluoxetine_71,Fluoxetine,-5.1938200260161125,CNCC[C@@H](Oc1ccc(C(F)(F)F)cc1)c1ccccc1
1.726,1.73,1.734,1.739,1.743,1.744,1.745,1.745,1.741,1.74,1.741,1.741,1.741,1.741,1.743,1.74,1.737,1.737,1.729,1.727,1.726,1.723,1.717,1.714,1.713,1.711,1.711,1.708,1.707,1.707,1.709,1.705,1.703,1.7,1.7,1.697,1.696,1.692,1.684,1.68,1.677,1.664,1.656,1.651,1.643,1.631,1.622,1.612,1.604,1.591,1.578,1.566,1.553,1.536,1.52,1.505,1.491,1.481,1.47,1.462,1.463,1.467,1.492,1.535,1.617,1.564,1.481,1.396,1.295,1.035,0.78,0.444,0.101,-0.177,-0.256,-0.256,-0.098,0.176,0.713,1.543,2.597,3.784,4.812,5.517,6.098,6.65,7.065,7.289,7.206,7.16,7.139,7.139,7.139,7.198,7.278,7.351,6.987,6.429,5.766,5.104,4.214,2.988,1.852,0.917,0.271,-0.085,-0.281,-0.286,-0.286,-0.035,0.297,0.611,0.885,1.183,1.317,1.395,1.476,1.552,1.492,1.427,1.394,1.386,1.384,1.394,1.4,1.413,1.428,1.442,1.454,1.471,1.485,1.49,1.498,1.508,1.516,1.52,1.52,1.523,1.528,1.531,1.539,1.543,1.55,1.557,1.559,1.562,1.569,1.566,1.566,1.569,1.572,1.575,1.577,1.579,1.583,1.585,1.591,1.595,1.599,1.605,1.609,1.609,1.612,1.618,1.622,1.628,1.633,1.635,1.639,1.643,1.645,1.652,1.654,1.655,1.658,1.662,1.668,1.669,1.67,1.673,1.674,1.68,1.685,1.687,1.689,Olanzapine_34,Olanzapine,-4.804100347590766,Cc1cc2c(s1)Nc1ccccc1NC2=[N+]1CC[NH+](C)CC1
1.591,1.591,1.591,1.592,1.596,1.6,1.604,1.607,1.607,1.607,1.607,1.609,1.61,1.61,1.61,1.609,1.608,1.607,1.604,1.603,1.601,1.6,1.599,1.599,1.6,1.6,1.6,1.6,1.602,1.604,1.607,1.61,1.612,1.614,1.615,1.618,1.623,1.621,1.618,1.615,1.61,1.607,1.606,1.606,1.607,1.606,1.602,1.599,1.595,1.59,1.586,1.583,1.582,1.582,1.582,1.583,1.587,1.592,1.599,1.606,1.621,1.651,1.701,1.786,1.901,2.044,2.208,2.297,1.987,1.522,0.953,0.307,-0.307,-0.833,-1.245,-1.522,-1.675,-1.73,-1.73,-1.663,-1.515,-1.273,-0.955,-0.591,-0.213,0.079,0.28,0.365,0.383,0.343,0.332,0.332,0.332,0.348,0.39,0.365,0.168,-0.111,-0.465,-0.843,-1.191,-1.472,-1.661,-1.756,-1.756,-1.734,-1.615,-1.385,-1.008,-0.509,0.082,0.731,1.328,1.844,2.21,2.245,2.07,1.909,1.777,1.684,1.629,1.591,1.567,1.558,1.556,1.556,1.557,1.558,1.559,1.559,1.558,1.553,1.546,1.539,1.537,1.536,1.536,1.538,1.541,1.542,1.539,1.538,1.536,1.536,1.538,1.541,1.544,1.543,1.539,1.533,1.529,1.527,1.527,1.527,1.527,1.527,1.528,1.527,1.527,1.531,1.531,1.534,1.537,1.54,1.543,1.545,1.549,1.553,1.557,1.559,1.56,1.561,1.563,1.566,1.567,1.568,1.568,1.57,1.571,1.573,1.574,1.574,1.574,1.574,1.577,Amantadine_14,Amantadine,-5.1487416512809245,N[C@]12C[C@H]3C[C@H](C[C@H](C3)C1)C2
1.788,1.791,1.793,1.796,1.799,1.801,1.804,1.805,1.805,1.805,1.805,1.806,1.81,1.81,1.81,1.809,1.807,1.804,1.797,1.792,1.791,1.787,1.787,1.783,1.783,1.783,1.784,1.784,1.786,1.789,1.79,1.791,1.794,1.794,1.794,1.793,1.793,1.79,1.785,1.78,1.775,1.763,1.76,1.756,1.749,1.745,1.734,1.726,1.72,1.706,1.7,1.688,1.68,1.668,1.659,1.65,1.649,1.65,1.651,1.659,1.687,1.725,1.794,1.905,2.083,2.272,2.376,2.332,2.191,1.713,1.181,0.683,-0.056,-0.569,-0.832,-0.931,-0.931,-0.848,-0.641,-0.137,0.537,1.459,2.435,3.205,3.702,4.132,4.448,4.582,4.477,4.396,4.374,4.374,4.374,4.421,4.538,4.624,4.334,3.883,3.35,2.769,1.752,0.832,0.087,-0.517,-0.856,-1.002,-1.002,-0.939,-0.724,-0.316,0.374,0.958,1.481,1.996,2.235,2.313,2.243,2.056,1.866,1.742,1.659,1.616,1.586,1.576,1.576,1.576,1.58,1.587,1.596,1.604,1.616,1.616,1.62,1.625,1.624,1.624,1.626,1.625,1.625,1.626,1.628,1.631,1.636,1.641,1.645,1.649,1.651,1.649,1.648,1.648,1.645,1.645,1.645,1.646,1.647,1.648,1.653,1.655,1.658,1.662,1.666,1.668,1.67,1.677,1.682,1.687,1.691,1.694,1.699,1.705,1.708,1.713,1.713,1.716,1.717,1.721,1.724,1.727,1.728,1.73,1.733,1.736,1.738,1.743,1.75,Olanzapine_36,Olanzapine,-4.804100347590766,Cc1cc2c(s1)Nc1ccccc1N=C2N1CC[NH+](C)CC1
1.521,1.524,1.525,1.529,1.529,1.529,1.532,1.532,1.528,1.528,1.528,1.525,1.525,1.527,1.529,1.527,1.525,1.525,1.516,1.515,1.512,1.508,1.502,1.499,1.499,1.498,1.498,1.494,1.493,1.494,1.494,1.496,1.495,1.495,1.493,1.491,1.488,1.484,1.475,1.472,1.47,1.458,1.451,1.445,1.442,1.431,1.422,1.412,1.404,1.391,1.378,1.365,1.351,1.332,1.314,1.291,1.271,1.249,1.23,1.223,1.222,1.232,1.252,1.302,1.371,1.429,1.457,1.441,1.175,0.771,0.299,-0.159,-0.676,-1.047,-1.211,-1.296,-1.296,-1.269,-1.038,-0.661,-0.114,0.498,1.121,1.752,2.27,2.685,2.758,2.669,2.548,2.492,2.488,2.49,2.505,2.553,2.651,2.773,2.843,2.442,1.965,1.346,0.684,0.059,-0.529,-0.97,-1.26,-1.343,-1.343,-1.295,-1.155,-0.854,-0.357,0.111,0.601,1.042,1.347,1.421,1.403,1.356,1.282,1.221,1.187,1.174,1.174,1.177,1.191,1.217,1.242,1.261,1.278,1.298,1.312,1.318,1.318,1.33,1.337,1.343,1.344,1.35,1.357,1.359,1.366,1.37,1.376,1.384,1.386,1.388,1.395,1.395,1.395,1.394,1.399,1.401,1.403,1.405,1.408,1.408,1.412,1.417,1.418,1.422,1.427,1.428,1.432,1.436,1.442,1.446,1.45,1.454,1.457,1.459,1.463,1.465,1.468,1.47,1.475,1.475,1.48,1.481,1.483,1.486,1.489,1.491,1.497,1.496,1.499,Amoxapine_23,Amoxapine,-4.8297382846050425,Clc1ccc2c(c1)C(=[N+]1CC[NH2+]CC1)Nc1ccccc1O2
1.885,1.886,1.886,1.888,1.893,1.892,1.896,1.899,1.898,1.898,1.898,1.898,1.9,1.901,1.901,1.899,1.898,1.896,1.892,1.887,1.884,1.883,1.88,1.878,1.878,1.879,1.879,1.879,1.879,1.881,1.885,1.887,1.889,1.89,1.89,1.889,1.89,1.887,1.879,1.875,1.873,1.865,1.859,1.855,1.852,1.848,1.839,1.834,1.826,1.814,1.808,1.796,1.786,1.773,1.762,1.751,1.743,1.746,1.747,1.751,1.761,1.784,1.835,1.915,2.012,2.054,2.12,1.957,1.583,1.14,0.534,-0.052,-0.606,-1.212,-1.619,-1.891,-2.03,-2.034,-2.007,-1.97,-1.756,-1.466,-1.06,-0.541,-0.093,0.357,0.42,0.391,0.3,0.254,0.245,0.242,0.252,0.288,0.366,0.427,0.417,0.091,-0.456,-0.929,-1.392,-1.696,-1.95,-2.075,-2.077,-2.076,-2.0,-1.762,-1.41,-0.863,-0.264,0.305,0.924,1.423,1.902,2.05,2.021,1.984,1.898,1.8,1.74,1.708,1.695,1.693,1.693,1.702,1.707,1.719,1.728,1.736,1.747,1.75,1.749,1.749,1.749,1.755,1.755,1.76,1.762,1.762,1.762,1.767,1.771,1.775,1.781,1.782,1.784,1.784,1.779,1.778,1.778,1.778,1.778,1.78,1.781,1.783,1.783,1.784,1.786,1.79,1.792,1.794,1.799,1.804,1.807,1.81,1.816,1.821,1.825,1.83,1.832,1.834,1.838,1.839,1.841,1.843,1.845,1.848,1.85,1.852,1.854,1.854,1.856,1.86,1.864,Chlorpromazine_51,Chlorpromazine,-5.130768280269024,C[NH+](C)CCCN1c2ccccc2Sc2ccc(Cl)cc21
2.564,2.563,2.565,2.567,2.572,2.574,2.576,2.577,2.58,2.581,2.581,2.582,2.584,2.585,2.584,2.583,2.577,2.573,2.572,2.568,2.565,2.562,2.561,2.559,2.56,2.561,2.561,2.561,2.564,2.567,2.568,2.572,2.575,2.575,2.575,2.573,2.572,2.57,2.565,2.56,2.553,2.55,2.544,2.535,2.524,2.519,2.516,2.506,2.498,2.488,2.482,2.468,2.455,2.449,2.441,2.436,2.435,2.442,2.45,2.457,2.471,2.5,2.564,2.668,2.771,2.637,2.484,2.326,1.99,1.325,0.528,-0.176,-0.979,-1.698,-2.256,-2.617,-2.781,-2.782,-2.791,-2.727,-2.576,-2.411,-2.157,-1.887,-1.567,-1.216,-0.879,-0.559,-0.542,-0.593,-0.603,-0.603,-0.599,-0.568,-0.487,-0.799,-1.147,-1.49,-1.839,-2.127,-2.384,-2.586,-2.72,-2.824,-2.861,-2.861,-2.733,-2.458,-1.932,-1.282,-0.504,0.281,1.033,1.774,2.204,2.402,2.549,2.69,2.644,2.524,2.449,2.412,2.392,2.387,2.384,2.385,2.386,2.388,2.392,2.398,2.401,2.404,2.407,2.408,2.416,2.421,2.424,2.425,2.426,2.427,2.427,2.428,2.433,2.439,2.442,2.446,2.446,2.445,2.44,2.439,2.439,2.439,2.44,2.44,2.441,2.442,2.443,2.443,2.447,2.449,2.451,2.455,2.459,2.466,2.471,2.475,2.481,2.484,2.491,2.495,2.501,2.505,2.51,2.51,2.513,2.516,2.519,2.52,2.522,2.526,2.528,2.528,2.53,2.536,2.539,Trifluoperazine_122,Trifluoperazine,-6.154901959985743,C[NH+]1CCN(CCCN2c3ccccc3Sc3ccc(C(F)(F)F)cc32)CC1
1.272,1.275,1.276,1.281,1.283,1.283,1.284,1.287,1.289,1.289,1.289,1.289,1.289,1.29,1.289,1.289,1.288,1.285,1.282,1.278,1.274,1.269,1.267,1.268,1.266,1.265,1.265,1.264,1.265,1.267,1.269,1.269,1.271,1.273,1.273,1.271,1.269,1.266,1.263,1.259,1.253,1.249,1.238,1.233,1.227,1.219,1.21,1.202,1.194,1.185,1.181,1.172,1.162,1.149,1.137,1.134,1.137,1.138,1.141,1.151,1.174,1.21,1.286,1.4,1.304,1.216,1.123,1.084,1.081,0.949,0.617,0.246,-0.13,-0.489,-0.677,-0.668,-0.651,-0.525,-0.077,0.656,1.582,2.472,3.003,3.606,4.126,4.668,5.077,5.481,5.833,6.047,6.032,6.021,6.021,5.846,5.574,5.267,4.886,4.387,3.785,3.169,2.617,1.872,0.873,0.082,-0.447,-0.702,-0.788,-0.748,-0.626,-0.322,0.073,0.455,0.796,0.991,1.014,1.066,1.134,1.198,1.304,1.243,1.156,1.108,1.082,1.072,1.071,1.071,1.068,1.072,1.075,1.079,1.09,1.09,1.094,1.1,1.1,1.105,1.103,1.104,1.104,1.104,1.106,1.108,1.118,1.124,1.127,1.13,1.129,1.127,1.126,1.127,1.127,1.128,1.128,1.129,1.13,1.131,1.134,1.136,1.139,1.143,1.147,1.148,1.153,1.156,1.161,1.163,1.17,1.175,1.179,1.183,1.186,1.188,1.194,1.193,1.194,1.198,1.2,1.203,1.206,1.208,1.211,1.214,1.217,1.22,1.227,Metoclopramide_21,Metoclopramide,-4.774690718274138,CC[NH+](CC)CCNC(=O)c1cc(Cl)c(N)cc1OC
2.438,2.441,2.444,2.449,2.452,2.457,2.46,2.466,2.467,2.471,2.47,2.474,2.476,2.476,2.475,2.475,2.474,2.473,2.471,2.465,2.461,2.457,2.456,2.456,2.458,2.459,2.46,2.462,2.466,2.473,2.477,2.481,2.484,2.487,2.489,2.49,2.487,2.486,2.486,2.484,2.477,2.47,2.466,2.465,2.46,2.454,2.448,2.441,2.436,2.427,2.418,2.412,2.407,2.405,2.404,2.409,2.415,2.43,2.448,2.477,2.534,2.628,2.794,3.046,3.169,2.889,2.625,2.385,2.156,1.973,1.623,1.132,0.649,-0.123,-0.738,-1.053,-1.062,-1.076,-0.919,-0.446,0.345,1.331,1.876,2.047,2.268,2.594,2.999,3.474,3.956,4.404,4.471,4.47,4.469,4.124,3.635,3.115,2.639,2.268,2.015,1.874,1.565,0.583,-0.304,-0.93,-1.151,-1.188,-1.198,-1.037,-0.524,0.218,0.826,1.341,1.775,1.958,2.165,2.397,2.67,2.921,2.973,2.69,2.517,2.398,2.326,2.298,2.285,2.285,2.286,2.286,2.283,2.278,2.273,2.266,2.257,2.248,2.242,2.241,2.238,2.236,2.236,2.235,2.234,2.234,2.237,2.239,2.237,2.235,2.234,2.235,2.232,2.224,2.219,2.216,2.216,2.216,2.217,2.22,2.223,2.227,2.23,2.234,2.238,2.242,2.248,2.254,2.26,2.264,2.272,2.277,2.285,2.292,2.295,2.3,2.305,2.31,2.316,2.322,2.324,2.326,2.329,2.331,2.333,2.338,2.343,2.349,2.36,Risperidone_76,Risperidone,-4.522878745280337,Cc1nc2n(c(=O)c1CCN1CCC(c3noc4cc(F)ccc34)CC1)CCCC2
2.797,2.797,2.799,2.803,2.805,2.808,2.809,2.814,2.815,2.816,2.817,2.817,2.817,2.819,2.819,2.816,2.815,2.812,2.81,2.802,2.801,2.8,2.797,2.797,2.796,2.795,2.795,2.796,2.799,2.801,2.804,2.809,2.812,2.814,2.813,2.813,2.812,2.81,2.806,2.799,2.795,2.791,2.781,2.778,2.774,2.769,2.762,2.753,2.745,2.736,2.726,2.72,2.706,2.701,2.693,2.687,2.682,2.681,2.681,2.684,2.696,2.732,2.79,2.899,3.057,2.915,2.713,2.437,1.922,1.358,0.735,0.013,-0.84,-1.689,-2.304,-2.704,-2.927,-3.022,-3.004,-2.96,-2.804,-2.524,-2.188,-1.858,-1.452,-1.133,-1.027,-1.112,-1.219,-1.269,-1.283,-1.284,-1.277,-1.235,-1.15,-1.054,-1.074,-1.366,-1.713,-2.096,-2.45,-2.772,-2.973,-3.069,-3.069,-3.025,-2.866,-2.506,-1.956,-1.176,-0.262,0.459,1.15,1.72,2.257,2.608,2.825,3.009,2.885,2.76,2.685,2.646,2.631,2.625,2.625,2.624,2.633,2.644,2.651,2.652,2.663,2.664,2.663,2.662,2.668,2.666,2.67,2.672,2.673,2.672,2.674,2.678,2.682,2.687,2.689,2.691,2.691,2.688,2.687,2.687,2.686,2.683,2.684,2.683,2.685,2.686,2.687,2.688,2.691,2.693,2.695,2.699,2.703,2.71,2.713,2.718,2.726,2.732,2.736,2.74,2.744,2.749,2.751,2.753,2.756,2.759,2.762,2.765,2.767,2.769,2.77,2.77,2.774,2.778,2.781,Thioridazine_108,Thioridazine,-5.853871964321762,CSc1ccc2c(c1)N(CC[C@H]1CCCC[N@@H+]1C)c1ccccc1S2
1.2,1.203,1.204,1.208,1.212,1.213,1.214,1.213,1.213,1.211,1.21,1.209,1.211,1.214,1.21,1.211,1.209,1.207,1.202,1.2,1.196,1.191,1.188,1.184,1.183,1.181,1.178,1.178,1.177,1.176,1.177,1.174,1.172,1.168,1.167,1.166,1.165,1.162,1.155,1.149,1.143,1.132,1.123,1.118,1.109,1.101,1.09,1.08,1.066,1.059,1.045,1.032,1.025,1.008,0.987,0.974,0.948,0.93,0.912,0.9,0.894,0.894,0.904,0.95,1.032,1.102,1.064,1.064,1.03,0.877,0.678,0.382,0.142,0.039,0.044,0.048,0.258,0.746,1.501,2.547,3.664,4.651,5.386,6.457,7.274,8.07,8.625,8.896,9.02,9.06,9.02,9.02,9.036,9.094,9.173,8.861,8.415,7.622,6.739,5.871,4.96,4.004,2.917,1.763,0.896,0.319,0.017,-0.036,-0.036,0.014,0.227,0.55,0.745,0.941,0.972,0.972,0.994,0.975,0.882,0.825,0.811,0.811,0.815,0.825,0.841,0.857,0.877,0.893,0.912,0.931,0.941,0.955,0.963,0.971,0.972,0.973,0.978,0.981,0.984,0.989,0.995,1.003,1.006,1.014,1.018,1.024,1.026,1.029,1.029,1.032,1.032,1.035,1.037,1.041,1.044,1.048,1.053,1.056,1.06,1.063,1.07,1.072,1.076,1.079,1.082,1.085,1.091,1.095,1.099,1.104,1.107,1.11,1.114,1.115,1.119,1.12,1.125,1.128,1.13,1.131,1.136,1.138,1.142,1.145,1.153,Rizatriptan_80,Rizatriptan,-6.0,C[NH+](C)CCc1c[nH]c2ccc(Cn3c[nH+]cn3)cc12
2.056,2.058,2.061,2.063,2.066,2.07,2.073,2.075,2.075,2.076,2.076,2.075,2.075,2.074,2.074,2.071,2.07,2.065,2.064,2.062,2.058,2.053,2.05,2.048,2.048,2.046,2.045,2.045,2.046,2.05,2.053,2.054,2.058,2.058,2.055,2.055,2.055,2.053,2.052,2.049,2.043,2.037,2.034,2.028,2.025,2.018,2.011,2.004,1.99,1.982,1.975,1.965,1.96,1.956,1.953,1.947,1.938,1.939,1.943,1.96,1.976,2.023,2.113,2.252,2.21,2.081,1.888,1.584,1.176,0.818,0.561,0.149,-0.38,-1.053,-1.513,-1.719,-1.746,-1.746,-1.648,-1.385,-0.941,-0.436,0.011,0.458,0.826,1.172,1.556,1.931,2.339,2.614,2.751,2.775,2.724,2.45,2.064,1.687,1.309,0.966,0.6,0.071,-0.344,-0.774,-1.274,-1.645,-1.787,-1.805,-1.812,-1.65,-1.278,-0.627,-0.114,0.459,0.68,1.009,1.415,1.784,1.979,2.122,2.237,2.082,1.987,1.929,1.9,1.891,1.888,1.883,1.891,1.9,1.91,1.916,1.92,1.923,1.918,1.915,1.914,1.912,1.912,1.913,1.915,1.921,1.927,1.932,1.932,1.934,1.934,1.936,1.937,1.936,1.938,1.939,1.933,1.932,1.931,1.932,1.932,1.935,1.937,1.938,1.939,1.941,1.945,1.95,1.952,1.957,1.963,1.969,1.973,1.975,1.978,1.98,1.984,1.986,1.99,1.996,1.999,2.002,2.005,2.008,2.01,2.013,2.018,2.022,2.022,2.026,2.031,Haloperidol_89,Haloperidol,-4.543633966870957,O=C(CCC[N@H+]1CC[C@@](O)(c2ccc(Cl)cc2)CC1)c1ccc(F)cc1
1.672,1.672,1.674,1.674,1.677,1.68,1.681,1.681,1.682,1.682,1.681,1.681,1.681,1.682,1.682,1.681,1.679,1.677,1.676,1.674,1.67,1.669,1.667,1.667,1.667,1.665,1.664,1.665,1.665,1.667,1.668,1.669,1.669,1.671,1.671,1.67,1.667,1.665,1.664,1.661,1.654,1.651,1.65,1.643,1.641,1.639,1.634,1.626,1.618,1.611,1.606,1.598,1.595,1.586,1.582,1.573,1.562,1.552,1.552,1.548,1.55,1.562,1.571,1.625,1.686,1.606,1.425,1.194,0.927,0.625,0.262,-0.216,-0.748,-1.096,-1.411,-1.623,-1.71,-1.71,-1.702,-1.616,-1.425,-1.113,-0.768,-0.432,-0.175,-0.115,-0.166,-0.216,-0.264,-0.289,-0.293,-0.292,-0.289,-0.262,-0.214,-0.154,-0.097,-0.056,-0.325,-0.653,-1.011,-1.345,-1.589,-1.707,-1.727,-1.727,-1.689,-1.496,-1.234,-0.899,-0.433,0.107,0.502,0.831,1.109,1.351,1.549,1.682,1.611,1.552,1.526,1.521,1.524,1.523,1.525,1.529,1.539,1.547,1.559,1.564,1.57,1.577,1.578,1.58,1.58,1.58,1.581,1.583,1.585,1.591,1.596,1.597,1.598,1.598,1.601,1.603,1.604,1.604,1.607,1.607,1.605,1.605,1.605,1.606,1.607,1.609,1.609,1.61,1.612,1.612,1.615,1.617,1.619,1.622,1.626,1.631,1.635,1.638,1.639,1.642,1.644,1.645,1.647,1.649,1.651,1.654,1.656,1.657,1.659,1.659,1.66,1.664,1.665,1.665,1.665,Selegiline_85,Selegiline,-4.313363730737707,C#CC[N@H+](C)[C@@H](C)Cc1ccccc1
2.018,2.018,2.02,2.021,2.024,2.027,2.033,2.035,2.039,2.04,2.04,2.041,2.042,2.042,2.041,2.041,2.04,2.036,2.033,2.031,2.024,2.024,2.023,2.023,2.023,2.023,2.023,2.024,2.026,2.028,2.032,2.036,2.041,2.044,2.044,2.045,2.046,2.047,2.046,2.045,2.04,2.037,2.036,2.033,2.03,2.027,2.023,2.017,2.013,2.008,2.001,1.996,1.992,1.991,1.991,1.992,2.002,2.015,2.03,2.049,2.088,2.153,2.275,2.459,2.491,2.383,2.336,2.181,1.803,1.419,0.918,0.229,-0.39,-1.177,-1.75,-2.093,-2.222,-2.218,-2.204,-2.022,-1.709,-1.238,-1.006,-0.779,-0.474,-0.118,0.268,0.65,1.046,1.389,1.426,1.426,1.428,1.262,0.914,0.379,-0.04,-0.397,-0.755,-0.979,-1.245,-1.591,-2.036,-2.21,-2.313,-2.313,-2.224,-1.96,-1.435,-0.683,-0.049,0.626,1.27,1.641,2.026,2.237,2.342,2.393,2.431,2.25,2.117,2.031,1.984,1.96,1.957,1.957,1.957,1.953,1.949,1.945,1.938,1.929,1.928,1.915,1.913,1.913,1.915,1.915,1.916,1.917,1.917,1.916,1.916,1.916,1.918,1.917,1.915,1.914,1.91,1.907,1.9,1.898,1.897,1.897,1.898,1.897,1.898,1.899,1.9,1.9,1.902,1.909,1.913,1.917,1.921,1.925,1.929,1.934,1.938,1.941,1.941,1.946,1.95,1.954,1.956,1.96,1.962,1.964,1.966,1.97,1.973,1.974,1.975,1.979,1.986,Haloperidol_88,Haloperidol,-4.543633966870957,O=C(CCCN1CCC(O)(c2ccc(Cl)cc2)CC1)c1ccc(F)cc1
2.524,2.525,2.525,2.526,2.531,2.534,2.538,2.541,2.543,2.545,2.548,2.55,2.55,2.552,2.552,2.551,2.547,2.545,2.544,2.539,2.537,2.536,2.536,2.537,2.537,2.537,2.539,2.54,2.542,2.545,2.55,2.555,2.557,2.564,2.568,2.571,2.571,2.569,2.567,2.563,2.56,2.556,2.555,2.551,2.547,2.542,2.54,2.536,2.53,2.524,2.52,2.513,2.512,2.512,2.512,2.513,2.518,2.526,2.537,2.554,2.578,2.626,2.71,2.843,3.011,3.111,2.719,2.409,1.955,1.321,0.625,-0.115,-0.892,-1.629,-2.217,-2.658,-2.883,-2.947,-2.95,-2.95,-2.859,-2.723,-2.583,-2.361,-2.192,-2.043,-1.93,-1.826,-1.881,-1.93,-1.94,-1.939,-1.938,-1.911,-1.844,-1.953,-2.051,-2.2,-2.362,-2.579,-2.735,-2.881,-3.002,-3.012,-3.012,-2.987,-2.823,-2.44,-1.914,-1.206,-0.408,0.333,1.061,1.741,2.266,2.573,2.865,3.0,2.818,2.67,2.57,2.512,2.48,2.467,2.465,2.466,2.464,2.461,2.456,2.453,2.451,2.443,2.435,2.429,2.426,2.425,2.425,2.425,2.429,2.429,2.429,2.428,2.427,2.428,2.428,2.427,2.426,2.425,2.42,2.415,2.41,2.407,2.407,2.407,2.408,2.408,2.408,2.409,2.41,2.411,2.413,2.417,2.419,2.425,2.43,2.434,2.439,2.444,2.448,2.453,2.458,2.462,2.467,2.468,2.473,2.473,2.478,2.48,2.481,2.482,2.485,2.485,2.487,2.491,2.494,Trifluoperazine_120,Trifluoperazine,-6.154901959985743,CN1CCN(CCCN2c3ccccc3Sc3ccc(C(F)(F)F)cc32)CC1
1.699,1.7,1.7,1.702,1.706,1.708,1.713,1.715,1.717,1.717,1.718,1.719,1.72,1.721,1.721,1.72,1.719,1.717,1.715,1.711,1.709,1.708,1.708,1.709,1.709,1.709,1.71,1.71,1.712,1.715,1.718,1.721,1.725,1.727,1.729,1.732,1.732,1.731,1.727,1.725,1.721,1.718,1.717,1.715,1.713,1.711,1.71,1.706,1.702,1.696,1.691,1.688,1.687,1.687,1.687,1.689,1.691,1.698,1.706,1.717,1.733,1.767,1.83,1.928,2.06,2.235,2.357,2.293,2.025,1.583,1.021,0.403,-0.279,-0.847,-1.28,-1.583,-1.75,-1.812,-1.809,-1.798,-1.691,-1.502,-1.222,-0.887,-0.535,-0.201,0.092,0.334,0.519,0.604,0.593,0.593,0.595,0.599,0.413,0.165,-0.119,-0.446,-0.805,-1.153,-1.459,-1.682,-1.812,-1.86,-1.86,-1.829,-1.699,-1.424,-1.036,-0.519,0.157,0.81,1.39,1.884,2.206,2.339,2.241,2.057,1.915,1.802,1.734,1.691,1.666,1.654,1.652,1.652,1.653,1.654,1.654,1.652,1.651,1.645,1.638,1.631,1.627,1.627,1.628,1.631,1.631,1.63,1.63,1.629,1.629,1.629,1.631,1.631,1.634,1.632,1.628,1.623,1.618,1.616,1.616,1.616,1.617,1.617,1.617,1.618,1.618,1.62,1.623,1.625,1.629,1.632,1.636,1.638,1.643,1.645,1.648,1.653,1.656,1.658,1.661,1.662,1.664,1.666,1.666,1.667,1.668,1.67,1.672,1.673,1.673,1.674,1.676,Atomoxetine_30,Atomoxetine,-4.804100347590766,CNCC[C@H](Oc1ccccc1C)c1ccccc1
2.388,2.39,2.391,2.395,2.399,2.404,2.41,2.413,2.417,2.417,2.417,2.42,2.422,2.423,2.423,2.422,2.421,2.419,2.415,2.412,2.409,2.406,2.405,2.406,2.408,2.408,2.409,2.41,2.412,2.413,2.416,2.421,2.426,2.428,2.433,2.435,2.434,2.435,2.428,2.424,2.421,2.416,2.413,2.411,2.408,2.405,2.402,2.396,2.392,2.385,2.377,2.374,2.371,2.371,2.371,2.372,2.375,2.386,2.394,2.41,2.434,2.484,2.583,2.732,2.94,3.059,3.138,2.736,2.232,1.655,1.029,0.359,-0.296,-0.863,-1.343,-1.638,-1.743,-1.743,-1.725,-1.647,-1.44,-1.076,-0.614,-0.067,0.521,1.134,1.72,2.259,2.681,3.135,3.127,3.126,3.126,2.901,2.463,1.929,1.33,0.702,0.081,-0.49,-0.995,-1.403,-1.674,-1.788,-1.836,-1.836,-1.77,-1.536,-1.113,-0.573,0.058,0.732,1.385,1.99,2.518,2.961,3.016,2.889,2.695,2.527,2.421,2.353,2.317,2.298,2.295,2.295,2.297,2.299,2.296,2.293,2.289,2.281,2.279,2.272,2.265,2.265,2.264,2.263,2.265,2.266,2.266,2.265,2.264,2.266,2.268,2.269,2.27,2.267,2.262,2.258,2.25,2.248,2.248,2.248,2.249,2.25,2.25,2.252,2.256,2.258,2.261,2.267,2.271,2.276,2.281,2.286,2.291,2.296,2.301,2.304,2.31,2.313,2.317,2.319,2.324,2.325,2.328,2.328,2.33,2.332,2.335,2.336,2.336,2.339,2.343,Pergolide_51,Pergolide,-4.600326278518962,CCCN1C[C@@H](CSC)C[C@H]2c3cccc4[nH]cc(c34)C[C@@H]21
1.212,1.215,1.219,1.222,1.225,1.231,1.232,1.233,1.235,1.238,1.238,1.241,1.243,1.244,1.245,1.243,1.241,1.24,1.237,1.234,1.232,1.228,1.228,1.229,1.229,1.23,1.23,1.231,1.233,1.233,1.235,1.238,1.24,1.242,1.242,1.242,1.245,1.244,1.241,1.238,1.233,1.228,1.223,1.222,1.219,1.215,1.21,1.205,1.201,1.195,1.19,1.186,1.184,1.183,1.182,1.183,1.186,1.194,1.203,1.219,1.249,1.315,1.419,1.577,1.79,2.003,1.936,1.837,1.735,1.63,1.484,1.342,0.863,0.534,0.425,0.409,0.409,0.524,0.878,1.489,2.328,3.276,4.287,5.343,6.17,6.745,7.187,7.614,7.92,7.994,7.939,7.939,7.94,7.96,7.655,7.329,6.986,6.428,5.706,4.629,3.575,2.579,1.668,0.967,0.514,0.306,0.288,0.305,0.363,0.632,1.07,1.329,1.475,1.583,1.682,1.768,1.848,1.745,1.497,1.332,1.218,1.145,1.105,1.084,1.076,1.076,1.077,1.078,1.077,1.076,1.076,1.074,1.067,1.065,1.057,1.056,1.051,1.049,1.048,1.049,1.049,1.049,1.051,1.054,1.056,1.056,1.054,1.055,1.054,1.049,1.044,1.043,1.042,1.042,1.044,1.046,1.049,1.053,1.056,1.059,1.064,1.066,1.07,1.073,1.075,1.08,1.084,1.088,1.092,1.098,1.103,1.105,1.107,1.112,1.114,1.115,1.119,1.12,1.121,1.122,1.124,1.126,1.132,1.137,1.144,Rizatriptan_78,Rizatriptan,-6.0,CN(C)CCc1c[nH]c2ccc(Cn3cncn3)cc12
1.748,1.75,1.751,1.755,1.758,1.763,1.765,1.767,1.77,1.771,1.771,1.774,1.775,1.776,1.778,1.777,1.774,1.773,1.769,1.765,1.762,1.761,1.76,1.761,1.761,1.761,1.761,1.763,1.764,1.767,1.769,1.773,1.777,1.781,1.788,1.789,1.789,1.788,1.783,1.78,1.776,1.769,1.766,1.765,1.762,1.761,1.757,1.751,1.745,1.739,1.733,1.728,1.725,1.724,1.724,1.724,1.732,1.739,1.752,1.769,1.803,1.866,1.967,2.122,2.338,2.556,2.758,2.709,2.415,1.949,1.335,0.733,0.114,-0.484,-0.89,-1.064,-1.1,-1.1,-0.978,-0.656,-0.158,0.544,1.243,1.82,2.36,2.812,3.125,3.235,3.145,3.078,3.033,3.032,3.032,3.072,3.174,3.258,2.959,2.507,1.966,1.389,0.736,0.009,-0.586,-0.97,-1.167,-1.167,-1.142,-1.056,-0.716,-0.174,0.465,1.063,1.681,2.228,2.566,2.727,2.536,2.313,2.08,1.916,1.8,1.728,1.686,1.666,1.658,1.657,1.657,1.659,1.658,1.657,1.655,1.646,1.64,1.633,1.631,1.629,1.629,1.628,1.627,1.626,1.626,1.626,1.627,1.629,1.63,1.632,1.632,1.629,1.625,1.62,1.614,1.612,1.611,1.612,1.613,1.615,1.615,1.616,1.621,1.623,1.625,1.628,1.631,1.636,1.641,1.644,1.649,1.652,1.657,1.661,1.668,1.671,1.673,1.677,1.677,1.68,1.682,1.683,1.685,1.686,1.689,1.691,1.693,1.699,1.703,Olanzapine_33,Olanzapine,-4.804100347590766,Cc1cc2c(s1)Nc1ccccc1N=C2N1CCN(C)CC1
1.652,1.655,1.655,1.658,1.661,1.663,1.666,1.668,1.666,1.666,1.666,1.666,1.666,1.666,1.667,1.665,1.664,1.663,1.658,1.656,1.655,1.653,1.649,1.648,1.648,1.648,1.648,1.648,1.648,1.649,1.653,1.655,1.659,1.661,1.662,1.659,1.656,1.656,1.649,1.646,1.643,1.638,1.633,1.628,1.625,1.617,1.614,1.608,1.603,1.595,1.583,1.577,1.572,1.564,1.564,1.564,1.562,1.561,1.561,1.561,1.574,1.599,1.655,1.747,1.881,1.99,1.915,1.706,1.463,1.095,0.568,0.02,-0.535,-0.988,-1.255,-1.391,-1.412,-1.412,-1.25,-0.987,-0.492,0.049,0.501,0.852,1.06,1.267,1.221,1.137,1.008,0.944,0.938,0.938,0.952,1.005,1.105,1.193,1.248,1.12,0.937,0.641,0.175,-0.357,-0.903,-1.222,-1.427,-1.478,-1.478,-1.359,-1.141,-0.747,-0.195,0.343,0.869,1.328,1.596,1.819,1.956,1.865,1.719,1.617,1.553,1.516,1.498,1.492,1.492,1.492,1.504,1.51,1.516,1.525,1.524,1.524,1.522,1.521,1.519,1.517,1.518,1.521,1.526,1.528,1.533,1.533,1.535,1.537,1.538,1.542,1.544,1.544,1.545,1.544,1.541,1.539,1.539,1.539,1.541,1.541,1.544,1.546,1.547,1.55,1.552,1.553,1.557,1.562,1.567,1.571,1.576,1.577,1.582,1.585,1.589,1.591,1.596,1.598,1.602,1.603,1.606,1.607,1.609,1.612,1.614,1.616,1.62,1.621,1.623,Loxapine_10,Loxapine,-4.739928612014925,CN1CC[N+](=C2Nc3ccccc3Oc3ccc(Cl)cc32)CC1
1.716,1.717,1.718,1.718,1.723,1.724,1.726,1.728,1.728,1.727,1.727,1.728,1.729,1.729,1.729,1.728,1.727,1.725,1.722,1.718,1.713,1.713,1.711,1.711,1.708,1.707,1.707,1.708,1.711,1.712,1.713,1.714,1.716,1.718,1.719,1.718,1.717,1.717,1.711,1.704,1.7,1.697,1.689,1.687,1.685,1.679,1.667,1.66,1.653,1.645,1.639,1.629,1.621,1.612,1.605,1.587,1.581,1.571,1.565,1.564,1.564,1.592,1.639,1.723,1.842,1.939,1.802,1.534,1.167,0.765,0.326,-0.171,-0.731,-1.227,-1.636,-1.871,-1.891,-1.891,-1.885,-1.718,-1.373,-0.923,-0.382,-0.072,0.222,0.329,0.442,0.558,0.518,0.479,0.47,0.467,0.468,0.493,0.577,0.484,0.363,0.257,0.0,-0.3,-0.833,-1.268,-1.659,-1.893,-1.953,-1.945,-1.932,-1.777,-1.403,-0.935,-0.389,0.118,0.611,1.007,1.405,1.704,1.914,1.842,1.702,1.612,1.55,1.518,1.512,1.51,1.522,1.533,1.543,1.55,1.564,1.579,1.58,1.582,1.589,1.589,1.589,1.589,1.589,1.592,1.594,1.598,1.602,1.607,1.608,1.611,1.614,1.615,1.616,1.616,1.618,1.615,1.614,1.614,1.614,1.615,1.615,1.617,1.619,1.621,1.621,1.623,1.627,1.63,1.632,1.635,1.639,1.644,1.65,1.655,1.659,1.66,1.664,1.667,1.668,1.67,1.671,1.675,1.676,1.679,1.681,1.684,1.686,1.689,1.689,1.691,1.692,Sertraline_87,Sertraline,-5.6777807052660805,C[NH2+][C@@H]1CC[C@H](c2ccc(Cl)c(Cl)c2)c2ccccc21
1.28,1.281,1.281,1.282,1.287,1.289,1.293,1.295,1.296,1.296,1.297,1.298,1.3,1.302,1.302,1.298,1.297,1.293,1.292,1.287,1.286,1.285,1.284,1.282,1.282,1.281,1.282,1.282,1.282,1.284,1.288,1.291,1.296,1.298,1.3,1.303,1.303,1.301,1.299,1.296,1.292,1.29,1.288,1.288,1.287,1.284,1.282,1.278,1.274,1.269,1.263,1.259,1.256,1.256,1.257,1.259,1.263,1.272,1.28,1.294,1.32,1.368,1.448,1.57,1.751,1.934,2.094,2.238,2.191,1.72,1.167,0.639,0.093,-0.462,-0.875,-1.099,-1.203,-1.203,-1.153,-1.065,-0.819,-0.394,0.148,0.72,1.277,1.792,2.216,2.545,2.772,2.844,2.802,2.802,2.802,2.823,2.671,2.338,1.912,1.421,0.87,0.295,-0.265,-0.735,-1.046,-1.185,-1.253,-1.253,-1.186,-1.019,-0.66,-0.136,0.425,0.955,1.516,2.052,2.242,2.097,1.932,1.755,1.56,1.432,1.34,1.281,1.248,1.231,1.225,1.225,1.225,1.226,1.225,1.221,1.219,1.21,1.206,1.201,1.198,1.197,1.197,1.199,1.198,1.198,1.196,1.196,1.198,1.2,1.201,1.202,1.204,1.202,1.197,1.193,1.188,1.187,1.186,1.186,1.186,1.187,1.187,1.188,1.189,1.191,1.193,1.197,1.2,1.202,1.203,1.206,1.209,1.213,1.216,1.219,1.221,1.223,1.225,1.228,1.229,1.229,1.232,1.233,1.236,1.238,1.239,1.24,1.242,1.245,1.249,Temazepam_102,Temazepam,-4.375717904164332,CN1C(=O)[C@@H](O)N=C(c2ccccc2)c2cc(Cl)ccc21
2.119,2.119,2.12,2.123,2.125,2.128,2.129,2.131,2.131,2.131,2.132,2.133,2.134,2.134,2.133,2.132,2.132,2.13,2.124,2.123,2.119,2.117,2.115,2.113,2.113,2.113,2.113,2.114,2.115,2.117,2.118,2.119,2.123,2.123,2.123,2.122,2.124,2.122,2.114,2.111,2.108,2.098,2.095,2.093,2.089,2.083,2.074,2.069,2.062,2.052,2.045,2.034,2.025,2.014,2.0,1.989,1.982,1.982,1.981,1.984,1.999,2.024,2.064,2.135,2.215,2.233,2.202,2.11,1.868,1.414,0.812,0.079,-0.691,-1.326,-1.778,-2.089,-2.233,-2.261,-2.261,-2.217,-2.029,-1.697,-1.374,-1.005,-0.668,-0.4,-0.228,-0.325,-0.408,-0.437,-0.445,-0.445,-0.445,-0.407,-0.335,-0.217,-0.34,-0.582,-0.904,-1.287,-1.626,-1.91,-2.211,-2.287,-2.303,-2.293,-2.183,-1.914,-1.516,-0.966,-0.208,0.606,1.208,1.757,2.051,2.168,2.206,2.195,2.122,2.034,1.987,1.952,1.941,1.934,1.934,1.945,1.952,1.962,1.972,1.981,1.988,1.988,1.993,1.995,1.995,1.997,2.001,2.003,2.006,2.009,2.01,2.013,2.017,2.021,2.023,2.025,2.028,2.025,2.024,2.023,2.021,2.021,2.021,2.024,2.024,2.025,2.025,2.028,2.03,2.03,2.034,2.037,2.042,2.046,2.049,2.054,2.057,2.065,2.068,2.071,2.074,2.076,2.079,2.082,2.084,2.085,2.087,2.088,2.092,2.094,2.096,2.097,2.1,2.101,2.103,Doxepin_64,Doxepin,-4.787812395596042,C[NH+](C)CC/C=C1\c2ccccc2COc2ccccc21
2.591,2.591,2.592,2.592,2.597,2.601,2.606,2.608,2.61,2.613,2.616,2.618,2.618,2.618,2.615,2.615,2.611,2.606,2.604,2.604,2.6,2.597,2.596,2.595,2.595,2.596,2.596,2.596,2.6,2.603,2.609,2.614,2.619,2.625,2.629,2.631,2.628,2.629,2.627,2.624,2.622,2.615,2.613,2.609,2.606,2.599,2.596,2.594,2.589,2.581,2.577,2.571,2.568,2.567,2.567,2.567,2.577,2.584,2.597,2.616,2.645,2.701,2.8,2.941,3.138,3.266,3.025,2.736,2.281,1.701,0.971,0.054,-0.823,-1.594,-2.201,-2.646,-2.88,-2.969,-2.969,-2.907,-2.83,-2.616,-2.421,-2.238,-2.112,-2.003,-1.832,-1.596,-1.326,-1.076,-0.799,-0.736,-1.013,-1.282,-1.554,-1.809,-2.005,-2.139,-2.232,-2.427,-2.615,-2.832,-2.943,-3.009,-3.009,-2.971,-2.796,-2.413,-1.858,-1.145,-0.286,0.648,1.438,2.078,2.543,2.894,3.189,3.141,2.931,2.768,2.656,2.591,2.555,2.538,2.533,2.53,2.53,2.525,2.523,2.516,2.515,2.509,2.499,2.492,2.489,2.489,2.49,2.492,2.49,2.493,2.493,2.492,2.492,2.492,2.494,2.492,2.49,2.488,2.485,2.48,2.473,2.47,2.47,2.469,2.471,2.471,2.471,2.472,2.473,2.474,2.476,2.481,2.485,2.491,2.495,2.499,2.503,2.51,2.512,2.518,2.524,2.528,2.531,2.533,2.538,2.54,2.542,2.544,2.544,2.547,2.547,2.548,2.553,2.555,2.558,Fluphenazine_75,Fluphenazine,-5.455931955649724,OCCN1CCN(CCCN2c3ccccc3Sc3ccc(C(F)(F)F)cc32)CC1
2.418,2.418,2.42,2.421,2.427,2.431,2.436,2.437,2.439,2.439,2.439,2.438,2.438,2.439,2.439,2.44,2.435,2.432,2.429,2.423,2.418,2.416,2.413,2.412,2.408,2.406,2.404,2.405,2.407,2.407,2.408,2.409,2.408,2.408,2.407,2.406,2.403,2.399,2.397,2.391,2.385,2.379,2.369,2.364,2.358,2.35,2.342,2.329,2.322,2.311,2.298,2.294,2.289,2.282,2.273,2.263,2.258,2.257,2.256,2.263,2.278,2.321,2.399,2.544,2.737,2.995,3.186,2.997,2.696,2.425,1.951,1.408,0.953,0.767,0.655,0.693,0.71,0.967,1.527,2.375,2.964,3.326,3.659,4.103,4.665,5.354,6.0,6.602,6.975,7.136,7.089,7.088,7.089,7.107,6.864,6.31,5.638,4.977,4.331,3.831,3.43,3.164,2.642,1.739,1.063,0.689,0.568,0.595,0.63,0.787,1.13,1.691,2.276,2.525,2.763,3.083,2.969,2.695,2.467,2.313,2.222,2.177,2.155,2.141,2.141,2.142,2.149,2.159,2.168,2.18,2.184,2.189,2.192,2.191,2.19,2.187,2.187,2.188,2.19,2.193,2.202,2.213,2.217,2.218,2.221,2.221,2.219,2.219,2.219,2.221,2.223,2.226,2.227,2.229,2.234,2.239,2.244,2.25,2.255,2.26,2.266,2.268,2.274,2.275,2.282,2.289,2.3,2.306,2.309,2.316,2.32,2.322,2.327,2.333,2.336,2.339,2.341,2.344,2.344,2.347,2.351,2.355,2.354,2.356,2.362,Tiagabine_115,Tiagabine,-4.767003889607846,Cc1ccsc1C(=CCC[N@H+]1CCC[C@H](C(=O)[O-])C1)c1sccc1C
1.14,1.141,1.144,1.147,1.15,1.157,1.159,1.16,1.162,1.164,1.164,1.168,1.168,1.17,1.171,1.168,1.166,1.165,1.161,1.158,1.155,1.152,1.152,1.153,1.152,1.152,1.153,1.153,1.155,1.157,1.159,1.162,1.163,1.167,1.169,1.17,1.172,1.172,1.169,1.163,1.158,1.153,1.148,1.147,1.143,1.14,1.134,1.128,1.125,1.118,1.112,1.107,1.106,1.105,1.105,1.106,1.109,1.119,1.129,1.147,1.177,1.238,1.349,1.512,1.735,1.964,1.89,1.814,1.692,1.565,1.442,1.009,0.51,0.141,-0.014,-0.03,-0.03,0.058,0.375,0.979,1.868,2.815,3.898,4.997,5.89,6.43,6.755,7.271,7.832,7.84,7.785,7.783,7.783,7.806,7.315,7.188,6.484,6.129,5.347,4.235,3.117,2.097,1.159,0.442,0.024,-0.122,-0.131,-0.141,-0.026,0.277,0.752,1.254,1.43,1.595,1.691,1.754,1.817,1.689,1.45,1.278,1.157,1.087,1.046,1.023,1.015,1.015,1.016,1.017,1.016,1.015,1.013,1.012,1.008,1.002,0.996,0.993,0.991,0.989,0.988,0.988,0.987,0.987,0.989,0.992,0.994,0.995,0.994,0.994,0.991,0.989,0.982,0.981,0.98,0.981,0.982,0.983,0.986,0.988,0.991,0.994,1.0,1.003,1.006,1.009,1.01,1.017,1.02,1.024,1.03,1.034,1.034,1.04,1.043,1.047,1.048,1.05,1.052,1.053,1.055,1.056,1.058,1.062,1.064,1.07,1.078,Sumatriptan_97,Sumatriptan,-6.3979400086720375,CNS(=O)(=O)Cc1ccc2[nH]cc(CCN(C)C)c2c1
1.692,1.694,1.695,1.699,1.7,1.7,1.703,1.704,1.701,1.7,1.7,1.697,1.697,1.698,1.699,1.697,1.695,1.695,1.687,1.685,1.683,1.679,1.673,1.67,1.67,1.67,1.67,1.666,1.666,1.666,1.667,1.67,1.668,1.667,1.666,1.663,1.662,1.656,1.647,1.644,1.642,1.631,1.623,1.617,1.612,1.601,1.591,1.582,1.575,1.562,1.549,1.537,1.524,1.505,1.488,1.468,1.454,1.441,1.431,1.431,1.425,1.436,1.469,1.527,1.58,1.555,1.473,1.397,1.237,0.794,0.337,-0.166,-0.661,-1.093,-1.293,-1.303,-1.322,-1.322,-1.086,-0.654,-0.17,0.43,1.046,1.675,2.162,2.551,2.563,2.464,2.34,2.282,2.276,2.276,2.288,2.348,2.466,2.585,2.639,2.32,1.873,1.268,0.615,-0.009,-0.541,-0.992,-1.311,-1.363,-1.377,-1.345,-1.22,-0.859,-0.337,0.129,0.622,1.079,1.348,1.423,1.503,1.542,1.5,1.438,1.396,1.372,1.372,1.376,1.387,1.402,1.42,1.433,1.447,1.466,1.48,1.487,1.487,1.499,1.505,1.512,1.514,1.519,1.524,1.526,1.532,1.535,1.544,1.552,1.553,1.557,1.562,1.561,1.56,1.56,1.566,1.568,1.571,1.571,1.574,1.574,1.578,1.582,1.582,1.587,1.592,1.592,1.596,1.602,1.608,1.611,1.615,1.621,1.624,1.626,1.631,1.633,1.635,1.638,1.642,1.644,1.648,1.649,1.652,1.655,1.659,1.66,1.666,1.666,1.668,Loxapine_9,Loxapine,-4.739928612014925,C[NH+]1CC[N+](=C2Nc3ccccc3Oc3ccc(Cl)cc32)CC1
1.424,1.426,1.427,1.428,1.431,1.435,1.439,1.441,1.442,1.444,1.444,1.445,1.447,1.448,1.449,1.448,1.448,1.444,1.44,1.436,1.434,1.432,1.432,1.432,1.432,1.432,1.433,1.434,1.436,1.44,1.444,1.448,1.453,1.456,1.458,1.462,1.461,1.458,1.455,1.451,1.445,1.442,1.44,1.436,1.435,1.433,1.429,1.424,1.419,1.415,1.409,1.403,1.401,1.401,1.401,1.403,1.409,1.419,1.431,1.449,1.482,1.54,1.64,1.787,1.988,2.212,2.383,2.527,2.444,1.889,1.218,0.525,-0.115,-0.608,-1.046,-1.283,-1.305,-1.314,-1.292,-1.137,-0.88,-0.509,-0.045,0.48,1.001,1.471,1.848,2.08,2.215,2.173,2.145,2.143,2.151,2.197,2.124,1.899,1.556,1.11,0.587,0.045,-0.453,-0.851,-1.126,-1.342,-1.383,-1.385,-1.385,-1.224,-0.834,-0.346,0.247,0.933,1.656,2.264,2.494,2.363,2.194,1.98,1.76,1.596,1.489,1.416,1.374,1.354,1.347,1.345,1.345,1.346,1.346,1.344,1.34,1.332,1.323,1.32,1.315,1.314,1.314,1.315,1.315,1.313,1.312,1.313,1.314,1.315,1.317,1.32,1.32,1.317,1.312,1.308,1.303,1.301,1.301,1.301,1.301,1.303,1.303,1.304,1.304,1.306,1.309,1.312,1.314,1.32,1.323,1.329,1.331,1.334,1.34,1.343,1.35,1.352,1.356,1.358,1.359,1.36,1.362,1.363,1.365,1.366,1.367,1.371,1.373,1.377,1.382,Amoxapine_20,Amoxapine,-4.8297382846050425,Clc1ccc2c(c1)C(N1CCNCC1)=Nc1ccccc1O2
2.397,2.398,2.4,2.403,2.407,2.411,2.415,2.417,2.417,2.418,2.416,2.416,2.417,2.418,2.415,2.415,2.414,2.408,2.404,2.402,2.398,2.391,2.39,2.386,2.386,2.387,2.387,2.388,2.387,2.393,2.397,2.4,2.403,2.405,2.407,2.405,2.405,2.403,2.399,2.395,2.388,2.38,2.379,2.368,2.36,2.355,2.35,2.345,2.333,2.323,2.317,2.305,2.298,2.296,2.296,2.289,2.288,2.293,2.295,2.304,2.327,2.382,2.477,2.622,2.814,2.543,2.289,2.147,1.9,1.356,0.853,0.176,-0.506,-1.262,-1.867,-2.223,-2.318,-2.332,-2.322,-2.067,-1.771,-1.306,-0.681,-0.156,0.083,0.29,0.47,0.707,0.969,1.237,1.479,1.587,1.327,1.056,0.781,0.564,0.362,0.152,-0.084,-0.641,-1.162,-1.731,-2.054,-2.321,-2.404,-2.404,-2.339,-2.087,-1.544,-0.829,-0.109,0.679,1.192,1.791,1.973,2.238,2.43,2.825,2.606,2.447,2.348,2.281,2.246,2.234,2.231,2.231,2.231,2.242,2.248,2.253,2.256,2.251,2.253,2.252,2.247,2.246,2.246,2.247,2.25,2.253,2.257,2.263,2.264,2.266,2.269,2.272,2.27,2.268,2.268,2.268,2.265,2.262,2.262,2.262,2.262,2.265,2.265,2.267,2.267,2.27,2.276,2.279,2.283,2.29,2.292,2.3,2.306,2.31,2.315,2.318,2.324,2.328,2.33,2.335,2.337,2.34,2.34,2.346,2.347,2.348,2.35,2.355,2.36,2.363,2.366,Perphenazine_54,Perphenazine,-5.7447274948966935,OCCN1CC[NH+](CCCN2c3ccccc3Sc3ccc(Cl)cc32)CC1
1.404,1.406,1.407,1.409,1.414,1.417,1.417,1.417,1.418,1.417,1.417,1.418,1.42,1.421,1.421,1.421,1.42,1.417,1.414,1.41,1.404,1.402,1.402,1.401,1.398,1.397,1.397,1.398,1.398,1.398,1.4,1.402,1.404,1.407,1.407,1.407,1.407,1.404,1.398,1.391,1.386,1.382,1.372,1.372,1.369,1.365,1.36,1.35,1.342,1.335,1.323,1.316,1.304,1.295,1.285,1.275,1.269,1.268,1.268,1.269,1.278,1.289,1.336,1.423,1.549,1.682,1.843,2.029,1.812,1.415,0.869,0.283,-0.28,-0.711,-0.97,-1.06,-1.092,-1.092,-0.957,-0.639,-0.144,0.479,1.151,1.829,2.458,2.913,3.228,3.159,3.024,2.957,2.949,2.948,2.964,3.019,3.111,3.191,3.061,2.61,2.019,1.34,0.647,0.001,-0.56,-0.935,-1.131,-1.146,-1.146,-1.085,-0.877,-0.499,0.032,0.623,1.214,1.651,1.956,1.841,1.664,1.505,1.378,1.285,1.228,1.198,1.195,1.195,1.197,1.203,1.212,1.222,1.228,1.239,1.246,1.247,1.249,1.249,1.248,1.251,1.255,1.258,1.259,1.259,1.26,1.264,1.268,1.272,1.274,1.28,1.282,1.28,1.279,1.274,1.273,1.273,1.275,1.277,1.279,1.28,1.281,1.283,1.285,1.289,1.294,1.298,1.301,1.305,1.307,1.311,1.317,1.32,1.324,1.327,1.329,1.334,1.337,1.34,1.343,1.343,1.344,1.348,1.349,1.351,1.353,1.355,1.36,1.362,1.366,Midazolam_25,Midazolam,-4.434152181326482,Cc1[nH+]cc2n1-c1ccc(Cl)cc1C(c1ccccc1F)=NC2
1.295,1.296,1.296,1.299,1.302,1.304,1.304,1.307,1.311,1.311,1.311,1.313,1.314,1.314,1.315,1.314,1.312,1.311,1.309,1.306,1.304,1.302,1.302,1.303,1.303,1.303,1.303,1.303,1.305,1.308,1.312,1.313,1.317,1.319,1.32,1.322,1.325,1.322,1.32,1.316,1.313,1.31,1.309,1.308,1.307,1.304,1.298,1.296,1.291,1.288,1.284,1.28,1.279,1.278,1.278,1.281,1.285,1.292,1.3,1.311,1.331,1.363,1.432,1.531,1.673,1.864,1.884,1.628,1.292,0.927,0.562,0.154,-0.258,-0.668,-1.01,-1.171,-1.24,-1.236,-1.213,-1.11,-0.84,-0.429,-0.006,0.374,0.807,1.223,1.512,1.639,1.557,1.518,1.503,1.501,1.501,1.517,1.57,1.59,1.334,0.923,0.496,0.095,-0.299,-0.756,-1.089,-1.261,-1.292,-1.292,-1.254,-1.139,-0.862,-0.438,-0.009,0.398,0.771,1.146,1.505,1.76,1.874,1.67,1.512,1.396,1.329,1.283,1.258,1.244,1.24,1.24,1.24,1.241,1.238,1.238,1.236,1.229,1.227,1.222,1.218,1.218,1.217,1.215,1.217,1.217,1.217,1.216,1.216,1.217,1.219,1.221,1.22,1.219,1.216,1.214,1.209,1.208,1.207,1.207,1.208,1.208,1.208,1.209,1.21,1.212,1.213,1.216,1.218,1.22,1.225,1.227,1.23,1.234,1.237,1.241,1.243,1.246,1.249,1.251,1.252,1.253,1.253,1.255,1.256,1.257,1.259,1.26,1.262,1.263,1.266,Bupropion_33,Bupropion,-4.323306390375134,C[C@H](NC(C)(C)C)C(=O)c1cccc(Cl)c1
1.253,1.255,1.258,1.262,1.266,1.267,1.269,1.271,1.272,1.272,1.271,1.272,1.274,1.275,1.275,1.274,1.273,1.271,1.268,1.265,1.261,1.258,1.255,1.251,1.251,1.251,1.252,1.252,1.253,1.252,1.251,1.25,1.25,1.25,1.251,1.25,1.249,1.248,1.242,1.238,1.232,1.224,1.219,1.21,1.205,1.199,1.188,1.18,1.175,1.164,1.158,1.149,1.137,1.124,1.108,1.096,1.086,1.086,1.088,1.095,1.105,1.131,1.193,1.289,1.392,1.447,1.496,1.519,1.553,1.531,1.474,1.139,0.773,0.592,0.544,0.555,0.608,0.917,1.545,2.427,3.609,4.705,5.67,6.657,7.49,8.062,8.523,8.951,9.282,9.331,9.276,9.274,9.276,9.311,9.023,8.699,8.363,7.871,6.99,6.004,5.031,4.019,2.761,1.74,1.002,0.579,0.481,0.463,0.476,0.601,0.92,1.332,1.443,1.446,1.397,1.378,1.348,1.309,1.215,1.108,1.036,1.002,0.98,0.981,0.983,0.987,0.994,1.003,1.016,1.022,1.032,1.035,1.038,1.047,1.048,1.049,1.047,1.047,1.047,1.046,1.051,1.058,1.064,1.068,1.073,1.073,1.073,1.073,1.07,1.07,1.072,1.072,1.073,1.076,1.08,1.082,1.088,1.091,1.096,1.1,1.105,1.106,1.111,1.114,1.115,1.121,1.126,1.128,1.135,1.138,1.143,1.146,1.15,1.153,1.154,1.155,1.159,1.163,1.165,1.166,1.169,1.173,1.177,1.181,1.185,Rizatriptan_79,Rizatriptan,-6.0,C[NH+](C)CCc1c[nH]c2ccc(Cn3cncn3)cc12
1.846,1.847,1.847,1.848,1.851,1.855,1.857,1.861,1.862,1.864,1.864,1.866,1.868,1.869,1.869,1.869,1.865,1.863,1.862,1.858,1.855,1.854,1.854,1.855,1.856,1.856,1.856,1.857,1.86,1.863,1.868,1.871,1.874,1.878,1.883,1.884,1.885,1.882,1.881,1.877,1.874,1.869,1.869,1.867,1.865,1.864,1.861,1.857,1.851,1.846,1.841,1.836,1.834,1.834,1.834,1.834,1.842,1.848,1.86,1.872,1.894,1.94,2.019,2.146,2.312,2.514,2.556,2.282,1.924,1.422,0.847,0.2,-0.448,-1.078,-1.607,-1.973,-2.157,-2.202,-2.211,-2.196,-2.088,-1.875,-1.67,-1.392,-1.16,-0.935,-0.893,-0.93,-1.036,-1.09,-1.098,-1.098,-1.097,-1.073,-0.997,-0.931,-0.931,-1.13,-1.369,-1.627,-1.88,-2.081,-2.24,-2.268,-2.268,-2.234,-2.117,-1.793,-1.329,-0.705,-0.058,0.598,1.204,1.745,2.135,2.449,2.513,2.316,2.129,1.992,1.898,1.841,1.81,1.795,1.793,1.793,1.794,1.795,1.789,1.788,1.784,1.779,1.771,1.764,1.761,1.762,1.762,1.763,1.764,1.764,1.763,1.762,1.762,1.762,1.764,1.766,1.766,1.764,1.76,1.754,1.749,1.747,1.747,1.747,1.748,1.748,1.749,1.749,1.75,1.751,1.752,1.755,1.759,1.763,1.768,1.77,1.775,1.78,1.782,1.787,1.79,1.793,1.796,1.799,1.8,1.802,1.804,1.805,1.807,1.808,1.81,1.81,1.812,1.814,1.818,Chlorpromazine_50,Chlorpromazine,-5.130768280269024,CN(C)CCCN1c2ccccc2Sc2ccc(Cl)cc21
2.182,2.183,2.184,2.187,2.19,2.193,2.197,2.197,2.197,2.198,2.198,2.2,2.201,2.2,2.199,2.198,2.196,2.194,2.189,2.186,2.182,2.179,2.178,2.176,2.171,2.171,2.171,2.172,2.171,2.171,2.173,2.176,2.179,2.181,2.183,2.184,2.182,2.181,2.177,2.173,2.164,2.163,2.154,2.152,2.15,2.146,2.141,2.13,2.122,2.112,2.1,2.096,2.087,2.076,2.066,2.06,2.055,2.055,2.057,2.058,2.064,2.081,2.131,2.221,2.353,2.514,2.521,2.197,1.738,1.167,0.472,0.019,-0.745,-1.408,-1.899,-2.119,-2.199,-2.207,-2.105,-1.877,-1.528,-1.088,-0.574,0.012,0.622,1.108,1.351,1.586,1.72,1.823,1.812,1.812,1.815,1.845,1.679,1.444,1.204,0.821,0.207,-0.402,-0.949,-1.425,-1.815,-2.147,-2.222,-2.255,-2.24,-1.998,-1.617,-1.022,-0.307,0.369,0.82,1.518,2.058,2.428,2.512,2.37,2.222,2.118,2.058,2.024,2.022,2.019,2.02,2.024,2.033,2.042,2.048,2.058,2.059,2.06,2.059,2.059,2.058,2.06,2.061,2.066,2.069,2.072,2.077,2.082,2.085,2.086,2.086,2.089,2.09,2.09,2.089,2.085,2.083,2.084,2.085,2.086,2.086,2.087,2.088,2.089,2.091,2.092,2.097,2.101,2.106,2.111,2.115,2.118,2.122,2.125,2.13,2.131,2.133,2.137,2.14,2.142,2.145,2.146,2.149,2.153,2.155,2.158,2.159,2.161,2.164,2.164,2.168,Venlafaxine_129,Venlafaxine,-4.931814138253839,COc1ccc([C@H](C[NH+](C)C)C2(O)CCCCC2)cc1
2.291,2.292,2.294,2.295,2.299,2.303,2.307,2.307,2.307,2.307,2.306,2.306,2.309,2.307,2.306,2.305,2.303,2.297,2.297,2.292,2.29,2.288,2.285,2.282,2.281,2.282,2.281,2.281,2.28,2.282,2.284,2.287,2.289,2.292,2.295,2.295,2.292,2.288,2.288,2.285,2.279,2.274,2.27,2.264,2.261,2.257,2.246,2.244,2.233,2.224,2.215,2.206,2.196,2.193,2.188,2.184,2.176,2.172,2.171,2.171,2.18,2.21,2.27,2.372,2.51,2.406,2.203,1.939,1.648,1.22,0.654,-0.06,-0.826,-1.482,-1.956,-2.152,-2.202,-2.194,-2.111,-1.828,-1.426,-0.905,-0.523,-0.347,-0.222,-0.119,0.075,0.177,0.39,0.623,0.893,0.961,0.71,0.49,0.28,0.081,-0.081,-0.194,-0.313,-0.432,-0.716,-1.274,-1.738,-2.052,-2.244,-2.253,-2.231,-2.093,-1.701,-1.076,-0.339,0.417,1.02,1.48,1.814,2.108,2.331,2.491,2.355,2.246,2.176,2.143,2.126,2.123,2.123,2.123,2.126,2.138,2.145,2.147,2.156,2.161,2.159,2.156,2.156,2.156,2.157,2.158,2.16,2.166,2.172,2.175,2.176,2.176,2.18,2.179,2.179,2.179,2.178,2.178,2.175,2.174,2.174,2.175,2.175,2.177,2.178,2.18,2.18,2.184,2.185,2.19,2.194,2.2,2.204,2.21,2.215,2.217,2.221,2.225,2.229,2.234,2.236,2.24,2.243,2.246,2.247,2.249,2.251,2.254,2.258,2.26,2.26,2.262,2.265,Quetiapine_70,Quetiapine,-4.481486060122112,OCCOCCN1CC[N+](=C2Nc3ccccc3Sc3ccccc32)CC1
1.504,1.505,1.508,1.509,1.512,1.512,1.515,1.516,1.517,1.516,1.516,1.517,1.52,1.52,1.521,1.52,1.518,1.515,1.507,1.505,1.5,1.499,1.498,1.495,1.495,1.495,1.495,1.495,1.497,1.499,1.501,1.503,1.508,1.508,1.511,1.509,1.508,1.502,1.498,1.493,1.487,1.478,1.475,1.47,1.468,1.463,1.452,1.445,1.438,1.426,1.418,1.406,1.398,1.385,1.374,1.361,1.354,1.354,1.355,1.36,1.38,1.427,1.507,1.636,1.811,2.028,2.195,2.312,2.06,1.525,0.887,0.234,-0.341,-0.882,-1.313,-1.521,-1.555,-1.562,-1.562,-1.419,-1.092,-0.584,0.008,0.632,1.221,1.719,1.839,1.757,1.634,1.559,1.525,1.525,1.525,1.58,1.682,1.784,1.809,1.355,0.775,0.146,-0.462,-1.002,-1.387,-1.595,-1.609,-1.609,-1.593,-1.469,-1.112,-0.567,-0.012,0.622,1.292,1.867,2.257,2.191,2.027,1.812,1.607,1.472,1.368,1.317,1.297,1.286,1.286,1.295,1.303,1.314,1.324,1.335,1.346,1.345,1.345,1.351,1.352,1.353,1.355,1.357,1.357,1.357,1.359,1.362,1.367,1.372,1.375,1.379,1.382,1.382,1.377,1.377,1.375,1.375,1.376,1.376,1.377,1.378,1.38,1.382,1.384,1.386,1.391,1.395,1.397,1.402,1.409,1.411,1.415,1.418,1.424,1.428,1.434,1.435,1.438,1.442,1.443,1.444,1.446,1.448,1.449,1.453,1.454,1.458,1.46,1.466,1.472,Amoxapine_21,Amoxapine,-4.8297382846050425,Clc1ccc2c(c1)C(N1CC[NH2+]CC1)=Nc1ccccc1O2
1.888,1.891,1.893,1.899,1.902,1.905,1.909,1.913,1.916,1.92,1.919,1.923,1.923,1.925,1.925,1.923,1.923,1.922,1.92,1.912,1.909,1.906,1.906,1.906,1.907,1.907,1.908,1.909,1.913,1.917,1.921,1.926,1.929,1.931,1.932,1.93,1.93,1.928,1.926,1.923,1.918,1.913,1.907,1.903,1.899,1.895,1.89,1.884,1.879,1.872,1.864,1.858,1.852,1.85,1.85,1.851,1.86,1.871,1.888,1.908,1.956,2.045,2.179,2.393,2.683,2.885,2.703,2.465,2.247,2.052,1.817,1.332,0.706,0.064,-0.34,-0.451,-0.466,-0.445,-0.178,0.389,1.21,2.169,2.693,2.872,3.153,3.495,3.977,4.538,5.134,5.794,6.418,6.652,6.034,5.389,4.71,4.112,3.554,3.133,2.839,2.659,2.359,1.385,0.535,-0.133,-0.503,-0.601,-0.601,-0.54,-0.234,0.328,0.979,1.581,1.844,2.062,2.279,2.49,2.705,2.624,2.306,2.089,1.927,1.825,1.772,1.742,1.733,1.732,1.734,1.735,1.736,1.728,1.724,1.72,1.713,1.707,1.701,1.698,1.695,1.693,1.691,1.69,1.69,1.691,1.692,1.696,1.696,1.694,1.693,1.692,1.692,1.686,1.68,1.678,1.677,1.678,1.678,1.682,1.685,1.688,1.693,1.695,1.698,1.704,1.708,1.714,1.722,1.725,1.73,1.737,1.743,1.749,1.753,1.757,1.763,1.764,1.768,1.773,1.774,1.777,1.777,1.782,1.785,1.787,1.793,1.8,1.809,Ziprasidone_134,Ziprasidone,-4.931814138253839,O=C1Cc2cc(CCN3CCN(c4nsc5ccccc45)CC3)c(Cl)cc2N1
1.635,1.637,1.637,1.638,1.641,1.644,1.648,1.65,1.653,1.653,1.653,1.655,1.657,1.658,1.66,1.659,1.657,1.655,1.65,1.647,1.643,1.642,1.642,1.642,1.642,1.644,1.644,1.645,1.647,1.651,1.656,1.66,1.666,1.669,1.674,1.677,1.676,1.672,1.669,1.667,1.661,1.657,1.656,1.655,1.651,1.65,1.646,1.641,1.635,1.631,1.624,1.618,1.615,1.615,1.615,1.618,1.625,1.636,1.648,1.67,1.7,1.764,1.868,2.031,2.25,2.472,2.664,2.625,2.335,1.801,1.066,0.365,-0.283,-0.911,-1.421,-1.715,-1.779,-1.782,-1.782,-1.68,-1.389,-0.986,-0.617,-0.254,0.083,0.33,0.277,0.214,0.089,-0.002,-0.029,-0.029,-0.025,0.024,0.146,0.2,0.278,0.101,-0.205,-0.564,-0.969,-1.328,-1.683,-1.839,-1.869,-1.869,-1.832,-1.621,-1.175,-0.568,0.092,0.771,1.526,2.152,2.489,2.645,2.454,2.253,2.002,1.822,1.706,1.634,1.589,1.57,1.563,1.562,1.562,1.562,1.559,1.556,1.551,1.542,1.534,1.529,1.527,1.526,1.525,1.526,1.525,1.525,1.524,1.524,1.525,1.526,1.528,1.531,1.531,1.527,1.521,1.517,1.512,1.51,1.51,1.51,1.51,1.511,1.512,1.513,1.512,1.515,1.516,1.519,1.522,1.528,1.533,1.537,1.54,1.544,1.549,1.553,1.56,1.562,1.566,1.569,1.57,1.572,1.574,1.575,1.576,1.576,1.579,1.583,1.585,1.589,1.595,Loxapine_7,Loxapine,-4.739928612014925,CN1CCN(C2=Nc3ccccc3Oc3ccc(Cl)cc32)CC1
0.719,0.719,0.719,0.722,0.724,0.726,0.725,0.725,0.726,0.725,0.724,0.724,0.724,0.724,0.724,0.723,0.722,0.721,0.719,0.714,0.713,0.712,0.71,0.71,0.705,0.705,0.705,0.705,0.703,0.703,0.704,0.705,0.705,0.703,0.703,0.7,0.699,0.699,0.695,0.688,0.686,0.684,0.676,0.674,0.671,0.669,0.665,0.656,0.651,0.647,0.638,0.633,0.627,0.618,0.608,0.594,0.584,0.584,0.569,0.567,0.567,0.567,0.582,0.598,0.635,0.691,0.771,0.659,0.476,0.246,-0.008,-0.267,-0.516,-0.703,-0.836,-0.883,-0.883,-0.882,-0.831,-0.67,-0.395,-0.005,0.482,1.033,1.606,2.119,2.603,2.951,3.198,3.208,3.205,3.205,3.206,3.218,3.103,2.79,2.337,1.8,1.23,0.649,0.129,-0.297,-0.604,-0.808,-0.894,-0.895,-0.895,-0.881,-0.777,-0.61,-0.372,-0.106,0.154,0.395,0.594,0.738,0.693,0.621,0.579,0.561,0.544,0.542,0.542,0.542,0.557,0.558,0.57,0.581,0.588,0.597,0.601,0.606,0.615,0.617,0.621,0.624,0.627,0.632,0.635,0.635,0.638,0.64,0.641,0.643,0.644,0.647,0.651,0.652,0.652,0.653,0.653,0.653,0.656,0.658,0.658,0.66,0.661,0.662,0.664,0.666,0.668,0.67,0.674,0.675,0.677,0.679,0.683,0.685,0.687,0.688,0.688,0.689,0.691,0.692,0.695,0.695,0.696,0.697,0.699,0.7,0.701,0.701,0.703,0.705,0.706,Phenelzine_57,Phenelzine,-4.262012673666569,N[NH2+]CCc1ccccc1
2.143,2.144,2.145,2.146,2.15,2.152,2.156,2.161,2.163,2.165,2.165,2.167,2.169,2.17,2.168,2.167,2.166,2.162,2.158,2.157,2.152,2.151,2.151,2.149,2.149,2.149,2.149,2.149,2.151,2.152,2.157,2.163,2.167,2.171,2.173,2.176,2.178,2.175,2.173,2.17,2.165,2.163,2.161,2.161,2.16,2.158,2.154,2.149,2.146,2.14,2.133,2.129,2.126,2.125,2.125,2.129,2.134,2.144,2.154,2.169,2.199,2.257,2.355,2.502,2.706,2.909,2.973,2.834,2.188,1.552,0.801,0.208,-0.444,-1.202,-1.841,-2.237,-2.408,-2.451,-2.451,-2.394,-2.167,-1.783,-1.308,-0.943,-0.538,-0.118,0.227,0.393,0.495,0.501,0.474,0.482,0.481,0.517,0.449,0.324,-0.004,-0.428,-0.854,-1.227,-1.659,-2.091,-2.38,-2.484,-2.484,-2.484,-2.364,-2.038,-1.485,-0.75,-0.055,0.563,1.252,1.957,2.602,2.952,2.878,2.729,2.503,2.337,2.235,2.167,2.126,2.109,2.103,2.103,2.104,2.104,2.099,2.095,2.087,2.082,2.078,2.068,2.066,2.067,2.069,2.068,2.068,2.071,2.071,2.069,2.069,2.071,2.071,2.072,2.073,2.071,2.065,2.061,2.056,2.052,2.052,2.051,2.051,2.053,2.052,2.053,2.054,2.054,2.055,2.061,2.066,2.07,2.073,2.076,2.079,2.085,2.088,2.092,2.094,2.097,2.099,2.1,2.102,2.106,2.107,2.109,2.111,2.115,2.115,2.117,2.118,2.119,2.124,Venlafaxine_128,Venlafaxine,-4.931814138253839,COc1ccc([C@@H](CN(C)C)C2(O)CCCCC2)cc1
2.596,2.598,2.601,2.604,2.611,2.613,2.615,2.621,2.624,2.626,2.626,2.627,2.631,2.631,2.63,2.629,2.628,2.627,2.625,2.62,2.617,2.614,2.614,2.614,2.615,2.616,2.617,2.618,2.622,2.626,2.633,2.638,2.64,2.643,2.645,2.644,2.644,2.644,2.645,2.64,2.637,2.632,2.628,2.625,2.622,2.617,2.609,2.606,2.603,2.595,2.589,2.582,2.577,2.576,2.576,2.58,2.588,2.6,2.614,2.634,2.674,2.749,2.875,3.062,2.986,2.811,2.499,2.138,1.752,1.378,1.042,0.622,-0.052,-0.933,-1.577,-2.005,-2.183,-2.184,-2.184,-2.073,-1.847,-1.525,-1.227,-0.901,-0.562,-0.158,0.224,0.562,0.876,0.95,0.917,0.917,0.921,0.961,0.687,0.318,-0.072,-0.48,-0.852,-1.161,-1.515,-1.809,-2.089,-2.265,-2.285,-2.285,-2.195,-1.852,-1.269,-0.448,0.375,0.842,1.163,1.528,1.918,2.297,2.645,2.851,2.966,2.809,2.665,2.579,2.526,2.503,2.496,2.496,2.497,2.492,2.491,2.485,2.481,2.479,2.471,2.462,2.458,2.456,2.453,2.453,2.452,2.454,2.454,2.454,2.453,2.454,2.457,2.454,2.453,2.451,2.449,2.441,2.435,2.433,2.433,2.433,2.434,2.435,2.438,2.44,2.441,2.443,2.448,2.451,2.457,2.462,2.468,2.472,2.477,2.481,2.488,2.496,2.499,2.502,2.508,2.513,2.515,2.52,2.523,2.524,2.526,2.529,2.531,2.531,2.535,2.539,2.544,Donepezil_61,Donepezil,-4.471083299722345,COc1cc2c(cc1OC)C(=O)[C@@H](CC1CCN(Cc3ccccc3)CC1)C2
1.674,1.676,1.677,1.678,1.682,1.685,1.686,1.687,1.687,1.687,1.687,1.688,1.69,1.691,1.692,1.69,1.689,1.687,1.68,1.676,1.672,1.67,1.669,1.667,1.665,1.665,1.665,1.667,1.667,1.672,1.675,1.676,1.681,1.682,1.683,1.681,1.68,1.676,1.671,1.666,1.66,1.652,1.647,1.643,1.638,1.635,1.625,1.617,1.61,1.599,1.592,1.581,1.569,1.56,1.554,1.549,1.548,1.548,1.556,1.566,1.588,1.629,1.704,1.82,1.994,2.169,2.267,2.284,2.104,1.575,0.899,0.222,-0.469,-1.085,-1.426,-1.582,-1.631,-1.631,-1.555,-1.327,-0.954,-0.439,0.121,0.696,1.216,1.62,1.594,1.551,1.414,1.336,1.32,1.317,1.319,1.379,1.502,1.563,1.642,1.315,0.814,0.255,-0.352,-0.847,-1.286,-1.555,-1.699,-1.699,-1.67,-1.577,-1.296,-0.755,-0.059,0.613,1.354,1.928,2.187,2.237,2.142,1.998,1.788,1.663,1.58,1.521,1.497,1.485,1.486,1.486,1.49,1.493,1.498,1.505,1.517,1.518,1.52,1.52,1.52,1.52,1.522,1.525,1.524,1.524,1.527,1.528,1.534,1.54,1.544,1.546,1.549,1.548,1.546,1.545,1.542,1.542,1.542,1.543,1.545,1.545,1.546,1.548,1.55,1.552,1.557,1.558,1.562,1.569,1.574,1.577,1.582,1.587,1.592,1.596,1.601,1.602,1.606,1.609,1.61,1.612,1.615,1.617,1.619,1.621,1.622,1.626,1.631,1.635,1.639,Loxapine_8,Loxapine,-4.739928612014925,C[NH+]1CCN(C2=Nc3ccccc3Oc3ccc(Cl)cc32)CC1
1.084,1.083,1.084,1.084,1.089,1.092,1.095,1.097,1.099,1.099,1.099,1.101,1.103,1.102,1.101,1.1,1.099,1.096,1.094,1.091,1.089,1.088,1.087,1.084,1.083,1.084,1.083,1.082,1.082,1.083,1.085,1.089,1.092,1.094,1.096,1.1,1.099,1.098,1.096,1.093,1.088,1.086,1.086,1.086,1.086,1.084,1.081,1.077,1.074,1.069,1.066,1.062,1.061,1.061,1.061,1.061,1.065,1.072,1.08,1.09,1.109,1.146,1.214,1.315,1.454,1.627,1.789,1.762,1.487,1.097,0.647,0.163,-0.301,-0.709,-0.993,-1.149,-1.176,-1.176,-1.143,-0.965,-0.622,-0.125,0.461,1.113,1.775,2.383,2.866,3.271,3.505,3.659,3.693,3.693,3.695,3.568,3.411,3.095,2.598,1.989,1.327,0.661,0.041,-0.495,-0.899,-1.137,-1.207,-1.207,-1.199,-1.087,-0.841,-0.464,-0.007,0.467,0.935,1.341,1.661,1.807,1.661,1.469,1.308,1.204,1.13,1.086,1.061,1.05,1.045,1.044,1.044,1.045,1.046,1.045,1.042,1.037,1.031,1.025,1.023,1.023,1.024,1.024,1.025,1.026,1.024,1.024,1.025,1.025,1.028,1.029,1.031,1.03,1.027,1.022,1.019,1.017,1.017,1.016,1.016,1.017,1.017,1.017,1.018,1.019,1.022,1.026,1.028,1.028,1.03,1.031,1.034,1.039,1.042,1.043,1.043,1.043,1.046,1.048,1.05,1.05,1.051,1.053,1.055,1.057,1.058,1.058,1.059,1.06,1.062,Gabapentin_80,Gabapentin,-6.3979400086720375,NCC1(CC(=O)O)CCCCC1
2.312,2.313,2.313,2.315,2.317,2.323,2.326,2.329,2.33,2.331,2.333,2.334,2.335,2.336,2.336,2.334,2.332,2.331,2.329,2.327,2.324,2.324,2.323,2.323,2.324,2.325,2.326,2.327,2.329,2.333,2.337,2.34,2.343,2.346,2.351,2.352,2.354,2.353,2.35,2.348,2.343,2.341,2.341,2.339,2.337,2.336,2.333,2.329,2.325,2.319,2.312,2.31,2.309,2.309,2.309,2.31,2.313,2.321,2.329,2.341,2.361,2.397,2.461,2.562,2.708,2.873,2.81,2.569,2.233,1.715,1.045,0.198,-0.643,-1.352,-1.922,-2.361,-2.626,-2.763,-2.795,-2.802,-2.791,-2.731,-2.636,-2.556,-2.467,-2.403,-2.346,-2.355,-2.425,-2.46,-2.469,-2.468,-2.467,-2.447,-2.399,-2.361,-2.42,-2.472,-2.557,-2.644,-2.73,-2.815,-2.83,-2.83,-2.818,-2.729,-2.511,-2.126,-1.592,-0.921,-0.108,0.773,1.49,2.081,2.464,2.732,2.877,2.709,2.556,2.442,2.364,2.318,2.292,2.281,2.279,2.279,2.28,2.281,2.277,2.274,2.271,2.266,2.256,2.251,2.249,2.247,2.247,2.251,2.253,2.254,2.253,2.251,2.25,2.25,2.251,2.252,2.252,2.251,2.247,2.241,2.236,2.234,2.233,2.233,2.233,2.234,2.233,2.234,2.234,2.236,2.237,2.24,2.244,2.248,2.252,2.257,2.26,2.265,2.269,2.27,2.273,2.277,2.28,2.284,2.285,2.287,2.288,2.29,2.291,2.293,2.295,2.295,2.295,2.296,2.298,Amitriptyline_16,Amitriptyline,-5.008773924307505,CN(C)CCC=C1c2ccccc2CCc2ccccc21
